isic_id,umap_x,umap_y
ISIC_0000002,-3.730446,4.7126775
ISIC_0000004,0.5320458,7.554691
ISIC_0000013,-5.409736,6.2439103
ISIC_0000022,-5.723299,7.570941
ISIC_0000026,-5.645632,4.4780197
ISIC_0000029,-5.376207,7.174667
ISIC_0000030,-0.95724684,8.451359
ISIC_0000031,-5.0673857,6.165544
ISIC_0000035,-2.7325997,5.6937118
ISIC_0000036,-0.20409295,9.393704
ISIC_0000040,-6.0501056,6.722461
ISIC_0000046,-5.2816334,4.311504
ISIC_0000054,-5.8643026,5.7784567
ISIC_0000056,-5.130515,3.7459514
ISIC_0000070,-4.4664283,7.990379
ISIC_0000076,-2.102936,8.155639
ISIC_0000077,-3.880265,4.3556876
ISIC_0000078,-5.829402,5.002756
ISIC_0000139,-4.442739,6.473454
ISIC_0000140,-2.0260623,8.80547
ISIC_0000141,-6.033673,6.382749
ISIC_0000142,-2.4694955,6.3397956
ISIC_0000143,-5.315212,5.5069532
ISIC_0000144,0.65798444,7.4263997
ISIC_0000145,-5.943988,8.342141
ISIC_0000146,-2.0009828,7.1887918
ISIC_0000147,-1.0721775,6.2790337
ISIC_0000148,-4.2021313,6.61569
ISIC_0000149,-6.6219344,6.2829595
ISIC_0000150,-5.520799,6.3225718
ISIC_0000151,-6.9531937,7.841986
ISIC_0000152,-6.2304177,7.8451595
ISIC_0000153,-3.148041,4.7016616
ISIC_0000154,-1.6464831,10.180227
ISIC_0000156,-6.153638,7.671552
ISIC_0000157,-4.3954263,7.69413
ISIC_0000158,-5.2654586,4.9884
ISIC_0000159,-5.8458886,7.701477
ISIC_0000163,-5.0243187,5.4984055
ISIC_0000165,-5.2206664,5.154405
ISIC_0000168,-4.14477,4.1789804
ISIC_0000169,-5.631564,6.062834
ISIC_0000170,-4.7037606,6.307897
ISIC_0000172,-6.3520055,6.070212
ISIC_0000175,-5.3171268,5.120712
ISIC_0000176,-6.8466153,6.893637
ISIC_0000276,-0.123237886,7.949919
ISIC_0000277,-1.1115775,9.751162
ISIC_0000278,-3.6519198,4.69318
ISIC_0000281,-0.6875338,10.189484
ISIC_0000282,-0.34419933,8.375328
ISIC_0000283,-0.2711174,9.846637
ISIC_0000287,-2.5407681,10.335953
ISIC_0000290,-0.26174656,6.3031034
ISIC_0000291,-3.8141232,5.331808
ISIC_0000292,-2.0895827,5.50473
ISIC_0000294,-3.6609538,3.8111975
ISIC_0000296,-0.45865282,9.016111
ISIC_0000305,0.34717804,9.625149
ISIC_0000390,-5.416678,7.624406
ISIC_0000393,-4.1249914,5.306255
ISIC_0000394,-3.5364459,3.0103548
ISIC_0000395,-5.1816096,5.412885
ISIC_0000398,-5.2378736,4.3880887
ISIC_0000399,-3.754882,3.3180625
ISIC_0000400,-3.1095743,3.5930326
ISIC_0000401,-2.437886,3.9268763
ISIC_0000402,-3.7045,6.50195
ISIC_0000404,-3.7581432,6.10985
ISIC_0000405,-5.7984085,6.2999454
ISIC_0000406,-3.6986916,3.402313
ISIC_0000410,-5.716855,4.5059614
ISIC_0000411,-0.5763176,5.3035493
ISIC_0000412,-4.008336,3.379362
ISIC_0000413,-3.8696878,3.1905048
ISIC_0000414,-2.7799852,4.6622405
ISIC_0000415,-3.9265378,3.307885
ISIC_0000417,-2.697487,3.7933457
ISIC_0000420,-5.417099,7.6535645
ISIC_0000428,-4.066336,3.59455
ISIC_0000429,0.6612893,7.539599
ISIC_0000432,-4.2412376,3.2043836
ISIC_0000434,-6.434799,5.7680373
ISIC_0000438,0.5803104,9.765368
ISIC_0000440,-2.804239,4.7811637
ISIC_0000441,-5.355134,4.8269854
ISIC_0000444,-3.2082324,3.421188
ISIC_0000445,-6.9408007,6.6143646
ISIC_0000446,-3.4953961,5.959204
ISIC_0000450,-4.4161296,3.6014676
ISIC_0000459,7.937571,3.6260335
ISIC_0000462,-3.992413,4.179648
ISIC_0000463,7.1058025,2.7286747
ISIC_0000466,-5.015709,4.544902
ISIC_0000469,-1.3130254,5.8163533
ISIC_0000482,-4.8523116,5.4549766
ISIC_0000484,-4.6505733,4.26042
ISIC_0000487,5.587197,0.6159591
ISIC_0000502,-4.4314613,2.9775279
ISIC_0000511,-3.9794204,4.5281286
ISIC_0000513,-3.8943422,6.487812
ISIC_0000516,-7.0147023,6.7111187
ISIC_0000517,-4.3411803,3.7158573
ISIC_0000518,-4.232975,6.384934
ISIC_0000519,-4.4131966,3.3107984
ISIC_0000520,-3.3574047,6.1148434
ISIC_0000521,-5.6252117,5.6293707
ISIC_0000522,-5.0779057,4.4810767
ISIC_0000531,5.343708,1.3295931
ISIC_0000533,-5.5657806,6.080417
ISIC_0000547,-4.4871364,2.9430122
ISIC_0000548,-6.1465225,6.9225435
ISIC_0000549,-3.176816,4.464817
ISIC_0000551,-3.6879644,3.879019
ISIC_0000552,-4.475605,5.430656
ISIC_0000553,-4.2616153,2.9781346
ISIC_0000554,-4.923035,4.0267963
ISIC_0000555,-3.380946,7.8819814
ISIC_0001100,-5.445237,5.9517226
ISIC_0001101,-4.5349417,3.4158275
ISIC_0001102,-4.9218473,6.2090135
ISIC_0001103,-5.194845,6.7491684
ISIC_0001104,-3.7478936,5.1261926
ISIC_0001105,-4.5630608,8.063812
ISIC_0001106,-5.260116,4.5879145
ISIC_0001107,-1.9088169,4.0325904
ISIC_0001108,-2.743325,4.488577
ISIC_0001109,-5.797045,6.09741
ISIC_0001110,-3.7030234,7.4389076
ISIC_0001111,5.5259886,1.5395104
ISIC_0001113,4.5404115,1.1657017
ISIC_0001114,-1.8067652,4.948576
ISIC_0001116,-4.524842,3.1637568
ISIC_0001117,5.5549874,2.5051994
ISIC_0001118,-4.5123525,3.7144694
ISIC_0001119,-4.316299,8.075067
ISIC_0001120,-4.9067464,8.44982
ISIC_0001121,-6.1320095,5.16842
ISIC_0001122,5.8617544,1.8684307
ISIC_0001123,-4.1816425,6.49348
ISIC_0001124,-3.691863,3.3804617
ISIC_0001125,-0.19647011,6.877915
ISIC_0001126,-5.0950603,8.5814705
ISIC_0001127,-4.4826555,3.5657406
ISIC_0001128,-4.7757754,7.3936872
ISIC_0001130,5.5521336,1.0072677
ISIC_0001131,-1.8046031,9.615933
ISIC_0001132,-1.5622472,7.549162
ISIC_0001133,0.074988894,9.103866
ISIC_0001134,-6.609056,5.232059
ISIC_0001135,-5.1587806,5.20527
ISIC_0001136,-5.8372564,7.7460256
ISIC_0001137,-3.5696833,6.7126794
ISIC_0001138,-1.6059506,4.1917133
ISIC_0001139,-4.8373103,7.7689657
ISIC_0001140,-5.591023,5.938849
ISIC_0001141,-4.253006,4.809337
ISIC_0001142,-0.75043947,9.910205
ISIC_0001143,-4.055299,3.6592503
ISIC_0001144,-2.5351148,5.058288
ISIC_0001145,-5.652828,6.5569596
ISIC_0001146,-5.158235,5.5918665
ISIC_0001147,-4.7143188,4.456839
ISIC_0001148,-4.5929317,3.7814896
ISIC_0001149,-7.000095,7.2193093
ISIC_0001150,-5.4360213,5.0667815
ISIC_0001151,-5.2329936,4.4810743
ISIC_0001152,-4.678723,8.735933
ISIC_0001153,-3.2275252,7.851041
ISIC_0001154,-4.8141084,5.081742
ISIC_0001155,-4.7611885,7.8247204
ISIC_0001156,5.06251,1.3396754
ISIC_0001157,-5.68489,5.2935514
ISIC_0001158,5.769636,1.3544899
ISIC_0001159,-0.85222554,5.769208
ISIC_0009868,-5.251352,4.537322
ISIC_0009869,-4.964232,8.409108
ISIC_0009870,-3.803125,7.853944
ISIC_0009871,-5.636688,4.8484745
ISIC_0009872,-6.8882976,6.2404885
ISIC_0009873,-5.2286897,6.4688544
ISIC_0009874,-4.711981,5.1757507
ISIC_0009875,-5.7091513,6.365045
ISIC_0009877,-6.0279803,6.7845287
ISIC_0009878,-5.212643,7.2909255
ISIC_0009879,-6.121159,8.032615
ISIC_0009880,-4.7106986,3.758445
ISIC_0009881,-5.5740533,5.0314245
ISIC_0009882,-5.4120197,5.0542827
ISIC_0009884,-5.8602986,4.888954
ISIC_0009890,-3.8722296,3.0748923
ISIC_0009891,-5.9955683,5.558641
ISIC_0009895,-5.359947,5.2473946
ISIC_0009896,-5.964894,5.7052746
ISIC_0009898,-5.198814,5.3759117
ISIC_0009900,-4.168389,5.309737
ISIC_0009905,-6.8504725,7.656535
ISIC_0009906,-5.9479074,6.1865916
ISIC_0009912,-5.176066,5.187845
ISIC_0009913,-3.2831554,6.47128
ISIC_0009914,-5.5755115,4.6920986
ISIC_0009915,-3.6887317,7.5764527
ISIC_0009916,-1.6270912,3.7607121
ISIC_0009918,-1.3544369,6.5364547
ISIC_0009919,-6.5505543,6.5575633
ISIC_0009920,-3.6092484,7.0812197
ISIC_0009921,-3.9235075,6.124114
ISIC_0009924,-2.4568517,3.0989738
ISIC_0009926,-5.714265,4.822125
ISIC_0009927,-6.5419955,5.5904093
ISIC_0009928,-2.2028937,6.2162247
ISIC_0009934,-3.2947104,4.1418023
ISIC_0009935,-3.822768,7.257264
ISIC_0009936,-5.1894436,9.193731
ISIC_0009937,-4.6792474,7.364096
ISIC_0009938,-5.1019063,3.9962473
ISIC_0009940,-3.9937103,4.378602
ISIC_0009941,-6.581403,6.077922
ISIC_0009943,-7.0255966,6.0411043
ISIC_0009945,-4.516597,9.264918
ISIC_0009949,-5.6772785,5.7973094
ISIC_0009950,-5.2726545,8.48606
ISIC_0009951,-5.8716335,6.188354
ISIC_0009955,-6.5290637,7.6867127
ISIC_0009957,-4.346349,6.106875
ISIC_0009958,-4.930935,4.785596
ISIC_0009960,-5.884509,6.8970737
ISIC_0009961,-2.0813112,5.5806656
ISIC_0009963,-5.498398,5.3701897
ISIC_0009964,-5.689392,6.8355637
ISIC_0009965,-4.036264,6.1423936
ISIC_0009966,-5.637198,5.408311
ISIC_0009967,-6.077445,8.033388
ISIC_0009968,-4.111099,3.8966007
ISIC_0009969,-4.6541805,4.4422245
ISIC_0009970,-4.8041673,4.0834365
ISIC_0009971,-5.840923,4.887119
ISIC_0009973,-5.7816443,5.956838
ISIC_0009975,-4.865851,5.9736567
ISIC_0009976,-5.8421297,5.741305
ISIC_0009981,-4.437017,8.138566
ISIC_0009982,-6.0076346,4.7976885
ISIC_0009983,-4.3683004,4.381884
ISIC_0009986,-6.0059433,6.063306
ISIC_0009987,-5.6824317,5.723047
ISIC_0009988,-3.658297,7.525981
ISIC_0009990,-3.777701,4.662555
ISIC_0009993,-4.9137664,4.2132983
ISIC_0009997,-1.4850205,4.0472903
ISIC_0009998,-5.4933357,5.5405293
ISIC_0009999,-0.3975931,5.9573426
ISIC_0010000,-6.516615,6.548507
ISIC_0010002,-4.407962,4.772264
ISIC_0010007,-2.01589,3.710355
ISIC_0010008,-4.5356617,6.753047
ISIC_0010011,-5.0941725,7.2443066
ISIC_0010012,-4.57473,7.609253
ISIC_0010013,-4.8485584,8.457756
ISIC_0010014,-3.9749835,6.863116
ISIC_0010016,-6.8171434,5.6943283
ISIC_0010018,-5.283042,5.360539
ISIC_0010019,-4.9247828,4.7722607
ISIC_0010020,-5.6705604,6.132674
ISIC_0010021,-5.20654,4.3145576
ISIC_0010023,-5.2433324,5.5930786
ISIC_0010024,-5.492071,5.8786106
ISIC_0010026,-3.5166602,8.1453905
ISIC_0010028,-5.0321217,4.8384466
ISIC_0010029,-6.135912,4.716956
ISIC_0010030,-3.8428195,3.264446
ISIC_0010031,-3.9372377,6.4763017
ISIC_0010032,-6.852645,6.013303
ISIC_0010034,-6.2384157,6.0697694
ISIC_0010036,-5.212925,4.274337
ISIC_0010037,-4.523705,5.74028
ISIC_0010038,-5.496416,6.1032724
ISIC_0010039,-5.4463835,4.979749
ISIC_0010040,-5.254692,5.692584
ISIC_0010042,-4.627485,7.437545
ISIC_0010043,-6.3905544,5.6052337
ISIC_0010044,-5.893557,7.717341
ISIC_0010045,-3.2765021,7.151784
ISIC_0010046,-6.019298,7.573467
ISIC_0010049,-3.6343043,3.303249
ISIC_0010050,-3.2871983,4.0732594
ISIC_0010053,-6.608075,5.898875
ISIC_0010054,-3.2947567,6.992372
ISIC_0010055,-6.1613336,4.904492
ISIC_0010056,-3.569225,4.185761
ISIC_0010057,-5.3088765,3.9804087
ISIC_0010058,-5.739396,5.72387
ISIC_0010059,-6.4675317,5.8712144
ISIC_0010060,-6.0762014,7.940971
ISIC_0010061,-4.6523595,5.0788064
ISIC_0010064,-4.676692,8.539022
ISIC_0010066,-5.33422,5.5763006
ISIC_0010067,-0.58683574,4.738214
ISIC_0010070,-5.7133403,7.4028277
ISIC_0010072,-4.1133866,3.2203977
ISIC_0010073,-3.7821822,7.962164
ISIC_0010074,-6.364735,6.1354213
ISIC_0010075,-6.734606,5.8837724
ISIC_0010077,-6.8714476,5.9542456
ISIC_0010079,-4.876046,4.5731664
ISIC_0010080,-5.273612,5.3623624
ISIC_0010081,-0.5759238,4.653077
ISIC_0010082,-3.823598,8.085377
ISIC_0010087,-6.4354777,6.0772533
ISIC_0010088,-5.8885565,6.5771236
ISIC_0010089,-6.198868,6.2684474
ISIC_0010092,-5.6766214,5.2838182
ISIC_0010094,-6.5217423,7.695923
ISIC_0010098,-4.836621,4.0139356
ISIC_0010099,-2.7000515,3.8766835
ISIC_0010100,-4.8260126,5.6560574
ISIC_0010101,-0.715123,6.9390445
ISIC_0010102,-0.65166396,4.6233463
ISIC_0010104,-2.94026,5.5986586
ISIC_0010105,-4.1750827,7.4891434
ISIC_0010106,-4.611424,4.4924645
ISIC_0010107,-6.966251,7.1041946
ISIC_0010110,-4.8326983,7.711974
ISIC_0010115,-5.9660254,5.3464723
ISIC_0010116,-4.931386,7.5384636
ISIC_0010117,-4.3406916,5.2674613
ISIC_0010118,-5.304508,9.28692
ISIC_0010119,-6.9170628,6.171279
ISIC_0010120,-1.9644139,5.611317
ISIC_0010121,-5.85107,7.1031747
ISIC_0010124,-6.5940123,6.111386
ISIC_0010127,-4.1349325,5.7099085
ISIC_0010130,-3.97893,7.7316427
ISIC_0010131,-4.3496013,8.379633
ISIC_0010136,-4.9597707,3.9455314
ISIC_0010137,-4.272185,8.215952
ISIC_0010138,-4.8923674,8.299973
ISIC_0010140,-4.7082686,5.016943
ISIC_0010142,-6.575245,6.449128
ISIC_0010144,-5.291401,4.0500617
ISIC_0010145,-4.7708664,4.5466995
ISIC_0010146,-5.364788,5.7828174
ISIC_0010147,-6.032665,5.1580443
ISIC_0010148,-4.695111,3.5754216
ISIC_0010159,-5.8932586,4.8303847
ISIC_0010160,-4.8356347,4.889992
ISIC_0010161,-5.5675387,4.751867
ISIC_0010162,-2.5342152,4.4745865
ISIC_0010164,-2.6556547,4.060576
ISIC_0010165,-4.1045017,4.0133595
ISIC_0010167,-4.599818,4.636001
ISIC_0010168,-5.274145,5.306117
ISIC_0010171,-3.7345757,7.7003274
ISIC_0010174,-3.879882,8.337952
ISIC_0010178,-6.033397,4.712347
ISIC_0010179,-2.0310037,6.898375
ISIC_0010182,-7.092765,6.4668436
ISIC_0010183,-5.7080874,4.8683753
ISIC_0010184,-6.667328,5.8544908
ISIC_0010185,-6.3518567,5.495655
ISIC_0010186,-5.1841288,4.974674
ISIC_0010189,-3.0734427,4.4721456
ISIC_0010191,-6.4136505,5.9644485
ISIC_0010194,-4.5639095,3.1997736
ISIC_0010196,-6.924125,6.6398444
ISIC_0010197,-3.3310099,8.118877
ISIC_0010198,-4.4904575,6.326159
ISIC_0010200,-5.540102,5.377565
ISIC_0010204,-3.898844,4.082527
ISIC_0010205,-5.339573,6.4451156
ISIC_0010206,-5.2172685,5.4235973
ISIC_0010207,-2.8536453,4.4278545
ISIC_0010208,-1.7222443,4.1302047
ISIC_0010210,-3.7752533,7.7887588
ISIC_0010212,-4.965146,5.0956936
ISIC_0010219,-4.301745,7.5703974
ISIC_0010220,-5.0493197,8.883059
ISIC_0010221,-3.1089063,3.127897
ISIC_0010225,-5.5795765,4.6580224
ISIC_0010226,-6.3049736,5.6246643
ISIC_0010231,-4.6705036,3.4294732
ISIC_0010234,-5.7895637,5.95872
ISIC_0010235,-3.6684172,4.0498037
ISIC_0010236,-6.4552817,5.462641
ISIC_0010237,-6.6528063,5.7661867
ISIC_0010239,-3.8377228,3.9815602
ISIC_0010240,-4.585976,4.065372
ISIC_0010241,-5.2104363,4.138024
ISIC_0010243,-2.6569655,3.8920922
ISIC_0010244,-5.7111197,5.3066955
ISIC_0010245,-2.145826,4.6008844
ISIC_0010246,-3.607655,6.3277645
ISIC_0010247,-5.7091117,4.720064
ISIC_0010248,-5.9741225,6.1307435
ISIC_0010250,-4.3380933,2.8805773
ISIC_0010251,-5.710734,4.5087833
ISIC_0010252,-3.5830307,4.1621127
ISIC_0010257,-5.678228,6.3719573
ISIC_0010258,-6.9558945,6.398119
ISIC_0010261,-4.7243767,4.4206805
ISIC_0010262,-5.5184517,4.8051395
ISIC_0010263,-5.6323853,5.9983263
ISIC_0010264,-3.0615585,5.678382
ISIC_0010265,-5.220559,3.805441
ISIC_0010268,-6.86353,6.682629
ISIC_0010269,-5.5276394,4.832358
ISIC_0010270,-5.9883747,4.507799
ISIC_0010271,-4.2107015,2.8085086
ISIC_0010273,-1.5701818,5.9339676
ISIC_0010280,-5.8004327,4.3109746
ISIC_0010283,-6.0087953,7.0605087
ISIC_0010287,-5.585343,4.7931285
ISIC_0010288,-3.2315314,8.158858
ISIC_0010294,-5.9383736,5.7160444
ISIC_0010295,-5.6452208,6.625585
ISIC_0010296,-5.0881324,4.9817166
ISIC_0010297,-2.4794436,7.643163
ISIC_0010298,-0.4058332,5.6122484
ISIC_0010299,-3.9278324,6.6358805
ISIC_0010300,-5.1952457,4.220886
ISIC_0010303,-4.3735437,3.2472672
ISIC_0010311,-3.949384,3.8600883
ISIC_0010313,-6.145058,6.010567
ISIC_0010318,-4.8080897,3.3702054
ISIC_0010319,-5.455202,9.079413
ISIC_0010321,-5.102791,4.0737524
ISIC_0010322,-0.35960776,5.878658
ISIC_0010324,-0.4215542,4.5828032
ISIC_0010327,-5.7580886,5.7856383
ISIC_0010328,-4.051322,2.9460924
ISIC_0010330,-4.8075776,4.8172193
ISIC_0010332,-5.1772947,6.9107585
ISIC_0010336,-5.055157,5.4467235
ISIC_0010340,-4.578089,4.842902
ISIC_0010342,-4.7851186,4.864727
ISIC_0010343,-2.6930041,4.0522237
ISIC_0010344,-5.1078057,4.364978
ISIC_0010345,-0.4936853,4.810712
ISIC_0010346,-5.101255,3.9802613
ISIC_0010347,-6.1901126,6.0407896
ISIC_0010348,-6.4552345,6.5070257
ISIC_0010350,-5.3374853,4.4745226
ISIC_0010351,-4.5391107,8.219352
ISIC_0010352,-4.422945,6.150453
ISIC_0010357,-4.6529903,9.216805
ISIC_0010358,-4.402654,6.316299
ISIC_0010360,-5.1656723,7.7990804
ISIC_0010362,-4.4282804,7.442297
ISIC_0010364,-5.178175,7.7471886
ISIC_0010365,-5.537606,4.850597
ISIC_0010366,-4.3319893,3.6690235
ISIC_0010367,-4.677533,5.153213
ISIC_0010368,-5.744465,5.1900187
ISIC_0010369,-3.4134467,4.290286
ISIC_0010371,-5.3430996,4.6125064
ISIC_0010372,-6.0287538,5.9902587
ISIC_0010373,-5.5918236,4.728186
ISIC_0010375,-2.3382728,3.607035
ISIC_0010380,-4.0088882,8.175878
ISIC_0010382,-5.3863244,4.738308
ISIC_0010383,-5.8761945,4.9443808
ISIC_0010386,-4.9057283,4.3144455
ISIC_0010389,-2.4684596,4.8754244
ISIC_0010392,-4.031408,5.1116858
ISIC_0010393,-5.5703263,5.4412866
ISIC_0010394,-4.057115,4.08555
ISIC_0010396,-2.8554091,3.7193744
ISIC_0010397,-5.7023,4.1515083
ISIC_0010398,-2.9671931,3.9915774
ISIC_0010400,-2.3702428,4.2518444
ISIC_0010401,-3.380426,4.961137
ISIC_0010402,-4.9518423,3.7667253
ISIC_0010403,-5.28525,4.176358
ISIC_0010405,-4.8924747,7.3959665
ISIC_0010407,-3.140504,3.978718
ISIC_0010409,-4.7671595,4.9159718
ISIC_0010410,-4.8830495,5.970306
ISIC_0010412,-3.6777306,4.63002
ISIC_0010413,-2.70802,4.1591988
ISIC_0010415,-4.094946,2.9535568
ISIC_0010417,-4.440881,3.9832025
ISIC_0010418,-3.9940476,5.5201087
ISIC_0010419,-4.7107706,8.059869
ISIC_0010420,-6.4328527,6.668367
ISIC_0010421,-5.68428,5.3905735
ISIC_0010424,-5.2309937,9.238936
ISIC_0010425,-4.0147147,7.7490244
ISIC_0010426,-4.7055845,4.025279
ISIC_0010427,-4.482238,5.1529665
ISIC_0010428,-1.196186,4.3978705
ISIC_0010430,-4.8542175,5.006988
ISIC_0010431,-4.142519,7.7421017
ISIC_0010432,-5.6918406,6.139326
ISIC_0010433,-5.635917,5.4926524
ISIC_0010434,-5.6702747,6.7153625
ISIC_0010435,-5.6090226,8.388517
ISIC_0010439,-5.4285035,9.272744
ISIC_0010440,-5.122265,6.102733
ISIC_0010441,-4.2111435,8.940104
ISIC_0010442,-4.754892,5.3347836
ISIC_0010443,-6.7018,6.5524
ISIC_0010446,-5.8816805,4.805683
ISIC_0010447,-3.0523427,7.8554425
ISIC_0010448,-1.1106027,6.202996
ISIC_0010449,-3.8183198,8.476779
ISIC_0010456,-6.818275,8.443871
ISIC_0010461,-5.624849,5.744956
ISIC_0010462,-4.8090034,4.0214715
ISIC_0010463,-5.258943,7.385914
ISIC_0010465,-6.587742,5.828432
ISIC_0010466,-4.1272907,6.6038027
ISIC_0010467,-5.043507,3.3374074
ISIC_0010468,-4.51573,3.6511936
ISIC_0010469,-4.304729,3.6483054
ISIC_0010470,-4.382598,6.7050242
ISIC_0010473,-4.753381,4.992207
ISIC_0010475,-6.3430634,7.152994
ISIC_0010476,-5.8396487,4.594451
ISIC_0010477,-4.5738425,3.706101
ISIC_0010480,-4.4721174,4.232592
ISIC_0010482,-4.6558356,4.3379517
ISIC_0010483,-5.500325,5.1323247
ISIC_0010484,-5.169668,4.3227105
ISIC_0010486,-4.2212367,2.9008563
ISIC_0010487,-5.983791,5.182349
ISIC_0010488,-5.355029,5.2568974
ISIC_0010489,-4.14732,3.228821
ISIC_0010490,-5.246653,4.584981
ISIC_0010495,-4.325157,4.2025766
ISIC_0010497,-4.7098155,4.1373086
ISIC_0010498,-5.659898,7.3996353
ISIC_0010500,-5.1916823,7.7533226
ISIC_0010501,-5.568258,4.761342
ISIC_0010504,-1.833618,5.061494
ISIC_0010505,-5.1268573,3.874682
ISIC_0010506,-6.297033,5.191128
ISIC_0010507,-3.8909988,8.334447
ISIC_0010508,-4.9577117,8.405154
ISIC_0010509,-4.9766564,8.21483
ISIC_0010510,-6.444057,5.5894823
ISIC_0010512,-3.610161,3.8819647
ISIC_0010513,-4.4523797,5.8363814
ISIC_0010514,-5.933747,5.6798844
ISIC_0010515,-7.0524564,6.4321985
ISIC_0010518,-5.589453,5.4329343
ISIC_0010519,-6.7547793,6.9949684
ISIC_0010520,-5.2253222,3.977881
ISIC_0010524,-3.9918053,6.4554844
ISIC_0010527,-4.5666556,4.849736
ISIC_0010528,-2.6647081,4.5053363
ISIC_0010532,-4.1321793,3.1040845
ISIC_0010535,-4.3388453,4.021202
ISIC_0010542,-2.2046232,4.036597
ISIC_0010543,-5.585415,5.3205285
ISIC_0010544,-1.3802258,7.4023266
ISIC_0010547,-4.646511,5.0094776
ISIC_0010549,-4.8617215,4.3442526
ISIC_0010550,-3.1982195,3.8596704
ISIC_0010551,-2.8478625,3.8452423
ISIC_0010555,-3.492456,3.1630704
ISIC_0010556,-4.5480766,4.5355916
ISIC_0010557,-6.2434864,7.5282807
ISIC_0010558,-5.235972,5.445407
ISIC_0010559,-0.16141522,6.5227256
ISIC_0010562,-1.9979875,4.5740166
ISIC_0010563,-5.3170657,4.4705386
ISIC_0010564,-3.5913532,4.048826
ISIC_0010565,-3.618986,6.592048
ISIC_0010567,-5.9727044,5.964169
ISIC_0010568,-5.6066966,5.699905
ISIC_0010569,-3.1287272,3.6889048
ISIC_0010573,-6.532054,5.946843
ISIC_0010574,-6.014326,9.007581
ISIC_0010575,-4.8353457,8.539676
ISIC_0010576,-5.6535735,5.5315194
ISIC_0010577,-4.857235,5.726087
ISIC_0010579,-2.7759612,3.909117
ISIC_0010581,-5.3862667,6.857351
ISIC_0010582,-5.0329456,4.0313053
ISIC_0010583,-4.0195665,3.2032442
ISIC_0010586,-6.4046865,5.269088
ISIC_0010587,-5.6263785,7.045925
ISIC_0010589,-5.132849,4.1362586
ISIC_0010590,-5.742482,4.175477
ISIC_0010591,-3.8510141,3.6866808
ISIC_0010592,-5.031689,4.1170735
ISIC_0010593,-4.860611,3.946873
ISIC_0010596,-4.670298,6.1744146
ISIC_0010597,-5.553493,6.4136605
ISIC_0010598,-5.4745183,6.740168
ISIC_0010601,-5.351808,6.007521
ISIC_0010603,-4.5721407,5.1724787
ISIC_0010604,-3.7352173,4.47442
ISIC_0010605,-2.9643595,7.4106216
ISIC_0010606,-6.794638,6.736558
ISIC_0010607,-3.2116294,7.586466
ISIC_0010608,-4.3364863,6.26207
ISIC_0010609,-6.0238132,5.2984405
ISIC_0010611,-4.525924,4.234993
ISIC_0010612,-4.7746754,3.5091672
ISIC_0010613,-3.5330167,3.6766307
ISIC_0010617,-5.419505,5.1071453
ISIC_0010618,-5.838522,5.637051
ISIC_0010619,-7.3744454,7.616205
ISIC_0010623,-4.7408295,6.586148
ISIC_0010624,-4.6879086,6.4439783
ISIC_0010627,-6.624845,6.4658494
ISIC_0010631,-4.6432123,4.739284
ISIC_0010633,-6.2653327,6.311642
ISIC_0010634,-6.425917,6.9353313
ISIC_0010637,-5.1225657,4.271498
ISIC_0010638,-5.045556,7.376951
ISIC_0010639,-5.03062,4.4461412
ISIC_0010640,-2.4561214,4.7401423
ISIC_0010641,-5.671437,4.6834617
ISIC_0010644,-5.855873,4.859418
ISIC_0010645,-4.489249,7.218251
ISIC_0010646,-6.739892,5.7526836
ISIC_0010648,-5.807452,5.716821
ISIC_0010651,-5.229289,8.754923
ISIC_0010653,-6.5538135,6.876991
ISIC_0010654,-5.264827,6.6878123
ISIC_0010655,-1.6260506,4.7158227
ISIC_0010656,-5.3014345,4.602883
ISIC_0010658,-5.485469,6.4272265
ISIC_0010659,-7.0689816,7.1659513
ISIC_0010660,-5.503433,4.796734
ISIC_0010661,-6.5355654,6.3278337
ISIC_0010665,-6.535105,5.4899864
ISIC_0010666,-5.5821505,4.3805428
ISIC_0010667,-5.182572,8.00203
ISIC_0010668,-4.816701,7.282579
ISIC_0010669,-5.1702666,7.478878
ISIC_0010671,-6.059107,6.294891
ISIC_0010673,-4.39899,8.509003
ISIC_0010674,-6.214051,7.9580894
ISIC_0010675,-4.795198,4.0756583
ISIC_0010676,-6.6976285,7.019766
ISIC_0010677,-4.639995,4.567684
ISIC_0010678,-5.3057327,6.1856513
ISIC_0010679,-2.8261678,6.0640354
ISIC_0010681,-4.836079,4.1916
ISIC_0010682,-6.167369,8.171534
ISIC_0010683,-6.296567,5.7898536
ISIC_0010684,-5.374095,7.1675406
ISIC_0010687,-6.895104,6.867018
ISIC_0010688,-4.2438283,5.666689
ISIC_0010692,-4.408865,5.756462
ISIC_0010693,-4.363182,4.327096
ISIC_0010695,-5.2422585,8.56252
ISIC_0010697,-5.762981,5.780025
ISIC_0010700,-6.23624,5.767631
ISIC_0010701,-3.7272706,6.7998543
ISIC_0010702,-5.2120137,7.1120877
ISIC_0010703,-5.071209,6.666682
ISIC_0010704,-4.9285636,4.4939423
ISIC_0010705,-4.7696033,5.4576855
ISIC_0010706,-3.7414696,3.763667
ISIC_0010707,-6.565322,5.9372067
ISIC_0010708,-5.5144024,5.8846574
ISIC_0010709,-5.062024,5.227598
ISIC_0010714,-2.7848043,4.8916216
ISIC_0010715,-5.217382,4.470372
ISIC_0010716,1.5671439,3.886501
ISIC_0010721,-3.9086285,6.962473
ISIC_0010722,-4.3115115,8.171851
ISIC_0010723,-4.523762,3.0963786
ISIC_0010724,-3.8130994,3.8956988
ISIC_0010725,-4.563424,4.679922
ISIC_0010726,-4.8359637,7.9927425
ISIC_0010728,-3.7106867,2.8396125
ISIC_0010729,-5.7530622,5.362708
ISIC_0010733,-3.6396136,7.3479266
ISIC_0010734,-5.534051,5.829783
ISIC_0010739,-2.9881525,3.3223882
ISIC_0010740,-5.2529955,4.789255
ISIC_0010741,-4.6335697,5.265067
ISIC_0010742,-4.0090704,6.79974
ISIC_0010743,-6.2976613,5.2973366
ISIC_0010747,-3.8069167,7.517517
ISIC_0010748,-5.993705,6.856836
ISIC_0010749,-5.1392097,4.0340266
ISIC_0010750,-3.9191086,3.250882
ISIC_0010755,-6.682577,6.3295135
ISIC_0010756,-5.7702184,7.5548787
ISIC_0010757,-6.5616913,5.7301865
ISIC_0010759,-4.252885,5.9598494
ISIC_0010760,-6.346598,5.5715327
ISIC_0010762,-4.9058323,5.5491443
ISIC_0010764,-3.1024294,3.8974414
ISIC_0010765,-3.8022273,3.0470748
ISIC_0010766,-6.612938,7.1146355
ISIC_0010770,-4.7855425,3.2066076
ISIC_0010772,-4.663177,8.115514
ISIC_0010773,-4.7056246,3.5922713
ISIC_0010776,-6.415685,6.4309154
ISIC_0010777,-6.072465,8.926525
ISIC_0010779,-5.9357123,5.6237025
ISIC_0010780,-6.1107635,6.4132934
ISIC_0010781,-4.7128253,4.7718377
ISIC_0010782,-4.654964,3.3978088
ISIC_0010784,-4.0960507,5.8909645
ISIC_0010785,-5.603924,4.843901
ISIC_0010786,-4.978807,4.455768
ISIC_0010789,-3.7075377,6.672335
ISIC_0010790,-1.3883832,4.3934875
ISIC_0010791,-2.7548401,6.90409
ISIC_0010792,-2.2159789,3.982932
ISIC_0010795,-3.7246525,6.79307
ISIC_0010798,-5.95723,5.3510823
ISIC_0010802,-5.931033,5.1645803
ISIC_0010803,-6.3207116,7.037598
ISIC_0010804,-6.199799,4.9575443
ISIC_0010808,-3.8381793,6.6328897
ISIC_0010809,-4.9739375,5.0516973
ISIC_0010810,-3.9428873,6.491638
ISIC_0010811,-4.9529257,4.7227335
ISIC_0010814,-5.462984,5.2031226
ISIC_0010815,-5.2570095,6.5378275
ISIC_0010818,-5.381374,5.550486
ISIC_0010819,-5.859133,5.2380047
ISIC_0010820,-6.165695,6.373756
ISIC_0010821,-5.7546496,5.8221188
ISIC_0010822,-4.9057274,4.677597
ISIC_0010823,-5.2811284,4.563434
ISIC_0010825,-5.3200903,4.3919625
ISIC_0010828,-4.9538364,4.373408
ISIC_0010830,-3.74656,6.8709817
ISIC_0010831,-6.755544,7.031435
ISIC_0010834,-5.456789,8.310371
ISIC_0010846,-2.5000052,7.8381653
ISIC_0010852,-6.172307,4.7130694
ISIC_0010853,-3.0785205,7.2252927
ISIC_0010854,-4.892205,3.7159004
ISIC_0010856,-6.876282,6.120051
ISIC_0010857,-5.3907204,4.099305
ISIC_0010858,-0.4806695,6.8235993
ISIC_0010860,-5.5946894,8.566722
ISIC_0010862,-2.284985,6.3728743
ISIC_0010863,-4.24185,4.060663
ISIC_0010865,-4.8699093,4.594456
ISIC_0010866,-5.015046,4.4388585
ISIC_0010868,-5.0213904,4.470499
ISIC_0010869,-5.5097513,4.061096
ISIC_0010870,-4.2281675,8.932239
ISIC_0010872,-3.27958,3.817235
ISIC_0010875,-4.384487,7.8271627
ISIC_0010876,-4.94801,4.0465536
ISIC_0010877,-2.0403912,9.38307
ISIC_0010878,-3.974054,2.777194
ISIC_0010883,-4.3366003,5.5172696
ISIC_0010887,-3.8029447,7.7422194
ISIC_0010888,-4.381205,8.120058
ISIC_0010889,-4.645569,5.063294
ISIC_0010890,-0.42440066,5.198023
ISIC_0010891,-4.7395196,3.418926
ISIC_0010892,-6.740626,6.595654
ISIC_0010894,-6.693003,6.823012
ISIC_0010897,-3.9033406,7.6486516
ISIC_0010898,-4.25032,8.749929
ISIC_0010900,-3.7216089,8.067407
ISIC_0010902,-5.3466206,5.0804806
ISIC_0010903,-5.7443953,4.956581
ISIC_0010907,-4.9519324,9.095953
ISIC_0010911,-6.101131,7.0935144
ISIC_0010912,-4.609238,3.155906
ISIC_0010916,-7.025133,7.0609503
ISIC_0010917,-4.2623525,3.0943587
ISIC_0010918,-5.291246,9.169219
ISIC_0010919,-7.0166497,7.2845144
ISIC_0010920,-6.4485517,6.630284
ISIC_0010923,-5.574244,5.3959246
ISIC_0010924,-2.7332735,6.9224434
ISIC_0010926,-5.341127,5.1415057
ISIC_0010927,-4.9425335,3.6961143
ISIC_0010929,-1.4113848,7.22294
ISIC_0010930,-2.0906568,5.205416
ISIC_0010931,-5.3463755,4.7978144
ISIC_0010933,-5.498346,4.7499523
ISIC_0010937,-4.966438,5.1391673
ISIC_0010938,-4.578286,4.0546846
ISIC_0010942,0.05927466,6.375676
ISIC_0010943,-5.4568443,4.699789
ISIC_0010944,-4.9982758,5.86065
ISIC_0010946,-5.0928364,4.1586742
ISIC_0010947,-4.2456827,7.856844
ISIC_0010950,-6.047416,5.8489046
ISIC_0010951,-3.8807247,6.5541677
ISIC_0010952,-5.066229,5.0886893
ISIC_0010954,-6.5422373,7.3078237
ISIC_0010955,-5.8525677,7.962969
ISIC_0010956,-3.6679094,4.7665954
ISIC_0010957,-6.5190005,6.9858637
ISIC_0010958,-4.530877,4.936869
ISIC_0010959,-5.446362,7.7106543
ISIC_0010960,-5.237252,8.263956
ISIC_0010963,-6.1126657,4.9591365
ISIC_0010964,-4.2501707,6.4374075
ISIC_0010965,-4.832948,4.3354583
ISIC_0010968,-4.7327995,3.9709895
ISIC_0010970,-5.39652,7.4587674
ISIC_0010971,-4.643457,2.9903069
ISIC_0010973,-4.2415614,7.4478607
ISIC_0010974,-2.9052591,5.6441317
ISIC_0010976,-3.7768383,3.8110168
ISIC_0010977,-4.9665313,4.1133003
ISIC_0010978,-6.5804973,5.7114716
ISIC_0010979,-2.7594106,3.822998
ISIC_0010981,-4.3621745,5.153937
ISIC_0010982,-1.9084628,4.47071
ISIC_0010983,-3.7384934,7.0970583
ISIC_0010984,-3.8647738,6.756236
ISIC_0010989,-4.6512947,3.767896
ISIC_0010991,-2.7219076,4.825137
ISIC_0010992,-4.339267,6.147425
ISIC_0010993,-2.9907486,3.6455715
ISIC_0010994,-5.7002554,5.671511
ISIC_0010995,-5.6155677,7.436628
ISIC_0010996,-4.7792263,4.726081
ISIC_0010997,-3.8135016,3.7465703
ISIC_0010998,-6.5296545,5.4161344
ISIC_0011000,-4.8950267,4.7149754
ISIC_0011001,-6.7388024,6.108211
ISIC_0011002,-6.376216,5.976785
ISIC_0011003,-5.2016897,4.596152
ISIC_0011004,-5.8009768,4.228706
ISIC_0011005,-6.207516,4.659379
ISIC_0011006,-4.648809,4.9764233
ISIC_0011007,-4.169952,4.480993
ISIC_0011012,-5.6074257,7.9772897
ISIC_0011014,-6.447504,5.3406835
ISIC_0011015,-5.304148,4.1998434
ISIC_0011016,-4.182433,3.1343393
ISIC_0011017,-2.7518535,5.4442825
ISIC_0011020,-5.7453895,4.8620872
ISIC_0011021,-5.163614,4.670808
ISIC_0011022,-6.0653434,6.132479
ISIC_0011023,-5.284841,9.071383
ISIC_0011025,-5.6370053,8.891889
ISIC_0011027,-4.64898,5.5374985
ISIC_0011030,-3.9227045,6.314561
ISIC_0011031,-3.6694865,6.500069
ISIC_0011038,-5.734941,4.328794
ISIC_0011039,-2.811196,3.2425354
ISIC_0011040,-5.4587812,4.6513486
ISIC_0011042,-2.0381234,3.6377306
ISIC_0011043,-1.7302889,4.1089807
ISIC_0011045,-4.7617474,3.381435
ISIC_0011047,-5.6365714,5.223746
ISIC_0011048,-6.8828974,6.848664
ISIC_0011049,-5.9626346,6.188178
ISIC_0011050,-6.241553,5.4239736
ISIC_0011052,-2.5379891,4.0072713
ISIC_0011055,-5.4258876,4.763928
ISIC_0011057,-6.032056,6.5513687
ISIC_0011058,-6.3537498,7.899624
ISIC_0011060,-6.150028,7.5659485
ISIC_0011062,-4.3977003,3.9438422
ISIC_0011073,-3.6045182,6.1729255
ISIC_0011076,-5.749856,6.876582
ISIC_0011077,-2.9749253,3.797142
ISIC_0011078,-2.5224483,4.302241
ISIC_0011079,-4.701271,4.668546
ISIC_0011082,-6.9274373,7.7934775
ISIC_0011084,-3.9725993,7.0728717
ISIC_0011087,-2.703387,6.485507
ISIC_0011089,-5.085103,5.4500823
ISIC_0011090,-5.1843195,7.1084948
ISIC_0011096,-3.7338102,7.0919647
ISIC_0011097,-6.3122525,6.606592
ISIC_0011099,-5.6477623,8.268831
ISIC_0011101,-5.488784,9.217177
ISIC_0011102,-3.7510426,4.102161
ISIC_0011105,-4.841592,4.4939795
ISIC_0011109,-1.0780065,5.7792883
ISIC_0011110,-6.004988,5.3915644
ISIC_0011113,-3.9429352,6.5290813
ISIC_0011114,-3.9713657,8.59598
ISIC_0011115,-4.905623,5.3448515
ISIC_0011116,-4.914332,3.8373623
ISIC_0011117,-1.4421715,4.245437
ISIC_0011118,-6.8511357,5.7907467
ISIC_0011122,-4.3634915,5.559782
ISIC_0011124,-4.7828074,5.235517
ISIC_0011127,-4.2719226,5.5787835
ISIC_0011128,-1.5838343,4.1039987
ISIC_0011129,-4.5996385,6.009367
ISIC_0011130,-4.771089,4.402065
ISIC_0011131,-4.56323,4.4124765
ISIC_0011132,-3.8603237,6.2197623
ISIC_0011133,-6.3107452,5.144212
ISIC_0011135,-5.922152,8.554323
ISIC_0011136,-4.671551,7.912406
ISIC_0011137,-5.1892715,4.5313644
ISIC_0011138,-3.3544402,3.5568173
ISIC_0011139,-4.620009,3.9243433
ISIC_0011140,-6.077449,7.6197195
ISIC_0011141,-5.571055,5.010893
ISIC_0011143,-7.1407614,8.04678
ISIC_0011148,-4.5662923,4.932805
ISIC_0011151,-5.4689937,4.643661
ISIC_0011153,-4.4083643,3.7500713
ISIC_0011154,-3.05829,3.984265
ISIC_0011156,-4.549438,5.37759
ISIC_0011157,-5.89705,5.1652308
ISIC_0011158,-4.4449058,4.3159165
ISIC_0011161,-6.047664,5.7069974
ISIC_0011162,-6.438828,5.5650234
ISIC_0011163,-6.812182,6.7059493
ISIC_0011164,-5.1583304,3.4876401
ISIC_0011165,-5.5946455,5.5609746
ISIC_0011166,-2.5879588,4.145034
ISIC_0011169,-4.755605,9.295914
ISIC_0011170,-4.1585965,7.562214
ISIC_0011171,-5.916436,6.1966662
ISIC_0011172,-4.5247407,3.5577474
ISIC_0011173,-5.052275,4.2542353
ISIC_0011176,-5.7558165,5.3318
ISIC_0011178,-1.5926207,4.2210035
ISIC_0011179,-5.388696,9.181678
ISIC_0011181,-2.482873,3.89666
ISIC_0011182,-6.097104,5.8815713
ISIC_0011183,-5.7451625,7.907129
ISIC_0011184,-3.306308,3.262786
ISIC_0011187,-4.5315304,3.758445
ISIC_0011190,-4.5638003,6.9098153
ISIC_0011191,-4.8565493,4.992536
ISIC_0011192,-3.250983,3.3016026
ISIC_0011193,-5.5576606,4.733569
ISIC_0011195,-6.26153,6.579816
ISIC_0011196,-5.332977,4.5435324
ISIC_0011197,-6.0505986,8.074879
ISIC_0011198,-3.2244709,5.6974826
ISIC_0011201,-6.7168617,6.861256
ISIC_0011204,-5.1115956,8.172734
ISIC_0011205,-5.1471853,5.6560445
ISIC_0011207,-0.7368788,10.130031
ISIC_0011208,-5.422906,5.463628
ISIC_0011209,-3.2949407,7.304927
ISIC_0011211,-4.617497,5.1726513
ISIC_0011212,-4.373577,4.731529
ISIC_0011213,-5.83562,9.162593
ISIC_0011215,-5.4407783,6.0282645
ISIC_0011216,-3.4323888,3.1538246
ISIC_0011217,-3.5522518,7.050997
ISIC_0011220,-5.006478,4.7509203
ISIC_0011221,-3.2136855,5.8775997
ISIC_0011222,-3.1624508,3.0917933
ISIC_0011223,-5.0595202,4.550055
ISIC_0011224,-5.195191,7.0858464
ISIC_0011225,-6.7238426,6.071057
ISIC_0011227,-5.8250895,5.1519856
ISIC_0011230,-5.784404,5.137441
ISIC_0011232,-4.525709,5.02104
ISIC_0011233,-5.4109845,6.8847823
ISIC_0011234,-5.531574,4.725108
ISIC_0011235,-5.7297325,5.3897057
ISIC_0011236,-5.080421,3.7896774
ISIC_0011237,-4.1375275,6.5604634
ISIC_0011238,-3.4417212,7.6069207
ISIC_0011239,-4.359844,5.708521
ISIC_0011240,-7.092636,6.414808
ISIC_0011241,-5.267946,4.9241853
ISIC_0011243,-4.3612275,4.6377544
ISIC_0011245,-3.5628498,4.084964
ISIC_0011247,-3.8843188,4.280815
ISIC_0011248,-4.3130198,4.0151277
ISIC_0011249,-6.1650815,6.2912893
ISIC_0011250,-5.4374337,4.0747867
ISIC_0011251,-4.2847133,8.696186
ISIC_0011254,-4.0028825,6.946598
ISIC_0011255,-4.703103,5.271726
ISIC_0011256,-5.892945,8.400587
ISIC_0011258,-5.503939,4.716868
ISIC_0011259,-0.7189952,9.622602
ISIC_0011261,-7.2346373,7.395755
ISIC_0011262,-5.1194887,3.954561
ISIC_0011263,-5.4757442,3.992921
ISIC_0011264,-0.45985907,4.651241
ISIC_0011265,-5.8261223,6.0297785
ISIC_0011267,-5.3059855,3.854712
ISIC_0011268,-4.7843466,6.6235914
ISIC_0011269,-5.0368476,6.321675
ISIC_0011272,-3.7365444,2.8094053
ISIC_0011273,-3.5032403,2.9019823
ISIC_0011275,-5.196463,4.167025
ISIC_0011282,-5.9116087,5.240912
ISIC_0011284,-5.2132792,4.9610405
ISIC_0011287,-4.2334065,7.1098847
ISIC_0011290,-5.9935756,4.780958
ISIC_0011291,-3.3826993,3.209386
ISIC_0011293,-5.057921,5.4552517
ISIC_0011294,-5.925253,8.884046
ISIC_0011296,-2.5599978,5.259114
ISIC_0011299,-3.3755236,3.6426702
ISIC_0011301,-4.500856,5.3052917
ISIC_0011305,-5.29515,6.699915
ISIC_0011306,-5.3158236,4.258172
ISIC_0011310,-5.2167163,5.0219736
ISIC_0011314,-4.683266,8.122191
ISIC_0011315,-4.6468782,4.593529
ISIC_0011317,-5.5310187,6.1466007
ISIC_0011320,-7.0950155,6.9553347
ISIC_0011321,-6.458214,7.7157288
ISIC_0011322,-5.651351,4.699477
ISIC_0011323,-6.683417,5.9581575
ISIC_0011324,-5.6568856,5.643885
ISIC_0011330,-5.8985677,6.521573
ISIC_0011335,-4.6133404,4.5798235
ISIC_0011336,-4.998861,3.8401132
ISIC_0011337,-4.8465514,3.8474972
ISIC_0011338,-3.7686293,7.265853
ISIC_0011341,-4.781308,4.7261295
ISIC_0011342,-5.5607424,8.203186
ISIC_0011343,-6.301212,8.016553
ISIC_0011345,-6.518342,7.660091
ISIC_0011346,-4.9977493,4.793353
ISIC_0011348,-4.15084,4.354733
ISIC_0011350,-3.5298738,4.466858
ISIC_0011352,-5.167697,5.4196095
ISIC_0011356,-2.4237063,4.59854
ISIC_0011362,-6.9570336,7.730535
ISIC_0011363,-4.4341,8.998928
ISIC_0011366,-5.5132885,4.8608675
ISIC_0011367,-6.7570806,6.0769987
ISIC_0011370,-3.7834275,6.2318773
ISIC_0011373,-5.947152,5.5128417
ISIC_0011374,-3.455352,4.1172423
ISIC_0011375,-2.990903,3.6099732
ISIC_0011376,-2.8316371,4.003653
ISIC_0011378,-5.0312243,4.5477643
ISIC_0011379,-4.2640166,8.314114
ISIC_0011381,-2.3283448,4.272495
ISIC_0011382,-5.199601,4.9796767
ISIC_0011383,-5.8066397,6.085654
ISIC_0011387,-5.3282585,4.2936893
ISIC_0011388,-2.336358,6.7021713
ISIC_0011389,-5.4900317,4.2795706
ISIC_0011390,-5.3081965,3.7543867
ISIC_0011391,0.6764207,7.4114676
ISIC_0011394,-4.7639446,4.539027
ISIC_0011395,-6.701261,6.2294116
ISIC_0011397,-4.081673,6.398155
ISIC_0011399,-3.5193148,6.0342264
ISIC_0011400,-5.6810737,7.1655836
ISIC_0011403,-3.9662106,6.088977
ISIC_0011404,-3.7516108,6.685858
ISIC_0011405,-4.001548,6.2327576
ISIC_0011406,-3.8899846,8.40577
ISIC_0011408,-4.7309637,6.047245
ISIC_0011410,-3.6046815,4.898418
ISIC_0011412,-4.0627594,4.7163954
ISIC_0011414,-4.6112776,7.7920475
ISIC_0011416,-3.8357031,7.380126
ISIC_0011420,-3.761565,6.254418
ISIC_0011428,-4.0921926,5.7718854
ISIC_0011429,-3.3463764,4.657598
ISIC_0011430,-3.413564,4.657605
ISIC_0011431,-3.5690932,8.795567
ISIC_0011432,-4.2332706,5.3258357
ISIC_0011433,-3.2638397,5.109321
ISIC_0011434,-3.610837,4.7117476
ISIC_0011435,-3.60106,4.6039057
ISIC_0011437,-4.356234,4.684775
ISIC_0011438,-4.295641,5.3646207
ISIC_0011439,-3.69978,5.32604
ISIC_0011440,-6.0542264,7.4952545
ISIC_0011450,-3.692306,6.8459167
ISIC_0011451,-3.8067746,6.6206713
ISIC_0011454,-4.4392147,5.3626413
ISIC_0011456,-3.8392823,4.7241197
ISIC_0011458,-3.9259267,5.6184306
ISIC_0011460,-4.1345363,4.750789
ISIC_0011463,-3.43388,4.737742
ISIC_0011464,-3.0424197,5.721431
ISIC_0011467,-3.6535802,4.999572
ISIC_0011468,-0.3199333,6.1038227
ISIC_0011471,-2.6595826,7.0163445
ISIC_0011474,-3.9372363,5.6611404
ISIC_0011477,-3.303365,4.4752903
ISIC_0011478,-4.251887,5.6234055
ISIC_0011479,-4.8530145,6.3926487
ISIC_0011480,-3.9290946,4.630642
ISIC_0011481,-4.892477,8.081806
ISIC_0011482,-4.104526,5.8558383
ISIC_0011483,-3.898833,4.6464095
ISIC_0011484,-3.915769,4.3884797
ISIC_0011485,-4.1967235,5.8458905
ISIC_0011486,-4.4058075,5.6706505
ISIC_0011487,-4.210068,5.700323
ISIC_0011488,-4.328236,4.6926966
ISIC_0011489,-4.1264477,6.1590023
ISIC_0011490,-3.9810646,4.4910607
ISIC_0011491,-3.7582545,4.700748
ISIC_0011492,-4.3128934,5.0355716
ISIC_0011493,-4.1270275,4.9234614
ISIC_0011494,-4.3609047,6.135513
ISIC_0011501,-4.038554,6.0229225
ISIC_0011503,-3.6679657,4.329969
ISIC_0011504,-4.0177217,4.801193
ISIC_0011505,-3.675787,4.4203167
ISIC_0011506,-3.9236176,4.4221754
ISIC_0011507,-3.95883,4.874337
ISIC_0011508,-3.97038,4.753675
ISIC_0011511,-3.275557,4.793428
ISIC_0011514,-3.7198415,4.6320558
ISIC_0011515,-3.9942262,5.546273
ISIC_0011516,-3.9615135,5.516537
ISIC_0011517,-3.953975,5.8807096
ISIC_0011518,-4.3360076,7.253263
ISIC_0011519,-3.8285952,5.3974557
ISIC_0011520,-3.4894803,4.969794
ISIC_0011525,-3.5380187,4.750747
ISIC_0011526,-4.0170164,5.771395
ISIC_0011527,-3.4097757,4.891433
ISIC_0011528,-3.1224,4.8756714
ISIC_0011529,-3.3343694,4.916066
ISIC_0011530,-3.3035417,4.9041233
ISIC_0011531,-3.1473403,4.9903355
ISIC_0011533,-3.4859102,4.696881
ISIC_0011534,-3.8937116,4.5139074
ISIC_0011535,-3.8627703,4.870571
ISIC_0011536,-3.8229802,4.8125668
ISIC_0011537,-3.51015,4.388344
ISIC_0011538,-3.566995,5.0183764
ISIC_0011544,-4.1012444,6.574782
ISIC_0011545,-4.05621,6.2765613
ISIC_0011546,-4.211832,5.579859
ISIC_0011547,-2.4811792,5.672378
ISIC_0011552,-0.31602818,4.6503825
ISIC_0011554,-3.83573,6.1168675
ISIC_0011555,-3.9115453,6.014337
ISIC_0011559,-3.843768,6.4245753
ISIC_0011560,-3.4487176,4.0170856
ISIC_0011561,-4.485836,6.440652
ISIC_0011563,-4.378519,6.333758
ISIC_0011564,-4.3106713,5.5923896
ISIC_0011565,-4.1988697,5.292017
ISIC_0011566,-3.8649254,5.8979855
ISIC_0011567,-4.097449,5.5799675
ISIC_0011568,-4.206647,5.629715
ISIC_0011571,-4.520639,5.0411067
ISIC_0011572,-3.9690828,6.0748377
ISIC_0011575,-3.5605447,7.2680793
ISIC_0011576,-3.5986786,7.102893
ISIC_0011579,-4.257177,5.581889
ISIC_0011580,-4.1982646,5.158071
ISIC_0011584,-3.0691464,5.4315658
ISIC_0011585,-3.4293656,4.963509
ISIC_0011588,-3.8857908,5.112662
ISIC_0011589,-4.334897,5.422334
ISIC_0011590,-4.1101875,5.6154056
ISIC_0011591,-4.409061,5.8530455
ISIC_0011594,-3.2035575,4.6561184
ISIC_0011595,-3.5487223,4.5921006
ISIC_0011599,-4.8160405,6.871124
ISIC_0011601,-0.37098858,4.88774
ISIC_0011602,-2.9335117,5.1562815
ISIC_0011605,-3.8703952,6.088668
ISIC_0011609,-3.7582645,4.5774255
ISIC_0011610,-1.7731549,5.891666
ISIC_0011611,-4.3892913,5.1246195
ISIC_0011612,-4.113188,6.1316237
ISIC_0011613,-3.7958653,4.520653
ISIC_0011614,-3.798442,4.4298673
ISIC_0011615,-3.8545067,4.622697
ISIC_0011616,-3.7065291,4.594425
ISIC_0011618,-0.8701393,6.8860617
ISIC_0011619,-3.1042986,6.7013283
ISIC_0011620,-7.431041,7.3727365
ISIC_0011622,-3.7051194,4.832195
ISIC_0011626,-4.2434697,6.489179
ISIC_0011627,-4.329854,6.4506855
ISIC_0011628,-0.36921772,4.8323073
ISIC_0011630,-4.0725737,5.2193966
ISIC_0011632,5.120705,1.0477678
ISIC_0011633,-3.3235354,4.891078
ISIC_0011634,-3.2859638,4.773664
ISIC_0011635,-4.22257,6.2267575
ISIC_0011636,-4.124051,5.867831
ISIC_0011639,-2.7224064,4.5309997
ISIC_0011640,-2.957449,4.827821
ISIC_0011641,-3.0419466,4.7800126
ISIC_0011642,-1.9182104,6.1499314
ISIC_0011643,-4.019397,5.8521996
ISIC_0011644,-3.8981342,5.8346405
ISIC_0011646,-4.497762,4.732117
ISIC_0011647,-2.9745374,5.5160303
ISIC_0011648,-3.441393,5.324701
ISIC_0011649,-4.014093,6.491391
ISIC_0011650,-2.912023,4.971659
ISIC_0011651,-3.666352,6.855538
ISIC_0011652,-3.7295213,6.8968205
ISIC_0011655,-3.76076,6.484535
ISIC_0011656,-3.923992,5.584085
ISIC_0011659,-3.8440874,5.7871094
ISIC_0011663,-3.9670177,5.4753437
ISIC_0011664,-4.0696545,5.4466033
ISIC_0011665,-3.7215977,5.578275
ISIC_0011666,-3.5504782,5.8057237
ISIC_0011667,-2.3042574,5.7718134
ISIC_0011669,-3.8628128,6.2357144
ISIC_0011670,-5.206544,6.1563296
ISIC_0011672,-3.914509,6.273913
ISIC_0011674,-4.218277,6.0688944
ISIC_0011675,-3.152821,5.0948253
ISIC_0011676,-3.021467,5.197711
ISIC_0011677,-3.8326075,5.807891
ISIC_0011678,-3.6109345,4.6932306
ISIC_0011679,-4.1169744,6.0859156
ISIC_0011684,-4.365177,4.8484206
ISIC_0011685,-2.487379,5.6208954
ISIC_0011686,-3.8987558,4.362379
ISIC_0011689,-3.19633,5.398279
ISIC_0011690,-3.8679767,4.722728
ISIC_0011691,-3.9298427,5.585382
ISIC_0011692,-4.005796,5.1851654
ISIC_0011693,-4.1531215,5.076928
ISIC_0011694,-3.9163084,5.380757
ISIC_0011695,-4.1213274,5.284353
ISIC_0011696,-4.0771446,5.297415
ISIC_0011697,-4.024605,5.09256
ISIC_0011698,-3.9966092,5.47226
ISIC_0011699,-3.8852174,5.416282
ISIC_0011700,-4.041039,5.288805
ISIC_0011701,-4.1087546,5.1430154
ISIC_0011702,-4.033644,5.2889833
ISIC_0011703,-3.9604867,5.1779494
ISIC_0011704,-3.9737854,5.262404
ISIC_0011705,-4.3121686,4.9404864
ISIC_0011707,-2.977757,5.9609976
ISIC_0011708,-4.2519507,5.7656493
ISIC_0011709,-3.2900307,5.1846395
ISIC_0011710,-3.2076883,5.1806316
ISIC_0011715,-4.6842785,5.7139473
ISIC_0011717,-4.032456,7.090008
ISIC_0011718,-3.9643126,5.0656004
ISIC_0011719,-3.7860956,6.7639384
ISIC_0011720,-0.27457786,4.5425186
ISIC_0011721,-4.289888,4.7148023
ISIC_0011722,-4.532879,5.4785447
ISIC_0011726,-3.097741,4.9685383
ISIC_0011727,-3.8801672,6.5027943
ISIC_0011728,-4.3239026,5.365449
ISIC_0011729,-3.5454118,5.8394237
ISIC_0011730,-3.8422844,6.9155364
ISIC_0011731,-4.556563,4.9833093
ISIC_0011732,-2.1821835,6.1557865
ISIC_0011733,-3.353393,5.1268897
ISIC_0011734,-3.5238247,4.6254983
ISIC_0011736,-4.0329194,5.7595196
ISIC_0011737,-0.34007055,4.6325555
ISIC_0011738,-5.588266,6.55886
ISIC_0011739,-4.0738583,5.0930758
ISIC_0011740,-4.414682,5.258025
ISIC_0011741,-3.9928546,4.802957
ISIC_0011742,-4.764295,5.5333114
ISIC_0011743,-3.7714067,4.483541
ISIC_0011744,-3.650725,4.7565665
ISIC_0011746,-3.7763336,4.417169
ISIC_0011748,-3.7328064,7.1756754
ISIC_0011750,-3.8530347,5.5702934
ISIC_0011751,-3.621996,5.3507147
ISIC_0011757,-3.4821224,4.5765347
ISIC_0011758,-3.85385,5.9414062
ISIC_0011759,-3.7576911,6.1395698
ISIC_0011761,-3.9048476,6.2327003
ISIC_0011762,-3.7787852,5.6493306
ISIC_0011763,-3.6396592,5.17005
ISIC_0011764,-4.2340236,4.8684816
ISIC_0011768,-4.2765985,5.656563
ISIC_0011769,-4.6487517,7.0544515
ISIC_0011770,-3.5063634,7.256121
ISIC_0011771,-3.5829804,7.4517455
ISIC_0011772,-3.439942,7.5348983
ISIC_0011773,-3.5583508,7.014026
ISIC_0011774,-3.5887482,6.913702
ISIC_0011777,-4.806441,5.4406853
ISIC_0011778,-0.44171193,4.6200933
ISIC_0011779,-4.8378134,6.7241025
ISIC_0011780,-3.648109,4.646932
ISIC_0011782,-3.7036421,4.8043866
ISIC_0011783,-3.4690323,4.7804837
ISIC_0011784,-5.037569,7.1794972
ISIC_0011785,-3.358102,7.7999473
ISIC_0011787,-3.6703942,5.140671
ISIC_0011788,-3.684612,7.078998
ISIC_0011791,-4.155499,6.3132644
ISIC_0011792,-4.2097535,6.0401373
ISIC_0011794,-3.6513207,4.29283
ISIC_0011797,-4.4409857,4.8773723
ISIC_0011798,-4.3309274,4.822995
ISIC_0011799,-4.2324247,4.9346757
ISIC_0011800,-3.863765,5.0525265
ISIC_0011801,-4.053504,5.2732315
ISIC_0011802,-3.938143,5.238887
ISIC_0011803,-4.055507,5.431035
ISIC_0011804,-4.137832,5.2716
ISIC_0011805,-4.0068097,5.247761
ISIC_0011807,-3.9863892,6.321051
ISIC_0011808,-3.9092345,6.3766575
ISIC_0011809,5.364688,1.0551008
ISIC_0011810,-4.067038,8.916642
ISIC_0011811,-4.1400027,5.4750776
ISIC_0011812,-4.133398,5.47134
ISIC_0011814,-6.8338857,5.883205
ISIC_0011822,-4.196118,4.559379
ISIC_0011823,-4.2783165,5.625238
ISIC_0011824,-4.3590736,5.6965637
ISIC_0011826,-2.9948025,5.901658
ISIC_0011827,-3.9935863,5.03207
ISIC_0011829,-4.291876,6.304358
ISIC_0011830,-3.209516,5.4064717
ISIC_0011831,-5.82051,4.855536
ISIC_0011832,-3.2702742,5.4524093
ISIC_0011835,-3.919985,4.8916016
ISIC_0011836,-2.8280377,5.8688197
ISIC_0011837,-3.3352888,5.1777196
ISIC_0011838,-3.5234065,5.386852
ISIC_0011839,-3.488076,4.7894382
ISIC_0011840,-3.4759433,5.288381
ISIC_0011841,4.496999,2.1550007
ISIC_0011845,-3.803071,6.5521417
ISIC_0011846,-3.7198052,7.2784443
ISIC_0011847,-3.3716927,4.787456
ISIC_0011848,-4.21368,5.6953745
ISIC_0011853,-4.3252954,4.9232955
ISIC_0011855,-4.0142517,5.246367
ISIC_0011856,-3.5315218,8.871049
ISIC_0011857,-4.0356965,4.633688
ISIC_0011858,-4.023681,4.7670245
ISIC_0011864,-4.0432444,4.943755
ISIC_0011865,-4.0090227,6.0008407
ISIC_0011867,-1.7562944,5.826909
ISIC_0011868,-3.174561,4.820653
ISIC_0011869,-3.7186491,6.1941
ISIC_0011870,-3.4660287,4.2288733
ISIC_0011872,-3.4144118,4.5700374
ISIC_0011873,-3.4047375,4.5829415
ISIC_0011874,-3.2663805,4.5147862
ISIC_0011875,-3.4373946,4.4635334
ISIC_0011876,-3.2561305,4.591749
ISIC_0011877,-3.284063,4.426497
ISIC_0011878,-3.3124,4.4892254
ISIC_0011879,-3.2661126,4.559271
ISIC_0011880,-4.1267247,6.1562567
ISIC_0011881,-4.9623685,6.2925215
ISIC_0011883,-4.140458,4.847701
ISIC_0011884,-3.7983909,5.689672
ISIC_0011885,-1.770108,6.0759974
ISIC_0011886,-4.1338243,5.6550317
ISIC_0011888,-4.067648,5.6639147
ISIC_0011892,-3.7620244,5.1390176
ISIC_0011893,-3.7542887,6.8759165
ISIC_0011895,-4.441981,5.7855167
ISIC_0011896,-4.4476275,6.328385
ISIC_0011898,-4.7966156,4.982605
ISIC_0011899,-4.13372,5.3306284
ISIC_0011900,-4.0115356,4.9619346
ISIC_0011904,-4.075347,5.0135036
ISIC_0011905,-4.018113,4.6436462
ISIC_0011906,-3.856432,4.609703
ISIC_0011908,-2.7493265,5.0161185
ISIC_0011909,-3.3099484,4.8901243
ISIC_0011910,-3.2931826,4.963044
ISIC_0011911,-4.5144215,5.2625136
ISIC_0011912,-4.4639506,5.2958736
ISIC_0011913,-4.625549,5.5781636
ISIC_0011914,-4.606687,5.1336265
ISIC_0011915,-4.5879927,5.1562815
ISIC_0011916,-4.707241,5.3213067
ISIC_0011917,-4.5303087,5.250933
ISIC_0011918,-4.654946,5.3135552
ISIC_0011919,-4.569344,5.2767305
ISIC_0011920,-4.6186833,5.2769794
ISIC_0011921,-4.40567,5.402527
ISIC_0011922,-4.3302608,5.451424
ISIC_0011923,-3.6891289,5.908242
ISIC_0011924,-3.8614485,5.7371554
ISIC_0011925,-3.6208591,4.726576
ISIC_0011926,-3.5922747,4.907036
ISIC_0011927,-3.7405543,4.6566615
ISIC_0011928,-3.625681,4.8251534
ISIC_0011930,-3.6238778,5.3194633
ISIC_0011931,-3.7520032,5.2156143
ISIC_0011932,-4.055411,5.422857
ISIC_0011933,-3.3645034,4.8728337
ISIC_0011934,-3.7766118,5.194841
ISIC_0011935,-3.2944572,4.963076
ISIC_0011938,-4.180725,6.7340083
ISIC_0011939,-4.938174,5.9775643
ISIC_0011940,-3.9512308,5.268215
ISIC_0011943,-5.6552486,5.7355866
ISIC_0011944,-5.9392877,5.532708
ISIC_0011945,-3.8328302,6.143417
ISIC_0011946,-3.772804,6.238069
ISIC_0011947,-3.9790394,6.4381
ISIC_0011948,-3.8830767,6.256062
ISIC_0011949,-4.436429,5.402269
ISIC_0011950,-4.383213,5.3992805
ISIC_0011951,-4.6081285,5.2410765
ISIC_0011952,-3.512723,5.860553
ISIC_0011953,-2.7247598,6.6440287
ISIC_0011956,-3.6103194,7.911745
ISIC_0011957,-3.7377207,5.1038857
ISIC_0011958,-3.71173,4.9009604
ISIC_0011959,-1.8137777,5.977532
ISIC_0011960,-5.0206566,4.8939686
ISIC_0011961,-4.2562375,5.5275917
ISIC_0011962,-3.9851341,5.482588
ISIC_0011963,-3.693811,6.209103
ISIC_0011964,-4.407409,5.417641
ISIC_0011965,-3.4621527,6.714429
ISIC_0011968,-1.1273333,6.1450095
ISIC_0011969,-3.7316453,5.373291
ISIC_0011972,-5.078533,4.5411153
ISIC_0011975,-3.5498493,4.872436
ISIC_0011976,-3.6693218,4.74557
ISIC_0011977,-3.7866132,4.709083
ISIC_0011978,-3.8516066,5.669145
ISIC_0011979,-3.7181554,4.696325
ISIC_0011980,-5.144147,6.4060783
ISIC_0011981,-4.424446,6.257481
ISIC_0011982,-4.4421096,6.35562
ISIC_0011984,-0.09541115,6.865642
ISIC_0011987,-3.6053429,6.694039
ISIC_0011988,-3.7190826,4.828291
ISIC_0011990,-3.5313847,4.758316
ISIC_0011991,-4.765053,4.941816
ISIC_0011992,-3.9056623,5.361475
ISIC_0011995,-4.4741893,4.871297
ISIC_0011996,-3.939709,4.934972
ISIC_0011998,-4.0305066,5.7267113
ISIC_0012000,-3.8483229,4.636224
ISIC_0012001,-4.9116006,5.5344825
ISIC_0012002,-4.1532445,4.5490794
ISIC_0012005,-3.5789685,4.0840354
ISIC_0012006,-3.8217473,4.868024
ISIC_0012007,-1.7718703,5.7399592
ISIC_0012009,-4.1499453,5.8607216
ISIC_0012013,-3.6062078,4.753364
ISIC_0012021,-3.778374,6.3588448
ISIC_0012022,-4.3424587,5.2104125
ISIC_0012024,-0.92184746,6.111996
ISIC_0012029,-3.575739,5.9400187
ISIC_0012030,-4.013695,5.8152714
ISIC_0012031,-4.63014,5.290632
ISIC_0012032,-4.9564095,6.6321745
ISIC_0012033,-4.888534,7.088955
ISIC_0012034,-4.982483,6.8378863
ISIC_0012035,-3.5753975,7.059487
ISIC_0012039,-4.3340263,4.730012
ISIC_0012040,-3.2258713,5.912968
ISIC_0012041,-2.0147648,5.8503118
ISIC_0012042,-3.7892833,4.4188356
ISIC_0012044,-3.4858,4.6935844
ISIC_0012047,-3.5190537,5.590839
ISIC_0012048,-4.406233,4.9790993
ISIC_0012049,-1.2248975,5.827398
ISIC_0012050,-4.015267,5.368918
ISIC_0012051,-4.969934,7.247812
ISIC_0012052,-3.3723032,3.517322
ISIC_0012053,-3.870751,5.166297
ISIC_0012058,-3.6841898,6.626882
ISIC_0012059,-3.109272,5.5555673
ISIC_0012060,-3.615173,6.7893095
ISIC_0012061,-3.3348296,4.8826294
ISIC_0012062,-0.7788292,6.165329
ISIC_0012063,-4.501921,4.8007936
ISIC_0012066,-4.3543754,4.8223634
ISIC_0012069,-3.8258603,5.0002084
ISIC_0012075,-3.4168112,5.5647955
ISIC_0012078,-4.1865044,4.5484524
ISIC_0012079,-5.006353,5.746256
ISIC_0012080,-3.7434528,9.023745
ISIC_0012081,-4.5245676,5.822563
ISIC_0012082,-4.2980614,5.3209667
ISIC_0012083,-2.9775264,4.821785
ISIC_0012085,-2.848038,5.829405
ISIC_0012086,4.5782137,2.0051415
ISIC_0012087,5.4591284,0.8860946
ISIC_0012088,4.6963305,2.2923348
ISIC_0012089,5.281701,0.775946
ISIC_0012090,5.5665374,0.95637745
ISIC_0012091,5.705084,1.3625485
ISIC_0012092,6.110107,2.356293
ISIC_0012093,5.0765195,1.4492522
ISIC_0012094,7.737846,3.2880907
ISIC_0012095,7.454544,2.821658
ISIC_0012096,7.6669774,3.5033925
ISIC_0012097,5.764415,1.2834293
ISIC_0012099,5.861447,1.579898
ISIC_0012102,5.57483,1.7256421
ISIC_0012103,5.5484023,2.1436026
ISIC_0012104,5.366321,1.8166244
ISIC_0012105,6.007289,1.8423227
ISIC_0012108,5.9113355,1.5552799
ISIC_0012109,5.4159155,1.0991964
ISIC_0012112,5.283391,2.1405814
ISIC_0012113,5.4003677,1.457786
ISIC_0012114,4.5365195,2.4052885
ISIC_0012115,5.494978,0.7682558
ISIC_0012116,5.842913,1.6485555
ISIC_0012117,6.13859,1.8695813
ISIC_0012118,5.7603045,1.302873
ISIC_0012119,5.443036,1.8651313
ISIC_0012122,7.962961,3.4098155
ISIC_0012123,7.318523,3.4887002
ISIC_0012126,7.430202,2.7379537
ISIC_0012128,7.9478126,3.783916
ISIC_0012129,7.241016,3.4503849
ISIC_0012130,7.4829745,3.5778053
ISIC_0012131,7.6789165,2.9431431
ISIC_0012133,7.5209656,3.3671055
ISIC_0012134,7.777054,3.471244
ISIC_0012135,7.6439223,3.1194198
ISIC_0012136,7.575995,3.2377846
ISIC_0012137,7.643188,3.3258765
ISIC_0012138,7.3167214,2.928452
ISIC_0012139,7.724468,3.4530294
ISIC_0012140,7.091396,3.033153
ISIC_0012141,7.9172993,3.6987355
ISIC_0012143,7.019843,3.364564
ISIC_0012144,7.775228,3.399672
ISIC_0012145,7.3125014,3.5710847
ISIC_0012146,7.5959935,3.5732317
ISIC_0012150,7.852444,3.4459713
ISIC_0012151,7.529376,2.9010658
ISIC_0012152,7.513466,3.373165
ISIC_0012154,7.273123,3.079109
ISIC_0012155,7.684088,3.6695735
ISIC_0012156,7.79218,3.4891467
ISIC_0012158,7.654113,3.5718355
ISIC_0012159,7.316463,3.543325
ISIC_0012160,7.684526,3.039949
ISIC_0012162,7.9427385,3.7478712
ISIC_0012163,7.6656475,3.672679
ISIC_0012164,7.587986,3.5908334
ISIC_0012165,7.4057817,2.8121967
ISIC_0012166,7.3774633,3.555674
ISIC_0012168,7.933436,3.7127895
ISIC_0012170,7.489432,3.631642
ISIC_0012171,7.5370317,2.8535607
ISIC_0012172,6.5180583,3.3541083
ISIC_0012173,7.7078066,3.2861812
ISIC_0012175,7.7046924,3.3169672
ISIC_0012176,7.907935,3.7971156
ISIC_0012177,7.8258986,3.4942741
ISIC_0012179,0.4666865,7.269501
ISIC_0012180,7.553206,2.8197265
ISIC_0012181,7.8476157,3.580132
ISIC_0012182,7.466046,2.9070017
ISIC_0012184,4.8926663,1.0366006
ISIC_0012185,5.561138,0.69808996
ISIC_0012188,7.8621197,3.6537802
ISIC_0012189,7.372369,2.9003646
ISIC_0012190,7.5997663,3.1461265
ISIC_0012192,7.9111257,3.4915822
ISIC_0012194,7.7877197,3.7013772
ISIC_0012195,7.7079744,3.5158117
ISIC_0012196,7.9790397,3.7293103
ISIC_0012198,5.1248975,2.4756992
ISIC_0012199,7.5636654,3.6554685
ISIC_0012201,7.8234043,3.309996
ISIC_0012203,7.357852,2.7200463
ISIC_0012205,7.4813924,3.0438967
ISIC_0012206,7.997358,3.635628
ISIC_0012208,7.933636,3.4627066
ISIC_0012209,0.6567851,7.0728693
ISIC_0012210,7.7801356,3.050307
ISIC_0012211,7.967454,3.563189
ISIC_0012212,7.6385736,3.335643
ISIC_0012213,7.681406,3.4548776
ISIC_0012214,7.787178,3.687498
ISIC_0012215,7.2466946,3.4017417
ISIC_0012216,7.1203537,3.4442635
ISIC_0012217,7.608864,2.8053665
ISIC_0012218,7.2665877,2.6401272
ISIC_0012219,5.4748683,2.8660896
ISIC_0012220,7.935247,3.6788197
ISIC_0012221,7.907056,3.4205341
ISIC_0012222,7.6748867,3.0000734
ISIC_0012223,5.397163,1.7837538
ISIC_0012225,5.2228484,2.6814296
ISIC_0012226,4.881685,1.6739284
ISIC_0012227,5.0952983,1.2005904
ISIC_0012228,5.4452806,1.0855901
ISIC_0012230,5.178204,1.5156845
ISIC_0012232,5.464694,1.673326
ISIC_0012233,5.8537736,1.8672091
ISIC_0012235,5.355171,1.3125482
ISIC_0012236,5.206584,1.1190941
ISIC_0012237,5.4786806,1.4020565
ISIC_0012238,4.897683,1.895158
ISIC_0012239,5.6870112,1.1914213
ISIC_0012240,5.3394866,2.3361275
ISIC_0012241,5.276306,2.6636279
ISIC_0012242,5.1103153,1.5514017
ISIC_0012243,5.2225904,0.86889553
ISIC_0012244,7.7983603,3.4243047
ISIC_0012245,5.76403,1.5193708
ISIC_0012246,4.8604436,2.6662998
ISIC_0012248,7.2379203,3.3948822
ISIC_0012251,7.67738,3.307287
ISIC_0012252,7.447486,3.0669248
ISIC_0012253,7.8525352,3.5888455
ISIC_0012254,4.902561,1.2861115
ISIC_0012255,7.3659053,3.2921264
ISIC_0012256,5.5418773,1.6666949
ISIC_0012257,7.4568458,2.796262
ISIC_0012258,7.6158667,3.7016106
ISIC_0012259,7.436762,2.7456293
ISIC_0012260,5.760749,1.4217257
ISIC_0012261,5.327695,1.3880864
ISIC_0012262,6.0509224,1.8465178
ISIC_0012263,5.449175,1.3809414
ISIC_0012265,5.991617,1.0681303
ISIC_0012266,7.653421,3.5738945
ISIC_0012267,5.0026426,1.9040796
ISIC_0012268,6.2884574,2.0855134
ISIC_0012269,5.950071,1.3007604
ISIC_0012270,5.443356,2.0150561
ISIC_0012271,5.9876084,1.9464357
ISIC_0012272,4.835467,2.4524777
ISIC_0012273,7.136047,3.4317038
ISIC_0012274,7.692283,3.1665382
ISIC_0012275,5.7048125,1.9520919
ISIC_0012276,8.021689,3.7606392
ISIC_0012279,5.1644225,2.296774
ISIC_0012280,7.8742375,3.7168264
ISIC_0012281,7.4803524,2.849315
ISIC_0012282,6.207943,1.7077321
ISIC_0012284,7.395875,2.7260494
ISIC_0012288,5.9724264,2.3274312
ISIC_0012289,4.9972715,1.3485273
ISIC_0012290,5.2372413,1.0590267
ISIC_0012291,4.989857,2.226936
ISIC_0012292,7.8904967,3.6066859
ISIC_0012294,7.36083,3.6158853
ISIC_0012298,7.5749846,3.3206232
ISIC_0012299,7.5518665,2.8698754
ISIC_0012301,7.572264,2.7811983
ISIC_0012302,6.1018734,1.6164671
ISIC_0012303,7.714328,3.361902
ISIC_0012305,0.56528115,7.136857
ISIC_0012306,7.8663797,3.3836737
ISIC_0012308,7.5617027,2.766865
ISIC_0012309,5.0384994,1.6861609
ISIC_0012310,7.6555405,2.9672177
ISIC_0012311,7.8602786,3.618611
ISIC_0012312,5.3834553,1.1759933
ISIC_0012313,7.707135,3.2896295
ISIC_0012315,5.3760486,2.2674649
ISIC_0012316,7.582363,3.276167
ISIC_0012317,7.931995,3.7368696
ISIC_0012318,5.581442,0.64919114
ISIC_0012319,5.5045447,2.0043247
ISIC_0012320,7.4839263,2.8440223
ISIC_0012321,7.797465,3.1835692
ISIC_0012322,5.503937,1.0132915
ISIC_0012325,7.896002,3.6927173
ISIC_0012327,7.2296104,3.4343383
ISIC_0012328,5.300618,1.1314275
ISIC_0012329,5.19843,2.8951144
ISIC_0012332,5.4684253,1.0470414
ISIC_0012333,5.230105,0.89296865
ISIC_0012334,7.8473663,3.460775
ISIC_0012335,7.5469203,3.469217
ISIC_0012336,5.5371842,1.530177
ISIC_0012337,7.6049385,2.9856603
ISIC_0012338,7.6710286,2.9649978
ISIC_0012340,4.786206,1.3303407
ISIC_0012341,6.691499,3.1849189
ISIC_0012344,5.640584,0.9099546
ISIC_0012346,7.0334325,3.4018495
ISIC_0012347,6.930802,3.4312317
ISIC_0012348,7.449086,3.6326084
ISIC_0012353,7.176505,3.3393934
ISIC_0012355,7.5236745,3.663908
ISIC_0012356,7.779665,3.6408083
ISIC_0012357,7.87676,3.777335
ISIC_0012358,7.5125117,3.1758254
ISIC_0012359,6.8945913,3.47389
ISIC_0012360,7.1005273,3.0936933
ISIC_0012361,7.321529,3.5137122
ISIC_0012362,5.1947327,2.421854
ISIC_0012363,5.535332,0.8655757
ISIC_0012364,7.5655937,3.0790055
ISIC_0012366,5.3977737,2.834939
ISIC_0012367,7.36369,2.847972
ISIC_0012369,7.9805245,3.514683
ISIC_0012370,7.428721,3.5953827
ISIC_0012373,4.8320932,2.3947747
ISIC_0012374,5.4389358,1.0673845
ISIC_0012375,7.4753833,3.469827
ISIC_0012376,6.304742,1.7855843
ISIC_0012378,7.876012,3.6758916
ISIC_0012379,6.8524747,3.4479623
ISIC_0012380,7.5757265,3.2089279
ISIC_0012382,7.093654,2.787768
ISIC_0012383,5.281937,1.1223867
ISIC_0012384,4.490425,1.5854315
ISIC_0012385,5.64278,0.5174074
ISIC_0012386,7.0463824,3.5617182
ISIC_0012389,5.3841767,0.8366702
ISIC_0012390,7.437333,3.1562812
ISIC_0012391,7.9384036,3.6891308
ISIC_0012392,7.8105955,3.6427228
ISIC_0012397,7.427332,2.713135
ISIC_0012400,6.0485854,2.1658547
ISIC_0012402,7.4939184,3.5671797
ISIC_0012404,4.977635,2.368368
ISIC_0012405,5.2611604,1.4009514
ISIC_0012406,7.6301928,3.148777
ISIC_0012407,7.506053,3.2228198
ISIC_0012408,7.6829357,3.6299653
ISIC_0012410,5.4173813,1.5288411
ISIC_0012413,7.914408,3.49511
ISIC_0012414,5.5301714,1.5275173
ISIC_0012415,7.863695,3.6687303
ISIC_0012416,5.296971,2.7606928
ISIC_0012417,4.740293,1.4207747
ISIC_0012418,5.939899,1.8465189
ISIC_0012420,7.892023,3.6196053
ISIC_0012421,6.436163,2.09765
ISIC_0012422,4.9877224,2.1755075
ISIC_0012423,7.239206,3.552458
ISIC_0012424,7.509662,3.23552
ISIC_0012425,5.6833315,2.1085987
ISIC_0012426,7.4276786,3.1862955
ISIC_0012427,7.954186,3.7319503
ISIC_0012428,6.1096497,1.774282
ISIC_0012429,3.0442653,4.3670382
ISIC_0012431,5.963618,2.3082566
ISIC_0012434,7.8451934,3.5133078
ISIC_0012435,7.53815,2.939319
ISIC_0012436,7.6589074,3.1340544
ISIC_0012438,7.873339,3.736573
ISIC_0012439,5.171703,2.2299898
ISIC_0012440,6.1332526,2.1953633
ISIC_0012441,7.439121,3.141311
ISIC_0012444,7.5620418,3.6616147
ISIC_0012445,6.2841697,1.9843907
ISIC_0012446,5.0205092,1.3336807
ISIC_0012448,6.9948483,3.321407
ISIC_0012450,6.1262574,2.427496
ISIC_0012451,5.669776,2.33554
ISIC_0012452,7.2371917,2.5652843
ISIC_0012453,7.619987,2.9525776
ISIC_0012454,7.4125786,3.6431916
ISIC_0012456,5.3427444,1.5682682
ISIC_0012457,5.1312966,1.2553743
ISIC_0012458,7.4659247,3.573156
ISIC_0012459,7.4166336,3.604589
ISIC_0012460,7.474236,3.3989377
ISIC_0012461,7.8501983,3.6811752
ISIC_0012463,5.5855293,0.598393
ISIC_0012466,5.4458613,1.310542
ISIC_0012467,6.365364,2.2908037
ISIC_0012468,5.725275,1.727033
ISIC_0012469,5.88722,1.367
ISIC_0012470,5.881081,1.5090632
ISIC_0012471,5.2552295,1.0897803
ISIC_0012472,4.8503175,1.677488
ISIC_0012473,5.022571,1.459786
ISIC_0012474,5.264346,0.99773705
ISIC_0012475,5.2077217,1.0016803
ISIC_0012476,5.9352393,1.6199003
ISIC_0012477,5.0603175,1.1985428
ISIC_0012478,5.267904,0.95112157
ISIC_0012479,5.8541718,1.2292632
ISIC_0012480,4.784109,1.3651018
ISIC_0012481,5.6998463,0.9736557
ISIC_0012482,4.6500926,1.1387953
ISIC_0012484,5.804028,2.1098068
ISIC_0012485,5.772343,0.82279044
ISIC_0012486,4.713226,1.8243448
ISIC_0012488,5.2971315,0.77055126
ISIC_0012489,6.68764,2.575755
ISIC_0012490,5.0914135,1.0211735
ISIC_0012491,5.0098896,1.0911268
ISIC_0012492,5.1284933,1.207146
ISIC_0012493,6.544229,2.1976354
ISIC_0012494,6.2591343,1.8139299
ISIC_0012495,5.945032,1.2666451
ISIC_0012496,6.2012725,2.3648844
ISIC_0012497,5.488511,2.133877
ISIC_0012500,6.080311,2.157134
ISIC_0012502,5.2765183,1.0484668
ISIC_0012503,6.4621496,2.2682285
ISIC_0012504,4.863327,2.1704524
ISIC_0012505,6.3846335,1.8161736
ISIC_0012506,5.485766,1.0416406
ISIC_0012507,5.5441175,1.3381684
ISIC_0012508,6.588516,2.105056
ISIC_0012509,5.105278,1.1790398
ISIC_0012510,5.828774,0.73015183
ISIC_0012511,5.7240233,1.5588543
ISIC_0012512,6.1589713,1.6366371
ISIC_0012513,4.7610116,1.9941995
ISIC_0012514,4.8247514,1.5741479
ISIC_0012515,5.060227,2.4727955
ISIC_0012516,4.520613,2.492406
ISIC_0012517,5.746011,1.4851351
ISIC_0012518,5.8939705,1.4410163
ISIC_0012519,5.049201,1.4414748
ISIC_0012521,5.3221946,1.2970698
ISIC_0012522,6.606734,2.1008983
ISIC_0012523,4.5466127,1.1587092
ISIC_0012524,5.665529,1.4832046
ISIC_0012525,4.923991,1.4107429
ISIC_0012526,5.505497,1.1332626
ISIC_0012527,5.621324,0.92833245
ISIC_0012528,6.2843733,2.254543
ISIC_0012529,5.015435,1.0144655
ISIC_0012530,5.4914603,1.7922792
ISIC_0012531,5.6820364,0.806507
ISIC_0012533,5.121583,1.0586126
ISIC_0012534,6.339277,1.9884604
ISIC_0012535,5.7078977,1.2540731
ISIC_0012537,5.3833523,1.2380128
ISIC_0012538,6.2635355,2.382395
ISIC_0012539,5.8684397,0.9816143
ISIC_0012541,6.122234,1.6840993
ISIC_0012542,6.036626,1.2454123
ISIC_0012544,5.5155425,1.8189969
ISIC_0012550,5.5687647,1.337243
ISIC_0012551,5.7405605,2.2023604
ISIC_0012553,-3.8797889,8.066641
ISIC_0012554,-5.9186373,4.6006684
ISIC_0012557,-5.9718966,8.394858
ISIC_0012558,-6.6797223,5.6312237
ISIC_0012559,-6.506798,6.727883
ISIC_0012563,-6.746467,6.442228
ISIC_0012564,-6.1055245,4.6775293
ISIC_0012565,-5.007108,8.372643
ISIC_0012567,-3.2075765,7.597704
ISIC_0012568,-5.1679006,9.338003
ISIC_0012569,-4.3487606,5.9482417
ISIC_0012571,-2.9867842,3.792267
ISIC_0012574,-5.417968,5.7215486
ISIC_0012575,-5.5093665,4.8096514
ISIC_0012576,-5.2549744,4.967821
ISIC_0012577,-0.9843682,6.654408
ISIC_0012579,-5.0362105,6.0844436
ISIC_0012580,-3.8281264,3.5472167
ISIC_0012583,-5.0807285,6.6937823
ISIC_0012587,-4.6156816,4.756729
ISIC_0012588,-4.708138,4.2559614
ISIC_0012589,-3.3019013,3.9936554
ISIC_0012591,-5.2268643,5.181309
ISIC_0012592,-6.3627996,4.9198184
ISIC_0012595,-0.92733157,4.395295
ISIC_0012596,-4.8428907,4.207863
ISIC_0012597,-4.8620715,8.911652
ISIC_0012599,-6.309622,6.346815
ISIC_0012602,-5.2331195,4.2252474
ISIC_0012603,-5.324835,4.6753235
ISIC_0012610,-4.7695284,3.5606775
ISIC_0012613,-2.0366113,6.1960807
ISIC_0012618,-1.7425404,4.2904706
ISIC_0012619,-4.841931,5.999523
ISIC_0012620,-6.665848,6.549293
ISIC_0012625,-4.8759212,4.511753
ISIC_0012626,-4.7290545,4.66833
ISIC_0012628,-6.589039,6.171669
ISIC_0012632,-6.6311164,6.5842195
ISIC_0012633,-6.10888,5.665376
ISIC_0012634,-4.968023,4.3690853
ISIC_0012635,-4.520371,3.6485395
ISIC_0012636,-4.6029058,4.3776593
ISIC_0012638,-6.0549874,5.8775887
ISIC_0012641,-2.1539738,6.2864285
ISIC_0012642,-5.3886533,6.234782
ISIC_0012643,-5.0849886,5.2706246
ISIC_0012644,-5.586713,5.58494
ISIC_0012645,-4.986263,4.394807
ISIC_0012648,-5.0177855,5.0343404
ISIC_0012649,-5.562461,5.0071163
ISIC_0012650,-4.5468946,3.6241643
ISIC_0012651,-4.972568,4.7150364
ISIC_0012652,-4.4913087,5.3154993
ISIC_0012653,5.83003,1.4233654
ISIC_0012654,5.6170044,1.1208652
ISIC_0012655,7.742105,3.4777133
ISIC_0012656,7.788129,3.3734474
ISIC_0012657,7.7882485,3.2080493
ISIC_0012658,7.3478093,2.8023188
ISIC_0012659,7.2840905,2.721572
ISIC_0012660,7.2258325,2.654763
ISIC_0012662,7.5622277,2.9856346
ISIC_0012663,7.203239,2.7497196
ISIC_0012664,7.5107374,3.1049612
ISIC_0012665,7.545614,3.220369
ISIC_0012666,7.4517384,2.7633789
ISIC_0012668,7.629848,3.2833736
ISIC_0012669,7.3545513,2.7059577
ISIC_0012670,5.512024,2.9125042
ISIC_0012671,7.564339,3.3309066
ISIC_0012672,7.884215,3.4003277
ISIC_0012673,7.8940315,3.4210243
ISIC_0012674,7.577491,2.91944
ISIC_0012675,7.24122,2.726952
ISIC_0012676,7.634324,3.1346488
ISIC_0012677,7.7656746,3.202346
ISIC_0012678,7.152246,3.4994535
ISIC_0012679,7.5358133,3.252995
ISIC_0012680,7.505447,2.854396
ISIC_0012681,7.8141813,3.3568025
ISIC_0012682,6.972583,2.6543527
ISIC_0012683,7.4726043,2.8320122
ISIC_0012684,7.415798,2.7740643
ISIC_0012685,7.5792937,3.0786839
ISIC_0012686,7.9660497,3.656313
ISIC_0012687,7.4730577,3.3517134
ISIC_0012688,7.2910433,3.441748
ISIC_0012689,7.2230463,3.4455233
ISIC_0012690,7.1529274,2.9803393
ISIC_0012691,7.1293693,3.0777988
ISIC_0012692,7.472621,3.4333982
ISIC_0012695,7.2423754,3.6139784
ISIC_0012697,7.244301,3.1194608
ISIC_0012699,7.3142853,2.795537
ISIC_0012700,7.5253325,2.8750296
ISIC_0012701,7.828464,3.5936487
ISIC_0012702,7.4058137,2.8586662
ISIC_0012703,7.8193874,3.200789
ISIC_0012704,7.626367,2.9428346
ISIC_0012708,5.530654,1.5500362
ISIC_0012709,7.7393622,3.451356
ISIC_0012710,7.801782,3.310833
ISIC_0012711,7.6801744,3.2701795
ISIC_0012712,7.5618057,3.627525
ISIC_0012713,7.5591207,3.3449304
ISIC_0012718,7.8522563,3.4826658
ISIC_0012719,7.846015,3.5290003
ISIC_0012720,7.4158382,3.5773134
ISIC_0012721,7.321271,2.8643422
ISIC_0012723,7.646551,3.7136507
ISIC_0012725,7.6358523,2.919338
ISIC_0012726,6.021851,1.5787135
ISIC_0012728,5.52862,1.1829438
ISIC_0012729,5.3376966,1.0788563
ISIC_0012730,5.152213,1.1912857
ISIC_0012731,7.5294814,3.3119729
ISIC_0012732,7.680309,3.475862
ISIC_0012733,7.8057113,3.1669815
ISIC_0012734,7.1965404,2.8454258
ISIC_0012735,7.8744392,3.4816253
ISIC_0012736,7.4553385,3.0342553
ISIC_0012737,7.8228393,3.5155363
ISIC_0012739,7.78256,3.2116132
ISIC_0012740,7.438523,2.9205272
ISIC_0012741,5.852828,1.2265861
ISIC_0012742,7.6234727,3.16907
ISIC_0012744,7.712067,3.4299157
ISIC_0012746,8.02914,3.5182385
ISIC_0012753,5.2373524,1.1269121
ISIC_0012756,5.0192795,1.154608
ISIC_0012757,5.4281306,2.429859
ISIC_0012758,-6.3574877,6.962196
ISIC_0012760,5.175624,2.5356264
ISIC_0012761,5.0223274,2.2004611
ISIC_0012762,4.935616,2.4333117
ISIC_0012763,5.167111,2.2589014
ISIC_0012764,5.2087674,1.172804
ISIC_0012765,5.3971863,0.8883587
ISIC_0012766,5.554956,2.4759998
ISIC_0012767,5.4404693,1.9882889
ISIC_0012770,5.6252418,1.0320921
ISIC_0012772,5.216862,1.6360368
ISIC_0012773,5.219879,1.1163555
ISIC_0012777,7.576048,3.2338855
ISIC_0012779,4.7915025,1.9282691
ISIC_0012780,5.0271444,1.565785
ISIC_0012781,5.025262,1.6563125
ISIC_0012785,5.375213,2.303447
ISIC_0012786,5.419618,2.636334
ISIC_0012787,5.5646334,0.7248096
ISIC_0012788,5.551336,1.959213
ISIC_0012789,7.7845335,3.3904412
ISIC_0012792,7.5552754,3.4260347
ISIC_0012793,7.372408,3.3458354
ISIC_0012794,7.543544,3.1505747
ISIC_0012795,7.3708806,3.5411978
ISIC_0012797,5.5247054,2.5620332
ISIC_0012798,5.19976,2.015908
ISIC_0012799,5.1315556,1.9649807
ISIC_0012801,7.5221977,3.5661962
ISIC_0012802,7.492202,3.604414
ISIC_0012803,4.7062235,1.4779352
ISIC_0012804,6.3165197,1.9977006
ISIC_0012806,5.17908,2.4158592
ISIC_0012807,5.0627904,2.4426978
ISIC_0012809,7.848823,3.5456603
ISIC_0012810,5.734926,2.2342722
ISIC_0012811,-4.6904182,7.0184784
ISIC_0012813,5.2946525,2.3662243
ISIC_0012814,5.3196015,2.4394805
ISIC_0012815,5.5135336,2.5767848
ISIC_0012816,5.66699,2.3940697
ISIC_0012817,5.7057514,2.5175889
ISIC_0012819,5.0971055,1.2908715
ISIC_0012820,5.441433,0.92578006
ISIC_0012823,5.526561,1.9496866
ISIC_0012825,5.3330398,0.69835085
ISIC_0012826,6.0821176,2.1730568
ISIC_0012827,6.156206,2.0483634
ISIC_0012828,4.9978156,2.267172
ISIC_0012830,5.1322317,1.0995016
ISIC_0012832,5.3058095,2.049973
ISIC_0012833,5.392226,2.1951234
ISIC_0012834,5.0794845,2.0855486
ISIC_0012835,5.2153306,1.7025717
ISIC_0012836,5.9415383,1.4016527
ISIC_0012837,5.188484,2.76129
ISIC_0012838,6.220364,1.9265193
ISIC_0012840,6.042161,1.8571869
ISIC_0012841,4.919249,1.5093
ISIC_0012842,5.109569,1.9214432
ISIC_0012843,5.2774653,2.1122708
ISIC_0012844,5.9186897,2.0816107
ISIC_0012845,5.089971,2.0491314
ISIC_0012846,6.1295238,1.9832877
ISIC_0012847,5.97334,1.7435646
ISIC_0012848,6.252955,2.0309517
ISIC_0012849,5.330462,1.6588488
ISIC_0012850,5.567624,1.2332817
ISIC_0012851,5.5098124,1.3857185
ISIC_0012855,6.4797993,2.0051374
ISIC_0012856,5.4233384,2.746933
ISIC_0012861,5.2512846,2.1438076
ISIC_0012863,5.260515,1.9599541
ISIC_0012865,6.1791525,2.2996283
ISIC_0012866,6.1033306,2.206955
ISIC_0012867,4.980703,1.4549596
ISIC_0012868,5.4619045,2.3102372
ISIC_0012869,4.981631,1.5387688
ISIC_0012870,5.9067416,2.2281957
ISIC_0012871,5.7713656,2.1047068
ISIC_0012872,5.960796,1.5195744
ISIC_0012873,5.6005926,0.78215957
ISIC_0012874,5.398044,2.6557224
ISIC_0012875,5.474304,1.7069068
ISIC_0012876,5.124376,2.7925963
ISIC_0012877,5.861205,1.8706126
ISIC_0012878,5.7253695,1.7698442
ISIC_0012879,5.4121695,1.8606027
ISIC_0012880,5.312395,2.2021353
ISIC_0012883,5.408844,1.6998515
ISIC_0012884,5.454762,1.1005358
ISIC_0012886,6.3445144,2.0781348
ISIC_0012887,6.122791,2.3368835
ISIC_0012888,5.8264265,1.4731348
ISIC_0012889,5.135511,1.4409941
ISIC_0012890,4.9619527,1.9599068
ISIC_0012891,5.7066298,1.2277932
ISIC_0012892,4.9983754,2.4664576
ISIC_0012893,5.876756,2.3896134
ISIC_0012894,5.552491,2.549798
ISIC_0012896,5.4998097,2.4684427
ISIC_0012897,5.598783,0.73696375
ISIC_0012898,5.485769,2.7265573
ISIC_0012900,5.577479,2.3891969
ISIC_0012901,5.4834733,0.6757647
ISIC_0012902,5.771439,1.0118694
ISIC_0012903,5.666073,2.1208322
ISIC_0012904,5.2705617,2.2758892
ISIC_0012905,5.4994845,1.8465878
ISIC_0012907,6.2129145,2.2165968
ISIC_0012908,5.07317,1.272349
ISIC_0012909,5.13193,1.1631408
ISIC_0012911,5.4075108,0.88503784
ISIC_0012912,5.314865,1.8941721
ISIC_0012913,5.171571,2.2490335
ISIC_0012914,7.9618106,3.666032
ISIC_0012915,7.7910357,3.7603781
ISIC_0012916,7.3171844,3.465884
ISIC_0012917,-4.6748204,3.8738236
ISIC_0012918,5.010143,1.0956032
ISIC_0012919,7.7763824,3.6950037
ISIC_0012923,7.7010407,3.0343912
ISIC_0012925,5.549255,2.1734972
ISIC_0012930,8.00729,3.6943827
ISIC_0012931,-4.684643,4.4541526
ISIC_0012932,4.985057,2.0447676
ISIC_0012935,8.015009,3.4926107
ISIC_0012938,7.6341157,2.9044871
ISIC_0012939,7.004979,2.9759636
ISIC_0012940,5.3836756,2.347333
ISIC_0012942,7.2222433,3.345558
ISIC_0012944,4.9628825,1.8482997
ISIC_0012948,7.2732778,3.511794
ISIC_0012949,7.6399775,3.3616025
ISIC_0012950,5.8209147,1.3638498
ISIC_0012954,0.9386259,6.695379
ISIC_0012955,5.3610106,2.6719654
ISIC_0012956,5.9075847,1.372945
ISIC_0012958,4.9970093,2.6742303
ISIC_0012959,5.391736,2.533522
ISIC_0012960,7.647961,3.068786
ISIC_0012961,7.755449,3.3420045
ISIC_0012962,7.9482975,3.7784398
ISIC_0012963,7.3530602,2.8820002
ISIC_0012964,7.7628303,3.5956483
ISIC_0012965,7.3462253,2.7702322
ISIC_0012966,1.1999575,6.597192
ISIC_0012967,7.1634583,3.4550335
ISIC_0012968,4.9909673,1.8318062
ISIC_0012971,7.42867,3.2898874
ISIC_0012973,5.065016,1.0959984
ISIC_0012974,5.166722,1.9500054
ISIC_0012975,4.901184,2.275154
ISIC_0012976,7.4365153,3.5897357
ISIC_0012977,7.90325,3.7293491
ISIC_0012978,7.498007,3.5864632
ISIC_0012979,7.618556,3.6399145
ISIC_0012981,5.8071527,0.96710354
ISIC_0012982,8.004778,3.5458431
ISIC_0012984,5.661927,1.2829851
ISIC_0012985,-5.403654,7.4909635
ISIC_0012987,5.450769,2.6882613
ISIC_0012988,7.4149714,2.9269094
ISIC_0012989,6.1433296,2.354362
ISIC_0012990,7.2884455,2.8423636
ISIC_0012992,5.0135484,1.8417501
ISIC_0012993,5.3724723,2.7042592
ISIC_0012995,7.346659,2.8982623
ISIC_0012996,7.5291896,3.6918335
ISIC_0012997,7.32752,2.9343002
ISIC_0012998,5.146855,2.5471587
ISIC_0012999,5.362849,1.4809836
ISIC_0013000,5.733531,2.3763144
ISIC_0013001,5.5920434,2.5048137
ISIC_0013003,7.74629,2.9487967
ISIC_0013004,7.3278246,3.4813466
ISIC_0013006,4.9348865,2.313856
ISIC_0013007,7.637385,3.3626719
ISIC_0013008,7.741973,3.5423431
ISIC_0013009,5.64741,1.3390633
ISIC_0013010,7.9123178,3.6402357
ISIC_0013011,7.0588484,3.0631778
ISIC_0013012,7.791764,3.6170187
ISIC_0013013,5.5370564,1.1904136
ISIC_0013014,5.798283,2.077524
ISIC_0013015,7.710826,3.23826
ISIC_0013017,5.4663663,1.2220902
ISIC_0013018,5.1320353,1.2828124
ISIC_0013019,7.797498,3.3357859
ISIC_0013021,7.50129,2.966851
ISIC_0013022,5.5983496,1.4889991
ISIC_0013023,7.616052,2.950566
ISIC_0013025,6.0962167,2.5022547
ISIC_0013026,5.971171,2.4941134
ISIC_0013027,5.8928843,2.3712687
ISIC_0013028,4.8230295,2.0570657
ISIC_0013029,5.3698096,2.671917
ISIC_0013031,7.618871,3.679033
ISIC_0013032,7.7665205,3.3888776
ISIC_0013033,7.726437,3.7513406
ISIC_0013036,7.6531024,3.6348424
ISIC_0013037,5.4305043,0.90540975
ISIC_0013039,4.6845117,1.478697
ISIC_0013040,7.595877,3.655904
ISIC_0013044,5.379535,0.8239797
ISIC_0013045,5.7466664,1.5440471
ISIC_0013047,7.905578,3.5513806
ISIC_0013048,6.1341453,1.9074175
ISIC_0013049,7.463342,3.6783001
ISIC_0013050,5.114901,1.8126523
ISIC_0013051,5.7550573,2.0266151
ISIC_0013052,7.8909683,3.7026193
ISIC_0013053,5.433625,1.5172555
ISIC_0013054,5.802975,1.7185742
ISIC_0013055,5.537719,0.7962437
ISIC_0013056,5.136493,1.7679943
ISIC_0013057,7.759378,3.4970899
ISIC_0013059,5.028146,2.4130676
ISIC_0013060,5.124357,1.2153399
ISIC_0013061,5.539363,1.3935269
ISIC_0013062,4.8365226,1.9494958
ISIC_0013063,5.154662,2.3331234
ISIC_0013066,4.9473333,1.266817
ISIC_0013067,5.1159563,2.297756
ISIC_0013068,5.5986776,2.2859411
ISIC_0013069,5.1113214,2.427899
ISIC_0013070,7.6079097,3.0063088
ISIC_0013071,7.7066216,3.0984766
ISIC_0013072,7.9551835,3.6014843
ISIC_0013073,8.027943,3.7005136
ISIC_0013074,7.6356206,2.990859
ISIC_0013075,7.5116663,2.9944942
ISIC_0013076,7.4586606,3.7119489
ISIC_0013077,7.801667,2.9528883
ISIC_0013079,7.9400983,3.7665174
ISIC_0013080,1.1653084,6.6095967
ISIC_0013082,7.3071613,2.9231343
ISIC_0013083,7.954536,3.771836
ISIC_0013084,7.72611,3.5059476
ISIC_0013085,6.905712,3.3967924
ISIC_0013086,7.5241623,3.1916573
ISIC_0013087,7.4380198,3.2024415
ISIC_0013088,7.6538167,3.0822673
ISIC_0013089,5.4533205,2.0607643
ISIC_0013090,7.7546206,3.5275874
ISIC_0013092,7.317179,3.5314996
ISIC_0013094,7.468864,3.0698972
ISIC_0013095,7.447558,2.7621799
ISIC_0013096,8.052892,3.6625297
ISIC_0013097,7.924589,3.4662611
ISIC_0013099,7.400184,3.460344
ISIC_0013102,0.59420574,7.0930605
ISIC_0013103,7.909949,3.6569662
ISIC_0013104,5.7339654,0.5568068
ISIC_0013105,7.4561434,3.4166608
ISIC_0013106,7.207192,2.7122648
ISIC_0013107,7.812788,3.3714883
ISIC_0013109,7.9762454,3.4724417
ISIC_0013110,7.761056,3.1321425
ISIC_0013111,7.635208,3.3662999
ISIC_0013113,7.8237576,3.6080294
ISIC_0013114,6.94079,3.2917986
ISIC_0013115,7.762357,3.7433934
ISIC_0013116,4.8572345,1.6029278
ISIC_0013117,7.638019,3.022318
ISIC_0013118,7.3432417,2.8315268
ISIC_0013119,7.5325675,2.7968519
ISIC_0013121,7.182935,2.8318753
ISIC_0013122,7.094196,3.2374656
ISIC_0013124,5.4837337,2.576724
ISIC_0013125,5.5589333,2.7065754
ISIC_0013126,5.7359257,2.4184446
ISIC_0013127,7.5829616,3.017169
ISIC_0013128,5.593888,2.113226
ISIC_0013129,7.6896315,3.424759
ISIC_0013130,5.9716053,2.1921732
ISIC_0013131,5.4296594,2.3699014
ISIC_0013132,7.339626,2.867049
ISIC_0013133,-0.44959587,7.157188
ISIC_0013134,5.659302,2.503558
ISIC_0013135,5.634995,0.7136294
ISIC_0013140,5.4567847,1.5744596
ISIC_0013141,7.1746936,2.9490225
ISIC_0013142,5.659221,0.9631237
ISIC_0013143,7.4346805,2.8994498
ISIC_0013145,7.7337527,3.0588791
ISIC_0013146,7.6170015,3.5897694
ISIC_0013148,7.5422764,3.1868813
ISIC_0013150,7.9314485,3.6937578
ISIC_0013153,7.8261952,3.7246485
ISIC_0013154,4.914018,2.0515697
ISIC_0013155,5.7424145,2.2841368
ISIC_0013156,6.7821383,3.41645
ISIC_0013158,7.304627,3.558119
ISIC_0013163,7.919526,3.5346313
ISIC_0013164,5.7692194,2.3231297
ISIC_0013165,5.579789,1.2963047
ISIC_0013167,5.2816954,2.5343778
ISIC_0013169,7.386865,3.5574434
ISIC_0013173,5.713384,2.0251408
ISIC_0013174,7.9082956,3.710294
ISIC_0013176,7.943199,3.5095642
ISIC_0013180,4.8901334,1.7002977
ISIC_0013181,7.653728,3.6838484
ISIC_0013183,7.74754,3.1784513
ISIC_0013184,5.0043306,1.1982542
ISIC_0013185,7.8802357,3.226833
ISIC_0013187,7.9636383,3.4644158
ISIC_0013188,7.4318905,3.5769405
ISIC_0013190,4.4638677,1.2447369
ISIC_0013191,7.74626,2.9938004
ISIC_0013192,7.577349,2.9855072
ISIC_0013195,7.623543,3.172161
ISIC_0013196,7.6853533,3.0553577
ISIC_0013197,7.7615533,3.0482883
ISIC_0013198,7.406174,3.3587198
ISIC_0013200,7.936639,3.682856
ISIC_0013201,7.9247265,3.7225516
ISIC_0013202,5.432399,2.244688
ISIC_0013203,7.007808,3.1997712
ISIC_0013204,7.512795,3.102881
ISIC_0013205,7.7792516,3.2684224
ISIC_0013206,7.848886,3.0899975
ISIC_0013208,7.6974325,3.2131748
ISIC_0013212,8.058163,3.6990469
ISIC_0013214,7.727588,3.094289
ISIC_0013215,7.8125014,3.3736324
ISIC_0013216,5.524046,2.3901677
ISIC_0013217,5.4813027,2.4570503
ISIC_0013218,5.220345,1.4268693
ISIC_0013219,7.8889747,3.4023774
ISIC_0013220,7.598324,3.03594
ISIC_0013221,7.7166653,3.5901413
ISIC_0013222,6.9878855,2.4012117
ISIC_0013223,7.1126833,3.33717
ISIC_0013224,5.6373186,2.059695
ISIC_0013226,-5.433069,7.5587792
ISIC_0013227,5.3502965,2.7837842
ISIC_0013229,5.7874465,0.5536866
ISIC_0013230,7.930737,3.3781922
ISIC_0013231,6.0072575,1.3700489
ISIC_0013232,7.8932414,3.6110382
ISIC_0013233,7.0319295,3.3295984
ISIC_0013235,7.3664613,3.2970586
ISIC_0013237,7.6972566,3.1485634
ISIC_0013238,5.639461,1.2027777
ISIC_0013241,4.875241,1.7817683
ISIC_0013242,5.811404,1.1173588
ISIC_0013244,7.518109,2.8460486
ISIC_0013245,5.537168,2.5443416
ISIC_0013246,7.2607126,3.4369032
ISIC_0013248,8.032206,3.5921085
ISIC_0013250,-5.1545587,5.2176404
ISIC_0013251,5.5698977,2.4934912
ISIC_0013252,5.543149,2.5298803
ISIC_0013255,7.2896338,2.6549418
ISIC_0013256,7.8805356,3.7392905
ISIC_0013257,6.236988,2.1560824
ISIC_0013258,7.5145993,2.772022
ISIC_0013259,6.041001,1.6368043
ISIC_0013260,6.1392875,2.3005376
ISIC_0013263,-0.07005337,7.436191
ISIC_0013264,5.5342727,2.569408
ISIC_0013265,5.875091,1.9397119
ISIC_0013266,7.3405266,2.7583687
ISIC_0013267,5.0145583,1.7624855
ISIC_0013269,8.077276,3.7028747
ISIC_0013270,5.165791,1.1318905
ISIC_0013271,7.2037,2.7303164
ISIC_0013272,5.7897434,1.9495316
ISIC_0013273,5.239128,2.6702936
ISIC_0013274,5.3028436,1.3098425
ISIC_0013275,5.485983,1.7272843
ISIC_0013276,5.6284404,2.7940898
ISIC_0013277,6.320161,1.9947274
ISIC_0013278,7.8889637,3.6347172
ISIC_0013279,7.9657702,3.6852047
ISIC_0013281,7.1610518,3.3699636
ISIC_0013282,4.9974136,1.6661341
ISIC_0013283,7.501395,3.5186372
ISIC_0013285,5.643042,1.8014662
ISIC_0013286,5.031495,1.8381919
ISIC_0013287,7.9870186,3.445321
ISIC_0013288,5.4935846,1.802488
ISIC_0013289,7.3946395,3.381994
ISIC_0013290,5.6451178,0.61347616
ISIC_0013291,5.60264,0.8189121
ISIC_0013292,5.5735087,0.90732133
ISIC_0013293,5.415213,1.8614503
ISIC_0013294,5.367487,1.8256114
ISIC_0013295,4.9103804,1.6868116
ISIC_0013302,7.6177444,3.4450781
ISIC_0013303,5.4430017,2.401771
ISIC_0013304,5.8498573,1.7848707
ISIC_0013305,5.801669,1.5160204
ISIC_0013306,7.086303,3.4260066
ISIC_0013307,7.7529087,3.740002
ISIC_0013308,7.606849,3.5288475
ISIC_0013309,7.4172087,3.3892932
ISIC_0013311,6.6296806,2.2686894
ISIC_0013312,5.223064,1.1179715
ISIC_0013314,7.9670033,3.6008267
ISIC_0013317,6.5137315,2.0734358
ISIC_0013318,6.211265,2.2004666
ISIC_0013319,5.383367,2.0043817
ISIC_0013320,5.091199,1.5704787
ISIC_0013321,5.058651,1.8424098
ISIC_0013325,6.4287925,2.2001302
ISIC_0013329,7.799976,3.1432886
ISIC_0013330,7.8918357,3.2682385
ISIC_0013331,4.923459,1.5360167
ISIC_0013332,5.5654397,1.7182282
ISIC_0013333,5.607415,2.0743017
ISIC_0013334,4.8651376,2.4337769
ISIC_0013335,6.9890895,2.5854802
ISIC_0013337,7.6385813,2.9896524
ISIC_0013338,5.5698485,2.5855458
ISIC_0013339,5.4618945,2.206704
ISIC_0013340,5.270476,1.1580422
ISIC_0013342,5.7141004,1.8250563
ISIC_0013344,5.830163,2.097265
ISIC_0013345,5.656284,0.6984672
ISIC_0013346,5.7702436,0.9121674
ISIC_0013347,5.1162505,1.7393041
ISIC_0013349,5.178892,1.1784632
ISIC_0013350,5.3661222,2.2177584
ISIC_0013352,5.212016,2.3423622
ISIC_0013353,5.5611873,1.5390978
ISIC_0013355,5.8896747,1.4761664
ISIC_0013356,7.7039604,3.127557
ISIC_0013357,6.1026254,2.2836735
ISIC_0013358,5.658056,2.3624437
ISIC_0013359,5.4969635,0.7893233
ISIC_0013360,6.8262606,3.2984402
ISIC_0013361,5.84575,2.1868129
ISIC_0013362,7.3744955,3.5927873
ISIC_0013363,7.208653,3.515793
ISIC_0013364,5.2715697,2.1284933
ISIC_0013365,4.9886327,1.6850951
ISIC_0013366,5.9712896,1.6573521
ISIC_0013369,5.557812,2.5230663
ISIC_0013370,5.771975,2.1235347
ISIC_0013371,5.2688756,1.8214957
ISIC_0013372,5.4822626,1.1536291
ISIC_0013373,5.5982833,1.2162489
ISIC_0013374,7.798874,3.5830858
ISIC_0013375,4.806041,1.6522177
ISIC_0013377,7.4928427,3.0752208
ISIC_0013378,7.538809,3.1779397
ISIC_0013379,5.6218266,1.6235192
ISIC_0013380,5.0469365,1.3681617
ISIC_0013381,7.3231487,3.35765
ISIC_0013383,6.8085685,2.862904
ISIC_0013385,6.1445637,1.6856939
ISIC_0013386,4.717534,1.9683945
ISIC_0013388,5.448631,0.7054505
ISIC_0013389,4.873204,1.8839513
ISIC_0013391,5.0607505,1.5991721
ISIC_0013392,5.0990977,1.1858417
ISIC_0013393,4.84828,2.3455625
ISIC_0013394,5.774359,2.2756393
ISIC_0013395,5.50412,1.441731
ISIC_0013396,6.0536532,2.181269
ISIC_0013397,5.3521686,2.6135259
ISIC_0013398,5.9396396,1.6722636
ISIC_0013400,5.5895066,1.4450011
ISIC_0013401,5.5774856,2.4286242
ISIC_0013403,4.7593718,1.1696626
ISIC_0013405,7.526536,3.5197814
ISIC_0013406,4.7085066,1.3723644
ISIC_0013407,4.8736243,2.4502597
ISIC_0013408,5.522818,2.452257
ISIC_0013409,5.8476715,2.9565847
ISIC_0013410,7.533573,3.5560791
ISIC_0013411,1.6288855,4.06088
ISIC_0013413,7.551489,2.9644094
ISIC_0013416,5.70373,1.6989237
ISIC_0013417,6.0273337,1.7184296
ISIC_0013419,5.7365484,0.78889984
ISIC_0013421,4.933653,2.4224758
ISIC_0013422,5.355052,1.7515651
ISIC_0013423,5.335502,1.6697155
ISIC_0013424,5.2003293,1.7978951
ISIC_0013425,5.8207417,2.4843898
ISIC_0013426,5.565651,1.6265786
ISIC_0013427,5.622978,0.8799524
ISIC_0013428,5.4583936,0.7131641
ISIC_0013429,5.9563446,2.3631284
ISIC_0013430,5.8529325,2.0332623
ISIC_0013432,5.6314125,1.0329883
ISIC_0013433,5.435319,1.6547072
ISIC_0013434,5.650155,1.39013
ISIC_0013435,6.1205883,1.6094353
ISIC_0013436,5.027377,2.5749702
ISIC_0013437,6.218861,2.1829193
ISIC_0013438,5.353394,1.9526255
ISIC_0013441,5.0349684,1.5842428
ISIC_0013442,5.3410835,0.8386958
ISIC_0013444,5.393187,2.038813
ISIC_0013447,7.396053,3.1799097
ISIC_0013448,7.127366,3.5116718
ISIC_0013449,4.7310357,1.7251629
ISIC_0013450,4.7537045,2.1669009
ISIC_0013452,5.410262,2.0572734
ISIC_0013453,4.922829,1.8772777
ISIC_0013454,5.5991473,2.0129683
ISIC_0013455,5.4639893,0.88927364
ISIC_0013456,5.472857,2.0140467
ISIC_0013457,5.701699,1.3159463
ISIC_0013458,5.659961,1.5711311
ISIC_0013459,4.8826346,1.2000415
ISIC_0013460,5.444871,2.033001
ISIC_0013462,4.5452433,2.2908707
ISIC_0013463,4.6867175,2.1444647
ISIC_0013465,5.0950975,2.5792587
ISIC_0013466,4.853268,1.8202145
ISIC_0013469,7.8396974,2.91042
ISIC_0013470,5.8514185,2.2220457
ISIC_0013471,5.4779606,2.2001667
ISIC_0013472,5.695886,1.1080256
ISIC_0013473,5.1864986,1.444112
ISIC_0013474,-1.853589,6.230935
ISIC_0013476,5.620551,2.1814516
ISIC_0013477,5.1217446,1.6499723
ISIC_0013478,5.1685877,1.8330154
ISIC_0013479,5.79759,2.3775227
ISIC_0013480,4.6155114,1.4045275
ISIC_0013481,5.514598,2.2157114
ISIC_0013484,7.7951374,3.1127634
ISIC_0013486,7.728632,3.3797836
ISIC_0013487,7.8590193,3.4535716
ISIC_0013490,6.0291696,1.8444206
ISIC_0013491,5.449233,0.9201906
ISIC_0013492,8.016304,3.4540565
ISIC_0013493,5.326598,1.130468
ISIC_0013494,5.486521,1.2132211
ISIC_0013495,5.312514,1.1398622
ISIC_0013497,4.9222813,1.0974706
ISIC_0013498,5.4580946,0.8543936
ISIC_0013499,5.4000287,0.7711945
ISIC_0013500,5.774367,1.4401526
ISIC_0013501,6.0179577,2.230968
ISIC_0013502,5.2475986,2.6712034
ISIC_0013503,4.9934325,1.4792143
ISIC_0013504,4.8337255,2.1901643
ISIC_0013505,5.068527,2.5705514
ISIC_0013506,5.386548,2.5278137
ISIC_0013508,4.7681375,1.8526992
ISIC_0013509,4.7668967,2.212095
ISIC_0013511,7.3102336,3.540758
ISIC_0013512,7.393049,3.3968782
ISIC_0013514,4.8619823,2.2009952
ISIC_0013515,6.2260747,2.0887692
ISIC_0013516,5.576208,1.8832394
ISIC_0013517,5.526091,0.82777125
ISIC_0013518,5.63896,0.9806354
ISIC_0013524,7.9370637,3.6057913
ISIC_0013525,7.8409004,3.3793018
ISIC_0013526,7.585241,2.9976692
ISIC_0013528,6.012392,2.0260673
ISIC_0013529,5.908934,1.5375695
ISIC_0013530,5.479645,0.8066616
ISIC_0013531,5.593525,1.646016
ISIC_0013532,5.394449,1.3291398
ISIC_0013533,5.0799646,1.6680974
ISIC_0013538,5.7008862,2.1242337
ISIC_0013539,7.3267574,3.3344347
ISIC_0013540,4.989732,2.0938616
ISIC_0013541,5.1764355,1.1723878
ISIC_0013542,4.8844028,2.234111
ISIC_0013543,6.0338817,2.1285176
ISIC_0013544,5.71909,1.374877
ISIC_0013545,7.3404617,3.390562
ISIC_0013546,7.350556,3.417588
ISIC_0013547,7.359767,3.3776417
ISIC_0013548,5.6929317,2.17616
ISIC_0013549,5.2223225,2.1985075
ISIC_0013554,5.8672414,1.5405524
ISIC_0013555,5.042589,1.3297864
ISIC_0013558,4.798108,1.4382329
ISIC_0013559,4.5429335,1.200256
ISIC_0013564,4.5174584,1.5422732
ISIC_0013565,5.186507,1.7325498
ISIC_0013567,5.0539637,2.6846404
ISIC_0013568,7.828353,3.3790145
ISIC_0013570,6.72645,3.417178
ISIC_0013571,7.724421,3.4583342
ISIC_0013572,7.2422743,2.8129504
ISIC_0013574,5.4272504,2.166947
ISIC_0013575,4.733969,1.9229999
ISIC_0013576,4.747749,1.7102307
ISIC_0013577,4.81453,1.827792
ISIC_0013578,5.303405,1.0194689
ISIC_0013579,5.2595615,1.0364231
ISIC_0013580,5.486806,1.7882181
ISIC_0013581,8.020462,3.7253618
ISIC_0013582,5.832391,0.5520613
ISIC_0013583,5.48182,1.0210706
ISIC_0013584,5.450584,0.78436214
ISIC_0013585,5.3334017,0.9979481
ISIC_0013586,5.2635274,1.2546742
ISIC_0013587,5.8218937,2.3148198
ISIC_0013588,5.518711,1.8968884
ISIC_0013589,5.1580677,1.4768871
ISIC_0013590,5.427605,0.88902754
ISIC_0013591,5.6312475,0.66778874
ISIC_0013592,5.34215,1.3925247
ISIC_0013594,5.3087454,1.0445895
ISIC_0013595,7.9701996,3.5879302
ISIC_0013596,7.901077,3.675114
ISIC_0013597,7.8933487,3.3948781
ISIC_0013598,7.802355,3.3108535
ISIC_0013599,5.3863735,1.7477008
ISIC_0013600,5.346194,0.79354274
ISIC_0013601,5.121492,0.881516
ISIC_0013602,5.3691144,0.9216624
ISIC_0013603,5.806226,0.58815855
ISIC_0013604,7.826376,3.084765
ISIC_0013605,7.2144833,3.5015197
ISIC_0013606,5.6840563,1.7571088
ISIC_0013607,7.9198794,3.5949233
ISIC_0013610,7.4165187,3.5179355
ISIC_0013611,7.182047,2.8592799
ISIC_0013613,7.359981,3.499485
ISIC_0013614,4.942324,2.0168188
ISIC_0013615,5.861451,2.1757686
ISIC_0013616,6.2189045,1.4760834
ISIC_0013617,5.7482967,1.3296366
ISIC_0013618,5.070542,1.0823349
ISIC_0013619,4.9667172,2.2895606
ISIC_0013620,5.433102,2.5649905
ISIC_0013621,5.4398513,2.0573852
ISIC_0013622,4.994273,1.9022719
ISIC_0013623,5.2718096,2.540017
ISIC_0013624,5.215444,2.359354
ISIC_0013625,5.071615,1.5260282
ISIC_0013626,4.6524596,1.2456763
ISIC_0013627,5.1726327,2.7026882
ISIC_0013628,7.515675,3.147414
ISIC_0013632,6.979203,3.3772113
ISIC_0013633,7.5536847,3.5906758
ISIC_0013634,5.5444717,0.6497297
ISIC_0013636,6.103497,1.8808085
ISIC_0013637,5.0949063,1.7314452
ISIC_0013639,5.501891,0.7010998
ISIC_0013641,5.075733,1.503984
ISIC_0013643,5.7047462,1.553565
ISIC_0013646,7.203365,2.9488592
ISIC_0013649,5.1724033,1.606117
ISIC_0013651,6.218922,2.0854244
ISIC_0013652,7.837878,3.3653574
ISIC_0013655,5.997367,1.8852789
ISIC_0013656,5.8669424,1.663214
ISIC_0013657,4.950215,1.6597894
ISIC_0013658,5.6591454,1.5587863
ISIC_0013660,5.3336444,0.8027187
ISIC_0013661,5.3806233,1.2164783
ISIC_0013662,5.304383,0.88097996
ISIC_0013663,8.030063,3.6643767
ISIC_0013664,8.035611,3.714234
ISIC_0013666,5.2099886,2.4161785
ISIC_0013667,5.435786,0.7659356
ISIC_0013668,-0.24134551,7.550474
ISIC_0013670,5.441196,0.86396426
ISIC_0013671,5.6613092,2.1349027
ISIC_0013672,5.8439465,1.4596316
ISIC_0013673,4.992988,2.821707
ISIC_0013675,5.429375,1.2248431
ISIC_0013676,6.9139686,2.860682
ISIC_0013680,4.9240046,2.2650254
ISIC_0013682,7.118044,3.3662775
ISIC_0013683,7.2774043,3.6097727
ISIC_0013686,6.988425,3.4928427
ISIC_0013687,7.7597833,3.427588
ISIC_0013688,5.5974126,2.2257547
ISIC_0013689,5.8821163,1.5789508
ISIC_0013690,5.725586,2.02418
ISIC_0013692,5.5013537,2.3137825
ISIC_0013693,4.801899,2.1908507
ISIC_0013695,5.675146,0.9315237
ISIC_0013696,6.5969152,2.0416296
ISIC_0013697,6.012824,1.6094692
ISIC_0013699,5.0187316,2.2034893
ISIC_0013700,6.825778,3.3461778
ISIC_0013701,7.9642186,3.6588993
ISIC_0013702,6.3228407,2.0192645
ISIC_0013704,5.031618,2.0133674
ISIC_0013707,4.723767,1.7050881
ISIC_0013708,4.643632,1.4153676
ISIC_0013712,5.5814013,1.6101725
ISIC_0013713,5.4206443,1.8257352
ISIC_0013714,5.8887467,1.9022796
ISIC_0013715,5.6907244,2.5624037
ISIC_0013716,5.5127134,1.9437017
ISIC_0013718,6.1637754,1.7398173
ISIC_0013719,7.405377,2.8920841
ISIC_0013720,5.579698,1.537422
ISIC_0013723,7.148838,3.1452312
ISIC_0013724,7.383756,3.5966053
ISIC_0013725,7.1963143,3.5884662
ISIC_0013729,4.6366696,1.8073151
ISIC_0013730,6.241647,1.9463087
ISIC_0013731,5.487731,2.186534
ISIC_0013732,5.147842,1.9910516
ISIC_0013733,5.867074,0.76308835
ISIC_0013734,5.431323,2.1738513
ISIC_0013735,5.905996,1.1920837
ISIC_0013736,6.3720927,1.9593375
ISIC_0013737,5.890856,1.544451
ISIC_0013738,5.786642,1.3110131
ISIC_0013739,7.517014,3.6605172
ISIC_0013740,7.0522366,3.0227053
ISIC_0013742,7.707824,2.988751
ISIC_0013743,7.812563,3.1398182
ISIC_0013744,7.7766504,3.1540291
ISIC_0013746,4.5230393,2.4601855
ISIC_0013747,6.517132,2.0865238
ISIC_0013748,6.346829,2.3479097
ISIC_0013749,6.3610644,2.0910163
ISIC_0013752,5.23594,2.3550465
ISIC_0013755,5.284765,0.8440997
ISIC_0013758,5.4612575,1.8158529
ISIC_0013762,5.4903126,1.1299597
ISIC_0013765,6.0597634,1.5151639
ISIC_0013766,5.618534,1.1507283
ISIC_0013767,5.683309,0.8982598
ISIC_0013768,5.5688086,0.76918304
ISIC_0013769,6.5051136,2.083555
ISIC_0013770,7.21524,3.4514875
ISIC_0013771,5.2950454,1.1348575
ISIC_0013772,2.8804677,4.233631
ISIC_0013773,4.5302057,1.3365363
ISIC_0013774,5.644083,2.1780205
ISIC_0013775,4.4595933,1.291734
ISIC_0013777,5.3138247,1.2598013
ISIC_0013778,6.1396976,2.3697143
ISIC_0013779,7.4522285,2.9369223
ISIC_0013780,4.4072666,1.3822436
ISIC_0013781,7.685967,3.6821895
ISIC_0013782,5.7317553,2.4978368
ISIC_0013783,7.9917045,3.6695547
ISIC_0013786,7.183538,2.6634927
ISIC_0013789,7.6860676,3.4327123
ISIC_0013792,7.8887625,3.4164698
ISIC_0013793,7.809478,3.3565073
ISIC_0013794,7.876547,3.382891
ISIC_0013795,7.861769,3.2935634
ISIC_0013796,7.8058896,3.1159134
ISIC_0013797,5.5976543,1.7002023
ISIC_0013798,5.7366543,1.861755
ISIC_0013799,7.60955,2.9639902
ISIC_0013800,7.646556,2.9894896
ISIC_0013801,5.494428,1.9420625
ISIC_0013802,5.582001,1.9942933
ISIC_0013803,7.6928287,3.31158
ISIC_0013804,7.7556553,3.2513137
ISIC_0013805,5.506989,1.6592301
ISIC_0013806,5.5132365,1.5710348
ISIC_0013807,5.6779532,1.7924502
ISIC_0013808,5.6895275,1.8739038
ISIC_0013809,5.2201138,1.0100063
ISIC_0013810,7.622632,2.9401798
ISIC_0013811,5.5324473,1.9488966
ISIC_0013813,4.715706,1.6984253
ISIC_0013814,4.7393036,1.3530972
ISIC_0013815,5.67684,1.4458647
ISIC_0013817,4.604921,1.4711688
ISIC_0013820,4.448101,1.2175854
ISIC_0013822,5.2085185,1.9693937
ISIC_0013824,7.5432777,3.3809803
ISIC_0013825,7.522633,3.322829
ISIC_0013826,7.058483,3.3720798
ISIC_0013829,1.0117756,5.0559926
ISIC_0013830,5.6734223,1.176421
ISIC_0013831,7.9887,3.5733604
ISIC_0013832,5.1714225,0.884249
ISIC_0013833,5.585123,0.5156536
ISIC_0013835,5.884603,1.7065123
ISIC_0013836,5.9565,1.6517872
ISIC_0013837,7.6736445,3.3157701
ISIC_0013839,7.1040606,2.980011
ISIC_0013841,4.9893827,1.251581
ISIC_0013842,5.6176233,0.9572705
ISIC_0013843,6.2376804,1.7121255
ISIC_0013844,7.7400956,3.712054
ISIC_0013845,7.945671,3.7380803
ISIC_0013846,5.150586,1.500303
ISIC_0013848,5.1089272,2.7794478
ISIC_0013849,6.0365295,2.303115
ISIC_0013850,6.13605,2.0302708
ISIC_0013852,4.9337096,1.5392207
ISIC_0013853,5.146338,1.7725979
ISIC_0013854,4.9772406,1.6273918
ISIC_0013857,4.9612184,1.4268867
ISIC_0013858,4.739723,1.733993
ISIC_0013859,4.8903885,2.2941332
ISIC_0013860,5.017318,1.3580974
ISIC_0013861,5.4703603,0.86807823
ISIC_0013862,5.7047133,0.71833515
ISIC_0013863,7.0704427,3.3572748
ISIC_0013864,6.0601687,2.4222353
ISIC_0013865,5.377447,0.9501814
ISIC_0013867,5.4480963,1.1802437
ISIC_0013869,4.9369493,1.7142068
ISIC_0013870,4.9052258,2.2392566
ISIC_0013872,7.192524,3.3427172
ISIC_0013874,5.3410263,1.2933745
ISIC_0013876,5.286211,0.9897325
ISIC_0013877,4.9216294,1.5502614
ISIC_0013879,5.4610686,1.1772572
ISIC_0013883,5.5039473,0.82837856
ISIC_0013886,5.5951014,2.0339832
ISIC_0013887,7.696603,3.2264545
ISIC_0013888,5.7668996,2.5319219
ISIC_0013890,5.1022534,2.5807996
ISIC_0013891,6.360562,1.8376942
ISIC_0013892,5.853948,2.4472644
ISIC_0013893,4.9257536,1.3676744
ISIC_0013894,4.8937044,1.5995373
ISIC_0013895,5.403834,1.4874254
ISIC_0013896,5.714601,1.0674297
ISIC_0013897,5.7167087,1.0627441
ISIC_0013898,5.893191,1.6862475
ISIC_0013900,4.942981,2.8318436
ISIC_0013901,7.3006954,2.809228
ISIC_0013904,5.941614,1.7264642
ISIC_0013905,7.556399,2.938525
ISIC_0013906,7.566313,2.8353274
ISIC_0013907,7.68742,2.9263966
ISIC_0013908,7.708767,3.3820312
ISIC_0013909,7.7433934,3.0282342
ISIC_0013911,7.7089534,3.0614612
ISIC_0013912,7.735902,3.5680459
ISIC_0013914,5.426286,2.5033677
ISIC_0013915,5.1329656,1.1863842
ISIC_0013916,7.431073,2.8205209
ISIC_0013917,7.83009,3.6253002
ISIC_0013918,7.0232606,2.594259
ISIC_0013920,5.568075,2.6668363
ISIC_0013921,5.5913644,0.6516666
ISIC_0013922,5.495652,1.2435482
ISIC_0013924,5.2950897,0.77010715
ISIC_0013926,5.4594746,1.1801279
ISIC_0013927,4.923478,1.8522388
ISIC_0013928,5.427713,0.71637034
ISIC_0013929,5.6462317,1.3709255
ISIC_0013930,5.7328935,1.3423667
ISIC_0013931,4.885361,2.3815463
ISIC_0013933,6.1890173,1.7565427
ISIC_0013935,5.521705,1.1895211
ISIC_0013936,7.672273,2.987304
ISIC_0013937,7.800871,3.5845454
ISIC_0013938,5.1923547,0.95147586
ISIC_0013940,5.542347,0.6753308
ISIC_0013942,6.199203,1.784121
ISIC_0013943,5.5333276,1.7313614
ISIC_0013945,5.788852,2.026073
ISIC_0013946,5.7168508,2.2871275
ISIC_0013947,4.971522,1.2940799
ISIC_0013948,7.6046305,2.8845563
ISIC_0013951,-2.6144586,7.051171
ISIC_0013953,5.2794223,2.6251054
ISIC_0013954,4.945543,2.6096573
ISIC_0013956,5.8701377,2.3714933
ISIC_0013957,5.4423447,1.4983441
ISIC_0013959,5.1310077,1.3416137
ISIC_0013960,7.6425147,3.6826448
ISIC_0013961,5.8788633,2.19859
ISIC_0013962,5.597488,1.6901581
ISIC_0013963,5.4895144,1.3608207
ISIC_0013964,5.2457385,1.2272483
ISIC_0013966,7.160841,3.4973376
ISIC_0013968,5.138624,2.2619286
ISIC_0013969,5.548136,1.9316827
ISIC_0013970,5.392911,1.6344326
ISIC_0013971,7.21161,3.2834737
ISIC_0013972,6.2129846,1.6644113
ISIC_0013973,7.7226853,3.1154525
ISIC_0013974,5.2545,2.757718
ISIC_0013975,7.659625,3.726076
ISIC_0013976,7.349352,3.4437094
ISIC_0013978,5.2161336,2.3144321
ISIC_0013979,5.895188,1.7197104
ISIC_0013980,5.920357,2.3171442
ISIC_0013981,5.4459715,1.872107
ISIC_0013982,4.970155,2.0844219
ISIC_0013984,7.8957562,3.588089
ISIC_0013987,7.995427,3.7533216
ISIC_0013988,7.991751,3.7789264
ISIC_0013989,4.5736227,1.9169041
ISIC_0013990,4.779937,2.101122
ISIC_0013991,5.4391885,1.4682878
ISIC_0013992,5.988121,1.7619523
ISIC_0013995,6.2993093,1.8448441
ISIC_0013996,6.3575897,1.8511451
ISIC_0013997,5.3429184,1.165208
ISIC_0013998,5.867474,1.8449826
ISIC_0013999,5.8014493,2.5049307
ISIC_0014000,5.386087,0.82046556
ISIC_0014001,5.402725,1.943415
ISIC_0014002,5.0423365,2.040707
ISIC_0014005,5.5651164,1.3218093
ISIC_0014009,5.657677,2.5454383
ISIC_0014010,6.0212603,2.1546874
ISIC_0014011,5.486198,2.4652054
ISIC_0014013,5.639813,1.5146376
ISIC_0014014,4.7793665,1.4582419
ISIC_0014018,5.4398036,1.9492296
ISIC_0014019,7.24743,3.601489
ISIC_0014020,7.534112,3.5996237
ISIC_0014021,7.506114,3.635356
ISIC_0014023,6.972369,3.5476382
ISIC_0014024,7.3765397,3.388143
ISIC_0014025,5.2982454,1.1871601
ISIC_0014026,6.1982713,2.0472775
ISIC_0014028,5.6154156,1.8385104
ISIC_0014029,7.9987946,3.7028666
ISIC_0014030,7.8979917,3.674033
ISIC_0014031,5.5931435,2.1047075
ISIC_0014032,5.7300773,2.0559878
ISIC_0014033,5.6301374,2.2606018
ISIC_0014034,5.149216,2.190227
ISIC_0014035,7.626875,3.0734453
ISIC_0014037,4.5181036,2.5401292
ISIC_0014038,5.2489924,2.004701
ISIC_0014039,5.274015,1.6486049
ISIC_0014040,5.2199736,2.4672616
ISIC_0014041,5.426017,2.4670384
ISIC_0014042,5.546759,0.8805156
ISIC_0014043,5.5792317,1.2517055
ISIC_0014044,5.3073025,0.8711068
ISIC_0014045,6.351918,2.2295759
ISIC_0014046,5.796389,1.5253161
ISIC_0014047,5.3690844,0.79367954
ISIC_0014049,8.010078,3.6544764
ISIC_0014050,7.3012505,2.9280317
ISIC_0014051,7.387934,2.8599098
ISIC_0014052,7.8333845,3.6717951
ISIC_0014053,5.596806,0.6237052
ISIC_0014055,6.778026,3.4096508
ISIC_0014056,5.229952,0.9115226
ISIC_0014057,7.753661,3.3440254
ISIC_0014058,7.4562054,2.8720927
ISIC_0014059,5.8861895,1.4246078
ISIC_0014061,5.6076603,0.7754386
ISIC_0014062,5.612793,0.8635839
ISIC_0014064,7.166062,3.4888067
ISIC_0014066,5.796117,1.4028033
ISIC_0014067,6.3053107,2.1040344
ISIC_0014068,4.9091864,1.8088422
ISIC_0014069,5.5857573,0.90380114
ISIC_0014070,5.5861273,1.4806895
ISIC_0014071,6.0899863,2.3670957
ISIC_0014072,5.0837765,1.1922202
ISIC_0014073,5.4476357,0.9637652
ISIC_0014074,4.9063263,1.6737443
ISIC_0014075,6.3209524,1.9411259
ISIC_0014076,6.2897243,2.027455
ISIC_0014077,6.4063354,2.019765
ISIC_0014078,6.4459352,1.8927958
ISIC_0014079,-0.02997245,5.0583663
ISIC_0014080,4.606284,1.2374346
ISIC_0014081,4.542125,1.2964226
ISIC_0014082,5.1181755,0.9862454
ISIC_0014083,5.115507,1.2152557
ISIC_0014084,5.467399,1.4068178
ISIC_0014086,5.236705,1.0217108
ISIC_0014087,5.3960924,0.87022626
ISIC_0014088,5.5133,0.78546554
ISIC_0014089,5.0055513,1.6019335
ISIC_0014090,5.54542,1.9067165
ISIC_0014091,4.784829,1.6893268
ISIC_0014092,5.882436,0.91350234
ISIC_0014093,7.941272,3.4904282
ISIC_0014094,7.8323736,3.3268123
ISIC_0014095,4.726564,1.8753327
ISIC_0014096,5.380159,1.6992286
ISIC_0014097,5.0600376,1.2391953
ISIC_0014098,5.0806494,2.0892818
ISIC_0014099,4.7237506,2.2471018
ISIC_0014100,4.832026,2.0052347
ISIC_0014103,5.177226,2.5093367
ISIC_0014104,4.714466,1.591183
ISIC_0014106,5.083894,1.8696024
ISIC_0014107,4.7385054,1.5798886
ISIC_0014108,6.2877016,1.7410163
ISIC_0014109,5.18421,1.0280744
ISIC_0014110,5.1308875,1.0121099
ISIC_0014113,6.134547,2.4042602
ISIC_0014116,5.285437,0.92504406
ISIC_0014117,5.6968856,1.3198749
ISIC_0014120,4.9225807,2.3696737
ISIC_0014121,5.2692533,1.0889581
ISIC_0014122,4.9528275,1.8849632
ISIC_0014123,4.826143,1.2074853
ISIC_0014124,4.936418,1.1321105
ISIC_0014125,5.558525,0.6523279
ISIC_0014126,5.059716,1.0606064
ISIC_0014127,5.9943566,1.368055
ISIC_0014129,5.7452064,0.63213634
ISIC_0014131,6.5239377,2.1602023
ISIC_0014132,4.827055,1.1748602
ISIC_0014133,6.0204625,2.2571445
ISIC_0014135,5.386419,1.0956435
ISIC_0014137,5.456568,2.0195367
ISIC_0014138,5.685307,0.8259118
ISIC_0014139,5.119619,2.390245
ISIC_0014140,5.4793096,1.1281005
ISIC_0014141,6.2148743,1.4711844
ISIC_0014144,5.057607,0.9391869
ISIC_0014145,4.967315,2.0816348
ISIC_0014146,5.6742268,0.57018113
ISIC_0014148,4.6217422,1.1953492
ISIC_0014149,5.5792894,1.7684098
ISIC_0014150,4.645895,1.2052834
ISIC_0014151,5.827272,0.8413861
ISIC_0014152,4.8183126,1.360746
ISIC_0014155,5.207581,2.450599
ISIC_0014156,5.5257096,0.79027635
ISIC_0014157,5.503864,0.6780402
ISIC_0014158,5.6462116,2.2975848
ISIC_0014160,5.6264,1.2267879
ISIC_0014161,5.535088,0.7016757
ISIC_0014162,5.414122,1.6460987
ISIC_0014163,6.2032766,1.7313226
ISIC_0014164,6.038258,1.8963498
ISIC_0014165,5.7949734,0.80331147
ISIC_0014166,6.04791,1.5534147
ISIC_0014167,4.7790465,1.8312225
ISIC_0014169,5.3315024,1.1905801
ISIC_0014171,5.0875964,1.7274077
ISIC_0014172,4.881841,2.147627
ISIC_0014173,4.940949,1.8694638
ISIC_0014174,5.5343914,2.1243427
ISIC_0014175,4.6839314,1.8210814
ISIC_0014176,4.775908,1.9345927
ISIC_0014177,5.916159,2.4054747
ISIC_0014178,5.4519753,0.8584331
ISIC_0014179,6.240118,2.065021
ISIC_0014180,5.463134,0.75513506
ISIC_0014181,5.9265523,1.1025172
ISIC_0014182,5.6895823,0.925861
ISIC_0014183,5.750267,0.7679448
ISIC_0014184,5.5343647,1.1028881
ISIC_0014185,5.0962257,1.9362597
ISIC_0014186,5.84074,2.3478193
ISIC_0014187,5.240788,1.7860386
ISIC_0014188,4.9641557,1.497077
ISIC_0014189,5.537191,1.6639698
ISIC_0014190,5.467807,1.3197606
ISIC_0014191,6.4655724,2.0144713
ISIC_0014193,4.940087,2.2309985
ISIC_0014195,5.68919,2.0375507
ISIC_0014196,5.437115,0.7486658
ISIC_0014197,5.33359,1.6659933
ISIC_0014198,4.9422145,1.6299196
ISIC_0014199,5.1192775,1.2067866
ISIC_0014200,4.7212486,2.2683032
ISIC_0014205,4.8793,2.1480217
ISIC_0014207,4.7131796,2.1797943
ISIC_0014209,5.060115,2.5587244
ISIC_0014210,5.3845572,0.7553697
ISIC_0014211,6.083533,1.3976828
ISIC_0014212,4.8632426,1.7765094
ISIC_0014213,4.468104,1.3736774
ISIC_0014216,5.0622387,2.4316308
ISIC_0014217,5.744816,0.64509684
ISIC_0014218,4.82589,1.9647802
ISIC_0014219,5.191799,0.8757004
ISIC_0014222,-0.043768268,5.2951636
ISIC_0014223,5.2150116,2.1638284
ISIC_0014224,5.5156927,2.227401
ISIC_0014225,5.462431,0.9608637
ISIC_0014227,5.4164705,1.0007447
ISIC_0014228,6.162802,1.9869633
ISIC_0014229,5.2987647,1.0562378
ISIC_0014230,5.61919,0.62980026
ISIC_0014232,5.280069,1.4314225
ISIC_0014233,4.8363357,1.9963117
ISIC_0014234,5.1322665,1.5575238
ISIC_0014237,4.941366,1.2968609
ISIC_0014238,5.506254,0.9612939
ISIC_0014239,4.740759,2.0608716
ISIC_0014240,4.8019476,2.1228871
ISIC_0014241,4.8293905,2.0594778
ISIC_0014243,4.7832,1.765774
ISIC_0014244,5.097799,2.1685007
ISIC_0014245,5.638886,0.76989645
ISIC_0014246,5.340577,2.2212467
ISIC_0014247,5.0718007,1.6140375
ISIC_0014248,5.462763,1.8882725
ISIC_0014249,5.289363,0.9557048
ISIC_0014251,4.9023743,1.7072029
ISIC_0014252,4.974649,2.4587517
ISIC_0014253,5.665248,1.0190915
ISIC_0014261,6.4391313,2.13842
ISIC_0014262,6.001701,1.2095649
ISIC_0014263,5.3086166,0.9097328
ISIC_0014264,5.0559487,1.4309511
ISIC_0014265,4.4388757,1.3422507
ISIC_0014266,4.7668414,2.2987182
ISIC_0014267,5.457521,2.1168532
ISIC_0014270,5.674751,1.2952973
ISIC_0014271,5.7160664,1.3308387
ISIC_0014272,6.192424,1.9316391
ISIC_0014273,4.8617907,1.7524457
ISIC_0014274,5.867978,2.5448723
ISIC_0014275,4.747469,2.2530437
ISIC_0014276,4.964701,2.8075824
ISIC_0014277,5.271476,1.1070986
ISIC_0014278,6.471758,2.2743745
ISIC_0014279,4.9923615,2.8957384
ISIC_0014281,4.592064,1.1655307
ISIC_0014282,5.3128586,1.8962245
ISIC_0014283,5.6847963,0.59454966
ISIC_0014284,5.739015,1.8007132
ISIC_0014285,4.959678,1.31593
ISIC_0014286,5.606035,1.0809407
ISIC_0014288,5.3416085,0.9669688
ISIC_0014289,5.1657677,1.3908851
ISIC_0014290,-4.913488,7.258178
ISIC_0014291,6.031708,2.47316
ISIC_0014297,5.101639,0.99139774
ISIC_0014298,5.0233245,1.175762
ISIC_0014299,5.7765026,1.4039959
ISIC_0014300,5.209506,1.8832304
ISIC_0014302,5.59303,0.6386882
ISIC_0014303,5.1739106,1.6617287
ISIC_0014306,5.3430142,0.96743846
ISIC_0014307,4.6867156,1.3694891
ISIC_0014308,5.3438993,0.6967215
ISIC_0014309,4.881545,1.6751739
ISIC_0014310,5.437158,2.3324912
ISIC_0014311,4.356814,1.3425868
ISIC_0014312,4.8798614,1.5255301
ISIC_0014314,4.963366,1.543696
ISIC_0014315,4.904616,2.4309123
ISIC_0014316,5.466125,0.8226202
ISIC_0014317,6.029451,2.3717716
ISIC_0014318,5.239381,1.0987136
ISIC_0014319,5.288349,1.35512
ISIC_0014321,4.891322,2.0834708
ISIC_0014323,4.9187555,2.6709385
ISIC_0014324,5.0110226,1.9819047
ISIC_0014325,5.6569915,0.5595732
ISIC_0014326,4.852065,2.778327
ISIC_0014327,5.254862,0.7875489
ISIC_0014328,5.5037236,2.1071832
ISIC_0014329,6.4964385,2.2372725
ISIC_0014331,4.898278,1.2282776
ISIC_0014332,5.403727,0.77177256
ISIC_0014333,5.441164,1.3317577
ISIC_0014334,5.1533837,2.017303
ISIC_0014336,4.436272,1.1864232
ISIC_0014337,5.0859036,1.0821638
ISIC_0014339,4.9891973,1.622271
ISIC_0014340,4.4819493,2.5010376
ISIC_0014341,4.7868066,2.2771282
ISIC_0014343,5.8576617,0.570113
ISIC_0014344,5.7376122,0.7138519
ISIC_0014345,4.968593,1.8522104
ISIC_0014346,5.8387203,2.4277158
ISIC_0014347,5.3582554,0.833733
ISIC_0014349,5.412924,1.1135353
ISIC_0014351,4.7278786,2.093437
ISIC_0014352,5.06259,1.8138738
ISIC_0014353,5.193509,0.8297202
ISIC_0014354,6.3467016,2.222221
ISIC_0014355,4.984547,1.0702481
ISIC_0014357,4.26646,1.2968613
ISIC_0014358,4.7891107,1.9714022
ISIC_0014360,5.6462913,0.6306838
ISIC_0014361,6.2563105,1.8730172
ISIC_0014362,4.9671845,2.4690018
ISIC_0014363,6.04886,1.6208326
ISIC_0014365,6.158411,1.9606255
ISIC_0014366,5.719835,1.7353476
ISIC_0014367,4.5717635,1.1872071
ISIC_0014369,5.3597326,1.1980668
ISIC_0014370,6.041687,1.740759
ISIC_0014371,5.0345116,1.5913644
ISIC_0014372,5.3873286,0.8136097
ISIC_0014373,5.951599,2.1713676
ISIC_0014374,6.1309,1.3952681
ISIC_0014375,6.368799,2.4292245
ISIC_0014377,5.1693177,0.8494565
ISIC_0014378,5.425608,1.1050458
ISIC_0014379,5.5868173,0.98162293
ISIC_0014380,4.9322095,1.1673052
ISIC_0014382,4.8651695,1.5693978
ISIC_0014385,5.0257497,1.7601209
ISIC_0014386,6.248747,2.0865502
ISIC_0014387,5.469898,2.0077791
ISIC_0014388,5.144002,2.0205362
ISIC_0014389,5.5282254,2.1597984
ISIC_0014390,4.7433214,2.143584
ISIC_0014391,5.172539,2.625875
ISIC_0014392,-1.8325905,6.676992
ISIC_0014395,4.8710074,1.1134313
ISIC_0014397,4.9044557,2.373372
ISIC_0014399,5.7790875,2.153493
ISIC_0014400,5.893067,1.9220892
ISIC_0014401,4.851996,1.5937788
ISIC_0014402,4.774522,1.9808748
ISIC_0014403,5.3015227,1.3098156
ISIC_0014404,4.6564856,1.842348
ISIC_0014405,4.709372,2.137501
ISIC_0014406,4.738675,1.9917442
ISIC_0014408,5.2476025,1.0015188
ISIC_0014409,5.3194532,1.9530334
ISIC_0014412,5.041275,1.0328636
ISIC_0014413,6.3832073,2.0905378
ISIC_0014414,5.206103,0.99088436
ISIC_0014415,4.841868,2.2855716
ISIC_0014416,-2.3425896,8.0257845
ISIC_0014417,5.552644,1.3715943
ISIC_0014418,4.979912,2.3764408
ISIC_0014419,4.864959,1.2529029
ISIC_0014422,5.6154027,0.8900776
ISIC_0014423,5.190294,1.4648404
ISIC_0014424,6.057585,1.9542328
ISIC_0014425,4.991297,1.1090478
ISIC_0014426,4.852294,1.6733365
ISIC_0014427,5.8192797,2.3508158
ISIC_0014428,5.6599836,1.4691983
ISIC_0014429,4.710532,1.9458838
ISIC_0014430,5.226771,2.3672395
ISIC_0014431,5.843934,1.6872922
ISIC_0014432,5.9371467,2.4257598
ISIC_0014433,4.5119576,1.2070142
ISIC_0014434,5.431945,2.0618758
ISIC_0014437,4.554099,1.9272237
ISIC_0014438,-3.682714,8.86276
ISIC_0014439,5.290618,0.97926
ISIC_0014440,5.9941735,2.4558845
ISIC_0014441,5.334812,0.7649723
ISIC_0014442,5.002115,2.6408806
ISIC_0014445,4.7849455,1.7644112
ISIC_0014446,5.387055,1.1567931
ISIC_0014447,5.0007005,1.2816874
ISIC_0014448,6.244856,2.0648425
ISIC_0014450,6.1510243,1.2766242
ISIC_0014451,5.281489,1.0264246
ISIC_0014452,4.711546,1.7643656
ISIC_0014453,6.010393,2.2531343
ISIC_0014454,5.514742,0.75239295
ISIC_0014457,5.394593,1.716018
ISIC_0014458,5.6559157,0.6293398
ISIC_0014459,6.0413423,1.7239394
ISIC_0014460,4.6528406,2.0675917
ISIC_0014463,5.5588274,1.6124693
ISIC_0014465,5.311951,1.1331136
ISIC_0014466,5.063885,1.0174173
ISIC_0014469,5.466318,1.3871206
ISIC_0014470,5.387187,1.5130762
ISIC_0014471,5.5116477,1.0350755
ISIC_0014473,5.2152424,1.0198349
ISIC_0014474,4.7323213,2.2895436
ISIC_0014475,5.7942543,1.8519803
ISIC_0014476,6.4723716,1.9641515
ISIC_0014477,5.124341,0.9848421
ISIC_0014478,5.7449846,0.46689197
ISIC_0014479,5.0672755,1.5593634
ISIC_0014480,5.41818,0.85399944
ISIC_0014481,5.20918,1.5294195
ISIC_0014482,5.168915,1.5924474
ISIC_0014483,4.849982,2.2361312
ISIC_0014484,5.0978103,1.7281318
ISIC_0014486,5.1214256,1.1055654
ISIC_0014487,5.576319,1.2547125
ISIC_0014489,5.4079223,0.945233
ISIC_0014490,7.9361906,3.5345657
ISIC_0014491,7.6675677,3.5337615
ISIC_0014492,6.633539,2.1637821
ISIC_0014494,4.9319644,2.9354234
ISIC_0014495,4.789144,2.0116675
ISIC_0014496,4.712801,1.7502912
ISIC_0014498,5.774574,1.8567824
ISIC_0014499,6.584972,2.1773083
ISIC_0014500,5.2723026,1.0750877
ISIC_0014501,5.6180735,0.57606184
ISIC_0014502,7.845761,3.4760349
ISIC_0014504,4.7130394,2.1598418
ISIC_0014505,5.3122373,1.0870036
ISIC_0014506,5.1637955,0.9328837
ISIC_0014507,5.3383107,0.84651774
ISIC_0014509,4.9639387,1.9625938
ISIC_0014510,5.6245246,0.88798296
ISIC_0014511,5.4703994,1.8775234
ISIC_0014512,5.138368,1.6728939
ISIC_0014513,5.3874526,1.9858798
ISIC_0014515,5.2620754,1.6852667
ISIC_0014516,5.4951444,0.82860106
ISIC_0014519,4.6950526,1.3732712
ISIC_0014520,6.322646,2.1666298
ISIC_0014522,5.548915,2.168473
ISIC_0014524,5.8747106,2.3662107
ISIC_0014525,6.2816124,1.7445778
ISIC_0014526,5.3484683,0.8448272
ISIC_0014527,6.1717205,1.5606565
ISIC_0014529,5.530533,1.1656035
ISIC_0014533,4.9576716,1.4515272
ISIC_0014534,5.510538,0.6637619
ISIC_0014535,5.000971,2.31984
ISIC_0014536,4.9366055,2.245332
ISIC_0014537,4.9614744,2.0255418
ISIC_0014539,4.8785496,1.2289014
ISIC_0014540,5.764191,1.4952264
ISIC_0014541,5.2986827,0.9527929
ISIC_0014543,5.434869,0.81289136
ISIC_0014544,5.3526444,0.74078834
ISIC_0014545,5.626899,1.139744
ISIC_0014546,5.484545,0.6398709
ISIC_0014547,5.8218026,1.2829796
ISIC_0014548,5.544463,0.83579844
ISIC_0014549,5.452015,1.8728381
ISIC_0014552,4.6854944,2.3077276
ISIC_0014554,6.288344,1.6788661
ISIC_0014555,4.889579,1.7216562
ISIC_0014556,5.611523,0.9669584
ISIC_0014557,5.5589614,1.0282366
ISIC_0014558,5.236998,0.9966598
ISIC_0014559,6.176198,1.7690339
ISIC_0014561,5.6238513,0.75864387
ISIC_0014564,4.9277763,1.3324336
ISIC_0014565,4.9928517,1.7352484
ISIC_0014657,-4.4173293,8.192233
ISIC_0014659,-4.201992,5.71178
ISIC_0014660,-3.1393366,5.1803446
ISIC_0014661,-5.1728396,6.7709136
ISIC_0014663,-3.6746988,4.522567
ISIC_0014664,-2.0212831,6.427491
ISIC_0014665,-3.6578083,5.293413
ISIC_0014666,-3.0511303,4.8843613
ISIC_0014667,-4.204615,5.364475
ISIC_0014668,-3.7979684,6.23587
ISIC_0014669,-3.556387,6.9691215
ISIC_0014671,-3.886331,4.9058104
ISIC_0014675,-4.7728944,6.1292143
ISIC_0014676,-4.9219294,6.4626274
ISIC_0014677,-3.728286,6.842714
ISIC_0014678,-5.024013,5.4465246
ISIC_0014679,-3.9499824,5.373572
ISIC_0014680,-2.237688,5.984562
ISIC_0014681,-4.450576,5.1975856
ISIC_0014682,-3.6621082,4.911291
ISIC_0014683,-4.122075,5.84504
ISIC_0014684,-4.752074,6.251128
ISIC_0014685,-4.488629,7.319979
ISIC_0014686,-3.8818467,4.684426
ISIC_0014688,-3.9162493,6.047836
ISIC_0014689,-3.601546,6.7310534
ISIC_0014690,-3.7225335,6.426593
ISIC_0014691,-0.39156193,6.1943264
ISIC_0014692,-4.207479,5.8617315
ISIC_0014693,-3.3370714,4.3591456
ISIC_0014694,-4.0730953,5.2535243
ISIC_0014696,-3.492457,4.7101645
ISIC_0014697,-2.9368098,6.412903
ISIC_0014698,-2.9385471,5.733915
ISIC_0014699,-4.575589,5.129363
ISIC_0014700,-2.3970351,5.7074523
ISIC_0014701,-3.754422,7.0210447
ISIC_0014702,-3.852137,8.674019
ISIC_0014703,-3.5089216,4.8308234
ISIC_0014706,-2.8218677,4.473752
ISIC_0014707,-4.3648863,6.3332806
ISIC_0014709,-3.790587,4.5956817
ISIC_0014710,-3.848119,5.4723225
ISIC_0014711,-3.163336,5.226687
ISIC_0014712,-3.751181,5.9624786
ISIC_0014713,-4.118346,7.059734
ISIC_0014714,-3.8268092,4.9530067
ISIC_0014715,-3.9254048,5.5529547
ISIC_0014716,-3.9004006,7.315816
ISIC_0014717,-4.6023746,6.6476707
ISIC_0014718,-1.091304,6.161562
ISIC_0014720,-4.6140013,5.013314
ISIC_0014721,-3.4400256,4.95988
ISIC_0014722,-3.7540114,4.812322
ISIC_0014723,-3.4456525,8.577916
ISIC_0014724,-3.7683864,5.153911
ISIC_0014725,-3.9442487,4.709577
ISIC_0014726,-3.7967668,7.732401
ISIC_0014727,-3.8868642,6.309718
ISIC_0014728,-4.196274,5.6588197
ISIC_0014729,-3.8490915,8.616362
ISIC_0014730,-3.4951525,5.134935
ISIC_0014731,-3.22719,5.1317377
ISIC_0014732,-3.1122973,5.495444
ISIC_0014733,-3.9020593,5.3854265
ISIC_0014734,-3.836876,4.931812
ISIC_0014738,-4.321339,5.872991
ISIC_0014740,-3.7581697,5.7592854
ISIC_0014742,-4.3620634,4.446599
ISIC_0014743,-4.095543,5.7424846
ISIC_0014744,-3.3907602,5.0007153
ISIC_0014746,-4.5079694,6.041269
ISIC_0014747,-4.1238246,5.271568
ISIC_0014749,-4.0230966,5.0651593
ISIC_0014752,-4.0306478,5.6824837
ISIC_0014753,-3.7631278,4.924347
ISIC_0014754,-3.991225,6.298911
ISIC_0014755,-5.886914,5.835896
ISIC_0014756,-3.5138807,5.1422834
ISIC_0014759,-3.7806437,6.372538
ISIC_0014760,-3.8782036,4.7506385
ISIC_0014761,-4.120364,5.355292
ISIC_0014762,-3.526108,4.911704
ISIC_0014763,-3.941216,4.7898426
ISIC_0014765,-4.2190146,6.069238
ISIC_0014766,-3.9050446,5.518536
ISIC_0014767,-3.6610768,5.815144
ISIC_0014768,-4.4073734,5.0365167
ISIC_0014769,-3.1032917,5.3492303
ISIC_0014770,-4.5460825,7.336588
ISIC_0014771,-3.7250571,6.786185
ISIC_0014772,-3.7196662,5.6338196
ISIC_0014773,-5.13029,5.823788
ISIC_0014774,-5.5278745,7.411574
ISIC_0014776,-3.6607265,4.4709477
ISIC_0014778,-4.6547394,5.114229
ISIC_0014779,-4.52346,6.1060452
ISIC_0014782,-2.9965804,5.643912
ISIC_0014783,-4.224556,5.899275
ISIC_0014784,-1.3579186,5.962284
ISIC_0014785,-4.024806,5.180272
ISIC_0014786,-3.5559547,5.4538107
ISIC_0014787,-4.594974,5.501528
ISIC_0014788,-4.821676,5.023466
ISIC_0014789,-3.178772,5.118427
ISIC_0014790,-3.4361804,6.723657
ISIC_0014791,-4.1491194,4.932373
ISIC_0014793,-3.6436684,5.051297
ISIC_0014794,-4.2204304,5.0388303
ISIC_0014795,-3.1714818,6.3881497
ISIC_0014796,-4.9006357,5.3112216
ISIC_0014797,-3.4136257,5.3047285
ISIC_0014798,-4.029922,4.864489
ISIC_0014800,-4.343869,5.510355
ISIC_0014801,-3.4908464,4.288011
ISIC_0014802,-5.6966047,8.622654
ISIC_0014803,-3.0288167,6.898013
ISIC_0014804,-4.1423717,6.667792
ISIC_0014805,-4.6073475,7.911723
ISIC_0014806,-3.9783504,6.175364
ISIC_0014807,-3.8527076,5.0111017
ISIC_0014808,-4.378328,4.78064
ISIC_0014809,-4.000788,4.815767
ISIC_0014810,-4.1523848,6.1217775
ISIC_0014811,-1.5243906,6.0120964
ISIC_0014812,-4.510171,5.7014227
ISIC_0014813,-4.2401137,4.735041
ISIC_0014814,-3.6486719,5.1324964
ISIC_0014815,-4.398879,5.123996
ISIC_0014818,-4.486482,5.178163
ISIC_0014819,-3.5392249,4.184295
ISIC_0014820,-4.3937907,5.5412016
ISIC_0014821,-3.4599588,4.9061494
ISIC_0014822,-3.9609685,5.503243
ISIC_0014823,-4.035362,5.4666657
ISIC_0014824,-3.8331115,6.135277
ISIC_0014825,-4.103524,5.953972
ISIC_0014826,-2.988838,6.141456
ISIC_0014827,-4.0332212,5.3858347
ISIC_0014829,-3.9312007,5.7387457
ISIC_0014830,-4.304261,8.347179
ISIC_0014831,-3.8142889,6.643652
ISIC_0014832,-3.8340187,6.5334473
ISIC_0014833,-3.9756777,5.5590806
ISIC_0014834,-3.6571612,5.1917906
ISIC_0014835,-4.5024185,5.3862014
ISIC_0014836,-4.046853,5.121491
ISIC_0014838,-3.8705502,5.5538487
ISIC_0014839,-3.765998,6.713929
ISIC_0014840,-3.2538397,5.069849
ISIC_0014841,-5.379978,5.807246
ISIC_0014842,-3.5549445,5.6002846
ISIC_0014843,-4.468712,5.346465
ISIC_0014844,-4.375579,5.051639
ISIC_0014845,-3.3819754,5.6735015
ISIC_0014846,-3.4304783,4.848999
ISIC_0014847,-3.6382725,3.890645
ISIC_0014849,-3.6741874,5.142307
ISIC_0014850,-4.524568,6.0714
ISIC_0014851,-4.3946643,5.502754
ISIC_0014852,-3.1179042,4.215147
ISIC_0014855,-3.914347,5.978719
ISIC_0014857,-3.6713974,4.3374553
ISIC_0014858,-3.5364625,4.748158
ISIC_0014860,-4.6282716,5.4216676
ISIC_0014861,-3.8509088,6.7650094
ISIC_0014862,-3.5886571,4.7839646
ISIC_0014863,-4.2469687,7.401729
ISIC_0014864,-3.7060218,5.229509
ISIC_0014865,-4.7114153,5.911818
ISIC_0014866,-2.988453,6.798091
ISIC_0014867,-4.391189,5.2569256
ISIC_0014868,-3.5704195,4.833119
ISIC_0014869,-3.9521623,6.043958
ISIC_0014871,-4.180083,5.1868844
ISIC_0014872,-3.779823,5.9801407
ISIC_0014873,-4.123224,5.76312
ISIC_0014874,-3.5856247,6.427061
ISIC_0014875,-3.649064,4.7808123
ISIC_0014876,-3.8047366,7.0216184
ISIC_0014877,-3.9171453,5.18883
ISIC_0014878,-3.7481997,6.6425
ISIC_0014879,-4.4563074,6.367414
ISIC_0014880,-2.9283974,4.890979
ISIC_0014881,-3.9221768,4.9631047
ISIC_0014882,-3.7074,4.883159
ISIC_0014883,-4.1764708,5.1730494
ISIC_0014884,-3.6179235,5.0460296
ISIC_0014885,-4.360474,5.009018
ISIC_0014886,-4.2882333,5.013404
ISIC_0014887,-4.1456904,5.8148313
ISIC_0014888,-4.523613,5.0479965
ISIC_0014890,-5.0288672,5.47048
ISIC_0014891,-3.9407778,5.5620174
ISIC_0014892,-4.067592,5.7824993
ISIC_0014893,-3.6203206,6.551077
ISIC_0014894,-5.0848045,6.148221
ISIC_0014895,-4.3002496,5.5545516
ISIC_0014896,-4.3427877,4.76717
ISIC_0014897,-4.102137,5.095338
ISIC_0014898,-3.9915977,5.983077
ISIC_0014899,-3.7356865,6.9978166
ISIC_0014900,-4.747869,5.0599675
ISIC_0014901,-4.129384,6.3774896
ISIC_0014902,-3.1348476,5.4185076
ISIC_0014903,-4.939223,5.3021297
ISIC_0014904,-3.6784205,5.335623
ISIC_0014907,-3.7838588,6.642188
ISIC_0014909,-3.0331883,4.9754586
ISIC_0014910,-3.834938,5.279199
ISIC_0014911,-3.670113,4.9990907
ISIC_0014912,-3.3863177,5.2749953
ISIC_0014913,-3.8973868,6.8595405
ISIC_0014914,-4.176516,5.730412
ISIC_0014916,-3.7390594,6.9032235
ISIC_0014917,-4.9879622,5.285416
ISIC_0014918,-4.0777035,7.5422497
ISIC_0014919,-1.8791384,5.9718523
ISIC_0014920,-4.7510605,5.340145
ISIC_0014924,-4.3513923,5.7244287
ISIC_0014925,-4.740801,6.368484
ISIC_0014926,-3.5044594,5.2079735
ISIC_0014928,-5.4314513,6.234265
ISIC_0014931,-4.0382175,6.0897923
ISIC_0014935,-3.6302586,4.242839
ISIC_0014939,-3.403528,5.0980854
ISIC_0014942,-3.88142,5.4910016
ISIC_0014943,-5.8841386,6.809537
ISIC_0014944,-3.6606994,5.0434966
ISIC_0014949,-3.9021404,4.924745
ISIC_0014951,-3.9635653,4.9353976
ISIC_0014953,-4.388528,5.723693
ISIC_0014955,-6.6956706,5.71616
ISIC_0014957,-4.6072702,4.71515
ISIC_0014959,-4.567472,5.257055
ISIC_0014960,-4.2891903,4.814348
ISIC_0014962,-3.6315312,7.0376105
ISIC_0014963,-4.0523353,4.747024
ISIC_0014964,-4.279361,4.905816
ISIC_0014965,-4.3222146,5.865302
ISIC_0014966,-4.166392,4.6904798
ISIC_0014967,-4.0715847,5.3122025
ISIC_0014968,-4.4009285,6.4551163
ISIC_0014970,-4.3073554,4.889914
ISIC_0014971,-3.9937367,4.8752
ISIC_0014972,-4.5041904,5.2212152
ISIC_0014973,-4.1123962,4.825323
ISIC_0014974,-4.6894975,5.5348544
ISIC_0014975,-0.40075287,4.7348337
ISIC_0014976,-4.0047665,5.1453357
ISIC_0014977,-4.638608,4.725708
ISIC_0014979,-3.6483378,6.586007
ISIC_0014980,-3.7263649,6.549446
ISIC_0014981,-4.057825,9.058831
ISIC_0014982,-3.7208843,5.2007623
ISIC_0014983,-4.367175,6.200113
ISIC_0014984,-4.0793395,5.4415836
ISIC_0014985,-2.736437,4.920949
ISIC_0014986,-3.6477525,9.01115
ISIC_0014987,-4.4271464,4.8644385
ISIC_0014988,-3.717237,6.335349
ISIC_0014989,-3.772147,6.640953
ISIC_0014991,-4.8373933,7.233519
ISIC_0014992,-4.7665644,5.371529
ISIC_0014994,-4.031206,6.1335273
ISIC_0014995,-3.5687308,5.010598
ISIC_0014997,-4.0650187,5.9827623
ISIC_0014998,-3.9831214,5.395383
ISIC_0014999,-3.598191,4.795729
ISIC_0015000,-4.1632323,6.2611237
ISIC_0015001,-3.8814342,5.307752
ISIC_0015002,-1.8271959,5.9885244
ISIC_0015003,-2.8432965,3.984899
ISIC_0015004,-3.6601868,7.183353
ISIC_0015005,-3.781041,4.2875123
ISIC_0015006,-1.8149799,6.021862
ISIC_0015007,-3.1798112,5.55956
ISIC_0015008,-3.7533057,5.5032716
ISIC_0015009,-1.2112684,5.9711294
ISIC_0015010,-4.7707653,6.7701964
ISIC_0015011,-3.2124903,4.829305
ISIC_0015012,-3.5794432,5.831833
ISIC_0015013,-3.8136656,5.1440635
ISIC_0015014,-4.124497,6.1017284
ISIC_0015015,-4.071727,6.345826
ISIC_0015016,-4.3509583,6.212758
ISIC_0015018,-4.1882143,6.083233
ISIC_0015019,-4.0270452,4.885405
ISIC_0015020,-3.1266975,6.109596
ISIC_0015021,-4.3568206,5.7716312
ISIC_0015022,-2.7814267,5.525
ISIC_0015023,-4.141027,5.7794724
ISIC_0015026,-3.5464427,5.100442
ISIC_0015027,-3.2854135,5.2602572
ISIC_0015029,-2.0594969,6.6425977
ISIC_0015030,-4.5846353,4.988295
ISIC_0015032,-0.9945223,6.1071205
ISIC_0015034,-5.6537395,7.2940464
ISIC_0015036,-3.17962,5.2494907
ISIC_0015037,-4.627523,7.5198045
ISIC_0015038,-1.0791866,6.2527323
ISIC_0015040,-4.3540206,6.571432
ISIC_0015041,-5.135367,6.8385053
ISIC_0015042,-3.8194432,6.2933564
ISIC_0015043,-4.711549,5.2908525
ISIC_0015044,-3.0509055,5.7987633
ISIC_0015045,-3.8555567,5.4839582
ISIC_0015049,-2.2172663,6.1771083
ISIC_0015050,-2.8302715,6.066348
ISIC_0015051,-4.1152487,4.948532
ISIC_0015052,-3.4131603,4.9143353
ISIC_0015053,-4.0592813,4.8293467
ISIC_0015054,-2.5006626,6.300895
ISIC_0015055,-3.6855075,4.6908503
ISIC_0015056,-3.7684448,4.612198
ISIC_0015057,-3.8030093,8.00924
ISIC_0015060,-3.834597,6.0710397
ISIC_0015062,-0.28828362,6.380977
ISIC_0015063,-3.7333646,6.832107
ISIC_0015064,-3.7921565,4.6138926
ISIC_0015065,-3.8414636,5.724579
ISIC_0015066,-2.935488,4.6441174
ISIC_0015067,-0.37994015,4.88844
ISIC_0015068,-4.225358,6.499986
ISIC_0015070,-3.6889324,4.9762816
ISIC_0015073,-3.2096326,5.197578
ISIC_0015074,-4.1989965,5.800677
ISIC_0015079,-3.392356,5.226314
ISIC_0015081,-4.917506,5.0234976
ISIC_0015082,-4.0963807,4.425093
ISIC_0015083,-2.9915676,5.9956527
ISIC_0015084,-5.510662,5.718319
ISIC_0015085,-3.2931492,5.171189
ISIC_0015088,-3.729101,4.358588
ISIC_0015090,-3.8292453,5.191063
ISIC_0015096,-4.056051,6.1187596
ISIC_0015097,-4.4898505,6.041227
ISIC_0015102,-3.7775412,4.8182383
ISIC_0015104,-4.4657135,5.1753263
ISIC_0015106,-3.4339452,5.1931224
ISIC_0015108,-4.227351,7.4375625
ISIC_0015109,-3.7683635,5.2993307
ISIC_0015112,-4.048469,5.732651
ISIC_0015114,-3.8566966,4.912585
ISIC_0015115,-3.8724656,5.6607704
ISIC_0015116,-3.9595957,6.401771
ISIC_0015118,-4.027838,6.580549
ISIC_0015119,-2.9941642,5.055687
ISIC_0015120,-3.6310067,4.9351745
ISIC_0015122,-4.1046553,7.8372426
ISIC_0015124,-3.9754617,6.768331
ISIC_0015126,-4.3359594,4.9403853
ISIC_0015127,-4.1184516,4.7242327
ISIC_0015128,-3.763195,5.264467
ISIC_0015132,-3.7386253,5.876769
ISIC_0015133,-4.681979,8.664424
ISIC_0015136,-4.055686,5.2763333
ISIC_0015138,-3.459639,5.233414
ISIC_0015140,-3.9268136,4.8597865
ISIC_0015141,-3.9117534,5.7692256
ISIC_0015142,-4.3517804,4.9219427
ISIC_0015143,-3.9168832,5.774422
ISIC_0015144,-4.453081,6.5611854
ISIC_0015145,-3.796231,5.4991164
ISIC_0015146,-5.287896,6.181469
ISIC_0015147,-4.5637503,6.4696474
ISIC_0015148,-3.589198,4.9641643
ISIC_0015149,-3.9904387,4.571462
ISIC_0015150,-3.6560044,4.990543
ISIC_0015151,-3.6602638,6.341051
ISIC_0015152,-3.7882698,6.8711967
ISIC_0015153,-3.55029,6.2374735
ISIC_0015154,-3.9547646,7.9845576
ISIC_0015155,-2.2575731,6.004398
ISIC_0015156,-3.578691,4.332551
ISIC_0015157,-3.8663483,5.178206
ISIC_0015158,-3.9868937,4.569594
ISIC_0015160,-2.3775594,6.105155
ISIC_0015161,-2.2347677,5.775622
ISIC_0015163,-3.8828087,5.7823687
ISIC_0015164,-4.2841883,5.5262833
ISIC_0015165,-5.4244246,5.6030674
ISIC_0015166,-3.9953706,4.747135
ISIC_0015167,-2.8695552,5.4069977
ISIC_0015168,-3.5950441,6.2235794
ISIC_0015169,-3.7954495,6.47917
ISIC_0015170,-2.839506,5.390032
ISIC_0015171,-3.6183038,4.7548122
ISIC_0015172,-3.3096664,5.7384963
ISIC_0015173,-3.4826021,4.8967423
ISIC_0015174,-4.1330886,5.140605
ISIC_0015175,-4.0816474,5.7640095
ISIC_0015176,-4.213638,5.90704
ISIC_0015177,-3.4901338,4.8955145
ISIC_0015178,-0.27695048,4.7128596
ISIC_0015179,-3.773172,5.24587
ISIC_0015180,-0.27977216,4.664106
ISIC_0015181,-4.134624,5.3979044
ISIC_0015183,-1.6143081,5.949056
ISIC_0015184,-4.064816,5.155981
ISIC_0015185,-3.1037717,5.3737698
ISIC_0015186,-4.4754167,5.0380683
ISIC_0015187,-3.492854,4.630797
ISIC_0015188,-1.7913468,6.02301
ISIC_0015189,-4.0284686,5.5217714
ISIC_0015190,-3.974898,4.6923027
ISIC_0015191,-4.195609,5.7468305
ISIC_0015192,-3.4399524,5.283495
ISIC_0015193,-4.425921,5.7017612
ISIC_0015194,-4.108018,4.6576276
ISIC_0015196,-4.7043796,5.8564267
ISIC_0015197,-5.4993143,6.588887
ISIC_0015199,-4.6034555,6.407159
ISIC_0015203,-3.6349785,6.9590864
ISIC_0015204,-4.530018,6.4970565
ISIC_0015205,-3.595621,4.7823553
ISIC_0015206,-4.4759235,4.948254
ISIC_0015207,-2.9492347,6.128884
ISIC_0015208,-4.5124707,4.8686576
ISIC_0015209,-4.0336647,6.220907
ISIC_0015210,-4.187264,5.2314067
ISIC_0015211,-2.9521797,5.244681
ISIC_0015212,-4.6635985,6.4300103
ISIC_0015213,-3.2509105,4.5216184
ISIC_0015215,-3.948359,5.1507244
ISIC_0015216,-3.8786566,6.4654665
ISIC_0015218,-4.889153,5.4232545
ISIC_0015219,-3.8373783,5.5545073
ISIC_0015220,-3.618429,4.975381
ISIC_0015221,-3.7914028,6.3149323
ISIC_0015222,-3.9011748,5.9598575
ISIC_0015223,-4.4716973,5.9992933
ISIC_0015224,-3.5428762,7.032709
ISIC_0015225,-1.8759855,6.0447726
ISIC_0015226,-4.169377,6.0510554
ISIC_0015227,-3.9388163,6.3237743
ISIC_0015228,-0.72110206,7.255779
ISIC_0015229,-3.427029,4.484923
ISIC_0015230,-4.1189213,5.504382
ISIC_0015232,-3.5767152,5.043716
ISIC_0015233,-4.004294,5.3453546
ISIC_0015234,-4.0086164,4.7777157
ISIC_0015236,-3.6830533,4.615418
ISIC_0015238,-3.2990031,4.618366
ISIC_0015241,-4.597348,5.589979
ISIC_0015243,-3.668507,5.190051
ISIC_0015244,-3.7940013,5.763307
ISIC_0015245,-1.6026151,6.045082
ISIC_0015246,-3.729041,4.6447334
ISIC_0015248,-4.4300585,4.965805
ISIC_0015249,-3.6052527,5.484963
ISIC_0015250,-3.7230868,5.1595154
ISIC_0015251,-3.7288127,4.857119
ISIC_0015254,-3.8643181,5.6894956
ISIC_0015255,-3.8420358,4.6071286
ISIC_0015256,-3.191736,4.8694983
ISIC_0015258,-3.8607204,6.159333
ISIC_0015261,-4.042795,5.8656025
ISIC_0015262,-4.0728817,5.011721
ISIC_0015265,-3.7446344,6.7141213
ISIC_0015266,-3.4946651,4.7426167
ISIC_0015268,-4.6047955,5.728823
ISIC_0015269,-3.645014,4.9177785
ISIC_0015270,-3.7517462,5.9140787
ISIC_0015271,-2.9806755,5.843398
ISIC_0015272,-3.9052045,5.219738
ISIC_0015274,-3.5697029,4.979736
ISIC_0015275,-3.9215267,5.7154427
ISIC_0015276,-4.346493,5.0001493
ISIC_0015277,-3.6795754,4.7764115
ISIC_0015278,-3.439207,6.28699
ISIC_0015279,-3.9062107,6.8815856
ISIC_0015281,-3.0549507,5.709997
ISIC_0015282,-3.8677466,5.8804216
ISIC_0015283,-4.2849193,5.5052814
ISIC_0015284,-0.13148665,6.8830338
ISIC_0015285,-0.24547303,5.18747
ISIC_0015286,-3.7973568,4.9799867
ISIC_0015288,-3.8137248,4.814236
ISIC_0015289,-3.7093687,4.73137
ISIC_0015291,-4.6701107,6.3297577
ISIC_0015292,-4.0836816,5.0389214
ISIC_0015296,-3.67641,4.8937225
ISIC_0015305,-3.4497557,4.8631763
ISIC_0015309,-5.8930902,8.034723
ISIC_0015310,-2.9982178,5.9809084
ISIC_0015314,-3.667527,7.5862107
ISIC_0015315,-4.27651,7.8509173
ISIC_0015316,-4.0404634,7.289528
ISIC_0015317,-4.5233216,5.542402
ISIC_0015318,-3.7680154,5.4129934
ISIC_0015319,-4.111658,5.9354024
ISIC_0015321,-3.1466203,6.0741577
ISIC_0015322,-3.3272548,6.341494
ISIC_0015325,-3.072161,6.375616
ISIC_0015327,-4.163735,6.073852
ISIC_0015332,4.49768,2.2363915
ISIC_0015336,-4.0172267,4.453869
ISIC_0015337,-3.6676927,4.5959907
ISIC_0015340,-4.6089487,5.7751346
ISIC_0015342,-3.2635577,5.021064
ISIC_0015343,-3.425997,4.772065
ISIC_0015344,-3.6480267,4.499342
ISIC_0015346,-0.60968363,6.913221
ISIC_0015348,-4.344734,4.6972013
ISIC_0015351,-5.6260076,6.249876
ISIC_0015353,-3.651245,4.867493
ISIC_0015354,-3.8148842,6.503567
ISIC_0015356,-3.125348,5.182631
ISIC_0015357,-3.5531259,5.4414515
ISIC_0015358,-3.6737049,4.879839
ISIC_0015361,-5.0744543,6.848972
ISIC_0015363,4.4639616,2.0138206
ISIC_0015366,-4.133634,4.9244447
ISIC_0015367,-3.725671,4.935064
ISIC_0015368,-3.5295112,5.1671295
ISIC_0015369,-4.8361545,7.0431724
ISIC_0015372,-3.5232494,4.368709
ISIC_0015373,-3.634815,4.5035763
ISIC_0015375,-4.4688845,8.836755
ISIC_0015376,-3.1672983,5.0674043
ISIC_0015377,-3.7125025,4.1433907
ISIC_0015378,-3.4991486,4.8406525
ISIC_0015379,-3.0627072,5.2724237
ISIC_0015382,-4.2737885,6.265951
ISIC_0015385,-3.971613,5.080315
ISIC_0015387,-3.2598493,5.381643
ISIC_0015392,-3.5507357,7.9816613
ISIC_0015393,-3.561867,8.229366
ISIC_0015396,-3.412117,4.474055
ISIC_0015398,-3.13738,5.658022
ISIC_0015399,-3.4491282,4.7437997
ISIC_0015400,-2.783401,5.5472145
ISIC_0015402,-3.4422162,4.9529476
ISIC_0015403,-2.9449239,4.928707
ISIC_0015404,-2.69234,5.2194905
ISIC_0015405,-4.0101147,5.362977
ISIC_0015408,-3.5744889,5.3862247
ISIC_0015411,-3.7656324,5.206593
ISIC_0015412,-3.6778188,6.6628327
ISIC_0015414,-0.3448681,4.6127443
ISIC_0015415,-3.242739,4.696957
ISIC_0015417,-4.617775,7.3776917
ISIC_0015418,-4.214147,5.3298044
ISIC_0015419,-3.6516955,5.3608155
ISIC_0015420,-4.0476427,7.93583
ISIC_0015421,-4.090074,4.816337
ISIC_0015423,-3.045183,6.2816257
ISIC_0015424,-0.26617685,5.2937055
ISIC_0015426,-3.3663213,5.1625643
ISIC_0015427,-1.5484152,6.006317
ISIC_0015428,-3.5715628,3.9380398
ISIC_0015429,-4.684304,5.7378817
ISIC_0015430,-4.5371137,5.5933743
ISIC_0015431,-3.0279028,7.044553
ISIC_0015432,-2.6511657,5.6868925
ISIC_0015433,-3.8746393,5.717918
ISIC_0015434,-4.604178,4.922764
ISIC_0015435,-3.1007943,4.4285073
ISIC_0015438,-3.875569,5.7930903
ISIC_0015439,-3.8376913,6.088806
ISIC_0015440,-3.959151,8.121997
ISIC_0015441,-2.7731495,6.3619237
ISIC_0015442,-3.6959908,6.405906
ISIC_0015443,-3.3021526,5.6001534
ISIC_0015444,-2.9645946,5.650767
ISIC_0015445,-0.29511836,6.8385653
ISIC_0015447,-3.7410047,6.379563
ISIC_0015454,-5.5392365,5.742294
ISIC_0015455,-4.6638618,7.6789474
ISIC_0015457,-0.94665,7.20764
ISIC_0015458,-0.5124975,7.0686793
ISIC_0015463,-4.3105683,5.354512
ISIC_0015464,-4.4646425,5.06332
ISIC_0015465,-3.7977257,5.923137
ISIC_0015466,-3.4410846,6.860248
ISIC_0015470,-3.592851,4.72403
ISIC_0015471,-3.5853758,4.1779056
ISIC_0015473,-4.234921,6.2876186
ISIC_0015474,-3.313894,6.2515507
ISIC_0015477,-3.8794825,4.9568996
ISIC_0015479,-4.257872,4.956577
ISIC_0015480,-4.0005045,5.4946623
ISIC_0015481,-4.4404573,5.2018185
ISIC_0015482,-3.6317863,4.874117
ISIC_0015483,-3.6832013,6.4450493
ISIC_0015486,-3.7392354,4.955156
ISIC_0015487,-3.6281142,4.990545
ISIC_0015488,-3.4377508,5.1453066
ISIC_0015490,-4.5614805,4.8999486
ISIC_0015491,-4.3678384,5.046961
ISIC_0015494,-3.7007499,6.598997
ISIC_0015495,-3.6430807,6.653809
ISIC_0015496,-4.657868,4.870426
ISIC_0015498,-4.7442927,5.408552
ISIC_0015500,-4.0694857,5.184318
ISIC_0015501,-4.1460223,5.866444
ISIC_0015502,-3.9415743,6.1745296
ISIC_0015503,-2.6574728,6.148976
ISIC_0015504,-3.9454334,5.6535335
ISIC_0015505,-3.9224346,5.8539996
ISIC_0015507,-3.8386772,5.1871243
ISIC_0015508,-2.8155491,4.4414062
ISIC_0015509,-4.1501083,6.1195564
ISIC_0015510,-6.5405493,5.127174
ISIC_0015512,-3.0126524,5.019697
ISIC_0015514,-5.3866544,7.093538
ISIC_0015517,-6.5520134,6.9252076
ISIC_0015519,-5.7593575,6.8718886
ISIC_0015521,-3.679763,6.778195
ISIC_0015522,-3.832502,6.4121785
ISIC_0015523,-3.9077923,4.642266
ISIC_0015525,-4.629876,6.169697
ISIC_0015528,-3.5701132,4.8208117
ISIC_0015529,-3.8318858,5.5908027
ISIC_0015533,-3.6335206,6.522279
ISIC_0015534,-3.6581366,4.530296
ISIC_0015535,-3.6086535,5.8707843
ISIC_0015536,-4.1291504,4.979778
ISIC_0015537,-3.7831125,4.5893264
ISIC_0015538,-3.4025323,4.96339
ISIC_0015539,-3.9526293,5.8900566
ISIC_0015541,-4.278111,4.805849
ISIC_0015544,-4.3150954,5.1335726
ISIC_0015545,-4.1841555,5.067668
ISIC_0015547,-3.7134905,4.808704
ISIC_0015550,-3.6833408,5.113681
ISIC_0015551,-4.3593774,5.430942
ISIC_0015552,-3.0760918,5.446642
ISIC_0015553,-3.1962905,4.048159
ISIC_0015558,-1.6432718,6.0405245
ISIC_0015559,-4.22388,5.1794677
ISIC_0015560,-4.273925,5.314305
ISIC_0015562,-4.084822,4.7918167
ISIC_0015564,-4.0721364,6.0806627
ISIC_0015565,-4.088121,7.41058
ISIC_0015566,-4.2833176,5.135756
ISIC_0015567,-4.4021106,5.295681
ISIC_0015569,-4.636131,4.8811827
ISIC_0015570,-3.6607807,4.911402
ISIC_0015573,-3.247703,6.236914
ISIC_0015574,-3.0306559,6.0435944
ISIC_0015575,-4.808441,5.440975
ISIC_0015578,-3.911553,5.159242
ISIC_0015579,-4.0354786,5.8277717
ISIC_0015580,-3.895269,5.790807
ISIC_0015581,-3.4443974,6.2402935
ISIC_0015582,-4.265581,5.74943
ISIC_0015584,-6.512048,5.8518467
ISIC_0015585,-3.6371634,5.941702
ISIC_0015586,-5.249162,7.793241
ISIC_0015588,-3.382119,5.0362525
ISIC_0015589,-3.786696,5.7210155
ISIC_0015590,-4.1025968,5.823142
ISIC_0015591,-3.600744,4.677352
ISIC_0015592,-2.8728642,5.203422
ISIC_0015595,-1.8708425,6.3763237
ISIC_0015597,-3.6528106,4.5382886
ISIC_0015598,-3.5378344,4.4320555
ISIC_0015599,-4.8507595,5.1022444
ISIC_0015600,-3.686367,6.9756503
ISIC_0015601,-3.8742316,6.7669377
ISIC_0015603,-5.080577,5.9315124
ISIC_0015605,-3.567403,5.795001
ISIC_0015607,-3.3777032,4.6576505
ISIC_0015608,-4.0946293,4.6369514
ISIC_0015609,-0.47625124,6.2544827
ISIC_0015610,-0.47199395,6.304351
ISIC_0015611,-0.21009749,6.340931
ISIC_0015612,-3.668697,4.7683115
ISIC_0015613,-2.4458132,6.294366
ISIC_0015614,-3.7648966,4.8037844
ISIC_0015615,-3.6388016,4.902598
ISIC_0015617,-3.99142,5.2239437
ISIC_0015619,4.3808694,2.175663
ISIC_0015620,-3.674341,6.7485523
ISIC_0015621,-3.9636893,5.6392875
ISIC_0015622,-3.784046,6.8732
ISIC_0015624,-3.6365175,4.9919395
ISIC_0015625,-3.8423011,4.978639
ISIC_0015626,-3.5151076,5.4380045
ISIC_0015627,-3.5784357,5.283342
ISIC_0015629,-3.8160875,5.19759
ISIC_0015633,-3.1822245,4.947643
ISIC_0015634,-5.200946,6.46384
ISIC_0015635,-4.619502,5.3133307
ISIC_0015636,-3.4305553,4.393616
ISIC_0015637,-4.839093,5.2887897
ISIC_0015638,-4.0275097,5.09106
ISIC_0015639,-3.9470258,4.7850065
ISIC_0015640,-4.794238,5.342602
ISIC_0015641,-2.8588948,5.9374466
ISIC_0015642,-2.8942275,6.063647
ISIC_0015645,-6.062612,7.9990425
ISIC_0015646,-2.9640586,5.0014124
ISIC_0015647,-4.089209,4.674448
ISIC_0015936,5.7149754,0.9577699
ISIC_0015938,7.7587705,3.2445865
ISIC_0015939,7.9098935,3.45141
ISIC_0015940,7.398695,2.684526
ISIC_0015941,7.3377714,2.820465
ISIC_0015942,7.6176677,3.130464
ISIC_0015943,7.483974,3.199517
ISIC_0015944,7.148259,3.1631851
ISIC_0015945,7.6148252,2.9093118
ISIC_0015946,7.738064,3.0191379
ISIC_0015947,7.721238,3.184939
ISIC_0015948,7.6871057,3.1165981
ISIC_0015949,7.87103,3.3447948
ISIC_0015950,7.832837,3.462906
ISIC_0015951,7.529238,3.4331195
ISIC_0015952,7.768729,3.4234917
ISIC_0015954,4.485637,1.2482283
ISIC_0015955,4.809881,1.4715481
ISIC_0015956,5.879022,1.9698259
ISIC_0015957,4.833791,2.3729558
ISIC_0015958,5.3848524,1.9781724
ISIC_0015959,4.611814,1.2483282
ISIC_0015960,7.2383018,2.9541125
ISIC_0015961,4.7182817,1.244119
ISIC_0015962,5.3539586,1.4012488
ISIC_0015963,5.458234,2.0365584
ISIC_0015965,5.3804765,1.2324547
ISIC_0015966,5.677501,2.3259313
ISIC_0015968,5.5796537,0.60402757
ISIC_0015971,8.049108,3.6866906
ISIC_0015972,5.023096,2.2152255
ISIC_0015973,-3.4219718,8.626953
ISIC_0015975,7.535657,2.82053
ISIC_0015976,7.9472895,3.5358849
ISIC_0015977,5.653597,0.9020528
ISIC_0015979,7.5112557,3.3617904
ISIC_0015980,7.072887,2.8811285
ISIC_0015981,7.4186354,3.3253899
ISIC_0015982,7.634882,3.3067522
ISIC_0015983,5.2780313,2.0928674
ISIC_0015984,5.2724953,2.2708566
ISIC_0015985,5.432073,0.7901212
ISIC_0015986,7.827492,3.5622718
ISIC_0015987,7.868607,3.638461
ISIC_0015988,7.770746,3.4938507
ISIC_0015989,7.7231283,3.1975477
ISIC_0015990,7.735836,3.222565
ISIC_0015991,7.726007,3.2043853
ISIC_0015992,5.546609,0.92839235
ISIC_0015993,7.667313,3.4312868
ISIC_0015994,5.6245008,0.74357617
ISIC_0015995,8.046695,3.8073418
ISIC_0015996,7.907759,3.420747
ISIC_0015997,5.43044,0.96994233
ISIC_0015998,5.7761674,0.8894746
ISIC_0015999,7.4693995,3.163432
ISIC_0016000,5.347016,0.73467416
ISIC_0016001,7.0243516,3.3724368
ISIC_0016002,7.898646,3.445501
ISIC_0016003,7.7690063,3.0992265
ISIC_0016004,5.419696,1.1078242
ISIC_0016005,6.0166,2.3985033
ISIC_0016007,5.328221,1.7936811
ISIC_0016008,4.814346,1.5734502
ISIC_0016009,6.594555,2.216592
ISIC_0016010,5.9140267,1.367331
ISIC_0016011,5.343671,2.6045854
ISIC_0016012,8.012381,3.6278572
ISIC_0016013,7.3600936,3.1615248
ISIC_0016014,7.714931,3.1058834
ISIC_0016015,7.0372252,2.57047
ISIC_0016016,5.4280243,2.9050353
ISIC_0016017,5.4864993,1.5563507
ISIC_0016018,6.0177994,1.9026345
ISIC_0016021,5.53542,1.7253194
ISIC_0016022,5.488593,0.69940823
ISIC_0016023,5.043252,2.27553
ISIC_0016024,5.216471,0.79019433
ISIC_0016025,7.297835,2.9098659
ISIC_0016026,7.3428073,3.2175086
ISIC_0016027,5.343491,1.8528005
ISIC_0016028,5.324047,2.777236
ISIC_0016029,5.350175,1.6340132
ISIC_0016030,6.287294,2.2342672
ISIC_0016031,5.227226,1.0786002
ISIC_0016032,5.2898765,0.7884305
ISIC_0016033,4.879225,1.7260225
ISIC_0016034,7.6782107,3.3284826
ISIC_0016035,7.758941,3.3796241
ISIC_0016036,7.7723694,3.6382456
ISIC_0016037,5.064257,1.7450409
ISIC_0016038,7.7959037,3.2322552
ISIC_0016039,7.846962,3.3278904
ISIC_0016040,7.9849353,3.4758055
ISIC_0016042,5.5422564,1.8687181
ISIC_0016043,4.538234,1.2337806
ISIC_0016044,-3.6146379,8.936039
ISIC_0016045,5.4024496,0.79336923
ISIC_0016046,7.6117034,3.3211775
ISIC_0016047,6.0616903,2.210239
ISIC_0016048,5.5256176,0.71334165
ISIC_0016049,5.2624187,1.0258905
ISIC_0016050,5.704686,0.69901943
ISIC_0016051,5.496473,1.354321
ISIC_0016052,5.289875,1.051835
ISIC_0016053,5.6218467,0.8587521
ISIC_0016054,4.774259,2.298959
ISIC_0016056,5.41058,1.6180197
ISIC_0016057,5.5531983,1.6026725
ISIC_0016059,5.544004,0.979818
ISIC_0016060,5.5568385,1.4815702
ISIC_0016061,4.491311,1.2466663
ISIC_0016062,5.794541,1.0532446
ISIC_0016063,5.8326306,1.1724935
ISIC_0016064,5.6554894,2.4296017
ISIC_0016065,5.5968375,2.4301102
ISIC_0016066,5.472313,0.62535524
ISIC_0016067,5.5990686,1.3530143
ISIC_0016068,5.0958986,0.9921099
ISIC_0016069,5.656534,1.099785
ISIC_0016071,7.8679914,3.434017
ISIC_0016072,5.5699315,0.5882407
ISIC_0016080,5.454155,0.80576235
ISIC_0016081,7.350891,3.042081
ISIC_0016082,6.9585047,3.4714448
ISIC_0016084,7.556668,2.8441055
ISIC_0016085,5.20578,0.98946655
ISIC_0016092,7.02253,3.4346426
ISIC_0016094,-4.8170123,8.17844
ISIC_0016103,8.087134,3.607713
ISIC_0016105,6.414381,2.1093035
ISIC_0016112,5.8325214,0.89936584
ISIC_0016114,-6.072377,5.26766
ISIC_0016123,5.195913,0.895823
ISIC_0016127,7.9332304,3.4628162
ISIC_0016128,-2.4177647,5.483923
ISIC_0016131,7.296,2.8398235
ISIC_0016133,7.7601366,3.180836
ISIC_0016137,5.4265814,0.82767534
ISIC_0016139,6.1039033,2.1435332
ISIC_0016143,-4.940815,8.506711
ISIC_0016145,4.813936,2.2101014
ISIC_0016153,5.5131164,0.57763255
ISIC_0016161,5.164434,1.105394
ISIC_0016162,4.684608,2.2428927
ISIC_0016438,-5.5275164,5.2715116
ISIC_0016911,-5.287102,4.775436
ISIC_0017350,-4.6491904,7.152135
ISIC_0017399,-6.4410853,5.990269
ISIC_0017411,-4.9089656,4.2528486
ISIC_0017414,-6.6534457,5.6350265
ISIC_0017415,-6.0518413,6.2946014
ISIC_0017422,-5.8378468,4.738941
ISIC_0017428,-5.59098,4.2802715
ISIC_0017431,-7.176591,7.331087
ISIC_0017434,-5.4259663,5.091011
ISIC_0017436,-5.6888194,5.766798
ISIC_0017443,-7.0523963,6.4445267
ISIC_0017448,-5.2436495,5.589169
ISIC_0017451,-6.6796184,5.8303714
ISIC_0017453,-6.4500594,6.1645527
ISIC_0017455,-6.994,6.6261325
ISIC_0017460,-6.169439,7.4336357
ISIC_0017485,-5.8008285,4.7981954
ISIC_0017486,-5.431949,4.3753486
ISIC_0017856,-5.1509986,4.1775374
ISIC_0018039,-4.5635004,5.6631413
ISIC_0018040,-4.9055963,5.2961783
ISIC_0018109,-5.9292407,4.846619
ISIC_0018179,-5.2263613,4.7410736
ISIC_0018989,-6.5957856,5.7780123
ISIC_0019092,-6.4652934,5.8394
ISIC_0019315,-5.8878713,4.727613
ISIC_0019334,-6.5666776,6.200522
ISIC_0019335,-6.714713,6.390883
ISIC_0019432,-5.632462,4.0799313
ISIC_0019902,-4.532749,8.166306
ISIC_0019903,-5.86023,4.9701157
ISIC_0019970,-4.8262925,7.214711
ISIC_0020479,-5.3554897,5.699393
ISIC_0020491,-5.8250136,4.326171
ISIC_0020663,-6.55974,6.0053306
ISIC_0020951,-3.7702596,7.0975294
ISIC_0020952,-4.162022,3.538997
ISIC_0020953,-3.3514473,7.836711
ISIC_0020954,-5.5674996,8.306022
ISIC_0020955,-2.5007112,5.7238197
ISIC_0020956,-2.8586717,7.195532
ISIC_0020957,-4.9334283,9.103732
ISIC_0020958,-4.450212,7.898973
ISIC_0020959,-5.2802243,9.386116
ISIC_0020960,-2.9794438,6.9436874
ISIC_0020961,-3.3328388,6.8067575
ISIC_0020962,-3.2830665,7.148556
ISIC_0020963,-5.671051,6.391925
ISIC_0020964,-1.8438474,4.0024743
ISIC_0020965,-2.7106018,6.221033
ISIC_0020966,-1.1535046,4.194075
ISIC_0020967,-1.8192883,3.9130745
ISIC_0020968,-0.94379455,4.412174
ISIC_0020969,4.9821267,2.859818
ISIC_0020970,-0.03884957,7.257404
ISIC_0020971,-0.80090636,7.3305273
ISIC_0020972,-5.223567,5.4091663
ISIC_0020973,-2.7610734,5.213792
ISIC_0020974,-6.6216965,8.112299
ISIC_0020975,-3.9566846,3.598561
ISIC_0020976,-4.4421873,3.966274
ISIC_0020977,-4.07343,3.1487901
ISIC_0020978,-4.431987,4.060549
ISIC_0020979,-2.1778498,3.9572232
ISIC_0020980,-1.8205552,4.1075573
ISIC_0020981,-2.231952,4.293119
ISIC_0020982,-2.8278594,6.3928556
ISIC_0020983,-2.9724314,6.006007
ISIC_0020984,-2.7079825,7.2395163
ISIC_0020985,-2.3063364,4.653801
ISIC_0020986,-2.3348224,4.222875
ISIC_0020987,-1.17391,5.3381276
ISIC_0020988,-2.0797005,4.363636
ISIC_0020989,-4.050204,8.173044
ISIC_0020990,-3.9855006,6.9417996
ISIC_0020991,-5.001872,9.274412
ISIC_0020992,-2.6779668,4.3395505
ISIC_0020993,-3.5807662,3.6984875
ISIC_0020994,-0.87525475,4.9428186
ISIC_0020995,-1.4847109,5.006066
ISIC_0020996,-6.981461,7.4402676
ISIC_0020997,-6.6063666,8.495598
ISIC_0020998,-2.510225,3.9482932
ISIC_0020999,-3.6318743,8.017712
ISIC_0021000,-3.854594,7.839328
ISIC_0021001,-4.041019,8.278284
ISIC_0021002,-4.2446985,2.9440227
ISIC_0021003,-4.1464577,2.7327654
ISIC_0021004,-6.0789733,6.7790337
ISIC_0021005,-3.418048,7.2417583
ISIC_0021006,-3.8739607,6.4452643
ISIC_0021007,-3.901165,6.90672
ISIC_0021008,-4.6729307,8.684426
ISIC_0021009,-1.0242695,5.5282125
ISIC_0021010,-2.9170241,5.508377
ISIC_0021011,-4.801006,8.724955
ISIC_0021012,-2.767434,6.396731
ISIC_0021013,-3.1552825,6.0952063
ISIC_0021014,-3.2889583,4.308722
ISIC_0021015,-4.88848,7.936388
ISIC_0021016,-5.0458527,7.9248686
ISIC_0021017,-5.8952947,7.3401957
ISIC_0021018,-3.994513,3.6643698
ISIC_0021019,-3.6841743,2.8871698
ISIC_0021020,-2.5748982,4.0293427
ISIC_0021021,-5.450864,6.2499213
ISIC_0021028,-4.272358,3.2309086
ISIC_0021029,-3.042107,2.959072
ISIC_0021030,-3.724799,3.8201854
ISIC_0021032,-2.498809,3.8758085
ISIC_0021033,-2.4916897,3.9865592
ISIC_0021034,-1.2281816,5.2017484
ISIC_0021035,-6.1254296,5.5618277
ISIC_0021036,-6.209666,6.2592893
ISIC_0021037,-5.859654,6.649644
ISIC_0021039,-4.050334,6.098144
ISIC_0021040,-3.9843798,6.1568546
ISIC_0021041,-4.2672553,8.091974
ISIC_0021042,-5.5347385,5.74648
ISIC_0021043,-6.3865714,5.2779446
ISIC_0021044,-6.5592647,6.307665
ISIC_0021045,-1.5341052,4.020216
ISIC_0021046,-1.3970959,3.9893441
ISIC_0021048,-1.2434826,4.1535416
ISIC_0021049,-5.5675616,5.933116
ISIC_0021050,-6.0517235,6.3935537
ISIC_0021051,-6.21293,7.745837
ISIC_0021052,-6.27082,6.3349285
ISIC_0021053,-5.582336,5.182596
ISIC_0021054,-6.143782,6.4423194
ISIC_0021055,-6.4995437,6.2334704
ISIC_0021056,-6.4153113,7.2303557
ISIC_0021057,-6.5016994,7.1796684
ISIC_0021058,-6.5339823,6.4641666
ISIC_0021059,-2.3135877,5.3955297
ISIC_0021060,-2.1881943,4.987222
ISIC_0021061,-2.3011096,5.561628
ISIC_0021062,-1.6019293,4.9301186
ISIC_0021063,-2.0683346,3.9782236
ISIC_0021064,-1.5731907,5.574234
ISIC_0021065,-1.7041569,4.9188166
ISIC_0021066,-2.0161324,4.7892995
ISIC_0021067,-1.4492615,5.283058
ISIC_0021068,-3.172043,7.8457103
ISIC_0021069,-4.3646684,7.1002645
ISIC_0021070,-5.7735777,5.3591633
ISIC_0021071,-3.4146116,7.232488
ISIC_0021072,-4.7282753,8.682765
ISIC_0021073,-5.3366737,6.0563145
ISIC_0021074,-5.984983,6.3091865
ISIC_0021075,-6.481552,7.3297186
ISIC_0021076,-6.0621886,8.284079
ISIC_0021077,-6.468402,6.0985107
ISIC_0021078,-5.8682275,8.32104
ISIC_0021079,-3.165719,5.7290344
ISIC_0021080,-4.6071773,4.1444902
ISIC_0021081,-5.326244,4.7607512
ISIC_0021082,-5.725379,7.5979304
ISIC_0021083,-2.3835137,6.6542554
ISIC_0021084,-2.8970315,6.7609997
ISIC_0021085,-5.2409215,7.886454
ISIC_0021086,-4.609283,3.879207
ISIC_0021087,-4.227442,3.607768
ISIC_0021088,-5.507687,7.7333546
ISIC_0021089,-5.8580146,6.0207615
ISIC_0021090,-4.8200765,3.215975
ISIC_0021091,-5.344489,5.662727
ISIC_0021092,-4.7610497,4.4056993
ISIC_0021094,-3.8434587,3.6111166
ISIC_0021095,-3.820041,3.62756
ISIC_0021099,-2.7182896,6.2048993
ISIC_0021100,-3.8006139,7.708294
ISIC_0021101,-3.9272327,7.975179
ISIC_0021102,-3.3767672,5.159754
ISIC_0021103,-5.3340344,5.429981
ISIC_0021104,-3.322859,5.321087
ISIC_0021105,-5.671289,6.5922613
ISIC_0021106,-3.8330042,3.0633886
ISIC_0021107,-3.159672,2.9671843
ISIC_0021108,-3.327293,3.6165917
ISIC_0021109,-2.8185596,3.2669995
ISIC_0021110,-3.4221365,2.9068747
ISIC_0021111,-2.5253904,4.8608274
ISIC_0021112,-5.485813,5.244751
ISIC_0021113,-5.3639174,4.7847705
ISIC_0021114,-5.4060626,5.7569475
ISIC_0021115,-5.931951,7.7281036
ISIC_0021116,-5.581654,5.6873755
ISIC_0021117,-5.5708623,5.4987445
ISIC_0021118,-5.963025,6.201911
ISIC_0021119,-1.3276179,4.0680666
ISIC_0021120,-1.2640005,3.9392931
ISIC_0021121,-0.97644705,4.542453
ISIC_0021122,-1.6977121,3.9088202
ISIC_0021123,-1.7893136,3.8126657
ISIC_0021124,-1.2832643,4.1340775
ISIC_0021125,-3.1107993,4.019578
ISIC_0021132,-6.0931864,7.316262
ISIC_0021133,-5.6918097,4.1412773
ISIC_0021134,-6.7154593,6.3229604
ISIC_0021135,-4.944098,4.028023
ISIC_0021136,-3.3761365,3.8464894
ISIC_0021137,-4.8250847,3.7126508
ISIC_0021138,-5.4817853,4.730544
ISIC_0021139,-2.8183074,7.408206
ISIC_0021140,-2.934326,6.934882
ISIC_0021141,-2.7751467,7.6244698
ISIC_0021147,-3.0848668,3.5515642
ISIC_0021149,-2.6871684,4.875332
ISIC_0021150,-5.2831783,4.0821495
ISIC_0021151,-3.5702555,5.1619153
ISIC_0021152,-4.8899994,8.52642
ISIC_0021153,-4.7370315,7.918032
ISIC_0021154,-5.3488026,9.1099
ISIC_0021155,-3.68275,4.0235357
ISIC_0021156,-5.3977547,7.5614104
ISIC_0021157,-5.507001,4.80704
ISIC_0021158,-5.9868474,8.081228
ISIC_0021159,-4.5193396,7.7755437
ISIC_0021160,-4.958032,7.601505
ISIC_0021161,-4.7339225,7.898012
ISIC_0021162,-2.8475106,6.437483
ISIC_0021163,-3.2822773,7.4425035
ISIC_0021164,-3.2143495,7.0052896
ISIC_0021165,-3.793285,8.765751
ISIC_0021166,-0.35548735,5.100612
ISIC_0021167,-0.27808183,5.1204395
ISIC_0021168,-0.2979751,5.431649
ISIC_0021169,-5.2651386,5.601514
ISIC_0021170,-6.0054417,5.8775406
ISIC_0021171,-1.7350879,6.336749
ISIC_0021172,-2.8670163,9.153028
ISIC_0021173,-6.2881846,7.888852
ISIC_0021174,-6.501864,7.163757
ISIC_0021175,-6.7327805,5.98664
ISIC_0021176,-7.0624585,7.4833446
ISIC_0021187,-5.140174,8.403041
ISIC_0021188,-4.6741314,8.190212
ISIC_0021189,-5.6434426,9.156784
ISIC_0021190,-4.4502788,3.9784021
ISIC_0021191,-4.205037,3.7676427
ISIC_0021192,-4.0451074,5.6331716
ISIC_0021193,-6.457697,5.532151
ISIC_0021194,-3.8523512,6.597169
ISIC_0021195,-3.2075453,3.816053
ISIC_0021196,-2.2488017,6.430266
ISIC_0021197,-5.224058,5.244427
ISIC_0021198,-5.2870946,4.7449265
ISIC_0021199,-5.5499797,7.0430145
ISIC_0021200,-6.091193,5.4225507
ISIC_0021201,-6.3276215,6.312384
ISIC_0021202,-5.974282,8.540632
ISIC_0021203,-2.6291401,4.8174677
ISIC_0021204,-3.2931828,3.6414397
ISIC_0021205,-2.1553264,9.373398
ISIC_0021206,-2.383007,5.3594837
ISIC_0021207,-2.691639,4.2637534
ISIC_0021208,-3.016954,3.8527074
ISIC_0021209,-1.9178197,5.290553
ISIC_0021210,-4.3229265,6.896404
ISIC_0021214,-3.779366,2.6529806
ISIC_0021215,-3.576396,2.6346154
ISIC_0021216,-4.600657,5.7773385
ISIC_0021221,-3.083802,4.652277
ISIC_0021224,-5.989592,6.9133224
ISIC_0021225,-6.138821,6.8332033
ISIC_0021226,-6.7275534,7.406276
ISIC_0021227,-6.7317066,7.322245
ISIC_0021228,-6.0958614,7.2796288
ISIC_0021229,-7.0963664,7.362441
ISIC_0021230,-3.130948,7.723662
ISIC_0021231,-2.5160484,4.170645
ISIC_0021232,-2.8961005,4.779906
ISIC_0021233,-2.8152864,6.9146285
ISIC_0021234,-3.1222498,7.518809
ISIC_0021235,-3.186983,7.5933957
ISIC_0021236,-2.9601157,7.416716
ISIC_0021237,-1.9361074,5.382996
ISIC_0021238,-1.6376507,4.9916916
ISIC_0021239,-2.93585,7.703032
ISIC_0021240,-5.9075284,4.389362
ISIC_0021241,-2.449437,5.7691627
ISIC_0021242,-2.5812204,6.4551654
ISIC_0021243,-5.5844955,6.6329665
ISIC_0021244,-6.216645,7.3951373
ISIC_0021245,-6.227282,5.4099183
ISIC_0021246,-6.5576644,7.5027843
ISIC_0021250,-3.1242826,3.4311557
ISIC_0021251,-2.09925,10.600882
ISIC_0021252,-2.5355377,3.372772
ISIC_0021253,-1.9835265,4.47307
ISIC_0021254,-2.1777854,4.204103
ISIC_0021255,-3.21646,2.9653857
ISIC_0021256,-1.9808105,4.757266
ISIC_0021257,-4.319969,3.128227
ISIC_0021258,-2.8150854,4.007831
ISIC_0021259,-4.077791,5.7168627
ISIC_0021260,-3.791922,6.854764
ISIC_0021261,-4.226966,6.2331495
ISIC_0021262,-6.0154433,4.492936
ISIC_0021263,-4.4043875,5.271982
ISIC_0021264,-5.1494718,5.928533
ISIC_0021265,-7.1341343,7.601343
ISIC_0021266,-6.9079742,8.288069
ISIC_0021267,-6.246596,5.1429796
ISIC_0021268,-5.704576,4.0488715
ISIC_0021269,-6.734035,7.5287366
ISIC_0021270,-4.272835,6.6893287
ISIC_0021271,-3.5587363,6.3686113
ISIC_0021272,-3.4893563,4.135078
ISIC_0021273,-4.9757695,4.7591114
ISIC_0021274,-5.90155,7.088883
ISIC_0021278,-3.2055016,7.4592996
ISIC_0021279,-3.3455734,7.1028776
ISIC_0021280,-3.6843643,9.175718
ISIC_0021281,-5.5288577,5.155525
ISIC_0021282,-2.4809475,6.875338
ISIC_0021283,-5.56678,4.2418165
ISIC_0021284,-5.1997123,5.8823
ISIC_0021285,-4.2689786,5.9299846
ISIC_0021286,-4.283028,5.831517
ISIC_0021287,-5.1107335,7.157568
ISIC_0021288,-1.8113151,4.446894
ISIC_0021289,-2.5298064,4.288911
ISIC_0021290,-1.907859,4.6435957
ISIC_0021291,-3.1687095,8.041776
ISIC_0021292,-3.124864,7.650739
ISIC_0021293,-3.685719,6.1046004
ISIC_0021294,-2.572552,7.5973454
ISIC_0021295,-3.4003286,3.349344
ISIC_0021296,-3.8081954,3.10282
ISIC_0021297,-3.8658543,4.7950306
ISIC_0021301,-2.4866295,7.0612407
ISIC_0021302,-2.5204444,6.580724
ISIC_0021303,-2.4893322,6.876214
ISIC_0021304,-5.270113,7.168914
ISIC_0021305,-2.9471412,3.6417046
ISIC_0021306,-2.2722707,4.313922
ISIC_0021307,-1.7538021,4.936593
ISIC_0021314,-4.3631363,5.01995
ISIC_0021315,-4.5384235,6.9690394
ISIC_0021316,-3.4023838,5.7001247
ISIC_0021317,-4.369502,6.7826896
ISIC_0021318,-3.978444,3.68909
ISIC_0021319,-3.8669126,3.5443075
ISIC_0021320,-3.943643,3.7587774
ISIC_0021321,-3.4129722,7.241139
ISIC_0021322,-3.1739066,7.2365313
ISIC_0021323,-4.9982314,4.7674856
ISIC_0021324,-3.6301157,8.341631
ISIC_0021325,-4.300306,3.7075174
ISIC_0021326,-4.228258,3.2691107
ISIC_0021327,-2.7800775,6.6907697
ISIC_0021328,-4.234301,2.9913573
ISIC_0021329,-4.0568285,2.761639
ISIC_0021330,-3.2182317,4.359462
ISIC_0021331,-2.7129917,6.1704125
ISIC_0021332,-5.718779,4.689461
ISIC_0021333,-5.035001,3.8703794
ISIC_0021334,-6.287697,5.590665
ISIC_0021335,-2.826646,7.0522456
ISIC_0021336,-5.046066,8.976327
ISIC_0021337,-4.8482795,8.790533
ISIC_0021338,-4.973636,8.94558
ISIC_0021339,-2.220316,4.4283895
ISIC_0021340,-1.9258939,4.304035
ISIC_0021341,-2.2838302,4.426199
ISIC_0021342,-5.1966968,5.333633
ISIC_0021343,-5.4853687,5.394868
ISIC_0021344,-3.2508132,7.10361
ISIC_0021345,-6.623349,6.891278
ISIC_0021346,-6.116715,7.832493
ISIC_0021347,-6.4351234,7.9340806
ISIC_0021348,-6.2747364,5.293593
ISIC_0021349,-6.790028,8.350971
ISIC_0021353,-5.5545306,5.906496
ISIC_0021354,-4.5043235,6.4003425
ISIC_0021355,-2.5904055,5.815604
ISIC_0021356,-6.1885386,5.7421947
ISIC_0021357,-2.4640634,6.5275583
ISIC_0021358,-3.9811883,3.0346603
ISIC_0021359,-3.906637,3.0595403
ISIC_0021360,-6.838346,5.76044
ISIC_0021366,-4.778129,6.178145
ISIC_0021371,-4.830634,4.8424144
ISIC_0021372,-4.0599875,8.721081
ISIC_0021373,-2.9382207,7.0319057
ISIC_0021374,-5.1312127,6.77092
ISIC_0021378,-5.2600064,4.92654
ISIC_0021379,-3.591251,7.479763
ISIC_0021380,-3.876264,7.327065
ISIC_0021381,-3.733358,7.61943
ISIC_0021382,-5.6342173,6.0718374
ISIC_0021383,-5.665159,5.6918507
ISIC_0021384,-6.1799316,6.514444
ISIC_0021385,-2.596385,5.8895593
ISIC_0021386,-2.5448806,5.5691857
ISIC_0021387,-4.557523,4.087867
ISIC_0021388,-2.506359,5.9082913
ISIC_0021390,-3.3097112,8.403879
ISIC_0021391,-3.5973787,9.056561
ISIC_0021392,-4.247821,3.2765229
ISIC_0021393,-3.8905876,3.4599438
ISIC_0021394,-5.655869,6.5023947
ISIC_0021395,-2.662914,3.6832964
ISIC_0021396,-3.8123004,3.3189375
ISIC_0021397,-6.5034204,5.9147186
ISIC_0021398,-6.2802296,6.9506884
ISIC_0021399,-5.898905,4.626907
ISIC_0021400,-6.6789837,5.66393
ISIC_0021401,-6.7154417,6.061203
ISIC_0021402,-4.8176675,3.652847
ISIC_0021403,-4.047237,3.801074
ISIC_0021404,-4.427068,4.2676725
ISIC_0021405,-4.108399,5.9553924
ISIC_0021406,-4.416346,3.8434994
ISIC_0021407,-4.2732205,5.2747493
ISIC_0021408,-3.021114,7.863274
ISIC_0021409,-3.1847892,8.504467
ISIC_0021410,-3.1793165,8.593811
ISIC_0021411,-3.2843802,8.860717
ISIC_0021412,-3.2722223,8.701961
ISIC_0021413,-3.2703938,8.836082
ISIC_0021414,-3.884459,4.203396
ISIC_0021415,-3.306828,8.837367
ISIC_0021422,-3.8495283,3.8236802
ISIC_0021423,-3.4268048,4.3189607
ISIC_0021424,-2.9170694,4.746277
ISIC_0021426,-4.104938,3.1156533
ISIC_0021427,-3.8270183,3.0535543
ISIC_0021428,-2.6074772,4.531251
ISIC_0021429,-6.196225,5.056013
ISIC_0021430,-4.1364517,2.7544196
ISIC_0021431,-6.882352,7.3441234
ISIC_0021432,-2.1898263,4.9203587
ISIC_0021434,-1.9701234,4.3523874
ISIC_0021435,-1.0563982,5.1909323
ISIC_0021436,-4.449394,7.1170607
ISIC_0021437,-1.939283,6.226888
ISIC_0021438,-1.744656,6.6049047
ISIC_0021439,-4.3517895,3.2588181
ISIC_0021440,-3.877083,2.725198
ISIC_0021441,-1.7315497,4.768084
ISIC_0021442,-4.371031,2.9757433
ISIC_0021443,-3.7606368,3.0273132
ISIC_0021446,-3.4413784,3.347472
ISIC_0021447,-3.7019932,3.3616316
ISIC_0021448,-3.8775053,3.2826726
ISIC_0021449,-4.542064,5.4128404
ISIC_0021453,-5.918901,5.464873
ISIC_0021454,-6.3442917,6.1293736
ISIC_0021455,-6.917941,7.436941
ISIC_0021457,-5.98247,5.3516474
ISIC_0021458,-6.3263836,5.9731445
ISIC_0021459,-6.122107,7.191495
ISIC_0021466,-3.2365887,3.2631595
ISIC_0021468,-4.445905,5.934648
ISIC_0021469,-3.4724553,3.0966654
ISIC_0021473,-3.9968977,6.576293
ISIC_0021474,-3.7178028,6.7163897
ISIC_0021475,-3.8610165,7.317019
ISIC_0021477,-2.7509308,3.9483578
ISIC_0021478,-3.6840436,2.9831946
ISIC_0021479,-6.648004,7.7868547
ISIC_0021480,-3.6211472,7.1423993
ISIC_0021481,-3.6931715,6.991516
ISIC_0021482,-3.7204218,7.736224
ISIC_0021483,-2.0963714,3.8473153
ISIC_0021484,-5.7962966,4.1850295
ISIC_0021485,-5.1800566,3.80189
ISIC_0021486,-5.936725,6.210373
ISIC_0021487,-3.3156943,7.6292562
ISIC_0021488,-3.430759,7.146193
ISIC_0021489,-3.1744277,7.71948
ISIC_0021490,-2.3247247,3.878184
ISIC_0021491,-4.5562363,4.3539147
ISIC_0021492,-5.963641,5.812988
ISIC_0021493,-5.9483256,6.1823373
ISIC_0021494,-6.4413095,5.8098397
ISIC_0021495,-6.6030765,5.8524528
ISIC_0021496,-7.0483484,7.4628153
ISIC_0021497,-2.566914,4.303589
ISIC_0021498,-2.9778755,3.919084
ISIC_0021499,-1.6959702,3.9985938
ISIC_0021500,-1.4601266,6.7757554
ISIC_0021501,-4.1390114,3.2952788
ISIC_0021502,-4.1470075,3.2662416
ISIC_0021503,-4.381727,8.339814
ISIC_0021504,-3.6548653,7.7344656
ISIC_0021505,-3.4197752,7.567097
ISIC_0021506,-3.7167063,7.7368135
ISIC_0021507,-5.946603,5.8149023
ISIC_0021508,-4.3810177,3.3872204
ISIC_0021509,-6.494528,7.261137
ISIC_0021510,-1.025352,4.614294
ISIC_0021511,-3.6334283,3.4493632
ISIC_0021512,-3.410702,3.5086794
ISIC_0021513,-1.3878177,4.109704
ISIC_0021514,-4.378637,5.903755
ISIC_0021515,-4.600331,6.3118787
ISIC_0021516,-4.7775965,6.295686
ISIC_0021517,-4.177967,3.1875281
ISIC_0021518,-3.8741279,3.14442
ISIC_0021519,-2.100019,5.9646454
ISIC_0021520,-3.3200564,7.241378
ISIC_0021521,-1.7367424,3.7933395
ISIC_0021522,-3.2263787,7.444691
ISIC_0021523,-2.6955795,7.5850415
ISIC_0021524,-6.2730746,4.987283
ISIC_0021525,-6.716977,5.474732
ISIC_0021526,-6.7481494,5.3566017
ISIC_0021527,-3.2911484,3.4971406
ISIC_0021528,-2.6794198,4.0131307
ISIC_0021529,-1.7172961,4.6232004
ISIC_0021530,-6.7099457,6.4215117
ISIC_0021531,-6.5576673,6.041551
ISIC_0021532,-2.675675,3.836049
ISIC_0021533,-7.114976,6.2794886
ISIC_0021534,-5.861547,8.563904
ISIC_0021535,-6.1368656,7.4714837
ISIC_0021536,-5.993357,8.184166
ISIC_0021537,-2.068628,3.8371525
ISIC_0021538,-3.731018,2.953364
ISIC_0021539,-2.128385,4.2734756
ISIC_0021541,-1.6116937,5.0666485
ISIC_0021542,-2.4221,4.2407255
ISIC_0021543,-1.4900849,4.857009
ISIC_0021544,-1.0664253,6.2138243
ISIC_0021545,-4.1750393,3.34289
ISIC_0021546,-4.260511,3.0887141
ISIC_0021547,-4.1048384,4.2014737
ISIC_0021548,-5.4689736,4.917864
ISIC_0021549,-5.8622828,5.3183537
ISIC_0021550,-5.800625,5.9136915
ISIC_0021551,-4.3909883,3.3043282
ISIC_0021552,-2.621066,3.8905709
ISIC_0021553,-4.24383,3.1918736
ISIC_0021554,-2.8366437,4.9366097
ISIC_0021555,-4.1112475,4.493959
ISIC_0021556,-3.6514347,4.4727697
ISIC_0021557,-3.6462555,4.3950634
ISIC_0021558,-3.2850938,6.430455
ISIC_0021559,-3.1778135,6.3917527
ISIC_0021560,-3.3917818,7.445467
ISIC_0021563,-5.048987,3.834053
ISIC_0021565,-4.661259,3.2304606
ISIC_0021566,-4.324497,2.9523206
ISIC_0021567,-3.145496,5.1742516
ISIC_0021571,-4.9616556,3.8073468
ISIC_0021572,-3.7995665,3.7309837
ISIC_0021573,-4.0369625,3.2580302
ISIC_0021574,-3.1095676,4.731225
ISIC_0021575,-3.949894,3.6135802
ISIC_0021576,-3.905004,3.0846498
ISIC_0021577,-3.6684434,3.5315
ISIC_0021578,-4.047969,3.5437295
ISIC_0021579,-5.208777,4.072946
ISIC_0021580,-4.1029267,3.0483277
ISIC_0021581,-3.5106618,5.683592
ISIC_0021582,-6.826757,5.595052
ISIC_0021583,-6.8452573,5.467868
ISIC_0021584,-6.8598995,5.570244
ISIC_0021585,-3.9636452,8.224418
ISIC_0021586,-3.9372118,7.9225745
ISIC_0021587,-5.514915,3.9804842
ISIC_0021588,-3.8154426,8.319893
ISIC_0021589,-5.328275,8.566126
ISIC_0021590,-5.4798446,8.578666
ISIC_0021591,-5.3549604,8.837204
ISIC_0021592,-5.4023066,7.181327
ISIC_0021593,-5.41539,8.00419
ISIC_0021594,-5.5769625,9.131292
ISIC_0021595,-4.813551,3.7148273
ISIC_0021596,-4.465981,2.8698153
ISIC_0021597,-3.2865212,3.311237
ISIC_0021598,-2.3050656,5.077327
ISIC_0021599,-5.3541,9.098991
ISIC_0021600,-5.6267242,9.029123
ISIC_0021601,-5.5837665,9.0301485
ISIC_0021602,-3.7853677,8.340832
ISIC_0021603,-5.556827,4.246359
ISIC_0021604,-3.6237617,7.914461
ISIC_0021605,-3.9786947,8.073583
ISIC_0021606,-4.1053433,3.5540657
ISIC_0021607,-2.81924,4.1101584
ISIC_0021608,-2.5375218,5.0255537
ISIC_0021611,-3.900167,3.1621149
ISIC_0021613,-2.8596098,3.3181612
ISIC_0021614,-1.1748852,5.2806897
ISIC_0021615,-1.9540681,4.8649483
ISIC_0021622,-3.7198188,3.4530773
ISIC_0021623,-4.001572,8.961934
ISIC_0021624,-3.8704288,8.186933
ISIC_0021625,-3.7935357,8.204554
ISIC_0021627,-2.279187,4.8123193
ISIC_0021631,-5.633308,8.217016
ISIC_0021632,-5.533559,5.002554
ISIC_0021633,-4.2522793,3.0723686
ISIC_0021634,-4.064326,3.640861
ISIC_0021635,-3.246768,7.4313955
ISIC_0021636,-3.250598,7.7295423
ISIC_0021637,-3.2023857,7.526456
ISIC_0021638,-5.113254,8.733913
ISIC_0021639,-3.7757583,7.3318152
ISIC_0021640,-4.172808,7.631959
ISIC_0021641,-3.9071894,8.702482
ISIC_0021642,-3.9846103,7.0888305
ISIC_0021643,-4.8569827,8.9623375
ISIC_0021644,-4.1680756,7.123131
ISIC_0021645,-4.345925,8.6206045
ISIC_0021646,-4.8535566,5.927677
ISIC_0021647,-4.6819406,4.7892594
ISIC_0021648,-3.2011662,7.1397758
ISIC_0021649,-3.512509,6.988671
ISIC_0021650,-4.349712,3.1596396
ISIC_0021651,-2.5754602,7.032853
ISIC_0021652,-3.7576885,3.063887
ISIC_0021653,-4.34022,2.8408039
ISIC_0021654,-6.106018,5.500973
ISIC_0021655,-3.4851003,3.1203158
ISIC_0021662,-1.4555638,4.2176347
ISIC_0021663,-1.1129342,4.36434
ISIC_0021664,-0.8887576,4.591518
ISIC_0021665,-6.136663,5.344122
ISIC_0021669,-3.660026,8.795789
ISIC_0021670,-3.4565055,8.62789
ISIC_0021671,-3.1214757,8.230872
ISIC_0021672,-2.25002,4.7177777
ISIC_0021673,-6.0758624,8.785063
ISIC_0021674,-2.330062,5.000774
ISIC_0021675,-2.0140402,5.0519605
ISIC_0021676,-1.4967977,5.903694
ISIC_0021677,-1.8420084,5.5932746
ISIC_0021678,-1.7822067,6.211378
ISIC_0021679,-5.3530087,8.31799
ISIC_0021680,-6.683991,6.9248652
ISIC_0021681,-1.5195485,6.8126483
ISIC_0021682,-6.762364,7.7878294
ISIC_0021686,-1.9426454,4.069477
ISIC_0021687,-4.694896,3.0951626
ISIC_0021688,-5.4003415,3.9812415
ISIC_0021689,-3.4034648,4.421722
ISIC_0021690,-0.35680678,5.0608544
ISIC_0021691,-0.38797528,4.980588
ISIC_0021692,-0.29092145,5.0593266
ISIC_0021693,-3.7898872,7.9964952
ISIC_0021694,-1.6938695,4.3088093
ISIC_0021695,-3.6978,7.736103
ISIC_0021696,-3.678155,8.132002
ISIC_0021697,-6.743812,5.8460903
ISIC_0021698,-6.791028,5.4767284
ISIC_0021699,-6.767979,7.475585
ISIC_0021700,-4.239082,5.944615
ISIC_0021701,-3.5161724,5.416155
ISIC_0021702,-3.1221797,6.0068774
ISIC_0021704,-2.3723276,6.9548783
ISIC_0021705,-2.6825583,7.145985
ISIC_0021706,-5.72285,5.335162
ISIC_0021707,-2.162457,6.7220726
ISIC_0021708,-6.8282666,5.8913693
ISIC_0021709,-6.276144,5.895425
ISIC_0021710,-4.0641074,3.8873596
ISIC_0021711,-3.5137858,3.4847047
ISIC_0021712,-6.164178,4.917614
ISIC_0021713,-3.7635849,4.0888696
ISIC_0021714,-3.567395,3.0530088
ISIC_0021715,-3.424947,3.3542273
ISIC_0021716,-2.1796699,4.2900605
ISIC_0021717,-6.7041106,6.9462485
ISIC_0021718,-3.8009496,3.7561808
ISIC_0021719,-4.2327466,3.640379
ISIC_0021720,-4.1323414,3.7855778
ISIC_0021721,-3.8956828,3.0303226
ISIC_0021722,-4.1028166,3.432911
ISIC_0021723,-1.1975715,5.3931537
ISIC_0021724,-4.0811367,2.9628494
ISIC_0021725,-6.743117,7.385807
ISIC_0021726,-4.166304,3.5340447
ISIC_0021727,-1.8142155,5.791189
ISIC_0021728,-3.424568,2.8764887
ISIC_0021729,-3.0299933,3.0300927
ISIC_0021730,-1.6034662,4.61467
ISIC_0021731,-4.397724,3.1532767
ISIC_0021732,-3.446963,6.267686
ISIC_0021733,-4.521781,3.1684105
ISIC_0021734,-5.0875316,3.5935788
ISIC_0021735,-5.0822797,3.4686022
ISIC_0021736,-5.129653,4.7330875
ISIC_0021737,-5.679133,4.3237767
ISIC_0021738,-5.8606377,5.1495233
ISIC_0021739,-6.07512,5.49571
ISIC_0021740,-5.6424174,5.136921
ISIC_0021741,-4.7201324,5.9163084
ISIC_0021742,-2.8049939,6.85998
ISIC_0021743,-2.7264683,6.814363
ISIC_0021744,-2.9855678,7.069538
ISIC_0021745,-5.6993923,4.9190125
ISIC_0021746,-5.339826,4.687706
ISIC_0021747,-3.447894,4.8036222
ISIC_0021748,-3.853864,3.6136267
ISIC_0021749,-2.8532453,3.952108
ISIC_0021750,-1.3621525,5.1917877
ISIC_0021751,-5.2762847,7.541854
ISIC_0021752,-3.7962983,7.5829844
ISIC_0021753,-3.4842257,7.1651707
ISIC_0021754,-3.962379,8.3626795
ISIC_0021755,-3.5189407,8.32809
ISIC_0021756,-4.1278176,3.4109633
ISIC_0021757,-4.955926,7.7964096
ISIC_0021758,-4.379949,8.761297
ISIC_0021762,-6.8923965,6.0574226
ISIC_0021763,-6.3858743,5.137909
ISIC_0021764,-6.9958296,6.3468513
ISIC_0021765,-3.3487616,6.159354
ISIC_0021766,-3.2372682,6.453944
ISIC_0021767,-3.3439925,6.0696015
ISIC_0021768,-3.4642794,2.5862806
ISIC_0021769,-4.823921,8.540713
ISIC_0021770,-5.6516423,6.7230873
ISIC_0021771,-5.6574135,5.5247397
ISIC_0021772,-4.8334746,5.190982
ISIC_0021777,-5.066405,8.630763
ISIC_0021780,-5.490854,6.600336
ISIC_0021781,-6.434966,5.6518183
ISIC_0021782,-4.615097,5.037685
ISIC_0021783,-6.0277753,7.633199
ISIC_0021784,-7.0418916,6.506518
ISIC_0021785,-6.3271,6.848862
ISIC_0021786,-5.254579,5.401219
ISIC_0021787,-5.138923,3.9460564
ISIC_0021788,-5.575903,8.760254
ISIC_0021789,-6.594635,6.706955
ISIC_0021790,-6.7383013,6.572354
ISIC_0021791,-6.216191,5.8723454
ISIC_0021792,-6.205744,6.2188897
ISIC_0021796,-2.548197,4.216089
ISIC_0021797,-3.2443397,4.216699
ISIC_0021798,-6.2299633,5.912885
ISIC_0021799,-4.8491387,7.3055367
ISIC_0021800,-6.0904503,7.948692
ISIC_0021801,-5.205629,3.9491587
ISIC_0021802,-4.786831,6.3949394
ISIC_0021803,-5.4903693,6.257828
ISIC_0021804,-5.1588736,6.611444
ISIC_0021805,-5.325596,8.677326
ISIC_0021806,-3.97021,3.0118775
ISIC_0021807,-1.2696893,7.186469
ISIC_0021808,-3.0054092,5.0688543
ISIC_0021809,-2.3723197,6.404265
ISIC_0021810,-3.3995738,7.365036
ISIC_0021811,-2.4022791,5.8104653
ISIC_0021812,-3.3225403,7.0888677
ISIC_0021814,-2.3449337,6.9418926
ISIC_0021815,-3.483118,8.361209
ISIC_0021816,-4.4878488,8.038632
ISIC_0021817,-4.858525,7.5126867
ISIC_0021818,-4.5697255,5.7283506
ISIC_0021819,-4.655368,8.018646
ISIC_0021821,-3.3167992,8.761818
ISIC_0021822,-3.2408192,8.6844635
ISIC_0021823,-6.7751136,5.6917505
ISIC_0021824,-6.3103657,5.334239
ISIC_0021828,-6.011246,4.7828026
ISIC_0021829,-6.922293,5.929838
ISIC_0021830,-6.8750873,5.784852
ISIC_0021831,-6.7993298,6.06834
ISIC_0021832,-4.0146017,3.4593384
ISIC_0021833,-3.8624933,3.4816198
ISIC_0021834,-2.176595,4.603159
ISIC_0021835,-3.5025578,7.66625
ISIC_0021836,-5.665883,4.8497014
ISIC_0021837,-3.490317,8.483377
ISIC_0021838,-3.4204686,8.2633
ISIC_0021842,-5.8510594,5.65609
ISIC_0021843,-5.536883,4.977069
ISIC_0021844,-7.0688105,7.304577
ISIC_0021845,-6.4691596,7.827116
ISIC_0021846,-4.373674,7.7275195
ISIC_0021847,-3.7990363,7.16349
ISIC_0021848,-4.8692074,8.647682
ISIC_0021849,-5.057459,8.627406
ISIC_0021850,-6.0699835,6.4907713
ISIC_0021851,-4.151569,2.9957197
ISIC_0021852,-1.7754004,4.343501
ISIC_0021853,-2.148206,6.675615
ISIC_0021854,-3.676338,3.6613216
ISIC_0021855,-2.4627187,5.544986
ISIC_0021856,-3.01656,3.299059
ISIC_0021857,-0.36069396,4.8130794
ISIC_0021858,-0.5576099,4.762445
ISIC_0021859,-0.48824018,4.968467
ISIC_0021860,-3.405945,7.019653
ISIC_0021861,-3.4439764,7.116475
ISIC_0021862,-3.320436,7.649177
ISIC_0021863,-2.301124,3.7328036
ISIC_0021864,-2.2291062,4.511527
ISIC_0021865,-2.0139515,4.300738
ISIC_0021867,-3.0698094,3.5438018
ISIC_0021873,-4.112415,7.7901917
ISIC_0021874,-4.2332697,7.5609093
ISIC_0021875,-4.0146875,8.91256
ISIC_0021876,-3.644661,8.398126
ISIC_0021880,-2.0913534,6.5509715
ISIC_0021881,-2.5222204,3.8202481
ISIC_0021882,-2.4015975,6.271568
ISIC_0021883,-3.8788204,6.7586846
ISIC_0021884,-3.2944486,3.6791599
ISIC_0021885,-3.4313917,3.387404
ISIC_0021886,-2.8421154,4.5987725
ISIC_0021887,-3.0108132,7.2516403
ISIC_0021891,-4.1935525,8.741494
ISIC_0021892,-4.334874,9.164373
ISIC_0021893,-4.468676,9.012058
ISIC_0021894,-4.4269347,9.087274
ISIC_0021896,-3.200514,3.5090814
ISIC_0021897,-3.3014293,4.002982
ISIC_0021898,-3.4796026,7.857928
ISIC_0021899,-2.8499522,8.150527
ISIC_0021900,-6.87031,7.46787
ISIC_0021901,-2.9730713,8.354016
ISIC_0021902,-3.6820626,3.6786828
ISIC_0021903,-3.507499,3.2947097
ISIC_0021904,-2.9769602,3.571198
ISIC_0021905,-3.9464576,3.8379183
ISIC_0021906,-1.6794143,7.126363
ISIC_0021907,-0.04357897,8.170305
ISIC_0021908,-6.446849,7.849083
ISIC_0021909,-4.7917175,6.3179326
ISIC_0021910,-0.6037043,9.95552
ISIC_0021911,-5.20701,3.5106058
ISIC_0021912,-4.971861,7.741627
ISIC_0021913,-5.3205657,8.410474
ISIC_0021914,-1.4827042,5.789606
ISIC_0021915,-1.9597348,6.2749863
ISIC_0021916,-1.99354,6.4104524
ISIC_0021917,-5.6744814,4.471928
ISIC_0021918,-6.805185,6.176735
ISIC_0021919,-6.8163557,6.056788
ISIC_0021920,-6.8063655,6.0761795
ISIC_0021921,-0.6445847,5.5040956
ISIC_0021922,-2.29042,5.6173496
ISIC_0021923,-2.7958648,5.380898
ISIC_0021924,-2.543732,5.1091437
ISIC_0021925,-3.1127005,6.3276176
ISIC_0021926,-0.42650566,5.273234
ISIC_0021927,-0.5136303,5.2257767
ISIC_0021928,-3.1977,6.955667
ISIC_0021929,-3.1866472,7.818262
ISIC_0021930,-6.6705217,6.2936645
ISIC_0021931,-5.9722433,7.215308
ISIC_0021932,-6.734661,6.4873424
ISIC_0021933,-1.7571143,4.9199944
ISIC_0021934,-3.1928675,5.543927
ISIC_0021935,-3.5887876,7.817356
ISIC_0021936,-3.1319246,7.682781
ISIC_0021942,-1.1442018,5.363932
ISIC_0021943,-2.4434824,3.5169737
ISIC_0021944,-4.2107964,8.751927
ISIC_0021945,-4.6293273,9.606169
ISIC_0021946,-4.5521035,9.592875
ISIC_0021947,-6.2398286,5.596779
ISIC_0021948,-6.3196573,5.7451687
ISIC_0021949,-5.727927,5.102095
ISIC_0021950,-5.8827367,5.1695085
ISIC_0021954,-3.2117987,6.3390512
ISIC_0021959,-7.2943506,6.7974124
ISIC_0021960,-5.38927,5.618466
ISIC_0021961,-5.3161783,5.3404393
ISIC_0021962,-5.25872,5.507276
ISIC_0021963,-1.2537763,3.964447
ISIC_0021964,-2.8449707,7.0901504
ISIC_0021965,-3.3691225,6.9003634
ISIC_0021966,-4.803775,8.250876
ISIC_0021967,-4.598703,3.079397
ISIC_0021968,-2.9063206,6.3389006
ISIC_0021969,-6.541402,5.275948
ISIC_0021970,-7.0312624,7.342047
ISIC_0021971,-6.4605355,6.703073
ISIC_0021972,-6.73634,6.649724
ISIC_0021973,-6.727153,6.565614
ISIC_0021974,-6.329561,6.3743963
ISIC_0021975,-6.607587,6.5879645
ISIC_0021976,-6.351749,6.4686255
ISIC_0021977,-6.5511737,6.5778656
ISIC_0021978,-4.5759845,3.048009
ISIC_0021979,-4.520796,3.9866135
ISIC_0021980,-5.910826,5.46418
ISIC_0021981,-6.0850434,5.4556203
ISIC_0021982,-2.8621607,3.9930794
ISIC_0021983,-2.7520568,3.871765
ISIC_0021984,-2.6533146,3.8010883
ISIC_0021985,-3.838683,3.380734
ISIC_0021986,-5.5827985,4.1750765
ISIC_0021987,-5.723004,4.9082317
ISIC_0021988,-6.0836515,4.8632874
ISIC_0021989,-6.672743,5.9268017
ISIC_0021990,-6.732837,5.9967756
ISIC_0021991,-5.4896836,4.8249817
ISIC_0021992,-2.2233653,3.709599
ISIC_0021993,-1.6485829,4.034468
ISIC_0021994,-2.217421,3.5592024
ISIC_0021995,-1.6036035,4.0552125
ISIC_0021996,-4.051911,3.5055087
ISIC_0021997,-4.8583574,3.6568103
ISIC_0021998,-3.8143113,3.55869
ISIC_0021999,-3.5298474,4.088382
ISIC_0022000,-5.2276573,4.5115185
ISIC_0022001,-0.84408134,5.96645
ISIC_0022002,-7.1120906,7.2707763
ISIC_0022003,-4.0244007,3.2142074
ISIC_0022004,-7.2045126,7.184973
ISIC_0022005,-4.6960893,3.0963008
ISIC_0022008,-0.63975143,4.6778493
ISIC_0022009,-2.624324,6.5106635
ISIC_0022010,-2.8044128,6.7496676
ISIC_0022011,-0.9219368,9.270736
ISIC_0022012,-0.94695306,9.275912
ISIC_0022013,-3.6378255,3.445544
ISIC_0022014,-4.1376824,9.165808
ISIC_0022015,-3.7005293,8.580685
ISIC_0022016,-3.580852,8.359388
ISIC_0022018,-2.0244524,3.276492
ISIC_0022019,-1.1877625,6.9640927
ISIC_0022020,-4.6048203,4.584925
ISIC_0022021,-4.635948,3.9197385
ISIC_0022022,-3.8184047,3.171906
ISIC_0022039,-6.2220774,8.78519
ISIC_0022040,-6.4121213,8.6984625
ISIC_0022041,-6.5017376,8.653677
ISIC_0022042,-6.5345407,8.6034355
ISIC_0022043,-6.364335,8.7970495
ISIC_0022044,-6.408826,8.559735
ISIC_0022045,-6.401425,8.632378
ISIC_0022046,-2.941152,7.7915683
ISIC_0022047,-2.7715569,7.639201
ISIC_0022048,-2.840765,3.1966293
ISIC_0022050,-3.8976328,9.4770975
ISIC_0022051,-3.209539,9.540582
ISIC_0022052,-3.5765407,9.208401
ISIC_0022053,-2.332437,9.617028
ISIC_0022059,-3.0756433,3.2290404
ISIC_0022066,-4.593978,6.461011
ISIC_0022067,-4.5481687,5.1687317
ISIC_0022068,-4.3984776,4.6461964
ISIC_0022069,-4.4149284,6.698519
ISIC_0022070,-2.9070096,3.2234814
ISIC_0022071,-4.307443,7.43042
ISIC_0022073,-3.8307724,6.928492
ISIC_0022074,-7.0811076,7.2769537
ISIC_0022075,-2.7201712,4.397124
ISIC_0022076,-2.72851,4.5344734
ISIC_0022077,-2.4703171,4.626681
ISIC_0022078,-2.68599,4.2990093
ISIC_0022079,-2.5006454,4.8299837
ISIC_0022080,-5.798532,6.345298
ISIC_0022081,-5.120778,5.348027
ISIC_0022082,-2.3291023,4.2256217
ISIC_0022083,-3.6405442,3.0587158
ISIC_0022085,-3.0152636,7.300654
ISIC_0022086,-0.28840545,7.0749063
ISIC_0022089,-6.0062537,4.548111
ISIC_0022090,-4.7534804,3.9590523
ISIC_0022092,-5.168676,3.6605854
ISIC_0022093,-5.8865356,5.8429747
ISIC_0022094,-6.094532,5.9307036
ISIC_0022095,-5.2006416,5.8126397
ISIC_0022096,-5.06246,5.8260784
ISIC_0022097,-5.204093,6.534133
ISIC_0022102,-3.8614335,4.235543
ISIC_0022103,-4.6184587,6.0802402
ISIC_0022104,-4.284133,7.8694367
ISIC_0022105,-4.5133815,7.916131
ISIC_0022106,-5.1491427,4.0569234
ISIC_0022107,-5.9244633,6.6154194
ISIC_0022108,-5.061305,3.8692505
ISIC_0022109,-6.1683745,4.8485966
ISIC_0022110,-6.1162305,6.117788
ISIC_0022113,-3.8353136,3.398052
ISIC_0022114,-6.350123,5.249481
ISIC_0022120,-1.7429532,5.7354894
ISIC_0022121,-2.3337638,6.292663
ISIC_0022122,-2.3016422,6.772619
ISIC_0022123,-4.6659184,3.493484
ISIC_0022124,-3.396634,3.714758
ISIC_0022125,-4.714552,3.402678
ISIC_0022126,-4.5432534,4.495201
ISIC_0022127,-4.913546,4.8322215
ISIC_0022128,-5.0515385,4.827002
ISIC_0022129,-6.599428,7.816872
ISIC_0022130,-5.5215516,5.778733
ISIC_0022131,-5.6960354,6.0908957
ISIC_0022132,-6.318526,7.4099293
ISIC_0022133,-6.517056,8.043324
ISIC_0022134,-4.9220695,5.0046244
ISIC_0022135,-2.6467147,6.4408765
ISIC_0022136,-5.6024265,5.910502
ISIC_0022137,-4.8753414,4.789843
ISIC_0022138,-4.013391,4.2229795
ISIC_0022139,-1.6555139,6.180712
ISIC_0022140,-3.1570632,6.7184687
ISIC_0022141,-2.421367,4.7372727
ISIC_0022142,-4.130057,3.0357535
ISIC_0022143,-2.421574,4.857571
ISIC_0022144,-3.2691178,2.8056324
ISIC_0022145,-3.2056675,2.7447472
ISIC_0022146,-7.1302104,7.75933
ISIC_0022147,-6.023561,8.128035
ISIC_0022148,-6.834861,7.46095
ISIC_0022149,-1.5754883,10.845444
ISIC_0022150,-1.4978139,10.777409
ISIC_0022151,-2.3837965,4.7653127
ISIC_0022152,-3.5356233,6.6783123
ISIC_0022153,-5.249099,3.8261645
ISIC_0022154,-1.8771455,4.4016223
ISIC_0022155,-1.0495379,4.610623
ISIC_0022156,-1.6540283,4.3381987
ISIC_0022157,-1.8625971,4.575274
ISIC_0022158,-6.1497817,7.969641
ISIC_0022162,-6.6930733,7.7945414
ISIC_0022164,-2.702432,5.9670944
ISIC_0022165,-4.222432,9.015457
ISIC_0022166,-3.3327193,6.85963
ISIC_0022167,-4.6967416,5.9495177
ISIC_0022168,-3.659847,7.1167946
ISIC_0022169,-3.6324396,9.299187
ISIC_0022170,-2.589282,3.081131
ISIC_0022171,-1.3467441,4.0345516
ISIC_0022172,-2.5412216,3.3101118
ISIC_0022173,-5.7250657,5.2289886
ISIC_0022174,-2.0987995,3.145533
ISIC_0022175,-2.6355562,6.831185
ISIC_0022176,-0.84495187,4.529405
ISIC_0022177,-0.5001977,4.760336
ISIC_0022178,-0.9250262,4.585082
ISIC_0022179,-5.9156437,5.9949617
ISIC_0022180,-6.712089,6.8596134
ISIC_0022181,-5.115839,4.5236382
ISIC_0022182,-5.1463966,5.140065
ISIC_0022183,-6.2487073,6.1549745
ISIC_0022184,-6.0934916,6.016326
ISIC_0022185,-6.88216,6.539712
ISIC_0022186,-7.159443,7.083713
ISIC_0022187,-7.159126,6.960202
ISIC_0022188,-7.1173005,6.959077
ISIC_0022189,-6.982043,6.6531353
ISIC_0022190,-7.10674,6.9306436
ISIC_0022191,-6.64261,6.1307254
ISIC_0022192,-0.44603163,6.4138894
ISIC_0022193,-7.1943836,7.278739
ISIC_0022194,-6.944566,6.8345213
ISIC_0022195,-5.4582076,4.5557075
ISIC_0022196,-5.4796534,4.647755
ISIC_0022197,-5.4312816,4.708717
ISIC_0022198,-5.2331486,4.8502884
ISIC_0022199,-6.7887335,6.3755245
ISIC_0022200,-3.3282368,6.879111
ISIC_0022201,-6.109078,6.2672477
ISIC_0022202,-4.2497034,3.6934507
ISIC_0022203,-0.45042914,6.5569677
ISIC_0022208,-6.72542,6.6526
ISIC_0022209,-5.195097,3.8053467
ISIC_0022210,-5.0983787,3.857743
ISIC_0022211,-6.463038,5.239889
ISIC_0022212,-6.46092,6.2619505
ISIC_0022213,-6.531579,5.3533726
ISIC_0022215,-6.381423,6.380024
ISIC_0022216,-6.6802697,6.614608
ISIC_0022217,-5.2559156,3.7313423
ISIC_0022218,-5.272921,3.9453533
ISIC_0022224,-6.0774417,5.2573195
ISIC_0022225,-5.538508,5.3908362
ISIC_0022226,-5.9938073,7.0005226
ISIC_0022227,-6.002581,4.959377
ISIC_0022228,-2.1467955,5.608317
ISIC_0022229,-6.7817297,7.4089456
ISIC_0022230,-5.0935736,6.207233
ISIC_0022231,-5.971346,4.578511
ISIC_0022232,-2.4900296,3.8704329
ISIC_0022233,-2.2210512,4.046988
ISIC_0022234,-3.3189871,3.1686218
ISIC_0022235,-3.6727057,2.9844694
ISIC_0022236,-5.566922,5.263882
ISIC_0022237,-2.869809,3.4381857
ISIC_0022238,-3.623902,2.9590597
ISIC_0022239,-3.4642887,8.27113
ISIC_0022240,-3.505375,7.716068
ISIC_0022241,-3.8013368,6.6774855
ISIC_0022242,-3.0580034,7.2759733
ISIC_0022243,-3.5441527,2.8676794
ISIC_0022244,-3.2859247,7.286682
ISIC_0022245,-3.7374043,7.414974
ISIC_0022246,-3.6807413,6.5559874
ISIC_0022247,-5.488236,5.3656287
ISIC_0022248,-1.3374095,4.283401
ISIC_0022249,-1.7357904,4.2237916
ISIC_0022250,-1.5106477,4.460419
ISIC_0022251,-2.0842886,4.0014443
ISIC_0022252,-1.3527198,4.2331533
ISIC_0022253,-1.4174197,4.3576937
ISIC_0022254,-3.677348,4.3636565
ISIC_0022255,-4.6799784,4.419334
ISIC_0022256,-2.6082659,4.606667
ISIC_0022257,-5.3446918,5.222591
ISIC_0022261,-4.058436,8.314412
ISIC_0022264,-6.7535796,6.685094
ISIC_0022266,-5.4459343,5.717736
ISIC_0022267,-6.8733897,8.006023
ISIC_0022268,-4.4366956,4.476466
ISIC_0022269,-3.2474067,7.4395823
ISIC_0022270,-3.505945,8.438911
ISIC_0022271,-3.2741199,7.358853
ISIC_0022272,-6.52634,6.9165215
ISIC_0022273,-6.3479166,6.8237276
ISIC_0022274,-6.477956,6.6970506
ISIC_0022275,-6.6419864,6.0843983
ISIC_0022276,-2.9280224,6.626016
ISIC_0022277,-2.764494,6.3531013
ISIC_0022278,-0.5567057,8.169137
ISIC_0022282,-3.160371,6.8602195
ISIC_0022283,-3.2015498,7.28665
ISIC_0022284,-3.3533852,6.8243713
ISIC_0022285,-5.3395095,4.6892543
ISIC_0022286,-6.582173,7.196464
ISIC_0022288,-6.901094,6.457263
ISIC_0022289,-5.6025863,4.2651706
ISIC_0022290,-4.201376,9.188154
ISIC_0022291,-2.6376412,5.890937
ISIC_0022292,-0.17403214,5.353959
ISIC_0022293,-0.15041547,5.139282
ISIC_0022294,-0.16842765,5.263176
ISIC_0022295,-0.2302899,5.034416
ISIC_0022296,-0.28052244,5.135649
ISIC_0022297,-0.36738148,5.1760426
ISIC_0022299,-0.17307739,5.1344643
ISIC_0022300,-0.24531122,5.3717813
ISIC_0022301,-0.7736406,4.7253942
ISIC_0022302,-0.6618393,4.811033
ISIC_0022303,-0.69832104,4.564686
ISIC_0022304,-5.0433125,4.2504444
ISIC_0022305,-4.9898014,4.239148
ISIC_0022306,-4.962553,4.4373236
ISIC_0022307,-5.0191083,4.399378
ISIC_0022308,-5.4206033,6.2514687
ISIC_0022310,-1.6090394,4.1277366
ISIC_0022311,-2.5007796,3.8098335
ISIC_0022312,-3.100673,3.5535686
ISIC_0022313,-1.4476709,4.282894
ISIC_0022314,-2.7210484,3.5705147
ISIC_0022315,-1.5298382,4.22454
ISIC_0022316,-4.5575423,3.4042065
ISIC_0022317,-4.4445047,3.7478297
ISIC_0022318,-1.8076007,4.1363516
ISIC_0022319,-4.568604,3.356665
ISIC_0022320,-2.7601707,4.308288
ISIC_0022321,-4.6690207,3.3256311
ISIC_0022322,-2.2665823,4.369754
ISIC_0022323,-5.4152126,5.6250043
ISIC_0022324,-5.760642,4.788914
ISIC_0022325,-4.4144354,8.519631
ISIC_0022326,-4.6280394,5.4539423
ISIC_0022327,-6.4251943,6.3263702
ISIC_0022328,-5.652842,6.6768847
ISIC_0022329,-6.6248965,6.770937
ISIC_0022330,-5.6625457,6.5025134
ISIC_0022331,-6.177467,7.689663
ISIC_0022332,-6.4767776,6.5491915
ISIC_0022333,-3.6787076,4.3050327
ISIC_0022334,-2.8044221,3.9179044
ISIC_0022335,-5.2067866,6.0638595
ISIC_0022336,-5.1924586,8.314034
ISIC_0022337,-6.7338195,7.824117
ISIC_0022338,-6.7096834,6.445827
ISIC_0022339,-5.958082,4.5804744
ISIC_0022340,-6.0954194,4.734868
ISIC_0022342,-3.4170554,7.901209
ISIC_0022343,-6.162913,8.435625
ISIC_0022344,-5.4438043,5.8296905
ISIC_0022345,-2.5172808,6.131846
ISIC_0022346,-1.7105646,6.6094685
ISIC_0022347,-4.1796145,6.442777
ISIC_0022348,-2.5920687,6.2211423
ISIC_0022349,-6.7778945,6.672186
ISIC_0022350,-5.077117,4.458278
ISIC_0022351,-5.517587,5.7753596
ISIC_0022353,-3.776705,9.002342
ISIC_0022354,-3.886057,8.103844
ISIC_0022355,-3.9602082,8.346047
ISIC_0022356,-3.857046,7.493809
ISIC_0022357,-5.800438,8.397564
ISIC_0022358,-2.6650774,3.5564425
ISIC_0022359,-3.1345122,3.5385795
ISIC_0022360,-2.8393447,3.652098
ISIC_0022361,-2.2929811,6.785289
ISIC_0022362,-2.8890243,6.477668
ISIC_0022363,-6.465563,5.166957
ISIC_0022364,-3.1261501,7.9076924
ISIC_0022365,-5.8966904,4.5350623
ISIC_0022366,-6.223367,5.046769
ISIC_0022367,-6.5733714,6.1023803
ISIC_0022368,-6.840818,6.5422277
ISIC_0022369,-7.263682,6.7859716
ISIC_0022370,-4.5456514,7.8471684
ISIC_0022371,-5.3055544,8.966062
ISIC_0022372,-4.2098417,6.5187726
ISIC_0022373,-5.2300615,8.581229
ISIC_0022374,-1.9202989,4.049198
ISIC_0022376,-4.2416177,9.132867
ISIC_0022377,-3.285443,6.588365
ISIC_0022378,-2.323513,3.4806194
ISIC_0022379,-2.637405,3.3682034
ISIC_0022380,-3.2770967,3.3308434
ISIC_0022381,-5.3536754,3.9070542
ISIC_0022382,-5.7246413,7.84537
ISIC_0022383,-4.886762,4.804838
ISIC_0022384,-5.3251925,4.5565577
ISIC_0022385,-5.1705036,5.8292036
ISIC_0022387,-3.3653836,7.362912
ISIC_0022390,-3.2677834,8.017104
ISIC_0022391,-3.334129,7.8434815
ISIC_0022392,-3.2946146,7.12288
ISIC_0022393,-2.3675904,3.1042533
ISIC_0022394,-2.7352357,2.9877288
ISIC_0022395,-2.8110003,3.0424018
ISIC_0022397,-3.6060276,4.40132
ISIC_0022398,-2.3875785,6.5237746
ISIC_0022399,-2.725152,4.350096
ISIC_0022402,0.23053806,8.445491
ISIC_0022408,-4.2780814,6.730677
ISIC_0022409,-4.1794095,3.3620324
ISIC_0022410,-3.9768,3.437379
ISIC_0022411,-4.578962,4.524654
ISIC_0022412,-4.0671387,3.3002312
ISIC_0022413,-5.287529,5.1830163
ISIC_0022414,-4.170569,4.6670127
ISIC_0022416,-5.1936226,4.9549727
ISIC_0022417,-3.9046109,3.0546627
ISIC_0022418,-5.8248515,6.518909
ISIC_0022419,-4.0368495,3.6561918
ISIC_0022420,-3.9228957,3.4201603
ISIC_0022421,-4.7368474,3.8445797
ISIC_0022422,-3.4271994,3.443363
ISIC_0022423,-4.1482077,6.6580033
ISIC_0022424,-4.824759,5.977879
ISIC_0022425,-5.071967,6.1775193
ISIC_0022429,-3.945729,4.2106285
ISIC_0022430,-4.6881123,4.7219305
ISIC_0022431,-3.8454702,9.183897
ISIC_0022432,-2.7879288,7.64334
ISIC_0022433,-1.9984598,6.9939103
ISIC_0022434,-4.056295,9.376029
ISIC_0022435,-3.435579,8.231233
ISIC_0022436,-3.2684858,7.7523546
ISIC_0022437,-5.6072774,5.9529777
ISIC_0022439,-5.2664256,5.4592915
ISIC_0022440,-5.711423,6.443176
ISIC_0022441,-4.561981,4.3399854
ISIC_0022442,-5.900199,8.274759
ISIC_0022443,-3.4442132,3.8105803
ISIC_0022444,-3.200514,3.1336958
ISIC_0022445,-2.672086,4.0963197
ISIC_0022446,-2.7891614,3.9479146
ISIC_0022447,-5.057655,6.0397925
ISIC_0022448,-4.4073806,4.823874
ISIC_0022450,-2.6678348,4.703746
ISIC_0022451,-5.4540706,6.1924677
ISIC_0022452,-2.8832343,5.86942
ISIC_0022453,-2.4908328,5.2258887
ISIC_0022455,-3.7430403,8.747786
ISIC_0022456,-3.369512,7.4760666
ISIC_0022459,-2.206895,4.045846
ISIC_0022460,-3.7358267,3.4524846
ISIC_0022461,-1.8741847,4.219193
ISIC_0022462,-1.8617402,4.287895
ISIC_0022463,-2.8422508,4.0271606
ISIC_0022465,-0.61185783,9.98968
ISIC_0022467,0.09872826,7.663765
ISIC_0022468,-3.79768,3.839569
ISIC_0022469,-1.307398,9.414469
ISIC_0022471,-1.6083632,9.49283
ISIC_0022472,-2.1789458,5.264292
ISIC_0022473,-1.5482855,4.0302496
ISIC_0022474,-2.4068787,3.9063845
ISIC_0022475,-0.82871747,4.9071326
ISIC_0022476,-1.4531419,4.6342897
ISIC_0022477,0.2470262,7.8857784
ISIC_0022480,-6.6034603,5.60306
ISIC_0022481,-6.3269215,5.7154555
ISIC_0022482,-6.4517736,5.2430415
ISIC_0022483,-0.5773651,10.085785
ISIC_0022484,-0.37579638,10.013907
ISIC_0022487,-3.04713,3.2906523
ISIC_0022488,-0.7688858,4.71076
ISIC_0022490,-1.1337718,4.503135
ISIC_0022491,-1.4621613,4.5774126
ISIC_0022492,-0.06640544,5.520181
ISIC_0022493,-3.6232545,7.3848085
ISIC_0022494,-6.136449,6.8834686
ISIC_0022495,-5.8858123,7.4862895
ISIC_0022497,-4.545368,6.0313644
ISIC_0022521,-0.21082819,7.608262
ISIC_0022522,-0.50791335,7.3812795
ISIC_0022523,-0.50574344,7.1867466
ISIC_0022524,-5.9419584,7.167907
ISIC_0022525,-1.0377551,7.59408
ISIC_0022528,-4.252727,3.838233
ISIC_0022530,-5.8122907,7.435371
ISIC_0022531,-2.3920457,5.3929157
ISIC_0022535,-3.6086771,6.8596234
ISIC_0022536,-1.7028861,9.465177
ISIC_0022538,-3.32887,7.2446036
ISIC_0022540,-4.974291,7.752509
ISIC_0022542,-3.369711,8.35027
ISIC_0022543,-3.4656017,8.155749
ISIC_0022545,-3.488771,7.20249
ISIC_0022548,-5.1317844,6.3683167
ISIC_0022549,-5.070202,6.3700852
ISIC_0022551,-4.84517,6.1133246
ISIC_0022552,1.1071643,8.630221
ISIC_0022553,-6.403952,7.6251826
ISIC_0022554,-6.170178,7.005366
ISIC_0022555,-7.299013,7.8620963
ISIC_0022556,-6.166987,5.6624045
ISIC_0022557,-5.7275577,5.8624525
ISIC_0022559,-5.194963,5.941256
ISIC_0022561,-2.9203782,8.109232
ISIC_0022562,-2.6660354,7.5457134
ISIC_0022563,-2.7330568,7.706798
ISIC_0022564,-3.0400789,8.326043
ISIC_0022566,-2.8320682,7.9666796
ISIC_0022570,-5.719123,5.609281
ISIC_0022571,-5.1761785,4.679774
ISIC_0022572,-4.4411664,4.746967
ISIC_0022573,-5.607822,5.8709373
ISIC_0022574,-5.7406564,5.9283934
ISIC_0022575,-3.3854334,6.2115254
ISIC_0022577,-4.635619,3.7732809
ISIC_0022578,-3.0110872,5.695682
ISIC_0022579,-2.6384041,3.8996837
ISIC_0022580,-2.792376,4.170518
ISIC_0022581,-1.0021847,4.9854174
ISIC_0022582,-2.4417431,3.7727804
ISIC_0022583,-2.607182,3.4542873
ISIC_0022584,-2.298906,3.9550407
ISIC_0022588,-5.61714,6.5499268
ISIC_0022589,-4.8936625,5.9179773
ISIC_0022590,-5.8851194,7.3303146
ISIC_0022591,-6.122292,7.7487593
ISIC_0022592,-6.2975583,7.8437996
ISIC_0022593,-5.0950084,5.9547925
ISIC_0022594,-2.6057467,5.777843
ISIC_0022596,-6.8858843,7.5090857
ISIC_0022597,-3.6278946,3.8421464
ISIC_0022598,-6.7229633,5.893735
ISIC_0022601,-4.0094953,3.443305
ISIC_0022602,-3.997518,3.5677993
ISIC_0022603,-3.8832626,3.396771
ISIC_0022604,-3.9268017,3.5012193
ISIC_0022608,-4.1906376,3.5035949
ISIC_0022609,-6.112442,5.3320723
ISIC_0022611,-3.6821108,3.9641347
ISIC_0022612,-4.2819853,3.2724867
ISIC_0022613,-3.7531667,6.556931
ISIC_0022614,-4.446203,3.497821
ISIC_0022615,-3.5261767,3.2971523
ISIC_0022616,-2.9807198,3.6898272
ISIC_0022617,-1.5330851,4.1128488
ISIC_0022618,-2.309854,4.955663
ISIC_0022624,-6.3958173,7.7455196
ISIC_0022625,-2.4513426,5.1720924
ISIC_0022627,-2.015586,4.9614863
ISIC_0022631,-1.2023761,3.8853705
ISIC_0022632,-2.2336543,3.8091748
ISIC_0022633,-2.0765185,3.6434941
ISIC_0022634,-1.0941311,4.35246
ISIC_0022635,-7.0167346,7.534472
ISIC_0022636,-1.8858562,3.9071484
ISIC_0022637,-3.276855,3.350868
ISIC_0022638,-1.8117272,4.00695
ISIC_0022639,-1.8843348,3.8814938
ISIC_0022640,-1.9071956,4.0247335
ISIC_0022641,-3.1606896,7.520414
ISIC_0022642,-3.5564106,7.5192723
ISIC_0022643,-3.0698729,7.4971304
ISIC_0022646,-5.9028296,5.662546
ISIC_0022649,-6.479149,6.341607
ISIC_0022650,-4.601758,5.1277585
ISIC_0022651,-6.193307,7.103327
ISIC_0022652,-4.704914,3.8061452
ISIC_0022653,-5.3490186,4.383759
ISIC_0022654,-2.9200191,5.899953
ISIC_0022655,-2.5544899,6.904495
ISIC_0022656,-3.425861,6.0007544
ISIC_0022657,-6.255544,5.2723613
ISIC_0022658,-2.8768177,6.804751
ISIC_0022659,-2.952145,5.824885
ISIC_0022660,-4.703915,3.4760087
ISIC_0022668,-5.9503064,4.797912
ISIC_0022671,-2.0916708,6.5203905
ISIC_0022672,-2.6622837,6.7823634
ISIC_0022673,-2.4031806,7.0550914
ISIC_0022674,-2.4297464,6.5058875
ISIC_0022675,-2.2687151,7.074548
ISIC_0022676,-1.7592752,4.2349987
ISIC_0022677,-2.2311165,4.816187
ISIC_0022678,-5.087748,7.1315236
ISIC_0022679,-3.705072,4.0460124
ISIC_0022680,-6.6318507,5.713707
ISIC_0022681,-2.1908655,4.5009513
ISIC_0022682,-2.7160156,7.5707254
ISIC_0022683,-2.8964367,7.703637
ISIC_0022684,-3.097057,7.5572805
ISIC_0022685,-2.7029126,7.4520903
ISIC_0022686,-2.801078,7.0179477
ISIC_0022687,-5.8915815,4.856806
ISIC_0022688,-3.2643323,6.3006234
ISIC_0022689,-5.3073664,7.8244314
ISIC_0022690,-6.0152173,7.119577
ISIC_0022691,-2.8354847,6.415087
ISIC_0022692,-5.8882017,6.561279
ISIC_0022693,-5.9073153,6.5452094
ISIC_0022694,-0.2053571,5.0454454
ISIC_0022695,-0.1958773,5.042401
ISIC_0022696,-0.23497577,4.9567757
ISIC_0022697,-2.09562,6.69161
ISIC_0022698,-5.5654345,5.7093406
ISIC_0022699,-5.5450664,5.7030272
ISIC_0022700,-5.544475,5.875986
ISIC_0022701,-5.322561,5.8171644
ISIC_0022702,-5.564517,5.622072
ISIC_0022703,-5.5757885,8.449822
ISIC_0022704,-5.4800677,8.47552
ISIC_0022705,-5.5272894,8.362402
ISIC_0022706,-1.8864669,5.5348268
ISIC_0022707,-1.8769656,5.448123
ISIC_0022708,-2.5070848,7.484034
ISIC_0022709,-1.966879,5.3335743
ISIC_0022710,-1.8789655,5.4974756
ISIC_0022711,-1.7912703,5.501618
ISIC_0022712,-1.7507533,5.774075
ISIC_0022713,-1.761189,5.3165364
ISIC_0022716,-1.9813774,6.756844
ISIC_0022720,-2.6544483,5.7258554
ISIC_0022721,-2.5709746,5.361486
ISIC_0022722,-2.5682373,5.7494793
ISIC_0022723,-2.523004,5.594232
ISIC_0022724,-2.509708,6.3310876
ISIC_0022727,-4.676127,8.458579
ISIC_0022735,-4.943543,4.9910846
ISIC_0022736,-6.7584352,5.723073
ISIC_0022737,-6.7128716,5.689208
ISIC_0022738,-5.061565,8.06589
ISIC_0022739,-6.7445283,5.993438
ISIC_0022740,-7.0580397,6.5272546
ISIC_0022741,-6.8694415,6.6921825
ISIC_0022742,-3.1406384,4.044872
ISIC_0022743,-4.8550887,3.6055002
ISIC_0022747,-3.3931036,8.004371
ISIC_0022748,-3.409288,7.6232944
ISIC_0022749,-3.9209657,7.8153396
ISIC_0022750,-3.444169,7.6592193
ISIC_0022752,-4.447003,4.642945
ISIC_0022753,-1.5351267,4.526612
ISIC_0022754,-6.506914,6.4244876
ISIC_0022755,-5.721751,5.2436023
ISIC_0022756,-4.9880013,6.679935
ISIC_0022757,-5.1347566,4.4881363
ISIC_0022758,-5.427883,6.9756613
ISIC_0022759,-5.3842816,7.2091246
ISIC_0022761,-4.938333,4.2797613
ISIC_0022762,-5.806552,7.0900064
ISIC_0022763,-6.6448717,7.205555
ISIC_0022764,-4.1443553,3.0852315
ISIC_0022765,-3.9642758,3.171383
ISIC_0022766,-4.020728,3.3393924
ISIC_0022767,-4.016759,3.0988078
ISIC_0022768,0.71241426,9.350676
ISIC_0022769,-3.0059829,3.6482065
ISIC_0022770,-2.1308296,4.1650524
ISIC_0022772,-2.0620408,4.353482
ISIC_0022773,-1.5769479,4.592388
ISIC_0022774,-4.3505993,3.1683402
ISIC_0022775,-3.9231136,3.5266833
ISIC_0022776,-4.694903,7.9625487
ISIC_0022777,-4.804514,7.821337
ISIC_0022778,-4.848546,7.920143
ISIC_0022779,-4.9725146,7.9465175
ISIC_0022780,-4.9576807,7.711736
ISIC_0022781,-4.7657313,8.116863
ISIC_0022782,-3.6694586,5.344271
ISIC_0022783,-3.4483073,3.810379
ISIC_0022785,-3.36207,7.496231
ISIC_0022786,-3.373869,8.268167
ISIC_0022791,-1.3133129,4.049547
ISIC_0022792,-1.067233,4.272795
ISIC_0022793,-5.6818237,4.2906675
ISIC_0022794,-4.992996,4.3785896
ISIC_0022795,-4.8180075,4.3911347
ISIC_0022796,-5.88698,4.8230453
ISIC_0022797,-6.7063622,6.0942364
ISIC_0022798,-7.274988,7.2758684
ISIC_0022799,-6.8415065,6.0988255
ISIC_0022800,-4.326243,8.522442
ISIC_0022801,-2.8215034,7.533546
ISIC_0022802,-2.5320857,6.732203
ISIC_0022803,-2.9661198,4.0917163
ISIC_0022804,-1.0810765,4.2298307
ISIC_0022805,-3.4681551,2.89745
ISIC_0022806,-5.1830835,4.786459
ISIC_0022807,-1.8433379,4.172715
ISIC_0022808,-1.3836098,4.419852
ISIC_0022809,-1.5420915,5.0516086
ISIC_0022810,-2.026627,3.934946
ISIC_0022811,-1.4580126,4.632415
ISIC_0022812,-2.4325457,5.7993426
ISIC_0022813,-3.08498,5.8861184
ISIC_0022814,-2.8070815,4.4420705
ISIC_0022815,-4.4895062,6.8144097
ISIC_0022816,-3.6421747,3.814824
ISIC_0022817,-5.031837,4.8758745
ISIC_0022818,1.6464009,3.922039
ISIC_0022819,-3.9102864,3.5279155
ISIC_0022820,-4.234249,4.17583
ISIC_0022821,-4.241094,3.33127
ISIC_0022822,-3.9244134,3.534814
ISIC_0022823,-3.8683374,3.675547
ISIC_0022824,-2.4434881,5.2094073
ISIC_0022825,-4.1983986,2.9928744
ISIC_0022826,-3.9648075,3.1698308
ISIC_0022827,-4.2665396,3.9375675
ISIC_0022828,-5.591597,5.1077914
ISIC_0022829,-1.6632116,4.49629
ISIC_0022830,-3.0883057,3.1262486
ISIC_0022831,-3.6690698,3.3016555
ISIC_0022832,-3.8488894,2.9270856
ISIC_0022833,-4.0189466,2.907042
ISIC_0022834,1.3606803,3.5849493
ISIC_0022835,-5.340023,5.4828196
ISIC_0022836,-3.1510272,3.3356502
ISIC_0022837,-1.7745488,4.3354263
ISIC_0022838,-1.5276119,5.2482505
ISIC_0022839,-5.555624,5.087776
ISIC_0022841,-2.2096672,3.3997712
ISIC_0022842,-2.3064568,3.300438
ISIC_0022843,-2.2294934,3.5012498
ISIC_0022844,-5.373525,8.651184
ISIC_0022845,-4.9340587,8.023661
ISIC_0022846,-4.8209496,7.6321154
ISIC_0022847,-5.043745,9.287811
ISIC_0022848,-5.230121,8.963892
ISIC_0022849,-4.9911385,8.717558
ISIC_0022850,-6.2556343,6.61172
ISIC_0022851,-5.231256,8.486482
ISIC_0022852,-4.9529295,8.80191
ISIC_0022853,-3.563354,7.1733246
ISIC_0022854,-3.2342982,8.046673
ISIC_0022855,-3.6002111,7.253096
ISIC_0022856,-5.9329867,5.365137
ISIC_0022857,0.7302358,3.3654995
ISIC_0022858,-5.367879,5.4786987
ISIC_0022859,-5.270696,5.2927566
ISIC_0022860,-2.787712,4.7891517
ISIC_0022861,-3.835532,4.115261
ISIC_0022862,-5.260083,5.6622515
ISIC_0022863,-2.5579405,4.8886313
ISIC_0022864,-4.4427485,3.8363867
ISIC_0022865,-4.7204585,3.850753
ISIC_0022866,-4.1831446,5.235337
ISIC_0022867,-3.7945125,6.2649627
ISIC_0022868,-3.52988,6.2991433
ISIC_0022869,-2.3333933,6.034082
ISIC_0022870,-2.6853032,6.8873606
ISIC_0022871,-3.453855,7.3711114
ISIC_0022872,-3.9059138,4.563475
ISIC_0022873,-3.408645,7.337051
ISIC_0022874,-3.7752302,7.4248443
ISIC_0022875,-3.6723626,7.892926
ISIC_0022877,-3.9179838,6.302327
ISIC_0022878,-2.537081,5.9962444
ISIC_0022879,-2.5747242,6.9338307
ISIC_0022880,-4.7096276,6.528106
ISIC_0022881,-2.6062787,3.48383
ISIC_0022882,-4.9463086,7.156313
ISIC_0022883,-4.35442,7.785603
ISIC_0022884,-1.076313,5.5031595
ISIC_0022885,-1.2293358,5.0032587
ISIC_0022886,-1.9983582,5.040275
ISIC_0022888,-1.6919289,7.8014674
ISIC_0022889,-1.4332143,4.473323
ISIC_0022890,-1.1151295,5.60577
ISIC_0022891,-1.3837032,5.0062265
ISIC_0022892,-2.5645452,4.8024454
ISIC_0022893,-3.275634,4.6543446
ISIC_0022894,-3.4756382,3.6718361
ISIC_0022895,-2.9185226,8.147523
ISIC_0022896,-3.421145,8.50999
ISIC_0022897,-3.4042733,6.308665
ISIC_0022898,-3.308189,6.7421184
ISIC_0022899,-3.388364,8.174397
ISIC_0022900,-1.2815154,4.0266795
ISIC_0022901,-3.2233417,6.3709183
ISIC_0022902,-3.4056466,3.0564694
ISIC_0022903,-4.1042457,3.7555494
ISIC_0022904,-2.648479,5.554929
ISIC_0022905,-3.4942377,4.819619
ISIC_0022906,-1.9122144,6.856503
ISIC_0022907,-1.9098157,6.388665
ISIC_0022908,-2.1399684,6.601913
ISIC_0022909,-3.890787,6.2361293
ISIC_0022910,-3.8895602,6.0816507
ISIC_0022911,-2.882962,7.828239
ISIC_0022912,-2.8715112,7.677158
ISIC_0022913,-3.0665903,7.3306103
ISIC_0022914,-3.056499,6.657802
ISIC_0022915,-3.123666,7.2576127
ISIC_0022916,-3.740001,7.212377
ISIC_0022917,-2.366087,7.0238256
ISIC_0022918,-3.0553463,3.7386408
ISIC_0022919,-3.0962768,7.0133204
ISIC_0022920,-3.3573513,6.834926
ISIC_0022921,-2.796703,6.8330874
ISIC_0022922,-3.1211255,6.786589
ISIC_0022923,-3.1583881,3.3542638
ISIC_0022924,-3.8501573,3.1792161
ISIC_0022925,-3.7102976,3.2327652
ISIC_0022926,-2.897191,3.6512928
ISIC_0022927,-3.8182557,3.9891105
ISIC_0022928,-3.1933472,8.642732
ISIC_0022929,-5.1045885,5.9460607
ISIC_0022930,-3.377893,7.402912
ISIC_0022931,-2.5808673,7.743365
ISIC_0022932,-3.0188181,7.0790358
ISIC_0022933,-3.5128942,3.1697912
ISIC_0022934,-3.0374696,7.0980077
ISIC_0022935,-3.2600288,7.4605293
ISIC_0022936,-3.2189846,2.8281288
ISIC_0022937,-1.9565111,4.045308
ISIC_0022938,-3.0795493,6.579943
ISIC_0022940,-1.9836829,4.5030656
ISIC_0022941,-5.3212705,7.8031325
ISIC_0022942,-5.4913573,8.084118
ISIC_0022943,-6.3927717,8.209574
ISIC_0022944,-5.9761066,6.2560186
ISIC_0022945,-5.3649735,6.1891456
ISIC_0022946,-2.059897,4.077495
ISIC_0022947,-2.0053968,4.6959085
ISIC_0022948,-1.6408098,4.0303617
ISIC_0022949,-3.4300585,6.3851
ISIC_0022951,-2.8971522,6.3961997
ISIC_0022952,-3.1662107,3.7515845
ISIC_0022953,-1.8138814,3.9660258
ISIC_0022954,-2.5841656,7.107554
ISIC_0022955,-3.203026,2.9087691
ISIC_0022956,-5.347658,5.829054
ISIC_0022957,-2.8728063,2.98571
ISIC_0022958,0.58885777,5.720102
ISIC_0022959,-2.9722612,4.3526993
ISIC_0022960,-1.9548838,5.598196
ISIC_0022961,-3.356207,7.814285
ISIC_0022962,-2.373617,3.8866837
ISIC_0022963,-2.228653,4.166959
ISIC_0022964,-3.8967836,3.704727
ISIC_0022965,-4.230184,4.0452995
ISIC_0022966,-4.3812566,3.9437954
ISIC_0022967,-1.9282491,5.6517735
ISIC_0022968,-1.8707601,5.3371425
ISIC_0022969,-1.9491625,5.238159
ISIC_0022970,-1.473442,5.8146777
ISIC_0022971,-1.5500646,5.689867
ISIC_0022972,-3.7512584,8.249832
ISIC_0022973,-3.0606368,7.9542313
ISIC_0022974,-1.9450673,5.6896195
ISIC_0022975,-1.7824575,5.5811324
ISIC_0022976,-1.9393227,5.696907
ISIC_0022977,-3.7886496,3.896386
ISIC_0022978,-3.240701,3.274587
ISIC_0022979,-3.7372777,4.0085635
ISIC_0022980,-3.940151,3.5566912
ISIC_0022981,-5.002075,5.1109333
ISIC_0022982,-3.7398937,3.4372337
ISIC_0022983,-3.6178267,7.9099426
ISIC_0022984,-5.2521753,9.415823
ISIC_0022985,-5.5990376,9.232703
ISIC_0022986,-4.724272,9.345242
ISIC_0022989,-0.8354785,4.5885816
ISIC_0022991,-0.74690264,4.6444635
ISIC_0022992,-0.8631391,4.5876245
ISIC_0022993,-4.873619,7.7150908
ISIC_0022994,-4.993747,7.7434874
ISIC_0022995,-5.001259,7.708522
ISIC_0022996,-5.049477,9.077063
ISIC_0022997,-4.7402425,9.003464
ISIC_0022998,-4.9911914,9.0053
ISIC_0022999,-5.490304,9.002678
ISIC_0023000,-5.259318,9.052805
ISIC_0023001,-6.2832747,7.2906322
ISIC_0023003,-1.0538619,4.415845
ISIC_0023004,-1.4349806,4.056393
ISIC_0023005,-0.96280307,4.3580136
ISIC_0023006,-1.0376004,4.336116
ISIC_0023007,-0.9738076,4.443892
ISIC_0023008,-0.8210522,4.556828
ISIC_0023009,-0.92876387,4.577525
ISIC_0023010,-4.619173,3.6213152
ISIC_0023011,-2.4852128,3.9548862
ISIC_0023013,-5.591812,8.230824
ISIC_0023021,-3.0122933,3.5678084
ISIC_0023022,-2.9591258,3.6242564
ISIC_0023023,-2.8349953,3.7095382
ISIC_0023024,-5.6230087,8.533381
ISIC_0023025,-2.780843,3.625154
ISIC_0023026,-2.7456145,3.8979387
ISIC_0023027,-2.4136512,4.077894
ISIC_0023028,-4.0791144,4.317162
ISIC_0023029,-3.7673726,3.7296693
ISIC_0023030,-5.521221,6.312534
ISIC_0023031,-3.5830998,4.0475717
ISIC_0023035,-6.852712,7.633666
ISIC_0023037,-1.715439,7.0928016
ISIC_0023038,-1.964936,7.3826475
ISIC_0023039,-4.3477206,8.179497
ISIC_0023040,-4.6058908,8.422695
ISIC_0023041,-4.808118,9.098032
ISIC_0023042,0.3157648,6.8038387
ISIC_0023043,-1.1882199,5.3392353
ISIC_0023044,-2.0590224,6.0953097
ISIC_0023045,-1.0243376,5.321244
ISIC_0023046,-5.449497,7.119007
ISIC_0023047,-2.0863678,5.790706
ISIC_0023048,-2.884185,6.0342054
ISIC_0023049,-1.7646273,4.3640404
ISIC_0023050,0.40228787,7.709331
ISIC_0023051,-0.9701836,5.5743494
ISIC_0023052,0.59039253,7.1700974
ISIC_0023053,-2.7566578,5.608956
ISIC_0023054,-1.2398607,5.956208
ISIC_0023055,-4.1845074,3.5856035
ISIC_0023056,-4.1947107,3.713728
ISIC_0023057,-5.953863,7.257488
ISIC_0023058,-4.1270995,3.1470678
ISIC_0023059,-3.9083273,3.2099335
ISIC_0023060,-1.5425204,4.550997
ISIC_0023061,-6.7575603,5.8348203
ISIC_0023062,-3.611649,6.0536976
ISIC_0023063,-4.94196,7.2503996
ISIC_0023064,-4.3033133,7.042271
ISIC_0023065,-4.654672,5.7452545
ISIC_0023066,-3.8819046,8.650445
ISIC_0023067,-3.5689056,7.6897316
ISIC_0023068,-7.162005,7.513378
ISIC_0023069,-3.7339344,7.3916345
ISIC_0023070,-4.290721,5.80831
ISIC_0023071,-3.972334,7.207099
ISIC_0023072,-4.5227833,5.14951
ISIC_0023073,-4.0123425,3.9470336
ISIC_0023074,-4.95928,5.3275547
ISIC_0023075,-4.148202,9.116177
ISIC_0023076,-4.0269995,9.133014
ISIC_0023077,-3.6155229,8.5511465
ISIC_0023078,-0.75264984,5.40327
ISIC_0023079,-2.3872838,5.5361056
ISIC_0023080,-3.7955213,3.9961846
ISIC_0023081,-3.9225364,3.6837652
ISIC_0023090,-5.7308383,6.927343
ISIC_0023091,-1.4729435,5.174036
ISIC_0023092,-2.5810716,5.6579366
ISIC_0023093,-3.3555276,3.446671
ISIC_0023094,-2.4132264,3.7357488
ISIC_0023095,-2.12409,3.8821998
ISIC_0023098,-3.4903526,7.9751425
ISIC_0023099,-4.873705,9.309524
ISIC_0023101,-5.8670316,7.169832
ISIC_0023103,-4.7697535,8.789198
ISIC_0023104,-4.627203,8.648576
ISIC_0023105,-4.63022,8.776287
ISIC_0023106,-4.5039387,8.678665
ISIC_0023107,-4.738743,8.704919
ISIC_0023108,-4.612131,8.643586
ISIC_0023109,-4.6646457,8.86785
ISIC_0023110,-4.5080013,8.778043
ISIC_0023111,-4.8176603,8.722814
ISIC_0023112,-6.049673,7.197463
ISIC_0023113,-4.1110544,5.418019
ISIC_0023114,-2.2461183,4.52993
ISIC_0023115,-0.9103619,5.828048
ISIC_0023116,-1.6503606,3.751219
ISIC_0023117,-1.6497482,3.6543567
ISIC_0023119,-1.6053575,3.7826908
ISIC_0023120,-5.1385694,7.082877
ISIC_0023121,-5.5357428,7.9190974
ISIC_0023122,-4.9289465,6.9841456
ISIC_0023124,-2.5835958,5.173144
ISIC_0023125,-3.202804,8.093291
ISIC_0023126,-3.2246861,7.670063
ISIC_0023127,-2.992077,8.865588
ISIC_0023129,-2.7316382,5.33901
ISIC_0023130,1.1424396,6.5261083
ISIC_0023131,1.0531751,6.6141996
ISIC_0023132,0.72093475,6.5959287
ISIC_0023133,1.1280934,6.510813
ISIC_0023134,-0.9200802,4.4646783
ISIC_0023135,-2.6512814,3.6657295
ISIC_0023136,-1.4842907,4.0649333
ISIC_0023137,-4.637135,6.0638175
ISIC_0023138,-6.629368,6.105253
ISIC_0023139,-3.8893986,4.9828916
ISIC_0023140,-7.0566974,7.1245847
ISIC_0023141,-3.3455434,8.21689
ISIC_0023142,-2.2095413,7.6665897
ISIC_0023143,-3.37734,8.018313
ISIC_0023144,-2.7518432,3.377017
ISIC_0023145,-3.9221637,6.1593533
ISIC_0023146,-3.7087076,6.138476
ISIC_0023147,-2.9875367,6.1378694
ISIC_0023148,-3.1594222,7.8738637
ISIC_0023149,-3.139298,7.7051044
ISIC_0023150,-3.2207747,7.6477947
ISIC_0023151,-3.1543918,7.402524
ISIC_0023152,-3.4949756,7.372007
ISIC_0023153,-3.4481401,7.4537992
ISIC_0023154,-4.3736534,8.005428
ISIC_0023155,-2.9775279,3.793457
ISIC_0023156,-5.1892695,4.5720162
ISIC_0023157,-5.2196755,4.5692
ISIC_0023158,1.555516,3.9543283
ISIC_0023161,-4.293089,3.385475
ISIC_0023163,-3.268295,3.9484627
ISIC_0023164,-3.547944,4.1042705
ISIC_0023165,-3.8752406,3.2020915
ISIC_0023167,-3.3143322,3.5970156
ISIC_0023169,-3.095721,6.2611446
ISIC_0023171,-3.0582294,6.2213902
ISIC_0023172,-3.0124357,6.4168644
ISIC_0023173,-1.929946,4.25197
ISIC_0023174,-2.5215266,3.8688579
ISIC_0023175,-2.023252,4.070592
ISIC_0023179,-2.8797672,7.671377
ISIC_0023182,-2.8022697,7.799054
ISIC_0023183,-1.5630839,3.937896
ISIC_0023184,-1.4919138,4.062306
ISIC_0023185,-1.6043786,3.8904865
ISIC_0023186,-1.5928279,3.9862897
ISIC_0023187,-6.467994,8.853264
ISIC_0023189,-3.3345013,3.6547503
ISIC_0023190,-1.9351753,5.543728
ISIC_0023191,-2.0641286,5.7730856
ISIC_0023192,-1.0569018,4.466007
ISIC_0023193,-6.8241954,5.676851
ISIC_0023194,-1.1317755,4.5520735
ISIC_0023195,-0.90960103,4.60832
ISIC_0023196,-0.82569957,4.7023063
ISIC_0023197,-2.8449643,3.3652587
ISIC_0023198,-5.1510878,4.062492
ISIC_0023199,-5.375351,4.0131884
ISIC_0023200,-6.994947,6.8654213
ISIC_0023201,-4.6866827,4.24081
ISIC_0023202,-4.543409,3.9866674
ISIC_0023203,-6.3221264,6.329666
ISIC_0023204,-5.7373986,5.020996
ISIC_0023205,-3.7744267,3.982718
ISIC_0023206,-2.1069083,4.0743074
ISIC_0023207,-2.9931211,7.4593983
ISIC_0023208,-2.887773,7.8100953
ISIC_0023209,-3.1015284,7.9484916
ISIC_0023210,-5.0313053,6.2545104
ISIC_0023211,-4.1485105,6.829265
ISIC_0023212,-4.4154067,3.4075122
ISIC_0023213,-3.1938894,3.3844829
ISIC_0023214,-4.6497655,8.211176
ISIC_0023215,-4.9705353,8.126727
ISIC_0023216,-6.338978,8.433572
ISIC_0023217,-5.999361,8.396238
ISIC_0023218,-5.866408,7.7698283
ISIC_0023220,-4.716501,7.9438987
ISIC_0023221,-6.4880624,7.884061
ISIC_0023222,-6.2040167,7.5759783
ISIC_0023223,-6.3958325,7.548213
ISIC_0023224,-4.468482,8.047976
ISIC_0023225,-4.6723185,7.8825903
ISIC_0023226,-6.1049457,7.2710714
ISIC_0023227,-2.514687,6.7468476
ISIC_0023228,-2.6060748,6.5756426
ISIC_0023229,-2.5639687,6.687037
ISIC_0023231,-5.165434,8.494213
ISIC_0023232,-5.411246,8.816073
ISIC_0023233,-5.39665,8.916069
ISIC_0023234,-5.071903,5.588725
ISIC_0023235,-5.331935,8.883116
ISIC_0023236,-5.556812,5.1453013
ISIC_0023237,-3.513515,8.673575
ISIC_0023238,-3.75388,9.174554
ISIC_0023242,-3.9383552,4.34168
ISIC_0023243,-6.35773,5.5202165
ISIC_0023246,-4.9745235,4.443534
ISIC_0023247,-2.0651934,7.1975937
ISIC_0023248,-3.5820124,5.8172965
ISIC_0023249,-4.9588556,3.546973
ISIC_0023250,-6.79361,6.3228035
ISIC_0023251,-7.0304193,6.888292
ISIC_0023252,-4.9979424,4.670684
ISIC_0023253,-3.9310946,2.7605743
ISIC_0023254,-3.7627573,2.8137245
ISIC_0023255,-3.101567,2.9956343
ISIC_0023256,-2.486414,5.4335465
ISIC_0023257,-2.9269912,3.039079
ISIC_0023258,-3.1329064,6.7055635
ISIC_0023259,-2.9754171,3.8253262
ISIC_0023260,-3.2167146,3.777043
ISIC_0023261,-4.319563,5.166099
ISIC_0023262,-3.201492,4.6557784
ISIC_0023263,-4.873334,4.624288
ISIC_0023264,-2.8493762,4.462403
ISIC_0023265,-2.9683383,4.5530567
ISIC_0023266,-2.8010504,4.412268
ISIC_0023267,-2.7271662,4.4416404
ISIC_0023268,-2.8267639,4.494786
ISIC_0023269,-3.936177,6.2980304
ISIC_0023270,-3.0945654,4.494304
ISIC_0023271,-3.1108909,4.6938257
ISIC_0023272,-2.8126354,4.3530674
ISIC_0023273,-2.9462366,4.350672
ISIC_0023274,-5.5523615,4.974025
ISIC_0023275,-2.6072826,4.2956657
ISIC_0023276,-2.8721526,4.575779
ISIC_0023277,-2.7563946,4.369849
ISIC_0023278,-3.033215,4.553602
ISIC_0023279,-3.1837063,4.6755147
ISIC_0023280,-2.642863,4.280506
ISIC_0023281,-3.5620542,4.6595902
ISIC_0023282,-3.4162192,5.0189333
ISIC_0023283,-3.7313638,5.1473684
ISIC_0023284,-2.483334,4.2635036
ISIC_0023285,-6.455605,8.195984
ISIC_0023286,-1.3418429,4.3536944
ISIC_0023287,-2.4974074,4.3591924
ISIC_0023288,-2.4075828,4.423553
ISIC_0023289,-3.1860826,4.6200094
ISIC_0023290,-2.9603577,4.5744123
ISIC_0023291,-2.2889273,4.3694396
ISIC_0023292,-2.3423808,5.2805896
ISIC_0023293,-2.8023956,4.6002274
ISIC_0023294,-2.967055,4.547577
ISIC_0023295,-3.001752,4.130431
ISIC_0023296,-2.7364433,4.4067454
ISIC_0023297,-4.0431986,3.6441576
ISIC_0023298,-2.8072772,4.4904165
ISIC_0023299,-2.5069346,4.4367924
ISIC_0023300,-2.1229577,4.113331
ISIC_0023301,-2.4025717,4.8852763
ISIC_0023302,-7.3759465,7.346731
ISIC_0023303,-2.7431498,4.5761666
ISIC_0023304,-2.6571803,4.603349
ISIC_0023305,-1.7886161,5.8421183
ISIC_0023306,-2.2986248,4.2956014
ISIC_0023307,-2.5974514,4.664487
ISIC_0023308,-1.1452161,4.7595625
ISIC_0023309,-2.657384,4.414935
ISIC_0023310,-2.7541273,4.7304544
ISIC_0023311,-2.7659574,4.6839795
ISIC_0023312,-2.8021898,4.590538
ISIC_0023313,-2.5221903,3.9289796
ISIC_0023314,-1.6065514,5.4868073
ISIC_0023315,-1.4171275,6.25452
ISIC_0023316,-2.5916107,4.627945
ISIC_0023317,-2.6425352,4.819115
ISIC_0023318,-3.6743574,3.9530137
ISIC_0023320,-2.8690019,4.52755
ISIC_0023321,-2.660154,4.6615157
ISIC_0023322,-2.9402997,4.764853
ISIC_0023323,-3.1957994,3.6232822
ISIC_0023324,-2.4411283,5.268854
ISIC_0023325,-2.8295054,4.5133643
ISIC_0023326,-1.8332423,6.4318624
ISIC_0023327,-2.8363533,4.7583466
ISIC_0023328,-2.7527208,4.638947
ISIC_0023329,-2.7721052,4.690612
ISIC_0023331,-2.8195305,4.69593
ISIC_0023332,-4.6978455,6.0898523
ISIC_0023342,-3.1548707,5.362434
ISIC_0023343,-4.774671,2.730052
ISIC_0023344,-4.7787824,2.7533586
ISIC_0023345,-4.7775884,2.7766302
ISIC_0023346,-4.6700253,2.6757793
ISIC_0023347,-4.766366,2.7563293
ISIC_0023348,-4.7628217,2.8492446
ISIC_0023349,-4.993995,3.4342327
ISIC_0023350,-4.670149,3.5013108
ISIC_0023351,-5.5154605,3.8544014
ISIC_0023353,-4.7725863,3.730576
ISIC_0023354,-4.6961045,3.2539554
ISIC_0023355,-7.0054693,6.326515
ISIC_0023356,-7.1370606,6.4885254
ISIC_0023357,-7.061685,6.54814
ISIC_0023358,-6.902196,6.191762
ISIC_0023359,-2.4919674,5.139621
ISIC_0023360,-2.3860116,5.015588
ISIC_0023361,-2.4071953,3.8749046
ISIC_0023362,-2.492237,3.8250868
ISIC_0023364,-3.407576,6.7340775
ISIC_0023365,-3.3761194,6.9347515
ISIC_0023366,-3.423682,6.9253116
ISIC_0023367,-3.3374302,6.605829
ISIC_0023368,-3.2740297,6.6919694
ISIC_0023369,-3.248525,6.6241736
ISIC_0023370,-4.0285254,9.175358
ISIC_0023371,-4.034982,9.156804
ISIC_0023372,-3.9921725,9.2374735
ISIC_0023374,-3.998003,9.151125
ISIC_0023375,-4.0800524,9.156173
ISIC_0023376,-3.9921544,9.180552
ISIC_0023377,-4.070613,8.942344
ISIC_0023380,-4.9557986,4.093669
ISIC_0023381,-4.940742,3.8564823
ISIC_0023382,-6.7704573,6.9921556
ISIC_0023383,-6.4347434,6.8908668
ISIC_0023385,-6.7308836,7.1595674
ISIC_0023386,-2.3636212,5.2555428
ISIC_0023387,-2.383367,5.1009727
ISIC_0023388,-2.4948356,6.105558
ISIC_0023389,-2.2748191,5.5728464
ISIC_0023390,-4.2566466,6.7271447
ISIC_0023393,-3.857582,5.180651
ISIC_0023394,-3.178384,8.519808
ISIC_0023395,-6.6981606,6.652027
ISIC_0023396,-2.6395283,4.3524065
ISIC_0023397,-2.79551,4.459485
ISIC_0023398,-2.7318609,4.6471715
ISIC_0023399,-2.7405317,4.5709996
ISIC_0023405,-2.6485126,8.997452
ISIC_0023416,-3.0273383,8.176649
ISIC_0023427,0.62044543,7.4388957
ISIC_0023438,0.64882797,7.4967413
ISIC_0023449,-4.789703,4.501905
ISIC_0023457,-5.0323195,6.3248525
ISIC_0023458,1.1306494,6.66949
ISIC_0023459,1.111166,6.628004
ISIC_0023460,1.0189965,6.5663977
ISIC_0023461,1.0067781,6.591386
ISIC_0023462,-0.6665808,8.420492
ISIC_0023463,-0.5266369,8.44407
ISIC_0023464,-0.4296926,8.394944
ISIC_0023465,0.84146476,6.864356
ISIC_0023466,1.075504,6.615357
ISIC_0023467,1.002724,6.6730566
ISIC_0023468,-5.1966558,6.8419952
ISIC_0023469,0.9588156,6.5215225
ISIC_0023470,-4.623665,7.7966495
ISIC_0023471,-5.004014,5.7046194
ISIC_0023472,-4.852407,8.634092
ISIC_0023473,-4.6142826,6.3414373
ISIC_0023474,-4.781557,6.5866213
ISIC_0023475,-2.188675,3.767507
ISIC_0023476,-2.4610958,4.184514
ISIC_0023477,-2.145017,5.7427487
ISIC_0023478,-4.4776926,6.4129753
ISIC_0023479,-3.673618,3.7071495
ISIC_0023482,-3.8339615,5.4863434
ISIC_0023483,-3.7614672,5.4001513
ISIC_0023484,-3.7718186,5.7083173
ISIC_0023485,-3.4779203,4.290535
ISIC_0023486,-3.2681284,5.1610827
ISIC_0023487,-4.190723,4.065078
ISIC_0023488,-3.3782918,5.2379813
ISIC_0023489,-2.7975433,7.831544
ISIC_0023490,-2.0664554,7.7800817
ISIC_0023491,-1.685483,7.640903
ISIC_0023492,-1.3213259,4.303746
ISIC_0023493,-1.0855455,4.3643894
ISIC_0023494,-0.90210336,4.8825727
ISIC_0023495,-4.8426166,2.8121204
ISIC_0023496,-4.4768806,2.6150167
ISIC_0023497,-6.7797318,6.6994867
ISIC_0023498,-3.4644077,5.2959723
ISIC_0023499,-4.1646347,3.9459367
ISIC_0023500,-5.007021,3.8300438
ISIC_0023502,-1.9311908,5.496872
ISIC_0023503,-3.733091,6.991612
ISIC_0023504,0.51949537,9.616565
ISIC_0023505,-4.894563,3.4129796
ISIC_0023506,-4.524632,3.2160573
ISIC_0023507,-4.5197086,3.276994
ISIC_0023508,-4.4570436,3.3902814
ISIC_0023509,0.5643626,9.528714
ISIC_0023511,-4.2881436,3.2399635
ISIC_0023512,-3.9757624,3.105305
ISIC_0023513,-4.2414236,3.2801485
ISIC_0023514,-3.9928482,3.4678295
ISIC_0023515,0.5500398,9.760134
ISIC_0023516,-3.9166398,3.5665522
ISIC_0023517,-3.9201577,3.7818763
ISIC_0023518,-3.6592104,3.7541485
ISIC_0023519,-2.7676227,5.397839
ISIC_0023522,-5.204309,5.1920314
ISIC_0023523,-4.5556297,4.9392986
ISIC_0023524,-4.053219,6.8847704
ISIC_0023525,-4.179062,6.827509
ISIC_0023526,-4.2064304,6.9722447
ISIC_0023527,-1.6170504,5.4490676
ISIC_0023529,-1.5004487,4.5758715
ISIC_0023530,-1.0020553,4.5582395
ISIC_0023531,-1.2008693,4.3983493
ISIC_0023532,-0.9391012,7.232068
ISIC_0023533,-5.628215,4.8836756
ISIC_0023534,-5.1390934,7.311731
ISIC_0023535,-3.8119988,7.1188955
ISIC_0023536,-3.5864463,6.7021146
ISIC_0023537,-3.2105625,4.1193547
ISIC_0023538,-2.9658597,4.1851516
ISIC_0023539,-2.997244,4.106766
ISIC_0023540,-3.189511,4.0180316
ISIC_0023541,-4.665671,3.5136921
ISIC_0023542,-3.6680512,3.4068153
ISIC_0023543,-3.4634252,7.5556774
ISIC_0023545,-2.8403747,3.2027133
ISIC_0023547,-6.5302176,6.9302692
ISIC_0023548,-6.2735796,6.4333987
ISIC_0023549,-2.0364618,4.694855
ISIC_0023550,-5.4976883,5.580764
ISIC_0023551,-6.462426,7.0379114
ISIC_0023552,-3.7900953,5.027063
ISIC_0023553,-4.6422143,4.9775424
ISIC_0023554,-4.6830597,5.027005
ISIC_0023555,-2.0539656,4.3145323
ISIC_0023556,-5.4221096,7.553727
ISIC_0023558,-5.8470826,4.277103
ISIC_0023559,-5.800754,4.37819
ISIC_0023560,-2.9821613,3.1660125
ISIC_0023561,-0.61346793,5.614581
ISIC_0023566,-3.0809648,7.8076496
ISIC_0023567,-3.239811,7.6183195
ISIC_0023568,-3.4067848,7.5666485
ISIC_0023569,-2.4444947,3.6431754
ISIC_0023572,-3.2759492,7.8459873
ISIC_0023573,-3.1314664,7.656126
ISIC_0023574,-4.459372,3.471465
ISIC_0023575,-4.653393,3.4077225
ISIC_0023577,-3.4224591,3.4331713
ISIC_0023578,-3.6594696,3.3805318
ISIC_0023579,-3.009692,3.894415
ISIC_0023580,-6.9201756,5.348006
ISIC_0023581,-4.576768,3.1723795
ISIC_0023587,-5.3618183,8.772888
ISIC_0023590,-5.599237,8.990204
ISIC_0023591,-5.4915433,8.717383
ISIC_0023594,-5.6383667,3.933439
ISIC_0023596,-6.1721754,4.7471857
ISIC_0023597,-6.8029804,5.339167
ISIC_0023604,-6.3608756,5.990544
ISIC_0023606,-6.2793436,5.50364
ISIC_0023607,-3.9530973,4.1317487
ISIC_0023608,-3.888169,6.408974
ISIC_0023609,-5.4945893,5.5746193
ISIC_0023610,-3.4806745,3.6271532
ISIC_0023611,-1.4849379,4.699545
ISIC_0023612,-1.3323555,4.68466
ISIC_0023613,-5.079916,7.6802173
ISIC_0023619,-4.0113006,4.9564357
ISIC_0023620,-4.316241,5.5822883
ISIC_0023624,-5.3131223,5.0771904
ISIC_0023625,-5.091937,8.026122
ISIC_0023626,-5.287149,5.3243375
ISIC_0023627,-5.826056,5.8742533
ISIC_0023628,-5.9592476,5.601811
ISIC_0023629,-6.6380367,7.771887
ISIC_0023630,-6.464238,7.298924
ISIC_0023631,-3.4518592,6.598383
ISIC_0023632,-3.1813064,4.129544
ISIC_0023633,-3.9473217,3.934276
ISIC_0023634,0.7528223,8.128954
ISIC_0023635,0.59418964,7.5910306
ISIC_0023636,0.79334867,7.104311
ISIC_0023637,0.71035177,7.3630743
ISIC_0023638,0.18204927,7.606788
ISIC_0023639,0.70000976,7.231388
ISIC_0023640,0.24957521,7.5913143
ISIC_0023641,0.55406046,8.209252
ISIC_0023642,-4.319751,5.3682303
ISIC_0023643,0.20383988,7.9220104
ISIC_0023644,0.6582877,8.133742
ISIC_0023645,0.68464285,8.486055
ISIC_0023646,0.3675174,9.445155
ISIC_0023647,-3.340637,3.1337042
ISIC_0023648,-2.3899567,4.825753
ISIC_0023652,-5.7131906,8.065037
ISIC_0023653,-3.553292,4.093846
ISIC_0023654,-6.5347257,7.411135
ISIC_0023655,-6.607556,7.6342616
ISIC_0023656,-5.965127,6.818371
ISIC_0023657,-5.4546757,5.8075433
ISIC_0023658,-5.719902,8.583095
ISIC_0023664,-3.7590787,4.0722747
ISIC_0023669,-6.4604974,5.4933558
ISIC_0023670,-6.385324,5.750436
ISIC_0023671,-7.336726,7.226403
ISIC_0023672,-2.330869,6.7686996
ISIC_0023673,-2.7399452,6.8124504
ISIC_0023675,-3.546546,3.0557368
ISIC_0023676,-4.2882924,7.7658715
ISIC_0023677,-5.6594896,9.0153475
ISIC_0023678,-4.88916,8.910063
ISIC_0023679,-3.7950993,6.615919
ISIC_0023680,-5.909266,8.282328
ISIC_0023681,-5.374565,8.976947
ISIC_0023682,-3.279546,5.90835
ISIC_0023683,-3.329778,5.753468
ISIC_0023684,-4.4799294,6.9202003
ISIC_0023685,-5.8846526,5.777828
ISIC_0023686,-2.2315755,3.467596
ISIC_0023687,-2.5874999,3.6311834
ISIC_0023688,0.08480754,8.570263
ISIC_0023689,-5.277452,4.184926
ISIC_0023690,-5.819233,4.6501346
ISIC_0023691,-2.7623715,4.430159
ISIC_0023692,-5.274552,5.045791
ISIC_0023693,-5.3264103,6.81177
ISIC_0023694,-6.062992,8.807416
ISIC_0023695,-5.87688,6.5921965
ISIC_0023696,-4.127648,3.5152578
ISIC_0023697,-5.0572934,5.5774016
ISIC_0023698,-4.8144054,3.6620312
ISIC_0023701,0.38501284,7.432789
ISIC_0023702,-3.1910803,3.7491226
ISIC_0023704,-4.9237022,7.6710696
ISIC_0023705,-3.3039331,8.883064
ISIC_0023706,-1.6655269,9.509507
ISIC_0023707,-2.4888422,9.534845
ISIC_0023708,-3.5652525,8.346557
ISIC_0023709,-5.726668,9.268136
ISIC_0023710,-5.3227534,8.871853
ISIC_0023711,0.5147034,9.477021
ISIC_0023712,0.12037405,9.55844
ISIC_0023713,-5.701812,7.1091566
ISIC_0023714,-7.1934767,6.5457616
ISIC_0023715,-7.058028,6.3464193
ISIC_0023716,-7.3196654,7.2302904
ISIC_0023718,-2.913232,3.3925738
ISIC_0023719,-5.679178,7.5941567
ISIC_0023722,-4.377759,7.5455656
ISIC_0023723,-4.9743524,7.584773
ISIC_0023724,-6.832515,8.25098
ISIC_0023728,-3.6825345,8.528589
ISIC_0023729,-5.1903324,8.950744
ISIC_0023731,-4.111088,8.938441
ISIC_0023738,-1.7514929,4.213765
ISIC_0023739,-0.85344076,5.061981
ISIC_0023740,-1.368825,4.047192
ISIC_0023744,-5.3243136,5.3351827
ISIC_0023745,-4.9820385,5.707374
ISIC_0023746,-5.511304,8.784654
ISIC_0023747,-5.0657983,5.179162
ISIC_0023751,-2.957291,7.063413
ISIC_0023752,-3.095976,7.055927
ISIC_0023753,-3.450516,7.5154266
ISIC_0023755,-6.721009,7.487456
ISIC_0023761,-6.6825604,6.1474605
ISIC_0023762,-3.0486963,4.0846505
ISIC_0023763,-2.8163726,4.611603
ISIC_0023764,-2.651163,4.928286
ISIC_0023765,-4.863578,9.32682
ISIC_0023766,-4.4390116,8.539814
ISIC_0023767,-4.381519,7.630626
ISIC_0023768,-4.868907,3.862237
ISIC_0023769,-5.1599197,5.530582
ISIC_0023770,-5.3340073,4.9347024
ISIC_0023771,-6.5985603,6.725857
ISIC_0023772,-5.620154,6.341337
ISIC_0023773,-5.682201,6.0381293
ISIC_0023774,-6.207469,7.7700486
ISIC_0023775,-3.7931755,3.4494786
ISIC_0023776,-3.1485062,3.8525195
ISIC_0023777,-1.7990705,4.563703
ISIC_0023778,-1.784553,4.978876
ISIC_0023779,-5.813696,4.238894
ISIC_0023780,-1.5095395,4.935961
ISIC_0023781,-1.6866915,5.3262935
ISIC_0023782,-5.0801697,4.485981
ISIC_0023783,-5.6222277,4.8215647
ISIC_0023784,-6.577625,5.939242
ISIC_0023786,-2.8099577,3.989494
ISIC_0023787,-2.24749,6.567587
ISIC_0023788,-2.9782329,5.4601865
ISIC_0023789,-4.265389,3.6159918
ISIC_0023790,-1.2022464,5.6197567
ISIC_0023791,-5.4042716,6.8892035
ISIC_0023792,-3.7975955,8.98496
ISIC_0023793,-3.5625796,8.475313
ISIC_0023794,-3.6253555,8.479184
ISIC_0023798,-1.9547962,3.8893948
ISIC_0023799,-3.2869227,2.9919283
ISIC_0023800,-1.799523,3.9257586
ISIC_0023801,-4.013802,5.733342
ISIC_0023802,-1.3926474,5.6622767
ISIC_0023803,-5.457848,5.1116247
ISIC_0023804,-0.75534326,10.006145
ISIC_0023805,-6.225323,5.60458
ISIC_0023806,-2.3809118,4.0501
ISIC_0023807,-3.0969753,3.491612
ISIC_0023808,-5.3009057,5.537227
ISIC_0023809,-5.896704,6.3668733
ISIC_0023810,-4.623723,7.2994766
ISIC_0023811,-6.1498675,5.709502
ISIC_0023812,-6.104347,6.9120183
ISIC_0023813,-6.310827,8.028259
ISIC_0023814,-7.0023546,6.8296857
ISIC_0023815,-7.0309076,7.2559447
ISIC_0023816,-3.1706386,8.470055
ISIC_0023817,-3.872867,7.8698325
ISIC_0023818,-4.3241577,9.504149
ISIC_0023821,-5.707719,4.828602
ISIC_0023823,-3.3971353,3.7557938
ISIC_0023824,-6.4210005,7.4478292
ISIC_0023825,-5.9882407,7.53817
ISIC_0023829,-3.0041327,7.2593894
ISIC_0023830,-3.1957598,7.037499
ISIC_0023831,-3.2848492,6.929045
ISIC_0023832,-6.502856,6.2215405
ISIC_0023833,-4.8489056,5.2647333
ISIC_0023834,-4.8076563,3.7003493
ISIC_0023835,-4.8350625,5.4396367
ISIC_0023836,-5.2484336,7.4811354
ISIC_0023837,-5.386351,4.63219
ISIC_0023838,-4.6326685,4.994043
ISIC_0023839,-4.96921,5.241181
ISIC_0023840,-2.5813987,6.0483956
ISIC_0023841,-3.1957405,6.0634084
ISIC_0023842,-3.2611036,8.318279
ISIC_0023843,-4.9305525,4.231322
ISIC_0023844,-3.36363,8.421844
ISIC_0023845,-3.5595567,7.872887
ISIC_0023846,-3.421156,8.831207
ISIC_0023847,-3.279227,7.852202
ISIC_0023848,-3.2011495,7.739804
ISIC_0023849,-3.1160223,8.239041
ISIC_0023850,-4.458867,3.5797794
ISIC_0023851,-4.566709,3.494312
ISIC_0023852,-2.7642655,4.4194837
ISIC_0023853,-3.3736284,6.056136
ISIC_0023854,-4.474999,3.912579
ISIC_0023855,-3.7193844,5.8244643
ISIC_0023856,-2.8595843,6.26068
ISIC_0023857,-4.817777,3.7744389
ISIC_0023858,-5.27616,4.1283402
ISIC_0023859,-5.999466,5.650023
ISIC_0023860,-2.072044,4.486239
ISIC_0023861,-2.0795383,4.906494
ISIC_0023862,-1.4699738,4.706929
ISIC_0023863,-1.7179674,4.4270754
ISIC_0023864,-1.7033699,4.322139
ISIC_0023865,-1.7117282,4.5290003
ISIC_0023866,-0.7817168,5.5246987
ISIC_0023867,-3.88513,2.9684076
ISIC_0023868,-3.8572168,3.282443
ISIC_0023869,-1.4023186,4.0922136
ISIC_0023870,-2.083918,4.1336412
ISIC_0023871,-2.4090858,3.4438915
ISIC_0023872,-2.073339,3.9629965
ISIC_0023876,-1.5914139,4.695591
ISIC_0023877,-3.66147,3.567983
ISIC_0023878,-4.00789,3.5500653
ISIC_0023879,-2.7364104,4.773874
ISIC_0023883,-6.585813,6.504504
ISIC_0023884,-6.3797455,5.430944
ISIC_0023885,-6.414184,5.5844884
ISIC_0023886,-3.147766,8.112534
ISIC_0023887,-2.214238,5.4641976
ISIC_0023888,-3.1490622,7.634982
ISIC_0023889,-2.9671056,7.822989
ISIC_0023890,-5.7971673,5.472404
ISIC_0023891,-6.2851186,4.8041506
ISIC_0023892,-6.864473,6.4822283
ISIC_0023893,-5.5797367,4.29732
ISIC_0023894,-4.4515224,7.456762
ISIC_0023895,-1.4729315,5.1171002
ISIC_0023896,-2.3269453,6.7651167
ISIC_0023897,-1.6863128,4.348107
ISIC_0023898,-3.2650177,3.1024575
ISIC_0023899,-1.7499143,4.0709643
ISIC_0023900,-5.798141,5.729179
ISIC_0023901,-5.759063,5.2974896
ISIC_0023902,-5.564748,4.9726644
ISIC_0023903,-3.7681134,3.6713324
ISIC_0023904,-5.9357734,4.808782
ISIC_0023905,-4.3899927,8.418516
ISIC_0023906,-3.9943378,3.852577
ISIC_0023907,-5.1156216,8.30162
ISIC_0023908,-4.2047424,7.8514285
ISIC_0023909,-4.945551,5.878468
ISIC_0023910,-4.2582707,8.497438
ISIC_0023911,-3.6276639,8.206649
ISIC_0023912,-3.7768545,7.6080246
ISIC_0023913,-4.122529,8.878801
ISIC_0023915,-6.21934,5.08042
ISIC_0023917,-3.1396403,7.829948
ISIC_0023918,-3.0866756,7.12539
ISIC_0023919,-2.6699364,8.060373
ISIC_0023920,-6.9572825,6.107864
ISIC_0023921,-6.902912,5.818724
ISIC_0023922,-7.245136,7.7136354
ISIC_0023923,-3.7341657,7.5322447
ISIC_0023924,-3.7448084,6.94541
ISIC_0023925,-5.0912275,9.107278
ISIC_0023926,-5.9219365,4.9975095
ISIC_0023927,-4.394301,4.0299354
ISIC_0023928,-5.306461,6.5589705
ISIC_0023929,-3.8498387,5.1769323
ISIC_0023930,-3.23693,7.701166
ISIC_0023931,-3.121765,6.551918
ISIC_0023932,-1.9770435,5.274002
ISIC_0023933,-4.991274,4.572296
ISIC_0023934,-5.179942,6.0970426
ISIC_0023935,-5.8715286,4.8002386
ISIC_0023936,-6.9980836,7.877719
ISIC_0023937,-5.476399,4.166698
ISIC_0023938,-6.9054246,8.098023
ISIC_0023939,-5.7470045,9.195569
ISIC_0023940,-6.751593,5.7398376
ISIC_0023941,-6.656636,5.829854
ISIC_0023942,-7.291252,7.4000883
ISIC_0023946,-3.2650893,6.9925485
ISIC_0023947,-3.3574805,7.23647
ISIC_0023948,-5.7441273,5.071078
ISIC_0023949,-3.0152688,6.5312433
ISIC_0023950,-3.1367002,6.835868
ISIC_0023951,-3.598191,3.1904166
ISIC_0023952,-3.705348,3.0461018
ISIC_0023953,-2.2795126,3.7532008
ISIC_0023965,-2.4551823,4.2837415
ISIC_0023966,-1.8912629,4.593809
ISIC_0023967,-3.58045,5.7707133
ISIC_0023971,-3.4765787,3.188889
ISIC_0023972,-3.5560975,2.8366153
ISIC_0023973,-4.0824966,4.1744537
ISIC_0023974,-3.1558716,3.3974566
ISIC_0023976,-3.7761528,2.9984982
ISIC_0023977,-5.6956267,7.348864
ISIC_0023978,-4.71065,3.3861876
ISIC_0023979,-3.739181,2.385101
ISIC_0023980,-4.7712126,5.157564
ISIC_0023981,-3.355155,8.262637
ISIC_0023982,-2.5701551,6.4042206
ISIC_0023984,-2.9514253,8.36649
ISIC_0023986,-3.164153,7.8346524
ISIC_0023987,-3.4387555,8.689457
ISIC_0023988,-3.688502,3.6531963
ISIC_0023989,-3.076048,3.6467247
ISIC_0023990,-2.5192528,7.3734193
ISIC_0023991,-2.6813707,7.433141
ISIC_0023992,-2.948728,6.829422
ISIC_0023993,-2.6795847,7.460846
ISIC_0023995,-2.7490616,7.7456956
ISIC_0023996,-2.635916,7.516838
ISIC_0023997,-2.90995,7.9282494
ISIC_0023998,-3.5438862,8.019991
ISIC_0023999,-3.734647,8.396446
ISIC_0024000,-4.2316856,9.070782
ISIC_0024001,-3.4101915,3.194253
ISIC_0024002,-3.5956364,3.7052753
ISIC_0024003,-6.1504593,6.989582
ISIC_0024004,-3.7153563,3.6208339
ISIC_0024005,-3.6936748,3.7250395
ISIC_0024006,-3.0027425,2.901017
ISIC_0024007,-3.7985673,3.4502087
ISIC_0024008,-0.9131022,5.2124133
ISIC_0024009,-2.0114949,4.0770383
ISIC_0024010,-1.6899691,4.1205177
ISIC_0024011,-4.404274,7.2296247
ISIC_0024012,-3.2440834,6.794252
ISIC_0024013,-3.3196058,6.6916237
ISIC_0024014,-3.1846912,8.212658
ISIC_0024015,-4.4573593,3.286451
ISIC_0024016,-4.4302955,3.6465907
ISIC_0024017,-3.013924,2.9084778
ISIC_0024018,-4.9424944,5.6913056
ISIC_0024019,-3.8581421,3.1180227
ISIC_0024020,-3.2652535,2.9225066
ISIC_0024021,-2.1747782,4.0627904
ISIC_0024025,-3.059129,3.2982373
ISIC_0024026,-3.0230384,3.385819
ISIC_0024027,-4.5834436,6.1356993
ISIC_0024028,-5.0464826,5.5623026
ISIC_0024029,-3.7861018,3.0673704
ISIC_0024030,-3.1840062,2.8712933
ISIC_0024031,-1.6229088,4.6401176
ISIC_0024032,-3.6818786,3.7148917
ISIC_0024033,-2.5304577,4.382414
ISIC_0024034,-2.9611566,6.202764
ISIC_0024035,-3.1150215,7.8924513
ISIC_0024036,-3.0526524,6.6698046
ISIC_0024037,-1.9273148,6.283194
ISIC_0024038,-3.8013287,8.530079
ISIC_0024039,-2.3934696,4.091495
ISIC_0024040,-3.8013196,8.296787
ISIC_0024041,-3.9853466,8.412735
ISIC_0024042,-4.652227,5.4656467
ISIC_0024043,-4.569769,8.674009
ISIC_0024044,-4.581318,9.396161
ISIC_0024048,-2.5107706,3.804624
ISIC_0024049,-2.4459908,3.8287477
ISIC_0024050,-3.0365288,2.9846025
ISIC_0024051,-2.8139703,3.9465826
ISIC_0024052,-3.8746448,3.2701
ISIC_0024053,-3.78105,3.5857527
ISIC_0024054,-4.621887,7.439025
ISIC_0024055,-3.4654415,8.351165
ISIC_0024056,-3.5601172,8.304878
ISIC_0024057,-4.3951464,9.283648
ISIC_0024058,-4.7051697,3.3184917
ISIC_0024059,-4.000089,3.3358452
ISIC_0024060,-4.608855,6.885268
ISIC_0024061,-3.59411,4.19481
ISIC_0024062,-4.211444,3.519522
ISIC_0024063,-4.2630486,3.4598181
ISIC_0024064,-5.3978977,6.3816414
ISIC_0024065,-5.1924205,5.900846
ISIC_0024066,-3.0172713,3.7986896
ISIC_0024067,-3.4259365,5.398508
ISIC_0024068,-3.4507983,3.5740395
ISIC_0024069,-3.5336688,3.344079
ISIC_0024070,-3.813346,8.445623
ISIC_0024071,-4.055473,2.764927
ISIC_0024072,-3.7505116,3.2910364
ISIC_0024073,-3.6629145,3.1469252
ISIC_0024074,-4.501461,8.005001
ISIC_0024075,-3.8632789,8.081831
ISIC_0024076,-3.9326866,8.035625
ISIC_0024077,-4.0264673,9.062911
ISIC_0024078,-2.7905664,3.263403
ISIC_0024079,-2.0643466,3.7676427
ISIC_0024080,-1.0328034,4.716326
ISIC_0024081,-3.1615055,2.8533742
ISIC_0024082,-3.6624258,2.8378015
ISIC_0024083,-3.433685,3.6255114
ISIC_0024084,-1.3757409,4.3940845
ISIC_0024085,-4.180857,2.7938128
ISIC_0024086,-4.591518,3.0470579
ISIC_0024087,-5.488057,6.0105395
ISIC_0024091,-4.20083,3.6454074
ISIC_0024092,-2.865657,7.072002
ISIC_0024093,-3.0166502,6.620574
ISIC_0024094,-2.7545178,7.685681
ISIC_0024095,-3.573814,3.2907965
ISIC_0024096,-3.578056,3.2196429
ISIC_0024097,-2.8136938,4.377785
ISIC_0024098,-5.933291,5.8431063
ISIC_0024099,-2.680384,5.97729
ISIC_0024100,-4.923076,5.44557
ISIC_0024101,-6.3750567,7.7551413
ISIC_0024102,-5.47807,6.475249
ISIC_0024103,-5.2365255,6.980355
ISIC_0024104,-5.9725175,8.249236
ISIC_0024105,-5.342122,5.749023
ISIC_0024106,-5.1861224,5.522282
ISIC_0024107,-5.771621,8.303331
ISIC_0024108,-5.859982,5.4671397
ISIC_0024109,-5.56445,5.104817
ISIC_0024110,-2.4450858,3.7549798
ISIC_0024111,-5.520335,5.530806
ISIC_0024112,-6.9251256,7.3472486
ISIC_0024113,-5.174046,6.968871
ISIC_0024114,-5.052034,6.900964
ISIC_0024115,-6.0072975,7.92884
ISIC_0024116,-4.7725463,4.448966
ISIC_0024117,-4.946403,4.318501
ISIC_0024118,-5.730437,5.030025
ISIC_0024119,-5.314856,5.239078
ISIC_0024120,-4.5903797,3.5790124
ISIC_0024121,-5.193601,5.8950033
ISIC_0024122,-3.0616581,3.1818485
ISIC_0024123,-1.96861,5.206343
ISIC_0024124,-1.987012,4.5619326
ISIC_0024125,-1.8669312,6.417212
ISIC_0024129,-3.332205,5.3850946
ISIC_0024130,-4.1900034,4.3620257
ISIC_0024131,-5.536197,6.471527
ISIC_0024132,-3.6749241,7.339346
ISIC_0024134,-3.9691641,7.1428566
ISIC_0024135,-3.640766,8.266896
ISIC_0024136,-6.431708,6.375637
ISIC_0024137,-6.1992393,6.917159
ISIC_0024138,-5.6288257,8.559718
ISIC_0024139,-3.2118244,5.6779566
ISIC_0024140,-3.007119,5.9946303
ISIC_0024141,-3.4211812,6.720197
ISIC_0024143,-3.246718,8.228856
ISIC_0024144,-3.2347834,7.2495513
ISIC_0024145,-3.335371,8.393308
ISIC_0024146,-5.6792803,8.25823
ISIC_0024147,-3.9440925,3.7533107
ISIC_0024148,-5.0334167,9.011446
ISIC_0024149,-3.1121788,8.071687
ISIC_0024150,-3.1625638,7.891808
ISIC_0024151,-3.2492805,8.5677185
ISIC_0024153,-0.4711404,5.1845064
ISIC_0024154,-2.736337,6.3811326
ISIC_0024155,-2.1007392,7.1199136
ISIC_0024156,-1.690289,5.181659
ISIC_0024157,-1.7270708,4.92569
ISIC_0024158,-1.3192033,5.6348977
ISIC_0024159,-6.573679,7.0841146
ISIC_0024160,-3.5793622,2.9749057
ISIC_0024161,-6.464696,7.08964
ISIC_0024162,-6.317064,7.0412707
ISIC_0024163,-4.3032756,6.0078173
ISIC_0024164,-4.343854,7.6568527
ISIC_0024165,-4.240167,8.490978
ISIC_0024168,-3.4404352,3.0307412
ISIC_0024173,-3.8664286,8.868709
ISIC_0024174,-3.7262588,6.5668554
ISIC_0024175,-4.1983657,4.692263
ISIC_0024176,-2.5401201,3.9782815
ISIC_0024177,-3.4299076,4.966223
ISIC_0024178,-3.3107939,5.5010867
ISIC_0024179,-2.5522292,4.4354963
ISIC_0024180,-2.5592701,5.613576
ISIC_0024181,-4.9470634,4.7478724
ISIC_0024182,-5.3671317,6.1762185
ISIC_0024183,-2.6646566,6.411263
ISIC_0024184,-2.5960867,6.1398873
ISIC_0024185,-1.597599,5.400109
ISIC_0024186,-1.5035555,5.026233
ISIC_0024187,-3.4267073,2.9197428
ISIC_0024188,-1.7026823,4.5751014
ISIC_0024189,-4.809395,7.374867
ISIC_0024190,-5.2736173,6.1428947
ISIC_0024191,-4.038449,3.6303284
ISIC_0024192,-5.6795516,7.9990726
ISIC_0024193,-5.2520547,7.897786
ISIC_0024194,-5.2858777,7.2757006
ISIC_0024195,-5.5992846,8.48402
ISIC_0024196,-3.8470619,6.9441094
ISIC_0024312,-5.37571,5.231261
ISIC_0024313,-5.704267,4.6282754
ISIC_0024314,-3.3705463,7.7791
ISIC_0024315,-5.6765437,8.934438
ISIC_0024317,-5.949397,8.022693
ISIC_0024324,-5.347762,7.8462944
ISIC_0024329,-3.5288486,3.5991426
ISIC_0024331,-3.6045759,6.6963925
ISIC_0024332,-4.8436713,4.282354
ISIC_0024338,-6.8806233,6.2010765
ISIC_0024345,-3.7990055,2.5418575
ISIC_0024351,-4.589622,3.9566224
ISIC_0024352,-5.431385,5.7072945
ISIC_0024355,-5.8555217,8.395844
ISIC_0024356,-6.9729943,5.836206
ISIC_0024363,-5.706926,3.8301933
ISIC_0024366,-4.81769,5.980744
ISIC_0024371,-3.4499338,7.405442
ISIC_0024377,-5.5531445,4.55443
ISIC_0024378,-6.630781,8.387807
ISIC_0024380,-6.4098315,5.6784515
ISIC_0024406,-6.144646,6.536578
ISIC_0024412,-4.5081825,5.524613
ISIC_0024416,-4.835466,3.0218287
ISIC_0024418,-4.38234,6.2270746
ISIC_0024422,-3.8461273,4.1217847
ISIC_0024425,-4.8819156,3.7014809
ISIC_0024428,-5.3076544,4.9962816
ISIC_0024436,-5.199843,5.8292155
ISIC_0024441,-5.372512,4.80744
ISIC_0024443,-4.6686816,3.7459388
ISIC_0024445,-4.401773,5.3591304
ISIC_0024447,-5.934674,5.2555118
ISIC_0024448,-3.6984894,4.221598
ISIC_0024452,-5.2423,4.135404
ISIC_0024454,-2.6015358,3.4970431
ISIC_0024461,-3.5225887,4.2040844
ISIC_0024463,-3.9117744,2.9938264
ISIC_0024471,-2.7086067,4.897474
ISIC_0024472,-4.3967485,3.6235964
ISIC_0024477,-1.7895573,4.4210825
ISIC_0024480,-5.148734,3.4941502
ISIC_0024481,-5.7800107,7.4371543
ISIC_0024494,-5.295097,6.168613
ISIC_0024495,-5.7074866,3.9479322
ISIC_0024497,-4.9272814,4.463681
ISIC_0024503,-5.7652154,6.0915866
ISIC_0024505,-4.7905717,4.1906238
ISIC_0024511,-0.5060742,5.043136
ISIC_0024514,-5.4818683,4.000015
ISIC_0024522,-3.557292,6.10765
ISIC_0024524,-6.250116,8.956592
ISIC_0024537,-4.546498,6.528026
ISIC_0024546,-3.581942,3.5961473
ISIC_0024560,-5.6703463,4.0505776
ISIC_0024561,-5.9542036,4.4300885
ISIC_0024564,-3.3334708,3.2278779
ISIC_0024572,-4.71782,8.122736
ISIC_0024573,-2.0722826,6.126555
ISIC_0024578,-5.149981,5.2270083
ISIC_0024579,-2.832834,2.8251445
ISIC_0024582,-3.7232387,6.4259653
ISIC_0024586,-1.7529724,10.266402
ISIC_0024590,-4.795593,3.8295639
ISIC_0024594,-6.5694594,8.423687
ISIC_0024595,-4.942284,4.1854396
ISIC_0024596,-5.7671638,5.3153143
ISIC_0024597,-2.4970489,8.224335
ISIC_0024599,-6.734251,5.417881
ISIC_0024612,-6.1721306,5.026393
ISIC_0024615,-6.077712,8.142504
ISIC_0024618,-0.5965338,8.770674
ISIC_0024620,-5.681615,4.1878905
ISIC_0024624,-1.3778758,9.677831
ISIC_0024632,-4.1688356,3.21513
ISIC_0024635,-2.005617,10.215956
ISIC_0024642,-1.5054384,10.725997
ISIC_0024644,0.43771556,9.732562
ISIC_0024646,-5.5512023,6.196668
ISIC_0024657,-3.5830762,6.8985004
ISIC_0024658,-4.6179614,4.8530035
ISIC_0024664,-6.297044,8.304139
ISIC_0024665,-6.1292167,4.6854367
ISIC_0024673,-4.932595,9.305394
ISIC_0024675,-1.7614753,10.731978
ISIC_0024676,-4.972643,4.7055783
ISIC_0024680,-6.4104123,5.9140844
ISIC_0024688,-4.9112606,5.035255
ISIC_0024704,-6.111137,5.030171
ISIC_0024708,-5.5911202,4.5775023
ISIC_0024709,-3.1627514,7.491426
ISIC_0024710,-5.508585,5.3441772
ISIC_0024721,-2.5031772,6.741227
ISIC_0024723,-4.330426,7.4673057
ISIC_0024730,-7.075395,7.3662457
ISIC_0024733,-4.717525,3.4598432
ISIC_0024740,-3.8767796,3.6962295
ISIC_0024741,-3.4941335,2.9515557
ISIC_0024743,-3.644656,3.442395
ISIC_0024748,-3.1996162,6.6217976
ISIC_0024753,-6.8920174,8.284006
ISIC_0024758,-4.880636,4.151112
ISIC_0024761,-4.4376774,2.5526323
ISIC_0024771,-2.246842,3.8902647
ISIC_0024772,-3.255937,6.678979
ISIC_0024777,-4.041143,4.3100953
ISIC_0024781,-6.8604546,8.352339
ISIC_0024784,-5.5061502,4.4816113
ISIC_0024786,-5.506458,4.1356616
ISIC_0024787,-3.1647933,6.450017
ISIC_0024789,-0.6664259,7.680853
ISIC_0024790,-6.0513678,5.0026917
ISIC_0024792,-5.2514305,6.566253
ISIC_0024798,-3.2529364,10.002015
ISIC_0024799,-3.4420047,7.7370605
ISIC_0024806,-4.2998514,3.3624701
ISIC_0024808,-5.5455985,3.914614
ISIC_0024824,-5.0048895,7.8047
ISIC_0024831,-3.4566793,5.9064837
ISIC_0024833,-4.46419,3.4789343
ISIC_0024836,-4.9468117,7.380083
ISIC_0024837,-5.9306254,7.3187027
ISIC_0024842,-4.725854,8.187855
ISIC_0024846,-6.2957764,7.867621
ISIC_0024855,-6.1141653,7.980475
ISIC_0024865,-3.2414896,9.805773
ISIC_0024869,-5.586355,7.578656
ISIC_0024876,-6.363125,5.7786446
ISIC_0024882,-5.5248847,4.0535545
ISIC_0024883,-6.2216105,4.974773
ISIC_0024885,-2.241795,6.3619933
ISIC_0024886,-3.0829375,6.303923
ISIC_0024897,-5.282836,4.6322184
ISIC_0024898,-4.581413,5.362891
ISIC_0024900,-4.706453,2.9150462
ISIC_0024906,-6.3164754,8.199895
ISIC_0024907,-7.135622,7.9649363
ISIC_0024911,-0.9748229,10.212374
ISIC_0024916,-4.998379,5.991851
ISIC_0024918,-4.9196906,7.029936
ISIC_0024922,-5.8865056,5.76448
ISIC_0024923,-2.4174614,3.1108482
ISIC_0024924,-5.861832,7.9743958
ISIC_0024925,-5.0539484,3.8106081
ISIC_0024926,-5.383149,5.4797072
ISIC_0024931,-4.4646945,4.107797
ISIC_0024932,-5.752252,4.948298
ISIC_0024933,-5.2472157,3.905929
ISIC_0024941,-5.8201733,6.6959267
ISIC_0024946,-3.1537745,3.272463
ISIC_0024947,-3.0621028,5.194202
ISIC_0024949,-4.1038823,3.5731022
ISIC_0024952,-4.5539417,5.495689
ISIC_0024959,-5.545192,5.202079
ISIC_0024969,-5.5595064,4.4843316
ISIC_0024972,0.0353863,7.5883174
ISIC_0024982,-1.3746729,4.2167406
ISIC_0024984,-5.4492135,4.121891
ISIC_0024986,-6.756123,8.235362
ISIC_0024995,-5.044286,4.8556385
ISIC_0024996,-4.864284,8.088153
ISIC_0024997,-4.66478,4.048692
ISIC_0024998,-5.68329,4.483901
ISIC_0025000,-6.491285,5.4255724
ISIC_0025009,-6.686821,6.0631213
ISIC_0025016,-6.147757,7.0224524
ISIC_0025018,-5.6946745,8.888837
ISIC_0025019,-4.143945,4.9765873
ISIC_0025027,-6.7836313,7.3024297
ISIC_0025029,-3.3943627,4.0229864
ISIC_0025031,-4.877482,4.4675364
ISIC_0025033,-2.159154,10.497014
ISIC_0025035,-6.3944893,6.647114
ISIC_0025039,-6.465652,7.3440843
ISIC_0025040,-6.642364,5.6717896
ISIC_0025046,-4.7854204,5.766149
ISIC_0025051,-6.1282277,4.58761
ISIC_0025064,-6.0446897,4.861752
ISIC_0025066,-5.368064,4.1539526
ISIC_0025073,-7.1252284,7.7328877
ISIC_0025074,-5.9961505,4.458573
ISIC_0025076,-6.147663,8.461477
ISIC_0025081,-6.2768793,7.170385
ISIC_0025085,-3.7791302,5.769471
ISIC_0025088,-6.357748,5.2356644
ISIC_0025089,-5.0795126,3.9809377
ISIC_0025094,-3.9614747,8.530292
ISIC_0025099,-5.15615,8.110384
ISIC_0025102,-4.8342643,5.6319666
ISIC_0025106,-5.124728,4.8352394
ISIC_0025108,-5.675646,8.213488
ISIC_0025112,-3.4135647,7.601725
ISIC_0025113,-4.6516805,3.706732
ISIC_0025117,-2.0262055,10.869517
ISIC_0025118,-5.7596397,4.718422
ISIC_0025123,-5.500477,4.4197283
ISIC_0025127,-3.909974,3.5060883
ISIC_0025128,-6.164461,4.7655416
ISIC_0025129,-7.1300015,7.27784
ISIC_0025148,-5.605651,5.1315427
ISIC_0025149,-3.7660153,5.300544
ISIC_0025152,-5.277093,9.082921
ISIC_0025154,-5.8683167,4.7751465
ISIC_0025155,-0.8854529,9.868995
ISIC_0025156,-6.264045,8.665556
ISIC_0025157,-3.784858,3.6556494
ISIC_0025158,-2.5126925,10.239268
ISIC_0025165,-5.9682236,4.653688
ISIC_0025171,-6.3480997,7.3420134
ISIC_0025172,-6.678532,5.496217
ISIC_0025173,-6.215244,7.1273413
ISIC_0025177,-5.777936,9.307106
ISIC_0025178,-2.2217135,3.7184956
ISIC_0025179,-5.111193,3.9153378
ISIC_0025181,-6.9003053,6.5026674
ISIC_0025182,-3.9537587,6.8700256
ISIC_0025184,-6.3366556,5.535425
ISIC_0025196,-4.711984,3.1875825
ISIC_0025198,-5.454297,4.2707396
ISIC_0025199,-5.833368,5.33821
ISIC_0025219,-5.2875705,5.946849
ISIC_0025225,-6.097838,5.2775583
ISIC_0025226,-5.4091187,5.559376
ISIC_0025228,-1.5384364,9.420141
ISIC_0025235,-5.0254874,3.5576952
ISIC_0025237,-4.4304934,5.007914
ISIC_0025238,-4.71247,5.144822
ISIC_0025239,-3.1209922,4.822501
ISIC_0025243,-5.5844426,3.6943927
ISIC_0025247,-5.07784,4.8755207
ISIC_0025254,-4.687342,8.097283
ISIC_0025261,-3.5522494,8.769136
ISIC_0025264,-2.2183263,4.822814
ISIC_0025265,-1.5527271,10.612752
ISIC_0025275,-5.6237574,7.0319066
ISIC_0025276,-2.4945428,8.538993
ISIC_0025285,-3.409585,2.6090248
ISIC_0025286,-4.6129384,5.000997
ISIC_0025289,-4.5257897,4.608457
ISIC_0025295,-5.179972,3.53397
ISIC_0025299,-3.7359576,4.6128187
ISIC_0025300,-5.6296296,7.6984496
ISIC_0025301,-3.8866787,5.2768116
ISIC_0025302,-5.0707455,3.9263875
ISIC_0025309,-5.095636,8.84565
ISIC_0025310,-5.6648026,4.172015
ISIC_0025316,-6.748471,6.1492414
ISIC_0025319,0.48706403,9.095745
ISIC_0025322,-3.777178,3.2043746
ISIC_0025327,-6.678353,7.4275017
ISIC_0025335,-5.352585,9.306511
ISIC_0025336,-3.5598817,9.420896
ISIC_0025341,-6.1981444,4.4619365
ISIC_0025346,-2.6013472,4.1751065
ISIC_0025358,-3.120336,4.0943785
ISIC_0025362,-1.682605,3.6489885
ISIC_0025367,-7.2976155,7.5729837
ISIC_0025372,-4.866266,5.122697
ISIC_0025381,-7.2945547,7.662181
ISIC_0025383,-4.5901585,6.811305
ISIC_0025396,-5.6432953,5.144618
ISIC_0025400,1.4194891,4.007898
ISIC_0025409,-3.7987895,3.483698
ISIC_0025410,-5.575137,3.9547343
ISIC_0025419,-6.2473474,8.308626
ISIC_0025424,-5.7353954,4.8665137
ISIC_0025428,-4.181779,9.344214
ISIC_0025433,-3.5891223,6.337976
ISIC_0025436,-3.5045283,3.9534538
ISIC_0025447,-6.0513124,6.366559
ISIC_0025451,-6.7197256,7.5740337
ISIC_0025456,-2.544662,6.016029
ISIC_0025458,-6.560449,8.145549
ISIC_0025463,-6.1657195,5.9431543
ISIC_0025471,-0.8627907,6.060083
ISIC_0025477,-4.0495973,7.6298113
ISIC_0025488,-5.3065844,4.2064433
ISIC_0025489,-6.176076,6.158693
ISIC_0025492,-4.576032,3.5188608
ISIC_0025504,-5.843214,5.9851284
ISIC_0025505,-5.4541917,3.8613522
ISIC_0025506,-5.472589,5.0812106
ISIC_0025509,-2.819981,5.648139
ISIC_0025510,-1.8209282,10.35295
ISIC_0025513,-1.4506959,10.282865
ISIC_0025517,-5.269208,4.868915
ISIC_0025518,-5.164593,5.3229866
ISIC_0025525,-2.800747,5.713333
ISIC_0025533,-4.328238,6.567418
ISIC_0025541,-6.9903326,7.82252
ISIC_0025545,-5.791104,8.172434
ISIC_0025547,-7.176194,8.486976
ISIC_0025548,-5.405519,5.044092
ISIC_0025550,-5.368417,4.020838
ISIC_0025555,-6.03537,7.795402
ISIC_0025563,-5.0841403,8.898969
ISIC_0025568,-1.9799592,10.821111
ISIC_0025571,-5.7913795,6.0515766
ISIC_0025573,-4.902526,5.1239176
ISIC_0025575,-3.0899303,3.400983
ISIC_0025577,-4.471815,2.666475
ISIC_0025579,-5.5625916,4.753053
ISIC_0025587,-6.380831,7.409489
ISIC_0025588,-5.4637194,8.563203
ISIC_0025589,-1.967741,10.391153
ISIC_0025592,-6.7433777,8.266253
ISIC_0025597,-5.6359158,4.6834316
ISIC_0025598,-5.5433807,4.3507156
ISIC_0025601,-6.011305,5.751149
ISIC_0025603,-6.040518,6.7913184
ISIC_0025605,-4.4272614,3.610519
ISIC_0025610,-5.7477074,7.468195
ISIC_0025611,-4.724457,5.225901
ISIC_0025621,-6.881,7.8043623
ISIC_0025627,-3.8500915,3.5329735
ISIC_0025630,-6.1154056,4.8975453
ISIC_0025631,-6.8856835,7.2736945
ISIC_0025638,-2.4809842,10.295521
ISIC_0025640,-6.3887053,5.2054477
ISIC_0025641,-6.1297593,8.701568
ISIC_0025642,-5.2987695,7.797771
ISIC_0025644,-6.58834,7.2411985
ISIC_0025650,-2.6401684,3.6038895
ISIC_0025655,-5.712818,5.206326
ISIC_0025657,-5.610684,3.9507606
ISIC_0025662,-6.4201703,8.190876
ISIC_0025663,-4.518227,3.2693214
ISIC_0025665,-5.273081,6.1331296
ISIC_0025667,-4.872838,8.153485
ISIC_0025668,-4.602533,9.324147
ISIC_0025671,-7.0518355,7.846638
ISIC_0025674,-1.5431429,6.157496
ISIC_0025683,-5.5584097,5.838132
ISIC_0025687,-6.586959,8.017334
ISIC_0025689,-6.141599,8.38864
ISIC_0025691,-1.7579969,10.635643
ISIC_0025693,-4.456772,2.953827
ISIC_0025699,-5.1681433,4.730052
ISIC_0025700,-0.90131813,9.67551
ISIC_0025702,-1.2237844,10.646871
ISIC_0025708,-5.956546,6.8983774
ISIC_0025711,-2.9168782,6.0720825
ISIC_0025713,-3.0677905,5.988834
ISIC_0025724,-6.2273827,6.4215727
ISIC_0025730,-4.943811,4.608894
ISIC_0025731,-0.3280527,9.491268
ISIC_0025735,-3.5076337,8.789123
ISIC_0025742,-4.634687,8.105593
ISIC_0025746,-4.169051,5.7049737
ISIC_0025748,-5.3209743,4.223274
ISIC_0025751,-4.9685664,7.4766426
ISIC_0025759,-5.870369,4.713987
ISIC_0025763,-5.6117816,7.982024
ISIC_0025766,-3.9890938,6.075616
ISIC_0025767,-6.0325513,7.299759
ISIC_0025769,5.848066,2.6817622
ISIC_0025777,-4.9201255,4.1832294
ISIC_0025781,-0.5193437,9.571185
ISIC_0025783,-4.4596496,3.266087
ISIC_0025784,-5.9030485,5.33131
ISIC_0025786,-1.9833871,9.182284
ISIC_0025789,-5.640717,8.4394455
ISIC_0025790,-3.6395645,3.119104
ISIC_0025791,-5.3207927,6.806046
ISIC_0025793,-2.8113492,10.403561
ISIC_0025798,-4.8196387,8.377817
ISIC_0025799,-2.527253,3.3862925
ISIC_0025805,-5.367373,4.127299
ISIC_0025808,-4.578478,3.1037145
ISIC_0025809,-5.4279037,6.3244863
ISIC_0025811,-2.4052353,6.705558
ISIC_0025812,-6.4074636,7.522897
ISIC_0025818,-5.0472584,4.052759
ISIC_0025824,-1.5629687,10.378252
ISIC_0025826,-5.715955,6.4425735
ISIC_0025831,-2.6794682,3.4135656
ISIC_0025832,-4.965822,3.908271
ISIC_0025835,-3.1673138,6.457064
ISIC_0025836,-5.8926625,7.2740626
ISIC_0025840,-5.4964585,5.9625125
ISIC_0025842,-4.2582617,2.7051525
ISIC_0025846,-5.3291583,4.4330106
ISIC_0025847,-7.0537987,7.4664345
ISIC_0025850,-6.7195396,6.2842937
ISIC_0025855,-1.6557751,10.537625
ISIC_0025869,-4.7847567,9.242335
ISIC_0025870,-7.1081905,8.419987
ISIC_0025871,-6.7369056,8.047408
ISIC_0025876,-4.944609,7.714028
ISIC_0025891,-5.656165,8.24471
ISIC_0025892,-5.5632567,4.517288
ISIC_0025899,-6.076674,6.035317
ISIC_0025902,-5.7341423,5.684459
ISIC_0025904,-2.1392205,10.639264
ISIC_0025905,-6.0911794,9.132245
ISIC_0025906,-5.324837,7.8943996
ISIC_0025907,-5.0469055,9.056406
ISIC_0025909,-6.410508,8.047911
ISIC_0025915,-5.5947003,6.4871044
ISIC_0025918,-5.076295,4.204459
ISIC_0025926,-5.4753165,3.8814306
ISIC_0025928,-4.9385796,3.4255307
ISIC_0025936,-4.910673,4.5559316
ISIC_0025937,-4.8586063,9.375503
ISIC_0025938,-5.3655643,4.387117
ISIC_0025939,-4.5213,3.9025347
ISIC_0025941,-5.424955,5.2426434
ISIC_0025942,-6.067603,5.460279
ISIC_0025943,-1.9333831,10.751518
ISIC_0025946,-1.9277306,4.083468
ISIC_0025950,-5.70771,5.081415
ISIC_0025954,-3.5489745,6.1985426
ISIC_0025957,-4.7635446,4.606341
ISIC_0025958,-6.705507,7.285359
ISIC_0025959,-5.957995,8.02293
ISIC_0025963,-0.91078013,6.1859336
ISIC_0025964,-6.6895723,8.328382
ISIC_0025967,-4.9466076,4.2087584
ISIC_0025969,-5.467891,7.629148
ISIC_0025970,-5.0997906,4.638122
ISIC_0025971,-6.5764976,6.2602134
ISIC_0025973,-3.1917412,3.2570498
ISIC_0025978,-2.2824645,10.580743
ISIC_0025983,-6.716977,7.282934
ISIC_0025984,-1.5652893,10.839281
ISIC_0025986,-4.99072,5.9533095
ISIC_0025989,-5.447967,4.3707027
ISIC_0026006,-6.987575,8.131557
ISIC_0026008,-4.315503,7.592277
ISIC_0026009,-3.9467714,2.8629882
ISIC_0026012,-6.343347,8.801667
ISIC_0026017,-4.410423,3.211623
ISIC_0026018,-4.9193215,3.5595021
ISIC_0026022,-7.352644,7.2381215
ISIC_0026023,-5.110813,8.954629
ISIC_0026027,-6.0005517,7.5086718
ISIC_0026028,-5.8604918,6.9877377
ISIC_0026029,-6.1520224,4.736108
ISIC_0026030,-6.6161294,6.754247
ISIC_0026040,-5.0020127,4.127094
ISIC_0026043,-5.5085526,4.079837
ISIC_0026044,-5.442098,4.5295973
ISIC_0026048,-4.2864957,4.081233
ISIC_0026053,-5.4603367,4.7135305
ISIC_0026055,-6.321812,8.608009
ISIC_0026071,-4.0005608,3.0254009
ISIC_0026072,-4.2233505,3.5979857
ISIC_0026074,-4.288677,3.523339
ISIC_0026076,-5.1034594,5.2332
ISIC_0026080,-1.8705513,10.711115
ISIC_0026081,-5.620015,5.2201085
ISIC_0026084,-2.2195249,3.6373746
ISIC_0026090,-3.4697797,2.794935
ISIC_0026091,-5.873276,6.933686
ISIC_0026096,-4.9474525,4.5482974
ISIC_0026100,-4.2410173,4.1481466
ISIC_0026101,-5.8107753,5.969669
ISIC_0026105,-5.2412295,4.2974687
ISIC_0026107,-2.5740905,6.268013
ISIC_0026108,-5.8536134,5.2151155
ISIC_0026111,-5.985818,7.0356927
ISIC_0026113,-2.4121075,10.492548
ISIC_0026115,-2.3546042,4.530901
ISIC_0026117,-6.01741,6.775182
ISIC_0026118,-2.5566075,3.5129974
ISIC_0026124,-5.132969,4.1977024
ISIC_0026133,-5.3445454,4.4794345
ISIC_0026138,-3.6503136,3.2462964
ISIC_0026140,-5.722544,8.628161
ISIC_0026142,-5.1504903,4.381019
ISIC_0026148,-5.976792,6.713477
ISIC_0026150,-6.491551,8.097422
ISIC_0026151,-5.235373,7.9393325
ISIC_0026153,-5.2036448,9.473774
ISIC_0026157,-2.1068568,5.038
ISIC_0026159,-3.3381495,3.5357065
ISIC_0026179,-4.6100326,5.577987
ISIC_0026192,-4.307313,3.9099193
ISIC_0026203,-6.0224442,4.865044
ISIC_0026206,-4.9641714,7.462109
ISIC_0026207,-4.796555,5.959993
ISIC_0026213,-2.5568643,4.152648
ISIC_0026216,-5.8603845,4.1969743
ISIC_0026217,-6.3626003,5.93795
ISIC_0026219,-5.447417,3.971885
ISIC_0026222,-5.4597535,4.3785925
ISIC_0026223,-6.6812224,8.6320715
ISIC_0026226,-3.0901306,6.6987157
ISIC_0026229,-3.7782564,7.461514
ISIC_0026230,-6.712958,7.6423554
ISIC_0026231,-5.912196,5.845201
ISIC_0026236,-5.7782087,6.771459
ISIC_0026237,-7.207813,8.352247
ISIC_0026239,-4.755726,4.5339656
ISIC_0026247,-5.688147,7.0239344
ISIC_0026251,-2.0924027,10.607386
ISIC_0026258,-5.0239644,3.6069963
ISIC_0026260,-4.9388285,3.6880305
ISIC_0026272,-4.7842355,4.8224006
ISIC_0026275,-0.35367358,8.482821
ISIC_0026290,-0.1625286,9.730051
ISIC_0026293,-5.427014,5.3657336
ISIC_0026296,-5.687699,8.925394
ISIC_0026297,-6.79421,5.852721
ISIC_0026314,-7.1657405,7.5078087
ISIC_0026316,-4.0828857,6.128165
ISIC_0026323,-6.390578,5.1916914
ISIC_0026324,-2.8875175,6.5242157
ISIC_0026329,-5.4571204,4.493703
ISIC_0026330,-4.597278,4.855282
ISIC_0026337,-4.386217,3.3714194
ISIC_0026341,-6.844778,8.171296
ISIC_0026346,-3.0025625,10.224534
ISIC_0026347,-4.404213,5.100391
ISIC_0026348,-4.56072,4.3022556
ISIC_0026350,-5.316906,6.3149548
ISIC_0026352,-4.6592197,5.1014833
ISIC_0026360,-5.118239,8.631902
ISIC_0026365,-3.7402844,6.0795383
ISIC_0026376,-6.2632504,8.025089
ISIC_0026382,-7.0290036,7.8651834
ISIC_0026384,-6.6909895,7.560369
ISIC_0026388,-3.082897,3.8288524
ISIC_0026389,-6.849754,7.8529005
ISIC_0026395,-1.988058,10.604456
ISIC_0026398,-5.939404,4.6226454
ISIC_0026401,-5.4539714,5.0788264
ISIC_0026404,-4.163963,3.2523499
ISIC_0026406,-5.7109766,4.107827
ISIC_0026421,-3.9301844,8.954726
ISIC_0026427,-4.9300346,4.70358
ISIC_0026429,-3.8919084,4.301039
ISIC_0026432,-7.21315,6.358713
ISIC_0026433,-4.434232,4.698922
ISIC_0026443,-4.2968674,3.5730896
ISIC_0026444,-4.1858253,3.1303895
ISIC_0026445,-4.490845,5.460776
ISIC_0026452,-5.5902658,4.3351874
ISIC_0026453,-5.330328,8.033881
ISIC_0026466,-4.379447,3.5992522
ISIC_0026475,-5.2167106,4.264544
ISIC_0026477,-5.705964,4.771303
ISIC_0026481,-1.5070536,9.932363
ISIC_0026487,-6.895501,6.6331744
ISIC_0026488,-5.559779,4.0377483
ISIC_0026494,-1.9795811,9.568545
ISIC_0026497,-6.578301,7.187224
ISIC_0026501,-6.198766,8.601453
ISIC_0026502,-6.589166,8.474878
ISIC_0026506,-6.9370847,6.7967377
ISIC_0026513,-6.359371,5.2687845
ISIC_0026516,-6.4588757,6.1356535
ISIC_0026519,-1.5976065,10.660919
ISIC_0026526,-3.917158,3.5497696
ISIC_0026528,-4.2985706,4.2971277
ISIC_0026541,-3.8987355,7.7862616
ISIC_0026549,-3.8910782,3.249811
ISIC_0026551,-5.09374,4.3133082
ISIC_0026552,-2.3949957,10.486915
ISIC_0026553,-5.209118,3.611164
ISIC_0026554,-5.1379585,3.9909132
ISIC_0026559,-5.602321,4.276879
ISIC_0026560,-5.929113,4.062072
ISIC_0026561,-6.0151834,8.948282
ISIC_0026569,-0.044471584,9.745273
ISIC_0026573,-5.050676,3.8749835
ISIC_0026577,-4.670494,3.8277593
ISIC_0026580,-4.0370955,3.3152525
ISIC_0026581,-5.927204,4.7936597
ISIC_0026592,-6.764762,5.984088
ISIC_0026596,-5.3251224,9.000998
ISIC_0026600,-5.8113446,7.6817684
ISIC_0026604,-2.981535,4.0184283
ISIC_0026606,-6.69234,8.211195
ISIC_0026607,-1.0748006,4.4072027
ISIC_0026608,-5.450903,7.109125
ISIC_0026611,-6.280927,6.154115
ISIC_0026618,-2.3859346,6.267226
ISIC_0026622,-1.0296923,4.9707375
ISIC_0026633,-7.2142744,8.160475
ISIC_0026637,-6.3216496,8.0034
ISIC_0026644,-4.131894,8.297686
ISIC_0026650,-3.1851585,6.3487797
ISIC_0026658,-5.4843483,8.437354
ISIC_0026665,-5.915688,5.0796876
ISIC_0026666,-1.7401613,6.6094394
ISIC_0026670,-2.4461646,5.9866533
ISIC_0026671,-2.9611907,7.0044203
ISIC_0026672,-5.8024154,5.077342
ISIC_0026674,-4.2145805,7.141201
ISIC_0026692,-5.175801,5.837084
ISIC_0026694,-5.750462,5.3051376
ISIC_0026698,-5.272759,4.308426
ISIC_0026711,-6.5658045,5.6599236
ISIC_0026712,-5.260794,4.822482
ISIC_0026714,-5.037347,3.6817315
ISIC_0026716,-5.5972457,4.642227
ISIC_0026720,-3.0862477,4.55292
ISIC_0026726,-4.062788,9.068869
ISIC_0026728,-4.2272944,4.9766498
ISIC_0026730,-6.672258,8.335929
ISIC_0026737,-5.442895,5.186114
ISIC_0026741,-5.630113,4.461742
ISIC_0026743,-2.3647866,5.8017507
ISIC_0026744,-3.9142015,3.760738
ISIC_0026746,-4.9690437,3.4578831
ISIC_0026751,-6.7184105,5.701538
ISIC_0026752,-6.1822968,5.7232594
ISIC_0026753,-4.095725,6.3424726
ISIC_0026759,-5.8451962,4.2578444
ISIC_0026766,-3.0782797,8.995215
ISIC_0026770,-4.306058,4.4269586
ISIC_0026774,-4.78858,3.895373
ISIC_0026777,-6.808545,7.341587
ISIC_0026781,-5.628446,6.229071
ISIC_0026782,-5.141549,4.6489487
ISIC_0026789,-4.16571,3.5652213
ISIC_0026794,-1.7847127,6.988738
ISIC_0026795,-5.7346945,4.38678
ISIC_0026802,-4.2563376,4.400182
ISIC_0026804,-4.1232743,7.145445
ISIC_0026805,-5.2662864,5.977149
ISIC_0026809,-5.1079707,4.245988
ISIC_0026810,-5.276148,4.372415
ISIC_0026818,-6.6071534,6.9229207
ISIC_0026819,-5.8370366,8.6977825
ISIC_0026825,-4.661128,4.22102
ISIC_0026826,-2.056881,10.795629
ISIC_0026827,-5.506005,3.6942987
ISIC_0026829,-3.1553555,3.3385096
ISIC_0026831,-4.1752443,8.909957
ISIC_0026839,-6.788167,7.6512384
ISIC_0026843,-5.254165,5.1521297
ISIC_0026844,-4.7581453,2.8998778
ISIC_0026852,-5.780392,5.019318
ISIC_0026855,-4.719281,3.8935008
ISIC_0026866,-5.871495,5.513802
ISIC_0026869,-4.456023,8.142907
ISIC_0026871,-1.0238153,4.454313
ISIC_0026874,-1.5353514,10.710762
ISIC_0026883,-4.586476,8.783575
ISIC_0026885,-5.310318,4.201879
ISIC_0026887,-6.907177,8.2169895
ISIC_0026888,-5.685398,7.2350664
ISIC_0026895,-0.6442892,5.3033133
ISIC_0026897,-5.5817385,4.476
ISIC_0026901,-4.3751526,6.937513
ISIC_0026902,-1.2294145,9.259597
ISIC_0026911,-6.980967,7.593979
ISIC_0026922,-4.4816365,7.952
ISIC_0026923,-3.9597292,3.871605
ISIC_0026930,-3.9074624,4.1370897
ISIC_0026934,-5.7930846,9.107098
ISIC_0026940,-4.1514273,5.07302
ISIC_0026954,-6.3205147,6.019045
ISIC_0026956,-4.135749,3.3495455
ISIC_0026957,-3.3012424,4.485102
ISIC_0026963,-1.5193344,9.743871
ISIC_0026968,-4.160734,3.8421724
ISIC_0026970,-3.8136091,4.0086637
ISIC_0026974,-5.7871666,5.068554
ISIC_0026979,-5.718353,9.266653
ISIC_0026987,-6.3992133,5.2519913
ISIC_0026991,-7.231742,7.182568
ISIC_0026993,-1.4457309,10.0702305
ISIC_0026996,-6.433316,8.527581
ISIC_0027002,-3.1846414,9.860305
ISIC_0027004,-4.194951,4.6458707
ISIC_0027007,-6.584818,7.4260254
ISIC_0027018,-3.6623924,3.5218947
ISIC_0027023,-5.7998166,6.4719386
ISIC_0027024,-3.0174184,9.75288
ISIC_0027034,-6.784574,7.389587
ISIC_0027036,-5.768449,4.544646
ISIC_0027037,-4.7711186,2.9791243
ISIC_0027038,-3.875838,4.3479667
ISIC_0027040,-6.995632,6.385989
ISIC_0027043,-5.1437144,7.6594763
ISIC_0027047,-4.778978,5.795004
ISIC_0027049,-5.3018975,6.8899364
ISIC_0027051,-5.368537,4.104068
ISIC_0027053,-4.6751404,8.29725
ISIC_0027058,-2.934169,3.8272061
ISIC_0027062,-0.86716735,9.964188
ISIC_0027086,-6.2220316,7.3305125
ISIC_0027087,-4.2272773,6.326849
ISIC_0027089,-4.7790484,4.518131
ISIC_0027091,-4.087964,5.371943
ISIC_0027093,-2.617841,3.4594526
ISIC_0027094,-4.8292127,3.7343853
ISIC_0027098,-5.1990542,3.6930034
ISIC_0027099,-6.5944,8.324577
ISIC_0027105,-4.6586514,5.0243993
ISIC_0027112,-1.522282,10.556191
ISIC_0027113,-2.9463282,9.829905
ISIC_0027114,-5.615553,4.460382
ISIC_0027118,-1.9237951,10.550325
ISIC_0027120,-4.4041305,3.1284726
ISIC_0027125,-6.663624,7.7022166
ISIC_0027127,-6.1085777,4.189246
ISIC_0027129,-6.992884,7.8161283
ISIC_0027135,-1.7928976,4.553393
ISIC_0027137,-5.1163087,5.313115
ISIC_0027146,-5.48161,6.4631586
ISIC_0027147,-4.85496,4.187012
ISIC_0027151,-6.3586054,8.402773
ISIC_0027152,-5.843539,7.1337657
ISIC_0027171,-4.7382545,5.630052
ISIC_0027174,-5.677978,8.827722
ISIC_0027175,-3.3782034,6.033371
ISIC_0027181,-5.7353415,4.9304867
ISIC_0027183,-4.755925,3.2811394
ISIC_0027184,-3.722069,3.9256568
ISIC_0027192,-4.4249024,3.8762982
ISIC_0027197,-6.4603276,8.205182
ISIC_0027201,-6.025097,3.971212
ISIC_0027203,-4.813881,4.80941
ISIC_0027208,-5.525572,5.8922276
ISIC_0027209,-5.4843383,8.774183
ISIC_0027213,-2.570417,6.7362556
ISIC_0027218,-5.4429126,7.5510945
ISIC_0027235,-1.8701079,10.658345
ISIC_0027236,-5.439842,4.4747353
ISIC_0027240,-4.092683,9.417887
ISIC_0027244,-1.4053326,10.447331
ISIC_0027249,-6.6706758,8.707455
ISIC_0027250,-2.3965876,10.623725
ISIC_0027255,-5.8765435,4.2239237
ISIC_0027260,-2.0271766,10.450427
ISIC_0027261,-0.44071272,7.5881634
ISIC_0027262,-5.41251,4.205176
ISIC_0027263,-5.967784,6.6920533
ISIC_0027264,-6.4406314,8.302934
ISIC_0027271,-5.1658297,5.2290516
ISIC_0027282,-3.275958,4.565003
ISIC_0027284,-7.153806,7.476735
ISIC_0027285,-1.0812011,7.3915577
ISIC_0027287,-4.0328474,5.992441
ISIC_0027293,-4.637199,7.150162
ISIC_0027294,-4.28809,3.2962177
ISIC_0027298,-5.2180142,3.902796
ISIC_0027305,-7.0529275,7.8182425
ISIC_0027312,-5.4775214,8.909541
ISIC_0027323,-5.746948,4.421044
ISIC_0027327,-5.90606,8.1902895
ISIC_0027334,-2.400214,5.968897
ISIC_0027343,-4.6227217,5.19728
ISIC_0027351,-4.5494533,4.652635
ISIC_0027355,-4.5373588,4.2254705
ISIC_0027358,-0.648991,5.244836
ISIC_0027359,-6.960412,6.260483
ISIC_0027361,-1.8834354,10.638139
ISIC_0027371,-3.1833985,7.3750415
ISIC_0027374,-4.8065534,4.2516727
ISIC_0027379,-4.501096,3.746827
ISIC_0027382,-6.1716094,7.1472425
ISIC_0027387,-4.9481673,7.818416
ISIC_0027390,-6.4757543,6.4968505
ISIC_0027392,-4.2005386,2.5802414
ISIC_0027394,-4.5596223,4.065375
ISIC_0027397,-3.3698957,6.098885
ISIC_0027398,-6.2116985,6.7652802
ISIC_0027402,-5.437302,6.0292945
ISIC_0027403,-5.6123185,8.441281
ISIC_0027407,-4.817851,3.5239909
ISIC_0027408,-5.887848,6.6312337
ISIC_0027412,-5.507002,4.133572
ISIC_0027427,-6.5529838,8.359274
ISIC_0027432,-7.07942,8.005885
ISIC_0027436,-2.9403307,6.9073296
ISIC_0027437,-5.620376,4.6728563
ISIC_0027444,-5.0975575,6.415644
ISIC_0027451,-4.828411,3.273306
ISIC_0027455,-6.067808,7.084637
ISIC_0027458,-6.8394346,8.186637
ISIC_0027461,-6.2903376,6.1839895
ISIC_0027462,-3.037611,10.019933
ISIC_0027466,-6.0028405,5.1136694
ISIC_0027468,-5.9533596,5.0825195
ISIC_0027469,-6.468058,6.585364
ISIC_0027470,-5.5459046,3.863371
ISIC_0027471,-5.864465,4.3777213
ISIC_0027473,-2.4280746,3.4775739
ISIC_0027475,-5.8523283,6.007009
ISIC_0027478,-1.6156237,9.773188
ISIC_0027480,-6.661905,6.7205334
ISIC_0027486,-5.092917,4.429926
ISIC_0027487,-7.0049825,7.957255
ISIC_0027497,-2.092594,10.730093
ISIC_0027498,-5.7737784,5.244399
ISIC_0027501,-6.1753035,8.896174
ISIC_0027502,-4.533804,5.0225053
ISIC_0027503,-5.958367,4.7869544
ISIC_0027506,-6.0063353,6.144897
ISIC_0027507,-5.7804966,4.343256
ISIC_0027510,-6.261613,8.182722
ISIC_0027512,-5.2728744,4.2552614
ISIC_0027513,-3.0972266,7.3022532
ISIC_0027514,-5.0734544,5.2649326
ISIC_0027517,-3.3660572,3.7526786
ISIC_0027519,-6.923013,8.2753315
ISIC_0027525,-2.5447712,5.351322
ISIC_0027529,-3.763771,3.4520702
ISIC_0027530,-2.957237,10.148516
ISIC_0027533,-4.89576,7.480351
ISIC_0027535,-4.381225,3.9821658
ISIC_0027537,-6.347814,8.846144
ISIC_0027538,-6.2094836,4.656293
ISIC_0027540,-6.268392,5.8794026
ISIC_0027546,-4.71098,3.5620983
ISIC_0027548,-6.1461296,8.428413
ISIC_0027561,-4.547759,2.8233757
ISIC_0027562,-3.9891243,4.0001125
ISIC_0027568,-5.254902,6.338805
ISIC_0027569,-4.013723,7.7346215
ISIC_0027571,-6.2617135,7.8313365
ISIC_0027574,-5.0840473,5.173362
ISIC_0027580,-2.9562118,6.750644
ISIC_0027595,-3.8171818,3.3641481
ISIC_0027596,-6.0761423,7.352123
ISIC_0027601,-4.257761,3.8044744
ISIC_0027604,-3.4014628,5.8768463
ISIC_0027613,-1.5410464,10.003558
ISIC_0027614,-5.278265,6.0629745
ISIC_0027616,-4.551631,7.6414104
ISIC_0027620,-5.7688513,5.2949142
ISIC_0027622,-5.111351,5.712265
ISIC_0027627,-5.6935296,8.178984
ISIC_0027639,-5.28283,3.7626586
ISIC_0027643,-6.4159656,7.6336627
ISIC_0027644,-5.7767296,6.6103506
ISIC_0027645,-6.65091,8.483316
ISIC_0027648,-2.7615175,5.9488044
ISIC_0027654,-3.4531152,8.614368
ISIC_0027658,-5.376321,5.726088
ISIC_0027659,-1.7985978,10.220747
ISIC_0027671,-5.9639015,4.9279256
ISIC_0027675,-4.393331,5.0707283
ISIC_0027677,-4.8329077,3.1039376
ISIC_0027679,-1.7104529,10.602645
ISIC_0027684,-1.879121,10.732879
ISIC_0027688,-6.292388,5.3617535
ISIC_0027693,-5.9267073,6.3929405
ISIC_0027697,-7.248851,7.685205
ISIC_0027706,-5.208899,5.012057
ISIC_0027709,-5.894316,8.800556
ISIC_0027711,-5.557811,3.842802
ISIC_0027718,-1.9390107,10.746965
ISIC_0027719,-3.602808,4.810272
ISIC_0027734,-5.795881,8.6538925
ISIC_0027738,-6.263617,6.8214126
ISIC_0027739,-3.873655,6.5018153
ISIC_0027744,-2.389884,6.0461125
ISIC_0027751,-4.913947,6.6903605
ISIC_0027753,-4.6938934,3.53194
ISIC_0027756,-6.857531,5.6300364
ISIC_0027757,-1.8445743,10.84435
ISIC_0027759,-5.691132,5.788903
ISIC_0027766,-5.157026,3.3872313
ISIC_0027769,-2.2751648,5.615181
ISIC_0027771,-4.143409,3.4393137
ISIC_0027772,-5.61933,9.050031
ISIC_0027780,-4.60656,7.1107903
ISIC_0027783,-6.0519757,4.763419
ISIC_0027788,-3.985817,3.1355817
ISIC_0027789,-5.9593267,4.805488
ISIC_0027793,-6.450845,7.623793
ISIC_0027796,-5.129121,4.10437
ISIC_0027797,-5.6562853,5.0671325
ISIC_0027798,-6.334917,6.3626127
ISIC_0027800,-5.6087985,4.533967
ISIC_0027801,-5.1927943,3.8255744
ISIC_0027802,-2.6042466,3.9432733
ISIC_0027812,-6.0461235,8.986093
ISIC_0027814,-4.111315,8.50803
ISIC_0027819,-5.2969537,4.696056
ISIC_0027825,-4.780687,4.193113
ISIC_0027828,-1.3994913,6.992667
ISIC_0027829,-4.1110497,6.89578
ISIC_0027832,-4.3700814,5.1831765
ISIC_0027839,-6.0288644,8.110709
ISIC_0027840,-3.844,3.667374
ISIC_0027846,-3.1367338,4.036967
ISIC_0027847,-6.7213693,6.2394447
ISIC_0027848,-1.9521741,10.668831
ISIC_0027849,-5.0607853,3.2868414
ISIC_0027851,-4.6588106,9.422415
ISIC_0027852,-5.1835923,7.0032516
ISIC_0027855,-6.552783,6.5467286
ISIC_0027859,-1.342577,4.263545
ISIC_0027863,-5.1616597,4.5679564
ISIC_0027873,-6.1317787,4.764924
ISIC_0027874,-5.8921742,5.1411815
ISIC_0027876,-2.7126033,3.4341142
ISIC_0027878,-2.0296288,10.559817
ISIC_0027883,-5.151349,4.305573
ISIC_0027884,-6.6244464,6.693888
ISIC_0027889,-5.041007,5.6808724
ISIC_0027897,-5.145238,8.745695
ISIC_0027900,-6.3949065,5.055444
ISIC_0027907,-7.2579107,8.307004
ISIC_0027908,-4.008865,3.8076348
ISIC_0027911,-2.1365712,10.5982275
ISIC_0027915,-4.927017,5.559766
ISIC_0027922,-6.0205016,5.205718
ISIC_0027925,-5.521369,5.022628
ISIC_0027928,-5.394349,4.2575345
ISIC_0027931,-6.154029,5.1109667
ISIC_0027933,-5.1507573,5.4314823
ISIC_0027942,-6.0566893,7.8972154
ISIC_0027945,-3.782649,4.9590716
ISIC_0027953,-3.9729881,5.4106765
ISIC_0027956,-4.625265,4.194863
ISIC_0027957,-6.303548,8.755418
ISIC_0027959,-5.0538425,4.562634
ISIC_0027960,-5.6355267,5.8634286
ISIC_0027963,-5.358967,5.262637
ISIC_0027966,-5.1964335,4.5669603
ISIC_0027967,-6.979472,6.913927
ISIC_0027969,-5.4706807,4.3238463
ISIC_0027976,-1.932363,6.2614923
ISIC_0027978,-5.2193537,4.0236635
ISIC_0027982,-5.8139324,5.669593
ISIC_0027988,-5.161268,3.9256337
ISIC_0027991,-4.2461905,2.8321433
ISIC_0027997,-4.421442,3.6168878
ISIC_0027999,-5.4259644,3.9816518
ISIC_0028003,-5.463619,6.658658
ISIC_0028009,-5.95625,5.0560436
ISIC_0028015,-6.924262,7.5808544
ISIC_0028016,-5.012973,4.419391
ISIC_0028017,-5.741076,5.2401705
ISIC_0028020,-6.421121,7.6040916
ISIC_0028022,-3.4263084,5.69354
ISIC_0028029,-6.507044,7.088658
ISIC_0028033,-5.8944855,6.004825
ISIC_0028041,-2.2465885,10.441355
ISIC_0028045,-5.5042124,7.341277
ISIC_0028050,-4.6539187,4.26467
ISIC_0028056,-3.1785154,9.758811
ISIC_0028059,-4.1495337,7.0141826
ISIC_0028065,-5.4506927,3.9565055
ISIC_0028069,-6.808734,8.035196
ISIC_0028080,-2.9388528,9.801092
ISIC_0028084,-4.6220465,3.7316725
ISIC_0028085,-6.1409435,8.453716
ISIC_0028095,-3.7562423,4.046592
ISIC_0028098,-2.9451654,9.96895
ISIC_0028100,-4.491783,2.620754
ISIC_0028103,-3.949215,2.758423
ISIC_0028106,-4.4156065,7.73232
ISIC_0028109,-2.386675,10.251793
ISIC_0028110,-4.968879,8.566533
ISIC_0028118,-5.5458126,4.7843165
ISIC_0028120,-4.113417,4.937869
ISIC_0028122,-5.192534,4.732769
ISIC_0028130,-5.329291,4.011269
ISIC_0028131,-4.781406,5.055248
ISIC_0028132,-3.9945161,4.2532263
ISIC_0028135,-5.6414084,4.622203
ISIC_0028139,-3.6168475,8.033945
ISIC_0028141,-6.1218715,5.729857
ISIC_0028145,-6.446385,8.149096
ISIC_0028151,-5.6353555,4.0270023
ISIC_0028154,-2.7029896,10.178742
ISIC_0028158,-6.446573,5.1684275
ISIC_0028159,-2.9645824,9.533631
ISIC_0028166,-5.4892406,4.5023813
ISIC_0028167,-6.620513,6.010368
ISIC_0028168,-4.00728,7.246051
ISIC_0028179,-3.395456,6.865317
ISIC_0028183,-5.4444222,4.27946
ISIC_0028190,-1.6234369,4.2232285
ISIC_0028195,-0.713417,10.156249
ISIC_0028197,-4.5462,5.0086923
ISIC_0028205,-3.5025017,7.3149486
ISIC_0028212,-5.3673267,4.3447766
ISIC_0028215,-0.5918651,9.128278
ISIC_0028216,-3.647216,7.088753
ISIC_0028219,-7.1001463,7.069194
ISIC_0028223,-4.2177505,3.9339528
ISIC_0028225,-5.817854,4.1034274
ISIC_0028226,-4.620209,8.230023
ISIC_0028232,-1.484672,4.1046195
ISIC_0028236,-3.0574272,2.7450876
ISIC_0028238,-5.8417006,6.2804933
ISIC_0028243,-1.8823407,4.5424523
ISIC_0028276,-5.428945,4.6143665
ISIC_0028280,-5.680099,5.787233
ISIC_0028281,-4.632189,8.568963
ISIC_0028283,-3.7443984,6.2522116
ISIC_0028287,-5.408457,8.130109
ISIC_0028290,-5.538976,7.3975024
ISIC_0028303,-4.0997853,3.5048919
ISIC_0028305,-5.885373,4.2856355
ISIC_0028306,-4.7768493,3.8275976
ISIC_0028307,-6.86658,5.561721
ISIC_0028308,-5.0858855,3.932954
ISIC_0028316,-4.916362,3.283035
ISIC_0028323,-1.0645312,5.490981
ISIC_0028325,-1.3523806,10.110156
ISIC_0028326,-2.2105746,10.526418
ISIC_0028329,-4.099096,3.340955
ISIC_0028332,-5.1424685,6.218628
ISIC_0028335,-4.814934,3.4789252
ISIC_0028344,-4.5536847,5.365095
ISIC_0028346,-3.5021331,2.5510385
ISIC_0028350,-4.1692486,3.5770164
ISIC_0028355,-6.2313385,6.120743
ISIC_0028358,-6.0260596,5.2552814
ISIC_0028360,-4.636208,5.359733
ISIC_0028364,-3.9814503,3.9841213
ISIC_0028367,-6.2157874,8.198474
ISIC_0028368,-5.628241,8.554547
ISIC_0028371,-5.7642107,8.229106
ISIC_0028373,-4.2561193,8.389052
ISIC_0028378,-5.598612,4.8980436
ISIC_0028385,-2.2618635,10.676247
ISIC_0028388,-4.1606026,4.213444
ISIC_0028389,-4.94479,3.8953412
ISIC_0028393,-2.777195,3.84537
ISIC_0028401,-5.8229084,7.8026123
ISIC_0028404,-3.786993,3.145003
ISIC_0028408,-5.7911615,5.780421
ISIC_0028413,-1.8321582,10.737424
ISIC_0028420,-4.9637113,3.6916559
ISIC_0028423,-3.2371683,10.024871
ISIC_0028429,-5.859488,5.864808
ISIC_0028430,-6.1097383,8.108563
ISIC_0028436,-1.5592281,10.735713
ISIC_0028441,-6.3734994,5.781403
ISIC_0028450,-7.015386,6.696975
ISIC_0028453,-4.9086413,9.081683
ISIC_0028457,-4.7795486,6.7347183
ISIC_0028460,-4.099316,3.633231
ISIC_0028461,-1.9021075,10.506296
ISIC_0028464,-4.5853577,4.9321322
ISIC_0028467,-6.5631475,7.390079
ISIC_0028468,-6.437905,5.199431
ISIC_0028472,-5.188645,4.38481
ISIC_0028473,-5.6498356,4.1409492
ISIC_0028478,-5.3236356,6.2518926
ISIC_0028484,-5.4682393,5.605439
ISIC_0028486,-2.2987063,4.9141817
ISIC_0028488,-4.986489,8.284964
ISIC_0028489,-5.7940593,5.398271
ISIC_0028493,-4.478243,3.932761
ISIC_0028499,-5.5380564,4.6762652
ISIC_0028500,-2.204926,10.727757
ISIC_0028504,-5.2929115,5.040693
ISIC_0028509,-6.739965,6.9826417
ISIC_0028510,-6.7963166,8.236652
ISIC_0028511,-5.0005155,3.682456
ISIC_0028513,-4.758473,5.2399077
ISIC_0028524,-6.6970644,7.1309347
ISIC_0028527,-5.3507304,6.2531567
ISIC_0028528,-5.1775217,6.081891
ISIC_0028529,-5.8878126,4.3122687
ISIC_0028534,-6.2088423,6.1981096
ISIC_0028537,-6.2040434,5.7533803
ISIC_0028542,-4.1487613,9.001188
ISIC_0028550,-1.9052289,4.447612
ISIC_0028551,-6.982169,6.334094
ISIC_0028556,-4.465547,4.2218776
ISIC_0028557,-6.0635233,4.6012516
ISIC_0028558,-3.7578986,3.7325304
ISIC_0028559,-5.4597845,4.1185346
ISIC_0028560,-2.0655348,10.132536
ISIC_0028565,-2.2057788,10.592056
ISIC_0028567,-6.504216,4.831996
ISIC_0028568,-3.3521037,3.0251892
ISIC_0028576,-2.1330013,10.624471
ISIC_0028577,-4.3955717,2.6039097
ISIC_0028579,-6.468653,8.416944
ISIC_0028580,-4.8399177,8.163935
ISIC_0028589,-6.1858907,8.444215
ISIC_0028592,-4.7183385,5.3426003
ISIC_0028598,-6.1060805,4.7967286
ISIC_0028599,-5.3103633,4.2056694
ISIC_0028602,-5.3024764,4.0648236
ISIC_0028607,-0.9080003,8.875336
ISIC_0028608,-5.9613867,4.484449
ISIC_0028611,-2.6522696,5.3987737
ISIC_0028619,-1.822182,10.418044
ISIC_0028621,-5.4066997,5.7141275
ISIC_0028633,-6.824269,7.686597
ISIC_0028643,-4.8282447,3.8399942
ISIC_0028644,-5.898105,4.532763
ISIC_0028646,-3.408651,3.3438075
ISIC_0028648,-5.903839,7.6618147
ISIC_0028652,-3.03239,3.5568943
ISIC_0028653,-3.3832498,4.1411133
ISIC_0028656,-4.4305587,4.24854
ISIC_0028670,-3.8381817,6.912903
ISIC_0028671,-3.4588728,4.850856
ISIC_0028673,-6.170191,4.9554243
ISIC_0028675,-4.675026,8.9853735
ISIC_0028678,-5.41265,5.9814396
ISIC_0028684,-5.0612164,5.272013
ISIC_0028685,-4.4407463,3.5010786
ISIC_0028686,-6.036239,5.4644732
ISIC_0028687,-3.8236456,2.7681985
ISIC_0028692,-5.328589,4.45701
ISIC_0028693,-5.1355443,8.111024
ISIC_0028696,-4.596997,8.187146
ISIC_0028698,-6.015444,4.596092
ISIC_0028701,-6.726235,5.976311
ISIC_0028715,-4.9374924,3.8999093
ISIC_0028718,-4.7696753,4.856838
ISIC_0028723,-5.199401,4.679575
ISIC_0028728,-4.645648,8.677109
ISIC_0028736,-5.4048,5.0769815
ISIC_0028739,-3.7238731,7.5510077
ISIC_0028744,-5.330328,4.4772544
ISIC_0028749,-2.3826318,3.6181746
ISIC_0028755,-5.6671667,5.0389023
ISIC_0028757,-6.4470515,5.604049
ISIC_0028759,-3.531178,8.30917
ISIC_0028760,-6.2715745,7.9401164
ISIC_0028761,-7.291153,6.5003824
ISIC_0028763,-2.429513,3.3240337
ISIC_0028765,-4.620013,3.7994404
ISIC_0028767,-5.966491,8.497658
ISIC_0028780,-6.6978273,7.584917
ISIC_0028787,-3.8498561,6.7501483
ISIC_0028791,-2.1153421,10.316536
ISIC_0028792,-4.329857,3.4169333
ISIC_0028793,-7.263084,8.19032
ISIC_0028795,-4.0323105,3.2086887
ISIC_0028803,-2.4442062,10.158168
ISIC_0028807,-5.3420577,9.226814
ISIC_0028808,-6.592306,6.12309
ISIC_0028809,-3.8145099,7.5204735
ISIC_0028810,-1.0989896,10.187936
ISIC_0028814,-2.6613114,3.86995
ISIC_0028815,-5.0152936,6.8655205
ISIC_0028818,-6.7916307,6.7580833
ISIC_0028823,-5.8845577,9.185316
ISIC_0028830,-4.0930886,3.4936612
ISIC_0028831,-6.5849223,8.14077
ISIC_0028843,-2.273831,10.50939
ISIC_0028849,-6.6130514,5.5058665
ISIC_0028851,-5.45966,8.899344
ISIC_0028856,-5.239373,4.6762037
ISIC_0028857,-5.7233024,4.3884687
ISIC_0028858,-4.260478,9.084587
ISIC_0028859,-5.184833,3.5024195
ISIC_0028860,-3.7763822,3.1195009
ISIC_0028865,-4.8314233,4.731266
ISIC_0028868,-4.974497,8.423472
ISIC_0028871,-4.25121,4.1489434
ISIC_0028873,-4.957965,3.2443874
ISIC_0028874,-4.660152,5.045462
ISIC_0028877,-5.3828363,4.9552965
ISIC_0028881,-4.523847,3.3257403
ISIC_0028882,-3.509082,5.389063
ISIC_0028901,-1.1579361,7.7166386
ISIC_0028905,-5.1551347,8.664233
ISIC_0028915,-5.5607543,5.413179
ISIC_0028918,-5.065651,9.074913
ISIC_0028920,-4.4578557,2.7736933
ISIC_0028923,-4.340375,6.138546
ISIC_0028928,-6.4542556,5.3575044
ISIC_0028929,-3.983233,3.4491212
ISIC_0028930,-6.0725613,4.7472057
ISIC_0028931,-4.12811,5.6556916
ISIC_0028947,-6.540919,6.8397045
ISIC_0028957,-4.8921237,4.67088
ISIC_0028960,-6.0908303,7.28764
ISIC_0028961,-6.475011,8.567075
ISIC_0028963,-6.025238,4.7554684
ISIC_0028965,-5.812575,7.9304295
ISIC_0028966,-7.0786595,7.8568845
ISIC_0028971,-6.120278,8.654032
ISIC_0028973,-4.585074,3.7476876
ISIC_0028978,-2.25672,10.434695
ISIC_0028980,-2.4226248,5.5499253
ISIC_0028982,-4.8333135,5.2816916
ISIC_0028987,-4.5711627,5.033536
ISIC_0028989,-4.8427205,4.4851165
ISIC_0028993,-6.237212,4.8729825
ISIC_0028995,-5.6239924,4.723251
ISIC_0029001,-4.8282304,4.5656343
ISIC_0029003,-5.716435,6.5901184
ISIC_0029013,-5.9466615,8.202915
ISIC_0029017,-6.35612,6.192819
ISIC_0029018,-1.8857719,9.493473
ISIC_0029027,-4.7674165,4.8134103
ISIC_0029028,-4.5668178,7.2112436
ISIC_0029029,-3.8045352,4.2804794
ISIC_0029032,-4.7871027,3.7632384
ISIC_0029033,-5.766969,6.3587894
ISIC_0029039,-5.8174577,5.70385
ISIC_0029040,-2.229594,4.2641616
ISIC_0029043,-4.3544636,4.939727
ISIC_0029045,-1.7921838,10.780752
ISIC_0029046,-4.900078,4.4515805
ISIC_0029049,-6.6181216,7.8175197
ISIC_0029056,-3.7172704,5.1010365
ISIC_0029059,-4.46002,3.8583205
ISIC_0029060,-3.2620575,3.91453
ISIC_0029067,-3.1014235,3.79993
ISIC_0029068,-4.6083117,7.8538294
ISIC_0029072,-6.757342,7.733462
ISIC_0029079,-6.0524454,5.038134
ISIC_0029080,-2.7662995,3.4927094
ISIC_0029082,-3.1481738,3.1441278
ISIC_0029083,-2.070195,3.5975745
ISIC_0029104,-6.9902787,8.365494
ISIC_0029108,-5.7911625,6.5967813
ISIC_0029119,-5.138659,5.3984127
ISIC_0029126,-0.8887894,5.447652
ISIC_0029138,-5.990451,5.8990264
ISIC_0029141,-5.6467433,4.5103927
ISIC_0029147,-5.8533287,6.562501
ISIC_0029160,-5.866265,4.0731187
ISIC_0029169,-6.6502833,5.550589
ISIC_0029170,-6.7477055,5.845884
ISIC_0029176,-5.2521057,7.8075385
ISIC_0029179,-5.4180384,8.617143
ISIC_0029182,-3.8799624,6.224798
ISIC_0029183,-6.2631397,6.2379937
ISIC_0029187,-6.7840266,6.290622
ISIC_0029188,-5.4093795,4.4805365
ISIC_0029190,-1.0977173,10.331113
ISIC_0029191,-6.5505276,5.394816
ISIC_0029192,-4.8768806,6.222878
ISIC_0029194,-2.3352067,10.814298
ISIC_0029196,-4.0951915,4.3695793
ISIC_0029197,-6.1432514,5.426737
ISIC_0029203,-5.586914,4.365442
ISIC_0029214,-6.2227807,7.9171777
ISIC_0029220,-4.567914,3.8177836
ISIC_0029223,-0.37527403,5.574008
ISIC_0029230,-6.5407124,6.8705645
ISIC_0029242,-3.5977027,6.0285587
ISIC_0029252,-3.2073414,3.741323
ISIC_0029254,-0.38486648,5.5563293
ISIC_0029263,-3.3247864,3.2779949
ISIC_0029268,-4.2699146,3.6540244
ISIC_0029269,-6.174864,7.892185
ISIC_0029272,-6.312768,5.9771523
ISIC_0029277,-4.2332106,8.199567
ISIC_0029278,-4.591643,3.5922751
ISIC_0029286,-5.6910925,5.317484
ISIC_0029289,-6.208504,8.5615
ISIC_0029291,-1.6768407,10.088101
ISIC_0029296,-7.2535415,7.255339
ISIC_0029298,-5.151275,4.0195103
ISIC_0029301,-1.8468014,10.590969
ISIC_0029302,-4.9192247,4.4342256
ISIC_0029306,-1.1073042,7.3494296
ISIC_0029308,-1.3754227,10.495023
ISIC_0029311,-4.5274,2.912827
ISIC_0029313,-6.328869,7.1514425
ISIC_0029315,-4.3907413,3.799136
ISIC_0029318,-3.83983,3.1174557
ISIC_0029323,-3.6940792,7.5563855
ISIC_0029331,-3.4939024,7.1983385
ISIC_0029332,-6.9870453,7.930034
ISIC_0029337,-3.5876439,3.1806798
ISIC_0029342,-3.9177032,2.603876
ISIC_0029343,-4.7556596,9.371316
ISIC_0029344,-5.5507345,5.387822
ISIC_0029349,-5.2659163,6.3146386
ISIC_0029352,-4.664994,4.6594863
ISIC_0029357,-7.0359397,7.3263564
ISIC_0029359,-5.706399,4.9144025
ISIC_0029362,-4.025125,3.632382
ISIC_0029369,-5.5881495,4.2877736
ISIC_0029371,-1.3776276,4.251447
ISIC_0029384,0.9632574,7.9904246
ISIC_0029389,-0.03929037,7.621764
ISIC_0029390,-4.266717,5.471902
ISIC_0029391,-3.962489,4.69831
ISIC_0029396,-6.208043,7.132622
ISIC_0029397,-5.832061,6.530941
ISIC_0029402,-6.5329313,7.880378
ISIC_0029409,-1.3422409,10.547061
ISIC_0029418,-6.4492497,7.66982
ISIC_0029422,-1.7215195,9.183228
ISIC_0029430,-2.8517745,10.242309
ISIC_0029432,-4.3991504,6.672488
ISIC_0029434,-3.1470573,5.9722586
ISIC_0029435,-6.918425,7.8581853
ISIC_0029443,-4.0516424,5.9013095
ISIC_0029457,-5.9148674,5.1100874
ISIC_0029462,-4.312288,3.9888265
ISIC_0029465,-6.0459757,7.1732945
ISIC_0029470,-5.7607074,4.5153165
ISIC_0029475,-5.9258995,6.823968
ISIC_0029479,-4.8540583,3.8918152
ISIC_0029480,-5.495613,4.1979094
ISIC_0029488,-6.418147,7.2060475
ISIC_0029489,-6.548741,6.9669886
ISIC_0029493,-5.971826,8.064107
ISIC_0029495,-5.3004174,5.2177362
ISIC_0029504,-5.14299,5.4366846
ISIC_0029513,-2.258588,10.5378475
ISIC_0029524,-5.5472217,5.7137556
ISIC_0029528,-5.8212237,5.1410766
ISIC_0029533,-4.0549073,3.0911145
ISIC_0029534,-1.2133287,7.7878404
ISIC_0029538,-6.5659513,7.031978
ISIC_0029539,-5.005831,3.9035456
ISIC_0029541,-2.594421,3.8724003
ISIC_0029543,-5.6229396,4.303387
ISIC_0029544,-4.7812676,3.3914723
ISIC_0029545,-2.5822706,3.4538674
ISIC_0029549,-3.8990874,3.3975158
ISIC_0029553,-5.0672708,6.0571194
ISIC_0029554,-4.3544655,5.0262785
ISIC_0029557,-5.2337384,3.9326022
ISIC_0029559,-6.3690643,8.475051
ISIC_0029560,-5.426438,4.1760445
ISIC_0029564,-2.9250789,6.474789
ISIC_0029567,-3.9276109,3.789712
ISIC_0029568,-3.1234288,3.0931904
ISIC_0029570,-5.0689096,4.541096
ISIC_0029571,-6.909068,7.748444
ISIC_0029577,-5.5593767,4.2478848
ISIC_0029580,-2.8608518,3.3089569
ISIC_0029582,-2.8200781,6.5949764
ISIC_0029585,-4.433287,3.5765042
ISIC_0029588,-2.400485,4.137648
ISIC_0029597,-3.19412,7.5314093
ISIC_0029598,-0.33107835,5.2425003
ISIC_0029600,-5.0047464,6.504354
ISIC_0029602,-3.5452616,3.8730206
ISIC_0029606,-3.7657192,5.7975397
ISIC_0029610,-4.7901716,3.3821568
ISIC_0029612,-3.004343,6.8291383
ISIC_0029614,-6.402578,5.134498
ISIC_0029615,-6.8223567,7.9238577
ISIC_0029617,-5.5279083,4.392965
ISIC_0029627,-3.7674015,2.832611
ISIC_0029636,-5.6186986,5.030948
ISIC_0029638,-4.801212,3.0166698
ISIC_0029641,-4.699778,4.4994254
ISIC_0029644,-5.7247076,5.217069
ISIC_0029645,-5.527951,5.2513766
ISIC_0029651,-5.909551,6.0954638
ISIC_0029652,-4.8996773,3.856314
ISIC_0029654,-5.26631,5.036271
ISIC_0029655,-3.383066,6.8572216
ISIC_0029656,-2.5936437,10.471617
ISIC_0029660,-1.9737401,10.843331
ISIC_0029662,-7.2242446,7.741991
ISIC_0029665,-4.4053206,5.171622
ISIC_0029667,-5.786926,5.8673744
ISIC_0029669,-5.035194,7.897787
ISIC_0029671,-5.870374,6.3734717
ISIC_0029674,-5.2712297,5.834197
ISIC_0029678,-5.7308455,4.590047
ISIC_0029680,-4.5493846,3.4408383
ISIC_0029687,-4.316345,7.279205
ISIC_0029693,-6.0958405,4.491825
ISIC_0029696,-5.0652833,3.3464203
ISIC_0029698,-2.9754744,5.014734
ISIC_0029719,-6.153199,7.6687937
ISIC_0029720,-6.6748257,7.5562215
ISIC_0029725,-6.911489,7.8887177
ISIC_0029728,-4.614697,9.031505
ISIC_0029733,-5.010177,4.144496
ISIC_0029735,-3.478791,7.6085515
ISIC_0029745,-4.082915,4.270412
ISIC_0029746,-5.5668964,4.818054
ISIC_0029747,-0.0538529,7.833355
ISIC_0029749,-4.1685514,6.32113
ISIC_0029752,-5.3408995,8.744251
ISIC_0029755,-1.2562629,10.408393
ISIC_0029756,-5.9096785,9.069074
ISIC_0029771,-6.031559,5.3920083
ISIC_0029776,-4.974986,3.3987896
ISIC_0029781,-3.224634,4.875989
ISIC_0029783,-3.1141849,6.3303943
ISIC_0029790,-6.2378016,8.28894
ISIC_0029792,-6.14468,8.643122
ISIC_0029803,-5.1137185,4.9143395
ISIC_0029805,-4.6111226,3.7972655
ISIC_0029810,-1.2388744,3.8077068
ISIC_0029811,-3.4011595,3.530775
ISIC_0029812,-5.106816,4.4639397
ISIC_0029825,-4.958237,6.457509
ISIC_0029827,-3.6028693,7.4465795
ISIC_0029830,-6.655801,7.012043
ISIC_0029831,-4.469044,5.5214148
ISIC_0029833,-2.0965605,6.188236
ISIC_0029839,-5.326463,3.7120523
ISIC_0029841,-4.377051,5.1272955
ISIC_0029845,-2.5712311,10.457028
ISIC_0029846,-6.150896,8.980616
ISIC_0029847,-2.6713884,10.466326
ISIC_0029854,-5.160515,4.4704223
ISIC_0029855,-4.403907,4.9013224
ISIC_0029856,-4.5554214,3.351302
ISIC_0029857,-6.1933136,5.379893
ISIC_0029859,-5.995903,6.6908846
ISIC_0029861,-4.8588433,5.9410777
ISIC_0029862,-5.3613462,5.256598
ISIC_0029865,-4.973301,4.993886
ISIC_0029878,-2.8881056,4.8891273
ISIC_0029885,-6.4056787,5.5881643
ISIC_0029894,-1.2314178,10.274193
ISIC_0029898,-5.7372,4.9402328
ISIC_0029899,-4.9845963,6.2112265
ISIC_0029902,-1.5622052,10.83625
ISIC_0029905,-4.4799156,4.0882263
ISIC_0029912,-5.634556,8.401743
ISIC_0029913,-6.973511,8.152818
ISIC_0029915,-2.1566815,10.142316
ISIC_0029917,-2.8266692,3.9313343
ISIC_0029926,-5.176704,6.1719213
ISIC_0029938,-4.090574,4.1826415
ISIC_0029945,-0.81203395,10.05368
ISIC_0029951,-3.955428,5.0967216
ISIC_0029962,-4.9162784,2.9515085
ISIC_0029963,-4.381937,5.9474406
ISIC_0029967,-3.5567815,3.2790477
ISIC_0029975,-6.1691856,4.4384694
ISIC_0029976,-4.675501,7.241817
ISIC_0029983,-5.098038,6.8583226
ISIC_0029991,-4.202154,5.055663
ISIC_0030002,-5.1130977,4.484483
ISIC_0030005,-6.0474586,7.056385
ISIC_0030007,-0.7765326,5.63241
ISIC_0030008,-4.1460233,6.304129
ISIC_0030021,-6.710228,7.767844
ISIC_0030023,-6.079398,7.509576
ISIC_0030034,-6.332026,7.4404135
ISIC_0030036,-2.8509655,6.423684
ISIC_0030039,-5.1072516,4.359675
ISIC_0030047,-5.2756915,3.7198715
ISIC_0030053,-1.7786831,10.220697
ISIC_0030058,-4.9226785,5.933675
ISIC_0030061,-5.5977483,4.077653
ISIC_0030063,-3.5500877,9.935951
ISIC_0030064,-2.163098,7.754243
ISIC_0030069,-5.906947,5.1658
ISIC_0030074,-5.594975,5.6462617
ISIC_0030081,-3.2663908,6.612184
ISIC_0030082,-6.0720186,6.4099116
ISIC_0030083,-5.1475954,4.695997
ISIC_0030089,-4.7109504,7.6753774
ISIC_0030094,-4.1969705,5.442222
ISIC_0030096,-3.829597,3.8277926
ISIC_0030105,-1.6472048,6.16787
ISIC_0030114,-2.094662,4.264848
ISIC_0030117,-5.748202,5.353468
ISIC_0030122,-5.7423015,5.581241
ISIC_0030134,-5.886471,8.385183
ISIC_0030138,-4.764302,3.9524455
ISIC_0030139,-6.275525,6.204037
ISIC_0030140,-4.853864,5.708671
ISIC_0030159,-5.628461,4.6916237
ISIC_0030171,-5.573931,5.8672266
ISIC_0030172,-2.8239038,2.6624246
ISIC_0030175,-5.1098223,5.3781595
ISIC_0030176,-5.6317997,5.2531285
ISIC_0030177,-5.564161,8.445706
ISIC_0030180,-5.8864946,5.40519
ISIC_0030181,-4.1529446,4.561239
ISIC_0030183,-4.251614,5.0609813
ISIC_0030184,-5.8099422,9.142593
ISIC_0030191,-5.4768834,5.528402
ISIC_0030192,-3.634815,3.734123
ISIC_0030198,-6.091042,5.357483
ISIC_0030209,-5.6841855,4.452983
ISIC_0030210,-6.827693,6.31692
ISIC_0030227,-6.3958244,5.615311
ISIC_0030230,-6.155799,5.546467
ISIC_0030245,-3.616241,3.223609
ISIC_0030247,-0.5852886,5.4360385
ISIC_0030249,-3.2250311,2.4196546
ISIC_0030251,-5.3433533,5.119679
ISIC_0030253,-5.741725,7.0795336
ISIC_0030255,-6.223704,7.062526
ISIC_0030260,-4.8941226,3.8733406
ISIC_0030261,-6.570678,7.0581927
ISIC_0030263,-5.737678,5.140237
ISIC_0030272,-6.666649,7.9534173
ISIC_0030279,-6.5338507,5.090945
ISIC_0030281,-1.8250138,10.619122
ISIC_0030303,-3.7712867,8.632589
ISIC_0030311,-4.440804,4.284131
ISIC_0030312,-5.5852017,7.2824326
ISIC_0030313,-4.8707805,8.960272
ISIC_0030314,-4.565802,5.68392
ISIC_0030318,-6.094056,4.5196776
ISIC_0030321,-4.2671957,3.8697073
ISIC_0030326,-2.7146766,9.993516
ISIC_0030328,-4.9423757,4.094844
ISIC_0030329,-4.466466,2.8350413
ISIC_0030334,-5.588123,6.995953
ISIC_0030335,-5.826862,8.899356
ISIC_0030339,-2.890702,4.016231
ISIC_0030340,-5.194132,4.232394
ISIC_0030346,-4.423939,3.4693286
ISIC_0030349,-1.9772657,10.627376
ISIC_0030350,-0.7235969,10.404108
ISIC_0030352,-6.042085,4.9187565
ISIC_0030354,-5.6215034,4.7392564
ISIC_0030355,-6.9814553,8.418147
ISIC_0030356,-4.738229,8.678161
ISIC_0030366,-6.7642336,7.173569
ISIC_0030370,-5.9315095,5.2337227
ISIC_0030371,-2.0807807,10.741629
ISIC_0030372,-4.8031735,4.088047
ISIC_0030387,-3.1943626,6.3735647
ISIC_0030391,-5.6851153,5.2533045
ISIC_0030396,-4.2340717,2.4875243
ISIC_0030397,-6.711625,8.059021
ISIC_0030403,-3.7385802,3.7676866
ISIC_0030406,-7.292005,7.9755197
ISIC_0030422,-5.735021,5.1599784
ISIC_0030425,-6.3074646,4.8476505
ISIC_0030426,-5.740919,8.78646
ISIC_0030429,-5.1143136,7.6875763
ISIC_0030434,-5.1903,5.096397
ISIC_0030440,-2.0347145,10.642186
ISIC_0030445,-6.6930017,6.9286757
ISIC_0030447,-4.5040727,5.798254
ISIC_0030456,-4.9759007,4.0483127
ISIC_0030458,-4.7065854,3.573445
ISIC_0030459,-4.8155503,3.2042892
ISIC_0030462,-5.475417,7.2563996
ISIC_0030464,-5.5234504,8.050775
ISIC_0030492,-5.5175257,6.2666454
ISIC_0030501,-4.9660707,4.433909
ISIC_0030507,-4.09857,3.9925923
ISIC_0030508,-6.6310644,7.1642594
ISIC_0030512,-5.330403,4.416344
ISIC_0030514,-2.874679,3.0378644
ISIC_0030520,-7.293262,7.6537294
ISIC_0030521,-7.317674,7.3857675
ISIC_0030525,-5.521382,5.9310436
ISIC_0030526,-3.4368238,3.5057132
ISIC_0030533,-5.348461,4.198151
ISIC_0030534,-5.292204,3.9023886
ISIC_0030535,-5.27846,3.853927
ISIC_0030539,-1.2802048,9.368663
ISIC_0030542,-4.7423897,6.7923245
ISIC_0030546,-3.9900813,7.2472086
ISIC_0030549,-2.8197339,3.0838265
ISIC_0030552,-5.852288,8.777181
ISIC_0030553,-5.167965,5.5524335
ISIC_0030561,-6.6042533,5.70888
ISIC_0030565,-1.2400244,5.397668
ISIC_0030575,-5.0178947,5.9581647
ISIC_0030579,-1.8577253,5.4156866
ISIC_0030581,-6.323847,8.806533
ISIC_0030582,-2.0605261,10.667239
ISIC_0030591,-3.3148882,2.9244468
ISIC_0030592,-5.9922824,6.462982
ISIC_0030593,-5.741128,4.5702634
ISIC_0030597,-5.2646885,6.1511464
ISIC_0030598,-2.9218862,7.1599727
ISIC_0030607,-3.8545072,3.9119458
ISIC_0030615,-4.669922,5.0559688
ISIC_0030620,-5.117895,5.2663283
ISIC_0030621,-5.4865375,5.012584
ISIC_0030623,-6.2747583,8.512264
ISIC_0030629,-4.3792734,8.645501
ISIC_0030635,-4.5005975,2.629843
ISIC_0030636,-5.2079215,5.897316
ISIC_0030639,-5.151392,9.365947
ISIC_0030644,-2.743502,3.7201388
ISIC_0030649,-4.232059,3.8952665
ISIC_0030652,-5.719935,6.454454
ISIC_0030653,-5.493199,5.289758
ISIC_0030654,-5.555776,5.969132
ISIC_0030659,-0.8650999,9.982926
ISIC_0030663,-6.062156,4.3397737
ISIC_0030664,-4.6332583,9.397655
ISIC_0030666,-2.5378296,10.314426
ISIC_0030672,-6.973995,7.260645
ISIC_0030674,-4.699411,4.2988634
ISIC_0030675,-6.196802,4.6100607
ISIC_0030683,-4.7155185,3.7626238
ISIC_0030688,-4.151128,4.8054795
ISIC_0030689,-3.5389316,3.2509103
ISIC_0030690,-4.031296,3.8088882
ISIC_0030694,-6.3554034,5.4703913
ISIC_0030697,-2.935795,10.1230345
ISIC_0030698,-6.685399,8.578195
ISIC_0030700,-3.6142585,3.5834396
ISIC_0030706,-5.1127324,3.787686
ISIC_0030709,-6.3269444,6.230206
ISIC_0030712,-5.132148,5.391822
ISIC_0030730,-5.2591224,5.0685806
ISIC_0030732,-6.216763,6.5320716
ISIC_0030733,-5.336466,3.8047082
ISIC_0030740,-5.5162215,8.256339
ISIC_0030741,-2.121116,10.761894
ISIC_0030744,-3.9392169,3.3569703
ISIC_0030746,-5.211448,4.3225694
ISIC_0030747,-4.6927404,5.2555256
ISIC_0030757,-5.8502626,4.290582
ISIC_0030765,-6.2084837,7.9421525
ISIC_0030773,-4.7449145,4.416245
ISIC_0030778,-1.5637063,5.978437
ISIC_0030786,-2.0654123,10.740949
ISIC_0030790,-5.08554,3.8403716
ISIC_0030792,-5.5471334,5.516303
ISIC_0030795,-5.508367,4.8484826
ISIC_0030796,-5.5042944,4.4778247
ISIC_0030802,-4.3854203,3.8949459
ISIC_0030806,-2.7444198,4.5408
ISIC_0030809,-5.1279693,3.4351385
ISIC_0030810,-4.939852,3.0947638
ISIC_0030813,-6.0809317,5.0485644
ISIC_0030816,-6.3288527,5.0190496
ISIC_0030817,-4.942829,4.8515277
ISIC_0030818,-5.890467,7.9782524
ISIC_0030822,-1.9167371,4.617822
ISIC_0030828,-4.1180434,6.3871675
ISIC_0030829,-6.802636,8.181296
ISIC_0030833,-4.184946,3.8539047
ISIC_0030845,-6.407809,8.030093
ISIC_0030847,-5.2832737,3.2718563
ISIC_0030849,-3.026532,3.3803446
ISIC_0030851,-5.554968,7.6771812
ISIC_0030852,-5.621923,6.269219
ISIC_0030856,-6.1835885,5.231728
ISIC_0030858,-2.3198962,9.745833
ISIC_0030859,-6.1650853,7.4750447
ISIC_0030874,-2.597684,10.600014
ISIC_0030876,-1.1419724,4.531128
ISIC_0030892,-5.204774,9.153897
ISIC_0030898,-6.1860104,7.159516
ISIC_0030912,-5.950745,4.342731
ISIC_0030914,-5.9738183,4.3107657
ISIC_0030919,-5.4271836,3.5540576
ISIC_0030922,-5.7998004,4.5696273
ISIC_0030923,-5.1484656,4.0993743
ISIC_0030926,-6.4214573,6.791886
ISIC_0030930,-4.9563174,8.408735
ISIC_0030937,-4.7730474,4.933516
ISIC_0030942,-5.4743834,3.9723628
ISIC_0030945,-4.102212,3.059571
ISIC_0030951,-5.3600063,4.1414604
ISIC_0030953,-4.3540587,2.8975267
ISIC_0030954,-4.88388,6.3340144
ISIC_0030960,-4.9968777,4.2360907
ISIC_0030964,-4.2783923,5.1797724
ISIC_0030967,-6.09732,4.443574
ISIC_0030979,-2.5209022,10.473014
ISIC_0030980,-2.0269303,7.9674816
ISIC_0030981,-6.029635,4.473891
ISIC_0030988,-4.383134,4.9962435
ISIC_0030990,-7.3878236,7.7290072
ISIC_0031000,-2.7257931,2.8378308
ISIC_0031002,-3.1621947,9.89224
ISIC_0031011,-7.108619,7.8920493
ISIC_0031012,-3.4813046,3.3478355
ISIC_0031014,-5.7780247,4.598119
ISIC_0031015,-5.062866,3.8874536
ISIC_0031016,-5.260255,3.7775896
ISIC_0031017,-6.6777925,7.5814486
ISIC_0031019,-4.528775,4.9399037
ISIC_0031025,-6.4967546,5.686947
ISIC_0031029,-5.899097,8.346208
ISIC_0031034,-4.3657317,5.7938986
ISIC_0031037,-4.1491466,5.981493
ISIC_0031039,-5.6142316,3.8993077
ISIC_0031040,-3.119437,3.565418
ISIC_0031042,-6.713522,5.8937807
ISIC_0031045,-5.3866706,3.6434531
ISIC_0031048,-5.8827314,8.618304
ISIC_0031049,-5.7478037,4.140373
ISIC_0031056,-3.9169588,3.5935965
ISIC_0031059,-6.953579,8.373189
ISIC_0031062,-4.783408,3.8038054
ISIC_0031064,-6.393152,5.017395
ISIC_0031070,-5.449506,5.573422
ISIC_0031078,-3.6582942,2.6983576
ISIC_0031079,-6.9331827,7.072886
ISIC_0031080,-6.9021573,8.289348
ISIC_0031081,-4.460608,4.48488
ISIC_0031085,-4.318255,3.223051
ISIC_0031107,-6.9298835,6.1696463
ISIC_0031108,-2.584801,5.6854033
ISIC_0031113,-5.18092,5.837535
ISIC_0031121,-5.52926,4.283187
ISIC_0031122,-4.781189,4.678368
ISIC_0031126,-5.4164567,3.9464674
ISIC_0031134,-4.0937676,6.2069354
ISIC_0031140,-4.2315965,4.9294806
ISIC_0031142,-4.7368,8.723297
ISIC_0031145,-1.7608873,10.852848
ISIC_0031154,-4.4146013,8.180122
ISIC_0031158,-4.838612,7.3232665
ISIC_0031160,-5.368964,7.7898684
ISIC_0031166,-5.6225533,8.425773
ISIC_0031168,-2.54617,3.4630082
ISIC_0031169,-4.912464,7.8998013
ISIC_0031171,-3.6653364,7.2806234
ISIC_0031177,-6.434801,5.3333035
ISIC_0031178,-2.9115496,9.668364
ISIC_0031181,-2.7433448,4.692364
ISIC_0031186,-2.750491,3.4051294
ISIC_0031189,-1.9330652,10.523521
ISIC_0031194,-4.305025,7.079456
ISIC_0031204,-5.554875,6.469621
ISIC_0031212,-6.4004884,8.785422
ISIC_0031221,-2.6573172,10.423502
ISIC_0031236,-5.078978,3.5609746
ISIC_0031247,-1.5494506,10.672494
ISIC_0031249,-5.297478,5.109334
ISIC_0031258,-4.648922,3.8736434
ISIC_0031261,-3.8043451,7.0379906
ISIC_0031268,-2.1623473,10.604823
ISIC_0031272,-0.76074344,6.9331093
ISIC_0031278,-5.0679417,4.103968
ISIC_0031281,-4.4058714,6.2797403
ISIC_0031284,-3.0893674,7.545234
ISIC_0031285,-5.8597374,4.106303
ISIC_0031287,-3.5572271,3.909915
ISIC_0031290,-5.3782024,4.4239683
ISIC_0031293,-2.3617718,10.688786
ISIC_0031295,-5.3804193,4.954243
ISIC_0031298,-2.7335072,5.0494385
ISIC_0031302,-5.5708036,7.13534
ISIC_0031306,-4.991933,8.418723
ISIC_0031314,-5.217431,3.5734556
ISIC_0031318,-6.2645435,4.7217045
ISIC_0031326,-5.511031,5.5723968
ISIC_0031337,-7.0364656,7.510247
ISIC_0031344,-3.5813856,2.6805253
ISIC_0031351,-3.6526005,3.7039566
ISIC_0031358,-5.422246,3.9448302
ISIC_0031363,-5.0254164,4.0903783
ISIC_0031366,-6.409074,5.6908507
ISIC_0031369,-0.8524653,8.313323
ISIC_0031378,-5.6949887,5.354219
ISIC_0031379,-5.5601845,4.1711364
ISIC_0031380,-4.305594,7.320331
ISIC_0031381,-2.6609175,3.8133302
ISIC_0031384,-4.046775,3.453302
ISIC_0031385,-5.084847,7.5252657
ISIC_0031386,-5.187992,3.370196
ISIC_0031389,-5.585336,4.3160357
ISIC_0031399,-5.109684,4.010594
ISIC_0031400,-1.7676109,5.8103127
ISIC_0031404,-4.177755,3.7457407
ISIC_0031406,-6.6015706,8.361234
ISIC_0031408,-4.826407,5.543554
ISIC_0031412,-1.6404315,8.938215
ISIC_0031413,-3.9754632,3.8359604
ISIC_0031417,-4.497655,6.915399
ISIC_0031418,-5.6419964,6.07283
ISIC_0031421,-5.2646956,4.854964
ISIC_0031431,-3.3691216,4.3480787
ISIC_0031435,-4.835257,7.0281873
ISIC_0031440,-5.8005486,6.284688
ISIC_0031442,-4.9045587,8.534667
ISIC_0031447,-6.2140236,7.474731
ISIC_0031451,-6.169102,6.193835
ISIC_0031457,-2.8776546,3.0477245
ISIC_0031459,-3.8276327,3.5811932
ISIC_0031460,-5.945832,7.0826406
ISIC_0031464,-3.635537,3.094319
ISIC_0031466,-5.0045547,8.80861
ISIC_0031468,-1.6121225,9.741069
ISIC_0031470,-6.1105967,4.364505
ISIC_0031474,-5.4189863,6.124377
ISIC_0031476,-4.6374097,5.03064
ISIC_0031482,-5.2021184,6.922774
ISIC_0031483,-4.905182,8.930951
ISIC_0031485,-6.6297445,8.6462555
ISIC_0031489,-5.586648,8.504773
ISIC_0031496,-3.5193899,6.8547845
ISIC_0031498,-3.612038,4.824534
ISIC_0031501,-5.6304145,9.206932
ISIC_0031513,-1.8804624,10.612157
ISIC_0031515,-1.562374,10.819187
ISIC_0031518,-6.006376,7.4294405
ISIC_0031519,-2.1945822,3.5458422
ISIC_0031520,-3.594667,7.3109837
ISIC_0031526,-6.5490284,5.762981
ISIC_0031529,-5.3315516,4.4243994
ISIC_0031541,-6.136489,7.338536
ISIC_0031545,-4.9547157,7.6589675
ISIC_0031546,1.0513151,6.5700765
ISIC_0031552,-2.9830372,3.5364873
ISIC_0031555,-1.9837949,10.742907
ISIC_0031557,-4.8529296,6.069498
ISIC_0031560,-5.3480268,7.7533026
ISIC_0031563,-6.2223043,8.954568
ISIC_0031567,-4.7891903,4.7626443
ISIC_0031580,-4.2233686,3.8221939
ISIC_0031583,-5.666247,8.429237
ISIC_0031586,-6.284255,6.245914
ISIC_0031594,-4.615121,3.4041455
ISIC_0031598,-6.122567,9.120806
ISIC_0031599,-5.675317,9.100042
ISIC_0031609,-1.6161251,3.8177881
ISIC_0031611,-5.0217705,5.568294
ISIC_0031613,-2.4186268,5.8224587
ISIC_0031617,-2.0034034,10.765555
ISIC_0031618,-4.0758553,9.1029215
ISIC_0031621,-5.630623,5.95184
ISIC_0031622,-5.3066854,9.037567
ISIC_0031629,-6.973776,8.285417
ISIC_0031642,-6.1488595,8.018323
ISIC_0031644,-5.83888,4.147393
ISIC_0031645,-5.5335774,7.1044683
ISIC_0031646,-1.8418494,10.098034
ISIC_0031650,-5.3018036,7.1688495
ISIC_0031651,-4.075146,8.29395
ISIC_0031659,-3.828036,3.0812826
ISIC_0031660,-7.022638,7.985364
ISIC_0031662,-4.154077,3.7141368
ISIC_0031663,-1.783691,10.773287
ISIC_0031667,-6.1211295,7.603824
ISIC_0031672,-3.5482721,3.7994485
ISIC_0031676,-5.5745525,7.403219
ISIC_0031681,-6.780924,6.1970906
ISIC_0031694,-5.687038,9.302566
ISIC_0031698,-5.281251,4.1324825
ISIC_0031705,-1.3048391,10.581606
ISIC_0031707,-5.2651005,4.0056267
ISIC_0031709,-4.994822,3.7799885
ISIC_0031710,-4.3955746,5.6183357
ISIC_0031712,-4.7009807,3.882592
ISIC_0031713,-2.8020318,6.0157647
ISIC_0031716,-3.1201692,2.8050978
ISIC_0031720,-6.105104,9.045529
ISIC_0031721,-6.0059867,8.706068
ISIC_0031725,-6.117774,6.0814724
ISIC_0031728,-6.545452,5.745441
ISIC_0031733,-4.3463187,7.28096
ISIC_0031741,-5.838813,5.430626
ISIC_0031742,-4.6534195,4.825189
ISIC_0031745,-1.2425381,10.564464
ISIC_0031746,-5.1606345,3.670252
ISIC_0031749,-5.94519,8.988415
ISIC_0031753,-2.9986148,7.8628917
ISIC_0031754,-5.029106,5.095931
ISIC_0031762,-0.9686877,6.9251814
ISIC_0031766,-3.9064348,3.6076124
ISIC_0031770,-6.411072,5.2392254
ISIC_0031779,-6.5299816,7.3718624
ISIC_0031784,-7.206302,8.462667
ISIC_0031794,-5.154351,3.84809
ISIC_0031798,-4.8802037,5.1291423
ISIC_0031802,-6.1211033,5.129108
ISIC_0031806,-5.1060014,3.6175084
ISIC_0031808,-3.4855437,3.5691075
ISIC_0031809,-6.782807,5.9183555
ISIC_0031813,-6.223746,4.534577
ISIC_0031817,-5.8199897,7.8528504
ISIC_0031821,-6.0585093,6.562077
ISIC_0031822,-4.9977865,5.195623
ISIC_0031827,-3.5554461,8.205031
ISIC_0031838,-6.0717854,4.3731613
ISIC_0031844,-5.386482,3.9713106
ISIC_0031857,-5.6167145,5.8981795
ISIC_0031866,-5.6048937,5.099666
ISIC_0031871,-5.6944427,4.8953424
ISIC_0031874,-1.4085412,4.8485737
ISIC_0031876,-4.9217787,6.873169
ISIC_0031883,-6.473336,8.686121
ISIC_0031887,-7.1576734,8.1704235
ISIC_0031889,-5.273589,3.934207
ISIC_0031894,-5.559764,5.928058
ISIC_0031908,-5.282588,4.678509
ISIC_0031915,-5.1551676,3.9779093
ISIC_0031917,-5.3731256,4.6320915
ISIC_0031923,-6.404031,6.640072
ISIC_0031924,-5.811994,4.8032165
ISIC_0031925,-4.4415765,2.788348
ISIC_0031932,-4.347943,8.407359
ISIC_0031933,-6.3073816,8.226529
ISIC_0031937,-6.1466994,4.8149395
ISIC_0031940,-4.9310117,4.0459237
ISIC_0031951,-4.568581,3.7978122
ISIC_0031953,-5.6542153,8.714977
ISIC_0031956,-5.7111826,5.7597766
ISIC_0031957,-3.5235198,3.284712
ISIC_0031958,-5.5213695,5.7053084
ISIC_0031959,-7.019612,7.633917
ISIC_0031960,-4.697179,4.688885
ISIC_0031965,-5.7706475,4.1329107
ISIC_0031971,-4.747693,6.538748
ISIC_0031972,-5.8712378,6.9091096
ISIC_0031975,-6.885576,6.678165
ISIC_0031977,-6.1636534,8.367759
ISIC_0031981,-3.0983927,6.951099
ISIC_0031982,-5.4946938,6.655066
ISIC_0031984,-6.511075,6.201796
ISIC_0031988,-2.0377667,10.745079
ISIC_0031999,-6.6672187,7.7693944
ISIC_0032003,-5.835634,7.8738866
ISIC_0032006,-2.713924,3.239567
ISIC_0032007,-6.094727,5.162617
ISIC_0032015,-5.679819,3.6464684
ISIC_0032019,-6.6200953,7.368101
ISIC_0032022,-4.0989375,4.073449
ISIC_0032023,-6.3638444,7.8973503
ISIC_0032024,-3.5816243,3.6619542
ISIC_0032027,-6.319054,6.4796534
ISIC_0032029,-5.1119227,9.023138
ISIC_0032030,-3.8449037,3.668993
ISIC_0032034,-5.7957187,4.1386056
ISIC_0032036,-5.2155643,3.5488992
ISIC_0032043,-4.2817454,3.532416
ISIC_0032044,-4.8391814,6.2268457
ISIC_0032045,-4.8401594,3.8928726
ISIC_0032046,-3.0282123,9.329209
ISIC_0032047,-6.274453,5.0308375
ISIC_0032055,-6.070626,8.465704
ISIC_0032065,-5.51088,5.4298778
ISIC_0032074,-5.7677045,5.2914762
ISIC_0032078,-6.3249803,8.237087
ISIC_0032082,-1.6641064,10.746172
ISIC_0032086,-6.097899,8.506224
ISIC_0032090,-6.5346947,7.58911
ISIC_0032092,-3.0281198,6.404017
ISIC_0032095,-5.4654894,4.757537
ISIC_0032098,-0.6463669,7.645247
ISIC_0032109,-4.286078,3.8553514
ISIC_0032112,-5.8185463,4.283916
ISIC_0032125,-6.788872,5.787653
ISIC_0032128,-5.084193,8.989109
ISIC_0032132,-4.3833923,3.5273871
ISIC_0032136,-5.7078147,4.7169294
ISIC_0032138,-2.3741848,5.0622196
ISIC_0032140,-3.4591465,6.655997
ISIC_0032141,-4.6871753,7.947098
ISIC_0032144,-3.558563,7.6046457
ISIC_0032145,-4.7507744,5.2127905
ISIC_0032148,-5.130962,3.8730752
ISIC_0032150,-2.6350894,9.264256
ISIC_0032151,1.0406263,3.9862468
ISIC_0032154,-4.284924,3.7797303
ISIC_0032157,-6.1579313,4.729596
ISIC_0032158,-1.9336582,10.716198
ISIC_0032163,-5.363443,3.8759148
ISIC_0032174,-4.397344,3.464108
ISIC_0032175,-6.002762,5.7569284
ISIC_0032181,-6.039531,7.406076
ISIC_0032185,-4.6395874,3.8442404
ISIC_0032190,-4.9239144,6.864968
ISIC_0032195,-6.1366706,4.956214
ISIC_0032203,-3.8673482,7.082832
ISIC_0032204,-5.680177,5.6383395
ISIC_0032219,-6.7351995,6.1565733
ISIC_0032222,-4.3693066,5.044823
ISIC_0032225,-6.062259,4.6730714
ISIC_0032232,-4.1989217,5.2353168
ISIC_0032233,-6.6286936,5.804589
ISIC_0032236,-7.111578,7.721039
ISIC_0032242,-6.2589283,7.112302
ISIC_0032245,-4.631363,8.81067
ISIC_0032251,-5.450003,4.5844293
ISIC_0032253,-6.1805253,5.2579284
ISIC_0032274,-6.87924,5.968601
ISIC_0032278,-3.8669953,2.9818707
ISIC_0032279,-5.477468,5.252104
ISIC_0032283,-1.873168,9.586355
ISIC_0032284,-6.5343413,5.1766577
ISIC_0032287,-5.651676,7.5585413
ISIC_0032290,-1.0099876,5.226149
ISIC_0032300,-7.025574,6.747637
ISIC_0032302,-4.85514,6.123571
ISIC_0032304,-2.4049084,10.437829
ISIC_0032310,-6.257324,5.4953747
ISIC_0032313,-4.351229,5.477566
ISIC_0032314,-4.3470902,3.5134563
ISIC_0032334,-1.5690082,10.503343
ISIC_0032338,-7.0519576,6.9716234
ISIC_0032340,-6.211783,4.9248986
ISIC_0032341,-6.210921,8.946251
ISIC_0032342,-2.1864364,10.432353
ISIC_0032344,-7.2302647,7.9997764
ISIC_0032347,-5.043738,4.2869844
ISIC_0032355,-5.18411,8.07795
ISIC_0032356,-2.4938343,3.8142776
ISIC_0032362,-2.4082513,5.6687894
ISIC_0032363,-4.8261676,8.548931
ISIC_0032364,-5.622573,5.8257766
ISIC_0032365,-6.8685083,5.611824
ISIC_0032368,-5.363466,5.437694
ISIC_0032374,-6.2501163,8.063332
ISIC_0032375,-6.198807,6.112958
ISIC_0032380,-6.686158,6.7476807
ISIC_0032384,-5.9539466,6.963247
ISIC_0032397,-4.8225884,4.6179266
ISIC_0032405,-6.303826,7.9391036
ISIC_0032407,-6.117799,6.884022
ISIC_0032414,0.34241912,3.7804089
ISIC_0032415,-4.642948,9.55413
ISIC_0032421,-7.1442566,7.559013
ISIC_0032423,-5.2700915,3.978284
ISIC_0032425,-4.48592,4.1210494
ISIC_0032427,-6.3991466,8.054213
ISIC_0032428,-6.4857492,7.951395
ISIC_0032429,-3.7325227,5.2424607
ISIC_0032433,-5.986472,6.016061
ISIC_0032436,-6.645078,5.6534505
ISIC_0032441,-2.4149916,10.4534
ISIC_0032450,-4.461209,7.225695
ISIC_0032459,-5.310186,5.953568
ISIC_0032461,-5.7635508,6.134175
ISIC_0032462,-4.814557,6.3772326
ISIC_0032463,-2.1208093,9.896577
ISIC_0032468,-5.545038,6.969693
ISIC_0032474,-3.790995,6.3653493
ISIC_0032482,-4.924281,8.616885
ISIC_0032489,-5.7892103,4.8897204
ISIC_0032494,-5.8591948,8.399686
ISIC_0032496,-5.239138,9.325392
ISIC_0032508,-6.58849,6.8825464
ISIC_0032509,-1.7607938,10.486948
ISIC_0032512,-1.8347061,10.813989
ISIC_0032515,-5.4591646,7.032541
ISIC_0032517,-1.5664147,10.081696
ISIC_0032519,-3.0494463,4.3033648
ISIC_0032520,-6.7226276,7.9294095
ISIC_0032524,-5.9637866,5.260016
ISIC_0032525,-6.7633486,7.0933256
ISIC_0032526,-4.3794255,5.3302937
ISIC_0032527,-3.8299496,9.470995
ISIC_0032529,-7.2230515,7.877242
ISIC_0032532,-0.6044881,9.243372
ISIC_0032533,-2.4999278,10.509669
ISIC_0032540,-2.2897751,10.547771
ISIC_0032541,-6.814275,8.442207
ISIC_0032544,-5.141942,7.565405
ISIC_0032546,-1.789291,10.373585
ISIC_0032547,-6.401356,6.7840724
ISIC_0032548,-1.4981822,10.374838
ISIC_0032550,-6.779504,7.985639
ISIC_0032551,-5.6614475,6.6409297
ISIC_0032552,-5.2115846,5.6734924
ISIC_0032556,-4.5348024,6.2467937
ISIC_0032558,-7.005702,7.4186554
ISIC_0032559,-6.2772875,7.646931
ISIC_0032561,-5.0187144,4.07724
ISIC_0032563,-5.6432314,8.449213
ISIC_0032566,-4.067607,3.7023368
ISIC_0032568,-2.0800347,10.61052
ISIC_0032569,-3.880004,7.9095554
ISIC_0032574,-4.196981,9.125592
ISIC_0032579,-5.3348374,8.439816
ISIC_0032581,-6.2882686,6.706536
ISIC_0032582,-4.6582103,8.0813055
ISIC_0032584,-7.356493,8.154421
ISIC_0032585,-6.1214056,6.114326
ISIC_0032587,-7.0520444,7.4295063
ISIC_0032590,-6.078598,7.033861
ISIC_0032592,0.37473878,7.0335274
ISIC_0032593,-6.5767975,7.7125463
ISIC_0032594,-5.6586423,5.810317
ISIC_0032595,-6.534678,6.586089
ISIC_0032596,-6.50986,7.9634
ISIC_0032598,-7.2087483,7.362979
ISIC_0032599,-5.831867,8.878127
ISIC_0032601,-7.116144,7.820423
ISIC_0032602,-6.3877954,6.542355
ISIC_0032603,-5.921323,9.105714
ISIC_0032605,-6.2183394,6.3339896
ISIC_0032609,-1.611665,10.457043
ISIC_0032610,-2.93929,10.189191
ISIC_0032612,-6.34508,8.849278
ISIC_0032615,-6.326979,7.944362
ISIC_0032617,-2.3158927,5.41952
ISIC_0032619,-5.8356166,8.598275
ISIC_0032620,-4.941297,7.8854194
ISIC_0032621,-6.3041153,5.146205
ISIC_0032622,-4.839258,6.0998044
ISIC_0032623,-6.103003,6.1112266
ISIC_0032624,-6.221164,7.418506
ISIC_0032625,-4.974208,5.3785467
ISIC_0032626,-1.9481406,6.6475406
ISIC_0032628,-6.3354836,8.312275
ISIC_0032633,-6.4444222,7.741958
ISIC_0032638,-6.171391,7.8465357
ISIC_0032639,-6.8260193,7.6867814
ISIC_0032640,-5.9981227,7.844715
ISIC_0032641,-3.048436,9.794835
ISIC_0032642,-1.0142012,9.110327
ISIC_0032644,-1.8433336,10.714722
ISIC_0032645,-0.8019777,6.7054415
ISIC_0032648,-2.0266166,10.483989
ISIC_0032649,-7.058061,7.6906676
ISIC_0032650,-7.3480396,6.976683
ISIC_0032651,-5.5759706,8.489609
ISIC_0032652,-4.4191976,8.089809
ISIC_0032653,-0.6932793,9.992695
ISIC_0032656,0.46313623,7.0732017
ISIC_0032657,-6.127473,8.610877
ISIC_0032660,-1.3059022,10.073962
ISIC_0032661,-6.572137,6.1798534
ISIC_0032662,-1.6812907,10.584774
ISIC_0032663,-6.1182127,8.955354
ISIC_0032664,-4.137478,5.883699
ISIC_0032665,-0.8951538,6.727501
ISIC_0032666,-2.54649,9.709609
ISIC_0032667,-2.7175138,10.572
ISIC_0032668,-6.3177104,7.9017677
ISIC_0032669,-7.1653175,7.917101
ISIC_0032670,-6.587474,8.388843
ISIC_0032671,-4.255643,3.855965
ISIC_0032672,-5.1424737,4.4673214
ISIC_0032673,-5.0152206,5.7606
ISIC_0032677,-6.0817213,8.10466
ISIC_0032679,-0.38620272,10.003563
ISIC_0032680,-6.6660175,7.463465
ISIC_0032683,-5.9810967,8.026633
ISIC_0032684,-5.73077,6.4974046
ISIC_0032685,-5.404118,6.7721562
ISIC_0032689,-2.2935388,10.726957
ISIC_0032691,-6.7061834,7.7198477
ISIC_0032700,-5.327795,8.876569
ISIC_0032701,-6.460357,8.1187525
ISIC_0032702,-1.806038,10.710771
ISIC_0032705,-6.58753,8.379115
ISIC_0032707,-2.7436044,5.4515276
ISIC_0032708,-3.8923075,8.220099
ISIC_0032710,-5.7255983,8.785217
ISIC_0032711,-5.9609184,7.6873507
ISIC_0032713,-7.077004,7.4035177
ISIC_0032714,-3.949442,8.601878
ISIC_0032716,-6.36043,8.261369
ISIC_0032717,-6.751149,6.64211
ISIC_0032718,-4.518823,6.133103
ISIC_0032723,-6.164854,6.885464
ISIC_0032724,-1.5500016,10.264679
ISIC_0032727,-3.1793122,6.9668756
ISIC_0032728,-6.999294,8.301295
ISIC_0032729,-6.369657,7.5172863
ISIC_0032732,-4.1731706,8.347098
ISIC_0032735,-1.2590445,9.027208
ISIC_0032736,-4.745917,7.0900435
ISIC_0032737,-6.9593687,7.7440352
ISIC_0032739,-6.132857,7.742702
ISIC_0032742,-1.637114,10.259012
ISIC_0032747,-6.818892,6.781308
ISIC_0032750,-5.9556556,5.2336
ISIC_0032751,-6.075647,7.659047
ISIC_0032752,-4.7628627,7.95478
ISIC_0032754,-3.1678443,9.394992
ISIC_0032755,-7.336278,8.064963
ISIC_0032756,-5.261628,6.8168077
ISIC_0032757,-1.9316462,10.381537
ISIC_0032758,-5.497811,5.644412
ISIC_0032760,-6.067634,8.629243
ISIC_0032761,-5.394243,8.1148615
ISIC_0032762,-5.809849,5.46829
ISIC_0032766,-2.0928297,10.50138
ISIC_0032767,-5.1062446,3.868602
ISIC_0032768,-2.0672276,9.416894
ISIC_0032769,-5.3627014,9.096689
ISIC_0032770,-7.1558466,7.4279666
ISIC_0032771,-6.074052,6.9467707
ISIC_0032772,-5.614853,8.547665
ISIC_0032777,-5.3308396,6.8525887
ISIC_0032778,-4.8035145,8.627355
ISIC_0032779,-6.547573,7.1140237
ISIC_0032780,-1.8043195,10.364244
ISIC_0032781,-6.9992194,6.6046267
ISIC_0032784,-5.923346,8.903051
ISIC_0032785,-2.8854969,10.174512
ISIC_0032786,-6.320328,8.955823
ISIC_0032787,-4.465548,9.134851
ISIC_0032788,-5.713719,8.716342
ISIC_0032792,-5.4015174,8.205899
ISIC_0032795,-6.1615577,8.469615
ISIC_0032797,-2.0977447,10.447781
ISIC_0032799,-1.1311828,9.258336
ISIC_0032802,-6.350878,6.7901425
ISIC_0032807,-3.2995656,5.863161
ISIC_0032810,-2.5574832,10.582102
ISIC_0032811,-3.5886521,8.074968
ISIC_0032815,-5.8516135,8.17781
ISIC_0032817,-3.0589442,10.269789
ISIC_0032820,-5.794753,8.658941
ISIC_0032821,-6.8708315,7.0377707
ISIC_0032822,-6.7812457,6.531412
ISIC_0032825,-4.6161833,9.170102
ISIC_0032829,-2.1637905,6.343173
ISIC_0032832,-6.0176215,8.1619215
ISIC_0032834,-4.871423,5.9314237
ISIC_0032836,-4.7730002,5.6829996
ISIC_0032838,-6.7837763,7.584829
ISIC_0032841,-6.5075645,8.12366
ISIC_0032844,-2.3415933,10.030706
ISIC_0032845,-6.6498804,6.9574533
ISIC_0032846,-4.9088593,3.7292738
ISIC_0032847,-6.755748,7.2745943
ISIC_0032850,-5.6704717,6.2266135
ISIC_0032851,-5.984094,5.6786222
ISIC_0032856,-5.9021153,6.3655105
ISIC_0032857,-6.809476,6.6842203
ISIC_0032858,-6.748325,7.7540503
ISIC_0032859,-6.794896,7.926764
ISIC_0032861,-6.899977,7.27459
ISIC_0032862,-1.0420188,6.390664
ISIC_0032863,-0.5607106,9.314181
ISIC_0032864,-5.352738,5.237685
ISIC_0032865,-6.4188094,6.6245685
ISIC_0032869,-2.6790347,3.2883701
ISIC_0032870,-0.6494525,8.900149
ISIC_0032871,-6.869563,6.8280554
ISIC_0032874,-2.4660294,10.059934
ISIC_0032875,-4.851677,7.2043715
ISIC_0032882,-2.2153628,10.558233
ISIC_0032883,-4.708476,7.201715
ISIC_0032884,-4.5863714,6.7147846
ISIC_0032885,-6.7758265,6.646859
ISIC_0032886,-6.06343,6.568031
ISIC_0032887,-5.5064855,6.516966
ISIC_0032888,-5.722073,8.4459715
ISIC_0032891,-1.6261555,10.444494
ISIC_0032893,-2.0435674,10.746508
ISIC_0032895,-6.139982,7.6749945
ISIC_0032896,-6.189485,8.396389
ISIC_0032897,-1.9858961,10.823154
ISIC_0032899,-7.076527,6.999517
ISIC_0032901,-4.704994,8.698233
ISIC_0032902,-6.070205,8.170542
ISIC_0032903,-1.3713305,9.786765
ISIC_0032906,-1.2782149,10.258201
ISIC_0032908,-5.398156,8.439392
ISIC_0032909,-4.8322678,8.101891
ISIC_0032911,-5.9762526,6.56499
ISIC_0032916,-5.591452,9.093018
ISIC_0032917,-5.814456,8.010554
ISIC_0032920,-5.853077,5.506585
ISIC_0032921,-2.5486271,9.888701
ISIC_0032924,-6.257934,6.764437
ISIC_0032925,-6.3598847,8.714721
ISIC_0032928,-5.4908757,8.868347
ISIC_0032941,-5.418468,7.270648
ISIC_0032944,-6.938248,7.2056575
ISIC_0032946,-4.2810626,8.637482
ISIC_0032948,-5.6553946,7.9589157
ISIC_0032950,-4.8362613,4.6197934
ISIC_0032952,-6.7530775,6.57451
ISIC_0032953,-2.5886085,10.6678
ISIC_0032954,-2.1575952,10.785963
ISIC_0032957,-6.6415234,8.679539
ISIC_0032959,-5.3023105,7.631437
ISIC_0032961,-6.346349,7.6077294
ISIC_0032962,-6.6178093,8.171392
ISIC_0032964,-4.616795,9.159641
ISIC_0032966,-6.789821,8.600115
ISIC_0032969,-5.6289706,7.1883636
ISIC_0032971,-6.1611385,9.014917
ISIC_0032977,-2.54528,10.194347
ISIC_0032980,-6.212183,8.357798
ISIC_0032981,-5.016362,3.5824106
ISIC_0032982,-6.600027,6.9102483
ISIC_0032984,-1.231494,9.416939
ISIC_0032986,-6.0650673,7.1784954
ISIC_0032989,-1.8767118,10.389312
ISIC_0032990,-4.9652495,7.7605424
ISIC_0032991,-2.8311021,6.5477614
ISIC_0032995,-3.7453842,7.9756384
ISIC_0032998,-2.7135165,5.2763867
ISIC_0032999,-2.0110872,10.711557
ISIC_0033002,-3.3834798,9.956514
ISIC_0033003,-5.8260994,5.841128
ISIC_0033006,-2.1356826,10.45247
ISIC_0033007,-3.7228334,4.5178595
ISIC_0033009,-5.4578223,9.204157
ISIC_0033010,-4.9954762,4.1635756
ISIC_0033012,-5.407956,6.5327964
ISIC_0033016,-6.811743,7.5816703
ISIC_0033017,-4.5013585,4.468026
ISIC_0033018,-6.211734,8.779112
ISIC_0033019,-4.9696493,7.0203133
ISIC_0033020,-5.1343055,6.6630993
ISIC_0033024,-1.7341009,10.363788
ISIC_0033026,-6.3573103,7.27863
ISIC_0033030,-5.956252,8.627271
ISIC_0033033,-6.275765,6.1421976
ISIC_0033035,-6.6636,7.110584
ISIC_0033036,-7.0818987,6.8615265
ISIC_0033041,-1.8907019,10.656833
ISIC_0033046,-6.899141,8.202254
ISIC_0033047,-5.773433,7.3588405
ISIC_0033048,-3.6518912,9.487239
ISIC_0033052,-4.8221006,7.9422765
ISIC_0033054,-1.0498677,6.7535973
ISIC_0033057,-6.2698126,7.8854785
ISIC_0033058,-6.976207,6.9937
ISIC_0033059,-6.1853976,8.100407
ISIC_0033067,-4.51631,9.23531
ISIC_0033068,-0.43841025,9.192699
ISIC_0033069,-5.066379,7.1959014
ISIC_0033070,-2.274162,10.593111
ISIC_0033071,-5.4480824,8.581997
ISIC_0033075,-1.9310368,10.336877
ISIC_0033076,-1.5537225,10.469554
ISIC_0033077,-5.885815,7.101867
ISIC_0033081,-4.9060817,5.8662972
ISIC_0033083,-6.0816884,8.52107
ISIC_0033085,-5.619753,7.6747847
ISIC_0033087,-5.5222554,8.35304
ISIC_0033091,-2.4838243,10.7493105
ISIC_0033093,-6.69006,7.8173304
ISIC_0033094,-2.6127179,10.247181
ISIC_0033097,-5.98729,6.6601057
ISIC_0033103,-2.5354297,6.3593
ISIC_0033104,-5.5301094,8.496151
ISIC_0033106,-6.9143777,6.8780217
ISIC_0033107,-6.802416,6.7739477
ISIC_0033108,-4.6487865,7.905369
ISIC_0033109,-6.310155,7.049118
ISIC_0033113,-6.63091,7.943839
ISIC_0033115,-5.717817,6.342932
ISIC_0033116,-3.6485748,8.143982
ISIC_0033119,-5.265273,7.301513
ISIC_0033120,-1.0483493,10.227532
ISIC_0033121,-6.6844726,7.8043704
ISIC_0033125,-5.4282207,7.3242507
ISIC_0033126,-7.031387,8.364175
ISIC_0033128,-5.9506173,6.8144403
ISIC_0033133,-2.141478,10.718274
ISIC_0033134,-4.544158,5.9046755
ISIC_0033136,-5.287647,7.861665
ISIC_0033137,-6.7168684,8.727436
ISIC_0033138,-2.3269873,10.771395
ISIC_0033141,-6.510749,7.4235654
ISIC_0033145,-6.0876718,9.135274
ISIC_0033147,-5.631097,5.9927526
ISIC_0033148,-6.3426867,7.305479
ISIC_0033150,-3.7955656,7.49285
ISIC_0033152,-5.823175,7.0104146
ISIC_0033153,-4.294407,8.834857
ISIC_0033155,-7.1623573,6.7708864
ISIC_0033157,-4.648344,7.98246
ISIC_0033160,-6.5553293,7.9064026
ISIC_0033163,-6.7052784,6.27284
ISIC_0033165,-5.2281756,5.5014215
ISIC_0033166,-1.5544132,10.574613
ISIC_0033167,-6.4804964,7.5481086
ISIC_0033170,-6.98736,7.5630302
ISIC_0033171,-2.3232589,10.387185
ISIC_0033174,-6.143214,7.2797585
ISIC_0033175,-4.6185446,9.290027
ISIC_0033179,-5.9435563,8.868827
ISIC_0033180,-6.0371203,6.818151
ISIC_0033181,-6.0720043,8.449795
ISIC_0033182,-3.683549,8.975509
ISIC_0033186,-5.791442,7.8832273
ISIC_0033189,-5.7170043,8.729917
ISIC_0033191,-3.9341562,5.8718095
ISIC_0033193,-5.099392,4.2846994
ISIC_0033194,-5.360142,9.038616
ISIC_0033196,-5.6538687,5.3608403
ISIC_0033201,-3.5942578,3.4823253
ISIC_0033202,-6.0711207,7.8380322
ISIC_0033205,-4.6612716,7.295741
ISIC_0033207,-6.9462805,7.1331577
ISIC_0033210,-5.862257,8.373522
ISIC_0033212,-4.1062455,8.270597
ISIC_0033213,-1.9816911,10.47224
ISIC_0033214,-5.5776825,8.971636
ISIC_0033215,-1.3646563,9.875135
ISIC_0033216,-5.8881273,6.6152554
ISIC_0033218,-0.71200746,6.835763
ISIC_0033220,-6.052004,8.748891
ISIC_0033221,-5.929612,6.5998497
ISIC_0033222,-5.748,4.8055196
ISIC_0033227,-6.5287066,7.027161
ISIC_0033229,-6.7843113,8.445112
ISIC_0033231,-2.6888335,10.122696
ISIC_0033233,-6.9826446,7.3475275
ISIC_0033236,-5.3224263,6.0806494
ISIC_0033237,-7.1302195,6.996726
ISIC_0033239,-6.351686,7.142776
ISIC_0033241,-6.588409,7.625031
ISIC_0033242,-5.9487243,8.643616
ISIC_0033243,-5.2663264,7.790969
ISIC_0033244,-4.948772,9.309571
ISIC_0033248,-4.733051,6.197776
ISIC_0033249,-6.145794,7.4714036
ISIC_0033250,-4.5185914,8.194165
ISIC_0033251,-7.062162,7.6179414
ISIC_0033252,-1.7795001,8.899285
ISIC_0033253,-1.7385225,10.558908
ISIC_0033255,-5.7935576,8.860643
ISIC_0033259,-4.571618,4.929027
ISIC_0033262,-0.7278381,9.985771
ISIC_0033263,-6.3678617,8.757697
ISIC_0033264,-5.161606,6.400371
ISIC_0033265,-6.0285053,8.057252
ISIC_0033268,-0.50291425,10.08487
ISIC_0033273,-6.272658,6.70757
ISIC_0033275,-2.209333,10.757029
ISIC_0033276,-1.3118415,10.533944
ISIC_0033278,-5.4609566,5.8420095
ISIC_0033279,-5.534145,8.459928
ISIC_0033280,-4.4241714,8.495957
ISIC_0033281,-6.677657,7.5955987
ISIC_0033282,-7.09343,7.4267435
ISIC_0033283,-1.3703809,10.516154
ISIC_0033284,-1.1091101,9.033287
ISIC_0033285,-6.798991,7.338235
ISIC_0033288,-5.1979346,8.318224
ISIC_0033291,-5.7151036,5.3024464
ISIC_0033292,-2.010755,10.1306505
ISIC_0033294,-5.5976143,6.689584
ISIC_0033296,-6.041945,6.438951
ISIC_0033297,-5.8411255,6.633108
ISIC_0033298,-2.0745091,10.53478
ISIC_0033300,-6.6062145,6.788576
ISIC_0033302,-4.9359875,5.696464
ISIC_0033303,-7.314583,7.9161634
ISIC_0033304,-6.4640226,6.5895877
ISIC_0033311,-1.9566213,10.26079
ISIC_0033312,-6.0586877,8.2591915
ISIC_0033315,-6.0752654,8.003122
ISIC_0033316,-6.1834316,7.4647017
ISIC_0033317,-1.134964,9.399015
ISIC_0033318,-2.6189518,10.38525
ISIC_0033320,-5.576662,6.1851077
ISIC_0033323,-4.9776998,6.704247
ISIC_0033326,-1.6352164,10.501248
ISIC_0033327,-6.71587,7.0153623
ISIC_0033328,-5.6378064,4.261368
ISIC_0033333,-5.4210396,7.4028563
ISIC_0033334,-6.9983826,8.243429
ISIC_0033336,-3.5858803,8.823074
ISIC_0033339,-6.078402,7.037268
ISIC_0033340,-5.9404488,6.7805862
ISIC_0033342,-1.9253306,10.259236
ISIC_0033345,-5.416406,8.350274
ISIC_0033347,-6.780462,7.722201
ISIC_0033348,-5.1022367,8.778544
ISIC_0033350,-5.1915817,4.293252
ISIC_0033351,-5.7953734,6.129854
ISIC_0033352,-6.4889293,8.678206
ISIC_0033354,-4.9647613,5.635763
ISIC_0033356,-6.0106425,6.46211
ISIC_0033357,-2.7827983,10.077715
ISIC_0033359,-6.347818,6.146338
ISIC_0033361,-5.688836,6.230329
ISIC_0033362,-4.990668,5.0930743
ISIC_0033363,-1.9782673,10.7503195
ISIC_0033365,-6.2606,7.187397
ISIC_0033368,-4.9051466,4.275227
ISIC_0033369,-2.2558372,9.900555
ISIC_0033370,-7.2287664,7.2682185
ISIC_0033371,-7.281895,7.427012
ISIC_0033376,-6.01507,5.09849
ISIC_0033377,-1.7194232,10.343038
ISIC_0033378,-6.948036,6.768539
ISIC_0033382,-1.5704974,10.419601
ISIC_0033384,-5.7521815,8.459775
ISIC_0033386,-4.765199,6.3311462
ISIC_0033387,-5.7545557,8.34319
ISIC_0033388,-5.38723,8.70414
ISIC_0033389,-1.4498035,9.304995
ISIC_0033390,-6.2640696,6.3279576
ISIC_0033393,-5.9088993,8.221345
ISIC_0033394,-4.7732587,6.046397
ISIC_0033396,-5.8483634,5.07876
ISIC_0033398,-2.9490385,9.897743
ISIC_0033400,-4.4452705,4.2413306
ISIC_0033403,-4.0818787,4.412619
ISIC_0033404,-5.7062182,4.3739886
ISIC_0033405,-3.6729918,9.020272
ISIC_0033407,-6.999771,7.8157587
ISIC_0033408,-1.9249016,10.73526
ISIC_0033409,-1.1714145,10.478766
ISIC_0033411,-4.8267655,8.087099
ISIC_0033412,-4.259989,7.193327
ISIC_0033415,-4.862015,6.9161296
ISIC_0033416,-6.840216,6.4829183
ISIC_0033423,-7.2203918,7.7552085
ISIC_0033424,-6.201092,6.6751947
ISIC_0033427,-5.522897,7.8808546
ISIC_0033429,-4.170195,7.8326597
ISIC_0033430,-0.73176354,10.225292
ISIC_0033432,-3.625884,7.841479
ISIC_0033435,-4.586709,8.273775
ISIC_0033439,-2.0309143,10.580308
ISIC_0033441,-5.810357,7.631164
ISIC_0033443,-5.333777,7.591227
ISIC_0033444,-2.9174976,7.7481008
ISIC_0033447,-3.1334906,9.839229
ISIC_0033448,-7.015094,7.345044
ISIC_0033451,-7.1991196,7.1612887
ISIC_0033452,-7.0939736,6.584674
ISIC_0033459,-5.301692,7.3047233
ISIC_0033462,-5.126428,5.864316
ISIC_0033463,-6.1731644,6.857041
ISIC_0033466,-2.8471072,9.717484
ISIC_0033469,-1.1095519,7.167426
ISIC_0033470,-5.202119,6.393319
ISIC_0033475,-5.694538,8.376465
ISIC_0033478,-5.244603,4.3191757
ISIC_0033482,-0.3094231,9.178968
ISIC_0033485,-4.6695786,9.256781
ISIC_0033486,-6.449755,7.2777534
ISIC_0033487,-1.378253,6.200184
ISIC_0033492,-6.2049227,6.077601
ISIC_0033496,-5.947881,8.50937
ISIC_0033497,-1.4240345,10.23241
ISIC_0033500,-3.8068068,5.4542603
ISIC_0033501,-1.8868415,10.573114
ISIC_0033503,-4.6810102,4.27486
ISIC_0033504,-4.897743,7.6394396
ISIC_0033505,-6.0688252,7.7726727
ISIC_0033506,-2.2751603,10.465923
ISIC_0033510,-6.4773335,6.378814
ISIC_0033511,-5.3201346,8.328228
ISIC_0033512,-5.6930943,8.628659
ISIC_0033513,-7.00172,7.1609225
ISIC_0033514,-4.1870265,7.2429743
ISIC_0033516,-6.695795,7.1047974
ISIC_0033517,-1.9218657,10.712285
ISIC_0033519,-5.6167135,4.8990936
ISIC_0033521,-6.4157434,5.9745336
ISIC_0033524,-2.554746,3.4541123
ISIC_0033525,-6.851354,7.525487
ISIC_0033527,-6.5696626,7.954022
ISIC_0033529,-6.051236,5.1816664
ISIC_0033530,-2.0525744,10.585289
ISIC_0033532,-5.4553056,8.414742
ISIC_0033534,-2.3171616,6.910684
ISIC_0033541,-5.2281528,6.9379377
ISIC_0033544,-6.1637774,6.7037587
ISIC_0033545,-5.651642,6.0290685
ISIC_0033546,-6.031125,6.1938605
ISIC_0033547,-1.7607502,10.63494
ISIC_0033548,-7.067347,7.308917
ISIC_0033549,-5.19905,5.9655623
ISIC_0033551,-4.9371924,8.352771
ISIC_0033552,-6.9871225,7.229769
ISIC_0033555,-4.938607,5.734047
ISIC_0033557,-4.150392,8.132264
ISIC_0033558,-7.284868,8.045863
ISIC_0033560,-4.6979065,6.602237
ISIC_0033561,-7.1349616,7.1821733
ISIC_0033563,-6.877408,7.271972
ISIC_0033566,-5.0575705,7.9918
ISIC_0033568,-5.530169,5.4071746
ISIC_0033571,-4.4160686,9.600355
ISIC_0033573,-0.8112433,8.840744
ISIC_0033574,-3.7092276,7.505474
ISIC_0033576,-1.7171624,10.51795
ISIC_0033579,-3.6666858,9.98926
ISIC_0033580,-7.086943,8.479969
ISIC_0033590,-0.69202596,8.710188
ISIC_0033595,-0.40336737,9.245871
ISIC_0033598,-6.634977,8.296861
ISIC_0033599,-5.4853325,8.458315
ISIC_0033600,-7.0599623,7.199198
ISIC_0033601,-1.8857293,6.4361753
ISIC_0033603,-5.650954,6.8546886
ISIC_0033605,-6.6264405,7.428292
ISIC_0033606,-6.4276195,6.9768066
ISIC_0033607,-5.705167,5.809318
ISIC_0033609,-1.7069485,9.827682
ISIC_0033610,-5.6593313,6.8441496
ISIC_0033612,-5.401808,6.564524
ISIC_0033613,-6.0827127,7.0161967
ISIC_0033618,-6.932037,7.3903856
ISIC_0033619,-5.8200827,7.993542
ISIC_0033621,-1.7713909,10.520774
ISIC_0033624,-3.8128002,7.057942
ISIC_0033625,-6.1017094,8.40403
ISIC_0033635,-3.2210808,6.0307193
ISIC_0033637,-5.05452,8.017725
ISIC_0033638,-6.9948864,7.899657
ISIC_0033639,-5.0065,8.693529
ISIC_0033640,-7.1527653,7.2724285
ISIC_0033641,-6.1360283,8.126795
ISIC_0033642,-5.032983,6.76641
ISIC_0033644,-2.0012295,10.492867
ISIC_0033645,-6.6841946,7.1270833
ISIC_0033649,-5.7813525,6.9174476
ISIC_0033650,-4.5034213,4.863179
ISIC_0033651,-6.4401636,6.729668
ISIC_0033652,-6.4871573,6.790646
ISIC_0033657,-6.609338,7.637475
ISIC_0033658,-6.386914,8.531143
ISIC_0033661,-6.3482614,8.070044
ISIC_0033662,-6.6419563,7.0331016
ISIC_0033664,-6.25036,7.9852214
ISIC_0033665,-1.7962046,10.364592
ISIC_0033666,-0.51366985,7.491939
ISIC_0033667,-6.5001817,6.9056945
ISIC_0033671,-6.2465477,6.923914
ISIC_0033672,-4.4566813,4.4793715
ISIC_0033673,-7.208111,7.216655
ISIC_0033674,-2.3420298,10.596139
ISIC_0033675,-6.278974,6.615074
ISIC_0033677,-4.170961,4.191386
ISIC_0033680,-2.5449047,10.403653
ISIC_0033683,-4.990304,9.045491
ISIC_0033684,-4.8417277,5.548436
ISIC_0033686,-5.5343094,5.9602084
ISIC_0033687,-2.7701695,10.438811
ISIC_0033691,-5.3840885,6.8656864
ISIC_0033694,-4.9226,5.7889533
ISIC_0033696,-0.9967637,6.2847223
ISIC_0033698,-3.7996697,7.3015094
ISIC_0033699,-4.973552,8.218169
ISIC_0033700,-6.5363326,8.133783
ISIC_0033702,-2.0438347,10.523056
ISIC_0033704,-4.004685,4.218074
ISIC_0033706,-5.784205,6.5424285
ISIC_0033707,-5.870365,9.029471
ISIC_0033709,-3.7735503,5.7684784
ISIC_0033711,-1.2480435,9.146571
ISIC_0033712,-0.8386695,10.0296
ISIC_0033714,-7.1112943,7.1136203
ISIC_0033715,-6.628893,6.810684
ISIC_0033716,-2.2321515,10.73851
ISIC_0033717,-0.788149,9.38412
ISIC_0033718,-4.858361,6.6515822
ISIC_0033719,-5.2266493,7.1811852
ISIC_0033720,-6.3193383,6.4595466
ISIC_0033721,-6.311482,8.950129
ISIC_0033723,-4.836093,3.9388793
ISIC_0033724,-6.0246296,8.884398
ISIC_0033726,-5.4950237,5.0619802
ISIC_0033727,-7.056358,7.750939
ISIC_0033729,-4.273917,8.357777
ISIC_0033731,-7.2549515,8.008844
ISIC_0033734,-5.3148975,7.0878572
ISIC_0033736,-5.7422976,6.0807714
ISIC_0033737,-6.3476567,7.57017
ISIC_0033739,-1.8094035,10.579295
ISIC_0033740,-5.346573,8.461535
ISIC_0033743,-6.1841455,7.5228696
ISIC_0033744,-0.77492875,8.391638
ISIC_0033745,-0.61398554,7.5647836
ISIC_0033747,-5.763322,8.731326
ISIC_0033752,-0.85099196,8.685932
ISIC_0033755,-6.2514296,8.604017
ISIC_0033756,-6.0001626,8.6720705
ISIC_0033757,-4.015349,5.260059
ISIC_0033758,-4.545682,8.43302
ISIC_0033761,-1.7962401,10.50958
ISIC_0033763,-5.9691334,6.4039445
ISIC_0033767,-1.7437427,10.622586
ISIC_0033768,-5.557529,4.969603
ISIC_0033769,-6.0365644,8.914359
ISIC_0033770,-2.9309022,8.071072
ISIC_0033771,-5.87424,8.30549
ISIC_0033774,-5.5129147,4.7554398
ISIC_0033775,-6.888058,7.3945274
ISIC_0033778,-5.6172867,6.4065237
ISIC_0033779,-2.5709248,10.330263
ISIC_0033786,-6.005874,8.954213
ISIC_0033787,-6.5538054,7.6810794
ISIC_0033788,-6.257085,8.795707
ISIC_0033790,-2.4311259,5.2700114
ISIC_0033792,-6.876643,6.8751864
ISIC_0033793,-0.5700823,9.540328
ISIC_0033794,-4.9357147,7.5757284
ISIC_0033795,-4.324253,4.294152
ISIC_0033796,-5.4604025,4.7600565
ISIC_0033799,-5.344786,8.915799
ISIC_0033800,-7.3256803,7.3858724
ISIC_0033801,-5.407923,6.381225
ISIC_0033802,-4.6462884,6.3056006
ISIC_0033803,-4.874231,7.7135816
ISIC_0033804,-3.4001966,6.174844
ISIC_0033805,-6.4372563,8.013127
ISIC_0033811,-2.0751529,7.054334
ISIC_0033813,-5.4287558,8.911184
ISIC_0033815,-6.1891193,8.857018
ISIC_0033816,-4.530014,4.169864
ISIC_0033818,-6.974995,8.171814
ISIC_0033819,-5.0727773,7.3647175
ISIC_0033822,-6.8782687,7.398646
ISIC_0033823,-6.471549,6.5839796
ISIC_0033824,-1.7770884,10.674438
ISIC_0033827,-6.107394,7.0798054
ISIC_0033828,-4.2922072,5.5093217
ISIC_0033830,-7.2729435,7.394842
ISIC_0033833,-1.2058852,8.165955
ISIC_0033835,-6.4890995,8.068326
ISIC_0033836,-7.274665,7.375809
ISIC_0033837,-6.065033,8.641763
ISIC_0033838,-6.2251935,6.4478364
ISIC_0033840,-6.879579,7.7623186
ISIC_0033845,-3.747448,4.816553
ISIC_0033846,-7.0732484,8.063307
ISIC_0033848,-5.423071,6.116647
ISIC_0033849,-6.7885737,7.3903275
ISIC_0033852,-1.9192203,10.686958
ISIC_0033862,-6.7691646,7.8128138
ISIC_0033864,-5.864979,9.015959
ISIC_0033867,-6.2453747,8.360354
ISIC_0033868,-5.0276823,6.972408
ISIC_0033869,-7.1626525,6.802865
ISIC_0033871,-5.487166,9.223996
ISIC_0033872,-0.77904916,9.04799
ISIC_0033876,-4.0807476,7.0151772
ISIC_0033880,-7.1914544,8.219837
ISIC_0033881,-6.7846966,6.671101
ISIC_0033883,-0.28332147,9.908376
ISIC_0033886,-4.808809,9.3758335
ISIC_0033887,-6.890769,6.5058775
ISIC_0033893,-2.969622,4.2058115
ISIC_0033894,-6.211248,7.4480195
ISIC_0033897,-6.0095854,7.9526615
ISIC_0033899,-0.4832553,7.5634255
ISIC_0033900,-6.650736,6.5842814
ISIC_0033901,-6.261871,9.085665
ISIC_0033904,-5.351187,8.389208
ISIC_0033905,-6.122681,5.7464232
ISIC_0033908,-1.7747512,6.551671
ISIC_0033910,-5.3267484,6.372182
ISIC_0033911,-5.8383718,7.704621
ISIC_0033912,-5.5843425,9.132753
ISIC_0033914,-4.662876,7.358313
ISIC_0033915,-2.4536545,10.41701
ISIC_0033917,-2.3133638,10.532245
ISIC_0033919,-6.36801,7.0875063
ISIC_0033920,-6.7733507,6.7561636
ISIC_0033921,-5.3421497,5.7857757
ISIC_0033922,-3.9012911,9.814832
ISIC_0033923,-5.134959,6.91774
ISIC_0033925,-0.14261682,6.1594396
ISIC_0033926,-6.4562263,6.5183916
ISIC_0033927,-5.825976,6.418265
ISIC_0033929,-4.477223,7.2107034
ISIC_0033930,-5.6468134,8.034024
ISIC_0033932,-6.986301,7.59408
ISIC_0033933,-5.2096214,8.098546
ISIC_0033935,-5.660051,8.524905
ISIC_0033936,-7.160027,7.777851
ISIC_0033937,-6.6817403,7.4590883
ISIC_0033938,-6.845086,8.191986
ISIC_0033939,-6.1561832,6.8276215
ISIC_0033940,-6.373292,7.0296707
ISIC_0033941,-6.2585354,5.674127
ISIC_0033944,-1.7313002,10.560251
ISIC_0033946,-2.1343699,10.094494
ISIC_0033948,-5.6114264,8.135733
ISIC_0033950,-4.918362,5.2464356
ISIC_0033954,-5.1777415,8.14862
ISIC_0033955,-2.039742,5.4202123
ISIC_0033956,-5.567423,6.3533773
ISIC_0033957,-6.3159156,7.9050007
ISIC_0033960,-5.924356,5.596291
ISIC_0033961,-6.9253707,7.391357
ISIC_0033962,-5.6475134,6.843542
ISIC_0033963,-5.0165095,5.59917
ISIC_0033965,-7.280419,7.4846516
ISIC_0033966,-6.867021,7.3897424
ISIC_0033968,-5.7689176,8.446972
ISIC_0033971,-4.433807,9.270828
ISIC_0033973,-6.549203,7.3737297
ISIC_0033974,-6.9916577,6.508985
ISIC_0033975,-4.6678452,5.818924
ISIC_0033976,-6.349648,8.437327
ISIC_0033977,-5.5987706,6.4273453
ISIC_0033980,-6.705132,8.484565
ISIC_0033981,-6.255961,5.866483
ISIC_0033984,-6.804612,7.5455427
ISIC_0033985,-6.6301427,7.4633894
ISIC_0033988,-5.733852,8.343736
ISIC_0033989,-5.7923093,7.625092
ISIC_0033992,-5.9711876,6.8217745
ISIC_0033993,-6.9574656,8.066143
ISIC_0033994,-7.053349,8.254169
ISIC_0033995,-5.043612,7.475997
ISIC_0033996,-5.7674403,6.6835446
ISIC_0033998,-5.5730605,5.672087
ISIC_0034002,-5.9156413,6.3123164
ISIC_0034004,-2.3248544,10.27836
ISIC_0034005,-1.3416709,10.35714
ISIC_0034006,-4.4156427,7.2517333
ISIC_0034008,-5.461418,8.842685
ISIC_0034009,-4.220952,4.415144
ISIC_0034011,-6.54179,7.0716352
ISIC_0034012,-3.4504967,6.8566165
ISIC_0034013,-2.5945346,10.259237
ISIC_0034014,-4.9657307,5.9931493
ISIC_0034015,-1.5018593,7.206659
ISIC_0034017,-0.41260648,7.2973475
ISIC_0034020,-1.6698374,10.7595
ISIC_0034021,-5.778262,8.805044
ISIC_0034023,-3.3261192,9.703948
ISIC_0034025,-3.6662707,8.578423
ISIC_0034029,-6.4273486,7.409924
ISIC_0034030,-6.1261683,8.524086
ISIC_0034032,-6.2237372,7.3791323
ISIC_0034035,-6.5792084,8.538858
ISIC_0034037,-5.8621197,7.292442
ISIC_0034038,-7.2430706,7.536772
ISIC_0034039,-6.2981234,8.998287
ISIC_0034041,-5.641473,8.534943
ISIC_0034042,-6.3705773,6.5186653
ISIC_0034044,-1.9643761,10.635473
ISIC_0034046,-6.661611,8.023927
ISIC_0034048,-5.076298,6.204838
ISIC_0034051,-5.6993504,6.0272837
ISIC_0034052,-6.0533457,7.3082013
ISIC_0034056,-4.9981704,8.77027
ISIC_0034060,-5.413339,9.289143
ISIC_0034061,-2.7932775,10.360781
ISIC_0034064,-2.9620085,9.993159
ISIC_0034067,-5.441032,5.8698716
ISIC_0034068,-7.121415,6.910861
ISIC_0034069,-5.463336,5.9828815
ISIC_0034070,-4.2461863,6.838233
ISIC_0034071,-3.2010465,6.3748198
ISIC_0034073,-6.804253,7.548117
ISIC_0034076,-4.6218467,4.1620207
ISIC_0034077,-3.1019,10.2017145
ISIC_0034078,-6.6370754,7.0150266
ISIC_0034079,-1.2884418,10.557191
ISIC_0034083,-6.8993716,7.0489683
ISIC_0034084,-5.559852,6.6414967
ISIC_0034085,-6.27827,8.303322
ISIC_0034088,-1.6889026,9.81283
ISIC_0034090,-5.5850897,6.3047347
ISIC_0034093,-1.4595339,7.342905
ISIC_0034094,-4.857636,5.97525
ISIC_0034095,-5.6265717,8.43082
ISIC_0034096,-6.1574116,8.527426
ISIC_0034097,-6.571505,6.5819087
ISIC_0034099,-6.848937,8.49931
ISIC_0034100,-4.795508,5.421939
ISIC_0034102,-1.3519254,10.551749
ISIC_0034103,-1.7276571,10.480046
ISIC_0034104,-6.5526576,6.8014717
ISIC_0034105,-6.2911263,8.579624
ISIC_0034107,-4.93748,4.111996
ISIC_0034108,-6.7098455,7.707364
ISIC_0034109,-6.7713814,7.4343348
ISIC_0034112,-6.5282288,7.2245727
ISIC_0034113,-5.1742435,4.940037
ISIC_0034116,-6.346988,7.434097
ISIC_0034117,-4.729508,7.1571026
ISIC_0034118,-2.19445,9.898911
ISIC_0034120,-5.3467135,7.289896
ISIC_0034121,-6.9205446,8.04282
ISIC_0034122,-6.195462,7.8708224
ISIC_0034124,-6.5547347,6.3755836
ISIC_0034125,-3.8081398,5.3438444
ISIC_0034128,-6.206055,8.553444
ISIC_0034129,-5.263988,7.9470506
ISIC_0034131,-4.335161,8.273481
ISIC_0034133,-5.04039,4.6224246
ISIC_0034134,-5.191843,7.174881
ISIC_0034137,-4.4739122,8.220337
ISIC_0034138,-6.9651546,8.407366
ISIC_0034139,-6.477801,7.171006
ISIC_0034140,-5.136657,6.268613
ISIC_0034143,-5.925056,8.6026945
ISIC_0034145,-4.753977,3.5887764
ISIC_0034148,-5.4681687,6.315336
ISIC_0034149,-6.7479835,6.7937827
ISIC_0034150,-4.766249,7.608683
ISIC_0034152,-6.7752714,6.9587374
ISIC_0034153,-0.6497547,7.179186
ISIC_0034156,-4.976867,4.660267
ISIC_0034157,-2.1348643,10.65611
ISIC_0034158,-5.719291,7.628544
ISIC_0034160,-6.08983,6.8879466
ISIC_0034161,-5.6017637,8.685656
ISIC_0034166,-6.536974,8.671803
ISIC_0034168,-5.4659595,6.3852735
ISIC_0034169,-1.4732019,10.174008
ISIC_0034171,-6.1441917,7.76126
ISIC_0034172,-6.1864095,8.121451
ISIC_0034176,-5.58727,7.3905516
ISIC_0034178,-5.1289744,8.748977
ISIC_0034179,-5.736402,7.92153
ISIC_0034183,-3.5170422,7.407546
ISIC_0034184,-5.85379,7.850414
ISIC_0034190,-1.9699253,10.284795
ISIC_0034191,-4.7777605,4.607795
ISIC_0034194,-6.7713056,8.641702
ISIC_0034198,-6.8475604,8.302292
ISIC_0034199,-5.2880096,4.336161
ISIC_0034201,-6.4966335,6.9957137
ISIC_0034203,-6.016963,8.724109
ISIC_0034205,-1.414043,10.3062725
ISIC_0034206,-6.5949984,8.144266
ISIC_0034207,-7.4310656,7.704564
ISIC_0034210,-6.6239524,7.2311854
ISIC_0034211,-6.4235697,6.3712974
ISIC_0034213,-5.5673356,5.6402426
ISIC_0034215,-5.215137,5.842098
ISIC_0034217,-7.051255,6.923497
ISIC_0034220,-6.467026,7.8852954
ISIC_0034222,-4.4972663,8.515315
ISIC_0034223,-1.4852622,6.691193
ISIC_0034224,-1.7519668,10.343055
ISIC_0034225,-6.687871,8.344458
ISIC_0034226,-3.7226148,8.396022
ISIC_0034227,-7.145209,7.286761
ISIC_0034230,-6.0852966,8.021285
ISIC_0034232,-7.304386,7.6863675
ISIC_0034233,-5.2424293,6.7134027
ISIC_0034236,-3.804097,7.1761026
ISIC_0034237,-5.73109,6.5752234
ISIC_0034241,-5.8793616,6.805607
ISIC_0034245,-4.5320177,7.478632
ISIC_0034246,-1.0160074,10.086127
ISIC_0034247,-5.2288113,8.748968
ISIC_0034251,-5.8763585,8.99805
ISIC_0034255,-6.2856145,6.4842534
ISIC_0034256,-5.502634,6.5066767
ISIC_0034257,-4.7746572,9.286412
ISIC_0034258,-5.3142986,8.984431
ISIC_0034261,-5.7320776,8.414783
ISIC_0034262,-0.80781907,8.65537
ISIC_0034264,-2.2221847,10.742322
ISIC_0034267,-5.9860907,9.226008
ISIC_0034268,-5.6730905,8.139247
ISIC_0034269,-5.5955076,6.5446935
ISIC_0034271,-7.321735,7.314728
ISIC_0034272,-5.885152,6.6417885
ISIC_0034281,-6.8948846,7.227963
ISIC_0034282,-5.1418986,8.581586
ISIC_0034286,-2.0968616,10.5401535
ISIC_0034287,-2.2770593,6.390294
ISIC_0034288,-4.736505,5.15838
ISIC_0034289,-7.065491,7.245677
ISIC_0034290,-5.608133,5.4917674
ISIC_0034292,-7.3463554,7.6991568
ISIC_0034293,-4.8519125,4.827209
ISIC_0034297,-5.7606344,8.55613
ISIC_0034298,-6.789828,7.693937
ISIC_0034300,-7.0884256,6.782567
ISIC_0034301,-3.1070852,10.303668
ISIC_0034304,-5.966236,6.092161
ISIC_0034305,-6.007206,6.262948
ISIC_0034306,-0.69661397,8.408829
ISIC_0034307,-3.1928039,9.126561
ISIC_0034308,-6.5741916,8.481577
ISIC_0034310,-7.3138065,7.271672
ISIC_0034314,-5.8877296,8.955821
ISIC_0034317,-6.844849,6.83894
ISIC_0034318,-4.620852,7.573355
ISIC_0034319,-7.012245,6.8323874
ISIC_0034332,-4.6376963,4.8088946
ISIC_0034333,-2.8704023,10.1325245
ISIC_0034335,-5.9367337,5.5173883
ISIC_0034338,-2.7638433,4.747171
ISIC_0034341,-6.320304,7.4971104
ISIC_0034343,-5.521695,7.86193
ISIC_0034344,-2.89776,6.112356
ISIC_0034355,-5.6661134,3.8538623
ISIC_0034361,-3.9408278,3.4800892
ISIC_0034368,-7.0410147,7.5941267
ISIC_0034378,-5.0590925,3.87006
ISIC_0034379,-5.172883,3.5840008
ISIC_0034383,-2.8534322,6.4322133
ISIC_0034387,-5.0589433,5.0491695
ISIC_0034392,-6.7870603,8.079029
ISIC_0034393,-6.9628706,6.496603
ISIC_0034395,-6.1575527,4.5930133
ISIC_0034396,-5.6636567,3.74937
ISIC_0034398,-4.7474523,3.8405309
ISIC_0034402,-2.1227136,4.876507
ISIC_0034405,-3.0074694,3.4640758
ISIC_0034406,-3.7816434,2.6914735
ISIC_0034409,-3.865513,3.6532075
ISIC_0034410,-3.8848908,6.345434
ISIC_0034425,-5.5969105,8.327484
ISIC_0034427,-0.47210938,9.922456
ISIC_0034434,-7.1457295,7.5994205
ISIC_0034436,-4.493306,7.132263
ISIC_0034437,-6.4499493,8.401601
ISIC_0034443,-5.2329774,7.9594183
ISIC_0034446,-3.491623,4.3156905
ISIC_0034449,-2.9695787,5.588159
ISIC_0034450,-5.371123,6.4623547
ISIC_0034452,-6.0472317,7.752687
ISIC_0034456,-2.662512,7.2139907
ISIC_0034464,-3.5831144,7.3638506
ISIC_0034468,-7.104107,6.851031
ISIC_0034469,-5.7803082,7.3416514
ISIC_0034472,-5.1832204,3.3799245
ISIC_0034474,-3.1872287,3.772384
ISIC_0034477,-2.2702134,9.734339
ISIC_0034478,-5.0917153,8.70594
ISIC_0034482,-7.2865934,7.0232983
ISIC_0034488,-5.590687,8.402317
ISIC_0034491,-1.5895405,10.630012
ISIC_0034492,-2.2408082,4.85024
ISIC_0034493,-5.0885906,8.123284
ISIC_0034495,-3.4762683,7.000324
ISIC_0034496,-7.191246,7.186212
ISIC_0034498,-7.1054783,8.497883
ISIC_0034499,-4.0341854,9.668186
ISIC_0034502,-5.442677,4.725023
ISIC_0034503,-6.90468,8.325722
ISIC_0034506,-6.0654316,6.731602
ISIC_0034510,-3.9020524,6.04128
ISIC_0034511,-5.8048396,4.1377997
ISIC_0034513,-6.974508,7.8761225
ISIC_0034522,-6.8856516,6.642621
ISIC_0034523,-2.7556376,4.7858777
ISIC_0034525,-5.4942546,5.106409
ISIC_0034537,-5.8909464,8.20704
ISIC_0034539,-4.450499,6.508521
ISIC_0034544,-6.8939114,7.767151
ISIC_0034545,-1.9477876,10.319858
ISIC_0034552,-5.5490017,6.5219536
ISIC_0034554,-4.3479977,7.2297626
ISIC_0034558,-5.575736,5.8046694
ISIC_0034565,-4.646615,5.989481
ISIC_0034569,-5.696786,6.265759
ISIC_0034570,-4.3628283,2.8410306
ISIC_0034572,-1.9640553,10.58983
ISIC_0034577,-7.380995,7.4216
ISIC_0034583,-6.4635553,9.042708
ISIC_0034591,-3.4702656,3.5269222
ISIC_0034596,-5.9224787,7.814562
ISIC_0034598,-3.6112256,3.9448256
ISIC_0034603,-5.1397343,8.28564
ISIC_0034605,-2.1939049,10.191796
ISIC_0034612,-7.1268406,7.8978405
ISIC_0034617,-6.815565,7.702764
ISIC_0034618,-5.007385,3.9488368
ISIC_0034621,-6.453485,6.2333584
ISIC_0034629,-3.9437327,7.3862467
ISIC_0034630,-6.3785634,8.175123
ISIC_0034632,-5.448004,4.5922155
ISIC_0034635,-0.76667863,4.5369964
ISIC_0034637,-4.458334,7.608729
ISIC_0034661,-1.5254078,10.802179
ISIC_0034665,-5.602556,9.340084
ISIC_0034666,-1.968015,10.568585
ISIC_0034670,-5.8712883,7.798574
ISIC_0034672,-1.3091837,4.0175476
ISIC_0034674,-5.278034,9.076851
ISIC_0034679,-3.9153142,4.058624
ISIC_0034692,-3.5215707,3.0129178
ISIC_0034697,-5.7056494,7.10238
ISIC_0034705,-6.08651,4.762989
ISIC_0034712,-6.067275,4.897591
ISIC_0034717,-7.2937245,7.447037
ISIC_0034718,-5.9170537,5.715503
ISIC_0034719,-1.7285699,10.473571
ISIC_0034720,-0.82120574,6.1495795
ISIC_0034723,-4.2436934,3.1568995
ISIC_0034724,-5.459145,7.9929805
ISIC_0034727,-5.1443844,8.0454445
ISIC_0034730,-5.9206924,4.955542
ISIC_0034731,-3.3319442,3.7702467
ISIC_0034732,-6.9846,8.145597
ISIC_0034736,-6.230893,6.975042
ISIC_0034746,-4.5427327,3.8860013
ISIC_0034749,-5.7014637,3.9065313
ISIC_0034751,-1.8253313,7.345687
ISIC_0034755,-6.5803113,8.406802
ISIC_0034758,-6.540907,8.094434
ISIC_0034767,-4.876436,5.312794
ISIC_0034773,-5.7117434,4.3560796
ISIC_0034784,-4.695997,5.587704
ISIC_0034785,-5.2749705,7.9985228
ISIC_0034786,-6.1719756,7.5885577
ISIC_0034791,-3.553722,2.9808307
ISIC_0034792,-6.1390367,6.6286783
ISIC_0034797,-4.709827,3.5114405
ISIC_0034813,-4.492503,6.219331
ISIC_0034815,-5.4826355,8.610797
ISIC_0034818,-5.204418,4.3979325
ISIC_0034833,-4.6785808,6.8723474
ISIC_0034840,-4.098522,2.89604
ISIC_0034856,-4.946069,7.502503
ISIC_0034861,-5.5828443,7.8040752
ISIC_0034864,-4.284542,8.619458
ISIC_0034870,-4.62474,4.627235
ISIC_0034873,-6.380649,5.2673264
ISIC_0034879,-1.1361786,9.95617
ISIC_0034882,-6.6137943,5.8304205
ISIC_0034884,-6.640859,8.366086
ISIC_0034885,-6.792334,8.526349
ISIC_0034901,-5.9432116,7.041731
ISIC_0034904,-5.4347653,4.614481
ISIC_0034906,-4.601594,7.646648
ISIC_0034907,-3.1443834,10.026316
ISIC_0034910,-5.2203927,8.971159
ISIC_0034914,-2.0834227,10.895056
ISIC_0034915,-4.585996,5.5984635
ISIC_0034921,-5.0713677,4.113808
ISIC_0034925,-5.813979,4.742876
ISIC_0034931,-4.506903,5.626072
ISIC_0034932,-6.2535458,5.8428874
ISIC_0034934,-0.699895,8.154114
ISIC_0034935,-5.499871,5.0926795
ISIC_0034936,-5.07445,4.013978
ISIC_0034941,-5.8709574,3.9323902
ISIC_0034944,-5.3259816,3.8414834
ISIC_0034946,-3.3522704,3.676839
ISIC_0034952,-2.328604,4.5781837
ISIC_0034966,-4.8205805,6.303028
ISIC_0034967,-4.3288145,5.3268905
ISIC_0034971,-5.7527614,7.7632236
ISIC_0034993,-4.952678,7.2160993
ISIC_0034994,-5.0118628,7.6282487
ISIC_0035000,-2.9680767,3.2515419
ISIC_0035008,-4.9068546,4.471965
ISIC_0035009,-5.1007767,4.4278755
ISIC_0035021,-5.27766,5.3749533
ISIC_0035023,-5.3104663,3.597054
ISIC_0035026,-4.562294,6.2865114
ISIC_0035029,-4.1825867,3.0820897
ISIC_0035035,-1.4521928,9.913456
ISIC_0035038,-5.049319,4.8158145
ISIC_0035041,-2.9890323,3.696218
ISIC_0035042,-2.0527956,6.276516
ISIC_0035044,-5.7542753,8.265758
ISIC_0035046,-5.764526,8.050182
ISIC_0035047,-3.498452,2.8832197
ISIC_0035048,-5.3855805,4.4144936
ISIC_0035059,-3.9020915,7.110517
ISIC_0035063,-5.9193277,8.431954
ISIC_0035067,-1.4296716,7.70649
ISIC_0035070,-4.252176,6.3477306
ISIC_0035089,-7.2087874,7.653407
ISIC_0035090,-7.1708446,7.8772097
ISIC_0035091,-2.3190281,9.885205
ISIC_0035092,-6.493036,8.325572
ISIC_0035095,-3.6231294,3.6908135
ISIC_0035097,-6.4313827,7.335942
ISIC_0035100,-5.677257,4.6613755
ISIC_0035105,-6.1857114,9.119465
ISIC_0035109,-4.2646885,5.097072
ISIC_0035112,-3.1676989,3.474682
ISIC_0035117,-3.0816665,3.1152847
ISIC_0035119,-0.45284557,4.6165113
ISIC_0035124,-6.5764194,5.672058
ISIC_0035132,-6.7251353,8.723812
ISIC_0035133,-6.126114,8.2376995
ISIC_0035137,-6.302992,7.5042195
ISIC_0035142,-4.8776393,3.9276268
ISIC_0035148,-5.319083,7.7260647
ISIC_0035150,-0.5999188,7.644953
ISIC_0035156,-6.428562,8.406884
ISIC_0035166,-6.1158066,6.75975
ISIC_0035170,-6.356497,6.570182
ISIC_0035179,-2.5725784,2.6238647
ISIC_0035186,-4.2209387,5.1980634
ISIC_0035187,-5.6786823,4.7219477
ISIC_0035213,-5.6892624,3.865127
ISIC_0035217,-5.6381903,4.733375
ISIC_0035224,-2.4677548,10.375398
ISIC_0035225,-6.7932615,5.7003746
ISIC_0035235,-5.3633704,5.0636163
ISIC_0035241,-5.921333,8.400173
ISIC_0035245,-1.9693795,4.255542
ISIC_0035259,-5.1282086,8.820852
ISIC_0035262,-6.5474186,7.6052213
ISIC_0035263,-6.848392,6.400638
ISIC_0035265,-4.7790914,4.452472
ISIC_0035276,-5.9185495,7.3336277
ISIC_0035277,-4.149098,3.0694473
ISIC_0035284,-5.619283,3.7626889
ISIC_0035302,-4.8671,9.095466
ISIC_0035317,-1.9267336,3.690861
ISIC_0035318,-4.413667,3.0733154
ISIC_0035321,-4.627156,3.1848521
ISIC_0035322,-2.0304537,6.0772314
ISIC_0035324,-5.3598833,4.0516047
ISIC_0035331,-2.5693746,2.757033
ISIC_0035332,-2.7606049,5.029233
ISIC_0035336,-5.6189146,4.961327
ISIC_0035343,-5.470712,4.1228538
ISIC_0035355,-5.465571,8.379379
ISIC_0035356,-2.2408595,10.579788
ISIC_0035366,-3.8045325,7.035016
ISIC_0035368,-4.035951,5.5233192
ISIC_0035370,-1.1681052,10.654158
ISIC_0035373,-4.1881065,7.059321
ISIC_0035381,-5.767906,4.503767
ISIC_0035389,-3.9370496,5.505776
ISIC_0035399,-5.958936,4.7082615
ISIC_0035403,-4.9655533,5.0928693
ISIC_0035406,-2.4710667,10.779682
ISIC_0035415,-1.2847676,7.937609
ISIC_0035418,-5.883697,8.079178
ISIC_0035419,-4.2013807,6.7097106
ISIC_0035420,-1.9625081,10.507634
ISIC_0035425,-1.3939775,10.148473
ISIC_0035433,-6.439456,6.5575233
ISIC_0035436,-3.981802,4.088415
ISIC_0035441,-5.430742,7.008135
ISIC_0035443,-4.986995,4.6384892
ISIC_0035444,-5.422043,4.569686
ISIC_0035446,-4.531573,6.7435155
ISIC_0035458,-3.0916827,3.159137
ISIC_0035459,-5.8408303,7.727797
ISIC_0035462,-5.934274,5.8554525
ISIC_0035465,-6.007117,6.3564963
ISIC_0035468,-1.6013929,10.470065
ISIC_0035474,-4.5805063,7.7837763
ISIC_0035481,-5.497313,8.218604
ISIC_0035485,-5.052674,5.086769
ISIC_0035486,-5.1831017,6.394117
ISIC_0035487,-4.1078143,5.38357
ISIC_0035493,-7.4079294,7.921291
ISIC_0035504,-5.546428,3.7556276
ISIC_0035515,-2.0927575,10.744892
ISIC_0035516,-5.755098,4.066693
ISIC_0035518,-5.2665486,5.273241
ISIC_0035521,-5.5271745,8.163744
ISIC_0035527,-4.3422155,7.796009
ISIC_0035528,-6.816381,8.65196
ISIC_0035538,-6.1078734,4.2983117
ISIC_0035543,-2.1972098,10.794535
ISIC_0035545,-6.396135,6.382784
ISIC_0035553,-6.1092477,4.5481677
ISIC_0035554,-6.7713413,7.678945
ISIC_0035555,-5.515928,3.9859173
ISIC_0035557,-5.6742826,8.574798
ISIC_0035571,-1.4528749,10.754859
ISIC_0035581,-5.8685174,4.695606
ISIC_0035583,-4.7041836,9.58639
ISIC_0035588,0.72515905,5.3131957
ISIC_0035589,-1.7097334,10.180788
ISIC_0035592,-5.6929274,7.268783
ISIC_0035597,-5.0424733,3.9947536
ISIC_0035608,-2.7338686,3.8831358
ISIC_0035631,-2.7889981,5.9051585
ISIC_0035634,-1.5092624,10.48898
ISIC_0035636,-4.438645,7.819937
ISIC_0035640,-5.6916823,5.4220366
ISIC_0035641,-5.6319323,3.8785114
ISIC_0035642,-2.9082193,3.4229543
ISIC_0035646,-3.755723,6.785742
ISIC_0035648,-6.35278,5.312905
ISIC_0035656,-4.973917,7.1504283
ISIC_0035657,-6.414156,7.8022513
ISIC_0035659,-4.019076,6.9742293
ISIC_0035665,-6.8835607,7.7344737
ISIC_0035667,-0.7381468,6.3797817
ISIC_0035670,-5.4861813,8.274374
ISIC_0035671,-2.4723034,10.607928
ISIC_0035673,-6.113638,8.097069
ISIC_0035674,-5.828951,7.8846025
ISIC_0035676,-3.8034291,8.691736
ISIC_0035677,-2.2420683,5.378624
ISIC_0035680,-6.880969,8.589665
ISIC_0035681,-5.5365925,7.427717
ISIC_0035682,-6.678076,7.919036
ISIC_0035683,-1.9429494,6.548991
ISIC_0035684,-4.4218435,5.588302
ISIC_0035687,-6.3215623,6.2548285
ISIC_0035689,-6.6879883,7.1826315
ISIC_0035695,-4.282531,9.260252
ISIC_0035698,-4.944246,5.788787
ISIC_0035700,-6.452275,6.1398153
ISIC_0035702,-6.4754133,6.8911934
ISIC_0035703,-6.04479,9.127121
ISIC_0035705,-7.245774,7.3205395
ISIC_0035706,-4.9381137,8.633975
ISIC_0035708,-2.918948,9.980848
ISIC_0035710,-4.4914527,3.9042509
ISIC_0035714,-6.7248354,7.905279
ISIC_0035716,-2.2264295,10.330653
ISIC_0035719,-4.5181565,5.2013106
ISIC_0035722,-6.2765403,9.011632
ISIC_0035723,-5.512243,9.413337
ISIC_0035726,-4.64245,6.1933904
ISIC_0035727,-6.1695323,9.069274
ISIC_0035731,-2.6800292,10.244491
ISIC_0035732,-5.929671,8.597563
ISIC_0035733,-6.2654643,6.599609
ISIC_0035738,-6.459653,7.578811
ISIC_0035739,-5.844625,5.748745
ISIC_0035740,-6.982755,7.215401
ISIC_0035746,-2.4265401,10.64438
ISIC_0035747,-6.3528886,7.614842
ISIC_0035749,-7.016637,6.976777
ISIC_0035750,-5.0810437,6.4546986
ISIC_0035752,-1.6644641,10.505262
ISIC_0035758,-6.305323,7.7306232
ISIC_0035760,-2.159672,10.625844
ISIC_0035761,-4.8197007,6.6981163
ISIC_0035762,-6.9735126,8.017684
ISIC_0035764,-5.389531,3.5638707
ISIC_0035766,-6.7536077,7.9084716
ISIC_0035767,-6.5922112,8.109754
ISIC_0035770,-3.2319255,8.113141
ISIC_0035773,-6.01159,8.144971
ISIC_0035774,-6.1331306,7.7960405
ISIC_0035777,-5.3682613,5.609411
ISIC_0035781,-4.903632,9.104876
ISIC_0035790,-2.0399168,7.3188753
ISIC_0035791,-6.677821,7.9808054
ISIC_0035792,-6.26831,7.2725043
ISIC_0035794,-1.1648822,10.498951
ISIC_0035797,-4.853359,5.6485553
ISIC_0035801,-4.0092387,6.857752
ISIC_0035804,-5.3190966,5.8214645
ISIC_0035805,-5.685033,6.5477366
ISIC_0035806,-4.5771465,7.3793287
ISIC_0035811,-1.1744006,10.342544
ISIC_0035812,-7.1104817,7.947195
ISIC_0035815,-7.342998,7.5292497
ISIC_0035822,-5.3624816,7.0948734
ISIC_0035823,-6.774533,7.9140983
ISIC_0035824,-6.287311,6.437498
ISIC_0035825,-1.1463232,10.318182
ISIC_0035827,-4.2768,7.4308977
ISIC_0035828,-6.925047,8.059335
ISIC_0035832,-5.000362,6.1735454
ISIC_0035836,-7.030111,8.042819
ISIC_0035838,-3.2784305,9.916505
ISIC_0035839,-6.013359,6.8308344
ISIC_0035841,-5.262165,5.1731596
ISIC_0035842,-7.2098145,8.486021
ISIC_0035846,-6.6055202,6.521876
ISIC_0035849,-5.5646415,6.279661
ISIC_0035850,-6.1593385,7.141872
ISIC_0035851,-4.4771357,5.737469
ISIC_0035853,-4.9914355,7.542422
ISIC_0035854,-6.6803813,6.468649
ISIC_0035855,-0.9541515,6.5605364
ISIC_0035856,-6.9523354,7.576715
ISIC_0035858,-2.00285,10.761278
ISIC_0035859,-5.4115624,9.182684
ISIC_0035861,-4.485937,6.913964
ISIC_0035864,-6.4449935,8.832456
ISIC_0035866,-6.1515574,6.3619566
ISIC_0035867,-5.6568646,5.7460213
ISIC_0035868,-1.7903033,10.623088
ISIC_0035870,-5.1209283,8.782359
ISIC_0035879,-4.8065424,4.6638703
ISIC_0035885,-2.6416423,10.610971
ISIC_0035889,-6.4217176,7.9091625
ISIC_0035891,-6.4399877,8.530782
ISIC_0035892,-2.1887825,10.759417
ISIC_0035893,-5.143415,8.375101
ISIC_0035898,-5.6611576,7.6235847
ISIC_0035901,-2.9312882,6.3931966
ISIC_0035903,-5.778513,6.856833
ISIC_0035904,-5.0428596,5.7983556
ISIC_0035907,-6.2028327,7.1619034
ISIC_0035913,-5.9489717,5.988777
ISIC_0035916,-6.531187,8.10169
ISIC_0035917,-0.696651,9.431273
ISIC_0035921,-7.112192,7.990881
ISIC_0035923,-1.5584034,6.9038696
ISIC_0035927,-6.145639,8.615348
ISIC_0035929,-0.9670911,8.242354
ISIC_0035933,-5.098061,8.135135
ISIC_0035937,-2.404853,5.842136
ISIC_0035938,-2.1180422,10.428185
ISIC_0035939,-6.0733633,8.854041
ISIC_0035941,-5.401067,6.627134
ISIC_0035948,-5.3567643,9.164129
ISIC_0035949,-5.5988574,6.514953
ISIC_0035951,-5.4987774,7.59414
ISIC_0035954,-5.7410717,5.3952336
ISIC_0035961,-7.4203405,7.521407
ISIC_0035962,-2.2740016,10.496068
ISIC_0035963,-5.7140484,6.941535
ISIC_0035964,-4.979888,7.238369
ISIC_0035966,-6.5196905,8.3314295
ISIC_0035967,-7.1441565,7.325349
ISIC_0035968,-1.5972638,10.485174
ISIC_0035971,-6.304473,6.827177
ISIC_0035974,-5.051984,8.20262
ISIC_0035975,-5.891635,6.426933
ISIC_0035976,-2.121693,6.9617376
ISIC_0035978,-5.7307787,9.230659
ISIC_0035980,-5.020873,5.429943
ISIC_0035985,-7.470392,7.6524444
ISIC_0035993,-1.1239074,10.170278
ISIC_0035994,-5.258753,8.9733095
ISIC_0035999,-5.97614,7.7681513
ISIC_0036001,-6.365225,9.053327
ISIC_0036002,-5.3111963,4.77005
ISIC_0036004,-5.4829392,6.2535663
ISIC_0036005,-0.6558839,8.777846
ISIC_0036009,-1.6270173,7.575019
ISIC_0036010,-6.08256,8.955999
ISIC_0036012,-5.4981275,8.9120245
ISIC_0036016,-5.1496205,6.7245245
ISIC_0036020,-6.904214,7.83311
ISIC_0036021,-4.756653,9.032695
ISIC_0036034,-5.1190906,4.752867
ISIC_0036038,-2.4237282,10.681834
ISIC_0036039,-5.6936464,7.098075
ISIC_0036044,-6.4102063,8.369617
ISIC_0036047,-1.8322517,10.57413
ISIC_0036049,-6.061715,8.685335
ISIC_0036051,-6.8837285,6.4764357
ISIC_0036052,-6.3100367,6.7508497
ISIC_0036053,-4.661163,5.2784324
ISIC_0036057,-5.2524614,6.5605917
ISIC_0036058,-5.3607674,7.870706
ISIC_0036064,-1.771222,6.8496523
ISIC_0036070,-7.083226,6.95902
ISIC_0036073,-2.7340474,7.5485916
ISIC_0036075,-4.5559344,8.569136
ISIC_0036076,-5.1583962,5.8887377
ISIC_0036078,-2.610989,4.419297
ISIC_0036079,-5.1899233,3.6681435
ISIC_0036080,-5.212236,6.5742536
ISIC_0036081,-0.85311157,4.4018283
ISIC_0036083,-2.6815333,4.6516275
ISIC_0036085,-4.5264697,3.3586178
ISIC_0036086,0.5249133,8.825588
ISIC_0036087,-4.3448753,5.506215
ISIC_0036088,-6.19694,8.230311
ISIC_0036089,-6.7353187,6.99648
ISIC_0036090,-2.9701746,3.553949
ISIC_0036091,-5.7214894,7.9154134
ISIC_0036092,-5.2063,3.9645205
ISIC_0036093,-3.8532608,8.563689
ISIC_0036094,-1.421098,4.2087636
ISIC_0036095,-1.7103336,4.1048107
ISIC_0036096,-2.123642,4.3973002
ISIC_0036097,-5.248213,5.164506
ISIC_0036098,-3.5079129,8.851534
ISIC_0036099,-5.5088696,6.09519
ISIC_0036101,-5.4928465,8.656978
ISIC_0036102,-2.9302645,8.235432
ISIC_0036103,-5.083739,6.035647
ISIC_0036104,-6.0623417,5.6036425
ISIC_0036105,0.42445782,8.950692
ISIC_0036106,-6.523199,6.5354085
ISIC_0036107,-1.0114306,4.71513
ISIC_0036108,0.28365368,9.415881
ISIC_0036109,-4.879793,7.51187
ISIC_0036110,-4.86639,3.2901502
ISIC_0036111,-3.6630976,6.727879
ISIC_0036112,-4.9632726,7.532715
ISIC_0036113,-3.7654946,4.841733
ISIC_0036114,-6.118267,8.792004
ISIC_0036115,-5.6748533,5.6595535
ISIC_0036116,-7.307693,7.6726937
ISIC_0036117,-5.381949,4.42935
ISIC_0036118,-4.0215573,6.09807
ISIC_0036119,-7.06675,7.008032
ISIC_0036120,-5.4429626,6.1693697
ISIC_0036121,-6.3983,7.159536
ISIC_0036123,-0.4159914,7.0343285
ISIC_0036159,-4.275657,6.3183613
ISIC_0036258,-6.452892,8.105004
ISIC_0036260,-2.6392107,6.9001684
ISIC_0036263,-5.8728147,5.5785675
ISIC_0036264,-2.5620482,4.6237135
ISIC_0036269,-2.278549,4.4312344
ISIC_0036270,-3.2568557,6.46864
ISIC_0036273,-3.5939534,3.6043475
ISIC_0036274,-4.2407827,5.676551
ISIC_0036275,-6.7534604,5.464835
ISIC_0036276,-2.5274794,4.3557286
ISIC_0036278,-6.4397626,7.7055297
ISIC_0036279,-6.314353,5.867087
ISIC_0036280,-3.949561,2.9946754
ISIC_0036281,-7.3600774,7.1242056
ISIC_0036282,-6.6796646,7.6563983
ISIC_0036284,-3.4478054,3.7099547
ISIC_0036285,-0.1980804,5.337329
ISIC_0036286,-3.9995196,2.81078
ISIC_0036287,-4.6305995,8.097695
ISIC_0046222,-5.6052446,6.1271033
ISIC_0046223,-5.0904746,6.234369
ISIC_0046224,-4.6861854,6.8308983
ISIC_0046225,-4.41917,4.7029324
ISIC_0046240,5.73571,2.0322294
ISIC_0046242,-3.8293874,4.66095
ISIC_0046261,-6.3711147,8.958829
ISIC_0046294,-5.3690066,6.9254055
ISIC_0046305,-4.642606,9.115292
ISIC_0046315,-5.1299915,4.3253326
ISIC_0046316,-4.881224,8.279232
ISIC_0046322,-5.3825765,7.1732635
ISIC_0046323,-2.701578,6.0519176
ISIC_0046331,-4.654962,6.8930273
ISIC_0046338,-4.734062,4.872113
ISIC_0046343,-1.8459761,10.172937
ISIC_0046344,-4.469528,5.0248365
ISIC_0046345,-5.73837,5.753509
ISIC_0046353,-1.6376284,5.736794
ISIC_0046361,-4.8291984,7.2684884
ISIC_0046372,-3.4007852,3.9652717
ISIC_0046383,-0.45361128,9.370102
ISIC_0046394,-0.45702523,7.559258
ISIC_0046405,-5.636379,8.488974
ISIC_0046416,-4.891378,6.716835
ISIC_0046422,-4.2585993,3.9604616
ISIC_0046427,-5.0337977,4.964245
ISIC_0046429,-5.887456,6.934614
ISIC_0046438,-0.74995315,9.242089
ISIC_0046441,-5.255003,5.9086957
ISIC_0046443,-6.6079774,5.691219
ISIC_0046449,-3.2077305,6.1686068
ISIC_0046450,-1.0121619,6.998925
ISIC_0046458,-4.4280825,5.990086
ISIC_0046471,-6.1997986,7.5169334
ISIC_0046493,-5.2676907,6.215028
ISIC_0046504,-3.0453234,4.9512873
ISIC_0046526,-0.19073391,6.4952946
ISIC_0046537,-4.904401,8.663842
ISIC_0046548,-3.0884404,4.3040295
ISIC_0046560,-2.830953,4.7085657
ISIC_0046571,-6.1161265,7.0143304
ISIC_0046582,-1.9187701,5.320636
ISIC_0046593,-1.0080634,7.4785347
ISIC_0046596,-3.3182614,5.5559397
ISIC_0046597,-3.992568,6.2246275
ISIC_0046609,-3.0990956,5.605443
ISIC_0046615,-5.4722123,8.045748
ISIC_0046626,-4.4889565,6.249975
ISIC_0046628,-4.2520194,5.203686
ISIC_0046631,-3.881027,4.901117
ISIC_0046633,-5.5465503,6.778038
ISIC_0046639,-3.8651872,3.488272
ISIC_0046640,-4.2830048,5.093859
ISIC_0046645,-5.209853,6.1698766
ISIC_0046647,-2.2599518,5.5280347
ISIC_0046659,-2.0491405,9.244712
ISIC_0046661,-1.5888698,4.82489
ISIC_0046662,-3.2801566,6.2592273
ISIC_0046664,-5.14772,7.346504
ISIC_0046667,-4.8359857,7.7540665
ISIC_0046670,-4.995516,5.3546596
ISIC_0046671,-1.7808062,6.72218
ISIC_0046672,-3.9434214,5.194929
ISIC_0046681,-6.0249357,5.7158747
ISIC_0046682,0.17789496,6.643611
ISIC_0046683,-5.197849,6.776494
ISIC_0046693,-4.601617,5.961099
ISIC_0046712,-5.5415206,4.5305448
ISIC_0046725,-5.555119,8.479776
ISIC_0046729,-5.001707,7.7543755
ISIC_0046732,-6.2101407,5.430113
ISIC_0046740,-6.271669,9.036351
ISIC_0046744,-6.5641923,6.4248624
ISIC_0046756,-4.8183365,6.665494
ISIC_0046773,-4.3165345,7.212458
ISIC_0046784,-5.8806477,6.0111084
ISIC_0046811,-3.2717206,3.898691
ISIC_0046812,-6.2496696,6.296699
ISIC_0046820,-1.8483107,9.548154
ISIC_0046823,-2.6341202,5.9118094
ISIC_0046827,0.8072758,8.004116
ISIC_0046828,-3.8665028,6.60466
ISIC_0046834,-5.518637,8.165013
ISIC_0046898,-5.5928974,8.758285
ISIC_0046900,-0.9583058,9.674601
ISIC_0046908,-4.314453,5.492716
ISIC_0046917,-4.2361264,5.8816886
ISIC_0046918,-5.3673205,7.55695
ISIC_0046921,-4.5127816,5.212874
ISIC_0046922,-5.535419,7.211929
ISIC_0046932,-5.2874656,5.558182
ISIC_0046983,-3.3110445,6.9953723
ISIC_0046985,-4.9927177,8.667365
ISIC_0047002,-5.298098,6.622251
ISIC_0047003,-5.746143,8.066876
ISIC_0047004,-4.6863937,5.791878
ISIC_0047008,-5.747842,6.757749
ISIC_0047022,0.20436223,9.237439
ISIC_0047024,-3.085747,5.4647284
ISIC_0047031,-5.06019,5.8226585
ISIC_0047033,-2.7225435,5.5909357
ISIC_0053456,-5.397049,6.934031
ISIC_0053457,-1.5230501,8.939929
ISIC_0053458,-2.925472,9.167417
ISIC_0053459,-3.1134038,5.013942
ISIC_0053469,-4.0908237,8.834632
ISIC_0053470,0.3998568,9.6676235
ISIC_0053471,0.41453922,7.195992
ISIC_0053472,-2.9198227,7.7837367
ISIC_0053473,-1.4755218,7.628303
ISIC_0053474,-1.1924795,5.518361
ISIC_0053475,-1.9847956,4.021479
ISIC_0053478,-5.8441997,7.114052
ISIC_0053479,-0.45424238,9.44796
ISIC_0053482,-4.6568017,5.8133407
ISIC_0053485,-4.6895394,6.644094
ISIC_0053487,-1.6590956,4.6622972
ISIC_0053489,0.40472364,8.821375
ISIC_0053491,-2.3260844,5.5225887
ISIC_0053492,-5.5935073,4.8775544
ISIC_0053495,-1.7479435,9.407613
ISIC_0053499,-4.0291624,7.159596
ISIC_0053500,-4.8983006,8.602689
ISIC_0053503,-1.9461669,7.749301
ISIC_0053504,-0.3682762,8.694375
ISIC_0053505,-3.0175374,3.6498966
ISIC_0053506,-0.1491877,8.922736
ISIC_0053507,-6.9407105,7.744096
ISIC_0053508,0.5210244,7.189899
ISIC_0053509,-1.1731958,8.295326
ISIC_0053510,-5.7254643,8.22372
ISIC_0053512,1.0650445,6.5698333
ISIC_0053513,-1.8893085,9.463879
ISIC_0053515,-1.7436335,4.7249284
ISIC_0053518,-2.19479,4.3195643
ISIC_0053519,-4.822126,9.341586
ISIC_0053520,0.6380663,8.944757
ISIC_0053521,-2.343428,10.5958805
ISIC_0053522,-4.5541368,8.537701
ISIC_0053525,-6.6164985,8.483963
ISIC_0053526,-3.0325363,3.9235876
ISIC_0053527,-3.6144707,6.679636
ISIC_0053528,-0.32934487,10.238511
ISIC_0053530,-1.7011422,8.815433
ISIC_0053531,-1.5975523,10.7660265
ISIC_0053533,0.17706059,8.792335
ISIC_0053537,-3.2055671,8.282407
ISIC_0053538,-1.7486962,7.3760147
ISIC_0053539,-4.483515,6.710023
ISIC_0053540,-4.793566,6.6658616
ISIC_0053541,0.26813313,8.903341
ISIC_0053542,-2.8355978,5.588305
ISIC_0053543,-2.1133013,7.0635986
ISIC_0053545,-2.9521224,4.491082
ISIC_0053546,-2.568861,6.146009
ISIC_0053549,-2.3695087,5.8712826
ISIC_0053550,-3.281602,4.196367
ISIC_0053558,-2.202348,6.8598657
ISIC_0053559,-5.325551,6.7462416
ISIC_0053560,-1.1793842,10.066956
ISIC_0053561,-2.8840122,5.8699965
ISIC_0053563,-2.2345393,7.9912534
ISIC_0053564,-1.8994493,9.988107
ISIC_0053565,-4.7654743,8.001654
ISIC_0053566,-1.8119917,4.507071
ISIC_0053567,-0.13219519,7.527775
ISIC_0053568,-3.8541853,7.453451
ISIC_0053569,-3.916419,8.56456
ISIC_0053570,-3.7251616,4.561767
ISIC_0053571,-3.5924752,5.966154
ISIC_0053574,-3.335713,8.345056
ISIC_0053578,-3.2211118,4.9827485
ISIC_0053579,-5.347232,9.158684
ISIC_0053581,-4.745275,6.7794514
ISIC_0053582,-2.3467727,5.0258756
ISIC_0053584,-4.8641243,6.7650304
ISIC_0053589,-4.631698,6.025472
ISIC_0053591,-1.4356827,6.5868154
ISIC_0053593,-2.2203124,4.0900593
ISIC_0053594,0.5937222,7.2686844
ISIC_0053596,-5.9829783,6.60496
ISIC_0053597,-3.116417,8.722877
ISIC_0053602,-0.01426455,9.488994
ISIC_0053603,-3.0615306,4.6353416
ISIC_0053609,-1.8355924,10.653433
ISIC_0053610,-4.2986336,8.827263
ISIC_0053611,-4.386763,6.3674083
ISIC_0053612,-3.0600588,5.970192
ISIC_0053613,-1.8765572,4.2826686
ISIC_0053615,-2.200339,5.262055
ISIC_0053617,-1.7891254,4.51132
ISIC_0053618,-5.893129,7.09641
ISIC_0053619,-1.1737622,10.280014
ISIC_0053620,-3.701701,5.483602
ISIC_0053621,-1.3363262,5.172745
ISIC_0053623,-3.6533594,3.979348
ISIC_0053626,-0.77890456,9.148759
ISIC_0053627,-1.0190845,5.749601
ISIC_0053629,-2.8565264,6.2287836
ISIC_0053631,-3.2972333,8.3977995
ISIC_0053632,-0.07653873,8.733524
ISIC_0053634,-4.573745,8.540804
ISIC_0053637,-4.35926,6.9094205
ISIC_0053642,-6.5439305,8.201643
ISIC_0053647,-5.800389,7.773928
ISIC_0053648,-2.1650307,9.639787
ISIC_0053649,-1.1330203,6.0276375
ISIC_0053651,-4.9544687,7.5023103
ISIC_0053652,-4.0711646,6.0319996
ISIC_0053654,1.585311,4.8888445
ISIC_0053657,-5.1674466,6.545094
ISIC_0053659,-2.5812197,9.644912
ISIC_0053660,-0.99987906,10.334732
ISIC_0053664,-2.3673794,8.155674
ISIC_0053665,-5.4577894,7.5939336
ISIC_0053667,-0.55432665,9.751876
ISIC_0053668,-4.725528,8.565011
ISIC_0053669,-3.3831804,6.382416
ISIC_0053673,-3.239504,8.140902
ISIC_0053674,-2.9293418,4.410759
ISIC_0053675,-4.8481393,9.193664
ISIC_0053677,-5.503854,7.8371167
ISIC_0053678,-1.6583887,5.074499
ISIC_0053679,-2.7835922,6.3585367
ISIC_0053680,-4.2541385,7.0560308
ISIC_0053681,-4.014915,6.6317663
ISIC_0053682,-1.7745072,4.9259877
ISIC_0053684,-1.2609429,5.5628114
ISIC_0053685,-0.95600134,7.789231
ISIC_0053688,-0.54847836,9.306713
ISIC_0053691,-3.2067761,4.1062336
ISIC_0053692,-2.9120326,6.0003443
ISIC_0053693,-0.29795685,9.429524
ISIC_0053695,-1.4119612,5.1841455
ISIC_0053696,-5.0892982,7.0499244
ISIC_0053698,0.7670031,7.2959476
ISIC_0053699,-0.34180412,6.271096
ISIC_0053700,-3.6189172,5.42975
ISIC_0053704,-5.3546968,8.240178
ISIC_0053706,-0.66577876,6.845833
ISIC_0053708,-1.8075457,9.644222
ISIC_0053710,-2.0196178,10.9753065
ISIC_0053712,-0.19422455,8.150924
ISIC_0053713,-1.4343107,10.009981
ISIC_0053715,-0.61997837,7.127111
ISIC_0053716,-1.3661397,5.436394
ISIC_0053719,0.13183023,8.194663
ISIC_0053723,1.1042545,6.556435
ISIC_0053725,-3.8345354,8.019863
ISIC_0053729,-3.6513934,7.933031
ISIC_0053731,-5.4151154,9.132817
ISIC_0053732,-4.631231,6.856545
ISIC_0053733,-2.8772218,7.87779
ISIC_0053734,-1.4154986,5.7420516
ISIC_0053736,0.19905539,8.749213
ISIC_0053740,0.1588408,10.010739
ISIC_0053742,-4.5837183,6.5967503
ISIC_0053743,-0.76615494,6.0186615
ISIC_0053748,-5.704121,8.094489
ISIC_0053751,-3.1619349,9.568009
ISIC_0053752,-3.5244207,4.251493
ISIC_0053753,-5.1800795,5.574687
ISIC_0053754,-5.8969817,6.701309
ISIC_0053755,-4.2650285,8.968385
ISIC_0053756,-3.5188742,4.9887514
ISIC_0053757,-1.4847566,9.995092
ISIC_0053761,-0.6765927,6.069744
ISIC_0053762,-1.4266641,8.635844
ISIC_0053763,-1.9976146,9.918952
ISIC_0053765,-3.6079063,7.8674874
ISIC_0053766,-1.825476,9.272716
ISIC_0053768,-2.4649367,4.440913
ISIC_0053769,-0.57121676,5.679672
ISIC_0053772,-6.414418,7.114562
ISIC_0053774,-5.3543224,6.5987787
ISIC_0053775,-2.3339078,9.072127
ISIC_0053781,2.515806,4.401068
ISIC_0053782,-2.2522054,7.8932023
ISIC_0053783,-0.045235112,8.056739
ISIC_0053784,-0.05740132,6.248518
ISIC_0053785,-2.7781987,6.273904
ISIC_0053787,-1.395123,10.736529
ISIC_0053790,-0.09628444,7.9023223
ISIC_0053791,-1.1439689,7.6821704
ISIC_0053793,-4.9898133,9.271458
ISIC_0053796,-1.0289997,9.786851
ISIC_0053797,-5.2190704,5.2427425
ISIC_0053798,-2.1554618,9.722628
ISIC_0053801,-1.02983,10.42027
ISIC_0053803,-4.699658,9.109794
ISIC_0053809,-0.005699046,7.28881
ISIC_0053810,-2.3156652,4.3058968
ISIC_0053812,0.4672651,6.559785
ISIC_0053814,-0.3721001,6.174027
ISIC_0053816,-0.8196206,9.706037
ISIC_0053818,-1.4448678,8.194866
ISIC_0053819,0.0363776,10.312084
ISIC_0053823,-3.273482,9.837078
ISIC_0053824,-2.862122,5.204819
ISIC_0053827,-4.959019,6.886448
ISIC_0053828,-1.0363442,10.673991
ISIC_0053829,-3.4346538,6.3029804
ISIC_0053830,0.3069379,8.897443
ISIC_0053831,-5.369236,6.916865
ISIC_0053833,-4.741632,4.92443
ISIC_0053835,0.06945294,7.235116
ISIC_0053836,-1.6911136,7.538377
ISIC_0053837,-4.7443914,6.996826
ISIC_0053839,-2.5933118,5.787618
ISIC_0053840,-1.3682927,10.084474
ISIC_0053841,-0.8239525,10.324021
ISIC_0053842,-1.8546402,5.7679443
ISIC_0053843,-2.83197,4.9677906
ISIC_0053844,-3.4482737,3.4169166
ISIC_0053845,-2.107065,10.675682
ISIC_0053846,1.7363681,9.307039
ISIC_0053851,-6.81334,8.343703
ISIC_0053852,-3.9329731,6.269196
ISIC_0053853,-0.30993074,9.585417
ISIC_0053857,-5.689487,8.251686
ISIC_0053858,-0.35501978,5.164133
ISIC_0053861,-2.1348557,8.017638
ISIC_0053863,-0.8232802,6.6163197
ISIC_0053865,-0.9419844,10.059915
ISIC_0053866,-2.8520384,9.674972
ISIC_0053867,-1.3996446,5.919925
ISIC_0053868,-2.8489897,5.978778
ISIC_0053873,-2.335446,9.920381
ISIC_0053876,-2.3288958,5.7736464
ISIC_0053878,-4.778652,8.11047
ISIC_0053879,-0.6960574,6.095043
ISIC_0053880,-2.1216516,6.0979533
ISIC_0053881,-5.3377614,6.27444
ISIC_0053883,-3.0824115,6.9046655
ISIC_0053888,-6.277446,8.663172
ISIC_0053890,-2.6410604,10.485958
ISIC_0053891,-4.0668473,5.123021
ISIC_0053892,-2.5731354,4.3534737
ISIC_0053893,-6.179753,7.909629
ISIC_0053895,-5.045699,7.3343534
ISIC_0053899,-6.14213,8.390937
ISIC_0053900,-2.4148672,5.7775025
ISIC_0053902,-0.8019172,8.597997
ISIC_0053904,-0.6551144,6.4340544
ISIC_0053905,-2.7213202,5.9865165
ISIC_0053906,0.6522866,6.5049624
ISIC_0053909,-2.706649,5.844958
ISIC_0053912,-0.48430777,10.094824
ISIC_0053913,-0.04507481,8.908411
ISIC_0053914,-0.9611065,7.319655
ISIC_0053915,-2.6190453,4.693768
ISIC_0053916,-5.1478095,7.574448
ISIC_0053917,-3.3389068,6.5717006
ISIC_0053920,-5.5654764,7.479001
ISIC_0053922,-4.9360304,5.488122
ISIC_0053923,-2.746371,5.4640336
ISIC_0053924,-0.6699466,7.6464953
ISIC_0053925,-4.5053205,7.266698
ISIC_0053929,-6.269871,7.831654
ISIC_0053931,-3.5164652,8.27022
ISIC_0053933,0.39850283,7.3896403
ISIC_0053934,1.0691938,7.7681327
ISIC_0053935,-4.409776,7.647401
ISIC_0053936,-5.173649,9.262134
ISIC_0053937,0.93966895,8.098647
ISIC_0053939,0.16790526,7.562381
ISIC_0053940,-4.0450053,8.639862
ISIC_0053942,-1.2413249,9.879159
ISIC_0053943,-2.9035983,4.1258144
ISIC_0053944,0.083014734,10.225642
ISIC_0053946,-0.32001334,8.954501
ISIC_0053948,-3.8448837,4.622556
ISIC_0053951,-2.235793,6.677189
ISIC_0053952,-3.3105109,4.119927
ISIC_0053954,-0.9464341,9.80019
ISIC_0053956,-4.8333187,6.6844473
ISIC_0053957,-1.0310472,4.743624
ISIC_0053959,-4.240302,7.90785
ISIC_0053960,-1.5187305,10.116044
ISIC_0053965,-1.100296,9.5101795
ISIC_0053967,-4.978684,4.728724
ISIC_0053968,-0.5639011,9.967693
ISIC_0053969,-0.7068308,8.57453
ISIC_0053971,0.11430683,6.6912208
ISIC_0053974,-0.028701162,7.687189
ISIC_0053975,-4.9989314,7.085246
ISIC_0053976,0.5221433,9.695484
ISIC_0053980,-0.45373657,9.668907
ISIC_0053981,0.1395675,8.663115
ISIC_0053982,-5.0514793,7.069072
ISIC_0053983,-1.5861574,9.137491
ISIC_0053984,-3.8478854,5.6286445
ISIC_0053986,-3.6832538,5.6623282
ISIC_0053987,-3.6496534,4.8279657
ISIC_0053988,-3.9482691,6.7929716
ISIC_0053989,-5.112146,7.718433
ISIC_0053990,-3.0416856,7.4612956
ISIC_0053991,-3.4431355,7.8542323
ISIC_0053993,-1.0667983,8.986275
ISIC_0053996,-4.2743464,5.6817627
ISIC_0053998,-4.2741446,7.515867
ISIC_0054002,-4.659634,9.475825
ISIC_0054004,-0.58332056,10.202604
ISIC_0054006,-4.613582,6.648102
ISIC_0054007,-4.5212417,5.213047
ISIC_0054008,-5.706426,5.6050496
ISIC_0054011,-2.0736392,10.146049
ISIC_0054012,-1.8481957,8.870599
ISIC_0054013,-1.6085495,5.8769484
ISIC_0054015,0.58589166,9.005401
ISIC_0054017,-0.51621646,10.514383
ISIC_0054018,-3.8514643,5.0284305
ISIC_0054019,0.42583194,9.196748
ISIC_0054022,-3.3171408,5.551309
ISIC_0054025,-2.37531,8.999865
ISIC_0054027,-4.6865005,9.050094
ISIC_0054031,-0.4826302,8.63854
ISIC_0054032,-6.078963,6.320495
ISIC_0054033,-4.541019,6.7348185
ISIC_0054036,0.07487638,7.647317
ISIC_0054037,-4.482326,8.415036
ISIC_0054038,-4.8929515,8.830244
ISIC_0054039,-4.1188703,6.701231
ISIC_0054041,-5.1061254,4.186976
ISIC_0054042,-2.528474,6.2481327
ISIC_0054043,-3.9981594,4.2729144
ISIC_0054044,-2.1889646,9.414539
ISIC_0054045,0.3282766,10.303517
ISIC_0054046,-4.1219854,9.008178
ISIC_0054048,-4.275385,5.8723474
ISIC_0054053,-6.076991,7.559599
ISIC_0054054,-6.978963,8.565805
ISIC_0054055,-1.0469084,9.181895
ISIC_0054056,-4.2537575,7.854606
ISIC_0054057,-1.5013382,4.4109645
ISIC_0054058,-4.6650953,8.843341
ISIC_0054059,-2.6900766,4.8407636
ISIC_0054061,-2.2269664,4.630943
ISIC_0054062,0.55899096,9.977546
ISIC_0054063,-5.3260536,6.111384
ISIC_0054064,0.0025482415,9.43516
ISIC_0054065,-3.7932541,6.2380776
ISIC_0054066,-4.9548254,8.006109
ISIC_0054067,-4.537149,7.9039445
ISIC_0054069,-1.6582811,9.642478
ISIC_0054070,0.52933323,10.098555
ISIC_0054071,-3.9076998,6.422131
ISIC_0054073,-1.9856886,7.425133
ISIC_0054074,-2.426963,4.2726784
ISIC_0054078,-3.5641468,4.536835
ISIC_0054079,-0.37271172,9.035405
ISIC_0054080,-5.525241,5.942004
ISIC_0054081,-0.94607884,5.565169
ISIC_0054082,0.32013544,8.896857
ISIC_0054083,-1.6292529,9.526868
ISIC_0054085,-4.503357,8.427742
ISIC_0054088,-1.9043686,7.5853424
ISIC_0054090,-2.3460736,10.5927105
ISIC_0054094,-3.3628228,4.267794
ISIC_0054095,-1.2888815,10.697026
ISIC_0054098,-3.4378316,8.348059
ISIC_0054103,-0.2916704,6.83642
ISIC_0054104,-5.4897947,8.9091
ISIC_0054105,-4.5367837,7.2005587
ISIC_0054106,0.7532065,7.4566936
ISIC_0054107,-1.8902385,5.475372
ISIC_0054110,-0.6675752,9.403304
ISIC_0054112,-1.6566645,10.003053
ISIC_0054113,-4.9244337,5.788292
ISIC_0054114,-6.516985,7.0904307
ISIC_0054115,-4.305429,9.107281
ISIC_0054116,-4.514614,8.99984
ISIC_0054117,0.68503374,9.421048
ISIC_0054119,-1.6858704,8.51416
ISIC_0054120,-4.9108353,5.52556
ISIC_0054121,-0.91828287,6.3131475
ISIC_0054122,-5.7259393,8.004731
ISIC_0054123,-0.4458648,8.122069
ISIC_0054126,-1.5533729,10.52036
ISIC_0054135,-4.474682,9.214429
ISIC_0054137,-2.3374407,9.752563
ISIC_0054139,-2.3800137,6.287517
ISIC_0054140,-5.829701,8.188719
ISIC_0054141,-0.4460371,9.492753
ISIC_0054142,-4.0724025,2.9269693
ISIC_0054144,-1.7757072,3.185815
ISIC_0054148,-0.7616933,5.921575
ISIC_0054149,-6.0167365,7.678225
ISIC_0054150,-4.212302,8.732437
ISIC_0054151,-2.3731775,9.611396
ISIC_0054156,-2.9247253,8.531798
ISIC_0054157,-3.661668,6.2665076
ISIC_0054158,-4.923425,6.4377646
ISIC_0054159,-0.8751352,9.512948
ISIC_0054161,-3.4903805,8.299731
ISIC_0054163,0.23982829,8.919276
ISIC_0054165,0.3470064,8.923223
ISIC_0054167,-4.5560136,7.4093843
ISIC_0054169,0.14138338,9.113766
ISIC_0054170,-4.5418577,7.605447
ISIC_0054171,-6.8701487,7.9171944
ISIC_0054172,-5.466257,5.9109597
ISIC_0054174,0.2630861,7.613336
ISIC_0054176,-2.3034241,4.8943415
ISIC_0054179,0.13872541,9.388892
ISIC_0054181,-2.7566943,6.135055
ISIC_0054183,-6.5683312,7.3183827
ISIC_0054184,-1.8738427,7.364298
ISIC_0054185,-3.7546604,5.12384
ISIC_0054186,-6.003385,8.865462
ISIC_0054187,-2.71933,6.1472917
ISIC_0054188,-4.0440555,5.369692
ISIC_0054189,-1.0291423,6.727268
ISIC_0054192,-0.32026646,9.258128
ISIC_0054193,-0.80451226,10.051582
ISIC_0054197,-0.87111104,6.478027
ISIC_0054198,-1.9453087,10.419352
ISIC_0054200,-1.5841008,4.8258667
ISIC_0054201,-0.6517006,4.6241994
ISIC_0054202,-3.759149,5.7506757
ISIC_0054205,-6.5755525,7.876412
ISIC_0054207,0.100182116,8.8649435
ISIC_0054209,-0.9215289,8.475852
ISIC_0054211,-3.1603315,10.147622
ISIC_0054212,-2.8403423,9.1018915
ISIC_0054213,-1.8049877,7.743229
ISIC_0054214,-5.0255284,7.134139
ISIC_0054220,0.70468295,7.9729447
ISIC_0054221,-4.3760366,5.7091875
ISIC_0054222,-3.215574,5.3234816
ISIC_0054223,-2.2972014,8.017744
ISIC_0054226,0.07056288,9.596409
ISIC_0054229,-2.797425,9.520747
ISIC_0054230,-2.9052024,5.2384863
ISIC_0054231,-5.9005194,6.780893
ISIC_0054233,0.5642161,8.16152
ISIC_0054235,-3.4621239,8.882015
ISIC_0054236,0.25382343,9.295265
ISIC_0054237,-3.0094073,6.5320544
ISIC_0054238,-6.867971,8.547208
ISIC_0054239,-2.4458022,4.9818707
ISIC_0054241,-0.022817533,7.836278
ISIC_0054244,-4.9624624,5.647333
ISIC_0054247,-3.1043215,9.2846155
ISIC_0054248,-3.7807226,4.601535
ISIC_0054249,-1.0487969,7.957171
ISIC_0054251,-2.8632014,5.0997515
ISIC_0054253,-4.380443,6.95777
ISIC_0054254,-1.5672796,10.130471
ISIC_0054255,-0.623386,5.6126685
ISIC_0054256,-1.5756651,10.026934
ISIC_0054258,-2.220622,9.956181
ISIC_0054260,-6.6734724,7.241967
ISIC_0054261,-3.4321723,9.905865
ISIC_0054264,-2.2066998,6.123749
ISIC_0054265,-1.7047212,5.894242
ISIC_0054269,-5.462604,6.583654
ISIC_0054271,-2.4038658,4.6551023
ISIC_0054272,-0.5086626,9.140405
ISIC_0054273,-1.460321,7.07455
ISIC_0054274,-0.7647022,5.7508736
ISIC_0054275,-0.5308304,6.4416413
ISIC_0054277,-3.9258704,8.805327
ISIC_0054280,-4.78819,8.948345
ISIC_0054281,-1.9308186,9.710828
ISIC_0054284,-1.5047134,10.554738
ISIC_0054287,-2.4183235,6.087239
ISIC_0054291,-1.6155175,10.693419
ISIC_0054292,-6.2797923,6.9713864
ISIC_0054296,-3.4513483,4.861448
ISIC_0054297,-4.9397283,6.377224
ISIC_0054298,0.23073813,7.669332
ISIC_0054299,-1.7373346,4.8875275
ISIC_0054304,-1.8634014,10.832494
ISIC_0054306,-2.3142557,4.6584187
ISIC_0054307,-2.3306077,10.352951
ISIC_0054310,-1.3185221,10.350767
ISIC_0054312,-5.9614806,6.4539127
ISIC_0054313,-4.026297,6.881319
ISIC_0054314,-0.37839586,9.060689
ISIC_0054315,-0.9943312,7.67587
ISIC_0054316,-0.5146578,6.2677407
ISIC_0054317,-1.3196905,6.8154716
ISIC_0054318,-5.25367,8.947861
ISIC_0054322,-3.561972,6.05767
ISIC_0054324,-0.9129887,10.301509
ISIC_0054325,-4.6573014,8.518772
ISIC_0054327,-3.9073315,8.694385
ISIC_0054328,-1.3076245,6.0844545
ISIC_0054333,-0.37535486,7.4918323
ISIC_0054334,0.5324155,7.347356
ISIC_0054336,-4.123533,9.013095
ISIC_0054337,-3.513451,4.0556226
ISIC_0054339,-0.49088576,9.731343
ISIC_0054342,-1.2558243,5.5762057
ISIC_0054343,-3.0892687,5.9558916
ISIC_0054344,-0.62656766,6.3380084
ISIC_0054346,-0.706944,10.459467
ISIC_0054347,-2.1376383,5.519853
ISIC_0054351,-1.7001494,9.520616
ISIC_0054352,-4.0373144,8.357534
ISIC_0054353,-2.4123764,5.8605056
ISIC_0054354,-2.0107958,6.668935
ISIC_0054355,-0.46396378,6.0234656
ISIC_0054357,-5.755319,6.6823173
ISIC_0054358,-2.4789405,9.76545
ISIC_0054359,-0.18091074,9.436547
ISIC_0054364,-0.23411258,7.6372876
ISIC_0054365,-3.2174518,7.6256824
ISIC_0054366,-1.0656189,10.624382
ISIC_0054369,-1.9131795,10.402155
ISIC_0054371,-3.2141995,3.8703032
ISIC_0054375,-1.5431963,9.580798
ISIC_0054376,-6.68296,8.030889
ISIC_0054377,-1.4504468,5.63666
ISIC_0054378,-0.7988943,7.7964168
ISIC_0054379,0.6374856,7.504525
ISIC_0054381,-3.122881,5.670606
ISIC_0054383,-3.3142307,5.034453
ISIC_0054384,-3.8765075,7.1404033
ISIC_0054387,-4.314094,9.14403
ISIC_0054390,-0.6090607,6.2169795
ISIC_0054391,-1.3703927,10.522999
ISIC_0054392,-5.684357,6.6810484
ISIC_0054393,-0.6822826,5.999187
ISIC_0054397,-6.42356,6.359306
ISIC_0054398,-0.6202161,8.454521
ISIC_0054399,0.2325595,9.170168
ISIC_0054400,-1.397177,10.490935
ISIC_0054401,0.228348,9.404027
ISIC_0054403,-4.1983786,5.822334
ISIC_0054408,-3.5956771,8.970208
ISIC_0054410,-2.7483313,9.57069
ISIC_0054412,-3.1091056,5.0844064
ISIC_0054413,-0.8646075,7.8708057
ISIC_0054414,0.3867673,8.0963955
ISIC_0054416,-1.4224861,5.424391
ISIC_0054417,-4.289644,8.040679
ISIC_0054418,-2.8568761,9.792468
ISIC_0054422,-5.4416127,7.103809
ISIC_0054423,-4.548419,6.6372094
ISIC_0054424,-3.4727693,6.3286114
ISIC_0054430,-6.848769,7.3122687
ISIC_0054432,-2.178475,4.7330437
ISIC_0054433,-3.298449,8.700872
ISIC_0054435,-5.4288073,8.360645
ISIC_0054436,-5.7046833,8.262367
ISIC_0054437,-5.646238,7.9197164
ISIC_0054439,0.27234688,8.683325
ISIC_0054440,-2.048915,5.5435047
ISIC_0054442,-6.7418814,7.34086
ISIC_0054443,0.2761284,9.014049
ISIC_0054444,-5.348964,5.8833365
ISIC_0054445,0.7027144,9.550709
ISIC_0054446,-4.3651876,7.006228
ISIC_0054448,-3.6980433,6.010471
ISIC_0054450,-2.9920259,6.1822968
ISIC_0054454,-2.1689663,5.24228
ISIC_0054456,-5.4755387,6.9545426
ISIC_0054458,-4.7132354,9.071548
ISIC_0054459,-3.3467894,4.2288575
ISIC_0054462,-1.4144682,5.8391795
ISIC_0054464,-1.4509017,9.270398
ISIC_0054465,-1.3736213,5.797998
ISIC_0054466,-0.56196415,10.23019
ISIC_0054467,-4.5660086,8.091054
ISIC_0054468,-2.7231917,4.889279
ISIC_0054472,0.23260984,7.6065955
ISIC_0054477,-0.3485278,6.3164177
ISIC_0054478,-4.7493343,8.535761
ISIC_0054480,-4.243701,7.9935265
ISIC_0054483,-3.4619577,8.404343
ISIC_0054484,0.19455792,10.128908
ISIC_0054486,-5.6710114,5.5062833
ISIC_0054488,-3.4790907,8.234086
ISIC_0054491,-3.473127,2.7048144
ISIC_0054493,-1.9736036,4.351443
ISIC_0054495,-3.995531,8.698794
ISIC_0054497,-1.7460039,5.2783656
ISIC_0054498,-1.7703074,4.44211
ISIC_0054501,0.22557747,6.744039
ISIC_0054504,-2.7217565,3.649902
ISIC_0054506,-6.0393095,8.097232
ISIC_0054507,-1.8849205,8.483009
ISIC_0054510,-3.27076,4.6477213
ISIC_0054512,0.7589178,9.706582
ISIC_0054515,0.19997121,9.179799
ISIC_0054516,-3.4619758,6.053221
ISIC_0054517,-4.8544593,8.3823
ISIC_0054518,-4.5664563,8.114732
ISIC_0054520,0.19045168,9.295361
ISIC_0054522,-5.1150327,4.7592335
ISIC_0054523,-0.80568093,7.259194
ISIC_0054524,-0.73813266,7.784716
ISIC_0054525,-5.8365617,8.600452
ISIC_0054528,-4.0463524,4.719685
ISIC_0054530,-2.7789667,6.170451
ISIC_0054531,-0.8101575,7.2085037
ISIC_0054533,-2.0054317,9.092905
ISIC_0054535,-0.9908647,6.2601385
ISIC_0054539,-3.273241,4.661093
ISIC_0054542,-0.03005854,5.8692093
ISIC_0054543,-3.4886754,8.6002865
ISIC_0054544,0.11128202,7.291673
ISIC_0054545,-5.429632,6.1355767
ISIC_0054547,-1.0736203,10.596708
ISIC_0054548,0.23904519,10.000139
ISIC_0054549,-1.4078882,5.664943
ISIC_0054552,-1.0342234,6.3472705
ISIC_0054554,-1.9420309,6.3860393
ISIC_0054555,-2.0288444,7.682163
ISIC_0054556,-0.845027,7.257133
ISIC_0054559,-3.290037,5.5773106
ISIC_0054562,-2.3929358,4.893737
ISIC_0054563,-2.650948,4.5768967
ISIC_0054564,-4.1713357,8.2660475
ISIC_0054565,-2.3468053,10.626579
ISIC_0054566,-3.6184955,9.234686
ISIC_0054568,-4.5629764,7.563953
ISIC_0054569,-2.306927,4.368855
ISIC_0054572,-2.593988,9.22044
ISIC_0054574,-1.0301702,8.139416
ISIC_0054575,-1.9651481,7.776448
ISIC_0054576,-3.3548744,4.4352417
ISIC_0054580,-0.4879052,7.059449
ISIC_0054582,-2.0821354,6.732078
ISIC_0054583,-2.559602,4.357055
ISIC_0054584,-1.978853,10.42911
ISIC_0054588,-2.3496144,7.399839
ISIC_0054591,-4.8779597,8.619914
ISIC_0054592,-0.7808413,6.645055
ISIC_0054593,-2.9822206,7.4436274
ISIC_0054594,-1.8489488,5.270884
ISIC_0054595,-0.78036636,5.6223035
ISIC_0054596,-1.6739131,9.628999
ISIC_0054597,-3.658225,8.566436
ISIC_0054598,-0.4350233,9.604798
ISIC_0054599,-4.790139,8.604551
ISIC_0054606,-6.57785,7.35628
ISIC_0054607,-5.815943,7.7963433
ISIC_0054608,-5.5920124,7.2451363
ISIC_0054612,0.56949556,8.341304
ISIC_0054618,-3.0490346,9.11188
ISIC_0054620,-3.8069618,6.11023
ISIC_0054621,-1.7099266,8.607144
ISIC_0054623,0.23447178,7.787271
ISIC_0054624,-3.5117304,5.0069113
ISIC_0054625,-0.09330344,9.41086
ISIC_0054629,-0.99449897,9.855493
ISIC_0054630,-5.9498644,7.2442384
ISIC_0054631,-4.4960265,8.993135
ISIC_0054632,-2.001129,10.602669
ISIC_0054633,1.6668727,9.179321
ISIC_0054634,-0.19279169,9.521139
ISIC_0054635,-2.6959836,7.826768
ISIC_0054637,-1.4742813,9.657679
ISIC_0054639,-3.8907685,4.2856426
ISIC_0054640,-5.235556,5.6284246
ISIC_0054641,-4.2210383,6.4091687
ISIC_0054643,-6.33376,5.4043837
ISIC_0054644,-2.9473147,3.4047353
ISIC_0054647,-1.7803085,4.9668894
ISIC_0054650,-4.162856,6.894702
ISIC_0054651,-4.45069,7.24958
ISIC_0054652,-4.860322,5.7690516
ISIC_0054653,-1.8981047,7.298037
ISIC_0054655,-6.6229186,8.346508
ISIC_0054656,-1.6503515,10.499003
ISIC_0054657,-2.845332,10.308013
ISIC_0054658,-0.19129989,8.631881
ISIC_0054660,-2.9316423,3.2196457
ISIC_0054661,0.24053782,6.9389358
ISIC_0054662,-4.0231633,3.9732435
ISIC_0054663,-3.1703935,9.752518
ISIC_0054665,-1.9857105,5.8343854
ISIC_0054666,-1.4349118,4.9887233
ISIC_0054668,-1.6682533,5.665747
ISIC_0054669,-4.5239344,8.693189
ISIC_0054670,-4.7400756,8.771695
ISIC_0054671,-4.336084,4.6236653
ISIC_0054673,-6.9202313,8.51407
ISIC_0054677,-3.4174776,5.6290665
ISIC_0054682,-5.924913,9.13054
ISIC_0054685,-6.4823856,8.547476
ISIC_0054687,-2.6166642,3.658058
ISIC_0054689,-0.33546773,10.011525
ISIC_0054690,-4.9866877,8.887706
ISIC_0054693,-0.77616787,6.0100803
ISIC_0054694,-2.7287831,7.0075107
ISIC_0054695,-1.8244315,9.640433
ISIC_0054696,-5.884191,5.7251477
ISIC_0054697,-4.856291,8.4911175
ISIC_0054701,-4.4412127,6.778996
ISIC_0054702,-4.7810764,7.419264
ISIC_0054703,-0.61865664,6.566622
ISIC_0054704,-4.579691,8.800729
ISIC_0054705,-2.7788646,5.424455
ISIC_0054714,-0.7807308,7.608587
ISIC_0054715,-3.8478692,6.8596687
ISIC_0054717,-1.3020332,7.6419997
ISIC_0054718,-3.6517982,5.795651
ISIC_0054719,-4.759585,7.0578017
ISIC_0054722,-0.49036208,10.041566
ISIC_0054723,-1.1492275,9.079352
ISIC_0054725,-0.59114146,9.862298
ISIC_0054726,-0.34142184,8.835903
ISIC_0054727,-2.9060385,5.7545547
ISIC_0054728,-2.1969583,5.650711
ISIC_0054731,-4.0476093,7.2075543
ISIC_0054732,-3.7064295,5.587593
ISIC_0054734,-0.48151496,8.958537
ISIC_0054737,-1.0958897,10.6477585
ISIC_0054738,-5.586263,9.107652
ISIC_0054739,-4.96194,8.520737
ISIC_0054741,-0.50286263,8.461201
ISIC_0054744,-2.8708236,5.537323
ISIC_0054746,-2.8509617,9.120398
ISIC_0054747,-4.421745,5.674323
ISIC_0054748,-2.002487,8.933723
ISIC_0054749,-4.3026943,8.446763
ISIC_0054751,-4.0494366,9.228108
ISIC_0054754,-0.17224103,8.167233
ISIC_0054756,-2.966845,8.1473875
ISIC_0054758,-2.826819,6.971895
ISIC_0054759,-0.55671686,7.851107
ISIC_0054760,0.31644753,8.814079
ISIC_0054763,0.5715799,6.9948006
ISIC_0054765,-0.85228986,9.498896
ISIC_0054767,-5.7016883,5.47412
ISIC_0054770,0.47220173,8.294872
ISIC_0054772,-2.2004588,4.388853
ISIC_0054773,-0.78131986,4.831615
ISIC_0054777,-3.8850138,5.3529434
ISIC_0054779,-4.976493,7.9270296
ISIC_0054783,-5.1675925,6.1187897
ISIC_0054787,-4.096978,6.048793
ISIC_0054789,-1.3912296,4.6751
ISIC_0054790,0.6879789,6.5024395
ISIC_0054792,-5.542765,8.559439
ISIC_0054793,-2.463223,5.6989393
ISIC_0054797,-4.3902817,8.774516
ISIC_0054798,-5.539793,8.473774
ISIC_0054799,-0.0054930276,10.10072
ISIC_0054800,-0.51048213,8.463873
ISIC_0054802,0.63235813,7.017708
ISIC_0054803,-1.3424801,8.14111
ISIC_0054809,-3.553622,5.554972
ISIC_0054810,-0.39160955,6.770486
ISIC_0054813,-1.9874457,10.555242
ISIC_0054814,-5.15761,7.33384
ISIC_0054815,-5.9027066,8.21955
ISIC_0054817,-5.1621633,8.982189
ISIC_0054819,-2.1599562,5.560771
ISIC_0054820,-0.3071826,8.888492
ISIC_0054821,-5.097098,5.5819764
ISIC_0054823,-5.1908865,9.259678
ISIC_0054825,0.047664516,9.054493
ISIC_0054827,-0.8684874,9.989135
ISIC_0054830,-1.3433765,10.546712
ISIC_0054834,-3.438472,7.9601035
ISIC_0054835,-0.48435605,5.534553
ISIC_0054836,-1.9084322,5.7833343
ISIC_0054838,-6.5833817,7.645503
ISIC_0054840,-5.377594,8.771617
ISIC_0054841,-3.370301,6.587611
ISIC_0054842,-2.2165253,7.511577
ISIC_0054843,-0.79251873,6.320164
ISIC_0054844,0.41824004,8.490833
ISIC_0054845,-5.0696754,8.06635
ISIC_0054848,-2.4199657,5.403648
ISIC_0054849,-1.8451108,7.6712313
ISIC_0054851,-0.47778144,8.318165
ISIC_0054852,-2.9773507,8.139828
ISIC_0054853,-3.1102962,5.064915
ISIC_0054854,-2.07569,4.8375072
ISIC_0054855,-0.19217296,7.3261743
ISIC_0054861,-0.21324117,5.399622
ISIC_0054865,-4.835326,6.5413365
ISIC_0054866,-0.7136375,10.253272
ISIC_0054867,-5.684067,8.79493
ISIC_0054869,-6.739263,7.5791845
ISIC_0054871,-4.589431,8.444303
ISIC_0054873,-2.0680232,9.170525
ISIC_0054874,-3.4877667,4.987904
ISIC_0054877,-2.124683,9.047956
ISIC_0054884,-2.8177092,9.883148
ISIC_0054887,-4.0705605,8.825986
ISIC_0054888,-1.9081267,4.580254
ISIC_0054889,-0.5175949,9.698579
ISIC_0054892,-0.1635211,9.537717
ISIC_0054893,-0.7986784,6.494569
ISIC_0054894,-0.6521889,8.834281
ISIC_0054895,0.11583496,8.717163
ISIC_0054896,-3.462801,4.693484
ISIC_0054897,-1.3306824,8.941243
ISIC_0054899,-0.17465965,8.012653
ISIC_0054900,-2.3689036,6.912474
ISIC_0054901,-5.2499747,8.9478655
ISIC_0054902,1.0271395,6.6025734
ISIC_0054904,-1.1093318,8.713397
ISIC_0054905,-2.2231748,9.79311
ISIC_0054906,-1.042176,9.528078
ISIC_0054907,-1.7233571,5.323916
ISIC_0054908,-2.3256502,3.9635413
ISIC_0054910,-3.9178286,6.013143
ISIC_0054912,-0.17534839,7.529116
ISIC_0054913,-3.82239,4.208045
ISIC_0054914,-3.343067,5.784349
ISIC_0054918,-2.724459,6.177628
ISIC_0054919,0.31812206,6.745115
ISIC_0054921,-1.8147291,5.0251927
ISIC_0054923,-4.7760825,6.3259892
ISIC_0054924,-0.35647246,6.1683383
ISIC_0054925,-3.2722461,5.881965
ISIC_0054928,-2.544196,10.535167
ISIC_0054929,-0.31502628,6.349234
ISIC_0054930,-2.3358152,6.8456755
ISIC_0054935,-0.6821717,6.776608
ISIC_0054936,-4.6473255,6.256688
ISIC_0054937,-3.9869614,6.338172
ISIC_0054938,-0.17015582,7.7289424
ISIC_0054939,-2.5363915,7.5382466
ISIC_0054940,-4.973581,8.690016
ISIC_0054941,-2.5280318,10.244462
ISIC_0054942,-1.465498,5.3302813
ISIC_0054947,-6.444408,8.284496
ISIC_0054948,-3.494583,7.4599404
ISIC_0054949,-0.5827613,8.877144
ISIC_0054951,-2.2949984,9.483985
ISIC_0054958,-4.6252637,8.613766
ISIC_0054959,-4.3451757,4.4741316
ISIC_0054961,0.37621716,7.3153815
ISIC_0054963,-5.0403967,7.4503355
ISIC_0054964,-4.642727,8.34477
ISIC_0054969,-2.6768892,4.6679397
ISIC_0054970,0.68451303,7.407765
ISIC_0054971,-6.4867096,7.871762
ISIC_0054972,-3.208768,4.02435
ISIC_0054973,-2.1758199,10.71921
ISIC_0054974,-3.8177722,6.3239145
ISIC_0054975,-0.31026053,8.574179
ISIC_0054976,-3.6985545,4.355943
ISIC_0054977,-0.494001,10.03099
ISIC_0054979,0.6470474,8.13015
ISIC_0054980,-4.6271863,9.18184
ISIC_0054981,-1.1313909,5.6887174
ISIC_0054982,-2.6778898,6.1849475
ISIC_0054983,-5.1042356,7.456139
ISIC_0054986,-3.2373505,6.903719
ISIC_0054988,-4.071621,5.0894322
ISIC_0054990,-2.2195632,6.4931183
ISIC_0054993,-2.6065454,3.6188207
ISIC_0054995,0.052029185,8.085631
ISIC_0055001,-0.14730965,9.792583
ISIC_0055002,-0.7043948,9.367383
ISIC_0055004,-3.0155878,8.939031
ISIC_0055010,-1.5081542,5.3930783
ISIC_0055016,-3.1308837,5.9282146
ISIC_0055019,-1.4462353,9.92351
ISIC_0055021,-4.1426373,8.740169
ISIC_0055022,-5.6729264,7.537108
ISIC_0055024,-5.695331,8.062484
ISIC_0055025,-6.4720597,6.7262135
ISIC_0055027,0.39721116,9.617484
ISIC_0055031,-2.9225712,10.522188
ISIC_0055032,-0.17017846,9.698854
ISIC_0055035,-0.17169015,9.271767
ISIC_0055036,-2.0419567,8.969578
ISIC_0055037,-5.2608724,7.681981
ISIC_0055038,-2.2639883,6.9071
ISIC_0055039,-2.4020813,4.7437224
ISIC_0055042,-1.0278865,7.861282
ISIC_0055044,-5.782467,7.7049212
ISIC_0055047,-5.4273577,8.645323
ISIC_0055048,-1.6061339,9.102476
ISIC_0055050,-0.08720898,8.912819
ISIC_0055051,-0.23815806,4.988007
ISIC_0055052,-3.501548,4.3697944
ISIC_0055054,-5.8583207,6.3168335
ISIC_0055056,0.03818741,9.509579
ISIC_0055058,-0.92383397,6.3962526
ISIC_0055060,-2.7397306,5.511349
ISIC_0055061,-4.097817,4.9069858
ISIC_0055062,-1.574196,6.579245
ISIC_0055063,-0.7466063,8.453657
ISIC_0055064,-2.421388,6.7872763
ISIC_0055065,-1.5073007,5.2031813
ISIC_0055067,-1.5947626,10.333591
ISIC_0055068,-3.414768,3.9954348
ISIC_0055072,-2.4088316,3.6429605
ISIC_0055073,-1.3435274,9.690801
ISIC_0055074,0.28874248,9.599704
ISIC_0055075,-3.1556425,8.620701
ISIC_0055079,-2.7492661,4.788822
ISIC_0055081,0.591536,10.1144905
ISIC_0055083,-5.845776,7.266847
ISIC_0055085,-0.16719356,7.2326307
ISIC_0055086,-3.3887954,4.98749
ISIC_0055087,-1.3267051,5.250061
ISIC_0055089,-0.41060618,6.525485
ISIC_0055090,1.9441668,9.221591
ISIC_0055091,-1.220797,5.6607275
ISIC_0055098,-0.51821804,9.659126
ISIC_0055099,-2.6211069,10.024799
ISIC_0055102,-3.017567,7.862304
ISIC_0055107,-2.0772448,4.9835143
ISIC_0055109,-1.9553391,10.00362
ISIC_0055110,0.21305104,6.730618
ISIC_0055111,-1.6222572,4.9588213
ISIC_0055112,-1.1407545,5.195255
ISIC_0055114,-4.3512063,8.875263
ISIC_0055116,1.1901478,8.137343
ISIC_0055121,-2.7309265,4.422584
ISIC_0055122,-6.1315284,8.637809
ISIC_0055124,-4.341471,6.170244
ISIC_0055125,-1.347785,10.585301
ISIC_0055130,-0.69972545,8.726065
ISIC_0055131,-2.5398548,8.149573
ISIC_0055133,-3.4797559,3.8325567
ISIC_0055135,-1.191048,5.650205
ISIC_0055136,-3.385539,4.735573
ISIC_0055141,-1.5980506,10.608605
ISIC_0055143,-1.5630171,7.6023054
ISIC_0055146,-2.4385839,5.929718
ISIC_0055147,-0.50761694,8.4505
ISIC_0055150,-1.6501974,6.8362556
ISIC_0055151,-0.001507251,9.861081
ISIC_0055152,0.16084485,10.277863
ISIC_0055154,-1.7663376,9.339961
ISIC_0055156,-5.302837,6.742838
ISIC_0055159,-0.12994736,7.336679
ISIC_0055161,0.57173735,7.6498175
ISIC_0055164,-1.7877779,6.0956125
ISIC_0055166,-2.2938867,6.847998
ISIC_0055167,-1.0222555,10.284985
ISIC_0055174,-3.5767412,6.3533072
ISIC_0055175,-0.016030425,8.45291
ISIC_0055179,-0.20280747,9.735909
ISIC_0055180,-4.0611515,9.425904
ISIC_0055181,-3.5980048,5.573842
ISIC_0055182,-3.4970562,7.831783
ISIC_0055183,-2.116603,10.328525
ISIC_0055184,-3.424573,4.821814
ISIC_0055185,0.089589074,9.24263
ISIC_0055186,-2.6440043,5.8853416
ISIC_0055187,-1.8895043,10.882512
ISIC_0055188,-4.752109,7.4929514
ISIC_0055189,-3.266648,4.744131
ISIC_0055191,-6.8979545,7.4833074
ISIC_0055193,-4.426152,9.130667
ISIC_0055194,-5.3063917,8.973462
ISIC_0055195,-1.4286579,5.7612705
ISIC_0055197,-2.3524516,4.403897
ISIC_0055199,-4.1116395,8.755574
ISIC_0055201,-3.2687101,7.7382393
ISIC_0055202,-5.8531632,7.03299
ISIC_0055204,-0.59185416,7.447311
ISIC_0055205,-0.31579655,5.0942397
ISIC_0055207,-5.8542085,8.219383
ISIC_0055208,-3.449327,4.414311
ISIC_0055212,-5.664449,7.8544292
ISIC_0055214,-5.4374976,7.403634
ISIC_0055217,-1.8393877,6.186005
ISIC_0055223,1.7416962,9.271096
ISIC_0055224,-6.6474805,7.8864126
ISIC_0055225,-3.5149775,8.22101
ISIC_0055226,-0.83086604,8.964154
ISIC_0055227,0.46753058,9.906062
ISIC_0055232,-4.172983,8.612273
ISIC_0055234,0.1333317,8.742042
ISIC_0055235,-1.487267,6.5274143
ISIC_0055236,0.41730142,7.1089616
ISIC_0055240,-4.157398,7.2048883
ISIC_0055241,-3.2767107,5.276783
ISIC_0055242,-5.0027347,5.7189837
ISIC_0055243,-0.70233285,5.132746
ISIC_0055245,-3.1757116,8.400383
ISIC_0055246,-2.8031168,4.310132
ISIC_0055248,-5.9691296,8.190591
ISIC_0055249,0.596192,10.090748
ISIC_0055250,-0.29511964,6.693791
ISIC_0055251,-3.7052367,5.396654
ISIC_0055256,-4.1042733,6.4563136
ISIC_0055257,-1.506522,10.702088
ISIC_0055258,-2.9498096,5.060939
ISIC_0055259,0.32587993,8.337135
ISIC_0055261,-4.867485,8.75589
ISIC_0055262,-1.8704365,5.831946
ISIC_0055263,0.37116694,9.851907
ISIC_0055264,-2.38254,5.0598435
ISIC_0055265,-0.04741442,7.248497
ISIC_0055266,-2.9089413,7.808854
ISIC_0055268,0.94233906,6.619942
ISIC_0055269,-2.3509018,9.6371975
ISIC_0055270,-0.7172824,7.3487673
ISIC_0055271,-4.434159,9.331793
ISIC_0055273,-1.0545746,5.3288865
ISIC_0055274,-0.13141865,7.3649154
ISIC_0055276,-3.6783118,6.979542
ISIC_0055282,-3.5450463,6.3862333
ISIC_0055283,-6.0659857,8.425995
ISIC_0055289,-5.4165025,6.8997393
ISIC_0055291,-0.7922814,6.26601
ISIC_0055293,-1.0466073,6.342087
ISIC_0055294,-3.0127692,5.5589566
ISIC_0055295,0.3464703,7.838509
ISIC_0055297,-3.21124,6.0095663
ISIC_0055298,0.5136627,7.921244
ISIC_0055302,-0.3880123,5.602085
ISIC_0055305,-5.6789713,8.474754
ISIC_0055307,-0.66719645,9.769661
ISIC_0055308,-1.8522433,10.053556
ISIC_0055309,1.6881573,9.378323
ISIC_0055311,-5.4781137,6.4570236
ISIC_0055312,-0.16919428,9.540392
ISIC_0055314,-0.34401825,8.845038
ISIC_0055318,-3.2218473,4.420959
ISIC_0055319,-3.4540198,8.629868
ISIC_0055320,-1.342982,10.020031
ISIC_0055321,-2.743436,9.208757
ISIC_0055322,-6.908492,8.4497
ISIC_0055325,-3.4238467,3.9276996
ISIC_0055328,0.6265342,9.258538
ISIC_0055329,-4.841277,6.8829665
ISIC_0055330,-0.15333073,7.82391
ISIC_0055331,0.24039648,9.105554
ISIC_0055332,-6.341169,7.691342
ISIC_0055337,-3.2244468,4.91294
ISIC_0055338,-4.0320096,6.266184
ISIC_0055340,-2.871222,6.8153343
ISIC_0055344,-1.7845085,10.009292
ISIC_0055346,-3.8172548,7.935367
ISIC_0055347,-3.6476438,9.299106
ISIC_0055349,-4.531576,8.6774235
ISIC_0055351,-3.6635263,8.431308
ISIC_0055353,-5.26229,9.009458
ISIC_0055355,-2.1047158,4.259737
ISIC_0055356,-1.467811,8.422561
ISIC_0055359,-4.8318477,5.6039834
ISIC_0055362,-2.1077354,10.733884
ISIC_0055363,-0.734323,7.930414
ISIC_0055364,-1.469822,9.59356
ISIC_0055365,-4.4397197,5.637081
ISIC_0055367,-2.537061,5.7305202
ISIC_0055368,-5.6021996,7.648872
ISIC_0055369,-5.7993135,8.768674
ISIC_0055371,-5.0712395,8.822239
ISIC_0055375,-1.3233347,6.339543
ISIC_0055380,-3.0155108,4.9767776
ISIC_0055381,-3.9312418,9.112745
ISIC_0055382,-0.48455495,6.455662
ISIC_0055385,-4.17108,6.8574567
ISIC_0055387,-1.2195358,5.478358
ISIC_0055388,-5.1083794,9.20424
ISIC_0055389,-0.12147615,9.983482
ISIC_0055390,-1.2672902,9.734611
ISIC_0055391,-4.4580398,5.9412847
ISIC_0055392,-1.0618856,9.681028
ISIC_0055393,0.5562784,9.98984
ISIC_0055394,-1.6223326,8.498742
ISIC_0055395,-2.0484927,9.784869
ISIC_0055397,-1.495435,5.9712605
ISIC_0055398,0.6055482,7.5845265
ISIC_0055401,-1.1788809,5.4188056
ISIC_0055406,-4.986369,8.479542
ISIC_0055409,-4.831453,8.48934
ISIC_0055410,-4.0541906,8.421212
ISIC_0055412,-1.738603,5.8738647
ISIC_0055414,-3.7342846,4.5827155
ISIC_0055415,-1.9342304,9.338568
ISIC_0055416,-4.204788,6.7707
ISIC_0055417,0.10435419,8.815458
ISIC_0055418,-0.7568018,6.5936174
ISIC_0055419,-5.823163,7.5392013
ISIC_0055420,-4.0866976,8.475926
ISIC_0055421,0.24588507,9.721795
ISIC_0055423,-3.2512522,6.0485086
ISIC_0055425,0.5533189,7.9084063
ISIC_0055426,-3.0931823,5.2263083
ISIC_0055429,-4.2538548,5.9278073
ISIC_0055431,-0.33380112,10.566081
ISIC_0055437,-6.153539,7.795216
ISIC_0055438,-5.701428,5.3885036
ISIC_0055440,-5.785623,8.765364
ISIC_0055444,-3.2691293,4.506939
ISIC_0055445,-3.8334138,8.76238
ISIC_0055449,-1.9237057,4.958036
ISIC_0055451,-4.825732,6.0508575
ISIC_0055452,-0.3320426,8.341512
ISIC_0055453,-2.2542236,5.738747
ISIC_0055454,0.2117188,9.206707
ISIC_0055455,-0.7581023,5.280543
ISIC_0055461,-4.079331,5.4199724
ISIC_0055462,0.44083634,9.447301
ISIC_0055464,0.07342814,8.919383
ISIC_0055465,-1.3896523,8.897219
ISIC_0055467,-2.4820635,4.464552
ISIC_0055469,-2.089338,5.930201
ISIC_0055471,0.3680273,9.506271
ISIC_0055472,-0.39956817,7.597664
ISIC_0055474,-5.1624722,8.399918
ISIC_0055475,0.52519476,9.520771
ISIC_0055476,-3.5965545,4.780372
ISIC_0055477,0.32565132,10.0583725
ISIC_0055478,-1.815271,4.7245073
ISIC_0055483,-5.339713,8.870119
ISIC_0055486,-2.246247,9.656503
ISIC_0055492,0.2810368,8.439504
ISIC_0055493,-0.061243396,8.392771
ISIC_0055494,-0.5303302,7.5854087
ISIC_0055496,-4.918356,6.8103795
ISIC_0055497,-1.3999157,7.450202
ISIC_0055500,-0.2555196,6.0823817
ISIC_0055501,-0.289594,8.157945
ISIC_0055503,-5.02751,6.4626656
ISIC_0055504,-4.2818384,8.87352
ISIC_0055507,-4.3036833,4.7925506
ISIC_0055510,-4.6895595,8.410457
ISIC_0055511,-5.711731,7.1446347
ISIC_0055513,-2.2712557,9.47693
ISIC_0055517,0.36666325,9.023174
ISIC_0055518,-5.814894,7.379152
ISIC_0055519,-2.743527,4.1386547
ISIC_0055520,-2.6690564,5.9589906
ISIC_0055525,-1.105964,5.544128
ISIC_0055527,0.12112158,7.1331277
ISIC_0055528,-1.3206426,7.812381
ISIC_0055529,-1.6954525,7.3305717
ISIC_0055534,1.9281352,9.2539425
ISIC_0055543,-0.74834025,4.9009266
ISIC_0055546,-2.104475,4.958219
ISIC_0055547,-4.8811917,6.2296906
ISIC_0055548,-2.1292353,5.985148
ISIC_0055550,-4.0386586,5.92083
ISIC_0055551,-0.033913452,8.54328
ISIC_0055552,-4.3403664,7.523315
ISIC_0055553,-2.5633836,9.463939
ISIC_0055554,-1.953675,6.7662735
ISIC_0055557,-4.1568766,6.74064
ISIC_0055559,-2.109131,5.3120832
ISIC_0055560,-5.2441893,7.8002973
ISIC_0055561,-1.8920101,10.204013
ISIC_0055562,-4.049725,7.2020817
ISIC_0055566,-5.8148017,8.599574
ISIC_0055567,-4.6905775,6.6171465
ISIC_0055569,-0.8273821,10.113969
ISIC_0055570,-3.144603,4.423779
ISIC_0055571,-2.3311818,6.026432
ISIC_0055572,-0.22884417,6.5323977
ISIC_0055578,-2.1380243,6.2849793
ISIC_0055579,-0.04218088,10.421784
ISIC_0055582,-1.5334778,6.059268
ISIC_0055584,0.48047677,8.132696
ISIC_0055586,-2.93238,9.946783
ISIC_0055590,-3.5694616,7.1019354
ISIC_0055591,-5.0558877,8.561699
ISIC_0055592,-2.5320737,4.760285
ISIC_0055593,0.13462043,10.320763
ISIC_0055596,-2.858233,5.444122
ISIC_0055601,-3.8271325,5.738456
ISIC_0055602,-3.1625707,7.3584
ISIC_0055603,-5.2703853,9.044577
ISIC_0055604,-1.2180781,5.5311804
ISIC_0055606,-5.689467,8.450366
ISIC_0055608,-5.626284,6.799001
ISIC_0055609,-0.93104905,6.518498
ISIC_0055613,-1.1566348,7.6083837
ISIC_0055616,-0.14967827,7.2329693
ISIC_0055618,0.21428129,7.008944
ISIC_0055619,-1.3896915,4.432075
ISIC_0055621,-6.2228775,8.73364
ISIC_0055622,0.47555587,9.547371
ISIC_0055623,0.40503812,9.130368
ISIC_0055624,-2.7235477,4.3364635
ISIC_0055625,-0.8438928,10.55114
ISIC_0055626,-0.1159159,5.7054234
ISIC_0055631,0.19636327,6.7456417
ISIC_0055635,-6.6239915,7.653498
ISIC_0055636,-0.104571305,9.820535
ISIC_0055640,-3.5865538,5.0011916
ISIC_0055641,-0.48869255,8.808385
ISIC_0055643,-1.0060861,10.1114435
ISIC_0055647,-4.242167,7.562451
ISIC_0055649,-0.47993734,6.822657
ISIC_0055659,-3.81373,6.1012406
ISIC_0055661,-1.3602022,7.1782074
ISIC_0055665,0.2537229,8.670807
ISIC_0055667,-2.3539655,6.5921516
ISIC_0055669,-5.126753,5.8829885
ISIC_0055671,-4.1337433,8.677036
ISIC_0055673,-2.5772924,7.7154803
ISIC_0055679,-5.5702233,8.605669
ISIC_0055680,-4.89007,8.469458
ISIC_0055682,-0.8666868,10.454445
ISIC_0055684,-3.217357,7.1957774
ISIC_0055685,-0.14682803,7.651839
ISIC_0055688,-6.1491976,7.15918
ISIC_0055689,-1.5215564,9.6137
ISIC_0055690,-2.9720337,4.48889
ISIC_0055691,-4.124265,4.0091033
ISIC_0055692,-4.2042327,6.2358303
ISIC_0055695,-4.2027783,7.0994387
ISIC_0055696,-5.5863724,7.591618
ISIC_0055698,-4.612876,8.025106
ISIC_0055699,-3.6038816,4.274428
ISIC_0055700,-0.87335414,7.235683
ISIC_0055701,0.37051868,9.4371
ISIC_0055703,-2.2640097,9.331843
ISIC_0055705,-4.9130836,5.36047
ISIC_0055706,-2.1740277,7.6188073
ISIC_0055707,0.3591662,7.2222853
ISIC_0055708,-2.3991024,7.704869
ISIC_0055709,0.46352804,9.304369
ISIC_0055711,-1.9696672,10.612561
ISIC_0055712,-0.7704423,6.236274
ISIC_0055714,-6.1268034,7.803495
ISIC_0055717,-1.0691248,8.851879
ISIC_0055720,-4.747485,6.145931
ISIC_0055722,-1.8983855,8.904893
ISIC_0055723,-6.466982,7.8041263
ISIC_0055724,-3.2069685,7.561575
ISIC_0055729,-1.4663024,10.457726
ISIC_0055730,-3.789808,8.579987
ISIC_0055731,-1.4901947,6.7823586
ISIC_0055732,-3.333685,8.230949
ISIC_0055733,-2.4931097,5.4594126
ISIC_0055735,-1.8996241,7.5576434
ISIC_0055737,-5.963729,8.640697
ISIC_0055738,-2.10992,6.128158
ISIC_0055742,0.33026505,9.689416
ISIC_0055743,-1.1370937,5.6612678
ISIC_0055744,-1.8646954,6.1999393
ISIC_0055748,-1.7740715,4.8560624
ISIC_0055749,-4.5348353,8.496838
ISIC_0055751,-4.0095854,4.7124887
ISIC_0055753,-3.7406685,3.661929
ISIC_0055755,-4.7022524,9.0231
ISIC_0055756,-3.0255306,6.0986123
ISIC_0055758,-0.05216909,9.035729
ISIC_0055759,-0.71840584,8.606985
ISIC_0055761,-2.281759,4.7427397
ISIC_0055762,-0.006794426,9.262469
ISIC_0055764,-0.5418706,8.578224
ISIC_0055766,-2.5613482,4.478613
ISIC_0055767,0.5562527,7.665342
ISIC_0055768,-2.12837,7.219278
ISIC_0055771,0.5489297,9.912137
ISIC_0055773,-0.8213257,5.6923494
ISIC_0055774,-5.253295,8.932701
ISIC_0055775,-3.7109625,9.187
ISIC_0055776,0.5098233,9.402486
ISIC_0055778,-4.5221043,7.6925745
ISIC_0055779,-0.97852826,7.3279934
ISIC_0055780,-3.5395231,6.673028
ISIC_0055781,-4.8364806,7.550643
ISIC_0055783,-4.9542336,7.456947
ISIC_0055788,-1.1215333,10.612787
ISIC_0055789,0.7586131,7.4234514
ISIC_0055790,-0.5326754,5.6821685
ISIC_0055791,-1.9565449,7.2941217
ISIC_0055792,0.09752223,9.518683
ISIC_0055796,-2.4287667,4.0355983
ISIC_0055797,-3.3619816,5.670954
ISIC_0055799,-1.4514326,5.6332054
ISIC_0055800,-3.506168,6.520717
ISIC_0055802,-1.0909638,5.7547016
ISIC_0055807,-2.104766,9.249018
ISIC_0055809,-0.72774714,7.131833
ISIC_0055811,-1.134134,10.477865
ISIC_0055812,-3.2481942,6.499267
ISIC_0055813,-3.7367964,5.522287
ISIC_0055814,-1.3114039,6.53038
ISIC_0055816,-2.1650329,10.2273445
ISIC_0055818,-3.3628743,4.5903006
ISIC_0055819,-2.381053,5.6628428
ISIC_0055820,-2.91994,5.8476996
ISIC_0055821,-4.0658736,8.461069
ISIC_0055822,-4.4252033,8.598987
ISIC_0055825,-2.4315631,7.5760474
ISIC_0055828,-1.8224211,5.440798
ISIC_0055829,0.31663084,9.766319
ISIC_0055830,-2.8255696,9.260802
ISIC_0055832,-3.0724924,4.92271
ISIC_0055833,-4.4296284,7.8462486
ISIC_0055834,-2.2592425,5.0511956
ISIC_0055838,0.0026236488,5.657211
ISIC_0055840,-0.4563365,9.638644
ISIC_0055841,-3.0059204,9.647583
ISIC_0055844,-3.3515673,8.0446615
ISIC_0055851,-1.1193656,6.059538
ISIC_0055853,-2.693457,9.552204
ISIC_0055854,0.35483158,8.831425
ISIC_0055859,-0.2919471,8.686558
ISIC_0055860,-1.4402161,10.611372
ISIC_0055862,-2.5422566,4.382482
ISIC_0055863,-2.4114785,6.2899265
ISIC_0055864,-4.554851,4.6520987
ISIC_0055865,-1.8170358,9.264306
ISIC_0055867,0.030809572,9.112767
ISIC_0055870,-0.89587694,6.2964573
ISIC_0055871,-1.4255732,10.696027
ISIC_0055874,-4.6726856,8.180926
ISIC_0055875,-0.63349664,6.231057
ISIC_0055876,-5.8615823,8.22041
ISIC_0055877,-1.048935,10.606419
ISIC_0055882,-2.4001336,7.8216968
ISIC_0055883,-3.219761,6.8555512
ISIC_0055885,0.36398876,5.896286
ISIC_0055886,-3.3025856,7.67077
ISIC_0055887,-1.2249684,10.519156
ISIC_0055888,-5.681097,6.843468
ISIC_0055889,0.502276,7.379454
ISIC_0055890,0.129702,9.900198
ISIC_0055892,-0.10506092,8.804184
ISIC_0055895,-1.0713605,6.0659723
ISIC_0055896,-0.051134884,6.4483867
ISIC_0055897,-5.1745744,8.55099
ISIC_0055899,-1.5881716,6.095307
ISIC_0055900,0.7827396,7.292621
ISIC_0055904,-2.965354,7.5825577
ISIC_0055905,-2.7790556,6.108593
ISIC_0055906,-5.976193,7.946475
ISIC_0055907,-2.903621,4.2944407
ISIC_0055908,-2.9331539,3.7409782
ISIC_0055910,-0.86466813,10.336995
ISIC_0055911,-5.049119,7.4684763
ISIC_0055912,-3.81539,8.51819
ISIC_0055913,-3.1353838,7.9967766
ISIC_0055916,-0.4939579,5.304117
ISIC_0055917,-7.0009284,8.488381
ISIC_0055920,-1.0907913,4.742473
ISIC_0055923,-5.0285497,7.4619203
ISIC_0055925,-1.062319,6.794365
ISIC_0055926,-4.4050922,5.008798
ISIC_0055927,-5.782656,6.053933
ISIC_0055930,-1.8616272,5.51941
ISIC_0055931,-1.5943173,6.2401066
ISIC_0055935,-3.0699236,4.9668455
ISIC_0055936,-4.5128007,7.587491
ISIC_0055937,0.70175695,7.690689
ISIC_0055938,0.5665426,9.846527
ISIC_0055939,-3.7878973,4.9586186
ISIC_0055942,0.08902625,9.161479
ISIC_0055943,-2.805784,8.642957
ISIC_0055944,0.3343638,8.0715275
ISIC_0055949,-1.0883825,10.691491
ISIC_0055951,0.13237046,8.370876
ISIC_0055953,0.14345112,8.6244955
ISIC_0055954,0.17635642,9.411738
ISIC_0055955,-2.4855163,7.282498
ISIC_0055956,-2.6606889,6.2974367
ISIC_0055958,0.3108352,7.8483586
ISIC_0055960,-0.6580569,5.9793677
ISIC_0055961,-1.5773944,5.5516
ISIC_0055963,-1.13899,7.0604544
ISIC_0055966,-4.0360136,9.839693
ISIC_0055967,0.16016193,9.977379
ISIC_0055969,-0.022360625,9.485616
ISIC_0055974,-1.2596053,8.6376705
ISIC_0055977,-1.7633966,7.279485
ISIC_0055979,-4.998384,8.574833
ISIC_0055981,1.378419,9.503137
ISIC_0055982,-1.6587149,5.4608684
ISIC_0055983,-3.1512733,4.9069495
ISIC_0055984,-2.4035544,4.4822154
ISIC_0055985,-5.2345986,6.6656914
ISIC_0055986,-1.3962904,6.551262
ISIC_0055987,-5.3503,8.429937
ISIC_0055988,-1.1573529,10.2985325
ISIC_0055989,-0.06735868,9.966094
ISIC_0055990,-5.681375,9.205376
ISIC_0055993,-0.23340574,9.4749565
ISIC_0055997,-4.4805994,7.7993
ISIC_0055999,1.6065465,9.082585
ISIC_0056001,0.83535326,7.3846793
ISIC_0056002,-0.66630626,5.7723207
ISIC_0056005,-0.771951,6.4573812
ISIC_0056007,-6.5640707,7.627662
ISIC_0056008,-3.8556254,4.939751
ISIC_0056009,-4.9825063,7.8155394
ISIC_0056011,-0.5142417,9.974476
ISIC_0056013,-4.2674313,8.417405
ISIC_0056014,-1.4162238,7.4864383
ISIC_0056016,-0.74912715,6.1219025
ISIC_0056017,-3.3654826,4.6416445
ISIC_0056019,-2.9021344,4.596678
ISIC_0056020,-0.59991044,9.868824
ISIC_0056024,-3.4056945,9.33824
ISIC_0056026,-3.6766412,4.6418486
ISIC_0056027,-0.5988649,6.013714
ISIC_0056029,-1.4967871,9.939558
ISIC_0056033,-0.6965771,10.27588
ISIC_0056035,-2.4982672,5.6677837
ISIC_0056036,-2.9779003,5.1213875
ISIC_0056037,-0.3592457,10.006911
ISIC_0056038,-4.5096407,4.8286133
ISIC_0056039,-0.3592598,9.8811455
ISIC_0056040,0.18840739,10.275862
ISIC_0056041,-5.8811903,8.221626
ISIC_0056044,-1.8816426,6.6924314
ISIC_0056045,-0.6266847,9.469074
ISIC_0056047,-2.293388,6.1186876
ISIC_0056049,-4.7003636,7.098425
ISIC_0056050,-4.5719414,8.793512
ISIC_0056051,-0.8036543,9.629031
ISIC_0056052,-3.9291158,6.322338
ISIC_0056053,-1.0135133,9.963149
ISIC_0056054,0.046383183,9.555722
ISIC_0056055,-4.7279267,8.430655
ISIC_0056058,-0.7731954,6.3786826
ISIC_0056059,-0.47321177,7.6752744
ISIC_0056061,-2.409965,4.979076
ISIC_0056063,-4.770051,9.169565
ISIC_0056064,-6.3011446,8.462716
ISIC_0056065,-0.60696363,8.4575405
ISIC_0056068,-6.1614943,8.81273
ISIC_0056071,0.2962056,9.474241
ISIC_0056073,-0.9635598,4.871312
ISIC_0056074,-5.5457606,7.1083612
ISIC_0056077,-3.9746497,9.515201
ISIC_0056078,-4.4904113,7.548935
ISIC_0056079,0.6290165,9.691436
ISIC_0056082,-1.595575,5.061506
ISIC_0056083,-1.0549971,10.084637
ISIC_0056085,-5.8092337,7.0523114
ISIC_0056088,-1.6488882,5.0316095
ISIC_0056089,-4.7034855,4.9651146
ISIC_0056092,-2.3220336,5.521682
ISIC_0056094,0.18377368,9.1402
ISIC_0056095,-1.2053028,6.1930213
ISIC_0056097,-3.2850273,6.098337
ISIC_0056099,-1.7616817,4.712622
ISIC_0056101,-0.20428286,5.622036
ISIC_0056103,-2.8959513,7.1632733
ISIC_0056105,-0.39431554,6.1485972
ISIC_0056106,-0.03383126,7.4406514
ISIC_0056107,-2.8412077,5.0058446
ISIC_0056108,-4.510405,8.050498
ISIC_0056109,-2.5279057,5.6949806
ISIC_0056110,-6.256422,8.896281
ISIC_0056111,-5.1148224,6.412183
ISIC_0056112,-5.6476417,8.560139
ISIC_0056113,-4.5697026,6.5165567
ISIC_0056114,-2.6284003,6.9959874
ISIC_0056117,-2.2506995,5.6872144
ISIC_0056118,0.49706736,9.169105
ISIC_0056122,-0.6850729,5.7461357
ISIC_0056124,-3.3146265,4.5312333
ISIC_0056126,1.4747338,8.961113
ISIC_0056129,-2.357806,9.022476
ISIC_0056130,0.54237187,7.3121037
ISIC_0056132,-6.193838,8.354276
ISIC_0056133,-2.7660847,4.7386336
ISIC_0056136,-4.691597,4.640419
ISIC_0056138,-1.0805541,9.750006
ISIC_0056139,-2.323994,5.3924575
ISIC_0056141,-2.8755045,9.795405
ISIC_0056142,0.13403992,7.6557503
ISIC_0056145,-0.112860896,9.12565
ISIC_0056146,-3.6684067,9.285545
ISIC_0056147,-6.6418386,7.964709
ISIC_0056149,-4.5128174,9.406816
ISIC_0056150,-0.23421521,9.336018
ISIC_0056151,-5.5731516,7.140885
ISIC_0056152,-5.410659,7.8668776
ISIC_0056154,-1.3069183,5.744393
ISIC_0056155,-0.1455433,10.042107
ISIC_0056156,-6.041833,8.013731
ISIC_0056157,-0.44574735,6.2463503
ISIC_0056165,-1.0928664,10.203929
ISIC_0056166,0.040239975,9.0344305
ISIC_0056167,-0.41830835,10.095199
ISIC_0056168,-5.618361,7.8810253
ISIC_0056170,-6.1516504,7.460175
ISIC_0056172,-0.83897454,8.605918
ISIC_0056173,-2.94851,4.470542
ISIC_0056176,-0.25274158,9.83748
ISIC_0056177,0.19917361,9.069403
ISIC_0056178,0.26697648,9.139083
ISIC_0056180,-5.3156877,8.950936
ISIC_0056181,-3.4036527,6.2833314
ISIC_0056182,-5.7986145,6.0065727
ISIC_0056185,-2.9180644,4.947867
ISIC_0056186,-3.6522927,4.6179757
ISIC_0056187,-1.843449,4.955374
ISIC_0056188,-5.462519,9.019014
ISIC_0056189,-1.8334392,4.753523
ISIC_0056190,0.5002283,9.345484
ISIC_0056192,-1.7628694,4.9875646
ISIC_0056194,-1.4280599,7.3866544
ISIC_0056195,-0.82270443,6.6232634
ISIC_0056196,-2.412569,9.329264
ISIC_0056201,-0.48457408,8.908189
ISIC_0056202,-4.3070884,5.875962
ISIC_0056203,-2.8487146,10.274307
ISIC_0056205,-3.1362011,5.200567
ISIC_0056206,0.20166261,8.630581
ISIC_0056207,-3.7646308,6.443104
ISIC_0056210,-2.8147287,5.4899554
ISIC_0056211,-0.09317598,9.618971
ISIC_0056212,-0.81455773,6.431669
ISIC_0056213,-4.2662826,8.1411295
ISIC_0056214,-0.8128177,7.484665
ISIC_0056217,-2.4993665,5.115447
ISIC_0056219,-2.3730912,9.252011
ISIC_0056220,-0.21486972,9.791674
ISIC_0056221,0.4867969,8.77979
ISIC_0056222,-4.0702243,8.521702
ISIC_0056225,-6.4909897,8.50931
ISIC_0056228,-1.007057,10.294006
ISIC_0056229,-1.471591,7.2318087
ISIC_0056232,-5.542682,5.436653
ISIC_0056234,-3.8917973,9.514483
ISIC_0056235,0.25599393,9.567623
ISIC_0056236,-0.62330294,6.3464246
ISIC_0056239,-4.1445785,5.806087
ISIC_0056241,-4.496894,7.83356
ISIC_0056247,-1.9360398,9.822659
ISIC_0056248,-4.726848,7.533515
ISIC_0056251,-4.374395,9.145362
ISIC_0056252,-5.4408274,9.367434
ISIC_0056253,-4.510215,8.974925
ISIC_0056255,-0.8356904,4.854234
ISIC_0056256,-1.7062783,10.654781
ISIC_0056258,-5.7940435,6.906124
ISIC_0056259,-1.2063433,5.994892
ISIC_0056260,-4.524378,7.9151497
ISIC_0056261,-1.1153777,10.342212
ISIC_0056263,0.12719272,6.736458
ISIC_0056265,-0.451846,8.797042
ISIC_0056269,-3.9111404,6.512905
ISIC_0056270,-6.2406993,7.929335
ISIC_0056271,-0.21453422,7.170484
ISIC_0056273,-3.1810522,7.402409
ISIC_0056274,-1.7726312,9.533934
ISIC_0056275,-0.09258973,8.308765
ISIC_0056276,-1.4082365,10.461552
ISIC_0056278,-0.86341,6.392471
ISIC_0056280,-4.6510773,7.0522385
ISIC_0056281,-0.3475777,7.592199
ISIC_0056282,-1.4379795,5.2772803
ISIC_0056283,-3.6629822,5.906313
ISIC_0056284,-4.2640357,8.804198
ISIC_0056286,-0.7921577,10.477687
ISIC_0056287,0.29007924,9.1773615
ISIC_0056291,0.21955718,10.460712
ISIC_0056292,-2.7446837,4.410278
ISIC_0056295,-3.1676757,6.7245398
ISIC_0056298,-4.6322927,7.136071
ISIC_0056302,-0.20535682,10.335862
ISIC_0056304,-3.3452036,4.235373
ISIC_0056305,-4.8186116,8.258485
ISIC_0056306,-0.8722894,9.49072
ISIC_0056308,-0.21224165,10.00175
ISIC_0056309,-0.10305966,6.966901
ISIC_0056310,-1.7282842,4.6823454
ISIC_0056311,-3.2110405,7.3737273
ISIC_0056312,-0.69986004,8.034609
ISIC_0056313,-4.927044,5.125427
ISIC_0056314,-2.4206483,5.3757534
ISIC_0056315,-2.052716,5.3778567
ISIC_0056317,-2.8623836,4.4643335
ISIC_0056319,-1.6481204,10.505097
ISIC_0056321,-1.3131049,6.147317
ISIC_0056323,-4.0367737,6.199377
ISIC_0056325,-4.6689177,5.8764257
ISIC_0056329,-1.3739886,5.0664244
ISIC_0056330,-0.31705245,7.4771714
ISIC_0056331,-0.47278106,5.415094
ISIC_0056333,-6.389617,7.156179
ISIC_0056334,-3.3217082,4.0803275
ISIC_0056335,-0.019857321,9.645386
ISIC_0056336,-2.4875283,10.214354
ISIC_0056337,0.4554538,9.374635
ISIC_0056338,-3.7188413,5.3979836
ISIC_0056339,-4.861534,7.456603
ISIC_0056340,-6.3590612,9.038099
ISIC_0056342,-6.1284475,8.3708105
ISIC_0056344,-4.749542,7.701206
ISIC_0056345,0.42694548,9.554382
ISIC_0056347,-0.87819225,4.8578854
ISIC_0056348,-5.7972193,7.1780963
ISIC_0056354,-6.8196626,8.447862
ISIC_0056356,-4.135648,6.9359746
ISIC_0056357,-4.436436,6.9966717
ISIC_0056359,-4.664126,8.899244
ISIC_0056362,-3.2079062,7.1363273
ISIC_0056364,-5.480986,8.211613
ISIC_0056365,-6.412723,7.6220202
ISIC_0056368,-1.1964804,6.799629
ISIC_0056369,-4.8817744,6.9125276
ISIC_0056370,-2.4825842,6.0116296
ISIC_0056372,-1.6422316,9.544249
ISIC_0056373,-5.534833,7.0566235
ISIC_0056379,-0.826221,6.0308523
ISIC_0056381,-1.4081045,10.44226
ISIC_0056382,0.23920526,6.809139
ISIC_0056387,-1.0040116,8.336802
ISIC_0056389,-3.062939,4.8364635
ISIC_0056391,-4.0444703,7.0509396
ISIC_0056392,-0.2514052,8.074193
ISIC_0056395,0.28620276,8.528318
ISIC_0056396,-2.7418432,7.5785246
ISIC_0056397,-2.0779045,7.696689
ISIC_0056399,-2.358636,9.793881
ISIC_0056400,-4.1949835,8.738794
ISIC_0056401,0.31533024,6.8945756
ISIC_0056403,-1.2983136,6.323477
ISIC_0056404,-5.282527,9.037455
ISIC_0056405,-4.7390723,7.2486663
ISIC_0056410,-0.8932546,6.8737707
ISIC_0056412,-1.899729,5.7392097
ISIC_0056413,-1.3307991,8.484088
ISIC_0056415,-1.9644176,5.0095406
ISIC_0056419,-0.04188696,5.515056
ISIC_0056422,-3.3685148,4.561559
ISIC_0056424,-6.465188,8.715746
ISIC_0056425,-4.6135573,7.1901927
ISIC_0056426,-5.7658005,7.5641265
ISIC_0056428,-2.9401717,5.1724505
ISIC_0056431,-3.8188245,9.315072
ISIC_0056434,-0.48681188,10.099977
ISIC_0056437,-2.4692078,5.479196
ISIC_0056438,-0.13024591,7.6013155
ISIC_0056439,-5.639333,9.406432
ISIC_0056441,-3.7323587,7.4656744
ISIC_0056443,2.0353339,9.205847
ISIC_0056444,-4.07992,8.0611
ISIC_0056445,-0.97400427,6.9384346
ISIC_0056446,-2.7219052,5.0630503
ISIC_0056447,-2.101279,10.481524
ISIC_0056448,-0.0047114356,10.43556
ISIC_0056449,-2.0779936,5.4533925
ISIC_0056451,-3.100858,7.636575
ISIC_0056453,-0.29767776,5.1849318
ISIC_0056454,0.23841491,10.107478
ISIC_0056456,-4.847168,8.569385
ISIC_0056459,-6.5133557,8.10824
ISIC_0056460,-2.2094564,9.362915
ISIC_0056467,-4.1435156,7.855384
ISIC_0056468,-1.2712047,10.531772
ISIC_0056469,0.14713329,9.440292
ISIC_0056470,-0.7026217,10.178818
ISIC_0056472,-1.9974934,9.957897
ISIC_0056476,-2.6650574,6.2758303
ISIC_0056479,-0.046587817,6.4308133
ISIC_0056481,-4.261695,4.5127516
ISIC_0056483,-3.0410125,5.403332
ISIC_0056486,-0.56763905,4.819425
ISIC_0056487,-1.7723157,10.743513
ISIC_0056490,-5.232367,5.74849
ISIC_0056493,-2.494024,5.5980983
ISIC_0056495,-4.8904634,9.066021
ISIC_0056497,-4.0048513,7.489586
ISIC_0056498,-2.4147236,7.13751
ISIC_0056499,-4.572103,7.490773
ISIC_0056500,0.25413063,8.38053
ISIC_0056501,-4.9259887,7.33081
ISIC_0056502,-4.4238596,6.3235145
ISIC_0056503,-1.333457,9.284596
ISIC_0056506,-2.5311115,9.91491
ISIC_0056508,-6.7173505,8.413264
ISIC_0056509,-2.7826173,10.140645
ISIC_0056510,-4.0320015,8.880697
ISIC_0056511,-1.1582308,10.365537
ISIC_0056514,-4.564437,9.036227
ISIC_0056515,-4.7112303,7.892412
ISIC_0056516,-1.3100351,5.2888637
ISIC_0056518,-1.6477916,8.19643
ISIC_0056519,-1.1119906,6.146146
ISIC_0056520,-1.9852464,5.9205065
ISIC_0056522,-0.31045225,8.4579525
ISIC_0056523,-1.8803189,9.089428
ISIC_0056525,-3.603377,4.1774797
ISIC_0056527,0.24393404,7.21545
ISIC_0056529,-6.2298403,7.493452
ISIC_0056531,-0.907165,10.182544
ISIC_0056533,-3.4039505,9.968947
ISIC_0056534,-4.6119537,9.187168
ISIC_0056536,-4.7726707,6.449585
ISIC_0056540,-7.0349183,8.6142
ISIC_0056542,-4.8528743,6.941545
ISIC_0056544,-4.538531,9.453301
ISIC_0056545,-1.247024,10.625499
ISIC_0056546,-3.9566662,4.844491
ISIC_0056547,-3.9439673,6.090923
ISIC_0056549,-3.8525095,5.2619586
ISIC_0056550,-0.69846857,7.7147408
ISIC_0056551,1.5778803,9.131826
ISIC_0056552,-0.70811933,8.329044
ISIC_0056554,-1.1720533,6.2276783
ISIC_0056555,-3.2530546,4.465125
ISIC_0056556,-0.3724009,6.0590706
ISIC_0056563,-2.8157535,6.468455
ISIC_0056565,-5.4053574,7.1827507
ISIC_0056569,-0.44244704,5.997504
ISIC_0056570,-2.2507312,9.074484
ISIC_0056572,-1.416493,5.541015
ISIC_0056573,-2.5711446,4.574925
ISIC_0056575,-5.4569845,7.781931
ISIC_0056577,-1.0898254,10.698183
ISIC_0056578,-6.1394978,7.443062
ISIC_0056580,-5.420301,8.490518
ISIC_0056581,-4.6455245,9.272965
ISIC_0056582,-1.9554518,9.452293
ISIC_0056583,-2.6493287,6.1134863
ISIC_0056585,-0.7788649,5.5293226
ISIC_0056588,-2.2294888,6.599243
ISIC_0056591,-4.7406154,8.828931
ISIC_0056593,-3.9140792,8.762386
ISIC_0056594,-1.880729,5.825837
ISIC_0056599,0.09848953,10.502176
ISIC_0056601,0.12583463,9.040217
ISIC_0056602,-1.5655009,6.621923
ISIC_0056603,-0.52724046,4.964689
ISIC_0056604,-2.1987767,6.977544
ISIC_0056605,-3.8237443,3.8725543
ISIC_0056607,0.030092333,9.559166
ISIC_0056609,-3.4606845,9.253944
ISIC_0056610,-1.4256247,8.007529
ISIC_0056611,-1.7843477,5.171834
ISIC_0056612,-2.9275136,4.491343
ISIC_0056614,0.40012524,9.573768
ISIC_0056618,-1.3552456,10.684252
ISIC_0056619,-5.3976393,8.238253
ISIC_0056622,-4.4048424,6.2765074
ISIC_0056623,-4.0410213,7.979213
ISIC_0056624,-3.6719375,8.142421
ISIC_0056625,-1.2708355,5.4676585
ISIC_0056626,-3.4269304,4.990004
ISIC_0056629,-0.072823614,9.144608
ISIC_0056630,-4.327275,9.43435
ISIC_0056631,-1.9207577,6.4777455
ISIC_0056632,-2.528114,5.7929535
ISIC_0056633,-1.678758,10.429416
ISIC_0056635,-4.2133284,4.509358
ISIC_0056636,-3.1109984,7.0721107
ISIC_0056643,0.12170907,9.281095
ISIC_0056644,-4.1622195,9.353962
ISIC_0056646,-4.825222,5.4237742
ISIC_0056647,-1.6572907,5.181192
ISIC_0056649,-0.5268764,7.613549
ISIC_0056651,-7.223848,8.04957
ISIC_0056652,-1.2427915,9.499349
ISIC_0056655,-6.810745,8.580587
ISIC_0056659,-0.026599897,8.953342
ISIC_0056660,-1.4631795,7.229455
ISIC_0056662,-2.5688543,10.145801
ISIC_0056665,-3.3455906,8.736328
ISIC_0056666,-4.327895,6.8447576
ISIC_0056671,-1.7297163,3.1201162
ISIC_0056672,-3.6173742,8.601326
ISIC_0056673,-1.8420715,6.267887
ISIC_0056674,-4.1161494,4.0161
ISIC_0056675,-6.021233,7.012601
ISIC_0056676,-0.4778648,9.433805
ISIC_0056677,-3.8632193,5.581507
ISIC_0056678,-5.545439,8.744492
ISIC_0056680,-0.023227466,6.5554843
ISIC_0056681,-5.9303675,8.213202
ISIC_0056682,-4.9928913,8.218334
ISIC_0056683,-5.7218976,6.335922
ISIC_0056684,-0.50921637,8.880916
ISIC_0056688,0.26319218,7.053055
ISIC_0056691,-3.9539313,5.5718536
ISIC_0056692,-3.3490577,6.91055
ISIC_0056693,-4.7132516,9.479408
ISIC_0056695,-1.4887764,6.8959346
ISIC_0056696,0.29900622,7.714166
ISIC_0056697,-4.1320896,7.754011
ISIC_0056705,-4.601215,9.313853
ISIC_0056710,-2.0410614,6.2316914
ISIC_0056711,0.11093549,7.666645
ISIC_0056713,-4.945085,9.382274
ISIC_0056714,-0.57996315,7.2742987
ISIC_0056717,0.6774214,7.813078
ISIC_0056718,-2.2574456,9.588778
ISIC_0056719,-0.9126719,9.008384
ISIC_0056723,-3.0603702,4.6315055
ISIC_0056724,-6.200688,7.654188
ISIC_0056725,-1.4302572,5.7407146
ISIC_0056727,-1.1167983,5.7049956
ISIC_0056728,0.50556487,6.5854115
ISIC_0056729,0.4032396,9.826851
ISIC_0056730,-0.93141603,5.541513
ISIC_0056731,-4.224507,9.190802
ISIC_0056734,-1.6453221,8.278001
ISIC_0056736,-5.2126827,8.367962
ISIC_0056739,-1.5014832,6.3369
ISIC_0056740,-2.9554844,4.4936585
ISIC_0056742,-2.5009265,5.3291345
ISIC_0056745,-1.6057811,9.613305
ISIC_0056747,-1.0085473,5.0944705
ISIC_0056749,-2.114574,5.5619025
ISIC_0056750,-0.2896392,4.803719
ISIC_0056751,0.5107616,8.834108
ISIC_0056753,-0.54786724,8.968014
ISIC_0056757,-1.2691358,10.30495
ISIC_0056761,-4.595813,7.774703
ISIC_0056762,-5.7219715,8.020082
ISIC_0056765,-1.6014549,10.689101
ISIC_0056766,-0.057076648,5.7463374
ISIC_0056767,0.22934832,9.865374
ISIC_0056770,-3.9296384,6.5495114
ISIC_0056773,0.494503,8.362455
ISIC_0056775,0.21378027,9.14071
ISIC_0056779,-1.4347289,8.203272
ISIC_0056780,-0.61326444,8.762255
ISIC_0056783,-6.339563,8.185376
ISIC_0056784,-3.5686939,6.6801233
ISIC_0056787,-0.40323064,7.137488
ISIC_0056788,0.13514592,9.154584
ISIC_0056790,-5.6975255,7.2314706
ISIC_0056791,-5.372786,6.9194565
ISIC_0056794,-4.509529,7.722407
ISIC_0056795,-2.1584759,5.44231
ISIC_0056796,-4.312353,7.056168
ISIC_0056798,-7.116396,8.21039
ISIC_0056800,0.29361,6.2778945
ISIC_0056806,0.6025057,9.981363
ISIC_0056808,-2.4897988,10.502627
ISIC_0056809,-6.1444693,8.085431
ISIC_0056810,-4.671059,8.757607
ISIC_0056811,-6.343992,7.9216805
ISIC_0056812,-4.346622,8.654584
ISIC_0056813,-2.529058,5.210444
ISIC_0056814,-5.0783987,8.376299
ISIC_0056816,-3.3262315,5.5242586
ISIC_0056817,-4.76199,6.7410936
ISIC_0056818,-0.05791417,7.6636195
ISIC_0056819,-5.252718,6.4341073
ISIC_0056820,-1.5356483,8.557833
ISIC_0056821,-1.2173357,5.2027946
ISIC_0056824,-2.2267578,4.9307737
ISIC_0056826,-2.9615078,6.214095
ISIC_0056827,-2.6607282,10.578766
ISIC_0056828,-2.6915522,5.621322
ISIC_0056829,-0.8060577,5.502404
ISIC_0056830,-2.3075821,4.577639
ISIC_0056831,-4.9496856,6.544593
ISIC_0056834,-5.037647,5.745837
ISIC_0056835,-1.5326517,6.038632
ISIC_0056838,-4.8804593,8.621794
ISIC_0056840,-4.602582,9.482909
ISIC_0056841,0.13991708,9.596658
ISIC_0056844,0.20917769,9.594497
ISIC_0056846,-6.6628494,8.748971
ISIC_0056848,0.21760437,9.1177
ISIC_0056849,-0.573204,7.3168445
ISIC_0056850,-5.1636004,4.937877
ISIC_0056851,0.20895207,6.6717114
ISIC_0056854,-2.1907506,5.851611
ISIC_0056856,-4.713604,5.4126196
ISIC_0056857,-1.4277018,10.1769085
ISIC_0056858,-1.285099,7.468578
ISIC_0056860,-0.5818331,6.867279
ISIC_0056861,-2.4240508,10.269181
ISIC_0056863,-0.1911346,9.010887
ISIC_0056865,-4.9611397,6.3567944
ISIC_0056866,-0.6047992,5.48351
ISIC_0056867,-3.4315612,3.3890877
ISIC_0056869,-3.2504942,9.869186
ISIC_0056870,-2.0676425,5.2756343
ISIC_0056871,0.24769287,7.732919
ISIC_0056874,-0.09325678,9.524663
ISIC_0056875,-0.6306504,5.570784
ISIC_0056876,0.048517324,7.105856
ISIC_0056878,-5.6725893,8.222119
ISIC_0056881,-5.936542,4.993061
ISIC_0056882,-0.8509857,6.5483804
ISIC_0056883,-0.1803764,7.0259075
ISIC_0056884,-0.8466103,6.8470697
ISIC_0056886,-1.6302407,6.5218444
ISIC_0056887,-3.099711,6.3455353
ISIC_0056888,-2.2058537,3.9157116
ISIC_0056890,-4.4457417,9.306914
ISIC_0056891,-3.7258208,9.092925
ISIC_0056893,0.49190745,9.164437
ISIC_0056899,-2.5561333,3.3254216
ISIC_0056900,-2.531413,8.010316
ISIC_0056901,-2.833027,6.8169775
ISIC_0056902,-2.835316,5.777658
ISIC_0056903,-3.8401656,6.5783033
ISIC_0056906,-4.8408484,6.9134774
ISIC_0056908,-0.57231796,6.970694
ISIC_0056909,-1.5336357,6.099589
ISIC_0056911,-5.093968,6.4902334
ISIC_0056913,1.9586878,9.257926
ISIC_0056915,0.09143887,8.161515
ISIC_0056916,-1.8184557,4.5241065
ISIC_0056917,-0.56485975,7.028465
ISIC_0056918,-0.04861309,8.486996
ISIC_0056920,-3.5699654,6.827793
ISIC_0056921,-3.3630245,7.2972717
ISIC_0056924,-3.4385529,5.0062976
ISIC_0056925,-0.14984494,7.265124
ISIC_0056926,-0.94850683,9.5199
ISIC_0056927,-1.9355658,5.232734
ISIC_0056929,-6.5670476,8.284017
ISIC_0056930,-5.038949,8.709873
ISIC_0056933,-1.0718447,6.6884756
ISIC_0056938,-1.6748326,9.704595
ISIC_0056939,-4.006474,4.719458
ISIC_0056940,-1.1840923,10.6035595
ISIC_0056941,-0.6557869,5.9259243
ISIC_0056942,-0.6174398,10.521021
ISIC_0056943,-4.762246,4.548041
ISIC_0056945,-3.6684353,6.4941044
ISIC_0056946,-3.9298704,5.6848836
ISIC_0056947,-1.3298657,10.778967
ISIC_0056949,-2.0048869,10.357748
ISIC_0056951,-4.5524235,8.608191
ISIC_0056953,-5.0821624,7.698552
ISIC_0056957,-0.80222476,8.422727
ISIC_0056958,-6.2022314,8.717772
ISIC_0056963,-0.91901934,4.5046134
ISIC_0056964,-1.8056574,4.80223
ISIC_0056965,-3.1743777,4.2708597
ISIC_0056966,-3.958156,8.1855755
ISIC_0056967,-3.8844447,4.361658
ISIC_0056973,-0.13599184,8.59822
ISIC_0056974,-0.28847045,9.910746
ISIC_0056978,-6.4794855,7.824258
ISIC_0056980,-5.627971,6.347507
ISIC_0056981,-3.0870552,9.156163
ISIC_0056982,-6.6181445,8.186641
ISIC_0056984,-5.437979,6.4392915
ISIC_0056986,-2.1952102,8.377143
ISIC_0056987,-0.045681402,9.262021
ISIC_0056988,-0.06984772,7.5227265
ISIC_0056990,-0.02864119,5.5654902
ISIC_0056991,-3.266267,5.085461
ISIC_0056992,-4.964364,8.513528
ISIC_0056993,-5.578149,7.0779266
ISIC_0056994,-2.0396855,9.177727
ISIC_0056997,-4.256256,8.03741
ISIC_0056999,-1.3815078,10.150375
ISIC_0057001,-3.1145036,6.7980237
ISIC_0057002,-2.3713531,4.440198
ISIC_0057003,-4.5137944,5.193844
ISIC_0057004,-0.9862462,6.205347
ISIC_0057006,-2.1543677,5.1187606
ISIC_0057008,-2.1035044,9.449773
ISIC_0057010,-2.4573054,9.157261
ISIC_0057014,2.008125,9.179158
ISIC_0057015,-1.903697,6.530915
ISIC_0057016,-0.19159614,9.397192
ISIC_0057017,-0.7264135,9.950411
ISIC_0057019,-2.4223294,4.884053
ISIC_0057023,-4.2520623,6.672769
ISIC_0057024,-2.5105467,7.4033694
ISIC_0057025,-0.07051163,7.7207227
ISIC_0057026,-4.9469986,8.085609
ISIC_0057027,0.1905706,7.714778
ISIC_0057030,-5.384845,8.573467
ISIC_0057031,-0.41226166,9.652986
ISIC_0057033,-0.99013305,9.583782
ISIC_0057034,-2.150826,9.661098
ISIC_0057035,-5.1601143,6.260125
ISIC_0057036,0.07042147,8.495195
ISIC_0057038,-1.6206489,6.877506
ISIC_0057039,-4.4019136,8.926353
ISIC_0057040,-2.6996489,7.5763307
ISIC_0057041,-1.1151332,5.556504
ISIC_0057043,-2.3653183,3.3030176
ISIC_0057044,-0.022160258,6.923077
ISIC_0057045,-3.4719324,4.976534
ISIC_0057046,-4.3459873,8.507343
ISIC_0057048,-1.8584687,4.4433694
ISIC_0057050,-1.5755398,5.2587056
ISIC_0057052,-5.3846645,7.1043534
ISIC_0057055,-5.343815,8.956842
ISIC_0057056,-0.7993653,5.4360604
ISIC_0057057,-3.8829353,7.870149
ISIC_0057060,-0.6561933,6.63061
ISIC_0057062,-2.3444316,5.019214
ISIC_0057063,-1.8623183,9.039372
ISIC_0057067,0.7633437,7.372771
ISIC_0057068,-2.0356076,4.5940075
ISIC_0057070,-4.3036933,4.7992597
ISIC_0057071,-3.982405,7.5252256
ISIC_0057072,-1.9275227,5.200321
ISIC_0057073,-4.707729,7.9505305
ISIC_0057074,-5.0110126,7.3924375
ISIC_0057075,0.22707364,6.521869
ISIC_0057076,-5.101823,9.035178
ISIC_0057080,-4.3450046,5.891782
ISIC_0057083,-4.531484,8.277871
ISIC_0057087,-4.2583117,4.930851
ISIC_0057089,-3.7555218,5.57107
ISIC_0057090,0.11034861,9.382
ISIC_0057095,-0.20309508,8.894569
ISIC_0057096,-0.11331863,7.641114
ISIC_0057100,-4.347354,8.156058
ISIC_0057101,-2.293011,6.3068748
ISIC_0057102,0.5534257,9.165108
ISIC_0057104,-2.2631314,5.2408648
ISIC_0057106,-3.6103404,7.5200586
ISIC_0057108,-4.261924,5.6645966
ISIC_0057112,-2.398423,5.548149
ISIC_0057113,-0.7955999,9.658679
ISIC_0057114,-4.1676626,7.4464617
ISIC_0057115,0.04450805,7.5648293
ISIC_0057116,-2.21185,9.563065
ISIC_0057117,-3.0044825,8.083621
ISIC_0057121,-0.9058017,6.7471676
ISIC_0057129,-3.121025,7.203904
ISIC_0057131,-0.19528538,8.926988
ISIC_0057132,-0.7429432,5.894701
ISIC_0057134,-6.4611826,7.494922
ISIC_0057136,-3.3726792,4.630695
ISIC_0057141,-6.0873823,5.9536757
ISIC_0057144,-4.8021297,8.331862
ISIC_0057147,-0.29850945,5.3490977
ISIC_0057148,-3.059347,9.401169
ISIC_0057150,-3.3479624,5.7371893
ISIC_0057152,-2.6357763,5.4050927
ISIC_0057153,-4.2215514,4.945688
ISIC_0057154,-2.4977245,4.5893965
ISIC_0057155,-1.5123439,7.4033766
ISIC_0057157,-0.82066894,5.972457
ISIC_0057160,-1.2885206,9.692704
ISIC_0057161,-4.329308,7.5087433
ISIC_0057163,-1.61852,9.464478
ISIC_0057164,-2.6715152,9.285025
ISIC_0057166,-3.8929036,6.9442286
ISIC_0057167,-4.883386,6.7879972
ISIC_0057168,-2.25159,6.087712
ISIC_0057169,-3.168477,6.3913684
ISIC_0057171,0.29096717,6.7994995
ISIC_0057172,-1.9449848,5.4313803
ISIC_0057177,1.5101944,9.484948
ISIC_0057178,-1.2972945,9.418845
ISIC_0057179,-2.9326768,4.61
ISIC_0057186,-4.4516053,7.201284
ISIC_0057188,-3.0358806,8.990162
ISIC_0057192,-1.0134232,9.077333
ISIC_0057193,-4.927012,5.3011713
ISIC_0057195,-1.4391059,6.529786
ISIC_0057197,-2.8187943,7.5352325
ISIC_0057198,-1.4709406,5.0385795
ISIC_0057199,-3.5579681,4.9519444
ISIC_0057201,-5.200723,6.961723
ISIC_0057202,-2.3051462,5.7857137
ISIC_0057204,-1.5791761,9.042649
ISIC_0057206,-1.8875759,10.686828
ISIC_0057211,-0.08293953,6.2589836
ISIC_0057214,-1.0475336,6.0675774
ISIC_0057216,-6.0173283,9.040256
ISIC_0057219,-1.514805,5.143345
ISIC_0057224,0.0680932,6.9677687
ISIC_0057225,-0.92175084,9.4390955
ISIC_0057228,-2.557083,9.976443
ISIC_0057233,1.51161,9.394411
ISIC_0057234,0.17367376,9.921181
ISIC_0057235,0.17039745,9.9848385
ISIC_0057237,-2.512617,7.0124125
ISIC_0057239,-4.6419115,5.3953366
ISIC_0057242,-0.788718,6.708462
ISIC_0057244,-3.565355,5.8805494
ISIC_0057247,-4.107795,5.576569
ISIC_0057250,-1.7365087,4.923117
ISIC_0057252,0.5456301,9.979307
ISIC_0057256,-3.9025393,5.746955
ISIC_0057257,-0.63596785,7.308992
ISIC_0057260,-5.510396,8.605377
ISIC_0057262,-1.220512,10.449579
ISIC_0057264,-5.635463,8.63815
ISIC_0057267,0.6986318,6.4468036
ISIC_0057269,-2.8764815,10.0333395
ISIC_0057273,-0.19903174,8.750439
ISIC_0057274,-5.129559,8.88575
ISIC_0057275,-3.7085896,8.6280575
ISIC_0057277,-4.9547114,4.253648
ISIC_0057278,1.9488143,9.230378
ISIC_0057279,-0.054191623,7.6563096
ISIC_0057282,-5.4680266,8.305939
ISIC_0057283,-5.787292,7.500716
ISIC_0057284,-1.2409304,10.762401
ISIC_0057286,-2.352389,4.9854145
ISIC_0057288,-3.1383739,4.2130675
ISIC_0057289,-2.1755865,5.719385
ISIC_0057290,0.108120605,9.898526
ISIC_0057292,0.27039257,8.418539
ISIC_0057293,-1.9041857,4.9140887
ISIC_0057294,-0.9966637,5.929089
ISIC_0057300,-4.7940207,8.685807
ISIC_0057302,0.6571062,9.134305
ISIC_0057304,-1.4202296,7.3045692
ISIC_0057306,-0.64167136,9.957403
ISIC_0057307,-4.711059,7.0599737
ISIC_0057308,-0.41571686,8.830223
ISIC_0057310,-4.49319,6.892542
ISIC_0057312,-1.607656,9.774071
ISIC_0057313,-1.6685902,6.1840463
ISIC_0057314,0.026396606,9.586051
ISIC_0057315,-2.7550125,5.964433
ISIC_0057316,-3.4073713,6.60936
ISIC_0057317,-0.8154198,8.846782
ISIC_0057318,-6.294311,8.018119
ISIC_0057323,-0.28778946,8.066562
ISIC_0057324,-3.2171223,5.8057966
ISIC_0057328,0.5209343,8.031705
ISIC_0057329,-1.8614025,9.32773
ISIC_0057331,0.69429237,7.2886453
ISIC_0057332,-3.9768572,4.6713943
ISIC_0057333,-1.7005643,4.2566624
ISIC_0057334,-4.166662,7.749945
ISIC_0057336,-2.6958966,4.3147836
ISIC_0057337,-4.6002007,8.713064
ISIC_0057338,-1.8646595,5.509435
ISIC_0057339,-2.9063482,5.882545
ISIC_0057340,-4.2880735,5.057599
ISIC_0057342,-0.4957629,10.1205845
ISIC_0057343,-1.8531153,4.7992926
ISIC_0057344,-5.0394015,9.319662
ISIC_0057345,-4.4131093,7.5050573
ISIC_0057346,-1.2282152,4.8582025
ISIC_0057347,-0.88795114,6.4029837
ISIC_0057351,-1.2652487,6.9125853
ISIC_0057352,0.08988018,10.135803
ISIC_0057353,-1.0108925,5.344755
ISIC_0057355,-2.4683754,5.4771805
ISIC_0057356,-5.579428,6.9078016
ISIC_0057357,-0.23085462,9.644251
ISIC_0057358,-4.798074,6.633083
ISIC_0057359,-1.8129956,5.307669
ISIC_0057360,-3.411109,4.1872315
ISIC_0057361,0.090489514,9.22124
ISIC_0057362,0.24217346,9.567696
ISIC_0057365,-0.732994,7.8170967
ISIC_0057370,-1.3367106,9.487897
ISIC_0057371,-3.7504013,7.337088
ISIC_0057372,-4.8028436,9.0273285
ISIC_0057374,-5.5101385,7.13663
ISIC_0057380,-3.1042936,3.360877
ISIC_0057384,0.35824713,9.13316
ISIC_0057385,-4.968193,6.875649
ISIC_0057387,0.03476431,5.6860404
ISIC_0057388,-3.5596056,8.960673
ISIC_0057390,0.5453917,8.992279
ISIC_0057392,-1.322967,6.1630883
ISIC_0057393,-0.44539142,9.812263
ISIC_0057394,-3.3526068,5.6298575
ISIC_0057395,-2.4538717,5.0414166
ISIC_0057397,-3.299188,4.4452653
ISIC_0057398,0.5907399,7.6306834
ISIC_0057400,-2.8269413,7.6846833
ISIC_0057404,-0.6794325,6.3676014
ISIC_0057405,-6.6417375,7.903575
ISIC_0057406,-1.6259863,6.460465
ISIC_0057407,-2.308295,5.149021
ISIC_0057408,0.32541388,9.345221
ISIC_0057409,-1.4526523,8.862312
ISIC_0057412,1.6912631,9.30108
ISIC_0057413,-2.8477848,7.8231363
ISIC_0057414,-0.18547864,7.210549
ISIC_0057415,-1.710544,6.7914863
ISIC_0057417,-0.23002778,7.0083985
ISIC_0057418,-1.6984998,7.082287
ISIC_0057421,-2.5914462,9.411979
ISIC_0057423,-6.95025,8.549418
ISIC_0057426,-0.71496373,6.433956
ISIC_0057429,-4.583495,5.877842
ISIC_0057430,-5.698937,7.5439115
ISIC_0057431,-1.271616,5.8878
ISIC_0057433,-0.0012320372,10.098658
ISIC_0057434,1.9453716,9.190549
ISIC_0057436,-1.2108643,9.998445
ISIC_0057437,-0.23533076,8.627755
ISIC_0057439,-1.3255411,5.208288
ISIC_0057442,-0.01091912,9.70909
ISIC_0057444,-4.1480446,5.091795
ISIC_0057446,-4.638558,8.474487
ISIC_0057449,-0.099606715,5.6100364
ISIC_0057450,0.38282058,7.266249
ISIC_0057455,-1.5650339,10.061334
ISIC_0057456,-5.8771214,8.099152
ISIC_0057457,-1.0969825,6.499689
ISIC_0057458,0.24483837,9.7395
ISIC_0057460,-4.472271,7.8489637
ISIC_0057462,-2.9172835,4.7748404
ISIC_0057465,-1.6047802,10.586929
ISIC_0057468,-1.6691537,9.670191
ISIC_0057471,-1.8342168,7.3992076
ISIC_0057472,-4.3774786,4.4877586
ISIC_0057474,-4.875777,5.4376025
ISIC_0057480,-6.357727,8.305697
ISIC_0057482,-2.3592286,10.660099
ISIC_0057483,-4.464174,4.744632
ISIC_0057484,-1.9504814,5.354616
ISIC_0057486,-1.5283456,10.266593
ISIC_0057487,-4.5500283,6.1519837
ISIC_0057489,-4.493798,4.517446
ISIC_0057492,-1.1243935,5.436952
ISIC_0057496,-2.775849,6.432734
ISIC_0057497,-0.66650337,6.369865
ISIC_0057499,-3.2831903,6.228686
ISIC_0057500,0.22888352,8.346362
ISIC_0057503,-0.41014963,9.893495
ISIC_0057504,-1.0416824,8.801463
ISIC_0057506,-4.6015844,8.435466
ISIC_0057508,-1.4008583,9.761257
ISIC_0057510,0.18626623,9.725694
ISIC_0057511,-1.2729447,6.4896994
ISIC_0057513,0.25188205,10.295973
ISIC_0057514,-1.1074668,6.156448
ISIC_0057516,-1.6737067,10.65595
ISIC_0057517,0.32255846,9.414097
ISIC_0057518,0.15758795,7.246358
ISIC_0057520,-2.4727385,5.9892607
ISIC_0057522,-0.9876621,6.6931906
ISIC_0057526,-4.548552,7.266798
ISIC_0057527,0.28422248,8.2593775
ISIC_0057528,-4.4601526,8.356246
ISIC_0057531,-6.110719,7.0353785
ISIC_0057533,0.28037158,7.1039767
ISIC_0057534,-3.7631493,4.2433443
ISIC_0057535,-0.045408584,8.99903
ISIC_0057537,-3.3816497,7.3543158
ISIC_0057538,-1.5705702,6.0192146
ISIC_0057539,-2.5809426,6.440345
ISIC_0057542,-3.4261532,2.9876382
ISIC_0057544,-4.553606,6.236665
ISIC_0057545,-2.4101498,4.1165013
ISIC_0057548,-4.6249676,6.222373
ISIC_0057551,-4.173926,8.3175955
ISIC_0057553,-0.29158542,9.239158
ISIC_0057554,-5.3037324,7.611447
ISIC_0057556,-3.9800847,5.306106
ISIC_0057557,-4.04301,9.086292
ISIC_0057558,-2.2426705,4.8683615
ISIC_0057559,-4.429968,5.804505
ISIC_0057560,1.825875,9.329851
ISIC_0057562,-3.1504068,8.163145
ISIC_0057566,-7.0155287,7.224665
ISIC_0057567,-5.110902,8.756399
ISIC_0057569,-0.89735216,9.693639
ISIC_0057570,-4.9520645,4.612511
ISIC_0057571,-3.6707017,8.519088
ISIC_0057572,-0.18687089,9.670878
ISIC_0057574,-1.0320865,9.994915
ISIC_0057576,-3.360274,4.123794
ISIC_0057577,-2.8681405,7.163554
ISIC_0057578,-6.306252,7.929906
ISIC_0057579,0.28301919,10.152847
ISIC_0057580,-4.5054297,7.6287303
ISIC_0057582,-1.1242983,10.638425
ISIC_0057584,-1.5771087,4.9726453
ISIC_0057587,-0.95540595,5.6771903
ISIC_0057589,-5.6275377,8.221311
ISIC_0057591,-2.5427017,4.302611
ISIC_0057593,0.031708512,9.838611
ISIC_0057594,-0.0044844104,8.072861
ISIC_0057600,-4.2622557,4.581125
ISIC_0057604,-3.0441024,3.698324
ISIC_0057606,-4.4325814,6.149816
ISIC_0057607,-6.2618647,8.7988405
ISIC_0057609,-6.8938575,7.7287626
ISIC_0057610,0.3979886,9.701351
ISIC_0057611,0.46275085,9.41834
ISIC_0057615,-2.7296665,4.5282383
ISIC_0057616,-0.5455831,10.09034
ISIC_0057617,0.52389365,8.464013
ISIC_0057619,-3.1764555,4.3348536
ISIC_0057621,1.1261024,6.5730214
ISIC_0057622,-0.8340906,9.246494
ISIC_0057623,-2.855507,9.99328
ISIC_0057627,-0.42154,5.768987
ISIC_0057633,-3.2158961,4.7168894
ISIC_0057634,-0.7761666,7.798287
ISIC_0057635,-5.2185426,6.1295447
ISIC_0057638,-0.442136,10.173823
ISIC_0057639,-3.3031301,4.321152
ISIC_0057642,-1.9057127,5.2186737
ISIC_0057648,-4.313459,4.2893314
ISIC_0057649,-4.165579,5.816508
ISIC_0057652,-4.568267,6.1495833
ISIC_0057654,-0.77120715,6.0697236
ISIC_0057656,-2.9150083,4.5548224
ISIC_0057657,-3.1052814,2.9824564
ISIC_0057658,-4.2209644,7.678676
ISIC_0057661,0.18953173,6.8324804
ISIC_0057662,-2.962243,3.9173625
ISIC_0057666,0.13111131,7.6073303
ISIC_0057668,-0.13750236,6.8136396
ISIC_0057669,-6.053741,8.086266
ISIC_0057670,-2.2141047,4.961821
ISIC_0057671,-6.0847473,7.613435
ISIC_0057672,0.10874707,6.3979363
ISIC_0057674,-5.864785,8.189536
ISIC_0057679,-3.108003,5.9731517
ISIC_0057680,-0.321909,10.380621
ISIC_0057681,-4.0967684,6.307272
ISIC_0057685,0.117998876,7.611411
ISIC_0057687,-1.2052208,7.8052044
ISIC_0057690,-3.4471369,5.652519
ISIC_0057691,-4.6533117,8.550866
ISIC_0057693,-4.0394115,7.090927
ISIC_0057694,-3.740368,5.3205285
ISIC_0057696,-5.4907584,4.915448
ISIC_0057700,-4.354853,4.7519298
ISIC_0057702,-0.4247569,10.308631
ISIC_0057711,0.060629725,9.950012
ISIC_0057713,-2.9595003,9.443751
ISIC_0057714,-1.0545197,7.9761515
ISIC_0057715,-2.5062459,7.3029943
ISIC_0057716,-2.5105574,9.977448
ISIC_0057717,-2.8724759,7.584445
ISIC_0057718,-4.6006975,6.487211
ISIC_0057722,-4.1523747,7.6786466
ISIC_0057724,-3.7773418,6.863098
ISIC_0057725,0.33273643,7.056264
ISIC_0057731,-4.918086,7.881518
ISIC_0057732,-0.43669578,8.284498
ISIC_0057734,-2.3930416,4.612642
ISIC_0057735,-1.3333913,5.5035176
ISIC_0057736,-3.7839246,6.0918016
ISIC_0057737,-6.013002,8.901056
ISIC_0057738,-4.5347586,8.515179
ISIC_0057739,-0.6596255,9.972814
ISIC_0057743,-5.710385,8.502924
ISIC_0057744,-0.17874053,9.803761
ISIC_0057745,-3.584549,9.174406
ISIC_0057747,0.3963253,9.487276
ISIC_0057748,-1.7373875,4.6855764
ISIC_0057750,-0.4617103,10.348387
ISIC_0057751,-0.54587084,5.3720713
ISIC_0057752,-3.652262,5.799889
ISIC_0057753,-2.4762895,10.439537
ISIC_0057755,-1.9215496,6.7596784
ISIC_0057757,-1.9838998,7.418618
ISIC_0057758,-4.826232,8.51674
ISIC_0057759,-1.3079718,9.891026
ISIC_0057762,-3.9542642,5.8280625
ISIC_0057768,0.16985925,10.196356
ISIC_0057769,-5.6816545,7.276152
ISIC_0057771,-5.3070254,8.576288
ISIC_0057774,-6.4008546,8.230327
ISIC_0057777,-4.86418,9.152999
ISIC_0057778,-1.5410277,7.0471067
ISIC_0057782,-1.6892905,10.262889
ISIC_0057783,-4.783291,6.3659353
ISIC_0057784,-5.1042557,9.260243
ISIC_0057785,-1.3222553,5.7687044
ISIC_0057787,-3.979798,5.184798
ISIC_0057790,-3.997387,9.167231
ISIC_0057791,-0.31098473,6.480061
ISIC_0057792,-3.0383675,9.17591
ISIC_0057794,-0.6893849,9.443864
ISIC_0057798,-3.2231767,7.2599945
ISIC_0057802,0.45468825,9.021238
ISIC_0057803,-4.9474225,8.429126
ISIC_0057805,-4.8497486,5.9419537
ISIC_0057806,-5.0910277,7.9280224
ISIC_0057808,0.25931492,10.165228
ISIC_0057810,-4.0523844,4.1834598
ISIC_0057811,-0.8214521,9.88323
ISIC_0057812,-5.660621,8.992882
ISIC_0057813,-6.6206665,6.709781
ISIC_0057815,-3.9692926,4.2619743
ISIC_0057816,-1.4074516,5.8069324
ISIC_0057817,-1.7666273,4.6700177
ISIC_0057818,-2.4732199,4.5314937
ISIC_0057821,-0.91588366,8.038831
ISIC_0057824,-1.2591498,6.074282
ISIC_0057826,-5.6166053,6.823258
ISIC_0057827,-2.6488671,4.4103026
ISIC_0057828,-3.4100354,5.2227635
ISIC_0057829,-2.6375866,10.233209
ISIC_0057832,-1.5964711,5.9911523
ISIC_0057838,-0.31891012,7.682325
ISIC_0057841,-2.323774,4.88039
ISIC_0057843,-4.299175,5.6512885
ISIC_0057844,-0.2898267,6.5337667
ISIC_0057848,0.13163684,8.151742
ISIC_0057850,0.3273442,8.295998
ISIC_0057851,0.14549899,6.3486395
ISIC_0057854,-5.3773494,4.884004
ISIC_0057858,-4.583315,6.0044026
ISIC_0057859,-5.581073,8.849844
ISIC_0057860,0.23174602,8.545149
ISIC_0057863,-5.2567973,7.333333
ISIC_0057864,-5.213423,8.705957
ISIC_0057868,-5.164553,8.264688
ISIC_0057869,-1.596983,5.404857
ISIC_0057870,-1.1959653,5.9145455
ISIC_0057873,-1.4108753,10.343127
ISIC_0057877,-0.11550987,10.275687
ISIC_0057879,-2.5631483,5.950951
ISIC_0057881,-1.3949673,7.9552817
ISIC_0057882,-0.089079015,7.85523
ISIC_0057885,-1.5132926,7.616455
ISIC_0057891,-1.2628237,10.350795
ISIC_0057893,-1.5782703,9.459817
ISIC_0057897,-3.8688126,6.5995054
ISIC_0057898,-5.7679048,7.7467794
ISIC_0057899,-2.274017,5.9232907
ISIC_0057900,-3.7017045,4.908047
ISIC_0057901,1.6591976,9.168137
ISIC_0057902,-0.05108209,8.4081745
ISIC_0057905,0.34932312,8.329313
ISIC_0057909,-4.292796,9.386599
ISIC_0057910,-1.5424036,5.1157985
ISIC_0057911,-5.624526,8.880885
ISIC_0057913,-0.14510034,7.4526396
ISIC_0057914,-4.064093,9.66723
ISIC_0057921,-5.960289,7.496663
ISIC_0057923,-6.2840333,8.46836
ISIC_0057924,-6.7493486,8.464886
ISIC_0057928,-4.531943,4.903744
ISIC_0057929,-3.8308253,9.500262
ISIC_0057930,0.12457378,8.079313
ISIC_0057931,-1.7705232,10.378272
ISIC_0057932,-6.318132,8.76702
ISIC_0057935,-4.746945,8.798801
ISIC_0057936,-2.643567,4.9295554
ISIC_0057937,-2.142232,6.9677396
ISIC_0057938,-0.17804168,6.375258
ISIC_0057939,0.41050306,8.211862
ISIC_0057940,-4.472046,4.336588
ISIC_0057941,-0.49475312,7.9233804
ISIC_0057942,-1.375109,6.1692095
ISIC_0057943,0.0050065233,5.7650914
ISIC_0057946,-6.3351007,8.598992
ISIC_0057947,-0.35174108,8.493779
ISIC_0057949,-0.7391905,8.703423
ISIC_0057953,-2.1057892,4.4259324
ISIC_0057954,2.4241223,4.8699546
ISIC_0057955,-1.2487594,4.7567987
ISIC_0057957,-3.8050532,6.8666525
ISIC_0057959,-5.6635294,9.149405
ISIC_0057960,-5.5981193,5.9972196
ISIC_0057962,-1.1623043,6.023246
ISIC_0057965,-3.4186697,5.809776
ISIC_0057967,0.107311115,10.492912
ISIC_0057968,-3.0608907,4.129514
ISIC_0057970,-4.285163,8.373836
ISIC_0057973,-2.6175883,7.8488293
ISIC_0057974,-2.613572,5.8923297
ISIC_0057975,-4.97816,7.6738634
ISIC_0057976,-1.5573835,8.726099
ISIC_0057977,-0.13927582,7.597276
ISIC_0057978,-2.2054565,4.8303266
ISIC_0057979,-5.491097,6.7775064
ISIC_0057980,-0.7423947,7.740269
ISIC_0057981,-0.70683783,10.126363
ISIC_0057985,-3.1042104,8.121553
ISIC_0057986,0.17910352,7.1951756
ISIC_0057987,-0.95728755,9.554724
ISIC_0057991,-1.278492,10.694356
ISIC_0057996,0.26438755,8.149054
ISIC_0057998,-2.838759,3.6209877
ISIC_0057999,-4.767616,5.6216145
ISIC_0058000,-0.05424694,8.581759
ISIC_0058003,-1.138145,7.6693535
ISIC_0058005,-3.7191682,7.824003
ISIC_0058006,-2.7037122,5.4226027
ISIC_0058007,-0.0071117585,9.635883
ISIC_0058008,-5.2947173,8.084747
ISIC_0058009,-2.6283655,4.875587
ISIC_0058010,-4.246141,5.8720665
ISIC_0058011,-1.6948446,5.0753646
ISIC_0058012,-6.1701713,7.8106956
ISIC_0058014,-6.584334,8.35826
ISIC_0058015,-1.6556487,4.636481
ISIC_0058016,-1.6903149,9.267637
ISIC_0058018,-5.6727576,7.872692
ISIC_0058020,-1.5727326,8.049573
ISIC_0058021,-0.28976405,8.571367
ISIC_0058023,-2.8339121,7.8697453
ISIC_0058024,-3.6943243,6.939392
ISIC_0058025,0.081526995,8.857712
ISIC_0058027,-4.515249,7.8544106
ISIC_0058028,-1.4729475,7.674726
ISIC_0058033,-3.2176838,4.6333447
ISIC_0058034,-4.7538023,9.111562
ISIC_0058037,2.582995,3.8575764
ISIC_0058038,-1.83913,6.8815007
ISIC_0058039,-4.744417,8.319698
ISIC_0058040,-1.5934132,7.1736846
ISIC_0058041,-1.449894,10.216731
ISIC_0058043,-0.9452714,7.364484
ISIC_0058044,-1.083904,6.8017673
ISIC_0058046,-6.3427243,7.81564
ISIC_0058047,-1.0090693,8.865626
ISIC_0058049,1.9755459,9.246565
ISIC_0058050,-3.1699731,4.982203
ISIC_0058051,-0.87000626,5.765919
ISIC_0058054,-5.9111304,6.6101346
ISIC_0058058,-0.5367216,10.054255
ISIC_0058059,-2.569498,7.3917866
ISIC_0058060,1.4489006,9.478683
ISIC_0058065,-0.10918756,10.330207
ISIC_0058067,-0.51133955,6.9785643
ISIC_0058072,-6.0013933,8.438443
ISIC_0058073,-2.3937678,10.170041
ISIC_0058074,-1.465581,5.1473036
ISIC_0058075,-2.0156624,5.2963886
ISIC_0058078,-5.672238,7.4966707
ISIC_0058081,-2.436599,9.943463
ISIC_0058083,-1.5655377,6.071363
ISIC_0058084,-3.2200656,6.454094
ISIC_0058090,-5.107919,8.180909
ISIC_0058092,-4.203147,6.7611
ISIC_0058094,-5.9816904,7.8916645
ISIC_0058096,0.3497539,7.1329966
ISIC_0058097,0.43399757,7.9939427
ISIC_0058098,-3.9881086,8.371589
ISIC_0058099,0.56262386,9.710968
ISIC_0058102,-0.81947315,9.875108
ISIC_0058103,-1.8379914,4.7007995
ISIC_0058104,-1.6531724,4.667126
ISIC_0058105,-2.3153048,10.410444
ISIC_0058106,-6.1016836,7.162333
ISIC_0058108,-1.3137603,9.59012
ISIC_0058109,-3.787562,5.6717963
ISIC_0058111,-2.9832013,7.4086714
ISIC_0058114,0.5451291,10.20902
ISIC_0058115,0.23025092,9.16417
ISIC_0058116,-0.51581395,8.827464
ISIC_0058117,-0.90469265,9.4849
ISIC_0058118,-2.1384094,9.550607
ISIC_0058119,-1.0365684,6.1949835
ISIC_0058120,-1.6045041,4.8766556
ISIC_0058122,-4.3430324,3.8566272
ISIC_0058124,-4.7836432,9.385665
ISIC_0058125,-4.5706606,6.5995417
ISIC_0058126,0.7519924,7.384167
ISIC_0058127,-2.2301188,5.0633073
ISIC_0058128,-1.650818,5.3959365
ISIC_0058129,-2.232993,9.014058
ISIC_0058130,-0.21312748,9.691291
ISIC_0058132,-5.5722847,8.789003
ISIC_0058135,0.013040877,9.832922
ISIC_0058136,0.36269784,10.229779
ISIC_0058137,-0.40489832,10.529753
ISIC_0058138,-2.790282,5.526393
ISIC_0058141,-4.351805,7.8836293
ISIC_0058142,0.037516087,8.764716
ISIC_0058143,-5.6471004,8.244488
ISIC_0058144,-4.484097,7.567605
ISIC_0058145,-0.29184192,9.73276
ISIC_0058147,-3.114828,5.6714334
ISIC_0058148,-4.152797,8.41143
ISIC_0058150,-0.029783165,9.557643
ISIC_0058151,-3.361988,5.0848136
ISIC_0058152,-1.0555632,7.2907047
ISIC_0058154,-2.3373542,4.5755906
ISIC_0058155,0.17444395,9.572743
ISIC_0058158,-1.650296,5.2021008
ISIC_0058164,0.6534443,9.474962
ISIC_0058165,-3.4797814,7.1473255
ISIC_0058166,-3.3514125,8.589013
ISIC_0058168,-4.440295,9.039886
ISIC_0058169,-1.9714128,6.8097625
ISIC_0058170,-0.60950404,7.3972244
ISIC_0058171,-6.0652757,8.403787
ISIC_0058173,0.74347323,9.810832
ISIC_0058176,-3.6211638,5.9860296
ISIC_0058178,-6.5133076,8.367053
ISIC_0058181,-4.148101,4.4375787
ISIC_0058185,-0.1241487,10.254168
ISIC_0058186,-3.333773,6.0913625
ISIC_0058187,-3.1305492,5.977024
ISIC_0058188,-0.9183062,6.5575857
ISIC_0058191,-1.0052418,10.071456
ISIC_0058194,-3.8776824,9.368098
ISIC_0058195,-0.05477663,9.577877
ISIC_0058197,-3.3099492,7.054785
ISIC_0058199,-4.354901,9.062379
ISIC_0058203,-2.7194,4.640589
ISIC_0058204,-2.1001096,6.061019
ISIC_0058206,-5.5284133,7.1099653
ISIC_0058208,-5.174629,4.8652034
ISIC_0058212,-1.0433806,6.0914345
ISIC_0058214,0.30961317,9.372684
ISIC_0058215,-5.146201,6.229665
ISIC_0058217,-1.7941122,9.905509
ISIC_0058218,-1.1215148,9.463862
ISIC_0058220,-6.1574054,8.381877
ISIC_0058222,-1.9547368,5.8353887
ISIC_0058227,-2.5933049,7.631715
ISIC_0058228,-5.5329576,8.648734
ISIC_0058229,-5.4912367,7.0977664
ISIC_0058231,-4.3395953,6.566432
ISIC_0058232,-2.3001566,6.554946
ISIC_0058235,-2.4327207,9.508898
ISIC_0058236,-3.9307063,6.603111
ISIC_0058237,-3.2995975,4.6881638
ISIC_0058239,-1.4488578,4.99746
ISIC_0058240,-1.2256075,5.5433736
ISIC_0058241,-2.3764768,10.305188
ISIC_0058242,-0.96391577,8.574911
ISIC_0058244,-2.8283112,6.8083935
ISIC_0058245,-3.6825502,5.6835513
ISIC_0058246,-0.12377883,7.585464
ISIC_0058248,-1.7146037,10.422585
ISIC_0058249,-0.0027866957,9.284023
ISIC_0058251,-0.747016,10.487163
ISIC_0058252,0.91151863,8.49577
ISIC_0058254,-1.1392548,9.934748
ISIC_0058255,-4.2576747,9.649934
ISIC_0058257,-3.0663571,7.355985
ISIC_0058261,-2.3856363,6.505584
ISIC_0058268,-1.831079,8.767078
ISIC_0058270,-1.3767474,6.0536003
ISIC_0058272,-4.3640904,4.4116592
ISIC_0058273,-2.1742103,5.553389
ISIC_0058274,-2.665796,3.7622404
ISIC_0058276,-0.1375905,7.4464707
ISIC_0058277,0.12337571,7.269551
ISIC_0058281,-3.0966249,4.6845303
ISIC_0058282,-6.55758,8.486379
ISIC_0058284,-0.22015908,8.12887
ISIC_0058285,-3.743127,6.6997457
ISIC_0058288,-4.5624247,8.295223
ISIC_0058292,-2.7699301,7.7600765
ISIC_0058295,-2.2942712,10.401065
ISIC_0058296,-3.098637,9.253135
ISIC_0058298,-3.6727676,4.644211
ISIC_0058299,-1.7616765,6.3165517
ISIC_0058301,-0.86656106,9.633654
ISIC_0058306,0.17948276,9.649461
ISIC_0058307,0.5302645,9.841746
ISIC_0058308,-5.6234503,7.310436
ISIC_0058314,-0.8476962,10.421719
ISIC_0058315,-0.47064984,8.566723
ISIC_0058317,-0.54606193,9.4859
ISIC_0058318,-1.581958,5.131163
ISIC_0058319,-0.642739,5.950916
ISIC_0058320,0.03357054,7.5620975
ISIC_0058321,-2.7762496,5.823644
ISIC_0058323,-1.3026892,9.721176
ISIC_0058324,-1.3610774,7.0073776
ISIC_0058327,0.5131959,7.81048
ISIC_0058328,-2.7722466,9.127477
ISIC_0058330,-4.3332343,6.917098
ISIC_0058331,-4.70285,4.2767334
ISIC_0058332,-2.895876,5.04446
ISIC_0058334,0.58165514,8.319586
ISIC_0058337,-1.5121894,5.334203
ISIC_0058339,-2.7580009,7.929446
ISIC_0058340,-4.4993567,8.628395
ISIC_0058341,-1.0370772,10.423685
ISIC_0058342,-1.6810511,4.898444
ISIC_0058344,0.5527915,9.6324215
ISIC_0058346,-5.9954376,7.176758
ISIC_0058350,-3.845186,8.950887
ISIC_0058352,-6.0577106,8.09961
ISIC_0058354,-1.4677207,6.934791
ISIC_0058355,-0.8731592,6.6296754
ISIC_0058359,-0.35205302,5.183855
ISIC_0058360,-3.920757,6.648019
ISIC_0058361,-0.6711495,5.587125
ISIC_0058368,0.7255315,7.1659865
ISIC_0058370,-0.6539722,5.9720564
ISIC_0058372,0.09473596,10.056229
ISIC_0058374,-4.7436295,8.740522
ISIC_0058375,-1.5297704,9.36797
ISIC_0058376,-1.097251,8.71554
ISIC_0058377,-3.453057,7.4668627
ISIC_0058379,-2.6579916,5.689276
ISIC_0058382,-2.3402045,10.549105
ISIC_0058383,-3.7743454,4.421219
ISIC_0058384,0.21557535,10.014672
ISIC_0058385,0.3305244,9.04853
ISIC_0058386,-4.6897664,5.476731
ISIC_0058387,-3.042973,6.5517797
ISIC_0058388,-2.1792169,8.680084
ISIC_0058390,-2.0827553,7.4444656
ISIC_0058391,-2.0305378,5.398566
ISIC_0058392,-2.675387,7.8895397
ISIC_0058395,-3.9272962,6.2322836
ISIC_0058397,-2.009752,4.9230986
ISIC_0058399,-1.4609463,10.551816
ISIC_0058401,-1.9043881,6.2969317
ISIC_0058404,-4.4015493,6.779521
ISIC_0058406,-6.3503723,7.961885
ISIC_0058407,-0.100423306,8.658814
ISIC_0058408,-3.651847,5.214808
ISIC_0058412,-4.809573,6.9020905
ISIC_0058415,-2.8879023,4.072411
ISIC_0058416,-5.5173078,9.113174
ISIC_0058417,-3.697908,8.73532
ISIC_0058418,-5.6105757,4.8493567
ISIC_0058420,0.4908949,10.143102
ISIC_0058421,-6.4960732,7.253554
ISIC_0058425,-3.7771702,5.843118
ISIC_0058426,-5.57821,5.7722516
ISIC_0058427,-0.07602856,9.43933
ISIC_0058428,-4.7062826,7.4765935
ISIC_0058429,-0.85675853,7.7240086
ISIC_0058430,-3.272748,8.208949
ISIC_0058431,1.7207409,9.282259
ISIC_0058432,-3.5964992,6.413503
ISIC_0058434,-2.0223005,5.5537224
ISIC_0058435,-0.8421829,9.096723
ISIC_0058439,-3.2341821,5.314884
ISIC_0058443,-1.95749,7.56917
ISIC_0058444,-2.4130757,6.662751
ISIC_0058446,-1.9075669,10.225361
ISIC_0058451,1.2185842,7.993164
ISIC_0058452,-0.7147141,6.583818
ISIC_0058457,0.46134543,7.169334
ISIC_0058458,-1.3723636,5.93398
ISIC_0058459,-0.026590638,9.968824
ISIC_0058461,0.23447657,10.364822
ISIC_0058462,-6.3502536,8.048305
ISIC_0058464,-3.2241385,9.785251
ISIC_0058468,-3.4626691,7.044185
ISIC_0058469,-3.6442199,8.709774
ISIC_0058474,-0.51856846,6.416507
ISIC_0058475,-1.9143044,9.928319
ISIC_0058476,-4.4147797,9.2067175
ISIC_0058478,-0.5128965,9.999022
ISIC_0058481,-5.3402553,6.327002
ISIC_0058483,-0.5350733,5.719715
ISIC_0058485,-0.6898462,9.467692
ISIC_0058486,-2.2226467,9.465012
ISIC_0058487,-1.4854888,7.3001437
ISIC_0058492,-3.0392504,4.7956243
ISIC_0058494,-0.57032645,6.651125
ISIC_0058495,-1.6869657,6.3894496
ISIC_0058496,-3.4395514,6.9969807
ISIC_0058497,-3.643189,8.731225
ISIC_0058499,0.65559494,9.907222
ISIC_0058500,-1.9277589,6.6580067
ISIC_0058501,-3.9006116,7.750814
ISIC_0058503,0.05101604,7.94665
ISIC_0058504,-1.6004022,10.21277
ISIC_0058505,-0.76625264,6.764834
ISIC_0058506,-2.2219522,4.2257676
ISIC_0058507,-0.20595478,7.5925903
ISIC_0058508,-1.2771037,6.6240416
ISIC_0058513,0.53569585,7.9057713
ISIC_0058514,-0.4528832,7.5677443
ISIC_0058515,-5.326708,9.039388
ISIC_0058520,0.38663876,10.076551
ISIC_0058523,-1.7435528,9.809456
ISIC_0058525,0.5992732,7.2911153
ISIC_0058526,0.25378942,10.030339
ISIC_0058527,1.4823359,9.419423
ISIC_0058528,-3.4246428,4.1245685
ISIC_0058530,-5.9011655,5.8503
ISIC_0058532,-2.13418,5.96286
ISIC_0058533,-4.7678723,5.9622355
ISIC_0058538,-6.124731,8.970265
ISIC_0058539,-3.3201153,6.8825746
ISIC_0058543,-1.8522569,5.306835
ISIC_0058544,-0.4582182,9.046377
ISIC_0058546,-6.001049,7.1566133
ISIC_0058548,-5.3202834,7.2642145
ISIC_0058549,-2.8458712,3.7436206
ISIC_0058550,-4.067304,6.723402
ISIC_0058552,0.023614872,5.8967247
ISIC_0058555,-1.6489098,4.65127
ISIC_0058556,-1.373601,5.1885977
ISIC_0058559,-0.68345124,7.074541
ISIC_0058560,-1.5903922,9.430234
ISIC_0058566,-1.2007339,10.606751
ISIC_0058567,-3.2153513,6.6650934
ISIC_0058568,-1.7866489,8.748005
ISIC_0058569,-3.833267,4.353072
ISIC_0058570,-4.4241433,6.8612623
ISIC_0058571,-1.6018597,5.4766417
ISIC_0058572,0.3097997,9.6805315
ISIC_0058573,-0.88373286,5.444917
ISIC_0058574,-6.737063,7.684748
ISIC_0058577,-0.47129434,9.774715
ISIC_0058580,-6.286846,7.608269
ISIC_0058582,-5.0556836,6.8742504
ISIC_0058584,-1.4233999,6.4451165
ISIC_0058585,-3.313711,4.9455023
ISIC_0058586,-2.6392937,3.6662014
ISIC_0058587,-3.5374014,3.9451563
ISIC_0058589,-2.2451725,6.1891356
ISIC_0058590,-0.23411289,5.7597866
ISIC_0058591,-5.799995,7.8728437
ISIC_0058592,-4.01664,4.2251863
ISIC_0058594,-4.949751,7.3269906
ISIC_0058597,-3.784464,6.3500404
ISIC_0058598,-2.037776,7.160296
ISIC_0058599,-2.4608443,4.3064566
ISIC_0058603,-3.138392,7.2421174
ISIC_0058604,-3.7999582,4.3730683
ISIC_0058607,-2.709395,4.962749
ISIC_0058612,-0.0028146128,6.558369
ISIC_0058617,-1.4575303,5.636541
ISIC_0058618,-0.9480822,6.078367
ISIC_0058621,-0.9149152,6.219883
ISIC_0058622,-1.3078113,6.3452506
ISIC_0058623,-0.31901616,9.8270645
ISIC_0058624,-2.2681017,10.38861
ISIC_0058625,-5.7168736,7.4101396
ISIC_0058629,0.51540387,7.4038563
ISIC_0058630,-0.5583192,9.519967
ISIC_0058633,-5.630536,8.551678
ISIC_0058636,0.18690337,8.354728
ISIC_0058637,-5.0467286,8.394605
ISIC_0058639,-0.99235666,9.820674
ISIC_0058640,-0.7114938,9.175623
ISIC_0058641,-5.484567,5.343358
ISIC_0058642,-4.2164273,7.9874554
ISIC_0058643,0.67414623,10.013338
ISIC_0058645,-5.2657084,6.769269
ISIC_0058646,0.3856353,7.2447367
ISIC_0058648,0.14389266,7.005267
ISIC_0058649,-2.1780577,5.2839284
ISIC_0058651,-2.392689,5.6664157
ISIC_0058652,-5.769822,7.213972
ISIC_0058654,-0.6872884,9.686237
ISIC_0058655,-0.38758263,9.456389
ISIC_0058656,-5.744986,7.522091
ISIC_0058657,-2.4348786,10.537226
ISIC_0058658,-4.188233,4.4596753
ISIC_0058659,-0.895832,5.9970064
ISIC_0058661,-4.5249867,5.036235
ISIC_0058662,-0.83072275,5.2280583
ISIC_0058663,-3.2587035,5.397291
ISIC_0058664,-4.8046637,6.452572
ISIC_0058666,-1.1137998,5.813677
ISIC_0058668,-1.6883367,10.674168
ISIC_0058670,-3.5519423,4.9857974
ISIC_0058673,-1.1214788,9.849984
ISIC_0058675,-1.1288459,10.444776
ISIC_0058676,-1.4064145,5.5757294
ISIC_0058679,-3.594192,4.724209
ISIC_0058680,-1.3220525,4.74852
ISIC_0058681,-4.638264,5.5897946
ISIC_0058684,-4.168509,7.36362
ISIC_0058689,-2.156606,9.352407
ISIC_0058690,-0.48345146,5.4540114
ISIC_0058691,-2.8188622,10.131735
ISIC_0058692,1.6043338,9.040233
ISIC_0058693,-5.4070663,9.417634
ISIC_0058694,-3.6726074,8.811904
ISIC_0058697,-4.593462,6.383528
ISIC_0058700,-3.7900746,6.9801598
ISIC_0058701,-6.5566416,8.053401
ISIC_0058703,-0.5014865,5.710194
ISIC_0058704,-2.9130368,7.3275642
ISIC_0058707,-1.0516409,5.822176
ISIC_0058708,-4.15574,5.137248
ISIC_0058709,-4.6375036,9.51867
ISIC_0058710,-6.089555,8.192971
ISIC_0058711,-4.778966,6.9121714
ISIC_0058713,-5.327442,7.050201
ISIC_0058714,-1.2360429,8.976637
ISIC_0058716,-1.3573498,9.734301
ISIC_0058717,-1.8041062,6.560222
ISIC_0058719,-4.6879663,6.4578605
ISIC_0058721,0.71555465,7.567608
ISIC_0058723,-2.43836,5.0255556
ISIC_0058729,-7.177014,8.025282
ISIC_0058731,-0.2927521,10.120378
ISIC_0058732,-1.7679867,9.4265175
ISIC_0058734,-4.4496427,5.6723685
ISIC_0058736,-0.2527216,8.955694
ISIC_0058738,-1.6339015,10.663363
ISIC_0058743,-4.5955667,8.419567
ISIC_0058744,0.2371318,9.772926
ISIC_0058745,1.48195,8.986083
ISIC_0058746,-5.2920995,5.7903004
ISIC_0058747,-4.7996073,8.971705
ISIC_0058748,-0.46862793,6.3845286
ISIC_0058749,-4.500786,6.758771
ISIC_0058750,-4.9630275,5.3416185
ISIC_0058753,-0.53197324,8.403213
ISIC_0058755,-5.9135838,7.7925067
ISIC_0058756,-4.042927,7.6078153
ISIC_0058757,-3.2421663,4.6271977
ISIC_0058758,-4.256488,5.7623677
ISIC_0058760,-1.9479631,7.2805686
ISIC_0058762,-2.7607613,8.242422
ISIC_0058763,0.28829247,8.923474
ISIC_0058764,-3.1871943,7.145133
ISIC_0058767,-4.2940984,6.9449296
ISIC_0058768,-3.7272468,6.5596595
ISIC_0058769,-1.0091414,6.9483266
ISIC_0058770,0.69735444,7.1031027
ISIC_0058772,1.8924054,9.228656
ISIC_0058773,-0.4374546,8.64696
ISIC_0058775,1.3372458,9.606499
ISIC_0058776,-2.8460095,3.764743
ISIC_0058777,-4.2468743,7.662972
ISIC_0058778,-4.513739,8.646512
ISIC_0058780,-0.38201943,7.9289517
ISIC_0058781,-0.5290568,8.910802
ISIC_0058784,1.4896941,8.963907
ISIC_0058786,-0.1301046,6.508488
ISIC_0058787,-1.8184453,10.562315
ISIC_0058790,-1.3041012,9.793853
ISIC_0058791,-2.5875323,5.333759
ISIC_0058792,-2.9120727,5.3864655
ISIC_0058794,-1.0571754,7.330756
ISIC_0058797,-2.4161239,5.289342
ISIC_0058798,-0.42638204,7.0143795
ISIC_0058800,-5.346019,8.676985
ISIC_0058803,-4.499408,8.658641
ISIC_0058804,-4.5344577,9.313676
ISIC_0058805,-2.0256598,10.775193
ISIC_0058806,0.2235351,8.598592
ISIC_0058807,0.41699055,9.986067
ISIC_0058811,0.4714902,9.617115
ISIC_0058814,-6.7161107,7.794227
ISIC_0058815,-1.1346575,6.715393
ISIC_0058816,-2.0298285,9.544768
ISIC_0058818,-4.8139777,8.813194
ISIC_0058819,-1.2119509,4.804845
ISIC_0058826,-2.1395376,4.488467
ISIC_0058827,-3.8146768,7.3135977
ISIC_0058829,-3.499247,8.225477
ISIC_0058833,-1.9718571,9.294579
ISIC_0058836,-4.098861,7.7705507
ISIC_0058838,-3.7549982,6.091077
ISIC_0058840,-2.5407186,9.511605
ISIC_0058843,-4.3835144,4.467909
ISIC_0058847,-1.9839855,5.5390835
ISIC_0058848,-4.263791,6.185122
ISIC_0058849,-2.9475083,7.5860343
ISIC_0058850,-1.5869472,10.239747
ISIC_0058851,-5.0799417,8.688441
ISIC_0058856,-4.7957516,8.625209
ISIC_0058858,-1.9048083,9.614731
ISIC_0058862,-2.7292843,5.151063
ISIC_0058863,-1.8855711,9.540155
ISIC_0058865,-2.0154119,7.3833904
ISIC_0058866,0.54747534,7.371793
ISIC_0058867,-1.2169263,9.864116
ISIC_0058868,-2.0886834,9.821236
ISIC_0058869,-4.6661453,8.625658
ISIC_0058870,-4.7504606,5.450211
ISIC_0058871,-3.6855621,8.793067
ISIC_0058872,-0.72155017,9.797445
ISIC_0058875,-5.5480123,8.314519
ISIC_0058877,-3.548215,6.6049266
ISIC_0058878,-0.64062274,6.343724
ISIC_0058879,-4.538251,9.2198925
ISIC_0058880,-0.031128796,9.37479
ISIC_0058881,0.17278676,7.5127363
ISIC_0058882,-5.2819376,8.752791
ISIC_0058883,-3.0432818,7.1712337
ISIC_0058884,-3.243455,3.8800104
ISIC_0058885,-2.75574,5.593034
ISIC_0058887,1.8346592,9.227567
ISIC_0058890,-0.12763843,8.485092
ISIC_0058891,-4.4727283,7.8322506
ISIC_0058892,-3.1217413,5.149383
ISIC_0058893,-3.8200247,5.5699162
ISIC_0058896,-6.9174595,8.566874
ISIC_0058897,-2.7792106,7.768699
ISIC_0058903,-3.568388,6.2274404
ISIC_0058904,-3.1863804,8.550725
ISIC_0058905,-4.563045,8.912563
ISIC_0058906,-1.6134924,6.894718
ISIC_0058913,-4.949155,8.73253
ISIC_0058915,-2.3376374,4.492525
ISIC_0058918,-0.9541812,6.221979
ISIC_0058920,-0.208977,9.432881
ISIC_0058923,-3.3948498,6.9642487
ISIC_0058924,-0.06967557,9.258766
ISIC_0058926,-3.1212242,6.6560917
ISIC_0058927,-4.9913354,7.6633625
ISIC_0058928,-1.3962302,6.776009
ISIC_0058929,0.6569074,6.629686
ISIC_0058931,0.16770332,9.168545
ISIC_0058936,-4.9204006,5.8768764
ISIC_0058939,-3.3432178,8.028263
ISIC_0058944,-1.3396788,5.8667016
ISIC_0058946,-4.7971797,8.77095
ISIC_0058947,-5.0609612,6.885469
ISIC_0058950,-7.1401267,8.536116
ISIC_0058951,0.18105479,9.689277
ISIC_0058952,-3.1416676,5.6435056
ISIC_0058954,-1.6116067,7.125748
ISIC_0058956,-2.101909,10.533758
ISIC_0058957,-1.655243,10.641153
ISIC_0058958,-4.9407077,8.966445
ISIC_0058959,-1.8615938,10.762691
ISIC_0058964,-0.957229,5.9834695
ISIC_0058966,-1.5968935,5.605113
ISIC_0058967,-0.327711,7.787649
ISIC_0058971,-2.3530262,7.958072
ISIC_0058972,-0.7626449,5.4275618
ISIC_0058976,-4.010728,8.920262
ISIC_0058978,0.0596113,9.22281
ISIC_0058979,-4.6893296,8.874154
ISIC_0058982,-2.112516,5.4566197
ISIC_0058987,-1.2970538,9.751041
ISIC_0058988,-3.558578,8.415839
ISIC_0058989,-6.024788,7.6363482
ISIC_0058990,-5.119972,6.444858
ISIC_0058991,0.23083206,9.633882
ISIC_0058993,-7.0436406,8.392413
ISIC_0058994,-2.6018028,6.76524
ISIC_0058995,-3.9902651,5.4691715
ISIC_0058996,-4.23585,9.132535
ISIC_0058997,-2.8483083,7.474461
ISIC_0058998,-1.3773617,5.4174685
ISIC_0059000,-1.9319259,5.6321173
ISIC_0059002,0.1782426,9.636243
ISIC_0059005,-3.0347695,9.861788
ISIC_0059006,0.3285225,10.22949
ISIC_0059007,-3.4960132,4.213004
ISIC_0059008,-3.9650729,5.6244564
ISIC_0059009,-2.518426,6.3059397
ISIC_0059010,-6.2338233,8.977595
ISIC_0059011,-1.048591,6.7822123
ISIC_0059012,-5.007573,7.4751983
ISIC_0059013,-5.736543,6.492706
ISIC_0059014,-4.100753,7.997189
ISIC_0059015,-3.44934,4.4004374
ISIC_0059017,-3.7923355,6.2880673
ISIC_0059018,-4.6609917,8.698642
ISIC_0059019,-4.7408714,9.295165
ISIC_0059020,-2.3961782,5.2931347
ISIC_0059022,-3.7714422,8.117571
ISIC_0059023,-1.3932608,8.036557
ISIC_0059024,-4.312313,6.4487853
ISIC_0059025,-1.6026767,10.691242
ISIC_0059026,-1.2403871,6.131439
ISIC_0059027,0.5521781,8.027735
ISIC_0059029,-5.2186604,6.3175797
ISIC_0059030,-4.864154,5.086724
ISIC_0059033,0.078670084,6.1978207
ISIC_0059034,-2.3858473,6.4917083
ISIC_0059036,-4.263773,8.817529
ISIC_0059037,-4.4920654,6.1679378
ISIC_0059041,-2.049784,8.099455
ISIC_0059042,-0.09079389,8.883158
ISIC_0059043,-5.5076056,6.6810627
ISIC_0059045,-4.504183,7.245109
ISIC_0059049,-4.6692586,6.7572103
ISIC_0059050,-1.720242,9.621411
ISIC_0059052,0.20101985,9.957931
ISIC_0059055,-0.4161053,5.351779
ISIC_0059058,-4.3575854,3.1456244
ISIC_0059062,-3.4888601,9.4447775
ISIC_0059064,-4.1809936,8.603222
ISIC_0059065,-2.3555403,5.596553
ISIC_0059066,-1.6230884,10.7098675
ISIC_0059068,-2.3773594,5.2772293
ISIC_0059071,-2.7251084,8.268419
ISIC_0059072,-3.8272266,8.379135
ISIC_0059074,-4.179536,7.0883093
ISIC_0059075,-2.9031887,9.45809
ISIC_0059076,-3.2038994,4.026234
ISIC_0059077,-0.028284192,5.8400636
ISIC_0059078,-4.7456527,7.1382465
ISIC_0059079,-0.4271071,4.6790376
ISIC_0059080,-2.5598135,4.712265
ISIC_0059081,-1.1859956,6.8446136
ISIC_0059082,0.05235798,7.1420326
ISIC_0059085,-1.272131,5.287551
ISIC_0059087,-1.9656559,4.0968814
ISIC_0059088,-5.1010547,8.068986
ISIC_0059089,-1.0018842,9.181112
ISIC_0059090,-1.9708676,5.6173267
ISIC_0059091,-3.1963925,8.998328
ISIC_0059092,-0.3775231,10.389263
ISIC_0059093,-4.297988,6.8965344
ISIC_0059094,-0.21102212,9.368487
ISIC_0059095,1.1327084,6.5813274
ISIC_0059096,0.056640297,9.061035
ISIC_0059099,-5.599631,7.283396
ISIC_0059100,-1.8121678,4.6738815
ISIC_0059101,-4.5829844,7.935575
ISIC_0059102,-0.8341678,6.7159967
ISIC_0059103,0.30695626,10.087542
ISIC_0059104,-0.54327613,7.8635964
ISIC_0059106,-0.034900237,7.9808683
ISIC_0059108,-2.2670887,4.175678
ISIC_0059111,-2.4753501,3.7509308
ISIC_0059113,-1.171962,7.6371284
ISIC_0059114,-6.0089726,9.116103
ISIC_0059115,-2.1046095,5.739859
ISIC_0059116,-4.208825,8.68861
ISIC_0059121,-4.1357327,4.8577685
ISIC_0059123,-4.413083,7.074322
ISIC_0059126,-2.5849195,3.6055486
ISIC_0059128,-5.70809,7.7965813
ISIC_0059130,-2.0415196,9.847391
ISIC_0059132,0.34325433,7.3012486
ISIC_0059134,-4.58433,8.02206
ISIC_0059135,-0.26262113,9.869259
ISIC_0059137,-0.42840278,10.448513
ISIC_0059138,0.50679266,7.2822156
ISIC_0059139,7.1959485e-06,8.766122
ISIC_0059140,-5.2004995,7.0973105
ISIC_0059141,-4.7453327,7.0126376
ISIC_0059145,-3.2467015,4.4368415
ISIC_0059146,-0.17712565,8.564543
ISIC_0059147,0.764679,7.27438
ISIC_0059148,-5.5818934,8.134803
ISIC_0059149,-4.6510153,6.5804024
ISIC_0059151,-1.3879299,4.890302
ISIC_0059152,-0.7834331,6.334494
ISIC_0059153,-1.4683981,9.247076
ISIC_0059155,-2.4945261,4.7910857
ISIC_0059158,-4.903281,9.038687
ISIC_0059159,-3.0550818,5.5737715
ISIC_0059160,-6.913136,7.8216505
ISIC_0059163,0.026794096,7.6768093
ISIC_0059164,-2.4192173,7.2598443
ISIC_0059165,-3.7772465,5.0871606
ISIC_0059167,-1.6946132,5.6616383
ISIC_0059169,-2.9211144,4.733135
ISIC_0059170,-3.7092454,7.505217
ISIC_0059171,-5.4447546,9.025886
ISIC_0059176,-3.1248274,4.9777255
ISIC_0059177,-1.9176563,5.309988
ISIC_0059178,-3.2233512,4.3936315
ISIC_0059179,-2.0954502,10.222581
ISIC_0059180,-2.8871167,6.4279747
ISIC_0059182,0.23616084,8.795078
ISIC_0059188,-5.6752777,7.4582276
ISIC_0059193,-1.9884268,5.2907214
ISIC_0059195,-3.0408294,9.8916645
ISIC_0059198,0.10868208,10.345036
ISIC_0059199,0.34744278,8.070135
ISIC_0059200,-0.3820847,5.719487
ISIC_0059201,-1.8226004,5.374391
ISIC_0059202,-0.5777064,9.841381
ISIC_0059203,-1.8695852,7.3152204
ISIC_0059205,-2.2502582,6.533608
ISIC_0059207,-5.85784,9.298476
ISIC_0059208,-2.3993638,10.651476
ISIC_0059209,-0.72046417,10.249636
ISIC_0059213,0.30550408,10.35498
ISIC_0059214,-6.6880097,8.087559
ISIC_0059217,-4.6731358,6.626349
ISIC_0059219,-3.8613558,8.246303
ISIC_0059220,-2.8462183,9.764297
ISIC_0059221,-4.855941,4.7162385
ISIC_0059223,-4.4653044,7.392349
ISIC_0059224,-2.3926067,5.2956676
ISIC_0059226,-3.3372297,6.7206492
ISIC_0059228,-3.5814066,3.3194184
ISIC_0059230,-5.3985853,8.806885
ISIC_0059231,-3.0518982,4.4484134
ISIC_0059232,0.49984044,7.871252
ISIC_0059236,-2.170471,5.9653616
ISIC_0059237,-4.5433617,7.46715
ISIC_0059239,-6.599443,8.627824
ISIC_0059240,-3.5837998,5.0454273
ISIC_0059241,1.4691244,8.919207
ISIC_0059242,-0.6192005,6.46557
ISIC_0059243,-2.3079984,5.5908
ISIC_0059246,-0.17312919,9.226434
ISIC_0059250,0.5086804,8.901927
ISIC_0059253,-4.463326,6.8398013
ISIC_0059257,-4.0641236,6.575782
ISIC_0059258,-1.6406333,10.539346
ISIC_0059264,-0.72581494,5.791616
ISIC_0059265,-4.725647,7.8757463
ISIC_0059266,-3.6093278,8.443887
ISIC_0059267,-6.9494443,7.123276
ISIC_0059268,-2.896617,7.5812817
ISIC_0059269,-3.2620335,5.3571615
ISIC_0059270,-0.51707876,8.440783
ISIC_0059272,-2.7915635,4.5215416
ISIC_0059273,-0.45986652,7.3510814
ISIC_0059275,-1.3529607,5.054469
ISIC_0059276,-1.5975742,10.177275
ISIC_0059277,-3.1332512,8.65568
ISIC_0059284,-2.5710642,9.918134
ISIC_0059285,-6.0542693,7.6882915
ISIC_0059289,-3.6250947,6.998318
ISIC_0059292,-0.8546604,10.422021
ISIC_0059294,-6.011678,8.295837
ISIC_0059299,-3.4191978,9.914038
ISIC_0059305,-6.010897,8.011614
ISIC_0059308,-2.0702832,5.1791153
ISIC_0059313,-0.046294004,8.661039
ISIC_0059314,-5.869682,5.501904
ISIC_0059315,0.4862403,10.137924
ISIC_0059316,-2.1639302,4.5026
ISIC_0059317,-0.8984178,6.395501
ISIC_0059318,-2.576365,5.042866
ISIC_0059320,-6.0199857,6.049047
ISIC_0059322,-4.8194785,6.5024285
ISIC_0059323,-2.761604,6.1546416
ISIC_0059325,-2.130183,4.806915
ISIC_0059329,-2.226236,7.1867814
ISIC_0059330,-4.188862,7.678993
ISIC_0059332,-5.056158,8.228938
ISIC_0059334,-0.25914085,10.282328
ISIC_0059336,-0.18683697,6.7797785
ISIC_0059337,0.47328284,10.245113
ISIC_0059338,1.7031237,9.344357
ISIC_0059340,-5.9150825,8.529444
ISIC_0059341,-2.740931,5.5301514
ISIC_0059342,-0.10515631,7.218477
ISIC_0059343,-0.20300505,9.621268
ISIC_0059344,-2.0244026,9.566143
ISIC_0059345,-4.896547,8.788673
ISIC_0059346,-0.46066007,8.5064535
ISIC_0059347,-0.7637611,8.504592
ISIC_0059348,-1.0389801,10.644774
ISIC_0059349,-2.8865502,4.366937
ISIC_0059350,-0.7373553,10.562047
ISIC_0059352,-4.230474,8.759989
ISIC_0059353,-3.4931827,6.2187967
ISIC_0059354,-5.535181,8.606894
ISIC_0059359,-2.4037838,6.9377527
ISIC_0059361,-4.637205,7.8677707
ISIC_0059363,-1.0440866,10.35413
ISIC_0059364,-4.338253,8.761483
ISIC_0059366,0.47363672,6.7247667
ISIC_0059367,-4.9808536,7.3427362
ISIC_0059368,-4.3802676,8.769126
ISIC_0059369,-1.3875145,7.0519757
ISIC_0059375,-1.8988379,8.2025
ISIC_0059376,-6.3676543,8.971506
ISIC_0059378,-1.1601441,7.508741
ISIC_0059379,-4.197235,8.780245
ISIC_0059381,-2.404293,7.833363
ISIC_0059382,-0.93033594,6.8814635
ISIC_0059383,-1.3939439,5.7100058
ISIC_0059386,0.24203102,7.7069135
ISIC_0059387,-0.5892893,5.8267474
ISIC_0059388,-2.1606007,6.1152577
ISIC_0059389,-2.3666947,6.283874
ISIC_0059390,-5.8859797,8.075759
ISIC_0059393,-1.3490602,9.435586
ISIC_0059394,-3.9936824,5.6024647
ISIC_0059396,1.4223074,8.88663
ISIC_0059398,-0.6368111,8.76808
ISIC_0059402,-3.5787263,8.43105
ISIC_0059403,-1.8323927,4.794086
ISIC_0059405,-1.6798631,5.1987667
ISIC_0059407,-4.6970334,9.322554
ISIC_0059408,-2.2069833,5.0164447
ISIC_0059411,-3.2176564,4.5839796
ISIC_0059415,-4.97515,7.3820167
ISIC_0059416,-2.1291919,9.0359335
ISIC_0059419,-2.6218317,9.64235
ISIC_0059420,0.50937027,7.262473
ISIC_0059421,-4.710176,9.230835
ISIC_0059423,-1.4238361,10.585493
ISIC_0059424,-2.7680314,7.340151
ISIC_0059429,-2.8533268,9.842114
ISIC_0059432,-3.7669666,7.362149
ISIC_0059435,-6.1506886,7.900218
ISIC_0059438,-2.400323,9.330594
ISIC_0059441,-4.5748563,7.6836567
ISIC_0059444,-2.1680973,6.6271057
ISIC_0059446,0.25292447,6.965007
ISIC_0059447,-0.30667233,5.546866
ISIC_0059450,-1.0449675,7.7118316
ISIC_0059451,-0.82690275,6.430328
ISIC_0059452,-2.5907648,5.092788
ISIC_0059453,-1.7809178,5.2798834
ISIC_0059454,-0.65444565,8.335009
ISIC_0059455,0.20958546,9.090891
ISIC_0059456,-6.433049,6.782539
ISIC_0059458,0.14075787,8.738735
ISIC_0059460,-3.0213056,6.578122
ISIC_0059461,-2.4870424,8.172918
ISIC_0059464,-2.7950888,5.2433968
ISIC_0059466,-6.705347,7.1505046
ISIC_0059468,0.2990035,7.719788
ISIC_0059471,-5.595642,7.986355
ISIC_0059473,-0.03877496,9.223839
ISIC_0059474,-4.271094,9.505294
ISIC_0059476,-2.1019943,4.3609724
ISIC_0059477,-0.6508093,10.303079
ISIC_0059478,-2.6643748,4.817372
ISIC_0059482,-3.2801142,7.3520894
ISIC_0059485,-5.318215,8.665788
ISIC_0059486,0.027798569,7.5617127
ISIC_0059487,-4.8461113,5.33019
ISIC_0059493,-2.750451,7.77955
ISIC_0059494,-4.957203,9.233266
ISIC_0059501,-6.456616,6.6003895
ISIC_0059502,-0.9505048,10.348518
ISIC_0059504,-2.8055959,6.0835037
ISIC_0059505,-3.4541004,7.9124646
ISIC_0059506,-1.1833588,8.177087
ISIC_0059509,-1.8120561,5.3785696
ISIC_0059511,-5.434821,8.67578
ISIC_0059512,-6.929521,7.3747563
ISIC_0059515,-2.5720413,7.907387
ISIC_0059516,-1.6999909,3.119996
ISIC_0059517,-0.71807665,5.666624
ISIC_0059519,-4.9575458,8.52165
ISIC_0059520,-3.5087461,7.4425745
ISIC_0059521,-2.3011966,4.5875745
ISIC_0059522,-4.2929363,7.5294924
ISIC_0059523,-2.2515917,8.405162
ISIC_0059524,-2.8415427,9.276855
ISIC_0059525,-1.3115072,9.971682
ISIC_0059526,-6.251208,7.922293
ISIC_0059528,-0.3997907,5.9693384
ISIC_0059529,-1.048828,9.6389885
ISIC_0059534,-1.9030098,9.226602
ISIC_0059535,-0.39342356,6.675093
ISIC_0059537,0.5024243,9.056009
ISIC_0059538,-1.9702315,9.94394
ISIC_0059541,-0.34639388,9.169199
ISIC_0059543,-4.2798767,9.226498
ISIC_0059544,-3.226307,7.264825
ISIC_0059546,-1.1600671,6.269416
ISIC_0059547,-1.6560979,4.812113
ISIC_0059548,-2.386644,4.852338
ISIC_0059551,-3.3858101,7.1573668
ISIC_0059552,-2.4613085,4.265034
ISIC_0059553,-1.1109354,9.113389
ISIC_0059554,0.5568041,8.796561
ISIC_0059558,-5.126069,6.3863635
ISIC_0059559,0.24638137,8.595948
ISIC_0059561,-1.9360347,5.6950626
ISIC_0059565,-1.8403947,10.062755
ISIC_0059566,-2.8353093,8.135046
ISIC_0059567,-3.4152975,4.8554497
ISIC_0059568,-1.7940377,9.790923
ISIC_0059569,-4.1255774,6.3138213
ISIC_0059571,-2.3134186,5.0553155
ISIC_0059577,-1.0393257,10.284704
ISIC_0059578,-2.129975,5.084701
ISIC_0059580,-4.079884,8.36851
ISIC_0059581,-1.2028127,6.295095
ISIC_0059583,-5.2702928,8.484095
ISIC_0059587,-4.236343,7.1015472
ISIC_0059588,0.031617638,8.68168
ISIC_0059591,-1.1747745,10.488658
ISIC_0059592,-0.195205,9.046404
ISIC_0059593,-3.1066823,6.081311
ISIC_0059595,-0.478089,9.7379465
ISIC_0059597,0.43016648,9.563504
ISIC_0059598,-1.1769524,6.0631485
ISIC_0059599,-1.695308,6.7239037
ISIC_0059600,0.49741805,8.288431
ISIC_0059601,-3.2178035,6.268176
ISIC_0059602,0.19064887,9.134603
ISIC_0059605,-6.800614,8.376808
ISIC_0059606,-2.593725,5.2875886
ISIC_0059608,-5.083985,5.62017
ISIC_0059609,-1.4679887,9.357697
ISIC_0059610,-0.18866357,7.1867394
ISIC_0059611,-1.7410367,6.1224113
ISIC_0059614,-5.8081074,9.172376
ISIC_0059617,-0.7211481,5.479446
ISIC_0059618,-3.043578,5.865352
ISIC_0059620,-2.690804,9.180395
ISIC_0059623,-2.7106519,6.3513966
ISIC_0059624,-2.312103,6.358945
ISIC_0059625,-2.9937937,10.260338
ISIC_0059626,-4.345472,5.9716325
ISIC_0059627,-3.2437215,6.845554
ISIC_0059628,-1.9705212,9.687582
ISIC_0059630,-1.717133,8.426817
ISIC_0059631,-0.49585497,9.170357
ISIC_0059632,-4.1913223,4.2788486
ISIC_0059633,-1.3519115,10.7636
ISIC_0059635,0.43248224,8.519155
ISIC_0059637,0.0006222769,9.471109
ISIC_0059638,-1.2740395,6.9505625
ISIC_0059642,-2.6119616,6.4761524
ISIC_0059643,-5.135434,8.224664
ISIC_0059644,-0.94999367,8.2133875
ISIC_0059646,1.0837204,6.581786
ISIC_0059648,-0.25664127,9.194689
ISIC_0059649,-6.0107913,7.3756948
ISIC_0059650,-2.7989986,3.739912
ISIC_0059654,-4.582911,4.905233
ISIC_0059656,-0.7607318,6.556377
ISIC_0059658,-0.54846364,5.671332
ISIC_0059659,-6.76412,7.6655407
ISIC_0059660,-3.9983351,6.206609
ISIC_0059661,-5.46524,8.624369
ISIC_0059662,-1.5611144,10.647066
ISIC_0059663,-0.37467805,8.317902
ISIC_0059668,0.28057414,10.059539
ISIC_0059669,-3.5340333,5.6764264
ISIC_0059670,-3.8979223,7.3468986
ISIC_0059671,-2.9647183,4.3592577
ISIC_0059673,-4.975441,6.5054145
ISIC_0059677,-1.0025834,10.366438
ISIC_0059680,-2.4563763,5.1394963
ISIC_0059682,1.6098675,9.331876
ISIC_0059685,-5.4412365,6.6404634
ISIC_0059686,-5.0267467,7.410973
ISIC_0059687,-0.08802797,5.5795007
ISIC_0059688,-3.694237,7.760912
ISIC_0059689,-1.720193,7.760346
ISIC_0059691,-0.30699787,10.302974
ISIC_0059693,-1.9716395,5.0610614
ISIC_0059695,-2.0373697,7.350319
ISIC_0059696,-5.2985992,8.751664
ISIC_0059698,-5.843558,6.7715516
ISIC_0059700,-2.198071,5.2845197
ISIC_0059701,-3.9810143,7.7074127
ISIC_0059703,-5.5147142,8.050651
ISIC_0059704,-4.7047477,6.849808
ISIC_0059705,-4.957098,7.7976065
ISIC_0059707,-0.5476181,7.938703
ISIC_0059708,0.19048709,9.147634
ISIC_0059709,-1.2002269,6.840645
ISIC_0059710,-0.9510998,5.542465
ISIC_0059711,-3.847358,8.624962
ISIC_0059713,-3.087774,5.6646147
ISIC_0059714,-3.6328366,7.2298594
ISIC_0059716,-4.5720987,6.4973893
ISIC_0059717,-4.807995,5.9762177
ISIC_0059719,0.24900573,9.404338
ISIC_0059721,-5.6597724,6.641839
ISIC_0059722,-5.705392,8.869289
ISIC_0059724,-2.4792337,7.818116
ISIC_0059725,-2.2773566,4.563522
ISIC_0059726,-2.6493351,4.4487376
ISIC_0059729,-0.3219416,6.7058325
ISIC_0059731,-2.0690258,5.3107915
ISIC_0059735,-2.7043083,6.889798
ISIC_0059736,-1.3322467,5.2672935
ISIC_0059738,-1.683086,6.4203653
ISIC_0059739,-0.22953773,6.6531124
ISIC_0059741,-0.57612616,8.165476
ISIC_0059742,-3.255258,7.6236596
ISIC_0059743,-2.4290733,9.208986
ISIC_0059745,-6.8621864,7.814766
ISIC_0059746,-6.149559,7.902959
ISIC_0059747,-1.7049441,4.449731
ISIC_0059749,-1.8482511,7.301561
ISIC_0059750,-3.2236214,6.749967
ISIC_0059751,-6.686857,6.412425
ISIC_0059752,-0.08383942,7.866172
ISIC_0059753,-0.6520316,10.466647
ISIC_0059755,-1.5229454,6.1217456
ISIC_0059756,-3.668136,4.937147
ISIC_0059757,0.33433878,9.491296
ISIC_0059760,-1.878714,7.5613165
ISIC_0059761,-4.655988,6.662357
ISIC_0059762,-6.1767335,8.849087
ISIC_0059763,-3.0066001,4.7789907
ISIC_0059764,-0.18394713,6.3599215
ISIC_0059768,-0.35477126,6.175711
ISIC_0059770,-4.8446465,4.6181974
ISIC_0059771,-1.4923995,4.943278
ISIC_0059772,-6.8465443,7.01177
ISIC_0059773,-5.033465,6.5449734
ISIC_0059774,-3.3821208,8.522857
ISIC_0059776,-1.1456076,4.915127
ISIC_0059777,-1.184878,9.923682
ISIC_0059778,-2.176062,5.381476
ISIC_0059780,-4.340923,5.817831
ISIC_0059781,-2.1358426,10.329973
ISIC_0059782,-6.0511284,7.770976
ISIC_0059785,-0.005187518,10.217909
ISIC_0059786,-5.511716,9.010283
ISIC_0059787,-1.4956414,5.79098
ISIC_0059788,-4.2550144,7.4089246
ISIC_0059789,-2.066828,9.6949625
ISIC_0059790,0.7402403,6.4791517
ISIC_0059791,-3.5847456,5.863668
ISIC_0059792,-4.2052813,6.4346666
ISIC_0059793,-0.7971958,9.985718
ISIC_0059794,-2.7719922,4.413035
ISIC_0059796,-4.4372816,8.3281975
ISIC_0059797,-3.6613386,6.645441
ISIC_0059801,-2.5449955,7.268261
ISIC_0059802,-4.7057333,9.290156
ISIC_0059803,-3.9972317,7.317683
ISIC_0059804,-3.2054427,4.4115543
ISIC_0059805,-3.8912148,6.825558
ISIC_0059807,-5.2094474,9.227569
ISIC_0059808,-0.37845945,5.972514
ISIC_0059809,-1.0250813,9.198287
ISIC_0059810,-4.1940274,4.7546477
ISIC_0059812,-4.1858745,9.503811
ISIC_0059813,-4.6747513,5.9792576
ISIC_0059814,-2.0438933,5.081966
ISIC_0059816,0.13035755,7.968686
ISIC_0059820,-4.722122,8.252499
ISIC_0059821,-1.2464782,4.8539834
ISIC_0059823,-0.07277017,9.372328
ISIC_0059824,-2.5426438,5.786114
ISIC_0059826,-5.9680057,7.989061
ISIC_0059827,-1.2823728,5.338174
ISIC_0059828,-4.8535233,8.175238
ISIC_0059830,-0.38267508,9.567301
ISIC_0059832,0.6366016,9.861909
ISIC_0059834,-5.2009015,8.92854
ISIC_0059835,-1.8821201,6.9199038
ISIC_0059838,0.46436927,8.809464
ISIC_0059840,-4.4578643,4.655737
ISIC_0059843,-0.0449866,5.680352
ISIC_0059844,-5.6796584,7.6793323
ISIC_0059847,-0.7469781,5.3140626
ISIC_0059849,-5.040236,4.895423
ISIC_0059854,-2.1348155,10.177846
ISIC_0059855,-3.7438545,4.844604
ISIC_0059857,-4.319848,5.6733055
ISIC_0059859,-1.3837651,10.077497
ISIC_0059860,-2.2723546,9.740078
ISIC_0059861,-3.4457784,7.102741
ISIC_0059862,-5.0657735,6.916451
ISIC_0059863,-3.3430226,6.0791364
ISIC_0059865,-1.9525583,5.693588
ISIC_0059866,-2.4774947,4.837495
ISIC_0059869,-1.5249856,6.176688
ISIC_0059870,-2.7428634,9.18297
ISIC_0059873,-1.4418267,5.5745454
ISIC_0059874,-0.040040597,9.524682
ISIC_0059875,-3.138974,7.3513865
ISIC_0059876,-1.6044058,10.859822
ISIC_0059879,-2.8017876,10.547019
ISIC_0059881,-0.48923153,8.520859
ISIC_0059884,-0.6175392,9.533699
ISIC_0059886,-2.0704415,9.683367
ISIC_0059888,-3.6917253,4.7908335
ISIC_0059889,-5.397423,6.592501
ISIC_0059890,-0.57719195,9.39706
ISIC_0059891,-5.9819894,5.7331133
ISIC_0059892,-2.856671,6.6252375
ISIC_0059894,-4.434652,9.356767
ISIC_0059897,0.27395508,9.480897
ISIC_0059899,-2.059808,7.673266
ISIC_0059904,-3.8303494,5.830517
ISIC_0059905,-0.09073399,6.358867
ISIC_0059906,-6.766439,8.119678
ISIC_0059907,-5.0273986,8.604771
ISIC_0059910,-5.311801,6.6277
ISIC_0059911,-5.275881,7.3753996
ISIC_0059912,-0.526222,9.97666
ISIC_0059913,-0.13251124,10.218104
ISIC_0059917,-3.3013217,7.362711
ISIC_0059918,-2.192032,7.4151835
ISIC_0059919,-0.44030303,6.8079658
ISIC_0059920,-2.8238049,5.414634
ISIC_0059922,0.35331735,8.99623
ISIC_0059923,-2.361395,5.6189322
ISIC_0059925,-3.1575375,9.93006
ISIC_0059926,1.9805703,9.177001
ISIC_0059927,-4.2117405,7.3163047
ISIC_0059928,-6.807437,7.2225914
ISIC_0059930,-1.7254016,3.8156087
ISIC_0059932,0.19876653,9.557452
ISIC_0059933,0.10958068,10.247839
ISIC_0059937,-4.5497217,4.3333306
ISIC_0059938,-4.9629297,7.860302
ISIC_0059939,-0.6317394,10.210577
ISIC_0059940,-0.14546396,9.97191
ISIC_0059941,-2.1872435,5.560734
ISIC_0059944,-4.6427827,8.875525
ISIC_0059948,-3.173786,4.0198917
ISIC_0059950,-3.1558099,4.3459163
ISIC_0059952,-2.9132097,6.2087345
ISIC_0059953,-0.6930007,6.685499
ISIC_0059957,-1.1090817,9.704572
ISIC_0059958,-3.7806327,4.5691676
ISIC_0059959,-4.1437855,6.843603
ISIC_0059960,-2.0037298,5.9390626
ISIC_0059961,-1.9814239,9.620428
ISIC_0059968,-4.1568694,6.708002
ISIC_0059973,-3.380788,8.008694
ISIC_0059974,-3.9708943,6.540634
ISIC_0059975,-1.5163698,7.320213
ISIC_0059978,0.11305661,8.473031
ISIC_0059984,0.16214146,7.88502
ISIC_0059985,-3.229259,3.9142494
ISIC_0059986,-6.7054405,8.446237
ISIC_0059987,-5.1162786,8.036605
ISIC_0059988,-0.4645874,8.799547
ISIC_0059992,-0.29909468,6.302608
ISIC_0059995,-2.0526364,5.7471356
ISIC_0059996,0.9229428,7.7432823
ISIC_0059997,0.058521982,9.422917
ISIC_0059999,-2.656068,7.847289
ISIC_0060001,-6.910152,7.5244837
ISIC_0060002,-0.60635865,8.19068
ISIC_0060003,-2.1487794,9.3124275
ISIC_0060009,-4.613339,7.742986
ISIC_0060014,-0.3723236,9.059992
ISIC_0060015,-4.4935646,5.5514226
ISIC_0060018,-1.9945608,10.801336
ISIC_0060019,-4.4453845,8.632032
ISIC_0060020,-2.0793605,4.660159
ISIC_0060022,0.47490355,8.889729
ISIC_0060024,-2.4171684,8.988445
ISIC_0060026,-2.9671795,4.5778112
ISIC_0060028,-3.7288783,8.934112
ISIC_0060029,-2.6829498,7.4978023
ISIC_0060030,-3.6901436,3.8969593
ISIC_0060032,0.13708833,9.488647
ISIC_0060033,-2.880007,5.133692
ISIC_0060034,-4.600232,5.847593
ISIC_0060035,-1.9492705,4.1061177
ISIC_0060036,-4.0974336,6.5128713
ISIC_0060038,0.29444608,9.607407
ISIC_0060039,-5.725361,7.3936343
ISIC_0060040,-0.4745258,6.7973437
ISIC_0060041,-2.6396153,3.8147376
ISIC_0060043,-1.1079751,5.4647503
ISIC_0060044,-6.009531,8.43197
ISIC_0060045,-1.0869682,7.044041
ISIC_0060046,-3.7098598,9.084703
ISIC_0060048,-0.33543843,10.390858
ISIC_0060057,-2.846742,5.487555
ISIC_0060059,-1.5400345,6.5286875
ISIC_0060060,-2.3801951,4.6691704
ISIC_0060061,-2.3748324,5.985964
ISIC_0060062,-4.999172,6.5994678
ISIC_0060063,-5.1203628,9.088669
ISIC_0060064,-2.4153192,9.368202
ISIC_0060065,-1.3871214,6.0804086
ISIC_0060067,-4.578058,9.438196
ISIC_0060073,0.01832163,9.436926
ISIC_0060077,-2.1409526,9.373439
ISIC_0060078,-2.2498872,7.8895493
ISIC_0060081,-1.7311563,4.770059
ISIC_0060082,-1.8474362,10.864405
ISIC_0060083,-0.54259807,9.430269
ISIC_0060085,-0.5682031,10.343671
ISIC_0060086,-1.3955921,6.7493668
ISIC_0060093,-2.4515448,6.7854233
ISIC_0060094,-3.9749339,6.0154386
ISIC_0060095,-3.0498235,3.9065375
ISIC_0060096,-1.2991449,7.2591815
ISIC_0060098,-2.4707518,7.020213
ISIC_0060099,0.3911129,9.3557825
ISIC_0060100,-5.0407352,7.7560034
ISIC_0060101,-0.5211395,6.5324645
ISIC_0060104,0.30248123,10.109517
ISIC_0060106,-3.6048846,4.236117
ISIC_0060109,-0.7524191,4.737473
ISIC_0060114,0.22487849,10.331158
ISIC_0060118,0.65375787,9.740582
ISIC_0060120,-3.63664,6.5999637
ISIC_0060122,-2.6323934,9.728065
ISIC_0060123,-0.2991234,9.4105
ISIC_0060124,-4.7335243,9.373951
ISIC_0060129,-4.2194595,8.995911
ISIC_0060130,-2.362963,5.911332
ISIC_0060131,-0.71380067,6.799195
ISIC_0060133,-0.106607065,8.480172
ISIC_0060134,-5.943238,5.7170296
ISIC_0060135,-1.4097153,5.1879096
ISIC_0060136,-0.035050534,10.245559
ISIC_0060137,0.062469963,9.988108
ISIC_0060138,-3.399532,4.599993
ISIC_0060139,-2.9027817,5.2949286
ISIC_0060140,-1.6865989,7.151013
ISIC_0060141,-5.428103,5.726305
ISIC_0060143,-0.12369781,8.106218
ISIC_0060144,-4.5015407,8.64713
ISIC_0060145,-2.275156,9.082314
ISIC_0060147,-2.9876797,9.1463995
ISIC_0060149,-2.0796707,4.2527986
ISIC_0060150,-0.41537604,10.099768
ISIC_0060153,-0.5536713,8.553084
ISIC_0060154,-0.4457104,8.475741
ISIC_0060155,-0.9659868,5.835616
ISIC_0060157,0.35395446,9.392526
ISIC_0060159,0.6424928,10.129141
ISIC_0060161,-2.5209098,7.551527
ISIC_0060162,-1.215717,5.3555617
ISIC_0060164,-2.2189968,10.150895
ISIC_0060168,-0.6773186,5.675561
ISIC_0060169,-3.9411101,7.4459944
ISIC_0060170,-2.8071513,5.636186
ISIC_0060171,-4.0330386,6.9015875
ISIC_0060173,-3.680755,8.536834
ISIC_0060174,-5.983641,7.032704
ISIC_0060178,-2.1544297,9.761847
ISIC_0060180,-0.09140154,9.373325
ISIC_0060181,0.23694071,6.7169356
ISIC_0060182,-1.4432682,5.0802574
ISIC_0060187,-2.4348803,6.76365
ISIC_0060188,-3.5179603,7.148327
ISIC_0060189,-0.54646105,5.8260403
ISIC_0060190,0.6988297,6.48419
ISIC_0060191,-4.7717204,9.262979
ISIC_0060194,-0.76148736,7.2556386
ISIC_0060195,-2.4388788,4.793342
ISIC_0060197,-0.46398243,7.779274
ISIC_0060198,-4.343315,6.1004276
ISIC_0060200,-4.1317143,9.022483
ISIC_0060201,-0.23830333,6.9942694
ISIC_0060202,-3.2127242,7.492823
ISIC_0060203,-6.7888985,8.129434
ISIC_0060205,-4.504181,7.904191
ISIC_0060208,-2.707595,3.9948735
ISIC_0060209,-1.5207219,5.2663593
ISIC_0060212,-2.7792478,4.9461007
ISIC_0060213,-6.0387473,6.964514
ISIC_0060214,-3.651042,8.423652
ISIC_0060216,-0.04271767,9.721038
ISIC_0060217,-2.7350805,5.7503037
ISIC_0060218,-4.1306033,5.747807
ISIC_0060219,-1.5350132,9.417804
ISIC_0060220,-5.9858656,6.5095925
ISIC_0060222,-3.2003567,4.1885977
ISIC_0060223,-3.8934257,3.6997583
ISIC_0060224,-2.4463506,4.48814
ISIC_0060230,-1.6431984,5.9026394
ISIC_0060233,-1.709006,10.777146
ISIC_0060235,-3.2136474,7.9611773
ISIC_0060236,0.116991624,7.9308715
ISIC_0060238,-4.7782807,6.6724486
ISIC_0060239,-5.62782,5.2806883
ISIC_0060240,-6.6015573,8.185021
ISIC_0060242,-0.7503673,5.202222
ISIC_0060243,-5.307197,8.82788
ISIC_0060244,-3.543691,6.900994
ISIC_0060248,-5.413579,7.6109066
ISIC_0060250,1.889292,9.288142
ISIC_0060251,-3.9621134,5.9988084
ISIC_0060254,-5.4829917,8.586294
ISIC_0060257,-1.2715452,6.9749684
ISIC_0060261,-3.096642,5.099883
ISIC_0060262,-0.6810231,6.3869867
ISIC_0060264,-3.6213548,6.389489
ISIC_0060266,-3.033811,4.4694037
ISIC_0060270,-4.0209227,4.9618535
ISIC_0060276,-5.3445005,8.156837
ISIC_0060279,-0.6926869,10.16268
ISIC_0060280,-5.4194703,8.935588
ISIC_0060281,-0.54338765,10.159416
ISIC_0060285,-0.8120037,6.357618
ISIC_0060286,-5.472602,8.793844
ISIC_0060287,-0.52296966,8.98
ISIC_0060288,-2.8662014,8.397926
ISIC_0060289,-2.4412777,10.353969
ISIC_0060290,0.28725672,9.423204
ISIC_0060294,-1.3803573,10.660036
ISIC_0060295,-0.26354894,8.605368
ISIC_0060297,-3.3897557,4.107126
ISIC_0060298,-3.936266,9.325207
ISIC_0060302,-1.1068256,7.2198567
ISIC_0060303,-1.461246,4.6100907
ISIC_0060305,-0.116385475,7.346357
ISIC_0060306,-3.490152,9.648098
ISIC_0060307,-0.3014059,7.777861
ISIC_0060308,-1.6660615,5.9959025
ISIC_0060309,-1.1884509,5.461347
ISIC_0060310,-3.9741688,7.7557344
ISIC_0060311,-4.723522,9.116108
ISIC_0060312,-2.6089537,9.310895
ISIC_0060313,0.06629856,9.3923645
ISIC_0060314,-2.1143591,7.5239563
ISIC_0060315,-4.520292,5.0599627
ISIC_0060325,-1.3465443,6.6305532
ISIC_0060326,-3.345253,4.7159295
ISIC_0060327,-3.2969837,3.3770916
ISIC_0060332,-5.3394694,9.431179
ISIC_0060336,-2.6766334,6.172193
ISIC_0060337,-0.28051114,9.30749
ISIC_0060338,-0.87911737,6.4560013
ISIC_0060339,-1.6111186,5.463993
ISIC_0060340,-0.8020529,6.283087
ISIC_0060341,-3.4344134,4.4350657
ISIC_0060342,-4.736327,6.4825177
ISIC_0060343,-0.22556321,8.849781
ISIC_0060346,0.35930574,9.279544
ISIC_0060347,-1.6905825,6.3296447
ISIC_0060348,-2.214352,9.287772
ISIC_0060349,-0.3741723,7.6049705
ISIC_0060351,-6.6418533,7.398974
ISIC_0060352,-4.0289235,4.3674116
ISIC_0060354,-0.3922601,9.258963
ISIC_0060355,-4.190533,4.490464
ISIC_0060356,-5.283085,6.5297256
ISIC_0060358,-4.5700016,5.1584153
ISIC_0060359,0.31867158,10.266275
ISIC_0060360,-3.6318603,5.3544917
ISIC_0060365,-5.211634,9.549391
ISIC_0060366,-0.671787,6.5937138
ISIC_0060367,0.67650723,7.442061
ISIC_0060368,-4.274353,8.153855
ISIC_0060371,-4.040795,6.430544
ISIC_0060372,-2.0044563,4.456414
ISIC_0060373,-0.8085221,10.56434
ISIC_0060374,-5.9589276,6.3269305
ISIC_0060376,-0.5562375,8.655388
ISIC_0060377,-1.4691162,5.7292523
ISIC_0060378,-6.1566205,8.079396
ISIC_0060380,-2.1630294,5.1420436
ISIC_0060381,-4.6280293,7.798334
ISIC_0060382,0.4022058,8.477044
ISIC_0060386,-5.616598,8.765315
ISIC_0060388,-3.8342483,6.5053873
ISIC_0060392,-3.3014226,9.01552
ISIC_0060393,-2.3028283,5.3451505
ISIC_0060394,-2.1480105,9.043224
ISIC_0060396,-2.7482774,5.6767015
ISIC_0060397,-2.959801,5.280619
ISIC_0060398,-2.7323747,9.707398
ISIC_0060399,-0.08018856,5.750342
ISIC_0060400,-0.98729056,6.568655
ISIC_0060401,0.37138698,8.554519
ISIC_0060402,-6.0091386,7.97853
ISIC_0060403,-2.3051023,5.8976517
ISIC_0060407,-5.438867,8.789403
ISIC_0060409,-2.3351974,5.779834
ISIC_0060414,-2.1612334,5.036877
ISIC_0060419,-6.357749,7.8277373
ISIC_0060421,-1.0170428,4.896611
ISIC_0060422,-2.2358725,5.6835017
ISIC_0060427,-3.5853672,9.90815
ISIC_0060428,-1.9458401,10.729814
ISIC_0060429,-5.5273943,6.8726034
ISIC_0060430,-1.661746,10.823533
ISIC_0060432,-1.1556768,8.313123
ISIC_0060434,-2.9104655,9.78729
ISIC_0060438,-5.5386896,7.064088
ISIC_0060441,-4.319898,7.730133
ISIC_0060443,-4.255486,8.860786
ISIC_0060444,-0.6888269,6.807305
ISIC_0060446,-3.9934895,6.4227104
ISIC_0060447,1.7576569,9.277474
ISIC_0060448,-4.7858515,8.006121
ISIC_0060449,-1.8366253,4.7697153
ISIC_0060450,0.41653848,10.088428
ISIC_0060455,-2.7967086,4.994884
ISIC_0060456,0.07024179,10.231911
ISIC_0060457,-4.9682784,5.850411
ISIC_0060458,-3.0483437,10.137712
ISIC_0060459,-3.3894198,6.0055027
ISIC_0060461,-5.9187255,5.661491
ISIC_0060463,-2.408003,5.191068
ISIC_0060465,-3.3911853,7.031038
ISIC_0060467,-0.5086162,8.714347
ISIC_0060468,-1.1898807,6.2676744
ISIC_0060470,-2.3302271,6.3567853
ISIC_0060471,1.4345055,9.384285
ISIC_0060473,-2.685717,6.116535
ISIC_0060475,-4.3332114,5.587762
ISIC_0060478,-0.76936835,5.463346
ISIC_0060480,0.22626619,9.663278
ISIC_0060482,-1.1914228,6.722786
ISIC_0060483,-0.82796055,5.570565
ISIC_0060485,-1.5360593,4.6368394
ISIC_0060486,-3.8583627,9.0176
ISIC_0060487,-1.3071454,5.644655
ISIC_0060488,-1.1505419,5.413157
ISIC_0060489,-2.268063,8.931387
ISIC_0060490,-1.6081499,4.856026
ISIC_0060492,-4.81897,8.701436
ISIC_0060493,-0.780189,9.632486
ISIC_0060494,-0.18014449,10.467442
ISIC_0060495,0.16698854,9.394167
ISIC_0060496,-3.6347249,9.020165
ISIC_0060497,-2.426853,4.32321
ISIC_0060500,-5.020376,7.0576673
ISIC_0060504,-1.5929296,6.2788877
ISIC_0060507,-1.7124757,9.3264885
ISIC_0060508,-6.3475266,7.5624514
ISIC_0060510,-1.4545096,5.7402763
ISIC_0060511,-1.7641133,4.834794
ISIC_0060514,-1.5011545,5.627732
ISIC_0060516,-4.1948605,4.866442
ISIC_0060518,-6.3856373,8.593145
ISIC_0060522,-1.0218341,7.4744515
ISIC_0060525,-4.6007338,7.2127647
ISIC_0060526,0.23967895,9.187654
ISIC_0060528,-5.586136,7.461598
ISIC_0060530,-3.3493555,5.587037
ISIC_0060532,-1.8217683,5.1750627
ISIC_0060534,-2.4194033,8.418538
ISIC_0060536,-3.184899,3.96807
ISIC_0060537,-0.7749279,4.9618173
ISIC_0060538,-5.632348,7.799894
ISIC_0060539,-6.591814,8.525209
ISIC_0060542,0.27415675,9.735699
ISIC_0060544,-4.44826,4.904062
ISIC_0060546,-1.942637,5.2977195
ISIC_0060548,-3.1521945,3.9839158
ISIC_0060549,-3.1620238,3.5101507
ISIC_0060550,-4.045793,4.2785954
ISIC_0060555,-2.6165204,4.376743
ISIC_0060556,-3.156285,4.3111825
ISIC_0060557,-4.2425594,4.464338
ISIC_0060559,-4.560835,4.6307406
ISIC_0060560,-1.819012,7.170456
ISIC_0060573,-3.810438,6.0590396
ISIC_0060574,-2.9305682,9.887993
ISIC_0060576,-4.488852,8.205004
ISIC_0060577,-1.8546253,8.459842
ISIC_0060579,-0.3067468,8.656094
ISIC_0060580,-1.7699944,4.690562
ISIC_0060581,-6.104692,8.100757
ISIC_0060583,-2.3158998,5.1086
ISIC_0060585,-3.5496583,5.0074234
ISIC_0060586,-1.8687061,6.222844
ISIC_0060588,1.5162672,9.257744
ISIC_0060589,-1.2381289,5.383802
ISIC_0060590,-1.5021385,4.4082456
ISIC_0060591,-5.2385125,9.432001
ISIC_0060593,-2.1238437,7.6401772
ISIC_0060594,-3.482398,5.120936
ISIC_0060595,-6.5381746,8.209161
ISIC_0060597,-2.392903,5.146346
ISIC_0060599,-4.111825,6.4290147
ISIC_0060600,0.16746888,7.7249064
ISIC_0060603,0.40059194,9.553704
ISIC_0060605,-4.527745,8.950146
ISIC_0060606,-1.347276,6.887013
ISIC_0060607,-0.5991338,8.409132
ISIC_0060608,-0.5874805,10.506649
ISIC_0060610,-1.6717273,9.274223
ISIC_0060612,-4.2647085,9.323823
ISIC_0060613,-5.4228106,7.049414
ISIC_0060614,-0.83912116,6.6002307
ISIC_0060615,-4.426811,7.1023684
ISIC_0060616,-4.577321,5.385265
ISIC_0060618,-1.7241876,8.542217
ISIC_0060620,-2.146572,8.876746
ISIC_0060622,-4.15882,8.935208
ISIC_0060623,0.20544377,9.793978
ISIC_0060624,-4.4021983,6.3058887
ISIC_0060625,-6.529234,7.484924
ISIC_0060626,1.6697272,9.202063
ISIC_0060627,-4.2743487,4.6381
ISIC_0060628,-5.659654,6.713019
ISIC_0060629,0.100562446,9.10979
ISIC_0060630,0.14828546,7.96335
ISIC_0060631,-5.1593404,7.693248
ISIC_0060635,-2.8055997,10.223352
ISIC_0060637,-0.49928,6.4751863
ISIC_0060640,-0.5090333,5.6597786
ISIC_0060641,-5.0740266,9.322129
ISIC_0060645,-1.8262476,3.0954268
ISIC_0060646,-4.788302,9.512255
ISIC_0060647,-2.698823,4.4029818
ISIC_0060651,-3.2364495,6.919513
ISIC_0060654,-0.6482559,9.358132
ISIC_0060657,-2.3948753,5.8611565
ISIC_0060660,-5.885758,7.5062785
ISIC_0060662,-2.3201027,9.538509
ISIC_0060663,-1.6510292,4.80828
ISIC_0060665,0.42724365,10.084657
ISIC_0060667,-2.078766,10.29938
ISIC_0060668,-6.860801,7.1155987
ISIC_0060669,-5.043311,5.1422224
ISIC_0060671,0.49441463,9.617834
ISIC_0060672,-0.6592237,5.1372194
ISIC_0060673,-3.4287248,6.635511
ISIC_0060676,0.53767145,7.873696
ISIC_0060678,-1.764876,4.8291717
ISIC_0060679,-1.5575553,9.742652
ISIC_0060680,-0.29688597,9.145324
ISIC_0060681,0.38196573,9.190992
ISIC_0060682,-5.1256833,8.970262
ISIC_0060683,0.101429194,8.044261
ISIC_0060684,-1.2034063,4.918879
ISIC_0060687,-2.3796434,5.8368764
ISIC_0060688,-6.0697174,9.074849
ISIC_0060690,-1.5148705,10.610923
ISIC_0060693,-1.548465,7.1162767
ISIC_0060694,-5.2555995,6.1044583
ISIC_0060695,2.3810575,5.01956
ISIC_0060697,-3.9277437,7.7573223
ISIC_0060698,0.08204564,8.404802
ISIC_0060700,-3.3120654,9.212072
ISIC_0060701,-4.6588078,9.235799
ISIC_0060704,-3.2369452,4.208218
ISIC_0060705,-3.8714304,8.495511
ISIC_0060706,-0.1507358,10.139193
ISIC_0060709,-5.283164,5.474896
ISIC_0060711,-1.2225231,7.4131684
ISIC_0060713,-2.3343475,6.0670657
ISIC_0060714,-2.4789705,7.8561406
ISIC_0060715,-4.3350163,8.823568
ISIC_0060716,-5.6307917,5.3264265
ISIC_0060717,-3.7995381,6.6952353
ISIC_0060718,-2.0279188,4.4053016
ISIC_0060721,-1.990069,7.6753783
ISIC_0060724,-1.5370464,10.161516
ISIC_0060727,-0.4944894,5.2851286
ISIC_0060728,-0.8767056,9.389546
ISIC_0060729,-2.6694667,7.314942
ISIC_0060730,-0.12869592,5.498606
ISIC_0060732,0.035973947,7.942465
ISIC_0060733,-1.5049034,4.461854
ISIC_0060736,-3.7531667,5.7211404
ISIC_0060738,-1.2539326,6.282803
ISIC_0060739,-2.7592092,4.4216223
ISIC_0060740,-2.2367551,9.76221
ISIC_0060741,-6.009334,7.394626
ISIC_0060743,-5.988813,6.17522
ISIC_0060744,-0.49815658,9.8985195
ISIC_0060746,-1.2756239,9.63335
ISIC_0060747,-3.5820475,3.492085
ISIC_0060748,-1.0908338,5.534239
ISIC_0060750,-0.38800737,9.225175
ISIC_0060751,-0.18127315,9.352031
ISIC_0060752,-0.9296075,6.22761
ISIC_0060753,-5.4178,9.201465
ISIC_0060754,-4.3789897,6.457595
ISIC_0060760,-6.3768616,7.7415996
ISIC_0060761,-2.8865325,5.710314
ISIC_0060763,-1.3015655,8.769561
ISIC_0060764,-3.5939522,7.9994698
ISIC_0060771,0.009361217,9.253477
ISIC_0060773,-0.20888545,6.16226
ISIC_0060774,0.09833201,9.269759
ISIC_0060775,-1.8699737,7.930539
ISIC_0060777,-2.1856399,9.5703745
ISIC_0060779,-0.54227555,10.355931
ISIC_0060781,-2.0827947,10.5036955
ISIC_0060784,-2.9434648,6.4402003
ISIC_0060786,0.20529436,7.489846
ISIC_0060788,-3.5103111,4.489474
ISIC_0060789,-0.72273463,5.558688
ISIC_0060791,0.077053145,9.432766
ISIC_0060793,-4.1765227,8.84129
ISIC_0060794,-2.2806225,5.2871094
ISIC_0060795,-0.25093076,8.052605
ISIC_0060799,-5.4642015,5.7939944
ISIC_0060801,-4.6595354,6.6075625
ISIC_0060802,-1.6462536,7.0532966
ISIC_0060803,1.6931252,9.037342
ISIC_0060807,-1.5845239,4.533286
ISIC_0060809,-3.734943,8.659232
ISIC_0060810,-0.72263867,7.1336656
ISIC_0060811,-3.5038621,3.576681
ISIC_0060813,-3.88511,8.184703
ISIC_0060818,-3.7366817,8.532659
ISIC_0060820,-5.7218122,6.9413075
ISIC_0060823,-1.9678273,3.9299915
ISIC_0060827,-0.38130125,8.659555
ISIC_0060828,-3.9988136,6.1315994
ISIC_0060829,0.4358984,7.2245684
ISIC_0060830,-1.3911939,6.373997
ISIC_0060831,-4.4107394,6.528808
ISIC_0060832,-3.0445,4.420592
ISIC_0060834,1.1886873,6.6261377
ISIC_0060835,-5.1459885,7.9014955
ISIC_0060836,0.5757181,9.638498
ISIC_0060838,-1.8790451,9.39895
ISIC_0060842,-1.5117183,5.5026593
ISIC_0060845,0.46995905,9.30787
ISIC_0060846,-3.6161964,5.648476
ISIC_0060847,-4.487437,8.871163
ISIC_0060848,-3.793279,6.476968
ISIC_0060850,-0.2388406,7.215911
ISIC_0060855,-4.8697753,6.5000567
ISIC_0060857,-1.0845333,6.766053
ISIC_0060858,0.31547907,7.8791695
ISIC_0060860,-4.2055316,7.02855
ISIC_0060862,-4.973872,5.9557476
ISIC_0060863,-6.761862,8.1685915
ISIC_0060864,-4.1768837,8.195257
ISIC_0060866,-4.2489142,5.071877
ISIC_0060869,-2.8314364,5.6118226
ISIC_0060870,-2.5677924,5.749615
ISIC_0060871,-2.4285548,7.3040824
ISIC_0060873,-2.5629725,4.73628
ISIC_0060874,-2.502884,5.0145154
ISIC_0060876,-0.11341168,9.367098
ISIC_0060880,-2.4959235,5.64865
ISIC_0060881,-2.9305658,9.565693
ISIC_0060882,-2.6814423,10.426362
ISIC_0060883,-0.5375188,8.396712
ISIC_0060886,-1.9918437,4.8955674
ISIC_0060887,-4.3343034,8.830975
ISIC_0060888,0.04496141,9.876404
ISIC_0060890,-1.505817,6.037255
ISIC_0060892,-1.4497231,10.37264
ISIC_0060893,-1.6930526,4.926594
ISIC_0060894,-3.8089547,6.7280254
ISIC_0060897,-2.042435,5.5556364
ISIC_0060898,0.5668014,8.59879
ISIC_0060899,-1.7412094,5.0424867
ISIC_0060900,-0.6946575,5.377593
ISIC_0060901,-2.0248134,4.3202786
ISIC_0060902,-2.5533907,8.071018
ISIC_0060903,-0.19904675,5.078109
ISIC_0060904,-3.430827,4.8033156
ISIC_0060905,-4.752891,7.031922
ISIC_0060906,-0.30901015,6.2253885
ISIC_0060907,-4.5800767,9.040653
ISIC_0060908,-3.3810086,3.4217172
ISIC_0060909,-1.5207069,6.005027
ISIC_0060910,-1.7728454,10.597073
ISIC_0060911,-3.028495,6.284051
ISIC_0060914,-2.7073734,4.1125464
ISIC_0060915,-6.3781734,8.092929
ISIC_0060916,-2.3841453,4.5886774
ISIC_0060919,-3.603223,4.787508
ISIC_0060922,-0.22430103,5.359304
ISIC_0060923,-5.1372395,7.369974
ISIC_0060924,-5.573279,7.559945
ISIC_0060925,-2.3535903,6.159104
ISIC_0060931,0.37362367,7.620501
ISIC_0060933,-0.8123004,9.116349
ISIC_0060934,-1.1318812,5.267034
ISIC_0060935,-0.77252144,6.6116295
ISIC_0060936,0.10843642,8.416029
ISIC_0060937,-5.959711,8.523283
ISIC_0060938,-1.4229567,5.8179593
ISIC_0060939,-4.900934,8.5683975
ISIC_0060943,-0.7170659,5.2050805
ISIC_0060944,-0.675821,6.4517817
ISIC_0060946,0.49433818,8.0856695
ISIC_0060947,-3.7303908,8.704218
ISIC_0060949,-1.9239489,10.428399
ISIC_0060950,-1.8559754,5.242566
ISIC_0060951,-0.5622994,9.486145
ISIC_0060954,-1.1135846,9.442864
ISIC_0060955,-3.232136,4.4652734
ISIC_0060956,-6.7964997,7.155897
ISIC_0060958,-5.8417234,7.686822
ISIC_0060960,-5.3900223,8.420762
ISIC_0060964,-6.0010076,8.019406
ISIC_0060965,-0.73523855,5.564023
ISIC_0060967,1.8012341,9.266598
ISIC_0060968,-1.7245616,10.218141
ISIC_0060969,-2.475681,4.155757
ISIC_0060970,-4.5574937,6.8433948
ISIC_0060971,0.14620629,8.260996
ISIC_0060972,-0.260293,6.3550615
ISIC_0060973,-2.5487769,4.4758463
ISIC_0060974,-1.646342,5.4667373
ISIC_0060978,-2.8208263,5.96656
ISIC_0060979,1.7428442,9.275974
ISIC_0060981,-1.0275286,6.3134375
ISIC_0060983,-1.5889727,6.3964252
ISIC_0060984,-2.60594,3.9766257
ISIC_0060987,0.682541,6.50953
ISIC_0060989,0.38848573,7.4028454
ISIC_0060994,-2.492097,5.7523146
ISIC_0060995,-0.7348749,7.9534483
ISIC_0060999,0.10905584,9.41717
ISIC_0061001,0.14875574,7.1662126
ISIC_0061002,1.7864002,9.270765
ISIC_0061003,-1.6152565,5.6109247
ISIC_0061004,-0.23867652,8.625509
ISIC_0061005,-4.4199767,8.729359
ISIC_0061006,-5.179256,5.8759775
ISIC_0061007,1.5182973,9.44955
ISIC_0061008,0.5424102,9.076986
ISIC_0061011,0.37398282,9.771498
ISIC_0061014,-1.2049375,5.438992
ISIC_0061016,-1.4147294,8.985738
ISIC_0061017,-0.29437998,10.399238
ISIC_0061020,-2.1847398,7.985693
ISIC_0061021,-1.7314848,7.017989
ISIC_0061022,-2.494433,9.972863
ISIC_0061025,-0.6051659,7.473468
ISIC_0061026,-4.585716,7.9136477
ISIC_0061027,-0.74373657,9.860655
ISIC_0061029,-1.805812,9.265177
ISIC_0061031,-1.8678967,4.897402
ISIC_0061032,0.3942945,9.030319
ISIC_0061034,-3.1182168,6.789223
ISIC_0061035,-3.2862117,4.424402
ISIC_0061037,-6.2952933,6.7089334
ISIC_0061039,-0.74537027,5.3640933
ISIC_0061041,-1.8384503,4.732581
ISIC_0061043,-5.58689,9.274635
ISIC_0061044,0.30630803,8.109783
ISIC_0061045,-1.5768968,5.3357673
ISIC_0061047,-1.4954387,6.663938
ISIC_0061049,-4.8993473,4.161534
ISIC_0061051,-1.7542852,4.505523
ISIC_0061052,-2.4828336,5.9076467
ISIC_0061054,-1.9177071,4.688047
ISIC_0061055,-0.6001122,8.304175
ISIC_0061056,-0.3808944,6.049113
ISIC_0061059,-0.761427,5.2263565
ISIC_0061060,0.5163514,9.608979
ISIC_0061061,-6.4354486,6.877614
ISIC_0061062,-2.34715,5.0622067
ISIC_0061063,-4.1872716,8.415056
ISIC_0061066,-5.5521574,8.307443
ISIC_0061067,-3.1894617,5.835796
ISIC_0061068,-2.370446,5.5847297
ISIC_0061069,-2.2414422,7.3575273
ISIC_0061070,-0.82049614,9.731446
ISIC_0061072,-1.9231449,5.158505
ISIC_0061074,-3.301565,7.7163463
ISIC_0061075,-3.2337759,4.0581045
ISIC_0061076,-1.0264033,9.568866
ISIC_0061077,-4.7569714,6.4083133
ISIC_0061078,-2.9093814,8.277572
ISIC_0061079,-1.1723998,9.060781
ISIC_0061081,-0.530555,5.411589
ISIC_0061082,-4.1334662,8.824998
ISIC_0061085,-5.580835,5.795729
ISIC_0061087,-3.309962,8.364408
ISIC_0061089,-1.4875426,7.1469145
ISIC_0061095,-3.8586576,7.7855945
ISIC_0061096,-0.5734404,5.679192
ISIC_0061097,-3.6222546,9.382976
ISIC_0061100,1.5478826,9.280202
ISIC_0061101,-5.5263314,5.177303
ISIC_0061102,-5.2816753,7.592749
ISIC_0061104,-2.6103716,5.253229
ISIC_0061105,-1.5149102,5.0693474
ISIC_0061107,-4.1359262,9.392948
ISIC_0061108,-3.6608934,5.2175603
ISIC_0061109,-5.5303826,9.293687
ISIC_0061111,-2.1403306,5.643962
ISIC_0061112,-0.1876468,7.3739266
ISIC_0061119,1.7888414,9.161977
ISIC_0061124,-2.2527246,4.692632
ISIC_0061131,0.11893494,9.381789
ISIC_0061133,-1.3013189,6.695015
ISIC_0061135,0.03149744,8.768277
ISIC_0061137,-6.961512,7.5385528
ISIC_0061141,-3.7316551,5.264682
ISIC_0061142,-0.9330163,6.3758707
ISIC_0061143,0.19503379,9.461013
ISIC_0061148,-0.5909884,6.6542997
ISIC_0061152,-3.9718466,4.215936
ISIC_0061154,-0.17425305,10.018169
ISIC_0061155,-1.0475197,10.635845
ISIC_0061157,-1.2632002,5.4543552
ISIC_0061158,-1.301386,10.556066
ISIC_0061159,0.03342252,7.579954
ISIC_0061166,-1.6056646,5.481725
ISIC_0061167,-1.816709,6.2466927
ISIC_0061170,0.22119679,9.6482525
ISIC_0061171,-3.671069,4.335555
ISIC_0061173,-2.247721,6.5820856
ISIC_0061174,-3.439293,7.5965304
ISIC_0061175,-0.32616216,6.92507
ISIC_0061177,-0.15749939,8.948313
ISIC_0061178,-1.6229821,5.577279
ISIC_0061179,-1.5849873,10.612956
ISIC_0061182,-3.113166,8.640228
ISIC_0061183,-2.893936,7.083105
ISIC_0061185,-2.2974892,5.9784064
ISIC_0061186,-2.83332,4.6323333
ISIC_0061187,-2.9360757,4.6368575
ISIC_0061188,-3.587553,4.9829865
ISIC_0061189,-1.3443207,9.796619
ISIC_0061191,-2.6216393,4.8483453
ISIC_0061193,-3.9316318,4.675385
ISIC_0061194,-0.4636712,9.027215
ISIC_0061195,-3.8783908,8.864617
ISIC_0061197,-2.404529,8.006103
ISIC_0061199,-3.7535038,8.445036
ISIC_0061200,-4.5847077,6.921645
ISIC_0061202,-1.7643716,9.4123535
ISIC_0061203,-4.0303197,7.1341476
ISIC_0061206,-4.002217,9.038478
ISIC_0061207,-3.0466144,8.383383
ISIC_0061210,-2.3103826,5.954408
ISIC_0061212,-2.0412352,10.62245
ISIC_0061213,-4.7157383,5.1666183
ISIC_0061214,-1.4677955,9.576008
ISIC_0061219,-6.2248893,7.426798
ISIC_0061221,-1.180645,7.5170155
ISIC_0061224,-6.127262,6.089887
ISIC_0061225,1.9555469,9.206237
ISIC_0061226,-3.3198116,6.3603525
ISIC_0061228,-3.7792687,5.1609497
ISIC_0061230,-6.0554276,8.272135
ISIC_0061231,-3.82071,4.614344
ISIC_0061234,-0.74030167,6.573196
ISIC_0061236,-6.6919603,8.292165
ISIC_0061238,-0.7914045,6.5979652
ISIC_0061239,-0.5420144,7.508452
ISIC_0061240,-0.6129082,9.294751
ISIC_0061242,-1.9094955,9.206279
ISIC_0061244,-3.6798723,6.2949443
ISIC_0061247,-0.6230098,10.012417
ISIC_0061248,0.31648138,9.554718
ISIC_0061249,0.13999642,9.44839
ISIC_0061250,1.7856346,9.256537
ISIC_0061251,0.71626353,6.4655714
ISIC_0061252,0.40385097,9.338736
ISIC_0061254,-0.25594643,7.9498563
ISIC_0061255,-0.30026692,9.854788
ISIC_0061257,-0.17311855,6.818782
ISIC_0061259,-4.0957456,8.709245
ISIC_0061261,-4.44298,6.2332277
ISIC_0061263,-2.3383942,8.049057
ISIC_0061269,-4.706574,7.8922534
ISIC_0061270,-2.179304,4.4784765
ISIC_0061273,-4.4450507,7.9346886
ISIC_0061279,0.84101343,7.414443
ISIC_0061281,-0.14790435,7.891348
ISIC_0061284,-2.168097,10.286912
ISIC_0061285,-2.3511806,5.705614
ISIC_0061286,-6.389334,7.2387724
ISIC_0061287,-1.9824139,9.500751
ISIC_0061289,-4.318725,6.4982944
ISIC_0061290,-1.0574175,6.0199156
ISIC_0061291,-0.74427855,7.4694333
ISIC_0061296,-2.0994515,5.3018804
ISIC_0061297,-0.466477,7.9372745
ISIC_0061298,-0.2792934,9.837673
ISIC_0061300,-6.363862,7.592996
ISIC_0061301,-2.8755789,6.779857
ISIC_0061302,-4.051279,4.848669
ISIC_0061303,-4.173611,4.93201
ISIC_0061305,-2.0734317,9.313797
ISIC_0061315,-2.921537,8.536505
ISIC_0061317,-1.926779,6.968889
ISIC_0061320,0.38244078,6.67615
ISIC_0061321,-1.283739,6.2126923
ISIC_0061323,-2.0926082,7.5075846
ISIC_0061324,-1.6629772,9.504986
ISIC_0061326,-1.7323898,5.033329
ISIC_0061327,-2.22263,4.4941998
ISIC_0061328,-2.1493986,4.7120976
ISIC_0061330,-2.082398,5.7940135
ISIC_0061331,-0.6646091,5.1843095
ISIC_0061332,-2.2423317,5.5675626
ISIC_0061333,-1.4661984,9.978843
ISIC_0061334,-0.10108824,8.786786
ISIC_0061335,-2.6358383,4.7959437
ISIC_0061336,0.51543707,9.656886
ISIC_0061338,-2.7044678,4.532694
ISIC_0061341,0.14373335,8.9962435
ISIC_0061343,-5.6520977,7.027492
ISIC_0061344,0.2947567,8.680292
ISIC_0061345,-0.22574352,7.0305805
ISIC_0061346,-6.2001824,6.4981422
ISIC_0061348,-0.14918007,9.633438
ISIC_0061349,-3.9354694,4.821785
ISIC_0061350,-2.347515,4.3604784
ISIC_0061354,-3.2719238,5.1628594
ISIC_0061355,-0.9445617,9.426174
ISIC_0061359,0.0063437074,5.6752295
ISIC_0061361,-4.4036927,7.503676
ISIC_0061362,-0.33077085,8.711946
ISIC_0061363,-0.5429724,6.747503
ISIC_0061366,0.50235415,8.861097
ISIC_0061367,-0.7918781,6.3216257
ISIC_0061369,-0.5198431,10.436405
ISIC_0061370,-0.7197404,6.433174
ISIC_0061371,0.70855284,6.8006988
ISIC_0061372,-3.9072788,7.1768084
ISIC_0061374,-3.8237126,8.184719
ISIC_0061375,-3.7560003,5.6771364
ISIC_0061376,-5.022719,7.7735424
ISIC_0061377,0.2066241,6.5353584
ISIC_0061380,-1.557104,5.3529496
ISIC_0061382,-3.3411894,3.9192486
ISIC_0061383,-1.6620054,10.3200865
ISIC_0061385,-2.938655,9.350983
ISIC_0061387,-0.00062124233,7.402089
ISIC_0061388,0.41192833,7.6665273
ISIC_0061390,-0.69951916,8.264182
ISIC_0061391,-1.0670247,7.4544654
ISIC_0061393,-1.496857,4.888696
ISIC_0061394,-3.3401675,8.982873
ISIC_0061395,-2.3586202,4.4558206
ISIC_0061397,0.09946846,9.650691
ISIC_0061398,-5.3124228,7.903634
ISIC_0061400,-0.41005048,8.079818
ISIC_0061401,-2.256593,10.291248
ISIC_0061405,-0.63793826,9.882799
ISIC_0061407,-3.4950917,4.240528
ISIC_0061409,-0.9380349,10.062964
ISIC_0061410,-1.1827152,6.7232475
ISIC_0061411,0.12886402,8.39912
ISIC_0061413,-6.279118,6.932819
ISIC_0061414,-1.9603715,8.094714
ISIC_0061416,-2.4961207,10.33049
ISIC_0061418,-4.0918827,6.254078
ISIC_0061419,-1.6847099,7.726483
ISIC_0061421,-1.1566352,10.291749
ISIC_0061422,-3.5068452,8.446026
ISIC_0061424,-0.7057751,8.485498
ISIC_0061430,-1.9886019,4.045098
ISIC_0061431,-0.8035332,5.467531
ISIC_0061432,-4.1382794,4.8036966
ISIC_0061433,-6.751791,8.1772785
ISIC_0061434,-3.5091197,4.443495
ISIC_0061436,0.019844221,5.6573358
ISIC_0061439,-2.015381,9.402332
ISIC_0061441,-4.6088777,8.679564
ISIC_0061442,-2.660349,5.4701285
ISIC_0061445,-0.6654793,6.725761
ISIC_0061446,-3.2548678,4.7777224
ISIC_0061447,-2.5959616,10.185135
ISIC_0061448,0.2610432,7.328209
ISIC_0061450,-2.032286,5.372168
ISIC_0061452,-6.518768,7.7962084
ISIC_0061454,-2.4118214,4.677429
ISIC_0061457,-0.32626608,9.92586
ISIC_0061462,-1.6037887,5.7543097
ISIC_0061463,-0.082240544,6.4449925
ISIC_0061464,0.33030957,9.111054
ISIC_0061466,0.6915521,9.433129
ISIC_0061469,-0.8901014,8.091386
ISIC_0061470,-1.2812849,4.9609656
ISIC_0061472,-5.6986365,8.95174
ISIC_0061474,-1.5299126,5.293624
ISIC_0061475,-2.3266432,5.5070505
ISIC_0061478,-5.075875,8.647468
ISIC_0061479,0.54528964,7.7480884
ISIC_0061481,-0.14496467,8.7591305
ISIC_0061483,1.7246453,9.289821
ISIC_0061484,-1.8099608,7.321967
ISIC_0061485,0.17430437,9.8999195
ISIC_0061488,-4.273821,4.7357287
ISIC_0061491,0.54553837,7.57722
ISIC_0061493,-0.72711056,6.067028
ISIC_0061494,0.26617312,9.047898
ISIC_0061496,-1.1836288,6.467379
ISIC_0061499,-1.5517545,7.949182
ISIC_0061501,-0.6035469,7.945679
ISIC_0061502,0.072221115,10.093525
ISIC_0061504,0.6142411,8.171696
ISIC_0061505,-5.193375,6.3431187
ISIC_0061506,-0.1805011,5.0762687
ISIC_0061508,-2.7348742,9.58714
ISIC_0061511,-0.17871596,9.539131
ISIC_0061512,-0.109421685,8.321601
ISIC_0061515,-2.783657,5.2915144
ISIC_0061516,-1.273202,6.4424386
ISIC_0061518,-0.037548836,10.409908
ISIC_0061520,0.27987167,7.688543
ISIC_0061521,-1.5949779,10.825361
ISIC_0061524,-0.80323607,9.924052
ISIC_0061525,-2.327753,9.915556
ISIC_0061526,-4.771207,6.3239326
ISIC_0061529,-2.9533036,4.3842797
ISIC_0061532,-0.7487934,8.165477
ISIC_0061533,1.3155077,9.528076
ISIC_0061535,-0.5594362,7.6275682
ISIC_0061538,-4.0764103,7.853605
ISIC_0061541,-2.137624,4.6131577
ISIC_0061543,-1.844585,4.1638412
ISIC_0061545,-2.1518555,10.323357
ISIC_0061547,0.2122445,8.998688
ISIC_0061549,0.34037018,9.641308
ISIC_0061551,-2.7293944,5.9244227
ISIC_0061553,-1.6548324,5.611213
ISIC_0061554,-0.9297221,8.850111
ISIC_0061555,-1.8410325,6.7808642
ISIC_0061556,0.50151783,9.555935
ISIC_0061558,-2.5518486,9.851783
ISIC_0061559,-3.1212692,8.019615
ISIC_0061560,-4.951198,9.130164
ISIC_0061564,-4.2900753,4.6925974
ISIC_0061565,-1.0164891,10.231119
ISIC_0061566,-4.1611247,6.548795
ISIC_0061568,-2.8287652,5.0967607
ISIC_0061571,-0.09757995,8.670719
ISIC_0061573,0.37313277,9.957539
ISIC_0061574,-4.3309746,7.2804604
ISIC_0061575,-2.49445,9.852761
ISIC_0061578,-5.4980288,5.7099133
ISIC_0061579,-1.64945,9.45555
ISIC_0061580,-2.0018582,10.110334
ISIC_0061581,-4.1516786,7.047606
ISIC_0061583,-4.8730063,7.2045603
ISIC_0061585,-5.2796288,7.725004
ISIC_0061587,-1.5270382,5.6526747
ISIC_0061588,-0.051488146,8.690291
ISIC_0061592,-0.5011528,7.431402
ISIC_0061593,-0.22075808,9.976822
ISIC_0061595,-3.574987,4.177342
ISIC_0061596,-0.7178061,6.387484
ISIC_0061598,-4.717832,6.9148736
ISIC_0061599,-0.892015,6.6133537
ISIC_0061600,-2.8573139,5.3076663
ISIC_0061601,-4.3881454,6.6019344
ISIC_0061603,1.5580825,8.867656
ISIC_0061607,-0.5305479,9.182444
ISIC_0061608,-2.1490378,5.6234446
ISIC_0061613,-1.8601434,5.902533
ISIC_0061615,0.32805496,6.6072755
ISIC_0061617,-3.210627,6.028594
ISIC_0061618,0.40277475,9.6758585
ISIC_0061619,-0.74195766,9.956326
ISIC_0061620,-2.5049553,6.560699
ISIC_0061621,-0.6684435,7.7819543
ISIC_0061623,-3.4311063,4.8907037
ISIC_0061624,-0.641982,9.568482
ISIC_0061625,-0.8440941,8.71852
ISIC_0061628,-3.4786499,7.2859373
ISIC_0061629,-4.477731,8.988412
ISIC_0061630,-0.8229075,8.064607
ISIC_0061632,-3.4347441,5.694103
ISIC_0061633,0.39475128,8.994534
ISIC_0061637,-4.349162,8.8346
ISIC_0061639,-4.10736,8.906473
ISIC_0061641,-0.4299617,10.455785
ISIC_0061642,-2.2748842,6.387512
ISIC_0061644,0.34558636,7.3046885
ISIC_0061646,-1.6847103,4.171085
ISIC_0061648,-4.109913,8.478461
ISIC_0061650,-6.682944,8.71752
ISIC_0061651,-1.3008295,10.625661
ISIC_0061652,-4.5275855,8.667895
ISIC_0061655,-1.940087,6.8079767
ISIC_0061656,-2.6755953,5.0473313
ISIC_0061657,-5.668335,7.4787703
ISIC_0061658,-2.0478098,4.253467
ISIC_0061660,-3.7526433,4.4135118
ISIC_0061661,-2.6787539,4.07897
ISIC_0061663,-4.414262,7.9183083
ISIC_0061664,-0.3607869,6.543258
ISIC_0061666,-4.2991138,5.7092724
ISIC_0061667,-2.8285854,5.9650536
ISIC_0061668,-4.839568,6.298212
ISIC_0061670,-1.6845152,5.025635
ISIC_0061671,-4.147659,7.383059
ISIC_0061673,-6.9714556,8.131469
ISIC_0061675,-2.1379015,8.974036
ISIC_0061680,0.48264718,9.6798115
ISIC_0061681,-6.1401744,7.5279746
ISIC_0061684,-4.9698186,6.4371676
ISIC_0061685,-3.3953593,5.198243
ISIC_0061687,-2.2647107,7.791382
ISIC_0061690,-1.3382796,5.71926
ISIC_0061691,-2.508625,5.4584002
ISIC_0061697,-3.2237067,6.588223
ISIC_0061699,0.11670417,6.6892533
ISIC_0061701,0.009480607,7.2612295
ISIC_0061702,-2.4165244,5.692567
ISIC_0061705,-4.8683796,8.490139
ISIC_0061706,-3.8522947,4.411811
ISIC_0061708,-4.88455,8.656652
ISIC_0061710,-5.466335,7.6444516
ISIC_0061713,-2.2553682,6.07427
ISIC_0061715,-0.09041749,7.8188105
ISIC_0061717,-4.947616,8.82975
ISIC_0061719,-2.5185611,3.3172185
ISIC_0061721,-4.859855,7.89963
ISIC_0061723,-2.6601143,5.2738123
ISIC_0061726,-2.2924304,4.921944
ISIC_0061728,-0.75442195,6.588759
ISIC_0061730,-3.180992,3.948361
ISIC_0061732,-0.5808172,8.92902
ISIC_0061735,-1.8008649,9.39391
ISIC_0061736,-5.4128094,8.622256
ISIC_0061737,-6.2819753,7.06008
ISIC_0061738,-3.0107956,5.270343
ISIC_0061739,-0.43932202,8.714349
ISIC_0061741,-2.637103,4.91374
ISIC_0061742,-5.72145,9.328927
ISIC_0061744,-0.40403196,8.240969
ISIC_0061746,-1.5683516,10.576259
ISIC_0061747,-4.3655,8.455628
ISIC_0061748,-4.670187,6.90549
ISIC_0061749,-2.7260134,6.227824
ISIC_0061752,-2.467305,10.152616
ISIC_0061756,0.015032526,6.5009375
ISIC_0061757,-0.6141885,9.840933
ISIC_0061758,-3.9434342,5.931064
ISIC_0061759,-3.22428,8.194666
ISIC_0061761,-1.624459,6.2968197
ISIC_0061764,-2.0856054,5.005472
ISIC_0061765,-5.6009655,7.603484
ISIC_0061766,-1.3846959,9.878638
ISIC_0061769,-0.62721545,5.7607803
ISIC_0061770,0.6481241,8.131891
ISIC_0061773,0.3062327,8.832495
ISIC_0061774,-1.0016428,7.1109953
ISIC_0061775,-6.57262,8.424107
ISIC_0061776,-1.040981,8.596864
ISIC_0061779,-2.692146,10.412388
ISIC_0061782,-1.6216697,10.082536
ISIC_0061783,-6.14933,7.840403
ISIC_0061784,-3.381373,6.279333
ISIC_0061786,-5.0859113,6.779286
ISIC_0061787,-2.0711064,5.5674744
ISIC_0061790,-6.585733,7.387888
ISIC_0061792,-5.9354396,9.176892
ISIC_0061793,-5.631812,9.127699
ISIC_0061794,-5.0964346,5.5347958
ISIC_0061795,-3.507056,4.355902
ISIC_0061796,-5.699523,8.00225
ISIC_0061797,-3.606359,6.356231
ISIC_0061798,0.6246069,7.765149
ISIC_0061799,-0.029878952,7.0352983
ISIC_0061800,-2.930006,9.91851
ISIC_0061802,-1.4637512,7.108147
ISIC_0061804,0.6897585,7.725902
ISIC_0061808,-6.7476053,8.162641
ISIC_0061812,-4.3317156,6.6352406
ISIC_0061816,-1.5012352,4.816908
ISIC_0061817,-3.1162233,5.86561
ISIC_0061818,-3.280371,5.581096
ISIC_0061819,-4.727017,7.677296
ISIC_0061820,-4.6206856,8.744164
ISIC_0061821,-2.136074,6.84744
ISIC_0061822,-4.5677314,7.7949705
ISIC_0061829,-2.0681427,6.988266
ISIC_0061831,-2.7928503,4.886797
ISIC_0061832,-0.92707473,7.445305
ISIC_0061833,-0.6049084,6.4757605
ISIC_0061836,-0.95078623,7.4549804
ISIC_0061837,-3.850674,9.830736
ISIC_0061838,-2.0284834,5.7152843
ISIC_0061840,-4.488392,7.625289
ISIC_0061842,-2.8786023,5.101193
ISIC_0061844,-0.67008936,9.512342
ISIC_0061845,-4.093115,7.500616
ISIC_0061846,-5.427879,7.2008085
ISIC_0061847,-6.0841165,7.4774942
ISIC_0061848,-4.116461,5.100616
ISIC_0061851,-3.823355,9.736688
ISIC_0061852,-4.66947,8.617931
ISIC_0061859,-4.691843,8.054945
ISIC_0061863,-3.4021227,4.4987965
ISIC_0061865,-4.504641,6.782544
ISIC_0061867,-1.48281,7.4970818
ISIC_0061868,-1.5473601,9.927755
ISIC_0061870,0.05366485,9.245921
ISIC_0061871,-2.8615472,8.760325
ISIC_0061873,-4.5545173,5.0918083
ISIC_0061874,-1.8020788,7.2139263
ISIC_0061877,-3.1983895,6.715737
ISIC_0061879,-4.248447,6.5150886
ISIC_0061880,-6.221593,8.008404
ISIC_0061884,-6.2818956,7.3632216
ISIC_0061885,-5.6651864,7.661352
ISIC_0061886,-0.2016176,9.884992
ISIC_0061887,-6.065012,7.0908504
ISIC_0061889,-1.6384871,5.480351
ISIC_0061890,-3.1737928,8.445164
ISIC_0061891,-1.5288436,6.147125
ISIC_0061892,-1.5083245,9.433362
ISIC_0061894,0.24300167,7.5520387
ISIC_0061895,-0.54523677,6.3635244
ISIC_0061896,-1.7519523,5.1861315
ISIC_0061899,-3.1391704,6.1948385
ISIC_0061900,-2.439178,4.6986895
ISIC_0061902,-1.526187,7.0851555
ISIC_0061903,0.19246683,10.183684
ISIC_0061906,-4.6865983,8.503183
ISIC_0061907,-0.8521944,6.5039573
ISIC_0061909,-2.3962805,9.539696
ISIC_0061911,-2.9165869,4.701059
ISIC_0061912,-2.2507973,4.4490385
ISIC_0061913,-0.09491147,10.178016
ISIC_0061915,0.08587591,7.4386954
ISIC_0061916,-1.6759479,9.21702
ISIC_0061918,-4.6040244,5.906524
ISIC_0061919,-5.133387,8.927142
ISIC_0061922,-3.4322205,3.9552588
ISIC_0061924,-3.0172868,7.4270954
ISIC_0061925,-2.2496014,6.7242208
ISIC_0061926,-1.8631572,10.391042
ISIC_0061927,-0.5807926,7.2289023
ISIC_0061928,0.12614197,7.338905
ISIC_0061932,-4.1603737,9.171598
ISIC_0061933,-4.694403,6.555225
ISIC_0061934,-3.3718932,7.5401177
ISIC_0061937,-2.0281596,8.966298
ISIC_0061942,-1.7822651,4.303552
ISIC_0061944,0.4577085,9.44218
ISIC_0061945,0.57237965,10.1796055
ISIC_0061946,-3.3578494,8.691093
ISIC_0061947,-3.5110912,7.875649
ISIC_0061950,0.08274982,6.530128
ISIC_0061953,-3.6175077,4.597513
ISIC_0061954,-2.888607,4.7581105
ISIC_0061955,-1.9226092,6.488302
ISIC_0061957,-4.73551,5.557492
ISIC_0061959,-2.0974197,5.832365
ISIC_0061961,-3.0852785,4.8861866
ISIC_0061962,-2.758192,4.5767913
ISIC_0061964,-2.4303524,10.209522
ISIC_0061968,-1.243948,4.9421735
ISIC_0061969,-1.3531466,4.95654
ISIC_0061971,-0.5017817,5.1144724
ISIC_0061979,0.30191705,8.100871
ISIC_0061980,-4.1354685,9.109206
ISIC_0061981,-4.267715,4.5124927
ISIC_0061982,-0.031642582,9.823659
ISIC_0061985,-1.0941356,4.7512493
ISIC_0061986,-0.92925024,10.254755
ISIC_0061987,-3.3039172,4.8987565
ISIC_0061988,-3.1548276,7.7572985
ISIC_0061989,0.39689475,10.187274
ISIC_0061993,0.22518733,9.333698
ISIC_0061995,-1.6928949,5.820187
ISIC_0061996,-4.5274124,7.8026466
ISIC_0061998,0.56300044,9.483307
ISIC_0061999,0.11661398,9.613455
ISIC_0062000,-2.8444715,5.499449
ISIC_0062003,0.5087902,9.441193
ISIC_0062004,-5.52701,5.1626744
ISIC_0062005,-3.41632,4.40529
ISIC_0062007,-2.2041662,9.78153
ISIC_0062010,0.23389603,9.26645
ISIC_0062012,-4.5760427,6.731073
ISIC_0062013,-4.17844,9.29977
ISIC_0062016,-6.7364855,8.331327
ISIC_0062017,-3.4836206,8.269412
ISIC_0062018,-2.1414182,5.473163
ISIC_0062021,-5.616122,8.374849
ISIC_0062027,-2.47981,5.785685
ISIC_0062030,-0.23322162,5.155592
ISIC_0062031,1.1037949,6.6157703
ISIC_0062032,-2.7733867,9.516351
ISIC_0062033,-1.1094906,7.848148
ISIC_0062034,-3.5023203,6.5433917
ISIC_0062039,-1.2549325,7.0661426
ISIC_0062042,-2.728863,4.680017
ISIC_0062043,0.13514149,10.3716545
ISIC_0062044,-4.6835055,6.346474
ISIC_0062050,-2.026679,10.589933
ISIC_0062051,-1.2578615,9.880497
ISIC_0062057,-5.9566374,5.8537564
ISIC_0062059,-3.3984604,7.040316
ISIC_0062060,-3.1914456,4.7990246
ISIC_0062063,-3.918862,7.8282804
ISIC_0062064,-4.971016,7.199848
ISIC_0062066,-2.4838085,3.9226117
ISIC_0062067,-2.5203724,6.3736696
ISIC_0062068,-2.275858,10.54686
ISIC_0062072,-4.9093404,5.4640493
ISIC_0062076,-5.641019,8.572061
ISIC_0062077,-2.394808,9.175189
ISIC_0062078,-2.492178,9.528052
ISIC_0062079,-1.8144718,10.597717
ISIC_0062080,-1.74628,6.81272
ISIC_0062082,-1.9157606,6.1363873
ISIC_0062084,-2.376401,6.283343
ISIC_0062086,-2.6800556,9.725077
ISIC_0062088,-3.4580095,2.9559457
ISIC_0062090,0.47132337,8.932067
ISIC_0062091,-2.8048618,5.4027567
ISIC_0062093,0.88348186,7.7901835
ISIC_0062094,-1.4310524,6.9151773
ISIC_0062095,0.18975872,8.540156
ISIC_0062096,-1.8963563,7.371248
ISIC_0062097,-0.7811868,10.489158
ISIC_0062099,-2.8218067,5.801011
ISIC_0062102,-0.53883857,8.553663
ISIC_0062103,-0.0070496914,9.365276
ISIC_0062104,1.6829811,9.294608
ISIC_0062106,-4.5783362,7.0392685
ISIC_0062107,-4.70249,5.666606
ISIC_0062109,-3.3536792,6.495983
ISIC_0062111,-3.7834368,8.034715
ISIC_0062112,0.5183808,9.416171
ISIC_0062114,-2.259655,4.925358
ISIC_0062116,0.11139005,8.998033
ISIC_0062117,-2.6429632,4.9355416
ISIC_0062120,-2.5483658,3.8939886
ISIC_0062121,-2.8561018,3.9856694
ISIC_0062122,0.18367101,9.125569
ISIC_0062124,-3.9156966,7.5023723
ISIC_0062125,-0.54044974,8.701926
ISIC_0062127,-1.3421448,5.2603874
ISIC_0062130,-3.6366162,4.6495795
ISIC_0062133,-0.73723555,6.4777055
ISIC_0062138,-2.9918616,8.665589
ISIC_0062139,-2.0750585,9.184423
ISIC_0062142,-2.7404225,8.554467
ISIC_0062144,-3.1087136,5.3348794
ISIC_0062146,-4.5748496,8.495544
ISIC_0062148,-3.7809317,6.3669534
ISIC_0062149,-5.9347363,6.9148602
ISIC_0062151,-3.0654283,5.2452536
ISIC_0062152,0.17498533,8.963326
ISIC_0062154,0.42501387,9.190446
ISIC_0062155,0.24814428,8.969335
ISIC_0062156,-0.099821314,9.751392
ISIC_0062157,-3.0505903,4.3495092
ISIC_0062158,-6.540601,7.5294466
ISIC_0062159,-3.6938097,5.807045
ISIC_0062160,-3.89467,5.0051417
ISIC_0062161,-0.16800426,9.864478
ISIC_0062162,-0.68027264,9.95267
ISIC_0062163,-3.5077155,6.1257124
ISIC_0062164,-5.971995,9.221918
ISIC_0062165,-5.0063925,8.656863
ISIC_0062167,-1.9660738,4.201022
ISIC_0062168,-0.8131117,5.5733128
ISIC_0062171,0.5812301,10.052747
ISIC_0062174,1.744169,9.345862
ISIC_0062175,-4.3839636,8.027377
ISIC_0062176,-4.176018,7.807999
ISIC_0062178,-0.50141466,8.4720545
ISIC_0062179,-1.4943509,10.60739
ISIC_0062180,-3.6529503,7.3054414
ISIC_0062182,-2.2382696,5.630642
ISIC_0062183,-0.24543542,10.432237
ISIC_0062184,0.33348775,9.032878
ISIC_0062187,-4.658715,8.285412
ISIC_0062192,-7.1790924,8.723393
ISIC_0062193,-4.3277664,8.561366
ISIC_0062195,-2.0133455,6.0969234
ISIC_0062198,-3.9311376,6.209756
ISIC_0062199,-3.8631363,3.796429
ISIC_0062200,1.9757346,9.177612
ISIC_0062201,-4.4815245,8.256964
ISIC_0062203,-0.43855792,8.559472
ISIC_0062205,0.02781784,9.686904
ISIC_0062206,-0.18697698,10.404936
ISIC_0062207,-3.178872,7.94817
ISIC_0062208,-1.5386106,5.5445437
ISIC_0062209,-3.668308,5.1096196
ISIC_0062210,-5.010393,8.524172
ISIC_0062211,0.2465587,6.36533
ISIC_0062213,-6.6804605,8.6207
ISIC_0062216,-1.3461738,5.1593323
ISIC_0062217,-1.2781682,5.7056413
ISIC_0062218,-1.8780626,4.7709856
ISIC_0062220,-0.49592838,5.2256107
ISIC_0062226,-2.2599528,5.7645845
ISIC_0062230,-5.365534,8.232404
ISIC_0062231,-3.1165426,6.4608803
ISIC_0062232,-0.20677835,7.108948
ISIC_0062235,-5.868449,7.210349
ISIC_0062237,-5.2366714,8.621395
ISIC_0062238,-0.3340912,10.289432
ISIC_0062239,-5.5179334,6.9536552
ISIC_0062240,-0.7366495,5.9787335
ISIC_0062241,-3.2391908,5.6588526
ISIC_0062242,-2.3865085,5.4956474
ISIC_0062243,-4.644244,6.9374137
ISIC_0062245,-1.8649583,9.850011
ISIC_0062246,-1.1872866,9.878722
ISIC_0062248,-1.4231462,5.577731
ISIC_0062249,-6.230046,7.9504986
ISIC_0062250,-2.798463,4.4595633
ISIC_0062251,-5.2606854,7.105742
ISIC_0062252,-4.5391645,4.793385
ISIC_0062254,-4.584708,4.9462137
ISIC_0062255,-3.3148663,8.819047
ISIC_0062256,-1.2965555,10.035341
ISIC_0062258,-0.9443633,9.370751
ISIC_0062260,-1.0300099,6.22659
ISIC_0062261,-1.0089778,6.2104797
ISIC_0062262,-1.1302693,6.383569
ISIC_0062265,-2.2285016,10.701203
ISIC_0062266,0.33248222,6.5300217
ISIC_0062268,-4.029867,6.701918
ISIC_0062269,-6.6374826,8.480063
ISIC_0062271,-1.9393139,4.1757755
ISIC_0062273,-1.7548255,4.7304096
ISIC_0062274,-1.8075289,10.753343
ISIC_0062275,-3.6052597,4.0227323
ISIC_0062279,-5.303452,6.231822
ISIC_0062280,-1.7555908,5.830695
ISIC_0062281,-3.588001,7.044533
ISIC_0062282,-5.2550836,7.100149
ISIC_0062286,1.7669415,9.322819
ISIC_0062287,-3.8854783,8.873889
ISIC_0062293,-2.0120928,10.25334
ISIC_0062294,-2.7065454,9.852571
ISIC_0062295,-3.5490441,6.5738807
ISIC_0062296,-3.1561728,8.717091
ISIC_0062298,-4.5232606,4.641302
ISIC_0062300,-1.783099,6.133308
ISIC_0062301,-2.9828496,5.0378456
ISIC_0062303,-2.7552996,5.1568723
ISIC_0062304,-5.650601,6.667382
ISIC_0062307,-4.862306,6.2530265
ISIC_0062310,-4.726107,5.0000763
ISIC_0062311,-4.8344026,4.8221784
ISIC_0062315,-1.0478432,6.158559
ISIC_0062317,-4.1432366,6.5080504
ISIC_0062318,-3.5461328,4.6039667
ISIC_0062321,-2.4369495,10.463171
ISIC_0062322,-4.6657696,8.750032
ISIC_0062323,-3.1533484,6.1596494
ISIC_0062325,0.017384479,6.705825
ISIC_0062327,1.7132927,9.268133
ISIC_0062330,0.22763823,10.236024
ISIC_0062332,-0.8750656,8.074752
ISIC_0062333,-4.774721,9.027
ISIC_0062336,-0.805989,6.323438
ISIC_0062337,-5.529592,7.5908966
ISIC_0062340,-0.025483055,6.495611
ISIC_0062342,-2.2486143,7.5342016
ISIC_0062343,-5.9931064,8.925228
ISIC_0062346,-0.7163607,9.030946
ISIC_0062348,0.4300956,9.137994
ISIC_0062349,-0.37650293,8.546587
ISIC_0062350,-0.047671825,10.365912
ISIC_0062351,0.029922841,5.802059
ISIC_0062352,-6.53592,8.203971
ISIC_0062353,-5.8513036,6.9696565
ISIC_0062354,-2.3989265,4.1149316
ISIC_0062355,-3.0708656,6.8074603
ISIC_0062356,-2.43097,10.194803
ISIC_0062357,-6.4023056,7.331528
ISIC_0062358,-5.245927,8.388865
ISIC_0062359,-0.8955843,5.9967217
ISIC_0062360,-2.9373732,9.932689
ISIC_0062362,0.11788482,9.935318
ISIC_0062363,-0.35861298,10.301176
ISIC_0062366,-3.326035,5.2672853
ISIC_0062370,-4.81432,5.0864477
ISIC_0062371,-1.1964778,6.726713
ISIC_0062374,-3.1682076,5.7576356
ISIC_0062378,-2.3234742,5.506053
ISIC_0062379,-2.8464391,5.694279
ISIC_0062381,-6.590661,7.988951
ISIC_0062382,-5.1709213,8.788982
ISIC_0062383,-4.1954145,8.728648
ISIC_0062387,0.6980708,9.54568
ISIC_0062388,-1.409317,10.190662
ISIC_0062389,-4.705903,7.384432
ISIC_0062391,0.07039106,9.264188
ISIC_0062394,-5.4301805,7.167348
ISIC_0062395,-1.6672997,6.660217
ISIC_0062399,-3.9127944,6.9668465
ISIC_0062400,-3.3195765,4.8897367
ISIC_0062401,-3.5808601,4.410215
ISIC_0062402,-3.136385,5.648218
ISIC_0062404,-5.390765,6.7054605
ISIC_0062407,-1.6893412,9.894329
ISIC_0062409,-0.67582184,6.9976096
ISIC_0062410,-1.8409598,5.79871
ISIC_0062411,-0.9870721,9.473664
ISIC_0062418,-0.61009395,7.463465
ISIC_0062421,-3.1826935,4.183083
ISIC_0062423,-0.43554223,8.059602
ISIC_0062424,-2.3915987,6.853394
ISIC_0062425,-1.597611,9.300934
ISIC_0062426,-3.1436577,9.140098
ISIC_0062430,-4.5618215,6.828782
ISIC_0062432,1.9566915,9.170414
ISIC_0062434,-4.581847,4.3633704
ISIC_0062435,-4.060657,8.294182
ISIC_0062436,-0.22940117,10.198016
ISIC_0062437,-5.73641,7.683255
ISIC_0062438,-6.3346596,7.601101
ISIC_0062439,-6.7383213,8.199078
ISIC_0062441,-4.6218257,6.5104666
ISIC_0062444,-7.013697,8.368911
ISIC_0062447,-0.37443173,9.11926
ISIC_0062448,-1.4009548,4.4262667
ISIC_0062449,-4.7614574,8.130061
ISIC_0062450,-1.6073102,4.860282
ISIC_0062451,-1.4068732,5.19578
ISIC_0062453,-5.413063,7.524269
ISIC_0062454,-0.1242056,6.8267612
ISIC_0062457,-2.1977665,4.834679
ISIC_0062458,0.14846654,10.280998
ISIC_0062461,-5.546191,7.8339524
ISIC_0062463,-3.516736,5.3190703
ISIC_0062465,-5.4850984,7.010299
ISIC_0062466,-4.742234,8.890656
ISIC_0062468,-6.129523,7.856061
ISIC_0062470,-4.073882,5.3879013
ISIC_0062471,-1.4617666,7.197502
ISIC_0062473,-2.1830797,6.141857
ISIC_0062474,0.45765257,9.283559
ISIC_0062475,-3.5633523,7.706489
ISIC_0062477,-2.6761038,4.1730866
ISIC_0062478,0.3053576,6.943606
ISIC_0062479,1.8844882,9.183928
ISIC_0062480,-1.9972684,7.5239444
ISIC_0062481,-7.084024,7.774571
ISIC_0062482,-5.9641824,7.6336417
ISIC_0062483,-4.433446,6.1168404
ISIC_0062484,-6.762189,8.095887
ISIC_0062486,-5.760258,7.6703563
ISIC_0062490,-5.8442936,8.381949
ISIC_0062493,-0.7775658,6.548632
ISIC_0062495,-6.132536,9.242831
ISIC_0062496,0.18679187,8.967547
ISIC_0062497,0.3089462,9.567588
ISIC_0062498,-5.5788455,8.27208
ISIC_0062500,-5.084551,4.8570733
ISIC_0062501,-4.1358633,9.043139
ISIC_0062502,-3.85827,9.1251545
ISIC_0062503,-0.21311238,5.548373
ISIC_0062504,-1.2974709,5.1829224
ISIC_0062505,-3.070095,6.546964
ISIC_0062509,0.4935502,9.738633
ISIC_0062511,-6.6031337,8.428646
ISIC_0062513,-5.3721223,8.352089
ISIC_0062515,-4.4804482,5.7312355
ISIC_0062516,-5.8552136,8.236029
ISIC_0062517,-2.3729987,5.0743423
ISIC_0062518,-1.4565538,8.69018
ISIC_0062519,-0.67370546,6.862603
ISIC_0062521,-3.5934508,8.047558
ISIC_0062523,0.48352948,9.518856
ISIC_0062524,-2.2159169,5.930443
ISIC_0062525,-2.7937303,9.557435
ISIC_0062527,-1.3256798,5.29569
ISIC_0062528,-3.0366998,9.436362
ISIC_0062530,-5.059547,8.240594
ISIC_0062531,-1.8941134,5.274038
ISIC_0062532,-1.9013083,5.5969186
ISIC_0062535,-5.5287757,7.0145926
ISIC_0062536,-1.6731218,4.8210163
ISIC_0062537,-5.7517266,6.832206
ISIC_0062538,-4.850245,7.1962194
ISIC_0062539,-3.845585,8.4976225
ISIC_0062540,-4.368855,7.618615
ISIC_0062543,-3.9097667,8.672481
ISIC_0062544,-3.3423953,9.559224
ISIC_0062546,-4.6431756,9.1271
ISIC_0062547,-4.681141,6.7854595
ISIC_0062551,-3.7496116,4.813601
ISIC_0062554,-2.4628928,5.781055
ISIC_0062555,-1.675371,9.803956
ISIC_0062557,-5.277467,8.232907
ISIC_0062558,-0.18499272,6.95334
ISIC_0062559,-1.1964879,10.144865
ISIC_0062560,-4.799928,6.9960375
ISIC_0062561,-2.0814102,4.272849
ISIC_0062562,0.14324786,9.633212
ISIC_0062563,-3.3862333,8.224273
ISIC_0062568,-1.2352828,10.067366
ISIC_0062569,-1.9991091,6.3406177
ISIC_0062577,-6.4730115,5.5536323
ISIC_0062579,-3.9442904,6.94406
ISIC_0062581,-1.4709703,6.97384
ISIC_0062585,-6.432787,7.932612
ISIC_0062586,-1.3209202,7.7755327
ISIC_0062588,-1.1526399,5.952753
ISIC_0062589,0.17205569,7.9745336
ISIC_0062591,-4.7652235,8.786523
ISIC_0062596,-3.8832135,6.177372
ISIC_0062598,-0.5443813,10.446954
ISIC_0062602,0.47926238,8.913306
ISIC_0062605,-6.0448093,8.258278
ISIC_0062606,-1.9287262,4.3785796
ISIC_0062611,-1.9398241,4.3289685
ISIC_0062612,-2.9275506,9.146938
ISIC_0062615,-0.41162184,9.971292
ISIC_0062616,-6.01344,8.285129
ISIC_0062620,-3.9091697,7.126092
ISIC_0062622,-1.4698343,4.977742
ISIC_0062626,-4.6979094,6.176266
ISIC_0062628,-0.459939,9.572981
ISIC_0062629,-2.338458,6.3769555
ISIC_0062630,0.01118956,9.4798565
ISIC_0062631,-5.032767,6.3729663
ISIC_0062632,0.28995544,7.0995407
ISIC_0062633,0.083950296,7.137222
ISIC_0062634,-3.712115,3.8589063
ISIC_0062636,-1.018522,9.349932
ISIC_0062637,-1.4225185,6.458368
ISIC_0062639,-3.4621508,5.1403155
ISIC_0062641,-0.3269544,10.04616
ISIC_0062642,-1.3183908,9.569518
ISIC_0062645,-0.9101422,5.1996775
ISIC_0062646,-0.2565854,8.1801
ISIC_0062647,-3.798194,5.8843455
ISIC_0062649,-4.3789344,5.7575607
ISIC_0062650,-3.9513643,8.77521
ISIC_0062651,-2.38607,8.642508
ISIC_0062654,-3.305156,9.969053
ISIC_0062656,-3.2036695,9.828844
ISIC_0062657,-0.29135352,9.061887
ISIC_0062659,-2.4190526,7.626161
ISIC_0062660,-5.353462,7.0846562
ISIC_0062662,0.25230423,9.72677
ISIC_0062664,-3.0980616,5.9802976
ISIC_0062666,-1.8034838,9.373201
ISIC_0062671,-3.857604,8.090584
ISIC_0062674,-2.1488745,4.781134
ISIC_0062676,-3.8060036,6.5374174
ISIC_0062679,-4.4141355,8.861628
ISIC_0062681,0.1556692,8.129623
ISIC_0062684,-1.9628239,8.956607
ISIC_0062685,-0.05019854,8.765299
ISIC_0062687,-3.2763891,6.002395
ISIC_0062688,-1.3799073,8.952294
ISIC_0062689,-0.11205495,7.380245
ISIC_0062690,-5.6753664,7.0178194
ISIC_0062695,-4.162677,8.067354
ISIC_0062697,-4.149508,9.321107
ISIC_0062698,-4.086061,7.2891455
ISIC_0062700,-1.6948746,4.742977
ISIC_0062701,-2.791744,10.071358
ISIC_0062702,-1.6417912,10.283022
ISIC_0062703,-7.046418,7.4051914
ISIC_0062704,-6.011288,8.094826
ISIC_0062705,-1.7381486,5.3329425
ISIC_0062706,-1.4724773,5.011777
ISIC_0062708,-1.4972022,6.671346
ISIC_0062709,-0.9245471,10.182355
ISIC_0062710,-0.022436537,7.455238
ISIC_0062711,-0.7179883,9.801101
ISIC_0062712,-1.3915778,10.592854
ISIC_0062715,-5.5320187,5.859834
ISIC_0062716,-0.68627524,5.3838964
ISIC_0062717,-3.0706117,9.225167
ISIC_0062718,-6.0533996,7.38293
ISIC_0062721,-1.6121267,5.1620817
ISIC_0062722,-1.7875767,8.915198
ISIC_0062723,0.35327393,9.027768
ISIC_0062724,-0.5990469,8.177332
ISIC_0062726,-5.7530704,9.1103945
ISIC_0062727,-3.5187595,5.9706154
ISIC_0062728,-2.3827426,7.954525
ISIC_0062729,-5.037522,8.037108
ISIC_0062730,-4.92627,6.6272736
ISIC_0062731,-6.052483,8.083926
ISIC_0062733,-5.1941814,9.55493
ISIC_0062734,-4.81464,7.432858
ISIC_0062735,1.9787177,9.22758
ISIC_0062736,-1.7877642,6.5471954
ISIC_0062738,0.26243153,8.428746
ISIC_0062741,-1.9800904,4.838977
ISIC_0062742,-2.2169807,8.363835
ISIC_0062744,-2.3801615,5.505863
ISIC_0062745,0.093877696,7.0327573
ISIC_0062747,-2.945471,7.4021683
ISIC_0062748,-1.2196112,9.86663
ISIC_0062750,-2.1784468,4.782805
ISIC_0062752,-1.758009,7.941555
ISIC_0062753,-3.9272227,9.265895
ISIC_0062754,0.5703773,8.332648
ISIC_0062758,-1.1175112,6.4107866
ISIC_0062760,-5.1540356,5.325702
ISIC_0062762,-2.6011374,5.296606
ISIC_0062764,-0.037074514,6.845502
ISIC_0062765,-2.968457,4.958656
ISIC_0062768,-4.0223413,9.300235
ISIC_0062770,-4.627444,9.228415
ISIC_0062773,-4.744509,7.5625944
ISIC_0062779,-3.7310617,5.053732
ISIC_0062780,-1.904642,5.3063974
ISIC_0062782,-0.8338101,10.326961
ISIC_0062784,-6.2414017,9.185652
ISIC_0062787,-5.9699244,9.233394
ISIC_0062789,-3.4653146,6.9962897
ISIC_0062790,-5.957625,8.849667
ISIC_0062792,-4.91758,6.38954
ISIC_0062795,-4.4828534,9.574434
ISIC_0062803,-3.4647536,4.6902404
ISIC_0062804,-2.218615,5.39622
ISIC_0062806,-1.2597567,7.9887123
ISIC_0062807,-4.9845963,7.5546703
ISIC_0062809,-0.37105492,8.449831
ISIC_0062812,-4.455809,9.113893
ISIC_0062814,-1.133882,9.843676
ISIC_0062815,-1.4041644,9.955328
ISIC_0062816,1.5759553,9.363954
ISIC_0062817,-2.409859,4.93716
ISIC_0062818,-2.324359,5.6599708
ISIC_0062819,-3.7727773,5.6818023
ISIC_0062821,-0.6193067,9.016136
ISIC_0062822,-5.5064664,8.724312
ISIC_0062824,-3.4129865,6.417259
ISIC_0062825,-1.7784964,7.3953347
ISIC_0062827,-3.117337,4.894936
ISIC_0062828,-1.3560125,9.931161
ISIC_0062830,-2.3995862,5.803718
ISIC_0062832,-3.7180824,6.4494023
ISIC_0062834,0.1803617,8.51961
ISIC_0062837,-1.6408793,8.574483
ISIC_0062841,-5.4614015,7.5211496
ISIC_0062844,0.07055238,8.582886
ISIC_0062845,-0.8972342,6.2881002
ISIC_0062847,-3.7030146,8.083097
ISIC_0062851,-1.6879444,4.446357
ISIC_0062861,-1.2784035,9.673551
ISIC_0062867,-4.639157,8.008235
ISIC_0062869,-0.5929673,8.376629
ISIC_0062870,-2.759544,9.085379
ISIC_0062872,-2.8054032,8.087646
ISIC_0062873,-2.3566704,6.1451955
ISIC_0062875,-0.26191878,7.9870253
ISIC_0062877,-1.5243688,9.211261
ISIC_0062879,-0.38468453,9.103434
ISIC_0062884,-4.189339,8.660629
ISIC_0062885,-0.95380485,4.307935
ISIC_0062888,0.40268967,10.136842
ISIC_0062891,-1.9713526,10.411717
ISIC_0062893,-0.68899477,5.0983605
ISIC_0062895,-4.1847086,4.9791336
ISIC_0062899,-2.1666045,4.9414535
ISIC_0062903,-1.6613519,5.4982653
ISIC_0062904,-2.601478,9.506942
ISIC_0062905,-3.2052255,4.5936756
ISIC_0062906,-1.2884587,10.141545
ISIC_0062911,-6.1482368,8.155294
ISIC_0062912,-4.4251904,6.974906
ISIC_0062913,-1.0519171,6.73718
ISIC_0062915,-5.260931,8.697895
ISIC_0062922,-3.5194385,6.8323936
ISIC_0062924,-0.69904226,5.7100897
ISIC_0062925,-2.0824654,5.2481337
ISIC_0062926,-2.441212,5.1019936
ISIC_0062927,-2.0627065,7.0717893
ISIC_0062928,-3.5384471,4.956188
ISIC_0062929,-0.44615522,5.622354
ISIC_0062933,-4.4473004,8.072349
ISIC_0062935,-4.016189,5.787186
ISIC_0062936,-2.8819733,4.48748
ISIC_0062937,-3.757864,8.314788
ISIC_0062938,-1.7078891,9.634753
ISIC_0062940,-3.4081237,7.391158
ISIC_0062941,-4.2745285,8.20326
ISIC_0062943,-3.6720078,4.395095
ISIC_0062944,-5.899789,7.1100955
ISIC_0062945,-3.019504,7.682924
ISIC_0062946,-5.637218,7.2978735
ISIC_0062948,0.08695274,7.1918488
ISIC_0062950,0.19424649,10.016099
ISIC_0062952,-4.034128,7.879452
ISIC_0062954,-3.126565,4.6691628
ISIC_0062955,-0.92020637,6.8526826
ISIC_0062956,-3.204263,6.1546426
ISIC_0062957,-2.886701,10.50233
ISIC_0062959,0.047471713,7.7263913
ISIC_0062960,-1.2669331,10.172808
ISIC_0062961,-0.98033535,6.109795
ISIC_0062962,-5.3823333,9.382297
ISIC_0062963,-3.2276485,4.6076083
ISIC_0062964,-4.472996,9.464329
ISIC_0062966,-1.1561085,5.1770654
ISIC_0062970,-3.766554,5.029964
ISIC_0062971,-3.5317235,7.363231
ISIC_0062973,-6.2661986,8.7933655
ISIC_0062978,0.9902951,9.058583
ISIC_0062979,-2.9647887,5.529558
ISIC_0062983,-5.4477396,7.4422913
ISIC_0062984,-4.641987,8.375764
ISIC_0062985,-2.3192966,4.537695
ISIC_0062986,-5.1118965,8.85936
ISIC_0062989,-5.005522,7.1500306
ISIC_0062991,-1.4226599,10.667237
ISIC_0062992,0.61300397,9.863532
ISIC_0062993,-0.010143939,8.315173
ISIC_0062994,-3.612171,7.485241
ISIC_0062998,0.16290317,6.8947988
ISIC_0062999,-0.6877338,9.385224
ISIC_0063000,-4.1488686,4.9863024
ISIC_0063003,-3.9625258,8.2353525
ISIC_0063004,-1.7730027,4.8228955
ISIC_0063005,-4.9325614,8.891239
ISIC_0063007,-0.09307025,8.7162485
ISIC_0063018,-2.975164,4.7390285
ISIC_0063019,-0.09714289,8.611969
ISIC_0063025,0.21506141,9.560153
ISIC_0063026,-4.882956,6.8378944
ISIC_0063027,-2.0229695,9.662018
ISIC_0063031,-0.33208197,7.3615355
ISIC_0063032,0.7145965,9.459833
ISIC_0063033,0.21564296,9.0312805
ISIC_0063035,-1.6912117,10.018568
ISIC_0063036,-1.5067002,5.015436
ISIC_0063038,-2.8459203,7.981109
ISIC_0063039,-2.6019075,7.112145
ISIC_0063040,-3.990457,5.7895455
ISIC_0063041,-1.179457,10.441443
ISIC_0063045,-2.1355405,7.9009748
ISIC_0063046,-1.4628978,7.8439174
ISIC_0063047,-4.264493,5.694211
ISIC_0063048,-2.3609445,10.463847
ISIC_0063051,-4.8584676,9.365731
ISIC_0063052,-0.3492181,5.2910504
ISIC_0063053,-6.8462176,7.410716
ISIC_0063056,-4.881748,7.0724764
ISIC_0063057,-0.9023648,5.2641997
ISIC_0063058,-2.585789,9.604548
ISIC_0063060,-0.24310382,8.947134
ISIC_0063063,-6.8326955,8.085479
ISIC_0063066,-3.0624144,8.318588
ISIC_0063068,-1.5873911,3.8262165
ISIC_0063069,-5.523756,9.271512
ISIC_0063070,-1.3329382,7.841674
ISIC_0063072,-0.45388615,6.500054
ISIC_0063074,-1.879941,5.701291
ISIC_0063075,0.16645318,8.248124
ISIC_0063076,-0.35852224,9.966212
ISIC_0063077,-2.137129,10.687773
ISIC_0063079,-3.3511243,4.1810274
ISIC_0063081,-2.4027421,10.240171
ISIC_0063082,-1.444174,5.4886355
ISIC_0063083,-1.5552738,4.6840234
ISIC_0063084,0.09170199,10.226046
ISIC_0063085,-0.21442096,5.1116085
ISIC_0063087,-0.25143716,8.945685
ISIC_0063088,-2.1397693,10.226773
ISIC_0063090,-2.4298651,7.9467077
ISIC_0063091,-3.2121947,7.4166365
ISIC_0063092,-3.9526122,8.539375
ISIC_0063099,-1.7347698,5.8418803
ISIC_0063101,-4.0965037,9.515895
ISIC_0063102,-0.108370945,10.052111
ISIC_0063103,-2.7684033,4.6737704
ISIC_0063109,-0.41214278,7.2921925
ISIC_0063113,-0.47663832,7.293917
ISIC_0063114,-1.2778533,9.464516
ISIC_0063115,-5.0305653,5.828851
ISIC_0063121,0.2637046,6.7649307
ISIC_0063124,-4.912496,9.109012
ISIC_0063125,-1.008664,10.078729
ISIC_0063128,-0.3339392,9.680155
ISIC_0063129,-1.2302152,5.604952
ISIC_0063130,-4.399392,8.842757
ISIC_0063131,-1.2117031,6.394733
ISIC_0063132,-0.33498913,7.141576
ISIC_0063134,-0.6681327,5.94363
ISIC_0063136,-0.17165354,9.18675
ISIC_0063143,-5.0080714,8.714384
ISIC_0063144,-4.2718086,8.847618
ISIC_0063146,-4.060081,6.603539
ISIC_0063148,-3.1186945,5.5429897
ISIC_0063149,-0.8828333,9.911289
ISIC_0063150,-5.1302276,5.6354375
ISIC_0063151,-4.246764,5.2408614
ISIC_0063155,-4.6505694,3.9674394
ISIC_0063156,-0.7938423,10.00748
ISIC_0063159,-1.7044587,7.130772
ISIC_0063163,-2.8049567,4.580323
ISIC_0063166,-1.6521275,5.125086
ISIC_0063168,-3.3328516,4.997895
ISIC_0063169,-3.7587287,3.9696171
ISIC_0063170,-2.3108706,10.129114
ISIC_0063172,-5.5431347,8.835034
ISIC_0063173,-0.54810315,10.266225
ISIC_0063174,-1.7018856,9.369453
ISIC_0063175,-0.121446766,5.7053337
ISIC_0063180,-1.3630599,9.97494
ISIC_0063181,-4.468358,6.278244
ISIC_0063182,-4.570317,6.7109227
ISIC_0063187,-1.0452508,6.873862
ISIC_0063190,-5.9518285,6.5891724
ISIC_0063191,-1.3839079,6.8116713
ISIC_0063192,-2.2431161,6.256349
ISIC_0063196,-5.2440395,8.515837
ISIC_0063197,-3.800042,7.5571074
ISIC_0063198,-4.823742,7.085019
ISIC_0063199,-1.7128353,4.7090783
ISIC_0063200,-0.17973197,8.87336
ISIC_0063202,-4.96144,4.391873
ISIC_0063204,-6.3630996,8.967049
ISIC_0063205,-3.4103577,4.689242
ISIC_0063206,-3.3331032,8.75997
ISIC_0063207,-5.3669477,6.3539696
ISIC_0063209,0.10901024,7.1823096
ISIC_0063211,-3.3321226,5.3409967
ISIC_0063213,-2.719499,7.4481506
ISIC_0063214,-4.1936126,9.136657
ISIC_0063216,-1.1558393,5.5424495
ISIC_0063219,-1.8890448,9.633523
ISIC_0063221,-5.2547445,6.2116017
ISIC_0063222,-2.621834,5.2759404
ISIC_0063224,0.2293488,9.050211
ISIC_0063225,-1.7728279,5.6789684
ISIC_0063227,-3.0510902,7.487669
ISIC_0063228,-2.8238,6.872258
ISIC_0063230,-5.898751,7.674528
ISIC_0063231,-0.15579888,8.545112
ISIC_0063232,-3.1743999,10.099954
ISIC_0063233,-0.17525527,8.505201
ISIC_0063234,-3.1448278,5.40349
ISIC_0063236,-2.6144032,9.273993
ISIC_0063240,-4.5135746,5.5679736
ISIC_0063241,-3.5990844,7.2556057
ISIC_0063244,-6.069125,6.985266
ISIC_0063250,0.3744092,9.612335
ISIC_0063252,-0.42743474,7.6014943
ISIC_0063254,-2.5369363,5.586967
ISIC_0063255,-1.43152,5.6258245
ISIC_0063257,0.2754278,8.729414
ISIC_0063258,-0.5677197,8.630699
ISIC_0063262,-3.9277859,5.92314
ISIC_0063264,-3.896264,6.07408
ISIC_0063265,-1.8542384,7.200901
ISIC_0063266,-0.899519,7.496599
ISIC_0063268,-0.29172635,9.579789
ISIC_0063269,-4.672477,7.730987
ISIC_0063271,-4.3255005,7.055592
ISIC_0063272,-3.9813921,9.315705
ISIC_0063275,-0.76206,6.758291
ISIC_0063276,0.4433644,9.101648
ISIC_0063280,-2.3914335,7.1165066
ISIC_0063281,-3.0310328,6.3515806
ISIC_0063282,-6.387351,9.07802
ISIC_0063283,-2.81588,6.357827
ISIC_0063286,-4.112198,7.6081223
ISIC_0063288,0.028269801,9.237142
ISIC_0063290,-1.058809,6.365239
ISIC_0063292,-4.3973007,4.842603
ISIC_0063293,-0.17000628,9.450008
ISIC_0063294,0.040397614,8.063942
ISIC_0063298,-2.5753157,6.66349
ISIC_0063299,-5.7727027,7.0194144
ISIC_0063300,-0.31394842,6.077378
ISIC_0063301,-3.6893604,3.1741545
ISIC_0063302,-3.5071201,4.5363607
ISIC_0063303,-4.534355,9.376781
ISIC_0063305,0.6640003,7.668319
ISIC_0063308,-0.6255305,10.5872755
ISIC_0063310,-4.379562,9.072418
ISIC_0063311,-1.2688236,6.321081
ISIC_0063313,-5.625712,8.520062
ISIC_0063316,-5.4023285,6.7332296
ISIC_0063318,-5.073721,6.9646583
ISIC_0063320,-1.0981686,9.386794
ISIC_0063321,-2.687156,9.766585
ISIC_0063326,-6.193132,8.613725
ISIC_0063330,-1.3788024,10.69671
ISIC_0063331,-2.8009608,5.355987
ISIC_0063333,-5.246163,7.615789
ISIC_0063334,-1.710623,5.8133984
ISIC_0063335,-2.3595161,8.365586
ISIC_0063336,-4.043611,8.262843
ISIC_0063337,-2.8138258,4.619311
ISIC_0063338,-4.976316,6.93006
ISIC_0063342,-2.8163226,9.399679
ISIC_0063345,-0.01712381,7.1365457
ISIC_0063346,-0.78233725,5.4308667
ISIC_0063349,-3.7432268,6.5578275
ISIC_0063355,0.54379964,9.708859
ISIC_0063359,-4.1837716,6.501437
ISIC_0063360,0.58011293,7.179445
ISIC_0063361,0.006809278,9.674189
ISIC_0063362,-0.85558015,10.397758
ISIC_0063365,-6.104863,5.636677
ISIC_0063368,-2.901176,7.4832287
ISIC_0063369,-4.2559953,4.651306
ISIC_0063371,-3.8259199,9.026641
ISIC_0063373,-0.17481764,7.5387616
ISIC_0063375,-1.8200204,3.1691043
ISIC_0063377,-3.9853635,4.4928193
ISIC_0063378,-3.4849997,7.141993
ISIC_0063382,-2.354294,9.462324
ISIC_0063386,0.1766078,10.193579
ISIC_0063388,-6.587209,8.593276
ISIC_0063389,-3.515327,6.806119
ISIC_0063390,-6.4126883,8.736583
ISIC_0063392,-2.4666228,7.7552814
ISIC_0063393,-4.563031,4.3526216
ISIC_0063394,-3.4364552,8.90839
ISIC_0063395,-4.1938586,7.801304
ISIC_0063399,-2.0575864,4.976071
ISIC_0063400,-5.9035554,7.1720133
ISIC_0063401,-2.3682525,4.5900426
ISIC_0063406,-2.3376615,9.941218
ISIC_0063408,-3.5886753,4.0538883
ISIC_0063410,0.6729798,9.684453
ISIC_0063413,-1.1833367,5.0858006
ISIC_0063414,-0.5702407,10.171032
ISIC_0063416,-2.3489141,7.2506137
ISIC_0063417,-0.16841725,9.160263
ISIC_0063419,-0.1841547,8.52847
ISIC_0063422,-4.8542027,6.7731524
ISIC_0063425,-4.905483,7.434807
ISIC_0063427,-1.5625137,8.198706
ISIC_0063430,-6.982739,8.187388
ISIC_0063435,-2.0972657,3.997856
ISIC_0063437,-1.7946066,8.593481
ISIC_0063442,-0.8130308,6.4390216
ISIC_0063443,0.64183974,9.700251
ISIC_0063444,-4.2862296,5.175038
ISIC_0063445,-2.1638067,9.529503
ISIC_0063447,-2.9990952,5.081474
ISIC_0063450,-1.7103151,9.579135
ISIC_0063451,-1.4803445,5.893167
ISIC_0063452,-4.154341,7.3185945
ISIC_0063453,-2.3183053,3.9054744
ISIC_0063456,-2.3569787,4.8050456
ISIC_0063460,-4.180099,9.06181
ISIC_0063462,-6.156825,8.15746
ISIC_0063464,-1.3970401,10.093429
ISIC_0063465,-3.5590792,4.7631598
ISIC_0063467,-3.5717626,9.070726
ISIC_0063469,0.49501786,9.698368
ISIC_0063470,-0.112644255,6.7323174
ISIC_0063471,-5.5009966,8.543747
ISIC_0063473,-3.1716492,5.9223757
ISIC_0063474,-2.1041985,7.265392
ISIC_0063475,-1.1542591,5.7960796
ISIC_0063476,-2.8255463,9.656913
ISIC_0063477,-6.233411,6.793948
ISIC_0063479,-0.12753914,9.384044
ISIC_0063480,-0.93543124,6.0176325
ISIC_0063481,0.10989111,6.6518664
ISIC_0063483,-3.6022165,8.490673
ISIC_0063484,-1.7612059,7.38688
ISIC_0063485,-0.68000513,5.571493
ISIC_0063486,-6.5444627,7.5479026
ISIC_0063490,-1.7714249,4.5505843
ISIC_0063491,-0.058348708,7.4510293
ISIC_0063493,-5.3943844,6.2732964
ISIC_0063495,-4.98239,7.3062706
ISIC_0063496,-3.4324317,7.15106
ISIC_0063497,-5.1193004,5.910128
ISIC_0063499,-2.908805,4.475112
ISIC_0063500,-1.4510002,10.360639
ISIC_0063503,0.22247261,7.846209
ISIC_0063504,-2.3024158,9.236668
ISIC_0063505,-4.004674,6.579523
ISIC_0063512,-4.083924,8.730489
ISIC_0063513,-4.7612877,7.902635
ISIC_0063514,-5.2502046,9.165203
ISIC_0063515,-0.64353466,9.783515
ISIC_0063516,-5.9612904,7.0037575
ISIC_0063518,-5.138707,7.1092577
ISIC_0063519,0.104516625,8.581688
ISIC_0063521,-0.91441685,10.225283
ISIC_0063524,-5.457267,9.30672
ISIC_0063525,-2.6890178,9.563051
ISIC_0063526,-5.7919226,6.409137
ISIC_0063527,-1.7898358,7.48003
ISIC_0063528,-3.926377,6.2525244
ISIC_0063529,-1.4412789,9.344967
ISIC_0063532,-5.9559755,8.719141
ISIC_0063533,-3.9308321,4.228143
ISIC_0063534,0.41546443,7.860641
ISIC_0063537,-5.031383,7.316861
ISIC_0063541,-2.2050767,4.7049356
ISIC_0063542,-1.5581498,4.292828
ISIC_0063544,-2.2069488,5.095825
ISIC_0063545,-2.777629,10.12265
ISIC_0063546,-0.23914352,5.5520573
ISIC_0063549,-4.014468,5.4123373
ISIC_0063551,-4.5108857,6.1914682
ISIC_0063557,-4.4516563,8.204231
ISIC_0063559,-1.0951186,5.9087925
ISIC_0063560,-0.17732985,8.346529
ISIC_0063561,-3.7233653,5.6881247
ISIC_0063562,-2.0629077,5.234633
ISIC_0063563,-0.9011643,6.5893173
ISIC_0063564,-3.2738812,8.696175
ISIC_0063565,-1.8326063,10.712172
ISIC_0063566,-5.739169,7.633106
ISIC_0063569,-0.5377186,6.9077067
ISIC_0063570,-0.9474536,10.293027
ISIC_0063572,-2.4169595,8.870771
ISIC_0063575,-1.9510108,6.559556
ISIC_0063577,-2.218492,5.399936
ISIC_0063578,-1.6269476,5.609866
ISIC_0063581,-4.822532,9.5254965
ISIC_0063582,-4.4225335,7.1788635
ISIC_0063583,-2.8508317,8.337229
ISIC_0063586,-2.5788956,4.686005
ISIC_0063587,-1.4988822,6.6483912
ISIC_0063588,0.30666113,9.82433
ISIC_0063589,-1.740384,6.282431
ISIC_0063593,-0.26507312,5.1771755
ISIC_0063594,-4.6072397,8.546978
ISIC_0063596,-2.9701476,9.26468
ISIC_0063599,1.546284,9.280459
ISIC_0063601,-0.34664148,8.330818
ISIC_0063602,-4.3264,4.641103
ISIC_0063603,-4.592659,5.649666
ISIC_0063608,-6.829761,7.618114
ISIC_0063610,-2.5324917,4.1607203
ISIC_0063614,-2.2352252,7.1817236
ISIC_0063617,-0.91304314,7.27576
ISIC_0063618,-2.4535482,7.1298494
ISIC_0063619,-5.909872,9.079484
ISIC_0063620,-4.2380953,7.350136
ISIC_0063621,-1.7421519,7.9576364
ISIC_0063622,-1.1269213,10.378906
ISIC_0063623,-2.2571914,8.374456
ISIC_0063625,-0.3644706,10.144083
ISIC_0063626,-6.152981,8.884212
ISIC_0063628,-3.52637,6.288179
ISIC_0063631,-0.7769406,7.726941
ISIC_0063633,-5.3035192,9.489354
ISIC_0063634,-6.41245,7.4699206
ISIC_0063636,-3.393554,4.4584265
ISIC_0063640,-0.55310977,6.172153
ISIC_0063641,0.31685546,7.820032
ISIC_0063642,-4.1574783,4.9014015
ISIC_0063646,-4.7051067,9.1511135
ISIC_0063649,-0.67946553,5.9076304
ISIC_0063650,-5.169564,5.477275
ISIC_0063651,-1.3306724,6.109472
ISIC_0063654,-3.8841162,7.4156
ISIC_0063655,-2.2698898,9.466238
ISIC_0063656,-6.0048447,7.41616
ISIC_0063660,-3.3531792,4.431794
ISIC_0063661,-0.27223396,7.9469194
ISIC_0063663,-1.4850978,10.023527
ISIC_0063664,-3.4859567,5.5434194
ISIC_0063667,-0.9736042,9.876892
ISIC_0063668,-3.7630534,6.6816163
ISIC_0063669,-0.7644317,6.3183303
ISIC_0063670,-6.8934784,7.59644
ISIC_0063671,-0.63341284,6.708295
ISIC_0063672,-3.5795524,8.371567
ISIC_0063674,-2.1800642,6.8969116
ISIC_0063675,-0.5551747,5.0824866
ISIC_0063676,-4.1036687,4.7116556
ISIC_0063679,-1.8279665,10.421259
ISIC_0063680,-3.5077047,6.645843
ISIC_0063681,-2.9473016,9.987094
ISIC_0063682,-3.8276875,5.3101363
ISIC_0063683,-4.8816314,6.5503945
ISIC_0063687,0.42557654,9.256941
ISIC_0063690,-5.292057,6.893231
ISIC_0063691,-4.4564285,6.2080965
ISIC_0063692,-1.2922814,7.97221
ISIC_0063693,-0.17606358,5.073833
ISIC_0063694,-4.7992163,6.734638
ISIC_0063695,0.37678942,9.311264
ISIC_0063698,0.15744963,9.026588
ISIC_0063700,-4.21744,8.685188
ISIC_0063702,-0.57460374,6.055788
ISIC_0063704,-1.4026294,9.110934
ISIC_0063711,-1.3537703,5.3218074
ISIC_0063714,-2.2722523,5.1068363
ISIC_0063715,-2.536735,6.4444456
ISIC_0063719,-3.8055773,4.011307
ISIC_0063720,0.5294106,9.577316
ISIC_0063722,-1.230133,7.3422046
ISIC_0063723,-4.831286,9.073378
ISIC_0063724,-2.4102592,4.923334
ISIC_0063726,-2.432147,6.005847
ISIC_0063727,-2.0758185,5.4209075
ISIC_0063728,-0.16237313,7.9552937
ISIC_0063730,-0.52941895,9.38359
ISIC_0063731,-3.7581358,7.007255
ISIC_0063732,0.9850944,6.6822934
ISIC_0063733,-4.225874,7.0854664
ISIC_0063734,0.25867406,9.577433
ISIC_0063736,-3.1677897,6.1943817
ISIC_0063742,-3.713903,6.4233055
ISIC_0063744,-1.4169499,4.983063
ISIC_0063745,-5.970651,9.197476
ISIC_0063746,-0.54361427,6.8492966
ISIC_0063747,-5.879496,7.2806807
ISIC_0063748,-3.9806063,5.3999314
ISIC_0063749,-3.783774,5.4392815
ISIC_0063750,-1.3307035,9.9981575
ISIC_0063754,-3.1704674,9.648296
ISIC_0063757,-2.0196965,10.024543
ISIC_0063759,-3.1951876,5.251823
ISIC_0063763,-1.0177172,6.1865396
ISIC_0063765,-5.507413,8.048848
ISIC_0063769,-0.08923673,6.5646286
ISIC_0063775,0.23496929,9.995235
ISIC_0063778,-2.4205124,5.782313
ISIC_0063779,-0.79773796,7.646768
ISIC_0063782,-6.415964,7.988466
ISIC_0063783,-3.2702603,4.1834717
ISIC_0063784,-3.4458547,5.7272334
ISIC_0063787,-0.5239174,6.6233497
ISIC_0063788,-2.427903,6.3287964
ISIC_0063789,-1.8934567,10.39599
ISIC_0063791,-6.4329886,8.878758
ISIC_0063793,-2.3482933,4.54319
ISIC_0063794,-4.260938,9.278655
ISIC_0063795,0.035030268,6.9546394
ISIC_0063798,-2.4079316,5.7545085
ISIC_0063799,-3.191727,7.910239
ISIC_0063802,-6.1705656,8.336068
ISIC_0063804,-1.5348344,5.54835
ISIC_0063808,-2.2433405,7.709299
ISIC_0063809,1.5835985,9.438875
ISIC_0063811,-2.3811433,6.129945
ISIC_0063814,-2.1358144,7.745002
ISIC_0063816,-5.181365,7.6709337
ISIC_0063817,-5.233824,8.360768
ISIC_0063822,-5.5566897,8.041956
ISIC_0063823,-1.8851324,5.413606
ISIC_0063824,-0.8917142,7.633477
ISIC_0063827,-0.9839607,9.456895
ISIC_0063829,-0.5307438,7.0626526
ISIC_0063830,-0.83723587,4.752165
ISIC_0063831,-3.5424407,9.34931
ISIC_0063832,-4.5921073,9.040082
ISIC_0063834,-2.6077998,3.8747036
ISIC_0063838,-0.25257015,10.053149
ISIC_0063839,-2.388918,5.2544146
ISIC_0063842,-3.5252104,5.0100684
ISIC_0063844,-1.537264,5.2338247
ISIC_0063845,-5.789597,6.792753
ISIC_0063846,-1.924586,8.872804
ISIC_0063848,-4.0825086,8.199716
ISIC_0063849,-2.0957732,7.8870764
ISIC_0063850,-3.0401556,4.633002
ISIC_0063852,-1.396533,5.580145
ISIC_0063853,-2.125836,10.3123255
ISIC_0063854,-6.588527,8.15905
ISIC_0063855,-0.0895634,9.460789
ISIC_0063856,-0.20946412,5.314875
ISIC_0063857,-0.84617895,9.974023
ISIC_0063858,-2.8850617,7.234475
ISIC_0063859,-2.679562,7.189011
ISIC_0063860,-2.036525,3.837596
ISIC_0063861,-4.7077537,8.145129
ISIC_0063863,-4.2426114,8.145352
ISIC_0063865,0.20019597,9.7403755
ISIC_0063867,-2.4013226,8.828943
ISIC_0063868,-2.3134294,10.511285
ISIC_0063869,-0.42749235,9.972421
ISIC_0063870,-5.529327,5.9239287
ISIC_0063871,-3.5207865,4.881398
ISIC_0063872,-0.47349045,8.25804
ISIC_0063873,-3.1299312,4.53089
ISIC_0063875,0.19717361,10.222376
ISIC_0063876,-1.4216514,10.539394
ISIC_0063878,-1.7644745,6.6428447
ISIC_0063879,-1.8349204,5.2450633
ISIC_0063881,-3.4235723,4.857483
ISIC_0063882,0.08801559,6.707251
ISIC_0063883,-2.7136898,5.929882
ISIC_0063884,0.29971087,9.316349
ISIC_0063885,-1.559747,4.722433
ISIC_0063887,0.66765845,9.801577
ISIC_0063889,-2.6550756,4.5257006
ISIC_0063890,-2.7771757,4.117906
ISIC_0063892,-4.502774,8.757492
ISIC_0063894,-2.2787921,9.042737
ISIC_0063895,-4.4140596,8.697628
ISIC_0063896,-0.20471126,9.445082
ISIC_0063897,-2.3336737,6.0030055
ISIC_0063898,-2.0370545,5.9562936
ISIC_0063900,-0.61025816,6.192085
ISIC_0063901,-4.723714,7.9997287
ISIC_0063902,-2.5590224,10.126465
ISIC_0063903,0.3414031,9.617253
ISIC_0063905,-2.8096385,6.005564
ISIC_0063906,-0.64221495,8.362489
ISIC_0063908,-0.004334237,6.647064
ISIC_0063912,-0.20610298,9.183771
ISIC_0063914,-3.9380302,7.228017
ISIC_0063915,-1.2785574,5.3826203
ISIC_0063921,-2.478336,4.9830723
ISIC_0063925,-1.9678072,9.233365
ISIC_0063926,0.37287956,6.805308
ISIC_0063931,-0.18143843,9.873194
ISIC_0063933,-3.572996,5.090582
ISIC_0063934,-4.5867596,8.97247
ISIC_0063935,-4.391632,7.6097445
ISIC_0063937,-3.4250038,5.6899095
ISIC_0063940,-0.45092463,8.439902
ISIC_0063942,-0.28216648,6.279065
ISIC_0063943,-6.1855097,8.272361
ISIC_0063944,-3.5150418,6.581142
ISIC_0063945,-1.0912632,7.926372
ISIC_0063946,-2.0125027,8.478314
ISIC_0063947,-2.888276,3.424075
ISIC_0063949,-5.385749,8.010823
ISIC_0063950,0.21849439,9.03023
ISIC_0063951,-3.4896634,5.064341
ISIC_0063956,-2.6935494,5.771804
ISIC_0063957,-2.6915603,10.324889
ISIC_0063958,0.5294848,9.082744
ISIC_0063960,-2.3697157,8.977789
ISIC_0063962,-3.6481323,8.796181
ISIC_0063963,-3.3490264,6.7051034
ISIC_0063964,0.18363562,8.204028
ISIC_0063965,-0.42808542,9.37455
ISIC_0063966,-2.4161859,9.170344
ISIC_0063967,-2.4077454,7.4375186
ISIC_0063970,0.42451647,9.880794
ISIC_0063973,0.37089843,9.188334
ISIC_0063975,-6.506445,8.087097
ISIC_0063979,-1.2926459,5.139822
ISIC_0063980,-2.3933785,6.17446
ISIC_0063981,0.5232086,7.2915244
ISIC_0063982,0.011673571,7.704932
ISIC_0063988,-2.750548,6.8918586
ISIC_0063990,-4.040708,7.5387306
ISIC_0063993,0.026263995,9.176369
ISIC_0063994,-1.1834344,5.120777
ISIC_0063997,-0.4473342,7.626795
ISIC_0063999,-1.7700942,4.5792484
ISIC_0064003,-0.718131,10.567144
ISIC_0064005,-0.6282792,10.717945
ISIC_0064006,-0.42234686,9.268793
ISIC_0064008,-6.127938,7.9325747
ISIC_0064009,-2.6399126,5.494697
ISIC_0064013,-1.1277125,5.575761
ISIC_0064014,-4.331545,4.8652616
ISIC_0064016,-1.5748305,10.375806
ISIC_0064018,-3.2453196,6.9996476
ISIC_0064019,-3.5128207,4.94154
ISIC_0064020,-5.2081957,8.555754
ISIC_0064021,-2.7995071,5.180862
ISIC_0064022,-1.8202357,6.1636777
ISIC_0064023,-5.776326,6.743047
ISIC_0064028,-5.222561,7.8421946
ISIC_0064029,-1.1394631,9.877793
ISIC_0064030,-0.23369756,9.8942
ISIC_0064031,-5.106341,6.182628
ISIC_0064033,0.07772884,7.132331
ISIC_0064034,-3.6721387,4.6718335
ISIC_0064038,-3.132364,4.812866
ISIC_0064044,-5.7451353,7.6312103
ISIC_0064047,-4.576429,4.6127553
ISIC_0064048,-0.65856934,9.884611
ISIC_0064052,-0.34103352,9.51281
ISIC_0064053,-0.62880737,6.303919
ISIC_0064054,-1.8804232,10.430034
ISIC_0064055,-2.1234632,6.243277
ISIC_0064056,-2.4557486,9.320179
ISIC_0064057,-0.70688397,5.358011
ISIC_0064058,0.66301477,7.8711104
ISIC_0064060,-4.726124,7.3783765
ISIC_0064062,-6.815953,7.314667
ISIC_0064064,-0.9784296,5.2685347
ISIC_0064067,-2.2441564,8.206327
ISIC_0064071,-4.4809318,9.19332
ISIC_0064072,-5.2634573,8.113417
ISIC_0064073,-3.0464618,6.0044317
ISIC_0064077,-4.36892,8.83184
ISIC_0064079,-3.342574,5.7171125
ISIC_0064080,-2.1804047,5.3684454
ISIC_0064082,-4.4759088,6.5309324
ISIC_0064083,-0.6145257,9.930529
ISIC_0064084,-5.86705,7.7924476
ISIC_0064090,-0.48288038,9.753199
ISIC_0064091,-5.808137,5.911394
ISIC_0064095,-4.344876,8.458517
ISIC_0064096,1.5593196,9.259025
ISIC_0064097,-6.1011176,8.233409
ISIC_0064098,-3.651141,7.38113
ISIC_0064100,-3.6898146,3.7452145
ISIC_0064101,0.72955173,8.352216
ISIC_0064102,-3.5796525,5.9753737
ISIC_0064103,-3.0208743,8.151779
ISIC_0064106,-2.621696,4.5140905
ISIC_0064108,-2.6777544,10.104375
ISIC_0064110,-0.8867086,10.5199995
ISIC_0064112,-2.3735209,6.3907475
ISIC_0064114,-0.10099512,8.2885895
ISIC_0064115,-1.2566808,10.426684
ISIC_0064116,-6.293314,8.913568
ISIC_0064120,-3.4679124,5.0148635
ISIC_0064122,-3.2283523,5.8524823
ISIC_0064124,-5.122989,5.9383774
ISIC_0064128,-1.7044362,5.6614423
ISIC_0064129,-1.1729965,8.420219
ISIC_0064130,-1.9010632,5.311462
ISIC_0064132,-1.039889,5.195566
ISIC_0064134,-0.68600124,8.858459
ISIC_0064136,-0.67762613,10.052386
ISIC_0064137,-3.4111288,7.325622
ISIC_0064139,-4.7071486,8.013769
ISIC_0064141,-2.1992974,9.770545
ISIC_0064142,-5.7494063,8.356524
ISIC_0064150,0.4138385,6.8685827
ISIC_0064151,-2.0550742,7.7137475
ISIC_0064152,-3.408783,5.840357
ISIC_0064153,-4.800111,5.4336467
ISIC_0064156,-0.076123886,6.9608583
ISIC_0064157,-1.3892109,5.342708
ISIC_0064160,-3.7464175,6.0914254
ISIC_0064162,-1.3035944,7.71462
ISIC_0064163,-0.2313411,7.915536
ISIC_0064165,-2.2775614,8.269456
ISIC_0064167,-1.3971307,6.148076
ISIC_0064169,-2.7076867,3.0745995
ISIC_0064174,0.085453354,9.378486
ISIC_0064178,-4.1303186,6.8897223
ISIC_0064180,-3.0369682,6.357826
ISIC_0064181,-1.9078449,10.094949
ISIC_0064183,-1.7475063,7.1649117
ISIC_0064186,-1.6079526,10.785661
ISIC_0064187,-1.6088231,6.5640163
ISIC_0064188,-0.62488306,10.039491
ISIC_0064189,-1.5446947,7.3749075
ISIC_0064191,-2.1251018,5.284403
ISIC_0064195,-1.6071358,9.497157
ISIC_0064196,-4.865088,8.757069
ISIC_0064197,-6.0685463,8.297776
ISIC_0064198,-1.648605,5.6691155
ISIC_0064200,-5.2281895,9.297363
ISIC_0064201,-1.2920301,10.370736
ISIC_0064202,-0.70523256,9.529919
ISIC_0064203,-5.424685,8.484406
ISIC_0064204,-1.4289376,7.952543
ISIC_0064205,-4.697376,4.639738
ISIC_0064209,-2.0347788,6.663501
ISIC_0064210,-3.3693154,7.2237716
ISIC_0064211,0.042840786,8.626788
ISIC_0064212,0.64469147,7.641009
ISIC_0064214,-2.4926898,9.365596
ISIC_0064217,-2.8968136,10.032254
ISIC_0064218,-1.9895002,4.9265223
ISIC_0064219,0.021655954,10.156404
ISIC_0064220,-3.0985358,5.2101054
ISIC_0064222,-6.2581477,8.118227
ISIC_0064223,-3.031692,4.2176895
ISIC_0064224,-4.7359853,8.605935
ISIC_0064226,1.67008,9.343763
ISIC_0064229,-0.3214809,8.154405
ISIC_0064231,-0.7736697,6.4863644
ISIC_0064232,-2.2719283,9.172529
ISIC_0064233,-2.255471,5.3107176
ISIC_0064235,-6.2273746,7.0789475
ISIC_0064236,-2.4017503,8.2032385
ISIC_0064237,0.111663625,9.035386
ISIC_0064238,-3.9857385,7.55145
ISIC_0064239,-6.0858617,8.728475
ISIC_0064240,0.5086325,9.748213
ISIC_0064242,0.28193086,9.962957
ISIC_0064243,-5.885515,7.2704353
ISIC_0064244,-2.8600316,7.9370723
ISIC_0064245,-1.9012008,6.424989
ISIC_0064246,-4.555434,7.103597
ISIC_0064247,-1.9068596,5.1642666
ISIC_0064248,-1.6477664,3.8459272
ISIC_0064250,-1.3343962,4.557073
ISIC_0064259,-1.202841,10.503526
ISIC_0064261,-6.1683903,6.2762594
ISIC_0064262,-0.6904455,7.469676
ISIC_0064263,-0.58812666,10.046776
ISIC_0064266,0.5284704,9.989623
ISIC_0064268,-2.9731472,5.0065203
ISIC_0064269,-1.3445438,4.6568885
ISIC_0064270,-3.6810887,4.959588
ISIC_0064271,0.02205489,9.602321
ISIC_0064272,0.19645064,6.789093
ISIC_0064274,-1.2057154,5.760478
ISIC_0064276,-2.436319,9.421074
ISIC_0064279,-2.842959,4.6087527
ISIC_0064280,-2.8002198,9.895711
ISIC_0064281,-2.8245373,4.3741813
ISIC_0064284,-4.3798122,6.7600513
ISIC_0064286,1.4356277,9.532581
ISIC_0064288,-0.44340864,8.8535795
ISIC_0064291,1.7677323,5.360972
ISIC_0064292,-2.3043444,9.884109
ISIC_0064293,0.25510892,8.631258
ISIC_0064294,-2.160509,3.8500907
ISIC_0064295,-0.796083,6.764813
ISIC_0064297,-2.0769112,8.48847
ISIC_0064298,-4.2306094,8.228798
ISIC_0064300,-5.713336,7.615859
ISIC_0064303,-3.0372818,5.186617
ISIC_0064304,-2.6362479,6.0559907
ISIC_0064305,-1.9236634,5.837631
ISIC_0064307,-1.8764304,5.1318755
ISIC_0064313,-3.774722,7.112152
ISIC_0064317,-5.1904116,6.4044857
ISIC_0064318,-3.1152017,4.674304
ISIC_0064320,-3.1178613,9.840291
ISIC_0064321,-2.1460996,5.0704427
ISIC_0064322,0.07752095,8.086561
ISIC_0064324,-2.5972009,4.8709025
ISIC_0064326,-4.097141,6.9012146
ISIC_0064328,-2.9337537,8.342667
ISIC_0064329,-2.056475,9.598678
ISIC_0064330,-0.4487034,9.213748
ISIC_0064335,-4.1449623,6.641445
ISIC_0064337,-3.5060658,7.199419
ISIC_0064338,-2.5018969,8.915072
ISIC_0064339,-5.558505,7.6076703
ISIC_0064340,-2.9001973,6.721245
ISIC_0064343,-0.38016006,10.453052
ISIC_0064344,-3.9103277,6.6250043
ISIC_0064346,-3.3259077,6.118314
ISIC_0064347,-1.3410358,5.792986
ISIC_0064352,-4.3396606,9.035433
ISIC_0064353,-3.3340704,4.736139
ISIC_0064354,-5.8122735,8.579048
ISIC_0064356,-2.9795794,5.771182
ISIC_0064357,-1.2494637,5.516294
ISIC_0064358,-2.1191752,3.2829866
ISIC_0064359,-1.390575,10.121372
ISIC_0064360,0.0069645406,9.471531
ISIC_0064361,-3.3032153,5.463987
ISIC_0064362,-6.018915,7.7513227
ISIC_0064364,-6.66167,8.196528
ISIC_0064368,-3.7254138,5.9303675
ISIC_0064369,-3.0104418,4.2039757
ISIC_0064370,-5.5785418,7.964993
ISIC_0064371,-5.2825027,8.907835
ISIC_0064373,-0.741129,10.18038
ISIC_0064376,-0.55206436,6.0997634
ISIC_0064377,-5.414415,6.2483816
ISIC_0064384,-0.4270986,8.958939
ISIC_0064385,-4.3438106,7.614429
ISIC_0064388,-0.21220994,8.064817
ISIC_0064389,-1.581227,6.35075
ISIC_0064392,-6.405724,7.073447
ISIC_0064393,-1.7101092,5.4643855
ISIC_0064394,1.5527691,9.488433
ISIC_0064397,-5.7811112,7.6836047
ISIC_0064399,-1.5086476,4.995155
ISIC_0064401,-4.038134,6.502644
ISIC_0064403,-4.094847,7.0267525
ISIC_0064405,-3.0815623,8.000889
ISIC_0064406,0.546526,9.910757
ISIC_0064407,-3.0861294,10.106611
ISIC_0064408,-0.6732243,6.402626
ISIC_0064410,-0.19386303,7.759335
ISIC_0064411,-4.2678385,7.51993
ISIC_0064412,-0.243122,9.249127
ISIC_0064414,-3.4961655,4.081104
ISIC_0064417,-4.531627,9.139091
ISIC_0064418,-4.584968,5.1852226
ISIC_0064419,-1.3541396,9.55364
ISIC_0064421,-1.9610924,4.936404
ISIC_0064422,-0.07476401,9.748443
ISIC_0064424,-2.3579504,9.394345
ISIC_0064425,-3.1658912,6.227778
ISIC_0064427,-2.7765007,8.25863
ISIC_0064428,-5.3019214,8.464605
ISIC_0064430,-1.0419716,9.454733
ISIC_0064432,-4.8781133,5.0030866
ISIC_0064436,-4.4712553,6.609565
ISIC_0064437,-6.545192,7.2762437
ISIC_0064439,-2.5222795,5.5271263
ISIC_0064440,-1.3007714,7.2214246
ISIC_0064443,-2.36518,5.278846
ISIC_0064444,0.80687976,7.356601
ISIC_0064446,-4.78465,5.146425
ISIC_0064451,-1.9533606,9.602182
ISIC_0064452,-5.977956,7.3379955
ISIC_0064455,-0.24420214,10.170952
ISIC_0064456,-2.1069014,7.2398663
ISIC_0064461,-1.43164,9.967711
ISIC_0064463,-0.94381875,10.332474
ISIC_0064465,0.4630412,9.165475
ISIC_0064466,-2.8281257,9.800315
ISIC_0064468,-6.034723,8.328688
ISIC_0064471,-3.4895012,3.0113335
ISIC_0064472,-5.3773346,5.831643
ISIC_0064474,-0.3873234,7.485
ISIC_0064475,-1.3990545,10.557342
ISIC_0064476,-5.0767484,7.276094
ISIC_0064478,-6.8405185,7.316253
ISIC_0064479,-3.3705986,3.5642264
ISIC_0064480,-0.36594862,5.3483768
ISIC_0064481,-0.53874403,6.6669483
ISIC_0064482,-4.467041,4.7861075
ISIC_0064483,0.9166786,7.3318176
ISIC_0064484,0.27628997,9.022183
ISIC_0064485,-4.049473,9.554054
ISIC_0064487,-5.637887,8.580712
ISIC_0064488,0.5653349,9.849782
ISIC_0064491,-7.061832,8.506687
ISIC_0064495,-5.0756083,8.41582
ISIC_0064496,-1.0404876,4.9751515
ISIC_0064498,-3.458148,4.3039293
ISIC_0064501,-1.9558878,9.33816
ISIC_0064506,-2.2888033,4.284479
ISIC_0064507,-0.3515862,9.620333
ISIC_0064512,-2.6114748,5.1388693
ISIC_0064513,-4.1022067,4.092163
ISIC_0064515,-5.091634,6.768668
ISIC_0064516,-2.0641098,9.18178
ISIC_0064517,-3.3091283,4.499092
ISIC_0064522,-2.794671,3.8906136
ISIC_0064526,-1.0525796,9.738985
ISIC_0064528,-4.739553,9.553378
ISIC_0064530,0.5438726,9.612843
ISIC_0064531,-0.13172188,6.7731366
ISIC_0064534,-0.12139185,6.737104
ISIC_0064537,-4.3600273,7.52545
ISIC_0064538,0.33936772,8.564828
ISIC_0064540,-3.6448996,5.5881233
ISIC_0064541,-0.25281602,10.477816
ISIC_0064543,-0.31776422,9.313149
ISIC_0064544,-4.1530104,7.2263517
ISIC_0064546,-1.6588331,5.853771
ISIC_0064548,-3.4306061,5.1393204
ISIC_0064550,-1.2068012,5.6668653
ISIC_0064553,0.123025514,8.79169
ISIC_0064555,-0.24419066,7.5484366
ISIC_0064556,-3.3716218,5.163309
ISIC_0064557,-6.2422276,7.939563
ISIC_0064559,-3.1435318,4.9014187
ISIC_0064561,-4.8837085,5.505821
ISIC_0064567,-2.6203792,9.566218
ISIC_0064569,-0.060197864,7.2615848
ISIC_0064570,-4.402012,9.195476
ISIC_0064572,-4.079497,9.008791
ISIC_0064573,-1.7565817,5.2235827
ISIC_0064574,-5.8578415,9.05255
ISIC_0064575,-0.068200156,7.58368
ISIC_0064576,-4.53072,9.513573
ISIC_0064579,-3.042072,8.903786
ISIC_0064581,-2.1582072,5.0544195
ISIC_0064582,-3.1903408,8.41702
ISIC_0064584,-7.088971,7.6267667
ISIC_0064585,1.6585416,9.105107
ISIC_0064588,-5.8923545,7.984134
ISIC_0064589,-2.1462336,6.2960644
ISIC_0064590,1.8420871,5.082185
ISIC_0064592,-0.7581448,9.848042
ISIC_0064593,-0.0017514578,10.117413
ISIC_0064594,-2.3801167,6.8396034
ISIC_0064597,0.33478656,9.519605
ISIC_0064598,-1.9466163,5.1316733
ISIC_0064599,-3.0650108,7.1040363
ISIC_0064606,-3.544931,5.1430874
ISIC_0064609,-2.4238505,4.3613076
ISIC_0064610,-0.73018277,8.087848
ISIC_0064611,-0.94386834,9.673738
ISIC_0064612,-4.8819337,9.16796
ISIC_0064613,-5.052334,8.700026
ISIC_0064615,-2.0581107,8.210073
ISIC_0064617,-0.18554704,6.1649604
ISIC_0064618,0.7620432,6.42003
ISIC_0064619,-5.0319705,6.3045397
ISIC_0064620,-6.894889,8.015849
ISIC_0064623,-5.0737276,6.2392683
ISIC_0064626,-2.1204934,8.118582
ISIC_0064629,-5.0100617,7.9850044
ISIC_0064630,-3.6927564,6.924295
ISIC_0064631,-0.17022918,9.324415
ISIC_0064632,-0.8297023,9.597151
ISIC_0064633,-4.358582,7.638399
ISIC_0064634,-3.570454,6.5191765
ISIC_0064636,-1.7235887,5.145628
ISIC_0064637,-2.1912224,10.265295
ISIC_0064638,-0.88566667,6.286904
ISIC_0064639,-0.93735206,6.3090005
ISIC_0064640,-2.379587,5.914796
ISIC_0064642,-1.4384489,5.710497
ISIC_0064643,-2.0249598,10.41935
ISIC_0064644,-1.2665944,6.0863037
ISIC_0064645,-3.6217847,6.5993886
ISIC_0064646,-3.768211,6.0374966
ISIC_0064648,-1.3060124,6.3520026
ISIC_0064649,-0.16230778,8.615932
ISIC_0064652,-1.357822,5.0031137
ISIC_0064655,-3.0768225,6.6003594
ISIC_0064656,-5.02989,9.241499
ISIC_0064658,-6.24199,8.907723
ISIC_0064659,-1.8246685,6.052234
ISIC_0064660,-0.13914551,9.735019
ISIC_0064661,-1.6777374,6.9527693
ISIC_0064664,-5.3151436,7.9649234
ISIC_0064666,-6.4764724,8.331948
ISIC_0064667,1.0343604,6.740341
ISIC_0064668,-3.347501,4.0997133
ISIC_0064670,-0.9290476,6.646445
ISIC_0064671,-5.2205954,6.336539
ISIC_0064672,0.15932545,10.237459
ISIC_0064675,-4.090321,8.902715
ISIC_0064676,-1.0770855,8.887459
ISIC_0064685,-6.5916953,8.352374
ISIC_0064686,0.04052567,10.422239
ISIC_0064687,-3.4526548,7.167455
ISIC_0064688,-1.2486988,9.76591
ISIC_0064689,-3.0567229,4.0925117
ISIC_0064690,-2.0253317,7.890205
ISIC_0064691,-5.5586934,6.996783
ISIC_0064692,-1.004244,9.031962
ISIC_0064693,-1.5906556,9.441511
ISIC_0064694,-0.16503304,7.556437
ISIC_0064696,-2.1842716,4.0385714
ISIC_0064697,-5.2156096,5.686058
ISIC_0064698,-6.202989,8.370091
ISIC_0064699,-2.228758,6.0852566
ISIC_0064700,-3.2417283,6.103128
ISIC_0064707,-4.451587,8.680065
ISIC_0064708,-5.45835,6.1324277
ISIC_0064709,-2.5864398,9.480815
ISIC_0064711,-3.070754,7.890421
ISIC_0064718,-5.798329,6.468756
ISIC_0064721,0.051805966,10.0127325
ISIC_0064722,-1.8913592,4.8136945
ISIC_0064723,-5.8202076,7.914657
ISIC_0064725,-2.2847974,9.677968
ISIC_0064728,-4.895037,4.5522504
ISIC_0064729,-4.41365,6.616882
ISIC_0064730,-2.2844107,4.52409
ISIC_0064731,-2.0491633,4.545944
ISIC_0064732,0.2906563,7.437958
ISIC_0064737,-1.5865481,5.332934
ISIC_0064739,-3.2847807,4.6123524
ISIC_0064742,-4.042939,9.351233
ISIC_0064744,0.24114047,9.061257
ISIC_0064747,0.32501286,10.074696
ISIC_0064748,-1.1290119,9.421514
ISIC_0064750,-5.615221,5.977204
ISIC_0064751,-0.80450785,9.156247
ISIC_0064752,0.7313122,7.544571
ISIC_0064753,-2.2701638,4.8317065
ISIC_0064757,-4.883061,9.479114
ISIC_0064758,-2.4243755,5.7517715
ISIC_0064759,-2.4077928,4.6174374
ISIC_0064760,-1.7434832,4.3610067
ISIC_0064763,-6.626199,8.693159
ISIC_0064767,-2.9401007,5.1122947
ISIC_0064769,-1.8536899,5.5432186
ISIC_0064770,-2.4133258,6.897255
ISIC_0064772,-0.29488686,8.787013
ISIC_0064773,-1.0803075,5.8374043
ISIC_0064774,-2.5341039,7.6947393
ISIC_0064779,-2.4718366,7.2904253
ISIC_0064784,-4.177371,5.4101915
ISIC_0064789,-1.162283,5.9960356
ISIC_0064797,-4.799703,4.9119496
ISIC_0064798,-4.0231214,7.7290545
ISIC_0064799,-4.0500627,8.453996
ISIC_0064800,-1.4051417,5.5159435
ISIC_0064801,1.0657822,7.91101
ISIC_0064802,-1.8412685,5.320791
ISIC_0064804,0.26888517,10.038895
ISIC_0064805,-2.0897217,7.044028
ISIC_0064806,0.5945929,7.6797075
ISIC_0064808,-1.5781716,9.143917
ISIC_0064811,-1.3982089,9.555195
ISIC_0064813,-3.0818884,4.076353
ISIC_0064814,-1.7681272,5.7525682
ISIC_0064816,0.5440766,8.580954
ISIC_0064817,-6.0105186,7.815493
ISIC_0064819,-1.8257703,9.049201
ISIC_0064820,-6.322086,8.304506
ISIC_0064821,-1.579331,6.1160607
ISIC_0064822,-7.0619125,8.535993
ISIC_0064823,-2.9221563,4.51615
ISIC_0064824,-3.8133667,7.6440144
ISIC_0064825,0.36371335,9.484411
ISIC_0064826,-1.9941704,9.393192
ISIC_0064829,0.14515361,7.756191
ISIC_0064830,-6.056197,7.310633
ISIC_0064832,-2.28327,9.592499
ISIC_0064833,-5.0814023,9.343587
ISIC_0064835,-6.780085,8.263479
ISIC_0064836,-1.435773,5.396879
ISIC_0064837,-3.3048813,4.7906537
ISIC_0064840,-1.713732,10.1271
ISIC_0064841,-5.2777267,8.074106
ISIC_0064843,-1.812794,6.1575537
ISIC_0064845,-7.1532254,8.036761
ISIC_0064849,0.20194446,7.462236
ISIC_0064850,-4.1098585,8.712134
ISIC_0064854,-5.753977,8.191417
ISIC_0064855,-2.213602,10.149005
ISIC_0064858,-5.232013,6.992197
ISIC_0064859,-3.160322,5.840615
ISIC_0064860,-2.6601985,4.5992126
ISIC_0064864,-0.7461205,5.5288825
ISIC_0064865,-0.68374425,9.922938
ISIC_0064866,-3.0512602,9.36884
ISIC_0064867,-5.4129305,6.89891
ISIC_0064868,-1.5471615,9.4128475
ISIC_0064869,-3.5587716,8.022399
ISIC_0064873,-4.443827,7.2594886
ISIC_0064874,-2.4817832,9.708965
ISIC_0064875,-5.498768,4.9406
ISIC_0064879,-6.346791,7.323626
ISIC_0064881,-1.6466672,10.16655
ISIC_0064882,-5.651539,8.410227
ISIC_0064884,-0.6897354,7.4650745
ISIC_0064886,-2.7261224,9.18756
ISIC_0064887,0.37861264,9.232863
ISIC_0064889,0.7450598,6.4221697
ISIC_0064890,1.9007547,5.0571585
ISIC_0064893,-0.05307817,7.1613727
ISIC_0064894,1.7412214,4.962896
ISIC_0064895,-0.03892323,7.1904507
ISIC_0064896,-3.500237,4.778874
ISIC_0064898,-0.6372213,6.430302
ISIC_0064899,-2.8567903,5.5027676
ISIC_0064900,-3.0226681,9.904775
ISIC_0064901,-3.0876665,8.075171
ISIC_0064903,-6.1480856,8.026407
ISIC_0064905,-3.2074938,4.7528825
ISIC_0064906,-0.96658486,9.708615
ISIC_0064907,-1.691518,4.7103043
ISIC_0064908,-2.6822317,10.390092
ISIC_0064909,-3.226037,4.5094433
ISIC_0064910,-1.210649,9.020157
ISIC_0064911,-2.1548357,6.8708076
ISIC_0064913,-0.010341728,9.622864
ISIC_0064915,-2.9231951,5.2306404
ISIC_0064918,-4.805602,7.3134027
ISIC_0064919,-2.88848,5.394666
ISIC_0064920,-5.923032,5.085832
ISIC_0064921,0.33266968,10.096447
ISIC_0064925,-2.0771427,6.045567
ISIC_0064926,-0.07079608,7.517825
ISIC_0064927,-5.27882,6.7303348
ISIC_0064928,-2.9957087,5.347268
ISIC_0064929,-6.8517957,8.628076
ISIC_0064931,-1.9817446,5.234138
ISIC_0064932,-2.429028,6.0274544
ISIC_0064933,0.09600188,7.9074445
ISIC_0064936,-2.8987095,9.429788
ISIC_0064937,-2.9522936,5.669147
ISIC_0064938,-2.4489892,9.035469
ISIC_0064941,-2.55148,5.543767
ISIC_0064943,-0.6914242,6.6339307
ISIC_0064947,-6.5275993,7.701491
ISIC_0064948,-1.9544115,10.713006
ISIC_0064949,-2.2545297,6.350024
ISIC_0064951,-1.6652672,4.872128
ISIC_0064952,-5.972044,8.994964
ISIC_0064954,-2.313546,5.2948046
ISIC_0064955,-6.3768945,7.433244
ISIC_0064956,-4.3438706,5.284784
ISIC_0064962,0.13824283,8.215204
ISIC_0064964,-4.9544125,4.355577
ISIC_0064965,-0.6052298,10.304547
ISIC_0064967,-3.8682694,8.061942
ISIC_0064970,1.3619534,8.821661
ISIC_0064971,0.15719329,6.4526963
ISIC_0064972,-3.4528632,7.9021673
ISIC_0064977,-1.5398859,5.049341
ISIC_0064979,-0.22737317,5.047805
ISIC_0064981,-2.3936584,9.409
ISIC_0064982,-0.21417612,10.025593
ISIC_0064983,-1.0042471,8.259601
ISIC_0064985,-0.40210512,5.314557
ISIC_0064986,-0.09035054,7.3533506
ISIC_0064988,-4.3672442,4.616515
ISIC_0064990,0.7410283,7.2185626
ISIC_0064992,-0.30498224,9.615819
ISIC_0064993,-0.7092201,8.930675
ISIC_0064997,0.49532345,9.417344
ISIC_0064998,-0.8585235,7.703553
ISIC_0065001,-1.2144507,9.561407
ISIC_0065003,-1.0987269,5.497763
ISIC_0065004,-0.46485627,6.498378
ISIC_0065005,-2.3240738,6.708131
ISIC_0065008,-2.8757415,4.8842483
ISIC_0065009,-0.6419327,10.178486
ISIC_0065013,-3.1664946,4.549207
ISIC_0065016,-6.138757,7.8073053
ISIC_0065017,-3.833103,6.3805623
ISIC_0065018,-2.3243673,7.49957
ISIC_0065021,-0.15118404,9.256276
ISIC_0065022,-5.6827435,8.495819
ISIC_0065023,-2.4752922,5.0750184
ISIC_0065024,-1.3561182,4.9350634
ISIC_0065025,-0.65141934,7.667195
ISIC_0065026,-0.45030522,9.256468
ISIC_0065027,-3.9998055,5.7580104
ISIC_0065028,0.44171876,7.976262
ISIC_0065032,-2.028686,10.005055
ISIC_0065033,-2.900864,9.672034
ISIC_0065035,-2.8095226,4.4222007
ISIC_0065036,-2.8897552,4.6283655
ISIC_0065037,-4.036473,7.8027306
ISIC_0065038,-3.007669,7.3394194
ISIC_0065039,-5.801632,7.1838303
ISIC_0065040,-4.563666,6.907062
ISIC_0065042,-1.3566551,8.051656
ISIC_0065044,0.16881476,10.204294
ISIC_0065046,0.19009057,10.069836
ISIC_0065047,-0.80769724,8.278017
ISIC_0065048,-2.8031764,5.6147165
ISIC_0065050,-0.58661395,10.275254
ISIC_0065052,-0.09524686,9.855126
ISIC_0065053,-1.6611995,10.44787
ISIC_0065054,-0.5922415,5.2596846
ISIC_0065056,-2.7847939,4.3011746
ISIC_0065057,-3.053809,5.3202147
ISIC_0065058,-5.0422015,7.9346895
ISIC_0065059,-2.658956,4.533044
ISIC_0065061,-2.391997,7.240548
ISIC_0065063,-1.0995189,5.385039
ISIC_0065065,-5.30129,9.247667
ISIC_0065066,-3.827143,6.7525697
ISIC_0065067,-3.363933,4.7937636
ISIC_0065070,-3.095387,9.447633
ISIC_0065071,-2.155069,9.3894005
ISIC_0065073,-2.8817234,4.1254473
ISIC_0065074,-5.0496674,8.678252
ISIC_0065075,-1.6006595,7.8634996
ISIC_0065078,0.027177667,7.445441
ISIC_0065080,-6.61945,8.028031
ISIC_0065082,-3.3888836,7.679456
ISIC_0065083,-1.039263,6.1462603
ISIC_0065084,0.023576679,9.679634
ISIC_0065085,-2.4269629,9.401196
ISIC_0065095,-1.0605373,6.1026134
ISIC_0065098,-1.5629568,9.825343
ISIC_0065099,-5.757914,6.4657707
ISIC_0065100,-0.2423164,9.137207
ISIC_0065101,-0.35949403,8.588728
ISIC_0065102,-4.6530013,7.8903766
ISIC_0065104,-3.5158844,7.752525
ISIC_0065105,-3.242801,6.5473638
ISIC_0065106,0.29557776,8.825696
ISIC_0065108,-2.7190845,6.4316044
ISIC_0065109,0.60332036,9.555421
ISIC_0065111,0.28737003,10.258085
ISIC_0065113,-4.4006515,4.853392
ISIC_0065115,-4.57171,7.16606
ISIC_0065116,-0.1650206,8.351788
ISIC_0065118,-0.8972197,5.7945347
ISIC_0065120,-3.5358377,3.5678017
ISIC_0065126,-2.098594,8.308466
ISIC_0065127,-2.5252094,5.345813
ISIC_0065128,-1.9573623,6.030198
ISIC_0065132,-2.7124236,9.528929
ISIC_0065135,-0.7269196,7.317986
ISIC_0065136,-0.54234624,8.881528
ISIC_0065137,-4.4132957,9.332078
ISIC_0065139,-7.0119843,7.7810483
ISIC_0065140,-4.9381995,6.0568056
ISIC_0065141,-1.5415668,4.755177
ISIC_0065142,-0.7108898,9.993457
ISIC_0065143,-2.3168743,9.54687
ISIC_0065144,-4.204147,4.4065557
ISIC_0065145,-4.7206345,6.636054
ISIC_0065148,-4.423838,4.5179358
ISIC_0065150,-3.0584064,8.870141
ISIC_0065151,-2.6949096,7.5714507
ISIC_0065153,-2.8139675,4.331123
ISIC_0065157,-0.27950433,7.699877
ISIC_0065158,-4.3106446,4.9417343
ISIC_0065159,-1.9957463,4.6693163
ISIC_0065160,-2.1131167,7.1507416
ISIC_0065164,-2.3445475,5.0718536
ISIC_0065166,-0.35148048,5.8562117
ISIC_0065167,-0.0539476,9.584362
ISIC_0065168,-2.0150633,4.14336
ISIC_0065169,-0.9741008,6.5229025
ISIC_0065170,-4.9927115,6.601185
ISIC_0065171,-5.1182528,6.617724
ISIC_0065173,0.2566894,9.012643
ISIC_0065174,-1.1460315,7.6811976
ISIC_0065178,-3.9605775,8.6540785
ISIC_0065182,1.6171869,9.36256
ISIC_0065183,-1.0128332,5.540701
ISIC_0065184,-6.699962,8.346175
ISIC_0065185,-6.043253,6.8663907
ISIC_0065186,-0.41913635,8.978463
ISIC_0065187,-1.6742202,9.533618
ISIC_0065188,-2.267146,9.638077
ISIC_0065191,-2.6897485,4.2495303
ISIC_0065192,-3.179231,5.9489784
ISIC_0065193,-5.743451,4.3126554
ISIC_0065194,-1.8462425,8.957199
ISIC_0065195,-1.0393579,7.760448
ISIC_0065199,-0.47162634,5.5183983
ISIC_0065204,-5.7769675,7.62591
ISIC_0065205,-4.1440496,9.304301
ISIC_0065206,-4.5578213,6.862874
ISIC_0065207,-0.042060565,9.84609
ISIC_0065210,-1.4263313,9.582905
ISIC_0065212,-0.3351567,10.396686
ISIC_0065213,-3.327454,4.56367
ISIC_0065215,-2.6173193,4.94106
ISIC_0065219,-6.2532573,8.137689
ISIC_0065222,-5.3684936,6.419469
ISIC_0065225,-3.658198,3.9820163
ISIC_0065226,-5.3048997,6.623141
ISIC_0065230,0.40803096,6.9988723
ISIC_0065231,-3.514625,3.0753124
ISIC_0065232,0.13570924,8.458928
ISIC_0065235,-2.541852,9.3246155
ISIC_0065236,-1.8321234,6.7554455
ISIC_0065237,0.058000132,9.339449
ISIC_0065239,-2.8828788,5.861438
ISIC_0065241,-3.6494389,5.657669
ISIC_0065245,-4.4732776,6.757821
ISIC_0065248,1.427344,9.534823
ISIC_0065249,0.3838437,10.238309
ISIC_0065250,-4.648946,9.174579
ISIC_0065251,-5.898143,8.567034
ISIC_0065253,-0.044862173,10.127379
ISIC_0065254,-5.979987,7.3042855
ISIC_0065255,-5.4792185,5.747119
ISIC_0065256,-0.8589351,6.10781
ISIC_0065260,-3.2998235,7.0228467
ISIC_0065261,-4.1251373,5.9722776
ISIC_0065264,-0.49150386,5.1173096
ISIC_0065265,-5.028116,7.0059476
ISIC_0065267,-1.4317466,5.2294254
ISIC_0065268,-4.5034432,6.0116982
ISIC_0065270,2.0051277,9.231613
ISIC_0065271,-2.880001,6.60387
ISIC_0065272,-3.608539,4.9708476
ISIC_0065273,-1.6830328,6.371718
ISIC_0065274,-4.0011644,7.128549
ISIC_0065278,-2.4862742,7.653802
ISIC_0065281,-3.2160797,4.3253
ISIC_0065282,1.6483935,9.399475
ISIC_0065283,-4.214073,7.3738966
ISIC_0065284,-0.8660488,6.1573358
ISIC_0065285,-4.9882417,7.738177
ISIC_0065287,-2.3017914,9.357983
ISIC_0065289,-4.0291247,4.6176047
ISIC_0065293,-2.2069294,6.359054
ISIC_0065294,-2.6225896,5.423712
ISIC_0065297,-4.2624907,8.572909
ISIC_0065298,0.27842155,8.294991
ISIC_0065299,-2.5499682,8.05549
ISIC_0065301,-1.6633687,4.67917
ISIC_0065304,-0.04008164,5.6456623
ISIC_0065305,-5.56768,5.7987776
ISIC_0065306,-1.0953249,5.722682
ISIC_0065307,-2.7429276,4.930052
ISIC_0065308,-1.843813,6.184245
ISIC_0065311,-0.61887854,5.788207
ISIC_0065312,-1.8383892,4.1875577
ISIC_0065313,-2.1305568,5.717347
ISIC_0065315,-0.14400691,7.9984846
ISIC_0065320,-4.485572,8.959499
ISIC_0065322,-0.38793844,8.782342
ISIC_0065323,-0.46135613,8.486895
ISIC_0065325,-5.1965394,9.244817
ISIC_0065328,-4.5030966,7.9925337
ISIC_0065330,-4.0419364,3.8129807
ISIC_0065331,-1.7199407,10.695711
ISIC_0065333,-2.8465421,9.8769
ISIC_0065334,-1.19197,5.0880256
ISIC_0065335,-4.624148,7.5246277
ISIC_0065337,-4.530461,6.681784
ISIC_0065341,-5.7816076,7.9535666
ISIC_0065344,-2.2037184,9.981562
ISIC_0065345,-0.6177219,5.6549845
ISIC_0065347,-2.2695165,5.0700994
ISIC_0065351,-4.353025,7.158347
ISIC_0065354,-2.9447277,9.070905
ISIC_0065355,-3.826853,8.509252
ISIC_0065357,-4.3434267,8.467708
ISIC_0065358,1.9773582,9.211434
ISIC_0065361,-3.2014458,7.677152
ISIC_0065362,-1.5768551,4.6922355
ISIC_0065363,-2.0407932,4.61396
ISIC_0065366,-2.1727583,4.5382137
ISIC_0065367,-0.4476742,8.568598
ISIC_0065370,-5.9267845,8.41635
ISIC_0065371,-4.2683578,7.9306703
ISIC_0065373,-3.7336817,4.940683
ISIC_0065376,-1.8572028,4.7836423
ISIC_0065379,-2.3304663,4.8199964
ISIC_0065382,-4.1976056,4.85797
ISIC_0065383,-3.7945383,8.273909
ISIC_0065388,-0.99203765,9.926773
ISIC_0065390,-3.293879,4.8151717
ISIC_0065392,-3.0607984,4.838103
ISIC_0065393,-6.019779,6.911503
ISIC_0065394,-6.1462374,8.185997
ISIC_0065395,0.3197191,9.130874
ISIC_0065398,-5.2748103,6.1666794
ISIC_0065399,-0.120712526,9.569373
ISIC_0065401,-1.0672033,5.9086256
ISIC_0065402,0.023635803,9.738623
ISIC_0065403,-5.2697477,6.400783
ISIC_0065404,-1.3221467,8.758481
ISIC_0065405,-1.3609278,7.0312963
ISIC_0065406,-2.979997,5.239163
ISIC_0065407,0.39187983,10.227363
ISIC_0065408,-3.4778159,5.289712
ISIC_0065415,-4.1897526,8.314734
ISIC_0065417,-1.1158118,10.079624
ISIC_0065422,-5.3277016,8.313655
ISIC_0065425,-2.1295962,7.1057043
ISIC_0065429,-5.212924,6.127128
ISIC_0065430,-2.2845752,9.862188
ISIC_0065431,0.30913538,8.885175
ISIC_0065432,-1.5257163,4.7508264
ISIC_0065434,-1.7601762,6.158582
ISIC_0065435,-3.9896536,6.754835
ISIC_0065436,-4.1008806,5.5634813
ISIC_0065437,-1.0342131,6.4883275
ISIC_0065438,-4.2494216,7.798225
ISIC_0065440,-2.9698608,4.1521425
ISIC_0065441,-4.23055,7.018836
ISIC_0065443,-3.7027557,7.655691
ISIC_0065444,-1.732502,6.2334905
ISIC_0065445,-4.978073,6.3916793
ISIC_0065446,-2.5469334,6.2086806
ISIC_0065447,0.1680302,8.645018
ISIC_0065448,-2.7275362,4.4719048
ISIC_0065449,-0.20896825,7.1179447
ISIC_0065452,-4.836492,7.113455
ISIC_0065453,-3.9829147,7.1641707
ISIC_0065457,-5.968291,6.9670086
ISIC_0065459,-2.0197778,9.846866
ISIC_0065460,-2.5490723,6.994171
ISIC_0065463,-3.326728,4.291816
ISIC_0065467,-3.6178572,4.806554
ISIC_0065470,-1.374245,4.808787
ISIC_0065472,-2.7316353,7.403575
ISIC_0065475,-2.005785,5.9333053
ISIC_0065476,-2.541649,4.6035953
ISIC_0065477,-4.51561,7.051894
ISIC_0065478,-4.509977,8.251129
ISIC_0065479,-5.4029617,6.8738284
ISIC_0065480,-4.464844,6.768938
ISIC_0065481,1.4585084,9.410219
ISIC_0065482,-1.7876476,5.863722
ISIC_0065483,-1.8467225,4.433838
ISIC_0065484,-2.6718388,3.6579583
ISIC_0065486,-2.6383483,6.4455814
ISIC_0065489,0.18756856,9.176864
ISIC_0065493,-4.9172487,5.126938
ISIC_0065495,-1.2247416,6.421356
ISIC_0065498,-3.8715708,7.6677246
ISIC_0065502,-2.03646,7.3321447
ISIC_0065504,-2.6998417,5.159476
ISIC_0065505,-4.7943144,8.605149
ISIC_0065506,-2.5393882,9.86783
ISIC_0065507,0.30159456,6.910398
ISIC_0065508,-0.9422511,5.322955
ISIC_0065509,-2.0377634,5.5867724
ISIC_0065512,-3.718741,5.6415887
ISIC_0065513,-1.5095371,7.5017643
ISIC_0065515,2.3358715,4.8409204
ISIC_0065516,-4.05618,5.824453
ISIC_0065517,-5.857793,9.1713705
ISIC_0065518,-3.7814581,8.200632
ISIC_0065519,-1.6597245,9.822685
ISIC_0065521,-1.1102959,5.286393
ISIC_0065523,-3.070357,4.6508446
ISIC_0065525,-4.2084384,6.8484955
ISIC_0065526,-6.5114512,7.1799407
ISIC_0065528,1.8997433,9.275566
ISIC_0065529,-0.3121478,6.0969734
ISIC_0065530,-0.11853205,5.894477
ISIC_0065531,-3.9407532,7.013623
ISIC_0065532,-2.418053,9.853773
ISIC_0065533,0.11002767,6.8766284
ISIC_0065534,-3.81442,8.988921
ISIC_0065535,-3.080386,6.8530455
ISIC_0065539,-4.3597126,8.313461
ISIC_0065540,0.14793828,8.085055
ISIC_0065541,-4.2439766,7.9668503
ISIC_0065542,-2.3028708,5.6173134
ISIC_0065544,-3.58981,5.352861
ISIC_0065545,-2.869003,4.9792876
ISIC_0065546,-2.216198,5.1425943
ISIC_0065548,-0.24810082,6.8224783
ISIC_0065549,-3.07777,8.444906
ISIC_0065551,0.4321164,8.558657
ISIC_0065554,0.33211872,10.223512
ISIC_0065555,-5.7446823,8.839683
ISIC_0065556,0.15896623,8.977432
ISIC_0065557,-4.691477,8.616418
ISIC_0065561,0.08474008,9.631194
ISIC_0065564,-0.83443767,6.574025
ISIC_0065565,-1.6561729,9.512733
ISIC_0065567,-0.67843086,5.3911233
ISIC_0065570,-1.9039595,7.259458
ISIC_0065571,-3.8700504,5.883125
ISIC_0065575,-0.35237402,10.091002
ISIC_0065576,0.3926456,8.872922
ISIC_0065577,-1.6449624,10.776938
ISIC_0065579,-5.4277725,7.02728
ISIC_0065582,-4.203055,6.1377873
ISIC_0065584,-2.7163613,3.5871153
ISIC_0065586,-4.5832124,9.108712
ISIC_0065587,-7.0733757,8.507003
ISIC_0065589,-2.3378084,7.3089495
ISIC_0065590,-6.3249793,7.2421546
ISIC_0065591,-2.4969938,5.980965
ISIC_0065592,-4.9140944,5.503367
ISIC_0065593,-3.8092382,6.606467
ISIC_0065594,-5.543576,6.960211
ISIC_0065596,-4.8892474,6.0299897
ISIC_0065597,-2.5311928,6.627588
ISIC_0065598,-4.285093,8.901003
ISIC_0065600,-1.6699207,5.2503605
ISIC_0065601,-7.108077,8.018844
ISIC_0065602,-2.6450818,5.494892
ISIC_0065604,-1.0722374,9.560884
ISIC_0065607,-1.4588622,6.7332335
ISIC_0065614,-5.569033,8.31245
ISIC_0065615,-1.3030704,6.298164
ISIC_0065618,-4.3215995,7.700467
ISIC_0065622,-2.9403174,4.335362
ISIC_0065627,0.016626444,7.045469
ISIC_0065628,-0.9487678,7.649424
ISIC_0065630,-6.649184,8.571793
ISIC_0065631,-4.4353056,7.370035
ISIC_0065634,-2.1287422,9.164202
ISIC_0065635,-2.3065138,5.882549
ISIC_0065636,-6.7290487,6.775146
ISIC_0065640,-5.486715,8.85351
ISIC_0065643,-5.2829227,7.287843
ISIC_0065644,-1.021822,5.8181677
ISIC_0065647,0.32807225,9.753524
ISIC_0065649,-0.5884661,6.3431387
ISIC_0065654,-2.2398794,5.308111
ISIC_0065655,-3.8286595,5.888126
ISIC_0065658,-2.5617163,7.048574
ISIC_0065660,-1.779194,9.734771
ISIC_0065662,-3.585904,9.127523
ISIC_0065664,-3.1947703,3.6726573
ISIC_0065665,-2.1597104,4.456122
ISIC_0065666,0.08496056,9.711923
ISIC_0065668,-1.6578543,7.8459253
ISIC_0065670,0.10599414,8.2419
ISIC_0065671,-1.323215,8.763341
ISIC_0065675,-6.400161,6.9239054
ISIC_0065678,-1.5068406,5.646964
ISIC_0065686,-2.7606068,10.335111
ISIC_0065687,-3.1314318,7.6383605
ISIC_0065688,-2.489737,9.549957
ISIC_0065691,-2.287062,9.247018
ISIC_0065693,-3.2650142,9.903808
ISIC_0065694,0.5609739,9.318036
ISIC_0065697,-0.9904068,4.877451
ISIC_0065698,0.5836713,6.9661603
ISIC_0065700,-6.406516,8.173936
ISIC_0065703,0.3736673,8.265186
ISIC_0065706,-3.9900966,7.0739517
ISIC_0065709,-4.100492,6.950122
ISIC_0065710,-1.7824047,5.901815
ISIC_0065714,-3.08737,4.7517505
ISIC_0065716,0.026526459,10.348827
ISIC_0065718,-7.2002487,7.624319
ISIC_0065719,-2.2598572,6.317235
ISIC_0065721,-0.15417954,9.100844
ISIC_0065724,0.17773388,9.070343
ISIC_0065725,-0.040194537,7.527977
ISIC_0065727,-5.3049984,6.551196
ISIC_0065729,-5.7495046,6.9763174
ISIC_0065732,-3.8266566,6.5783057
ISIC_0065736,-0.71799463,6.65678
ISIC_0065737,-5.835273,4.8900876
ISIC_0065739,-1.7868724,4.7304955
ISIC_0065740,-0.79753417,5.6385183
ISIC_0065741,-0.32025647,10.259475
ISIC_0065742,-4.714008,8.895188
ISIC_0065743,0.07205166,6.773783
ISIC_0065745,-0.32117662,9.756539
ISIC_0065746,-1.335663,6.268815
ISIC_0065747,-5.4482846,8.799768
ISIC_0065748,-0.24111831,9.05043
ISIC_0065751,-0.98626393,6.8074827
ISIC_0065752,-2.0853126,7.7170067
ISIC_0065753,-0.52842,6.92628
ISIC_0065757,-1.852488,6.415048
ISIC_0065758,-1.3330503,9.804472
ISIC_0065760,0.15411516,6.8183384
ISIC_0065767,-1.6199899,8.596782
ISIC_0065770,-3.544746,3.4647195
ISIC_0065771,-2.4962552,4.478705
ISIC_0065772,-1.476859,7.47229
ISIC_0065773,-3.764371,9.699312
ISIC_0065774,-2.051443,5.2461233
ISIC_0065775,-4.9814634,7.015257
ISIC_0065777,-0.15747465,7.5753784
ISIC_0065778,-0.035570115,9.583454
ISIC_0065779,-3.4530358,5.624312
ISIC_0065780,1.5285589,3.220533
ISIC_0065781,-2.308111,10.223008
ISIC_0065783,0.14704354,5.873213
ISIC_0065785,-2.1611705,5.790998
ISIC_0065786,0.10879336,8.263543
ISIC_0065787,-4.2427263,9.393629
ISIC_0065788,-2.7913475,6.879504
ISIC_0065789,-5.3923573,8.262279
ISIC_0065790,-0.6751592,7.4394107
ISIC_0065791,-3.6091065,4.64228
ISIC_0065792,-2.403482,5.8498397
ISIC_0065793,-6.9690585,8.584791
ISIC_0065794,-2.0807152,10.533999
ISIC_0065796,-4.9306455,9.09627
ISIC_0065797,-0.11526916,7.3963513
ISIC_0065799,2.4390564,4.8361554
ISIC_0065801,-0.6551378,9.076818
ISIC_0065802,-1.2039627,5.242812
ISIC_0065804,0.42815778,8.020403
ISIC_0065805,-1.5953568,4.826879
ISIC_0065806,-3.4668133,5.157951
ISIC_0065807,-0.52443,6.1503224
ISIC_0065808,-6.132715,7.545803
ISIC_0065809,-5.33907,8.794546
ISIC_0065811,-0.10025235,10.200485
ISIC_0065813,-5.2720003,6.7625923
ISIC_0065816,0.3736025,8.0553
ISIC_0065818,-4.114747,4.668092
ISIC_0065819,-5.0579906,9.011639
ISIC_0065820,-6.588536,7.4667926
ISIC_0065821,-5.427295,8.018965
ISIC_0065823,-1.9860556,6.9377728
ISIC_0065825,-2.5914612,6.8635097
ISIC_0065827,-4.4726987,6.815344
ISIC_0065828,-3.3758452,9.45645
ISIC_0065830,0.4252803,9.037669
ISIC_0065832,-2.5556457,6.6345053
ISIC_0065834,-1.1276135,9.606327
ISIC_0065835,-1.8437904,4.6083417
ISIC_0065837,-1.7390242,5.2113714
ISIC_0065838,-2.1522932,5.162559
ISIC_0065839,-5.639977,7.234431
ISIC_0065840,-5.8727174,7.341375
ISIC_0065841,-2.2009046,9.17246
ISIC_0065842,-5.171675,8.176053
ISIC_0065843,0.2964204,10.201024
ISIC_0065848,-2.4467657,8.364518
ISIC_0065849,-3.120611,7.857836
ISIC_0065851,-0.44010422,6.7712955
ISIC_0065853,-0.11338212,10.107317
ISIC_0065854,-2.412015,10.269557
ISIC_0065857,0.4333359,7.3248997
ISIC_0065858,-2.0159776,4.8052826
ISIC_0065861,-0.84262675,9.002674
ISIC_0065862,-0.32541168,6.4208694
ISIC_0065866,-3.3618293,4.863009
ISIC_0065869,0.26503414,10.212912
ISIC_0065870,-4.8782845,7.6296062
ISIC_0065871,-3.4530618,8.979364
ISIC_0065872,-5.6947904,6.355391
ISIC_0065873,-3.651301,4.840198
ISIC_0065874,-1.9454014,7.2852035
ISIC_0065876,-2.0696435,3.80812
ISIC_0065877,-3.228432,4.130863
ISIC_0065880,-4.997177,8.47924
ISIC_0065881,-4.643844,7.955876
ISIC_0065882,-5.1519523,7.9604597
ISIC_0065885,0.03133043,8.575847
ISIC_0065887,-1.5890045,9.244707
ISIC_0065888,-1.0907378,6.518249
ISIC_0065889,-4.3604217,7.8047748
ISIC_0065890,-5.869884,8.020681
ISIC_0065892,-1.8815091,5.4575186
ISIC_0065894,0.07074584,10.255081
ISIC_0065895,-0.54258174,7.3807487
ISIC_0065902,-4.081417,7.9110103
ISIC_0065904,-5.296533,7.1249733
ISIC_0065907,-5.078657,7.646872
ISIC_0065908,-4.393322,8.500752
ISIC_0065910,-0.8226544,6.9328785
ISIC_0065917,-1.0943857,10.571931
ISIC_0065918,-2.2553997,5.2258534
ISIC_0065919,-4.6811733,5.6532497
ISIC_0065920,-3.0894272,9.4629135
ISIC_0065922,-2.6535735,4.000735
ISIC_0065923,-1.4486847,4.57729
ISIC_0065925,-4.984184,9.30338
ISIC_0065927,-2.5492532,10.367581
ISIC_0065928,-3.0588622,4.0247126
ISIC_0065932,-1.2678156,5.3311715
ISIC_0065936,-2.2000277,9.45504
ISIC_0065939,0.2478432,9.067761
ISIC_0065941,-1.8528922,9.934889
ISIC_0065942,-1.9829545,7.207961
ISIC_0065943,-0.9687018,8.385487
ISIC_0065944,-1.075184,8.312012
ISIC_0065945,1.523364,9.215115
ISIC_0065948,-6.9283786,8.450686
ISIC_0065949,-3.95975,7.2092624
ISIC_0065952,-0.025079094,5.649207
ISIC_0065953,-2.9807148,9.796745
ISIC_0065955,0.03237134,5.6824555
ISIC_0065961,1.922112,5.0394373
ISIC_0065962,1.7422634,9.300816
ISIC_0065963,0.3282277,10.346073
ISIC_0065966,-0.026691392,7.591268
ISIC_0065969,-5.5350413,8.833955
ISIC_0065972,-4.764931,9.565164
ISIC_0065974,-3.0088105,4.079099
ISIC_0065981,-4.571902,9.42996
ISIC_0065982,-2.7384496,10.513651
ISIC_0065986,-4.0523486,8.090976
ISIC_0065987,-4.553885,8.457096
ISIC_0065990,-2.6540823,5.300462
ISIC_0065991,-2.434895,7.879456
ISIC_0065994,-1.0331949,5.802555
ISIC_0065995,-4.6548448,4.879111
ISIC_0065996,-4.790075,9.179311
ISIC_0065997,-2.2416599,4.585215
ISIC_0065999,-2.6501598,3.4996579
ISIC_0066001,-3.4038174,7.136143
ISIC_0066002,-1.2329202,9.792763
ISIC_0066004,-5.3816957,8.124877
ISIC_0066005,-4.514073,6.9057655
ISIC_0066006,-0.99539804,5.805264
ISIC_0066007,-2.156185,9.897509
ISIC_0066009,-1.6851197,7.485145
ISIC_0066010,-5.30302,8.188961
ISIC_0066011,-2.952551,6.7351146
ISIC_0066012,-5.414824,8.338038
ISIC_0066013,-2.0508728,9.368937
ISIC_0066014,-3.141657,6.5800157
ISIC_0066019,-2.6821487,5.3068295
ISIC_0066020,-0.39323974,8.445936
ISIC_0066021,-2.939865,7.6861987
ISIC_0066024,-1.8036679,9.693448
ISIC_0066028,-4.2117343,7.0005155
ISIC_0066029,1.3653325,8.812655
ISIC_0066030,-0.7430358,6.532919
ISIC_0066032,0.103006646,10.398534
ISIC_0066033,-2.1380684,5.222351
ISIC_0066034,-2.831964,6.384159
ISIC_0066036,-5.155161,7.1974435
ISIC_0066040,-6.0006757,7.3926034
ISIC_0066042,-3.7266974,4.2489247
ISIC_0066043,-4.197202,4.995664
ISIC_0066044,-5.0852637,7.390115
ISIC_0066045,-5.6657577,7.8833656
ISIC_0066047,-0.5291155,9.834242
ISIC_0066050,-2.120895,10.090369
ISIC_0066051,-0.6938748,7.7724886
ISIC_0066053,-3.8629475,8.5588045
ISIC_0066057,-1.9710224,4.9307537
ISIC_0066058,0.53118056,7.853201
ISIC_0066061,-3.111631,4.501653
ISIC_0066063,-4.5787816,6.651167
ISIC_0066065,-1.4544349,8.809348
ISIC_0066066,0.28001538,10.180715
ISIC_0066068,-4.021262,9.042833
ISIC_0066069,-5.1497874,4.506186
ISIC_0066070,-3.9793835,7.911917
ISIC_0066071,-2.2303705,7.5130663
ISIC_0066075,-1.5148538,7.9797034
ISIC_0066080,-6.11744,5.6943226
ISIC_0066082,-0.15761374,8.483144
ISIC_0066085,-6.7002754,7.1744432
ISIC_0066088,-6.4595904,8.091569
ISIC_0066090,-1.4994577,8.903925
ISIC_0066092,-2.539187,7.9000893
ISIC_0066093,0.12529542,8.9923
ISIC_0066094,-3.9296324,4.424322
ISIC_0066096,-1.5115796,9.619092
ISIC_0066098,-2.2905939,9.936537
ISIC_0066099,-2.277094,10.2360935
ISIC_0066101,0.5916914,7.4683285
ISIC_0066102,-3.3770936,4.259071
ISIC_0066106,-4.166673,6.084073
ISIC_0066107,0.433187,8.866075
ISIC_0066108,0.21730037,7.87183
ISIC_0066109,-4.554907,7.003456
ISIC_0066110,-4.9636965,9.433512
ISIC_0066111,-4.382306,7.169394
ISIC_0066112,-3.691084,4.497759
ISIC_0066113,-3.8245554,9.802228
ISIC_0066115,-5.660545,7.656261
ISIC_0066116,-5.932503,7.473409
ISIC_0066118,-1.6526808,6.876911
ISIC_0066119,-0.569916,6.4089103
ISIC_0066120,-4.147991,6.246128
ISIC_0066121,-2.698269,6.605619
ISIC_0066123,-0.34040165,8.0863695
ISIC_0066124,0.18369687,9.251811
ISIC_0066125,-3.215344,6.585099
ISIC_0066127,-0.6902881,9.612369
ISIC_0066128,-4.1095076,4.5720935
ISIC_0066129,-3.7020955,8.33353
ISIC_0066130,-4.232778,6.267902
ISIC_0066131,-0.58509356,7.4685936
ISIC_0066132,-2.0165927,7.191281
ISIC_0066136,-2.2378452,9.217336
ISIC_0066137,0.89424956,7.7587814
ISIC_0066142,-2.4134607,4.760004
ISIC_0066143,-3.053425,9.958989
ISIC_0066144,-0.039326515,7.438436
ISIC_0066146,-6.212962,7.541234
ISIC_0066151,-6.1580515,8.970989
ISIC_0066152,-6.0699153,8.211412
ISIC_0066154,-0.39802936,8.301894
ISIC_0066155,-0.115392424,9.740135
ISIC_0066158,-1.1438518,5.2002206
ISIC_0066159,0.35169268,9.328111
ISIC_0066161,-2.122205,7.528967
ISIC_0066165,-2.9070845,6.8504167
ISIC_0066167,-2.6073387,9.709842
ISIC_0066168,-2.3016696,5.440306
ISIC_0066169,-0.28230533,8.004343
ISIC_0066172,-5.160329,5.8843145
ISIC_0066180,-0.7411815,9.135034
ISIC_0066181,0.0040923893,9.66568
ISIC_0066184,-5.2453423,9.157045
ISIC_0066185,-2.5155604,4.719857
ISIC_0066186,-3.7094646,7.7697816
ISIC_0066190,-0.059789114,9.174914
ISIC_0066191,0.40057823,7.516091
ISIC_0066193,-2.8012109,4.1617694
ISIC_0066196,-6.873813,7.3740373
ISIC_0066197,-1.4847794,5.7714925
ISIC_0066200,-1.7494854,6.2233124
ISIC_0066201,-2.7400005,8.204697
ISIC_0066202,1.7216659,9.290971
ISIC_0066203,-3.2502542,5.8678684
ISIC_0066204,-2.8222394,9.799869
ISIC_0066206,1.5267978,9.484532
ISIC_0066209,-4.4868917,8.548694
ISIC_0066210,-0.16427888,9.4617405
ISIC_0066211,-3.7449906,6.7884417
ISIC_0066215,-3.3222082,6.0365696
ISIC_0066216,-4.437222,6.1200957
ISIC_0066217,-6.0755496,6.5318146
ISIC_0066218,0.11854845,10.292924
ISIC_0066221,-2.7717028,9.813767
ISIC_0066222,-4.6316586,5.616622
ISIC_0066223,-4.1831393,5.554289
ISIC_0066224,-1.5364101,5.7772336
ISIC_0066226,0.118217126,7.219822
ISIC_0066227,-0.24584746,10.433259
ISIC_0066232,-3.3167455,7.0386853
ISIC_0066233,-0.046949644,9.498663
ISIC_0066236,1.6191945,9.219707
ISIC_0066238,-3.5506663,7.2861137
ISIC_0066242,-0.7333383,10.533504
ISIC_0066244,-4.091647,7.0430393
ISIC_0066245,-5.512423,6.796434
ISIC_0066247,-1.6440487,9.891929
ISIC_0066249,-6.960969,7.297173
ISIC_0066250,0.003937518,10.226179
ISIC_0066252,-6.414133,8.000806
ISIC_0066256,-0.17700875,9.725186
ISIC_0066258,-0.71921736,9.99418
ISIC_0066259,-3.4692485,8.737068
ISIC_0066261,-4.5341926,7.973267
ISIC_0066265,-4.3592253,7.884627
ISIC_0066269,-2.7653074,5.3681974
ISIC_0066273,-4.363136,8.503795
ISIC_0066275,-0.9189971,6.6585765
ISIC_0066278,-0.8978803,6.189268
ISIC_0066279,-4.1156325,4.546462
ISIC_0066282,-2.3615339,8.819036
ISIC_0066283,-1.8196766,8.777643
ISIC_0066285,-2.2322402,5.6020656
ISIC_0066289,-6.229587,6.1195025
ISIC_0066290,-0.8508552,6.2887683
ISIC_0066292,1.7807822,9.2010565
ISIC_0066293,-2.3301942,4.0964584
ISIC_0066294,-3.9609857,7.2618117
ISIC_0066295,-6.189491,8.367353
ISIC_0066299,-5.8446836,7.244018
ISIC_0066300,-4.5308414,8.598713
ISIC_0066301,-0.64985234,5.195026
ISIC_0066303,-1.1571916,6.1330056
ISIC_0066307,-1.806437,10.82682
ISIC_0066308,0.48533165,7.712515
ISIC_0066311,-4.3371224,6.5700555
ISIC_0066312,-4.334834,7.587674
ISIC_0066313,-3.5687273,7.7917275
ISIC_0066314,-2.885007,5.271431
ISIC_0066316,-6.775398,8.158758
ISIC_0066318,-1.3122238,7.771813
ISIC_0066320,-1.5480043,10.1408825
ISIC_0066321,-4.100587,6.782042
ISIC_0066325,-1.0907223,6.1227617
ISIC_0066326,-5.368131,8.467599
ISIC_0066329,-3.2526424,9.40151
ISIC_0066331,-1.3615764,6.1952615
ISIC_0066332,0.115372136,9.807064
ISIC_0066336,-1.0404203,5.500657
ISIC_0066338,-1.227985,10.355381
ISIC_0066340,-1.2019979,7.9075394
ISIC_0066342,-2.6654675,5.6105947
ISIC_0066346,-4.793699,8.675641
ISIC_0066350,-3.4025748,4.3684506
ISIC_0066352,-1.0965428,9.664887
ISIC_0066356,-4.4434853,6.1538267
ISIC_0066357,-1.3027767,5.122484
ISIC_0066358,0.17577344,9.405983
ISIC_0066359,-1.2367377,5.897779
ISIC_0066362,-4.118974,8.134905
ISIC_0066363,-2.220406,9.218927
ISIC_0066366,-2.6460598,10.374737
ISIC_0066368,-5.6771297,5.9808064
ISIC_0066369,-5.0417747,6.947649
ISIC_0066370,-2.670295,5.4970875
ISIC_0066371,-2.6192522,10.568703
ISIC_0066374,-2.7926464,4.5385494
ISIC_0066375,-1.926267,7.5636253
ISIC_0066376,-4.7303934,5.736092
ISIC_0066377,0.36287254,10.130223
ISIC_0066378,-0.7357571,6.4781046
ISIC_0066379,-4.9319835,7.795784
ISIC_0066382,-3.486275,5.0648866
ISIC_0066384,0.11585915,9.932626
ISIC_0066387,-6.069695,7.2344904
ISIC_0066389,-0.43776578,9.205523
ISIC_0066390,0.65228385,9.7024355
ISIC_0066392,-1.9213414,9.428595
ISIC_0066393,-2.6504219,9.771341
ISIC_0066394,0.44270116,8.8059635
ISIC_0066395,-1.302546,9.384928
ISIC_0066396,-5.9546447,8.114317
ISIC_0066397,-4.473378,8.26148
ISIC_0066399,-3.316293,5.446318
ISIC_0066401,-2.3081377,5.9321485
ISIC_0066403,-2.2377279,10.133997
ISIC_0066405,-5.9647374,7.499281
ISIC_0066406,-0.03721015,7.287007
ISIC_0066411,-5.5654964,5.999652
ISIC_0066412,-1.7922901,10.141459
ISIC_0066413,-1.9458591,5.611347
ISIC_0066414,0.3908713,8.528373
ISIC_0066415,-4.6554,6.9386177
ISIC_0066416,0.03520075,10.571407
ISIC_0066419,1.6170899,9.410308
ISIC_0066420,-5.985096,8.144946
ISIC_0066422,0.53186154,6.9095793
ISIC_0066423,-4.2884407,6.979165
ISIC_0066426,-3.329201,4.486224
ISIC_0066427,-4.0652685,7.2298594
ISIC_0066428,-0.7145112,9.598425
ISIC_0066430,-2.4067683,4.996464
ISIC_0066431,-0.054056384,8.759402
ISIC_0066434,-5.0502434,7.6117
ISIC_0066440,-6.1184006,9.15866
ISIC_0066441,-2.77964,4.0823927
ISIC_0066442,-0.16388021,9.2232895
ISIC_0066443,-5.891482,6.8221116
ISIC_0066444,-0.48138416,6.9223113
ISIC_0066448,-1.5051683,9.558343
ISIC_0066449,0.43697655,7.044105
ISIC_0066450,-0.8603375,6.487553
ISIC_0066452,-0.002558674,8.767732
ISIC_0066453,-3.4031723,8.269717
ISIC_0066455,-4.7164392,8.109103
ISIC_0066456,-2.1064541,9.991141
ISIC_0066457,2.3850446,3.9245923
ISIC_0066459,-4.6334167,7.442989
ISIC_0066460,-0.6137569,10.007759
ISIC_0066462,-2.8450546,4.9567137
ISIC_0066464,-2.3256319,4.456304
ISIC_0066467,-2.7244313,7.6842256
ISIC_0066469,-2.4833481,7.8657703
ISIC_0066470,-5.7839065,9.049271
ISIC_0066472,-0.94496906,5.9250736
ISIC_0066473,-0.3012141,5.249839
ISIC_0066475,-4.787786,9.172052
ISIC_0066476,-0.31646287,10.130626
ISIC_0066478,0.24956672,9.102725
ISIC_0066479,-4.520397,5.1782036
ISIC_0066481,-0.51675737,9.677957
ISIC_0066482,0.34720033,10.211564
ISIC_0066483,-2.5029817,6.800537
ISIC_0066484,-0.40547454,8.726022
ISIC_0066486,-0.22559033,9.031286
ISIC_0066487,-2.0091178,9.166739
ISIC_0066488,-2.7514942,10.4069395
ISIC_0066489,-2.4512553,6.2777395
ISIC_0066491,-0.55012983,9.5353365
ISIC_0066492,-4.0556927,8.921044
ISIC_0066493,-1.8437842,5.8196774
ISIC_0066495,-1.8214158,6.6462526
ISIC_0066497,-3.1967695,4.6819353
ISIC_0066499,-0.69387263,10.377543
ISIC_0066500,-3.8881671,6.171571
ISIC_0066501,-4.933273,6.808302
ISIC_0066503,-5.356787,7.894873
ISIC_0066505,-5.839275,6.7697053
ISIC_0066506,0.45390978,9.708193
ISIC_0066507,0.22964291,9.552078
ISIC_0066508,-2.6096122,5.3254547
ISIC_0066509,-1.4811119,4.732959
ISIC_0066510,1.6168654,9.204232
ISIC_0066512,-2.6212301,4.7989187
ISIC_0066513,-1.3432784,4.745138
ISIC_0066515,-3.4838336,3.7209482
ISIC_0066516,0.16606377,6.5802565
ISIC_0066517,-1.8755693,5.085035
ISIC_0066518,-4.898916,8.640775
ISIC_0066519,0.57272106,9.759201
ISIC_0066520,-1.6677083,5.3456793
ISIC_0066521,-1.9862695,5.7894754
ISIC_0066522,-1.0858071,6.1805763
ISIC_0066524,-6.6167583,7.753823
ISIC_0066525,0.14032096,6.762219
ISIC_0066528,-4.2603507,8.1647215
ISIC_0066529,-5.765819,7.237092
ISIC_0066531,-4.476141,8.461928
ISIC_0066532,-2.1740875,6.1589975
ISIC_0066533,-3.249008,4.994204
ISIC_0066534,-1.283134,9.600752
ISIC_0066535,-0.73255605,8.814494
ISIC_0066538,-1.2861067,9.340093
ISIC_0066539,-4.11289,5.9442835
ISIC_0066540,-0.27647713,7.6850843
ISIC_0066541,-3.9323003,7.4432254
ISIC_0066542,-3.191809,5.401295
ISIC_0066547,-0.99871486,7.0937276
ISIC_0066549,-2.8071508,7.738789
ISIC_0066555,-3.2846944,6.297654
ISIC_0066557,-3.0535119,9.880852
ISIC_0066560,-0.8033407,6.494549
ISIC_0066561,-1.1597732,7.484032
ISIC_0066562,-4.3840785,8.734542
ISIC_0066563,-0.032314308,9.496778
ISIC_0066564,-1.9274967,6.923334
ISIC_0066566,-0.8917106,6.4006367
ISIC_0066567,-5.1598277,6.1114616
ISIC_0066568,0.0325122,9.812937
ISIC_0066570,1.519569,9.504699
ISIC_0066572,-2.7918587,8.740128
ISIC_0066574,-4.868418,6.7686887
ISIC_0066575,-0.38256854,10.159715
ISIC_0066580,-4.257052,7.651783
ISIC_0066583,-2.1511285,9.746855
ISIC_0066585,0.16281596,10.268444
ISIC_0066587,-3.1829424,6.029013
ISIC_0066588,-1.7271742,10.15347
ISIC_0066589,0.27752358,9.756107
ISIC_0066592,-3.0411139,8.256448
ISIC_0066593,-1.3659375,8.025373
ISIC_0066594,-2.6155047,7.668325
ISIC_0066597,-0.068963856,10.251925
ISIC_0066598,-3.1276855,3.9743721
ISIC_0066603,-2.7101398,6.0061545
ISIC_0066604,-6.426441,7.72415
ISIC_0066607,-5.1353683,7.9392476
ISIC_0066608,0.060280353,9.648843
ISIC_0066609,0.17133717,9.352086
ISIC_0066612,-5.7411256,8.691071
ISIC_0066613,-1.0665215,8.864881
ISIC_0066614,-0.3178854,5.2671614
ISIC_0066617,-1.0612687,7.851487
ISIC_0066621,-2.0615265,9.664323
ISIC_0066625,-2.3084571,3.2820158
ISIC_0066626,-2.674634,9.790317
ISIC_0066627,-3.3257422,5.522755
ISIC_0066629,0.6414752,7.4471254
ISIC_0066630,-1.2029179,4.559222
ISIC_0066631,-2.9558802,3.7241347
ISIC_0066633,-4.0378666,4.400083
ISIC_0066634,-1.4063327,6.9552774
ISIC_0066636,-2.5548244,4.9945
ISIC_0066637,-4.6747236,6.8814144
ISIC_0066641,-6.074348,8.253133
ISIC_0066646,-5.1961894,7.4094534
ISIC_0066648,-2.0763578,5.158998
ISIC_0066649,-0.3904575,7.8311524
ISIC_0066650,-4.4838085,6.5491943
ISIC_0066653,-7.2472477,8.26788
ISIC_0066654,-4.6724005,7.49102
ISIC_0066655,-0.606079,8.414302
ISIC_0066657,0.04061047,7.471798
ISIC_0066662,0.3906855,7.115065
ISIC_0066664,-0.33925802,7.006768
ISIC_0066668,-4.431646,7.4483457
ISIC_0066671,-2.2925065,5.0165057
ISIC_0066672,-5.1423144,8.357867
ISIC_0066673,0.45133883,10.329183
ISIC_0066674,-2.2154438,4.9496593
ISIC_0066678,-5.2996454,6.8225694
ISIC_0066679,-4.837916,8.545632
ISIC_0066682,-0.6612316,6.366362
ISIC_0066684,0.29376143,8.44258
ISIC_0066686,-0.15232585,10.362778
ISIC_0066688,-0.37668693,7.085691
ISIC_0066690,0.41527295,7.105925
ISIC_0066693,0.41805908,9.852863
ISIC_0066694,-3.9190602,9.510319
ISIC_0066695,0.08993604,10.043142
ISIC_0066696,-3.1271253,6.0222554
ISIC_0066697,-1.1665677,6.1916523
ISIC_0066698,-1.8891934,4.8634443
ISIC_0066701,-1.8430569,9.219412
ISIC_0066702,-2.248325,6.2873116
ISIC_0066704,-5.96402,8.185601
ISIC_0066705,-0.6595795,6.9036193
ISIC_0066707,-0.88663703,6.2372055
ISIC_0066710,-1.508429,5.9073334
ISIC_0066713,-0.90381175,10.314154
ISIC_0066714,-2.5319424,5.6147223
ISIC_0066716,0.96667874,7.066534
ISIC_0066717,-2.9793196,4.1651144
ISIC_0066718,-4.547571,9.487937
ISIC_0066721,-0.96187955,7.5801306
ISIC_0066722,-3.8939445,6.08073
ISIC_0066724,-5.3973813,6.9342985
ISIC_0066727,-4.521558,8.32359
ISIC_0066728,-5.001896,7.083958
ISIC_0066733,-4.871999,6.904967
ISIC_0066735,-4.916845,8.404457
ISIC_0066736,0.25865063,9.158617
ISIC_0066738,1.7100391,9.2317
ISIC_0066742,-4.652589,8.817759
ISIC_0066744,-0.73516905,6.0388694
ISIC_0066748,-4.915633,7.5818615
ISIC_0066750,-3.3372843,6.1617947
ISIC_0066751,-0.16934781,7.677134
ISIC_0066754,-0.11303941,10.065501
ISIC_0066756,-1.602531,5.221191
ISIC_0066758,-5.2615075,5.7080135
ISIC_0066759,-1.6907454,9.676192
ISIC_0066761,-1.8725585,9.141134
ISIC_0066762,-1.380645,5.583251
ISIC_0066766,-1.6619382,4.378448
ISIC_0066767,-0.2740714,8.718859
ISIC_0066768,-5.947294,6.1451454
ISIC_0066769,-3.1934698,6.4866543
ISIC_0066773,-1.7963313,5.334507
ISIC_0066776,-1.4117402,7.8985915
ISIC_0066778,0.20623517,9.346598
ISIC_0066780,-2.4941702,9.203608
ISIC_0066781,-0.5357215,9.858067
ISIC_0066782,-1.5140927,8.361161
ISIC_0066783,-5.65454,7.8748527
ISIC_0066784,-5.4395466,6.591475
ISIC_0066786,0.44311062,9.427695
ISIC_0066787,-1.937485,4.81944
ISIC_0066792,-0.69130796,6.7737894
ISIC_0066795,-4.1873503,6.0247817
ISIC_0066797,-4.4018555,9.21884
ISIC_0066798,-1.174729,9.506223
ISIC_0066799,-5.458462,8.474162
ISIC_0066800,-3.811317,2.863788
ISIC_0066802,0.3003305,7.630435
ISIC_0066803,-1.5083388,6.1600323
ISIC_0066804,-0.6999716,10.427207
ISIC_0066805,-4.6390324,7.7019672
ISIC_0066811,0.050348658,6.551543
ISIC_0066814,-3.0147727,9.712942
ISIC_0066815,0.56346786,7.2546606
ISIC_0066816,-0.31639078,6.054522
ISIC_0066819,-1.3242437,7.2806697
ISIC_0066822,-5.4679284,7.05011
ISIC_0066823,-4.3987727,9.488636
ISIC_0066825,-2.853527,8.429777
ISIC_0066826,1.6003162,9.152674
ISIC_0066829,-1.4857721,9.694311
ISIC_0066830,-0.47077468,6.564846
ISIC_0066831,-5.205926,5.630885
ISIC_0066832,-2.7160838,4.6682115
ISIC_0066833,-5.9114637,7.4956784
ISIC_0066834,-1.6265303,6.5563946
ISIC_0066835,-2.6843662,5.9671264
ISIC_0066838,0.011909975,9.885257
ISIC_0066840,-1.2144485,5.311193
ISIC_0066841,-5.4811835,9.559729
ISIC_0066842,-3.5427828,4.901337
ISIC_0066843,-4.2350006,4.623647
ISIC_0066844,-5.210571,7.088931
ISIC_0066845,-3.7125225,5.399807
ISIC_0066848,0.10233095,8.986816
ISIC_0066850,-1.8243126,5.296177
ISIC_0066851,-5.569081,7.2591963
ISIC_0066853,-4.638832,5.9235673
ISIC_0066854,0.09628703,10.055205
ISIC_0066855,-5.5060816,5.565174
ISIC_0066856,-0.6228648,6.44822
ISIC_0066857,-1.8754601,7.6872478
ISIC_0066858,-3.6861022,7.252257
ISIC_0066859,-4.174764,9.384646
ISIC_0066860,-0.08039983,9.301734
ISIC_0066861,-0.40246695,9.681801
ISIC_0066863,-3.251413,4.2113457
ISIC_0066864,-0.88209814,6.615559
ISIC_0066865,0.05574855,7.3245444
ISIC_0066867,-1.4454446,6.3825655
ISIC_0066868,-2.885808,4.838759
ISIC_0066869,-3.9596517,3.7993045
ISIC_0066870,-4.4624286,9.052502
ISIC_0066873,-4.3929143,7.320204
ISIC_0066875,-0.50064784,5.536041
ISIC_0066876,-4.0912642,6.575289
ISIC_0066879,-2.155835,5.6191216
ISIC_0066880,-1.7631882,4.6683125
ISIC_0066881,-1.8576233,4.72139
ISIC_0066882,-3.1993082,4.50626
ISIC_0066883,-5.6244955,7.7131667
ISIC_0066885,-1.2626407,9.797117
ISIC_0066886,-1.4031427,6.994287
ISIC_0066891,-5.966053,7.8797655
ISIC_0066895,-6.069505,7.4704633
ISIC_0066898,-1.2428857,6.9822702
ISIC_0066899,-4.3943424,8.473716
ISIC_0066901,-0.95168835,5.5089235
ISIC_0066903,-1.6539211,10.874746
ISIC_0066907,-3.0647488,9.309063
ISIC_0066908,-0.06001383,9.883715
ISIC_0066909,-4.3330083,9.073037
ISIC_0066910,-0.44816467,8.547646
ISIC_0066916,-1.02014,10.020221
ISIC_0066918,-2.8541367,6.7344904
ISIC_0066919,-5.5556526,6.7854075
ISIC_0066920,-2.8894854,8.476507
ISIC_0066921,-0.10534713,6.3265877
ISIC_0066922,-2.7718165,5.91621
ISIC_0066924,-3.4439294,3.8256743
ISIC_0066925,-2.3413253,6.166638
ISIC_0066926,-2.8778813,6.480595
ISIC_0066927,-0.010924716,7.16105
ISIC_0066930,-2.4364944,9.327412
ISIC_0066931,-2.6588895,5.485564
ISIC_0066932,-2.4990902,5.8280797
ISIC_0066933,0.3337951,6.7252574
ISIC_0066934,-1.8687025,10.699144
ISIC_0066935,-1.1691166,8.145262
ISIC_0066936,-0.2835835,7.5986853
ISIC_0066937,-2.0983407,5.360521
ISIC_0066940,-1.0901494,5.8910747
ISIC_0066941,-1.708015,8.540822
ISIC_0066943,-1.1437284,9.796592
ISIC_0066945,-0.14808314,8.076369
ISIC_0066947,-2.5720007,5.499377
ISIC_0066949,-2.5495791,4.599974
ISIC_0066951,-0.14853662,7.2759037
ISIC_0066952,-1.2191554,5.1407223
ISIC_0066954,-1.3998908,10.266069
ISIC_0066957,-5.6972957,6.9682813
ISIC_0066960,-2.9620683,7.356126
ISIC_0066961,-2.6770132,6.6154695
ISIC_0066963,-3.4425294,8.109559
ISIC_0066965,-0.1370054,9.531392
ISIC_0066967,-0.23251131,10.024465
ISIC_0066968,-3.063371,6.671247
ISIC_0066969,-3.4034023,5.4283895
ISIC_0066970,-5.980816,8.603675
ISIC_0066972,0.078145854,10.232234
ISIC_0066973,0.14943261,9.404774
ISIC_0066977,-0.30766654,9.352132
ISIC_0066978,-4.9358273,8.272547
ISIC_0066979,-3.5723307,7.2053337
ISIC_0066980,-1.2647798,4.625331
ISIC_0066983,-2.0874543,5.386568
ISIC_0066985,-2.4911673,9.878267
ISIC_0066990,0.056359507,10.095779
ISIC_0066994,0.29741916,6.416851
ISIC_0066997,-0.39472583,10.10217
ISIC_0066998,-1.5522652,10.7167425
ISIC_0066999,-2.1276438,6.055983
ISIC_0067000,-1.6957912,7.1322927
ISIC_0067002,-3.6165698,5.55277
ISIC_0067005,-0.4652145,9.418227
ISIC_0067008,-2.943131,5.913688
ISIC_0067009,-3.983823,7.356877
ISIC_0067011,-2.6122217,9.721432
ISIC_0067015,-4.03877,4.568
ISIC_0067020,0.049788497,9.600225
ISIC_0067021,-0.04798578,10.406985
ISIC_0067023,-1.7594211,10.721183
ISIC_0067024,-4.7438107,4.53353
ISIC_0067025,-0.5186078,7.2856197
ISIC_0067026,-3.5828571,5.199022
ISIC_0067033,-3.812944,6.4234853
ISIC_0067038,0.6552129,10.10002
ISIC_0067039,-2.097082,5.0575185
ISIC_0067041,-2.4549172,4.9407096
ISIC_0067042,0.18042137,9.881547
ISIC_0067044,-0.030175455,8.459933
ISIC_0067046,-2.2402637,4.53633
ISIC_0067047,-2.5596662,4.4891806
ISIC_0067049,-2.350708,6.0166354
ISIC_0067050,-4.216306,7.039116
ISIC_0067051,-1.4034415,5.75107
ISIC_0067052,-1.3169248,4.9666257
ISIC_0067054,-6.3729453,8.339179
ISIC_0067055,-1.0565264,5.5034513
ISIC_0067056,-1.7815572,7.0755343
ISIC_0067057,-5.1813364,7.414411
ISIC_0067061,-1.0406619,6.6089272
ISIC_0067062,0.7932619,7.414128
ISIC_0067064,0.17455618,8.894859
ISIC_0067065,-2.7122328,5.185243
ISIC_0067066,-2.9631853,7.007685
ISIC_0067068,-3.2257886,8.221871
ISIC_0067069,-3.7038305,4.3512115
ISIC_0067071,-0.61962485,5.17986
ISIC_0067072,0.19188729,10.105873
ISIC_0067073,-1.7563604,10.814706
ISIC_0067074,-6.6102805,7.4114766
ISIC_0067076,-1.2363669,5.64506
ISIC_0067078,-1.7428492,7.3460135
ISIC_0067080,-2.0454679,9.292147
ISIC_0067082,-3.0364602,6.8109536
ISIC_0067083,-6.1124682,7.6411104
ISIC_0067089,-1.3073654,9.570886
ISIC_0067090,-2.431693,7.2533402
ISIC_0067091,-3.2789237,9.381024
ISIC_0067092,-2.7758956,6.3027267
ISIC_0067093,-4.121181,7.2413483
ISIC_0067094,-5.3057394,8.657731
ISIC_0067098,-3.3612485,6.477465
ISIC_0067100,-1.7515225,5.217404
ISIC_0067101,0.9469736,7.437939
ISIC_0067105,-1.2095158,4.575917
ISIC_0067110,-0.49947214,10.565115
ISIC_0067114,-5.2942233,6.7865405
ISIC_0067115,-1.5326962,4.9395
ISIC_0067120,-3.6704717,8.420334
ISIC_0067121,-6.7595315,7.1221833
ISIC_0067122,-1.4344914,4.7363443
ISIC_0067124,-4.0002556,8.888667
ISIC_0067126,-2.1265585,6.2219625
ISIC_0067129,-0.018920321,6.642332
ISIC_0067130,-4.2948594,7.81193
ISIC_0067131,-0.52606577,5.6217318
ISIC_0067134,-1.5943416,5.684163
ISIC_0067135,-2.3822396,6.4084005
ISIC_0067138,-4.252998,7.0573745
ISIC_0067140,-4.7291656,5.9929895
ISIC_0067141,-3.8780653,5.2793937
ISIC_0067146,-4.3569345,7.609476
ISIC_0067148,-1.4326702,10.514285
ISIC_0067150,-1.273116,5.1782794
ISIC_0067151,-2.2058222,4.36445
ISIC_0067153,-2.3871775,5.548247
ISIC_0067156,-4.034596,6.0326476
ISIC_0067157,-2.7964656,8.337581
ISIC_0067158,-4.6297026,9.323428
ISIC_0067159,-5.73798,5.714528
ISIC_0067160,-4.1238313,7.1832995
ISIC_0067163,-2.945814,8.327815
ISIC_0067165,-4.326595,5.77798
ISIC_0067167,-3.1563592,6.830614
ISIC_0067168,-2.7599652,9.607991
ISIC_0067171,0.60330385,9.589098
ISIC_0067172,-5.779294,5.528959
ISIC_0067173,-3.927481,4.5562334
ISIC_0067174,-1.3616602,9.367569
ISIC_0067175,-2.4789696,7.0961947
ISIC_0067176,-3.3127832,8.810351
ISIC_0067177,0.03319903,8.683899
ISIC_0067178,-4.5906672,9.222843
ISIC_0067185,-1.2842515,4.7225757
ISIC_0067186,-0.52945256,8.32956
ISIC_0067188,-2.8020425,9.565986
ISIC_0067191,-1.6413473,4.748501
ISIC_0067193,-0.9783178,5.409773
ISIC_0067194,-4.656893,4.7232575
ISIC_0067196,-4.1710057,6.789788
ISIC_0067197,-3.851852,7.132284
ISIC_0067198,-0.22630212,4.6165276
ISIC_0067200,-0.53940177,10.177186
ISIC_0067201,-3.188629,9.3333845
ISIC_0067202,-4.372894,8.311259
ISIC_0067204,-1.3835224,7.6643295
ISIC_0067206,-5.363665,5.9456854
ISIC_0067208,-2.7598193,4.4905095
ISIC_0067210,-1.7704873,9.76728
ISIC_0067211,-2.1551328,10.614536
ISIC_0067214,-3.679796,8.295006
ISIC_0067217,-4.8017063,9.445037
ISIC_0067220,-2.6922114,5.8067694
ISIC_0067222,-6.7985296,7.84621
ISIC_0067225,1.1202109,6.608285
ISIC_0067226,-4.066849,7.845682
ISIC_0067227,-5.227536,9.237704
ISIC_0067228,-2.4164748,4.5369425
ISIC_0067232,-3.3411138,9.761363
ISIC_0067233,0.32546568,7.487416
ISIC_0067234,-3.3047323,8.153451
ISIC_0067235,-6.274393,7.0344825
ISIC_0067236,-4.5205545,4.5244327
ISIC_0067237,-5.859947,8.546995
ISIC_0067240,-0.28542638,9.301185
ISIC_0067246,-4.752974,7.244086
ISIC_0067248,-0.25253367,6.49028
ISIC_0067249,-3.858875,6.502637
ISIC_0067250,-4.4150906,4.961012
ISIC_0067251,-2.3501909,6.884297
ISIC_0067252,-1.433563,10.543123
ISIC_0067253,-1.6594769,9.733753
ISIC_0067254,-4.1896496,8.621436
ISIC_0067256,-0.9894938,5.1044316
ISIC_0067257,-4.590833,4.8373995
ISIC_0067258,-1.5314289,5.8741555
ISIC_0067261,-0.9421919,10.778884
ISIC_0067262,-1.2158229,10.648668
ISIC_0067264,-0.33005723,5.620927
ISIC_0067265,-2.7989519,7.461203
ISIC_0067267,-0.47665867,6.6394305
ISIC_0067268,-2.2705438,8.502524
ISIC_0067269,0.5174096,10.253567
ISIC_0067272,-0.6567962,7.408301
ISIC_0067274,-2.7617838,4.592614
ISIC_0067276,-2.4940097,5.6483197
ISIC_0067277,-1.5750546,5.3120513
ISIC_0067278,-1.8267308,10.475817
ISIC_0067280,-0.03767507,6.582639
ISIC_0067282,-4.2150416,4.957551
ISIC_0067284,-0.20263529,9.355752
ISIC_0067286,0.34680623,7.936477
ISIC_0067291,-3.0396345,4.3427725
ISIC_0067294,-2.7354977,7.1701136
ISIC_0067295,-2.7940595,7.2437234
ISIC_0067300,-3.016361,8.1017
ISIC_0067301,-4.193086,5.0219707
ISIC_0067302,-3.161629,6.7403812
ISIC_0067303,0.12452129,10.277695
ISIC_0067304,-2.5591507,4.84103
ISIC_0067305,-0.6589773,5.440481
ISIC_0067308,0.31322747,9.353693
ISIC_0067311,-4.706803,9.435542
ISIC_0067312,-5.178987,8.339512
ISIC_0067314,-3.3278558,8.483491
ISIC_0067316,-2.1553135,4.7497473
ISIC_0067317,-2.3494856,8.983225
ISIC_0067318,-2.5735185,7.216437
ISIC_0067321,-4.6466503,5.1840825
ISIC_0067323,-1.7218237,5.189864
ISIC_0067325,-2.7105079,7.0841804
ISIC_0067327,-4.5844264,5.0691075
ISIC_0067329,-5.0515733,8.535318
ISIC_0067331,-6.3702188,7.3744545
ISIC_0067333,-1.9409944,7.3406453
ISIC_0067334,-2.5750299,9.2875395
ISIC_0067335,0.43092412,8.449603
ISIC_0067337,-2.9244604,9.969018
ISIC_0067338,-4.99469,6.981506
ISIC_0067339,-4.4524865,6.517853
ISIC_0067340,-5.469078,8.399955
ISIC_0067341,-3.3110023,7.007351
ISIC_0067342,0.08907963,9.52131
ISIC_0067344,0.026215268,9.705628
ISIC_0067345,-3.7727542,9.353617
ISIC_0067346,-3.220614,4.355162
ISIC_0067347,-0.7287745,8.297076
ISIC_0067348,-5.3186054,6.761815
ISIC_0067349,-4.5624623,8.8238325
ISIC_0067350,-4.4322267,6.8005104
ISIC_0067353,-2.235718,7.081984
ISIC_0067356,-1.2603774,9.423849
ISIC_0067357,-5.5423827,8.202551
ISIC_0067358,-4.5805216,9.462903
ISIC_0067362,-2.2899058,3.8439798
ISIC_0067364,0.105170354,8.965385
ISIC_0067365,0.104690686,6.8715315
ISIC_0067367,-3.392436,5.3045115
ISIC_0067369,-0.8766534,6.21987
ISIC_0067370,-4.343482,4.9184933
ISIC_0067371,-0.7805807,10.275448
ISIC_0067373,-3.9645314,9.049235
ISIC_0067374,-4.8338337,5.8986945
ISIC_0067375,0.30643177,10.331
ISIC_0067376,0.02060702,10.332566
ISIC_0067377,-1.1620209,9.87491
ISIC_0067378,-1.4912446,8.956555
ISIC_0067379,-4.1557775,7.5369678
ISIC_0067384,-0.39855754,10.045117
ISIC_0067385,-4.5464735,8.116684
ISIC_0067386,-3.83133,7.29256
ISIC_0067387,-1.713464,5.348914
ISIC_0067388,-0.7083736,6.5459046
ISIC_0067390,-5.05107,7.9035
ISIC_0067393,-1.957589,10.777597
ISIC_0067395,-2.6104157,4.590382
ISIC_0067397,-6.882004,8.149743
ISIC_0067398,-5.685663,7.461092
ISIC_0067400,-4.001848,2.9587348
ISIC_0067401,-1.4297446,9.665664
ISIC_0067403,-1.4689715,5.768609
ISIC_0067404,-2.4730012,4.041274
ISIC_0067405,-4.938635,4.619138
ISIC_0067408,0.10206189,8.755078
ISIC_0067409,-2.1085098,4.3252006
ISIC_0067410,-3.1898308,4.632035
ISIC_0067411,0.32245857,9.965331
ISIC_0067412,-3.4754221,5.55193
ISIC_0067414,-5.341309,9.1969
ISIC_0067417,-1.7995077,10.569837
ISIC_0067418,-1.5249392,9.824444
ISIC_0067419,-2.907365,4.5165863
ISIC_0067421,-2.8520372,3.8334155
ISIC_0067423,-1.0387704,6.6372013
ISIC_0067424,-1.2438964,9.532206
ISIC_0067427,-0.85242575,8.029551
ISIC_0067428,-6.6660647,7.234117
ISIC_0067429,-1.985029,7.5939865
ISIC_0067430,-2.3431456,5.087046
ISIC_0067431,-5.245902,7.3337007
ISIC_0067432,0.19609736,7.9713144
ISIC_0067433,-1.7466222,10.106607
ISIC_0067436,-2.283451,5.319799
ISIC_0067438,-3.7262778,6.488031
ISIC_0067439,-1.01383,5.8085437
ISIC_0067442,-4.7574387,7.1749115
ISIC_0067443,-4.767178,8.960931
ISIC_0067444,-4.713553,6.101841
ISIC_0067445,-4.4839993,5.31935
ISIC_0067447,-2.1360285,5.4818463
ISIC_0067448,-4.3044925,4.8774567
ISIC_0067449,-4.0410166,8.236987
ISIC_0067450,-2.3953235,3.7905087
ISIC_0067452,-0.3743243,7.735883
ISIC_0067454,-1.1128596,5.2638736
ISIC_0067457,-4.9014907,8.410175
ISIC_0067458,-3.0747514,10.23977
ISIC_0067460,0.97698677,6.5886807
ISIC_0067461,0.1855335,9.001012
ISIC_0067464,0.32198337,8.351246
ISIC_0067466,-0.59412557,9.3605
ISIC_0067467,-4.8893375,9.528524
ISIC_0067468,-0.5433155,10.120408
ISIC_0067470,-4.376839,8.215443
ISIC_0067474,-3.4163666,5.8879533
ISIC_0067478,-5.858246,7.3800116
ISIC_0067479,-3.8014183,4.716411
ISIC_0067480,-1.2483051,9.3667555
ISIC_0067481,-1.4025941,4.8241086
ISIC_0067485,-3.6447237,6.222988
ISIC_0067488,-3.4693356,4.2726164
ISIC_0067489,-2.4170702,4.8050213
ISIC_0067490,0.20740771,8.977803
ISIC_0067492,-1.8449043,5.753707
ISIC_0067493,-2.5959704,6.165583
ISIC_0067494,-5.629762,6.807182
ISIC_0067495,-3.805735,6.355592
ISIC_0067497,1.8589104,9.285908
ISIC_0067498,-6.3020134,8.107967
ISIC_0067499,0.01886799,8.851596
ISIC_0067502,-6.052749,8.348941
ISIC_0067503,-0.584289,6.1285725
ISIC_0067504,-3.5952702,5.544575
ISIC_0067508,-3.2821605,4.1842647
ISIC_0067510,-0.7895129,6.6569333
ISIC_0067511,-6.36488,6.629782
ISIC_0067513,-3.212493,5.501717
ISIC_0067514,-4.1005216,7.094136
ISIC_0067515,-0.6167784,6.572682
ISIC_0067517,-4.5045967,9.599382
ISIC_0067518,-3.610911,5.114104
ISIC_0067521,-4.8984275,6.834026
ISIC_0067527,-0.23754732,7.4344034
ISIC_0067529,-0.05908589,9.346336
ISIC_0067531,1.6440233,9.402934
ISIC_0067532,-1.0322301,6.842437
ISIC_0067533,-0.16292943,5.5205617
ISIC_0067534,-4.0937157,7.451513
ISIC_0067536,-3.1630442,5.613357
ISIC_0067538,-1.2770977,6.66155
ISIC_0067541,1.8952999,5.40515
ISIC_0067543,-0.10219396,5.6436543
ISIC_0067544,-1.0091777,6.660463
ISIC_0067546,-3.9957175,6.3293695
ISIC_0067549,-5.8940234,8.559152
ISIC_0067551,0.2922207,9.332136
ISIC_0067553,-3.8576288,4.491701
ISIC_0067554,0.054493308,5.8214283
ISIC_0067562,-4.389621,6.086867
ISIC_0067564,-4.45224,4.947184
ISIC_0067565,-2.6205935,9.344186
ISIC_0067566,-4.2346587,6.2636647
ISIC_0067569,-6.309289,7.711314
ISIC_0067570,-1.4304402,10.49264
ISIC_0067576,0.17184278,6.7625103
ISIC_0067577,-2.8385808,10.376172
ISIC_0067578,-4.890099,6.6827803
ISIC_0067581,-0.7558315,8.369682
ISIC_0067584,-2.3328602,6.9747224
ISIC_0067586,-5.33757,6.145992
ISIC_0067587,0.14964455,8.887023
ISIC_0067588,-1.3350947,10.746766
ISIC_0067590,-2.5844305,9.929868
ISIC_0067591,-1.4167982,6.064907
ISIC_0067592,-1.5280628,9.176538
ISIC_0067594,-0.0068035186,9.533618
ISIC_0067598,-4.484388,6.666763
ISIC_0067600,-0.52292466,6.776438
ISIC_0067601,-1.8285024,7.123445
ISIC_0067602,-2.5791965,10.214178
ISIC_0067603,-5.8368015,7.7844834
ISIC_0067604,-2.0217652,5.0330033
ISIC_0067605,-2.1368113,6.213964
ISIC_0067607,-3.855526,5.844976
ISIC_0067608,-1.4231362,6.8664365
ISIC_0067612,-4.26502,5.769311
ISIC_0067618,-1.8163921,9.926282
ISIC_0067619,1.1132032,6.5291243
ISIC_0067620,-4.017923,7.370115
ISIC_0067623,-1.5524396,5.018621
ISIC_0067624,-5.5460443,9.007124
ISIC_0067625,0.42945346,10.003714
ISIC_0067626,-2.8092957,6.2670007
ISIC_0067629,-3.4262109,4.337375
ISIC_0067630,-0.47976694,7.4324937
ISIC_0067631,-4.052866,6.818852
ISIC_0067632,-0.94366086,9.890231
ISIC_0067633,-1.0985203,5.874693
ISIC_0067634,-1.3005679,10.37437
ISIC_0067635,-1.3577477,7.4069886
ISIC_0067636,-1.6962916,4.2453394
ISIC_0067638,-2.995673,6.297264
ISIC_0067643,-0.5012954,7.778722
ISIC_0067644,-0.59372336,6.3198476
ISIC_0067646,-2.1989217,4.930166
ISIC_0067647,-0.9768541,4.915591
ISIC_0067648,-4.3666825,4.841508
ISIC_0067652,-2.3832853,5.4612684
ISIC_0067653,-1.9757485,4.8849955
ISIC_0067655,-2.8408508,5.640803
ISIC_0067656,-4.110336,6.1033483
ISIC_0067657,-1.5348244,5.9556413
ISIC_0067658,-2.0981581,9.581139
ISIC_0067660,-1.2019253,10.217707
ISIC_0067661,-2.599483,9.806952
ISIC_0067662,-7.274954,8.066768
ISIC_0067663,-2.4172328,4.09088
ISIC_0067665,-4.670095,8.295827
ISIC_0067667,-0.442122,5.8672595
ISIC_0067670,-2.058118,5.025115
ISIC_0067671,-2.1641867,9.158364
ISIC_0067674,-2.459822,9.468952
ISIC_0067677,-0.5662009,8.395666
ISIC_0067679,-4.382797,8.275897
ISIC_0067682,-2.012693,9.398048
ISIC_0067683,-3.730723,6.444534
ISIC_0067685,-2.2421296,4.788919
ISIC_0067689,-3.8124754,5.7798924
ISIC_0067691,-4.1823573,7.2860427
ISIC_0067693,-0.46289045,8.48856
ISIC_0067695,-6.1368327,5.7206583
ISIC_0067696,-1.4424839,6.830093
ISIC_0067697,-3.8923173,6.7352104
ISIC_0067698,-3.1019762,7.8357096
ISIC_0067700,-5.6815896,4.418867
ISIC_0067704,-1.6518859,10.331905
ISIC_0067705,-4.3791947,4.266358
ISIC_0067706,0.18989903,9.243046
ISIC_0067707,0.04496806,9.2314205
ISIC_0067708,-0.5037134,10.187844
ISIC_0067709,-1.6168354,5.5113797
ISIC_0067710,-6.462543,7.8620753
ISIC_0067711,-1.0462476,7.0215096
ISIC_0067712,-2.897663,3.960669
ISIC_0067715,-4.427019,8.476543
ISIC_0067716,-2.4779217,10.459457
ISIC_0067719,-1.5890336,6.173613
ISIC_0067722,-0.41726834,8.979216
ISIC_0067723,-0.5632081,5.16572
ISIC_0067725,0.14219455,10.0539
ISIC_0067727,-3.6427135,6.685534
ISIC_0067728,-2.4449153,4.6647067
ISIC_0067730,-2.374736,9.2834635
ISIC_0067731,-2.1921802,4.639219
ISIC_0067733,-1.6975214,9.267475
ISIC_0067734,-3.3283138,7.531653
ISIC_0067736,-3.6150222,4.382714
ISIC_0067739,-0.66730255,8.077316
ISIC_0067740,-1.5263416,6.5455875
ISIC_0067743,-4.4283524,6.668936
ISIC_0067745,-4.454156,7.8685284
ISIC_0067747,-5.5101905,7.2334485
ISIC_0067750,-4.385386,4.585992
ISIC_0067753,-4.546095,7.240943
ISIC_0067754,-2.1407406,7.1239557
ISIC_0067755,-2.7762537,6.8291373
ISIC_0067756,0.6473822,9.981558
ISIC_0067757,-3.6131163,4.7536616
ISIC_0067758,-3.6014214,4.2168603
ISIC_0067759,-2.1337001,9.816517
ISIC_0067760,-6.1232014,8.948705
ISIC_0067762,-2.182468,9.253459
ISIC_0067765,2.3582017,5.029742
ISIC_0067766,-1.4321146,5.569669
ISIC_0067770,-4.0773964,7.47006
ISIC_0067771,-5.7073374,8.029566
ISIC_0067773,-5.8060575,9.049022
ISIC_0067774,-0.8537556,9.060592
ISIC_0067775,-5.753815,8.879558
ISIC_0067776,0.6980911,9.670102
ISIC_0067778,-1.4608396,9.629468
ISIC_0067782,-2.2213457,6.2848954
ISIC_0067783,-0.36180708,7.271497
ISIC_0067787,-1.6116128,4.8394423
ISIC_0067789,-2.9428828,5.0039787
ISIC_0067790,-3.2710218,5.871502
ISIC_0067794,-6.4272695,7.5160966
ISIC_0067796,-4.717048,8.495207
ISIC_0067797,-1.8079584,10.675307
ISIC_0067798,-2.5147388,4.4502416
ISIC_0067800,-1.0116562,8.651286
ISIC_0067803,-0.8183719,6.3560534
ISIC_0067804,-2.002775,7.1549606
ISIC_0067805,-3.794571,3.8844852
ISIC_0067808,0.45811388,9.386407
ISIC_0067810,-4.2754326,7.161488
ISIC_0067811,-4.419036,4.55254
ISIC_0067812,-1.9944571,4.061839
ISIC_0067816,-0.34247994,8.545036
ISIC_0067818,-4.7340455,6.8910837
ISIC_0067819,-1.1961298,6.210446
ISIC_0067821,-5.0424957,6.637457
ISIC_0067822,-2.3587708,6.7948804
ISIC_0067823,-1.5198816,9.91576
ISIC_0067824,0.3447381,9.007319
ISIC_0067825,-0.18196602,9.005111
ISIC_0067826,-0.5230895,6.550215
ISIC_0067827,2.4509552,4.864235
ISIC_0067830,-2.7073927,3.3922408
ISIC_0067831,-0.6013717,9.303276
ISIC_0067833,-0.8628434,5.9489107
ISIC_0067835,-6.645243,8.181253
ISIC_0067836,0.40502095,9.301029
ISIC_0067840,-1.3380606,5.9149866
ISIC_0067841,-1.9436446,10.44997
ISIC_0067842,-3.094359,5.698663
ISIC_0067843,-0.7147758,7.680929
ISIC_0067844,-2.5118654,5.6926594
ISIC_0067845,0.44801062,9.056593
ISIC_0067847,-0.4155502,5.1070285
ISIC_0067849,-2.3454936,9.258713
ISIC_0067850,-3.3111136,7.9701586
ISIC_0067851,-4.4413724,8.989188
ISIC_0067857,-2.3349323,9.620197
ISIC_0067858,-4.9346437,7.378836
ISIC_0067859,-3.95458,3.9884193
ISIC_0067863,-1.753734,10.610317
ISIC_0067864,-4.704557,4.876798
ISIC_0067866,-4.0668373,6.160264
ISIC_0067867,-1.280459,9.801344
ISIC_0067868,-2.6204097,7.7263374
ISIC_0067869,-2.6818385,6.718431
ISIC_0067870,-4.7296915,5.6360664
ISIC_0067873,-1.5723331,5.058182
ISIC_0067874,-4.7902803,4.9573097
ISIC_0067876,-3.8466947,8.61754
ISIC_0067882,-1.5852834,5.1125674
ISIC_0067883,-1.452259,4.894413
ISIC_0067885,-3.3439543,5.1818132
ISIC_0067887,-4.782862,7.9395375
ISIC_0067889,-5.7871985,6.7349367
ISIC_0067890,-3.1965158,5.2536254
ISIC_0067891,-3.4497933,6.255255
ISIC_0067892,-2.7700157,5.7503214
ISIC_0067893,-1.8079545,5.2759857
ISIC_0067894,-1.9361472,9.6788025
ISIC_0067895,-3.1345668,6.5913143
ISIC_0067896,-1.1084682,8.776353
ISIC_0067897,-2.5619683,4.741061
ISIC_0067900,-1.5903535,10.629639
ISIC_0067902,-2.754109,8.235953
ISIC_0067904,-6.05064,6.3954744
ISIC_0067905,-5.596225,5.2790794
ISIC_0067907,-1.228487,5.9724317
ISIC_0067909,-5.571331,8.040876
ISIC_0067910,-1.7028368,7.918301
ISIC_0067912,-1.4360884,5.543694
ISIC_0067916,-4.4473014,6.5401363
ISIC_0067921,-2.2922711,6.0537124
ISIC_0067922,-2.9405549,5.9717355
ISIC_0067925,-1.4063971,5.6868854
ISIC_0067926,-6.6138144,7.004776
ISIC_0067929,-3.7600968,6.7129908
ISIC_0067933,-1.7832112,9.5334425
ISIC_0067934,0.042575713,10.148798
ISIC_0067938,-5.3054123,4.735604
ISIC_0067941,-7.0615535,7.1089306
ISIC_0067944,-3.205599,7.211365
ISIC_0067945,0.50881517,8.878426
ISIC_0067947,-3.3343112,5.3569875
ISIC_0067948,0.021620898,9.219903
ISIC_0067949,-3.832147,7.6239514
ISIC_0067951,-3.8598075,5.213526
ISIC_0067952,-3.8430483,5.25712
ISIC_0067953,-3.2810967,4.023909
ISIC_0067954,-1.3144661,4.926772
ISIC_0067955,-5.7513947,7.464576
ISIC_0067957,1.7002677,9.302751
ISIC_0067960,-0.62163925,9.701396
ISIC_0067961,-6.182289,5.9091864
ISIC_0067967,-0.46729723,6.583967
ISIC_0067968,-4.336036,6.0600915
ISIC_0067969,-5.322785,5.7022853
ISIC_0067970,-2.4259229,10.370361
ISIC_0067971,-1.0623348,5.5251393
ISIC_0067972,-4.7161107,7.322986
ISIC_0067973,-5.5489955,6.405073
ISIC_0067974,-4.2822156,5.708778
ISIC_0067975,-1.9967568,5.4355783
ISIC_0067976,-2.4336715,9.981153
ISIC_0067977,-5.1414185,5.702669
ISIC_0067979,0.50855416,9.014701
ISIC_0067980,-6.106016,8.449637
ISIC_0067982,-1.9934698,9.219635
ISIC_0067983,-3.4965186,7.765702
ISIC_0067986,-3.7750483,8.596618
ISIC_0067988,-0.39623833,6.4916673
ISIC_0067989,-1.8877012,4.8640723
ISIC_0067990,-2.4074278,5.4891467
ISIC_0067991,-3.85563,8.328945
ISIC_0067996,-2.7019794,7.197322
ISIC_0068000,-3.1761034,6.47368
ISIC_0068001,-5.2953653,6.07515
ISIC_0068003,0.9051383,6.878216
ISIC_0068007,-3.9536033,7.1148624
ISIC_0068009,-3.1063719,8.738076
ISIC_0068010,-1.0815,10.219282
ISIC_0068011,-2.1396914,4.3548913
ISIC_0068012,-3.6327696,7.048181
ISIC_0068013,-3.9150603,6.465687
ISIC_0068014,0.30522162,10.149343
ISIC_0068015,-3.8546717,7.21787
ISIC_0068017,-2.489912,7.30563
ISIC_0068019,-1.1990545,8.357481
ISIC_0068021,1.8813945,9.206146
ISIC_0068022,-3.2271745,10.138138
ISIC_0068023,0.21815924,7.023339
ISIC_0068024,-3.4022436,7.81161
ISIC_0068025,-2.6222086,7.1273603
ISIC_0068028,-2.3446186,10.291047
ISIC_0068030,-1.7181622,9.550048
ISIC_0068031,-1.0910344,7.154926
ISIC_0068032,-2.24145,9.050931
ISIC_0068033,-5.7888837,8.071132
ISIC_0068039,-5.1251855,5.787045
ISIC_0068040,-1.4826924,6.8241277
ISIC_0068041,0.25354278,9.633207
ISIC_0068042,0.2393114,10.311561
ISIC_0068043,-3.1154766,3.9388433
ISIC_0068044,0.23297088,6.804827
ISIC_0068047,-6.2070284,7.343033
ISIC_0068048,-3.589936,6.3856144
ISIC_0068052,-3.0602183,4.930834
ISIC_0068055,0.42880848,9.407226
ISIC_0068060,-2.5142057,10.205247
ISIC_0068061,-5.5839715,7.048877
ISIC_0068064,-0.73122436,9.285289
ISIC_0068065,-1.2371765,10.669358
ISIC_0068067,-0.4650348,7.06003
ISIC_0068068,-1.5409646,5.166256
ISIC_0068069,-0.03512266,6.882273
ISIC_0068072,-0.20701116,9.257364
ISIC_0068073,0.46528652,10.038722
ISIC_0068077,-4.79642,6.369068
ISIC_0068078,-2.110065,5.7885575
ISIC_0068080,0.6943633,10.021383
ISIC_0068081,-3.7838652,5.7921567
ISIC_0068082,-3.9904454,7.5690365
ISIC_0068086,-0.6132076,9.763378
ISIC_0068087,-3.082889,8.034799
ISIC_0068088,-6.1685853,7.6441975
ISIC_0068091,-5.8834057,7.9514437
ISIC_0068092,-1.3870399,4.6622305
ISIC_0068095,-1.0204669,5.718222
ISIC_0068097,-1.8362093,4.581643
ISIC_0068101,-4.010675,8.333288
ISIC_0068102,-2.8197944,7.6462636
ISIC_0068103,-2.5631797,4.151229
ISIC_0068104,-5.1555114,8.308337
ISIC_0068105,-4.5848455,7.9478574
ISIC_0068107,0.22082713,7.2287517
ISIC_0068109,-1.3927116,9.162688
ISIC_0068110,0.0061484897,7.4686937
ISIC_0068111,-2.6630175,6.0600324
ISIC_0068112,-4.427395,9.385268
ISIC_0068113,-0.8361979,6.7628226
ISIC_0068114,-0.21358712,6.8225617
ISIC_0068117,0.12251466,9.320182
ISIC_0068118,-2.677139,8.655027
ISIC_0068119,-0.17185467,10.153163
ISIC_0068121,0.23119994,6.773105
ISIC_0068126,-4.589467,5.926769
ISIC_0068128,-3.6965039,6.3097515
ISIC_0068129,0.1249738,9.876706
ISIC_0068130,-3.3517885,9.827496
ISIC_0068134,-4.3399043,7.0776877
ISIC_0068136,-0.06670649,8.412496
ISIC_0068137,-5.7744436,8.544048
ISIC_0068138,-3.9496562,9.623913
ISIC_0068140,-5.441918,8.798187
ISIC_0068141,1.7001946,9.230864
ISIC_0068142,-1.006531,5.595863
ISIC_0068143,-0.29883078,6.773305
ISIC_0068144,-5.4857583,8.802914
ISIC_0068147,-4.0585136,9.341838
ISIC_0068148,-0.04592764,8.186013
ISIC_0068149,-1.7152278,4.9159536
ISIC_0068151,-2.9741876,10.101079
ISIC_0068152,-3.4496982,6.120017
ISIC_0068153,0.12684062,7.2786446
ISIC_0068155,-4.7635098,9.387119
ISIC_0068156,-5.140091,7.148714
ISIC_0068158,-5.1338,6.7458973
ISIC_0068160,-3.6607919,9.364237
ISIC_0068161,-1.4393727,5.3258014
ISIC_0068162,0.0045944536,8.225758
ISIC_0068163,-5.8723836,7.6933293
ISIC_0068164,0.12267511,8.407013
ISIC_0068166,-1.3177955,10.44108
ISIC_0068168,-3.9187546,8.765662
ISIC_0068169,-1.8636067,5.1504645
ISIC_0068170,1.219953,7.2424693
ISIC_0068171,-4.8462,8.011611
ISIC_0068172,-5.5554676,5.2608542
ISIC_0068173,-3.0829437,8.124492
ISIC_0068174,-5.584729,9.001219
ISIC_0068177,0.058823694,9.662965
ISIC_0068178,-3.335625,7.517614
ISIC_0068179,-1.3207018,10.465618
ISIC_0068184,-2.575853,5.0116076
ISIC_0068185,-0.41214332,8.978784
ISIC_0068186,-2.4024034,9.5362835
ISIC_0068187,-2.6119585,10.054953
ISIC_0068188,-3.3768837,9.040198
ISIC_0068189,-3.925369,4.9951744
ISIC_0068193,-2.791999,10.12888
ISIC_0068194,-0.037828825,5.580207
ISIC_0068195,-4.1859107,6.6531677
ISIC_0068197,-5.788642,8.509168
ISIC_0068200,-1.9105992,7.5363054
ISIC_0068202,-3.8930058,8.704053
ISIC_0068203,-1.0212393,5.9374013
ISIC_0068204,-2.631885,9.920379
ISIC_0068206,0.25057602,9.236089
ISIC_0068208,-2.8816962,10.159371
ISIC_0068209,-2.3559425,5.0546513
ISIC_0068210,-6.339833,7.9722633
ISIC_0068211,0.22811754,6.6647587
ISIC_0068215,-5.2321167,7.680818
ISIC_0068218,-3.964118,4.327237
ISIC_0068223,-2.142318,5.54937
ISIC_0068224,-6.8747983,7.6185455
ISIC_0068225,-5.3105545,8.244099
ISIC_0068227,-3.1236472,4.7094526
ISIC_0068229,-3.0620866,3.2789676
ISIC_0068230,-4.332021,9.194881
ISIC_0068232,1.0170949,8.542979
ISIC_0068233,-3.0822322,5.798172
ISIC_0068234,-0.5705685,9.2982025
ISIC_0068235,-0.05950869,6.864735
ISIC_0068239,-1.9080458,4.0753083
ISIC_0068240,-0.7256111,4.7910357
ISIC_0068242,-1.2174231,9.243201
ISIC_0068245,-5.2790384,7.1885147
ISIC_0068246,-2.5655577,10.466613
ISIC_0068247,-2.0821793,4.998635
ISIC_0068248,-2.354668,5.889421
ISIC_0068249,-1.5059072,7.174313
ISIC_0068251,-3.5834372,5.057901
ISIC_0068252,-3.6613486,7.1673017
ISIC_0068254,-4.6785693,7.368686
ISIC_0068256,-4.9543834,7.995429
ISIC_0068260,0.54685605,9.623698
ISIC_0068261,0.17044637,9.062588
ISIC_0068263,-3.081589,8.163316
ISIC_0068264,-4.75207,6.256991
ISIC_0068265,-0.8807681,6.0246987
ISIC_0068266,-1.5690708,4.9357576
ISIC_0068268,-3.731782,6.141663
ISIC_0068269,-2.2459447,5.64906
ISIC_0068270,-4.180962,7.306062
ISIC_0068271,-0.757595,10.180946
ISIC_0068273,-0.41174644,10.074997
ISIC_0068274,-5.4329143,7.586845
ISIC_0068275,0.11160951,7.373278
ISIC_0068276,-0.89383703,6.198313
ISIC_0068282,-2.1689997,7.822736
ISIC_0068286,-4.9455876,8.814341
ISIC_0068287,1.5032312,9.4867
ISIC_0068290,-3.3468497,7.2633767
ISIC_0068291,-5.607525,7.8361635
ISIC_0068294,-1.691115,5.502813
ISIC_0068299,-0.819759,9.143073
ISIC_0068302,0.12226929,9.773673
ISIC_0068303,-1.0548887,7.4838824
ISIC_0068304,-3.2695746,8.664821
ISIC_0068305,-4.9101977,8.426934
ISIC_0068306,-0.5741066,5.458205
ISIC_0068313,-4.029516,9.513782
ISIC_0068314,1.9324224,9.237117
ISIC_0068315,-0.3063304,6.1794424
ISIC_0068316,-3.8491592,9.496813
ISIC_0068318,-4.3604374,7.5678887
ISIC_0068319,-4.3811107,5.992935
ISIC_0068321,-3.197299,5.6542497
ISIC_0068322,-1.3583453,4.906673
ISIC_0068325,0.08994867,9.741329
ISIC_0068327,-3.9157813,5.0576515
ISIC_0068328,-3.4371781,4.0907946
ISIC_0068329,-3.8238866,4.2450128
ISIC_0068330,-3.1792724,8.323737
ISIC_0068331,0.23473033,10.16323
ISIC_0068334,-0.37363446,9.163961
ISIC_0068335,-5.18814,8.92341
ISIC_0068337,-1.9440457,9.53538
ISIC_0068338,-5.442424,7.040028
ISIC_0068339,-2.4459426,3.4126384
ISIC_0068340,-4.4236374,5.3666515
ISIC_0068341,-4.7576966,6.96941
ISIC_0068343,0.49731508,6.582435
ISIC_0068344,-4.0416837,8.631746
ISIC_0068345,-1.7561939,8.686442
ISIC_0068346,-2.014283,9.168361
ISIC_0068347,0.50612736,6.729015
ISIC_0068352,-2.8367267,3.505239
ISIC_0068353,-0.6292947,10.061602
ISIC_0068355,-4.2482677,6.976448
ISIC_0068358,-1.8684853,3.622609
ISIC_0068361,-0.4601907,7.7429686
ISIC_0068364,-1.3043299,10.721557
ISIC_0068367,-3.5297637,6.051697
ISIC_0068369,-0.3389895,5.9743705
ISIC_0068370,-0.843106,6.919605
ISIC_0068372,-3.1420817,4.6898594
ISIC_0068373,-0.4358731,7.4110794
ISIC_0068374,-5.6405807,7.737032
ISIC_0068376,-2.6275115,3.5255659
ISIC_0068377,-3.5965507,8.449342
ISIC_0068380,-0.7556345,7.8606935
ISIC_0068382,-6.5733395,7.521028
ISIC_0068383,-2.8815224,4.9672437
ISIC_0068385,0.45444933,10.110551
ISIC_0068386,-6.2895827,8.151608
ISIC_0068388,-1.4904807,6.648459
ISIC_0068389,-6.0894136,9.064216
ISIC_0068390,-0.89514035,8.118749
ISIC_0068391,-2.0464947,10.74765
ISIC_0068392,-1.1920202,8.946506
ISIC_0068393,0.22889456,10.117182
ISIC_0068395,-0.4793121,8.554343
ISIC_0068396,0.28601936,8.744632
ISIC_0068397,-3.9925935,5.9143023
ISIC_0068398,-0.8181582,6.7317677
ISIC_0068400,-0.75189453,6.377809
ISIC_0068402,-1.9226093,6.3092785
ISIC_0068403,-2.9816284,4.507077
ISIC_0068407,-2.184115,5.4861794
ISIC_0068408,-5.1128564,8.152829
ISIC_0068409,-4.1880183,7.0789914
ISIC_0068411,-3.000546,4.750331
ISIC_0068414,-4.868417,6.2962747
ISIC_0068415,-3.1508667,3.9552395
ISIC_0068419,-0.067939006,8.118365
ISIC_0068422,-2.7793698,6.3148785
ISIC_0068423,-3.5095778,7.8780184
ISIC_0068426,-4.804927,8.478815
ISIC_0068427,-1.3028263,5.5349317
ISIC_0068429,-4.189484,9.201132
ISIC_0068430,-3.7779903,5.040731
ISIC_0068432,-3.9630067,7.573773
ISIC_0068434,-3.3692164,4.795783
ISIC_0068438,-0.6573707,9.11141
ISIC_0068440,-4.9709244,8.250344
ISIC_0068445,-1.8231915,7.4916887
ISIC_0068446,-5.0656977,8.596536
ISIC_0068447,-5.032744,6.392515
ISIC_0068448,-3.8552198,8.86339
ISIC_0068450,-0.27148712,9.998724
ISIC_0068452,-2.9321172,10.514254
ISIC_0068453,-4.30932,6.351118
ISIC_0068454,-2.807452,5.9366784
ISIC_0068457,-3.25016,5.8881187
ISIC_0068458,0.32740867,8.029546
ISIC_0068459,-0.6219356,5.736562
ISIC_0068460,-3.4650214,5.693282
ISIC_0068461,-3.5472133,9.074167
ISIC_0068462,-3.8439286,5.9783206
ISIC_0068463,0.5538546,9.5701885
ISIC_0068464,-4.5355124,9.43722
ISIC_0068465,-4.9028273,7.7434764
ISIC_0068466,-4.6554775,6.0253096
ISIC_0068468,-4.106102,6.1933413
ISIC_0068473,-4.8397865,5.698488
ISIC_0068475,-2.2146327,5.0920944
ISIC_0068476,-3.063555,9.851707
ISIC_0068479,0.37388408,9.626435
ISIC_0068480,1.8601989,9.285469
ISIC_0068481,-2.872298,6.1553693
ISIC_0068482,1.82169,9.245462
ISIC_0068485,-2.168514,5.574346
ISIC_0068486,-0.869004,6.299615
ISIC_0068487,-4.9494905,6.6631794
ISIC_0068488,-0.92715025,8.086671
ISIC_0068489,-3.0501254,10.000541
ISIC_0068494,-5.5740724,8.360946
ISIC_0068498,-1.6672319,5.5686193
ISIC_0068499,-4.8085823,7.8357687
ISIC_0068503,-0.5228603,5.759032
ISIC_0068505,-0.25189236,9.504752
ISIC_0068507,-1.5565083,5.0665236
ISIC_0068508,0.2680563,9.168596
ISIC_0068510,-3.7461736,4.5916095
ISIC_0068513,-3.5105484,7.0626845
ISIC_0068517,-2.6386216,6.4631147
ISIC_0068521,-1.6331495,7.2326326
ISIC_0068522,-1.0768712,6.830613
ISIC_0068523,-4.0367527,8.356834
ISIC_0068524,0.39224228,9.736108
ISIC_0068525,-4.1780157,6.654876
ISIC_0068527,-1.6066865,5.6911917
ISIC_0068528,-5.4623914,7.271291
ISIC_0068529,-0.9606298,5.3659763
ISIC_0068531,-2.0175886,10.821849
ISIC_0068536,-1.5830898,5.5994587
ISIC_0068537,-2.0214179,8.357061
ISIC_0068538,-3.7200654,6.807704
ISIC_0068539,-4.4843593,8.738695
ISIC_0068540,-3.282243,5.5828447
ISIC_0068543,-5.218681,7.702123
ISIC_0068544,-6.2313223,8.053964
ISIC_0068546,-0.6519505,9.020271
ISIC_0068547,-2.365457,4.3368907
ISIC_0068550,-3.935206,7.908068
ISIC_0068552,-5.3821363,5.3272967
ISIC_0068555,-2.0123096,5.4613614
ISIC_0068556,-0.78661567,5.4399366
ISIC_0068559,-0.6887751,10.069282
ISIC_0068560,-5.7963886,6.6888795
ISIC_0068562,1.7460066,9.213818
ISIC_0068563,-2.372151,4.300221
ISIC_0068566,-6.237794,7.217343
ISIC_0068567,-5.1120057,6.07954
ISIC_0068569,-2.6346433,4.1492057
ISIC_0068570,-2.0970516,6.9606366
ISIC_0068571,0.46522236,7.4111123
ISIC_0068572,-1.9927335,9.074296
ISIC_0068575,-3.4996157,4.410123
ISIC_0068576,-6.7194886,8.53229
ISIC_0068578,-0.9742484,9.978883
ISIC_0068581,-4.253982,4.4116116
ISIC_0068582,0.04696873,8.006623
ISIC_0068583,-4.786702,7.6525745
ISIC_0068584,0.768983,9.676663
ISIC_0068585,-1.3222244,9.625836
ISIC_0068586,-4.5351515,5.1148934
ISIC_0068587,-4.9522038,9.476581
ISIC_0068589,-2.1810138,7.3294616
ISIC_0068590,-0.33705455,6.094679
ISIC_0068594,-6.0636735,8.35118
ISIC_0068595,-1.7714112,10.844945
ISIC_0068597,-1.8178791,4.809607
ISIC_0068598,-1.8367144,5.9619217
ISIC_0068600,-2.37346,4.8709097
ISIC_0068602,-6.4661164,7.9407473
ISIC_0068603,-1.4931608,4.9436684
ISIC_0068604,-2.723652,3.7172096
ISIC_0068607,0.26646066,8.114719
ISIC_0068609,0.5428308,8.431416
ISIC_0068610,-4.818288,6.933228
ISIC_0068613,-0.14915265,10.252222
ISIC_0068614,-0.4240886,8.601722
ISIC_0068615,0.32185787,10.185952
ISIC_0068616,0.57780033,8.0472
ISIC_0068617,-3.397161,8.0958805
ISIC_0068618,-1.7026904,6.1272964
ISIC_0068619,-2.7208536,4.1603746
ISIC_0068620,-0.011961331,10.5010605
ISIC_0068623,-2.1981049,10.02885
ISIC_0068625,-2.892714,10.461909
ISIC_0068627,-0.21323624,8.695023
ISIC_0068628,4.2257223,1.4464872
ISIC_0068629,-0.44932273,9.299761
ISIC_0068630,-4.3239985,9.025282
ISIC_0068632,0.4752914,8.724815
ISIC_0068633,-1.3983319,9.7204
ISIC_0068634,-5.425297,9.382481
ISIC_0068635,-3.476203,6.1153536
ISIC_0068636,-1.8178157,6.1322784
ISIC_0068638,-2.2747605,4.247464
ISIC_0068639,-1.4148066,5.0144176
ISIC_0068644,-1.1903625,7.4393444
ISIC_0068647,-0.03807735,6.911285
ISIC_0068648,-3.4704874,8.7121525
ISIC_0068650,-1.6708205,5.162698
ISIC_0068651,-2.6284466,9.674402
ISIC_0068652,-3.4998152,8.616068
ISIC_0068653,-1.3425695,7.478942
ISIC_0068654,-4.1228237,6.331916
ISIC_0068655,-2.16923,5.7069755
ISIC_0068656,-4.2160916,8.983761
ISIC_0068657,-5.307662,9.3767185
ISIC_0068659,-3.2949893,5.4345994
ISIC_0068660,-0.70286757,5.807758
ISIC_0068664,0.17753814,10.031007
ISIC_0068666,-0.8667618,5.183587
ISIC_0068667,-1.6602849,5.1565266
ISIC_0068669,-3.275649,8.375248
ISIC_0068672,-4.5935593,6.6397114
ISIC_0068674,-2.8964634,7.188913
ISIC_0068675,-3.7927322,8.126279
ISIC_0068676,-1.8646135,4.929603
ISIC_0068678,-0.820833,10.337384
ISIC_0068681,-0.9093116,5.836066
ISIC_0068682,-5.4557533,5.783684
ISIC_0068684,-7.0356493,8.598734
ISIC_0068687,-1.516982,4.863591
ISIC_0068688,-4.7708344,9.380494
ISIC_0068690,0.06811983,10.576438
ISIC_0068691,-2.8442214,6.0679464
ISIC_0068693,-5.565524,6.9961348
ISIC_0068694,-0.7794366,8.863011
ISIC_0068697,0.14128229,9.806681
ISIC_0068698,-1.3127347,9.06494
ISIC_0068700,-6.8500533,7.5885205
ISIC_0068703,-5.1290164,5.836988
ISIC_0068707,1.8423511,9.349289
ISIC_0068709,-6.080022,8.385684
ISIC_0068710,-3.560724,6.429805
ISIC_0068711,-1.2586309,9.701031
ISIC_0068712,-4.393165,8.580612
ISIC_0068714,-6.5491357,8.649274
ISIC_0068715,-0.9705756,6.492894
ISIC_0068716,-1.1882257,6.411649
ISIC_0068717,0.4505,10.249811
ISIC_0068718,-4.6705914,6.8345227
ISIC_0068721,-3.3902705,6.6244636
ISIC_0068722,0.14166509,8.563565
ISIC_0068724,-0.7100501,10.695835
ISIC_0068727,-1.5033801,5.3084917
ISIC_0068729,-1.5448513,4.8691645
ISIC_0068730,0.40535203,9.460186
ISIC_0068740,-5.4467406,6.0854206
ISIC_0068741,-0.42148197,9.753239
ISIC_0068742,-4.474463,6.7940235
ISIC_0068744,-3.9876637,4.4103804
ISIC_0068746,-1.8215439,9.705503
ISIC_0068747,-3.7616935,5.909519
ISIC_0068748,-2.2832758,5.371875
ISIC_0068750,-4.8040304,9.305581
ISIC_0068751,-0.11236288,7.184512
ISIC_0068752,-3.053329,9.622851
ISIC_0068756,-0.92105246,6.32824
ISIC_0068758,-2.4025733,9.42001
ISIC_0068759,-0.6041588,9.419953
ISIC_0068760,-3.0916998,4.9326305
ISIC_0068761,-3.4056659,4.0960546
ISIC_0068764,-3.581348,5.725956
ISIC_0068765,-5.560492,9.039165
ISIC_0068766,-0.80955833,7.719473
ISIC_0068767,-5.5085416,7.118136
ISIC_0068771,-0.34110507,9.70265
ISIC_0068772,-5.070774,8.313284
ISIC_0068776,-2.0911784,10.269234
ISIC_0068777,-0.23227558,5.5075436
ISIC_0068778,-2.4017813,6.259904
ISIC_0068779,-2.8317087,6.2601275
ISIC_0068783,-3.5073092,6.305652
ISIC_0068784,-5.264961,9.373095
ISIC_0068788,-6.0685863,8.090523
ISIC_0068790,-2.4092093,4.311771
ISIC_0068792,-1.960177,6.98479
ISIC_0068793,-1.8162558,4.8100877
ISIC_0068794,-3.2638862,6.253139
ISIC_0068795,-1.2736647,5.7031546
ISIC_0068796,-1.7869847,5.3943644
ISIC_0068800,0.26877582,10.005826
ISIC_0068803,-1.90442,4.1600757
ISIC_0068807,-5.778167,8.205934
ISIC_0068808,-1.206159,6.427679
ISIC_0068809,-4.487824,5.7556195
ISIC_0068810,-0.9747032,6.6290627
ISIC_0068812,-1.3961602,8.783384
ISIC_0068817,-1.0531604,7.1941285
ISIC_0068818,-0.20837933,5.019679
ISIC_0068819,-1.1030476,6.092756
ISIC_0068821,2.3445146,5.161929
ISIC_0068823,-3.2615316,5.893667
ISIC_0068827,-4.3164387,9.383095
ISIC_0068832,-2.6111915,7.3848095
ISIC_0068837,-4.1591663,6.2110443
ISIC_0068840,0.43818432,9.597422
ISIC_0068842,-0.074512415,8.054893
ISIC_0068843,-1.8376247,9.113682
ISIC_0068848,-0.43461743,6.8181148
ISIC_0068849,-3.6812656,9.300093
ISIC_0068850,0.0054748277,9.626846
ISIC_0068851,-0.6319852,8.718898
ISIC_0068852,-3.111557,7.5585775
ISIC_0068853,-4.7841163,5.2213807
ISIC_0068854,-4.9843082,9.227046
ISIC_0068855,-1.972938,11.017639
ISIC_0068856,-4.053329,8.935703
ISIC_0068858,-6.0664954,8.352591
ISIC_0068859,-4.466608,5.8052373
ISIC_0068861,-2.0440269,5.9049516
ISIC_0068863,-2.0093763,9.420571
ISIC_0068865,-4.980159,8.62194
ISIC_0068866,-5.9274178,6.005478
ISIC_0068874,-3.0975766,4.85416
ISIC_0068878,-0.71485454,6.4608555
ISIC_0068879,-3.2981877,5.987557
ISIC_0068881,0.30058292,8.968376
ISIC_0068882,-3.71504,6.475431
ISIC_0068883,-6.6084185,6.717831
ISIC_0068884,-0.018555501,6.554591
ISIC_0068885,-3.1065774,4.164348
ISIC_0068888,-6.676442,8.144495
ISIC_0068890,-1.10033,6.7048445
ISIC_0068892,-4.0267763,9.331212
ISIC_0068893,-1.0290575,10.298129
ISIC_0068895,-4.494672,4.860356
ISIC_0068897,-2.7536156,5.619026
ISIC_0068898,-2.2442942,9.646673
ISIC_0068900,-1.7466794,5.9108334
ISIC_0068905,-0.2388031,6.841309
ISIC_0068906,-0.3722979,9.586339
ISIC_0068907,-0.43437713,5.926552
ISIC_0068909,-1.7028676,5.33149
ISIC_0068911,-3.0152924,4.8964157
ISIC_0068915,-1.1811013,9.920314
ISIC_0068917,0.40909627,7.2298093
ISIC_0068919,-3.1817539,4.519005
ISIC_0068920,-0.54409623,5.658448
ISIC_0068921,0.33730817,10.1103525
ISIC_0068924,-4.178052,4.4752474
ISIC_0068927,-3.187048,9.420305
ISIC_0068928,0.2800712,9.113466
ISIC_0068929,-2.527258,10.206637
ISIC_0068930,-1.8993678,8.801993
ISIC_0068931,-0.71992785,10.012033
ISIC_0068933,-2.4498804,6.017473
ISIC_0068936,-0.53983927,9.322518
ISIC_0068938,-1.1184069,8.913906
ISIC_0068939,-1.4870052,5.833314
ISIC_0068941,-0.4759762,8.912144
ISIC_0068942,-6.170611,8.351185
ISIC_0068943,-1.7573862,9.532637
ISIC_0068944,-2.1352868,9.892465
ISIC_0068945,-5.044921,7.001912
ISIC_0068948,-3.4838316,8.610169
ISIC_0068949,-1.0579687,7.709789
ISIC_0068952,-2.1603289,5.0564175
ISIC_0068954,-2.4083216,5.1524725
ISIC_0068955,-1.0338559,6.30875
ISIC_0068957,1.6270556,9.271952
ISIC_0068958,-4.956607,8.444691
ISIC_0068959,-1.4633306,6.5328064
ISIC_0068961,-0.2504022,10.148542
ISIC_0068962,0.33707535,7.035967
ISIC_0068964,-0.6183915,9.563854
ISIC_0068966,-6.156594,6.82755
ISIC_0068967,-5.8559003,7.8507795
ISIC_0068968,-6.3700624,8.389045
ISIC_0068973,-1.5258342,8.808852
ISIC_0068975,-6.9149528,8.476926
ISIC_0068977,-0.466367,9.40008
ISIC_0068979,0.39254928,9.494166
ISIC_0068981,-6.6709948,7.1785326
ISIC_0068982,-5.16307,8.022417
ISIC_0068987,-3.3280663,4.57565
ISIC_0068989,-3.3174841,8.679322
ISIC_0068991,-4.0855937,2.9765437
ISIC_0068992,-2.419061,5.2744336
ISIC_0068993,-4.947916,6.17213
ISIC_0068996,-2.1305566,5.628916
ISIC_0069000,-1.3437074,6.8216124
ISIC_0069002,-2.1751952,9.5676775
ISIC_0069003,-2.119139,8.065569
ISIC_0069004,0.82935774,7.64505
ISIC_0069007,-5.771767,7.7979712
ISIC_0069008,-0.29502416,6.9454
ISIC_0069009,-0.8896594,10.597043
ISIC_0069010,-2.7746964,7.6549697
ISIC_0069011,-2.84739,7.6352105
ISIC_0069013,-5.7959075,8.578209
ISIC_0069014,-5.160565,8.256148
ISIC_0069015,-2.4813643,7.882575
ISIC_0069016,-4.396182,9.029425
ISIC_0069017,-5.2948537,5.9829707
ISIC_0069020,-0.8126069,6.55709
ISIC_0069021,-5.015919,7.700028
ISIC_0069024,-1.1286201,5.629317
ISIC_0069025,-6.9806094,7.6489615
ISIC_0069026,-2.2858446,8.9232855
ISIC_0069027,-0.45414054,9.96857
ISIC_0069028,-2.6686795,4.9370766
ISIC_0069029,-4.6379213,7.74061
ISIC_0069032,-0.72750276,6.3151116
ISIC_0069033,-7.134325,8.540028
ISIC_0069034,0.1911414,9.534068
ISIC_0069035,-2.5100708,10.49396
ISIC_0069037,-1.5914873,10.71298
ISIC_0069038,-1.6430051,6.9294167
ISIC_0069040,-5.397043,8.723231
ISIC_0069042,-5.119346,8.527735
ISIC_0069043,0.5284357,9.860819
ISIC_0069047,-0.43893865,6.453028
ISIC_0069050,-6.557486,8.0883255
ISIC_0069052,-2.4694476,7.5110846
ISIC_0069054,-4.3688235,7.4119043
ISIC_0069055,-1.5082346,6.648287
ISIC_0069056,-6.2385316,7.4736056
ISIC_0069057,-0.16690242,9.606543
ISIC_0069058,-2.1166213,4.3627806
ISIC_0069059,-2.8408182,4.2388773
ISIC_0069062,-0.9875146,10.032037
ISIC_0069065,-0.82172596,9.497253
ISIC_0069067,-5.2872715,7.140501
ISIC_0069068,-4.9811993,8.494923
ISIC_0069069,-0.63251036,9.57354
ISIC_0069070,-4.0616765,6.517718
ISIC_0069072,-4.3069253,7.251304
ISIC_0069073,-3.3032238,5.4274516
ISIC_0069076,-6.2063313,6.7739096
ISIC_0069077,-3.1767697,9.830512
ISIC_0069078,-4.541168,9.269538
ISIC_0069080,-3.4612923,8.130719
ISIC_0069082,-1.7580937,9.420046
ISIC_0069083,-4.4974437,8.272769
ISIC_0069085,-1.4249828,7.130059
ISIC_0069086,-0.76493067,6.324306
ISIC_0069088,-3.4880812,7.8415318
ISIC_0069090,-3.277055,9.821844
ISIC_0069091,0.63140124,9.882814
ISIC_0069093,-1.1487056,5.9689245
ISIC_0069099,0.12747793,8.830938
ISIC_0069102,-1.5797174,10.811297
ISIC_0069105,-4.1126995,8.5128145
ISIC_0069108,-4.9352794,8.239603
ISIC_0069109,-3.850842,8.664809
ISIC_0069110,-1.3250507,8.044249
ISIC_0069111,-0.50901806,6.287523
ISIC_0069112,-3.5312989,4.666147
ISIC_0069115,-1.9095454,10.560084
ISIC_0069118,-0.9984246,7.4473863
ISIC_0069119,-1.2309304,6.521107
ISIC_0069120,-0.51920164,10.3394
ISIC_0069121,-4.861469,6.3556476
ISIC_0069122,-3.2666903,6.6006293
ISIC_0069124,-6.0207562,8.172117
ISIC_0069125,-1.9540536,4.791416
ISIC_0069126,-3.2465806,8.292436
ISIC_0069129,-3.4599469,4.77405
ISIC_0069132,-1.7764429,6.461738
ISIC_0069133,-5.461305,6.933905
ISIC_0069134,-2.7752898,9.206809
ISIC_0069136,-5.944001,8.365172
ISIC_0069137,-5.916589,8.75588
ISIC_0069141,-4.025456,8.610102
ISIC_0069144,-5.1966534,8.865672
ISIC_0069145,-3.8542037,7.592539
ISIC_0069148,-3.0755599,5.066841
ISIC_0069150,-6.0384192,8.626814
ISIC_0069152,-6.140428,8.061941
ISIC_0069153,-0.13778245,7.595773
ISIC_0069156,-4.3102193,5.102422
ISIC_0069157,-4.467659,7.1977973
ISIC_0069158,-5.918878,7.5155654
ISIC_0069159,0.21048267,9.589801
ISIC_0069161,0.041575562,9.95067
ISIC_0069163,-2.5164585,5.1584296
ISIC_0069165,-1.8459823,4.1134853
ISIC_0069167,-2.737513,9.266099
ISIC_0069168,-5.210078,6.7527914
ISIC_0069172,-4.210318,8.805693
ISIC_0069173,-4.949441,9.507703
ISIC_0069174,-2.9923625,10.375989
ISIC_0069175,-6.18626,6.3695827
ISIC_0069178,-3.497988,6.119894
ISIC_0069179,-0.5109079,6.3575077
ISIC_0069180,-2.2789319,7.2795014
ISIC_0069181,-0.5243469,9.876628
ISIC_0069185,-5.9846654,8.123705
ISIC_0069186,-5.558352,8.745946
ISIC_0069187,-0.65579826,6.5992227
ISIC_0069189,-5.304263,5.687047
ISIC_0069190,-4.9587655,6.1362453
ISIC_0069191,-6.344684,7.3420715
ISIC_0069192,-2.3481786,5.156544
ISIC_0069195,-0.78282017,5.93609
ISIC_0069197,-4.702191,6.159505
ISIC_0069199,0.032693706,6.858068
ISIC_0069201,-1.7120849,5.2998505
ISIC_0069202,-4.9364915,8.723617
ISIC_0069203,-1.6440945,7.684014
ISIC_0069204,0.55007106,9.667482
ISIC_0069205,-4.29734,6.725189
ISIC_0069206,-0.90327823,9.277918
ISIC_0069209,-5.2328963,9.216964
ISIC_0069210,-2.8545885,6.2105637
ISIC_0069211,0.33566827,7.467845
ISIC_0069212,-0.05692582,6.2745886
ISIC_0069213,-0.00068395014,10.344025
ISIC_0069215,0.37893468,8.625797
ISIC_0069219,-0.22440971,5.404481
ISIC_0069220,-1.2194754,7.104745
ISIC_0069221,0.48336166,10.057822
ISIC_0069222,-2.3075778,10.510135
ISIC_0069224,-2.288068,6.1997876
ISIC_0069225,-4.6389165,9.380526
ISIC_0069228,-3.3019574,6.711945
ISIC_0069229,-3.7459905,6.8388066
ISIC_0069230,-2.6922047,4.443287
ISIC_0069231,-3.6775122,5.763818
ISIC_0069235,-0.8287509,5.348339
ISIC_0069236,-3.553686,7.232768
ISIC_0069238,0.8168618,9.751286
ISIC_0069240,-2.6006436,7.3791766
ISIC_0069243,-4.3149805,6.4534874
ISIC_0069244,-3.9899187,6.8337646
ISIC_0069245,-1.6425548,6.8489537
ISIC_0069246,-1.0647649,5.835153
ISIC_0069247,-1.1341369,9.765597
ISIC_0069248,-3.6403177,5.408131
ISIC_0069252,-0.9304094,5.124998
ISIC_0069255,-2.9342525,7.5810037
ISIC_0069257,-4.9971805,6.6977067
ISIC_0069261,-3.8953254,7.6577177
ISIC_0069262,-1.2089183,5.4265475
ISIC_0069263,-6.414035,8.4192705
ISIC_0069264,-1.416004,6.271331
ISIC_0069265,-2.859619,6.7272305
ISIC_0069266,-1.8984164,7.727703
ISIC_0069267,-1.1857303,9.567049
ISIC_0069270,-4.2773237,7.9212
ISIC_0069271,-2.0010095,5.0557094
ISIC_0069273,-3.2824821,9.217769
ISIC_0069274,-3.3301222,5.009561
ISIC_0069277,-1.2422578,6.430046
ISIC_0069278,-2.2101164,10.452504
ISIC_0069280,-3.9860213,7.0251527
ISIC_0069282,-2.1964352,5.051204
ISIC_0069287,0.30389896,9.258534
ISIC_0069288,-6.138677,8.10297
ISIC_0069292,-3.5475862,6.660035
ISIC_0069293,-0.14875588,5.2026243
ISIC_0069294,-4.4806337,7.5001507
ISIC_0069295,-2.4181135,5.86589
ISIC_0069296,-5.620113,5.8477683
ISIC_0069301,0.23147057,8.224763
ISIC_0069303,-2.55204,8.934109
ISIC_0069304,-4.8846803,7.955032
ISIC_0069306,-0.63402,6.527255
ISIC_0069309,-4.130007,7.436906
ISIC_0069312,-5.2939973,8.135834
ISIC_0069315,0.27045545,6.8902636
ISIC_0069316,-4.5654464,8.059584
ISIC_0069319,-4.0739427,8.331948
ISIC_0069320,-1.1189331,5.9027104
ISIC_0069321,-1.0587952,10.452598
ISIC_0069322,-0.8928971,6.5358315
ISIC_0069323,-4.679101,5.2935
ISIC_0069329,-2.0584707,9.035928
ISIC_0069330,-5.6678348,8.608301
ISIC_0069331,-3.9844704,8.456108
ISIC_0069332,-1.4888893,5.566592
ISIC_0069334,-3.683939,6.0005155
ISIC_0069335,-0.20839481,9.25549
ISIC_0069337,-1.2899678,5.071776
ISIC_0069339,-5.246729,7.456045
ISIC_0069342,-5.7839856,7.842348
ISIC_0069343,-3.6757476,9.761695
ISIC_0069344,-2.3937736,5.150022
ISIC_0069345,-0.7460504,7.401917
ISIC_0069350,-3.72528,6.8604364
ISIC_0069351,0.511771,6.955972
ISIC_0069354,-5.6357102,6.0405984
ISIC_0069355,-2.4465766,9.490204
ISIC_0069357,-2.862087,4.761538
ISIC_0069358,-3.20845,3.8417962
ISIC_0069359,-2.3358035,7.760217
ISIC_0069361,-1.2095528,7.1159377
ISIC_0069362,0.2590562,6.8114295
ISIC_0069363,-3.3482842,9.645685
ISIC_0069365,-4.992412,7.2991333
ISIC_0069366,-4.0194798,6.8672566
ISIC_0069367,-5.9280434,7.5942664
ISIC_0069369,-0.26984763,10.35039
ISIC_0069374,-3.4126456,9.952522
ISIC_0069376,-3.7478325,5.6294694
ISIC_0069379,-5.145182,8.996498
ISIC_0069380,-2.6276505,5.60445
ISIC_0069382,-0.8247348,5.471634
ISIC_0069385,-6.267339,8.3764715
ISIC_0069386,0.2730854,9.5175
ISIC_0069388,-1.5968899,5.2266774
ISIC_0069389,-0.7749735,6.588084
ISIC_0069390,0.68450606,6.471359
ISIC_0069391,-6.148693,6.6038504
ISIC_0069392,-5.445985,5.4237285
ISIC_0069394,-4.0313196,6.3436666
ISIC_0069395,-2.5635917,9.322417
ISIC_0069396,-5.1894193,6.6854396
ISIC_0069398,-4.9502296,5.475828
ISIC_0069402,-2.6107557,8.145033
ISIC_0069403,-4.5866976,8.080385
ISIC_0069407,-1.0053515,10.632805
ISIC_0069408,-3.320681,8.213221
ISIC_0069411,-1.6374245,6.189882
ISIC_0069412,-1.9631178,10.401881
ISIC_0069415,-1.2158822,10.848664
ISIC_0069416,0.4899402,7.2244654
ISIC_0069418,-5.9941325,7.440104
ISIC_0069419,0.18871328,7.692618
ISIC_0069421,-3.0631363,8.346845
ISIC_0069422,-2.964311,4.025905
ISIC_0069424,-1.9880826,6.3796372
ISIC_0069427,-5.2860875,7.43997
ISIC_0069428,-0.10181516,10.366682
ISIC_0069431,-1.3045872,10.586313
ISIC_0069432,-3.4809768,4.7991138
ISIC_0069433,-4.1502104,8.734135
ISIC_0069434,-1.0725683,9.36322
ISIC_0069435,-4.829164,6.859623
ISIC_0069437,-0.044158276,9.370921
ISIC_0069438,-0.5199985,10.04187
ISIC_0069442,-4.802436,7.94509
ISIC_0069443,-2.1740155,9.565806
ISIC_0069446,-0.8913945,6.824941
ISIC_0069447,-1.4509146,10.77156
ISIC_0069449,-3.4614964,4.834017
ISIC_0069453,-0.7044259,5.601307
ISIC_0069454,0.25900608,10.297176
ISIC_0069457,-0.38390318,7.823996
ISIC_0069458,-0.47459245,6.9726377
ISIC_0069459,-3.7112029,6.294643
ISIC_0069460,-0.9233452,7.5335317
ISIC_0069461,-0.44382057,10.657934
ISIC_0069462,-5.623223,6.886208
ISIC_0069466,-1.5807141,6.0554056
ISIC_0069467,-0.17269225,8.931606
ISIC_0069469,-0.41794327,10.364454
ISIC_0069473,-0.18332621,7.2150283
ISIC_0069474,-0.2529992,6.2574625
ISIC_0069475,-4.4692163,8.456129
ISIC_0069479,0.23103882,8.202474
ISIC_0069481,-5.441178,7.2132516
ISIC_0069484,-3.4777849,7.4965844
ISIC_0069485,-2.010933,4.42428
ISIC_0069487,-0.7141331,6.517522
ISIC_0069488,-1.8139043,9.622036
ISIC_0069490,-2.2272966,9.304635
ISIC_0069492,-4.0031447,8.894362
ISIC_0069493,-4.501617,7.019496
ISIC_0069494,-1.3560764,6.670437
ISIC_0069497,-3.355715,3.8149161
ISIC_0069502,-1.0087372,6.7643676
ISIC_0069503,-0.59607214,7.6559944
ISIC_0069504,-3.1483917,10.02433
ISIC_0069505,-4.559157,9.155596
ISIC_0069506,0.5150095,9.45042
ISIC_0069508,-3.1261928,4.3221555
ISIC_0069509,-1.798821,5.0981483
ISIC_0069510,-2.3769608,10.188398
ISIC_0069511,-1.9791874,6.9953365
ISIC_0069513,-2.6623292,6.7822113
ISIC_0069514,0.7393235,9.55231
ISIC_0069515,-1.4061112,10.277533
ISIC_0069518,-3.0434377,8.0977545
ISIC_0069519,-5.0002875,6.1108828
ISIC_0069521,-1.3835025,6.5375414
ISIC_0069522,-5.96055,7.993404
ISIC_0069524,-1.4588146,4.9756436
ISIC_0069527,-1.2466854,10.73283
ISIC_0069528,-3.0957096,5.586186
ISIC_0069529,-4.526424,9.466006
ISIC_0069530,-4.222406,8.384096
ISIC_0069532,-0.30745965,8.356423
ISIC_0069534,-6.6571455,7.626443
ISIC_0069535,-1.5712085,6.792569
ISIC_0069536,-4.3781157,7.453789
ISIC_0069537,-2.7012556,7.9406805
ISIC_0069540,-0.45615268,5.9858885
ISIC_0069544,-4.1321387,8.414974
ISIC_0069548,-3.677841,7.1922073
ISIC_0069553,0.04609343,9.774147
ISIC_0069554,0.054170527,9.724795
ISIC_0069555,-2.885501,7.0119553
ISIC_0069559,-5.9939675,7.830482
ISIC_0069562,-4.6209755,7.3866944
ISIC_0069564,-0.2153188,6.904679
ISIC_0069565,-5.917571,9.0989485
ISIC_0069566,-5.42461,7.880207
ISIC_0069568,-4.450044,8.245501
ISIC_0069569,-1.4167392,6.5793805
ISIC_0069570,-5.804155,7.1656346
ISIC_0069571,-4.820006,5.1813455
ISIC_0069572,-5.2704,6.133745
ISIC_0069573,-3.3631659,5.9880786
ISIC_0069574,-3.4960408,8.949601
ISIC_0069575,-2.0972335,9.238791
ISIC_0069581,-0.6229382,9.671104
ISIC_0069583,-6.540898,7.958481
ISIC_0069584,-2.198537,5.4368567
ISIC_0069588,-1.5172471,7.0780416
ISIC_0069589,-1.8269258,10.352753
ISIC_0069590,-0.8796247,8.821518
ISIC_0069591,-3.1797905,5.14949
ISIC_0069592,1.1317157,6.591508
ISIC_0069595,-4.6561,6.9985557
ISIC_0069596,-7.1737604,7.8173757
ISIC_0069603,-5.7297573,9.325331
ISIC_0069608,-5.6249394,8.359685
ISIC_0069610,-2.183138,3.8618789
ISIC_0069611,-4.2759376,8.685386
ISIC_0069616,-6.964556,8.451196
ISIC_0069617,-2.5849345,6.2215977
ISIC_0069620,-1.8479906,5.473153
ISIC_0069621,-0.605763,10.491207
ISIC_0069622,-0.116892725,5.4203253
ISIC_0069623,-2.1096969,8.36034
ISIC_0069624,-0.73230606,10.531402
ISIC_0069626,-1.8463819,10.083165
ISIC_0069628,-5.03268,4.291502
ISIC_0069629,-0.873662,5.781766
ISIC_0069630,-1.1886379,5.346869
ISIC_0069632,-3.8907392,6.9453645
ISIC_0069633,-5.786771,7.8996196
ISIC_0069635,0.56156516,7.894062
ISIC_0069636,-0.9341619,8.953783
ISIC_0069638,0.4500251,9.075566
ISIC_0069640,0.33692485,9.101275
ISIC_0069641,-4.9308295,8.93775
ISIC_0069642,-1.5043339,6.814277
ISIC_0069643,-5.4588037,8.285636
ISIC_0069645,-1.7310086,7.519976
ISIC_0069646,-1.4164577,5.54217
ISIC_0069647,-1.5683495,5.145543
ISIC_0069648,-4.00229,8.97195
ISIC_0069649,0.29867068,9.0482435
ISIC_0069650,-2.1709614,7.000233
ISIC_0069652,-2.2902815,7.2918973
ISIC_0069653,0.115903646,8.821512
ISIC_0069654,-4.4313407,7.761335
ISIC_0069657,-2.8988929,9.752389
ISIC_0069659,-1.7997898,9.244861
ISIC_0069660,-5.38752,7.919436
ISIC_0069663,-1.1973794,9.684713
ISIC_0069665,-1.1319599,5.5200534
ISIC_0069668,-2.1735919,5.1116724
ISIC_0069669,-0.284929,6.198643
ISIC_0069671,-2.2748652,4.5040607
ISIC_0069672,-3.9909894,9.02298
ISIC_0069673,-1.9208344,7.0770955
ISIC_0069676,-3.7584846,6.8577223
ISIC_0069679,-0.5393968,7.259556
ISIC_0069682,-0.36340657,5.269281
ISIC_0069683,-2.3103702,5.0111384
ISIC_0069685,-4.0841727,8.858639
ISIC_0069686,-1.7695212,6.6338525
ISIC_0069687,-4.073514,7.4377394
ISIC_0069688,-2.0735228,9.197118
ISIC_0069693,-4.8629794,9.170267
ISIC_0069695,-2.2522614,5.358045
ISIC_0069697,0.6884785,6.506206
ISIC_0069698,-3.2581582,7.167691
ISIC_0069700,-6.5091934,8.0886
ISIC_0069701,-1.6350162,5.072723
ISIC_0069703,-1.414907,7.6522365
ISIC_0069704,0.16241828,9.847777
ISIC_0069705,-4.272158,4.5188293
ISIC_0069709,-0.5847383,5.8251085
ISIC_0069712,-1.753055,7.5431814
ISIC_0069713,-2.3048117,5.5058966
ISIC_0069714,-4.058015,8.398067
ISIC_0069715,-0.35264432,7.202648
ISIC_0069719,-1.9181778,5.8760624
ISIC_0069721,-5.4415746,9.214298
ISIC_0069722,-3.5046086,5.3018446
ISIC_0069727,-5.9138155,6.7085657
ISIC_0069731,-1.7187897,6.110224
ISIC_0069732,-1.7739662,3.1522787
ISIC_0069733,0.46770144,7.2126727
ISIC_0069734,-1.151797,5.473981
ISIC_0069735,-3.374503,6.068298
ISIC_0069736,-2.2383757,4.547209
ISIC_0069738,-6.5096784,7.7616186
ISIC_0069739,-5.2671447,6.708857
ISIC_0069740,-6.330293,8.355444
ISIC_0069743,-4.5723567,7.3978653
ISIC_0069746,-1.1182735,5.2630806
ISIC_0069747,-4.384201,9.217822
ISIC_0069749,-1.1526823,10.535594
ISIC_0069752,-3.097214,3.6724262
ISIC_0069754,0.011476278,9.861711
ISIC_0069755,-0.32607016,6.723181
ISIC_0069756,-3.73665,5.1093597
ISIC_0069758,-5.598439,8.238569
ISIC_0069759,-2.2202313,7.820399
ISIC_0069760,-1.0987788,6.563399
ISIC_0069764,-2.9615946,9.557486
ISIC_0069765,-2.6541004,9.9289055
ISIC_0069767,-1.1087091,10.279108
ISIC_0069768,0.058152884,8.798005
ISIC_0069769,-0.23830596,9.126214
ISIC_0069774,-1.3877838,9.691015
ISIC_0069775,-0.3725887,5.5017304
ISIC_0069778,-5.3447385,8.680306
ISIC_0069783,-2.9359803,6.0858946
ISIC_0069785,-5.2696285,8.562423
ISIC_0069789,-2.1908011,6.7616534
ISIC_0069791,-0.18652435,5.295425
ISIC_0069793,-2.9756336,9.984686
ISIC_0069794,-3.2655962,6.720987
ISIC_0069796,-1.3275762,5.7203383
ISIC_0069797,-0.37312528,5.5109715
ISIC_0069800,-4.7163224,6.797731
ISIC_0069802,-0.92399955,8.641855
ISIC_0069804,-0.6895143,6.5681777
ISIC_0069805,-3.2226129,5.173524
ISIC_0069806,-5.5408964,8.619752
ISIC_0069807,-1.6990492,9.389222
ISIC_0069810,0.69843334,7.518544
ISIC_0069811,-2.861081,9.711426
ISIC_0069813,-6.6084886,7.871096
ISIC_0069814,-2.668851,7.212147
ISIC_0069817,-3.36346,10.036078
ISIC_0069818,-0.8989104,7.1489563
ISIC_0069819,-2.0926714,4.493293
ISIC_0069820,-1.0822389,5.39898
ISIC_0069821,-3.8623638,5.513987
ISIC_0069823,-0.9183416,6.278993
ISIC_0069824,-6.2589016,8.225779
ISIC_0069826,-3.6445916,8.744734
ISIC_0069828,-1.5260848,4.5395274
ISIC_0069831,-6.191896,6.814547
ISIC_0069833,-6.5628886,7.8457727
ISIC_0069834,0.035337783,9.741646
ISIC_0069835,-0.8214574,10.409441
ISIC_0069837,-5.909156,8.503204
ISIC_0069838,1.2516757,6.5070505
ISIC_0069839,-4.7257147,6.898774
ISIC_0069840,0.3404633,9.451021
ISIC_0069841,-2.6997914,4.835935
ISIC_0069842,-0.52849376,9.571848
ISIC_0069844,-0.5753721,8.655634
ISIC_0069851,-2.5592241,9.732551
ISIC_0069856,-1.5235372,4.6968484
ISIC_0069859,-1.4739567,9.382585
ISIC_0069860,-0.7635945,9.981217
ISIC_0069862,-4.539851,5.4274483
ISIC_0069864,-5.853442,4.925655
ISIC_0069866,-1.1543493,5.5107718
ISIC_0069868,0.16340166,8.132449
ISIC_0069869,-6.5655403,7.1751146
ISIC_0069871,-1.7970299,10.450098
ISIC_0069873,0.40479666,7.937495
ISIC_0069876,-4.4700913,7.0458984
ISIC_0069877,-2.9976501,9.905699
ISIC_0069880,-0.77939254,8.643925
ISIC_0069881,-5.517661,8.237723
ISIC_0069883,-2.2456377,9.987816
ISIC_0069885,-1.7696122,5.793105
ISIC_0069886,-4.6791873,6.3152857
ISIC_0069887,-1.7486286,6.0216026
ISIC_0069888,0.15178627,10.472069
ISIC_0069889,0.54305065,8.973649
ISIC_0069891,-4.854226,7.184439
ISIC_0069893,-2.445309,6.36392
ISIC_0069896,-4.114153,8.699444
ISIC_0069897,-2.965802,5.0976725
ISIC_0069898,-1.9648758,5.667201
ISIC_0069899,-6.8672304,8.099973
ISIC_0069901,-3.1969337,3.5247924
ISIC_0069904,-1.3362703,4.8566403
ISIC_0069905,-3.1932592,10.274381
ISIC_0069906,-0.59647506,9.44574
ISIC_0069907,-0.72522247,5.7532535
ISIC_0069908,-4.524455,4.420785
ISIC_0069910,-1.7221078,9.64369
ISIC_0069911,-2.9676032,5.0479403
ISIC_0069913,-3.5806286,6.5041943
ISIC_0069914,-1.9307936,8.641648
ISIC_0069916,-0.97858346,5.3830853
ISIC_0069918,-3.7887986,3.7046094
ISIC_0069920,0.21707602,7.8844547
ISIC_0069922,-0.6213881,7.758193
ISIC_0069923,-4.348164,9.205028
ISIC_0069924,-1.4262676,9.598104
ISIC_0069925,-0.24327606,8.921081
ISIC_0069926,-0.3977117,10.37199
ISIC_0069928,-3.5282512,7.4453883
ISIC_0069929,-2.4600317,4.4455314
ISIC_0069930,-4.9685316,9.442907
ISIC_0069931,-0.8764261,7.0426407
ISIC_0069934,-2.7820113,8.515439
ISIC_0069935,-1.2137724,10.723115
ISIC_0069936,-4.28403,6.4071484
ISIC_0069937,-1.2793086,10.55041
ISIC_0069939,0.2673573,8.334276
ISIC_0069942,-0.39849514,6.878222
ISIC_0069943,-2.5370564,6.6244087
ISIC_0069944,-5.597045,8.811093
ISIC_0069945,-2.4986737,6.151123
ISIC_0069946,0.5990254,8.040432
ISIC_0069947,-3.741777,7.783478
ISIC_0069951,-2.727802,4.3543763
ISIC_0069952,-0.0428201,10.335125
ISIC_0069953,-5.5079365,6.655757
ISIC_0069955,-2.0950882,4.170301
ISIC_0069958,-0.16746798,9.8714
ISIC_0069959,-5.214897,5.147547
ISIC_0069961,-5.3091474,5.5244
ISIC_0069966,0.038294803,6.304346
ISIC_0069967,-4.7018847,7.3466406
ISIC_0069970,-5.3564296,7.209417
ISIC_0069971,-4.611217,8.733611
ISIC_0069972,-1.2841455,7.8993025
ISIC_0069974,0.39389348,8.787411
ISIC_0069977,-1.2509441,9.327284
ISIC_0069978,-3.4393873,8.895817
ISIC_0069979,-1.9321401,10.223989
ISIC_0069981,-1.6506684,5.989919
ISIC_0069984,-5.2368503,4.7035966
ISIC_0069986,0.6584453,7.33117
ISIC_0069988,-0.41029343,8.934961
ISIC_0069992,-5.5259385,7.908323
ISIC_0069994,-1.8066669,9.792171
ISIC_0069995,-3.1820168,6.276732
ISIC_0069996,-4.034703,6.7434945
ISIC_0070003,-0.49120194,8.065497
ISIC_0070005,-3.3620725,5.805389
ISIC_0070006,-2.3406906,4.6741385
ISIC_0070007,-1.9132149,9.382277
ISIC_0070011,0.26890287,7.996668
ISIC_0070012,-0.07549149,8.1351385
ISIC_0070016,-0.11333378,9.620918
ISIC_0070017,-0.6027825,10.289355
ISIC_0070018,-0.32149258,8.105483
ISIC_0070019,1.6893615,9.359839
ISIC_0070021,-4.0190682,9.015642
ISIC_0070023,-3.7210693,4.5860972
ISIC_0070025,-2.9461153,6.6350784
ISIC_0070026,-2.2147446,6.162956
ISIC_0070027,-0.5802193,6.361671
ISIC_0070029,-4.7819786,9.166031
ISIC_0070030,-2.4650128,7.925451
ISIC_0070032,0.34753028,9.47094
ISIC_0070033,-1.0180578,6.44186
ISIC_0070038,-5.733848,8.832469
ISIC_0070040,-2.1645505,4.736136
ISIC_0070041,-3.4351869,3.5637348
ISIC_0070044,-4.8580503,8.495054
ISIC_0070045,-4.3893147,7.4901247
ISIC_0070049,0.5420966,9.166544
ISIC_0070050,-3.428961,4.0820904
ISIC_0070051,-1.6428597,5.487281
ISIC_0070053,-0.17057048,5.5093517
ISIC_0070056,-0.78443974,6.2127104
ISIC_0070057,-2.8453732,7.417749
ISIC_0070061,-1.5536433,9.808854
ISIC_0070062,-5.1773925,6.4639287
ISIC_0070068,-2.2278981,5.783956
ISIC_0070069,-3.7654932,4.7388897
ISIC_0070073,-0.9138618,9.742747
ISIC_0070077,-5.912151,8.569922
ISIC_0070079,-4.492738,7.2484765
ISIC_0070080,-0.27095294,9.680728
ISIC_0070081,-1.1210473,5.6780467
ISIC_0070082,-2.5368407,9.508827
ISIC_0070085,-0.100255534,7.741683
ISIC_0070086,-2.9984877,3.6034412
ISIC_0070087,-5.5813165,5.3713474
ISIC_0070089,0.76925224,7.391032
ISIC_0070090,-3.2150462,5.517333
ISIC_0070092,-4.840737,7.0678663
ISIC_0070093,-2.6016364,10.227854
ISIC_0070095,-0.81421876,10.001242
ISIC_0070096,-0.5243044,10.13271
ISIC_0070101,-2.7044702,9.750138
ISIC_0070102,-0.09223735,8.7293415
ISIC_0070104,-3.6903226,7.506703
ISIC_0070105,-3.834353,9.85305
ISIC_0070107,-2.4639874,10.2041645
ISIC_0070108,-0.4490504,6.601172
ISIC_0070109,-0.3392934,9.0979185
ISIC_0070110,-1.119471,6.034733
ISIC_0070114,-1.4155711,4.133721
ISIC_0070117,-6.583288,7.7829084
ISIC_0070120,-2.2550905,4.659821
ISIC_0070122,-2.9525566,4.959936
ISIC_0070123,-2.9392672,8.841723
ISIC_0070125,-6.48337,7.8392086
ISIC_0070127,-0.1906165,7.442962
ISIC_0070128,-0.7945618,6.6801805
ISIC_0070129,-1.5453589,10.224974
ISIC_0070130,-4.6160817,7.3245125
ISIC_0070131,-0.01337909,5.7398415
ISIC_0070132,-0.5041288,4.9930773
ISIC_0070137,-4.284475,4.5602007
ISIC_0070138,-2.003079,5.062456
ISIC_0070139,-1.7951066,5.820815
ISIC_0070141,-1.4717149,10.123321
ISIC_0070145,-1.1581335,10.411474
ISIC_0070146,-2.8734047,3.443099
ISIC_0070147,-2.397405,6.3924413
ISIC_0070148,-1.5683322,7.578926
ISIC_0070149,-2.0586483,4.766705
ISIC_0070150,-4.3218374,8.840494
ISIC_0070153,-6.911381,7.6345687
ISIC_0070154,-0.17167546,9.78295
ISIC_0070155,0.55179083,7.196788
ISIC_0070157,-0.51621455,6.3528533
ISIC_0070162,-1.5169374,7.005391
ISIC_0070164,-1.3468388,9.90222
ISIC_0070165,-2.1290436,6.13199
ISIC_0070169,-2.7558687,7.8618684
ISIC_0070170,-0.57688665,8.456493
ISIC_0070171,-3.764957,6.845717
ISIC_0070172,-3.5986588,8.223903
ISIC_0070173,-3.180181,5.1661124
ISIC_0070179,-4.213577,6.230307
ISIC_0070181,-6.3090324,6.412945
ISIC_0070184,-4.572414,5.901866
ISIC_0070186,-4.805123,6.0694323
ISIC_0070197,-2.2123513,6.201405
ISIC_0070201,-2.6578732,6.1833935
ISIC_0070202,-1.5193574,10.532328
ISIC_0070204,-2.389076,4.995971
ISIC_0070207,0.19713314,7.938296
ISIC_0070210,-3.3162434,5.0652122
ISIC_0070212,-1.2874091,10.034389
ISIC_0070213,1.8425293,9.250402
ISIC_0070215,-3.8255863,4.317815
ISIC_0070216,-3.9953353,9.091542
ISIC_0070217,-3.0817773,6.5081725
ISIC_0070218,-2.5298543,4.6112466
ISIC_0070219,-4.6496453,8.397224
ISIC_0070220,-0.35659206,8.946961
ISIC_0070224,-1.7725164,5.499129
ISIC_0070226,-3.29576,7.147744
ISIC_0070227,-4.2246,8.207332
ISIC_0070228,-2.714086,5.008437
ISIC_0070230,-1.685154,6.910626
ISIC_0070232,-2.795331,6.553388
ISIC_0070233,-3.10606,7.1178384
ISIC_0070235,-3.062439,4.251283
ISIC_0070236,0.4172228,10.032579
ISIC_0070237,-4.474269,5.8237867
ISIC_0070239,-5.718237,6.5942664
ISIC_0070240,-0.08584814,10.2148
ISIC_0070243,-4.183245,7.137215
ISIC_0070244,-4.2742295,8.757124
ISIC_0070245,-3.3201516,9.5305395
ISIC_0070247,-0.50506526,10.259506
ISIC_0070248,-1.8089819,7.595559
ISIC_0070250,-2.2415042,6.387821
ISIC_0070252,-3.680559,9.504721
ISIC_0070253,-3.0019975,6.8106394
ISIC_0070254,-4.924069,6.931807
ISIC_0070256,-2.3968394,8.6117525
ISIC_0070259,-3.7958388,8.703118
ISIC_0070260,-0.8321903,6.696847
ISIC_0070262,-2.3715043,9.738396
ISIC_0070264,-2.2549872,9.331796
ISIC_0070267,-4.456728,9.072815
ISIC_0070271,-1.8613396,10.179811
ISIC_0070272,-5.2841725,8.444275
ISIC_0070273,-4.7340827,8.673376
ISIC_0070274,-2.5496976,4.981627
ISIC_0070276,-6.146048,7.7795343
ISIC_0070284,-0.98176974,5.992406
ISIC_0070286,-2.048336,7.021092
ISIC_0070287,-4.7552557,8.945202
ISIC_0070288,-2.541988,5.3320274
ISIC_0070292,-3.1312065,9.845864
ISIC_0070294,-1.7116947,10.748314
ISIC_0070295,-1.2248292,5.0532355
ISIC_0070298,-1.2051489,4.5452785
ISIC_0070299,-6.261384,8.814595
ISIC_0070300,-1.0031313,6.815606
ISIC_0070301,-1.2140882,7.3510876
ISIC_0070303,-0.009821441,7.366959
ISIC_0070304,1.526116,9.239879
ISIC_0070305,-1.0670538,7.058136
ISIC_0070306,-0.5381554,9.712567
ISIC_0070307,-1.7450706,8.774389
ISIC_0070308,-3.9308527,7.026654
ISIC_0070309,-3.1727176,7.5777717
ISIC_0070311,-5.1946645,7.1791553
ISIC_0070312,-4.3072777,9.349352
ISIC_0070313,-5.485808,5.783159
ISIC_0070315,-0.72501844,5.3010683
ISIC_0070316,-1.3600103,8.844417
ISIC_0070318,-5.7347445,7.589557
ISIC_0070319,-2.38911,6.6018176
ISIC_0070320,-1.6515517,8.868037
ISIC_0070321,-1.261845,7.6860604
ISIC_0070322,-1.6113111,10.727605
ISIC_0070325,-0.9428388,6.656139
ISIC_0070327,-0.60761315,8.32379
ISIC_0070328,-3.7373393,9.227918
ISIC_0070331,-0.6260645,7.6899037
ISIC_0070338,0.010824596,7.7520022
ISIC_0070340,-5.3547726,7.8426394
ISIC_0070341,-3.8488536,6.9688573
ISIC_0070342,-1.771907,5.2243094
ISIC_0070344,-0.209649,9.37841
ISIC_0070345,-4.9433017,5.8258567
ISIC_0070347,-0.2579845,9.768647
ISIC_0070349,-3.7200317,9.199435
ISIC_0070350,0.5014891,8.071359
ISIC_0070351,-3.8103127,7.210847
ISIC_0070352,-5.2818284,5.6732287
ISIC_0070353,-4.881764,9.3373785
ISIC_0070358,-2.7663174,10.474659
ISIC_0070360,-3.8593228,7.116554
ISIC_0070361,-5.4137297,8.95576
ISIC_0070362,-0.31719604,5.258904
ISIC_0070363,-2.0150352,5.2167974
ISIC_0070366,-3.4734137,4.708946
ISIC_0070367,-3.3716118,6.952014
ISIC_0070368,-1.7062948,4.860161
ISIC_0070371,0.564723,7.1996756
ISIC_0070373,-0.22878557,5.075122
ISIC_0070374,0.5277366,7.7037797
ISIC_0070375,-6.306675,8.903577
ISIC_0070376,-1.3007306,4.9138317
ISIC_0070377,-2.0635543,4.891268
ISIC_0070380,-2.6373398,5.0666113
ISIC_0070381,-0.6644455,5.9290075
ISIC_0070382,-4.505712,8.561503
ISIC_0070383,-6.292962,8.104024
ISIC_0070386,-1.8918923,5.697921
ISIC_0070387,-1.3617742,9.077607
ISIC_0070390,-1.4484885,5.565282
ISIC_0070396,-4.6494303,6.199557
ISIC_0070399,-2.6848936,5.2403646
ISIC_0070400,-0.09593011,6.6033115
ISIC_0070403,-4.7158747,7.627865
ISIC_0070404,-3.426192,9.767685
ISIC_0070407,-1.9340323,5.765854
ISIC_0070413,-2.295728,6.1217265
ISIC_0070414,-2.992213,6.1315007
ISIC_0070415,-2.327111,5.99145
ISIC_0070419,-3.2093327,8.686492
ISIC_0070421,0.37089196,7.6463356
ISIC_0070425,-4.849949,5.507628
ISIC_0070427,-0.05718859,6.300772
ISIC_0070430,-0.570187,5.557283
ISIC_0070431,-0.5137193,9.146506
ISIC_0070433,-3.3020017,5.986926
ISIC_0070434,-4.639971,9.081209
ISIC_0070435,-1.8847935,5.198108
ISIC_0070437,-3.4323359,8.255183
ISIC_0070439,-2.123746,7.638711
ISIC_0070440,-6.257185,8.139097
ISIC_0070441,0.6889988,7.0575266
ISIC_0070442,-1.8225274,5.055772
ISIC_0070443,-0.06399081,10.240044
ISIC_0070445,1.8593445,9.191223
ISIC_0070446,-4.941082,8.458048
ISIC_0070447,-4.1298733,4.513577
ISIC_0070448,-4.2099466,8.998991
ISIC_0070451,-1.9383532,9.865785
ISIC_0070452,-3.4113922,5.910027
ISIC_0070453,-1.0648317,5.1650977
ISIC_0070454,-2.565957,7.919509
ISIC_0070456,-0.7690849,10.128317
ISIC_0070457,-3.889313,8.745147
ISIC_0070461,0.3479157,9.686349
ISIC_0070462,-2.1197255,8.026692
ISIC_0070465,-3.003683,9.670095
ISIC_0070466,-2.9761078,7.2229652
ISIC_0070472,-0.5821416,5.930871
ISIC_0070473,-5.2164707,9.479712
ISIC_0070476,-4.3441534,5.586931
ISIC_0070477,0.16997859,9.257598
ISIC_0070478,0.4249416,9.492359
ISIC_0070480,-5.3397794,7.280924
ISIC_0070485,-3.2680364,8.673601
ISIC_0070487,-3.591799,9.090361
ISIC_0070489,-4.9865627,7.4683514
ISIC_0070490,-1.7292389,4.7603416
ISIC_0070491,-2.9524763,6.146631
ISIC_0070492,-1.7200699,5.394489
ISIC_0070493,-1.6379337,9.7171545
ISIC_0070495,-2.8086205,10.350032
ISIC_0070496,-3.8953907,6.775227
ISIC_0070501,-0.7354923,9.858989
ISIC_0070502,-4.6714377,7.553719
ISIC_0070503,-3.1617806,6.788194
ISIC_0070504,0.05294678,7.3873773
ISIC_0070505,-2.7798598,4.224926
ISIC_0070506,-5.059233,7.1716785
ISIC_0070507,-0.8668995,6.6035004
ISIC_0070508,-0.6498942,10.430034
ISIC_0070510,-3.9585621,7.395791
ISIC_0070511,0.5005572,8.800482
ISIC_0070513,-5.2293353,8.795283
ISIC_0070515,-0.48842552,9.251206
ISIC_0070517,1.6422553,9.14867
ISIC_0070519,-0.90598834,10.112028
ISIC_0070520,-4.566896,7.4288273
ISIC_0070521,-5.9298825,7.686824
ISIC_0070522,0.027754372,9.2415285
ISIC_0070524,-6.4338827,8.151278
ISIC_0070525,-2.221029,9.198262
ISIC_0070527,1.6559675,9.36912
ISIC_0070528,-2.4548275,5.352265
ISIC_0070529,-0.17522976,8.7331915
ISIC_0070532,-1.9760339,7.2540593
ISIC_0070533,-2.214195,5.138497
ISIC_0070534,-0.73646593,6.4087358
ISIC_0070537,-1.2414347,5.305207
ISIC_0070538,-3.916152,5.129488
ISIC_0070539,1.5380044,9.365633
ISIC_0070540,0.5350857,9.755673
ISIC_0070542,-4.0515733,5.7651916
ISIC_0070544,-4.2921185,6.4321394
ISIC_0070546,-2.9235196,9.056845
ISIC_0070549,-3.810927,8.811093
ISIC_0070550,0.1297453,10.339852
ISIC_0070551,-4.893129,7.458093
ISIC_0070552,-2.9557312,4.5809035
ISIC_0070553,-6.9605064,8.57856
ISIC_0070557,-5.919098,6.960462
ISIC_0070560,-0.23902014,7.201781
ISIC_0070562,-4.922481,8.636137
ISIC_0070565,-3.515847,4.961326
ISIC_0070566,-0.2741265,7.8629794
ISIC_0070572,1.4386774,9.227555
ISIC_0070575,-3.5369973,6.4308205
ISIC_0070576,-2.9067972,7.7410045
ISIC_0070577,-4.117519,5.0020185
ISIC_0070578,0.3115611,8.781755
ISIC_0070579,-0.9424323,9.800935
ISIC_0070580,-7.343266,7.5567966
ISIC_0070581,0.45571604,7.424827
ISIC_0070585,-3.9859912,9.78521
ISIC_0070587,-2.2764647,10.353724
ISIC_0070588,-4.386271,4.5234933
ISIC_0070589,-5.2189426,7.425291
ISIC_0070590,-3.1607063,5.2586637
ISIC_0070592,-1.0059624,6.1901693
ISIC_0070593,-5.1422586,6.7773533
ISIC_0070595,0.45452225,9.311224
ISIC_0070596,-2.4337866,4.5886493
ISIC_0070597,-1.133245,10.176705
ISIC_0070598,-1.4532421,9.640885
ISIC_0070600,-3.564087,6.680486
ISIC_0070601,-5.4280167,8.589889
ISIC_0070602,-2.187846,4.55356
ISIC_0070606,-2.242404,8.085727
ISIC_0070607,-1.6175418,10.896752
ISIC_0070608,-2.5756423,6.2345285
ISIC_0070609,-1.1119281,5.5621853
ISIC_0070610,-1.0881262,10.556662
ISIC_0070611,-4.236493,4.5118127
ISIC_0070612,-2.4307659,6.717734
ISIC_0070614,-4.0941434,4.465803
ISIC_0070618,-2.6071625,8.274732
ISIC_0070619,-0.0012009171,7.962339
ISIC_0070623,-1.1303481,7.6598296
ISIC_0070624,-0.97670907,10.128806
ISIC_0070625,-3.516903,4.61234
ISIC_0070626,0.4528113,5.858807
ISIC_0070629,0.07143525,9.591269
ISIC_0070631,-2.038832,9.32763
ISIC_0070634,-5.3672757,7.2642527
ISIC_0070638,-5.7837453,7.643534
ISIC_0070640,-3.2186086,4.642611
ISIC_0070641,0.53872687,7.3359194
ISIC_0070642,-2.4289217,7.7341704
ISIC_0070644,-7.0985928,7.4020896
ISIC_0070646,-2.4858096,5.9010367
ISIC_0070647,-1.8616258,5.4819827
ISIC_0070651,-2.3050647,4.8461576
ISIC_0070652,-3.3023245,5.3117166
ISIC_0070653,-0.09388182,6.5896797
ISIC_0070656,-1.6785755,9.4833975
ISIC_0070657,0.57613003,9.779781
ISIC_0070658,-0.012877303,8.4198885
ISIC_0070659,-0.29810107,10.48407
ISIC_0070661,-1.7436811,7.1314692
ISIC_0070662,-4.815423,8.929674
ISIC_0070663,-2.9455314,6.9384236
ISIC_0070665,-3.369042,4.1510386
ISIC_0070666,-3.5092828,5.874998
ISIC_0070667,-2.9406033,5.709465
ISIC_0070669,-0.8042887,6.393873
ISIC_0070671,-6.1793337,7.5656557
ISIC_0070672,-0.21666268,6.2055206
ISIC_0070673,-1.5338697,4.987302
ISIC_0070676,-3.0148282,9.8038435
ISIC_0070678,0.39417654,9.509368
ISIC_0070679,-4.628966,9.088993
ISIC_0070682,-2.8066576,7.3537636
ISIC_0070683,-3.4123054,7.3245096
ISIC_0070685,-0.531508,7.7011037
ISIC_0070687,-2.1441643,9.226483
ISIC_0070688,-4.236491,6.3008184
ISIC_0070689,-4.215879,9.003828
ISIC_0070690,-4.964165,4.677084
ISIC_0070691,-2.8892372,5.424329
ISIC_0070692,-5.702622,7.0423093
ISIC_0070694,-3.9907122,7.599328
ISIC_0070696,-3.8868408,6.854547
ISIC_0070698,-5.1372123,8.045677
ISIC_0070700,-2.4882503,6.3221927
ISIC_0070701,0.18537155,9.632977
ISIC_0070702,-1.3830566,5.125848
ISIC_0070705,-0.467031,8.703031
ISIC_0070709,-0.8333731,5.93973
ISIC_0070710,-3.7056067,4.9148684
ISIC_0070711,-1.3403971,9.469507
ISIC_0070715,-5.8302264,9.328752
ISIC_0070717,-1.93084,4.4051094
ISIC_0070718,-2.5198712,7.341548
ISIC_0070719,-0.6713375,6.4539022
ISIC_0070722,-1.866261,6.3905478
ISIC_0070724,-1.9567281,10.212634
ISIC_0070727,-2.5838158,7.880277
ISIC_0070729,-3.436732,5.1412086
ISIC_0070730,-4.974915,8.837016
ISIC_0070731,-2.7020628,4.6675324
ISIC_0070732,-0.31444418,9.329902
ISIC_0070733,0.4155816,10.08351
ISIC_0070734,0.31765926,7.462485
ISIC_0070735,-2.87589,7.8273454
ISIC_0070736,-2.659925,8.685872
ISIC_0070737,-5.1442575,6.480133
ISIC_0070739,-1.1540809,9.433304
ISIC_0070741,1.6694331,9.372295
ISIC_0070742,-1.5910232,6.8875523
ISIC_0070743,0.46450365,9.969527
ISIC_0070744,-4.5818186,6.735622
ISIC_0070745,-2.809353,5.846909
ISIC_0070747,-2.2127745,5.0423474
ISIC_0070748,-1.2861589,5.432933
ISIC_0070749,-4.935857,6.2472396
ISIC_0070751,-4.007284,8.852589
ISIC_0070752,-2.5696805,5.812226
ISIC_0070754,-0.8405261,6.95827
ISIC_0070756,-1.8819526,5.3364234
ISIC_0070761,-4.415451,6.3040524
ISIC_0070763,-3.9760773,4.020546
ISIC_0070764,-3.9212859,9.471901
ISIC_0070765,-4.95574,8.2085085
ISIC_0070766,-3.906261,4.8599997
ISIC_0070770,-3.9077172,8.557974
ISIC_0070771,-3.498263,6.080788
ISIC_0070773,-2.6326244,6.9392085
ISIC_0070774,-5.4911795,8.46186
ISIC_0070778,-4.7292523,6.1977067
ISIC_0070780,-5.1667237,8.345862
ISIC_0070781,-0.30019668,8.406511
ISIC_0070784,-2.6636896,5.656234
ISIC_0070785,-1.7909005,9.406795
ISIC_0070786,-3.7448714,5.7641068
ISIC_0070787,-3.3816466,6.461293
ISIC_0070790,-0.79604924,5.994465
ISIC_0070791,-1.9319932,6.532722
ISIC_0070794,-4.1059465,7.506391
ISIC_0070796,-4.484992,7.3559613
ISIC_0070799,-4.770091,6.7332783
ISIC_0070800,-6.399046,8.707289
ISIC_0070801,-3.5499184,5.562646
ISIC_0070802,-0.65309525,5.517023
ISIC_0070805,-5.9044247,8.879715
ISIC_0070806,-3.7901714,4.692643
ISIC_0070807,0.36883187,8.204427
ISIC_0070808,-2.2360778,10.122194
ISIC_0070809,-3.7079637,7.725839
ISIC_0070814,-3.4646978,6.5211363
ISIC_0070815,1.0437043,6.60227
ISIC_0070816,-2.5139096,7.521389
ISIC_0070818,-5.2261944,7.224489
ISIC_0070819,-0.5874292,8.62665
ISIC_0070822,-1.6639585,5.4572296
ISIC_0070824,-0.98534906,10.217028
ISIC_0070825,-1.3163633,5.1963973
ISIC_0070827,-1.3571683,9.853937
ISIC_0070829,0.022299847,9.924356
ISIC_0070831,-0.58056206,5.979413
ISIC_0070832,-2.1163661,8.01865
ISIC_0070833,-2.7069588,6.385728
ISIC_0070834,-4.3276916,8.276694
ISIC_0070836,-2.2983205,10.876283
ISIC_0070837,-0.28141177,6.930973
ISIC_0070838,-5.0227547,7.5334773
ISIC_0070840,-4.595909,6.5817795
ISIC_0070842,0.43055716,9.152072
ISIC_0070844,-2.308251,5.6089396
ISIC_0070846,0.2814064,6.5364556
ISIC_0070847,-3.4371684,5.9759464
ISIC_0070850,-4.6477385,8.935883
ISIC_0070852,-1.5547701,9.522995
ISIC_0070857,-6.4287496,8.744888
ISIC_0070858,-0.8690388,8.927232
ISIC_0070863,-0.7950063,6.489733
ISIC_0070867,-1.2985876,9.365145
ISIC_0070868,-1.4856347,5.5180526
ISIC_0070869,-2.1941109,8.083094
ISIC_0070870,0.18581769,7.5311527
ISIC_0070871,-2.5820005,5.727872
ISIC_0070875,-4.2901826,7.4471745
ISIC_0070883,-3.509145,7.58989
ISIC_0070885,-2.1276045,9.680159
ISIC_0070886,-4.8638973,6.748148
ISIC_0070887,-4.4899125,4.7631936
ISIC_0070888,-1.067937,5.6160603
ISIC_0070889,-1.9911042,10.573278
ISIC_0070891,-2.1344821,7.185792
ISIC_0070893,-2.4841254,5.8865757
ISIC_0070895,0.22429895,8.175873
ISIC_0070900,-4.257869,3.7899587
ISIC_0070902,-1.8133069,10.939111
ISIC_0070903,-6.9686522,7.782563
ISIC_0070907,-3.0765042,6.5301466
ISIC_0070910,-0.20050102,6.4418826
ISIC_0070911,-2.1526153,7.7069483
ISIC_0070913,0.649405,9.821416
ISIC_0070916,0.31239724,6.9226213
ISIC_0070918,-5.8474874,6.4714766
ISIC_0070920,0.46457008,7.9366045
ISIC_0070922,-3.2526906,3.4381826
ISIC_0070924,1.7273942,9.314626
ISIC_0070925,-5.6614275,8.719897
ISIC_0070927,0.7064141,8.832313
ISIC_0070930,-2.6978042,4.2661557
ISIC_0070935,-1.8930829,7.285386
ISIC_0070937,-6.7190475,7.545195
ISIC_0070938,-3.5751345,4.224803
ISIC_0070940,-1.8848379,5.48725
ISIC_0070941,-5.3464947,9.186335
ISIC_0070945,-2.9289703,3.2193944
ISIC_0070949,-2.0287051,5.65318
ISIC_0070950,-0.36377162,5.199093
ISIC_0070951,-3.2980952,8.359191
ISIC_0070953,0.0539116,8.611822
ISIC_0070954,-4.31016,8.004655
ISIC_0070955,-0.16181889,8.927916
ISIC_0070958,-4.5199685,7.4360256
ISIC_0070959,0.64057314,9.771867
ISIC_0070961,-5.4699078,5.426257
ISIC_0070964,-2.9612308,4.7829947
ISIC_0070966,-0.50031054,9.474823
ISIC_0070967,-0.79172355,5.282756
ISIC_0070969,-4.00471,8.443488
ISIC_0070970,-1.6851075,4.4618263
ISIC_0070973,-3.077763,9.877597
ISIC_0070974,0.522464,9.470346
ISIC_0070976,-0.7955915,9.89187
ISIC_0070979,-0.93688184,5.371276
ISIC_0070980,-6.706578,7.2532053
ISIC_0070981,-1.0794386,7.033389
ISIC_0070983,-3.3371427,6.063955
ISIC_0070984,-0.98108864,5.992206
ISIC_0070987,-5.305057,6.0539174
ISIC_0070988,-0.7933307,6.609715
ISIC_0070989,-0.6848298,9.746552
ISIC_0070990,-2.0222504,4.5661983
ISIC_0070992,-5.409761,5.7686744
ISIC_0070993,-2.994037,6.4231973
ISIC_0070994,-3.6399567,8.458433
ISIC_0070995,-2.762856,5.084849
ISIC_0070998,-5.844324,5.7094994
ISIC_0071001,-5.2849684,6.80484
ISIC_0071004,-4.078523,8.579622
ISIC_0071005,-1.6231147,4.6833725
ISIC_0071006,0.6030593,9.205372
ISIC_0071007,0.32433343,7.8827605
ISIC_0071008,-2.9652681,5.1237655
ISIC_0071010,-4.354722,8.307152
ISIC_0071011,-3.7074103,6.5167017
ISIC_0071012,-1.993383,4.7006087
ISIC_0071013,-1.9336298,5.881145
ISIC_0071017,-5.6892867,8.618049
ISIC_0071020,-1.3749713,5.217175
ISIC_0071021,-6.0224605,8.72025
ISIC_0071023,-1.5540822,7.7939076
ISIC_0071026,-4.497284,7.8977456
ISIC_0071028,-5.138789,8.547854
ISIC_0071030,-3.0878968,8.009534
ISIC_0071032,-4.2982383,4.3959613
ISIC_0071033,-4.3619866,6.7196712
ISIC_0071034,-4.8140197,7.937761
ISIC_0071035,-3.088761,3.7751224
ISIC_0071038,-4.357018,7.08565
ISIC_0071039,-1.8448153,5.9265966
ISIC_0071043,-1.0521104,6.687037
ISIC_0071045,-2.6988811,4.805785
ISIC_0071046,-0.7544806,9.117663
ISIC_0071047,-4.241756,5.7981424
ISIC_0071048,-2.0126493,5.2463827
ISIC_0071053,-2.6316447,8.755351
ISIC_0071058,-3.2119932,7.7489543
ISIC_0071063,-2.6886852,9.188277
ISIC_0071067,-1.2799103,10.749698
ISIC_0071068,-7.0047207,8.011463
ISIC_0071069,-1.9118371,5.7389407
ISIC_0071071,-0.8913433,6.5856338
ISIC_0071074,-2.253898,5.2475233
ISIC_0071076,-2.0834084,6.522418
ISIC_0071077,-4.0517044,9.212404
ISIC_0071078,-1.6908334,9.286795
ISIC_0071079,-5.140665,4.550701
ISIC_0071080,-4.048011,7.350465
ISIC_0071081,-0.81077987,4.9834323
ISIC_0071082,-2.5649471,7.0845814
ISIC_0071085,-0.577815,8.336676
ISIC_0071087,-0.14124678,9.803553
ISIC_0071088,-5.04627,8.397755
ISIC_0071089,-3.3559022,3.9712167
ISIC_0071093,-0.0054266355,8.69617
ISIC_0071095,-3.4509594,4.5432916
ISIC_0071097,-5.8351803,8.697131
ISIC_0071099,-1.4555674,4.8978343
ISIC_0071101,0.4174105,6.450736
ISIC_0071102,-3.2466948,6.4760203
ISIC_0071103,-1.453091,10.3237295
ISIC_0071105,-5.3765125,8.794093
ISIC_0071108,0.49354458,9.584475
ISIC_0071109,1.1619766,6.574927
ISIC_0071110,-3.9282897,9.427059
ISIC_0071111,-4.1987214,6.832788
ISIC_0071113,-0.7260341,6.550667
ISIC_0071114,-0.8971007,6.4538074
ISIC_0071116,-2.3359303,4.450718
ISIC_0071119,-4.079583,6.467429
ISIC_0071122,-2.992422,5.335205
ISIC_0071123,-5.252675,6.7471294
ISIC_0071124,-4.2855444,7.431227
ISIC_0071126,-2.860946,10.26877
ISIC_0071127,-2.470001,4.869812
ISIC_0071129,-4.3505616,6.6775236
ISIC_0071132,-2.5096712,5.575034
ISIC_0071133,-5.6352415,6.2760525
ISIC_0071134,-2.1566737,6.1933737
ISIC_0071137,-1.4630466,4.7400937
ISIC_0071138,-0.65695953,9.317297
ISIC_0071142,0.35105658,7.311175
ISIC_0071143,-5.8710394,7.6121984
ISIC_0071144,-5.1619377,9.19422
ISIC_0071147,-3.623944,3.8353653
ISIC_0071149,-5.5194964,7.079539
ISIC_0071151,0.4540137,8.009515
ISIC_0071152,-4.5662584,5.8277583
ISIC_0071156,-2.5499523,4.847085
ISIC_0071157,0.3956029,9.513537
ISIC_0071159,-4.844414,8.152047
ISIC_0071163,-2.4365804,7.5898423
ISIC_0071164,-5.4791293,9.063731
ISIC_0071165,-6.6413937,7.351113
ISIC_0071166,-5.187842,7.5422173
ISIC_0071169,0.64299744,7.5123057
ISIC_0071170,-5.7844133,8.565016
ISIC_0071171,-4.8215404,8.96316
ISIC_0071172,-0.54581624,6.2229614
ISIC_0071176,-0.28621066,8.435503
ISIC_0071177,-2.636378,10.322541
ISIC_0071178,-0.16093126,9.848214
ISIC_0071180,-1.8384264,6.643517
ISIC_0071181,-2.5812333,5.942107
ISIC_0071182,-2.2834346,9.960906
ISIC_0071185,-4.830917,9.564329
ISIC_0071188,-1.7695357,5.856316
ISIC_0071194,-2.9627113,10.048001
ISIC_0071195,-4.2928815,5.008963
ISIC_0071196,0.10512822,6.835628
ISIC_0071198,-4.929909,8.474367
ISIC_0071199,-1.8036072,4.790663
ISIC_0071202,-4.0590057,3.5769947
ISIC_0071207,-1.9850937,9.741969
ISIC_0071208,-2.8041852,3.9830682
ISIC_0071212,-1.7224075,5.8310957
ISIC_0071215,-2.4101834,7.117705
ISIC_0071216,-6.2220817,8.923769
ISIC_0071218,0.32113513,8.659197
ISIC_0071221,-2.7303705,9.608203
ISIC_0071222,1.7239677,9.378946
ISIC_0071223,-2.545207,9.513659
ISIC_0071230,-2.4063997,10.214815
ISIC_0071233,0.051034987,10.021883
ISIC_0071235,-2.9395337,5.043541
ISIC_0071236,-6.1536856,8.389628
ISIC_0071237,1.9957045,9.209585
ISIC_0071238,0.7211285,7.519144
ISIC_0071240,-4.838068,6.729311
ISIC_0071241,-2.1111562,5.211195
ISIC_0071242,-1.8886873,5.955841
ISIC_0071245,-2.9089844,9.765964
ISIC_0071248,-4.263416,4.019207
ISIC_0071250,-3.5260842,6.5989456
ISIC_0071253,0.49390706,9.418882
ISIC_0071255,0.17253157,9.488319
ISIC_0071257,-5.35389,7.274317
ISIC_0071258,-0.89203185,9.989858
ISIC_0071259,-0.4814918,10.502348
ISIC_0071260,-2.9125576,10.5758505
ISIC_0071261,-4.459135,8.658255
ISIC_0071262,-3.1208422,5.590342
ISIC_0071266,-1.0829157,7.2180767
ISIC_0071269,-4.0168986,4.539108
ISIC_0071270,-4.9836574,6.5045834
ISIC_0071271,-4.295031,8.33719
ISIC_0071274,-1.2076477,10.634261
ISIC_0071281,-1.6392958,10.145345
ISIC_0071283,-5.787105,8.119122
ISIC_0071284,-4.0413423,6.342539
ISIC_0071285,-1.8449605,6.421718
ISIC_0071286,-4.159412,4.623235
ISIC_0071287,-3.425249,9.618363
ISIC_0071289,-2.033567,5.0094433
ISIC_0071290,0.59034306,9.325136
ISIC_0071291,-5.2158155,8.02566
ISIC_0071292,-3.6042209,8.61879
ISIC_0071294,-1.4005772,7.9143085
ISIC_0071295,-2.5561612,6.347212
ISIC_0071296,-2.0363092,4.6981544
ISIC_0071297,-0.7021551,8.8251295
ISIC_0071299,-2.7718723,3.7382104
ISIC_0071300,-2.1840944,9.055859
ISIC_0071301,2.5665183,4.3020306
ISIC_0071302,-1.8865336,9.605938
ISIC_0071303,-3.1999753,4.067991
ISIC_0071304,-5.1233954,7.667805
ISIC_0071305,-3.264596,4.8695517
ISIC_0071308,-2.6860561,7.44254
ISIC_0071311,-1.6985782,10.380508
ISIC_0071315,0.59122115,10.046758
ISIC_0071317,-3.4318612,5.4870214
ISIC_0071320,-1.0326952,10.118267
ISIC_0071323,-2.3674445,5.390219
ISIC_0071326,-3.828797,4.966413
ISIC_0071327,-3.8343208,4.80498
ISIC_0071329,-1.008262,9.721095
ISIC_0071331,-2.7183187,7.258629
ISIC_0071332,1.7494005,9.275882
ISIC_0071333,-4.4377337,7.305746
ISIC_0071334,-1.326901,9.952315
ISIC_0071335,-1.4373293,4.8904505
ISIC_0071338,-5.4810143,8.351143
ISIC_0071342,-2.5956004,4.404612
ISIC_0071343,2.0269158,9.13886
ISIC_0071345,-0.41756546,8.329284
ISIC_0071346,-0.43317738,10.025799
ISIC_0071347,0.15076885,10.050656
ISIC_0071351,-0.026788529,7.2361956
ISIC_0071355,-4.0542297,4.3507395
ISIC_0071356,-1.4338627,10.699233
ISIC_0071357,-1.0536903,5.8036613
ISIC_0071358,-3.0160234,5.707532
ISIC_0071361,0.10182262,6.690837
ISIC_0071365,-1.7108775,7.202762
ISIC_0071366,-1.5777171,6.939792
ISIC_0071369,0.4993243,7.731053
ISIC_0071372,-4.4639263,5.0988607
ISIC_0071374,-2.8057296,5.169692
ISIC_0071375,-5.9916553,8.27226
ISIC_0071377,-0.7012799,9.445448
ISIC_0071384,-1.8365221,4.889189
ISIC_0071385,-4.0803657,7.9037557
ISIC_0071388,-0.50481594,5.9033265
ISIC_0071392,0.50864714,9.814756
ISIC_0071395,-0.12967615,9.99088
ISIC_0071397,-2.6502686,3.9343114
ISIC_0071398,-1.77153,5.1402736
ISIC_0071399,-0.78639144,9.978426
ISIC_0071400,-4.166391,8.945726
ISIC_0071401,-3.054647,4.2129407
ISIC_0071402,-5.153977,6.8657975
ISIC_0071403,-2.854379,9.565504
ISIC_0071404,-4.259318,7.6133738
ISIC_0071407,-0.32193643,5.2882648
ISIC_0071410,-1.1649522,9.623809
ISIC_0071411,-1.0479835,7.6495967
ISIC_0071417,-2.478209,4.2975693
ISIC_0071418,-1.904742,9.814499
ISIC_0071420,-1.29494,10.206934
ISIC_0071421,-4.3521175,9.13194
ISIC_0071422,-0.6676355,8.9674425
ISIC_0071424,-1.745847,4.954912
ISIC_0071426,-0.070509955,10.335612
ISIC_0071428,-3.271434,4.3152404
ISIC_0071430,-5.1035995,8.565731
ISIC_0071431,0.009658907,6.8424463
ISIC_0071432,-7.265427,8.250256
ISIC_0071433,-1.3365635,7.2079153
ISIC_0071437,-4.55374,8.469647
ISIC_0071438,-1.5846407,6.6017375
ISIC_0071440,-0.95754933,5.015756
ISIC_0071443,-3.7136996,5.6254234
ISIC_0071444,-1.1999077,5.112315
ISIC_0071446,-2.3120759,7.77776
ISIC_0071447,0.1441912,6.5481124
ISIC_0071448,-0.20660515,7.261286
ISIC_0071449,-0.2842858,9.5088415
ISIC_0071450,-4.214607,7.1963644
ISIC_0071452,0.21175446,10.352156
ISIC_0071454,-5.5030227,7.748082
ISIC_0071456,-5.105141,8.179117
ISIC_0071458,-4.490971,6.775301
ISIC_0071459,-1.0968858,10.629666
ISIC_0071460,-5.9451094,9.281917
ISIC_0071461,-0.57343,8.839864
ISIC_0071464,-2.1288347,10.249871
ISIC_0071466,-1.9499378,5.0401697
ISIC_0071467,-5.6213923,8.597576
ISIC_0071469,-0.4827744,10.625334
ISIC_0071470,-0.67372155,10.094241
ISIC_0071476,0.46230918,10.010399
ISIC_0071478,-4.691938,5.968135
ISIC_0071479,-3.1713154,4.9199066
ISIC_0071483,-1.5794544,8.849622
ISIC_0071485,-3.1937258,5.826753
ISIC_0071488,-1.935072,7.6355677
ISIC_0071489,1.9619743,9.185446
ISIC_0071490,-0.07266111,8.9195175
ISIC_0071491,-1.4603906,6.7383223
ISIC_0071493,-5.7241898,7.8996825
ISIC_0071497,2.0135286,9.174931
ISIC_0071499,-5.1694746,4.763738
ISIC_0071500,-1.6001611,6.9063516
ISIC_0071502,-1.1576136,5.544291
ISIC_0071506,-2.9399297,8.450123
ISIC_0071508,-5.3926992,9.135733
ISIC_0071512,-5.1580253,6.5949435
ISIC_0071514,-4.964261,7.943397
ISIC_0071515,-2.1572876,4.606418
ISIC_0071516,-1.7364826,9.68728
ISIC_0071518,-1.3886863,7.118205
ISIC_0071519,-3.546621,4.180038
ISIC_0071523,-3.4620144,5.538177
ISIC_0071524,-1.5688987,6.8588963
ISIC_0071525,-2.8863008,9.98518
ISIC_0071526,-2.6047454,7.39374
ISIC_0071528,-5.077942,6.7914376
ISIC_0071529,-0.5430195,9.087252
ISIC_0071531,-3.598843,5.2336698
ISIC_0071533,-0.52336967,7.8980308
ISIC_0071534,-3.1493752,4.5189753
ISIC_0071539,-4.202576,8.530541
ISIC_0071545,-0.12562126,7.9455004
ISIC_0071546,-3.8109992,5.849947
ISIC_0071548,-2.656227,5.1093893
ISIC_0071550,-1.2227621,9.615947
ISIC_0071551,-3.498779,4.693026
ISIC_0071552,-5.453307,7.3131576
ISIC_0071554,-6.0092463,7.1887803
ISIC_0071556,-0.935298,10.8105545
ISIC_0071558,-3.5938025,7.0676403
ISIC_0071559,-4.7646084,7.1175685
ISIC_0071560,-2.2327888,6.2403607
ISIC_0071561,-4.2255836,4.730448
ISIC_0071563,0.82305485,7.023159
ISIC_0071564,0.5876926,9.901592
ISIC_0071565,-4.2461863,8.0751095
ISIC_0071567,1.7045479,9.272201
ISIC_0071568,-2.7411199,3.9917893
ISIC_0071572,-2.502642,8.774807
ISIC_0071573,-2.038657,9.280527
ISIC_0071576,-4.0682087,6.8149667
ISIC_0071579,-3.5553617,5.735338
ISIC_0071580,-3.5783317,4.3976836
ISIC_0071583,0.04293888,8.089572
ISIC_0071584,-5.207771,7.1044664
ISIC_0071586,-3.7094834,7.9965925
ISIC_0071589,-2.3498101,4.301286
ISIC_0071592,-2.1528273,4.156935
ISIC_0071594,-2.602069,5.1164045
ISIC_0071595,-6.8454566,8.315562
ISIC_0071596,-6.4329944,7.679813
ISIC_0071597,-2.2038863,8.928526
ISIC_0071599,-0.8458356,9.866873
ISIC_0071600,-2.660659,9.087061
ISIC_0071602,-4.82586,8.520989
ISIC_0071604,-1.247137,10.14335
ISIC_0071609,-0.64095515,6.0975475
ISIC_0071618,-2.978702,3.5626323
ISIC_0071619,-2.1826077,7.924026
ISIC_0071622,-5.6200504,7.9179873
ISIC_0071625,-4.9304643,8.306569
ISIC_0071627,-1.9702322,9.525744
ISIC_0071628,-0.4188413,6.925364
ISIC_0071630,-5.0437536,6.1281347
ISIC_0071631,-1.1212665,5.416881
ISIC_0071632,-1.1235256,10.31127
ISIC_0071635,-4.673228,8.529311
ISIC_0071637,-1.3630443,5.2895093
ISIC_0071639,-0.54235125,8.666375
ISIC_0071645,-5.5824933,7.924728
ISIC_0071646,-0.011894568,8.075744
ISIC_0071648,0.6337114,7.1438823
ISIC_0071650,-4.909062,9.185838
ISIC_0071651,-0.10221049,8.64446
ISIC_0071654,-5.444221,8.367898
ISIC_0071655,-3.3816416,4.739229
ISIC_0071658,0.27306733,8.907546
ISIC_0071659,-1.2368622,6.463852
ISIC_0071661,-1.6243012,5.2604136
ISIC_0071662,-4.8081517,6.986558
ISIC_0071663,-2.6306138,5.5096126
ISIC_0071664,-3.8305974,4.0440497
ISIC_0071666,-6.9777627,8.365226
ISIC_0071667,-2.2945285,4.7024527
ISIC_0071668,-4.77981,7.073506
ISIC_0071669,-4.296718,9.485808
ISIC_0071670,-1.6351026,4.825194
ISIC_0071673,0.053057257,6.648874
ISIC_0071674,-4.702617,8.776174
ISIC_0071678,-4.127474,4.4839025
ISIC_0071679,-0.16143982,9.1614275
ISIC_0071684,-3.422756,4.6064878
ISIC_0071687,-1.1794649,5.7555695
ISIC_0071690,0.17138055,9.019633
ISIC_0071692,-1.3315536,5.585818
ISIC_0071694,-1.3495753,5.684439
ISIC_0071696,-5.1145883,6.982255
ISIC_0071697,-2.5858655,6.1313157
ISIC_0071701,-4.5034523,7.2712445
ISIC_0071702,-5.9444213,6.710968
ISIC_0071707,-0.106015004,7.831745
ISIC_0071708,-1.6931491,5.0365696
ISIC_0071711,-0.12972307,8.101567
ISIC_0071713,1.1308649,6.610658
ISIC_0071714,-0.705843,10.007571
ISIC_0071715,-0.58688337,10.349241
ISIC_0071716,-2.2527232,8.418848
ISIC_0071717,-1.5991558,4.817296
ISIC_0071718,-2.2077632,9.046643
ISIC_0071719,-5.796176,7.7516794
ISIC_0071720,-0.74421257,5.8234
ISIC_0071724,-3.6340456,9.729566
ISIC_0071725,-2.6825275,5.0389433
ISIC_0071726,-3.4459903,6.4875484
ISIC_0071727,0.24232668,9.859579
ISIC_0071730,-2.3532233,6.9340253
ISIC_0071731,-3.0161846,5.188919
ISIC_0071733,-5.398905,8.841908
ISIC_0071735,-3.7748315,7.1317463
ISIC_0071738,-6.046854,8.474667
ISIC_0071740,-3.4376273,4.374277
ISIC_0071742,-3.776002,7.1420875
ISIC_0071747,-1.9833719,4.81616
ISIC_0071749,-4.0369663,7.1913657
ISIC_0071750,-3.2818081,5.515522
ISIC_0071751,0.5293023,7.826758
ISIC_0071752,-2.6355457,5.472914
ISIC_0071753,-0.32802185,10.151629
ISIC_0071755,-3.8828275,8.684667
ISIC_0071756,-1.2442718,7.1901417
ISIC_0071757,-0.6264682,8.006474
ISIC_0071758,-2.0081573,7.0231843
ISIC_0071759,-3.0418468,7.458161
ISIC_0071760,-1.7081329,10.881079
ISIC_0071762,0.058538236,5.6298356
ISIC_0071763,-2.1587515,5.777782
ISIC_0071765,-0.41961303,8.313473
ISIC_0071766,0.34241307,6.8585324
ISIC_0071767,-1.9739358,6.912992
ISIC_0071772,-2.1547048,7.8651247
ISIC_0071773,-0.4523763,10.47179
ISIC_0071774,-2.7106605,5.1213
ISIC_0071776,0.22985083,7.957371
ISIC_0071778,-3.2228756,4.9380064
ISIC_0071779,1.7822815,9.280516
ISIC_0071782,0.37549102,8.816107
ISIC_0071783,-2.6177914,4.298796
ISIC_0071784,-1.5656434,9.137416
ISIC_0071788,-2.5633428,6.988925
ISIC_0071789,-5.2510233,6.761908
ISIC_0071792,-6.1347346,8.023912
ISIC_0071794,-0.05687375,8.192401
ISIC_0071795,-2.0732136,7.6813297
ISIC_0071796,-4.205047,8.391049
ISIC_0071797,-0.37242505,6.8564057
ISIC_0071800,-2.2069614,6.008368
ISIC_0071805,-5.9316916,8.150721
ISIC_0071806,-3.8888137,6.7054257
ISIC_0071807,-3.110994,6.6211433
ISIC_0071808,0.30016473,9.710823
ISIC_0071809,-5.123597,8.122585
ISIC_0071814,-3.0533464,4.863721
ISIC_0071815,-0.26824638,9.561207
ISIC_0071822,-3.6039994,7.765786
ISIC_0071824,-1.5102135,9.915887
ISIC_0071828,0.1515868,8.814258
ISIC_0071831,-4.2465987,6.485913
ISIC_0071832,-5.761855,6.886068
ISIC_0071834,-2.8888078,6.215107
ISIC_0071835,-4.1120944,9.586418
ISIC_0071836,-0.57744294,9.60085
ISIC_0071837,-3.012829,8.049549
ISIC_0071840,-3.6754513,3.9266388
ISIC_0071841,-1.8954813,11.004962
ISIC_0071846,-1.5423692,9.434935
ISIC_0071848,-2.9071963,6.3704367
ISIC_0071849,-2.6447227,9.678958
ISIC_0071855,-5.4337244,8.54185
ISIC_0071857,-0.03670954,7.802025
ISIC_0071858,-0.11492406,7.6419296
ISIC_0071859,-0.37902158,4.703053
ISIC_0071860,-4.271781,6.781136
ISIC_0071864,-1.4112306,9.2472515
ISIC_0071865,-1.1002028,9.507048
ISIC_0071866,-0.9394992,9.937661
ISIC_0071867,-0.5013297,5.550345
ISIC_0071868,-1.1122878,10.456678
ISIC_0071869,-3.2659872,7.788694
ISIC_0071871,-1.6661384,5.544277
ISIC_0071872,-5.2320547,8.085328
ISIC_0071874,-4.9391966,8.975916
ISIC_0071875,0.653426,7.4974594
ISIC_0071877,-1.0746061,8.583265
ISIC_0071880,-3.5866654,6.9988933
ISIC_0071882,-5.5531187,8.181022
ISIC_0071883,-5.4253287,7.0153923
ISIC_0071884,-5.0292997,5.941123
ISIC_0071885,-0.02408636,8.887836
ISIC_0071886,-3.901386,7.661935
ISIC_0071887,-0.32254317,7.7805285
ISIC_0071891,-0.802309,6.3423805
ISIC_0071892,-2.8198018,5.2300353
ISIC_0071893,-2.9443598,7.14247
ISIC_0071896,-4.5237365,8.699219
ISIC_0071897,-3.742458,6.624855
ISIC_0071898,-1.5784559,7.5043483
ISIC_0071899,-2.2560198,6.804068
ISIC_0071901,-2.4400322,4.761411
ISIC_0071902,-1.63614,10.190278
ISIC_0071904,-4.578846,9.171668
ISIC_0071905,-1.0008191,7.635611
ISIC_0071906,-4.189935,6.802369
ISIC_0071909,-5.189611,8.173957
ISIC_0071914,-6.204354,8.446082
ISIC_0071916,-3.9364233,4.8750525
ISIC_0071919,-0.11825801,5.3627877
ISIC_0071920,0.68216735,8.391934
ISIC_0071923,1.4299839,9.569966
ISIC_0071925,-5.29205,9.046042
ISIC_0071926,-0.5032599,10.150716
ISIC_0071930,-2.4585257,7.046909
ISIC_0071931,-3.5795605,4.0399847
ISIC_0071935,-5.6833334,8.618712
ISIC_0071936,-2.9486816,10.573454
ISIC_0071939,-2.9089854,10.514988
ISIC_0071941,-4.706128,8.546825
ISIC_0071942,-3.0122402,6.685288
ISIC_0071944,-3.6479726,6.5328097
ISIC_0071945,-1.5171368,9.614566
ISIC_0071946,-1.5634538,5.1649685
ISIC_0071948,-2.0242527,4.601096
ISIC_0071949,-0.7057284,10.488635
ISIC_0071950,-2.3712122,4.899915
ISIC_0071951,-1.2634118,5.680639
ISIC_0071953,0.062926315,7.6028967
ISIC_0071954,-4.5898924,6.901898
ISIC_0071955,0.5173828,9.568101
ISIC_0071957,-2.458195,9.944448
ISIC_0071961,-3.9993174,7.46739
ISIC_0071967,-3.0974212,5.905896
ISIC_0071968,-2.6072595,5.0402546
ISIC_0071969,-2.1139429,3.37288
ISIC_0071970,-5.2827573,6.518197
ISIC_0071972,-3.7869315,6.5122643
ISIC_0071973,-5.046402,8.848197
ISIC_0071976,-4.666147,7.0447755
ISIC_0071982,-1.7900294,4.692539
ISIC_0071984,-3.9951196,3.7955112
ISIC_0071985,-0.26645377,7.131391
ISIC_0071986,-5.425292,8.096396
ISIC_0071987,0.017174402,7.3230076
ISIC_0071989,0.02257635,9.177785
ISIC_0071991,-1.8096522,9.396295
ISIC_0071992,-2.423469,9.51592
ISIC_0071994,-1.757991,10.760945
ISIC_0071996,-1.2985892,9.558716
ISIC_0071997,0.7540993,9.702189
ISIC_0071998,-3.8862877,6.5706053
ISIC_0071999,-3.6719606,7.5626473
ISIC_0072000,-4.563336,7.9667816
ISIC_0072001,-1.9974501,9.813871
ISIC_0072002,-0.4146578,8.784466
ISIC_0072003,-2.0021448,5.279131
ISIC_0072004,-7.0511503,8.71265
ISIC_0072005,0.58933645,9.73858
ISIC_0072006,-2.326777,5.119471
ISIC_0072007,-5.370622,5.268791
ISIC_0072010,0.52952474,8.032461
ISIC_0072011,-5.973638,8.6523695
ISIC_0072013,-1.3599123,9.403466
ISIC_0072016,-6.474644,8.975506
ISIC_0072018,-0.66668236,10.068017
ISIC_0072020,-3.551979,7.2018547
ISIC_0072021,0.11096292,10.023568
ISIC_0072022,-2.1106265,5.205705
ISIC_0072023,-1.51346,7.2392955
ISIC_0072024,-0.6082787,9.757185
ISIC_0072026,-1.8442096,9.465693
ISIC_0072029,-0.22198994,6.967358
ISIC_0072030,-3.9692097,4.2898226
ISIC_0072031,-1.2177687,4.7114887
ISIC_0072032,-2.462784,4.9778657
ISIC_0072034,0.25587004,8.663882
ISIC_0072035,1.6532426,9.110674
ISIC_0072037,-2.532905,5.310195
ISIC_0072041,-0.6320253,9.407597
ISIC_0072043,-5.6002336,7.946107
ISIC_0072045,-2.5123134,6.9825864
ISIC_0072047,-4.3406434,9.56284
ISIC_0072048,-2.2351186,6.872601
ISIC_0072049,-4.700315,9.424293
ISIC_0072050,-0.18417367,9.822052
ISIC_0072051,-3.78243,5.8050528
ISIC_0072052,-2.09955,4.693411
ISIC_0072054,-4.3789515,8.842001
ISIC_0072057,-3.538001,5.174159
ISIC_0072058,-1.2110108,7.0204644
ISIC_0072061,-2.632134,4.1572304
ISIC_0072063,-2.0606647,5.3413997
ISIC_0072065,-5.438847,8.805783
ISIC_0072066,-0.41498962,5.412132
ISIC_0072067,-3.506903,8.13545
ISIC_0072069,0.041276097,6.639821
ISIC_0072070,-0.45563444,9.653182
ISIC_0072072,-2.783645,4.3200502
ISIC_0072074,-3.8041255,5.0112205
ISIC_0072075,-0.079433456,7.292007
ISIC_0072077,-1.5890847,10.367331
ISIC_0072078,-2.6732688,5.2454658
ISIC_0072080,-2.5027,9.535529
ISIC_0072081,-2.7915182,5.0594535
ISIC_0072083,-6.6591144,7.38312
ISIC_0072084,-5.632017,9.398791
ISIC_0072085,-5.8268356,9.037546
ISIC_0072086,-1.4898353,5.499174
ISIC_0072087,-2.1810956,6.318636
ISIC_0072090,-1.2768806,5.57599
ISIC_0072091,-2.3676841,8.892045
ISIC_0072094,-5.3124676,6.086332
ISIC_0072095,-6.2501764,7.9707294
ISIC_0072096,-0.6665785,7.728337
ISIC_0072097,-5.3064384,6.191383
ISIC_0072099,-0.4576722,9.627286
ISIC_0072100,-1.8876724,11.02673
ISIC_0072101,-1.6446697,5.5637965
ISIC_0072102,-1.9959426,10.598628
ISIC_0072103,-1.3699845,6.3885508
ISIC_0072105,-0.7150686,5.40745
ISIC_0072107,-1.9709871,7.8876877
ISIC_0072108,-0.64265716,6.8609514
ISIC_0072109,-0.5769395,8.444479
ISIC_0072111,-1.8743633,7.6587906
ISIC_0072114,-0.19365513,8.641234
ISIC_0072116,-3.619394,9.600955
ISIC_0072117,-2.455713,9.52723
ISIC_0072120,-4.597279,4.7476263
ISIC_0072121,-1.3561786,5.4101553
ISIC_0072122,0.5991116,10.032183
ISIC_0072123,-5.69414,4.6522646
ISIC_0072124,0.15661445,7.926654
ISIC_0072125,-3.4366198,6.6116223
ISIC_0072126,-4.3186827,6.3847265
ISIC_0072127,-1.9851031,4.494967
ISIC_0072129,-2.8189466,6.2264333
ISIC_0072130,-2.4126492,3.9414265
ISIC_0072131,0.3784304,8.692617
ISIC_0072133,1.7840626,9.228761
ISIC_0072135,-0.9527968,6.170187
ISIC_0072138,-5.0430307,8.242585
ISIC_0072139,-0.24449816,8.878081
ISIC_0072140,0.45913005,8.650211
ISIC_0072141,-0.8012244,7.624751
ISIC_0072142,0.52627236,10.038495
ISIC_0072144,-5.3549123,6.4761696
ISIC_0072145,-7.2169886,8.187707
ISIC_0072149,-2.3805034,6.8196325
ISIC_0072151,-1.7411773,8.371865
ISIC_0072153,-4.689245,9.434269
ISIC_0072154,-1.3044746,6.8814764
ISIC_0072156,-2.6205637,4.9940944
ISIC_0072157,-1.9324532,9.637494
ISIC_0072160,-5.623397,8.002571
ISIC_0072161,-2.4956288,8.959707
ISIC_0072164,-4.166242,7.5708776
ISIC_0072165,-4.5459375,7.4214883
ISIC_0072166,0.8175813,7.4266615
ISIC_0072167,-1.9263526,9.399465
ISIC_0072172,-3.9362555,4.674965
ISIC_0072173,-1.1558337,5.2915745
ISIC_0072174,-1.0226753,5.5562067
ISIC_0072176,-2.071057,9.449881
ISIC_0072178,-1.7456043,7.75419
ISIC_0072180,-2.9143484,3.7832816
ISIC_0072182,-1.5530283,6.14833
ISIC_0072184,-0.7261837,9.49963
ISIC_0072185,-1.1550369,6.1253867
ISIC_0072186,-2.8582253,7.3761387
ISIC_0072188,0.064630724,8.789383
ISIC_0072190,-1.1897166,10.779079
ISIC_0072191,-1.1256094,4.50333
ISIC_0072192,-0.8989193,6.069521
ISIC_0072193,-1.3207883,9.761618
ISIC_0072195,-1.7568543,9.877703
ISIC_0072198,0.4852969,9.4905815
ISIC_0072201,0.17047724,9.389147
ISIC_0072203,-5.7542777,5.890971
ISIC_0072205,-0.55629003,10.088554
ISIC_0072206,-2.7845113,6.708264
ISIC_0072207,-1.6108296,9.699085
ISIC_0072208,-2.7131839,4.927476
ISIC_0072210,-1.3082496,6.3484974
ISIC_0072211,-5.7481365,8.526422
ISIC_0072215,-3.9367762,4.937134
ISIC_0072216,-1.9009684,5.212605
ISIC_0072217,-2.020664,7.6639047
ISIC_0072218,0.653317,9.153855
ISIC_0072219,-4.8775053,6.711899
ISIC_0072221,-5.7614856,7.212627
ISIC_0072223,-3.4111564,4.0230927
ISIC_0072224,-2.0012367,6.288617
ISIC_0072226,-2.5089457,10.181114
ISIC_0072229,0.41802877,8.086387
ISIC_0072230,-3.424518,9.124132
ISIC_0072231,-3.2044377,6.209832
ISIC_0072236,-2.6119256,5.132425
ISIC_0072238,0.14039426,9.401192
ISIC_0072239,-0.026651414,9.431882
ISIC_0072241,0.29048613,10.140462
ISIC_0072242,-1.5842572,9.705755
ISIC_0072244,-5.5875335,8.642415
ISIC_0072246,-4.0991096,4.5877852
ISIC_0072250,0.4645661,7.8925605
ISIC_0072251,-1.4540857,6.2362823
ISIC_0072252,-1.3500227,7.8949785
ISIC_0072255,-0.22929896,9.920124
ISIC_0072257,0.06779201,7.371569
ISIC_0072259,-4.956086,9.37191
ISIC_0072260,-0.38331965,10.433531
ISIC_0072262,-0.55750775,9.7383995
ISIC_0072263,-0.7338616,6.3632674
ISIC_0072265,-0.90396464,10.300327
ISIC_0072268,-0.060253587,7.15612
ISIC_0072269,-2.502205,9.005101
ISIC_0072270,-5.015787,7.143017
ISIC_0072271,-6.4120674,8.081535
ISIC_0072272,-5.562984,8.649062
ISIC_0072279,-0.30232468,10.163693
ISIC_0072280,-5.2933645,8.2996435
ISIC_0072284,-4.4583106,7.778489
ISIC_0072286,-2.1140728,4.284287
ISIC_0072287,0.24876547,10.049704
ISIC_0072290,-3.9876616,6.0367546
ISIC_0072293,-2.8317962,6.5683293
ISIC_0072294,-4.6466446,9.30337
ISIC_0072297,-4.7047625,5.1187696
ISIC_0072298,-5.3077335,7.310031
ISIC_0072299,-1.3614626,10.016417
ISIC_0072301,-5.511376,7.2034817
ISIC_0072306,-4.8264575,6.434385
ISIC_0072308,-5.5153246,6.920215
ISIC_0072309,-2.7037926,10.406624
ISIC_0072310,-2.1371324,5.8216515
ISIC_0072312,-6.4877234,7.0411725
ISIC_0072313,-6.0800977,8.657401
ISIC_0072314,-4.4150476,9.48764
ISIC_0072315,-0.45682728,5.046958
ISIC_0072324,-6.239652,7.1628275
ISIC_0072325,-5.9182754,7.974018
ISIC_0072327,0.68077815,6.516095
ISIC_0072328,0.34785685,8.598684
ISIC_0072329,-4.372602,9.007163
ISIC_0072330,-2.5826766,6.8081813
ISIC_0072331,-4.80722,9.328565
ISIC_0072334,-3.1332998,4.975667
ISIC_0072335,-6.9762087,6.935651
ISIC_0072339,0.18221666,8.9837055
ISIC_0072342,-6.378063,7.372395
ISIC_0072344,0.28212133,6.947438
ISIC_0072347,0.21360688,8.765149
ISIC_0072348,-3.5779202,6.9303865
ISIC_0072353,-0.28444567,6.9961677
ISIC_0072354,-5.049255,7.113992
ISIC_0072355,-2.6892388,7.531836
ISIC_0072356,-2.4247627,5.5004463
ISIC_0072358,0.5893322,9.45945
ISIC_0072359,-0.74315363,5.9770584
ISIC_0072360,0.6910005,7.5024934
ISIC_0072361,-0.42002738,6.845169
ISIC_0072363,0.32418913,7.0345945
ISIC_0072368,-3.8617876,8.484309
ISIC_0072369,-1.0375988,5.640691
ISIC_0072370,0.22543108,8.780956
ISIC_0072371,-2.4422596,10.212639
ISIC_0072374,-5.946255,7.420961
ISIC_0072375,-6.135209,7.277375
ISIC_0072376,-4.0904365,9.52091
ISIC_0072377,-4.0594883,6.198078
ISIC_0072380,-1.0239605,5.410084
ISIC_0072381,-3.3805633,3.8963635
ISIC_0072385,-1.3291205,5.790892
ISIC_0072388,-3.7530677,3.8666356
ISIC_0072392,-3.7812288,9.144779
ISIC_0072394,-4.22723,8.538299
ISIC_0072395,0.36701217,9.03421
ISIC_0072396,-3.2903771,9.69454
ISIC_0072400,0.019038524,9.649345
ISIC_0072401,-0.075382926,7.9701276
ISIC_0072403,-6.0813856,8.602481
ISIC_0072404,-2.999047,9.796989
ISIC_0072405,-3.2456567,4.440857
ISIC_0072406,0.30093426,10.463844
ISIC_0072408,-5.8309574,6.3990173
ISIC_0072410,-0.9194431,6.7020683
ISIC_0072411,0.74840915,9.838895
ISIC_0072414,-2.5615802,8.899984
ISIC_0072415,-3.3805356,4.1496983
ISIC_0072422,-2.0378227,4.97116
ISIC_0072423,-2.9616961,8.339665
ISIC_0072427,-0.91040015,10.225786
ISIC_0072428,-4.3704996,8.184167
ISIC_0072429,-1.8134309,10.210901
ISIC_0072431,-3.4864554,8.668706
ISIC_0072433,-3.1350756,8.521916
ISIC_0072434,-3.1083343,6.2973137
ISIC_0072437,-3.260185,6.4909263
ISIC_0072439,-2.1264572,4.9075437
ISIC_0072440,-4.9308305,6.315611
ISIC_0072441,-2.383908,5.6380405
ISIC_0072444,-2.6152704,5.353178
ISIC_0072445,-6.6382227,7.220971
ISIC_0072451,-2.8067715,9.220226
ISIC_0072453,-4.7627425,6.6388493
ISIC_0072455,-4.569943,8.840124
ISIC_0072457,-2.1213937,4.632445
ISIC_0072458,-3.5275211,7.230187
ISIC_0072462,-3.2474704,6.583337
ISIC_0072463,-0.6971609,6.158002
ISIC_0072464,-5.1099577,9.077963
ISIC_0072471,-2.9720583,3.9157233
ISIC_0072472,-5.3689637,9.127333
ISIC_0072473,-1.6048846,9.341801
ISIC_0072474,-3.2001114,8.436521
ISIC_0072476,-5.6952124,5.70523
ISIC_0072477,-2.887383,5.158334
ISIC_0072480,-5.1110144,6.4565496
ISIC_0072482,0.53918123,9.882672
ISIC_0072485,-5.232038,6.7690425
ISIC_0072488,-4.6972575,5.3098164
ISIC_0072491,-5.237629,7.794774
ISIC_0072492,-3.0888968,6.53681
ISIC_0072494,-0.4088176,9.79042
ISIC_0072495,0.33157694,9.153262
ISIC_0072497,-1.5332334,6.605185
ISIC_0072499,-3.7043746,5.621041
ISIC_0072500,-5.6686726,8.611395
ISIC_0072502,-4.5899925,6.9989614
ISIC_0072503,-3.6784482,7.0748963
ISIC_0072504,-1.1975224,10.565495
ISIC_0072505,-3.355359,8.275313
ISIC_0072506,-0.80194825,7.6298122
ISIC_0072507,-3.1035688,4.8616714
ISIC_0072508,-2.9687984,9.3090925
ISIC_0072511,-0.5360556,5.8060465
ISIC_0072512,-2.5577714,10.088222
ISIC_0072514,-1.3934025,9.055742
ISIC_0072515,-0.38526037,6.364937
ISIC_0072516,-1.0856704,7.7334294
ISIC_0072518,-2.7915454,10.46398
ISIC_0072519,-1.5890315,7.804239
ISIC_0072520,-0.69165355,8.061591
ISIC_0072522,-1.9224272,10.6620035
ISIC_0072523,-4.4052577,4.392177
ISIC_0072524,-0.19485973,9.419289
ISIC_0072526,-2.895838,9.693708
ISIC_0072527,-4.2028365,6.134146
ISIC_0072528,-5.111226,7.43211
ISIC_0072529,-4.3424563,9.084774
ISIC_0072530,-2.8151584,10.387907
ISIC_0072531,-1.0419064,7.5230374
ISIC_0072532,-0.7396123,6.1047335
ISIC_0072533,-2.883651,6.3279095
ISIC_0072534,-0.43357396,9.474199
ISIC_0072535,-5.9796505,6.2535286
ISIC_0072538,-4.435942,4.711541
ISIC_0072540,-0.29711133,9.319508
ISIC_0072543,-2.5670123,9.9505415
ISIC_0072545,0.31049517,9.859498
ISIC_0072548,-0.8474169,9.521644
ISIC_0072549,0.18109012,10.471824
ISIC_0072552,-7.1050715,8.118184
ISIC_0072555,-5.131552,5.497346
ISIC_0072556,-2.3008626,10.645089
ISIC_0072557,-5.586108,9.0695
ISIC_0072559,-4.9853673,4.3220267
ISIC_0072565,-0.30012283,6.472825
ISIC_0072567,-1.9040374,4.680746
ISIC_0072568,-1.2147843,8.495058
ISIC_0072569,-3.1941097,4.381768
ISIC_0072570,-2.3401303,5.310414
ISIC_0072572,-1.117377,6.9035335
ISIC_0072574,-0.33696494,5.481091
ISIC_0072578,-4.177855,8.084896
ISIC_0072579,-4.073401,4.472255
ISIC_0072581,-2.8191977,4.9849124
ISIC_0072585,-1.1997969,10.615903
ISIC_0072586,-0.9878378,9.744722
ISIC_0072587,-2.3114245,8.9992695
ISIC_0072590,-0.69202423,7.7976513
ISIC_0072593,-3.7810833,8.970063
ISIC_0072594,0.034058195,9.953504
ISIC_0072595,-6.909701,8.494522
ISIC_0072598,-3.3937242,4.1188126
ISIC_0072599,-3.4722798,8.442713
ISIC_0072602,-2.2558205,7.0677366
ISIC_0072604,-3.01539,9.546824
ISIC_0072608,-6.1202602,7.3464813
ISIC_0072609,-3.6160812,6.6687555
ISIC_0072610,-1.4343933,5.7308254
ISIC_0072611,-6.2137265,7.896362
ISIC_0072612,-0.60116255,9.459456
ISIC_0072613,-4.0008693,6.4770913
ISIC_0072614,-0.6571353,7.5561395
ISIC_0072619,0.015071155,10.223891
ISIC_0072621,-2.9134138,5.999301
ISIC_0072622,-4.6224537,6.8279066
ISIC_0072623,-1.8298006,3.1599083
ISIC_0072624,-4.526661,8.155741
ISIC_0072625,-2.3746634,7.4140778
ISIC_0072626,0.61805236,9.807258
ISIC_0072628,-1.9379301,3.9275098
ISIC_0072630,-1.4165968,6.09499
ISIC_0072631,-3.0126603,6.2488933
ISIC_0072632,-6.146837,6.1992707
ISIC_0072633,-4.2016363,6.029416
ISIC_0072635,-5.5041466,6.474829
ISIC_0072638,-5.1139956,8.514037
ISIC_0072641,-3.3353453,6.5139103
ISIC_0072642,-3.37124,9.567135
ISIC_0072649,-0.9971857,5.386244
ISIC_0072652,-0.93631333,6.6341367
ISIC_0072653,-3.3335304,4.689562
ISIC_0072656,-5.9401016,7.7502093
ISIC_0072657,-3.7769222,3.829175
ISIC_0072659,-3.7758226,6.011241
ISIC_0072661,-4.2781134,8.572561
ISIC_0072663,-2.9788823,5.352483
ISIC_0072665,-2.5532591,7.094508
ISIC_0072666,-0.9177242,5.5051417
ISIC_0072668,-6.1480074,8.425478
ISIC_0072669,-0.9249357,10.153645
ISIC_0072671,-7.1868176,8.276758
ISIC_0072675,-4.188998,4.354643
ISIC_0072676,1.8243417,9.295613
ISIC_0072679,-2.672519,4.878539
ISIC_0072683,-0.22259818,5.354533
ISIC_0072687,-5.0201902,5.3561497
ISIC_0072688,-4.354518,7.4029393
ISIC_0072689,1.6789846,9.210996
ISIC_0072690,-4.9546976,5.8815107
ISIC_0072691,-0.640483,8.471058
ISIC_0072692,-1.5525138,4.503177
ISIC_0072694,-5.560785,8.42075
ISIC_0072697,-0.6705974,6.5183063
ISIC_0072698,-3.1425881,5.476013
ISIC_0072701,-4.767985,6.6698713
ISIC_0072705,-1.8558512,4.9130497
ISIC_0072708,-0.16659991,9.98622
ISIC_0072711,-5.7065067,8.621455
ISIC_0072712,-4.791864,7.981543
ISIC_0072713,-2.0881956,5.621458
ISIC_0072714,-0.46265486,7.875294
ISIC_0072715,-4.7129984,8.880031
ISIC_0072717,-3.4995837,5.6850963
ISIC_0072719,-4.158481,7.5461
ISIC_0072721,-0.016570881,9.492709
ISIC_0072722,-3.4984052,7.269356
ISIC_0072726,-1.4554547,4.6775727
ISIC_0072727,-6.2201543,8.537057
ISIC_0072729,-0.4313438,9.123942
ISIC_0072730,-5.066498,6.997839
ISIC_0072731,-0.13655168,9.838509
ISIC_0072732,-2.5631614,6.5765624
ISIC_0072733,-0.31057125,6.130141
ISIC_0072735,-5.67292,8.031097
ISIC_0072738,-4.029066,4.24193
ISIC_0072740,-1.9298923,4.219525
ISIC_0072741,0.368278,9.555032
ISIC_0072742,-2.1018534,9.79142
ISIC_0072743,-1.923351,4.372347
ISIC_0072746,0.31957558,10.3159275
ISIC_0072747,-0.57084835,8.502647
ISIC_0072748,-3.6544461,5.3910894
ISIC_0072749,-3.947851,5.1046906
ISIC_0072750,0.19458221,9.018798
ISIC_0072753,-0.31362468,9.524027
ISIC_0072754,-2.6195817,8.264637
ISIC_0072755,-2.1456108,5.035571
ISIC_0072758,0.4868276,9.167795
ISIC_0072759,-0.94657415,6.2801046
ISIC_0072761,-2.3956444,7.4895654
ISIC_0072762,-3.361375,5.7559657
ISIC_0072763,1.5618889,9.07484
ISIC_0072764,-1.8522329,9.173135
ISIC_0072766,-2.053513,10.413603
ISIC_0072767,-1.1836691,9.706644
ISIC_0072768,-1.774118,7.677376
ISIC_0072771,-4.5108457,5.176297
ISIC_0072772,-2.8772304,5.753497
ISIC_0072773,-4.358963,6.17734
ISIC_0072774,-6.2572136,8.832806
ISIC_0072776,-2.906749,4.5153775
ISIC_0072777,-6.9112973,8.028632
ISIC_0072779,-4.564692,8.042559
ISIC_0072780,-3.438868,4.7307777
ISIC_0072781,-4.938882,5.1142855
ISIC_0072783,-6.5322027,8.299169
ISIC_0072784,-1.6167752,6.837934
ISIC_0072785,1.4462978,9.512421
ISIC_0072788,-0.564394,9.994586
ISIC_0072792,1.5699049,9.44914
ISIC_0072793,-0.33120838,10.237514
ISIC_0072794,-5.4349427,8.677694
ISIC_0072795,-0.68878967,6.172772
ISIC_0072799,0.39324805,9.894263
ISIC_0072800,-2.6825445,5.917805
ISIC_0072802,-1.7561353,10.758534
ISIC_0072806,-5.057101,7.549734
ISIC_0072807,-1.4569373,5.000248
ISIC_0072808,-3.0320864,8.799789
ISIC_0072809,-0.047290817,7.8353624
ISIC_0072813,-5.636997,8.165432
ISIC_0072814,-1.5469385,7.3171287
ISIC_0072815,-1.6336086,9.043992
ISIC_0072816,-5.2498717,8.474111
ISIC_0072818,-0.3686938,9.509874
ISIC_0072820,0.5035248,9.526332
ISIC_0072821,-0.4407243,7.687487
ISIC_0072824,-0.5924593,4.8429966
ISIC_0072827,-2.1043231,7.498378
ISIC_0072828,0.46837687,8.702567
ISIC_0072829,-1.0465935,8.827777
ISIC_0072830,-0.39538565,8.601258
ISIC_0072831,-4.6277523,4.425158
ISIC_0072832,-3.3424964,5.7916894
ISIC_0072833,-0.21787319,9.448207
ISIC_0072835,-5.5978084,7.0648026
ISIC_0072837,-6.029855,9.013313
ISIC_0072838,-0.6685074,8.628498
ISIC_0072841,-0.58070433,9.910598
ISIC_0072842,-1.285961,6.4815
ISIC_0072843,-1.9850627,6.7285585
ISIC_0072844,-0.2041472,8.953696
ISIC_0072845,0.70290303,7.5107627
ISIC_0072846,-4.2316246,6.7359376
ISIC_0072848,-0.72225434,10.161674
ISIC_0072849,-5.6761656,7.552135
ISIC_0072850,0.5067852,10.181897
ISIC_0072851,-1.625562,4.689216
ISIC_0072852,-4.0248036,9.097926
ISIC_0072854,0.34690753,8.989167
ISIC_0072855,-4.9576955,8.308065
ISIC_0072860,-0.95306396,10.28582
ISIC_0072861,0.031989574,5.784388
ISIC_0072862,-0.374181,8.96869
ISIC_0072864,-3.1795235,8.14375
ISIC_0072865,-4.6382585,7.0944552
ISIC_0072866,-4.6850443,8.700996
ISIC_0072867,-5.078941,6.299819
ISIC_0072870,-3.5877357,7.679677
ISIC_0072871,-4.364285,9.44852
ISIC_0072872,0.11361276,8.011412
ISIC_0072875,-4.873945,8.5235405
ISIC_0072876,-1.242045,10.453699
ISIC_0072877,0.10659721,9.439524
ISIC_0072878,1.6731855,9.353283
ISIC_0072879,-1.7726008,10.701108
ISIC_0072882,-1.0720944,10.25536
ISIC_0072885,-4.831191,6.520385
ISIC_0072887,-1.0587665,9.09563
ISIC_0072889,0.46497127,6.985294
ISIC_0072891,-2.4165118,7.625686
ISIC_0072893,-4.3683953,6.504225
ISIC_0072894,-5.1166506,5.90569
ISIC_0072895,-3.1996117,4.694449
ISIC_0072896,2.0028775,9.179845
ISIC_0072898,-1.4275428,4.7073717
ISIC_0072900,-3.2898958,7.5845094
ISIC_0072902,-2.132158,4.1567516
ISIC_0072903,-4.1934814,6.7766314
ISIC_0072904,0.19534868,8.980749
ISIC_0072907,-1.228559,5.409454
ISIC_0072909,-2.5237224,4.417412
ISIC_0072911,-3.508909,5.7020197
ISIC_0072913,-2.5843618,9.734418
ISIC_0072914,-3.1125865,6.5726714
ISIC_0072916,-2.792231,8.650624
ISIC_0072917,-5.846353,5.4315643
ISIC_0072918,-6.2525787,8.61309
ISIC_0072923,-0.48270047,7.820156
ISIC_0072924,0.09936992,9.136759
ISIC_0072929,-6.7913585,8.484892
ISIC_0072930,-3.1844485,4.1144714
ISIC_0072931,0.44048977,9.965004
ISIC_0072933,-0.94284886,5.1342616
ISIC_0072934,-4.3504453,8.855297
ISIC_0072935,-1.5636408,4.900411
ISIC_0072936,-3.0948253,5.1623874
ISIC_0072939,-1.3533499,5.3686438
ISIC_0072943,-4.735243,7.017683
ISIC_0072944,-5.9411254,8.646683
ISIC_0072945,-5.223369,6.2467775
ISIC_0072946,-2.872126,6.1138706
ISIC_0072947,-2.6583922,7.5236726
ISIC_0072957,-2.6202517,6.1375647
ISIC_0072959,-3.8874283,8.35862
ISIC_0072960,-4.0370665,8.8064375
ISIC_0072961,-0.6552511,5.112499
ISIC_0072963,0.052085314,9.68879
ISIC_0072966,0.086502954,8.988847
ISIC_0072967,-5.146243,8.419014
ISIC_0072968,-5.4451594,6.5973425
ISIC_0072969,-2.1549222,3.2288036
ISIC_0072972,-2.8215156,9.529272
ISIC_0072973,-5.3074,6.9830627
ISIC_0072974,0.063229285,7.3501534
ISIC_0072976,-2.9799051,4.254457
ISIC_0072977,-1.3483703,6.3292828
ISIC_0072979,-2.890932,4.666265
ISIC_0072982,-2.0467303,10.348313
ISIC_0072983,-1.5761844,5.2560716
ISIC_0072984,-1.2047833,6.105501
ISIC_0072985,-4.9528637,9.01086
ISIC_0072986,-0.9364214,5.450387
ISIC_0072987,-4.320683,8.346309
ISIC_0072988,-5.116426,9.333306
ISIC_0072990,-2.5346277,5.152579
ISIC_0072991,-5.9670725,7.957969
ISIC_0072993,-3.4658527,8.739393
ISIC_0072994,-4.9166684,5.9633627
ISIC_0072995,-3.913252,7.6378727
ISIC_0072996,-0.3437868,9.039205
ISIC_0072998,-6.3483634,7.7440724
ISIC_0072999,-1.7346327,9.276041
ISIC_0073002,-4.281546,9.19569
ISIC_0073003,-2.5730002,9.429467
ISIC_0073004,0.076469585,9.2692375
ISIC_0073005,-1.515181,5.7988043
ISIC_0073007,-4.793797,5.1605344
ISIC_0073008,-5.135212,7.3166785
ISIC_0073009,-3.0474758,8.519336
ISIC_0073011,-3.6953318,7.833136
ISIC_0073016,0.018084923,7.0574
ISIC_0073018,-5.4005437,7.625595
ISIC_0073019,-5.459283,9.456756
ISIC_0073020,-4.621911,4.6708546
ISIC_0073022,0.17230435,9.145059
ISIC_0073023,-0.03955539,7.4412146
ISIC_0073025,-1.4693009,10.623455
ISIC_0073027,-3.1948793,7.2694173
ISIC_0073028,1.6791015,9.227888
ISIC_0073030,-0.9127386,6.1719465
ISIC_0073033,-3.3499131,8.908827
ISIC_0073038,0.67457235,9.863628
ISIC_0073040,-4.6575437,5.9626746
ISIC_0073042,-0.15627335,9.964332
ISIC_0073044,-1.6838435,9.937053
ISIC_0073045,-0.13528559,9.168078
ISIC_0073047,1.5861732,9.494605
ISIC_0073049,-1.9463673,7.1441026
ISIC_0073054,-2.6303062,5.433678
ISIC_0073056,-5.572584,5.6465716
ISIC_0073057,-2.8794427,4.6518674
ISIC_0073058,-0.48182482,5.1812453
ISIC_0073060,-4.620332,6.390927
ISIC_0073061,-2.186341,5.9260817
ISIC_0073063,-2.6159737,5.132291
ISIC_0073065,-0.6168537,9.634569
ISIC_0073066,-2.2947295,9.537963
ISIC_0073068,-0.4811087,9.6492815
ISIC_0073069,-5.7739887,8.920599
ISIC_0073071,-1.1539383,6.237374
ISIC_0073072,-5.3959174,8.39126
ISIC_0073075,-1.8781176,10.193709
ISIC_0073077,-5.0812263,4.3488183
ISIC_0073078,0.374059,10.013843
ISIC_0073079,-4.199499,4.1780186
ISIC_0073080,-6.758626,8.378339
ISIC_0073081,-0.017156582,9.823791
ISIC_0073082,-0.8398776,6.133005
ISIC_0073084,-3.6574762,6.36504
ISIC_0073086,0.08718107,9.711433
ISIC_0073088,-1.9164003,9.1150055
ISIC_0073089,0.5128127,8.794321
ISIC_0073090,-1.3920882,8.156675
ISIC_0073091,-1.7669251,4.8180265
ISIC_0073096,0.27292863,9.544645
ISIC_0073100,-1.4835867,7.094142
ISIC_0073102,-6.1499968,8.213935
ISIC_0073103,1.9410012,9.196193
ISIC_0073104,-3.328327,4.723171
ISIC_0073105,-3.4372258,7.2877088
ISIC_0073108,-3.582565,6.607734
ISIC_0073109,-3.2394087,5.405918
ISIC_0073112,-0.3108766,7.4200563
ISIC_0073113,-0.79111683,8.614251
ISIC_0073114,-0.035130277,8.45533
ISIC_0073116,-6.463942,8.288223
ISIC_0073118,2.4412012,4.9530478
ISIC_0073119,-4.788674,7.550613
ISIC_0073123,-5.7908072,7.8238797
ISIC_0073124,-1.4439973,5.408797
ISIC_0073125,-0.7597328,7.7459793
ISIC_0073127,-3.057019,4.6889944
ISIC_0073128,-1.6032096,4.4874873
ISIC_0073130,-4.01874,7.6881576
ISIC_0073131,-5.4661827,6.4577165
ISIC_0073133,-4.6038475,6.1257935
ISIC_0073134,0.19737436,9.954077
ISIC_0073135,-3.5880928,5.653511
ISIC_0073136,-3.5574367,7.1862307
ISIC_0073139,-6.6113586,7.3606234
ISIC_0073140,-1.9875308,6.1506186
ISIC_0073143,-1.6070733,9.427884
ISIC_0073144,-2.3990278,4.6292424
ISIC_0073147,-3.6026218,9.871447
ISIC_0073148,-0.9713598,7.383984
ISIC_0073149,-3.9034111,6.252069
ISIC_0073150,-5.9618034,8.450093
ISIC_0073151,-2.4106877,7.432723
ISIC_0073152,-0.8060256,9.413591
ISIC_0073154,1.3628577,9.4872055
ISIC_0073156,0.19826785,9.976021
ISIC_0073157,-2.6718588,7.8865366
ISIC_0073159,-2.5199454,10.497626
ISIC_0073161,-3.0299523,7.7014647
ISIC_0073163,-2.308336,5.783185
ISIC_0073165,-2.6418328,6.8399925
ISIC_0073169,-0.45366386,10.240343
ISIC_0073170,-2.6213894,6.08679
ISIC_0073171,-3.7001987,6.682256
ISIC_0073172,-0.8003566,4.828058
ISIC_0073173,0.67278534,7.083279
ISIC_0073174,-4.1069717,5.086491
ISIC_0073177,-0.09704219,9.115442
ISIC_0073182,-3.6690905,5.3386383
ISIC_0073183,-4.754522,6.5299783
ISIC_0073185,-1.8340569,5.7600837
ISIC_0073187,0.5377483,10.22186
ISIC_0073188,-2.4970353,5.049824
ISIC_0073189,-3.0461671,3.5039344
ISIC_0073190,0.17249471,8.938222
ISIC_0073191,0.47478947,9.297438
ISIC_0073192,-2.6393502,7.3527675
ISIC_0073193,-3.0434406,7.6746225
ISIC_0073194,-0.6324483,10.435651
ISIC_0073195,-5.1194353,9.290608
ISIC_0073196,-3.2877932,7.316017
ISIC_0073197,-1.837638,5.273191
ISIC_0073199,-1.5736283,5.9814777
ISIC_0073200,-3.0531993,5.0012636
ISIC_0073201,-4.450456,9.277046
ISIC_0073202,-3.1141834,4.7586584
ISIC_0073203,-1.5570183,6.0566483
ISIC_0073204,0.4687322,9.838318
ISIC_0073205,-2.4151697,5.53858
ISIC_0073208,-2.5748677,10.187049
ISIC_0073214,-2.1281211,7.002424
ISIC_0073218,-0.5438644,9.416345
ISIC_0073220,-5.6138864,7.936719
ISIC_0073221,-0.11751518,6.6247416
ISIC_0073222,-7.0213633,8.629953
ISIC_0073223,-1.6319393,5.9098244
ISIC_0073225,-0.15835102,9.901616
ISIC_0073226,-0.9088917,9.001534
ISIC_0073227,-0.9843485,9.395105
ISIC_0073228,-5.171313,7.0120325
ISIC_0073229,-5.0661225,8.525851
ISIC_0073231,0.37035838,9.776207
ISIC_0073232,-4.1317134,7.49676
ISIC_0073234,-5.5899553,7.443728
ISIC_0073235,-5.8568473,8.538568
ISIC_0073237,-2.896901,5.6647387
ISIC_0073238,-4.881013,7.053771
ISIC_0073240,-2.4686947,9.460595
ISIC_0073241,-0.8348588,8.319849
ISIC_0073243,0.6348964,6.41446
ISIC_0073245,-4.5172243,8.969192
ISIC_0073246,-3.8359275,7.1323247
ISIC_0073248,-4.181265,8.158819
ISIC_0073249,-1.1237565,6.271532
ISIC_0073251,-7.1678514,8.56896
ISIC_0073254,-5.175146,6.4246593
ISIC_2811886,1.3537033,5.8550053
ISIC_0192893,-3.967207,8.43098
ISIC_3966761,0.75733167,5.2533083
ISIC_7323249,1.2224174,3.259751
ISIC_3733653,1.6409498,3.9811246
ISIC_4207079,5.525627,0.8030407
ISIC_6534791,-0.05138372,4.6159163
ISIC_4952227,-3.770021,6.745706
ISIC_8295306,-7.2768807,7.346094
ISIC_9082696,1.0561423,5.062381
ISIC_1230738,0.6718672,3.5979385
ISIC_3065175,0.47327733,3.5251985
ISIC_2199969,1.8470114,5.4219446
ISIC_6814478,1.8560379,4.665756
ISIC_0344052,1.8731498,4.815593
ISIC_0493653,1.6441289,4.392138
ISIC_7035517,1.9229598,4.3635993
ISIC_2211136,1.6065481,3.5865011
ISIC_1008321,1.8011553,4.362157
ISIC_3832462,1.7644715,4.7173734
ISIC_0624783,-6.751285,7.9778337
ISIC_8847503,1.9751161,4.6737604
ISIC_2803072,0.94008726,4.638736
ISIC_8886139,6.7034492,2.1603324
ISIC_0808861,-0.19413485,5.0272074
ISIC_3724889,6.6525297,2.3236384
ISIC_2290433,6.375107,2.446416
ISIC_9109293,1.8056507,3.4784048
ISIC_9151820,-0.6302676,7.3812966
ISIC_3182083,-0.22595632,5.5524364
ISIC_2177135,5.606082,1.1066272
ISIC_7788266,5.81142,1.796981
ISIC_4707779,5.8296504,2.1785154
ISIC_6331731,5.2730656,0.94010687
ISIC_1149469,2.3185923,3.2559276
ISIC_3445801,1.5897526,3.3444817
ISIC_4939497,0.8578936,3.5273714
ISIC_9367522,0.44698778,8.409956
ISIC_5695185,1.8201538,5.5099754
ISIC_1412976,1.2759031,5.481021
ISIC_8733176,-1.5939653,10.4544325
ISIC_3249625,1.9302077,5.3304396
ISIC_6295805,2.1543322,3.5317917
ISIC_2409179,0.80442274,3.5856335
ISIC_2694332,1.8561025,5.4739547
ISIC_5874097,1.6246617,3.4034708
ISIC_0178741,1.9229839,3.2046378
ISIC_7133530,1.4956675,3.3098474
ISIC_6051029,0.82542527,4.9977207
ISIC_7652731,1.8012695,3.5501125
ISIC_0685898,2.1139824,3.0941188
ISIC_4676270,1.4176912,4.059359
ISIC_6393708,1.2111673,3.3280702
ISIC_6821008,-6.482149,6.8718743
ISIC_1467583,5.433259,1.7570586
ISIC_7560157,5.192028,1.1582283
ISIC_3387713,0.77018875,3.4810827
ISIC_4015288,0.7583987,3.7762365
ISIC_7731447,1.2256806,3.6638005
ISIC_3879564,1.0315199,3.431397
ISIC_7546219,1.0795145,3.7633793
ISIC_1156392,1.364877,4.190135
ISIC_1452059,-7.020068,5.912496
ISIC_4528136,-5.8923125,7.497589
ISIC_1750424,5.816964,1.6153791
ISIC_8279558,5.6971383,2.3741083
ISIC_8018856,-6.074492,8.932709
ISIC_0828120,2.1851473,3.1868076
ISIC_5573695,1.0728664,3.7757537
ISIC_5357781,0.8346403,3.5134914
ISIC_8079008,-0.7214872,8.730933
ISIC_3384989,1.7278893,3.4469347
ISIC_6501973,1.9420764,5.1350102
ISIC_2464369,1.5201886,5.365352
ISIC_3768327,1.1777666,5.000791
ISIC_9142737,1.6782994,4.610591
ISIC_9362634,1.4116093,4.71539
ISIC_5143609,-2.7801278,6.102856
ISIC_4375150,1.199709,5.0809946
ISIC_6983482,-3.4920516,9.010846
ISIC_2883463,5.7925353,1.221809
ISIC_2101968,-4.529086,9.050477
ISIC_8894528,5.2793636,0.6015599
ISIC_5855004,5.6217537,0.609199
ISIC_3485981,-4.8623085,5.0283437
ISIC_0743090,1.3861763,3.2616882
ISIC_5997266,1.1301244,3.5984356
ISIC_5472470,1.4392973,3.3579078
ISIC_5408436,-6.7268453,7.4235497
ISIC_3301814,1.2603976,4.0931444
ISIC_3804339,0.8146845,3.6369104
ISIC_9790934,0.89620686,3.824356
ISIC_3379289,1.7583512,3.3695784
ISIC_3203344,-6.9673615,7.4227014
ISIC_4673844,0.9476955,5.2557964
ISIC_9585329,4.968054,1.4642154
ISIC_7764660,1.0144008,5.1061816
ISIC_3963183,5.6561494,0.76691735
ISIC_7321960,-4.1837363,9.611326
ISIC_8380039,2.020047,3.2879539
ISIC_0526705,-3.4255676,6.977358
ISIC_9828846,-1.2526194,7.562655
ISIC_3338629,-0.99108404,7.356543
ISIC_8633132,5.1868076,2.7293136
ISIC_3025889,6.107528,1.7016797
ISIC_7320371,0.7569696,5.0013857
ISIC_9360610,1.4897889,4.0417104
ISIC_7200676,-2.6648686,8.130677
ISIC_1645567,0.91550416,5.014425
ISIC_1177153,5.698611,0.536196
ISIC_5086349,1.7686229,3.614556
ISIC_4317478,5.6886735,0.6544622
ISIC_2956783,1.8808941,4.354497
ISIC_5850457,-3.542244,7.308762
ISIC_5106902,-3.5224686,7.546056
ISIC_2033980,2.1924438,3.2266765
ISIC_3825943,4.2763796,1.4373623
ISIC_8545097,1.4810257,3.322376
ISIC_0275783,-0.11100805,4.8071938
ISIC_0914968,-1.1572976,7.6407876
ISIC_8058783,0.6283433,3.6374288
ISIC_6809586,-4.371248,9.210735
ISIC_8793953,-6.8212805,7.172474
ISIC_9168966,-6.459144,7.1213055
ISIC_0681019,-3.4224243,9.032806
ISIC_5272223,1.56131,3.3707998
ISIC_2710887,1.7470069,4.0541434
ISIC_1589136,2.0933495,4.5438766
ISIC_6200040,-2.6611047,8.45336
ISIC_3877413,-6.2424793,5.650412
ISIC_9492000,-7.0697236,7.8992796
ISIC_3073605,-0.14296392,8.185896
ISIC_6293227,-0.22471294,7.5391984
ISIC_3143650,6.131758,2.239128
ISIC_3285892,-4.318757,6.665607
ISIC_1270091,-6.4107623,5.5787783
ISIC_2457108,0.7368612,3.7092698
ISIC_7081220,1.462997,3.535762
ISIC_1322621,5.0567684,2.5109777
ISIC_8872158,2.3156075,3.2841208
ISIC_8266469,0.6782705,4.607415
ISIC_9353360,5.163227,0.7920937
ISIC_4046072,1.5119001,3.9330475
ISIC_2761622,5.475477,0.76117444
ISIC_7167759,2.3664305,3.5506425
ISIC_0493786,1.4236966,3.2799714
ISIC_9496738,-3.3189325,9.229063
ISIC_8503192,1.5472287,4.5461373
ISIC_7365615,1.642102,3.682464
ISIC_2798100,1.9579208,3.8289294
ISIC_4552035,-6.6654434,5.3485656
ISIC_5356775,1.2310503,3.7148483
ISIC_0303421,0.60252625,3.6586769
ISIC_2602794,0.8471099,4.8911457
ISIC_5856859,1.2855189,4.8807755
ISIC_1116483,1.165264,4.1125436
ISIC_2605118,1.0901685,3.352045
ISIC_6296285,0.48217848,3.663287
ISIC_7010626,0.8224214,3.5086162
ISIC_3581674,2.210742,3.9967923
ISIC_2790630,-3.563695,8.801314
ISIC_3608401,-3.5294058,9.204193
ISIC_4896088,1.7382616,4.098888
ISIC_5343231,2.381999,3.401835
ISIC_1078823,1.0133365,3.3828235
ISIC_0904712,6.5397263,2.2110386
ISIC_6129538,-3.8106837,9.422847
ISIC_6289619,-7.0921664,7.5149693
ISIC_2466295,-3.5305417,9.118701
ISIC_8889975,-3.7598414,8.673846
ISIC_5689730,0.80214894,3.928312
ISIC_3069511,-3.608077,9.341754
ISIC_3548408,-3.7402952,9.280656
ISIC_3895185,-4.1400676,6.8159943
ISIC_5238910,-3.3338466,3.995975
ISIC_8086499,2.279282,3.8791788
ISIC_1729223,0.6152886,3.7676845
ISIC_3167092,1.4343371,4.5178075
ISIC_0477201,-3.1896656,8.952663
ISIC_1405454,-3.0381925,8.896066
ISIC_5797062,1.1569184,5.041329
ISIC_9829781,1.1876793,4.150696
ISIC_1080647,-0.25285688,4.3940024
ISIC_3408231,0.86219287,4.082189
ISIC_7867320,1.7834462,4.5337467
ISIC_7400819,0.47363454,3.6818697
ISIC_8379956,1.1092913,4.0020027
ISIC_8276999,0.5957215,3.7134767
ISIC_0956407,-6.1347094,6.620242
ISIC_6478823,1.0587499,5.299224
ISIC_1845331,1.3591665,4.3126955
ISIC_5818405,-6.910729,7.457338
ISIC_6828354,0.74697983,3.7125413
ISIC_1007680,5.6696606,0.7336146
ISIC_5692444,0.60442746,3.759013
ISIC_5008110,5.884814,0.8544671
ISIC_1287491,1.6384174,4.475024
ISIC_2597678,5.8234496,1.0078402
ISIC_9900191,1.1989805,3.3470755
ISIC_6785041,6.578667,2.1251874
ISIC_7039745,5.6265535,0.6726609
ISIC_9150236,-7.315142,6.7004027
ISIC_9014393,1.3513799,3.2818303
ISIC_5989151,0.9500104,3.4417999
ISIC_7394862,-5.6000814,6.88262
ISIC_7189099,0.9345184,3.6293843
ISIC_1240189,3.106799,3.3949466
ISIC_0316826,5.6521173,1.0628843
ISIC_0933821,0.3179478,3.7024999
ISIC_1085285,1.2321794,6.25813
ISIC_3161358,0.8105331,3.5695138
ISIC_2573712,5.57873,1.0597705
ISIC_5789263,5.5114255,1.6749997
ISIC_7973598,5.6599665,1.7753224
ISIC_5832792,-3.451707,9.257173
ISIC_9177435,1.3755641,3.4322896
ISIC_1656201,1.3011727,3.940133
ISIC_4111788,1.0243001,6.604367
ISIC_5981219,-3.5193172,8.265938
ISIC_0481105,0.45767522,3.802141
ISIC_6096565,1.940419,3.555002
ISIC_2922450,1.249798,4.709452
ISIC_3945700,-1.5721605,6.732739
ISIC_9677503,-5.1831656,8.642507
ISIC_6786198,2.101497,4.182016
ISIC_2750230,1.743527,5.4566255
ISIC_6863507,-5.726959,7.10987
ISIC_8767904,5.351448,1.4387256
ISIC_7636412,1.0702685,3.5819476
ISIC_8267340,-0.82162625,5.9977145
ISIC_3335904,0.8406717,3.6570444
ISIC_0746818,1.4632728,3.2717583
ISIC_5224960,5.2077627,0.9883903
ISIC_5702422,-3.4739943,9.329558
ISIC_5426249,0.7666255,3.4358723
ISIC_8857430,0.3858224,3.9486268
ISIC_5795436,1.0594971,4.8519735
ISIC_3182801,-1.1220853,6.847791
ISIC_8731126,1.5279342,4.3807597
ISIC_4975524,0.5616672,4.334487
ISIC_2839742,1.2153053,4.226811
ISIC_4773462,5.1702404,1.1976079
ISIC_6814727,1.95141,3.4435143
ISIC_6184616,1.1930443,4.7182393
ISIC_9957368,1.8265976,3.6649964
ISIC_9698871,5.1291423,2.1599991
ISIC_8280147,0.56388867,3.5801723
ISIC_9462823,1.6460752,3.521523
ISIC_1353051,1.8394443,3.2896109
ISIC_3251405,1.4796969,3.221027
ISIC_7194471,-3.428692,8.973306
ISIC_6023795,6.461524,2.0359871
ISIC_0274625,1.0317197,4.3248105
ISIC_9574591,2.3791037,3.5385165
ISIC_9978107,6.4358873,2.2390816
ISIC_0936377,-0.0033287355,4.9166036
ISIC_4470148,1.12913,3.29521
ISIC_1842338,1.9515992,3.582952
ISIC_9537778,-3.5526986,8.8435335
ISIC_1632378,-0.3431708,7.954634
ISIC_8740695,5.053015,1.7910168
ISIC_5771994,7.8476176,3.4346476
ISIC_7351614,-4.3055534,8.262458
ISIC_6041385,2.6230588,4.412871
ISIC_6315030,7.8781443,3.573158
ISIC_0592946,0.7798307,3.5441742
ISIC_2474275,-3.0947986,8.778184
ISIC_9626654,-7.1793323,7.6090064
ISIC_3648148,-6.852024,8.231456
ISIC_3116777,-3.5987928,9.327724
ISIC_3919941,-6.3592057,7.128144
ISIC_0410311,-1.115649,8.035363
ISIC_7388369,1.1921583,3.337125
ISIC_2683271,0.40375024,4.0064673
ISIC_8131464,1.4624088,4.773683
ISIC_2222091,1.2362925,5.070068
ISIC_3742633,-6.219152,7.069737
ISIC_4100532,-2.787675,8.101489
ISIC_2885968,1.1464148,4.7420626
ISIC_1210011,1.7007376,4.3912177
ISIC_1589997,1.8955247,3.6541674
ISIC_4508878,-2.9691517,7.978412
ISIC_9728805,0.9152408,5.0278387
ISIC_4628573,0.369005,3.592507
ISIC_3594380,0.972758,4.969752
ISIC_8211041,0.8198662,7.7937593
ISIC_8137345,0.4701169,3.8347054
ISIC_8223110,2.2302752,4.262251
ISIC_2902504,1.0784235,3.5319498
ISIC_8236943,6.029741,2.1571438
ISIC_6961503,-2.964692,8.546158
ISIC_4361854,1.9067401,3.8748324
ISIC_5770437,1.8593022,3.6720572
ISIC_6470589,-3.6905203,9.477157
ISIC_9540352,1.5806704,3.5390935
ISIC_4009870,5.7161117,1.2053596
ISIC_0160455,1.6043489,3.6134262
ISIC_1464862,5.1694207,1.8414121
ISIC_1436572,1.3611221,3.4661868
ISIC_3586669,-3.876202,9.393719
ISIC_6019539,5.362788,0.8384775
ISIC_5346936,-1.646948,8.223265
ISIC_5635961,2.0688393,3.14139
ISIC_0340256,-6.280857,5.167514
ISIC_1578194,1.1651895,5.470946
ISIC_5958657,4.93682,1.4011265
ISIC_0645454,2.402062,3.2464054
ISIC_4675065,-3.2763624,8.791356
ISIC_5747942,0.42310485,4.307934
ISIC_3561065,5.4474735,1.9922981
ISIC_1177505,-1.5611577,3.5679247
ISIC_5250589,-5.675024,4.011735
ISIC_2454082,-6.0970716,4.4056306
ISIC_1786309,5.487426,0.79328036
ISIC_0457344,-6.422927,8.046497
ISIC_8693147,1.0052149,3.51311
ISIC_3884221,0.9646227,3.5982351
ISIC_6817405,1.9286956,5.193884
ISIC_9141038,-3.8423705,8.517243
ISIC_1017159,1.5571709,5.498675
ISIC_0523247,1.9229572,5.3345437
ISIC_2798950,-4.832135,8.184695
ISIC_5998513,1.683042,3.324428
ISIC_7130929,1.3644047,3.2631693
ISIC_5714201,-3.956816,9.234061
ISIC_6529890,5.9883394,2.1509213
ISIC_4443776,6.241976,1.7697362
ISIC_0460170,2.4894624,3.5278144
ISIC_8149637,1.8841436,5.2976213
ISIC_5889500,-6.6848526,6.783648
ISIC_9940478,1.7590402,4.644684
ISIC_1086280,1.87378,4.6679435
ISIC_9506089,1.7768688,4.962902
ISIC_7394850,1.8270441,3.8376117
ISIC_7251830,1.6087927,4.540912
ISIC_7744928,1.6602731,4.444823
ISIC_0671119,1.936619,5.1365495
ISIC_5183234,1.4498589,4.1722016
ISIC_5539445,1.4519516,5.0142035
ISIC_0890639,5.5768533,1.1985701
ISIC_4471395,1.8130634,4.7790027
ISIC_4616381,1.9757767,4.767485
ISIC_8971137,0.24737626,5.8062305
ISIC_7577395,-7.3276176,7.378454
ISIC_1975042,-4.951722,8.74781
ISIC_6352997,1.7922236,3.349296
ISIC_0430904,1.7919062,3.5232725
ISIC_6674202,0.87481225,4.713475
ISIC_8661226,2.0733042,4.1115975
ISIC_7410175,1.7418873,4.6700788
ISIC_3875647,2.6148348,3.678597
ISIC_9105386,2.3854778,3.2386525
ISIC_5098309,1.7407596,3.1344826
ISIC_4545112,0.26060268,4.484969
ISIC_2979268,-5.608229,8.775829
ISIC_1203254,1.3937631,3.1927633
ISIC_7348651,-3.0181577,8.040327
ISIC_7408392,1.5482378,3.6385088
ISIC_9280399,5.5411716,1.1899779
ISIC_1929320,1.5471476,3.4900613
ISIC_6974497,1.4264041,3.509126
ISIC_4761090,1.7610419,3.4655344
ISIC_1205053,1.8370309,5.3477197
ISIC_0239635,-3.1373594,8.7045145
ISIC_2705044,-0.6375937,8.413093
ISIC_1624776,-6.7369857,8.705409
ISIC_0820559,1.4736267,3.4897447
ISIC_1649410,-3.566311,9.520082
ISIC_1823006,1.6524193,3.585391
ISIC_6019120,-3.1004148,8.896751
ISIC_6587979,1.6038703,3.7456229
ISIC_7187577,2.0290632,3.1171935
ISIC_0844312,5.3907027,1.2749455
ISIC_2283151,5.202666,1.8462912
ISIC_3450029,0.75977856,3.5281956
ISIC_5509459,1.6037899,3.4632514
ISIC_9002130,1.1471677,4.7799377
ISIC_1268457,0.45248052,3.7394085
ISIC_0738067,-0.17203073,4.7699924
ISIC_6300866,-4.1087933,3.9654617
ISIC_0896427,0.15766045,5.08811
ISIC_1247763,0.9017196,4.9603
ISIC_5061591,5.4377747,0.88897973
ISIC_7457700,1.1541729,4.5044966
ISIC_5172576,1.2841349,4.8864894
ISIC_2242712,-0.10376538,4.6756673
ISIC_8990534,4.6966376,1.0998592
ISIC_2752919,1.2449669,3.4323025
ISIC_8692218,1.0027874,4.6586213
ISIC_3941123,0.24484867,4.603395
ISIC_7960321,0.98037523,4.3668694
ISIC_8554769,1.379035,4.869733
ISIC_9552986,1.8380756,4.0252905
ISIC_4846741,0.6564818,3.5052333
ISIC_8566006,0.85338324,3.7217472
ISIC_7693611,1.1605124,4.8647246
ISIC_5457826,1.9558253,4.634191
ISIC_0420477,2.0320947,3.9301078
ISIC_8231704,1.851433,5.2412314
ISIC_8357133,1.2059586,3.8062856
ISIC_3310849,0.65995204,3.7918694
ISIC_5327976,-5.3059225,4.0196886
ISIC_1632949,-4.907044,8.867466
ISIC_7574101,-5.1881056,6.953194
ISIC_0394802,-0.024270592,7.61651
ISIC_9211310,2.0059855,3.9390454
ISIC_9169910,1.5008972,4.5580196
ISIC_0451155,1.3843575,4.880068
ISIC_5485142,1.7458928,3.7185307
ISIC_7145266,2.2990172,4.0527625
ISIC_0702317,1.220602,4.7827077
ISIC_3556753,0.9903034,3.5519521
ISIC_0156772,0.7215248,3.4834428
ISIC_7724762,1.9487871,3.4995623
ISIC_9189897,-3.53,9.242552
ISIC_7230713,-6.194816,8.515226
ISIC_3669954,6.5502086,2.0928245
ISIC_8429099,1.8928236,5.218267
ISIC_8287528,1.8149395,5.4704685
ISIC_2922381,-7.203531,7.456547
ISIC_4365093,-7.2431126,7.685583
ISIC_5182820,-3.352159,9.096812
ISIC_7183212,0.8933016,4.4175816
ISIC_4419720,0.85657424,5.2598076
ISIC_4916704,1.671865,4.5631375
ISIC_8106899,2.2747352,3.3596852
ISIC_6703027,2.1082196,3.2835014
ISIC_9936937,5.889839,0.84137535
ISIC_2285264,5.734897,0.7976156
ISIC_7165819,2.0860276,3.5264876
ISIC_7503950,-3.4327211,8.302469
ISIC_4170698,-3.3729565,8.837095
ISIC_3213484,1.0384743,3.6429422
ISIC_7888517,1.0127232,3.845731
ISIC_3378318,2.1007044,3.858693
ISIC_2266450,5.563614,1.7456418
ISIC_7134169,-6.8672476,8.284986
ISIC_9540703,-6.0186872,4.0624933
ISIC_6345354,-6.91334,7.695426
ISIC_3993924,2.193643,4.072195
ISIC_1255336,5.4996576,0.69506526
ISIC_1684107,0.92729396,3.9193654
ISIC_9876779,0.9992142,3.6695254
ISIC_9345892,-4.9346204,9.28213
ISIC_6232156,1.0635512,4.6957536
ISIC_5144082,2.2958217,3.2207816
ISIC_7353870,1.30935,4.5714507
ISIC_5872609,-5.961577,4.081039
ISIC_5679779,1.3793086,4.399848
ISIC_0708011,0.7479688,3.5274212
ISIC_1918027,-3.2917042,9.351691
ISIC_7327423,6.2239714,2.0049222
ISIC_3115397,5.3184204,1.6100973
ISIC_5712969,1.3978374,3.5460508
ISIC_9568052,5.2044444,1.9081533
ISIC_8234611,0.99772114,3.4592836
ISIC_5719436,5.837499,1.3123853
ISIC_8705729,5.844971,1.357191
ISIC_0694037,-6.146067,8.009813
ISIC_4646202,-3.1421647,8.972482
ISIC_6971343,-6.9005604,6.921276
ISIC_3717102,-6.7950735,7.7297087
ISIC_3622055,2.1343396,4.390853
ISIC_8882374,0.38745874,3.6874433
ISIC_2704082,0.48869535,3.7025673
ISIC_6634524,1.9532633,3.0826478
ISIC_3673079,-3.2867992,8.965366
ISIC_3717977,-2.6549559,8.223512
ISIC_1337534,0.8972744,3.5914066
ISIC_4429406,1.7743386,5.5354166
ISIC_6712494,0.6802599,7.273349
ISIC_4620906,1.7973957,5.387038
ISIC_1404148,1.917258,5.4518867
ISIC_9891119,1.3860986,4.596496
ISIC_7108282,1.8014323,5.48316
ISIC_7750788,-3.7916348,2.6492405
ISIC_1536126,1.7896445,5.4117265
ISIC_5314606,1.1696583,3.2604055
ISIC_8246244,1.9467967,5.3240976
ISIC_6522875,0.9953901,3.9713094
ISIC_1300891,1.8786241,5.459681
ISIC_7743124,1.8715299,5.4985743
ISIC_2647453,-6.8648605,6.300885
ISIC_1357166,-6.9315553,5.820273
ISIC_6352858,1.2144814,3.2984931
ISIC_5289026,1.4069964,3.6556022
ISIC_8425893,1.60521,3.1388035
ISIC_4223155,1.6056803,3.514305
ISIC_6411939,0.82617736,3.8185945
ISIC_8969855,1.6698469,3.5249224
ISIC_2943089,0.65081674,3.6366198
ISIC_3160291,-5.735102,7.8052416
ISIC_2267276,0.42684934,3.5221078
ISIC_6549798,0.80890906,3.6157596
ISIC_6234013,0.6831026,3.9009569
ISIC_2377804,0.8911663,3.709321
ISIC_3996796,-2.666866,7.5941143
ISIC_0639769,5.001942,1.4397115
ISIC_6450034,0.86375344,5.0701017
ISIC_1948545,-3.0761874,8.529804
ISIC_2601107,1.056975,3.4179068
ISIC_0316484,-7.005391,6.3361797
ISIC_5369680,-7.352944,7.5753455
ISIC_1983776,-3.089064,8.525254
ISIC_0945202,0.5805304,3.863974
ISIC_9268487,6.3905306,1.978852
ISIC_6018905,1.2337588,3.7246962
ISIC_6625253,0.46648952,3.730553
ISIC_5594342,-7.2933965,7.071669
ISIC_7945791,0.9421882,3.5796516
ISIC_7977757,-6.9308147,5.6238327
ISIC_3157385,0.3936135,3.53059
ISIC_6627142,5.5348577,0.7611769
ISIC_4000481,1.1307582,4.648269
ISIC_5118254,1.890009,4.853988
ISIC_3773083,1.0983518,3.4381266
ISIC_2535541,-0.40840933,4.5119987
ISIC_9544832,1.2052585,4.903546
ISIC_7575644,4.943136,1.4268521
ISIC_1685833,1.6008526,3.1713526
ISIC_5388184,1.828156,3.8002927
ISIC_5084113,-0.13653232,4.8075056
ISIC_4891204,1.26277,5.103263
ISIC_4229473,2.4125469,3.374355
ISIC_9811367,0.21183757,4.00114
ISIC_4013189,2.0674121,4.965013
ISIC_7934896,1.0407239,3.3753693
ISIC_1836687,1.4595306,3.479587
ISIC_7907495,-7.144234,7.4001546
ISIC_4514456,0.9955072,3.509527
ISIC_2447578,1.1405457,3.3416753
ISIC_7267098,2.3552127,3.285766
ISIC_2559545,-4.529369,6.1886487
ISIC_7835852,0.8341587,3.696206
ISIC_4181217,-4.8508263,8.960591
ISIC_3663431,0.933841,3.7267723
ISIC_4836901,-3.5904279,9.151217
ISIC_0185177,1.7688273,3.8004293
ISIC_8008539,0.97523963,4.74058
ISIC_7296865,1.4519056,5.265994
ISIC_6379790,1.2809314,4.197868
ISIC_6688417,0.98634887,3.94822
ISIC_9677559,1.971176,3.012606
ISIC_4744679,-4.5253816,9.274224
ISIC_0287325,2.0520716,3.4514596
ISIC_4627066,0.89497954,3.3648386
ISIC_8344285,1.8315477,4.3430953
ISIC_4343422,0.6148191,3.674193
ISIC_8943817,0.9252836,3.8250597
ISIC_2341309,-6.7641892,6.7145033
ISIC_1460169,-2.326024,7.433036
ISIC_9006649,1.7480112,5.340339
ISIC_1033188,-3.2219095,9.155399
ISIC_3510420,2.1402833,3.258793
ISIC_2098553,0.8872402,3.6560001
ISIC_4359352,0.05195519,4.827596
ISIC_4282399,1.9056351,3.7375858
ISIC_8839128,-3.4713128,9.047827
ISIC_3481499,-2.1013224,3.7362704
ISIC_3539380,0.9243809,3.4938219
ISIC_4783637,1.7577479,4.877106
ISIC_4712151,1.8056407,5.3817277
ISIC_4345168,1.9549291,3.4460766
ISIC_7325881,1.8544688,4.762348
ISIC_0882619,-4.1975503,9.220103
ISIC_1088190,2.7106192,4.2339325
ISIC_0549791,2.463349,3.998057
ISIC_3769211,1.8956482,3.8812473
ISIC_1414247,1.8511136,5.189205
ISIC_8172419,1.4944674,4.400769
ISIC_4639874,1.8660364,5.342387
ISIC_2781088,1.9205388,4.4339814
ISIC_9770677,0.58093566,4.1317196
ISIC_2153686,5.522597,0.6033085
ISIC_9006160,4.899948,2.4762952
ISIC_5267208,5.682312,0.5429788
ISIC_1956504,6.0124474,1.7227781
ISIC_9284203,5.671045,1.3472277
ISIC_2947742,0.19352786,3.6074626
ISIC_6220625,5.589771,0.6941679
ISIC_1157032,5.5227365,1.2779061
ISIC_1605629,5.837723,0.8175132
ISIC_8672524,5.50362,1.0398073
ISIC_8173513,1.0948179,3.415871
ISIC_3330773,1.8680711,5.2809963
ISIC_6225486,5.0017934,1.1559308
ISIC_3519747,-4.0865583,9.535351
ISIC_4597293,6.307004,1.8422651
ISIC_3021712,6.280774,2.0926855
ISIC_1748718,0.87098825,3.4512155
ISIC_1484659,0.6200339,3.5667393
ISIC_5544367,1.1070712,3.5750713
ISIC_7172893,1.1722472,4.1371994
ISIC_3416324,0.35909703,3.5432775
ISIC_5425721,6.213152,1.4971989
ISIC_5464206,0.9365213,4.867129
ISIC_0502582,1.389016,4.5786967
ISIC_6851408,1.841026,4.468938
ISIC_9711252,1.1797055,6.0074477
ISIC_1772759,-3.1891968,7.444959
ISIC_6189828,-3.760073,8.761813
ISIC_5291129,-3.286963,9.6564045
ISIC_0247330,-6.066485,4.7105303
ISIC_5369000,5.8350425,1.4466046
ISIC_6336781,-3.386032,9.289045
ISIC_3944634,-7.174814,7.224692
ISIC_2727016,5.709182,0.91858363
ISIC_8527092,0.6574309,4.868318
ISIC_7115931,-3.6292343,9.38165
ISIC_6854168,1.8929844,3.3771331
ISIC_4548483,1.3609337,3.4413404
ISIC_9111388,1.4045026,4.4606466
ISIC_3265514,5.588959,1.0044452
ISIC_7080469,1.629835,3.1495762
ISIC_8858877,-3.247634,6.8619094
ISIC_0951438,-5.0760465,6.911452
ISIC_6398669,0.64331055,3.6427295
ISIC_1637536,1.9578644,3.6388357
ISIC_2101624,0.8186621,3.5211055
ISIC_7264689,2.007731,4.516483
ISIC_3575814,5.517706,1.0831584
ISIC_3506189,1.2380034,3.3270237
ISIC_4300625,1.0531605,3.6575844
ISIC_0587027,5.649677,0.9957637
ISIC_9760396,1.4735674,4.824257
ISIC_8131838,6.383077,2.1910725
ISIC_0495887,6.2302155,1.988059
ISIC_5891752,6.31011,2.0990772
ISIC_0082785,6.2499537,2.3260894
ISIC_3784911,1.7524314,5.425473
ISIC_7508527,0.9924477,3.750704
ISIC_8951909,0.9478048,3.4008756
ISIC_7749589,1.3164726,4.0268106
ISIC_8390111,1.4584038,4.044035
ISIC_8734128,1.1013514,4.1111493
ISIC_5131138,1.6228898,4.036479
ISIC_5605916,-7.105258,7.5571404
ISIC_5105824,1.6145486,5.483269
ISIC_1879385,1.4481064,3.2928174
ISIC_9729042,5.210351,0.90153146
ISIC_9553857,0.56133986,3.6171827
ISIC_4480540,1.1894559,3.3866415
ISIC_2880938,0.6404463,4.11136
ISIC_3242898,2.0681417,3.143192
ISIC_6918302,0.8720256,3.4673269
ISIC_9773404,1.3654857,4.4792857
ISIC_7855286,1.4445219,3.3568146
ISIC_2072219,5.407272,0.9268825
ISIC_3716686,1.1231016,3.4055753
ISIC_3822815,1.4792235,3.5376241
ISIC_4619789,1.5519007,3.7041843
ISIC_2736340,4.5418243,1.2986096
ISIC_6348638,5.6369104,2.1991966
ISIC_7982020,-3.2256608,8.330627
ISIC_5717763,1.3125572,3.6500618
ISIC_9274776,5.4110827,0.8018098
ISIC_7748311,6.0122557,1.182151
ISIC_2823287,5.8695865,1.273627
ISIC_6541615,-3.1504676,8.791162
ISIC_7658533,6.165577,1.5959646
ISIC_1488598,0.9166183,5.242296
ISIC_0780259,2.0654454,3.5023916
ISIC_8618156,1.2419386,4.9978957
ISIC_4288522,2.0303679,3.1402164
ISIC_2983437,1.6414278,3.531869
ISIC_5247560,6.1208797,1.7955158
ISIC_3343475,-2.5048401,7.3121977
ISIC_7785457,-3.8410127,7.3404746
ISIC_1533487,1.0794659,3.28258
ISIC_2272001,1.8789465,5.3360944
ISIC_9343272,1.8811389,4.5757017
ISIC_8618676,2.5603611,3.559388
ISIC_5194092,1.8371457,4.701549
ISIC_1339609,1.7436804,5.045192
ISIC_6132521,2.0089846,3.7329912
ISIC_1537627,1.2276596,5.1289096
ISIC_4320065,-0.09781257,7.561826
ISIC_8677053,1.0405207,3.595695
ISIC_4735706,1.397634,3.2443516
ISIC_4936662,1.2646511,3.399648
ISIC_6370792,1.773358,3.3844225
ISIC_1669403,-7.2666807,7.25893
ISIC_1500934,5.675474,2.0380304
ISIC_8194835,0.81648254,4.450702
ISIC_8324787,0.3827432,3.4991004
ISIC_4730066,0.39072704,3.4828186
ISIC_1233104,6.230646,2.316106
ISIC_2967024,1.0984317,4.926615
ISIC_1891515,1.0854138,5.1579766
ISIC_2509046,-3.3712924,8.352538
ISIC_0660782,6.3499026,1.9537255
ISIC_7761552,5.682025,1.1048852
ISIC_9866896,6.2672377,1.9235123
ISIC_0894381,1.5031161,4.665266
ISIC_3521251,6.2814417,2.2697465
ISIC_4525317,-3.309725,9.076318
ISIC_6709150,1.4145943,5.036001
ISIC_7785723,5.7265615,1.269446
ISIC_8451130,1.3679234,4.523397
ISIC_3450983,0.5762811,3.3306627
ISIC_1650233,1.4257807,4.428267
ISIC_7181296,1.1445751,5.076934
ISIC_4857711,5.4309134,2.4038446
ISIC_9308624,5.1168046,2.3682683
ISIC_2172628,5.3706527,2.207541
ISIC_7658729,1.2804086,3.7353196
ISIC_9821590,1.832308,5.282186
ISIC_3631216,0.97725254,4.554449
ISIC_3752905,1.4175733,5.887168
ISIC_2397373,-2.2285938,6.5072904
ISIC_9525930,-2.2454984,7.9171414
ISIC_8340426,-1.981321,6.015744
ISIC_4354857,-4.2278247,8.95692
ISIC_3117505,5.1567583,2.6335046
ISIC_6078205,5.576856,2.520254
ISIC_1412137,-2.4101992,6.4839625
ISIC_5918279,-3.0286489,6.0784574
ISIC_7160082,5.329619,2.7108219
ISIC_4045323,1.0458124,4.525747
ISIC_5490004,0.50328815,3.9817781
ISIC_0333091,5.297553,1.139017
ISIC_8074114,-6.2040567,6.1613097
ISIC_4918621,-2.982917,8.756502
ISIC_5787278,0.66007334,4.551699
ISIC_6496370,2.3281596,3.0996518
ISIC_4672749,-7.1156344,7.54557
ISIC_2738630,0.6682759,3.6892486
ISIC_0909402,2.5951965,3.5007226
ISIC_8712921,-6.1232696,7.008316
ISIC_9117335,-3.4009821,9.318664
ISIC_4388706,1.7603167,4.419405
ISIC_1641637,5.3276825,1.968465
ISIC_2053045,-3.8467293,7.903273
ISIC_1861580,1.033756,4.158719
ISIC_4894802,1.520637,3.4331915
ISIC_6771825,1.9707292,3.277245
ISIC_3885041,0.013669892,4.848696
ISIC_1241817,-0.12874596,4.7763453
ISIC_4374944,1.1984462,3.602633
ISIC_2176112,-0.7723408,5.7218366
ISIC_8465152,5.480977,2.2405667
ISIC_7876737,-2.1965804,4.807828
ISIC_6305442,0.9390619,4.987381
ISIC_6319742,-1.6406748,6.440597
ISIC_3689266,1.6232343,3.2407424
ISIC_8615491,0.26101133,4.516072
ISIC_2502377,2.040771,3.0612602
ISIC_5349205,2.008131,3.101742
ISIC_2057990,-7.264015,7.487439
ISIC_9282097,1.6018481,3.312793
ISIC_0809377,-6.176893,4.6641083
ISIC_9528336,-6.268881,4.4597774
ISIC_7587095,1.8591149,4.810738
ISIC_2822718,2.0260448,3.432879
ISIC_3396790,-4.3695374,7.706722
ISIC_9235862,-4.497348,4.275291
ISIC_8727047,-5.3444304,3.6764672
ISIC_5423741,1.4457958,3.605633
ISIC_2560699,1.7292587,3.5386534
ISIC_7578283,1.9999788,3.0478246
ISIC_6154102,1.8636461,3.9781857
ISIC_8632387,1.0462232,3.524161
ISIC_5352496,-3.4480658,9.277779
ISIC_4416068,2.2427347,3.048833
ISIC_6434344,1.2151692,3.9832444
ISIC_6562435,0.84906983,3.9630353
ISIC_9511982,1.5528297,3.5305688
ISIC_2073666,0.5225869,3.7407513
ISIC_8659007,1.9742595,3.470499
ISIC_4529168,-7.1783447,6.680929
ISIC_9825836,-6.259284,5.0463176
ISIC_2347774,-4.3411007,5.598168
ISIC_4634217,-0.46189147,7.561113
ISIC_2111943,1.1870235,3.4409308
ISIC_3199719,1.1005867,4.9120607
ISIC_1561927,-3.5381558,9.237015
ISIC_2024384,-6.9452224,6.2608833
ISIC_9048507,1.5026665,3.3126547
ISIC_2086525,1.9479972,3.8207629
ISIC_2529848,0.8468703,5.530814
ISIC_2901680,1.5047711,5.4012947
ISIC_4380623,1.0640057,5.21444
ISIC_0933647,-4.164721,7.6396813
ISIC_4429297,-4.1864724,3.7619524
ISIC_2041385,-6.0271325,4.0601883
ISIC_6041185,-2.453263,10.403977
ISIC_8223466,-2.9492652,7.483174
ISIC_0674662,1.7811004,3.8189085
ISIC_2741716,1.7723075,5.472805
ISIC_5573611,1.5025436,4.617274
ISIC_4691314,1.83703,4.4098964
ISIC_7261174,5.8019686,2.1302369
ISIC_8754972,-0.5901972,6.7860665
ISIC_5634573,5.3350673,2.2711506
ISIC_2685593,2.2520776,3.3980231
ISIC_1593260,-0.8179178,5.80258
ISIC_6931024,-2.5973,6.337683
ISIC_6416127,-0.87253416,6.183194
ISIC_0961235,-6.41155,8.894587
ISIC_7075474,-3.7647934,9.676162
ISIC_5722465,1.713636,4.5522194
ISIC_0924427,1.3234304,5.7377577
ISIC_4432898,4.5485253,1.2661728
ISIC_7987416,1.5222688,4.149922
ISIC_3880022,1.0081402,5.2930903
ISIC_7345857,1.3043604,4.953458
ISIC_9863642,1.1696078,6.4277325
ISIC_6596403,5.9833875,2.005568
ISIC_8417873,0.7472274,5.238842
ISIC_8325226,5.6942368,0.535785
ISIC_1407049,1.8694675,4.809723
ISIC_5415761,1.0723966,4.7931237
ISIC_9636881,-3.600026,9.452606
ISIC_9276442,-6.730473,8.307239
ISIC_8497457,2.3087697,3.425696
ISIC_6217184,6.215492,2.0284102
ISIC_6811237,-6.5327435,7.022052
ISIC_6562871,-0.40508747,5.310914
ISIC_3432947,-3.9261494,9.48775
ISIC_7168654,2.1151283,3.111701
ISIC_5605645,-1.3602102,5.500519
ISIC_0238872,-0.36619654,7.526724
ISIC_8851901,-2.9216957,7.263528
ISIC_6098213,5.276063,1.0487317
ISIC_8859274,1.9111645,3.6621902
ISIC_6768479,-3.3778222,9.433029
ISIC_8033490,0.999507,3.3032231
ISIC_6138020,0.7723317,3.410512
ISIC_1897994,1.6779801,3.2918046
ISIC_9469079,0.93613905,3.5248415
ISIC_7441957,2.0061502,3.0650666
ISIC_7592920,2.016704,5.4012513
ISIC_8299428,1.9877688,5.4259634
ISIC_2385847,1.159526,3.3906183
ISIC_2352598,-6.268036,4.732254
ISIC_6731294,-4.1996164,9.306486
ISIC_8883894,-7.271241,6.7827697
ISIC_0250839,5.545475,2.2462382
ISIC_7939816,5.465176,1.4211069
ISIC_8380421,2.023557,3.3283293
ISIC_7357436,0.95891386,3.3784094
ISIC_7662910,0.34579962,4.619442
ISIC_6190621,-3.8024075,8.646815
ISIC_0588352,5.4719987,1.043239
ISIC_2841788,2.1509316,3.7026756
ISIC_4235197,2.1104784,3.9621568
ISIC_7836684,4.785663,0.9989227
ISIC_0810894,1.2091194,4.8640165
ISIC_2976936,2.1028187,4.508487
ISIC_7743612,-3.4507418,7.819125
ISIC_7101732,5.180554,1.3027381
ISIC_0961888,5.0522666,2.370561
ISIC_8652341,5.5688324,0.7030752
ISIC_9910791,1.6677016,3.7412384
ISIC_4493482,1.2928417,4.3303127
ISIC_9509757,0.75133044,4.031313
ISIC_1242543,2.3082716,3.920693
ISIC_9053910,1.1752032,3.5068967
ISIC_2077116,1.0652986,3.636505
ISIC_5807899,1.2698654,3.4672408
ISIC_6473784,2.0948534,4.404269
ISIC_9455280,1.9455724,5.302612
ISIC_7046888,1.7910452,4.7642984
ISIC_1293199,-3.5789087,9.940347
ISIC_0394664,1.5810459,5.525493
ISIC_7964735,1.5737785,4.8902745
ISIC_5909403,0.41984752,3.8289552
ISIC_1132496,1.1232389,5.1904745
ISIC_7866488,1.4234517,3.3491619
ISIC_3145600,1.0655879,3.7637718
ISIC_1785976,1.0103056,3.7087152
ISIC_0538042,0.48043618,3.636082
ISIC_1470642,1.0742846,3.2346148
ISIC_5565053,1.8506413,3.1321092
ISIC_6690051,1.1787342,4.766315
ISIC_4890586,6.059768,2.114425
ISIC_2117677,4.8139114,2.559685
ISIC_4120174,2.1362734,4.2462606
ISIC_1009042,-3.0375426,9.441909
ISIC_3207651,1.2217977,4.891411
ISIC_5185580,1.9112033,4.663105
ISIC_3264605,1.9514136,3.5893986
ISIC_1686113,2.2661383,4.1117454
ISIC_2244719,1.7861542,4.120241
ISIC_0389955,1.449501,3.3952377
ISIC_9965174,6.0494685,1.4704106
ISIC_7956211,2.064639,4.531976
ISIC_5802893,2.3476844,4.3611465
ISIC_7179756,1.2650633,4.791957
ISIC_2342769,4.992618,1.1623894
ISIC_0383804,-2.4936423,8.066749
ISIC_9221004,5.1608224,1.1368887
ISIC_6810183,-4.6355004,8.914522
ISIC_5402119,4.7375426,1.9367648
ISIC_9952575,-3.8614316,9.410665
ISIC_1075054,1.9654549,3.8842258
ISIC_2269075,0.8157538,4.0201173
ISIC_7311296,5.7429233,2.1903765
ISIC_9481406,0.75605446,3.8299673
ISIC_1017377,-3.7796302,8.811739
ISIC_3023646,4.9883127,1.22053
ISIC_0862745,2.3512363,3.5290806
ISIC_7918608,1.51387,4.476578
ISIC_3522554,1.5469768,5.2473106
ISIC_7603831,1.7213352,3.4760063
ISIC_9556334,1.2405996,4.649973
ISIC_5576241,-2.7090616,8.427301
ISIC_7079349,0.9562216,4.701534
ISIC_6433084,1.2877903,3.771053
ISIC_1740430,-3.0397742,8.467093
ISIC_1667579,-0.10547165,7.684663
ISIC_1932488,1.1188124,3.5643437
ISIC_8279476,-5.8516603,6.7397885
ISIC_6968683,-7.1554055,6.746933
ISIC_5103342,0.64072925,4.2501245
ISIC_5469457,1.5502651,4.702522
ISIC_2985753,-3.5295177,9.219085
ISIC_8002875,0.882439,6.677779
ISIC_0281631,1.6136386,5.236914
ISIC_2876194,-4.71309,8.987791
ISIC_5399828,1.2435157,4.9810467
ISIC_4205013,-2.7461307,7.5506673
ISIC_2641026,1.5773951,4.479725
ISIC_8795038,1.8737841,5.4136424
ISIC_7255551,1.6971667,5.089702
ISIC_5987590,1.1663623,5.088223
ISIC_1965344,1.6459327,4.4436903
ISIC_3676029,1.3061131,4.9518185
ISIC_2781714,1.4169613,4.731112
ISIC_1109667,1.0435247,3.822975
ISIC_4497032,1.0257869,3.407818
ISIC_0995838,-6.571867,8.389273
ISIC_7914964,1.0481678,6.047552
ISIC_9535018,-7.225013,7.6037593
ISIC_5657310,1.755752,4.222899
ISIC_4409740,2.0518382,3.4654925
ISIC_0173213,0.78887063,3.9543638
ISIC_6767569,0.46776572,6.4032087
ISIC_0171983,0.8559247,4.9802537
ISIC_5077664,5.3740616,1.1379055
ISIC_5177353,5.233454,1.3971509
ISIC_9975949,2.0645294,4.6770754
ISIC_3210830,-7.0074477,5.929007
ISIC_3729615,0.82330626,5.346506
ISIC_4103984,0.7459779,4.1733766
ISIC_1807379,-7.0472393,8.113457
ISIC_1867801,1.2992501,3.3611462
ISIC_4298420,-3.8693047,7.8175726
ISIC_1562512,0.5605333,3.708313
ISIC_7009636,1.4921548,3.3379118
ISIC_1030252,-3.4416413,9.194498
ISIC_4118006,1.1205258,3.7611144
ISIC_6228536,4.5711374,1.2007552
ISIC_0911264,-3.4152777,7.4268937
ISIC_7833008,6.2590833,2.1511557
ISIC_2474406,-3.2265737,8.863805
ISIC_8157654,1.4196106,4.016904
ISIC_6561111,1.5286947,4.0198407
ISIC_4980656,0.7219849,4.224826
ISIC_8814735,-0.67134273,6.9021373
ISIC_7489564,0.99077505,4.458471
ISIC_7500420,0.6094939,3.6947477
ISIC_6847618,5.63179,0.87333083
ISIC_1497121,-3.105343,7.69593
ISIC_1620401,1.1620955,3.4942985
ISIC_2150997,5.1673408,0.86225003
ISIC_9756079,1.964606,3.9845107
ISIC_8650269,1.661247,3.5064454
ISIC_0156642,-6.6766596,7.4288416
ISIC_0232101,5.5883694,0.72681034
ISIC_2668481,1.3817508,3.362227
ISIC_2365917,5.5764318,0.7771821
ISIC_3253484,2.0508482,4.3816986
ISIC_1859522,1.9944804,3.4273822
ISIC_8122480,0.88540477,3.6257336
ISIC_4784251,1.0153747,3.4600096
ISIC_5747907,2.0980976,3.4549212
ISIC_1830939,-6.984865,7.724249
ISIC_9407352,-7.2328463,6.944865
ISIC_5971127,1.2329067,4.9370317
ISIC_1092675,-3.5922842,6.967796
ISIC_5538169,0.101509854,4.764564
ISIC_0204994,0.851038,7.5971074
ISIC_4919503,5.455974,1.0332979
ISIC_9883879,1.524915,3.2051885
ISIC_6029052,5.3054905,0.94342154
ISIC_9565194,0.79793304,3.828302
ISIC_6461484,0.5457986,3.964546
ISIC_6248008,-2.7432253,7.302174
ISIC_3430492,1.8130947,3.469261
ISIC_6784593,-5.6975727,6.1306124
ISIC_0163110,2.425351,3.8956828
ISIC_8281208,5.3774266,0.57809496
ISIC_6927840,-0.0039488273,4.560028
ISIC_8001976,1.0095156,3.655425
ISIC_8628639,5.399403,0.7529506
ISIC_7819707,0.3401346,3.6817985
ISIC_6496251,1.462668,4.536202
ISIC_9103289,-3.8264272,7.3332715
ISIC_8985109,-3.8092177,9.493232
ISIC_5755210,-3.262313,8.989608
ISIC_6729594,2.4742892,3.162203
ISIC_1292006,1.3088121,4.138283
ISIC_9327290,1.10119,3.1946678
ISIC_5470777,-7.060374,6.2850156
ISIC_3803651,-7.1660624,6.967333
ISIC_5520837,-3.454794,7.2361975
ISIC_5683180,0.55905664,3.6358378
ISIC_8537801,-2.8482754,8.400007
ISIC_3964848,0.94758695,3.294134
ISIC_7740004,1.7555073,3.6294389
ISIC_9806554,-5.106445,8.707303
ISIC_6056121,0.51576805,3.6753087
ISIC_4891233,2.2144318,3.6588256
ISIC_1442601,-3.2287688,9.002688
ISIC_2760625,0.928168,3.5178463
ISIC_6441975,1.0932858,3.4155128
ISIC_9658175,0.83099943,3.5609872
ISIC_9880572,1.8815919,3.6788206
ISIC_4591134,-2.1875997,6.207923
ISIC_3624727,-2.4988348,6.2017846
ISIC_1995421,-6.2370315,8.535261
ISIC_7020654,-6.189251,8.301603
ISIC_9787314,-7.198275,7.719428
ISIC_2479346,0.558207,4.092433
ISIC_7716941,-4.0463896,9.603729
ISIC_4085041,0.6816687,5.112027
ISIC_2996964,1.0302981,4.735292
ISIC_8225405,-3.7480717,9.104247
ISIC_7989840,1.8729393,4.0835037
ISIC_9391983,1.517333,4.109525
ISIC_6727968,1.6176735,4.4837627
ISIC_3821169,-2.8517065,8.516541
ISIC_4505831,1.5757041,4.808276
ISIC_2594596,2.2588968,4.1393647
ISIC_8675566,0.443768,5.3643985
ISIC_9499185,-7.086582,7.5173836
ISIC_1254526,0.49627626,3.686884
ISIC_6228963,1.2994289,3.6753871
ISIC_6446825,-1.0113395,6.7568293
ISIC_7194695,-1.0974864,6.1057673
ISIC_5581931,-0.66087717,4.326408
ISIC_4364153,1.8721843,4.3612156
ISIC_7927525,1.7143142,3.237273
ISIC_4653503,0.11571462,4.69295
ISIC_6555039,4.3443995,1.3657686
ISIC_2071418,0.59134746,3.5935986
ISIC_4874581,-2.2648356,7.7992263
ISIC_2844539,-0.062263176,3.792431
ISIC_2071966,-6.1407413,8.355944
ISIC_1564663,-3.8826647,9.3544
ISIC_7127226,-3.2982366,9.400981
ISIC_2589886,-6.8564796,8.019405
ISIC_3450017,0.30581105,3.6728222
ISIC_8059373,0.4032071,3.7819586
ISIC_8188175,2.2776554,3.8711445
ISIC_0188432,2.5375423,3.4760878
ISIC_3403329,5.8046603,1.4570185
ISIC_7769213,0.8217645,3.6434364
ISIC_5703303,0.87615085,3.360435
ISIC_7936755,-0.86407447,6.3132977
ISIC_2768800,0.063518785,3.5981927
ISIC_2093167,1.339854,3.2815824
ISIC_8068826,2.0173576,3.1784446
ISIC_4227640,1.4826212,3.8414817
ISIC_0497721,0.53503144,3.6556942
ISIC_4408559,-3.6751704,9.053422
ISIC_2488468,-3.204171,8.59012
ISIC_3701563,-3.9157221,9.05658
ISIC_2687175,1.8624655,3.9202175
ISIC_8725993,-3.421447,8.835022
ISIC_1037315,1.7997836,3.3265162
ISIC_5495413,-4.1222534,7.959528
ISIC_0178428,0.774344,3.6204011
ISIC_2230091,5.134629,1.2767357
ISIC_2076526,0.3249042,3.701666
ISIC_5116301,1.02891,3.3175924
ISIC_5302330,1.3845868,3.3715456
ISIC_3026023,5.7412415,2.0790963
ISIC_6804655,4.5801625,1.188371
ISIC_7346228,0.5543946,5.9683557
ISIC_6320012,-3.1269577,8.751475
ISIC_1630301,5.8044744,1.8223989
ISIC_6255113,4.954274,1.8222615
ISIC_0237636,0.8135044,3.329007
ISIC_3668276,-3.2236972,9.010524
ISIC_5420979,0.84337664,4.973047
ISIC_1303488,-6.774207,6.865953
ISIC_7465205,-6.4654984,8.622224
ISIC_6320717,0.72031003,3.9360733
ISIC_3286597,5.4805245,2.117524
ISIC_9448629,5.491539,1.1362613
ISIC_1561068,6.429696,2.2101452
ISIC_5789952,1.8425612,3.3997264
ISIC_4575967,1.4990897,3.8166232
ISIC_6637633,1.3980085,3.2064626
ISIC_3635644,1.7885706,3.2098155
ISIC_5552385,0.95909137,3.3365214
ISIC_9648812,0.5358311,3.5363364
ISIC_6473449,5.8091717,1.0850705
ISIC_9821002,6.505773,2.302906
ISIC_6736963,-3.729889,8.981849
ISIC_6165518,1.5658289,3.1458242
ISIC_8045557,1.9429138,3.0513065
ISIC_2854416,-3.351654,9.32318
ISIC_0333589,2.5988257,3.3446808
ISIC_9628370,1.1735772,4.1675625
ISIC_1603509,-4.033141,7.733704
ISIC_4764654,5.543546,2.1072526
ISIC_5993356,5.356938,2.0954268
ISIC_7087676,1.3083414,3.3117719
ISIC_0754586,-2.8334475,6.197005
ISIC_3610783,-0.35343128,5.1852045
ISIC_1068686,2.2133768,4.0315027
ISIC_5867911,-2.973866,4.9766083
ISIC_7541564,-3.3622448,7.921122
ISIC_8381531,0.39411587,4.538222
ISIC_0599605,1.0950607,5.1573358
ISIC_0653308,0.8871219,3.800243
ISIC_5644364,5.4724073,1.7557064
ISIC_8472701,5.4849496,1.9328403
ISIC_3257455,5.958004,1.4883169
ISIC_5932704,-3.368369,9.25761
ISIC_8300326,5.519935,1.2051121
ISIC_0788453,-3.0149467,8.601874
ISIC_6893147,-3.0275788,8.623052
ISIC_0953317,1.0648148,5.0619087
ISIC_1613289,1.1733409,4.965957
ISIC_7100755,2.3476577,3.2750418
ISIC_0851556,0.6744212,3.5597246
ISIC_5315062,1.4212339,4.0715256
ISIC_3597870,0.7805609,4.6167564
ISIC_4399176,-3.0973458,9.379662
ISIC_8684658,-3.4245117,8.755153
ISIC_8651294,-1.4645246,6.4872646
ISIC_0666481,0.48290914,3.7970636
ISIC_2609984,5.5554247,0.8581893
ISIC_0234140,-3.8228645,9.342506
ISIC_8669067,-3.5325756,9.349345
ISIC_3456094,1.9538774,4.969946
ISIC_5864390,1.3179005,4.741742
ISIC_6398283,1.2551041,4.489343
ISIC_1071355,0.9995577,3.9299257
ISIC_0533122,1.918123,3.8867974
ISIC_2437633,1.8434888,3.339228
ISIC_5829749,1.7034174,3.9597404
ISIC_5136612,5.2484837,0.86033386
ISIC_9626070,1.9548031,3.2856798
ISIC_2797353,5.404068,0.781985
ISIC_4842587,1.8253663,3.8228035
ISIC_7573463,1.1744387,5.1592164
ISIC_5197483,0.37637946,3.67668
ISIC_9318322,2.2689402,3.6889184
ISIC_2329722,-3.9837506,9.306982
ISIC_6477960,0.090270996,7.8601723
ISIC_9192465,-4.7464867,8.566685
ISIC_8477641,-3.200024,8.61084
ISIC_1367005,-3.8588428,3.928329
ISIC_0385415,1.4436284,4.1666083
ISIC_0802693,-3.7301738,7.5475497
ISIC_5172440,1.6687386,4.5477786
ISIC_5288393,-4.293151,3.4071918
ISIC_3405704,-2.7267942,8.550886
ISIC_0585534,1.6039541,4.6119294
ISIC_2958724,2.034674,4.04472
ISIC_9918495,5.8882227,2.4017427
ISIC_2250635,1.262915,5.418402
ISIC_1103955,-3.4383988,8.79936
ISIC_8609756,5.186994,0.8850093
ISIC_5140952,5.520234,1.673151
ISIC_2492245,5.3278885,1.2115496
ISIC_2105563,5.425253,1.5346757
ISIC_4636434,2.502269,4.103414
ISIC_9997614,1.9572285,3.122824
ISIC_9626110,2.121941,4.955065
ISIC_2988993,2.11173,3.5304787
ISIC_6413890,-3.2433019,8.56557
ISIC_6625102,1.4701447,3.2364495
ISIC_0337631,5.452362,0.91964054
ISIC_6876691,2.1808612,4.187924
ISIC_2766590,1.1201981,3.8026068
ISIC_8372206,6.3223906,1.695842
ISIC_8632904,1.7308222,4.255598
ISIC_0216447,1.0362715,4.191946
ISIC_7949783,0.32378313,3.4964206
ISIC_2979177,1.5831381,4.8139334
ISIC_8345288,0.71067965,3.4500227
ISIC_1889076,1.7850718,3.2710834
ISIC_6159600,2.3194218,4.009016
ISIC_7064511,-2.7967339,8.455127
ISIC_1274198,1.0367211,3.710015
ISIC_3646060,1.0768622,3.546169
ISIC_3409440,-2.512475,8.702454
ISIC_1973815,5.5850096,0.72300285
ISIC_4099287,5.257998,0.67341226
ISIC_4961146,1.8134153,3.6761565
ISIC_7889097,1.7897888,3.9770772
ISIC_5664695,-0.5093158,9.734148
ISIC_1651006,0.9538776,4.2681847
ISIC_2974420,-3.7648635,8.831623
ISIC_3086392,-3.3279932,9.325889
ISIC_0633831,-3.1053252,8.821769
ISIC_1124434,1.6554316,3.5522463
ISIC_2263660,2.5011506,4.841246
ISIC_1553968,1.2762866,4.9465036
ISIC_6813763,-0.06392322,4.9179683
ISIC_0749073,2.581448,4.509903
ISIC_3753916,2.2322316,4.4703426
ISIC_9980216,0.7339935,4.276857
ISIC_9547337,1.745608,3.333762
ISIC_0166988,-7.1674895,7.238873
ISIC_7070020,-4.2321763,5.072365
ISIC_4737672,-6.2061667,8.7383375
ISIC_6110888,-3.5195227,3.768374
ISIC_8621568,-7.073595,7.246683
ISIC_7684290,-7.141764,7.4633946
ISIC_2033237,-6.7082844,6.221055
ISIC_1106851,-6.754428,7.57999
ISIC_5673518,-6.7735443,7.8923316
ISIC_9781886,-5.098319,7.742127
ISIC_6251753,-6.682741,7.519824
ISIC_9963177,-6.6135917,6.365523
ISIC_9962388,-7.252045,7.118588
ISIC_2985724,-5.7887297,7.8979006
ISIC_9467877,-7.140168,7.478134
ISIC_2700320,-7.0813894,7.257966
ISIC_3084312,-4.419335,5.002534
ISIC_1200846,-7.0103297,7.632134
ISIC_1162288,-6.847599,7.284263
ISIC_6516710,-6.882614,7.572762
ISIC_6526489,-6.921833,6.574243
ISIC_3428523,-6.8320065,8.05645
ISIC_3965087,-7.0891695,6.9381466
ISIC_0890398,-6.7883825,6.295441
ISIC_6931277,-4.5019345,8.633259
ISIC_5164319,-7.012882,8.236374
ISIC_3176566,-7.054654,6.52012
ISIC_5505677,-4.3284316,4.946662
ISIC_1642210,-7.002411,6.4251494
ISIC_5340305,-6.2281704,6.338338
ISIC_5327658,-7.03435,6.9935093
ISIC_1602561,-4.463549,7.9865155
ISIC_7536704,-5.573911,7.3445835
ISIC_8130168,-7.229803,6.9048715
ISIC_7468407,-3.3502142,5.3968554
ISIC_9977219,-3.7279782,7.5651674
ISIC_0770814,-7.081514,7.84183
ISIC_5388371,-7.0041966,7.371297
ISIC_1569119,-3.3866022,3.553583
ISIC_8699846,-6.248262,8.40822
ISIC_7547609,-6.283353,8.294991
ISIC_5609883,-5.928694,5.645221
ISIC_8866651,-6.6349616,6.0566807
ISIC_2528358,-7.081617,6.2433352
ISIC_5129659,-5.753849,5.2608156
ISIC_0611629,-6.4322224,7.077071
ISIC_1733995,-6.8951006,7.0392714
ISIC_8142461,-4.8747506,8.374846
ISIC_2412426,-6.783299,7.6101937
ISIC_6125652,-2.9667706,4.4872375
ISIC_1356715,-6.459538,7.6686883
ISIC_0274382,-6.8594527,7.027592
ISIC_4346693,-3.8707952,7.9854956
ISIC_9000901,-7.2911134,7.104952
ISIC_2720971,-7.041021,7.444082
ISIC_8702237,-7.0118456,6.4014974
ISIC_6713432,-7.2725296,7.050865
ISIC_2320481,-4.0494576,4.9423018
ISIC_1887647,-6.0054555,8.102888
ISIC_1330008,-6.946568,6.1684237
ISIC_9785077,-7.0480533,7.7366323
ISIC_9482842,-4.71374,8.460779
ISIC_3936223,-3.9905717,6.9219933
ISIC_9185624,-3.743457,7.7293315
ISIC_5626995,-6.9878063,6.9592752
ISIC_2377844,-5.1036406,8.755118
ISIC_7371801,-4.600081,5.0842557
ISIC_2883756,-4.105239,5.256041
ISIC_6512653,-6.3669724,7.4177303
ISIC_4469476,-7.239546,7.132134
ISIC_6110788,-6.82165,6.564194
ISIC_7904829,-6.5867906,6.457025
ISIC_8564474,-3.641792,5.392
ISIC_0833889,-6.925096,6.449384
ISIC_2779036,-6.868312,6.617192
ISIC_6509682,-7.0476475,7.456589
ISIC_0273046,-6.68275,7.0376277
ISIC_3331853,-6.3006654,6.291854
ISIC_0801281,-7.138235,7.1189256
ISIC_6966001,-6.2283254,7.962169
ISIC_3249158,-6.641265,7.9030347
ISIC_6964033,-3.9314673,7.461094
ISIC_1398333,-5.631869,7.227778
ISIC_8823366,-6.9656816,7.752443
ISIC_3969411,-6.5615325,6.1501713
ISIC_2287032,-6.7860284,6.2784557
ISIC_2481044,-6.9278846,7.3011813
ISIC_4347161,-3.9253147,7.0905623
ISIC_3778192,-6.784761,7.091747
ISIC_1822797,-6.602366,7.4231663
ISIC_8283552,-6.984051,6.5606794
ISIC_6937025,-7.1128664,6.6099696
ISIC_9000824,-4.602673,5.436355
ISIC_9193127,-7.1662846,7.2419987
ISIC_6400232,-7.0958314,6.9934516
ISIC_9478088,-3.5185473,4.0431933
ISIC_4427596,-7.042911,6.939842
ISIC_9975957,-6.948234,6.562285
ISIC_3319411,-4.1892304,2.9837096
ISIC_1685653,-4.483975,4.522311
ISIC_9087738,-7.284729,6.3707886
ISIC_3302777,-7.1052957,6.789055
ISIC_9784104,-7.2693973,6.5939827
ISIC_6546903,-7.31728,6.735131
ISIC_5646514,-1.0806049,6.397168
ISIC_8432957,-6.731483,5.374262
ISIC_6687799,-4.8418956,2.9841576
ISIC_0236510,-3.3446646,7.681234
ISIC_7633322,-4.3910995,2.9709527
ISIC_4785358,-4.0480843,8.399134
ISIC_7216585,-5.1277213,8.614864
ISIC_1731411,-4.7843966,9.193955
ISIC_6538399,-6.7009296,5.4307084
ISIC_4839104,-4.270705,3.2517052
ISIC_5544848,-4.4417276,3.4684925
ISIC_2317322,-7.0187864,5.9573483
ISIC_6885016,-6.6353073,6.0361576
ISIC_1992621,-6.8006973,5.7362933
ISIC_0938864,-5.4162045,3.9055507
ISIC_1859641,-3.9771738,3.2953258
ISIC_4025587,-6.279511,5.306012
ISIC_4130540,-3.564816,7.9486423
ISIC_8026339,-4.515807,3.1049643
ISIC_2281090,-7.14321,7.673641
ISIC_9861674,-7.16278,6.5011
ISIC_7023656,-6.8425035,6.658025
ISIC_2892069,-7.199869,6.5749207
ISIC_6555093,-7.3085732,6.4803915
ISIC_9144769,-7.151989,6.1124682
ISIC_8363791,-4.9343596,8.357766
ISIC_9114776,-6.681737,6.3012986
ISIC_9645937,-4.3432856,3.2590818
ISIC_3052085,-3.2320979,7.975084
ISIC_6689310,-6.863633,6.063013
ISIC_5185780,-7.1157947,6.2266765
ISIC_0149568,-6.6043973,5.0542817
ISIC_2607827,-4.342109,8.897241
ISIC_9432244,-4.3979425,3.35816
ISIC_7528783,-6.9328904,6.022413
ISIC_2817101,-7.048921,6.1367164
ISIC_9022005,-6.6092134,5.021965
ISIC_9967383,-4.390038,8.952405
ISIC_0715702,-4.263344,8.547253
ISIC_8639448,-3.300453,7.4525957
ISIC_1394029,-7.1686306,6.4901586
ISIC_2875622,-3.9080503,3.8087652
ISIC_3251486,-6.958552,6.0893936
ISIC_2059481,-7.10772,6.45317
ISIC_2970409,-6.2567596,5.470596
ISIC_2546644,-7.22786,6.2770123
ISIC_4827270,-4.3049903,3.8632479
ISIC_2323273,-3.5081131,7.8245134
ISIC_6539127,-7.2705135,6.427761
ISIC_9358630,-7.031913,6.040512
ISIC_7960172,-6.392391,8.502413
ISIC_6340529,-7.1463723,6.232783
ISIC_0547934,-5.001383,9.116923
ISIC_6102502,-6.315912,5.2449307
ISIC_4887403,-7.0830564,6.0039287
ISIC_2382612,-6.5210257,5.7696347
ISIC_2123159,-6.401781,6.112108
ISIC_9206499,-5.7807264,5.9164867
ISIC_0562430,-2.381853,6.8577633
ISIC_3033120,-3.1022975,7.068267
ISIC_1486076,-7.2804623,6.392555
ISIC_2975553,-6.768866,5.4227304
ISIC_8355446,-7.129388,6.1900396
ISIC_0565046,-7.1594505,6.35281
ISIC_2074649,-6.434351,5.4326673
ISIC_7421719,-5.755835,3.9194806
ISIC_5679678,-6.2604556,6.557979
ISIC_0207268,-5.7685833,5.881102
ISIC_1051595,-3.795631,9.399852
ISIC_1275188,-7.185375,8.184714
ISIC_6571026,-3.9162498,9.477464
ISIC_6332480,-3.2733858,7.201194
ISIC_7586457,-7.231679,6.8106265
ISIC_0924701,-3.7860472,9.361355
ISIC_4270738,-1.931358,3.9899635
ISIC_2812732,-5.3090205,6.378618
ISIC_2778113,-5.107219,5.803167
ISIC_3288502,-1.2041092,4.1833534
ISIC_0755331,-3.8774383,8.668937
ISIC_7661590,-6.1280885,5.5168805
ISIC_9063854,-3.280657,7.7768345
ISIC_7545731,-4.429292,9.08038
ISIC_2561898,-3.542365,7.6511784
ISIC_1808628,-3.7406957,8.170882
ISIC_2671817,-4.5776725,4.6095524
ISIC_1196376,-3.5384557,7.3253646
ISIC_4390313,-3.7592084,8.3325815
ISIC_2939230,-4.0418386,8.805955
ISIC_6584579,-6.5254574,5.1903663
ISIC_2642187,-3.9393709,7.8928432
ISIC_6352565,-6.4585295,5.1041756
ISIC_5708658,-5.8726172,4.958853
ISIC_8085925,-5.9216776,7.303929
ISIC_2631302,-6.948435,7.1718135
ISIC_0668739,-7.1124716,7.54981
ISIC_1413366,-7.1776075,7.5669694
ISIC_4973809,-7.089028,7.878967
ISIC_2457132,-7.0827894,7.75301
ISIC_3888054,-7.1988254,6.655797
ISIC_4439054,-2.6623752,4.518994
ISIC_2772581,0.30711412,3.566725
ISIC_7611850,-5.5451794,4.5796194
ISIC_8976374,-4.34393,3.294161
ISIC_5565758,-6.8625927,6.4615955
ISIC_0703440,-7.2755175,6.3367786
ISIC_3668920,-7.1965294,7.583316
ISIC_1948821,-6.509714,4.9919767
ISIC_7343496,-7.293579,6.8524895
ISIC_7006530,-4.126198,3.0007381
ISIC_3203435,-4.221902,3.1160946
ISIC_4100970,-3.884334,7.7731943
ISIC_8649055,-4.8037333,7.445054
ISIC_7070088,-5.135425,6.1437283
ISIC_3175789,-7.0122685,7.131241
ISIC_5511356,-6.354052,5.8917003
ISIC_9342419,-2.744328,2.959436
ISIC_3599125,-6.9466476,6.2589674
ISIC_1598039,-7.2659974,6.3004694
ISIC_1574020,-6.302154,8.355243
ISIC_6272501,-7.0731072,6.0737014
ISIC_8430165,-2.4596386,3.9290092
ISIC_0641371,-4.935249,6.7287235
ISIC_2788286,-7.306026,6.055108
ISIC_6020087,-4.918815,8.905112
ISIC_8814398,-1.8323194,6.537521
ISIC_2987613,-4.825768,8.198455
ISIC_0467617,-6.957863,6.0448217
ISIC_7096946,-4.113333,8.968253
ISIC_3429014,-3.108731,4.132201
ISIC_4606646,-4.0052915,8.346461
ISIC_3594764,-4.1998944,8.62496
ISIC_7726675,-4.770583,9.022075
ISIC_6440420,-6.7552705,6.3027387
ISIC_0592552,-7.19569,6.5058165
ISIC_7763042,-7.2556057,6.46312
ISIC_6552718,-2.629976,4.144105
ISIC_4026806,-7.0801225,7.67207
ISIC_1904481,-4.396474,9.038433
ISIC_9546061,-5.271012,8.551791
ISIC_2334275,-6.6387997,5.092126
ISIC_1506954,-7.270139,8.23782
ISIC_1384413,-7.252757,6.675683
ISIC_5435863,-7.1277347,6.1390367
ISIC_1348539,-6.197092,4.3641458
ISIC_5365537,-6.260865,5.050729
ISIC_7094911,-7.1658664,6.4975777
ISIC_1786585,-3.2073553,7.7303486
ISIC_8757174,-6.6151013,7.4148808
ISIC_1685257,-6.1376104,5.4567914
ISIC_2449103,-1.4084826,7.070852
ISIC_5194334,-3.933512,8.897348
ISIC_7062201,0.34785295,7.6645045
ISIC_1449628,0.51255053,7.681381
ISIC_6381819,-0.2918223,8.546714
ISIC_4810227,-1.8840749,10.272746
ISIC_9752088,-6.129148,6.157978
ISIC_9456779,-2.4164436,9.705528
ISIC_0606244,-3.769794,7.3687572
ISIC_9114248,-7.221957,7.3466983
ISIC_0873174,-6.5994854,7.0193806
ISIC_9345094,-6.5634847,8.312854
ISIC_2318474,-1.3981816,10.081848
ISIC_2438481,-0.8488069,10.161743
ISIC_1440160,-0.85087156,9.963117
ISIC_2251334,-4.968249,7.250629
ISIC_0559101,-1.06113,10.315382
ISIC_6816081,-3.2194555,7.8485403
ISIC_4068636,-3.9251595,7.9240894
ISIC_6511141,-7.0088816,6.0278816
ISIC_4938994,-5.969912,4.1608925
ISIC_3433909,-2.4757957,4.9028273
ISIC_5732201,-5.8227615,4.3077607
ISIC_4814164,-4.917858,4.0366044
ISIC_7010755,-4.8680234,3.1592636
ISIC_9101762,-5.12232,3.7222598
ISIC_9312164,-4.0020533,7.1965637
ISIC_9132494,-7.2183423,6.424821
ISIC_4883407,-5.9627004,4.574422
ISIC_8538920,-5.3557525,8.771463
ISIC_0612624,-1.6884879,4.056135
ISIC_6833905,-5.4393163,4.4816966
ISIC_2623707,-6.471469,4.385105
ISIC_9323659,-6.83718,5.181981
ISIC_5847821,-6.422367,5.5178823
ISIC_7050773,-4.2471037,3.0259657
ISIC_7293518,-3.870155,7.8700686
ISIC_1195354,-3.434703,7.859796
ISIC_8059429,-7.0429277,6.689941
ISIC_4378189,-3.796078,5.878357
ISIC_6739241,-3.7894762,8.537642
ISIC_8051791,-5.6714387,6.8638597
ISIC_1684127,-3.9046586,7.473335
ISIC_0969723,-6.591193,5.0109997
ISIC_8878967,-4.629906,9.322735
ISIC_1665944,-6.217169,4.6716275
ISIC_7372719,-4.8185763,3.0976644
ISIC_6640981,-5.409007,8.170384
ISIC_6024335,-4.28354,3.6048007
ISIC_8285361,-3.3921661,9.02277
ISIC_5642824,-5.001824,3.2181907
ISIC_8231999,-3.1262243,3.4196067
ISIC_9797578,-4.9934807,3.266345
ISIC_5970460,-5.1683826,3.4704127
ISIC_8085467,-6.091058,5.403951
ISIC_1732527,-6.6129146,4.871739
ISIC_6205965,1.479795,3.5707185
ISIC_4568001,-5.745466,6.8662863
ISIC_4967564,-3.5999224,7.1894035
ISIC_1560324,-3.51447,7.106888
ISIC_8583322,-6.990577,5.6227555
ISIC_6289765,-5.7109275,4.455878
ISIC_7132534,-3.0603518,2.9578967
ISIC_2685681,-3.6200705,7.8198276
ISIC_4881841,-4.7389717,4.6198
ISIC_6925729,-5.3273377,3.7364385
ISIC_3521744,-5.041797,3.1867337
ISIC_5527224,-1.0186006,5.07742
ISIC_5258657,-4.8479505,3.3246236
ISIC_1959939,-2.2940614,3.724777
ISIC_8041953,-6.982158,6.0254908
ISIC_3456207,-3.7419808,8.313041
ISIC_0809845,-5.837006,5.9668446
ISIC_2195832,-5.80285,5.6151013
ISIC_8284051,-5.079674,4.6071568
ISIC_7670737,-6.7114625,5.034849
ISIC_2205007,-6.362738,4.471825
ISIC_2172532,-6.9094195,5.594942
ISIC_1492455,-6.2651157,4.1566014
ISIC_6598283,-4.674678,4.7320747
ISIC_6982386,-5.633307,3.9055183
ISIC_9052500,-4.9433346,3.3480716
ISIC_4266533,-6.25848,4.5034246
ISIC_5969724,-5.387611,3.8257384
ISIC_4163686,-6.666286,4.8392124
ISIC_5260050,-0.654361,4.428006
ISIC_2900150,-4.483004,2.9140034
ISIC_5533992,-4.0917444,6.662122
ISIC_1779443,-5.9599357,4.1646914
ISIC_3570575,-3.7741094,7.7039123
ISIC_0559335,-6.686406,4.993614
ISIC_8246523,-4.329662,4.4953365
ISIC_7074321,-4.8034263,4.2233467
ISIC_5882629,-3.111127,8.8768835
ISIC_8786539,-6.879125,5.333961
ISIC_1852500,-7.076724,6.133214
ISIC_3576876,-4.658028,2.952554
ISIC_8363069,-4.522145,7.6846957
ISIC_4355229,-6.2762403,4.4267426
ISIC_9016941,-3.6322138,7.3662944
ISIC_0952472,-3.5940673,4.1706147
ISIC_9262161,-4.9997077,7.9083786
ISIC_6416533,-3.3139842,9.465744
ISIC_7843804,-6.5276346,4.749016
ISIC_6805686,-5.8861566,3.76012
ISIC_2565206,-3.5542362,7.3932605
ISIC_9593940,-4.6856585,6.0478573
ISIC_6971606,-6.3721156,5.387423
ISIC_2351999,-4.7136426,2.9966347
ISIC_7236809,-6.8344574,5.75569
ISIC_0248114,-4.430361,3.6109934
ISIC_7847294,-6.8229685,5.324784
ISIC_9526877,-6.5346675,6.873842
ISIC_5137933,0.4605086,4.5692472
ISIC_4443545,-3.4467673,8.128403
ISIC_0384107,-3.646971,7.0439773
ISIC_7929262,-5.334142,4.8294992
ISIC_3795397,-3.878717,6.2448106
ISIC_8641097,-4.8218846,3.0112627
ISIC_7445157,-5.0755763,5.605837
ISIC_1616031,-6.755145,5.3127937
ISIC_1698942,-3.96293,3.3549912
ISIC_8011058,-6.9462333,5.4839883
ISIC_1486154,-6.379237,4.662214
ISIC_2272218,-6.781647,5.3600183
ISIC_2412113,-5.394977,3.5741467
ISIC_9944931,1.1714607,3.6336327
ISIC_1727295,-4.519457,3.7703223
ISIC_0470699,-5.0986753,3.1560988
ISIC_3801938,-4.6448727,4.211873
ISIC_3915890,-4.9214854,3.0030715
ISIC_8965323,-6.7234178,5.447977
ISIC_4377208,-6.0767965,4.1883597
ISIC_1388552,-7.1665325,6.1244116
ISIC_2824922,-3.8076384,7.6906037
ISIC_3994631,-6.721068,7.1092596
ISIC_7520843,-3.9085891,6.836413
ISIC_5071046,-4.79909,3.151997
ISIC_1643439,-5.542325,3.7569833
ISIC_1881133,-4.596814,9.505794
ISIC_1667159,-6.3994427,4.4969373
ISIC_2428554,-6.684019,5.413325
ISIC_8230318,-2.9816163,4.285326
ISIC_5216586,-4.7537146,3.1965973
ISIC_2937642,-7.1066637,5.8135448
ISIC_7797595,-3.414025,7.7461557
ISIC_5268669,-3.6043644,8.125408
ISIC_7626256,-3.9153605,7.9452868
ISIC_0272509,-6.3637934,4.8972006
ISIC_9704624,-2.878025,6.928005
ISIC_6641007,-3.5514677,7.4543223
ISIC_5550366,-5.536313,7.7331533
ISIC_1654342,-5.055209,3.9574275
ISIC_3451688,-6.96971,6.0861626
ISIC_5719183,-4.955093,3.0823677
ISIC_3738751,-4.9660516,3.0153573
ISIC_5044571,-3.68448,6.7186685
ISIC_6313487,-5.135123,3.422796
ISIC_9598453,-3.6174586,7.6958694
ISIC_3464344,-4.507652,3.4878354
ISIC_6231450,-3.7972896,7.777873
ISIC_0528044,-3.3470669,2.516926
ISIC_2646829,-4.9017596,3.098088
ISIC_8789051,-1.65908,4.9721384
ISIC_8648734,-5.1105065,8.338497
ISIC_1836410,-4.9256663,3.1826334
ISIC_2170268,-3.2536368,6.453405
ISIC_9514450,-4.139194,3.7012143
ISIC_8043823,-6.905592,5.398341
ISIC_9884312,-1.0084828,4.9456086
ISIC_8249854,-3.5842912,7.363985
ISIC_5679290,-6.9799285,5.5236793
ISIC_5539423,-4.9252973,6.140792
ISIC_0719366,-6.445869,5.078382
ISIC_1110583,-6.55746,4.557646
ISIC_5943385,1.3917357,3.4489064
ISIC_8419210,-5.0539775,4.999074
ISIC_0996873,-6.4178514,5.7719016
ISIC_3704157,-6.364188,4.9005685
ISIC_7205745,-7.08564,6.385284
ISIC_3947143,-4.73591,6.2140117
ISIC_6581411,-4.8870893,3.090373
ISIC_3465766,-1.2950373,8.304579
ISIC_0602633,-1.001496,7.2833614
ISIC_5060576,-4.4410186,8.642311
ISIC_4055354,-7.0595155,5.5541134
ISIC_9998682,-1.560661,3.8766696
ISIC_3391427,-5.056189,6.2743917
ISIC_5491443,-7.087569,5.6745424
ISIC_7035368,-5.5739055,3.8281884
ISIC_3587744,-4.9586973,3.1351852
ISIC_9183084,-4.9945083,3.1838512
ISIC_8238755,-6.7336082,5.0350957
ISIC_4258047,-3.9076598,7.8090262
ISIC_8578525,-3.6071177,9.171021
ISIC_4214570,-5.0382533,4.434252
ISIC_2200197,-3.7128003,6.6055927
ISIC_3301933,-6.7755437,5.4861403
ISIC_9299316,-6.832371,5.445413
ISIC_6467369,-4.420302,3.8991628
ISIC_4267177,-3.7535477,8.712324
ISIC_5033871,-4.4192386,4.8282022
ISIC_7901662,-6.3527246,4.618817
ISIC_0947409,-3.976968,8.444982
ISIC_0361529,-6.2038603,4.217815
ISIC_0937261,-6.3547707,5.692285
ISIC_7010159,-4.416385,3.1155636
ISIC_7872595,-6.146576,4.11259
ISIC_7940557,-5.7265053,3.8930135
ISIC_4090965,-3.75528,7.249389
ISIC_3971018,-4.9269915,3.1711252
ISIC_3435596,-5.0908637,3.322364
ISIC_9719597,-3.1151466,6.463336
ISIC_4968384,-4.899599,2.923747
ISIC_6985838,-3.4581556,3.9307406
ISIC_6794899,-6.7185626,5.52446
ISIC_8768857,-6.4188676,5.8622265
ISIC_3689236,-4.321017,5.3299065
ISIC_1048895,-4.182156,8.358037
ISIC_8009536,-3.2529223,4.412886
ISIC_3105463,-4.795819,8.423296
ISIC_9429943,-6.703272,5.146746
ISIC_8437493,-3.4123805,5.747583
ISIC_3517311,-5.3790936,3.573716
ISIC_5215191,-6.453056,4.8116965
ISIC_0771788,-7.203538,6.2251124
ISIC_0662000,-5.312503,4.3570666
ISIC_9922430,-3.7177343,8.2126665
ISIC_9199429,-0.56130004,4.502162
ISIC_5581297,-6.930672,5.4944673
ISIC_4950321,-4.97704,4.9384923
ISIC_2975580,-4.2727065,5.4483604
ISIC_3971465,-6.681544,4.893195
ISIC_6634951,-5.6020184,3.9656043
ISIC_0803850,-6.6090074,5.0979495
ISIC_2903756,-4.6294622,5.327119
ISIC_3393442,-4.084175,4.456112
ISIC_7451381,-7.245548,6.6724286
ISIC_2697910,-6.152109,4.4173365
ISIC_4960784,-6.340358,4.354999
ISIC_2048015,-4.331308,9.208361
ISIC_4851366,-4.8980293,3.1838791
ISIC_2268341,-3.44452,6.9693203
ISIC_4828943,-6.062535,5.139957
ISIC_1566428,-4.930679,3.1755452
ISIC_4810142,-5.6915293,4.1091537
ISIC_1785627,-7.0007873,5.5061026
ISIC_5962903,-4.84388,4.2160826
ISIC_3087371,-6.833459,5.259825
ISIC_1979473,-2.2424538,6.7526956
ISIC_3016243,-4.8488355,2.9548693
ISIC_4964804,-4.004271,6.2643538
ISIC_6470698,-3.2151225,7.173851
ISIC_8270405,-4.301761,4.874929
ISIC_3817719,-2.148235,3.6062503
ISIC_1202656,-6.437616,4.926865
ISIC_2974214,-6.3046336,4.421233
ISIC_0456176,-4.952443,3.2718496
ISIC_9038318,-4.9813876,3.0895326
ISIC_8733507,-4.1618447,9.145106
ISIC_8361472,-5.012159,3.162631
ISIC_5386105,-3.9949315,7.690231
ISIC_8470330,-5.062207,3.1584702
ISIC_2203306,-5.0409985,8.041216
ISIC_9571842,-4.8844357,3.0535464
ISIC_2226191,-3.8143122,7.791044
ISIC_6107184,-6.60806,8.672562
ISIC_1752943,-5.78893,3.7705019
ISIC_1294368,-6.9466653,5.460653
ISIC_3436033,-3.0726485,5.659125
ISIC_0286360,-2.0534854,4.7764754
ISIC_5958409,-4.173991,9.120384
ISIC_5667461,-6.895704,5.2437954
ISIC_7028320,-3.124591,4.187915
ISIC_5608711,-2.9706836,8.684354
ISIC_2801139,-4.317169,5.7818937
ISIC_7253401,-6.1733203,4.480176
ISIC_7800750,-5.170646,3.2337744
ISIC_8167374,-6.6135535,5.146012
ISIC_0504165,-5.9351077,5.4035397
ISIC_3065032,-4.489505,9.431554
ISIC_2400515,-4.4816227,3.0672743
ISIC_2776906,-4.035409,4.138472
ISIC_2838960,-3.9764855,8.838853
ISIC_5408967,-5.2487154,3.5852475
ISIC_7265673,-3.6699038,6.742624
ISIC_8581330,1.0527232,6.7804804
ISIC_6594555,-1.0034499,6.192878
ISIC_7312977,-4.214708,6.663592
ISIC_5454664,-3.751936,7.8952317
ISIC_4425322,-2.6265235,10.168233
ISIC_1427578,-3.8285825,3.1515505
ISIC_9685931,-6.5669665,4.920807
ISIC_4870183,1.8113511,5.1085424
ISIC_2153401,-6.8137407,5.314497
ISIC_2434588,-4.9909782,3.0168073
ISIC_3575926,-4.154006,3.4387631
ISIC_8145348,-3.690287,3.894163
ISIC_9812693,-6.7586093,5.0748744
ISIC_5981857,-6.3784018,4.223458
ISIC_9210255,-6.262323,6.2218947
ISIC_1358441,-5.81448,4.029061
ISIC_2743708,-5.546425,8.2215
ISIC_0683986,-3.8503907,6.7764263
ISIC_9088976,-5.921586,4.144194
ISIC_1447559,-5.876277,4.4753275
ISIC_0298274,-6.237293,6.019474
ISIC_9855343,-7.063239,5.653262
ISIC_2577849,-6.6568303,5.5025806
ISIC_5407240,-5.685573,3.695361
ISIC_0779920,-4.726911,3.5034673
ISIC_1315068,-1.2576311,8.187305
ISIC_6945634,-6.5372295,4.6701226
ISIC_5922588,-2.3506212,2.627679
ISIC_2350747,-6.9034524,5.6440444
ISIC_2102371,-5.568992,3.692108
ISIC_8263489,-4.914147,3.2966633
ISIC_4427247,-3.160938,5.5245843
ISIC_4037228,-3.6524792,6.012436
ISIC_6059520,-3.7928443,7.826285
ISIC_9028131,-4.912072,3.0674546
ISIC_3637224,-5.4959736,3.5114946
ISIC_8737794,-3.5828557,7.529399
ISIC_1694285,-6.84363,5.2373204
ISIC_8124900,-4.1351585,7.554807
ISIC_8780369,-3.3673096,7.898229
ISIC_9819127,-4.8770304,3.2564692
ISIC_5097951,-6.128117,4.1415453
ISIC_3976496,-5.0567284,3.3990886
ISIC_9596721,-5.0466647,3.2254155
ISIC_4404772,-4.927459,3.5884383
ISIC_5814177,-3.7323112,7.3952074
ISIC_1670692,-4.2065334,5.7529583
ISIC_2246150,-3.7119334,6.8956337
ISIC_5370367,-4.6906214,7.8832994
ISIC_5678849,-6.958237,5.754269
ISIC_1875012,-6.521044,4.7116213
ISIC_1733359,-5.2807794,3.4473062
ISIC_0477793,-7.0496583,5.917918
ISIC_6441489,-3.7914453,8.11538
ISIC_8033318,-7.0776253,5.7231107
ISIC_2371734,-2.3805118,4.910378
ISIC_2846402,-6.7269998,5.096625
ISIC_7685237,-5.87732,3.8503954
ISIC_7418664,-6.989236,5.419788
ISIC_4905375,-3.7066078,6.7082834
ISIC_2409103,-3.6580038,6.566855
ISIC_6307097,-6.7573047,5.0048976
ISIC_9622423,-6.5133834,5.38656
ISIC_6285376,-6.383443,4.5799255
ISIC_7202197,-4.9057713,3.2184682
ISIC_5537985,-3.5394104,7.359725
ISIC_5613297,-6.9540687,5.4133973
ISIC_8006211,-2.6377366,3.9396672
ISIC_4575527,-6.59933,4.855852
ISIC_1043313,-2.695477,3.5221496
ISIC_6512384,-4.596951,2.9560776
ISIC_7941289,-4.3331003,3.673391
ISIC_1627619,-4.856329,2.9768243
ISIC_0519386,-7.027466,5.4936523
ISIC_9451161,-6.4719305,5.556881
ISIC_5403880,-6.917493,5.819191
ISIC_7195248,-3.845853,6.9589562
ISIC_7138875,-4.9492774,3.34173
ISIC_6278273,-3.9646072,6.386855
ISIC_2637608,-7.006775,5.979254
ISIC_0280912,-6.3973083,4.5279317
ISIC_8381313,-3.6999218,7.9476385
ISIC_1386874,-1.2860776,8.343043
ISIC_7035246,-3.597174,5.9893894
ISIC_5824220,-6.4751716,4.669438
ISIC_7637844,-6.9311357,5.7905307
ISIC_3475660,-6.262441,4.291643
ISIC_5585090,-6.0818896,4.51923
ISIC_1964724,-6.930391,5.621121
ISIC_0220438,-4.258099,2.9739358
ISIC_6392461,-5.6828074,3.8793259
ISIC_2757355,-5.038766,3.2258584
ISIC_1870415,-3.8427484,7.7760653
ISIC_2697083,-5.3381276,3.853376
ISIC_0351666,-4.805999,4.51009
ISIC_6931468,-3.5705037,7.209641
ISIC_0694033,-6.296271,4.300676
ISIC_6285925,-3.5679631,7.7641606
ISIC_7614221,-5.855828,8.667742
ISIC_2871230,-6.560585,5.0940866
ISIC_3399306,-3.8406827,7.733141
ISIC_9164054,-5.599782,3.7098331
ISIC_4655939,-2.2748575,5.9528966
ISIC_6555290,-6.2003274,4.3199515
ISIC_5225355,-4.6299343,3.1281295
ISIC_8054626,-3.9029586,3.531712
ISIC_4354896,-6.1745234,4.4181204
ISIC_7358293,-6.8867807,7.648247
ISIC_1884425,-6.160473,3.998831
ISIC_6089318,-2.3258715,3.466127
ISIC_4425657,-3.5635092,6.32314
ISIC_1023256,-4.9741797,2.9993486
ISIC_4909462,-4.915953,3.0303445
ISIC_5397969,-5.2375965,3.3914254
ISIC_0343061,-4.5147014,3.5623307
ISIC_8483008,-5.1346326,4.9226956
ISIC_4520704,-7.1916885,6.350227
ISIC_8397285,-5.236822,4.563022
ISIC_0227038,-3.4978204,3.4775946
ISIC_3979826,-4.095429,8.621326
ISIC_5776649,-3.709923,6.644856
ISIC_2512303,-5.395071,6.5854144
ISIC_0178235,-6.4049134,4.932599
ISIC_2255411,-6.468792,6.148351
ISIC_2364150,1.1359456,4.770224
ISIC_1473522,-6.7218575,6.688765
ISIC_8207974,-5.854625,5.713649
ISIC_2525084,-5.572001,7.27431
ISIC_6549364,-4.644989,9.102901
ISIC_6692344,-7.0061994,6.8809857
ISIC_3985031,-6.8490324,7.063294
ISIC_0624498,-4.8807864,7.6072407
ISIC_3244067,-5.5746765,8.948371
ISIC_9001948,-6.476124,6.709469
ISIC_8732757,-7.1231184,6.9741025
ISIC_1728564,-4.431315,4.145622
ISIC_2232442,-6.129168,4.982815
ISIC_0981639,-6.3637033,7.6683064
ISIC_6620377,-6.3610773,5.95672
ISIC_1247683,-6.637433,7.7490034
ISIC_5046082,-6.0934443,6.9834795
ISIC_5037784,-6.8371344,6.1641164
ISIC_0744013,-3.8839467,8.186282
ISIC_9930189,-6.8910823,7.4278
ISIC_7961365,-5.040374,8.904827
ISIC_0489267,-4.534221,8.592077
ISIC_9626843,-6.5774164,6.0170584
ISIC_7075768,-6.6797104,6.463908
ISIC_7612992,-5.6995373,5.1714983
ISIC_2243107,-4.855446,9.031455
ISIC_0647224,-5.3457427,5.8722334
ISIC_8485716,-4.9452534,5.2009673
ISIC_7914631,-6.6042256,6.33234
ISIC_5021861,-6.1517816,6.338168
ISIC_7788318,-4.058774,5.2027946
ISIC_7680948,-4.927354,7.239677
ISIC_4590186,-5.4222465,4.1453547
ISIC_5167209,-4.4069324,9.291179
ISIC_5774484,-4.0318036,5.51124
ISIC_9754098,-5.3812413,4.038336
ISIC_7460887,-4.7702413,4.8660955
ISIC_5747486,-5.4742804,4.1680384
ISIC_3440759,-5.895929,6.809733
ISIC_5868291,-3.746586,6.5426126
ISIC_2126660,-4.0629196,5.365438
ISIC_1231419,-7.208423,7.137788
ISIC_5829938,-6.776311,6.431658
ISIC_7490240,-6.384035,8.872972
ISIC_9583969,-6.5270877,6.3442903
ISIC_4230049,-4.228302,5.548097
ISIC_6785680,-6.873267,6.798211
ISIC_5147292,-6.442037,8.027939
ISIC_6671773,-4.2115054,3.730197
ISIC_7960869,-5.5862856,8.404313
ISIC_4982046,-3.6327784,7.871024
ISIC_5191344,-6.6101174,6.4394073
ISIC_1866770,-5.012479,6.7926717
ISIC_3824206,-6.098888,7.249512
ISIC_4301916,-7.0636344,7.0169096
ISIC_4967586,-6.3253493,7.806035
ISIC_1460932,-7.1932154,7.257041
ISIC_7466678,-6.5213175,7.6928062
ISIC_6841294,-6.9538713,7.3949585
ISIC_3469595,-6.3611827,8.126977
ISIC_2406492,-5.999788,4.856774
ISIC_3241636,-5.7359047,6.1927443
ISIC_0914168,-6.788494,6.397322
ISIC_0294150,-5.6593323,4.2749767
ISIC_1968421,-7.1510963,7.1748986
ISIC_1486861,-7.000216,7.2897835
ISIC_7218890,-6.7372527,7.813747
ISIC_9000234,-6.906545,6.45658
ISIC_7098141,-6.5249443,7.917721
ISIC_1706912,-4.0984974,7.936803
ISIC_1412843,-6.36739,5.303403
ISIC_9235283,-7.0509596,6.46404
ISIC_5576354,-6.0015693,6.308777
ISIC_9286292,-5.468235,7.2494273
ISIC_2957732,-6.162799,6.991055
ISIC_4276255,-6.474561,7.62506
ISIC_5983500,-4.4575214,5.6762557
ISIC_6535558,-6.5040946,5.9247317
ISIC_0572205,-6.428698,8.040435
ISIC_0915404,-6.6042953,7.809511
ISIC_3412012,-4.3142357,5.270986
ISIC_7948290,-6.4011526,8.661092
ISIC_3883863,-6.154073,7.2095413
ISIC_4362713,-5.108912,7.4890037
ISIC_5391758,-5.3006845,4.261479
ISIC_5994923,-4.9451976,6.148802
ISIC_8617277,-4.258404,5.1458535
ISIC_8892236,-5.548133,5.167014
ISIC_6714082,-5.128031,4.735609
ISIC_7287303,-6.3469896,7.0973077
ISIC_8252406,-6.985929,8.577341
ISIC_2141237,-6.8059273,6.2682605
ISIC_6695831,-2.532208,3.9846528
ISIC_3909039,-7.043747,7.1250057
ISIC_3895426,-2.265237,7.006474
ISIC_5434661,-6.689977,6.021427
ISIC_8724944,-4.741055,6.6483574
ISIC_7897925,-5.7637916,6.4055166
ISIC_3696488,-3.901481,4.7711096
ISIC_1733178,-6.1507044,7.7254996
ISIC_3590167,-5.1724415,9.325189
ISIC_8040024,-6.4334855,8.271991
ISIC_9941666,-4.3851976,7.9087234
ISIC_3286186,-6.4377246,5.974912
ISIC_9547725,-6.0902467,8.395877
ISIC_5045600,-6.7091856,7.280378
ISIC_9676644,-5.242966,8.492794
ISIC_7844825,-6.604809,6.9061575
ISIC_6124481,-5.415714,8.495449
ISIC_7190243,-6.780184,7.215375
ISIC_0327406,-6.2063513,7.9616675
ISIC_2135474,-4.99957,5.3530927
ISIC_5602826,-1.8477784,5.5504518
ISIC_3775417,-6.555333,6.2126994
ISIC_8545949,-2.7249327,6.4208317
ISIC_3642019,-4.9464154,4.503998
ISIC_7816675,-6.784195,7.6826596
ISIC_0369831,-1.8622868,6.519505
ISIC_3068885,-4.161867,6.6597543
ISIC_7880400,-4.559488,5.239024
ISIC_3666967,-4.694012,7.114854
ISIC_3159924,-4.8485622,6.202583
ISIC_4398011,-3.9896164,7.6601176
ISIC_8838753,-6.1251645,4.9788775
ISIC_8027899,-4.856602,5.2111416
ISIC_2837581,-0.9883579,7.489346
ISIC_5044438,-5.077843,8.860097
ISIC_8493108,-6.8957567,6.2408543
ISIC_3446357,-6.068639,7.718965
ISIC_9130157,-5.687428,4.548868
ISIC_6269166,-3.979522,6.2208524
ISIC_0946787,-5.5823255,8.825763
ISIC_6904082,-6.240761,6.875103
ISIC_1269448,-6.965439,6.6915593
ISIC_8922893,-6.0349655,8.056937
ISIC_4619903,-6.806984,5.828215
ISIC_1330381,-5.5327334,4.211199
ISIC_2724529,-5.736851,5.026959
ISIC_8758404,-5.972019,7.7043004
ISIC_3028754,-6.53979,6.833304
ISIC_8066110,-6.254769,6.3216434
ISIC_9870885,-4.1086645,8.367686
ISIC_5337236,-1.1015974,7.8058653
ISIC_4629662,-3.2998557,8.072111
ISIC_6949373,1.864584,4.3723392
ISIC_5364599,-2.8227184,8.038467
ISIC_2916754,0.853265,3.6805131
ISIC_9183913,-6.9270477,8.210505
ISIC_2102374,1.648427,3.6691027
ISIC_9690971,1.7408174,3.4607663
ISIC_7765349,2.3526993,4.376376
ISIC_6650334,2.5020945,3.868927
ISIC_1406759,1.687637,4.5923023
ISIC_8645393,2.1684885,3.4380524
ISIC_6999149,2.016004,4.6101475
ISIC_7273804,2.7096446,3.6207979
ISIC_6472700,1.1841083,5.1110134
ISIC_9357335,1.2638788,3.4374504
ISIC_9870600,1.722928,4.7029004
ISIC_3493343,2.536528,3.776864
ISIC_2614015,1.8925989,3.7003827
ISIC_9543704,1.7025094,4.7169857
ISIC_5336791,2.7887728,3.7004223
ISIC_5784659,0.9961269,3.8075833
ISIC_8427534,2.3301466,4.663346
ISIC_5277926,1.9249866,3.8199635
ISIC_7349440,2.2291658,3.4426918
ISIC_0186998,2.378558,3.7641923
ISIC_1160972,1.3623502,5.080289
ISIC_6596655,-7.1663346,7.9164896
ISIC_1966992,2.406995,3.7045968
ISIC_0602893,2.5706165,3.9555116
ISIC_9699426,1.3793364,4.8763227
ISIC_6217950,1.0868781,3.649037
ISIC_9927015,0.78534067,3.8144276
ISIC_0925325,1.3275882,4.2257414
ISIC_0249688,0.74535817,3.62895
ISIC_7922659,2.0372012,3.1061096
ISIC_1493992,1.0846069,4.8852153
ISIC_1146051,-6.8151917,7.5727324
ISIC_9899364,0.9122682,3.4186435
ISIC_1742207,-0.09986558,4.7844825
ISIC_6256967,1.4920635,5.910091
ISIC_6303895,1.6208,3.6778724
ISIC_8821742,1.0074883,3.6684074
ISIC_4411089,0.6877373,3.614614
ISIC_4965308,1.1524597,5.189442
ISIC_1330850,0.56172496,3.7572222
ISIC_6589548,1.2195532,5.0608673
ISIC_8298139,1.2564837,3.82652
ISIC_3125124,1.71066,3.811347
ISIC_7659537,-3.2020557,8.803247
ISIC_8023672,1.0795718,4.9882984
ISIC_0799487,1.9984199,3.1575022
ISIC_4117448,1.1071441,3.7501664
ISIC_5729818,1.2742798,3.40925
ISIC_0875614,1.3570659,3.208418
ISIC_3179153,1.1213901,3.777301
ISIC_0401647,2.165779,3.644833
ISIC_2702619,0.80590814,3.7035384
ISIC_4160844,2.2172103,3.0950167
ISIC_6875745,1.7414194,3.6740763
ISIC_5847334,1.4255192,3.545256
ISIC_0587266,0.5393898,3.7683692
ISIC_6299036,2.545695,3.5871503
ISIC_1028374,1.1346157,3.8082917
ISIC_0992261,-3.381892,9.286678
ISIC_7683429,2.5485573,3.7508266
ISIC_8711662,1.7687322,3.8033864
ISIC_5843614,2.1753569,3.8348215
ISIC_0525932,-7.3193197,7.438151
ISIC_1001430,1.2215551,4.7669168
ISIC_6240570,2.2436652,3.7464213
ISIC_0651512,2.6251018,3.3504066
ISIC_1437062,1.9345162,3.8399243
ISIC_8436194,2.451351,3.7271585
ISIC_3094758,2.0931025,3.6315107
ISIC_9196954,-4.207465,8.567546
ISIC_3045939,-6.1228433,8.763222
ISIC_2344163,0.919449,3.6663067
ISIC_2599634,-2.589629,6.739863
ISIC_8838144,2.0849319,3.048696
ISIC_4967361,0.9096584,4.520902
ISIC_5145385,1.2073996,3.6457908
ISIC_5356349,-1.8330024,8.062376
ISIC_2693316,-0.8284204,7.8166876
ISIC_5324644,1.9393148,5.327148
ISIC_3519679,1.6206225,3.6374917
ISIC_7803822,2.358636,4.266448
ISIC_3961887,2.29885,4.0217566
ISIC_2986485,0.49049777,3.9862475
ISIC_1585971,2.3079202,3.5092437
ISIC_1960009,2.6038017,3.589403
ISIC_7143489,2.039989,3.7481222
ISIC_3757004,2.2946389,3.4167528
ISIC_1496469,2.3170006,4.895037
ISIC_1884970,2.432103,4.7485857
ISIC_1578885,5.011998,2.7877314
ISIC_3711801,-3.3376915,9.301898
ISIC_9643462,1.800564,3.045308
ISIC_3112053,2.515997,4.6153708
ISIC_1384793,0.83615977,3.7690897
ISIC_5847182,2.605512,3.9065726
ISIC_7126708,0.89660734,3.6867328
ISIC_4524488,1.1423299,5.0154486
ISIC_7126269,2.5130494,4.894309
ISIC_5430595,1.7060031,3.9166417
ISIC_6852638,1.9572049,3.2197742
ISIC_3905170,-7.270393,7.2725806
ISIC_8624049,1.9843031,5.164903
ISIC_8871930,-6.6200886,7.4173613
ISIC_9401172,0.90781605,3.5939195
ISIC_5209280,0.75799614,3.5375657
ISIC_8212790,-2.7009947,5.911297
ISIC_7268223,1.4676216,4.1655326
ISIC_4646206,1.5009913,3.329873
ISIC_1126550,-3.085106,8.870737
ISIC_0591484,1.901521,4.1257095
ISIC_5635819,-6.05114,6.8769827
ISIC_6604352,-3.72133,8.924808
ISIC_8872225,1.7644279,3.3619955
ISIC_6098021,2.0927298,3.8597903
ISIC_2548833,1.5715177,3.2853646
ISIC_6603948,2.2806826,4.1222267
ISIC_9438037,2.1742866,4.1902447
ISIC_4865307,1.4293761,3.7745938
ISIC_1607865,1.6909771,3.5432985
ISIC_0567265,2.070001,3.7114952
ISIC_0862350,-0.098225005,4.7557645
ISIC_3040722,2.679596,3.837442
ISIC_6288741,0.93853396,4.422408
ISIC_8897775,0.5751369,4.1810327
ISIC_6405019,0.63742906,4.4527235
ISIC_0353247,2.3848953,4.001052
ISIC_4223923,1.8491747,3.181527
ISIC_3001197,1.7083496,3.8157787
ISIC_7383685,2.6186755,4.6612773
ISIC_8535481,1.6829561,4.265522
ISIC_9311922,1.3062056,3.851022
ISIC_7323448,0.8372748,4.409541
ISIC_6897540,-2.6671593,6.976634
ISIC_7820852,0.7625992,3.8806772
ISIC_1936297,0.5611809,3.4765377
ISIC_9465773,0.8809776,3.6039045
ISIC_2310935,2.1232996,3.5175362
ISIC_6710054,1.4473851,3.20807
ISIC_3557527,2.2309515,3.7355697
ISIC_1558504,1.6335684,3.8170326
ISIC_1949126,1.3530993,3.2849603
ISIC_3579423,-4.367766,8.344979
ISIC_2508280,1.2115946,3.525833
ISIC_6289926,1.0943426,5.0097084
ISIC_1839246,0.8384527,3.6927722
ISIC_0709809,1.2021267,3.9154522
ISIC_1298339,2.4671113,4.105201
ISIC_3718172,2.3270435,4.324579
ISIC_8582111,1.8341776,5.3248577
ISIC_0645477,2.1637025,4.0513268
ISIC_3401800,2.6286588,3.5897262
ISIC_7837335,-2.316794,10.621128
ISIC_5597363,-2.9123986,8.466762
ISIC_7751373,1.7554415,3.1842575
ISIC_2663709,1.2186058,4.9588985
ISIC_2271767,-3.6789305,8.08312
ISIC_6046720,2.0747306,4.90991
ISIC_3850265,2.6448064,3.8362517
ISIC_7031405,1.8071812,5.1387324
ISIC_5557949,-4.557272,5.969797
ISIC_0051799,0.8578782,3.7697637
ISIC_6080966,0.43493715,3.9502723
ISIC_6366417,0.8603322,3.7240486
ISIC_8568000,2.632495,3.5977273
ISIC_2954389,1.4066974,4.116341
ISIC_2808223,0.9654757,3.7367077
ISIC_4573039,0.48150072,3.8671432
ISIC_4753959,1.6487248,4.95392
ISIC_3471297,1.8878883,3.9753091
ISIC_0592761,2.1619244,3.9784627
ISIC_8625813,-7.2832026,7.562979
ISIC_0555938,1.3216465,4.8821344
ISIC_4818378,1.6240083,3.298597
ISIC_6016668,1.3484774,3.8596804
ISIC_0565639,1.003173,3.3804119
ISIC_9531992,1.728714,4.602348
ISIC_8061603,1.1246934,4.3843527
ISIC_7462953,-1.089626,6.171487
ISIC_7917197,1.9143184,3.8095236
ISIC_4093917,2.593155,4.753745
ISIC_7410963,2.5424109,4.466574
ISIC_5257528,2.291751,3.8780198
ISIC_8412624,2.088998,3.5195165
ISIC_0552701,0.31194952,4.0099015
ISIC_2489767,1.0556767,4.116856
ISIC_7714994,-4.1113534,8.86659
ISIC_5094969,-3.2199032,9.502791
ISIC_7241668,1.269089,4.0187
ISIC_3389695,1.4809635,3.2101464
ISIC_6644377,0.62767166,3.8432229
ISIC_6701634,-1.5865003,10.9003315
ISIC_7476613,-7.2033887,7.568696
ISIC_6969292,2.5342457,4.3093615
ISIC_7109857,2.2811966,3.7360501
ISIC_4459528,1.1661569,5.046292
ISIC_1789897,1.711084,3.7128768
ISIC_5909577,2.6129198,3.8052878
ISIC_4983958,2.4301853,4.1549487
ISIC_5619717,1.1852789,4.352688
ISIC_2277806,2.0265207,5.3492374
ISIC_3903680,1.4847255,3.387012
ISIC_1860707,1.9212259,4.102698
ISIC_7979899,2.4488933,5.02118
ISIC_3714766,1.1533824,4.5949335
ISIC_3335505,1.1712853,3.266719
ISIC_9535192,2.3488576,5.140331
ISIC_7484771,2.3988054,5.079227
ISIC_2274046,1.105144,5.147661
ISIC_7481964,2.6878257,3.537525
ISIC_7437913,1.1951056,3.4846303
ISIC_2436560,2.0712655,4.190101
ISIC_2201020,2.308501,3.6687944
ISIC_3222339,2.0790405,3.5155394
ISIC_4092548,1.0752194,5.2266116
ISIC_6457212,1.6004795,4.5844903
ISIC_9696015,1.652405,3.2350905
ISIC_6041443,1.692849,4.994179
ISIC_6686330,1.4745135,4.3188663
ISIC_7569242,0.9931597,5.2912045
ISIC_1636427,1.9021714,3.2882006
ISIC_2899773,1.0594188,5.18142
ISIC_8103152,1.5634223,3.5954773
ISIC_8815430,0.8478002,3.7174788
ISIC_8708893,1.7688322,3.6601942
ISIC_0081584,2.1241386,5.0113816
ISIC_4353888,2.2894228,5.1805396
ISIC_7826735,1.7661127,3.6660028
ISIC_0905367,-5.9973764,6.954461
ISIC_7252263,2.3355565,3.120824
ISIC_4738295,2.0879834,4.9705663
ISIC_9076510,1.8046145,4.5073795
ISIC_8288855,1.8812301,3.547701
ISIC_0501108,0.76890314,5.993767
ISIC_4308751,2.5627735,3.8224754
ISIC_0669355,2.4436183,5.0409527
ISIC_8708106,1.9080232,3.8165498
ISIC_7078388,0.6790331,3.877712
ISIC_5383422,-1.3509026,8.274524
ISIC_8080515,-2.948334,8.378164
ISIC_7683745,1.6031018,3.2631254
ISIC_2783936,2.5082629,3.7066283
ISIC_7175579,1.19463,5.912178
ISIC_7191988,1.7893616,3.7501187
ISIC_4477663,1.6904839,3.258669
ISIC_8598119,1.6904563,4.7665663
ISIC_0453394,1.5248132,3.214428
ISIC_6113814,2.768927,3.9394321
ISIC_1571132,2.286485,4.5576296
ISIC_0457683,-0.980035,7.6682897
ISIC_8653978,1.2110775,5.075653
ISIC_4506056,2.0479805,4.6727943
ISIC_6866262,1.1128985,5.03227
ISIC_7347156,1.1643714,3.554557
ISIC_3303974,2.668823,3.8634984
ISIC_0517084,1.7940445,4.651964
ISIC_6647306,1.2569578,4.3308043
ISIC_6364763,2.5425637,3.929466
ISIC_4347535,1.4776827,3.7612455
ISIC_1907322,0.8191047,3.8861797
ISIC_5620802,1.5505733,3.0761547
ISIC_1546367,1.1012058,3.2874486
ISIC_5991850,2.6621819,4.0395613
ISIC_8464434,1.9456965,3.3690562
ISIC_8035687,1.5101905,3.23632
ISIC_6780662,2.76078,3.7509115
ISIC_0760717,2.4743998,4.3958573
ISIC_0737161,2.6461396,4.495896
ISIC_5743254,2.61584,3.9973989
ISIC_4720110,1.0400335,5.0859466
ISIC_6444362,-3.4593303,9.5972
ISIC_3444126,2.523133,4.360963
ISIC_2750724,2.5397522,3.983754
ISIC_4532010,1.8763243,3.119235
ISIC_0767110,1.6818402,3.1289322
ISIC_6534578,2.5299764,4.054272
ISIC_8752021,1.5660548,4.085701
ISIC_4985027,1.3645458,3.6787426
ISIC_3962990,1.0361022,4.042801
ISIC_0371997,2.2707932,3.96955
ISIC_1277350,2.0511298,3.750392
ISIC_5369138,1.2235581,6.2623506
ISIC_9130035,2.3906128,3.9951015
ISIC_9007400,1.237186,5.149388
ISIC_4990737,2.4708347,4.1900187
ISIC_0777975,0.6885445,3.479711
ISIC_4950279,0.936182,3.7225726
ISIC_1259169,1.5555872,3.416311
ISIC_8732565,-3.4727147,9.683116
ISIC_8591741,-0.409738,7.454219
ISIC_4464310,0.059420403,4.8765464
ISIC_0423655,1.0948402,5.244131
ISIC_9641799,2.3391733,4.4589357
ISIC_4330588,2.000517,3.7498112
ISIC_6713972,2.61759,3.9437454
ISIC_2757370,2.5927665,3.336194
ISIC_7993120,1.9495016,3.541362
ISIC_8390159,-0.30639115,7.5947485
ISIC_5123057,2.512551,3.3408566
ISIC_6744732,2.1401024,4.1420956
ISIC_4130156,0.98523957,3.6793869
ISIC_4560389,0.6128196,4.6648307
ISIC_5347969,-7.102785,7.35011
ISIC_6761840,1.1950088,5.0259767
ISIC_8997516,1.0844413,3.7802134
ISIC_4630013,-4.7500877,9.473647
ISIC_1040820,-0.065208696,4.8436975
ISIC_7466175,1.1275984,4.838299
ISIC_5544398,1.7810361,4.781593
ISIC_7328646,0.98790985,5.274311
ISIC_2144690,1.8789222,4.1376815
ISIC_7384432,1.6987132,3.3719363
ISIC_0545679,2.0076005,4.823122
ISIC_4633843,1.8951887,3.9777844
ISIC_2626164,0.7193323,4.258188
ISIC_8198928,-0.7973978,8.806559
ISIC_5015551,-1.1173584,4.2582684
ISIC_8002685,1.6945964,3.0237427
ISIC_6060942,1.49184,3.0934818
ISIC_3924603,1.1791544,3.8079443
ISIC_4019372,2.162729,3.9751256
ISIC_6516395,2.5643723,4.316458
ISIC_1863725,2.3734303,4.1630855
ISIC_3750329,1.3502239,4.21281
ISIC_1431969,2.5308402,4.0403013
ISIC_7830960,2.444563,3.86689
ISIC_5350216,0.81826997,4.4115915
ISIC_4687340,2.3722506,3.2568266
ISIC_6867242,1.8388997,4.6744676
ISIC_8600962,2.278108,4.3322134
ISIC_9905625,2.506636,3.459897
ISIC_1099767,-2.7914815,8.579599
ISIC_1689823,0.9659343,3.7161753
ISIC_8806986,-3.1858368,9.047
ISIC_4718049,1.62289,3.4025111
ISIC_5076357,2.2635598,4.443981
ISIC_2166645,2.4469092,4.5194187
ISIC_5038394,1.9948006,4.650947
ISIC_9437700,2.3508918,4.2400594
ISIC_5367118,1.8162678,3.5910203
ISIC_7898061,1.2323563,3.7855108
ISIC_5091996,1.213933,3.2150543
ISIC_9384946,1.4083594,4.8237863
ISIC_1833509,1.6545197,3.8272996
ISIC_8636116,-2.2239099,8.232332
ISIC_8863344,1.4407659,3.3006244
ISIC_1752997,1.2264601,4.8176117
ISIC_1421963,-7.1637077,7.250304
ISIC_8560106,-3.1851592,9.05502
ISIC_7783826,1.129646,3.550768
ISIC_5771732,1.1896398,3.3292117
ISIC_9750445,-2.9091737,8.396314
ISIC_7109491,1.3201973,3.9432547
ISIC_0429825,1.9930738,3.3345387
ISIC_5909161,-1.3653159,7.713434
ISIC_8877949,2.1621082,4.5359764
ISIC_5449076,2.3508902,3.555699
ISIC_5740807,-3.1303213,8.693037
ISIC_6066292,1.1508179,4.8509603
ISIC_5592362,0.9783877,3.7745552
ISIC_5123323,2.4319487,3.7255805
ISIC_7969855,0.8735436,3.5419178
ISIC_9603768,0.6819243,4.1293306
ISIC_9094343,-2.6626143,6.8007298
ISIC_2393912,1.8707731,3.2000508
ISIC_8795050,1.9856199,3.1767063
ISIC_8458339,-3.7072208,4.5071125
ISIC_6425262,2.0843132,3.796238
ISIC_2283057,2.4437165,3.804711
ISIC_8087949,1.123302,4.861321
ISIC_7883190,1.3480846,4.8893805
ISIC_8014228,1.547278,3.9330778
ISIC_8937746,1.3820434,3.3287096
ISIC_7899041,-1.5039879,7.2091813
ISIC_0446437,1.8519053,3.530283
ISIC_4439689,2.523196,4.0849934
ISIC_5095052,1.1696515,5.170905
ISIC_0972869,0.89205396,3.7371562
ISIC_6794479,1.510591,3.711802
ISIC_3406437,0.6098605,4.2050023
ISIC_9210086,2.3898797,4.175223
ISIC_2108849,2.5421734,4.387478
ISIC_1176074,1.5694578,3.514174
ISIC_6733658,1.6999907,3.960437
ISIC_7875640,2.0745788,5.0513945
ISIC_6384448,2.3147917,4.266139
ISIC_0399142,2.0018082,3.2508476
ISIC_6667219,2.6412148,4.1704392
ISIC_7453676,1.7418596,4.427867
ISIC_5907979,-3.144995,8.764601
ISIC_8431340,0.85909873,5.355434
ISIC_6494787,1.551586,4.9737577
ISIC_4813568,1.7165629,3.6539476
ISIC_4730582,2.543818,4.1658483
ISIC_1797052,2.2227876,4.239393
ISIC_5857357,2.2848716,3.6461895
ISIC_7096885,1.6734139,3.9918296
ISIC_6770608,0.47948098,3.758176
ISIC_3127359,2.0386274,3.48809
ISIC_3136432,0.82342005,4.076261
ISIC_1365352,2.1005192,5.2458878
ISIC_7014017,2.2250628,3.6539974
ISIC_6186510,1.0628362,3.2376711
ISIC_5359186,2.4233024,4.756702
ISIC_3182500,1.5889564,4.602871
ISIC_5762714,1.65846,3.663837
ISIC_5642041,1.5154523,3.6340504
ISIC_8190955,1.5988917,3.457727
ISIC_4974868,0.66842586,3.575889
ISIC_7705774,2.2200608,4.946614
ISIC_9545547,1.8807485,3.0320253
ISIC_8947891,1.5543594,3.8323395
ISIC_2975167,1.5680488,3.2579458
ISIC_6951477,1.8528465,3.9869413
ISIC_6821074,1.8659034,4.425343
ISIC_4714276,2.1642683,4.3390255
ISIC_9304776,1.1825968,5.1818423
ISIC_7781907,1.5640842,3.749941
ISIC_9927486,-3.5352557,9.342235
ISIC_6604109,2.0093112,4.5892076
ISIC_8563029,2.4978542,3.7125165
ISIC_7408991,1.7594377,3.7947905
ISIC_9254641,0.8285425,3.5968058
ISIC_3621643,1.5477424,4.2148404
ISIC_9324976,1.9916074,3.0593686
ISIC_3281565,2.105665,4.3387303
ISIC_7362828,2.5859697,4.597942
ISIC_9091604,1.4877473,4.3100543
ISIC_4842908,-3.031031,8.089065
ISIC_6548523,1.1870539,4.8205595
ISIC_7183651,1.1996745,4.99296
ISIC_0464707,2.1204848,3.477395
ISIC_9725795,1.8045852,3.4220877
ISIC_8381252,1.7141846,3.27165
ISIC_8586456,2.5672708,3.269143
ISIC_3206883,2.5092816,4.3985004
ISIC_6212874,2.632795,4.595113
ISIC_4310717,1.8086892,4.1775403
ISIC_7221969,1.1237246,3.4187956
ISIC_8291849,2.4006622,5.1444387
ISIC_1071783,2.6016424,4.0089726
ISIC_1547095,1.5316348,4.2234526
ISIC_3488179,-1.799551,7.485511
ISIC_3877564,1.2085346,4.1262703
ISIC_8079352,2.6493955,3.3993495
ISIC_2402187,-7.4290195,7.328872
ISIC_3133338,2.3708994,5.065574
ISIC_6086066,-2.668597,8.439529
ISIC_4173993,2.311805,3.4514313
ISIC_2944098,1.8306453,3.3826666
ISIC_4177450,2.100813,4.7465043
ISIC_2294973,2.131118,4.151457
ISIC_4727454,-6.3587027,8.769607
ISIC_5882472,1.7810296,3.1503177
ISIC_9961567,-2.9916325,9.645363
ISIC_0786784,1.3939514,3.3292623
ISIC_0259780,1.5313456,4.1077285
ISIC_5539279,0.36205864,3.7111673
ISIC_2128061,-2.4414399,9.893598
ISIC_8705318,0.43754512,3.8635492
ISIC_7852467,1.0772283,3.8084786
ISIC_0855174,1.2294455,5.040067
ISIC_7961039,2.053084,3.1209502
ISIC_3233147,2.078809,3.2991743
ISIC_5727282,1.8473592,3.6953528
ISIC_6432255,2.0314174,3.301572
ISIC_9185856,1.5932081,3.6550174
ISIC_1429504,2.6526349,4.68296
ISIC_9154716,1.2643332,3.5151489
ISIC_0224332,2.4845247,4.290419
ISIC_3378080,1.1807845,6.4204984
ISIC_5663517,1.1568762,3.6166027
ISIC_5299587,1.8755041,2.991482
ISIC_9353578,-3.6689239,9.184978
ISIC_9017207,1.5202794,3.6996338
ISIC_6243656,2.267942,3.3701134
ISIC_1089173,1.4314092,3.1277018
ISIC_9122199,1.6045839,3.210889
ISIC_5475653,0.98902655,3.4530663
ISIC_7898880,1.6252528,4.276067
ISIC_2788756,2.6583676,4.063234
ISIC_3160599,2.5814216,4.0132337
ISIC_7110531,2.3062146,4.326409
ISIC_4914689,1.1019244,3.6799104
ISIC_6015221,1.0609808,4.7038126
ISIC_2227940,1.0027059,4.171455
ISIC_7904757,-0.48960742,7.831744
ISIC_5930265,2.5667431,3.657602
ISIC_7589290,0.9011343,3.470291
ISIC_5810696,2.248014,4.890273
ISIC_8263857,-7.233488,6.6065197
ISIC_1990155,2.5097373,4.8550925
ISIC_9452568,0.8485598,3.4727376
ISIC_9568217,-3.3771574,9.205825
ISIC_0604571,2.2965827,3.5761325
ISIC_9187590,-3.6098096,9.244955
ISIC_7895545,1.3114151,3.2027745
ISIC_0962121,2.1064017,4.055668
ISIC_9819334,2.5339217,3.9921165
ISIC_1626681,-0.9294633,7.8237715
ISIC_5889844,1.2487178,3.582196
ISIC_2099850,-6.5089574,6.566031
ISIC_0489982,2.2923577,4.352217
ISIC_8200265,2.104616,4.2089667
ISIC_7235128,2.1301227,3.6492457
ISIC_6134155,2.4507065,4.5443177
ISIC_9101387,1.167941,4.381268
ISIC_6498094,2.3592815,3.4421136
ISIC_9048840,0.6351361,3.8839297
ISIC_3180213,2.2752004,3.9684336
ISIC_3429725,1.921243,4.618208
ISIC_4212284,1.9990661,4.0718074
ISIC_2290284,2.7049804,3.3912635
ISIC_2243756,1.4835024,4.066659
ISIC_4886164,2.0804522,3.7348728
ISIC_7414188,1.5941159,3.5480142
ISIC_4743199,0.998229,5.262424
ISIC_6946803,2.052948,3.6504538
ISIC_6342190,1.9401437,3.6281774
ISIC_1601532,-3.817586,3.2108762
ISIC_0103730,2.469266,3.922915
ISIC_8370088,2.2802143,3.5994582
ISIC_9380414,2.180547,4.9497013
ISIC_4393640,2.3293464,4.9785986
ISIC_1838042,2.629385,3.4156792
ISIC_8672974,0.5374918,3.6082287
ISIC_6494694,2.1224422,3.4788897
ISIC_1939413,-0.31277892,7.304117
ISIC_7917871,-0.1869419,5.0339274
ISIC_1343302,2.4144187,3.714542
ISIC_8135931,2.695587,4.398826
ISIC_1962844,1.2949026,3.5443802
ISIC_4568425,0.85415494,4.275975
ISIC_7381816,-0.4726805,7.5744677
ISIC_7914731,1.2103627,5.018872
ISIC_5918908,2.5839846,4.2301917
ISIC_5344574,0.48666087,3.7478275
ISIC_9074326,2.2996008,3.8599265
ISIC_7556680,1.6892828,4.0977664
ISIC_6347003,1.2162769,3.4240313
ISIC_5208168,1.9962201,4.2932262
ISIC_4279516,-3.189075,9.093477
ISIC_0112457,2.2240684,3.5047975
ISIC_8826496,2.6931727,3.919362
ISIC_4276647,1.2620121,6.212495
ISIC_0140720,2.5903256,4.511747
ISIC_9323064,1.1434609,4.062506
ISIC_3666865,1.1979445,4.577536
ISIC_9879802,1.8268574,4.3244166
ISIC_3331737,2.3112755,3.7417192
ISIC_9241446,1.4475504,5.270701
ISIC_3848912,1.8701255,4.109267
ISIC_1856063,1.9277875,3.715866
ISIC_6473915,2.626679,3.9363537
ISIC_3458204,2.1718318,4.31149
ISIC_0218137,2.0180738,3.8410254
ISIC_6890961,2.2156239,3.804864
ISIC_3236918,2.2966514,4.3845587
ISIC_9045599,1.4117787,4.1361246
ISIC_5208776,1.941416,4.5608726
ISIC_3626576,1.9659814,3.6093223
ISIC_8083744,1.8251245,3.3195677
ISIC_5959935,1.6992211,4.774581
ISIC_7508477,1.9008416,4.461359
ISIC_1372928,2.648955,3.349942
ISIC_9746722,1.9167227,3.300146
ISIC_6708112,1.2155436,3.340871
ISIC_4066892,1.6143177,3.7886577
ISIC_4240225,2.5381432,4.3564205
ISIC_9611124,1.1260217,4.631444
ISIC_0443195,-3.645858,9.252745
ISIC_1469532,1.1299663,3.3446252
ISIC_3360646,2.274142,3.8492763
ISIC_2869606,0.6692507,3.522125
ISIC_1479692,1.2511473,5.0771203
ISIC_7633204,1.4044709,3.3353963
ISIC_0191276,2.5263016,4.517471
ISIC_3341159,2.5543177,4.1894326
ISIC_6013008,1.4261923,3.5792146
ISIC_2623420,2.170999,3.699059
ISIC_0939958,1.4896783,3.5115924
ISIC_7196573,2.015921,5.183068
ISIC_4492754,2.7223976,3.7664127
ISIC_6915882,1.0491948,4.899892
ISIC_2046445,-3.316295,9.040636
ISIC_0478979,-2.6876814,8.5693655
ISIC_6343626,1.2822429,4.9589972
ISIC_3811339,2.475503,4.9322844
ISIC_1926807,1.9992402,4.5046816
ISIC_6523645,1.3728868,4.0511312
ISIC_8541813,1.0247561,6.632964
ISIC_0322660,1.1842711,3.7586675
ISIC_7651745,2.0472126,4.835612
ISIC_7747998,-3.1572857,8.954522
ISIC_3642877,1.7173083,4.577606
ISIC_2785362,2.2793412,4.6025453
ISIC_1214018,1.5413986,4.641411
ISIC_5716967,-3.7681456,8.285683
ISIC_4328860,1.7367094,3.8877308
ISIC_5153848,1.5143207,4.9079394
ISIC_7968881,1.5833114,3.909301
ISIC_0717152,0.90610564,4.164838
ISIC_0473709,1.1441635,3.8244865
ISIC_1534969,1.1733564,5.141623
ISIC_6115208,-3.7702696,9.562351
ISIC_6379594,1.1275337,6.382396
ISIC_6012370,1.3360027,3.40753
ISIC_2996240,2.377748,4.384789
ISIC_2056422,-4.009877,9.150144
ISIC_1818238,1.1109122,5.0569005
ISIC_6033409,-3.4887877,9.167498
ISIC_4839743,0.8867526,3.6829455
ISIC_6827665,2.1825273,3.377222
ISIC_6368918,1.9670806,4.350896
ISIC_9335652,2.0871246,3.586078
ISIC_2365013,2.5440416,4.075316
ISIC_8502689,0.65131587,3.9779625
ISIC_2884038,1.2663589,3.8029215
ISIC_7078501,1.1233684,3.5637422
ISIC_9432999,1.8258076,3.3626184
ISIC_5010212,-4.024503,9.259816
ISIC_7260982,2.3251207,3.6933742
ISIC_9886430,1.5307863,3.1701937
ISIC_8375567,-4.744482,4.3018427
ISIC_9260193,2.0544145,3.353508
ISIC_4207959,-0.5259699,7.953621
ISIC_8913309,0.82170117,3.7589042
ISIC_6184891,1.436477,3.8948197
ISIC_5777510,0.67351395,4.308095
ISIC_7679270,-7.1277742,7.834025
ISIC_1685962,1.0696542,5.1562133
ISIC_5970162,-3.2789528,9.107847
ISIC_0612638,2.2507243,3.45698
ISIC_8152966,2.2959435,3.5001402
ISIC_6396310,1.5413716,3.2287936
ISIC_6667632,1.5831237,3.7342353
ISIC_7166827,2.004792,4.216585
ISIC_6409522,2.2233493,3.4327433
ISIC_5926550,-7.224015,7.0453444
ISIC_5449421,2.4258268,4.3076305
ISIC_1364900,2.1888924,3.846169
ISIC_1510540,1.4609538,3.3242
ISIC_8939957,1.380741,5.7823586
ISIC_5420096,2.0009785,4.7944045
ISIC_2851842,2.0459077,3.3758686
ISIC_9444659,0.48734397,4.4631977
ISIC_3690890,2.597962,3.8962665
ISIC_6433929,2.1922698,3.7041736
ISIC_4780727,2.191982,4.460352
ISIC_1819418,1.2064874,4.363496
ISIC_5534730,1.4992127,3.9998658
ISIC_8197653,2.6755195,3.9202392
ISIC_9141817,-3.0205195,6.6160674
ISIC_6770353,1.7298008,3.6527941
ISIC_4951213,1.4220176,3.3876028
ISIC_7303073,1.0963985,3.5526593
ISIC_2451137,1.787983,4.8634667
ISIC_7880127,2.629075,3.7521536
ISIC_2246574,-0.04551021,4.9153547
ISIC_4187627,0.8045377,5.0231695
ISIC_1357686,1.0437306,5.2716403
ISIC_1957594,0.67007047,3.5754492
ISIC_8329541,2.1214843,5.0630136
ISIC_4524099,2.525666,4.346465
ISIC_1411589,2.096762,4.076942
ISIC_9415945,1.6668695,3.2341502
ISIC_6278558,1.5074909,3.7221978
ISIC_4923819,2.053123,4.758396
ISIC_6871942,-0.5812109,7.3948054
ISIC_3147084,0.73385,3.7878008
ISIC_5237059,1.2925627,3.5147436
ISIC_4292710,1.6529382,4.4980454
ISIC_5734408,1.4513829,3.669484
ISIC_0494909,0.8445552,7.0896196
ISIC_5176486,0.7706529,3.5748858
ISIC_4522439,2.150962,4.2750893
ISIC_3751090,0.91477036,3.652011
ISIC_4914130,2.320617,3.4204333
ISIC_9862922,-1.1606522,7.9306493
ISIC_4106362,1.7723705,3.8456385
ISIC_2030042,-3.2760665,9.107668
ISIC_5415749,1.4043806,3.7158613
ISIC_5268446,1.9365681,5.191832
ISIC_7942881,2.004425,3.5752852
ISIC_4448486,1.8427069,4.9714246
ISIC_1205301,1.9666231,3.6753147
ISIC_8040068,-3.3836079,9.330517
ISIC_0601638,1.8057038,3.4391043
ISIC_7460002,2.1620746,5.311124
ISIC_6393048,1.2707523,4.852285
ISIC_7981712,1.9855794,5.338282
ISIC_5858111,1.0271419,4.889845
ISIC_1359589,0.7452958,4.600265
ISIC_3758049,1.7492787,4.718568
ISIC_7429270,1.2376354,5.172286
ISIC_5523865,2.4009504,4.884527
ISIC_8468832,0.6595508,3.5402265
ISIC_9069120,-0.490538,5.351015
ISIC_4143480,1.2433817,5.1035
ISIC_5382111,2.136828,3.860474
ISIC_6284312,-6.8714824,7.8709173
ISIC_0295083,1.6904403,3.4866843
ISIC_9348198,1.9677986,3.6023183
ISIC_2557960,1.8913165,4.2491417
ISIC_6646939,-1.9073564,10.793735
ISIC_9476244,0.83397037,3.7685251
ISIC_2818959,2.2845597,3.485886
ISIC_9772863,2.1509802,3.6976101
ISIC_5934354,2.1643617,4.788097
ISIC_8468455,2.3654842,5.193712
ISIC_1241834,0.110040635,3.987209
ISIC_3356154,1.7031828,3.3686397
ISIC_5814432,2.3335164,4.8050075
ISIC_5652749,1.790754,3.3806188
ISIC_3882211,1.1601462,3.4547853
ISIC_3632567,1.8660125,4.393835
ISIC_7137230,2.2929046,3.5163846
ISIC_2080318,-3.84455,9.723333
ISIC_6889402,2.5388603,3.4186099
ISIC_8903875,0.23500095,3.8608701
ISIC_6174918,2.5952084,3.6414328
ISIC_0104911,1.098362,5.2414956
ISIC_1338061,2.4899564,3.5119896
ISIC_8581475,1.8403376,4.423436
ISIC_8994087,2.0728366,3.752748
ISIC_6095734,0.58141077,3.9621387
ISIC_4292480,1.092111,3.8235765
ISIC_2563568,2.2213497,3.8412712
ISIC_6460536,2.2083142,3.5359426
ISIC_2202831,0.9387441,4.7188373
ISIC_2444283,-3.5616817,3.3807662
ISIC_2877445,2.488912,4.1375804
ISIC_3825167,1.6785053,3.5597024
ISIC_8901133,2.149595,3.5285106
ISIC_5553268,0.7420452,4.634974
ISIC_6128367,2.3377783,4.079105
ISIC_8502411,2.5971954,3.911508
ISIC_5849354,0.83336806,3.5097
ISIC_9957272,2.573659,3.9782784
ISIC_8062902,2.5440145,3.7570999
ISIC_0289271,1.4059889,4.0732627
ISIC_7102039,1.7282697,3.770602
ISIC_8869929,2.0730007,4.7955647
ISIC_8124910,2.1415806,2.988754
ISIC_5733808,2.4006839,4.3989387
ISIC_4174867,1.8379537,4.05828
ISIC_3771248,1.0146549,4.9672284
ISIC_4247737,2.4844718,4.933921
ISIC_0668612,2.370717,4.448464
ISIC_0280376,2.0220506,4.1945167
ISIC_8813701,-3.829641,9.657751
ISIC_9744305,2.319197,4.9968433
ISIC_2283509,-3.4884548,9.009769
ISIC_7171032,1.7763193,3.8561919
ISIC_5330187,1.4751815,4.8069444
ISIC_1214159,2.5668173,4.2317567
ISIC_9251640,0.55289114,3.8089755
ISIC_7710386,1.8212342,5.1894703
ISIC_7090336,1.6810541,3.3483877
ISIC_2599541,2.2416618,5.1100326
ISIC_8319867,2.2836053,4.4706125
ISIC_6591815,1.703552,3.7050347
ISIC_1027132,-2.9024506,8.81388
ISIC_2010209,-3.3052855,8.966665
ISIC_4598375,2.0821686,4.04299
ISIC_6073897,2.0032668,3.6854334
ISIC_7540782,2.1995578,3.0072942
ISIC_2198823,2.4451582,3.3048923
ISIC_2138419,2.285345,5.2193146
ISIC_9660623,1.151404,4.913898
ISIC_8415868,-2.5480216,7.246386
ISIC_1953852,0.72187823,3.6601582
ISIC_5425768,2.1646047,3.1311288
ISIC_1003059,2.6615756,4.3889146
ISIC_3487175,2.0293763,4.5688787
ISIC_4782596,0.3153067,3.735867
ISIC_4738071,0.8799973,3.401921
ISIC_8900920,2.3882804,5.1974688
ISIC_3363819,1.6961715,4.1765437
ISIC_5571430,2.5536065,3.4138987
ISIC_4196059,2.6860132,4.465164
ISIC_2399526,1.6217164,4.461006
ISIC_0437036,0.7418043,3.7862227
ISIC_1601635,2.309866,5.11651
ISIC_0632983,2.736463,4.543725
ISIC_0865706,1.598789,5.102972
ISIC_7133618,2.3358696,4.4267178
ISIC_2410708,0.74393225,3.735413
ISIC_6106060,-3.3796036,9.193841
ISIC_4212546,2.3631947,3.3596766
ISIC_4281796,2.3790267,5.015813
ISIC_5045552,2.3359642,4.200221
ISIC_8596479,-3.2003906,7.6931157
ISIC_9963174,-4.8246274,9.235416
ISIC_0084117,2.1675563,5.2688947
ISIC_8138363,-4.0279655,9.516415
ISIC_8712559,1.285883,3.2882552
ISIC_0082704,-3.5301657,9.281922
ISIC_3956421,1.4395626,4.9887404
ISIC_4769243,1.7505759,4.6672544
ISIC_6532815,1.911662,5.077955
ISIC_0706692,1.5802205,3.388723
ISIC_1919749,2.0792272,3.1358294
ISIC_8980141,-4.5078416,7.6950517
ISIC_7154536,-3.3742874,9.245964
ISIC_9654132,2.1977932,2.9738488
ISIC_9787166,1.8655446,5.3552155
ISIC_7324950,2.7108428,3.8497038
ISIC_7925908,1.5352211,5.575153
ISIC_8010397,1.2854254,3.390676
ISIC_9256811,1.169318,5.1761103
ISIC_5957970,1.7572143,3.396968
ISIC_1085658,2.779372,3.7424428
ISIC_4320764,-4.89227,6.4457793
ISIC_1426969,2.2436838,4.5733533
ISIC_8344345,1.6645535,4.0123396
ISIC_6382790,2.329428,3.21981
ISIC_3148886,2.695457,3.89538
ISIC_7476070,-3.0701635,9.244999
ISIC_4781223,1.0004483,4.487355
ISIC_3943279,2.090689,4.7334776
ISIC_7218916,2.029202,4.228872
ISIC_0198315,1.4092182,3.3767877
ISIC_2007396,1.4877428,5.0670085
ISIC_0119296,1.5222557,3.2535217
ISIC_6883317,-3.3637428,8.97757
ISIC_2957465,2.0498645,4.466444
ISIC_0702665,2.617756,4.6701035
ISIC_8988016,0.81906384,3.648515
ISIC_6163789,0.80089915,5.166469
ISIC_5838895,-7.0535097,8.164352
ISIC_4684692,-6.4839253,5.7932234
ISIC_6179369,2.2905254,4.871467
ISIC_2381635,1.1383231,5.104493
ISIC_7779198,0.82864505,3.506138
ISIC_9152603,-6.1807294,8.93085
ISIC_4535409,2.47431,3.732676
ISIC_9219356,1.19264,3.3292358
ISIC_3466430,2.2555695,4.2404823
ISIC_2782072,1.4415731,3.9411623
ISIC_2850215,2.6855528,3.540991
ISIC_6049882,-2.885784,8.627584
ISIC_6939823,2.462627,4.033248
ISIC_5127003,2.0631464,3.7694468
ISIC_0126191,2.493159,3.6954937
ISIC_9358012,1.5310179,3.214875
ISIC_7654194,-1.1167998,7.372271
ISIC_4548593,1.8620607,3.1932285
ISIC_8842001,1.7917956,4.0345783
ISIC_2810420,0.9847852,3.421253
ISIC_7674295,2.5393372,3.354778
ISIC_5406780,1.5926999,4.6431813
ISIC_4134230,2.0469291,4.9330606
ISIC_2139839,1.5619018,3.391953
ISIC_7083060,0.4369335,3.601926
ISIC_6711611,-7.232376,8.467307
ISIC_0327790,2.5257156,3.386969
ISIC_7732458,1.8092968,3.681361
ISIC_8790255,1.454378,4.2930183
ISIC_1933101,1.8042578,3.806098
ISIC_3763984,2.1638079,4.093247
ISIC_7839712,-6.6834645,6.5826154
ISIC_3862113,1.428653,3.383594
ISIC_0245720,1.1795615,3.7141228
ISIC_5063476,2.382658,4.4388685
ISIC_9487340,2.4148254,4.372677
ISIC_6283716,1.7752836,3.4459996
ISIC_9060583,2.488966,4.030932
ISIC_8495841,2.5240219,4.8160353
ISIC_0357905,1.4164362,3.9280891
ISIC_9327577,1.6243027,3.2137861
ISIC_6065363,1.444488,4.6340604
ISIC_1758247,0.4538192,3.7460139
ISIC_8899684,1.2119477,5.073203
ISIC_7118325,2.1180787,3.3841674
ISIC_7510790,1.6782786,4.730437
ISIC_5274586,2.2780864,4.352633
ISIC_5264073,1.866997,4.747263
ISIC_1450057,0.9173282,3.3444576
ISIC_1208163,1.073938,3.8283184
ISIC_4684662,1.9163071,3.195703
ISIC_1327512,1.6516595,4.144629
ISIC_1253099,1.9933054,4.207005
ISIC_3321936,-3.5988657,9.283185
ISIC_3577187,-1.9189146,6.709721
ISIC_3842916,2.1582124,3.6538742
ISIC_9156630,1.2857348,4.806544
ISIC_4384072,2.459713,4.784453
ISIC_3871225,1.2963755,4.646676
ISIC_8509219,1.5856371,4.1624613
ISIC_5328915,1.9244736,4.350363
ISIC_8611644,2.62607,4.3835893
ISIC_8813982,1.5768193,3.5364501
ISIC_3478473,0.46684164,4.7298336
ISIC_5643047,2.0212498,3.761094
ISIC_4817275,5.291581,2.6143196
ISIC_8892662,1.5939946,4.2439027
ISIC_0605858,1.7690082,3.6104474
ISIC_2512593,1.7144872,4.433658
ISIC_2433965,1.7593378,3.3884497
ISIC_5168763,1.7398355,3.113777
ISIC_7797655,2.1336288,3.959091
ISIC_8694075,0.28737995,4.14644
ISIC_4464389,1.4933398,3.8554988
ISIC_7697150,2.1583304,3.2945108
ISIC_4011833,-7.3893356,7.339895
ISIC_2687067,2.5595527,4.4723086
ISIC_0416709,0.74107724,3.548686
ISIC_7797007,-0.6548195,8.7063265
ISIC_2576220,1.9003012,5.318932
ISIC_3846854,1.6317749,3.6462495
ISIC_8472933,2.545346,3.9508123
ISIC_6091412,2.1051545,3.3167768
ISIC_4699695,2.4883645,4.092557
ISIC_3691992,2.5168324,3.3353717
ISIC_5426068,2.5546181,3.5237734
ISIC_5864088,-1.8174973,7.4434175
ISIC_2721975,1.6885825,4.6382
ISIC_1212149,0.67163485,3.650914
ISIC_4510530,2.28712,3.3912127
ISIC_8723509,1.717677,4.6229906
ISIC_0222050,2.3353283,3.9703364
ISIC_0990298,-2.7657475,6.6856833
ISIC_3188100,1.7744515,4.370493
ISIC_2187659,1.2375829,3.6597767
ISIC_6466831,1.7739938,3.1507545
ISIC_4993277,1.1703738,5.0593014
ISIC_4734240,-3.233595,8.812745
ISIC_8339416,2.156517,3.1283996
ISIC_1605945,1.9897782,3.5439267
ISIC_0178317,1.2239755,3.4965694
ISIC_5685440,-1.611192,7.6082764
ISIC_7784603,2.4522343,3.914297
ISIC_3186272,-3.6751542,9.399161
ISIC_8115943,0.90090406,4.0578356
ISIC_3083366,1.5603254,3.1969047
ISIC_2041690,-3.3358955,9.2318735
ISIC_0223461,2.6298764,4.0728106
ISIC_9377882,1.8321123,4.029054
ISIC_4901785,-5.2160225,4.3576612
ISIC_2939439,2.2239122,5.374645
ISIC_9229959,-3.6923096,9.068799
ISIC_0265494,2.4002428,4.9521527
ISIC_6677145,-7.1149044,8.110947
ISIC_6844482,1.7240881,5.133078
ISIC_0376071,1.861159,4.1108985
ISIC_7264353,2.5003407,3.575505
ISIC_5046410,-6.7296395,8.669986
ISIC_4640181,0.5819833,3.5955105
ISIC_9780632,1.0523447,3.6507542
ISIC_6128404,2.518761,3.9546745
ISIC_7380754,0.91760355,4.522367
ISIC_9377355,0.9769384,6.8778086
ISIC_4953281,2.293828,3.647905
ISIC_0783513,1.3120177,3.449985
ISIC_7373609,1.630407,4.176055
ISIC_4878461,1.4014521,3.8905203
ISIC_1475363,-7.1328273,7.5919595
ISIC_6392253,1.376327,2.965768
ISIC_2869677,-3.398035,9.296762
ISIC_4618923,2.703725,4.6793528
ISIC_0536439,-3.3510861,8.907785
ISIC_0839447,0.440009,4.077572
ISIC_3393031,1.4297786,3.7803786
ISIC_7265115,-3.4638693,9.1381855
ISIC_1585410,2.061938,5.308146
ISIC_8073555,1.7250533,3.765068
ISIC_5601104,-1.3192537,7.6756573
ISIC_5849266,2.3633368,3.4472704
ISIC_8244535,0.7654762,3.615896
ISIC_1634173,1.0213451,3.463536
ISIC_5330829,1.6279272,3.4767194
ISIC_3037830,1.7666057,3.629399
ISIC_0314083,1.9034977,5.0666785
ISIC_6688890,1.6890304,4.8538237
ISIC_6736120,1.162501,4.0086694
ISIC_8923373,1.0287949,3.4883685
ISIC_5789867,2.7683005,3.5338624
ISIC_8168701,0.8108389,3.6955147
ISIC_6393624,2.450683,4.611813
ISIC_6989261,2.6609678,4.5366783
ISIC_8012699,1.2175537,6.1301746
ISIC_2126277,2.158071,3.5780196
ISIC_0520674,2.107043,4.746441
ISIC_9830189,0.8049541,4.169302
ISIC_6948176,2.2302094,3.5790613
ISIC_3977025,2.6856987,3.855165
ISIC_9007375,1.4856782,4.0308437
ISIC_0101540,1.4696293,3.668582
ISIC_8423078,0.9173421,5.010107
ISIC_4750271,2.6155014,3.7527864
ISIC_2288288,2.7004673,4.4619436
ISIC_1332092,1.97775,3.167158
ISIC_2003288,2.520155,3.5464005
ISIC_5227026,1.1511127,3.3945506
ISIC_7155969,-2.8839543,9.534827
ISIC_2880255,2.3007019,5.1930404
ISIC_0444602,0.7239466,3.7287073
ISIC_0310134,1.8796688,3.7301295
ISIC_8514630,2.303101,4.652353
ISIC_0749853,2.4157584,4.179516
ISIC_4854971,2.1410968,3.3566918
ISIC_2671471,1.5109538,3.8976252
ISIC_2775779,1.6995997,5.172336
ISIC_2195258,1.4975504,3.2103937
ISIC_4947304,1.4534967,3.1549382
ISIC_7078944,2.5875983,3.6649225
ISIC_8400705,2.5145202,3.9397175
ISIC_9108366,1.2245414,5.181259
ISIC_7011923,1.1714727,3.9174147
ISIC_0470037,2.1992376,3.6331277
ISIC_5078271,-3.6165311,9.31173
ISIC_2444391,-3.6261916,9.859182
ISIC_4338709,2.268168,4.7542834
ISIC_4163590,1.2066537,3.782965
ISIC_5566735,2.0642602,3.583222
ISIC_2857760,1.5117722,4.530405
ISIC_8583441,2.6485157,4.277917
ISIC_9485600,2.036652,3.5778444
ISIC_4938914,1.8290001,3.3327656
ISIC_1217200,0.63353145,3.734892
ISIC_2185005,2.0264769,3.3836057
ISIC_3174039,2.417598,4.175785
ISIC_4010917,1.1057302,3.3552263
ISIC_9262654,1.0727601,5.264939
ISIC_0903411,0.9877999,3.9862154
ISIC_5623138,1.2611178,4.8728504
ISIC_5820693,-3.285104,8.868052
ISIC_1099075,2.0759032,3.2839253
ISIC_7634311,2.429862,4.119896
ISIC_2801456,2.3439133,3.1222672
ISIC_9860255,2.4436839,4.6682534
ISIC_2538175,1.6388311,3.2881577
ISIC_8830487,2.519291,3.2586758
ISIC_4281336,1.8495952,3.2426198
ISIC_6536532,2.305248,3.0473878
ISIC_6793293,1.4603786,4.977352
ISIC_5798015,1.7068806,3.5040321
ISIC_9269907,0.83985937,3.376531
ISIC_5753291,-7.1783752,8.441029
ISIC_9010543,1.8598157,3.0240119
ISIC_9536802,1.4088914,3.259991
ISIC_7261379,2.3789182,4.622578
ISIC_7744063,2.4945853,4.5978365
ISIC_5659872,2.5076172,4.7170954
ISIC_7495808,2.1419315,3.1355958
ISIC_4341651,2.494827,4.7740593
ISIC_0916205,2.6291835,4.541284
ISIC_7603455,-6.932487,7.7807913
ISIC_2756237,2.0174358,4.7892857
ISIC_0597218,1.8095493,4.8965216
ISIC_3934294,1.4033782,4.001164
ISIC_8711280,0.6855413,3.6601753
ISIC_9315775,-4.213458,4.47729
ISIC_2465799,-6.2261434,5.796227
ISIC_2814689,-4.681632,8.478282
ISIC_5608178,-4.1153803,3.4908192
ISIC_6410859,2.2442741,3.512798
ISIC_8481515,1.9419682,4.783572
ISIC_5140656,2.675992,3.5069022
ISIC_1244418,2.326568,4.3668523
ISIC_5549257,0.55028135,3.7410092
ISIC_3467133,0.76570064,3.9209993
ISIC_0211399,2.3653886,4.141553
ISIC_3596982,2.3343825,4.0140185
ISIC_4581400,2.4925826,4.2291164
ISIC_2625894,-3.5574422,9.255066
ISIC_2513018,1.4490999,4.283004
ISIC_5548532,-3.3023667,8.737773
ISIC_4138044,1.1518286,4.653504
ISIC_5647607,1.1448171,6.2235694
ISIC_4203917,2.3113198,3.1646404
ISIC_6004197,1.0788654,5.306562
ISIC_5336115,1.8179181,4.6276307
ISIC_9595194,2.5311925,3.9725013
ISIC_9354524,-0.058296192,4.3089123
ISIC_1017188,2.366679,3.2967126
ISIC_8879477,1.9070531,3.1096482
ISIC_4032749,1.9534947,3.250456
ISIC_4733754,1.4231558,3.613482
ISIC_0503442,2.6037571,4.302953
ISIC_2645357,0.77905893,4.264224
ISIC_1019322,2.448307,4.4035816
ISIC_8850421,2.238407,3.7963028
ISIC_1279356,1.5487128,3.2682
ISIC_2382511,2.371834,4.023443
ISIC_5241686,2.401419,3.5096898
ISIC_7859727,2.3720264,3.866721
ISIC_5531260,2.3799548,4.2150965
ISIC_3640764,2.3433044,4.189755
ISIC_7581139,2.1253955,3.7464428
ISIC_7376567,1.5856117,4.31581
ISIC_0437256,1.5531691,3.5727465
ISIC_6767333,-1.8865806,8.311312
ISIC_7277494,2.1815584,4.3376083
ISIC_3332716,1.3124028,4.774535
ISIC_2728309,2.1459482,3.2207289
ISIC_9527402,-3.4676282,9.312446
ISIC_2712615,2.6985953,3.8328362
ISIC_5133582,2.3304167,3.7169533
ISIC_1694817,-3.480907,9.440557
ISIC_4850167,1.8543338,3.858286
ISIC_3868516,1.7554102,4.678735
ISIC_3987802,1.1874571,4.38137
ISIC_5991710,1.6356457,4.3197794
ISIC_1147165,1.40701,3.581902
ISIC_8710108,1.4450147,3.9467988
ISIC_1578878,1.723913,4.3848658
ISIC_1216542,1.037601,4.973133
ISIC_1089722,1.4249032,4.084793
ISIC_8662803,2.4659932,4.094066
ISIC_4595996,1.6443363,3.8470504
ISIC_5577211,1.8699015,3.7664068
ISIC_2867416,0.8054179,5.1193595
ISIC_0808203,1.3534511,3.5318942
ISIC_7609412,0.9990153,3.6689184
ISIC_3568067,2.098786,3.5601163
ISIC_7783047,1.4598361,3.2106364
ISIC_9779834,2.4177349,4.1117964
ISIC_2005634,0.9355003,5.277789
ISIC_2398564,1.1026237,4.4108315
ISIC_7022381,0.97066003,5.063887
ISIC_9699383,1.1441865,3.7787204
ISIC_7149190,2.1297152,4.1475835
ISIC_1791886,1.4025129,4.950442
ISIC_4491903,2.5588136,3.8846335
ISIC_0639571,1.7310323,4.6058073
ISIC_4263628,1.6641595,3.4150527
ISIC_1166740,1.6361076,3.697655
ISIC_0495210,-3.6182308,7.165231
ISIC_9076331,2.1038692,3.565003
ISIC_8961478,1.710675,3.3761315
ISIC_4691689,2.3903232,3.2846313
ISIC_1581537,2.6241016,3.7416065
ISIC_5063454,0.8426369,3.7976248
ISIC_9517555,0.30529314,6.681433
ISIC_7081248,1.5480459,4.1784964
ISIC_8425957,1.594042,3.9758549
ISIC_1699688,1.1560063,5.052879
ISIC_6825567,0.47823265,3.6031256
ISIC_9786863,-6.986088,7.5711718
ISIC_5556327,2.776154,3.5523753
ISIC_1546866,2.348084,3.322562
ISIC_2140551,1.5819457,3.1828265
ISIC_8457787,2.3346996,4.5504417
ISIC_2078543,1.0694008,3.359754
ISIC_3314382,1.5092516,3.0826313
ISIC_2237022,1.5757904,3.8770497
ISIC_1901340,1.6539211,3.4427052
ISIC_9313458,1.4685405,3.3553226
ISIC_1380829,1.2533568,3.3879995
ISIC_9606863,2.4040258,4.183165
ISIC_1789103,2.5476747,3.6108456
ISIC_0310853,2.2829745,4.361635
ISIC_4852295,2.5913532,3.8968058
ISIC_6751710,0.94993055,5.3794603
ISIC_7254359,0.84758925,3.4971492
ISIC_8587544,2.180691,4.8469977
ISIC_5377242,1.0117507,3.3962717
ISIC_7376121,1.7985841,3.4127417
ISIC_0375034,1.2816559,3.71208
ISIC_8733345,1.9082252,3.6321924
ISIC_8671119,1.7255352,3.746169
ISIC_3785008,2.5902884,3.6354158
ISIC_1118807,2.1316419,3.8193772
ISIC_2663597,-0.25354832,4.8311114
ISIC_6634325,2.376892,3.8078516
ISIC_9072639,1.3406477,3.4760513
ISIC_5212679,2.499384,4.2331514
ISIC_2448897,0.9175293,4.4699864
ISIC_4534665,1.3326313,3.9407961
ISIC_9603587,2.379728,4.1242366
ISIC_7576198,2.307212,4.2167583
ISIC_3740014,-3.180192,8.019889
ISIC_4473151,2.383566,4.033636
ISIC_7747165,1.6806347,3.6346397
ISIC_3060145,2.4065232,4.4741354
ISIC_8761348,2.3825543,4.242912
ISIC_4676341,2.3673825,4.0410542
ISIC_0345607,1.0705528,5.170679
ISIC_4438786,2.691129,4.0674896
ISIC_5858622,0.90594035,3.5047402
ISIC_5012399,2.5367563,4.299661
ISIC_3783915,1.4725736,3.2522585
ISIC_3326332,1.6453594,4.352734
ISIC_2238901,2.3708756,3.2488945
ISIC_8907509,-0.058739,4.812188
ISIC_3031536,0.8610878,3.526219
ISIC_9315277,-0.624358,8.402641
ISIC_8088770,1.5488956,3.5459523
ISIC_9201946,1.4659896,3.2368069
ISIC_9799448,-3.6548667,8.492702
ISIC_3210973,2.395074,4.2301188
ISIC_9128550,2.7221007,3.8969061
ISIC_6590224,1.0819628,6.672369
ISIC_8141769,2.30724,3.0855758
ISIC_6808448,1.7720121,3.7685938
ISIC_1403411,2.7727773,3.8498955
ISIC_1576116,-3.6501715,9.087428
ISIC_1708591,0.61695516,3.6152701
ISIC_5296963,1.966673,3.154768
ISIC_2976456,1.9135098,4.9877667
ISIC_9071073,2.5301838,4.283168
ISIC_4955345,2.580749,3.5446925
ISIC_2712088,1.7958663,3.0156775
ISIC_0820400,1.7949034,3.9553673
ISIC_4891461,2.059835,4.3300056
ISIC_7275519,1.2651726,5.0943427
ISIC_3883666,2.3598235,3.8437517
ISIC_7509096,1.7232605,3.279008
ISIC_1204130,1.5779558,3.2515378
ISIC_9431118,0.7147465,3.452079
ISIC_4596521,1.6713145,3.5926075
ISIC_8152488,0.9002479,3.920013
ISIC_4313479,1.6569517,4.0969605
ISIC_5390060,2.3597898,3.5003266
ISIC_5791954,1.8861272,4.0772266
ISIC_0346815,2.4331632,3.4464376
ISIC_4432308,1.7437328,3.1562274
ISIC_9363532,1.2805812,4.892438
ISIC_0558656,1.7482151,3.3276718
ISIC_0292899,2.2163699,3.444116
ISIC_7553497,1.255601,3.886009
ISIC_5309897,2.097093,3.0821912
ISIC_7412327,2.22791,3.403798
ISIC_8476096,-6.041104,8.548044
ISIC_1097830,-3.335866,8.499013
ISIC_0928328,0.8332452,3.5587583
ISIC_8387580,0.8380478,3.5119984
ISIC_3069695,1.3222532,4.957248
ISIC_8633461,2.60235,4.0382814
ISIC_1705827,1.7525738,3.4323547
ISIC_2504585,-3.7478714,7.2026725
ISIC_5744196,1.4957043,3.3270714
ISIC_8708918,1.0461918,3.743494
ISIC_8176952,1.797875,4.1860003
ISIC_5383985,2.4898925,4.4153333
ISIC_5080908,1.2438036,4.8288116
ISIC_7622188,1.1079115,3.7545059
ISIC_2256819,1.5789684,3.162511
ISIC_4522789,1.7281667,3.5799968
ISIC_3058414,1.3893498,3.6668265
ISIC_1951839,1.4361353,3.3564558
ISIC_3077674,1.8462211,3.5827672
ISIC_6823020,2.611327,4.005436
ISIC_2144549,1.2386261,5.0558043
ISIC_6135643,1.9702494,4.1469755
ISIC_3157754,1.3284134,3.6445608
ISIC_4713713,1.4371122,4.1860633
ISIC_4760917,0.79263103,3.4584932
ISIC_6059858,2.574972,3.8571086
ISIC_2829582,2.4165964,3.7040253
ISIC_4270993,1.6959437,3.1564183
ISIC_6434212,1.3584752,4.6536007
ISIC_6008220,1.6967548,3.243851
ISIC_3807635,1.3600461,4.029907
ISIC_3875865,2.3481348,3.1449924
ISIC_9159477,2.3241503,4.604693
ISIC_5564843,2.4534955,4.165463
ISIC_7052280,2.5054119,4.0309253
ISIC_4854995,2.2083619,4.6891313
ISIC_8071637,2.4724987,3.7091556
ISIC_5809901,2.131289,3.6276278
ISIC_0773886,2.4583993,3.655732
ISIC_1136731,1.7465289,4.106283
ISIC_2003991,2.3671043,3.6522331
ISIC_1814941,2.5974398,3.4277992
ISIC_0923581,2.6716807,4.1703296
ISIC_4722397,1.8551699,3.3289711
ISIC_9729661,2.089022,3.0996342
ISIC_6427430,1.7050653,3.7940722
ISIC_6959281,1.1410238,5.13364
ISIC_4438982,1.7253126,3.4516137
ISIC_2418276,-3.3686743,9.531341
ISIC_2757332,1.7746439,3.5946395
ISIC_1071362,1.8613335,3.1533082
ISIC_6414435,1.7944907,5.0576334
ISIC_2891360,-2.3501275,7.1648765
ISIC_0134155,-3.7475717,8.725133
ISIC_3591834,2.494525,3.7655187
ISIC_7044973,2.0096788,4.080605
ISIC_4724569,2.3014717,4.426352
ISIC_0806140,1.8007635,4.1256285
ISIC_5493841,1.8211105,3.4124296
ISIC_3430886,2.5414503,4.3893914
ISIC_3958338,1.1170751,3.6306787
ISIC_0686366,1.7573292,3.7858558
ISIC_7336507,1.9326276,3.5450523
ISIC_9599761,1.7595866,3.156219
ISIC_8308321,2.0580363,3.2634182
ISIC_0807504,2.0950577,3.650541
ISIC_1254469,2.167213,3.0281765
ISIC_9876659,2.5819733,3.9506507
ISIC_9705935,2.5797555,4.181097
ISIC_7564065,1.4576066,3.6126294
ISIC_8856365,2.5153701,3.38262
ISIC_5314945,2.0079305,4.71253
ISIC_5891587,2.5294368,4.0175624
ISIC_0324472,1.5737039,3.937794
ISIC_2806230,1.6020153,4.389361
ISIC_2343627,-3.326818,8.924481
ISIC_6556373,1.8625711,4.1692057
ISIC_4355015,1.7950625,3.1279037
ISIC_8172822,1.7512181,3.7921748
ISIC_1467266,2.06341,3.6045353
ISIC_4438999,2.5978205,4.0307693
ISIC_6620748,2.3256276,3.980062
ISIC_1942883,1.7865161,3.4371467
ISIC_8430738,1.7449458,3.062072
ISIC_4223497,2.2012236,3.9119756
ISIC_8245615,1.3522818,3.2286663
ISIC_1780008,2.288047,4.420544
ISIC_8191057,2.3275168,3.1341884
ISIC_3305055,1.5960591,4.477785
ISIC_9829086,1.301519,4.9330096
ISIC_7565477,2.1946783,4.351682
ISIC_1693572,2.0342195,3.3929272
ISIC_1652988,2.7144856,3.7776706
ISIC_1620821,2.2867844,4.2414556
ISIC_2427899,-0.0923008,5.0774665
ISIC_6473085,2.640826,3.6945555
ISIC_8907232,1.7261647,3.862029
ISIC_7723219,2.3915741,3.6021903
ISIC_5671218,1.1529336,4.844722
ISIC_9088073,0.26226008,4.6821675
ISIC_3162213,-3.0869632,9.435969
ISIC_0648545,2.3592038,3.5228887
ISIC_5651765,1.8672338,4.2661037
ISIC_7021797,2.5813117,3.8218446
ISIC_7482924,2.5286872,4.2198586
ISIC_0901635,1.7176837,3.912692
ISIC_8609084,2.6896281,4.084154
ISIC_3640326,1.556425,4.6516223
ISIC_1718882,0.9846469,3.613558
ISIC_6295235,1.7398131,4.4380293
ISIC_0098024,2.505715,4.10233
ISIC_2540746,2.6252656,3.753895
ISIC_0665750,2.773078,3.5489202
ISIC_4216320,2.290749,3.0485911
ISIC_5683310,1.8735356,4.1311245
ISIC_0705477,-3.5531492,9.010607
ISIC_6674797,1.5196285,3.965362
ISIC_6099563,1.0771854,4.8286605
ISIC_8510848,2.4701133,4.2126684
ISIC_9330230,1.5379224,4.283506
ISIC_2738580,0.7439098,3.6521537
ISIC_4787531,1.5770566,3.3873208
ISIC_2717192,1.9201331,3.3265152
ISIC_6369740,-2.6590314,7.168692
ISIC_2454870,-0.13362624,5.159651
ISIC_9689764,-2.745975,7.532769
ISIC_5626834,-0.30999562,8.051479
ISIC_3450746,1.7779504,3.122263
ISIC_3594441,2.6713698,3.8499856
ISIC_1236175,-7.2910676,7.781645
ISIC_8438639,-2.478253,7.150641
ISIC_3410585,1.2340145,5.1208277
ISIC_9812976,1.0739924,6.0134363
ISIC_4263716,0.95738804,3.9881094
ISIC_4487501,2.1498942,3.633946
ISIC_1204654,2.230549,3.9904282
ISIC_9631113,1.9415821,4.107828
ISIC_5841709,1.9985439,3.311505
ISIC_2358324,2.4494803,3.9572253
ISIC_5358568,1.9375355,5.1081314
ISIC_6453546,1.3398378,4.474786
ISIC_3654052,2.0611496,4.46645
ISIC_8082800,1.9011054,4.276667
ISIC_8644015,1.8531086,4.336745
ISIC_5490257,0.6462939,3.521925
ISIC_4141315,0.9723145,3.5667317
ISIC_4615762,1.0816531,3.914898
ISIC_8278458,1.4143852,3.7866256
ISIC_2149878,1.0733315,3.6414819
ISIC_6356149,-2.064836,5.3961577
ISIC_8233338,2.4678392,3.6105902
ISIC_8692144,2.3142226,4.233251
ISIC_7486585,1.6524453,4.7045536
ISIC_0614911,2.3021338,4.615584
ISIC_2948772,2.58522,3.8235786
ISIC_0080539,2.3608022,4.218283
ISIC_2010889,2.2782295,3.0801163
ISIC_4534593,1.1865562,6.052712
ISIC_1498757,1.724054,4.884359
ISIC_9881690,2.2460654,4.5843387
ISIC_9733868,2.6323304,3.9700933
ISIC_5206639,2.4371471,4.5470076
ISIC_1736524,2.1355212,4.2743893
ISIC_3573097,1.9272597,4.3143234
ISIC_3364243,1.9361953,3.2233975
ISIC_6066990,-3.3036973,9.0695095
ISIC_4731257,1.0294402,4.474949
ISIC_0131983,1.3067311,4.9560347
ISIC_3425517,1.3209237,4.463843
ISIC_7575957,1.7187048,4.0203323
ISIC_9179066,2.322921,4.358964
ISIC_7230249,2.7118948,3.7596216
ISIC_6119036,-2.919191,8.732598
ISIC_4097868,2.3263247,3.3072002
ISIC_4094938,1.5783695,3.3808947
ISIC_0261253,2.3441386,3.463053
ISIC_7747712,2.5518582,3.420432
ISIC_9596388,1.2665216,5.1016603
ISIC_1569258,2.6002297,4.0455413
ISIC_2703002,1.9203826,3.2868779
ISIC_5438964,1.8692948,3.6700606
ISIC_9312051,1.8409278,3.286776
ISIC_2530060,1.5548755,4.793003
ISIC_1540369,1.4320298,4.8682327
ISIC_7203426,1.2093658,3.6702929
ISIC_7043369,0.33121154,3.7463903
ISIC_2431690,1.8325199,3.2975104
ISIC_0475038,2.4968822,3.9971795
ISIC_9430639,2.1861205,4.8043847
ISIC_7170340,2.3017578,4.005036
ISIC_0464270,2.591644,3.8420558
ISIC_0582421,-6.7571425,6.426498
ISIC_8069559,2.5010943,4.3823
ISIC_7944238,2.7010655,3.5138578
ISIC_1007406,1.9147031,3.5438108
ISIC_7399648,1.3159175,4.7566943
ISIC_4449211,2.6615992,3.9366777
ISIC_8256480,1.6114368,3.2261245
ISIC_5156491,1.9284611,3.63656
ISIC_2194390,1.896458,4.4470005
ISIC_8579352,1.6478059,4.781779
ISIC_1358080,1.2889218,3.652138
ISIC_7680185,2.4918091,4.317999
ISIC_9111281,2.4573267,4.4222307
ISIC_3477573,1.7893723,4.9180856
ISIC_2030748,2.5947719,3.8324826
ISIC_3565564,1.5334438,3.652616
ISIC_6285871,1.8455414,3.5914717
ISIC_8576765,2.1490386,5.326356
ISIC_3685033,2.6605494,3.8992767
ISIC_6821316,-2.7213378,5.461683
ISIC_0908291,1.297208,4.914581
ISIC_1850674,1.3289628,4.9223266
ISIC_4835535,0.9061336,3.6035695
ISIC_0202119,1.9564704,3.1223137
ISIC_0968773,1.9304476,4.3436255
ISIC_9595615,2.1592128,4.5556984
ISIC_9229047,1.0181813,5.2615147
ISIC_7252283,2.6559424,4.0991874
ISIC_1112228,2.417645,3.143237
ISIC_2789443,1.9881096,3.7589653
ISIC_6813281,2.2377045,3.8066127
ISIC_1617848,1.6458199,3.6065567
ISIC_0991761,2.6956084,3.9601612
ISIC_9572761,1.1584643,4.9819536
ISIC_8671159,2.3279896,3.9917238
ISIC_4602463,2.2515147,3.588533
ISIC_3654066,1.8168437,3.30562
ISIC_7044414,1.3103335,3.365758
ISIC_1789206,1.9613312,3.0807815
ISIC_3323866,1.1323237,4.992197
ISIC_1776777,2.469204,3.3362024
ISIC_9676056,0.7998786,4.229379
ISIC_8044265,2.0115087,3.2003398
ISIC_1626055,2.181844,3.6216912
ISIC_0510774,1.3374351,3.9430935
ISIC_5753627,2.0132942,3.680227
ISIC_4810485,2.5900981,3.5229046
ISIC_0848012,0.6536169,3.678606
ISIC_5367687,2.1936424,3.7901173
ISIC_1940620,2.7183735,3.8352635
ISIC_5003606,2.3854737,4.092226
ISIC_1406434,2.646718,4.1059422
ISIC_4470346,2.443159,4.47717
ISIC_9345697,2.54581,4.1793327
ISIC_0390071,2.0741904,3.314154
ISIC_4848011,2.2658763,4.403793
ISIC_6616555,2.5713327,4.318416
ISIC_5638751,1.8975902,4.8090773
ISIC_9406755,1.4589934,5.006631
ISIC_3815982,1.9552069,4.4919844
ISIC_0984817,1.5348788,3.9701338
ISIC_9262713,2.2977345,3.6222875
ISIC_6279341,2.254792,3.817631
ISIC_1406593,2.098957,4.7038293
ISIC_2355721,2.4364605,3.7536225
ISIC_5649739,2.426868,4.4488173
ISIC_6397087,2.1103096,4.0127587
ISIC_4454075,2.4608226,4.27789
ISIC_0155910,1.2111013,5.9405823
ISIC_8320240,2.2811785,3.2791617
ISIC_4974820,1.8668293,3.9199839
ISIC_7461616,2.1467185,3.0540602
ISIC_9810784,1.6313465,3.81836
ISIC_1423737,2.745196,3.5726664
ISIC_3526376,1.5339842,4.2306433
ISIC_9881460,2.2614477,3.3598907
ISIC_7092052,1.4274056,3.5273106
ISIC_6668093,1.8583901,3.620597
ISIC_0498990,1.6301585,3.2061481
ISIC_7299650,2.0380654,3.4562316
ISIC_4403481,2.7075503,3.8567247
ISIC_9565804,2.6676855,3.753935
ISIC_4485499,1.1833228,5.18084
ISIC_7175690,1.2460837,4.952842
ISIC_9918922,2.5755281,3.8219163
ISIC_3563953,2.2772725,4.3071275
ISIC_9007451,2.189996,3.441986
ISIC_6730858,1.439083,4.877183
ISIC_0178370,1.0723171,5.3267937
ISIC_4457091,1.7291269,3.4771898
ISIC_3751908,2.7332191,3.920202
ISIC_0465400,2.142242,4.1648965
ISIC_7559316,2.7527053,4.0113525
ISIC_3339372,2.1083913,4.6456876
ISIC_0283070,2.641827,4.0125294
ISIC_7549843,2.492226,4.031943
ISIC_7428306,2.221152,3.485787
ISIC_4511704,2.2950258,3.4395115
ISIC_5176677,1.9875124,3.1904507
ISIC_2206284,1.6281085,3.657476
ISIC_7246266,2.5178003,3.6429586
ISIC_7064613,2.519426,4.1152225
ISIC_3992319,0.6979558,3.5039036
ISIC_6981855,2.6877894,3.7468388
ISIC_5926017,1.7799305,4.7904096
ISIC_2304572,2.4878414,4.1722784
ISIC_1635827,2.5673203,4.3650193
ISIC_3567510,0.97287464,4.4024987
ISIC_9859134,0.7233299,5.298206
ISIC_6900593,1.195337,5.1650605
ISIC_7316506,1.3310275,4.8457985
ISIC_6119202,2.234076,3.2807918
ISIC_3206521,2.259213,3.5977814
ISIC_5386182,2.6079793,4.063755
ISIC_5905688,2.6055634,4.0725594
ISIC_2559263,2.1983683,3.534377
ISIC_7097931,1.7641857,3.767455
ISIC_6377613,1.7429235,3.8001678
ISIC_9274936,1.4674925,3.990265
ISIC_2256331,1.4242258,3.743637
ISIC_7809510,0.09990419,4.906688
ISIC_0743395,2.3519845,4.173611
ISIC_1822966,2.264372,4.2920284
ISIC_8622942,2.534285,4.1790266
ISIC_9038840,1.6575265,3.8046174
ISIC_5484708,1.1489618,5.117653
ISIC_5855767,1.3538166,4.685451
ISIC_5809270,2.4527256,4.506797
ISIC_7166430,2.1397572,3.5330007
ISIC_8645184,0.73250926,7.0641274
ISIC_6165660,2.2320461,4.1119456
ISIC_6190427,2.5215526,4.0700054
ISIC_6721526,2.593071,3.6597173
ISIC_9859873,2.7123828,3.593077
ISIC_0900188,1.209429,4.3792095
ISIC_0429987,0.8214985,3.7423625
ISIC_3199142,-3.597499,9.160859
ISIC_7755096,1.2846478,3.4865458
ISIC_4708741,-6.894142,8.403445
ISIC_6594866,1.8410476,3.1871564
ISIC_9301005,0.85313874,3.7644668
ISIC_3056854,-0.03296427,4.771595
ISIC_9381247,1.1456054,4.20994
ISIC_6688399,1.6342051,3.1098378
ISIC_9214649,1.5091366,3.7485416
ISIC_3678711,0.94773406,4.8296294
ISIC_1033970,1.8531827,3.2503378
ISIC_6892286,1.8770555,3.0297658
ISIC_2443008,1.6780926,3.745972
ISIC_3622379,2.4999404,3.373976
ISIC_7874486,-5.978801,8.24221
ISIC_9314666,-6.7070866,7.5111456
ISIC_4385084,0.58574444,8.233502
ISIC_5646747,0.80693257,5.745522
ISIC_8021816,0.7048355,6.0141397
ISIC_5363974,-5.3892446,7.2638636
ISIC_1908890,1.2796766,4.5387435
ISIC_2314763,-4.3385816,6.0030956
ISIC_9907628,-0.30252665,6.1704154
ISIC_9743746,-0.056441583,5.118759
ISIC_2892864,-0.24799517,7.934809
ISIC_6911134,0.22467603,8.700141
ISIC_2553643,-2.132139,6.57658
ISIC_1906502,0.8836534,7.932689
ISIC_7697103,0.61731184,8.947748
ISIC_2391775,-5.525835,8.877837
ISIC_9611196,-0.36618167,7.768291
ISIC_4926587,0.5699717,7.5368314
ISIC_4515080,-0.7386026,7.772351
ISIC_0820482,0.65762013,7.7322664
ISIC_2535067,1.2683598,4.3506165
ISIC_0656566,0.8228905,8.200734
ISIC_6085014,2.0556965,3.536523
ISIC_7346994,-0.5444132,8.418227
ISIC_1542632,-2.35981,4.4028683
ISIC_2134696,0.849833,6.0540385
ISIC_5718895,0.954687,6.3699255
ISIC_1609875,-0.14791432,7.718003
ISIC_8224838,-1.0886879,6.0552135
ISIC_0889265,-0.9087365,6.3261023
ISIC_5516918,-0.6948553,7.1181717
ISIC_9229628,-0.8309105,7.0061274
ISIC_3553101,-0.7792195,6.92988
ISIC_6604083,-0.05139556,7.6353126
ISIC_1985159,0.505781,8.565858
ISIC_9663992,-6.2400494,5.592989
ISIC_3333078,-4.2461004,9.622373
ISIC_9841598,-4.14023,8.379515
ISIC_3541262,-2.2739747,7.777733
ISIC_0483611,-4.7224784,8.596884
ISIC_8097683,-1.5380883,5.946283
ISIC_9870670,-6.5680513,7.012876
ISIC_8986575,-1.3222793,6.10806
ISIC_0853333,-2.8843563,8.381769
ISIC_9323828,0.3874175,8.6129055
ISIC_2463938,-1.9332616,9.268347
ISIC_5771780,-3.8371263,5.0651283
ISIC_7221222,0.7513195,7.8080716
ISIC_5843101,-5.898814,8.164897
ISIC_1267080,0.112654485,7.869504
ISIC_3760884,-0.6742485,6.92272
ISIC_3102961,-0.18449731,7.1288137
ISIC_2060578,-2.2812707,9.954735
ISIC_6364866,-5.8147287,4.9948545
ISIC_3271069,-1.3904049,6.8829627
ISIC_4886694,0.48100188,8.44212
ISIC_5189439,0.41636935,8.17626
ISIC_3275416,0.53171724,7.8664603
ISIC_7378130,0.32512227,7.5355415
ISIC_0388469,-1.3155406,7.744348
ISIC_5733031,-2.6114194,9.359651
ISIC_3125036,0.70610964,7.883978
ISIC_7903404,-0.9682261,6.1163054
ISIC_7444626,1.0232348,8.337316
ISIC_3743174,1.0247175,8.488171
ISIC_3719985,0.57832336,8.863882
ISIC_7586374,1.3231659,7.6620393
ISIC_9071060,-6.14541,5.734778
ISIC_8160405,0.75378263,7.969695
ISIC_9276265,-2.9196415,9.596157
ISIC_6248396,0.5081661,7.765775
ISIC_5172790,0.57658803,7.88968
ISIC_3002927,0.7157279,8.044729
ISIC_5232077,0.6829579,7.721877
ISIC_5307259,0.7084244,7.8255553
ISIC_3433035,-3.8069484,8.891122
ISIC_2594715,-5.9842367,8.92853
ISIC_9908866,-6.253128,8.973462
ISIC_8172964,-2.8471801,5.069099
ISIC_9021203,0.25081757,8.413663
ISIC_3124231,-0.7306238,8.716216
ISIC_6886000,-2.3043473,8.090724
ISIC_1858813,-1.5837824,5.5345793
ISIC_2233551,1.2135097,8.395039
ISIC_9495622,0.94174165,8.022339
ISIC_6892280,0.84332347,8.242171
ISIC_7656000,-0.27410015,7.4287567
ISIC_6026692,0.7748404,8.259354
ISIC_4292551,-5.789171,5.5185356
ISIC_7078727,-2.22711,5.2527122
ISIC_5135425,-4.5460677,9.180232
ISIC_9003833,-3.2909758,6.6288877
ISIC_4589863,-5.203591,8.862929
ISIC_6471282,-4.306115,6.513781
ISIC_1635231,-7.026812,7.833155
ISIC_5470538,-6.5232043,8.827307
ISIC_5487025,0.25163963,7.979897
ISIC_9777827,-1.8367995,6.3925924
ISIC_6861284,-2.13454,5.5438414
ISIC_1255828,-2.8172395,8.45511
ISIC_6135076,0.6032431,8.456395
ISIC_9605390,-0.7771019,9.104144
ISIC_2339761,0.6313548,8.378419
ISIC_6707573,-0.4497738,9.432571
ISIC_0718694,0.33570927,8.340777
ISIC_3983413,-2.3710725,9.612038
ISIC_8917750,-0.800988,6.9884844
ISIC_2871326,-1.7109808,7.3662176
ISIC_7224952,-1.070301,8.369769
ISIC_5669463,0.73475933,7.689735
ISIC_0211882,-1.8271178,7.110777
ISIC_9700037,0.39163157,8.568797
ISIC_6912369,0.87426406,8.6063595
ISIC_6970728,0.36960903,7.5109
ISIC_5506127,-4.149003,9.558596
ISIC_3143079,-0.492164,7.2885795
ISIC_2068188,0.26341736,7.760254
ISIC_0789847,-1.9098575,9.317775
ISIC_6611750,-4.4362984,7.9170103
ISIC_1328183,-4.189332,7.4149494
ISIC_4690178,-2.5106242,8.532348
ISIC_9163137,-2.6242464,8.18341
ISIC_6885409,-5.613814,8.816505
ISIC_5854879,-4.0346355,2.9418786
ISIC_7952870,-6.019888,9.028008
ISIC_1000868,-1.7768835,7.381678
ISIC_7716885,-0.6202302,5.1153398
ISIC_9782748,-1.1880187,6.575376
ISIC_3011033,-1.0976788,6.118778
ISIC_5131286,-0.49484766,5.0900917
ISIC_4146888,-0.78654194,5.7354293
ISIC_9349247,1.2838144,3.8137677
ISIC_7683106,-5.058473,8.296385
ISIC_2032139,-1.1589763,6.1389747
ISIC_8386678,-0.56434506,7.0025177
ISIC_7254040,0.7583767,7.6781044
ISIC_8319588,-6.1234074,7.627773
ISIC_8706734,-5.74482,8.940584
ISIC_3992341,-5.088316,9.339146
ISIC_9532969,-7.046739,7.9484615
ISIC_6442663,-1.0477171,6.0635104
ISIC_5877775,-1.1743848,7.4284806
ISIC_9275875,-0.9882178,6.1602945
ISIC_2525721,-2.14457,6.711569
ISIC_8056469,-2.346436,8.630848
ISIC_8829983,-4.0800776,9.520048
ISIC_1596930,-4.780251,7.433341
ISIC_2000035,0.8419235,8.440321
ISIC_0692300,0.19195484,8.604729
ISIC_5286801,-4.5124598,6.9067707
ISIC_2480502,-2.3956938,9.676914
ISIC_0928255,-5.3174276,8.229245
ISIC_4919062,-0.20308375,10.075855
ISIC_2210618,-4.810475,7.2198977
ISIC_6669306,-0.58372945,9.732793
ISIC_7599710,-1.2368937,9.839534
ISIC_9026520,0.68392545,8.165764
ISIC_2966808,-5.037222,7.697157
ISIC_1778959,-4.90458,5.6527376
ISIC_7758839,-4.775316,8.580317
ISIC_1930795,-7.047336,8.202171
ISIC_9116328,-1.1528987,9.728859
ISIC_0400309,-1.331581,8.742381
ISIC_5237045,-6.659774,7.8684664
ISIC_2608686,0.6645035,6.0626163
ISIC_2836241,0.9039201,8.111646
ISIC_4048896,-4.5874667,6.600594
ISIC_9144329,-0.7325911,9.038074
ISIC_0750046,1.03846,7.6279044
ISIC_2801005,-6.026585,7.8638854
ISIC_1297252,0.9412627,8.500129
ISIC_9337100,-1.4557332,6.540972
ISIC_3192152,0.66881984,9.382124
ISIC_4867646,-1.572754,10.570871
ISIC_1077735,-1.3486022,10.045571
ISIC_9951988,0.9663808,8.631479
ISIC_7737773,1.0622652,8.633965
ISIC_5070010,1.0460213,8.5367155
ISIC_9187524,1.1814308,8.520301
ISIC_8851514,1.1143513,8.158967
ISIC_7376452,-1.2006822,6.788596
ISIC_6090497,0.90030515,7.92021
ISIC_8671596,-6.0650334,7.3521514
ISIC_0086914,-2.6509895,5.683005
ISIC_6034442,-6.491174,7.590305
ISIC_3344632,0.80768543,7.542979
ISIC_4441641,1.1567928,6.1858315
ISIC_6043099,1.0059707,5.9101367
ISIC_1842966,0.8879649,7.486142
ISIC_0599463,0.3322713,8.587361
ISIC_5988562,-0.7884129,8.917861
ISIC_2564940,-0.39580417,5.257652
ISIC_4957310,-1.9998213,8.41729
ISIC_1753011,-1.4550341,9.310084
ISIC_9585033,-0.31277966,7.6264896
ISIC_1701883,-0.21583861,7.555135
ISIC_5206657,0.27105582,7.935221
ISIC_9801717,-5.001598,7.300696
ISIC_5595591,-2.3069997,5.6503596
ISIC_8799134,-6.6897416,8.497755
ISIC_4092287,0.19459347,8.115209
ISIC_3796317,0.6737964,7.6373367
ISIC_8077139,0.898838,7.417925
ISIC_9907020,0.8786793,7.613827
ISIC_8400587,0.63081443,8.83287
ISIC_1935227,0.6573763,8.767576
ISIC_0526911,-6.340134,5.4967146
ISIC_0542765,-0.5875598,7.483825
ISIC_3030394,0.2888339,8.453104
ISIC_1980790,-5.0358405,8.730362
ISIC_3028898,-5.691855,6.110842
ISIC_8327495,0.9061968,8.235374
ISIC_5882793,-5.9008374,8.057236
ISIC_8007904,0.19678049,8.978376
ISIC_7666432,-4.6510887,8.301534
ISIC_7660163,-1.384448,8.570064
ISIC_7738029,-1.4455222,8.217785
ISIC_9579068,0.63130367,8.47744
ISIC_0900341,0.6034134,8.4807
ISIC_4932163,0.6494473,8.539477
ISIC_8220302,-3.6227868,7.856981
ISIC_2869797,-3.9195125,7.6038857
ISIC_5634599,-2.4325724,8.504732
ISIC_6998964,-0.7489225,6.546189
ISIC_5140276,-1.7382032,9.4036665
ISIC_1714225,0.3899448,8.879028
ISIC_7903695,-1.7059802,9.406411
ISIC_7752332,-1.3137993,7.3906064
ISIC_9759583,0.08711247,8.507741
ISIC_8902611,0.63272464,8.626172
ISIC_6357401,-6.780937,8.2438545
ISIC_3204657,-7.202004,6.7871876
ISIC_7164903,-4.6615877,3.1596308
ISIC_4947108,-1.3297685,4.440281
ISIC_6775574,-2.6538842,6.4672446
ISIC_0088904,0.31274202,8.039507
ISIC_8473293,0.54037696,9.646638
ISIC_4572891,-0.3634052,7.23477
ISIC_3033701,-1.4459199,10.43431
ISIC_0333412,-5.107849,8.044974
ISIC_0225097,-6.792021,7.6277304
ISIC_7022116,0.09350893,8.27365
ISIC_4542236,-0.9371194,6.3331885
ISIC_0404097,-0.79005176,6.984949
ISIC_8954688,1.058388,8.355256
ISIC_3830607,-4.1717305,8.569643
ISIC_6126704,-0.80824935,8.713331
ISIC_9876533,-3.0864596,9.172178
ISIC_1516153,-1.5013126,7.63693
ISIC_2061233,-3.78132,9.329101
ISIC_9120796,-3.5203745,8.822669
ISIC_1588157,-1.7857896,7.445558
ISIC_9333062,-5.379455,9.388776
ISIC_7076637,0.047785986,7.975834
ISIC_1935605,0.16632861,7.6919045
ISIC_8792684,-6.402572,9.110632
ISIC_2421565,0.9778613,8.444075
ISIC_9417047,-1.096872,5.3737826
ISIC_8925463,-0.61135435,5.9305253
ISIC_6050113,-4.7219725,7.829002
ISIC_6813711,-2.2418492,4.7004805
ISIC_0331449,-4.3695245,8.257513
ISIC_2283090,-7.018623,7.0139956
ISIC_6585351,-7.0427856,8.528943
ISIC_9766934,-5.0780363,8.103299
ISIC_3839522,-0.57813543,5.8194237
ISIC_4716453,-0.5872179,5.749991
ISIC_3304758,0.6158963,9.019102
ISIC_2943379,-1.0954213,4.250988
ISIC_9420341,-2.7158031,5.7022614
ISIC_2627758,-1.0978519,10.458244
ISIC_0371179,-2.2679071,7.34444
ISIC_1195561,-1.0480494,5.08279
ISIC_3438618,0.3421132,8.772193
ISIC_8927080,0.32396537,8.805283
ISIC_9930788,-4.5422015,9.404755
ISIC_3143299,-5.570783,9.232382
ISIC_8614870,-6.038989,9.046243
ISIC_5759661,-0.61790985,5.5138044
ISIC_5555131,-1.6035714,8.663467
ISIC_1606343,-1.7811695,3.999118
ISIC_6524286,-1.4461308,8.979078
ISIC_3844971,0.054746807,7.9723687
ISIC_9214111,0.21995685,7.60864
ISIC_3131925,-4.649155,9.574837
ISIC_3397588,-5.216791,7.4722867
ISIC_8760682,-2.6651056,10.116475
ISIC_8902296,-7.038996,8.459429
ISIC_7150949,-0.8579123,10.462031
ISIC_9309212,-2.3371108,3.5383167
ISIC_6128833,0.24824752,7.6480007
ISIC_5373632,-0.5100791,6.9603515
ISIC_5841971,-4.8556404,7.170245
ISIC_8233814,-3.801065,8.154065
ISIC_1813577,0.19092949,6.614208
ISIC_7993515,-3.9816926,6.623484
ISIC_1810807,-3.7514985,5.8811355
ISIC_6200169,-4.435954,6.8348975
ISIC_6926022,-4.1582246,6.1217117
ISIC_7753429,-5.2794604,7.646619
ISIC_7771190,-4.7168875,4.5380154
ISIC_2287405,-4.5955696,8.698958
ISIC_2367098,-5.9060016,6.8679376
ISIC_4910630,-0.010999862,7.433843
ISIC_6487305,-5.2172513,6.4183645
ISIC_1709695,-4.980286,6.5138474
ISIC_2425218,-3.979122,5.9228463
ISIC_6479781,-4.417575,8.700007
ISIC_9977122,-2.7268004,7.317888
ISIC_5727659,-5.4318495,9.2491255
ISIC_6563304,-0.9749736,10.535893
ISIC_2505335,-4.03318,7.5857425
ISIC_0151137,-2.2386086,6.4824634
ISIC_6119111,-1.5765089,6.5883884
ISIC_5644234,-1.0434663,5.613442
ISIC_1075553,-6.865268,7.604011
ISIC_7368264,-3.2798097,8.826911
ISIC_5000172,-2.724817,7.6861567
ISIC_3235131,-3.5431578,8.004461
ISIC_2732077,-4.524805,8.437623
ISIC_3088921,-5.034084,4.7608285
ISIC_0662865,-4.488689,4.5239086
ISIC_2153041,-1.4365809,10.7467375
ISIC_0408926,-1.4610808,5.7171288
ISIC_0202238,-6.0270367,6.5531545
ISIC_5264466,-7.1716976,7.5421767
ISIC_0630968,-2.5120206,10.619534
ISIC_9464094,-1.0385789,6.958168
ISIC_1936429,-1.9356493,4.6235175
ISIC_3298946,1.1401455,8.498756
ISIC_0638700,-4.151533,5.5607023
ISIC_9999251,2.2387943,4.9264665
ISIC_2122607,-3.869451,4.9119306
ISIC_8102884,0.58041406,8.649093
ISIC_8577193,-4.7841954,8.652593
ISIC_3249490,-1.1792473,6.7446065
ISIC_9188672,-1.8796674,9.043395
ISIC_4486613,-3.582422,6.534957
ISIC_6486288,-5.52131,7.6288548
ISIC_8194745,-5.824788,9.237347
ISIC_3566586,-5.3981624,7.631074
ISIC_5086151,-1.6506964,8.282643
ISIC_2642164,-1.8503386,9.766052
ISIC_4514316,-0.86067003,5.1893773
ISIC_8906116,-3.9786596,7.035111
ISIC_9721167,-4.1193066,9.362707
ISIC_6994675,-0.55590355,7.8250523
ISIC_7824315,0.6419572,8.857921
ISIC_8852229,-5.533814,9.4249735
ISIC_1707031,-4.3110175,8.799408
ISIC_8348187,-3.1129134,7.2432575
ISIC_5086721,-2.6293046,3.852427
ISIC_3906318,-5.2618613,4.312554
ISIC_6428520,-2.3733675,5.6178265
ISIC_8453583,-2.952591,3.963163
ISIC_3504002,-3.0383086,10.0532055
ISIC_9573206,-4.7117586,9.027834
ISIC_8941944,0.6563503,8.458563
ISIC_6297688,-0.23883757,8.04676
ISIC_8502375,-0.38237286,5.6992755
ISIC_8519085,0.30809984,8.101634
ISIC_0501192,0.07673713,7.5704966
ISIC_8272399,-2.7048836,6.6722426
ISIC_0437776,-0.46353742,7.1664367
ISIC_8614156,-6.098402,9.261684
ISIC_1480519,0.7615713,7.364135
ISIC_4828029,-1.9461712,7.220637
ISIC_6348247,-0.9851198,5.9041505
ISIC_3570858,-0.44200182,7.610289
ISIC_0377055,0.053252853,7.878578
ISIC_8133882,-5.941205,6.9329605
ISIC_5290918,-0.49276486,8.188978
ISIC_7993345,-1.3790805,6.4669433
ISIC_4125711,-0.6873714,6.0505543
ISIC_2017112,-1.830803,4.379769
ISIC_1061847,-0.5165576,9.5047245
ISIC_1400723,-1.3793489,6.893278
ISIC_3951375,-2.5357583,6.361679
ISIC_2401042,-2.3122253,7.5777445
ISIC_6885294,0.53218704,8.450566
ISIC_7388524,-2.5924695,5.0053425
ISIC_3110126,0.499919,8.415704
ISIC_4679083,-3.9564838,8.801451
ISIC_2387381,0.56986254,8.85945
ISIC_0588796,-4.437298,9.058536
ISIC_9248617,-2.3662095,6.416037
ISIC_3684951,-2.0990744,5.4769006
ISIC_0993014,-3.611866,9.120475
ISIC_9010344,-3.0620382,9.036655
ISIC_9444427,0.47769707,8.229309
ISIC_2856850,0.2780714,8.047871
ISIC_4331030,0.4596316,8.386308
ISIC_1301476,-2.4204264,5.7969546
ISIC_8802195,-0.6879348,6.3160806
ISIC_3209410,-4.9885087,6.363741
ISIC_9314356,-0.9168525,6.1649756
ISIC_1047011,-1.5198046,4.0420413
ISIC_4212047,0.47377497,8.683181
ISIC_0168716,0.5374483,8.943559
ISIC_0342851,-0.653965,5.6169195
ISIC_4185946,-1.7136654,7.023565
ISIC_0848988,-1.3155539,9.688585
ISIC_0135184,-1.3370194,6.7972784
ISIC_3598192,-2.1151934,4.7736263
ISIC_7547877,-4.0239997,6.984982
ISIC_9104374,-1.3364315,6.1134477
ISIC_8408331,-1.6900321,6.5684776
ISIC_7709870,-0.96772075,5.756215
ISIC_9138658,-0.3849362,6.1737485
ISIC_9416204,-4.7527294,4.714435
ISIC_4918794,0.6064474,7.2031136
ISIC_7474602,-0.5465733,6.485745
ISIC_1388529,-2.7261462,7.433042
ISIC_1595622,-2.5202088,5.543423
ISIC_7653833,-1.0927902,5.4570055
ISIC_1315058,-0.6559213,6.4437065
ISIC_7330612,-5.5847135,4.41599
ISIC_8201369,-5.4952626,7.659113
ISIC_5017483,0.37866253,6.1561522
ISIC_8412921,0.45428598,8.120989
ISIC_9353595,-6.794382,8.134412
ISIC_0570235,-1.1508869,5.678058
ISIC_0789191,-1.8378409,10.313838
ISIC_4906990,-7.1100883,7.318811
ISIC_0143790,-1.5060735,9.192276
ISIC_0255566,1.2633489,3.1413128
ISIC_5989162,-1.1703122,8.6184225
ISIC_2000497,-6.4796247,7.272841
ISIC_2079571,-6.873854,7.465375
ISIC_2710069,0.32982114,8.161381
ISIC_8728477,0.21239902,7.910868
ISIC_2857128,-3.4321814,8.416434
ISIC_3639272,-5.3032765,8.735665
ISIC_7242294,0.21602692,7.8749647
ISIC_0234964,-6.523346,8.846154
ISIC_9351344,-4.610809,6.65447
ISIC_1773269,-2.479293,4.83135
ISIC_3332799,-3.1495907,7.387065
ISIC_5159406,-1.5059773,10.778796
ISIC_7338502,0.9948549,3.2485313
ISIC_5227868,-1.0521706,7.9288845
ISIC_3619132,0.53718376,8.608788
ISIC_2293513,-0.9874013,9.000052
ISIC_3053413,-3.8623528,9.329837
ISIC_2574924,-4.2538257,9.414373
ISIC_5113624,-0.2797583,7.6864796
ISIC_7058949,-1.4894037,5.490044
ISIC_2602043,-5.6880584,7.592118
ISIC_4141548,0.6307839,7.787705
ISIC_3891136,-4.2678494,8.767737
ISIC_4627848,-6.740725,7.552013
ISIC_2003612,-0.5372167,6.946546
ISIC_6653614,1.3075631,4.0214677
ISIC_0521708,1.2373308,4.0698705
ISIC_3271387,0.3764189,8.506656
ISIC_2113665,-0.43696448,5.878067
ISIC_5513102,0.31761992,8.494322
ISIC_1667487,-2.0521107,7.7008805
ISIC_7154868,-2.1375337,7.594808
ISIC_8559763,0.5890197,8.369177
ISIC_7239902,-5.7083373,8.846594
ISIC_7835312,-0.25960338,8.262514
ISIC_4794233,-1.3860166,7.48677
ISIC_5783705,-3.2959342,4.076717
ISIC_5618299,0.10481444,10.117664
ISIC_3176105,0.5717081,7.6407804
ISIC_2362051,0.26840633,8.370602
ISIC_0799972,-1.3136768,5.044257
ISIC_3491406,-1.3532329,5.5014086
ISIC_8157239,-1.14854,4.7769275
ISIC_7854366,-5.3110285,7.3236303
ISIC_7908827,0.285091,9.486112
ISIC_1613057,0.9777983,9.060016
ISIC_1000616,-4.709783,8.703914
ISIC_5612133,-2.4852912,9.352728
ISIC_8470466,-0.7175554,8.988778
ISIC_7952844,-4.195241,9.521155
ISIC_7663270,-7.2632017,7.9159174
ISIC_7085235,-3.4273398,8.987036
ISIC_7550648,-1.5091616,8.409042
ISIC_4343221,-6.920018,8.456918
ISIC_4301851,-7.1484766,7.378838
ISIC_7485597,0.1526343,8.400209
ISIC_2031479,-3.4022727,7.461074
ISIC_1791643,0.5276518,9.527408
ISIC_4976736,-5.2969933,7.357349
ISIC_2700225,-1.8294574,8.5323715
ISIC_0959325,-6.170961,6.9336863
ISIC_3885770,-4.1680837,9.459371
ISIC_5024302,-0.985938,7.6579356
ISIC_1091339,-5.6703405,8.0348835
ISIC_1962816,-5.8732886,8.514129
ISIC_4711209,-4.1601276,5.511486
ISIC_7410617,-4.59063,6.46318
ISIC_5529430,-2.378993,3.4450142
ISIC_0898734,-2.4814413,4.1748586
ISIC_1859657,-2.2230198,3.7876453
ISIC_4750998,0.9244902,7.5297613
ISIC_3894866,-1.0173161,10.346038
ISIC_5007109,-0.07477241,7.3192606
ISIC_5036479,-0.8481343,5.87457
ISIC_0579124,-0.81515867,5.4067917
ISIC_6824249,0.47467434,7.8522344
ISIC_9706840,0.8756834,8.289173
ISIC_4719387,-0.5133706,9.284497
ISIC_7934367,0.46676585,8.452875
ISIC_8035370,-5.069792,9.246578
ISIC_3932849,-0.99805504,6.0938406
ISIC_7739038,0.82383007,8.2374735
ISIC_2228720,0.8718255,8.359895
ISIC_7597095,0.686372,8.297749
ISIC_7465137,-2.1196988,10.1431875
ISIC_6713497,-1.698883,6.711695
ISIC_9074861,-2.5832455,6.5343337
ISIC_4462757,0.8567657,7.5431166
ISIC_6284148,-5.1522384,7.4460793
ISIC_5164664,0.13281468,7.211003
ISIC_3139747,-6.482137,7.846593
ISIC_9200533,-0.4175387,9.829867
ISIC_9476229,-0.9299347,6.44219
ISIC_4679927,-1.155455,9.336975
ISIC_1760258,0.13974075,8.060914
ISIC_2070728,-1.7195781,9.520579
ISIC_0426193,-5.103064,9.452289
ISIC_7560813,0.055223655,8.171791
ISIC_7481097,-5.560303,6.134949
ISIC_9078177,-0.77357244,8.504512
ISIC_3073256,0.52287745,8.439191
ISIC_1642069,-3.5830896,5.854045
ISIC_5746105,-1.1019161,5.3443766
ISIC_5481480,1.0376468,4.435426
ISIC_1241693,-3.928964,7.5295515
ISIC_3749849,-0.057159375,7.5530157
ISIC_8150058,-5.8309345,8.3710165
ISIC_0115851,-5.06231,9.175073
ISIC_7439706,-5.228443,9.409084
ISIC_6253779,0.4606788,8.016652
ISIC_5521474,-2.935074,8.466425
ISIC_4407852,0.9413125,8.447438
ISIC_1816965,0.8223336,8.560853
ISIC_5794546,-1.7158531,9.119115
ISIC_2277714,-6.502902,7.735084
ISIC_3381026,0.41971105,7.37708
ISIC_5610304,0.53463864,7.3958516
ISIC_1541229,-7.0656657,7.872719
ISIC_5033005,0.35911804,8.870342
ISIC_2211948,-1.9060903,10.466463
ISIC_8384844,0.680883,8.321867
ISIC_6478713,-1.3885459,9.868177
ISIC_6119596,-1.3600184,10.672182
ISIC_6037786,1.2403291,8.466558
ISIC_2317385,-1.6630778,9.264231
ISIC_8540289,-2.2143564,7.765102
ISIC_6426979,0.9794922,8.722377
ISIC_8880006,-2.0912514,7.1453385
ISIC_2212637,0.8081909,7.721304
ISIC_5704967,0.50523144,7.408653
ISIC_5862918,-0.8266493,10.012082
ISIC_0413031,-1.6988273,9.35534
ISIC_1907579,-0.9499796,6.137718
ISIC_1497097,-4.2981186,7.605778
ISIC_1262790,0.5092752,8.734531
ISIC_6727830,0.35080448,9.7908535
ISIC_7541596,-2.3536403,5.3868165
ISIC_7373164,-2.1300669,5.2812743
ISIC_8786983,-3.3978965,8.536724
ISIC_1195906,0.47364172,9.258834
ISIC_6263512,0.60019,8.464636
ISIC_5583449,-4.8161073,6.318742
ISIC_6231941,-6.2899537,8.1434145
ISIC_7105580,-4.2841682,9.15058
ISIC_8810984,-4.7983246,8.858365
ISIC_9211210,0.46933225,9.14795
ISIC_8995601,-5.4630575,9.475641
ISIC_1452632,-2.1430542,10.6880245
ISIC_2368449,1.5571698,3.7843714
ISIC_4407081,-1.3109924,9.707082
ISIC_3130146,-1.9661628,6.3299613
ISIC_8788296,-0.37986377,9.724868
ISIC_6800726,0.108177446,8.32667
ISIC_4695565,-0.15586407,7.716522
ISIC_9677008,-6.7702274,8.134981
ISIC_0781856,-6.2491956,4.109802
ISIC_9235204,-7.1809793,5.7534175
ISIC_1061502,-7.059466,5.654028
ISIC_6586433,-6.4074836,4.4044714
ISIC_0573528,-6.5934815,4.5262322
ISIC_9320992,-5.986031,3.911291
ISIC_7506827,-4.494779,8.021782
ISIC_6943045,-4.7528925,7.972219
ISIC_2492497,-6.51901,5.351756
ISIC_9176427,-7.0768905,6.213017
ISIC_7208595,-6.7636275,4.817742
ISIC_8184620,-6.9813733,8.391216
ISIC_0920647,-6.5104346,8.3824835
ISIC_7338073,-6.1388407,4.866931
ISIC_1203272,-6.533799,4.7705007
ISIC_8253057,-7.18683,5.608999
ISIC_6578433,-1.4855709,7.7086477
ISIC_5588785,-3.9117866,9.006039
ISIC_4424751,-7.041201,5.9496536
ISIC_6345126,-4.427894,5.4878883
ISIC_2710921,-4.081883,6.966614
ISIC_1871611,-6.8277135,5.1191254
ISIC_2582340,-7.070975,5.735265
ISIC_7029137,-6.6479015,4.8021016
ISIC_4030656,-6.9845343,5.426083
ISIC_8173252,-7.0045204,5.639486
ISIC_7596708,-6.933019,5.417953
ISIC_9786001,-5.1132264,6.2528195
ISIC_0515784,-4.4045496,8.987916
ISIC_5412404,-6.797446,5.721742
ISIC_1539931,-6.35398,4.2824526
ISIC_5711232,-6.6465464,4.832779
ISIC_1151359,-7.017086,5.5433927
ISIC_7297749,-4.107807,6.158064
ISIC_9208445,-6.9589744,5.523244
ISIC_2291941,-7.0259643,5.327032
ISIC_1724126,-6.941974,5.212532
ISIC_6356718,-4.207277,8.211082
ISIC_3685603,-6.1732635,4.114337
ISIC_9767720,-6.3520594,4.3094482
ISIC_0125986,-7.02337,5.3263235
ISIC_6099785,-6.532741,4.432715
ISIC_5540569,-3.5210714,8.220873
ISIC_9323742,-5.751135,3.5627444
ISIC_4883295,-7.016988,5.400984
ISIC_3716952,-6.4099364,4.2109475
ISIC_9480044,-6.220037,4.030467
ISIC_9930718,-3.5736008,8.163506
ISIC_7720196,-6.443854,4.328269
ISIC_4709088,-3.2004905,6.9678435
ISIC_5851414,-6.85706,5.2558537
ISIC_5112138,-3.8009357,8.301837
ISIC_8647315,-3.8677115,8.331181
ISIC_2411322,-6.851337,5.4755316
ISIC_7146293,-3.6342323,8.032397
ISIC_7321503,-3.7102263,9.105337
ISIC_0587728,-5.5927544,5.3087544
ISIC_9598230,-5.937601,3.7706459
ISIC_6978674,-3.3951268,7.624774
ISIC_0274411,-3.604481,5.165469
ISIC_5095180,-6.9478254,5.354446
ISIC_0616448,-3.8199184,6.426168
ISIC_5306850,-6.213671,4.0320883
ISIC_3689252,-7.179704,7.4895906
ISIC_8027280,-5.593393,5.065617
ISIC_9092169,-6.216181,4.042088
ISIC_0914259,-5.2140255,3.6550705
ISIC_8546532,-6.788671,4.8941784
ISIC_7645523,-7.0394216,5.2671695
ISIC_0524746,-7.172212,5.864779
ISIC_9942350,-3.512304,8.128571
ISIC_3275875,-7.1152115,5.6156917
ISIC_1049431,-5.1231704,9.116809
ISIC_8348262,-7.0641623,5.454394
ISIC_9754236,-7.2796993,7.4754276
ISIC_1117631,-6.9436607,5.4285545
ISIC_3736336,-6.6184897,4.743297
ISIC_0874555,-6.9560285,5.227725
ISIC_7046235,-7.112341,5.8731203
ISIC_8493136,-6.9036245,5.527851
ISIC_8979439,-6.2591243,4.544702
ISIC_3821765,-6.8551016,4.983402
ISIC_2190396,-5.182878,3.627327
ISIC_3957649,-6.3908257,4.0978203
ISIC_4858225,-5.8786235,3.807345
ISIC_8601948,-6.204901,5.251926
ISIC_8368342,-3.9551392,8.20987
ISIC_2593673,-6.9585104,6.4400487
ISIC_7021147,-5.487992,4.032792
ISIC_9141085,-7.374627,6.90315
ISIC_7253650,-5.226955,3.608407
ISIC_1636416,-6.4672685,4.3193097
ISIC_8271856,-6.9003587,5.0622296
ISIC_1317150,-3.829694,2.639297
ISIC_4292976,-7.030382,5.602584
ISIC_4334691,-6.3312144,4.219139
ISIC_6577694,-2.6729658,6.51699
ISIC_6086907,-5.145527,7.9824624
ISIC_3138977,-6.9042044,7.6657896
ISIC_1871813,-6.4516315,4.554944
ISIC_4728712,-7.058359,5.387234
ISIC_1436751,-3.880408,8.703523
ISIC_4547332,-6.1451735,4.0048704
ISIC_3783659,-5.1514435,6.8307786
ISIC_7594243,-6.8920255,5.5212274
ISIC_3622555,-5.420878,9.3396015
ISIC_8040663,-4.9380484,3.8012009
ISIC_0961778,-7.016645,5.350441
ISIC_9543045,-5.9513874,7.9753366
ISIC_2468476,-3.5933099,8.057414
ISIC_2772824,-6.0264373,4.386031
ISIC_9928278,-3.7199025,7.87035
ISIC_6016537,-1.1516294,4.553293
ISIC_6618014,-6.987714,4.987808
ISIC_4221304,-6.3969765,4.321005
ISIC_4027194,-6.7459345,5.655306
ISIC_6873657,-4.077207,3.0396914
ISIC_7927389,-7.206314,6.0258408
ISIC_9051948,-3.2375345,3.2495873
ISIC_8592733,-3.7385066,8.360244
ISIC_6275817,-6.736193,5.0805063
ISIC_6967412,-6.272598,4.3751807
ISIC_1025836,-2.0489256,10.332028
ISIC_0279409,-1.9195231,10.287579
ISIC_0824456,-1.9292758,10.294082
ISIC_4472511,-1.9367206,10.348301
ISIC_0903884,-1.9067138,10.4037485
ISIC_9407707,-0.6998205,10.613106
ISIC_7113803,-0.26131102,10.509051
ISIC_7236219,-0.6105557,10.598066
ISIC_1305756,-0.8064894,10.677771
ISIC_4272002,-0.783493,10.712414
ISIC_1429148,-2.5578444,10.16154
ISIC_4013918,-2.7547054,10.0656395
ISIC_0713051,-2.736721,9.967998
ISIC_4606481,-2.6155753,10.112884
ISIC_2066771,-2.8231,10.002899
ISIC_6606948,-1.9392374,9.879439
ISIC_1374285,-1.9752485,9.803912
ISIC_4228597,-2.0786839,9.859394
ISIC_6750918,-1.9371141,9.829076
ISIC_7438059,-2.1162682,9.838872
ISIC_9839388,-1.9296137,10.816884
ISIC_6592460,-2.2287793,10.482251
ISIC_6302391,-2.22719,10.7511635
ISIC_2391700,-2.114519,10.704852
ISIC_7923455,-1.8278917,10.921076
ISIC_0541300,-1.8482897,10.7257595
ISIC_3509538,-1.2532195,10.518742
ISIC_7181502,-1.0578358,10.631258
ISIC_4225850,-1.5491997,10.565802
ISIC_5686516,-1.5330985,10.49315
ISIC_6850942,-2.9062028,10.0368595
ISIC_1076045,-3.1409216,10.157289
ISIC_9875748,-3.0865247,10.069389
ISIC_4850723,-2.8266943,10.157912
ISIC_3047602,-3.185706,10.063347
ISIC_4566332,-2.5064015,9.863654
ISIC_5932445,-2.5687006,9.856084
ISIC_5052576,-2.4615092,9.931112
ISIC_0953304,-2.320956,9.94258
ISIC_5282032,-2.273514,9.99752
ISIC_3236033,-3.1311362,10.09712
ISIC_7429994,-3.116927,9.920831
ISIC_8758983,-3.12563,9.870799
ISIC_8651648,-3.1191602,9.874264
ISIC_1854469,-1.1801983,9.681082
ISIC_7634292,-6.9712152,8.312996
ISIC_7239603,-7.160999,8.081301
ISIC_4782434,-4.8360276,7.075734
ISIC_6318585,-3.5496123,5.4556785
ISIC_8918715,-4.8250017,6.4468894
ISIC_0661614,-4.7669144,8.021042
ISIC_6143889,-1.5742635,10.881522
ISIC_8217257,-1.1724533,10.704518
ISIC_1505481,-1.2731421,10.74948
ISIC_6297458,-0.9496427,10.74788
ISIC_7244154,-1.0150892,10.730483
ISIC_7640611,-1.7307255,10.708898
ISIC_4321130,-1.7745968,10.684739
ISIC_7904727,-1.7446162,10.687774
ISIC_6028493,-1.7798029,10.7178135
ISIC_1611739,-1.0382991,10.676076
ISIC_4957591,-1.0826695,10.743515
ISIC_3921348,-1.1378349,10.67358
ISIC_1862120,-1.0761505,10.671319
ISIC_7234184,-1.1201421,10.687431
ISIC_1929324,-1.0142889,10.686572
ISIC_1258837,-0.87836254,10.671539
ISIC_5532287,-1.0051494,10.6804695
ISIC_3773956,-1.1350877,10.745144
ISIC_3645283,-1.3725749,10.786564
ISIC_9783201,-1.6807835,10.471818
ISIC_2004394,-1.7889943,10.642238
ISIC_6935680,-1.4753318,10.462012
ISIC_8808737,-1.9169202,10.622258
ISIC_6192308,-1.839219,10.738444
ISIC_3934907,-1.2029353,10.442091
ISIC_5873333,-1.007281,10.367733
ISIC_8949821,-1.2036014,10.282527
ISIC_1462703,-1.0548995,10.758342
ISIC_4903157,-0.90755486,10.732027
ISIC_6890182,-0.9172766,10.743972
ISIC_6183942,-0.8255094,10.742243
ISIC_3160491,-1.0072114,10.793054
ISIC_1581300,-1.7695329,10.882778
ISIC_0191937,-1.6961632,10.813367
ISIC_1931032,-1.8262912,10.880048
ISIC_2848679,-1.5200298,10.779919
ISIC_0896789,-1.6326195,10.864101
ISIC_6946258,-2.2159107,10.309221
ISIC_3037941,-2.1899037,10.145283
ISIC_1506953,-2.3103044,10.333762
ISIC_3847611,-2.2524376,10.135041
ISIC_5144315,-1.966787,10.481293
ISIC_1055578,-0.7953001,10.546506
ISIC_2287565,-1.0588422,10.678848
ISIC_7139205,-0.8873727,10.620069
ISIC_5309744,-1.0357263,10.60482
ISIC_3320717,-1.1572405,10.775781
ISIC_7966639,-3.6303816,4.8803763
ISIC_0133200,-3.5116324,4.6384473
ISIC_9445977,-5.991649,6.6044474
ISIC_5648033,-2.9023418,5.7702503
ISIC_6985763,0.29189223,3.909071
ISIC_3831079,1.1181183,3.8223703
ISIC_8181345,1.6956726,3.3705804
ISIC_5088064,0.38961685,3.7918303
ISIC_9923238,1.8711684,3.316879
ISIC_0509436,1.2926286,3.4411035
ISIC_2691236,-2.4832034,9.969192
ISIC_7365059,1.695702,3.218401
ISIC_2792717,1.1922007,5.098949
ISIC_6202682,0.3619924,3.8465712
ISIC_0851414,1.313156,3.7010217
ISIC_8999351,1.2164167,3.700728
ISIC_6364782,1.099435,5.274961
ISIC_6720909,-2.9663894,9.251885
ISIC_8738186,1.3032411,3.2384732
ISIC_1633321,1.21054,5.0792494
ISIC_6683697,1.5441885,3.3392274
ISIC_0977979,1.812803,4.749317
ISIC_0085644,1.608356,3.2440336
ISIC_3371433,0.3414277,3.7293289
ISIC_9545174,0.7132502,3.5624611
ISIC_8568104,0.4343315,3.8139756
ISIC_1648650,0.11179335,3.904277
ISIC_0469776,0.86260694,3.5700068
ISIC_7559201,1.3763603,3.3096344
ISIC_8008482,-4.9906044,8.403732
ISIC_7965372,-4.430974,2.634596
ISIC_8810868,-4.859738,4.782803
ISIC_7153501,-2.857454,3.1087265
ISIC_2175735,-5.244917,5.098226
ISIC_5089274,-2.9206588,6.608735
ISIC_4581129,-6.1364975,6.4057674
ISIC_6306620,-3.8071005,4.1747713
ISIC_8673290,-3.1762905,3.2158463
ISIC_9471648,-3.5413473,8.106885
ISIC_8922165,-3.5011835,2.4913263
ISIC_6093126,-3.142757,3.1352115
ISIC_4083158,-4.9092426,4.4747
ISIC_6368798,-3.5619662,2.5391235
ISIC_7917060,-5.3721952,8.804224
ISIC_4853537,-2.5705621,3.4746833
ISIC_9199020,-2.5730813,2.875272
ISIC_0583409,-3.4273908,7.1858335
ISIC_8606881,-0.84419686,9.2198105
ISIC_4597469,-0.7408476,5.357813
ISIC_2118620,-4.233277,3.353382
ISIC_4209803,-5.567955,6.5792117
ISIC_7630309,0.93467927,6.276553
ISIC_5836740,-3.711926,3.1426837
ISIC_2944495,-2.0616114,6.61316
ISIC_7806816,-1.8497282,4.367429
ISIC_5553849,-2.7692337,3.1567833
ISIC_6693050,-5.2468925,6.807347
ISIC_9390963,-2.156127,7.5147605
ISIC_4599000,-3.3840158,6.1758785
ISIC_8312363,-5.5097103,7.8592153
ISIC_9020314,-4.330491,2.4971187
ISIC_5398617,-5.7742977,8.5182085
ISIC_1953687,-4.5149508,3.881449
ISIC_0597607,-4.4434466,5.276689
ISIC_4914433,-3.2887552,2.7477915
ISIC_5275192,-5.276153,5.575909
ISIC_6417102,-3.8506713,3.0919874
ISIC_5997924,-5.8936963,8.122751
ISIC_3395616,-4.6147475,6.397744
ISIC_1009475,-4.7578044,7.9556355
ISIC_8534089,-1.7354711,4.935803
ISIC_2119364,-5.343738,9.040048
ISIC_2526104,-2.9557536,6.881242
ISIC_1323177,-4.1475835,2.5313034
ISIC_8366863,-0.8126354,5.9245667
ISIC_4851411,-2.520166,2.7763305
ISIC_3558339,-5.112114,6.846122
ISIC_3184893,-1.2552624,5.570292
ISIC_9142036,-2.7249763,3.2106068
ISIC_7537434,-3.1551695,2.6025288
ISIC_4851185,-2.6927617,5.4684534
ISIC_0625197,-4.314591,2.7256417
ISIC_3807348,-3.712459,3.0201695
ISIC_7854881,-2.6236799,2.999468
ISIC_4929586,-5.1118917,3.7543867
ISIC_3873824,-7.1754274,7.520274
ISIC_0467628,-2.3180392,2.9905958
ISIC_4168673,-2.9342036,3.3479886
ISIC_9399711,-3.4602847,6.8476615
ISIC_4311703,-2.9575367,5.4045734
ISIC_9507615,-1.23775,4.208308
ISIC_7695263,-5.0270667,6.804992
ISIC_3210379,-4.217678,2.513327
ISIC_5352383,-1.8211789,3.6228619
ISIC_9543842,0.19380273,7.256965
ISIC_3275406,-2.2776556,3.2498713
ISIC_9422230,-4.3239594,2.5655046
ISIC_4174672,-6.187272,7.9091263
ISIC_2970971,-6.941963,8.154075
ISIC_0510537,-3.711114,8.74235
ISIC_5767646,-7.107029,8.022064
ISIC_4406973,-3.5615761,2.5933034
ISIC_2482447,-4.183479,3.4417949
ISIC_4683265,-6.8107915,6.644393
ISIC_5027796,-3.2357197,5.5371757
ISIC_5567599,-2.5628757,3.5783577
ISIC_5987390,-2.850031,6.5892596
ISIC_7560933,-6.2271276,6.6551027
ISIC_8430655,-2.4076507,3.1653683
ISIC_4613268,-5.515203,6.8910704
ISIC_3022005,-4.4267983,2.8327491
ISIC_3727735,-5.4415603,8.489872
ISIC_3511086,-5.650557,8.842747
ISIC_4536103,-3.2868612,6.1635094
ISIC_8685453,-6.549294,6.11933
ISIC_5517161,-5.1727715,8.171432
ISIC_7771236,-5.1693406,4.315135
ISIC_5197331,-5.6178293,7.862078
ISIC_8294897,-2.8194919,7.5792174
ISIC_0289289,-2.840545,5.508988
ISIC_4571498,-3.2331836,6.742166
ISIC_6730946,-2.9013982,2.8374894
ISIC_1302258,-4.491175,7.530487
ISIC_3708334,0.30737552,5.0329986
ISIC_7034620,-2.6272364,2.9061954
ISIC_7991773,-4.99281,6.432698
ISIC_6469847,-1.0368643,6.23384
ISIC_2054940,-2.534826,3.0719783
ISIC_2625621,-1.8114737,3.8261764
ISIC_4375866,-6.553089,7.3914204
ISIC_1090300,-3.5737648,4.114424
ISIC_5480309,-0.4528375,4.358974
ISIC_3372353,-4.1076465,2.8082845
ISIC_5883189,-3.3335066,2.6826458
ISIC_4360620,-3.7601457,2.7209074
ISIC_8564627,-4.792647,4.929726
ISIC_7974196,-5.247645,3.9300733
ISIC_8274863,-2.894504,6.928159
ISIC_3129117,-3.7137399,2.7282631
ISIC_3185277,-4.178472,2.7758312
ISIC_4876540,-3.9890215,2.5536845
ISIC_4180324,-5.3297048,5.933138
ISIC_1326309,-3.5914412,3.109676
ISIC_9153724,-4.3268485,4.5530725
ISIC_6639957,-0.0027953135,8.563223
ISIC_7939416,-3.5768964,2.8432589
ISIC_8251123,-4.062486,4.079271
ISIC_6707935,-1.3748705,5.6323256
ISIC_3698441,-5.8180566,7.8403854
ISIC_8491813,-3.5379207,3.257409
ISIC_6272354,-3.4914258,2.798395
ISIC_1462492,-3.7260585,2.3031192
ISIC_7878714,-4.0439854,2.9598298
ISIC_4090560,-3.7534442,2.6569445
ISIC_6712916,-3.431959,2.849936
ISIC_9560548,-4.4878883,4.3311996
ISIC_2846167,-3.1550264,2.859127
ISIC_2818418,-5.019005,3.8426957
ISIC_2996665,-2.779222,2.5550144
ISIC_5643547,-2.6840725,3.047809
ISIC_3721391,-6.325502,6.468367
ISIC_0745953,-1.607543,3.7865822
ISIC_8846554,-2.993406,3.1103764
ISIC_3302093,-3.3745906,2.9261444
ISIC_3945160,-1.509829,4.7250876
ISIC_7615308,-5.4941163,6.5751934
ISIC_8995161,-3.1870804,3.1357512
ISIC_4347789,-4.4700313,4.8169084
ISIC_6838890,-4.8486166,3.760997
ISIC_1002134,-5.626424,7.055408
ISIC_7855982,-5.8778567,8.245478
ISIC_1992759,-3.5242739,2.921835
ISIC_3658597,-2.549244,5.2789702
ISIC_3211851,-4.2902403,8.997172
ISIC_9639067,-2.5124266,6.2031446
ISIC_9900027,-3.378625,3.1563797
ISIC_4189363,-3.2437973,3.785758
ISIC_2035169,-3.6255052,3.4670584
ISIC_8646399,-4.9317093,9.014736
ISIC_2893311,-3.4405944,4.4719954
ISIC_7345682,-3.7150733,5.7264056
ISIC_2673443,-6.167104,8.642142
ISIC_3049767,-3.9523096,2.6526802
ISIC_8810920,-1.1574062,4.574419
ISIC_8377707,-6.317719,7.2754984
ISIC_2567983,-2.3922324,3.2212443
ISIC_5475721,-6.937022,7.591329
ISIC_6405078,-3.3787882,7.0305085
ISIC_4155558,-2.733469,6.6473155
ISIC_5773512,-4.66977,2.9236581
ISIC_5175946,-6.1920238,8.236495
ISIC_4523106,-1.2042267,6.079835
ISIC_6420151,-5.0333877,4.5399394
ISIC_2886495,-1.8008702,4.756597
ISIC_4163384,-0.8421614,6.075653
ISIC_9232517,-2.4994564,3.290963
ISIC_0106322,-7.159947,8.303028
ISIC_4955572,-3.6090922,2.561887
ISIC_7139452,-5.469612,5.1592164
ISIC_4872496,-5.6680245,7.6091614
ISIC_3770337,-1.8828186,3.6546628
ISIC_2700220,-3.6470642,2.6871212
ISIC_2252215,-4.2917914,2.7869205
ISIC_6943256,-1.3729893,8.682732
ISIC_5792555,-5.2483487,3.628907
ISIC_3851477,-2.5283694,2.795739
ISIC_8134181,-4.3322434,3.210937
ISIC_5304804,-3.6564548,6.184166
ISIC_1695711,-2.6947234,2.8362072
ISIC_0890975,-5.941301,6.4239774
ISIC_0154826,-2.1388423,5.8427563
ISIC_9262459,-3.3952785,4.101005
ISIC_0796884,-5.9077406,6.4285975
ISIC_0960754,-2.5179963,2.714344
ISIC_5645559,-6.135518,8.328321
ISIC_8723719,-5.373282,8.968769
ISIC_6048752,-6.002263,8.149466
ISIC_4051514,-5.9532657,8.084523
ISIC_2456679,-4.285007,2.9665878
ISIC_6757914,-3.4701731,5.9976873
ISIC_7987042,-1.8008195,3.9917936
ISIC_7744790,-2.3228052,3.6766357
ISIC_8365405,-2.38572,2.815562
ISIC_1804844,-5.1132402,7.486038
ISIC_2508643,-2.6741188,2.4924495
ISIC_6428004,-5.727835,7.83763
ISIC_2353638,-3.6853535,3.091662
ISIC_0376752,-3.998591,9.047496
ISIC_0637655,-4.1281147,8.986551
ISIC_8704436,-3.8731341,2.9759822
ISIC_6415417,-1.2371832,4.020107
ISIC_2228341,-1.5685178,4.5564227
ISIC_3537131,-3.9286206,2.9189987
ISIC_0933237,-2.22495,3.3008883
ISIC_5294377,-5.59819,8.427416
ISIC_3762115,-3.8378963,2.7973456
ISIC_2090929,-4.9261394,8.557618
ISIC_3229589,-1.0287774,4.501732
ISIC_1738383,-2.5583954,2.7693477
ISIC_9864702,-1.2629019,5.277107
ISIC_8823892,-2.0068147,3.4487612
ISIC_4891974,-0.52340275,5.751225
ISIC_8420285,-3.9983382,3.9687526
ISIC_5019119,-6.231955,8.666351
ISIC_0979570,-2.1880648,3.8057508
ISIC_7265211,-4.4202,4.065499
ISIC_4954192,-4.8744335,5.9916253
ISIC_5006235,-0.1805749,9.838501
ISIC_2237025,-3.1187348,6.7414727
ISIC_3268800,-6.6780133,7.5903864
ISIC_0310449,-2.4220974,4.8464994
ISIC_8880596,-1.9527327,5.413312
ISIC_7282695,-5.297136,7.438053
ISIC_0908255,-5.9386325,8.187659
ISIC_3105211,-6.0146375,8.003599
ISIC_5180185,-3.1586244,4.175728
ISIC_9274292,-3.6886811,2.6438823
ISIC_8684482,0.24719669,9.905621
ISIC_7251638,-3.4737277,4.0822835
ISIC_9231306,-4.815918,3.8640423
ISIC_6114177,-3.8709273,3.8944588
ISIC_6451701,-2.820796,6.548585
ISIC_2710427,-6.0560007,8.639565
ISIC_5897869,-2.4499302,3.0481832
ISIC_0513969,-3.2352045,7.7285166
ISIC_1252883,-3.5246534,2.4904225
ISIC_6638547,-0.26722488,9.947266
ISIC_0146278,-3.4436529,6.854382
ISIC_2996843,-6.581328,7.7319155
ISIC_8168496,0.18363483,9.598141
ISIC_9693456,-6.3954687,6.0886717
ISIC_0971123,-2.6619406,7.3140635
ISIC_4807163,-1.9066467,3.6977139
ISIC_0695322,-2.8756626,6.039471
ISIC_8274376,-4.057861,7.169533
ISIC_3151108,-1.7228618,3.665241
ISIC_5213643,0.34126937,3.5093715
ISIC_9255841,-3.5703557,3.4270585
ISIC_4566874,-4.6120267,7.3157063
ISIC_1177251,-2.3068306,2.9204996
ISIC_5116668,-3.291164,3.583872
ISIC_6635963,-6.419921,7.134
ISIC_6780966,-2.09966,6.2831893
ISIC_8699706,-5.714371,7.9709496
ISIC_4113429,-2.961873,5.102333
ISIC_7668414,-3.1944785,6.7842283
ISIC_4378484,-4.0101814,7.9994173
ISIC_3974488,-1.506195,5.170448
ISIC_6280109,-4.2852616,4.175913
ISIC_9174580,-1.7775344,7.051033
ISIC_0519768,-1.0737432,4.522579
ISIC_5352626,-1.953452,4.4649453
ISIC_4736865,-2.5695734,2.844527
ISIC_1322802,-3.314688,3.311427
ISIC_8260534,-3.8498013,2.6564856
ISIC_4943472,-1.739433,5.4273686
ISIC_5715959,-3.7386007,5.760328
ISIC_7464537,-3.1933987,6.397883
ISIC_2393561,-2.111685,5.9160647
ISIC_2465599,-2.8853045,2.793482
ISIC_4988567,-3.4564486,3.4438605
ISIC_1505022,-5.5622344,6.4463453
ISIC_4668008,-1.2862295,5.249879
ISIC_1649554,-6.5851135,7.8741155
ISIC_5876786,-2.551572,6.702061
ISIC_3432012,-2.900444,6.830385
ISIC_1222720,-3.7568135,3.2532341
ISIC_3997102,-2.3426726,3.1482089
ISIC_1652393,-2.2325,3.2292192
ISIC_5685120,-3.7508538,2.625489
ISIC_6765536,-3.633652,3.375561
ISIC_1455660,-2.328387,3.012985
ISIC_8019366,-2.493247,3.7581244
ISIC_5272574,-3.1314936,7.249892
ISIC_8236388,-6.6597085,6.5189776
ISIC_1667014,-5.0650167,5.7501907
ISIC_2603915,-4.2262034,2.551317
ISIC_9613721,-3.1324782,8.637626
ISIC_7206020,-3.0233784,2.7788398
ISIC_6580622,-1.09415,6.711056
ISIC_4027141,-3.815505,2.6225834
ISIC_3034439,-4.7784247,5.814318
ISIC_1128748,-4.2380853,2.8359075
ISIC_4964694,-3.869908,4.0860605
ISIC_7993222,-2.8464952,2.8824067
ISIC_0805951,-4.9932046,3.1486025
ISIC_7298601,-3.8764641,6.8921905
ISIC_1163815,-1.0675908,5.122739
ISIC_3773277,-5.045155,5.7556105
ISIC_3913255,-4.382604,3.173905
ISIC_3032983,-3.5279183,3.478324
ISIC_3720143,-6.279574,8.166866
ISIC_0376931,-5.5575137,9.039109
ISIC_5711940,-2.612343,2.8236592
ISIC_0562738,-0.72823364,5.493132
ISIC_3791559,-0.13962127,9.620818
ISIC_3365241,-5.06985,7.0752387
ISIC_3678654,-5.856756,5.5092254
ISIC_5253746,-4.386594,5.169665
ISIC_1631620,-3.5178103,2.490934
ISIC_1170330,-4.1545787,3.4140878
ISIC_5834421,-4.054074,4.2828336
ISIC_6934396,-3.576893,2.6947036
ISIC_1094830,-4.6270814,5.0571923
ISIC_4596353,-2.5132642,3.092947
ISIC_4909505,-3.4091024,5.137306
ISIC_1600135,-1.74107,6.3265576
ISIC_3540431,-3.613998,7.5407968
ISIC_7319361,-3.9298828,8.0120125
ISIC_7216810,-4.826485,2.9106338
ISIC_4386519,-3.251598,4.6856513
ISIC_8554900,-2.65645,5.9647446
ISIC_7692464,-4.2666664,3.7561963
ISIC_0802543,-1.7704287,4.6233106
ISIC_5217075,-2.8776505,6.2797
ISIC_7821150,-3.7414668,2.8737464
ISIC_2832853,-0.15618016,8.906573
ISIC_3974904,-2.7411885,7.782381
ISIC_7256008,-4.9134407,9.0454645
ISIC_5597650,-2.1711571,3.9285016
ISIC_4604978,-4.8594656,5.8763566
ISIC_6545015,0.4772905,5.5308514
ISIC_2496140,-5.5438313,7.867
ISIC_9925307,-4.283324,3.1056504
ISIC_8551756,-0.20364244,5.0949473
ISIC_2822341,-4.523343,2.582531
ISIC_1909053,-5.3652916,7.6414824
ISIC_2255098,-3.6939914,2.97503
ISIC_5562336,-5.7445693,7.593336
ISIC_9649323,-3.6328783,3.3900764
ISIC_8614640,-4.379577,2.8461468
ISIC_2745537,-6.0437407,7.211059
ISIC_1582241,-5.2588553,5.0319633
ISIC_0161474,-2.8084836,6.8965054
ISIC_5246923,-5.310841,8.302507
ISIC_1279652,-3.4708815,6.1910825
ISIC_5159139,-5.049158,6.8599005
ISIC_7413595,-3.7454305,3.0338087
ISIC_6277878,-2.9509747,3.7029576
ISIC_7242284,-5.279549,8.88758
ISIC_2475811,-4.143261,3.4607062
ISIC_1906798,-5.026455,5.8696876
ISIC_5597278,-4.5986614,4.4648275
ISIC_4308587,-2.040417,4.170754
ISIC_8271684,-0.6321017,8.679593
ISIC_7460585,-4.0459404,2.7884605
ISIC_7643593,-6.6424866,7.1132145
ISIC_0283929,-1.3463844,6.3113465
ISIC_4608930,-4.3792543,3.9586608
ISIC_1715773,-5.778073,8.205247
ISIC_1997951,-4.361502,2.914022
ISIC_6835241,-5.367072,6.136176
ISIC_4196278,-7.0769176,7.877575
ISIC_5191763,-0.9923459,4.6146584
ISIC_4927149,-4.1367064,6.713094
ISIC_4224743,-2.3115647,3.3165624
ISIC_4984773,-3.7416975,2.6037495
ISIC_1393721,-1.7862389,4.5314493
ISIC_0489440,-5.150858,6.6807537
ISIC_3766990,-5.1132164,9.047502
ISIC_4389754,-3.8626735,3.4899764
ISIC_4444955,-3.0375507,2.9372525
ISIC_6072797,-3.4119384,2.8309555
ISIC_6653595,-2.1726084,4.1045322
ISIC_7085591,1.2158405,7.7963614
ISIC_9434832,-5.5584917,5.188684
ISIC_8701104,-5.435095,8.979692
ISIC_4905823,-4.3182125,3.8759184
ISIC_7289001,-4.6399727,3.617109
ISIC_0991616,-6.265703,4.7400937
ISIC_0467500,-3.617186,2.7402575
ISIC_6121019,-3.7949562,2.876376
ISIC_1817508,-1.64759,8.936892
ISIC_5935086,-4.0013657,4.856765
ISIC_5874846,0.4788899,5.182024
ISIC_2426257,-3.804733,6.752439
ISIC_1460320,-3.0559723,6.355906
ISIC_2031349,-5.1204057,9.197028
ISIC_4411067,-4.9244065,5.484991
ISIC_4573444,-3.000136,4.008374
ISIC_7826908,-3.732327,2.3417106
ISIC_8668985,-3.3580384,6.7285924
ISIC_9179044,-5.689987,5.9991655
ISIC_8180214,-3.7111778,3.044106
ISIC_2590426,-4.4965997,3.9064114
ISIC_3769180,-2.1094794,6.680315
ISIC_7238849,-3.0657141,2.7638748
ISIC_8517056,-7.266171,8.024695
ISIC_1757189,-3.8341925,2.5248137
ISIC_1866476,-2.3942196,3.2063942
ISIC_0518723,-2.8437788,6.9476166
ISIC_1364975,-5.5260515,8.222033
ISIC_1195811,-1.306779,5.537349
ISIC_0598073,-3.2760735,5.426437
ISIC_2594634,-5.377988,8.268523
ISIC_5313254,-3.3892615,3.129609
ISIC_9239978,-2.6133068,5.643022
ISIC_6678187,-5.8498507,6.1545033
ISIC_1430231,-4.050371,4.8832054
ISIC_1987185,-6.136178,5.5294056
ISIC_6956876,-4.28655,8.231704
ISIC_6651888,-3.8430405,2.5753503
ISIC_7527742,-3.378197,3.420702
ISIC_7677568,-5.340405,5.6875014
ISIC_0490468,-4.930116,3.4854457
ISIC_5434141,-3.328466,3.2123969
ISIC_3032522,-3.719438,3.4499528
ISIC_6360071,-3.0077791,2.6070693
ISIC_4607582,-6.702442,8.566413
ISIC_8186630,-5.7730317,7.363712
ISIC_1291833,-6.289144,5.603531
ISIC_0666405,-2.7727559,4.0124245
ISIC_1436009,-3.6004715,6.710253
ISIC_1675975,-6.9492917,8.111366
ISIC_3717176,-3.1114497,3.1071467
ISIC_7987908,-2.1296241,5.706604
ISIC_7074302,-5.172273,4.17322
ISIC_8356776,-5.1662083,7.22799
ISIC_9961570,-4.0788336,8.527304
ISIC_3069767,-3.1164672,5.039188
ISIC_4020367,-2.3879485,3.8502915
ISIC_0096543,-4.746716,7.788781
ISIC_0411397,-3.6627853,6.7007065
ISIC_7939427,-2.5083945,2.871561
ISIC_8035327,-3.106593,2.8078754
ISIC_9663937,-3.2219858,6.3694916
ISIC_3187907,-1.9329412,5.2985954
ISIC_5493908,-2.2157655,7.0739546
ISIC_2765997,-5.670999,9.305397
ISIC_1639468,-2.6951935,2.843396
ISIC_1174739,-2.7249787,6.5285716
ISIC_5624559,-4.266023,2.4161193
ISIC_0346352,-6.1638336,5.1579957
ISIC_1335894,-2.8008091,6.4178853
ISIC_6045854,-2.1312628,3.8895257
ISIC_4315074,-2.930896,7.0010834
ISIC_3668445,-2.0808468,9.47109
ISIC_8372465,-4.298807,2.912233
ISIC_5224246,-3.158485,7.4385343
ISIC_6327414,-6.290116,5.679987
ISIC_4384547,-3.0398207,3.1811218
ISIC_7904505,-5.6137114,4.252884
ISIC_4425251,-5.4185114,5.9964604
ISIC_9586937,-5.8621197,8.712871
ISIC_9597152,-3.8139932,3.3501596
ISIC_7507238,-6.75546,6.203803
ISIC_1484276,-4.136605,3.465209
ISIC_2832798,-5.870799,6.3218427
ISIC_3881677,-2.6757476,3.3917303
ISIC_2167653,-3.0341911,3.081412
ISIC_3275271,-0.2289948,9.815905
ISIC_1156729,-4.34337,3.1153142
ISIC_6884836,-3.502729,3.340219
ISIC_0666575,-2.0763204,3.294329
ISIC_1309626,-5.338538,6.849213
ISIC_4959784,-1.5859495,6.0949864
ISIC_9156154,-5.38992,6.3992825
ISIC_3722799,-2.762425,2.7114844
ISIC_6915298,-0.9868515,4.663519
ISIC_4325605,-5.8492727,7.213304
ISIC_4951972,-1.4797297,3.898401
ISIC_1780213,-5.193088,5.998543
ISIC_9893445,-4.872283,4.134109
ISIC_4198312,-5.370101,4.738926
ISIC_5142210,-4.3426895,2.5470672
ISIC_6898183,-5.0340204,4.7657027
ISIC_9287993,-3.4875846,6.8645735
ISIC_8934759,-0.6954573,9.552603
ISIC_8450508,-2.6714385,4.405164
ISIC_7582667,-3.3065052,6.557695
ISIC_7292116,-3.2834017,3.3840673
ISIC_4637440,-2.7657416,6.4481936
ISIC_1319737,-4.3619556,2.499184
ISIC_4799293,-3.9882133,3.2021928
ISIC_9206516,-5.7252674,6.233215
ISIC_9845346,-3.2679079,3.4166076
ISIC_6176939,-2.6781561,3.529461
ISIC_4875335,-1.3183303,5.1368895
ISIC_9892179,-2.5024238,2.857855
ISIC_2110451,-3.4776604,2.5621464
ISIC_8109519,-2.19219,6.6175675
ISIC_0163776,-2.256968,3.1026425
ISIC_8714957,-5.8254204,8.572754
ISIC_7514787,-2.8676984,7.0197496
ISIC_7377119,-2.1206946,3.1834962
ISIC_6901642,0.5062403,5.3384776
ISIC_4842466,-2.844705,7.5795703
ISIC_2907780,-2.8345125,2.8800335
ISIC_9256618,-2.1804519,6.2439146
ISIC_0823112,-1.370247,4.929791
ISIC_3730239,-5.478691,7.1519675
ISIC_5128796,-2.1371136,3.1245005
ISIC_2068038,-2.1201963,3.6641989
ISIC_1664514,-2.498313,4.079007
ISIC_9215935,-3.0150168,3.045459
ISIC_7302180,-5.014549,6.487455
ISIC_8943375,-1.1486444,4.183822
ISIC_4358907,-3.4094176,5.0732074
ISIC_7510898,0.48483244,5.450514
ISIC_3861977,-5.640603,5.876569
ISIC_1124077,-3.0735736,6.9723253
ISIC_9594679,-1.0707445,5.861758
ISIC_6747902,-3.406165,2.4351592
ISIC_3442836,-3.522213,2.802208
ISIC_5761944,-4.694399,3.5464375
ISIC_0644098,-5.6370363,4.469393
ISIC_7278817,-5.213742,6.789826
ISIC_1595455,-4.2945623,4.246129
ISIC_7989453,-2.8509808,3.0700135
ISIC_6735110,-0.14163423,9.031987
ISIC_0731364,-3.1827602,7.9361506
ISIC_9696099,-6.66872,6.787844
ISIC_4349272,-3.827253,4.0982976
ISIC_0532349,-2.8401074,3.1585338
ISIC_7711626,-3.347066,2.7642186
ISIC_2666138,-2.3939068,2.9862113
ISIC_1643848,-2.205357,2.8588488
ISIC_8268192,-2.71537,2.544753
ISIC_1903516,-3.1322422,6.888876
ISIC_1658137,-3.4960265,2.6250653
ISIC_9304429,-4.105623,3.4134686
ISIC_5702669,-2.5234625,3.5511508
ISIC_6115749,-2.2969227,3.075984
ISIC_1305247,-3.0104718,2.9921768
ISIC_8873365,-4.3004966,7.0525584
ISIC_1729396,-0.5513174,7.5799837
ISIC_2671356,-2.9188147,6.916963
ISIC_5063002,-5.5248804,8.296316
ISIC_1592988,-3.4978714,7.0248933
ISIC_4957929,-3.2392852,3.022181
ISIC_7209964,-1.8409649,3.6693625
ISIC_0387211,-3.872414,2.9150438
ISIC_3824264,-4.313831,3.5896153
ISIC_6843700,-4.137004,2.872233
ISIC_4483583,-4.0944233,2.992507
ISIC_2556147,-2.6884048,2.4469757
ISIC_9521441,-2.2924562,6.105397
ISIC_6602302,-3.7074327,6.8735685
ISIC_1895471,-6.79548,7.09153
ISIC_4486341,-4.8915844,8.456607
ISIC_6596926,-2.5115888,5.1342597
ISIC_9778651,0.2944976,8.759505
ISIC_1806373,-5.0811524,8.030718
ISIC_6719081,-2.2537155,3.8784578
ISIC_8695042,-3.4783823,2.4052503
ISIC_1570827,-2.2439528,4.3248677
ISIC_7425846,-2.8637888,5.730237
ISIC_2866719,-0.6658374,9.586264
ISIC_4370676,-3.679535,2.96159
ISIC_0703618,-2.588965,3.2732556
ISIC_4426257,-4.4783874,3.4188504
ISIC_6279832,-5.3089046,8.280421
ISIC_3926968,-1.7542946,4.6973357
ISIC_7374190,-3.4841366,3.2432053
ISIC_1505378,-2.5257356,2.7741158
ISIC_0950495,-1.0552555,4.9826603
ISIC_0159874,-2.3121567,3.4817584
ISIC_8870441,-5.1289754,9.228036
ISIC_5363218,-4.9669323,8.802616
ISIC_1970706,-4.4751625,4.981347
ISIC_4913500,-3.4722383,3.658954
ISIC_5461210,-6.1527133,8.37623
ISIC_6989617,-3.217932,3.8361938
ISIC_7567589,-0.28725344,9.760589
ISIC_8457619,-1.9032552,7.020249
ISIC_6416950,-2.147138,3.105782
ISIC_7464071,-4.055861,3.040836
ISIC_5085980,-2.728519,2.804798
ISIC_0233827,-3.356418,3.1151912
ISIC_0497851,-2.890553,6.4662633
ISIC_7458610,-3.8832476,2.971493
ISIC_2378626,-3.3297374,3.4559343
ISIC_3667052,-4.0891457,7.4084024
ISIC_7030953,-0.2697215,6.2140055
ISIC_8559278,-5.7464743,8.419496
ISIC_3236056,-2.558438,6.787236
ISIC_2288200,-6.3793664,6.8220377
ISIC_0411803,-4.204039,9.362386
ISIC_1833069,-3.2487807,3.4449887
ISIC_6417205,-3.506414,3.0710917
ISIC_9140116,-5.5730095,8.260993
ISIC_7979271,-2.0413382,6.36154
ISIC_2087207,-2.423305,3.6428194
ISIC_4963201,-3.9027803,3.021915
ISIC_1794713,-2.7360654,7.3145394
ISIC_8438291,-2.500761,3.145102
ISIC_2134211,-3.1471217,6.261835
ISIC_3789914,-4.1221843,6.564732
ISIC_2621619,-3.8317118,3.0595756
ISIC_9823894,-2.301645,7.854126
ISIC_5233296,-4.4588637,4.5096526
ISIC_4043651,-6.1504006,8.288862
ISIC_2627411,-4.7735634,3.2742333
ISIC_6461356,-2.6445131,3.2918286
ISIC_1085792,-5.5382004,5.0958343
ISIC_9688065,-4.5986333,3.2113476
ISIC_2973118,-6.182048,5.34122
ISIC_0813000,-1.1242573,4.267068
ISIC_0082638,-2.7257917,2.8413837
ISIC_1606726,-7.013503,7.435929
ISIC_5842460,-3.7974823,2.9651973
ISIC_4842886,-3.7030437,3.1196222
ISIC_2098382,-6.335911,8.089636
ISIC_4423752,-5.458574,8.61178
ISIC_5777416,-5.1833267,4.6150866
ISIC_2020398,-2.9721026,6.511848
ISIC_3961718,-1.159471,5.4632034
ISIC_5378143,-3.4776409,2.848232
ISIC_6895079,-1.6751453,5.080038
ISIC_1816917,-5.392123,7.326771
ISIC_4703321,-5.8459163,7.629255
ISIC_8331574,-6.901712,8.082671
ISIC_2567274,-3.2733526,3.9794033
ISIC_8500794,-5.575879,7.5437484
ISIC_1670166,-2.7000318,7.6847825
ISIC_5930303,-4.77452,8.901266
ISIC_2149064,-3.9726462,4.177678
ISIC_9007301,-5.992603,7.199592
ISIC_7713646,-6.937411,8.1730995
ISIC_1940214,-4.1770954,8.798989
ISIC_8421484,0.8927568,4.8797884
ISIC_0899069,-2.7898977,5.1023107
ISIC_8121619,-5.3280106,8.872412
ISIC_5469285,-2.2133386,2.9853187
ISIC_9661702,-5.0446987,6.5420046
ISIC_3654837,-4.1332574,2.7341583
ISIC_8400472,-3.5268297,3.0962193
ISIC_0849075,-1.3843372,4.867548
ISIC_6881589,-6.8353605,6.666972
ISIC_2305246,-0.35632786,9.684626
ISIC_2565230,-3.9966843,3.066611
ISIC_4467312,-5.011261,6.901622
ISIC_4388573,-4.715593,5.5487137
ISIC_9719634,-2.640973,5.43065
ISIC_6092124,-2.8305447,6.884801
ISIC_0265421,-3.194881,6.8572245
ISIC_1718630,-3.195409,6.2723327
ISIC_9569749,-6.1805954,8.443427
ISIC_6645684,-4.020022,3.8380394
ISIC_7379628,-4.304548,5.069437
ISIC_9399586,-6.0728707,5.3765817
ISIC_7888447,-3.0825233,6.832156
ISIC_8353499,-3.0161088,3.573708
ISIC_9891275,-4.362707,4.6501966
ISIC_7902747,-2.1170218,4.334942
ISIC_3175755,-4.9770856,8.989573
ISIC_0811514,-3.5999935,8.512355
ISIC_7677176,-4.8117433,3.8141232
ISIC_5901436,-1.8363677,6.2983727
ISIC_9521548,-5.204683,5.9662204
ISIC_5693691,-4.5948277,4.019071
ISIC_3704603,-4.893027,4.227459
ISIC_4485467,-4.8343425,5.6350727
ISIC_6664237,-2.2706368,3.2140176
ISIC_8309358,-3.2951698,6.714393
ISIC_9314416,-3.5171058,2.6903818
ISIC_3993701,-4.0679893,2.6601062
ISIC_4622192,-5.606579,8.151781
ISIC_3341226,-1.877284,3.5887067
ISIC_9669577,-4.099089,3.4828568
ISIC_0715287,-2.6883667,5.917192
ISIC_1929529,-3.9199183,3.2946746
ISIC_1962329,-4.1826267,9.202818
ISIC_0368554,-2.711353,3.7762287
ISIC_5310763,-2.111711,6.406224
ISIC_9141788,-6.034146,8.13602
ISIC_5049585,-3.920565,3.5777771
ISIC_7480455,-2.2284598,5.7254095
ISIC_8690116,-1.3090512,6.376399
ISIC_4056904,-4.2053776,2.9122856
ISIC_3715127,-3.891279,2.9700792
ISIC_0690986,-4.5791492,3.1700025
ISIC_5169938,-2.779341,6.7984505
ISIC_9916112,-3.0070417,2.6429462
ISIC_7702191,-5.525423,6.3005767
ISIC_2116783,-5.1247888,8.554447
ISIC_9512388,-3.376168,7.5948763
ISIC_7119882,-2.9432504,7.0401793
ISIC_4022483,-6.55075,8.124962
ISIC_3983224,-1.930367,4.281256
ISIC_3259871,-1.9223086,5.3422375
ISIC_1938835,-1.1649597,4.7938395
ISIC_2459668,-5.33807,5.583364
ISIC_9035644,-0.5422278,5.563936
ISIC_6612848,-4.0518675,3.7623036
ISIC_2764511,-5.93085,5.1985474
ISIC_7936557,-4.400649,2.9472616
ISIC_9278360,-1.5952201,3.883599
ISIC_1799338,-3.0206242,6.222707
ISIC_9756878,-5.435668,5.2891946
ISIC_8612060,-1.7106239,5.786922
ISIC_3201692,-3.8915267,3.0840206
ISIC_5889858,-1.2496313,7.5901127
ISIC_4823638,-2.9698606,6.7310004
ISIC_9290704,-4.12006,2.7202742
ISIC_3691801,-4.609083,4.2858047
ISIC_5998955,-3.9539328,2.9972641
ISIC_1309001,-3.3214438,3.1041183
ISIC_1373637,-2.3333416,2.8865738
ISIC_0502738,-3.3425083,8.061008
ISIC_0601743,-4.5265546,2.8894577
ISIC_4471113,-3.3414836,2.8010576
ISIC_9966733,-6.9300327,8.465061
ISIC_2298923,-5.521908,8.020841
ISIC_6418734,-3.5718088,2.5711334
ISIC_2731701,-1.4147966,5.0846314
ISIC_1142211,-5.294061,3.8577921
ISIC_1069722,-3.3072217,6.428122
ISIC_7101909,1.0289075,7.897942
ISIC_7334939,-3.9700642,6.873857
ISIC_1171368,-3.3646004,6.80778
ISIC_5207549,-3.0294073,9.921108
ISIC_1620077,-3.867488,2.4109912
ISIC_0617272,-1.4904996,6.029941
ISIC_7977103,-2.3757243,6.516288
ISIC_1070485,-3.8049765,3.7100077
ISIC_8385396,-5.0310264,5.897809
ISIC_8787301,-2.9308805,3.7613156
ISIC_5541499,-5.130233,6.260376
ISIC_4546388,-5.104421,7.625024
ISIC_2146381,-1.2239014,4.1224155
ISIC_0612261,-2.3493721,2.9691353
ISIC_1770277,-2.8400528,2.8034694
ISIC_0215803,-3.798254,2.632878
ISIC_0282178,-7.332521,6.8495817
ISIC_7188705,-5.9524045,8.141551
ISIC_6353654,-6.297649,8.719157
ISIC_0097262,-6.3395805,7.3676777
ISIC_3197211,-4.5854416,6.260946
ISIC_4632123,-3.8766408,8.823795
ISIC_3430609,-5.9871345,5.059542
ISIC_6933070,-3.7645419,3.2675054
ISIC_1146954,-6.5093427,5.119248
ISIC_6074237,-4.768565,2.7973382
ISIC_5754710,-2.890615,5.5529156
ISIC_3344319,-4.0178194,2.8802378
ISIC_9572075,-3.7384105,6.7292457
ISIC_5543919,-3.59777,2.5635004
ISIC_6717455,-3.4038773,2.8011546
ISIC_4416938,-3.1584973,3.5880444
ISIC_7925520,-3.1820457,2.3866107
ISIC_5962154,-2.9057155,5.953306
ISIC_7588660,-3.129965,2.6936748
ISIC_7105876,-2.9020152,6.5730205
ISIC_4113553,-2.2246258,3.4332917
ISIC_9650544,-4.2144284,3.0064223
ISIC_3302986,-3.340109,2.7373188
ISIC_3064112,-4.112402,3.76651
ISIC_5837451,-3.0664723,6.2025976
ISIC_6827974,-1.5933263,3.7902417
ISIC_9187182,-5.4410377,5.3228507
ISIC_2464882,-6.1164646,7.7860413
ISIC_8180766,-5.2093244,3.946209
ISIC_9297268,-2.6149874,6.054056
ISIC_6202224,-4.2032743,2.7517374
ISIC_6583245,-3.0711021,5.864414
ISIC_2770352,-4.0218124,2.365904
ISIC_8431346,-1.986959,4.047903
ISIC_8942026,-1.5875765,8.73621
ISIC_4141321,-2.5411441,3.1416674
ISIC_1502467,-3.2821927,7.174414
ISIC_4976629,-3.6783278,3.3282309
ISIC_5953259,-1.6914371,6.724247
ISIC_4827917,-4.5099535,4.025265
ISIC_9333834,-2.4837928,3.599907
ISIC_5893482,0.058173686,5.070639
ISIC_1099402,-1.835786,4.540709
ISIC_0073863,-5.45509,8.923711
ISIC_8292872,-4.483766,3.6996243
ISIC_4416373,-5.322414,6.0178003
ISIC_5696465,-1.3069512,5.6199555
ISIC_4148971,-3.272399,2.717585
ISIC_9501706,-4.6231937,2.6284964
ISIC_4082454,-2.9733095,3.2117643
ISIC_9268464,-4.247454,3.095216
ISIC_6640040,-4.6202173,9.248051
ISIC_5274972,-2.6528275,4.0027227
ISIC_7472087,-5.18699,8.111557
ISIC_9677476,-3.9858518,2.7703207
ISIC_3284879,-3.0616941,8.386842
ISIC_3918888,-1.4777344,4.9409904
ISIC_6389005,-6.0784945,6.347141
ISIC_2036804,-2.80474,6.6764407
ISIC_6455558,-6.388397,7.508688
ISIC_2288348,-0.36663666,9.454032
ISIC_1472958,-6.130838,8.135999
ISIC_3157648,-6.720434,7.351764
ISIC_1473683,-5.633828,7.0991635
ISIC_6025998,-1.1110954,5.8052263
ISIC_7531601,-5.2443504,9.066428
ISIC_7541188,-1.9551721,5.6128173
ISIC_9875123,-1.1739962,4.818379
ISIC_2370968,-0.43019864,9.217803
ISIC_2059259,-4.8516994,7.7522
ISIC_7200132,-2.495679,3.4423988
ISIC_4765663,-5.238536,5.2470264
ISIC_6320048,-1.4986614,5.150332
ISIC_6622403,-6.0091853,6.626393
ISIC_5787999,-3.1650352,3.4394312
ISIC_2613076,-3.0231156,7.9436274
ISIC_4598485,-3.0021405,6.666988
ISIC_5892763,-5.616341,7.7573256
ISIC_7325617,-3.544611,2.8849757
ISIC_5607139,-2.9259384,6.5552454
ISIC_3826101,-2.70462,2.5139947
ISIC_8500215,-2.7516665,3.2679436
ISIC_7860232,-2.5117161,4.705414
ISIC_4400687,-6.316181,8.119971
ISIC_2340494,-1.4997612,6.925817
ISIC_6910029,-2.5973675,5.335499
ISIC_2014865,-3.9364512,3.2324522
ISIC_3892538,-2.7334025,2.7502363
ISIC_9001368,-3.6014144,3.0202487
ISIC_9992648,-1.7280579,5.2085056
ISIC_2525369,-2.7035196,2.843185
ISIC_4607649,-2.8669899,6.918138
ISIC_0897372,-2.8552845,6.8964715
ISIC_8731964,-2.8222198,2.994926
ISIC_6428254,-1.379624,7.8320885
ISIC_3003010,-1.2940239,6.3875265
ISIC_8463837,-3.5939457,7.658461
ISIC_8177696,-0.30205044,5.6785307
ISIC_4753918,-5.58743,9.3743105
ISIC_1276558,-4.652622,3.318098
ISIC_8545164,-1.5891851,5.3516936
ISIC_8696381,-5.701484,7.6384916
ISIC_5567558,-1.659797,3.9804301
ISIC_0645934,-3.1566951,3.3172145
ISIC_7632279,-3.0672717,5.7423344
ISIC_4795806,-4.1577125,7.0753345
ISIC_9188713,-3.15497,3.7895412
ISIC_8240527,-2.2795053,4.6409144
ISIC_1385452,-4.228439,2.4656801
ISIC_3050487,-0.94471,4.323549
ISIC_7782700,-4.982943,4.1099653
ISIC_2628667,-5.478153,7.224658
ISIC_6288293,-3.7644398,4.082542
ISIC_1658566,-3.831422,3.25387
ISIC_8906358,-3.4911451,8.10499
ISIC_5763228,-6.553515,8.319024
ISIC_0119243,-6.216531,7.6528487
ISIC_7234241,-0.66442114,5.7230587
ISIC_2521142,-1.8210074,5.6970096
ISIC_1025100,-6.767251,6.528427
ISIC_2880667,-3.986869,3.489828
ISIC_0167803,-5.9314513,9.03529
ISIC_8698177,-5.9032693,8.92086
ISIC_9216609,-4.16795,3.1347754
ISIC_9643914,-3.8880355,3.4448802
ISIC_5164646,-4.632315,7.594174
ISIC_3173642,-2.6285727,2.741209
ISIC_3782736,-3.3745692,6.6289206
ISIC_5714368,-6.274682,5.8781047
ISIC_3015606,-5.077767,6.0748363
ISIC_1830722,-2.4074547,3.7599833
ISIC_1509648,-2.5832028,6.4888244
ISIC_3062370,0.26383543,6.7673473
ISIC_7335595,-5.119383,5.8990765
ISIC_2471655,-3.5504034,7.4843264
ISIC_4737695,-4.8890195,8.074158
ISIC_5171808,-7.0170755,7.653457
ISIC_6626242,-1.3117824,5.061371
ISIC_5129863,-6.494131,6.6556034
ISIC_9598621,-2.4483657,2.5163367
ISIC_1490956,-3.9799619,3.5705492
ISIC_9994191,-4.107904,9.297743
ISIC_8056101,-1.9578006,4.638663
ISIC_0805994,-2.8715615,3.6887944
ISIC_5266605,-4.3868895,8.842527
ISIC_9447530,-2.2301276,3.2625434
ISIC_4679707,-7.348683,7.6990676
ISIC_0852575,-3.012248,8.022741
ISIC_9896977,-4.4880047,2.780059
ISIC_7938939,-4.449292,2.7042193
ISIC_6212964,-1.0213885,5.5856357
ISIC_8969175,-5.734062,8.931266
ISIC_5960820,-3.2074194,3.3635132
ISIC_1528651,-1.5643321,4.442647
ISIC_0968530,-3.245628,3.0281272
ISIC_4093606,-4.983598,3.8242593
ISIC_2084190,-2.6214337,3.208562
ISIC_2484661,-1.320876,4.5917845
ISIC_4660700,-1.6995425,7.1409965
ISIC_4958589,-4.3205843,9.070534
ISIC_1325383,-3.8080316,2.6621068
ISIC_3627294,-0.42140025,5.6910224
ISIC_9137740,-3.7524524,2.6433682
ISIC_9971064,-2.2657897,3.1280904
ISIC_7827973,-3.2489376,2.6716385
ISIC_4969084,-6.7853165,8.606369
ISIC_8565474,-3.838387,6.315707
ISIC_2977980,-5.2129655,5.3833537
ISIC_3967417,-2.7182922,3.1668334
ISIC_3346679,-2.5677,8.42567
ISIC_7206588,-2.8334234,6.177262
ISIC_0836815,-5.5154476,6.245851
ISIC_7808755,-6.0065956,8.468032
ISIC_1793316,-3.5335112,2.4362867
ISIC_8650160,-3.5859687,6.689496
ISIC_0844469,-3.0125732,6.775011
ISIC_1831934,-6.2437553,6.158217
ISIC_6747832,-1.4847275,6.5889673
ISIC_4225552,-2.6008613,2.7698576
ISIC_2695360,-4.1154866,2.5933666
ISIC_9451191,0.6700409,5.272598
ISIC_9989889,-3.3159785,8.460483
ISIC_8096488,-4.347021,2.6088474
ISIC_7196937,-4.3858805,2.819724
ISIC_1342857,-4.627244,9.293729
ISIC_3538568,-7.197156,7.070052
ISIC_6348068,-3.129165,2.5418196
ISIC_0197274,-4.1207614,6.619794
ISIC_8334167,-2.9708803,3.0679264
ISIC_1409004,-3.7393136,3.3014836
ISIC_1064824,-1.0759538,6.773832
ISIC_7308563,-5.0770493,4.4972234
ISIC_6356372,-1.4491377,4.2987995
ISIC_9501753,-4.5334053,3.4984386
ISIC_6241508,-3.5174828,2.5990796
ISIC_3327928,-5.356056,8.063255
ISIC_2020122,-4.755511,4.051298
ISIC_2314682,-4.539048,4.6794605
ISIC_6685424,-4.0023093,5.6530533
ISIC_3902522,-2.3260837,6.571313
ISIC_3223440,-5.014773,9.006054
ISIC_2733454,-3.5053794,2.915945
ISIC_1408695,-6.184883,6.031609
ISIC_8381606,-3.1697974,6.8998213
ISIC_5399025,-1.6618495,5.050267
ISIC_6349110,-2.167473,5.8771033
ISIC_2722338,-2.0272896,5.5018435
ISIC_1151008,-2.1370344,3.8600307
ISIC_2755460,-1.4927037,6.3282404
ISIC_9596173,-4.1278534,7.1492424
ISIC_3045480,-5.926221,7.4690037
ISIC_2202736,-3.1208045,2.7820427
ISIC_4964428,-0.9495815,7.313028
ISIC_2925746,-3.8276315,8.4933195
ISIC_4213914,-2.3068593,2.847322
ISIC_1044266,-5.6156607,6.3984523
ISIC_1217127,-4.3253465,4.673854
ISIC_1241916,-4.1671767,2.3704994
ISIC_1815891,-4.587851,4.5431185
ISIC_7974869,0.67409265,6.1851435
ISIC_8708228,-3.4326377,2.8412895
ISIC_1073412,-5.6754723,5.034746
ISIC_9945604,-2.7353652,3.0424113
ISIC_8313343,-5.2920094,6.0273457
ISIC_6999728,-2.4127996,2.5832927
ISIC_4216162,-3.207707,2.8953652
ISIC_0767613,-6.0285254,5.876737
ISIC_0773145,-1.4871981,4.218756
ISIC_3783885,-4.4275165,2.8747454
ISIC_0770132,-4.4278407,2.3985012
ISIC_5841896,-6.0337234,5.836787
ISIC_3425683,-5.67534,8.198541
ISIC_7110025,-3.0520515,3.0330653
ISIC_9408905,-2.6349697,2.8021522
ISIC_6693138,-4.1359854,4.878635
ISIC_9627594,-4.5913434,2.8499632
ISIC_6044114,-2.015791,6.134295
ISIC_2775534,-2.000301,6.9435754
ISIC_9427744,-2.741167,6.275731
ISIC_8558562,-0.6401409,4.562476
ISIC_9992299,-4.4221983,4.240988
ISIC_8718627,-5.7463665,7.880921
ISIC_8755727,-3.4352908,6.5314517
ISIC_4912510,-2.3634262,2.9934635
ISIC_6312254,-5.7559333,5.5837975
ISIC_8327585,-5.3609743,5.7142496
ISIC_2973605,-3.6289473,2.8286827
ISIC_6167270,-2.598518,3.2184472
ISIC_9411450,-2.3147995,4.2451277
ISIC_8918247,-6.694145,7.476638
ISIC_6953221,-4.649864,9.22209
ISIC_0495769,-2.7378104,2.833388
ISIC_2449691,-3.5682313,3.1682699
ISIC_7154038,-1.7797555,4.520595
ISIC_3050024,-4.4542933,6.068286
ISIC_3322515,-3.419235,8.133518
ISIC_7326842,-2.614405,7.0049853
ISIC_2868896,-3.680201,5.2674003
ISIC_7890093,-6.3966737,8.785678
ISIC_3594638,-4.732593,4.400949
ISIC_3593419,-2.5755622,6.6207376
ISIC_0620394,-2.1767073,4.197255
ISIC_0379668,-1.297472,4.6915236
ISIC_9572021,-5.803323,7.570537
ISIC_5503515,-2.3352134,3.1866689
ISIC_5938313,-0.21549071,5.5318627
ISIC_5766997,-3.9998035,2.7028534
ISIC_2272478,-1.0497249,5.6923842
ISIC_5973129,-4.615743,7.0375724
ISIC_7504308,-2.194786,6.4453154
ISIC_7245189,-5.8602943,5.8256826
ISIC_6819805,-5.3021913,7.2496557
ISIC_0573471,-3.9230306,5.433324
ISIC_9979190,-3.2100117,6.0000887
ISIC_1303477,-4.3086133,4.885227
ISIC_1244447,-5.5582085,8.365884
ISIC_3352589,-2.8378513,2.792789
ISIC_0174755,-2.270841,4.0845404
ISIC_3427526,-2.34688,3.040193
ISIC_0450792,-0.39021894,7.5744452
ISIC_8609184,-2.8122833,3.1201682
ISIC_6248808,-4.1741323,3.4005811
ISIC_7983538,-3.3293328,6.446716
ISIC_1594005,-2.6529276,3.2023098
ISIC_0477999,-4.157005,4.400747
ISIC_7813760,-1.8095832,3.9192612
ISIC_4905525,-1.755589,3.684278
ISIC_2879057,-4.6207023,7.217485
ISIC_0307669,-4.2420197,2.4887588
ISIC_6875407,-4.1557064,4.0252094
ISIC_9912332,-5.6376143,7.2368326
ISIC_0880783,-3.9403708,8.6556225
ISIC_1222561,-2.5783386,7.9727964
ISIC_5831158,-4.611677,4.6236053
ISIC_3888868,-5.900974,4.4395704
ISIC_4565417,-2.8041236,6.327903
ISIC_9175575,-5.871181,8.327322
ISIC_6691035,-6.91543,7.613813
ISIC_3302562,-3.5406122,2.6718857
ISIC_8541956,-3.744102,2.5914617
ISIC_6938441,-3.2568843,2.9591174
ISIC_4503581,-6.6208405,7.165457
ISIC_1668550,-3.1194909,7.8974504
ISIC_8981300,-2.9877372,6.049907
ISIC_7101608,0.2277883,9.264329
ISIC_0684071,-0.75607276,4.968914
ISIC_8391328,-2.7258656,3.5593789
ISIC_2094021,-3.558018,2.764769
ISIC_9736851,-2.9682827,7.482938
ISIC_9242872,-4.2994833,5.6904736
ISIC_7939848,-1.9810945,7.1446414
ISIC_0361189,-4.308526,7.140229
ISIC_6271290,-1.7284923,6.4987626
ISIC_4427207,-3.4931266,8.538859
ISIC_1734487,-4.9440465,4.5479608
ISIC_1146594,-4.893934,3.3063674
ISIC_1446269,-6.767819,5.1231213
ISIC_2222084,-4.8057046,9.277585
ISIC_7461810,-4.2581973,4.3033314
ISIC_6190757,-3.6483262,2.4134076
ISIC_4840056,-1.5151705,3.8703263
ISIC_8410820,-5.8807454,6.731151
ISIC_9317670,-1.9833206,8.854474
ISIC_5296244,-2.2797053,7.6959996
ISIC_6590580,-4.7377744,4.05594
ISIC_4281031,-3.2990274,6.375542
ISIC_6952094,-0.28980276,9.248367
ISIC_8332020,-1.6651685,4.810795
ISIC_6781208,-4.9047375,6.3570776
ISIC_3518193,-5.642699,8.523261
ISIC_5539676,-6.2906656,8.088735
ISIC_2024217,-6.3322988,5.111381
ISIC_5997052,-4.1979437,3.2485027
ISIC_1018753,-1.1172187,4.457307
ISIC_0809407,-2.9490404,2.5608706
ISIC_6394582,-6.0921893,8.171936
ISIC_3628532,-4.353167,7.417431
ISIC_1076265,-5.6817994,4.727243
ISIC_9275120,-2.8728163,2.8944576
ISIC_2568976,-2.5192373,6.038883
ISIC_2399021,-6.057749,4.953911
ISIC_3831165,-4.491122,5.8068976
ISIC_6615782,-2.8399968,3.087508
ISIC_3251714,-3.5947573,2.7287776
ISIC_1623104,-5.2904897,6.7204714
ISIC_9468404,-5.2064204,6.587201
ISIC_2905836,-3.8839226,3.401352
ISIC_6435029,-4.6443176,7.1099033
ISIC_1763947,-4.6626616,5.618174
ISIC_8759215,-5.843129,6.2637906
ISIC_2972596,-3.856876,3.3157017
ISIC_9348273,-2.3687155,4.0732145
ISIC_1916169,-4.7772055,3.5479088
ISIC_6600475,-2.9716065,6.646564
ISIC_6484641,-1.2801747,4.120301
ISIC_5903611,-3.5198255,3.939699
ISIC_8528570,-5.8611164,4.6639395
ISIC_6775663,-4.0392275,4.250946
ISIC_1580681,-0.8527963,6.8662834
ISIC_4345756,-4.2328925,2.7824066
ISIC_9862532,-1.4556733,3.893718
ISIC_5372934,-6.5917835,7.84318
ISIC_2205154,-2.9082325,7.0519013
ISIC_7774908,-2.485795,3.2361667
ISIC_0181316,-2.2725358,3.1279037
ISIC_3277305,-3.1587224,3.2786689
ISIC_4847052,-1.4450481,4.0144963
ISIC_6845294,-1.1509032,4.3897924
ISIC_3320667,-0.97357035,6.654234
ISIC_4939357,-2.4060426,3.363669
ISIC_6101727,-5.7927694,7.9188285
ISIC_1428490,-5.43829,6.782762
ISIC_2506667,-1.6231415,3.8389704
ISIC_6755281,-4.6142573,3.7186716
ISIC_3981430,-3.3283057,2.7239497
ISIC_3869104,-5.360051,6.8404984
ISIC_3783849,-3.3887777,8.3025055
ISIC_9153141,-2.4418201,2.53523
ISIC_4409610,-5.607609,5.666304
ISIC_2307453,-2.9822896,3.1712534
ISIC_6046943,-6.661408,6.730224
ISIC_1176025,-3.128737,6.2276206
ISIC_1482437,-5.2610674,6.2472806
ISIC_6119517,-4.791029,7.435322
ISIC_3088358,-3.4992845,7.705968
ISIC_6297733,-2.9748435,4.6157913
ISIC_7215858,-2.6092894,5.365389
ISIC_1571470,-4.501131,3.087983
ISIC_8707635,-2.4788127,2.816912
ISIC_2846004,-4.6634183,5.5368075
ISIC_2821063,-2.5079796,5.1592164
ISIC_4588970,-4.7482333,4.414307
ISIC_8769047,-5.8510647,8.162388
ISIC_6089148,-3.6665437,6.165042
ISIC_1427974,-0.93694,6.530714
ISIC_3934861,-0.17206813,4.884359
ISIC_1552276,-4.4334774,8.022555
ISIC_3494719,-4.997908,8.688623
ISIC_4700918,-4.906248,7.023882
ISIC_0722347,-3.9169974,3.422514
ISIC_1998166,-2.4988856,3.7547472
ISIC_7009394,-4.555018,7.6791816
ISIC_5386166,-3.8002074,8.045189
ISIC_7303630,-4.6943364,5.317484
ISIC_3215995,-1.56722,4.066075
ISIC_5093195,-2.2781749,2.955852
ISIC_8145727,-4.2621303,2.4833133
ISIC_1258360,-1.3412163,5.0047617
ISIC_0924335,-2.7267683,5.4204226
ISIC_5362779,-0.9991219,4.9544415
ISIC_5804674,-1.9538968,4.017155
ISIC_3612044,-6.683919,7.400823
ISIC_6297552,-3.4623864,2.822568
ISIC_8031107,-4.048895,2.7693
ISIC_5958284,-3.32438,3.1472647
ISIC_0188950,-1.2057288,8.915163
ISIC_7693768,-3.0155535,6.102764
ISIC_5863762,-2.9996226,5.8819275
ISIC_9266057,-2.4509096,6.8190823
ISIC_9479710,-4.1831217,3.2440891
ISIC_4470805,1.8808466,4.968785
ISIC_7784876,-4.231833,4.868562
ISIC_3942613,-5.5403953,3.9574103
ISIC_5780488,-3.7068884,2.8702412
ISIC_4330964,-6.818145,8.077691
ISIC_9104095,-4.609848,9.462305
ISIC_0095743,-4.9751525,6.5659328
ISIC_8945633,-4.129905,8.243969
ISIC_8613265,-0.7844829,7.6707845
ISIC_8710450,-2.3705513,4.045606
ISIC_9982272,-0.5455177,5.714639
ISIC_7308323,-2.9122205,3.5175407
ISIC_1701968,-4.1464734,2.793833
ISIC_2232926,-4.8472075,3.7753017
ISIC_8647858,-0.810085,6.0801415
ISIC_6990939,-6.8336387,8.224401
ISIC_9927174,-3.0533993,6.177519
ISIC_9931935,-4.875719,7.5165706
ISIC_6958882,-5.3741813,7.5872254
ISIC_7647712,-5.759513,8.468198
ISIC_2593023,-2.4354482,5.7911806
ISIC_9987696,-4.1407223,3.0033398
ISIC_7305201,-3.658473,3.8723834
ISIC_8079552,-3.5857625,2.526096
ISIC_3917176,-3.3574796,3.7478628
ISIC_5026774,-3.2963238,3.1571095
ISIC_5531874,-1.5704967,10.518138
ISIC_7997862,-2.6927147,7.039408
ISIC_7729052,-2.2541096,2.934174
ISIC_5925562,-3.1462712,2.5489817
ISIC_0487104,-6.1570835,9.03087
ISIC_4236187,-2.6791806,3.3432133
ISIC_4971008,-2.5040913,3.5300198
ISIC_0190959,-6.2378445,8.346889
ISIC_3730545,-5.492988,5.6589165
ISIC_4363100,-4.906741,6.6119156
ISIC_6873786,-4.6151805,5.117632
ISIC_8450877,-5.578934,5.01859
ISIC_9460959,-2.9214952,4.2276335
ISIC_9350105,-2.9228241,4.0732822
ISIC_7171875,-5.380633,6.9419293
ISIC_8436376,-4.0524154,8.755877
ISIC_7584393,-2.1133404,7.8546314
ISIC_2867998,-6.406891,6.314353
ISIC_4934707,-3.6731522,7.8424726
ISIC_3477335,-2.6003711,7.5181203
ISIC_1663532,-3.3755803,2.563992
ISIC_2961437,-0.80119836,6.253106
ISIC_1964200,-5.284312,6.257407
ISIC_0699088,-4.3424296,2.4333065
ISIC_8318126,-5.770623,7.5854583
ISIC_8191999,-3.0456257,6.671307
ISIC_6938646,0.4368197,4.9620504
ISIC_3473807,-2.3210192,3.0210092
ISIC_3247057,-3.3536506,2.8670628
ISIC_0356038,-6.4760027,7.032701
ISIC_2533333,-2.9249144,3.9582605
ISIC_8790878,-1.0458088,5.7121415
ISIC_0700335,-6.513373,8.940658
ISIC_8897741,-3.5696719,4.4482646
ISIC_8410933,-4.101288,2.3342526
ISIC_2864613,-0.90139157,4.4727926
ISIC_2216126,-1.3529323,9.35761
ISIC_2873988,-2.6067307,5.376772
ISIC_4626097,-5.1281867,5.4865236
ISIC_3187803,-2.6176896,3.4146476
ISIC_4770621,-4.1702943,2.6767614
ISIC_2422166,-4.204795,2.5648932
ISIC_6689453,-7.097719,8.36244
ISIC_8668491,-2.6682148,5.4443355
ISIC_2601363,-4.047327,3.130874
ISIC_2328520,-3.086231,6.1776333
ISIC_0153376,-4.4898825,3.1557891
ISIC_0768895,-5.7307673,7.8683476
ISIC_1761597,-1.187687,6.032885
ISIC_3685267,-3.911544,9.1433
ISIC_5605573,-2.960567,6.237559
ISIC_6936920,-2.037355,3.5047567
ISIC_8385616,-6.1897836,7.3559694
ISIC_3727371,-1.9795507,3.775513
ISIC_8840511,-5.8822803,7.649589
ISIC_5665171,-4.1810493,7.698749
ISIC_8573497,-2.4716656,3.1483831
ISIC_5372884,-3.6520963,8.211177
ISIC_5428941,-5.483007,6.0168357
ISIC_1414380,-3.498615,2.7255878
ISIC_3627147,-4.390322,4.111157
ISIC_0323748,-2.824152,3.7607949
ISIC_3024690,-3.0971634,6.746308
ISIC_6522135,-6.9427633,6.317084
ISIC_2748624,-3.7692199,2.6088357
ISIC_3202131,-4.5240626,3.0959177
ISIC_2334974,-2.0738542,3.827379
ISIC_4204876,-3.9044216,6.151939
ISIC_6897010,-3.539681,2.4499261
ISIC_3807230,-1.1082116,7.5622315
ISIC_1692214,-1.3303964,4.395771
ISIC_8416462,-5.9032993,6.6722026
ISIC_3083384,-3.7352335,3.594687
ISIC_4763505,-4.315401,2.3505204
ISIC_4429544,-3.6327841,2.6851134
ISIC_3022261,-3.3145895,3.1972456
ISIC_4034626,-3.3188915,6.5161395
ISIC_0871073,-3.4922419,6.82906
ISIC_4584962,-5.93365,8.689758
ISIC_8528718,-2.2573838,5.5131836
ISIC_6337323,-6.0516815,5.5916367
ISIC_1689523,-1.3202329,4.2104445
ISIC_2230159,-4.001185,2.833966
ISIC_9532049,-5.967688,8.26893
ISIC_7922830,-2.031982,6.749514
ISIC_5873094,-3.7336724,2.5802329
ISIC_8805390,-2.6488237,5.6150713
ISIC_3737700,-3.8123922,2.731531
ISIC_8649350,-5.271327,5.369152
ISIC_6213875,-2.481233,2.8494537
ISIC_1307470,-1.2422282,4.2882886
ISIC_1379351,-4.1812115,2.6741347
ISIC_5145664,-4.117032,2.5250328
ISIC_6039074,-2.094788,3.6672666
ISIC_2321009,-3.1538985,2.8490834
ISIC_9824186,-1.6855737,3.957358
ISIC_6384870,-1.4784149,5.579612
ISIC_9710909,-5.8198752,8.955345
ISIC_1430481,-3.6545703,7.661315
ISIC_1006415,-2.4210362,2.5967684
ISIC_0553265,-4.6303654,5.884748
ISIC_7008068,-3.2306123,7.1559744
ISIC_6614498,-3.0291188,6.914628
ISIC_4938829,-2.2861855,3.7381117
ISIC_1890330,-3.0504847,2.9969718
ISIC_1549163,-2.4217768,3.589362
ISIC_1272616,-4.1045,3.7649326
ISIC_4376280,-2.44555,3.6052868
ISIC_7640631,-6.241906,8.0888405
ISIC_5044856,-3.4659686,2.7642124
ISIC_0292393,-3.1102061,7.532933
ISIC_2883712,-5.598567,8.139513
ISIC_2552716,-6.2640376,7.030866
ISIC_6550801,-3.3540149,7.214239
ISIC_4378485,-3.477868,2.420634
ISIC_1840506,-3.9857457,2.5941033
ISIC_2324920,-2.0748656,5.9365144
ISIC_5509823,-2.5124888,6.6086664
ISIC_3469837,-2.1189945,3.6307056
ISIC_3374597,-6.5097785,5.148815
ISIC_1548274,-5.743687,6.3947353
ISIC_2778083,-5.9104023,7.6998916
ISIC_7272721,-6.388982,8.182037
ISIC_6538645,-3.09645,3.4415724
ISIC_0838227,-6.323313,6.5755873
ISIC_9467983,-4.687464,8.095291
ISIC_6822533,-6.0092635,6.7040553
ISIC_5997076,-3.0045907,6.672652
ISIC_9587078,-2.907525,4.9992085
ISIC_8350851,-3.5907366,4.977463
ISIC_1135159,-3.0776098,3.5632691
ISIC_8483047,-3.516713,2.5612555
ISIC_5828606,-2.9679043,7.0843053
ISIC_7176466,-1.2336078,7.991623
ISIC_1718501,-3.2398784,2.7741177
ISIC_4328393,-3.9638028,7.013981
ISIC_2554103,-4.1494355,8.441983
ISIC_5027597,-2.9275987,6.2790627
ISIC_1116303,-3.1456692,6.687148
ISIC_6558326,-5.1100526,7.391022
ISIC_6129735,-4.3075123,9.247171
ISIC_1832787,-2.6715548,6.5584726
ISIC_3401124,-4.150542,2.7117786
ISIC_4049057,-4.182561,2.4845533
ISIC_9179884,-4.51797,5.2465544
ISIC_6846051,-6.3530006,7.279828
ISIC_8025582,-0.4286267,4.661552
ISIC_5078639,-5.723569,8.562394
ISIC_8745129,-1.6253581,4.5906806
ISIC_3313166,-2.9338655,6.9140987
ISIC_8052859,-3.4423964,2.857484
ISIC_4640009,-5.7792034,6.555061
ISIC_3917002,1.199504,7.683646
ISIC_5439956,-3.815755,2.5013247
ISIC_5164012,-3.6700492,5.7553434
ISIC_9612446,-5.7909193,7.0407176
ISIC_8426219,-6.0513725,6.054223
ISIC_8288141,-3.1706402,3.5537245
ISIC_2524673,-0.16961372,9.316354
ISIC_1495576,-4.1336093,3.4474425
ISIC_5055083,-4.0422063,7.7772694
ISIC_9018696,-3.9824955,2.9386744
ISIC_1199167,-2.1030107,3.8058362
ISIC_5944362,-3.4541278,2.7714531
ISIC_7365593,-2.8834114,2.949466
ISIC_7284546,-3.8994782,2.6699705
ISIC_5054970,-3.8534214,7.341365
ISIC_8857322,-1.9793434,5.988742
ISIC_2046323,0.20668583,9.780092
ISIC_3265817,-3.2826784,6.2400618
ISIC_2580974,-4.377093,2.690946
ISIC_7340333,-5.4983044,6.7357917
ISIC_2311853,-4.8712854,4.7196236
ISIC_3794620,-4.718602,3.3884792
ISIC_2747596,-0.79116637,6.570313
ISIC_3959713,-4.077937,6.163032
ISIC_2839614,-1.4431269,4.664159
ISIC_2857248,-3.3201246,6.944773
ISIC_5785135,-0.6599601,5.2486086
ISIC_2093906,-0.7731643,6.2693715
ISIC_0208357,-3.319725,2.780126
ISIC_1860202,-6.456063,5.4223237
ISIC_9599992,-4.3447104,6.207245
ISIC_3479083,-4.34646,2.4742086
ISIC_7003219,-0.9796086,6.090126
ISIC_3317643,-2.860075,3.4987786
ISIC_6949754,-4.5123224,3.7705996
ISIC_2334810,-4.080369,2.482718
ISIC_0124081,-4.569015,3.6381824
ISIC_3152857,-4.7804804,6.260424
ISIC_4148797,-2.9238424,6.9068723
ISIC_0204389,-3.0648835,2.9239287
ISIC_7929528,-1.8139011,10.264049
ISIC_7727795,-2.802043,2.699412
ISIC_3414486,-4.028559,8.734865
ISIC_3063817,-2.2989492,2.9058146
ISIC_0858555,-0.7351741,5.8870764
ISIC_0317094,-2.0513687,3.1403592
ISIC_4935816,-4.8144507,5.2798123
ISIC_7029533,0.08516395,6.23838
ISIC_0077054,-3.8158379,8.960604
ISIC_1510512,-5.6998706,9.232257
ISIC_2527161,-4.016996,3.0144475
ISIC_1080345,-2.0039978,4.3378882
ISIC_7520217,-3.1936646,2.8437436
ISIC_6367091,-2.180917,3.2548888
ISIC_3362890,-3.049544,3.1075315
ISIC_0230087,-3.164974,4.2702246
ISIC_8808076,-4.1272664,9.119697
ISIC_1329019,-3.0611045,5.9268
ISIC_5239106,-6.5685663,7.9865227
ISIC_2735511,-3.9403105,4.085471
ISIC_8356711,-4.4755945,3.9554172
ISIC_0268984,-3.7219238,7.7294984
ISIC_8097741,-4.4219427,2.5820005
ISIC_3897686,-2.827176,2.994243
ISIC_3909654,-3.4831138,7.2385063
ISIC_8439407,-3.8465052,2.8577824
ISIC_8470224,-4.707835,3.9620385
ISIC_2973607,-6.002432,5.288826
ISIC_8544988,-6.824273,8.43834
ISIC_7915016,-4.540975,2.7493315
ISIC_6532286,-4.060787,2.4913838
ISIC_1416314,-1.4100918,4.5113964
ISIC_4771678,-4.3030233,3.4276354
ISIC_1285909,-2.601888,2.6554923
ISIC_7555988,-3.064356,2.7514906
ISIC_2021070,-4.382066,3.1184895
ISIC_9750600,-2.1833088,4.237108
ISIC_0772256,-1.1137462,7.4337597
ISIC_3020882,-2.9984412,7.3545794
ISIC_9227283,-5.7719226,6.4668074
ISIC_6590195,-1.6182581,5.4507446
ISIC_9025095,-5.293793,4.6755815
ISIC_0539206,-5.996408,4.630962
ISIC_8627581,-4.565837,4.837407
ISIC_4218589,-3.3566506,2.6237056
ISIC_2170617,-2.8695414,7.5533133
ISIC_5064090,-5.3116474,6.7928467
ISIC_9700218,-2.1582646,9.423315
ISIC_4171839,-6.286197,8.749536
ISIC_4887943,-3.7376509,7.0538015
ISIC_5634823,-4.4391947,7.6968565
ISIC_5293815,-0.27352887,7.4021482
ISIC_3201153,-2.663341,3.4651692
ISIC_7436712,-2.5930138,6.053695
ISIC_4038238,-4.8974886,5.7487087
ISIC_4609417,-3.248565,3.2248285
ISIC_2391545,-5.103676,7.9613967
ISIC_6747251,-4.0139585,4.220631
ISIC_1010358,-6.218778,8.955164
ISIC_9875968,-5.81484,8.489857
ISIC_1796015,-3.2698143,2.628248
ISIC_2973033,-5.8893557,7.2355604
ISIC_6993481,-1.0379118,6.5971212
ISIC_1135697,-2.3464007,2.8684702
ISIC_1656295,-5.5955615,6.6540484
ISIC_5052804,-6.540904,7.9172363
ISIC_8601570,-5.5292,5.613779
ISIC_4973062,-4.224999,3.7391675
ISIC_3539795,-6.510793,6.102187
ISIC_0320008,-6.614819,8.134333
ISIC_6210274,-2.9390688,7.9351397
ISIC_3772519,-5.787196,8.580179
ISIC_3853000,-4.3932557,2.7719314
ISIC_4262185,-4.51605,9.284705
ISIC_3138874,-3.4779518,2.9485407
ISIC_3204703,-6.7513957,7.920973
ISIC_2127883,-3.3674235,6.600158
ISIC_4310441,-4.260444,2.7202456
ISIC_3250692,-3.914545,8.788384
ISIC_4272095,-4.3143864,3.5766265
ISIC_2522593,-2.2175107,2.8428884
ISIC_8951479,-1.1749072,9.059715
ISIC_4845560,-5.285294,8.773695
ISIC_9204844,-3.053977,3.3664637
ISIC_9365663,-4.250621,2.3786523
ISIC_9666538,-4.3249803,2.9925263
ISIC_3155654,-2.6174712,2.8229098
ISIC_2025971,-1.2032223,5.860377
ISIC_5298476,-2.8646898,6.132367
ISIC_7799504,-1.5074669,3.9022527
ISIC_6162714,-3.8175762,4.6231284
ISIC_6866299,-1.7451551,4.3312535
ISIC_9816264,-2.7071214,2.71548
ISIC_6315760,-2.9303126,3.0889385
ISIC_9138708,-3.2360866,4.725489
ISIC_1574997,-3.1446621,3.064951
ISIC_7954970,-2.2008922,3.3236957
ISIC_9159246,-2.5194583,2.8826487
ISIC_5344273,-5.7670193,5.403568
ISIC_5787263,-1.3546582,6.232256
ISIC_6715416,-6.0201554,6.987112
ISIC_9060041,-1.7543467,3.791151
ISIC_0676527,-1.7162871,4.8853106
ISIC_2516006,-5.9642024,7.447999
ISIC_6023245,-5.6766686,4.888873
ISIC_1206880,-5.1642137,4.284443
ISIC_6503533,-4.9295382,4.507875
ISIC_6272878,-2.8826997,7.1430483
ISIC_7953190,-1.2410257,5.9567423
ISIC_3822340,-4.126757,3.1443365
ISIC_0866932,-4.487865,4.9052906
ISIC_9668533,-1.7114078,4.024775
ISIC_2220505,-2.8814154,6.2094393
ISIC_0865713,-1.1335696,5.372067
ISIC_5297462,-4.305882,2.3517146
ISIC_6421085,-3.4279356,3.5158885
ISIC_5350161,-3.3071847,2.853704
ISIC_2247564,-2.784267,4.5039797
ISIC_4314742,-1.9188634,3.7643702
ISIC_4538438,-1.9079461,7.1442986
ISIC_6176256,-2.1880925,3.2291996
ISIC_1982635,-4.2907004,2.6577227
ISIC_9853363,-3.4482026,7.9039207
ISIC_5873586,-2.2016635,3.224913
ISIC_6133264,-4.1419086,2.7122087
ISIC_5378716,-5.1627264,4.701769
ISIC_6720006,-4.350261,3.0423546
ISIC_6500642,-1.9212096,3.689461
ISIC_9553909,-3.2564886,6.017498
ISIC_7818562,-3.1869154,8.607897
ISIC_7243195,-5.804643,7.7128735
ISIC_9791119,-3.3261678,4.021718
ISIC_0893723,-5.564659,8.819724
ISIC_3501503,-3.9326007,2.3866959
ISIC_8944107,-2.7791402,2.6538153
ISIC_5426572,-2.889875,3.2146251
ISIC_3265547,-5.0826845,6.6576686
ISIC_0823269,-3.6960933,3.0634084
ISIC_6935679,-4.4054117,2.6256163
ISIC_8154140,-2.3256035,3.268062
ISIC_3644082,-1.4185076,6.4802094
ISIC_5832081,-3.5192301,7.717038
ISIC_6287939,-3.1809216,7.600596
ISIC_5385783,-1.0190203,6.3084235
ISIC_2505856,-3.3937538,3.8528957
ISIC_9181159,-3.5675592,7.9589744
ISIC_1536397,-5.8488445,7.7679286
ISIC_3670069,-4.475999,5.8529654
ISIC_5311382,-4.97324,8.880209
ISIC_1999475,-3.6992571,3.112193
ISIC_5232516,-4.299477,9.24453
ISIC_5819591,-4.298071,2.6156669
ISIC_3009842,-1.6848683,5.5413694
ISIC_5989590,-2.6550207,3.1625881
ISIC_6773668,-6.4086943,7.4615126
ISIC_1621625,-2.283232,3.1023192
ISIC_8754259,-1.262848,6.43885
ISIC_1370640,-2.0033412,3.7394307
ISIC_1375082,-2.469105,3.1213644
ISIC_6005871,-2.5500803,2.5083172
ISIC_3861361,-6.281904,7.534573
ISIC_4957526,-1.2154201,4.9249644
ISIC_2655730,-6.2600746,6.5864983
ISIC_8159052,-2.5795858,2.7673965
ISIC_1217694,-2.8865156,3.3584833
ISIC_6171588,-3.9808679,3.6195076
ISIC_0950510,-6.676475,8.192061
ISIC_4680765,-4.812692,6.2907376
ISIC_5255131,-5.174697,8.000172
ISIC_8488027,-1.9362067,5.5060706
ISIC_1683911,-4.4649734,3.3922627
ISIC_1969306,-2.4945145,4.5390177
ISIC_7562678,-3.0628595,6.1579323
ISIC_6875256,-4.130235,2.3762789
ISIC_8361691,-3.1435814,7.1173415
ISIC_1477798,-4.697503,3.813221
ISIC_2183795,-5.727759,7.632898
ISIC_4780938,-3.8928137,3.9553597
ISIC_2803954,-3.401675,2.693236
ISIC_7876616,-6.520413,8.782796
ISIC_6045266,-2.3300936,5.347698
ISIC_8976041,-4.9223323,4.353
ISIC_5972709,-5.962476,6.047015
ISIC_5993206,-0.33653685,9.882203
ISIC_8505283,-2.1769211,5.7362485
ISIC_9841903,-2.7466702,3.8076484
ISIC_5979125,-2.6484103,4.0602984
ISIC_2642475,-7.1973815,8.189526
ISIC_1069165,-4.1829743,5.017686
ISIC_5062776,-4.345273,5.235486
ISIC_8961614,-5.0224395,5.913935
ISIC_6976701,-3.534492,2.963032
ISIC_7805735,-1.9999766,5.7266183
ISIC_9403836,-2.1165373,6.351322
ISIC_9570959,-3.2528393,4.4768157
ISIC_3483103,-3.8824105,2.516191
ISIC_7949818,-2.4613242,2.9112616
ISIC_4338535,-0.974069,5.2871585
ISIC_6508139,-2.3918393,2.5690427
ISIC_8368960,-1.2691746,5.2421374
ISIC_6993040,-1.273062,6.034716
ISIC_5745809,-4.7841506,8.079652
ISIC_8260085,-3.7530565,3.3506474
ISIC_4983893,-2.2278876,2.9781587
ISIC_9849120,0.65932304,6.8277044
ISIC_5867806,-2.7389078,2.7207074
ISIC_6748152,-5.442844,8.36474
ISIC_8448006,-3.2427168,3.3504858
ISIC_4649816,-1.692409,4.9685736
ISIC_3539413,-6.8676257,5.9091673
ISIC_4410078,-3.5713806,3.066989
ISIC_4337693,-5.1541896,7.7198033
ISIC_5714835,-5.727256,5.179616
ISIC_8759947,-3.3957934,3.3432648
ISIC_1675475,-3.1270983,2.6785092
ISIC_4062304,-6.1487074,4.8510904
ISIC_1800713,-3.5941117,4.2665067
ISIC_2432981,-3.3801324,7.9622927
ISIC_5174728,-3.4392002,3.7127664
ISIC_5698613,-4.8889985,5.6329937
ISIC_3513821,-6.0002723,6.247795
ISIC_1845537,-3.3117018,2.748705
ISIC_2950662,-3.4399548,3.1258237
ISIC_4497730,-4.0480347,3.811939
ISIC_9569670,-1.856452,7.8617387
ISIC_6374674,-4.7152286,8.374622
ISIC_8614302,-3.1779523,3.6204402
ISIC_4554471,-3.7151394,2.7181408
ISIC_3410251,-2.9684618,3.6002517
ISIC_1636355,-4.4109855,5.7318993
ISIC_1091566,-1.38886,4.8645983
ISIC_1346867,-3.0503452,3.263463
ISIC_5814193,-3.7434716,7.077666
ISIC_6698922,-2.6345727,2.6633248
ISIC_8413819,-3.0150168,3.554012
ISIC_6881361,-3.994605,2.8895717
ISIC_8285958,-2.8804371,6.662346
ISIC_7646698,-2.9799225,7.3362584
ISIC_4252694,-6.453618,5.3908625
ISIC_8657995,-2.2983994,3.0094883
ISIC_4191930,-3.31161,7.942307
ISIC_5990006,-4.311653,2.9601257
ISIC_4686711,-3.1055627,3.7631562
ISIC_5634198,0.5923501,8.856428
ISIC_8621381,-2.3559315,2.9453437
ISIC_0350119,-3.5296938,2.6275706
ISIC_6945898,-3.5556078,3.7710366
ISIC_2106139,-6.0331154,6.9070215
ISIC_1607224,-3.1667283,3.0886724
ISIC_2843665,-1.2791175,7.8147254
ISIC_3094215,-2.3729782,6.8797517
ISIC_4722294,-2.2546952,4.592068
ISIC_9227362,-0.88073355,5.149506
ISIC_4523525,-4.5372524,6.69048
ISIC_3148471,-4.1574693,2.6077375
ISIC_1544622,-6.200322,7.0081263
ISIC_5270147,-2.008451,5.6047487
ISIC_3120412,-2.534534,2.9303365
ISIC_1595205,-4.1759377,2.4576297
ISIC_0076255,-4.111319,7.886963
ISIC_1119886,-3.8548071,3.4206266
ISIC_7805699,-4.9232616,9.030407
ISIC_2283635,-2.3849404,2.8833728
ISIC_0815023,-4.8623056,8.359342
ISIC_8572463,-0.23958555,5.65217
ISIC_5182952,-2.7869887,5.2984447
ISIC_8026822,-5.6254435,7.961907
ISIC_9390664,-5.203576,3.8697605
ISIC_8072870,-6.6499767,6.873312
ISIC_1126401,-5.2773423,6.9036713
ISIC_8612251,-5.6530714,8.646726
ISIC_1327315,-3.1279573,2.8909671
ISIC_9802157,-5.0056205,5.554602
ISIC_3420236,-6.5181923,6.912194
ISIC_1255149,-3.8115523,3.3839362
ISIC_9546309,-2.5184867,5.6762385
ISIC_5841767,-1.6753851,4.7433968
ISIC_7907324,-2.651546,6.0563564
ISIC_9445672,0.50991493,5.3315754
ISIC_3163093,-1.6993173,4.178568
ISIC_0646544,-0.19230516,9.860001
ISIC_6391693,-6.7969217,7.783673
ISIC_5552683,-6.143466,6.3545694
ISIC_3792868,-2.4608521,2.6638513
ISIC_7451740,-1.8990526,3.9695783
ISIC_0651228,-5.921775,8.222966
ISIC_3088033,-0.9892193,5.6955976
ISIC_9987719,-4.235737,2.6771748
ISIC_6168277,-3.908535,3.5150166
ISIC_7521530,-4.6436872,6.809619
ISIC_8543046,-3.8228939,3.5941143
ISIC_6454913,-4.38621,8.512227
ISIC_5306085,-1.7587842,9.207683
ISIC_2030005,-6.1702437,5.843981
ISIC_0783408,-2.0653572,7.526068
ISIC_3197377,-2.3034701,2.835604
ISIC_1517003,-2.0959792,3.1091568
ISIC_4564958,-2.620747,2.7609773
ISIC_8191013,-2.4868724,6.7467523
ISIC_7018101,-6.250434,7.5604935
ISIC_5826969,-0.5616954,5.8060746
ISIC_5185179,-1.2252021,5.876019
ISIC_4380028,-3.4733193,6.8863134
ISIC_2833179,-4.0078626,2.758179
ISIC_8254014,-2.9207335,6.5373044
ISIC_6358411,-1.4238696,6.156203
ISIC_9132204,-0.41184244,4.6211686
ISIC_4463160,-2.6389177,2.7807956
ISIC_3487034,-6.32585,6.945973
ISIC_4757447,-2.9166358,6.404833
ISIC_3822722,-4.0699677,2.7151387
ISIC_0387826,-6.8129396,7.441825
ISIC_1061716,0.32970962,8.863603
ISIC_1749046,-2.3186202,6.4582267
ISIC_9571862,-4.3222947,5.1107564
ISIC_4045574,-5.475374,8.146195
ISIC_0698052,-2.328097,5.796378
ISIC_2651140,-3.2319963,4.5804195
ISIC_0970615,-4.7675133,8.854013
ISIC_1874410,-4.1468463,2.8243964
ISIC_4792565,-1.8755157,7.4150434
ISIC_5967889,-5.1357794,6.5757046
ISIC_5772488,-2.916217,6.609729
ISIC_9766600,-4.3401556,2.7767987
ISIC_7126369,-3.3613598,3.8861668
ISIC_8054499,-5.5824766,5.768113
ISIC_5550212,-3.6051028,3.8076408
ISIC_5638742,-5.067024,8.483051
ISIC_4061154,-4.765195,4.710094
ISIC_9140582,-2.2527685,2.8315308
ISIC_2991167,-3.5041223,3.2511392
ISIC_1341677,-2.550106,3.4237163
ISIC_5792872,-2.6109269,6.982161
ISIC_7619664,-1.018081,5.122787
ISIC_0979678,-3.8640122,2.548169
ISIC_3047578,-5.0436444,9.1872835
ISIC_1179992,-2.938508,6.8386145
ISIC_7507858,-1.8020892,4.280678
ISIC_5235518,-3.582879,2.3778064
ISIC_4901933,-4.3707314,3.3340876
ISIC_9356329,-2.0464375,4.504666
ISIC_5022439,-4.7138114,5.891505
ISIC_7227216,-1.5611544,4.8820868
ISIC_5555712,-5.6996107,6.581956
ISIC_1132361,-5.009713,3.6929905
ISIC_3836648,-4.7951603,7.2844143
ISIC_2616471,-2.4360702,2.9489686
ISIC_6611061,-2.3572073,2.8990693
ISIC_0613695,-6.829699,8.540439
ISIC_9642724,-3.8657622,2.725139
ISIC_8577350,-3.205609,2.4920902
ISIC_3042456,-1.8348918,4.368801
ISIC_5018463,-2.44382,6.6923423
ISIC_1225678,-5.494089,5.5174236
ISIC_9558332,-2.2371414,9.359782
ISIC_0835030,-3.4390519,2.6421905
ISIC_4473773,-5.254011,5.8746867
ISIC_8255125,-4.237751,8.357433
ISIC_7638974,-5.2309947,4.4558334
ISIC_2264421,-4.0471506,2.6623073
ISIC_1832093,-3.4566135,3.1696992
ISIC_8593738,-5.478594,6.5274143
ISIC_7775074,-2.8816285,6.190746
ISIC_7351010,-2.9691875,6.853653
ISIC_9232753,-4.8590155,5.65939
ISIC_0378725,-3.255587,3.0445993
ISIC_7132196,-2.8583791,7.7438674
ISIC_7546221,-5.382622,8.158105
ISIC_1133187,-4.1904116,2.6313367
ISIC_3938095,-4.219284,3.6369843
ISIC_2020975,-2.0941696,3.643755
ISIC_3774225,-2.9262676,6.353118
ISIC_9490906,-4.3730807,3.0125313
ISIC_1102101,-0.22701712,5.542088
ISIC_8274052,-4.5002117,2.74644
ISIC_1828562,-6.3394103,9.063877
ISIC_8344886,-1.1286376,7.5719614
ISIC_9757709,-3.478724,3.5469828
ISIC_0935658,-3.7305782,2.4841924
ISIC_7363608,-3.2931373,7.045453
ISIC_4494886,-2.3662424,3.721868
ISIC_4413011,-5.910962,4.997918
ISIC_4265106,-3.1481254,6.5103164
ISIC_8322623,-2.0126946,4.1347003
ISIC_1347581,-4.4466624,3.9433315
ISIC_9002119,-0.7785856,5.789653
ISIC_2214376,-3.400249,6.1323905
ISIC_2174727,-5.3190494,8.632617
ISIC_6250586,-3.416414,2.9115627
ISIC_8726132,-5.5173492,7.8640976
ISIC_6327728,-5.503909,6.485131
ISIC_8513973,-4.394232,3.7085922
ISIC_2029702,-2.1710517,3.4744344
ISIC_0444953,-4.334775,4.164514
ISIC_7264785,-3.1646357,3.300951
ISIC_3002045,-4.018963,3.6373522
ISIC_5129541,-6.427053,7.599985
ISIC_5949139,-3.0879378,6.4973803
ISIC_0101955,-4.8611455,6.0292315
ISIC_6167789,-2.0933633,5.1897297
ISIC_9468437,-1.5104631,4.5270357
ISIC_5216960,-3.8651342,3.9531593
ISIC_0913648,-2.2510347,2.8266928
ISIC_8556393,-4.1772175,3.3634443
ISIC_2751556,-1.595943,4.3144574
ISIC_4345273,-5.1329947,8.817708
ISIC_8615296,-4.8319025,5.9921837
ISIC_3472228,-2.4959583,7.0544987
ISIC_0138914,-4.5509973,3.0916743
ISIC_7110687,-5.7447834,7.3520956
ISIC_5452980,-5.32552,6.770178
ISIC_9710618,-3.375071,3.6130528
ISIC_4932148,-2.5975125,2.819875
ISIC_2205902,-1.1371607,7.695078
ISIC_3741929,-5.6633625,5.3732967
ISIC_7486855,-2.4635057,2.927735
ISIC_3365437,-5.974339,5.996009
ISIC_7623387,-3.6588292,2.9731338
ISIC_2989365,-5.8143377,8.848525
ISIC_0857448,-7.018859,7.707787
ISIC_2669811,-1.9188986,5.343185
ISIC_0796805,-2.214654,5.9254727
ISIC_9875364,-4.996635,8.36122
ISIC_3526427,-1.5022604,4.4497724
ISIC_5033470,-2.9370813,7.0157695
ISIC_0383910,-4.20107,2.3518775
ISIC_6252442,-2.8398817,3.3168328
ISIC_3585759,-4.357083,2.4088461
ISIC_9171793,-5.337816,9.028634
ISIC_5723091,-4.01348,4.1876903
ISIC_9103397,-2.7915313,5.2196302
ISIC_9099090,-2.693976,4.3776555
ISIC_5529223,-7.3154845,7.6176944
ISIC_2847750,-3.839626,2.5712311
ISIC_5472264,-4.1961284,2.4485805
ISIC_9093424,-2.7979288,2.9373775
ISIC_1927934,-3.1298592,6.180558
ISIC_0892888,-3.613341,3.3555744
ISIC_4943359,-1.0679548,5.9649463
ISIC_3360235,-4.5108395,3.2817426
ISIC_1625882,-3.530217,2.6407096
ISIC_2501467,-4.3219795,6.267416
ISIC_2410311,-2.4699457,2.5011132
ISIC_2153011,-2.2248325,3.288119
ISIC_2323901,-2.500028,2.8420682
ISIC_9796777,-2.7324724,2.9724867
ISIC_2961262,-6.3863945,7.9841166
ISIC_7016834,-5.781871,7.2813063
ISIC_5804522,-4.912823,8.10962
ISIC_9157592,-3.4187233,7.7211795
ISIC_0155053,-2.35949,2.7255855
ISIC_5268767,-4.031609,2.579006
ISIC_3866655,-5.624317,4.781002
ISIC_0115985,-2.7501333,3.9983668
ISIC_6325623,-2.2201958,6.898326
ISIC_8446431,0.39319366,8.831924
ISIC_3063587,-3.7386088,6.2303553
ISIC_7441024,-2.6534882,2.5585687
ISIC_3631183,-3.305503,5.9729896
ISIC_9216457,-2.6693618,4.6970263
ISIC_5923153,-1.0163862,4.6033216
ISIC_8976859,-3.5755143,2.5850914
ISIC_4215075,-1.4842552,5.965347
ISIC_6344855,-3.3176608,6.7879457
ISIC_0758242,-4.425485,2.9056664
ISIC_7395485,-5.217524,6.478998
ISIC_6355154,-4.1169567,6.67259
ISIC_9506376,-5.056899,8.6099415
ISIC_5728294,-2.8155515,6.3426
ISIC_1242474,-2.3957543,2.8944476
ISIC_2921430,-3.5603094,2.7188673
ISIC_1642723,-1.9295939,3.6705422
ISIC_4542004,-3.040039,2.5640094
ISIC_6788333,-5.2777486,8.118753
ISIC_3298166,-5.5152955,8.137422
ISIC_3460141,-2.8398952,5.8959246
ISIC_3824162,-2.9089837,2.961807
ISIC_2515747,-3.5722742,8.202895
ISIC_9404018,-4.4457746,2.8577552
ISIC_5249321,-2.8645651,7.7183414
ISIC_0528949,-5.59141,5.5830426
ISIC_0958977,-2.695656,5.4073205
ISIC_9886748,-4.1880355,2.491048
ISIC_5042253,-3.4059556,3.3406875
ISIC_9353865,-6.773545,7.97202
ISIC_7682533,-5.4726396,9.035888
ISIC_9064266,-4.543975,3.5109031
ISIC_5628874,-6.0827045,5.450659
ISIC_0817051,-3.9233205,2.805402
ISIC_4325233,-2.9940014,2.973069
ISIC_0220890,-1.8445343,6.0711265
ISIC_7843146,-5.5477014,7.2396545
ISIC_8667960,-3.395717,7.3159466
ISIC_7030907,-2.9654334,2.4713225
ISIC_6005450,-1.4278127,5.2392073
ISIC_0187220,-3.832366,3.0072515
ISIC_6221556,-3.7410245,7.041665
ISIC_4482209,-4.5991125,5.3256974
ISIC_7657322,-4.658874,9.277777
ISIC_1420953,-2.2175293,4.154299
ISIC_9866460,-5.903238,5.635255
ISIC_8355069,-4.140402,3.2344234
ISIC_7367155,-1.6378367,5.944441
ISIC_7943939,-3.3732567,7.145999
ISIC_9820266,-6.299839,7.8894544
ISIC_3235332,-3.7144294,2.9332182
ISIC_4796147,-1.8916043,3.4136314
ISIC_3735182,-4.2036486,8.034149
ISIC_5017355,-6.1605625,7.2984953
ISIC_2190119,-2.3806272,4.2194424
ISIC_4728787,-5.9022946,6.975412
ISIC_5836698,-2.423211,3.3578308
ISIC_2793180,-6.9033017,6.8471665
ISIC_7610657,-2.2094085,3.0015764
ISIC_2650547,-3.0445929,3.4011345
ISIC_0835458,-0.84379697,4.8059683
ISIC_8952365,-0.22726248,5.783983
ISIC_0097302,-4.405046,3.5548065
ISIC_2038875,-1.9378692,5.234555
ISIC_5350286,-2.7362247,3.0607686
ISIC_2824759,-3.0264943,3.0028162
ISIC_2205187,-5.126098,9.233465
ISIC_8839205,-3.1623037,2.7285285
ISIC_3658823,-1.8003697,3.5877903
ISIC_2410902,-5.9007134,7.594365
ISIC_7788766,-1.5823067,3.980093
ISIC_1201025,-6.1487517,8.508501
ISIC_6730312,-5.4520755,6.5581584
ISIC_2472012,-2.4109123,4.428439
ISIC_5124607,-3.5539951,2.5959508
ISIC_7319186,-1.4144131,6.607217
ISIC_7901805,-0.9891379,9.423826
ISIC_8699233,-2.799164,3.8487616
ISIC_9161612,-2.487189,2.974438
ISIC_8509634,-5.115844,5.2388105
ISIC_9706117,-6.104451,5.5095954
ISIC_0479656,-0.8630751,7.911895
ISIC_2376934,-6.586022,7.672755
ISIC_1111101,-1.1901174,9.647571
ISIC_8032507,-4.018033,7.584084
ISIC_3846262,-4.4483047,2.9443314
ISIC_7251011,-4.244404,2.4005635
ISIC_2054960,-4.461416,6.255163
ISIC_5686739,-2.4793007,2.7459323
ISIC_9497415,-1.8416364,4.3004436
ISIC_8143135,-1.81129,3.7941334
ISIC_9071975,-1.4047885,6.1208963
ISIC_4548759,-5.385071,3.756448
ISIC_0393134,-2.1305938,3.514858
ISIC_2490728,-3.3648446,5.9244113
ISIC_5144687,-6.604408,7.2992263
ISIC_5090480,-4.1430054,6.0248427
ISIC_8402813,-4.387773,8.145758
ISIC_8285845,-3.3455012,2.568941
ISIC_8678969,-2.116872,10.732839
ISIC_7982443,-0.44324666,5.483965
ISIC_4224540,-2.9457655,3.0847723
ISIC_8744116,-4.9380336,7.0637336
ISIC_8040056,-4.955462,9.454772
ISIC_4585749,-5.5871596,5.76344
ISIC_6357740,-5.7450466,5.933722
ISIC_8943527,-1.0626489,4.1792817
ISIC_8766762,-4.4171724,4.737598
ISIC_0289550,-4.4631505,2.6063821
ISIC_7629062,-2.6981807,6.01944
ISIC_7883260,-7.1187005,7.1194158
ISIC_9685758,-4.772744,7.942626
ISIC_1994166,-1.7967314,5.8260612
ISIC_5246161,-4.370791,3.3526134
ISIC_2740604,-4.1897116,8.627862
ISIC_7473131,-3.8832085,2.435616
ISIC_4886295,-6.9881663,7.2831864
ISIC_5707695,-4.137705,2.9029648
ISIC_7973098,-7.016903,7.770855
ISIC_9896561,-2.893418,7.059584
ISIC_7882504,-2.832884,3.1215336
ISIC_7916653,0.9550868,7.4848623
ISIC_1966383,-4.0329084,3.5439775
ISIC_5321479,-2.6585917,5.633235
ISIC_8667734,-2.6553469,7.3292828
ISIC_1457973,-2.850542,2.7644897
ISIC_0369681,-1.6246678,4.44348
ISIC_1720500,-3.9190328,3.197301
ISIC_5511054,-5.817981,8.97097
ISIC_7391014,-5.140042,6.1687145
ISIC_1156133,-3.5314353,2.6806545
ISIC_4278930,-5.913275,6.830286
ISIC_7307945,-6.5947833,8.576698
ISIC_1464471,-3.9998837,2.366586
ISIC_2683795,-2.4537995,6.751501
ISIC_0694740,-4.3863096,2.6000242
ISIC_2612910,-4.030494,3.152601
ISIC_1241018,-4.821141,5.8655777
ISIC_1064441,-1.0879813,4.387037
ISIC_9351886,-4.8170176,9.216394
ISIC_2740122,-2.493897,3.2698812
ISIC_7208631,-2.31504,7.021387
ISIC_0370218,-3.35409,7.945021
ISIC_0310855,-6.2994847,7.363898
ISIC_9041525,-6.796243,7.103395
ISIC_1215920,-3.3946733,2.7419443
ISIC_2146757,-2.693802,3.6805084
ISIC_5745126,-6.416068,7.7654214
ISIC_3587898,-5.4761634,7.972283
ISIC_8712502,-2.5727916,2.761483
ISIC_9250781,-1.4292212,5.3473206
ISIC_4080973,-1.4286417,5.1108565
ISIC_1959902,-3.277041,2.8090162
ISIC_4156628,-5.112296,8.919994
ISIC_6070426,-2.1451967,10.670553
ISIC_9561756,-3.9765146,8.634781
ISIC_8370666,-3.4735587,3.5546272
ISIC_3547942,-2.5157,5.7704425
ISIC_0650927,-3.5882523,3.1739469
ISIC_6582004,-2.579886,2.9709332
ISIC_7838537,-3.4152632,4.592381
ISIC_5179024,-2.6774838,2.9371212
ISIC_7261525,1.0624144,7.4697075
ISIC_8468152,-3.1053379,7.0085554
ISIC_8193005,-3.441593,2.6931422
ISIC_9218783,-2.666301,2.783175
ISIC_5442968,-1.246937,9.840765
ISIC_8023105,-3.710947,7.5083237
ISIC_8152761,-3.5489063,3.6135309
ISIC_4583761,0.57625455,9.997313
ISIC_5686692,-4.728747,7.581082
ISIC_5912360,-5.747064,7.1546397
ISIC_4252005,-4.6849623,3.544416
ISIC_5271791,-1.5974162,4.2837825
ISIC_0743555,-4.2462273,3.676515
ISIC_0632001,-1.1711957,8.688366
ISIC_3596524,-3.2923791,2.9242518
ISIC_5963071,-3.143996,6.87526
ISIC_1191996,-6.4557085,7.676611
ISIC_3799953,-3.1547165,6.777662
ISIC_6569850,-2.4200037,8.262886
ISIC_1420747,-2.9614735,6.8287373
ISIC_7083773,-4.4814816,3.2605019
ISIC_1284470,-6.33389,8.384413
ISIC_5728052,-4.896697,9.377302
ISIC_8260850,-3.0428221,2.8680403
ISIC_7189526,-6.819062,6.939562
ISIC_5194644,-0.4868687,6.7380595
ISIC_2366596,-1.5901294,4.8886604
ISIC_9867644,-3.788799,2.8522837
ISIC_6488682,-3.6010594,2.3439808
ISIC_1154162,-2.6696122,2.889766
ISIC_4485409,-3.9391663,6.5408454
ISIC_3259414,-4.324768,2.5417361
ISIC_1701846,-3.3179789,2.8105476
ISIC_3675396,-5.664368,6.0482
ISIC_5419605,-2.6048443,2.785489
ISIC_3408779,-2.2217047,3.6165426
ISIC_3457455,-6.0285864,5.945198
ISIC_4820255,-2.9251823,5.7534084
ISIC_9995871,-3.340001,3.4930928
ISIC_7806895,-6.1033206,6.437207
ISIC_2763588,-1.7812638,6.9779983
ISIC_1464557,-2.8917074,6.0107284
ISIC_3011551,-2.9609613,2.5350177
ISIC_6672065,-3.4664352,2.4698467
ISIC_3780652,-4.261482,2.479914
ISIC_5242235,-3.2898529,2.3876052
ISIC_9051937,-1.3858424,4.831953
ISIC_7733305,-3.5607033,3.9424214
ISIC_3965502,-4.447591,3.2720647
ISIC_2212095,-5.9670687,9.263737
ISIC_6333987,-2.020078,6.0906186
ISIC_5996846,-4.485301,4.7814393
ISIC_6239365,-0.20402077,9.785033
ISIC_6409368,-2.026783,7.0621176
ISIC_8392439,-4.372731,3.8260417
ISIC_7645103,-1.7255106,4.1895647
ISIC_1901212,-4.0510383,2.5992234
ISIC_2546925,-5.489503,8.116022
ISIC_4482349,-1.0745162,6.055331
ISIC_4307237,-0.5420815,6.263565
ISIC_4492759,-3.5866666,8.880619
ISIC_3488397,-2.570921,2.8363066
ISIC_9472474,-4.2109942,3.2422166
ISIC_2826846,-2.6632748,2.9021595
ISIC_2918081,-4.468549,7.907637
ISIC_2179705,-5.804358,7.1033998
ISIC_8229493,-3.9674082,3.4214547
ISIC_1419820,-3.1472228,2.967204
ISIC_9978058,-2.8910768,2.5723817
ISIC_6028688,-1.6784419,4.9513197
ISIC_7072857,-2.4849722,3.0326025
ISIC_4517401,1.766376,4.1994157
ISIC_4889822,-4.0235343,2.7629757
ISIC_5678147,-3.1267045,6.8269854
ISIC_8603109,-7.0020967,7.4292455
ISIC_3507614,-0.6141011,9.642808
ISIC_8038497,-2.951376,6.6937947
ISIC_8981897,-2.5958521,4.8827324
ISIC_2866672,-2.655612,7.0954266
ISIC_8675305,-3.5269604,2.347663
ISIC_0755088,-4.9909563,7.228711
ISIC_7548342,-5.466048,8.567732
ISIC_7828331,-3.050046,2.692868
ISIC_3122147,-4.222326,2.3078167
ISIC_9890254,-3.7323585,8.33512
ISIC_7876083,-1.9072534,3.7055345
ISIC_3540482,-5.4697905,6.3541865
ISIC_1149850,-3.875215,2.532029
ISIC_6484938,-2.4363515,3.3577518
ISIC_9250721,-4.803962,3.2383642
ISIC_1550198,-4.8523707,8.366627
ISIC_3527498,-2.442827,2.9879727
ISIC_4733429,-3.9140737,3.0903194
ISIC_7297776,-1.193553,4.0821314
ISIC_3995849,-5.808459,6.459824
ISIC_8325963,-0.8722169,6.079941
ISIC_2160854,-5.95839,5.866456
ISIC_0818540,-1.2421064,4.6789403
ISIC_7868177,-1.7617027,4.0675235
ISIC_3836165,-3.5357802,2.399249
ISIC_4138489,-1.7527406,4.9068556
ISIC_4235575,-2.040188,5.072087
ISIC_7851081,-5.446164,5.561478
ISIC_2335025,-3.7826893,2.5028634
ISIC_7793572,-2.2304053,6.0091643
ISIC_1205427,-2.7764902,6.08773
ISIC_2054135,-4.655001,3.5830002
ISIC_2754845,-3.5152147,8.392717
ISIC_0929356,-2.9396179,6.3246236
ISIC_6759359,-2.995405,7.503135
ISIC_9014235,-4.1052237,2.7431204
ISIC_6469024,-3.017539,7.4037895
ISIC_3504270,-3.9163005,2.434355
ISIC_8653825,-0.4942817,8.329633
ISIC_0525463,-2.1379204,8.384498
ISIC_1818416,0.15574852,9.917217
ISIC_1597752,-2.93734,5.819415
ISIC_1063001,-3.148754,2.994853
ISIC_9560618,-4.102033,4.0989957
ISIC_2633032,-0.13664614,8.479771
ISIC_1655136,-6.0599318,8.361557
ISIC_8433656,-3.0216775,2.7148497
ISIC_5891194,-5.2520723,6.425398
ISIC_4351882,-2.6654363,6.3471885
ISIC_1078763,-5.0943,7.730386
ISIC_8953643,-5.575424,6.4531107
ISIC_2485182,0.48348022,9.604746
ISIC_6771998,-3.594265,2.594075
ISIC_3372650,-5.4040413,7.140474
ISIC_3334573,-5.5596814,6.659329
ISIC_1081140,-2.4486046,2.7611365
ISIC_5679759,-5.0094604,3.3965394
ISIC_0508629,-7.3426704,7.507809
ISIC_4158219,-2.9265316,5.395789
ISIC_1746893,-5.3131423,8.17831
ISIC_5092515,-2.6162212,7.005267
ISIC_4613924,-4.0803323,2.4786017
ISIC_0499739,-7.3293223,8.084612
ISIC_7665103,-3.540136,3.0948768
ISIC_5659521,-0.76362044,5.6825333
ISIC_7274523,-3.8279483,7.2456174
ISIC_0831898,-5.970261,7.498091
ISIC_8060479,-2.4792242,3.5347373
ISIC_0670265,-3.9389422,4.1118026
ISIC_8627295,-4.5108814,2.7773952
ISIC_2267440,-5.117801,4.4949255
ISIC_7718206,-4.068063,4.9585443
ISIC_0743648,-0.80336577,5.9030685
ISIC_3033732,-5.8381524,7.779604
ISIC_6423450,-2.0657852,6.7362027
ISIC_8939939,-4.8894196,7.7574396
ISIC_2744993,-0.408541,9.257203
ISIC_7490723,-0.38961804,9.846609
ISIC_6373409,0.18119757,9.249221
ISIC_1490894,-5.6969523,8.030703
ISIC_1255858,-5.8442545,8.943698
ISIC_5315833,-5.2325354,4.9049816
ISIC_3933164,-6.690171,6.7782764
ISIC_2013192,-2.3523586,2.5570316
ISIC_9774801,-5.6627812,4.3146114
ISIC_8703792,-0.71195644,5.793298
ISIC_2384953,-2.2164848,3.6595528
ISIC_6043649,-4.423164,2.5315669
ISIC_7778161,-5.0590243,7.919876
ISIC_3957660,-4.954931,6.020231
ISIC_9474028,-4.4693565,2.5243456
ISIC_8618352,-0.90673226,5.331678
ISIC_2377324,-5.673309,5.8951883
ISIC_3147082,-4.273319,6.3485837
ISIC_0983974,-4.45473,8.163026
ISIC_9030826,-6.4168935,7.8388286
ISIC_1264034,-5.545421,6.414933
ISIC_9415992,1.0027683,6.791837
ISIC_1310746,-2.0295115,3.4899204
ISIC_0951274,-5.9257784,9.048645
ISIC_1947192,-1.8799331,3.6649761
ISIC_8525826,-5.3612633,6.7824173
ISIC_1472142,-3.9640617,5.803108
ISIC_6852771,-4.8613114,4.3802447
ISIC_8914963,-2.5796945,5.4751554
ISIC_3637593,-2.3115833,6.9521303
ISIC_7424370,-4.4004126,2.350409
ISIC_8945348,-2.6598978,3.6724885
ISIC_2769033,-5.5103183,7.8764973
ISIC_9821910,-3.219318,3.065203
ISIC_7116014,-5.6555357,7.22317
ISIC_5279946,-2.4809396,5.742362
ISIC_7858765,-5.5184546,5.293221
ISIC_3420179,-3.3291893,5.174513
ISIC_5835110,-3.103806,3.3656263
ISIC_8843537,-2.6479104,2.695258
ISIC_1901457,-0.58308357,5.0504155
ISIC_0571049,-4.154714,5.5967503
ISIC_2175811,-3.162229,3.072274
ISIC_0082674,-1.0891585,5.811778
ISIC_4281048,-6.8705015,6.543081
ISIC_7962171,-6.611619,6.976316
ISIC_8006314,-3.7809033,3.8490055
ISIC_9886654,-3.285354,3.5302618
ISIC_9424882,-3.4552598,6.96931
ISIC_1587160,-3.7564187,3.9607048
ISIC_9178763,-6.1424704,5.591767
ISIC_6825359,-6.8805647,6.265652
ISIC_8662604,-4.8985963,5.870431
ISIC_8695455,-4.5738187,2.6966622
ISIC_1816373,-0.99682856,6.97634
ISIC_1454751,-4.6134644,4.3616233
ISIC_1317686,-1.9260273,3.5368237
ISIC_0772652,-3.280203,3.7382166
ISIC_0822220,-3.4620848,3.36245
ISIC_5022731,-4.24738,5.52707
ISIC_9038494,-1.3642344,4.435425
ISIC_7241253,-2.1164856,3.7192743
ISIC_5185588,-0.8981899,6.4897137
ISIC_7330944,-4.8675027,6.521623
ISIC_7945457,-3.552551,3.881085
ISIC_3943135,-5.183513,8.359335
ISIC_4480326,-2.2740622,5.3874807
ISIC_7170025,-1.8816206,5.7080865
ISIC_3852630,-4.121263,2.5669606
ISIC_6278944,-6.9794593,7.805718
ISIC_3399647,-5.4415374,7.7279778
ISIC_8133623,-2.1568432,3.1124966
ISIC_9451867,-4.485597,7.845733
ISIC_3248418,-3.3916411,8.597854
ISIC_3862963,-3.4942768,2.3691175
ISIC_8776679,-2.8497183,3.2093706
ISIC_3837734,-3.7722025,3.0672176
ISIC_8830166,-2.7531865,2.8353386
ISIC_2470660,-3.868676,3.8631804
ISIC_0855454,-2.6828573,6.2929077
ISIC_6603451,-4.474583,4.3280954
ISIC_5484742,-3.7250953,4.518108
ISIC_0197527,-2.6831355,7.124059
ISIC_4605939,-3.259705,8.010545
ISIC_1344833,-6.215867,5.5593314
ISIC_5517500,-4.978474,3.6089656
ISIC_8894857,-3.3231418,2.5331054
ISIC_4204828,-4.09957,2.9417295
ISIC_1320525,-2.817208,7.864843
ISIC_1894633,-3.3354952,3.8529143
ISIC_3599799,-6.3873806,7.727316
ISIC_1472934,-4.497102,5.681316
ISIC_8541890,-2.62573,2.9152365
ISIC_2747022,-4.505483,7.2677655
ISIC_4969277,-0.6576896,9.052223
ISIC_2861892,-4.5360518,7.3788934
ISIC_3364269,-1.89221,4.201058
ISIC_1602614,-4.247679,3.2197568
ISIC_0561102,-4.5094204,4.484731
ISIC_0825152,-5.8202186,7.151811
ISIC_7902320,-2.4484215,3.5574157
ISIC_5402488,-0.9460702,6.143905
ISIC_5616230,-3.6070964,6.0642495
ISIC_0282454,-3.4342601,7.9276133
ISIC_8472225,-4.9000754,6.1892576
ISIC_6936754,-4.197348,2.753156
ISIC_3468250,1.0698887,7.551318
ISIC_0078190,-3.0587196,7.7728667
ISIC_4325688,-2.9248939,3.1481102
ISIC_8314749,-6.1301785,8.245252
ISIC_1465204,-4.623321,5.829438
ISIC_2380041,-4.361651,2.6072855
ISIC_6347418,-4.575741,4.140764
ISIC_1453805,-3.8629918,2.630203
ISIC_7116818,-6.4202714,8.000044
ISIC_0392480,-5.956597,6.1628666
ISIC_9147502,-0.12277609,9.817725
ISIC_1810342,-2.7488484,3.9027915
ISIC_3023437,-3.452628,8.301396
ISIC_5415740,-3.3394363,6.35941
ISIC_1741197,-1.7064527,3.680278
ISIC_2571626,-2.3333538,4.088806
ISIC_8860235,-2.7495413,3.1827745
ISIC_8068926,-5.265751,5.0890317
ISIC_4807554,-2.2302816,5.3815923
ISIC_1207350,-3.60161,4.060243
ISIC_6141356,-5.6977377,7.047045
ISIC_3088055,-2.9050841,2.9069026
ISIC_4419306,-1.4546864,9.422507
ISIC_6704813,-2.1158419,6.2738748
ISIC_3317755,-0.64174545,9.692663
ISIC_5157183,-4.857403,7.4875245
ISIC_2564687,-3.0411448,6.563628
ISIC_3445231,-5.8220253,7.3144984
ISIC_9163561,-4.4596004,2.8520064
ISIC_3869200,-3.9741833,4.342303
ISIC_3665449,-1.285222,5.1502247
ISIC_4499650,-5.8484526,8.9503975
ISIC_0500110,-2.2376957,5.8088264
ISIC_6429343,-3.020394,2.8417954
ISIC_8561066,-3.691634,7.2322764
ISIC_4275458,-1.3193547,5.6440983
ISIC_4232474,-3.2293015,4.217484
ISIC_8495426,-3.2389102,2.6979253
ISIC_8812260,-4.350806,2.4112356
ISIC_5447057,-3.40316,7.9535847
ISIC_7893518,-3.7817473,7.600754
ISIC_7819126,-3.5294611,3.6984477
ISIC_7193606,-2.2062733,5.1189623
ISIC_0867027,-4.07052,8.0276
ISIC_3788989,-3.3653,2.9042027
ISIC_6907436,-2.4600284,2.8871512
ISIC_0909697,-2.7122993,6.3112197
ISIC_5595298,-4.2693176,8.89824
ISIC_4277953,-5.287841,8.92263
ISIC_0918357,-3.7810512,5.803421
ISIC_0761359,-3.57299,3.4760683
ISIC_7230569,0.92341304,7.513066
ISIC_4599594,-3.1689355,2.4825776
ISIC_1176980,-7.0192604,6.601342
ISIC_7716315,-3.0805924,7.9661403
ISIC_6795963,-5.2035217,8.793974
ISIC_5765413,-2.6819656,6.4561057
ISIC_1166088,-3.7062006,2.9845896
ISIC_7890222,-2.4965878,3.5314295
ISIC_1502836,-5.495994,9.164605
ISIC_0605910,-3.2958415,5.7661395
ISIC_3585425,-3.7461202,6.2590804
ISIC_2597603,-4.2467227,4.8520317
ISIC_6642031,-1.3069131,4.1976914
ISIC_4168419,-5.6881747,7.8569703
ISIC_0141634,0.6036101,6.510388
ISIC_1970988,-5.09377,6.333877
ISIC_0786326,-1.1018116,5.7670846
ISIC_6076269,-3.6004395,6.40653
ISIC_8103067,-2.3569686,3.277607
ISIC_6999928,-3.5557623,2.7692895
ISIC_2001379,-3.1549606,2.7533147
ISIC_2713587,-6.4123244,7.6938586
ISIC_9195108,-6.2174153,7.43883
ISIC_1536385,-1.7881157,5.346247
ISIC_0408084,-1.3042554,4.4681044
ISIC_1612482,-1.7037048,7.6350627
ISIC_7889425,-1.8321347,4.9699597
ISIC_2590498,-0.9409066,5.744619
ISIC_8904796,-3.530101,2.5352805
ISIC_2231864,-1.2154192,4.3959737
ISIC_0442849,-3.0137923,3.7925146
ISIC_0314216,-2.1428154,4.592356
ISIC_2427256,-5.5076957,9.070915
ISIC_9721840,-4.955695,6.85888
ISIC_1721507,-2.4923873,2.574497
ISIC_6177577,-3.4353886,2.8445263
ISIC_1234193,-3.9888065,3.4276304
ISIC_7009788,-5.201102,3.9962323
ISIC_0461566,-3.3389392,3.0982873
ISIC_9084534,-5.372272,6.7769666
ISIC_9640662,-3.5346558,2.4196434
ISIC_4955912,-4.1133714,2.5477333
ISIC_9895318,-1.6694337,5.4779015
ISIC_2501939,-3.673289,3.4900572
ISIC_6347753,-6.538338,8.495066
ISIC_3526708,-3.4877365,2.590265
ISIC_3280000,-2.37011,4.4949417
ISIC_7045012,-4.367189,6.877351
ISIC_2323653,-2.4740002,2.8500993
ISIC_3050416,-4.4687085,2.6032598
ISIC_6714325,-4.352621,9.176317
ISIC_0628522,-6.290106,6.9774723
ISIC_9426065,-4.6870346,4.404141
ISIC_8837131,-4.684075,7.249194
ISIC_8584528,-3.081265,6.4268675
ISIC_8027200,-3.9569159,3.6085703
ISIC_8776361,-3.7758539,3.6942422
ISIC_7806262,-6.389997,8.15185
ISIC_6616937,-1.8566467,3.7100656
ISIC_7710765,-3.8861299,6.814633
ISIC_9521117,-3.0902042,6.4770126
ISIC_2796878,-4.267329,2.583002
ISIC_8324594,-3.8336003,7.9607453
ISIC_5200686,-0.9692452,4.546831
ISIC_6354001,-0.928792,9.467389
ISIC_6221334,-2.1508217,2.7524137
ISIC_5728121,-0.21307181,7.557974
ISIC_4465960,-3.6966069,2.7456124
ISIC_7531562,-4.859085,8.313155
ISIC_2485009,-3.833016,2.4297535
ISIC_9973864,-1.1362387,6.640164
ISIC_0319894,-2.1681447,3.1915376
ISIC_6195604,-5.5951247,8.483335
ISIC_4230181,-3.3588467,6.5532484
ISIC_6457249,-4.3945055,2.5270872
ISIC_3103756,2.6256888,3.482601
ISIC_7061593,-4.051769,5.429002
ISIC_5427398,-4.140589,3.5578187
ISIC_6558065,-3.6194508,5.840076
ISIC_0657679,-2.3847086,5.7274795
ISIC_6904950,-3.1665893,3.1438375
ISIC_0426131,-5.5677166,5.282181
ISIC_8114137,-2.3759706,2.881839
ISIC_1594291,-3.177932,4.002268
ISIC_4117748,-1.0641989,7.1729393
ISIC_1115156,-4.7870226,6.3066926
ISIC_9212173,-3.505054,7.5913024
ISIC_8362681,-3.6896458,7.6982265
ISIC_3545744,-6.366717,7.197917
ISIC_3357576,-3.206574,8.057559
ISIC_7047621,-4.182822,2.8168683
ISIC_5604357,-2.5639062,3.3985288
ISIC_5548095,-3.8592935,6.897862
ISIC_8021500,-2.7200012,3.423308
ISIC_9280729,-6.3654537,6.9856195
ISIC_9255133,-5.7370095,4.8784566
ISIC_2312468,-4.298206,3.2286327
ISIC_1579405,-5.981782,8.425998
ISIC_8302743,-1.908665,5.373078
ISIC_1028789,-4.720346,5.624451
ISIC_3127974,-4.3305783,2.7675316
ISIC_9790773,-2.9534507,6.549559
ISIC_6833525,-4.9375153,5.9669585
ISIC_5107821,-1.7923886,4.6606345
ISIC_4391227,-4.4155383,2.8161705
ISIC_7467595,-2.5798588,5.4385533
ISIC_4132905,-3.307,2.6676402
ISIC_0512725,-4.6138115,3.7920463
ISIC_5818083,-5.131079,5.944991
ISIC_3267363,-4.522329,8.850175
ISIC_8251827,-3.8467286,2.294882
ISIC_1121888,-4.1396174,4.7084374
ISIC_3587674,-5.436484,4.8732467
ISIC_6254946,-5.921513,8.6173525
ISIC_8738126,-0.47778043,5.0522814
ISIC_1099345,-2.5361998,2.6208436
ISIC_5901264,-4.6465235,3.5703406
ISIC_1069584,-1.2389408,4.310425
ISIC_6402943,-6.0010314,8.59703
ISIC_0835682,-2.808569,5.7906322
ISIC_6940173,-3.520075,2.548986
ISIC_6138103,-2.6532967,2.930783
ISIC_4489686,-3.7873044,3.3298519
ISIC_0497911,-3.875651,8.806574
ISIC_3676018,-3.765707,6.7327776
ISIC_7149626,-6.0965834,8.016135
ISIC_3394938,-3.2232506,2.7704864
ISIC_7592017,-3.0587301,3.7319775
ISIC_6785657,-5.6031966,6.757626
ISIC_9207099,-4.127191,2.6105802
ISIC_5511950,-0.89383787,5.162674
ISIC_2090799,-2.790622,6.53876
ISIC_2372269,-0.7847253,9.769976
ISIC_0124902,-5.9546556,8.347791
ISIC_5000414,-2.250915,3.6023486
ISIC_2525497,-5.128381,7.035848
ISIC_8183159,-2.3811822,3.8733003
ISIC_4662348,-1.8634298,3.5110855
ISIC_5953692,-6.2338285,8.588407
ISIC_1635697,-2.4608698,3.2302074
ISIC_7394783,-4.189943,7.6753917
ISIC_1261731,-2.8540568,3.0691574
ISIC_7201198,-5.3049603,5.1541214
ISIC_3905088,-3.3547897,3.3214426
ISIC_9648773,-4.6299105,3.9744794
ISIC_0103392,-1.8644243,4.194822
ISIC_2309647,-2.1793022,3.275399
ISIC_4013307,-6.0322146,5.9492817
ISIC_4877797,-3.2544875,2.8032281
ISIC_7808642,-5.1424856,5.0740848
ISIC_6791466,-1.5797695,5.4239807
ISIC_8558850,-1.9898496,3.93734
ISIC_8253705,-5.620172,6.43848
ISIC_5587236,-6.8590956,8.033005
ISIC_5795242,-2.202029,3.6894724
ISIC_7401818,-3.6587029,2.487703
ISIC_3813726,-2.4594285,2.604639
ISIC_6330968,-2.310336,7.188257
ISIC_7105949,-2.6137629,2.8946302
ISIC_8206552,-4.939146,8.220894
ISIC_6003134,-4.061081,3.5302331
ISIC_5981777,-7.0845246,8.51092
ISIC_2907125,-4.9542875,3.1151001
ISIC_7523078,-2.7362716,3.311266
ISIC_1541840,-1.8190796,5.7912292
ISIC_5056247,-3.9503415,4.088997
ISIC_0422017,-5.666235,6.911748
ISIC_2305541,-4.9692707,4.9712234
ISIC_3023055,-2.2499123,3.5827692
ISIC_1424974,-3.3832378,2.8711638
ISIC_0150748,-3.9260943,8.890901
ISIC_0373682,-6.516527,8.14942
ISIC_0454029,-6.245843,4.822725
ISIC_2383380,-3.7310395,3.1938426
ISIC_3317235,-4.810208,4.260303
ISIC_1182747,-4.1993814,2.4140084
ISIC_4671582,-6.5169225,6.9308963
ISIC_2202352,-2.3802848,2.9218647
ISIC_9824409,0.87754816,7.528319
ISIC_5509679,-2.9326649,4.139361
ISIC_1844015,-0.58651745,5.8973894
ISIC_1657319,-2.4645042,2.8713331
ISIC_0974866,-3.883068,2.9539165
ISIC_4833123,-2.7093854,2.8759508
ISIC_1169219,-3.4135199,8.7396555
ISIC_1740962,-3.741961,2.6680493
ISIC_1421371,-1.7888622,7.5874925
ISIC_6401647,-4.9868083,7.0929384
ISIC_2056374,-6.531589,8.774214
ISIC_8572753,-1.2691032,7.599797
ISIC_8293325,1.0802085,7.2281284
ISIC_6415722,-2.3083365,6.5315995
ISIC_3677029,-0.866539,7.542166
ISIC_4643793,1.0028116,8.502598
ISIC_4548652,0.39175764,7.7174172
ISIC_7066863,1.5126292,7.971549
ISIC_5618408,-5.7474804,9.152626
ISIC_0133540,1.408644,8.305505
ISIC_0743525,-0.3598913,8.221725
ISIC_4696563,0.8270572,7.422701
ISIC_2988685,-1.3384565,6.964188
ISIC_1695287,-0.4056722,7.824859
ISIC_4501209,-1.7848753,7.6778116
ISIC_6717895,-0.16365866,7.559673
ISIC_4064478,-3.5918577,8.443916
ISIC_6050812,-0.6946751,5.9286227
ISIC_5539772,-1.5990219,7.009519
ISIC_2445392,-0.30277935,8.18964
ISIC_2966991,-6.7228184,6.9725394
ISIC_9828778,-1.7246988,7.7686677
ISIC_0970198,0.69304645,7.443431
ISIC_1894658,1.3020952,7.505763
ISIC_6172037,-1.0812076,9.035974
ISIC_6210303,1.3179306,7.5478177
ISIC_2660462,0.54448295,6.9666924
ISIC_2979795,1.2344596,7.3697476
ISIC_2884112,2.6125154,4.2769675
ISIC_7356320,-0.9688096,8.820347
ISIC_7094047,1.2994851,7.4920454
ISIC_9363200,0.50695723,7.3889475
ISIC_6091899,1.2118981,7.5844502
ISIC_3178252,1.5137347,7.9356246
ISIC_7352298,-0.85908175,8.369006
ISIC_2670072,1.1944705,7.738609
ISIC_7545691,1.3246263,7.2934647
ISIC_2680228,1.0562327,7.853281
ISIC_3108597,-0.058398847,6.4199915
ISIC_4825124,0.9202539,7.4869585
ISIC_0715696,0.72684777,7.5603137
ISIC_7285359,1.2306764,7.3134785
ISIC_9505560,-1.1198863,7.6289787
ISIC_6076884,-1.4574273,4.0158963
ISIC_5582910,0.8173639,7.5454297
ISIC_0140502,-0.24624948,7.1409326
ISIC_5052574,-5.3180084,8.159339
ISIC_0987602,1.189993,7.6970806
ISIC_7499217,-1.2351999,5.3828235
ISIC_7225359,-1.0108622,8.821704
ISIC_8688192,0.76986223,7.5347176
ISIC_2659670,1.2375437,7.6800613
ISIC_2286443,1.4258363,7.3894544
ISIC_9466574,-1.2637416,6.4674406
ISIC_3689495,-1.3870567,6.8768945
ISIC_5983237,0.22161578,7.641305
ISIC_1951948,1.3774383,7.5914187
ISIC_9036874,-5.5068803,6.741694
ISIC_8251806,-4.7815127,5.9252114
ISIC_1476556,0.7738995,7.3171387
ISIC_0472123,-0.5305722,6.752854
ISIC_7780591,1.236909,7.263323
ISIC_0314443,1.0973201,7.8083076
ISIC_5488083,-1.5541097,6.3381577
ISIC_5391275,-5.5451155,7.881563
ISIC_8687150,1.3169466,8.284875
ISIC_8077756,0.6493644,7.4558563
ISIC_7317366,-0.27085194,8.304608
ISIC_2045644,-6.054957,8.900834
ISIC_3653458,1.2005894,7.5625052
ISIC_5391607,-1.0642616,7.400795
ISIC_2597490,1.3361508,8.33692
ISIC_5953122,-0.9668392,6.434149
ISIC_6396573,-3.5392385,6.8890877
ISIC_7854404,-1.5141762,9.99903
ISIC_6986529,1.316716,7.228975
ISIC_4225348,1.2783026,7.807363
ISIC_3427218,-2.69987,4.275378
ISIC_5998475,0.8323811,6.622775
ISIC_3396446,1.3183393,7.4472523
ISIC_5915244,-6.0132213,7.0026584
ISIC_6603938,-5.638734,9.078332
ISIC_4065678,1.3343108,8.312864
ISIC_6328989,1.5317796,7.7221246
ISIC_2861132,-3.6028,3.5205953
ISIC_2875912,-0.30131677,6.6049585
ISIC_4210924,0.3024922,9.336245
ISIC_1578657,-1.1856809,6.520293
ISIC_8926243,-1.4712178,3.9161384
ISIC_4988790,1.2905221,7.5658584
ISIC_0726365,1.1370142,7.59503
ISIC_7476246,0.64887637,7.519304
ISIC_3412801,-4.251109,6.0297694
ISIC_0270235,0.6782132,7.435113
ISIC_6964109,-2.6946707,8.185019
ISIC_0141628,-1.1893541,7.7035427
ISIC_4461272,0.8815163,8.5862665
ISIC_3541529,0.9909949,7.6080046
ISIC_6694574,-0.88217694,6.078538
ISIC_9144852,1.4403646,7.456493
ISIC_6678623,-2.6341777,5.4521217
ISIC_8300316,1.4881434,7.801644
ISIC_3932658,1.2154607,7.791804
ISIC_5146222,0.78425115,7.48058
ISIC_8449467,0.8517894,8.262453
ISIC_3444748,0.97190523,7.8578906
ISIC_4122691,-2.1479456,5.9439945
ISIC_9096150,0.78244674,8.605343
ISIC_9929697,-4.403891,4.362337
ISIC_7783923,1.0310409,7.886985
ISIC_3527851,1.2754781,7.4012613
ISIC_5762660,1.3541076,7.710782
ISIC_2087724,-2.4202464,10.119841
ISIC_4408961,-6.1246266,6.8888736
ISIC_9611431,1.4219971,8.201193
ISIC_1400695,-3.5825803,8.352463
ISIC_9463016,1.286364,7.5432878
ISIC_9066522,1.2742456,7.972572
ISIC_1876217,1.0816911,8.587427
ISIC_5987532,-0.34511343,8.251469
ISIC_9209794,-1.6162188,8.470112
ISIC_5844760,0.8439856,7.484124
ISIC_5471297,1.2576627,7.502584
ISIC_0393283,0.86170644,8.401154
ISIC_5224517,-0.17878315,6.939929
ISIC_6269738,1.4434925,7.3789763
ISIC_4168973,1.3675822,7.743949
ISIC_9602954,-3.154176,5.5294833
ISIC_2469656,1.2120231,7.761328
ISIC_3761079,-0.56872606,6.37391
ISIC_4411858,-1.8336545,6.420678
ISIC_5482952,1.172928,7.6303787
ISIC_0508777,-1.5333729,9.271551
ISIC_9668338,-4.4748664,8.203264
ISIC_4530146,1.353159,7.374556
ISIC_7799913,0.9421922,7.378108
ISIC_5920681,0.9864049,6.501066
ISIC_7715671,-5.1682906,6.1813397
ISIC_9562811,0.2893825,7.572166
ISIC_4775986,0.07177571,6.2855024
ISIC_3695748,0.7814321,7.5099897
ISIC_2075995,-2.8062863,6.888735
ISIC_6082641,2.088601,3.7670233
ISIC_0090064,0.6097888,7.2508397
ISIC_9843982,0.81334007,7.609366
ISIC_4923885,1.5173463,7.896235
ISIC_1984329,-1.6594143,4.008607
ISIC_0934836,-6.0492253,6.188995
ISIC_9530114,-0.68485045,6.8388
ISIC_6501680,0.7727956,7.4461703
ISIC_3578300,-1.4024438,9.652718
ISIC_1483720,0.035130486,6.333563
ISIC_1471044,-6.36326,6.9679837
ISIC_2635685,-0.4313977,6.7408953
ISIC_3951937,1.2776499,7.238927
ISIC_9793851,0.94554937,7.4404593
ISIC_7362032,-2.5194826,7.3512473
ISIC_6958284,1.3565549,7.221206
ISIC_7245211,-2.6398275,7.279246
ISIC_3522656,-0.40777716,7.8877683
ISIC_4636597,-1.1584793,8.1579
ISIC_7130047,1.2787564,7.679935
ISIC_5100608,-6.1885614,6.8382077
ISIC_6759321,-5.4051924,6.975355
ISIC_3249814,1.3761503,7.4612346
ISIC_7111001,1.2347152,7.5648823
ISIC_5414324,1.5341853,7.976749
ISIC_7149974,-1.2237228,5.205374
ISIC_9975373,-0.24038413,8.072675
ISIC_1190215,1.5176351,7.831419
ISIC_9846766,1.4085972,8.032806
ISIC_4191059,-1.6134899,8.275785
ISIC_5876031,-0.39691213,8.197853
ISIC_1977937,1.2429186,7.2896466
ISIC_8277807,-1.9824328,4.7764935
ISIC_9166630,-2.1360877,7.602714
ISIC_7609238,0.80061626,7.581199
ISIC_7611455,-0.15056986,7.954645
ISIC_3559219,-2.3119743,6.96593
ISIC_9724689,-1.8098354,5.911698
ISIC_3708844,1.3897822,7.400372
ISIC_1192769,1.0961291,8.57229
ISIC_0414395,1.1210082,7.4255896
ISIC_9887028,1.344057,7.8685355
ISIC_4176718,1.0529844,6.5212913
ISIC_0558060,-3.26922,7.6751328
ISIC_2818208,0.5910811,7.337544
ISIC_6666090,0.16475336,7.7080097
ISIC_7769284,1.4329128,8.402149
ISIC_7924480,1.2290982,8.402036
ISIC_4412550,-0.6704348,8.651869
ISIC_7554287,-3.1980002,4.753397
ISIC_7515286,-5.414868,6.9393287
ISIC_6578304,1.3665406,7.715296
ISIC_2428007,-0.42083758,7.1404505
ISIC_9455315,-0.6673008,7.769912
ISIC_8776516,2.6619515,4.2574544
ISIC_7223458,1.2669224,8.265844
ISIC_6038463,-0.94040996,7.5760994
ISIC_7545605,1.3643621,7.828384
ISIC_4915612,1.1501781,7.22804
ISIC_5127249,1.1163433,8.4052
ISIC_9448458,-2.777777,6.926554
ISIC_6529350,1.2333045,7.347427
ISIC_0301115,-1.6649846,7.4956675
ISIC_9289706,-1.3064859,6.893671
ISIC_0323009,0.8028899,7.043648
ISIC_0286349,1.5442294,7.8453307
ISIC_1731824,0.58613366,7.4622564
ISIC_0525571,0.8936773,7.2947025
ISIC_9678778,-5.278464,8.565476
ISIC_4382959,-0.098875314,7.3529778
ISIC_2178775,1.1523426,7.562723
ISIC_9420311,-6.217607,6.3251743
ISIC_3860048,0.564562,7.10574
ISIC_4005082,1.1851287,7.1682253
ISIC_5163263,-1.1899621,7.992305
ISIC_2204976,-1.496143,5.747324
ISIC_5508180,-0.42282584,6.172116
ISIC_1413940,0.61456066,7.5378523
ISIC_1012044,-2.246334,6.9063272
ISIC_0474387,1.1864858,8.147271
ISIC_7815791,1.4485993,7.5612025
ISIC_4767415,0.7998246,7.4351172
ISIC_3257887,-1.213848,6.43485
ISIC_7914705,-0.80119556,5.993383
ISIC_2097603,1.332275,7.364648
ISIC_7486495,1.4080418,8.309534
ISIC_2387536,-1.1343408,7.582234
ISIC_6660718,1.111732,8.202986
ISIC_2337531,-0.13974361,6.393109
ISIC_2558175,-1.083263,6.7633095
ISIC_8498489,1.3252873,7.5302453
ISIC_7081819,1.3559026,8.196753
ISIC_1026553,1.3602912,7.563382
ISIC_6393853,0.7750138,7.344121
ISIC_9434021,-0.48323727,7.009234
ISIC_7364830,1.3531324,7.701188
ISIC_7172714,-3.9565635,4.794152
ISIC_9842532,1.3506669,7.5099983
ISIC_0327070,0.7185412,8.417187
ISIC_4017161,1.421896,7.6267304
ISIC_4899943,-3.6467159,8.771469
ISIC_9008372,1.393948,7.3596563
ISIC_3335354,-4.426068,5.389119
ISIC_4592629,0.747745,7.520708
ISIC_4981914,1.3445771,7.448367
ISIC_0447268,1.0544909,7.4622865
ISIC_9809482,-0.7855654,9.939237
ISIC_8935455,1.2987679,7.5779076
ISIC_2174921,1.083267,7.634191
ISIC_4839117,-0.27296296,7.146095
ISIC_7700643,1.1192584,8.45765
ISIC_4630015,-1.0775733,6.3565745
ISIC_3280213,1.133601,7.5187163
ISIC_5752865,0.25448126,8.499563
ISIC_2055804,0.9782812,6.8004436
ISIC_2062299,1.5488511,7.828798
ISIC_1128758,1.1768708,7.520868
ISIC_1127882,-2.030466,7.6285105
ISIC_8413072,-0.2532678,7.2226357
ISIC_3213573,-0.39843318,6.1824813
ISIC_2478999,0.9712622,7.5644803
ISIC_0471800,1.5012462,7.687379
ISIC_6180331,-0.41066307,7.691434
ISIC_9992492,-5.9528646,7.576639
ISIC_3544253,1.4372283,7.303973
ISIC_6430136,0.63365906,7.4243875
ISIC_0418242,1.3024431,8.389448
ISIC_9911529,-5.4171433,7.5408287
ISIC_3535003,1.1234077,8.521042
ISIC_9856289,1.299624,7.646163
ISIC_3798662,-1.8197819,5.8141813
ISIC_7542458,0.83995503,8.484136
ISIC_8676090,-3.2072976,8.114275
ISIC_5461797,0.95024604,8.523076
ISIC_9728499,0.37802848,8.774862
ISIC_7727157,1.1912239,7.2420754
ISIC_2017208,1.4996548,8.185674
ISIC_1486357,1.4933597,7.8445525
ISIC_5833213,0.19757882,6.281765
ISIC_8966929,-1.0168561,5.6454754
ISIC_0450997,1.3076477,7.315894
ISIC_4249493,-4.5239763,8.87942
ISIC_1234126,-2.0353632,10.326247
ISIC_3035927,-0.7014275,7.7047567
ISIC_3862827,1.4006563,8.237477
ISIC_6054238,-1.4728494,4.277835
ISIC_5658925,0.8744313,7.6485057
ISIC_9800841,1.3075953,7.2650375
ISIC_2196575,-3.0552392,4.6721444
ISIC_1910468,-1.5595922,9.587273
ISIC_8367725,1.2161293,7.2596626
ISIC_9657085,0.89536285,7.3330483
ISIC_5063234,0.6971665,7.502416
ISIC_2619021,-4.594461,6.388161
ISIC_2466293,-0.06389211,7.393804
ISIC_7146494,-6.839165,7.1427317
ISIC_4312167,-0.1803226,8.12946
ISIC_5003828,-1.1167283,8.717776
ISIC_5036772,-2.8054986,6.503847
ISIC_0662485,1.3032596,7.311438
ISIC_5089962,-6.419995,6.6317167
ISIC_7305295,1.3275783,8.289026
ISIC_6847612,0.96140975,7.8066435
ISIC_3804948,-3.1951563,9.630453
ISIC_3613578,1.2557906,7.500709
ISIC_6592054,1.2319477,7.500519
ISIC_6710809,-5.284672,7.026561
ISIC_9630889,-0.6071421,7.5023894
ISIC_8985111,1.1403749,8.196881
ISIC_2339295,-0.09225206,7.2693787
ISIC_9440222,0.9873592,7.5953345
ISIC_5887865,1.3595115,7.795226
ISIC_0569474,1.1181388,7.832214
ISIC_4688289,-0.0013604477,9.682754
ISIC_3545006,0.05068678,6.2621574
ISIC_0085966,0.44994253,7.5422792
ISIC_3440239,1.3685774,7.244214
ISIC_9381298,0.8600897,8.560559
ISIC_2329065,-1.089403,6.240534
ISIC_6012573,-0.92058784,8.58017
ISIC_2753542,1.3660247,7.80005
ISIC_2556057,0.36544237,6.61089
ISIC_4184681,-3.0848734,5.062609
ISIC_0120745,1.3614287,8.366408
ISIC_2598120,1.4899774,7.9067607
ISIC_8516079,1.4054129,8.071916
ISIC_3812301,1.1830581,8.393166
ISIC_8327076,-1.6623445,5.9738197
ISIC_1320438,0.74500066,8.489013
ISIC_6246605,-4.437231,3.1888354
ISIC_6013467,0.95955855,8.48457
ISIC_2309271,1.2301711,7.2960596
ISIC_4746369,-0.17652974,7.0469933
ISIC_1822107,-2.782806,5.595739
ISIC_8966203,-1.973891,5.017763
ISIC_5306572,0.7987905,7.2797437
ISIC_5289849,-3.3541386,7.47934
ISIC_3426109,-1.4884936,6.8554573
ISIC_2612284,-1.7341161,7.1705475
ISIC_7291225,1.5529428,8.124841
ISIC_0365884,1.1512982,7.7855034
ISIC_6752882,1.2697822,7.316664
ISIC_5863574,-6.39253,6.2405753
ISIC_9913295,-1.4744744,4.0936475
ISIC_6411350,1.1173733,7.796113
ISIC_1365717,1.4699923,8.161354
ISIC_2863863,1.1232663,7.205868
ISIC_6186826,-5.532649,7.25253
ISIC_9419633,1.2097998,7.454224
ISIC_7286972,0.6071943,7.489099
ISIC_8948128,1.3451344,8.007684
ISIC_4416549,-2.8093832,7.868684
ISIC_7672536,-0.14840391,7.4367666
ISIC_0176013,-0.32656685,6.171075
ISIC_4301676,-1.5393307,9.251101
ISIC_7968364,-1.418017,7.512963
ISIC_7610069,1.4108175,7.603391
ISIC_4171657,0.26311144,7.125427
ISIC_0852832,0.30281538,8.721026
ISIC_9123483,0.79158574,7.4997997
ISIC_4907655,2.7158601,4.255037
ISIC_5281117,1.2927302,7.374003
ISIC_8292824,-3.0045907,3.3537333
ISIC_1249996,-0.35952434,5.9065776
ISIC_8534983,-2.273291,7.6264024
ISIC_3835019,0.9640713,7.859816
ISIC_6203356,-4.0887413,8.235449
ISIC_6363269,1.3513047,8.020968
ISIC_8766402,1.5450535,7.637929
ISIC_9233062,0.8992269,7.503107
ISIC_2742711,0.6642013,7.096861
ISIC_9006636,1.1175864,7.9969387
ISIC_1988083,-2.6161284,8.119586
ISIC_5839875,0.07571606,6.9401155
ISIC_9641059,0.116323784,7.021308
ISIC_4944873,1.473949,8.270986
ISIC_4792052,1.1953119,7.3582234
ISIC_9831391,1.2441252,7.484645
ISIC_2251057,1.244098,8.09191
ISIC_4352655,1.0865371,8.45453
ISIC_2606455,-4.1380863,8.874644
ISIC_7161236,-1.3321158,6.608262
ISIC_8437793,1.3277819,7.219434
ISIC_4237923,-5.8562407,6.960308
ISIC_2558169,1.364794,7.271348
ISIC_0758444,1.3661218,7.310285
ISIC_0929180,0.59264314,8.95848
ISIC_4119530,1.0925689,8.464021
ISIC_9192887,0.5419703,7.6417584
ISIC_6931629,0.29728854,9.318416
ISIC_6550602,0.021329762,6.422297
ISIC_4462992,1.3152797,7.5173073
ISIC_5901669,1.0630035,7.3297772
ISIC_8204363,-3.1927865,7.6786504
ISIC_2209492,0.73422664,7.485068
ISIC_8309986,1.3478694,7.4179254
ISIC_9855822,2.186215,4.1097317
ISIC_3093609,-5.204094,7.541012
ISIC_2516474,-4.0509543,8.768478
ISIC_5356475,1.3238978,7.8325906
ISIC_2664924,0.7333009,8.349102
ISIC_9868120,1.2672452,7.5965023
ISIC_5619562,0.04071867,6.2517424
ISIC_3544463,1.3483804,7.630702
ISIC_8864678,-0.5915854,8.469488
ISIC_4891117,0.78948104,7.488375
ISIC_7778028,1.0776737,7.6344843
ISIC_5944573,1.3604349,8.347989
ISIC_8294755,-4.61113,6.928069
ISIC_1103028,0.9889409,7.3100905
ISIC_3530639,-6.3442802,6.1505466
ISIC_5573077,0.8132619,8.670874
ISIC_5418441,1.3222057,7.2959843
ISIC_1271507,1.4626535,7.3321104
ISIC_1110743,1.4602969,7.4842343
ISIC_0404417,-0.6503094,6.8894033
ISIC_9323485,-3.027852,4.697858
ISIC_7749755,-2.130864,7.639309
ISIC_8233495,-1.4589092,7.510841
ISIC_4788827,1.2943842,7.5075703
ISIC_9432086,-2.5327866,3.9735458
ISIC_3593749,-4.9676743,9.495829
ISIC_4733114,2.656603,4.425989
ISIC_8423180,0.19524787,9.199302
ISIC_7423595,1.132236,8.516352
ISIC_1675423,-4.3064284,8.408452
ISIC_5273210,1.0474155,8.620964
ISIC_6193654,0.95582014,7.687637
ISIC_2102112,1.3554251,8.078682
ISIC_3635831,-6.7332225,5.858128
ISIC_9566132,1.0899948,8.603261
ISIC_8225781,1.0432535,8.547703
ISIC_4832326,1.4854549,7.695801
ISIC_0077281,1.0770038,8.589995
ISIC_2031017,1.2890095,7.974019
ISIC_9308533,1.2425138,7.468925
ISIC_2743472,-2.0126023,10.209185
ISIC_9446964,0.29294953,7.043618
ISIC_7948490,0.8706036,7.6366124
ISIC_0953948,-4.5643616,4.3716984
ISIC_7003002,1.049315,7.261721
ISIC_5292024,0.5337401,9.262624
ISIC_3540915,0.63506085,8.148314
ISIC_9903841,2.0487561,3.7079458
ISIC_1168111,1.0793247,7.7636194
ISIC_4880344,-5.677989,7.081816
ISIC_5082179,1.3847085,7.492885
ISIC_8543265,-1.3013391,7.6565866
ISIC_9485124,-1.0334476,7.5539575
ISIC_9990467,1.3646778,7.876248
ISIC_6719617,-1.1508467,7.6080294
ISIC_0722605,1.0979648,8.5596
ISIC_5801650,-2.1214747,10.1803
ISIC_0308880,-0.1464305,7.1557136
ISIC_9317339,0.99221665,8.611054
ISIC_2308270,1.333707,7.884802
ISIC_7236534,0.80863035,6.8960857
ISIC_4034402,-1.7483965,7.1477265
ISIC_2425757,-1.0779979,9.052085
ISIC_9908856,-2.046168,9.87459
ISIC_8493254,-3.5055034,4.7219977
ISIC_1968416,-0.18566118,7.3443394
ISIC_3326731,-2.9718008,6.338819
ISIC_3868752,-3.709569,5.052552
ISIC_4647281,1.12541,8.669316
ISIC_5395518,1.0117573,8.416614
ISIC_8617353,-0.030961232,6.584965
ISIC_9579567,-0.35184497,6.405294
ISIC_5332092,-6.1571636,7.9500465
ISIC_6594675,1.2474202,7.258333
ISIC_1427295,-0.93642676,7.6272707
ISIC_4815107,1.3452677,7.530986
ISIC_4302657,0.76944727,7.7857537
ISIC_0644869,1.2599154,8.324821
ISIC_9139176,0.8433876,8.188717
ISIC_7913874,-1.4018124,7.3971567
ISIC_9662611,1.4414701,7.281609
ISIC_4530856,1.0705049,8.58305
ISIC_3782632,1.3306003,7.198341
ISIC_4357079,1.3212591,7.4354944
ISIC_1235469,0.771819,8.689851
ISIC_3339484,-1.402304,6.39637
ISIC_1233339,1.0600846,7.738027
ISIC_0890863,1.2869282,7.506406
ISIC_7232860,0.8903761,7.4500284
ISIC_8961497,1.2202699,7.3271394
ISIC_6570532,1.3211261,7.2259283
ISIC_6247834,1.0752609,7.583788
ISIC_3658337,1.5020723,7.649325
ISIC_2340958,1.3225507,7.6556907
ISIC_0151466,-3.3239346,5.8300905
ISIC_4025784,1.3123643,7.215723
ISIC_6854351,1.1366342,7.3731112
ISIC_1525010,1.0462952,7.8029675
ISIC_1689236,-6.6322055,6.981995
ISIC_8018117,1.1329974,8.16696
ISIC_0210094,1.4045678,7.5295653
ISIC_2231836,0.88491225,7.550555
ISIC_0976116,-3.185674,8.538254
ISIC_8167435,1.344193,7.5645123
ISIC_5357035,1.2690802,7.7894187
ISIC_7841432,-2.2320666,7.679876
ISIC_8306915,1.615058,7.8611045
ISIC_7156304,-2.1630394,10.242712
ISIC_4094685,-0.4483448,8.261347
ISIC_3994385,-1.3687319,7.828448
ISIC_0656025,1.1090685,7.09315
ISIC_2000766,1.0426273,8.530421
ISIC_4578182,1.4268253,7.49182
ISIC_2461072,1.5015788,8.077122
ISIC_6900170,0.8484686,7.503787
ISIC_9869190,0.25353163,9.227514
ISIC_6737962,-5.0706215,7.171219
ISIC_7280849,-4.866602,7.4681573
ISIC_9407484,0.71562546,7.2827177
ISIC_8868249,1.0399392,6.5840945
ISIC_4352505,-1.0421723,8.874081
ISIC_2826181,1.1468475,8.62451
ISIC_4529513,1.2220454,7.243298
ISIC_8278782,1.2072501,7.1384473
ISIC_2368188,-0.044841047,6.368831
ISIC_4746643,-2.0467732,9.725152
ISIC_0893405,-3.7744565,8.961069
ISIC_6656398,-6.48362,6.4982247
ISIC_1091442,-2.63228,4.7456145
ISIC_1438169,-0.35706797,6.3221292
ISIC_9142529,1.3149034,8.136224
ISIC_6378347,-4.2585177,7.1429296
ISIC_8798134,0.93316096,8.000096
ISIC_9682141,-0.13559723,7.290934
ISIC_3901294,1.2004836,7.368618
ISIC_9299131,1.1388112,7.581282
ISIC_6996365,1.2153852,7.5809836
ISIC_1445607,2.1688123,3.7724652
ISIC_1764844,-0.30234963,8.068208
ISIC_1004025,1.4863566,7.9547324
ISIC_7759222,1.0649508,8.6191
ISIC_1389226,1.3414346,7.2814574
ISIC_3957383,-2.5833342,9.812459
ISIC_3046271,0.9522186,8.478364
ISIC_6031056,1.3466562,8.117009
ISIC_7713609,-3.4635758,8.129789
ISIC_9029938,0.12158685,6.518733
ISIC_6410570,-3.0247533,6.876429
ISIC_5745207,0.70413846,7.496458
ISIC_7876588,1.3367207,7.4982314
ISIC_9767305,-0.031933475,6.526801
ISIC_6094288,-0.8655709,6.149408
ISIC_0532254,0.78450096,7.2738495
ISIC_4261366,-3.945378,6.861625
ISIC_0267339,1.2442119,7.5021462
ISIC_2806073,-1.0735124,6.49082
ISIC_3276282,1.5449252,7.866438
ISIC_7563950,0.6183315,8.157013
ISIC_9649666,-0.10306116,5.763178
ISIC_6291375,-2.0865054,5.4987025
ISIC_9112039,1.1898627,7.350352
ISIC_8293155,2.0799685,3.6881394
ISIC_8870711,1.1402603,7.4328284
ISIC_6850912,-1.6892121,8.546843
ISIC_0123308,1.1155463,7.2489233
ISIC_1181619,1.12463,7.2090816
ISIC_0254967,0.46308908,7.6093745
ISIC_3476246,1.166377,8.550404
ISIC_7810406,0.59625804,7.2987638
ISIC_4152922,-7.185263,7.020165
ISIC_6335341,-0.626358,7.432382
ISIC_7473000,0.98398936,8.677307
ISIC_2831520,-3.4128702,9.692419
ISIC_6288607,1.3031785,7.253594
ISIC_5862923,1.3742495,8.231525
ISIC_6606939,1.4248163,8.296459
ISIC_8937402,1.4963006,7.958234
ISIC_3575256,-0.8623719,7.3516684
ISIC_8758773,1.1085511,7.685647
ISIC_6321476,-1.8123033,7.8784356
ISIC_4183475,1.4041862,7.4839087
ISIC_0269622,1.460721,7.524158
ISIC_3440067,1.2119775,8.371689
ISIC_5806711,-2.7881522,6.9662623
ISIC_3617996,1.5582228,7.8603096
ISIC_4777247,1.052168,7.8408275
ISIC_0213289,0.64349985,7.573457
ISIC_7883488,-2.6265476,8.051817
ISIC_3664224,1.3352249,7.2388897
ISIC_5458588,1.0973659,7.619516
ISIC_8724412,1.4317523,7.2902637
ISIC_9404249,1.2799793,7.647928
ISIC_3404294,-7.191251,7.0525928
ISIC_1056436,1.0994519,8.549393
ISIC_8446478,0.9813341,7.609703
ISIC_8589329,0.92685634,8.274311
ISIC_8444175,0.9251463,7.4842825
ISIC_8278036,-1.822809,6.3991156
ISIC_2958480,1.0541145,8.616412
ISIC_9359119,0.061097093,7.387302
ISIC_8747214,0.73833835,7.4623117
ISIC_6617546,1.426938,7.5402527
ISIC_3910283,0.3416785,7.822411
ISIC_6754779,-0.26948935,6.345098
ISIC_8187734,-0.69961673,8.354385
ISIC_3428463,-1.4846239,6.335037
ISIC_5255416,1.1493584,7.6681376
ISIC_0256938,1.1036537,7.571901
ISIC_8823228,0.9791888,8.540824
ISIC_5699993,-0.883186,8.688146
ISIC_4622147,1.5174491,7.7359567
ISIC_3137117,0.560779,6.9046693
ISIC_8571894,-0.3751867,6.0890203
ISIC_3729715,-0.2939953,7.3340087
ISIC_8271370,0.5519649,7.3713856
ISIC_2177103,-1.1124429,9.010286
ISIC_7564517,1.4187546,7.3204684
ISIC_3201541,1.5274829,8.2013
ISIC_2667302,0.03777605,5.190535
ISIC_7963944,-2.3301206,10.202767
ISIC_7000719,-4.3993945,4.8804603
ISIC_6708523,1.1732196,8.046011
ISIC_7724517,1.3373932,7.421838
ISIC_9112608,1.0657624,7.569074
ISIC_7513346,1.5813736,8.052646
ISIC_7983228,-0.28162676,6.264771
ISIC_5709512,-1.6587943,9.375204
ISIC_6207450,0.71471626,7.539293
ISIC_9020089,0.5496296,8.449955
ISIC_6262553,1.2700555,7.7012634
ISIC_3047459,1.1055746,7.767393
ISIC_7084754,-0.033214606,7.0181065
ISIC_1658397,-1.3321588,5.812264
ISIC_6160027,0.7599023,7.6528883
ISIC_4868339,2.6423004,4.465145
ISIC_3920557,-0.41099486,8.248685
ISIC_9596928,1.2780682,8.104529
ISIC_2559064,1.45821,7.634326
ISIC_9679163,1.2939999,8.363046
ISIC_0887416,-2.9990385,5.697315
ISIC_9036239,1.4696118,7.4069953
ISIC_3738966,0.7848477,6.8043547
ISIC_7808341,-0.32735726,7.0317674
ISIC_8642438,-3.242495,8.178238
ISIC_3352464,0.92964214,8.582869
ISIC_6133338,0.75886947,8.474862
ISIC_7899387,0.8491355,7.483568
ISIC_2088656,1.1711996,7.2722273
ISIC_2327788,1.5303864,7.6816726
ISIC_9573406,-0.5256106,6.0556493
ISIC_1464567,-4.5618644,5.984255
ISIC_6088615,5.2668757,2.5166318
ISIC_4458593,4.6542554,1.5243801
ISIC_3397948,-6.9759336,7.194931
ISIC_9413831,5.424387,2.6575
ISIC_5954593,-2.7525036,7.1923943
ISIC_7262547,-4.459186,9.525615
ISIC_8384098,7.029244,3.3718
ISIC_5608281,-2.9677787,7.2171087
ISIC_7986462,-2.1835952,4.132942
ISIC_3191609,5.449535,2.457863
ISIC_0407770,-2.7649329,6.6232543
ISIC_3740523,5.026823,2.6568491
ISIC_5700648,-1.7139304,7.849278
ISIC_8434118,1.8824114,4.604601
ISIC_5312996,1.308254,3.670778
ISIC_9154271,-2.243328,5.8653946
ISIC_6537724,-1.9697144,5.094538
ISIC_4665992,1.3894593,4.670338
ISIC_5423259,0.49236122,3.9070873
ISIC_2665399,7.124834,2.7431803
ISIC_8028606,-1.9343123,9.186843
ISIC_7621123,1.3495387,4.1822314
ISIC_9464639,2.205855,3.975543
ISIC_0220083,1.2181,8.216063
ISIC_3527721,-2.62744,9.536545
ISIC_6249262,-3.1714447,8.745523
ISIC_0159191,1.8412529,3.3036032
ISIC_4893375,-0.6046033,7.7422476
ISIC_7325772,1.3792331,4.124457
ISIC_4673058,-1.0273137,7.6494303
ISIC_7443971,1.6487566,3.2383473
ISIC_7211977,1.992421,3.3030832
ISIC_4440233,-0.16680415,7.9225707
ISIC_5765688,2.0410407,3.9048476
