isic_id,umap_x,umap_y
ISIC_0000002,10.2182865,11.594881
ISIC_0000004,6.552301,8.9418335
ISIC_0000013,8.672767,11.803976
ISIC_0000022,12.2869425,9.5421295
ISIC_0000026,10.735855,10.974178
ISIC_0000029,9.117994,12.057095
ISIC_0000030,11.871032,8.199932
ISIC_0000031,11.5280695,8.680599
ISIC_0000035,8.862332,10.96014
ISIC_0000036,7.4654574,6.233853
ISIC_0000040,12.370236,9.397587
ISIC_0000046,10.966999,10.984088
ISIC_0000054,9.867689,11.735407
ISIC_0000056,9.522202,12.085805
ISIC_0000070,12.153339,7.119438
ISIC_0000076,6.731651,9.309364
ISIC_0000077,11.802097,9.883799
ISIC_0000078,13.256958,9.939068
ISIC_0000139,9.055787,10.804374
ISIC_0000140,8.380559,6.151718
ISIC_0000141,9.209412,11.197402
ISIC_0000142,7.6920047,9.743737
ISIC_0000143,11.041417,10.247164
ISIC_0000144,7.0295415,9.119922
ISIC_0000145,11.96027,8.017274
ISIC_0000146,7.412817,9.106788
ISIC_0000147,6.7758684,9.410745
ISIC_0000148,13.033573,10.199603
ISIC_0000149,12.968217,8.479868
ISIC_0000150,12.213226,8.21299
ISIC_0000151,13.238189,6.9361844
ISIC_0000152,11.746492,8.701424
ISIC_0000153,9.611027,11.241651
ISIC_0000154,13.617329,7.911257
ISIC_0000156,11.685417,8.733271
ISIC_0000157,10.078735,12.743353
ISIC_0000158,10.866267,10.145075
ISIC_0000159,9.687791,12.650571
ISIC_0000163,12.296574,8.177135
ISIC_0000165,12.149477,8.880125
ISIC_0000168,10.26067,12.0915985
ISIC_0000169,10.646827,10.825817
ISIC_0000170,10.3560095,12.758949
ISIC_0000172,9.763456,12.31493
ISIC_0000175,8.869281,10.684169
ISIC_0000176,11.342047,9.826337
ISIC_0000276,7.1031013,7.96093
ISIC_0000277,7.708982,5.853003
ISIC_0000278,10.146815,9.411241
ISIC_0000281,8.466906,5.9293222
ISIC_0000282,5.8987803,7.9967995
ISIC_0000283,8.471574,5.910103
ISIC_0000287,9.108511,5.536347
ISIC_0000290,7.2008796,7.680777
ISIC_0000291,13.05627,8.370066
ISIC_0000292,10.859487,8.964048
ISIC_0000294,11.201567,10.244534
ISIC_0000296,11.405624,9.258031
ISIC_0000305,9.378003,10.897736
ISIC_0000390,8.624634,10.620834
ISIC_0000393,11.542956,11.992599
ISIC_0000394,11.439043,10.918422
ISIC_0000395,12.2678385,8.898688
ISIC_0000398,9.816341,11.953383
ISIC_0000399,11.207864,11.134712
ISIC_0000400,11.24848,11.848357
ISIC_0000401,10.01621,10.043112
ISIC_0000402,11.38784,12.12356
ISIC_0000404,10.229021,11.686867
ISIC_0000405,9.647615,9.444872
ISIC_0000406,11.17937,11.204136
ISIC_0000410,12.563944,10.409589
ISIC_0000411,9.851567,8.680544
ISIC_0000412,12.02377,10.137693
ISIC_0000413,11.238171,11.094298
ISIC_0000414,10.892119,9.891765
ISIC_0000415,11.115264,10.9682665
ISIC_0000417,9.909713,10.989077
ISIC_0000420,12.134772,9.85986
ISIC_0000428,10.29881,10.110999
ISIC_0000429,6.1773815,9.5289345
ISIC_0000432,11.389668,11.25984
ISIC_0000434,13.179625,8.530292
ISIC_0000438,7.064597,6.5989428
ISIC_0000440,10.276449,9.29566
ISIC_0000441,11.319531,10.141307
ISIC_0000444,11.807895,9.714186
ISIC_0000445,13.71206,8.117728
ISIC_0000446,10.98011,9.776679
ISIC_0000450,10.666184,11.457753
ISIC_0000459,11.52913,10.101017
ISIC_0000462,12.3727455,11.297603
ISIC_0000463,11.188534,7.133525
ISIC_0000466,9.325184,12.07692
ISIC_0000469,9.778519,11.559284
ISIC_0000482,9.197429,12.124719
ISIC_0000484,10.439774,11.394135
ISIC_0000487,10.507705,11.053379
ISIC_0000502,11.547454,10.5363455
ISIC_0000511,9.891687,11.98694
ISIC_0000513,9.556213,12.001161
ISIC_0000516,12.15053,8.140008
ISIC_0000517,10.197982,11.682078
ISIC_0000518,10.230278,12.8528
ISIC_0000519,10.80968,11.454948
ISIC_0000520,10.979903,9.716738
ISIC_0000521,11.781161,9.139367
ISIC_0000522,12.1943865,10.09344
ISIC_0000531,12.463132,8.875436
ISIC_0000533,11.914641,9.211505
ISIC_0000547,10.919571,11.243462
ISIC_0000548,10.58563,10.940482
ISIC_0000549,10.778738,10.6312475
ISIC_0000551,10.093807,11.709498
ISIC_0000552,9.514141,11.839578
ISIC_0000553,10.750045,10.607191
ISIC_0000554,10.701442,10.842816
ISIC_0000555,11.566151,7.279935
ISIC_0001100,13.134385,8.059786
ISIC_0001101,11.128922,10.892883
ISIC_0001102,11.384184,8.807763
ISIC_0001103,12.734104,9.357787
ISIC_0001105,13.098807,7.1342907
ISIC_0001106,13.018597,10.175108
ISIC_0001108,7.5486073,11.096945
ISIC_0001110,10.694891,12.690969
ISIC_0001116,11.847507,10.832626
ISIC_0001118,9.339069,11.953008
ISIC_0001119,12.331027,6.4914412
ISIC_0001121,13.380158,8.049586
ISIC_0001124,11.227842,11.128052
ISIC_0001125,6.9258304,9.552629
ISIC_0001126,11.685259,7.01899
ISIC_0001127,10.384882,11.182022
ISIC_0001128,12.758916,7.928344
ISIC_0001131,11.04824,6.6942058
ISIC_0001132,10.849291,8.745829
ISIC_0001133,8.316434,6.267424
ISIC_0001134,13.812544,7.9790754
ISIC_0001135,12.547369,9.365688
ISIC_0001137,11.822303,11.916091
ISIC_0001138,10.191228,9.322259
ISIC_0001140,12.139842,8.378108
ISIC_0001141,11.860721,11.144682
ISIC_0001142,11.433402,8.77317
ISIC_0001143,11.112359,11.3806505
ISIC_0001148,10.620552,11.539527
ISIC_0001151,12.264245,10.120225
ISIC_0001152,6.413575,11.250482
ISIC_0001154,9.299457,9.949514
ISIC_0001157,11.472907,9.11681
ISIC_0009868,11.850203,9.554914
ISIC_0009882,9.478654,12.064608
ISIC_0009890,11.168897,11.171187
ISIC_0009898,12.123082,9.575278
ISIC_0009905,12.831292,7.3046126
ISIC_0009913,11.582994,11.998607
ISIC_0009916,10.1993685,9.782581
ISIC_0009918,8.169069,9.424314
ISIC_0009924,10.666643,9.705986
ISIC_0009927,13.705318,8.237894
ISIC_0009934,9.847461,10.219557
ISIC_0009950,12.652637,7.190231
ISIC_0009955,13.502088,7.8999367
ISIC_0009960,13.487723,7.769714
ISIC_0009971,13.61544,9.8067665
ISIC_0009993,11.3953495,11.694812
ISIC_0010000,10.898584,10.061042
ISIC_0010007,10.178925,9.940238
ISIC_0010011,12.752936,8.020165
ISIC_0010016,13.828128,8.103451
ISIC_0010023,11.982641,8.563847
ISIC_0010024,11.907954,9.677539
ISIC_0010029,11.3782015,9.722871
ISIC_0010034,11.862502,8.839256
ISIC_0010036,9.5586605,11.658976
ISIC_0010039,11.786895,10.159648
ISIC_0010049,11.448792,9.940983
ISIC_0010050,10.308449,9.938827
ISIC_0010054,11.924691,11.6578865
ISIC_0010056,9.865241,10.611749
ISIC_0010067,11.325911,9.778443
ISIC_0010080,11.803909,9.217107
ISIC_0010081,9.73195,9.378086
ISIC_0010089,13.789331,7.9867287
ISIC_0010094,12.475786,8.26252
ISIC_0010106,10.623385,12.253826
ISIC_0010119,13.5693,7.8624144
ISIC_0010120,7.867676,10.606986
ISIC_0010131,6.4139013,11.252816
ISIC_0010137,12.755118,6.7729516
ISIC_0010140,8.864943,11.321599
ISIC_0010145,13.067484,9.971219
ISIC_0010148,10.599463,11.477621
ISIC_0010162,9.394272,10.435358
ISIC_0010164,10.445169,9.442377
ISIC_0010165,11.103599,10.926409
ISIC_0010171,11.297603,7.186709
ISIC_0010174,11.718796,6.975372
ISIC_0010189,9.51939,10.436945
ISIC_0010194,11.017449,11.396296
ISIC_0010207,9.724025,9.382172
ISIC_0010208,10.5876255,9.341625
ISIC_0010210,11.187993,7.20787
ISIC_0010225,13.162942,10.025965
ISIC_0010231,11.114574,10.882177
ISIC_0010235,9.823422,11.231396
ISIC_0010240,11.746828,10.454339
ISIC_0010241,13.068996,10.102866
ISIC_0010245,9.605762,9.36526
ISIC_0010251,13.663257,9.096548
ISIC_0010265,11.370581,11.334965
ISIC_0010271,11.958795,10.685866
ISIC_0010280,13.252055,9.833126
ISIC_0010283,13.094869,7.916414
ISIC_0010288,11.353413,6.780808
ISIC_0010295,8.921054,10.617117
ISIC_0010299,12.752679,9.016314
ISIC_0010313,13.463501,8.218169
ISIC_0010319,11.965989,6.960416
ISIC_0010321,11.618924,10.365349
ISIC_0010322,10.118399,10.597337
ISIC_0010350,12.014584,9.445081
ISIC_0010358,13.171961,9.722911
ISIC_0010360,12.659074,8.238656
ISIC_0010364,12.643338,8.436528
ISIC_0010366,11.999615,10.6020565
ISIC_0010369,10.590413,10.747323
ISIC_0010372,11.62467,9.397788
ISIC_0010380,12.739194,8.74699
ISIC_0010392,9.522153,12.41986
ISIC_0010393,11.157314,9.740199
ISIC_0010394,11.659369,9.260587
ISIC_0010396,10.308106,10.3015995
ISIC_0010397,13.238178,9.879509
ISIC_0010398,11.6037855,9.121943
ISIC_0010400,9.795514,9.5471115
ISIC_0010401,9.536792,12.529868
ISIC_0010402,11.4710655,11.288766
ISIC_0010407,11.22555,11.022648
ISIC_0010410,11.686195,8.849511
ISIC_0010413,9.8900795,10.149021
ISIC_0010415,11.947759,10.82286
ISIC_0010417,10.401483,11.526193
ISIC_0010426,11.75744,9.655488
ISIC_0010432,11.249905,10.409441
ISIC_0010441,11.800927,7.0183535
ISIC_0010466,13.083478,9.94239
ISIC_0010468,11.065613,11.480146
ISIC_0010469,10.326049,10.319048
ISIC_0010470,11.049071,7.200196
ISIC_0010476,13.530701,8.98953
ISIC_0010482,10.228122,9.787274
ISIC_0010486,11.3669405,11.321955
ISIC_0010495,11.0833025,9.774933
ISIC_0010514,13.178181,9.786109
ISIC_0010527,11.2763,9.652771
ISIC_0010532,13.61876,9.030817
ISIC_0010543,11.782085,8.964388
ISIC_0010550,10.1180935,11.0269575
ISIC_0010551,10.829502,9.593164
ISIC_0010555,13.0159235,9.926261
ISIC_0010559,5.95589,9.075719
ISIC_0010564,10.199006,10.832166
ISIC_0010576,11.866098,8.826307
ISIC_0010579,10.383641,9.788178
ISIC_0010583,10.976202,11.324793
ISIC_0010587,13.026869,9.541475
ISIC_0010591,11.608974,9.493573
ISIC_0010596,11.524438,11.833494
ISIC_0010597,8.921193,10.618654
ISIC_0010608,12.074501,11.71674
ISIC_0010609,13.299779,9.154143
ISIC_0010611,12.034502,9.594468
ISIC_0010631,11.103675,12.240456
ISIC_0010644,13.0446825,9.47625
ISIC_0010648,12.4775915,9.587216
ISIC_0010653,11.93195,8.724038
ISIC_0010655,9.81958,9.303994
ISIC_0010707,11.824046,9.077233
ISIC_0010714,8.138206,11.213832
ISIC_0010723,11.222464,11.500297
ISIC_0010728,11.315002,11.110311
ISIC_0010729,11.512068,9.321567
ISIC_0010741,11.869344,9.769226
ISIC_0010749,12.211965,10.039048
ISIC_0010750,11.299222,11.089652
ISIC_0010757,13.371319,8.5080595
ISIC_0010759,9.164873,10.975489
ISIC_0010764,11.958013,10.532208
ISIC_0010765,11.724932,9.715265
ISIC_0010766,13.751711,7.7538667
ISIC_0010770,14.086523,8.208785
ISIC_0010772,11.719899,6.944665
ISIC_0010777,12.927832,6.7751245
ISIC_0010782,11.457888,11.086139
ISIC_0010784,11.928796,11.021609
ISIC_0010785,11.606445,10.327838
ISIC_0010789,11.790949,11.928821
ISIC_0010790,10.270197,9.466707
ISIC_0010791,11.740057,10.16088
ISIC_0010792,9.996859,9.500993
ISIC_0010803,13.456462,8.842308
ISIC_0010808,12.45916,10.126426
ISIC_0010809,10.298844,10.004378
ISIC_0010810,6.6908607,10.87427
ISIC_0010834,12.957813,7.8273935
ISIC_0010852,13.689958,8.29061
ISIC_0010860,12.594688,7.1215463
ISIC_0010862,8.314403,9.71869
ISIC_0010863,9.838381,11.13897
ISIC_0010866,10.336848,11.434279
ISIC_0010872,10.993245,11.356819
ISIC_0010876,11.934421,9.550169
ISIC_0010878,11.977973,10.771425
ISIC_0010883,13.0564375,10.201205
ISIC_0010890,9.583381,9.375861
ISIC_0010898,13.369403,8.184883
ISIC_0010900,11.577834,7.4350166
ISIC_0010912,11.967151,10.826225
ISIC_0010917,11.053853,11.392251
ISIC_0010923,12.318183,9.082324
ISIC_0010938,11.347281,10.895527
ISIC_0010942,7.044449,8.742099
ISIC_0010965,9.100842,11.836577
ISIC_0010971,11.430022,11.191074
ISIC_0010977,12.333711,9.817784
ISIC_0010978,13.3436575,8.767223
ISIC_0010979,10.620082,9.705921
ISIC_0010982,9.607852,9.450786
ISIC_0010993,10.528537,9.634322
ISIC_0010995,12.11346,8.306617
ISIC_0011007,10.218836,10.058322
ISIC_0011012,13.235457,9.371456
ISIC_0011030,13.132465,10.316321
ISIC_0011031,11.265389,12.153381
ISIC_0011039,10.591605,11.374747
ISIC_0011040,13.242888,9.497363
ISIC_0011042,10.23986,9.494222
ISIC_0011043,11.233996,8.426709
ISIC_0011045,10.901032,11.496609
ISIC_0011052,10.384657,9.9857645
ISIC_0011057,13.7494545,7.6269493
ISIC_0011077,10.543517,9.219852
ISIC_0011099,13.083838,7.201932
ISIC_0011118,13.193265,8.435161
ISIC_0011122,11.102765,11.432451
ISIC_0011128,9.924618,9.4675665
ISIC_0011130,11.518988,11.714656
ISIC_0011132,12.852508,10.216252
ISIC_0011135,12.900471,7.215393
ISIC_0011136,10.565452,9.397758
ISIC_0011137,10.093136,12.236083
ISIC_0011138,10.289487,10.03928
ISIC_0011139,10.921734,10.253586
ISIC_0011140,13.451994,7.206958
ISIC_0011151,11.128297,10.906003
ISIC_0011158,11.838348,10.787405
ISIC_0011161,11.554087,9.129766
ISIC_0011163,13.731635,7.989369
ISIC_0011166,10.838892,9.556606
ISIC_0011169,12.65351,6.5946803
ISIC_0011176,12.497373,8.315989
ISIC_0011178,9.742437,10.015612
ISIC_0011181,10.233445,9.823671
ISIC_0011187,11.704442,9.362261
ISIC_0011193,12.431688,10.156572
ISIC_0011196,11.048636,10.314856
ISIC_0011209,11.809304,10.898291
ISIC_0011238,11.481658,6.9899306
ISIC_0011239,10.229672,10.056178
ISIC_0011247,10.0700865,11.521476
ISIC_0011256,13.634429,7.4875593
ISIC_0011264,9.735538,9.211141
ISIC_0011267,11.721772,11.360403
ISIC_0011268,8.534866,10.831638
ISIC_0011269,13.141607,8.060516
ISIC_0011273,11.742653,10.870048
ISIC_0011305,12.328698,8.886417
ISIC_0011315,11.560968,11.769002
ISIC_0011337,11.914158,11.729399
ISIC_0011348,9.302354,11.170125
ISIC_0011350,9.029329,11.122913
ISIC_0011356,9.053773,10.709178
ISIC_0011366,11.814389,9.05222
ISIC_0011370,11.316496,11.092246
ISIC_0011374,10.267364,12.043377
ISIC_0011375,9.957952,10.157878
ISIC_0011381,7.9583855,10.904779
ISIC_0011387,9.457148,11.866876
ISIC_0011388,9.971697,8.556737
ISIC_0011390,10.935754,11.468732
ISIC_0011391,5.9393134,9.114559
ISIC_0011399,11.295684,11.87263
ISIC_0011404,10.811427,12.800981
ISIC_0011405,11.3019705,6.9869947
ISIC_0011428,10.300469,12.971564
ISIC_0011429,8.183867,11.030212
ISIC_0011430,8.377292,11.047849
ISIC_0011434,8.925662,11.771923
ISIC_0011435,8.877536,11.831715
ISIC_0011437,12.607741,9.404819
ISIC_0011438,9.749209,12.588441
ISIC_0011439,9.811695,12.596936
ISIC_0011458,10.849826,12.3683405
ISIC_0011460,10.285103,12.068517
ISIC_0011463,10.492364,11.054442
ISIC_0011471,10.337944,12.977506
ISIC_0011474,11.79031,9.821262
ISIC_0011480,10.258453,12.095051
ISIC_0011481,12.594223,6.588656
ISIC_0011482,10.159946,12.900381
ISIC_0011483,9.541235,10.939408
ISIC_0011484,9.789235,10.885352
ISIC_0011485,10.891963,12.8318405
ISIC_0011486,10.399225,12.945594
ISIC_0011487,10.935425,12.840955
ISIC_0011488,10.122022,12.04483
ISIC_0011489,10.284034,12.965014
ISIC_0011490,10.302978,11.797979
ISIC_0011491,9.191468,11.632534
ISIC_0011492,11.642469,9.243961
ISIC_0011493,10.191903,12.253555
ISIC_0011494,10.542578,12.865023
ISIC_0011501,10.721924,12.706117
ISIC_0011503,9.038795,11.371605
ISIC_0011504,10.298868,12.958649
ISIC_0011505,9.321988,11.960941
ISIC_0011506,9.246322,11.90305
ISIC_0011507,9.325541,12.604332
ISIC_0011508,9.241711,12.582462
ISIC_0011511,10.128255,10.818727
ISIC_0011514,10.544773,11.202049
ISIC_0011515,10.640494,12.108505
ISIC_0011516,10.647387,12.126499
ISIC_0011517,10.620075,12.109806
ISIC_0011518,10.588063,12.199601
ISIC_0011519,10.596094,12.0864315
ISIC_0011520,9.648234,12.287279
ISIC_0011526,10.240445,12.61558
ISIC_0011527,13.312238,11.772686
ISIC_0011528,13.30821,11.767886
ISIC_0011529,13.308958,11.771225
ISIC_0011530,13.305433,11.772167
ISIC_0011531,13.307089,11.771892
ISIC_0011534,10.36514,12.199762
ISIC_0011537,9.027141,11.285781
ISIC_0011560,11.573351,10.750581
ISIC_0011566,10.751619,12.715699
ISIC_0011579,10.380867,12.769521
ISIC_0011589,9.990493,12.72373
ISIC_0011590,9.958464,12.732787
ISIC_0011591,9.970769,12.746661
ISIC_0011594,9.938466,11.122269
ISIC_0011610,7.663759,9.255389
ISIC_0011613,9.093878,11.713978
ISIC_0011614,9.072098,11.601332
ISIC_0011615,9.086534,11.629773
ISIC_0011616,9.097175,11.653445
ISIC_0011618,7.7754555,10.273519
ISIC_0011628,9.543783,9.434512
ISIC_0011649,10.520346,13.014474
ISIC_0011659,10.739872,12.50682
ISIC_0011684,12.14694,8.901566
ISIC_0011691,10.619493,12.580928
ISIC_0011692,9.549697,12.584868
ISIC_0011693,9.517337,12.589755
ISIC_0011694,9.357829,12.513282
ISIC_0011695,9.524088,12.595258
ISIC_0011696,9.522506,12.611705
ISIC_0011697,9.4970045,12.562492
ISIC_0011698,9.483364,12.603762
ISIC_0011699,9.564262,12.595087
ISIC_0011700,9.384403,12.537154
ISIC_0011701,9.549313,12.595615
ISIC_0011702,9.3806505,12.505915
ISIC_0011703,9.395105,12.54514
ISIC_0011704,9.528837,12.627042
ISIC_0011709,9.165205,11.124754
ISIC_0011710,9.172754,11.128135
ISIC_0011728,10.024409,12.3604965
ISIC_0011729,9.998152,12.7226
ISIC_0011736,10.034689,10.419603
ISIC_0011743,10.100991,11.5384245
ISIC_0011744,10.091162,11.669175
ISIC_0011758,10.74341,13.391673
ISIC_0011759,10.740369,13.391905
ISIC_0011764,10.487931,12.3418
ISIC_0011770,11.013613,7.140689
ISIC_0011771,10.981121,7.195213
ISIC_0011772,10.964171,7.1388645
ISIC_0011773,10.535206,12.936074
ISIC_0011774,10.530237,13.056084
ISIC_0011778,9.562123,9.461443
ISIC_0011780,10.82483,10.631618
ISIC_0011782,9.501857,11.668604
ISIC_0011794,10.774342,11.534834
ISIC_0011797,9.484925,12.6648035
ISIC_0011798,9.463858,12.645962
ISIC_0011799,9.489024,12.630651
ISIC_0011801,10.235784,12.504919
ISIC_0011802,10.27241,12.553731
ISIC_0011807,10.738579,13.389215
ISIC_0011808,10.743269,13.383209
ISIC_0011811,10.40483,12.377464
ISIC_0011812,10.455103,12.382396
ISIC_0011845,10.742551,13.383938
ISIC_0011846,10.742684,13.394615
ISIC_0011857,10.271358,11.915703
ISIC_0011858,10.289979,11.883517
ISIC_0011870,10.851267,11.022522
ISIC_0011872,8.542943,11.987585
ISIC_0011873,8.533984,11.975388
ISIC_0011874,8.537337,11.965599
ISIC_0011875,8.547107,11.969013
ISIC_0011876,8.534995,11.974325
ISIC_0011877,8.526014,11.996491
ISIC_0011878,8.5120325,11.994097
ISIC_0011879,8.543395,11.977204
ISIC_0011892,9.316457,12.599446
ISIC_0011895,10.293162,12.826882
ISIC_0011898,10.808755,10.661494
ISIC_0011904,9.223351,11.174914
ISIC_0011921,10.238547,12.900722
ISIC_0011922,10.245182,12.910518
ISIC_0011923,11.8105545,7.028145
ISIC_0011930,11.131522,11.599937
ISIC_0011931,11.144709,11.650852
ISIC_0011933,10.286273,11.097357
ISIC_0011943,11.549489,9.479178
ISIC_0011944,9.7779045,12.353638
ISIC_0011947,10.303042,12.964252
ISIC_0011948,10.342085,12.953324
ISIC_0011949,10.178546,12.968018
ISIC_0011950,10.241402,12.983888
ISIC_0011951,10.246414,13.000676
ISIC_0011957,9.677791,12.337163
ISIC_0011958,9.486061,12.232626
ISIC_0011975,9.941619,10.733949
ISIC_0011987,10.728278,12.782899
ISIC_0011996,11.601598,9.234166
ISIC_0011998,10.698322,12.686481
ISIC_0012000,10.89003,10.981494
ISIC_0012044,10.122215,11.174291
ISIC_0012047,9.908454,12.515146
ISIC_0012048,10.490507,12.337342
ISIC_0012049,7.934813,10.777891
ISIC_0012060,10.960726,12.788466
ISIC_0012063,9.679568,12.343446
ISIC_0012066,9.752296,12.315375
ISIC_0012069,9.68549,12.352801
ISIC_0012081,9.797424,12.700501
ISIC_0012082,9.730885,12.685102
ISIC_0012083,9.315174,9.654967
ISIC_0012099,13.375977,8.715836
ISIC_0012112,11.809923,7.91475
ISIC_0012137,12.345877,10.194447
ISIC_0012151,11.795762,9.985313
ISIC_0012208,13.281646,8.850669
ISIC_0012258,13.188481,8.858352
ISIC_0012270,12.426548,7.353633
ISIC_0012288,12.653163,6.9070725
ISIC_0012290,11.530082,9.166825
ISIC_0012298,12.6899395,7.4174175
ISIC_0012321,12.380146,11.101757
ISIC_0012348,13.26013,7.8124576
ISIC_0012356,12.325546,10.710128
ISIC_0012369,13.085758,8.957775
ISIC_0012382,12.462326,6.7286196
ISIC_0012391,12.555141,10.728191
ISIC_0012418,13.045687,10.767054
ISIC_0012425,13.050201,7.8477793
ISIC_0012434,13.811845,7.950236
ISIC_0012435,12.566173,11.498935
ISIC_0012450,12.688035,6.5807266
ISIC_0012471,12.681563,11.062579
ISIC_0012472,7.313451,8.895056
ISIC_0012512,12.264217,11.690061
ISIC_0012571,11.154027,9.682953
ISIC_0012574,13.213286,9.859526
ISIC_0012577,12.033973,8.926702
ISIC_0012580,11.752924,9.120287
ISIC_0012592,13.600248,9.215981
ISIC_0012595,9.676921,9.494912
ISIC_0012610,11.641214,9.607315
ISIC_0012633,11.692283,9.109113
ISIC_0012678,9.900992,9.626587
ISIC_0012701,12.778423,9.482313
ISIC_0012756,12.028765,9.424391
ISIC_0012758,13.05359,8.9476595
ISIC_0012843,11.809552,7.914234
ISIC_0012887,11.909498,6.9953446
ISIC_0012930,12.411012,11.072679
ISIC_0012988,12.059447,7.123701
ISIC_0012989,11.931282,6.9610124
ISIC_0012990,11.871734,7.0216417
ISIC_0013072,12.412237,11.019256
ISIC_0013073,12.365501,11.3133955
ISIC_0013079,12.409196,11.143029
ISIC_0013141,11.432648,6.832846
ISIC_0013184,12.024012,9.429533
ISIC_0013198,12.475122,11.109995
ISIC_0013232,12.408676,11.334995
ISIC_0013242,12.148655,10.795986
ISIC_0013258,11.2771845,6.895311
ISIC_0013277,11.834281,6.732928
ISIC_0013321,6.032436,8.110364
ISIC_0013334,6.922799,8.795361
ISIC_0013359,11.287188,11.35474
ISIC_0013365,12.541309,10.330248
ISIC_0013374,9.257805,11.537962
ISIC_0013411,10.931717,10.663777
ISIC_0013427,10.80684,11.551392
ISIC_0013429,12.038166,7.021531
ISIC_0013444,12.437411,7.3541102
ISIC_0013455,11.048185,10.610929
ISIC_0013457,12.861256,8.34835
ISIC_0013459,11.056917,8.7281475
ISIC_0013460,12.425097,7.3700094
ISIC_0013472,13.246925,8.884015
ISIC_0013473,10.0039015,11.053723
ISIC_0013490,12.046385,7.1213036
ISIC_0013491,13.230651,8.893094
ISIC_0013497,12.430824,11.2009115
ISIC_0013499,12.769534,10.606112
ISIC_0013500,13.240956,9.335434
ISIC_0013501,11.929529,7.0005345
ISIC_0013518,11.605669,10.445195
ISIC_0013525,13.699477,7.9862986
ISIC_0013530,12.395713,11.059697
ISIC_0013548,12.615959,8.35086
ISIC_0013549,10.574386,10.155967
ISIC_0013565,13.2096405,8.743634
ISIC_0013567,12.130032,11.202812
ISIC_0013572,11.76282,6.7799735
ISIC_0013577,12.300274,11.13119
ISIC_0013578,13.270517,8.672653
ISIC_0013579,12.248991,10.702476
ISIC_0013581,13.215645,8.994705
ISIC_0013588,11.9614315,7.791302
ISIC_0013594,11.530181,9.132076
ISIC_0013606,12.903734,10.810986
ISIC_0013610,12.940739,9.094685
ISIC_0013615,12.955191,7.303784
ISIC_0013617,12.179551,9.325357
ISIC_0013618,11.3207855,9.4779
ISIC_0013626,11.857073,9.187206
ISIC_0013634,12.394418,10.99662
ISIC_0013636,12.550611,8.707545
ISIC_0013639,13.304607,8.742804
ISIC_0013646,13.571711,7.204869
ISIC_0013651,12.125619,6.9159245
ISIC_0013652,13.287512,8.699752
ISIC_0013663,11.68864,10.609694
ISIC_0013671,12.04905,7.407315
ISIC_0013672,13.288463,8.715686
ISIC_0013696,11.410317,6.79204
ISIC_0013702,12.01656,6.946948
ISIC_0013733,12.499649,11.0344925
ISIC_0013736,11.390737,6.9044156
ISIC_0013739,12.380351,9.270703
ISIC_0013740,12.347183,11.315628
ISIC_0013744,12.360774,11.103273
ISIC_0013762,11.444407,10.892107
ISIC_0013766,13.42578,9.042125
ISIC_0013767,12.420347,11.145727
ISIC_0013768,12.398859,11.161639
ISIC_0013769,11.024439,7.23687
ISIC_0013775,13.245788,8.479695
ISIC_0013777,12.411561,11.043059
ISIC_0013783,11.29239,11.360617
ISIC_0013813,10.048134,9.756489
ISIC_0013814,9.978932,9.480253
ISIC_0013815,13.100122,10.59558
ISIC_0013831,13.744637,8.035839
ISIC_0013832,12.373293,11.085838
ISIC_0013833,12.287336,10.926624
ISIC_0013839,13.368408,8.561343
ISIC_0013842,13.302263,8.73245
ISIC_0013844,12.882701,10.630735
ISIC_0013845,13.205469,8.725365
ISIC_0013861,11.139254,11.179347
ISIC_0013865,13.140518,10.649594
ISIC_0013867,13.128258,8.569953
ISIC_0013874,11.974099,9.359364
ISIC_0013908,12.702046,11.005118
ISIC_0013917,13.273178,8.743998
ISIC_0013936,12.718924,6.720474
ISIC_0013948,12.277396,7.06918
ISIC_0013953,11.97669,7.453314
ISIC_0013969,13.641994,8.235476
ISIC_0013972,12.118406,11.337457
ISIC_0013975,9.367191,9.712937
ISIC_0013984,9.223651,10.379746
ISIC_0013987,12.4772835,11.083732
ISIC_0013988,12.427193,11.04778
ISIC_0013992,13.024438,10.782673
ISIC_0013995,12.252056,11.727501
ISIC_0013997,13.036604,10.777331
ISIC_0014013,12.666356,9.105497
ISIC_0014037,5.9236393,9.38283
ISIC_0014044,12.336575,10.720251
ISIC_0014049,12.720615,10.673695
ISIC_0014059,13.843249,7.786835
ISIC_0014061,13.486638,9.140033
ISIC_0014062,13.33286,9.034335
ISIC_0014072,11.151154,11.441221
ISIC_0014076,11.176615,7.1937304
ISIC_0014077,11.412366,7.1090693
ISIC_0014079,9.901668,8.635226
ISIC_0014082,11.065735,10.874283
ISIC_0014086,12.677487,11.046488
ISIC_0014088,13.657709,8.932999
ISIC_0014091,7.307273,8.879084
ISIC_0014092,13.694082,7.2688346
ISIC_0014099,7.265718,9.068888
ISIC_0014103,11.855692,7.613627
ISIC_0014108,13.064573,9.021785
ISIC_0014110,11.296731,10.569312
ISIC_0014127,12.578572,11.400786
ISIC_0014129,12.426892,11.142326
ISIC_0014132,10.9354515,8.668633
ISIC_0014133,11.068609,7.370215
ISIC_0014144,13.157986,10.578083
ISIC_0014148,10.845901,8.628727
ISIC_0014151,11.932031,11.092526
ISIC_0014156,12.57112,9.019689
ISIC_0014157,12.4581585,11.41519
ISIC_0014160,13.043234,10.536743
ISIC_0014163,11.966607,6.9767404
ISIC_0014165,12.186872,11.064053
ISIC_0014171,12.334164,8.180119
ISIC_0014173,7.710547,9.214645
ISIC_0014181,12.257938,11.163478
ISIC_0014183,11.818049,11.427024
ISIC_0014186,11.919358,7.4244475
ISIC_0014187,11.954778,7.520691
ISIC_0014189,11.663717,11.351092
ISIC_0014190,13.199656,8.943706
ISIC_0014217,11.863653,11.571436
ISIC_0014219,12.180599,10.903111
ISIC_0014222,9.933222,8.608341
ISIC_0014229,12.222411,9.529152
ISIC_0014233,12.164534,11.266618
ISIC_0014238,13.38272,9.370491
ISIC_0014249,12.253978,10.665533
ISIC_0014270,13.695498,7.5667753
ISIC_0014284,12.919306,7.483066
ISIC_0014288,13.219444,8.996901
ISIC_0014289,11.95274,9.29851
ISIC_0014290,13.110547,6.9858913
ISIC_0014291,12.914489,7.042283
ISIC_0014302,12.840533,11.013067
ISIC_0014308,12.155995,10.760161
ISIC_0014316,13.446939,9.2993555
ISIC_0014319,12.119878,10.274995
ISIC_0014324,11.001777,8.801008
ISIC_0014325,12.219413,11.040415
ISIC_0014327,12.897965,9.256259
ISIC_0014331,10.277221,9.7883835
ISIC_0014336,9.863806,8.687477
ISIC_0014337,10.232492,9.890827
ISIC_0014347,12.469363,10.981106
ISIC_0014349,13.004634,10.613375
ISIC_0014357,9.857839,8.768285
ISIC_0014360,13.465112,9.25936
ISIC_0014361,12.353426,6.875104
ISIC_0014366,12.847614,7.3538117
ISIC_0014369,12.735842,8.800868
ISIC_0014372,12.095053,10.269777
ISIC_0014377,12.920037,9.237808
ISIC_0014385,9.1607485,9.747208
ISIC_0014395,10.134366,9.784077
ISIC_0014400,13.6033535,7.312072
ISIC_0014422,11.930621,10.440303
ISIC_0014423,11.896099,7.5944676
ISIC_0014428,13.516652,7.11635
ISIC_0014434,11.833179,7.68874
ISIC_0014454,12.0631275,10.497728
ISIC_0014476,11.577131,6.8900127
ISIC_0014478,12.64862,10.762733
ISIC_0014480,12.796462,10.642648
ISIC_0014486,13.1547165,10.683184
ISIC_0014489,12.125276,10.386126
ISIC_0014501,12.401437,11.136191
ISIC_0014506,12.040456,10.453015
ISIC_0014507,13.361752,9.371369
ISIC_0014513,12.034148,7.463254
ISIC_0014525,11.005264,7.3040357
ISIC_0014527,12.106138,11.228148
ISIC_0014541,12.740023,11.239185
ISIC_0014543,13.454783,9.216207
ISIC_0014545,13.73451,7.548253
ISIC_0014546,12.092346,10.750256
ISIC_0014548,13.264092,8.67711
ISIC_0014557,12.914876,9.249558
ISIC_0014558,10.992466,10.839125
ISIC_0014559,11.020112,7.298063
ISIC_0014663,9.764853,11.194168
ISIC_0014666,10.721259,10.705812
ISIC_0014671,10.730631,13.3949795
ISIC_0014681,9.506915,10.606343
ISIC_0014688,10.835984,12.766747
ISIC_0014689,10.945321,12.842057
ISIC_0014690,10.870117,12.784774
ISIC_0014703,10.485963,11.071453
ISIC_0014722,10.562766,12.658967
ISIC_0014727,11.230441,6.9832783
ISIC_0014766,10.614686,12.58761
ISIC_0014772,10.413893,12.526383
ISIC_0014784,7.9371386,10.790776
ISIC_0014788,9.459095,12.328103
ISIC_0014790,8.034426,10.787923
ISIC_0014795,10.285404,12.956842
ISIC_0014800,10.388259,12.194201
ISIC_0014809,10.282057,12.116462
ISIC_0014813,12.8104315,8.970486
ISIC_0014826,9.454416,12.173178
ISIC_0014832,10.737551,12.86166
ISIC_0014852,9.649383,10.632696
ISIC_0014857,10.895099,11.32841
ISIC_0014858,10.757437,10.643016
ISIC_0014862,10.237124,12.126318
ISIC_0014864,8.542356,9.898243
ISIC_0014871,9.829604,12.131043
ISIC_0014872,11.484658,6.9987373
ISIC_0014873,10.699986,12.6968775
ISIC_0014874,10.828213,12.768884
ISIC_0014877,9.352889,12.615787
ISIC_0014880,10.561051,10.744249
ISIC_0014883,9.598893,12.032038
ISIC_0014891,10.839644,12.618012
ISIC_0014892,10.720089,12.697977
ISIC_0014893,10.857536,12.766154
ISIC_0014897,10.353106,12.522736
ISIC_0014900,10.265478,12.79486
ISIC_0014912,8.953043,10.481389
ISIC_0014918,11.289057,6.9864097
ISIC_0014919,11.691834,7.960723
ISIC_0014920,12.967163,9.532343
ISIC_0014924,10.2605,12.725965
ISIC_0014928,13.056901,9.501763
ISIC_0014931,10.322793,12.962756
ISIC_0014935,10.130982,11.768945
ISIC_0014951,10.103707,11.267133
ISIC_0014953,10.544425,12.881116
ISIC_0014963,9.900488,11.839512
ISIC_0014970,9.554979,12.664038
ISIC_0014975,9.54344,9.440232
ISIC_0014979,10.984489,12.860789
ISIC_0014980,10.986795,12.872186
ISIC_0014982,9.682312,12.404062
ISIC_0014983,10.303142,12.967938
ISIC_0014985,9.280804,9.598392
ISIC_0014987,10.477321,12.41735
ISIC_0014999,11.181076,10.5409775
ISIC_0015004,10.951689,12.767338
ISIC_0015005,10.149658,11.989707
ISIC_0015041,10.117948,12.803354
ISIC_0015045,10.4239435,12.361343
ISIC_0015050,11.422595,11.957545
ISIC_0015065,10.702547,12.434695
ISIC_0015067,9.487299,9.451813
ISIC_0015073,8.926048,10.464365
ISIC_0015079,10.058546,12.421414
ISIC_0015082,9.79168,11.075483
ISIC_0015083,11.5898285,9.024337
ISIC_0015088,10.112678,11.684156
ISIC_0015096,10.306344,12.959674
ISIC_0015106,8.550623,9.899472
ISIC_0015109,10.334247,12.874667
ISIC_0015114,10.07592,11.322084
ISIC_0015115,10.967192,12.467086
ISIC_0015116,11.222425,7.2101827
ISIC_0015119,9.637899,12.526733
ISIC_0015120,9.196376,10.521363
ISIC_0015122,11.30287,6.9728947
ISIC_0015124,10.332795,12.87482
ISIC_0015127,10.475552,12.315112
ISIC_0015128,11.899472,9.092544
ISIC_0015132,9.811111,12.439866
ISIC_0015133,11.359785,6.8996305
ISIC_0015136,10.048903,12.296315
ISIC_0015141,10.891408,12.55708
ISIC_0015142,10.837124,10.128784
ISIC_0015143,10.108535,12.382797
ISIC_0015145,9.900288,12.1814165
ISIC_0015156,10.899845,11.211967
ISIC_0015163,10.715585,12.705025
ISIC_0015166,8.880465,12.310051
ISIC_0015167,7.8981466,9.27232
ISIC_0015169,10.351164,12.940444
ISIC_0015178,9.581308,9.3861065
ISIC_0015180,9.551857,9.476095
ISIC_0015185,8.523635,9.86566
ISIC_0015189,10.871019,12.431992
ISIC_0015190,10.362409,12.192963
ISIC_0015191,10.620816,12.77395
ISIC_0015192,10.689965,13.326865
ISIC_0015193,9.766783,12.511813
ISIC_0015194,9.680888,12.415325
ISIC_0015196,8.150131,9.17083
ISIC_0015197,8.186467,9.197815
ISIC_0015204,10.396264,12.907016
ISIC_0015205,9.542033,10.947114
ISIC_0015206,10.26527,12.0885105
ISIC_0015213,9.919928,11.081304
ISIC_0015219,10.547247,12.668554
ISIC_0015228,6.9377923,8.612174
ISIC_0015229,8.943743,11.317568
ISIC_0015230,10.471084,12.770531
ISIC_0015236,11.609795,11.444955
ISIC_0015243,10.877009,12.157353
ISIC_0015246,9.574022,11.7998295
ISIC_0015248,9.504675,12.63005
ISIC_0015251,10.129837,11.749086
ISIC_0015256,8.811987,10.649477
ISIC_0015266,9.221628,10.460828
ISIC_0015277,9.656327,12.165192
ISIC_0015284,7.385396,9.049246
ISIC_0015288,10.243291,11.732439
ISIC_0015289,9.954526,11.736116
ISIC_0015314,10.99504,12.884598
ISIC_0015316,11.312908,6.9507613
ISIC_0015317,10.728909,13.385386
ISIC_0015318,11.658034,10.171175
ISIC_0015332,7.7451167,9.147254
ISIC_0015336,9.7145605,12.43939
ISIC_0015343,9.831913,10.61952
ISIC_0015356,8.914376,10.487926
ISIC_0015377,11.145022,10.341031
ISIC_0015433,9.197122,11.673055
ISIC_0015434,12.827631,8.803407
ISIC_0015441,11.460178,11.946514
ISIC_0015442,10.741678,13.395606
ISIC_0015457,7.5180798,9.276593
ISIC_0015458,7.516641,9.232829
ISIC_0015477,9.713486,12.247963
ISIC_0015503,9.442793,12.18612
ISIC_0015508,10.021036,10.955313
ISIC_0015514,9.835445,12.725538
ISIC_0015517,12.525407,8.035872
ISIC_0015519,12.513633,8.06263
ISIC_0015522,10.845117,12.893349
ISIC_0015523,10.77299,11.129762
ISIC_0015533,10.811312,12.813922
ISIC_0015565,11.28124,6.9876733
ISIC_0015575,10.726455,13.393173
ISIC_0015595,7.8711786,9.370784
ISIC_0015608,9.52878,12.61232
ISIC_0015619,7.8308673,9.220089
ISIC_0016080,12.565365,9.012191
ISIC_0016081,9.379165,10.668868
ISIC_0016082,12.89864,7.8675222
ISIC_0016084,12.247536,7.0481987
ISIC_0016085,12.225196,10.646672
ISIC_0016092,12.963596,7.845471
ISIC_0016094,12.076392,7.473902
ISIC_0016112,12.097101,11.513333
ISIC_0016114,13.203563,8.636166
ISIC_0016123,9.202834,11.718635
ISIC_0016127,11.879712,7.7495165
ISIC_0016128,8.171219,10.550537
ISIC_0016131,11.867723,7.901874
ISIC_0016133,12.424472,8.333696
ISIC_0016137,12.228908,9.800698
ISIC_0016139,12.232648,6.527205
ISIC_0016145,8.2407055,9.597217
ISIC_0016153,12.085473,10.732607
ISIC_0016161,11.137627,10.715968
ISIC_0016162,7.2489567,9.074156
ISIC_0016438,12.4905815,7.949342
ISIC_0016911,9.688057,11.974216
ISIC_0017350,12.427827,7.7144837
ISIC_0017399,9.678139,12.293503
ISIC_0017411,10.829666,11.015938
ISIC_0017414,11.730042,9.721441
ISIC_0017415,12.471723,7.9842896
ISIC_0017422,13.272307,9.807269
ISIC_0017428,9.438603,12.277992
ISIC_0017431,13.876527,7.6355686
ISIC_0017434,9.113191,12.235119
ISIC_0017436,11.418679,8.811524
ISIC_0017443,13.201044,8.288019
ISIC_0017448,9.581754,12.678882
ISIC_0017451,11.584734,9.83264
ISIC_0017453,12.317614,8.120016
ISIC_0017455,13.247531,7.902472
ISIC_0017460,9.624514,12.669611
ISIC_0017485,12.341406,9.178242
ISIC_0017486,12.898617,9.567931
ISIC_0017856,9.251223,12.160309
ISIC_0018039,10.12168,12.81539
ISIC_0018040,9.992598,12.784836
ISIC_0019315,11.354653,10.09349
ISIC_0019334,12.336884,8.151499
ISIC_0019335,12.3497095,8.117353
ISIC_0019432,11.364286,10.073776
ISIC_0020491,10.32652,11.730997
ISIC_0020963,11.018741,9.202424
ISIC_0020975,11.030075,11.191532
ISIC_0020977,11.173037,11.216443
ISIC_0020978,10.955494,10.5921135
ISIC_0020985,11.181803,10.501746
ISIC_0020986,11.119753,10.476224
ISIC_0020987,10.110466,9.334282
ISIC_0020988,10.072543,9.948888
ISIC_0020998,9.978805,10.006301
ISIC_0021009,10.007763,9.480325
ISIC_0021020,9.995365,10.000598
ISIC_0021094,10.724515,11.358687
ISIC_0021095,10.583624,11.386311
ISIC_0021125,11.346654,11.868158
ISIC_0021136,11.218665,11.7669525
ISIC_0021147,11.2427845,11.848296
ISIC_0021155,11.237642,11.755739
ISIC_0021162,11.269242,11.856689
ISIC_0021166,9.591308,9.392525
ISIC_0021167,9.555028,9.464024
ISIC_0021168,9.577905,9.393717
ISIC_0021172,11.869752,6.783814
ISIC_0021187,12.481445,7.395473
ISIC_0021188,13.096982,7.161648
ISIC_0021189,13.215469,6.84557
ISIC_0021194,11.384577,12.136219
ISIC_0021205,11.025881,7.1759176
ISIC_0021271,10.352733,11.691012
ISIC_0021282,10.904738,9.616232
ISIC_0021293,10.238256,11.654058
ISIC_0021295,11.375759,9.798967
ISIC_0021296,11.3094,10.937268
ISIC_0021297,11.331459,10.040345
ISIC_0021328,11.923926,10.746943
ISIC_0021329,11.78679,10.814487
ISIC_0021330,12.08335,9.040374
ISIC_0021339,7.442904,10.85799
ISIC_0021340,7.4417815,10.793636
ISIC_0021341,7.442007,10.843321
ISIC_0021382,5.7096057,8.02981
ISIC_0021383,5.7209954,8.041059
ISIC_0021384,5.6981854,8.0468855
ISIC_0021390,11.06691,6.973544
ISIC_0021391,11.152615,6.839964
ISIC_0021399,11.375304,9.750167
ISIC_0021400,13.424521,8.175562
ISIC_0021401,13.208269,8.25147
ISIC_0021405,11.2591,12.199064
ISIC_0021407,11.191584,12.224623
ISIC_0021408,11.137565,7.2195344
ISIC_0021426,11.106828,10.941147
ISIC_0021427,11.137278,10.966001
ISIC_0021428,10.562013,9.176493
ISIC_0021432,9.275974,9.630435
ISIC_0021434,9.672502,9.455978
ISIC_0021435,9.425361,9.450934
ISIC_0021439,11.320627,11.267416
ISIC_0021440,11.354425,11.105278
ISIC_0021441,11.854665,9.1111
ISIC_0021442,11.364263,11.353121
ISIC_0021443,11.32432,10.8778305
ISIC_0021446,11.452593,10.800752
ISIC_0021473,11.744353,11.971473
ISIC_0021474,11.68245,12.015942
ISIC_0021475,10.363416,12.723986
ISIC_0021480,11.320669,6.9715405
ISIC_0021481,11.365223,6.9593854
ISIC_0021482,11.265551,7.046704
ISIC_0021491,11.78116,8.799004
ISIC_0021492,11.919294,8.845657
ISIC_0021493,11.673749,9.338218
ISIC_0021497,9.85391,8.817227
ISIC_0021498,11.830245,9.854124
ISIC_0021500,9.898861,9.484232
ISIC_0021530,13.721906,7.9999557
ISIC_0021531,13.678739,8.01765
ISIC_0021533,13.520486,7.163605
ISIC_0021534,12.909649,7.1286073
ISIC_0021535,12.205064,8.436684
ISIC_0021536,12.104912,8.518474
ISIC_0021542,9.689785,9.514886
ISIC_0021543,10.136441,9.103342
ISIC_0021544,9.201846,9.342932
ISIC_0021611,11.233389,11.3057375
ISIC_0021622,11.208882,11.237036
ISIC_0021627,11.568516,9.832784
ISIC_0021646,11.92295,9.67886
ISIC_0021647,12.04512,9.772073
ISIC_0021648,11.932822,9.609092
ISIC_0021687,12.073217,10.541759
ISIC_0021688,11.841291,10.835835
ISIC_0021689,11.548835,9.58546
ISIC_0021706,12.478305,8.29988
ISIC_0021708,12.973167,8.013064
ISIC_0021709,12.373394,8.300808
ISIC_0021710,11.815265,10.438516
ISIC_0021711,11.172186,11.0050125
ISIC_0021713,11.687584,10.5904045
ISIC_0021728,11.664476,10.848401
ISIC_0021729,11.423481,10.886329
ISIC_0021730,10.115801,9.9776535
ISIC_0021745,11.838521,9.0468645
ISIC_0021746,11.83217,9.244265
ISIC_0021747,11.671154,9.461162
ISIC_0021768,12.021885,10.563081
ISIC_0021770,12.860539,9.463014
ISIC_0021771,13.377543,9.5181265
ISIC_0021772,11.223932,10.250155
ISIC_0021780,13.5122385,7.82438
ISIC_0021781,13.772672,9.144701
ISIC_0021782,11.884319,9.677494
ISIC_0021783,13.646642,7.7781043
ISIC_0021784,13.82022,8.076462
ISIC_0021785,13.515124,7.1383657
ISIC_0021786,13.253538,9.756647
ISIC_0021787,13.433778,9.574411
ISIC_0021789,12.437574,8.031475
ISIC_0021800,12.853542,7.2774563
ISIC_0021801,13.639397,8.252349
ISIC_0021802,11.971245,9.207567
ISIC_0021803,12.440388,8.171036
ISIC_0021804,12.53773,8.032706
ISIC_0021805,9.965524,9.776972
ISIC_0021816,11.541114,7.4461756
ISIC_0021818,10.829733,10.923556
ISIC_0021819,10.716984,10.763448
ISIC_0021850,11.810848,8.947456
ISIC_0021851,13.594708,9.138416
ISIC_0021896,11.037885,11.17619
ISIC_0021897,11.285478,11.612055
ISIC_0021898,11.072126,7.2255273
ISIC_0021899,10.509662,7.4695773
ISIC_0021900,13.354963,7.558532
ISIC_0021901,10.583277,7.520726
ISIC_0021908,13.455627,7.574059
ISIC_0021917,12.697782,10.253245
ISIC_0021921,9.867441,8.683905
ISIC_0021925,11.095935,9.995801
ISIC_0021926,9.909629,8.788246
ISIC_0021927,9.843121,8.703459
ISIC_0021967,14.082941,8.215854
ISIC_0021969,13.816185,8.723064
ISIC_0021970,13.982949,7.7214503
ISIC_0021971,14.055577,7.9137273
ISIC_0021972,14.076561,8.211425
ISIC_0021973,14.047192,8.288396
ISIC_0021974,14.095906,8.213312
ISIC_0021975,14.090808,8.023153
ISIC_0021976,14.103572,8.004483
ISIC_0021977,14.094513,7.9914007
ISIC_0021978,14.093959,8.211474
ISIC_0021979,12.031721,9.481374
ISIC_0021980,14.095641,8.080743
ISIC_0021981,14.103598,8.109228
ISIC_0021985,11.992026,10.208913
ISIC_0021996,12.039727,9.938933
ISIC_0021997,12.261789,10.167084
ISIC_0022000,11.999314,9.459137
ISIC_0022003,11.264323,11.107226
ISIC_0022009,11.629549,10.311835
ISIC_0022010,11.652271,10.208642
ISIC_0022011,8.995641,6.538715
ISIC_0022012,8.9516325,6.5362267
ISIC_0022013,11.194551,11.036968
ISIC_0022022,11.2227545,11.137829
ISIC_0022048,11.359433,10.961494
ISIC_0022059,10.194017,9.819584
ISIC_0022066,13.204572,9.29291
ISIC_0022067,11.896406,11.706083
ISIC_0022068,11.834645,11.729206
ISIC_0022069,13.224101,9.355863
ISIC_0022070,11.298191,10.682468
ISIC_0022071,13.25449,9.375446
ISIC_0022073,12.840777,9.01227
ISIC_0022075,7.6122565,11.087122
ISIC_0022076,7.5662446,11.06286
ISIC_0022077,7.51348,11.01876
ISIC_0022078,7.4601865,10.990564
ISIC_0022079,7.531707,11.03195
ISIC_0022080,9.419984,9.224538
ISIC_0022081,10.562022,11.790489
ISIC_0022082,7.348204,10.428486
ISIC_0022083,11.5337715,9.907667
ISIC_0022102,11.114988,10.962176
ISIC_0022113,11.09961,10.947198
ISIC_0022123,10.570957,11.471398
ISIC_0022124,11.130222,10.955371
ISIC_0022125,10.764114,11.5015545
ISIC_0022154,9.687063,9.4232
ISIC_0022155,9.842356,9.326609
ISIC_0022156,9.64175,9.48455
ISIC_0022157,9.839702,9.294063
ISIC_0022180,13.541297,7.947998
ISIC_0022195,13.304186,9.807661
ISIC_0022196,13.264387,9.8273325
ISIC_0022197,13.370598,9.749904
ISIC_0022198,13.370455,9.713599
ISIC_0022199,13.815071,7.8842816
ISIC_0022245,11.873545,11.838218
ISIC_0022246,11.908683,11.497671
ISIC_0022254,11.398929,11.480062
ISIC_0022255,10.2340355,10.084596
ISIC_0022256,11.664986,8.85217
ISIC_0022286,13.729328,7.8786077
ISIC_0022304,10.318401,12.288208
ISIC_0022305,10.261883,12.254459
ISIC_0022306,10.072368,12.316041
ISIC_0022307,10.312971,12.307069
ISIC_0022308,12.283842,8.721968
ISIC_0022311,10.209488,9.675617
ISIC_0022312,10.270024,10.033406
ISIC_0022313,10.193034,9.478156
ISIC_0022314,10.203388,9.736483
ISIC_0022315,10.204389,9.636606
ISIC_0022316,10.98371,10.266913
ISIC_0022317,10.939915,10.256049
ISIC_0022318,11.707391,9.026895
ISIC_0022319,10.982417,10.237734
ISIC_0022321,10.944493,10.182555
ISIC_0022322,10.52969,9.371123
ISIC_0022327,12.259743,8.3308115
ISIC_0022328,12.106097,8.390417
ISIC_0022329,12.9564905,8.041395
ISIC_0022330,12.276891,8.186843
ISIC_0022332,12.152934,8.336973
ISIC_0022338,13.7721815,8.103225
ISIC_0022339,13.717448,8.507156
ISIC_0022340,13.3888,9.629775
ISIC_0022378,10.619118,11.402663
ISIC_0022379,10.587902,11.3823805
ISIC_0022380,11.228647,11.5280285
ISIC_0022381,13.038782,10.045739
ISIC_0022382,13.190197,7.3921576
ISIC_0022383,13.122517,9.881543
ISIC_0022384,13.136455,9.888138
ISIC_0022385,13.242622,9.384142
ISIC_0022397,10.104572,10.170783
ISIC_0022398,10.220794,9.25413
ISIC_0022399,10.201886,9.349836
ISIC_0022437,13.175986,7.215877
ISIC_0022439,13.211854,9.75659
ISIC_0022440,13.109913,7.005013
ISIC_0022442,13.123068,7.0942626
ISIC_0022463,9.631792,10.601267
ISIC_0022474,9.858885,11.058926
ISIC_0022570,11.473535,10.077138
ISIC_0022571,11.494943,10.497876
ISIC_0022572,11.147586,11.903823
ISIC_0022573,11.517749,10.242481
ISIC_0022574,11.5422735,10.215485
ISIC_0022597,10.69487,11.472608
ISIC_0022601,10.641234,11.481503
ISIC_0022602,10.663562,11.491153
ISIC_0022603,10.661325,11.461871
ISIC_0022604,10.630153,11.488744
ISIC_0022615,10.435963,9.958497
ISIC_0022616,10.56126,9.774713
ISIC_0022617,10.060234,9.302484
ISIC_0022624,13.48321,8.229874
ISIC_0022660,10.885731,11.499011
ISIC_0022679,11.324749,11.924256
ISIC_0022682,9.931297,8.540247
ISIC_0022683,9.957492,8.515921
ISIC_0022684,9.950613,8.501248
ISIC_0022685,9.944606,8.481814
ISIC_0022686,9.962248,8.48336
ISIC_0022783,11.336138,12.034478
ISIC_0022793,13.151012,10.124171
ISIC_0022794,12.722243,10.681165
ISIC_0022796,12.854998,10.680329
ISIC_0022797,13.262308,8.422587
ISIC_0022798,13.379586,7.8693523
ISIC_0022799,12.608515,8.784409
ISIC_0022894,11.382842,12.06912
ISIC_0023021,10.323351,10.299678
ISIC_0023022,10.174281,10.06662
ISIC_0023023,10.207662,10.039889
ISIC_0023025,10.292353,10.235338
ISIC_0023026,10.115376,9.754024
ISIC_0023042,6.298533,9.816542
ISIC_0023043,9.912551,10.4390335
ISIC_0023044,7.785552,10.772592
ISIC_0023045,10.097559,10.617342
ISIC_0023047,10.21138,10.763991
ISIC_0023048,11.209055,11.861604
ISIC_0023049,10.327529,11.165719
ISIC_0023050,9.838671,10.449642
ISIC_0023051,8.91671,9.637084
ISIC_0023052,6.31538,9.522937
ISIC_0023053,10.983188,11.861074
ISIC_0023054,10.2299185,10.872165
ISIC_0023103,6.409392,11.2528305
ISIC_0023104,6.408756,11.253768
ISIC_0023105,6.4130464,11.249537
ISIC_0023106,6.407131,11.255214
ISIC_0023107,6.4071784,11.254846
ISIC_0023108,6.4089646,11.250027
ISIC_0023109,6.412073,11.247679
ISIC_0023110,6.4103565,11.251627
ISIC_0023111,6.407835,11.254121
ISIC_0023116,10.142973,9.775511
ISIC_0023117,10.17733,9.698392
ISIC_0023119,10.155664,9.81806
ISIC_0023130,4.925785,8.875935
ISIC_0023131,4.933899,8.881566
ISIC_0023132,4.9245186,8.855504
ISIC_0023133,4.91151,8.896854
ISIC_0023161,11.680325,9.291322
ISIC_0023163,10.86107,10.723428
ISIC_0023164,10.890782,10.582867
ISIC_0023165,11.666734,9.222847
ISIC_0023236,11.869952,9.6063385
ISIC_0023262,9.619723,9.458068
ISIC_0023264,7.5373073,11.117608
ISIC_0023265,7.5297656,11.110156
ISIC_0023266,7.5295486,11.131802
ISIC_0023267,7.5320945,11.062763
ISIC_0023268,7.5151095,11.14806
ISIC_0023269,10.697727,9.734448
ISIC_0023270,7.606486,11.121697
ISIC_0023271,7.598905,11.026776
ISIC_0023272,7.533249,11.121253
ISIC_0023273,7.5128355,11.161774
ISIC_0023275,7.4368577,10.974248
ISIC_0023276,8.192955,10.180661
ISIC_0023277,8.129077,10.180189
ISIC_0023278,7.629802,11.119819
ISIC_0023279,7.6637716,11.09691
ISIC_0023280,7.520983,11.062402
ISIC_0023281,10.6682205,9.734808
ISIC_0023282,10.265433,9.164629
ISIC_0023283,10.692241,9.697577
ISIC_0023284,7.449111,10.991433
ISIC_0023286,7.525826,6.427395
ISIC_0023287,7.407916,10.920668
ISIC_0023288,7.37571,10.886081
ISIC_0023289,7.5075426,11.149957
ISIC_0023290,7.5150833,11.15907
ISIC_0023291,7.422633,10.965871
ISIC_0023292,7.5380297,10.957659
ISIC_0023293,7.5156918,11.1668415
ISIC_0023294,7.51731,11.148871
ISIC_0023295,7.618444,11.054905
ISIC_0023296,7.552177,11.044228
ISIC_0023297,10.255143,10.10752
ISIC_0023298,7.558092,11.134104
ISIC_0023299,7.5796123,11.065897
ISIC_0023300,11.141955,10.536995
ISIC_0023301,8.202027,11.117086
ISIC_0023302,13.245838,7.6932898
ISIC_0023303,7.468853,11.036721
ISIC_0023304,7.6214685,11.104586
ISIC_0023305,7.8135257,10.958345
ISIC_0023306,10.000628,10.548485
ISIC_0023307,7.579874,11.063248
ISIC_0023308,10.139148,9.340246
ISIC_0023309,7.4621997,11.030051
ISIC_0023310,7.6296864,11.0555525
ISIC_0023311,7.621396,11.100557
ISIC_0023312,7.5763245,11.08053
ISIC_0023313,10.776892,10.378622
ISIC_0023314,9.629278,9.75907
ISIC_0023315,7.310681,10.78558
ISIC_0023316,7.5300975,11.006054
ISIC_0023317,7.601923,10.895654
ISIC_0023318,11.251666,10.823321
ISIC_0023320,7.5510535,11.11492
ISIC_0023321,7.5570574,11.067428
ISIC_0023322,7.552632,11.117249
ISIC_0023323,11.455922,10.802317
ISIC_0023324,7.6060233,10.950542
ISIC_0023325,10.692384,9.640687
ISIC_0023326,7.605067,9.193388
ISIC_0023327,7.611129,11.0632515
ISIC_0023328,7.5616083,11.137789
ISIC_0023329,7.546191,11.124084
ISIC_0023331,7.557804,11.089875
ISIC_0023364,11.473136,11.948838
ISIC_0023365,11.465663,11.945241
ISIC_0023366,11.47688,11.833009
ISIC_0023367,11.48129,11.948194
ISIC_0023368,11.507057,12.01229
ISIC_0023369,11.481254,11.955407
ISIC_0023370,11.801145,6.4592695
ISIC_0023371,11.778222,6.4578147
ISIC_0023372,11.806771,6.456326
ISIC_0023374,11.79135,6.454161
ISIC_0023375,11.815445,6.4321184
ISIC_0023376,11.815454,6.424726
ISIC_0023377,11.812057,6.4202094
ISIC_0023395,11.773642,8.802398
ISIC_0023396,11.054717,9.80758
ISIC_0023397,11.1254,9.691701
ISIC_0023398,11.050783,9.691666
ISIC_0023399,11.042618,9.929965
ISIC_0023427,6.180992,9.565346
ISIC_0023438,6.1881986,9.559796
ISIC_0023458,4.9565005,8.9036875
ISIC_0023459,4.932661,8.894341
ISIC_0023460,5.549466,9.031811
ISIC_0023461,5.5818467,9.046717
ISIC_0023462,5.1071067,8.541748
ISIC_0023463,5.0501432,8.576359
ISIC_0023464,5.0445485,8.587753
ISIC_0023465,5.50934,8.833197
ISIC_0023466,4.916921,8.854775
ISIC_0023467,5.480829,8.97504
ISIC_0023469,5.481447,8.919887
ISIC_0023482,11.935433,9.380312
ISIC_0023483,10.141836,10.325454
ISIC_0023484,11.1135025,8.85846
ISIC_0023485,10.104229,10.399208
ISIC_0023486,10.145448,10.343697
ISIC_0023488,11.039198,8.794494
ISIC_0023489,9.967014,10.166927
ISIC_0023490,9.961565,10.002663
ISIC_0023491,10.012514,9.989775
ISIC_0023492,9.988055,10.109312
ISIC_0023493,9.776701,9.831599
ISIC_0023494,9.39108,9.336918
ISIC_0023495,12.052778,10.769193
ISIC_0023496,12.142056,10.706812
ISIC_0023497,12.234013,9.660492
ISIC_0023500,11.339752,9.787803
ISIC_0023502,11.506218,8.901895
ISIC_0023503,10.977088,12.904037
ISIC_0023504,7.114397,6.5490603
ISIC_0023505,11.14821,11.379339
ISIC_0023506,11.21944,11.3065
ISIC_0023507,11.225697,11.326543
ISIC_0023508,11.548645,10.3625765
ISIC_0023509,10.9341345,11.395115
ISIC_0023511,11.243936,11.2177305
ISIC_0023512,10.978007,11.41464
ISIC_0023513,11.160749,11.244801
ISIC_0023514,9.972912,11.144751
ISIC_0023515,10.9395685,11.346781
ISIC_0023516,11.184178,11.213256
ISIC_0023517,10.685299,11.719871
ISIC_0023518,11.174332,11.233123
ISIC_0023519,10.383989,10.613383
ISIC_0023524,11.151999,12.030676
ISIC_0023525,11.172131,12.033518
ISIC_0023526,11.134605,12.014402
ISIC_0023529,9.764374,9.360096
ISIC_0023530,9.574682,9.380644
ISIC_0023531,9.611578,9.384506
ISIC_0023553,11.873851,11.700619
ISIC_0023554,11.863338,11.725608
ISIC_0023561,10.90382,11.138575
ISIC_0023574,11.704397,10.9857235
ISIC_0023575,11.43,11.303665
ISIC_0023594,12.885028,10.975999
ISIC_0023596,12.923768,10.980951
ISIC_0023597,12.971052,10.865099
ISIC_0023604,12.841923,8.212433
ISIC_0023606,12.802765,8.177417
ISIC_0023608,13.117854,10.323915
ISIC_0023620,13.107496,10.301872
ISIC_0023631,11.549568,11.974213
ISIC_0023634,5.840603,8.908346
ISIC_0023635,5.767195,8.9145
ISIC_0023636,6.000892,9.21917
ISIC_0023637,5.9560103,9.124485
ISIC_0023638,5.7953424,8.952473
ISIC_0023639,5.8074956,8.959996
ISIC_0023640,5.768289,8.778957
ISIC_0023641,5.7363524,8.861415
ISIC_0023642,11.584566,11.99907
ISIC_0023643,5.7528787,8.904096
ISIC_0023644,5.734308,8.866008
ISIC_0023645,5.7397375,8.876769
ISIC_0023646,11.344518,11.039921
ISIC_0023647,11.316954,11.008326
ISIC_0023648,11.367002,10.087775
ISIC_0023669,13.356643,8.770427
ISIC_0023670,13.238403,8.63032
ISIC_0023671,13.883951,7.5169597
ISIC_0023675,11.467833,10.927045
ISIC_0023685,11.18509,10.470391
ISIC_0023705,11.219954,6.9486623
ISIC_0023706,11.054928,6.695072
ISIC_0023707,11.044719,6.694393
ISIC_0023708,11.207214,6.8907785
ISIC_0023711,11.477123,11.878987
ISIC_0023712,9.844453,11.0771675
ISIC_0023744,12.302952,9.035588
ISIC_0023747,12.214148,8.891336
ISIC_0023755,13.155299,7.358091
ISIC_0023762,10.405004,9.520686
ISIC_0023763,10.249444,9.333213
ISIC_0023764,10.196526,9.278722
ISIC_0023765,12.795622,6.704095
ISIC_0023766,12.771699,6.6799955
ISIC_0023767,11.559148,7.096591
ISIC_0023769,12.683324,9.481207
ISIC_0023770,11.415459,10.002709
ISIC_0023771,12.026276,9.40174
ISIC_0023786,9.638793,9.572253
ISIC_0023787,10.072504,9.322193
ISIC_0023806,10.775758,9.570156
ISIC_0023807,11.834126,9.591826
ISIC_0023808,11.965401,9.500766
ISIC_0023809,13.702665,7.696715
ISIC_0023811,13.825188,7.685351
ISIC_0023812,13.668946,7.5552707
ISIC_0023836,12.10912,8.387766
ISIC_0023837,12.679153,10.056392
ISIC_0023838,12.675953,10.047255
ISIC_0023839,12.319737,10.229947
ISIC_0023843,11.893394,9.49599
ISIC_0023853,10.98811,9.739912
ISIC_0023854,11.795896,9.580564
ISIC_0023855,10.981299,9.78562
ISIC_0023856,10.956862,9.722933
ISIC_0023890,13.595749,9.792774
ISIC_0023891,13.661891,9.748135
ISIC_0023893,10.535229,12.3865385
ISIC_0023900,13.64251,8.176365
ISIC_0023901,11.98874,9.341102
ISIC_0023902,12.183979,9.680334
ISIC_0023903,10.296183,10.246862
ISIC_0023923,11.489478,6.7312136
ISIC_0023924,11.424577,6.7378592
ISIC_0023925,12.634789,6.554814
ISIC_0024005,10.3045225,10.317866
ISIC_0024015,10.78147,11.451475
ISIC_0024016,10.661873,11.454283
ISIC_0024018,10.813674,10.190017
ISIC_0024032,11.22178,11.883675
ISIC_0024033,11.183279,11.878655
ISIC_0024034,11.211077,11.860047
ISIC_0024072,11.229317,11.090696
ISIC_0024083,11.229345,11.131404
ISIC_0024085,12.025142,10.644836
ISIC_0024086,11.841167,10.806413
ISIC_0024087,11.890333,9.161689
ISIC_0024091,11.122372,11.035618
ISIC_0024095,10.652606,11.058461
ISIC_0024096,10.412852,10.2957535
ISIC_0024097,10.493075,10.916664
ISIC_0024108,11.577235,9.091962
ISIC_0024109,11.486522,9.1237
ISIC_0024112,11.482458,9.089978
ISIC_0024119,11.392971,9.343197
ISIC_0024120,10.482123,11.466664
ISIC_0024121,8.877816,10.545793
ISIC_0024193,12.732992,8.195849
ISIC_0024194,12.801419,8.122479
ISIC_0024195,12.861747,7.0996776
ISIC_0024313,13.43174,9.237354
ISIC_0024315,13.29727,6.91949
ISIC_0024351,9.475596,12.073883
ISIC_0024481,13.601836,7.432509
ISIC_0024537,12.236717,9.446634
ISIC_0024546,10.935868,11.078514
ISIC_0024586,13.728736,7.298518
ISIC_0024624,13.4414835,7.1673665
ISIC_0024644,11.010795,11.071658
ISIC_0024675,13.810257,8.211517
ISIC_0024688,9.84572,12.297375
ISIC_0024733,11.767708,9.744903
ISIC_0024792,9.793638,11.44436
ISIC_0024806,9.944475,11.903316
ISIC_0024865,13.100789,7.037332
ISIC_0024886,11.015651,8.73153
ISIC_0024898,9.064024,11.822406
ISIC_0024900,10.858432,11.191637
ISIC_0024911,13.497071,9.559442
ISIC_0024918,12.705882,9.213552
ISIC_0024932,12.910568,10.260629
ISIC_0024952,9.181367,10.810583
ISIC_0024972,6.874381,8.505257
ISIC_0025018,13.12178,6.9513783
ISIC_0025035,12.985654,8.918169
ISIC_0025081,13.502941,7.280409
ISIC_0025085,12.886954,9.015692
ISIC_0025127,11.114362,11.400045
ISIC_0025128,13.56579,9.556081
ISIC_0025155,13.321177,9.678709
ISIC_0025219,12.90854,8.141004
ISIC_0025235,9.539527,12.052976
ISIC_0025238,12.949483,9.927537
ISIC_0025265,13.888558,7.418169
ISIC_0025316,13.78673,7.925309
ISIC_0025409,12.361369,10.579286
ISIC_0025451,6.9390306,8.501826
ISIC_0025489,9.303266,12.073163
ISIC_0025550,12.830875,10.274145
ISIC_0025573,11.467435,11.783495
ISIC_0025589,13.756805,7.2892904
ISIC_0025592,13.599911,7.307622
ISIC_0025603,9.727502,11.351512
ISIC_0025611,12.471296,10.414087
ISIC_0025663,11.131839,11.365633
ISIC_0025674,10.110092,9.445387
ISIC_0025708,8.570601,11.540567
ISIC_0025724,13.093461,8.818773
ISIC_0025748,12.312491,9.780604
ISIC_0025751,9.689012,12.095571
ISIC_0025766,10.460836,11.303086
ISIC_0025783,9.44458,11.844764
ISIC_0025791,12.807215,9.379526
ISIC_0025832,10.031974,11.974223
ISIC_0025835,12.844378,7.971698
ISIC_0025891,13.152184,7.1105347
ISIC_0025904,13.683846,7.4324865
ISIC_0025941,9.847612,11.53024
ISIC_0025963,7.8030396,10.643077
ISIC_0025964,13.776622,7.2147474
ISIC_0026009,11.841369,10.067254
ISIC_0026081,9.496207,12.111001
ISIC_0026105,12.730803,9.997759
ISIC_0026113,13.5022135,7.179572
ISIC_0026115,10.865605,9.621618
ISIC_0026150,13.604464,7.1595545
ISIC_0026207,8.916936,11.449445
ISIC_0026229,7.3895545,9.023001
ISIC_0026236,13.652693,9.059865
ISIC_0026239,9.771397,12.070022
ISIC_0026247,13.851341,7.5223894
ISIC_0026258,12.094313,11.030466
ISIC_0026296,13.149951,6.8824973
ISIC_0026314,13.835337,8.044243
ISIC_0026352,9.776985,12.355201
ISIC_0026360,13.010777,7.045428
ISIC_0026475,12.902322,9.963188
ISIC_0026506,9.190525,12.059176
ISIC_0026516,13.772749,8.472116
ISIC_0026596,12.8059435,6.953307
ISIC_0026604,10.010606,9.744571
ISIC_0026622,10.035037,9.713
ISIC_0026694,9.515143,12.484325
ISIC_0026746,11.957453,11.075543
ISIC_0026770,8.943668,11.624488
ISIC_0026774,9.527463,12.016243
ISIC_0026802,9.015279,11.912693
ISIC_0026897,12.02425,9.453927
ISIC_0026930,9.486949,11.926096
ISIC_0026954,10.277259,11.324938
ISIC_0026963,13.537212,7.182037
ISIC_0026993,12.61506,8.157359
ISIC_0026996,13.289348,7.0166574
ISIC_0027043,12.388997,9.517655
ISIC_0027089,9.829503,12.104088
ISIC_0027105,11.909964,11.880352
ISIC_0027125,13.185727,8.285695
ISIC_0027171,8.877066,11.677569
ISIC_0027174,13.685107,7.233163
ISIC_0027260,13.707781,8.217357
ISIC_0027261,6.8808746,8.489045
ISIC_0027263,12.494745,8.599959
ISIC_0027282,10.526243,11.0178995
ISIC_0027327,12.95628,7.6521864
ISIC_0027359,13.268517,8.48112
ISIC_0027387,9.9203415,10.899193
ISIC_0027402,13.0835705,9.024892
ISIC_0027407,10.572383,11.462297
ISIC_0027436,9.947947,8.5611515
ISIC_0027480,9.342698,9.297156
ISIC_0027487,13.558584,7.188392
ISIC_0027502,12.911849,10.189167
ISIC_0027507,13.271593,9.614452
ISIC_0027517,10.115319,9.774469
ISIC_0027561,11.180097,11.318027
ISIC_0027604,11.822141,8.960355
ISIC_0027616,8.750804,9.333616
ISIC_0027620,9.632076,12.025647
ISIC_0027622,9.479694,12.308551
ISIC_0027659,13.690304,8.3263035
ISIC_0027693,11.1681,9.986052
ISIC_0027769,13.228541,9.55722
ISIC_0027793,11.285917,9.952164
ISIC_0027797,13.274618,9.856517
ISIC_0027832,12.281453,10.099047
ISIC_0027863,10.501572,11.284695
ISIC_0027900,13.533013,9.269693
ISIC_0027956,9.625998,11.5650835
ISIC_0028003,9.659943,11.837547
ISIC_0028017,12.871451,9.84429
ISIC_0028022,9.748207,10.854628
ISIC_0028029,13.849751,7.7568517
ISIC_0028033,12.613565,9.609575
ISIC_0028041,13.801061,7.3747206
ISIC_0028056,12.907845,7.009992
ISIC_0028065,11.544471,11.48345
ISIC_0028069,13.73412,7.2311063
ISIC_0028103,11.498894,10.923164
ISIC_0028109,13.650559,7.4310455
ISIC_0028215,13.415521,7.9549947
ISIC_0028219,13.584953,8.871718
ISIC_0028225,12.387093,9.775878
ISIC_0028306,12.430966,11.54232
ISIC_0028325,13.562819,8.501173
ISIC_0028326,13.840341,7.342805
ISIC_0028460,11.22475,11.362713
ISIC_0028467,12.924484,9.13549
ISIC_0028489,12.961747,9.371576
ISIC_0028493,11.160932,10.849917
ISIC_0028537,12.59035,9.068136
ISIC_0028565,13.850984,7.5413313
ISIC_0028567,13.098528,8.481495
ISIC_0028579,13.310423,6.9545197
ISIC_0028685,11.649727,10.316897
ISIC_0028696,10.119431,12.726719
ISIC_0028718,9.540164,12.211127
ISIC_0028760,13.16476,7.0079093
ISIC_0028860,10.868408,11.535551
ISIC_0028901,6.8824873,8.452836
ISIC_0028915,12.607319,8.237694
ISIC_0028929,10.077267,11.834371
ISIC_0028930,13.706647,8.78617
ISIC_0028965,8.594568,10.919588
ISIC_0029013,12.759175,6.9097004
ISIC_0029017,13.788486,8.137242
ISIC_0029028,10.693143,10.217184
ISIC_0029033,9.560746,11.396496
ISIC_0029056,8.8263,11.795969
ISIC_0029170,12.928612,8.794887
ISIC_0029242,12.223776,8.703864
ISIC_0029272,9.383706,11.465543
ISIC_0029318,11.087744,11.42224
ISIC_0029343,12.628017,6.523124
ISIC_0029397,9.659969,12.129262
ISIC_0029434,11.705662,8.722864
ISIC_0029480,13.04864,10.295629
ISIC_0029495,12.758125,9.573967
ISIC_0029513,13.689476,8.220216
ISIC_0029538,13.87084,7.4669065
ISIC_0029570,13.065768,10.199243
ISIC_0029571,13.680441,7.2405095
ISIC_0029606,12.948856,8.805445
ISIC_0029651,12.314467,8.420885
ISIC_0029652,12.657984,10.069666
ISIC_0029660,13.885961,7.400639
ISIC_0029698,9.293838,10.511743
ISIC_0029839,11.373832,11.562204
ISIC_0029859,9.864964,11.238135
ISIC_0029885,12.6209545,9.103839
ISIC_0029913,13.867609,7.385619
ISIC_0030002,9.689148,12.172193
ISIC_0030034,8.525445,9.750985
ISIC_0030047,12.441126,10.466946
ISIC_0030083,9.763821,12.401721
ISIC_0030089,13.770342,7.65126
ISIC_0030122,11.36291,9.643441
ISIC_0030134,10.742701,9.1411705
ISIC_0030171,13.594525,8.460152
ISIC_0030183,11.473557,11.889075
ISIC_0030192,10.278134,11.243378
ISIC_0030255,13.801698,7.9603667
ISIC_0030281,13.914263,7.378108
ISIC_0030356,9.162109,11.162567
ISIC_0030366,11.35175,9.925792
ISIC_0030391,13.248093,9.705157
ISIC_0030440,13.581423,7.131471
ISIC_0030445,13.324309,7.593723
ISIC_0030501,11.306787,9.78761
ISIC_0030507,11.312007,11.449552
ISIC_0030512,10.247795,11.913061
ISIC_0030521,13.832734,7.3165784
ISIC_0030539,13.710292,7.7073483
ISIC_0030552,12.338696,7.1290903
ISIC_0030575,11.4770355,6.9508524
ISIC_0030623,13.20358,7.1013126
ISIC_0030653,13.037895,9.616474
ISIC_0030689,11.918651,9.906483
ISIC_0030747,10.477354,12.767247
ISIC_0030795,9.569157,11.934546
ISIC_0030818,12.957728,7.534038
ISIC_0030828,12.96712,9.026766
ISIC_0030898,13.692078,7.6550922
ISIC_0030951,10.747738,11.568285
ISIC_0031025,13.1870365,8.43364
ISIC_0031034,12.8435545,9.234836
ISIC_0031177,12.415671,9.16018
ISIC_0031186,10.25428,9.843835
ISIC_0031189,13.62837,8.254422
ISIC_0031295,10.299684,10.242178
ISIC_0031369,13.227686,8.394821
ISIC_0031386,10.842964,11.616476
ISIC_0031389,10.389744,11.472137
ISIC_0031406,13.725072,7.229514
ISIC_0031408,11.6674795,9.086216
ISIC_0031417,13.42409,9.486573
ISIC_0031498,9.662292,11.337608
ISIC_0031529,9.716488,12.037534
ISIC_0031545,12.848151,7.7835927
ISIC_0031557,10.81102,10.482251
ISIC_0031586,11.846287,9.469856
ISIC_0031598,13.794381,7.293048
ISIC_0031642,9.515445,11.387865
ISIC_0031709,10.682218,11.23455
ISIC_0031741,13.096297,9.505523
ISIC_0031745,13.581367,9.697964
ISIC_0031746,12.435746,10.32488
ISIC_0031779,11.395051,8.08141
ISIC_0031784,12.858389,7.266183
ISIC_0031821,13.10521,9.530212
ISIC_0031844,12.408746,9.949264
ISIC_0031908,9.32486,12.0068865
ISIC_0031915,11.376138,11.559311
ISIC_0031953,12.801907,6.987079
ISIC_0031957,11.316107,10.711325
ISIC_0031958,12.148868,9.219859
ISIC_0031972,10.0864935,9.462878
ISIC_0031977,10.760331,10.258856
ISIC_0031999,11.616088,9.757685
ISIC_0032019,13.685765,7.4722805
ISIC_0032036,11.557371,9.5433445
ISIC_0032044,11.989954,8.657894
ISIC_0032046,12.379989,7.048101
ISIC_0032095,10.365145,11.986158
ISIC_0032098,6.864924,8.468594
ISIC_0032190,9.876298,9.766458
ISIC_0032204,12.777856,9.787954
ISIC_0032219,11.940972,8.730924
ISIC_0032232,8.448541,9.752939
ISIC_0032245,11.443104,11.914242
ISIC_0032287,13.51903,7.8284106
ISIC_0032313,8.708176,11.12972
ISIC_0032425,9.518995,12.064646
ISIC_0032433,11.401793,8.886168
ISIC_0032441,13.197814,7.242073
ISIC_0032450,8.887886,9.49689
ISIC_0032462,12.67581,10.179662
ISIC_0032509,13.396651,7.2944093
ISIC_0032517,13.60207,7.9780087
ISIC_0032526,8.800147,11.886127
ISIC_0032532,12.222579,8.390946
ISIC_0032533,13.460227,6.9868574
ISIC_0032544,12.316843,8.482583
ISIC_0032547,12.040362,8.400026
ISIC_0032550,13.142001,7.329795
ISIC_0032552,9.034535,12.180914
ISIC_0032559,13.410681,7.611115
ISIC_0032569,10.347817,12.699273
ISIC_0032592,6.1782312,9.591697
ISIC_0032596,12.6007805,7.637999
ISIC_0032598,13.286715,7.55972
ISIC_0032602,12.362783,8.338375
ISIC_0032603,12.700606,6.5984297
ISIC_0032610,13.12779,7.0051875
ISIC_0032617,11.663942,9.459925
ISIC_0032622,8.8971195,10.62314
ISIC_0032624,13.1973,7.168902
ISIC_0032626,7.536014,9.224292
ISIC_0032638,12.251164,8.234998
ISIC_0032645,10.561262,8.431659
ISIC_0032653,13.315494,9.8496275
ISIC_0032656,6.2506237,9.051691
ISIC_0032662,13.77472,8.031006
ISIC_0032672,11.581781,10.559416
ISIC_0032684,12.615462,8.738431
ISIC_0032685,8.527781,9.335475
ISIC_0032716,12.982305,7.043435
ISIC_0032718,12.141615,9.969812
ISIC_0032723,12.863787,7.7844353
ISIC_0032724,13.150221,7.848943
ISIC_0032736,12.10852,10.08963
ISIC_0032750,10.219908,11.751499
ISIC_0032751,12.559277,8.20691
ISIC_0032766,13.749277,7.5398674
ISIC_0032797,13.592364,8.372235
ISIC_0032807,11.1263895,9.065241
ISIC_0032810,13.527375,7.283104
ISIC_0032836,9.157569,12.207211
ISIC_0032841,12.52805,7.5781245
ISIC_0032844,13.722033,7.969793
ISIC_0032845,9.632231,11.402843
ISIC_0032847,13.041165,7.6004906
ISIC_0032856,12.530713,9.489416
ISIC_0032862,7.3811884,9.226137
ISIC_0032869,11.81817,10.809791
ISIC_0032870,11.245305,11.055388
ISIC_0032875,9.625251,11.565141
ISIC_0032887,12.753234,8.651504
ISIC_0032888,11.67889,8.533441
ISIC_0032903,13.33928,7.6632195
ISIC_0032917,9.046315,12.437964
ISIC_0032921,13.189529,7.2338266
ISIC_0032925,13.627394,7.529335
ISIC_0032981,12.276185,10.877112
ISIC_0032982,13.729143,8.234234
ISIC_0032984,13.713275,8.0999365
ISIC_0033017,11.044265,10.167353
ISIC_0033024,13.22446,7.25654
ISIC_0033047,12.55559,9.056609
ISIC_0033068,12.965656,9.592077
ISIC_0033081,8.788672,11.94459
ISIC_0033103,7.9756885,9.258091
ISIC_0033120,13.776296,8.938312
ISIC_0033125,10.0816765,10.937807
ISIC_0033141,12.398788,7.8714213
ISIC_0033152,13.468726,9.25625
ISIC_0033166,13.804125,8.2712555
ISIC_0033171,13.830013,7.3728194
ISIC_0033174,8.58241,11.547156
ISIC_0033175,12.845663,6.644306
ISIC_0033180,13.886705,7.592019
ISIC_0033186,8.472758,11.800522
ISIC_0033193,9.364939,11.931328
ISIC_0033196,12.887833,9.203781
ISIC_0033216,11.644244,10.010949
ISIC_0033239,13.866908,7.4128995
ISIC_0033241,9.86234,11.081096
ISIC_0033268,13.596401,8.331095
ISIC_0033275,13.905153,7.3748145
ISIC_0033278,11.7695055,8.824037
ISIC_0033279,12.840958,8.740961
ISIC_0033300,13.787764,7.9286165
ISIC_0033302,8.573944,11.576719
ISIC_0033304,13.341105,7.738143
ISIC_0033312,12.149721,7.2507534
ISIC_0033317,13.124924,9.365275
ISIC_0033320,12.838512,7.690149
ISIC_0033323,8.556334,9.451329
ISIC_0033333,8.646408,10.883596
ISIC_0033336,10.84586,6.787193
ISIC_0033362,9.264473,12.032672
ISIC_0033368,9.48196,12.06249
ISIC_0033369,12.847414,8.653307
ISIC_0033377,13.275191,7.9161716
ISIC_0033387,12.894541,7.704884
ISIC_0033393,9.836475,11.656531
ISIC_0033394,9.62091,10.846672
ISIC_0033405,10.765734,6.9098244
ISIC_0033415,11.512312,8.656667
ISIC_0033416,12.538288,8.625277
ISIC_0033424,11.707779,8.9202
ISIC_0033429,13.228773,9.327283
ISIC_0033432,12.876863,8.89515
ISIC_0033444,13.75545,7.6387796
ISIC_0033452,13.736198,8.034835
ISIC_0033469,9.949778,9.759324
ISIC_0033470,13.105289,9.514166
ISIC_0033485,12.898707,6.863581
ISIC_0033487,7.0784335,9.322932
ISIC_0033496,11.979871,8.410001
ISIC_0033500,9.433238,10.837033
ISIC_0033524,11.966942,10.79407
ISIC_0033534,7.511417,9.418095
ISIC_0033545,9.880582,12.014258
ISIC_0033546,13.35515,7.966635
ISIC_0033560,13.407347,9.3150015
ISIC_0033568,9.414844,12.088436
ISIC_0033573,12.404422,8.532822
ISIC_0033595,13.392762,9.341584
ISIC_0033603,8.377164,9.763162
ISIC_0033607,13.113321,9.279968
ISIC_0033612,8.750025,11.96201
ISIC_0033619,8.515945,9.63732
ISIC_0033624,11.1858425,11.948345
ISIC_0033638,13.792362,7.8633947
ISIC_0033644,13.787459,7.6802692
ISIC_0033651,12.196597,8.187563
ISIC_0033662,9.622247,11.333008
ISIC_0033687,13.337389,6.8841696
ISIC_0033696,7.3190627,9.477397
ISIC_0033700,11.226418,9.32557
ISIC_0033704,9.31183,11.749055
ISIC_0033717,13.778537,7.7871046
ISIC_0033752,11.891668,8.796968
ISIC_0033779,13.135865,7.3849044
ISIC_0033801,9.412993,11.192177
ISIC_0033802,8.787833,11.226995
ISIC_0033804,13.564096,8.141795
ISIC_0033805,13.293889,9.183532
ISIC_0033813,13.186117,7.286015
ISIC_0033819,12.410176,8.355009
ISIC_0033848,8.880885,10.90332
ISIC_0033871,12.651527,6.6222467
ISIC_0033872,11.687977,9.403092
ISIC_0033881,13.695763,8.068453
ISIC_0033883,12.613273,10.780583
ISIC_0033886,12.891818,6.843182
ISIC_0033893,9.102483,11.731905
ISIC_0033901,13.856647,7.387368
ISIC_0033905,10.221295,11.466218
ISIC_0033911,11.9697895,8.610176
ISIC_0033925,6.762862,9.781984
ISIC_0033938,13.569837,7.2143664
ISIC_0033946,13.26575,7.503151
ISIC_0033956,11.443147,9.464979
ISIC_0033957,12.491396,8.119996
ISIC_0033962,13.89235,7.579877
ISIC_0033968,12.545788,7.141653
ISIC_0033975,12.850075,9.827877
ISIC_0033977,12.070744,8.598147
ISIC_0033980,13.348715,6.8953304
ISIC_0033981,12.192408,9.361482
ISIC_0033985,13.481671,7.1995716
ISIC_0033995,12.621451,8.868551
ISIC_0034002,12.148668,8.57286
ISIC_0034005,13.568077,8.910551
ISIC_0034006,7.1051846,9.55231
ISIC_0034012,11.455401,11.972115
ISIC_0034046,12.309334,7.9862494
ISIC_0034048,13.712019,8.244748
ISIC_0034051,12.768652,8.057299
ISIC_0034052,13.455724,7.523836
ISIC_0034061,13.150487,6.999005
ISIC_0034064,12.924506,6.765591
ISIC_0034068,10.596028,10.838937
ISIC_0034071,10.489981,9.986786
ISIC_0034076,10.068741,11.996013
ISIC_0034085,13.033565,7.3331585
ISIC_0034094,8.772667,11.628802
ISIC_0034100,10.816232,9.356621
ISIC_0034104,12.537026,8.141609
ISIC_0034107,11.451855,11.764952
ISIC_0034117,11.610653,8.560586
ISIC_0034118,13.56679,7.755633
ISIC_0034120,13.400086,7.811177
ISIC_0034134,9.000271,9.450228
ISIC_0034140,11.642067,8.954094
ISIC_0034145,9.606423,11.891776
ISIC_0034150,13.409151,9.427694
ISIC_0034172,13.163391,7.659142
ISIC_0034183,9.17013,12.199675
ISIC_0034205,13.579078,9.559995
ISIC_0034211,13.519304,8.454969
ISIC_0034222,12.550766,7.022333
ISIC_0034233,9.547751,10.76823
ISIC_0034236,9.356143,12.243635
ISIC_0034246,13.283045,8.381358
ISIC_0034256,11.718735,8.949367
ISIC_0034262,13.280525,8.349447
ISIC_0034269,12.596988,8.704789
ISIC_0034287,12.328819,8.113227
ISIC_0034289,13.586844,7.3663025
ISIC_0034317,13.372759,8.02083
ISIC_0034343,8.8116045,10.812061
ISIC_0034398,12.171724,9.9634495
ISIC_0034446,10.048967,10.969144
ISIC_0034472,11.884265,10.938822
ISIC_0034477,13.711608,7.242869
ISIC_0034482,13.32924,7.6945124
ISIC_0034492,11.738681,9.802755
ISIC_0034572,13.786853,7.634939
ISIC_0034605,13.623467,7.7325344
ISIC_0034630,8.496992,11.663101
ISIC_0034784,9.567551,11.820078
ISIC_0034873,12.684567,10.064885
ISIC_0034882,13.206513,8.390635
ISIC_0034904,10.659681,11.262791
ISIC_0034934,6.8738484,8.469366
ISIC_0034971,8.890405,11.083998
ISIC_0035000,11.266945,12.135637
ISIC_0035021,9.359605,12.229808
ISIC_0035047,10.265214,11.1393
ISIC_0035048,11.270589,9.726262
ISIC_0035070,10.2657585,12.88334
ISIC_0035089,13.753508,7.342542
ISIC_0035090,13.387616,7.456675
ISIC_0035124,13.208683,8.475972
ISIC_0035224,13.680024,7.681532
ISIC_0035263,12.913122,8.384891
ISIC_0035366,12.893917,10.06752
ISIC_0035406,13.845515,7.333474
ISIC_0035420,13.863014,7.3577995
ISIC_0035459,8.468221,11.495832
ISIC_0035462,9.608257,12.040154
ISIC_0035486,8.78743,10.86269
ISIC_0035636,10.254721,12.887474
ISIC_0035640,12.500451,9.682263
ISIC_0035670,13.052425,7.253449
ISIC_0035680,12.917315,7.253572
ISIC_0035682,13.129673,7.5216503
ISIC_0035698,11.600185,9.012255
ISIC_0035700,9.524654,11.901102
ISIC_0035705,13.159477,7.6326685
ISIC_0035708,12.868653,6.7270427
ISIC_0035714,12.877198,7.214499
ISIC_0035719,9.548833,11.810933
ISIC_0035732,12.796539,6.923503
ISIC_0035747,12.752786,7.532273
ISIC_0035764,11.4733305,11.429362
ISIC_0035766,13.372706,7.3540206
ISIC_0035767,11.48034,8.606365
ISIC_0035794,13.611559,7.9985924
ISIC_0035823,12.402566,7.858882
ISIC_0035825,13.514155,9.577339
ISIC_0035827,10.229419,12.732467
ISIC_0035846,12.426277,8.854558
ISIC_0035853,13.282978,9.157853
ISIC_0035854,10.6052685,10.696293
ISIC_0035868,13.752953,7.4605713
ISIC_0035889,8.165767,9.796188
ISIC_0035913,12.694884,9.715345
ISIC_0035923,7.3811135,9.217541
ISIC_0035929,5.481764,8.345285
ISIC_0035938,13.39077,7.1984053
ISIC_0035964,12.873403,10.0878
ISIC_0035968,13.486046,8.395162
ISIC_0036005,5.279839,8.417481
ISIC_0036012,12.255112,7.2288113
ISIC_0036034,9.48755,11.363345
ISIC_0036051,13.473051,7.8703594
ISIC_0036057,9.725054,10.865114
ISIC_0036070,13.738398,7.680601
ISIC_0036073,9.959934,8.469503
ISIC_0036075,13.458227,8.165986
ISIC_0036076,9.430465,11.415363
ISIC_0036078,7.460685,11.003229
ISIC_0036079,11.948135,9.514313
ISIC_0036080,12.351081,8.826937
ISIC_0036081,9.768434,9.368196
ISIC_0036083,11.731045,9.775704
ISIC_0036085,9.792393,12.030983
ISIC_0036086,10.127055,9.518224
ISIC_0036087,11.672329,9.441666
ISIC_0036088,13.2471285,7.274705
ISIC_0036089,13.190007,7.358581
ISIC_0036090,10.63916,9.740476
ISIC_0036091,12.423737,8.172213
ISIC_0036092,13.380503,9.688145
ISIC_0036093,12.271101,6.482519
ISIC_0036094,10.140647,9.445941
ISIC_0036095,10.255517,9.6525755
ISIC_0036096,10.552515,9.543565
ISIC_0036097,12.612708,9.4179125
ISIC_0036098,11.686494,6.9927964
ISIC_0036099,10.63245,9.657385
ISIC_0036101,12.859109,8.081639
ISIC_0036102,10.574245,7.5278745
ISIC_0036103,13.081815,10.175339
ISIC_0036104,13.603522,9.101251
ISIC_0036105,10.322754,9.371618
ISIC_0036106,12.255301,8.331556
ISIC_0036107,9.847915,9.30896
ISIC_0036108,8.956489,6.5867896
ISIC_0036109,11.947576,9.411435
ISIC_0036110,11.495169,11.220474
ISIC_0036111,10.990404,12.890474
ISIC_0036112,13.143285,7.598028
ISIC_0036113,10.631414,9.320777
ISIC_0036114,13.067458,6.899354
ISIC_0036115,11.4418125,10.39817
ISIC_0036116,13.71988,7.335536
ISIC_0036117,12.019087,9.575763
ISIC_0036118,12.74712,9.106842
ISIC_0036119,13.7883415,8.679918
ISIC_0036120,11.301172,8.840142
ISIC_0036121,12.412726,8.204098
ISIC_0036123,6.653783,9.543177
ISIC_0036159,9.025824,12.396599
ISIC_0036258,13.216211,7.277537
ISIC_0036260,10.88085,9.63061
ISIC_0036263,11.827695,8.919283
ISIC_0036264,10.618185,9.174575
ISIC_0036269,11.131056,10.507355
ISIC_0036270,11.461959,11.955801
ISIC_0036273,10.608935,11.401439
ISIC_0036274,13.089622,10.274985
ISIC_0036275,13.403857,8.149778
ISIC_0036276,11.202699,11.876497
ISIC_0036278,12.430543,7.8191943
ISIC_0036279,12.4558735,8.273124
ISIC_0036280,11.279103,10.940706
ISIC_0036281,13.883321,7.518684
ISIC_0036282,13.119547,7.3326707
ISIC_0036284,10.565647,9.544673
ISIC_0036285,9.572175,9.417835
ISIC_0036286,11.406519,11.148662
ISIC_0036287,13.029629,7.135317
ISIC_0046224,8.6885195,11.000806
ISIC_0046225,9.050078,11.785473
ISIC_0046242,10.908614,10.294092
ISIC_0046305,13.376493,9.424852
ISIC_0046315,10.25184,11.920493
ISIC_0046322,12.6273985,7.2795196
ISIC_0046323,8.942968,11.242257
ISIC_0046331,12.379599,9.476592
ISIC_0046338,11.485701,9.346179
ISIC_0046343,13.902468,7.6088142
ISIC_0046344,9.046305,12.038239
ISIC_0046345,13.013945,9.629461
ISIC_0046361,8.92886,12.342578
ISIC_0046372,9.94835,11.451949
ISIC_0046383,9.236388,11.915282
ISIC_0046394,7.301034,9.07506
ISIC_0046405,13.223157,7.455465
ISIC_0046416,8.735498,10.643022
ISIC_0046422,9.490171,11.898428
ISIC_0046427,9.425784,12.238498
ISIC_0046438,8.555441,5.7303934
ISIC_0046441,9.2499275,11.500563
ISIC_0046443,13.062927,9.144034
ISIC_0046449,7.8496614,9.958203
ISIC_0046450,7.451634,9.281101
ISIC_0046458,8.44774,11.5326395
ISIC_0046471,11.64351,8.714206
ISIC_0046504,8.783373,11.371419
ISIC_0046526,6.643272,8.677997
ISIC_0046548,10.006255,11.540503
ISIC_0046560,11.349702,11.976547
ISIC_0046571,12.221077,8.027494
ISIC_0046596,9.085997,11.024779
ISIC_0046597,12.341629,9.691311
ISIC_0046609,8.88262,10.5358925
ISIC_0046626,7.3374863,9.115128
ISIC_0046628,8.987411,11.190192
ISIC_0046633,12.188236,8.253324
ISIC_0046639,10.589752,10.914124
ISIC_0046640,10.626998,12.617394
ISIC_0046645,11.363632,8.777186
ISIC_0046647,8.871291,10.671797
ISIC_0046659,8.998447,11.641881
ISIC_0046661,7.890665,10.508232
ISIC_0046662,7.4049006,9.14882
ISIC_0046664,7.590493,9.510422
ISIC_0046667,7.6524,9.729857
ISIC_0046670,11.870618,9.113282
ISIC_0046671,7.701467,9.174934
ISIC_0046672,9.538135,11.497383
ISIC_0046681,10.203162,11.258587
ISIC_0046682,6.3128214,9.785731
ISIC_0046683,12.41396,7.9721756
ISIC_0046712,12.428826,9.303866
ISIC_0046725,7.9571238,9.111196
ISIC_0046773,8.503148,11.498726
ISIC_0046820,9.068591,6.4790463
ISIC_0046827,6.733873,9.093603
ISIC_0046828,11.714165,8.910367
ISIC_0046834,7.570994,8.934561
ISIC_0046900,12.060107,9.437968
ISIC_0046908,9.449664,12.034729
ISIC_0046917,9.00442,12.296868
ISIC_0046921,9.104535,12.187609
ISIC_0046932,13.023797,9.47526
ISIC_0046983,11.586364,11.313443
ISIC_0046985,9.235106,12.064315
ISIC_0047003,13.367623,7.555993
ISIC_0047004,9.032288,11.945176
ISIC_0047008,8.666063,10.305357
ISIC_0047022,7.4800496,7.1745653
ISIC_0047024,9.018912,11.613041
ISIC_0047031,9.223661,12.3280735
ISIC_0047033,7.7023926,9.850203
ISIC_0053456,8.649218,10.8573
ISIC_0053469,10.741281,7.0317693
ISIC_0053470,7.588932,6.493383
ISIC_0053471,7.2457356,7.7014656
ISIC_0053473,10.247742,9.214799
ISIC_0053479,5.573995,8.031279
ISIC_0053485,11.559864,8.793977
ISIC_0053489,7.63076,6.944608
ISIC_0053491,10.410286,9.252478
ISIC_0053492,9.486326,12.18785
ISIC_0053495,9.445786,5.255431
ISIC_0053503,9.03129,6.300434
ISIC_0053507,13.495661,7.150964
ISIC_0053508,6.1626277,9.042281
ISIC_0053509,5.448226,8.363214
ISIC_0053510,10.052107,10.676039
ISIC_0053512,4.923561,8.861893
ISIC_0053513,8.526774,6.162186
ISIC_0053518,10.16254,11.575674
ISIC_0053520,7.0252194,6.604216
ISIC_0053525,12.51252,7.3328867
ISIC_0053531,9.222362,5.4764767
ISIC_0053533,8.376469,6.38451
ISIC_0053541,6.1293955,8.002144
ISIC_0053542,7.4298067,9.827195
ISIC_0053545,11.608438,9.3509245
ISIC_0053570,10.238208,11.792144
ISIC_0053578,9.895151,11.649919
ISIC_0053582,8.363855,11.111787
ISIC_0053589,8.671151,9.932795
ISIC_0053594,6.0394444,8.82254
ISIC_0053603,9.057621,11.638705
ISIC_0053611,9.738577,11.839461
ISIC_0053615,8.517181,10.795061
ISIC_0053617,10.74046,10.689841
ISIC_0053620,8.061878,12.144652
ISIC_0053632,7.8758206,6.424301
ISIC_0053659,10.901404,5.9601526
ISIC_0053660,8.963224,5.625457
ISIC_0053667,8.105628,6.602546
ISIC_0053674,12.380477,10.291827
ISIC_0053691,10.719422,10.86881
ISIC_0053698,6.074722,8.813452
ISIC_0053699,5.536556,8.500475
ISIC_0053700,7.800688,6.225353
ISIC_0053723,4.949153,8.825285
ISIC_0053725,12.029884,9.018168
ISIC_0053734,7.3895164,10.021348
ISIC_0053740,7.6575837,6.0058727
ISIC_0053742,11.566413,8.555489
ISIC_0053743,8.126072,10.972161
ISIC_0053751,10.873217,5.9238043
ISIC_0053761,9.015689,9.579013
ISIC_0053763,8.596931,6.1404967
ISIC_0053765,10.901467,11.956046
ISIC_0053766,9.131362,6.3799314
ISIC_0053774,9.300818,10.85472
ISIC_0053784,8.218934,6.9383173
ISIC_0053787,8.840307,5.3664274
ISIC_0053790,7.979192,6.9250565
ISIC_0053791,9.402348,9.227581
ISIC_0053796,5.7225533,7.9482884
ISIC_0053801,12.117679,8.554357
ISIC_0053810,10.881732,10.801196
ISIC_0053812,5.332236,8.80496
ISIC_0053814,7.9681687,10.67511
ISIC_0053816,5.828043,8.086958
ISIC_0053823,10.900731,5.930665
ISIC_0053824,7.6216774,10.29493
ISIC_0053827,8.42227,5.527839
ISIC_0053828,8.805741,5.3030806
ISIC_0053829,10.93005,9.312188
ISIC_0053839,10.62754,8.582421
ISIC_0053841,8.578081,5.3624907
ISIC_0053843,10.707152,8.996853
ISIC_0053846,8.6689415,6.806831
ISIC_0053853,6.9802322,6.407208
ISIC_0053891,11.476667,8.86999
ISIC_0053893,13.581009,7.160247
ISIC_0053904,7.143407,8.739719
ISIC_0053909,11.053962,9.016392
ISIC_0053912,8.092847,5.8826103
ISIC_0053916,7.634391,9.251702
ISIC_0053923,8.46048,10.268296
ISIC_0053925,12.769276,7.6892724
ISIC_0053933,6.370671,8.976432
ISIC_0053946,6.04902,8.026733
ISIC_0053960,8.302589,5.998914
ISIC_0053969,7.4256124,8.120315
ISIC_0053971,6.9795456,9.683698
ISIC_0053974,7.391367,8.130398
ISIC_0053980,8.87061,5.7635894
ISIC_0053981,8.117928,6.9502525
ISIC_0053996,11.146563,11.070048
ISIC_0054006,10.75116,10.229549
ISIC_0054015,8.975608,11.599142
ISIC_0054025,8.272502,6.007417
ISIC_0054032,12.728186,8.845904
ISIC_0054038,12.936481,7.330173
ISIC_0054043,10.073284,11.600012
ISIC_0054048,8.278536,10.997905
ISIC_0054053,12.206313,8.013534
ISIC_0054059,9.072316,11.01176
ISIC_0054061,9.010836,10.651644
ISIC_0054062,7.1030955,6.1838846
ISIC_0054070,7.3154693,6.111883
ISIC_0054073,10.276135,7.559815
ISIC_0054078,10.53926,10.810006
ISIC_0054079,8.271729,6.4021196
ISIC_0054080,8.778823,12.36395
ISIC_0054082,6.564823,7.740051
ISIC_0054085,11.0040655,9.009826
ISIC_0054090,9.328736,5.1550655
ISIC_0054103,6.6946144,9.70497
ISIC_0054106,6.183945,9.1126
ISIC_0054110,7.8213916,5.771121
ISIC_0054112,8.9001,5.4194617
ISIC_0054117,7.226867,7.368695
ISIC_0054123,6.746008,8.408465
ISIC_0054141,5.572844,8.009559
ISIC_0054151,5.7598395,8.03666
ISIC_0054159,8.414655,6.5718365
ISIC_0054167,10.769751,10.798544
ISIC_0054179,7.059246,6.1697965
ISIC_0054185,8.921067,12.473343
ISIC_0054188,12.628862,9.313094
ISIC_0054193,9.269369,5.0707865
ISIC_0054198,9.289028,5.3890786
ISIC_0054205,13.243749,7.097941
ISIC_0054213,10.059973,8.819241
ISIC_0054220,6.5418525,7.764032
ISIC_0054222,7.7039375,10.316747
ISIC_0054226,7.9008174,6.4280944
ISIC_0054229,9.597173,6.1665306
ISIC_0054233,6.6293464,7.606042
ISIC_0054236,7.2405934,6.08763
ISIC_0054239,9.457601,11.245363
ISIC_0054244,9.344495,12.061156
ISIC_0054248,9.641586,11.87001
ISIC_0054251,7.3054404,7.659582
ISIC_0054254,8.802307,5.3678923
ISIC_0054264,8.082325,10.5454235
ISIC_0054274,8.788736,9.665261
ISIC_0054284,8.417543,5.3994164
ISIC_0054287,7.494605,9.599644
ISIC_0054292,8.794564,12.370119
ISIC_0054296,8.912356,11.027889
ISIC_0054312,8.803925,12.371339
ISIC_0054314,6.0323606,8.017027
ISIC_0054317,6.216524,8.201409
ISIC_0054334,6.658287,8.5458355
ISIC_0054337,11.701621,10.633819
ISIC_0054351,8.840263,6.032928
ISIC_0054355,8.75373,9.463799
ISIC_0054364,8.211099,6.050379
ISIC_0054366,8.743,5.343833
ISIC_0054371,11.387163,10.307869
ISIC_0054377,9.266179,9.465536
ISIC_0054379,6.13467,9.199887
ISIC_0054384,8.883688,9.895212
ISIC_0054391,8.586396,5.3260174
ISIC_0054399,7.5198708,6.593887
ISIC_0054410,9.444025,6.2412033
ISIC_0054412,7.4746146,6.8017564
ISIC_0054416,9.191214,10.148354
ISIC_0054430,12.816641,8.6572075
ISIC_0054444,12.549655,7.99995
ISIC_0054445,7.1881733,7.0085187
ISIC_0054458,11.232218,7.4714165
ISIC_0054459,10.23001,11.532383
ISIC_0054462,9.9493685,9.89766
ISIC_0054464,9.096596,6.519122
ISIC_0054465,10.574087,8.56598
ISIC_0054497,8.920076,10.704336
ISIC_0054501,7.2100005,7.711824
ISIC_0054506,11.638189,8.022687
ISIC_0054512,7.1716285,7.2065725
ISIC_0054516,12.811441,7.976095
ISIC_0054520,9.954717,9.41272
ISIC_0054523,7.3343887,9.343423
ISIC_0054528,10.970237,10.362354
ISIC_0054544,7.3938904,8.200896
ISIC_0054548,7.1339087,6.3340015
ISIC_0054563,10.166104,11.283601
ISIC_0054568,9.522827,11.17125
ISIC_0054574,7.7679524,6.292928
ISIC_0054599,6.4908414,11.2166395
ISIC_0054612,6.9198413,6.97047
ISIC_0054618,12.631105,8.7275715
ISIC_0054624,11.332407,10.568693
ISIC_0054625,8.131749,5.932047
ISIC_0054629,7.692646,5.9610577
ISIC_0054637,7.4987173,7.1174173
ISIC_0054651,9.527004,10.560346
ISIC_0054661,7.5856795,9.510853
ISIC_0054663,10.897827,5.9285603
ISIC_0054670,9.218008,5.508014
ISIC_0054671,9.120687,12.138155
ISIC_0054673,12.483357,7.4455085
ISIC_0054677,11.382095,10.367931
ISIC_0054694,8.83607,9.902706
ISIC_0054705,8.933312,11.684573
ISIC_0054725,8.318146,5.785477
ISIC_0054728,11.886033,9.000627
ISIC_0054734,5.993899,8.0781
ISIC_0054744,8.512748,11.94527
ISIC_0054747,8.6741495,10.763615
ISIC_0054748,8.243549,6.0407543
ISIC_0054756,9.998074,8.3344145
ISIC_0054760,9.708305,10.835406
ISIC_0054763,6.945499,7.474332
ISIC_0054765,8.974415,5.66377
ISIC_0054767,9.222189,12.098064
ISIC_0054770,6.620328,7.5833197
ISIC_0054777,11.823148,8.799109
ISIC_0054787,12.674364,8.06748
ISIC_0054793,9.284662,9.503992
ISIC_0054802,6.9325285,7.4889812
ISIC_0054819,9.122958,11.103127
ISIC_0054821,12.475826,9.63246
ISIC_0054825,8.068866,6.682521
ISIC_0054827,9.319421,5.0283537
ISIC_0054842,10.478557,9.292067
ISIC_0054844,8.033091,6.9513025
ISIC_0054848,8.896887,11.461586
ISIC_0054851,7.174261,8.58518
ISIC_0054852,10.039054,8.297116
ISIC_0054853,8.797967,11.868643
ISIC_0054874,8.193037,10.920213
ISIC_0054889,6.2841024,7.7485685
ISIC_0054892,12.464872,10.045221
ISIC_0054894,8.808208,5.687632
ISIC_0054902,5.473796,9.035985
ISIC_0054904,9.087527,6.524186
ISIC_0054906,8.372864,6.4558487
ISIC_0054912,6.535093,8.5921955
ISIC_0054914,9.421313,10.895815
ISIC_0054919,7.0648417,9.837187
ISIC_0054936,9.967658,10.226989
ISIC_0054941,9.202133,5.458488
ISIC_0054961,7.1375937,8.000667
ISIC_0054963,12.553339,8.252634
ISIC_0054969,12.252283,9.17695
ISIC_0054970,6.2570047,9.197962
ISIC_0054971,9.18977,5.457567
ISIC_0054973,9.318595,5.0745997
ISIC_0054974,12.643188,10.16478
ISIC_0054976,8.831105,11.471177
ISIC_0054979,6.5549803,7.7262278
ISIC_0054982,8.559056,11.017272
ISIC_0054988,8.970947,12.367381
ISIC_0054995,7.582505,6.850721
ISIC_0055001,7.4778056,7.078683
ISIC_0055002,9.285022,5.0810184
ISIC_0055022,11.286247,8.867583
ISIC_0055024,13.456883,7.073487
ISIC_0055031,11.911998,5.1317444
ISIC_0055039,9.917463,11.623738
ISIC_0055048,6.1500506,8.1420965
ISIC_0055051,9.571837,9.01595
ISIC_0055052,11.0282345,10.486357
ISIC_0055054,8.788536,12.37884
ISIC_0055056,8.598834,5.848602
ISIC_0055062,8.191877,9.372106
ISIC_0055074,7.3627443,5.9358788
ISIC_0055079,9.700929,11.547182
ISIC_0055081,7.328742,6.0485296
ISIC_0055086,11.419033,10.229841
ISIC_0055087,9.132784,9.855722
ISIC_0055091,9.017923,10.556778
ISIC_0055110,7.1609473,7.7880244
ISIC_0055136,8.219372,11.375225
ISIC_0055141,8.813979,5.548925
ISIC_0055143,8.04658,6.5419345
ISIC_0055147,9.20283,5.4394507
ISIC_0055156,12.265739,9.346217
ISIC_0055161,6.9914517,7.579574
ISIC_0055167,8.589455,5.6109104
ISIC_0055175,7.8262463,6.5233693
ISIC_0055179,7.61201,6.1880455
ISIC_0055181,10.608239,12.545814
ISIC_0055191,13.428347,7.2201266
ISIC_0055193,9.374523,5.406113
ISIC_0055202,12.95476,7.6813774
ISIC_0055205,9.644339,8.840703
ISIC_0055208,10.255086,10.705117
ISIC_0055226,5.7371907,7.9568214
ISIC_0055227,7.035471,6.110759
ISIC_0055236,6.468563,8.85551
ISIC_0055241,8.759652,10.747971
ISIC_0055246,9.187382,11.784428
ISIC_0055249,7.226843,5.996036
ISIC_0055264,12.311022,10.244894
ISIC_0055265,6.8274016,9.249681
ISIC_0055268,5.250798,8.966019
ISIC_0055276,10.805299,12.587386
ISIC_0055282,12.557105,9.251971
ISIC_0055289,8.06723,9.756991
ISIC_0055293,7.3703313,9.488766
ISIC_0055295,7.375804,9.566556
ISIC_0055297,11.937436,9.923455
ISIC_0055298,6.940022,6.994121
ISIC_0055309,8.65198,6.7673917
ISIC_0055311,8.522424,10.922133
ISIC_0055314,5.9235306,8.372516
ISIC_0055318,8.908099,10.945249
ISIC_0055337,8.335939,11.630499
ISIC_0055340,8.003952,5.7553964
ISIC_0055344,8.508138,5.861429
ISIC_0055355,9.870431,10.834959
ISIC_0055359,12.107122,9.750384
ISIC_0055362,9.037934,5.2459345
ISIC_0055363,6.375714,8.090246
ISIC_0055367,10.670814,9.4077425
ISIC_0055380,7.5949225,6.7013106
ISIC_0055393,7.039766,6.18102
ISIC_0055398,6.2255664,9.066399
ISIC_0055412,7.733106,9.873729
ISIC_0055417,7.963116,6.5491714
ISIC_0055419,8.869867,11.452623
ISIC_0055421,6.999245,6.4173455
ISIC_0055425,6.865627,7.109892
ISIC_0055438,12.986526,9.469274
ISIC_0055440,12.462385,6.7906876
ISIC_0055445,12.96553,6.892894
ISIC_0055451,11.84857,8.779974
ISIC_0055453,7.6090264,10.307521
ISIC_0055454,7.8584757,6.6321683
ISIC_0055462,7.0350447,6.3462105
ISIC_0055464,8.058799,6.6723795
ISIC_0055465,9.223745,6.403102
ISIC_0055467,7.972202,11.062658
ISIC_0055474,9.376575,5.681482
ISIC_0055492,8.183732,6.909113
ISIC_0055496,8.605138,11.341351
ISIC_0055500,7.194375,8.482579
ISIC_0055503,11.059956,9.03067
ISIC_0055511,11.128692,8.947212
ISIC_0055513,9.225996,6.214188
ISIC_0055517,7.5465093,6.791767
ISIC_0055518,12.893692,7.0939
ISIC_0055519,10.679943,10.702455
ISIC_0055525,9.233944,9.448573
ISIC_0055527,7.8062577,10.808728
ISIC_0055528,11.033527,8.245715
ISIC_0055543,9.377784,9.375299
ISIC_0055546,9.181875,10.656605
ISIC_0055550,12.507575,8.212387
ISIC_0055562,9.416187,12.307927
ISIC_0055570,10.4881115,11.846732
ISIC_0055572,7.2030406,7.770087
ISIC_0055582,11.512887,8.649175
ISIC_0055613,6.8790183,9.369213
ISIC_0055616,6.6029024,9.418856
ISIC_0055618,7.7651606,9.91664
ISIC_0055622,7.029217,6.079887
ISIC_0055623,7.5373454,6.3909583
ISIC_0055624,9.852594,11.617513
ISIC_0055631,7.5356545,10.082974
ISIC_0055643,5.636798,8.1681795
ISIC_0055659,8.573464,11.228541
ISIC_0055665,7.644783,6.687165
ISIC_0055680,12.171662,6.9445796
ISIC_0055684,11.273197,11.875028
ISIC_0055688,12.962532,7.1936994
ISIC_0055690,11.464703,9.559363
ISIC_0055699,8.8165045,11.456857
ISIC_0055701,7.17582,6.326187
ISIC_0055707,7.2478085,10.020759
ISIC_0055709,8.0069275,6.6745615
ISIC_0055714,11.377895,7.6769414
ISIC_0055720,9.992632,10.228866
ISIC_0055733,11.087352,9.364101
ISIC_0055742,7.562702,6.054874
ISIC_0055743,9.168025,9.658095
ISIC_0055756,9.460596,10.726417
ISIC_0055759,5.61552,8.001822
ISIC_0055764,8.86929,5.8851743
ISIC_0055767,6.646511,8.515696
ISIC_0055771,6.838348,6.896454
ISIC_0055776,7.0701766,6.990878
ISIC_0055780,10.66542,12.487904
ISIC_0055781,10.025519,10.661551
ISIC_0055783,12.716849,8.13585
ISIC_0055788,8.373128,5.522898
ISIC_0055789,6.165163,9.17757
ISIC_0055796,10.59228,11.555793
ISIC_0055797,11.567729,10.600623
ISIC_0055799,8.6585455,9.604693
ISIC_0055802,10.498795,8.620129
ISIC_0055818,10.911933,10.288118
ISIC_0055820,10.124997,10.795091
ISIC_0055821,8.840662,6.7743626
ISIC_0055825,10.640829,8.100729
ISIC_0055828,8.835093,11.542516
ISIC_0055832,8.406807,11.492965
ISIC_0055840,5.5806165,8.01524
ISIC_0055841,9.323665,6.1902013
ISIC_0055854,7.137254,7.428302
ISIC_0055859,5.999156,8.400619
ISIC_0055862,8.011259,10.93163
ISIC_0055871,9.006113,5.2908726
ISIC_0055876,8.488087,5.711172
ISIC_0055887,8.402478,5.455064
ISIC_0055892,8.190266,6.0134234
ISIC_0055896,7.545624,9.920246
ISIC_0055899,7.4356775,9.658948
ISIC_0055900,6.1529202,9.154522
ISIC_0055905,8.446634,11.853453
ISIC_0055907,9.01081,10.543845
ISIC_0055911,12.706107,7.0884156
ISIC_0055930,8.581332,10.755041
ISIC_0055931,11.346418,9.389605
ISIC_0055937,7.055195,9.3341875
ISIC_0055938,7.165259,6.958584
ISIC_0055953,10.408048,9.8487625
ISIC_0055954,7.4757204,6.362937
ISIC_0055960,9.3031645,9.19744
ISIC_0055967,8.177628,5.6190305
ISIC_0055984,10.11919,10.619452
ISIC_0055999,5.4045367,6.5145392
ISIC_0056001,6.653771,9.219994
ISIC_0056007,12.363725,7.9334445
ISIC_0056017,10.301415,11.087473
ISIC_0056019,9.240467,11.03676
ISIC_0056036,9.28091,11.638999
ISIC_0056041,12.800055,7.0756407
ISIC_0056044,7.128352,9.67005
ISIC_0056047,8.458433,11.8905115
ISIC_0056050,9.126732,6.1575236
ISIC_0056051,8.385483,5.482429
ISIC_0056061,8.832434,11.660336
ISIC_0056063,11.917608,7.343368
ISIC_0056079,7.210973,7.1322937
ISIC_0056089,9.733427,11.548373
ISIC_0056092,11.988997,9.738798
ISIC_0056105,8.7754345,10.828341
ISIC_0056113,10.196029,11.257032
ISIC_0056118,7.463182,6.526187
ISIC_0056130,6.657259,8.524649
ISIC_0056133,9.577394,11.267984
ISIC_0056136,11.679376,11.053152
ISIC_0056138,9.287423,6.2632537
ISIC_0056141,10.883686,5.9575214
ISIC_0056145,9.737619,10.86202
ISIC_0056152,12.446767,7.592023
ISIC_0056156,12.953335,7.458201
ISIC_0056167,8.828519,5.6589303
ISIC_0056170,12.715613,7.843772
ISIC_0056181,11.4598255,12.027796
ISIC_0056185,10.407282,11.038923
ISIC_0056186,8.60897,11.909664
ISIC_0056190,7.3731074,6.538094
ISIC_0056192,10.071608,10.072094
ISIC_0056201,5.4844704,8.320749
ISIC_0056202,9.361226,11.530944
ISIC_0056210,9.574658,9.499057
ISIC_0056214,7.087764,8.617314
ISIC_0056217,8.66734,10.702777
ISIC_0056221,7.546316,6.6586123
ISIC_0056225,12.549625,7.2805476
ISIC_0056228,8.764528,5.5723577
ISIC_0056232,9.703195,11.561669
ISIC_0056247,12.553074,8.754633
ISIC_0056261,8.692176,5.730068
ISIC_0056263,7.049552,9.772982
ISIC_0056269,8.349585,9.637585
ISIC_0056271,7.251933,8.225352
ISIC_0056283,10.771099,12.513938
ISIC_0056292,11.341092,10.405883
ISIC_0056298,8.473337,10.882036
ISIC_0056309,6.7638893,9.219861
ISIC_0056319,8.477126,5.359865
ISIC_0056330,6.838844,9.062049
ISIC_0056337,7.000126,6.165859
ISIC_0056345,7.003376,6.101898
ISIC_0056347,9.399678,9.387311
ISIC_0056364,8.643678,10.486491
ISIC_0056382,7.221669,9.9873905
ISIC_0056389,9.708021,11.049197
ISIC_0056392,7.419644,8.117748
ISIC_0056401,7.1999354,7.737264
ISIC_0056403,7.52633,9.423874
ISIC_0056413,5.733887,7.9622283
ISIC_0056415,12.307319,10.443511
ISIC_0056422,10.199255,10.560479
ISIC_0056425,12.394493,9.362812
ISIC_0056428,9.360743,11.484023
ISIC_0056446,9.531766,11.086224
ISIC_0056447,9.078448,5.212564
ISIC_0056448,8.320465,5.493349
ISIC_0056449,7.3067174,10.045829
ISIC_0056454,7.5075536,6.001877
ISIC_0056479,7.2120194,10.371657
ISIC_0056481,9.548649,11.81935
ISIC_0056483,9.578481,11.302881
ISIC_0056487,9.355883,5.4400725
ISIC_0056501,12.595388,8.209343
ISIC_0056511,8.19198,5.5599546
ISIC_0056525,10.046209,11.64022
ISIC_0056527,6.565224,9.753995
ISIC_0056531,8.664708,5.7702117
ISIC_0056546,9.50604,11.774437
ISIC_0056551,5.4016905,6.5129995
ISIC_0056554,10.570896,8.977629
ISIC_0056572,9.750909,9.845625
ISIC_0056573,8.200693,10.985351
ISIC_0056601,9.732601,11.687104
ISIC_0056604,6.983051,10.256545
ISIC_0056612,7.999098,10.94681
ISIC_0056614,7.5639734,6.182189
ISIC_0056625,9.251226,9.766751
ISIC_0056626,8.102038,10.783201
ISIC_0056632,8.823646,9.90227
ISIC_0056644,11.945442,6.5737824
ISIC_0056652,8.682796,6.086045
ISIC_0056655,7.7829475,9.391741
ISIC_0056659,8.153561,6.9628057
ISIC_0056660,5.5050144,6.6185775
ISIC_0056676,5.3727136,8.363069
ISIC_0056677,12.150648,8.25413
ISIC_0056680,7.472109,9.834954
ISIC_0056683,13.200042,8.380073
ISIC_0056684,6.059942,8.010438
ISIC_0056688,7.5358953,9.5232315
ISIC_0056692,7.3824253,10.073654
ISIC_0056710,10.439799,9.277131
ISIC_0056717,6.5835776,7.8283424
ISIC_0056719,6.3870387,8.434581
ISIC_0056723,10.464141,8.65962
ISIC_0056725,7.7683983,7.158395
ISIC_0056728,5.330743,8.814778
ISIC_0056729,7.730034,7.124681
ISIC_0056739,8.351086,10.142871
ISIC_0056740,8.635372,10.980044
ISIC_0056749,8.441907,6.6977186
ISIC_0056750,9.462811,9.212409
ISIC_0056751,7.5226393,6.347312
ISIC_0056753,6.019554,8.072838
ISIC_0056770,11.007129,9.088639
ISIC_0056788,7.5235834,7.130536
ISIC_0056790,8.346189,5.487546
ISIC_0056796,12.222653,9.478793
ISIC_0056800,6.740174,7.538371
ISIC_0056806,7.0441084,6.2140474
ISIC_0056814,11.901822,5.175399
ISIC_0056816,10.671775,12.126096
ISIC_0056817,9.722473,10.087379
ISIC_0056819,8.066973,9.760199
ISIC_0056820,13.264596,7.6861753
ISIC_0056844,8.108873,6.05094
ISIC_0056848,8.020002,6.6804953
ISIC_0056849,7.330819,9.1408825
ISIC_0056851,7.609168,10.268594
ISIC_0056860,7.300048,9.334083
ISIC_0056863,8.153301,6.322318
ISIC_0056871,6.610496,7.93691
ISIC_0056876,8.2729645,6.9176025
ISIC_0056893,7.0066266,6.648673
ISIC_0056900,11.326858,8.071403
ISIC_0056901,10.966654,8.502604
ISIC_0056902,9.243988,11.173668
ISIC_0056915,7.5877013,6.881131
ISIC_0056921,11.044814,7.2071543
ISIC_0056926,7.1344953,6.246121
ISIC_0056938,11.920576,8.05981
ISIC_0056940,8.650422,5.2861676
ISIC_0056957,7.279232,9.320846
ISIC_0056967,9.967475,11.589849
ISIC_0056974,5.780489,7.976446
ISIC_0056981,10.784095,6.0161104
ISIC_0056984,9.484175,11.307214
ISIC_0056988,7.1674285,7.9158945
ISIC_0056991,8.889059,10.755586
ISIC_0057001,12.811527,7.7185907
ISIC_0057003,9.750395,11.732432
ISIC_0057015,8.030567,9.583982
ISIC_0057016,8.375915,5.9209547
ISIC_0057019,8.818355,11.033088
ISIC_0057023,12.5910635,9.114448
ISIC_0057025,7.969904,6.9555836
ISIC_0057027,6.643542,7.9483166
ISIC_0057033,7.692226,6.0745215
ISIC_0057044,7.7277203,10.690424
ISIC_0057045,8.998123,11.239929
ISIC_0057048,8.102966,10.836376
ISIC_0057067,6.111928,9.157051
ISIC_0057083,10.707106,7.0615597
ISIC_0057089,12.302866,10.101159
ISIC_0057113,5.93551,8.023452
ISIC_0057141,12.0895605,8.630468
ISIC_0057147,9.86359,8.660403
ISIC_0057148,11.898337,6.77459
ISIC_0057152,7.4936023,7.0728307
ISIC_0057154,7.947866,10.933513
ISIC_0057155,5.5075793,6.6215715
ISIC_0057164,9.478105,6.396873
ISIC_0057169,12.352695,9.078736
ISIC_0057171,9.301361,10.6334915
ISIC_0057172,8.7631035,10.708271
ISIC_0057188,11.911021,6.9851923
ISIC_0057192,13.295012,7.8012066
ISIC_0057199,8.899342,10.998036
ISIC_0057204,8.104044,5.673722
ISIC_0057211,6.9016976,9.860002
ISIC_0057234,7.5824456,5.93925
ISIC_0057235,7.770221,6.4528904
ISIC_0057244,9.462407,12.352162
ISIC_0057252,7.2570634,6.6837916
ISIC_0057257,9.169516,9.118812
ISIC_0057286,8.002969,10.96107
ISIC_0057302,7.192457,7.243702
ISIC_0057306,8.923091,5.6253395
ISIC_0057307,8.95233,5.6079884
ISIC_0057313,8.163124,9.676082
ISIC_0057315,10.272178,10.006859
ISIC_0057317,7.5284085,6.923808
ISIC_0057323,7.6298294,6.4180017
ISIC_0057324,7.391405,10.070403
ISIC_0057328,6.5702,7.6675715
ISIC_0057331,6.2376475,9.189039
ISIC_0057338,8.988185,9.4626045
ISIC_0057344,12.334924,6.5510445
ISIC_0057360,10.322643,11.155375
ISIC_0057362,7.5937004,5.951959
ISIC_0057370,8.680555,6.241777
ISIC_0057371,11.013758,11.911854
ISIC_0057374,12.676064,7.579474
ISIC_0057390,7.545017,6.4852858
ISIC_0057395,10.191744,10.117179
ISIC_0057397,9.997917,10.930676
ISIC_0057406,7.3600173,9.605307
ISIC_0057408,7.0215473,6.353667
ISIC_0057412,8.648275,6.7734284
ISIC_0057417,6.796262,9.310969
ISIC_0057436,8.807367,5.662535
ISIC_0057450,6.2720747,9.209573
ISIC_0057457,9.07089,9.389741
ISIC_0057462,9.256294,11.868125
ISIC_0057465,8.831676,5.326508
ISIC_0057482,9.34468,5.131022
ISIC_0057496,8.456704,11.517751
ISIC_0057518,7.1329594,7.9277706
ISIC_0057531,13.280554,7.570283
ISIC_0057534,12.0848255,10.7806015
ISIC_0057535,7.5810323,6.3300233
ISIC_0057539,10.028917,10.830246
ISIC_0057545,10.342721,11.073128
ISIC_0057548,10.883506,9.886532
ISIC_0057554,9.981645,10.830155
ISIC_0057556,8.962079,12.486473
ISIC_0057557,12.127283,6.573017
ISIC_0057558,9.257511,10.7458
ISIC_0057559,9.163313,12.438018
ISIC_0057577,9.126155,11.9267
ISIC_0057591,9.937699,11.480654
ISIC_0057593,13.48843,8.870054
ISIC_0057594,7.807194,6.7754025
ISIC_0057609,13.198765,7.49401
ISIC_0057611,6.1975994,8.291837
ISIC_0057615,7.9162154,10.9084215
ISIC_0057617,8.040188,6.958685
ISIC_0057619,11.339598,10.6223345
ISIC_0057621,4.928474,8.885796
ISIC_0057634,6.9069777,8.530586
ISIC_0057656,9.429257,11.930725
ISIC_0057661,7.2153487,7.689568
ISIC_0057668,7.033272,9.711104
ISIC_0057672,7.798621,10.849572
ISIC_0057685,6.035476,8.984395
ISIC_0057687,5.927601,8.299597
ISIC_0057700,10.127667,11.259359
ISIC_0057702,13.346285,9.700939
ISIC_0057716,12.467172,8.078476
ISIC_0057725,6.943896,9.619789
ISIC_0057731,11.898118,5.17344
ISIC_0057734,10.419231,11.031705
ISIC_0057736,10.687609,12.702917
ISIC_0057744,8.312081,10.366282
ISIC_0057747,7.5824976,6.468338
ISIC_0057753,8.952313,5.445678
ISIC_0057759,8.424057,6.01134
ISIC_0057762,8.080256,5.9296393
ISIC_0057769,12.329329,7.9633956
ISIC_0057771,6.8590436,9.753479
ISIC_0057782,8.834641,5.6181126
ISIC_0057783,13.681205,8.932011
ISIC_0057787,8.923431,12.477594
ISIC_0057791,7.391316,9.877017
ISIC_0057808,7.522258,5.947006
ISIC_0057815,10.734149,10.784453
ISIC_0057821,6.544863,8.566392
ISIC_0057828,7.691996,10.34469
ISIC_0057838,7.407958,8.145552
ISIC_0057841,9.173036,11.210048
ISIC_0057844,7.257905,7.9017735
ISIC_0057848,8.224533,6.910782
ISIC_0057851,7.207045,7.713455
ISIC_0057864,13.150846,7.0391583
ISIC_0057870,9.172826,9.603883
ISIC_0057881,7.3400874,9.53178
ISIC_0057891,9.296817,5.063315
ISIC_0057898,9.758871,11.056687
ISIC_0057900,9.007997,11.904368
ISIC_0057913,6.805844,9.306951
ISIC_0057914,8.809174,5.368492
ISIC_0057921,9.652939,11.680095
ISIC_0057936,10.183997,10.8342
ISIC_0057938,7.2535753,7.618313
ISIC_0057939,7.2015123,7.2715173
ISIC_0057947,4.9295087,8.8143215
ISIC_0057949,8.364861,6.373473
ISIC_0057953,10.333442,11.214517
ISIC_0057960,10.249346,11.2073965
ISIC_0057968,7.242351,6.0564847
ISIC_0057973,10.0034275,8.343454
ISIC_0057974,7.7123413,10.356763
ISIC_0057976,5.7386947,7.9894075
ISIC_0057978,10.792562,10.810635
ISIC_0057980,6.989448,8.558684
ISIC_0057996,7.977802,6.7149673
ISIC_0057999,12.408866,10.366349
ISIC_0058000,7.963025,6.5055385
ISIC_0058003,7.2220564,9.522481
ISIC_0058007,7.6489134,6.0898623
ISIC_0058010,9.482625,11.113873
ISIC_0058015,9.663399,10.872154
ISIC_0058016,9.450454,6.394001
ISIC_0058021,6.036752,8.425115
ISIC_0058024,10.294157,11.0298395
ISIC_0058028,6.9018874,9.406406
ISIC_0058033,9.127167,10.821572
ISIC_0058040,8.465796,5.847564
ISIC_0058046,13.158,7.0559344
ISIC_0058047,8.123381,6.94594
ISIC_0058050,9.307561,11.883825
ISIC_0058059,10.686625,8.531027
ISIC_0058075,11.314684,9.78075
ISIC_0058081,10.896227,5.924338
ISIC_0058096,7.1527934,7.783677
ISIC_0058097,9.421759,6.408719
ISIC_0058098,7.5367026,9.0935755
ISIC_0058115,7.4658976,6.5540533
ISIC_0058118,9.325621,6.1788173
ISIC_0058125,10.824062,9.564287
ISIC_0058126,6.2924414,9.208763
ISIC_0058127,9.05561,10.511534
ISIC_0058135,7.9852448,5.871332
ISIC_0058136,7.4388433,6.0084167
ISIC_0058138,10.366871,10.638034
ISIC_0058151,11.3386,10.438763
ISIC_0058154,11.170345,10.61927
ISIC_0058164,7.1690626,7.006159
ISIC_0058168,10.118544,12.847373
ISIC_0058170,8.940281,9.343998
ISIC_0058173,7.6691036,7.208142
ISIC_0058176,10.757308,12.621361
ISIC_0058181,8.943871,11.904364
ISIC_0058204,9.601452,9.97201
ISIC_0058206,13.283443,7.7245383
ISIC_0058214,7.4173493,7.013504
ISIC_0058218,8.321193,6.5633984
ISIC_0058229,13.664645,8.252501
ISIC_0058237,10.31614,12.204827
ISIC_0058245,8.007858,12.192341
ISIC_0058249,7.6621394,6.8325963
ISIC_0058255,12.345264,6.425533
ISIC_0058270,8.650929,9.63538
ISIC_0058281,8.230242,10.995532
ISIC_0058282,13.433883,7.0909166
ISIC_0058284,6.76103,8.327449
ISIC_0058285,8.0196705,12.200794
ISIC_0058298,9.291865,10.2385845
ISIC_0058301,8.857598,5.777611
ISIC_0058307,6.9944363,6.5267253
ISIC_0058308,9.453306,10.710068
ISIC_0058315,4.993489,8.661828
ISIC_0058319,7.3894305,9.652841
ISIC_0058321,9.475875,11.360814
ISIC_0058331,9.566301,12.127619
ISIC_0058332,9.921542,11.2160845
ISIC_0058334,7.1556234,7.4012446
ISIC_0058341,8.630659,5.56276
ISIC_0058344,7.1071806,6.5132303
ISIC_0058346,13.309426,7.6007013
ISIC_0058354,8.256443,6.5573215
ISIC_0058368,6.9221377,9.657843
ISIC_0058376,9.121575,6.5817027
ISIC_0058383,8.206924,11.41793
ISIC_0058391,9.283683,11.216053
ISIC_0058399,8.386175,5.4704742
ISIC_0058407,7.9520802,6.4682117
ISIC_0058408,9.670014,11.781182
ISIC_0058418,9.501555,12.181817
ISIC_0058425,8.01104,12.194513
ISIC_0058426,12.084998,8.626398
ISIC_0058428,8.683336,6.1320443
ISIC_0058432,10.859922,12.019567
ISIC_0058439,7.84516,6.2235665
ISIC_0058457,7.1027436,8.168113
ISIC_0058458,7.630743,9.531735
ISIC_0058475,8.840983,5.378399
ISIC_0058492,7.932551,10.867044
ISIC_0058496,9.739413,10.795943
ISIC_0058501,11.432469,7.322335
ISIC_0058503,8.13445,6.8802724
ISIC_0058504,12.967063,7.4748425
ISIC_0058508,7.5651236,9.38278
ISIC_0058513,6.607293,7.6568785
ISIC_0058526,11.839164,10.942887
ISIC_0058528,9.97295,10.547518
ISIC_0058544,7.4817905,6.1844316
ISIC_0058548,10.624556,8.195556
ISIC_0058550,10.283473,12.818047
ISIC_0058559,6.6678424,9.465049
ISIC_0058569,8.863873,11.786015
ISIC_0058577,7.584196,6.005965
ISIC_0058580,5.7331414,7.96058
ISIC_0058597,12.736789,7.986016
ISIC_0058599,9.217159,10.164316
ISIC_0058607,9.391312,11.098051
ISIC_0058612,11.040547,11.16249
ISIC_0058617,9.883709,9.156503
ISIC_0058621,7.358142,9.40985
ISIC_0058625,12.360555,7.998907
ISIC_0058629,6.429654,9.383045
ISIC_0058630,5.998024,7.798794
ISIC_0058643,7.495492,6.766377
ISIC_0058645,12.614494,8.168149
ISIC_0058648,7.54469,9.483301
ISIC_0058649,10.383694,9.207587
ISIC_0058655,5.5755825,7.9985943
ISIC_0058658,9.149064,12.134999
ISIC_0058663,8.337465,11.3139
ISIC_0058666,8.038982,9.6011095
ISIC_0058675,8.310817,5.466315
ISIC_0058676,8.559528,10.426003
ISIC_0058697,9.231919,10.448268
ISIC_0058708,9.158982,12.213452
ISIC_0058713,8.526856,10.733988
ISIC_0058716,13.278168,7.7440586
ISIC_0058721,6.1598167,9.19094
ISIC_0058723,9.441715,11.109048
ISIC_0058732,5.8697233,8.023567
ISIC_0058734,9.084608,12.433735
ISIC_0058743,7.855474,9.323105
ISIC_0058753,6.3903317,8.827447
ISIC_0058757,9.474832,10.605607
ISIC_0058763,7.5331235,6.746471
ISIC_0058768,11.007302,7.10896
ISIC_0058770,6.9354153,7.469004
ISIC_0058773,8.871174,5.8750873
ISIC_0058781,5.160881,8.558601
ISIC_0058786,7.2949114,9.944091
ISIC_0058790,8.2106,5.6198354
ISIC_0058791,10.061399,9.986109
ISIC_0058792,9.917898,9.823748
ISIC_0058794,8.232514,6.341575
ISIC_0058798,7.0126553,9.185984
ISIC_0058807,7.189278,6.1363754
ISIC_0058818,8.50071,11.612261
ISIC_0058836,9.824613,10.775344
ISIC_0058838,10.756645,12.6116295
ISIC_0058840,9.423951,6.275552
ISIC_0058851,9.288346,5.7762938
ISIC_0058858,11.986064,9.369569
ISIC_0058862,9.232227,10.8591
ISIC_0058863,13.178885,8.693541
ISIC_0058866,6.0443263,9.113811
ISIC_0058875,12.426798,7.0582724
ISIC_0058877,11.056326,12.1423645
ISIC_0058880,8.005869,5.9359026
ISIC_0058881,6.745115,9.342968
ISIC_0058887,8.6909485,6.797262
ISIC_0058918,8.936337,9.272626
ISIC_0058926,12.23289,9.4404745
ISIC_0058931,8.008062,6.685906
ISIC_0058947,11.636677,8.677457
ISIC_0058957,8.806376,5.5658803
ISIC_0058959,8.9992895,5.2549
ISIC_0059005,12.430558,6.882391
ISIC_0059023,6.469858,8.595617
ISIC_0059026,8.916446,9.3277855
ISIC_0059027,6.55208,7.704611
ISIC_0059029,9.332188,10.756374
ISIC_0059037,9.33638,12.183753
ISIC_0059042,7.871184,6.4229507
ISIC_0059052,7.57567,6.169944
ISIC_0059065,10.256577,9.246424
ISIC_0059066,8.878214,5.28665
ISIC_0059074,10.647001,8.731074
ISIC_0059076,10.542895,11.824117
ISIC_0059077,8.221029,6.926169
ISIC_0059079,9.223771,9.85809
ISIC_0059082,6.640595,9.446917
ISIC_0059085,8.221084,7.08594
ISIC_0059089,9.032152,6.550129
ISIC_0059090,8.164616,6.4480305
ISIC_0059092,7.5328107,5.938026
ISIC_0059093,9.6817255,11.347114
ISIC_0059103,7.049926,6.369394
ISIC_0059104,6.5187435,8.583179
ISIC_0059123,12.291906,9.549272
ISIC_0059137,7.8803997,6.2259007
ISIC_0059138,6.514352,9.410944
ISIC_0059140,9.036618,10.713713
ISIC_0059141,11.361402,8.894763
ISIC_0059147,5.9686856,8.940423
ISIC_0059148,11.503265,8.086014
ISIC_0059160,13.369781,7.2769456
ISIC_0059165,11.353568,10.527253
ISIC_0059169,10.931146,10.392673
ISIC_0059170,12.577956,11.506216
ISIC_0059171,11.546596,8.7370205
ISIC_0059178,10.330456,11.6382475
ISIC_0059188,9.306428,11.227495
ISIC_0059202,7.781061,5.7832294
ISIC_0059209,8.289631,5.450394
ISIC_0059219,11.813786,6.7741747
ISIC_0059232,6.08928,8.694147
ISIC_0059237,12.314854,9.411387
ISIC_0059253,8.341448,5.5600867
ISIC_0059264,8.778571,9.615542
ISIC_0059269,10.715544,11.851085
ISIC_0059270,5.113314,8.547423
ISIC_0059272,8.196145,11.10593
ISIC_0059273,7.12138,8.189622
ISIC_0059284,11.107555,8.003802
ISIC_0059294,12.827932,7.0542803
ISIC_0059313,5.0248723,8.630687
ISIC_0059314,12.691412,8.230217
ISIC_0059315,7.295691,6.2159457
ISIC_0059316,7.502709,10.685295
ISIC_0059318,12.295905,10.524784
ISIC_0059325,10.796447,9.00538
ISIC_0059330,10.278219,12.884437
ISIC_0059336,7.1510634,9.42634
ISIC_0059343,12.603466,9.984589
ISIC_0059345,8.512303,11.649045
ISIC_0059346,6.741054,8.387579
ISIC_0059349,9.24499,11.683782
ISIC_0059350,8.426973,5.3669605
ISIC_0059353,11.829567,9.004651
ISIC_0059361,12.619354,8.215812
ISIC_0059369,7.1457067,8.328718
ISIC_0059375,9.957324,8.93195
ISIC_0059382,7.141651,10.061075
ISIC_0059386,6.871504,8.370083
ISIC_0059387,8.915158,9.6372595
ISIC_0059398,7.859454,6.2244177
ISIC_0059411,8.632841,12.017827
ISIC_0059415,12.362767,8.107607
ISIC_0059420,6.367443,8.964265
ISIC_0059421,12.287813,6.785338
ISIC_0059423,8.922915,5.3075447
ISIC_0059424,9.234827,10.633936
ISIC_0059435,11.700607,8.202131
ISIC_0059444,8.167174,6.012999
ISIC_0059446,7.227225,7.643647
ISIC_0059450,6.017043,8.626797
ISIC_0059473,8.137366,5.9612436
ISIC_0059478,9.302694,11.175053
ISIC_0059482,9.89073,8.663628
ISIC_0059486,6.7149715,9.260864
ISIC_0059493,10.002286,8.344124
ISIC_0059506,7.0228524,8.599265
ISIC_0059511,12.298107,7.045163
ISIC_0059512,11.616782,8.8056555
ISIC_0059521,7.543342,10.723628
ISIC_0059523,8.557618,5.8165126
ISIC_0059525,8.474121,5.9129496
ISIC_0059538,9.0413475,5.5165253
ISIC_0059541,5.952432,8.07378
ISIC_0059547,7.21569,6.27282
ISIC_0059551,11.029699,7.22581
ISIC_0059554,7.535007,6.3328214
ISIC_0059568,8.828105,5.371752
ISIC_0059569,10.217572,12.900046
ISIC_0059593,12.222419,8.595112
ISIC_0059595,12.516054,7.336628
ISIC_0059597,7.1564703,6.976779
ISIC_0059601,12.208576,8.26056
ISIC_0059605,8.124992,9.532486
ISIC_0059608,12.38497,9.512013
ISIC_0059611,7.705341,9.250693
ISIC_0059628,12.052687,9.154103
ISIC_0059631,5.4551287,8.418816
ISIC_0059632,9.714198,11.61416
ISIC_0059646,4.9396586,8.866894
ISIC_0059668,7.580136,6.170073
ISIC_0059669,10.640342,12.318526
ISIC_0059671,10.070185,11.5568
ISIC_0059686,11.32871,9.018934
ISIC_0059703,8.968484,5.3585043
ISIC_0059707,7.0939317,9.000511
ISIC_0059708,8.024872,6.7397857
ISIC_0059738,10.639436,8.568784
ISIC_0059739,7.376538,9.5917845
ISIC_0059747,9.192964,9.954531
ISIC_0059750,11.280742,10.664174
ISIC_0059757,8.366838,6.0726404
ISIC_0059763,9.255192,11.687583
ISIC_0059764,7.013745,9.779772
ISIC_0059768,8.95261,9.365786
ISIC_0059770,8.972876,11.4010315
ISIC_0059773,13.312781,8.648876
ISIC_0059774,11.254648,8.314604
ISIC_0059777,9.132942,5.515303
ISIC_0059785,7.840185,5.7870216
ISIC_0059786,13.024952,6.7361317
ISIC_0059794,9.674888,11.289517
ISIC_0059804,10.147048,10.947995
ISIC_0059808,8.931974,9.373686
ISIC_0059809,9.326194,5.068284
ISIC_0059810,9.612924,11.790189
ISIC_0059814,11.235205,10.194381
ISIC_0059816,7.41013,8.149905
ISIC_0059830,5.7393103,7.9775896
ISIC_0059832,7.2363524,7.0184255
ISIC_0059838,7.7963,10.267613
ISIC_0059840,9.122047,12.107627
ISIC_0059855,8.150614,10.849156
ISIC_0059859,12.6434965,7.6335983
ISIC_0059866,9.236917,10.815247
ISIC_0059869,11.568206,8.915859
ISIC_0059879,12.737096,6.5344567
ISIC_0059881,6.7518363,8.391944
ISIC_0059884,5.380284,8.361516
ISIC_0059890,8.400386,5.52053
ISIC_0059891,10.800205,10.17024
ISIC_0059892,11.417811,8.485829
ISIC_0059897,7.821725,5.960711
ISIC_0059904,10.072654,11.328194
ISIC_0059905,8.203704,6.9519362
ISIC_0059919,6.9154224,9.541727
ISIC_0059941,9.178584,9.414252
ISIC_0059948,10.6289625,10.522949
ISIC_0059957,8.442994,5.8870115
ISIC_0059958,8.942418,11.817865
ISIC_0059974,9.710221,10.890693
ISIC_0059978,7.448098,8.115604
ISIC_0059987,8.630729,10.461842
ISIC_0059992,9.307631,9.247975
ISIC_0060015,9.106278,12.412754
ISIC_0060022,7.509341,6.3505054
ISIC_0060032,7.8718286,5.9997544
ISIC_0060033,9.500275,11.28835
ISIC_0060094,8.451598,11.491456
ISIC_0060096,5.5030975,6.6167746
ISIC_0060099,7.0162387,6.346441
ISIC_0060104,7.597975,5.9083314
ISIC_0060114,7.609351,6.113642
ISIC_0060118,7.1986637,7.0401535
ISIC_0060140,7.007844,9.367738
ISIC_0060143,5.9195046,7.999027
ISIC_0060147,11.52067,8.057868
ISIC_0060150,8.724925,5.5622497
ISIC_0060153,9.191303,5.446505
ISIC_0060154,9.175959,5.421745
ISIC_0060155,10.504972,8.620407
ISIC_0060159,7.4050565,6.0619307
ISIC_0060181,7.6106434,10.229746
ISIC_0060194,6.6473374,9.675831
ISIC_0060197,6.761297,8.373036
ISIC_0060201,6.6661205,9.747613
ISIC_0060212,9.38599,11.404679
ISIC_0060216,8.076611,5.629619
ISIC_0060218,10.181932,10.319997
ISIC_0060219,9.0822525,6.342501
ISIC_0060222,11.472239,11.699589
ISIC_0060224,10.4941,9.319811
ISIC_0060233,9.025773,5.2901535
ISIC_0060238,8.620799,11.257317
ISIC_0060239,13.019148,9.471399
ISIC_0060244,10.728306,12.465605
ISIC_0060248,11.790214,8.542754
ISIC_0060266,8.170772,11.352739
ISIC_0060270,10.300922,11.636906
ISIC_0060281,8.102866,5.8432317
ISIC_0060297,10.373385,11.469823
ISIC_0060307,6.8919826,8.499831
ISIC_0060308,9.847247,10.525612
ISIC_0060313,7.8554697,6.191113
ISIC_0060315,9.3601055,12.007141
ISIC_0060326,10.5236435,12.41204
ISIC_0060340,7.4194574,9.461849
ISIC_0060341,11.614628,10.615837
ISIC_0060342,11.22105,9.322248
ISIC_0060355,9.04553,12.039752
ISIC_0060367,6.2060924,9.17613
ISIC_0060376,6.9797482,8.986674
ISIC_0060377,9.204177,10.094205
ISIC_0060380,9.015388,10.906614
ISIC_0060386,11.371301,7.5538945
ISIC_0060393,10.05553,10.100111
ISIC_0060397,10.494935,9.200932
ISIC_0060399,8.157538,6.9754434
ISIC_0060403,12.213451,9.261292
ISIC_0060428,9.405618,5.417426
ISIC_0060446,8.012803,12.19288
ISIC_0060456,8.088913,5.6447096
ISIC_0060459,10.847139,12.459134
ISIC_0060465,11.059554,7.3535867
ISIC_0060487,9.683023,9.834979
ISIC_0060495,7.547827,6.7316513
ISIC_0060507,9.10177,6.321109
ISIC_0060508,13.396534,7.570268
ISIC_0060510,9.011167,9.903019
ISIC_0060511,12.238349,10.370506
ISIC_0060525,12.812897,6.9737115
ISIC_0060526,7.0946784,6.159073
ISIC_0060528,11.654035,8.705891
ISIC_0060537,9.4172325,9.410839
ISIC_0060538,9.904222,9.058809
ISIC_0060548,11.416601,10.399886
ISIC_0060555,8.023594,10.9199095
ISIC_0060556,10.707247,11.853904
ISIC_0060559,11.490214,11.4558935
ISIC_0060577,9.275709,6.415309
ISIC_0060583,8.427836,10.76485
ISIC_0060585,8.384294,11.210274
ISIC_0060586,11.998589,8.015574
ISIC_0060589,10.367241,9.091911
ISIC_0060597,9.240684,10.824335
ISIC_0060610,8.506822,6.1728926
ISIC_0060616,11.78329,9.678808
ISIC_0060624,10.324032,10.298813
ISIC_0060629,7.619438,6.8768234
ISIC_0060630,7.6828403,7.002887
ISIC_0060654,5.471862,8.323726
ISIC_0060660,13.355681,7.278502
ISIC_0060665,7.357151,6.015864
ISIC_0060671,7.1138277,6.2305646
ISIC_0060672,9.57677,9.353284
ISIC_0060676,6.707776,7.7409363
ISIC_0060679,12.515826,7.9726615
ISIC_0060681,7.518548,6.874805
ISIC_0060693,9.06671,9.366125
ISIC_0060698,6.647961,8.014267
ISIC_0060700,8.754054,6.009804
ISIC_0060713,11.564896,8.606294
ISIC_0060717,10.781066,11.977098
ISIC_0060718,9.98826,11.643967
ISIC_0060727,9.503559,9.30727
ISIC_0060728,8.438477,5.957169
ISIC_0060736,7.9964147,12.196772
ISIC_0060741,13.622,7.5444937
ISIC_0060744,8.094554,5.6448855
ISIC_0060751,5.9181094,7.96852
ISIC_0060752,7.3946295,9.463798
ISIC_0060760,13.352412,7.540513
ISIC_0060764,11.764065,6.8451223
ISIC_0060773,6.9202967,9.767245
ISIC_0060795,8.884685,5.7420797
ISIC_0060799,9.470096,9.950052
ISIC_0060827,4.9992313,8.649655
ISIC_0060829,6.5101643,8.587695
ISIC_0060832,9.495943,11.883282
ISIC_0060834,5.083448,8.941063
ISIC_0060836,6.818862,7.0038834
ISIC_0060845,7.139146,6.925569
ISIC_0060873,7.615808,10.287416
ISIC_0060883,4.9177885,8.826129
ISIC_0060886,7.3694134,10.792847
ISIC_0060892,8.339908,5.465731
ISIC_0060893,7.2422457,6.3674397
ISIC_0060897,8.673103,10.828783
ISIC_0060898,7.0847383,6.662113
ISIC_0060911,7.1344337,6.216844
ISIC_0060916,11.153958,10.590245
ISIC_0060934,7.2814865,9.968043
ISIC_0060936,7.544605,6.905545
ISIC_0060937,13.170803,7.0179152
ISIC_0060946,6.6181183,7.64772
ISIC_0060949,8.654713,5.5924854
ISIC_0060955,9.843453,10.982947
ISIC_0060965,9.946549,9.475239
ISIC_0060967,8.692577,6.794622
ISIC_0060968,8.4858675,5.873888
ISIC_0060969,10.202648,11.673748
ISIC_0060971,8.184761,6.9176297
ISIC_0060972,9.294695,11.469674
ISIC_0060978,12.157589,9.009787
ISIC_0060979,8.678669,6.810214
ISIC_0060994,9.333102,11.02933
ISIC_0060999,9.678846,11.681337
ISIC_0061001,6.6397285,9.837913
ISIC_0061002,8.691427,6.796169
ISIC_0061003,11.160781,10.218445
ISIC_0061006,12.842265,9.901568
ISIC_0061008,8.790111,11.833727
ISIC_0061011,7.3995028,7.0002074
ISIC_0061021,7.915564,9.191552
ISIC_0061025,7.2849216,8.822433
ISIC_0061029,9.027818,6.245391
ISIC_0061031,9.93661,9.575039
ISIC_0061032,7.6628566,7.144286
ISIC_0061034,9.859054,8.671252
ISIC_0061045,8.984127,10.577986
ISIC_0061049,9.565405,12.081436
ISIC_0061052,12.566476,8.220887
ISIC_0061060,7.0809984,6.114689
ISIC_0061066,9.488484,11.225768
ISIC_0061067,12.632377,10.111498
ISIC_0061070,8.228175,6.290478
ISIC_0061075,10.890787,11.567134
ISIC_0061077,8.0664215,5.8816495
ISIC_0061078,10.00595,8.335453
ISIC_0061079,8.846605,5.853371
ISIC_0061085,10.51606,11.24393
ISIC_0061104,10.954095,9.088635
ISIC_0061108,7.7464175,6.7699385
ISIC_0061112,6.7099047,9.301535
ISIC_0061131,7.4961605,6.127514
ISIC_0061141,8.167835,6.170036
ISIC_0061152,9.660907,11.596972
ISIC_0061155,8.932448,5.266935
ISIC_0061158,8.801441,5.319713
ISIC_0061159,7.231579,7.6153493
ISIC_0061166,9.149963,9.583363
ISIC_0061183,11.619676,8.1339445
ISIC_0061185,8.8572235,11.668889
ISIC_0061188,8.283885,11.254835
ISIC_0061189,7.925258,5.7906933
ISIC_0061191,9.334459,11.65543
ISIC_0061194,5.5053053,8.317039
ISIC_0061195,11.647887,6.634123
ISIC_0061200,11.289696,8.2508545
ISIC_0061224,12.419603,8.575341
ISIC_0061231,9.045421,12.060326
ISIC_0061244,12.638364,8.191171
ISIC_0061250,8.674872,6.806931
ISIC_0061252,7.4013824,6.932707
ISIC_0061257,6.9697876,9.517698
ISIC_0061261,8.605152,10.693723
ISIC_0061279,6.145948,9.206888
ISIC_0061281,7.5736065,6.9565187
ISIC_0061297,7.39463,8.145133
ISIC_0061300,12.740538,7.5688143
ISIC_0061315,12.45226,7.013107
ISIC_0061320,5.2693243,8.897375
ISIC_0061323,7.9540415,9.380153
ISIC_0061333,8.041971,5.609055
ISIC_0061334,7.4635,6.1777897
ISIC_0061336,7.112322,6.2537274
ISIC_0061345,6.7813196,9.222568
ISIC_0061355,8.328378,6.5650206
ISIC_0061359,9.673141,8.905207
ISIC_0061362,5.040685,8.622546
ISIC_0061366,8.984212,11.587085
ISIC_0061369,8.431348,5.3891025
ISIC_0061371,6.0714164,8.765202
ISIC_0061377,7.5895686,10.275885
ISIC_0061380,7.4239483,10.797514
ISIC_0061382,10.5850115,11.648167
ISIC_0061393,11.603108,10.737113
ISIC_0061407,9.985639,11.162351
ISIC_0061411,5.987088,8.067061
ISIC_0061418,10.606357,10.824047
ISIC_0061424,8.559877,5.8288374
ISIC_0061432,8.9377,11.833643
ISIC_0061434,10.588544,11.7711115
ISIC_0061441,8.727031,11.06171
ISIC_0061446,10.682328,12.346209
ISIC_0061447,11.910618,5.141609
ISIC_0061448,6.473511,8.897034
ISIC_0061454,11.834132,9.692216
ISIC_0061463,7.5839787,9.917862
ISIC_0061466,7.189343,7.330114
ISIC_0061469,7.2348776,8.590923
ISIC_0061475,10.458464,9.207495
ISIC_0061479,6.645263,9.322958
ISIC_0061485,7.061226,6.4425364
ISIC_0061491,6.5104103,9.214507
ISIC_0061494,7.533043,6.682744
ISIC_0061496,7.5601177,6.7160134
ISIC_0061502,7.645338,5.8800993
ISIC_0061508,11.104736,6.13468
ISIC_0061516,7.4844217,9.597206
ISIC_0061518,8.079294,5.6750336
ISIC_0061520,6.6379166,7.940279
ISIC_0061529,7.444487,5.917343
ISIC_0061532,6.6004677,8.486795
ISIC_0061533,7.6104183,6.8324685
ISIC_0061547,8.048021,6.727813
ISIC_0061549,7.494689,6.039065
ISIC_0061553,9.139565,10.369124
ISIC_0061554,7.0406394,6.861095
ISIC_0061556,6.8748307,6.8466024
ISIC_0061559,11.734264,6.509225
ISIC_0061566,8.63274,9.594435
ISIC_0061568,9.242101,10.851711
ISIC_0061573,7.398721,6.36228
ISIC_0061575,10.868122,6.0477033
ISIC_0061580,12.645629,8.541887
ISIC_0061581,11.901179,9.995027
ISIC_0061583,9.49335,10.935999
ISIC_0061585,12.805458,7.2083807
ISIC_0061592,6.060567,8.933559
ISIC_0061595,8.887557,10.90865
ISIC_0061608,9.214353,11.785967
ISIC_0061619,9.320102,5.0432215
ISIC_0061623,8.58643,11.7427845
ISIC_0061624,7.1801863,6.2621017
ISIC_0061625,6.704923,8.185123
ISIC_0061629,12.01015,7.311804
ISIC_0061630,7.418252,8.140431
ISIC_0061633,7.4771476,6.5960817
ISIC_0061644,6.5208063,9.3942995
ISIC_0061656,7.5675564,7.0711718
ISIC_0061660,10.502698,11.587967
ISIC_0061664,6.982711,9.989307
ISIC_0061670,9.108735,9.46834
ISIC_0061680,7.0836916,6.2568808
ISIC_0061684,9.447421,11.193457
ISIC_0061685,11.34524,10.467207
ISIC_0061699,6.988179,9.75488
ISIC_0061701,7.154374,7.9339485
ISIC_0061705,12.179617,6.94009
ISIC_0061710,7.3202043,8.766812
ISIC_0061713,8.456594,11.554471
ISIC_0061715,6.7463503,8.375703
ISIC_0061735,13.65722,7.780517
ISIC_0061741,10.064272,11.5383625
ISIC_0061756,7.730427,10.771313
ISIC_0061761,7.893565,6.4385724
ISIC_0061770,6.558527,7.753248
ISIC_0061773,7.344198,7.0028524
ISIC_0061775,7.9404693,9.372351
ISIC_0061782,9.306359,5.0684443
ISIC_0061798,6.128134,8.586076
ISIC_0061799,7.178902,8.022254
ISIC_0061812,12.843415,8.070899
ISIC_0061829,10.585583,9.173187
ISIC_0061831,9.6869135,11.681338
ISIC_0061833,8.399122,10.2122965
ISIC_0061848,10.47066,12.297039
ISIC_0061870,10.444627,11.145332
ISIC_0061880,12.969245,7.6913056
ISIC_0061884,12.946992,7.701178
ISIC_0061885,12.030161,9.146905
ISIC_0061886,8.339362,5.8485775
ISIC_0061890,11.049514,8.361899
ISIC_0061894,7.085568,7.80058
ISIC_0061895,9.286885,10.858147
ISIC_0061900,7.9656,10.892264
ISIC_0061911,10.476545,11.579431
ISIC_0061912,9.846267,10.894432
ISIC_0061915,6.7806754,8.928184
ISIC_0061916,8.72114,6.1847506
ISIC_0061918,9.474559,11.190598
ISIC_0061922,10.552966,11.545402
ISIC_0061926,8.824999,5.3536906
ISIC_0061928,7.406262,8.193114
ISIC_0061944,7.216424,6.3781857
ISIC_0061945,7.3685827,6.056956
ISIC_0061950,7.334803,10.484699
ISIC_0061953,10.5126095,10.739688
ISIC_0061954,8.757575,11.415407
ISIC_0061969,8.157823,7.001431
ISIC_0061971,9.482719,9.321475
ISIC_0061982,7.931268,6.4453764
ISIC_0062000,10.795134,10.183962
ISIC_0062005,9.9223585,11.718155
ISIC_0062010,7.1829424,6.0512176
ISIC_0062016,13.345166,7.220028
ISIC_0062031,4.9471855,8.903442
ISIC_0062042,9.676696,11.7692795
ISIC_0062063,11.112147,7.319732
ISIC_0062064,12.325472,8.137506
ISIC_0062077,8.616305,5.9944906
ISIC_0062084,8.458137,11.507008
ISIC_0062099,9.411714,11.270336
ISIC_0062102,5.079311,8.569057
ISIC_0062103,8.28246,5.931149
ISIC_0062111,11.957509,7.3999887
ISIC_0062112,7.0160904,6.3013253
ISIC_0062114,9.31759,10.738611
ISIC_0062122,8.016254,6.688111
ISIC_0062125,6.746364,8.377631
ISIC_0062133,7.3463874,9.358951
ISIC_0062138,10.850093,7.0305214
ISIC_0062149,11.789582,8.910598
ISIC_0062152,7.5343165,6.598384
ISIC_0062154,7.543549,6.5453663
ISIC_0062155,7.4688067,6.6201715
ISIC_0062158,12.463855,8.010708
ISIC_0062160,8.955107,12.474266
ISIC_0062161,8.178049,6.077989
ISIC_0062162,8.800455,5.643326
ISIC_0062163,10.706598,12.661989
ISIC_0062171,7.009945,6.50436
ISIC_0062176,9.335444,12.346651
ISIC_0062183,8.145141,5.5625997
ISIC_0062203,8.908953,5.8770714
ISIC_0062206,7.7014327,6.0115
ISIC_0062208,9.481752,10.100207
ISIC_0062211,7.201662,7.725924
ISIC_0062213,12.378358,7.477373
ISIC_0062220,9.450675,9.331294
ISIC_0062235,12.615706,7.833711
ISIC_0062239,8.633928,10.881509
ISIC_0062241,11.480088,9.619114
ISIC_0062242,10.322214,9.26143
ISIC_0062248,9.161604,10.79275
ISIC_0062251,12.581105,8.179643
ISIC_0062256,9.316575,5.0433145
ISIC_0062260,7.5445733,9.4955635
ISIC_0062266,7.3214297,10.478531
ISIC_0062269,12.537343,7.314888
ISIC_0062273,11.864905,11.7175045
ISIC_0062280,7.9420447,6.4713297
ISIC_0062286,8.63301,6.781928
ISIC_0062296,8.911462,6.2111826
ISIC_0062298,9.686748,12.03082
ISIC_0062301,8.837384,11.937913
ISIC_0062318,10.354709,12.172927
ISIC_0062323,10.377926,10.98973
ISIC_0062325,7.2383146,9.669989
ISIC_0062340,7.007315,9.66656
ISIC_0062350,7.46709,5.9398017
ISIC_0062359,6.3330173,9.821209
ISIC_0062381,9.168025,5.4173884
ISIC_0062382,11.335556,7.974685
ISIC_0062389,12.753762,7.0799193
ISIC_0062401,8.695505,11.372272
ISIC_0062407,8.473445,6.1132917
ISIC_0062423,6.5266128,8.579492
ISIC_0062425,9.448222,6.3714685
ISIC_0062434,10.420389,10.577194
ISIC_0062447,6.1896763,7.7778864
ISIC_0062453,12.636377,7.480967
ISIC_0062454,7.106729,8.372191
ISIC_0062457,7.970389,10.963317
ISIC_0062458,8.022811,5.791124
ISIC_0062463,8.638089,10.86728
ISIC_0062468,9.0598,11.084035
ISIC_0062471,10.339155,9.199921
ISIC_0062474,7.038722,6.379414
ISIC_0062477,11.572225,9.431007
ISIC_0062478,7.135828,7.821689
ISIC_0062481,13.5135,7.1568522
ISIC_0062497,7.4192467,6.978389
ISIC_0062505,8.535674,11.484829
ISIC_0062509,7.2661176,6.0600247
ISIC_0062515,8.9461775,11.708533
ISIC_0062517,9.109011,11.024946
ISIC_0062523,7.4491973,6.5316734
ISIC_0062524,11.284871,9.926508
ISIC_0062525,9.503774,6.227199
ISIC_0062530,8.61873,10.735684
ISIC_0062531,8.897719,10.766423
ISIC_0062536,7.1806426,6.2611403
ISIC_0062539,12.460389,8.813365
ISIC_0062547,9.729467,11.102563
ISIC_0062551,9.025694,11.655646
ISIC_0062559,9.307795,5.031462
ISIC_0062562,7.4707046,7.0942945
ISIC_0062589,7.9934325,6.752378
ISIC_0062596,8.02132,12.196279
ISIC_0062602,7.546532,6.3414125
ISIC_0062606,9.314874,10.553761
ISIC_0062626,9.115994,10.601249
ISIC_0062628,8.942551,6.0614867
ISIC_0062632,6.955847,9.628982
ISIC_0062633,8.226235,6.926328
ISIC_0062636,7.2220125,8.935256
ISIC_0062639,8.984851,10.84683
ISIC_0062642,9.137298,6.2760696
ISIC_0062649,10.772102,12.602752
ISIC_0062674,8.09291,10.864456
ISIC_0062681,8.146316,6.936923
ISIC_0062684,8.150904,7.1330514
ISIC_0062688,9.11812,6.5439763
ISIC_0062690,7.7539554,10.746363
ISIC_0062700,9.861955,10.502489
ISIC_0062702,8.704576,5.9719048
ISIC_0062708,6.9043345,10.121509
ISIC_0062709,13.549256,8.49278
ISIC_0062712,9.066895,5.539965
ISIC_0062716,7.995955,7.0073037
ISIC_0062721,7.213922,10.155628
ISIC_0062723,9.876391,11.468111
ISIC_0062724,8.320303,5.8158684
ISIC_0062734,8.664499,6.305295
ISIC_0062736,9.896261,9.129683
ISIC_0062762,8.838088,10.70352
ISIC_0062765,9.664825,11.654418
ISIC_0062770,12.265681,6.662359
ISIC_0062780,7.9321294,6.547005
ISIC_0062792,10.940535,9.194617
ISIC_0062806,5.9488235,8.2896805
ISIC_0062809,6.7001257,8.132299
ISIC_0062816,8.646561,6.682426
ISIC_0062821,8.416679,6.361019
ISIC_0062827,8.858406,11.949592
ISIC_0062832,10.531878,12.787794
ISIC_0062841,11.454599,8.027636
ISIC_0062844,7.232294,7.607238
ISIC_0062869,8.174546,6.3564057
ISIC_0062879,5.907015,7.9644876
ISIC_0062891,8.938049,5.2947946
ISIC_0062912,8.565515,6.013748
ISIC_0062922,9.348714,10.542812
ISIC_0062925,9.173776,9.786897
ISIC_0062935,8.642209,10.87656
ISIC_0062944,8.173038,9.593729
ISIC_0062948,7.169283,7.922425
ISIC_0062952,10.616022,7.5014186
ISIC_0062954,10.658694,12.360381
ISIC_0062957,11.913285,5.126187
ISIC_0062970,10.186665,11.364918
ISIC_0062978,7.897437,6.6935015
ISIC_0062983,10.692837,9.702092
ISIC_0062985,8.194139,11.096663
ISIC_0062991,8.807778,5.2707133
ISIC_0062992,7.2409544,6.837585
ISIC_0062994,11.661373,11.239932
ISIC_0062998,7.481336,9.998735
ISIC_0063018,9.226766,11.80413
ISIC_0063026,11.431074,9.374618
ISIC_0063027,8.911464,6.0490975
ISIC_0063032,7.2015705,7.26388
ISIC_0063046,7.341647,9.541284
ISIC_0063056,9.511622,11.121715
ISIC_0063058,9.481429,6.223332
ISIC_0063060,7.3476577,6.1737227
ISIC_0063070,10.567466,8.323038
ISIC_0063072,7.345779,10.114191
ISIC_0063077,9.307919,5.1380033
ISIC_0063081,8.790141,5.308445
ISIC_0063087,6.754199,8.254662
ISIC_0063102,7.80279,5.789896
ISIC_0063103,12.396273,10.391718
ISIC_0063109,7.2537403,8.740449
ISIC_0063114,7.0583158,6.3224626
ISIC_0063124,12.563169,6.910057
ISIC_0063125,9.314224,5.0393414
ISIC_0063130,11.795983,6.685093
ISIC_0063131,7.821766,6.6477714
ISIC_0063143,10.119249,11.870666
ISIC_0063148,7.612315,10.285845
ISIC_0063151,9.075938,11.194088
ISIC_0063168,9.45661,11.666141
ISIC_0063169,7.4241986,6.3362675
ISIC_0063172,9.27054,5.3739977
ISIC_0063174,9.096736,6.2833166
ISIC_0063180,8.421695,5.968081
ISIC_0063181,12.323138,9.654231
ISIC_0063182,13.308538,8.850182
ISIC_0063190,9.560796,10.870568
ISIC_0063191,7.519982,9.196756
ISIC_0063198,8.347515,10.390932
ISIC_0063202,9.898692,11.561523
ISIC_0063207,9.362469,10.649825
ISIC_0063216,9.936022,9.426587
ISIC_0063222,7.5032277,7.1138587
ISIC_0063225,10.280164,9.259297
ISIC_0063228,11.190268,8.516226
ISIC_0063233,8.12758,6.2515535
ISIC_0063234,9.4837265,11.1010685
ISIC_0063240,9.1650505,12.453193
ISIC_0063241,12.4148855,8.982913
ISIC_0063258,5.193535,8.501374
ISIC_0063264,8.01727,12.179279
ISIC_0063266,6.9073253,8.540987
ISIC_0063268,12.265277,10.555583
ISIC_0063271,9.776907,11.147726
ISIC_0063288,7.825524,6.2711525
ISIC_0063292,9.419297,12.024097
ISIC_0063300,8.949661,9.39814
ISIC_0063302,10.423493,12.2661495
ISIC_0063305,6.160314,9.216888
ISIC_0063318,9.490445,11.064941
ISIC_0063334,10.14081,10.243333
ISIC_0063345,6.9211187,8.555605
ISIC_0063349,10.256317,12.818851
ISIC_0063360,6.6289344,9.41578
ISIC_0063362,8.271241,5.487259
ISIC_0063369,9.871553,11.025711
ISIC_0063373,6.802646,8.307037
ISIC_0063392,10.475127,9.289915
ISIC_0063394,11.868751,6.615801
ISIC_0063410,7.3311625,7.346281
ISIC_0063414,8.988963,5.3762555
ISIC_0063425,9.120651,5.5010686
ISIC_0063437,8.444263,5.8068686
ISIC_0063443,7.252168,6.890812
ISIC_0063445,8.252427,5.539905
ISIC_0063447,8.420428,11.665108
ISIC_0063450,8.841279,6.0352573
ISIC_0063456,9.043436,10.968638
ISIC_0063464,9.404744,5.444462
ISIC_0063467,9.169796,6.2367806
ISIC_0063469,7.1027865,6.088381
ISIC_0063470,6.936545,9.546151
ISIC_0063475,10.510547,8.625622
ISIC_0063480,8.964461,9.365632
ISIC_0063481,7.554967,9.750901
ISIC_0063493,9.35258,11.112487
ISIC_0063496,11.640047,11.347191
ISIC_0063505,9.220572,9.735497
ISIC_0063521,8.432688,5.4103527
ISIC_0063528,10.729784,12.683236
ISIC_0063537,8.646571,10.572949
ISIC_0063541,7.6607842,10.776037
ISIC_0063551,9.104727,11.407405
ISIC_0063566,11.495918,8.085904
ISIC_0063578,9.530292,11.237085
ISIC_0063601,6.051036,8.173296
ISIC_0063617,7.823733,9.247817
ISIC_0063623,8.799714,5.7119083
ISIC_0063625,7.9435472,5.835395
ISIC_0063634,12.343324,7.9497447
ISIC_0063636,10.6515,12.27989
ISIC_0063641,7.190987,7.3668084
ISIC_0063654,11.206054,7.142349
ISIC_0063655,9.654935,6.152734
ISIC_0063660,10.76795,11.276809
ISIC_0063664,11.598054,10.105546
ISIC_0063675,9.425943,9.360317
ISIC_0063679,9.114175,5.376888
ISIC_0063680,11.838822,9.459752
ISIC_0063687,7.105545,6.420618
ISIC_0063690,7.99128,10.248006
ISIC_0063691,10.323617,10.185633
ISIC_0063692,13.193405,7.6902704
ISIC_0063693,9.598182,8.878261
ISIC_0063695,7.592758,6.520054
ISIC_0063704,9.001727,6.2393703
ISIC_0063715,8.142757,9.698793
ISIC_0063723,11.888447,6.908328
ISIC_0063724,9.316195,10.567087
ISIC_0063727,9.850519,10.39057
ISIC_0063732,6.1301026,8.935297
ISIC_0063742,13.284884,11.761667
ISIC_0063748,9.631389,11.611543
ISIC_0063750,9.160799,5.525859
ISIC_0063757,12.17347,7.0690217
ISIC_0063759,10.425994,12.739676
ISIC_0063769,8.5234995,11.320325
ISIC_0063775,7.6529164,7.1708217
ISIC_0063788,8.19721,9.676339
ISIC_0063793,9.962334,10.768106
ISIC_0063795,6.760106,9.345827
ISIC_0063811,10.536666,8.586704
ISIC_0063824,8.823624,5.870504
ISIC_0063829,9.248826,9.119132
ISIC_0063830,9.419563,9.370819
ISIC_0063839,9.677588,11.395533
ISIC_0063842,8.911869,12.451967
ISIC_0063845,12.635743,8.079079
ISIC_0063852,9.924406,9.185269
ISIC_0063870,12.80174,9.439005
ISIC_0063871,10.719004,12.36777
ISIC_0063872,6.7151837,8.386894
ISIC_0063873,10.308419,11.841602
ISIC_0063881,8.2486,11.414873
ISIC_0063885,10.570863,9.5778475
ISIC_0063887,6.602004,7.613468
ISIC_0063897,8.237963,10.593299
ISIC_0063908,7.4899755,9.872143
ISIC_0063912,5.900128,7.971628
ISIC_0063915,9.890986,9.168296
ISIC_0063926,6.814771,9.764182
ISIC_0063937,12.730621,7.9871783
ISIC_0063945,5.9770236,8.301424
ISIC_0063946,8.04146,5.7440805
ISIC_0063950,7.342649,7.250103
ISIC_0063958,6.168141,8.340066
ISIC_0063960,8.309943,6.029507
ISIC_0063973,7.512868,6.877687
ISIC_0063980,8.037384,10.543354
ISIC_0063981,6.3426795,9.119292
ISIC_0063988,11.862163,8.202037
ISIC_0064006,5.0940456,8.545756
ISIC_0064014,9.664378,11.71956
ISIC_0064023,9.688983,11.4330015
ISIC_0064033,6.763255,9.235675
ISIC_0064034,10.675952,10.778496
ISIC_0064054,9.263175,5.411752
ISIC_0064056,9.254782,6.0095887
ISIC_0064058,6.603849,7.723621
ISIC_0064060,12.918189,7.635288
ISIC_0064062,9.597136,12.239565
ISIC_0064072,12.058269,7.9108114
ISIC_0064073,12.925552,7.812046
ISIC_0064079,8.156938,6.081
ISIC_0064080,9.061809,10.532121
ISIC_0064082,10.527414,11.27008
ISIC_0064100,10.761554,10.809891
ISIC_0064102,9.591933,11.370927
ISIC_0064110,8.794128,5.356555
ISIC_0064114,8.011789,6.633009
ISIC_0064116,13.474589,7.0529947
ISIC_0064120,9.335017,11.555108
ISIC_0064122,7.490444,10.037446
ISIC_0064129,6.8593307,8.403523
ISIC_0064130,9.216354,10.135872
ISIC_0064134,5.809485,8.124707
ISIC_0064141,9.305604,5.047993
ISIC_0064152,10.784099,12.470047
ISIC_0064157,9.1040325,10.279234
ISIC_0064167,7.443084,9.56221
ISIC_0064174,7.4890366,6.0628786
ISIC_0064180,7.3611565,10.086701
ISIC_0064195,9.129696,6.229767
ISIC_0064201,8.807271,5.3351474
ISIC_0064204,6.5028567,8.613529
ISIC_0064209,9.929686,8.964813
ISIC_0064212,6.5620294,7.7811604
ISIC_0064229,8.180559,6.2810125
ISIC_0064240,7.1576304,6.885895
ISIC_0064246,9.7863035,11.234521
ISIC_0064247,8.735411,10.712018
ISIC_0064261,12.506207,8.6386795
ISIC_0064266,7.3023796,6.699214
ISIC_0064268,7.908543,10.806271
ISIC_0064270,8.6071,11.922081
ISIC_0064272,7.839243,10.046898
ISIC_0064276,9.090773,6.201055
ISIC_0064279,9.719415,11.497241
ISIC_0064281,10.819781,10.828955
ISIC_0064294,11.227169,10.518779
ISIC_0064297,8.101585,6.070498
ISIC_0064298,10.739639,12.057194
ISIC_0064307,8.816955,11.2008915
ISIC_0064317,12.904473,7.410014
ISIC_0064320,12.64514,6.5809846
ISIC_0064321,9.801705,10.408319
ISIC_0064328,11.736576,6.659794
ISIC_0064337,8.208223,5.618616
ISIC_0064339,10.680598,9.702683
ISIC_0064344,8.547376,6.5290203
ISIC_0064360,8.863114,5.735619
ISIC_0064361,7.75484,10.217645
ISIC_0064369,9.860719,11.613692
ISIC_0064376,10.152978,9.304186
ISIC_0064393,9.471349,10.0523405
ISIC_0064406,7.2949896,6.1354375
ISIC_0064411,9.470852,11.187446
ISIC_0064419,8.622782,6.1810555
ISIC_0064427,10.720812,7.0490675
ISIC_0064428,10.168446,11.665557
ISIC_0064436,8.198423,10.890991
ISIC_0064444,6.1176167,9.140616
ISIC_0064455,8.032982,5.709663
ISIC_0064463,8.794929,5.5555162
ISIC_0064465,7.4914317,6.731173
ISIC_0064472,13.256168,9.219287
ISIC_0064476,12.272836,8.3807745
ISIC_0064481,7.240228,9.495083
ISIC_0064483,5.901645,8.926651
ISIC_0064498,10.118109,10.706057
ISIC_0064507,5.561414,7.989218
ISIC_0064515,9.071229,10.811094
ISIC_0064517,9.106271,11.105879
ISIC_0064530,7.0762963,6.57044
ISIC_0064531,6.6807446,9.695742
ISIC_0064534,9.314483,10.897426
ISIC_0064538,8.0613985,6.9470806
ISIC_0064550,8.897516,9.315223
ISIC_0064559,9.096042,12.127981
ISIC_0064569,6.616062,9.585416
ISIC_0064575,7.1502995,7.9671144
ISIC_0064581,8.933196,10.744529
ISIC_0064585,5.408678,6.5150895
ISIC_0064589,7.711342,11.005539
ISIC_0064592,7.509343,7.2022095
ISIC_0064606,9.441155,11.599615
ISIC_0064611,8.970937,6.2548213
ISIC_0064619,7.8115063,11.226496
ISIC_0064623,9.523855,11.11662
ISIC_0064632,7.720794,5.8272333
ISIC_0064633,11.023638,10.44283
ISIC_0064645,7.436398,10.162358
ISIC_0064646,11.026786,10.725464
ISIC_0064656,12.242775,6.6331816
ISIC_0064660,11.694275,9.325479
ISIC_0064667,5.4696045,9.013075
ISIC_0064668,11.311075,10.913652
ISIC_0064672,7.986477,5.6356134
ISIC_0064676,8.842339,6.0306573
ISIC_0064686,7.778776,5.85504
ISIC_0064689,11.7794075,9.343022
ISIC_0064692,9.030858,6.2663417
ISIC_0064693,9.141815,6.2489266
ISIC_0064694,6.8214273,9.096636
ISIC_0064721,7.6422424,5.841792
ISIC_0064730,7.9392767,10.714745
ISIC_0064732,7.2501645,7.632542
ISIC_0064739,10.146823,11.001453
ISIC_0064742,12.175365,6.598594
ISIC_0064752,6.120203,9.13906
ISIC_0064759,8.011605,10.99778
ISIC_0064784,8.927037,12.387292
ISIC_0064800,9.381745,9.211401
ISIC_0064804,7.6575913,6.0998173
ISIC_0064816,6.8581,7.0582066
ISIC_0064821,7.513216,7.2229457
ISIC_0064822,12.694656,7.3238435
ISIC_0064823,9.048635,11.649513
ISIC_0064825,7.3768377,6.5018973
ISIC_0064829,6.625374,7.950612
ISIC_0064835,13.514745,7.114837
ISIC_0064836,10.527375,8.947791
ISIC_0064840,8.818503,5.3730493
ISIC_0064849,6.6315417,9.365147
ISIC_0064860,9.240393,11.574378
ISIC_0064868,8.617562,6.172954
ISIC_0064874,12.165893,6.9765835
ISIC_0064875,9.4786005,12.190969
ISIC_0064881,8.636344,5.6264515
ISIC_0064887,6.8694243,6.873548
ISIC_0064905,7.704513,11.0532465
ISIC_0064907,10.798429,10.876697
ISIC_0064909,8.196676,11.386293
ISIC_0064910,7.6341906,6.21527
ISIC_0064919,8.310153,10.371906
ISIC_0064921,7.1342874,6.1397557
ISIC_0064925,8.518135,11.931017
ISIC_0064926,7.1763983,8.044576
ISIC_0064927,12.927283,7.8937387
ISIC_0064929,12.549495,7.292916
ISIC_0064933,7.724473,7.2209463
ISIC_0064936,9.360684,6.1695867
ISIC_0064941,8.517154,11.961036
ISIC_0064943,9.561063,9.563464
ISIC_0064949,8.087917,10.516555
ISIC_0064965,8.5223,5.598432
ISIC_0064982,8.1297035,5.665444
ISIC_0064983,5.8540163,8.04199
ISIC_0064986,7.1249905,9.124719
ISIC_0064990,6.320921,9.175157
ISIC_0064992,8.850641,5.839234
ISIC_0064993,6.816217,8.399542
ISIC_0064997,7.4107885,6.8484445
ISIC_0065001,13.293275,9.601378
ISIC_0065008,8.753747,11.437006
ISIC_0065013,9.050641,11.625258
ISIC_0065022,11.270051,8.2106495
ISIC_0065023,8.758182,10.902103
ISIC_0065025,6.5353184,7.9421525
ISIC_0065026,5.414678,8.351301
ISIC_0065036,10.71294,10.733319
ISIC_0065039,13.593992,7.542045
ISIC_0065046,7.8056045,7.190812
ISIC_0065057,10.939428,9.241313
ISIC_0065059,8.00235,10.921073
ISIC_0065066,9.762477,10.82345
ISIC_0065099,10.604827,10.615323
ISIC_0065100,7.9841676,6.637774
ISIC_0065106,10.307065,11.23589
ISIC_0065109,7.220018,6.9568305
ISIC_0065128,11.435376,9.358441
ISIC_0065132,8.827073,6.2689104
ISIC_0065142,8.850854,5.764103
ISIC_0065159,9.760786,10.8649435
ISIC_0065168,11.000604,10.105933
ISIC_0065171,12.928538,7.3692493
ISIC_0065173,6.3070006,7.973527
ISIC_0065186,5.81737,8.047125
ISIC_0065191,10.809109,10.47244
ISIC_0065192,11.47371,9.69212
ISIC_0065195,5.942004,8.3673725
ISIC_0065206,13.318096,7.736451
ISIC_0065210,9.104865,6.2693405
ISIC_0065213,10.550717,11.88936
ISIC_0065215,9.93283,10.482462
ISIC_0065230,7.187456,7.691292
ISIC_0065235,9.485521,6.3921175
ISIC_0065236,11.452995,8.908682
ISIC_0065248,7.6274767,6.8113084
ISIC_0065253,13.495377,9.09249
ISIC_0065265,8.176209,5.7672496
ISIC_0065267,9.922809,9.601703
ISIC_0065278,10.671052,8.366295
ISIC_0065283,13.271034,11.749318
ISIC_0065305,12.405768,9.4588175
ISIC_0065307,10.151164,11.330827
ISIC_0065311,9.445692,9.254983
ISIC_0065313,7.7701077,9.224078
ISIC_0065315,8.46043,5.7890024
ISIC_0065341,11.510088,8.071084
ISIC_0065347,12.237509,10.31197
ISIC_0065351,12.314969,9.480331
ISIC_0065363,9.966554,10.981846
ISIC_0065367,5.065785,8.606288
ISIC_0065379,7.9654694,10.894853
ISIC_0065382,9.5020075,12.622766
ISIC_0065398,13.111722,9.1335
ISIC_0065402,8.080345,5.716007
ISIC_0065408,12.149409,8.790643
ISIC_0065417,5.61877,8.1609955
ISIC_0065431,7.437633,6.5983295
ISIC_0065434,8.950627,10.453002
ISIC_0065443,11.274819,7.032731
ISIC_0065446,8.192482,9.621719
ISIC_0065448,11.701832,9.790763
ISIC_0065449,6.809891,9.271083
ISIC_0065463,9.325066,11.929974
ISIC_0065477,9.676401,11.103699
ISIC_0065507,7.2135477,7.71965
ISIC_0065512,7.426896,10.169296
ISIC_0065513,5.502443,6.6163
ISIC_0065516,9.682144,11.337894
ISIC_0065518,9.891004,6.563746
ISIC_0065521,9.22713,9.726036
ISIC_0065523,10.271766,10.826892
ISIC_0065525,12.052002,10.545799
ISIC_0065531,12.906356,7.2053986
ISIC_0065532,10.853006,6.0170984
ISIC_0065533,7.465381,7.311887
ISIC_0065535,7.118398,9.796538
ISIC_0065539,10.643126,7.054019
ISIC_0065571,10.034709,10.9278555
ISIC_0065576,7.751958,6.722374
ISIC_0065577,8.56476,5.314807
ISIC_0065582,9.420176,11.151378
ISIC_0065590,13.433475,7.173802
ISIC_0065597,10.784852,8.862327
ISIC_0065598,9.095276,5.486036
ISIC_0065615,8.392122,10.214629
ISIC_0065618,9.459205,11.156713
ISIC_0065622,7.97749,10.994944
ISIC_0065627,7.1216226,9.677091
ISIC_0065644,7.1105947,10.017449
ISIC_0065655,10.732526,12.551138
ISIC_0065658,7.8566537,9.362034
ISIC_0065668,6.170226,8.241838
ISIC_0065671,8.430331,6.292332
ISIC_0065675,12.431828,8.215648
ISIC_0065694,7.454901,6.5141125
ISIC_0065697,10.704169,10.25328
ISIC_0065698,6.5996013,9.490092
ISIC_0065709,10.683164,12.31983
ISIC_0065714,9.269597,11.977501
ISIC_0065727,9.360849,10.638027
ISIC_0065740,9.634652,9.783214
ISIC_0065742,11.309372,8.384678
ISIC_0065746,7.6029897,9.45825
ISIC_0065748,5.023317,8.622588
ISIC_0065760,7.2563252,7.6129203
ISIC_0065767,9.2730055,6.426335
ISIC_0065774,8.930413,10.786956
ISIC_0065775,8.316839,10.892087
ISIC_0065781,9.320357,5.484712
ISIC_0065786,8.142686,6.9389734
ISIC_0065788,7.184918,6.290908
ISIC_0065801,9.143357,5.724083
ISIC_0065806,10.242447,11.114818
ISIC_0065807,8.237875,9.363889
ISIC_0065813,11.577134,8.721622
ISIC_0065823,11.40224,8.900487
ISIC_0065825,9.8328285,10.533776
ISIC_0065843,7.6785483,5.985376
ISIC_0065853,8.133799,5.8160114
ISIC_0065858,9.687208,10.597658
ISIC_0065869,7.5700874,5.9447713
ISIC_0065870,13.485653,7.785388
ISIC_0065872,8.76936,12.3306
ISIC_0065889,8.55071,6.1691427
ISIC_0065895,6.87583,8.968857
ISIC_0065904,10.389462,11.625461
ISIC_0065918,10.492324,11.071846
ISIC_0065927,9.352957,5.320974
ISIC_0065928,10.548068,11.767302
ISIC_0065932,9.927895,9.472084
ISIC_0065943,8.113379,7.13571
ISIC_0065944,8.057061,7.6839647
ISIC_0065945,5.4012184,6.512712
ISIC_0065961,13.491419,8.884852
ISIC_0065969,11.264963,7.5733395
ISIC_0065974,9.116738,11.85629
ISIC_0065997,8.039155,10.945353
ISIC_0066001,9.930078,11.058199
ISIC_0066019,7.591122,10.247079
ISIC_0066047,8.243099,5.9698167
ISIC_0066058,6.6051803,7.6393
ISIC_0066061,8.486804,11.561038
ISIC_0066066,8.996736,6.0904617
ISIC_0066069,10.800357,10.873004
ISIC_0066075,7.288551,8.447948
ISIC_0066085,11.83635,9.259222
ISIC_0066093,8.032457,6.708018
ISIC_0066094,9.20537,11.302052
ISIC_0066098,9.379753,5.7257586
ISIC_0066101,6.0354037,8.80355
ISIC_0066102,10.131615,10.665379
ISIC_0066106,10.104986,12.807305
ISIC_0066109,8.102934,5.811866
ISIC_0066116,10.914674,10.09554
ISIC_0066124,7.4739795,6.8926077
ISIC_0066127,9.12986,6.259765
ISIC_0066136,9.2369375,6.2895446
ISIC_0066143,12.374486,6.9238834
ISIC_0066146,7.775888,10.756041
ISIC_0066154,6.7462893,8.398439
ISIC_0066161,10.491189,9.29002
ISIC_0066165,12.815817,7.7070727
ISIC_0066181,7.8565,6.074262
ISIC_0066185,7.747506,10.738225
ISIC_0066191,7.294997,7.5752554
ISIC_0066200,8.485793,9.992675
ISIC_0066203,9.362853,11.426181
ISIC_0066204,10.901055,6.0125933
ISIC_0066209,12.108398,7.073326
ISIC_0066217,9.331958,11.786616
ISIC_0066226,6.5542436,9.531724
ISIC_0066244,9.419159,12.356999
ISIC_0066289,12.35549,8.705643
ISIC_0066307,8.591917,5.339412
ISIC_0066308,6.7651653,9.169592
ISIC_0066316,13.514854,7.101222
ISIC_0066320,9.180712,5.4846277
ISIC_0066325,8.341565,11.15417
ISIC_0066332,8.077036,5.680567
ISIC_0066336,9.881946,10.739572
ISIC_0066338,9.120803,5.5111856
ISIC_0066350,10.439166,10.764285
ISIC_0066352,9.306691,5.0493636
ISIC_0066358,9.959465,9.40294
ISIC_0066359,9.157573,9.608647
ISIC_0066375,10.461825,9.303275
ISIC_0066376,8.82351,11.9492235
ISIC_0066378,7.4128504,9.652232
ISIC_0066379,9.280101,12.311077
ISIC_0066382,9.93271,11.375704
ISIC_0066384,7.567286,6.450138
ISIC_0066390,7.1927276,7.011092
ISIC_0066394,7.2651725,6.9660125
ISIC_0066399,10.778138,12.482127
ISIC_0066401,8.4691105,10.973676
ISIC_0066403,9.367217,5.6953816
ISIC_0066412,8.525451,5.7335315
ISIC_0066422,6.009928,8.85552
ISIC_0066423,11.45493,7.5117044
ISIC_0066426,8.084811,10.940186
ISIC_0066428,8.363505,6.480804
ISIC_0066430,9.388195,11.197226
ISIC_0066448,9.039011,6.3402696
ISIC_0066470,12.769537,6.542086
ISIC_0066476,7.3602104,5.983847
ISIC_0066481,9.308231,5.0371923
ISIC_0066483,7.847983,9.344506
ISIC_0066492,10.890628,7.373422
ISIC_0066497,9.048899,10.936128
ISIC_0066499,8.100533,5.561344
ISIC_0066500,8.015332,12.188943
ISIC_0066505,5.768585,8.2694235
ISIC_0066506,7.396535,6.5869865
ISIC_0066515,12.612482,8.842336
ISIC_0066516,7.6153364,10.227875
ISIC_0066518,7.8230176,9.312729
ISIC_0066519,7.350374,6.1233087
ISIC_0066520,7.68213,11.009559
ISIC_0066532,11.98074,8.221903
ISIC_0066533,10.41822,11.035365
ISIC_0066535,8.220258,6.338747
ISIC_0066560,8.225847,10.226595
ISIC_0066564,10.309662,8.737908
ISIC_0066568,8.075719,5.698311
ISIC_0066588,8.525627,5.7215085
ISIC_0066589,8.952761,6.0738783
ISIC_0066593,10.554036,8.491028
ISIC_0066603,8.925051,11.044954
ISIC_0066609,7.9890037,6.7188454
ISIC_0066612,12.570439,6.865982
ISIC_0066613,5.741727,7.9462724
ISIC_0066626,9.592911,5.799681
ISIC_0066627,7.6760545,10.288345
ISIC_0066629,6.2575917,9.21687
ISIC_0066631,10.547398,10.932227
ISIC_0066633,10.203079,11.176609
ISIC_0066637,13.594661,9.291345
ISIC_0066649,6.7212615,8.376583
ISIC_0066650,13.692645,7.97735
ISIC_0066662,7.193586,7.5982943
ISIC_0066671,9.160741,10.884961
ISIC_0066678,12.600653,8.174268
ISIC_0066690,6.2030582,9.069626
ISIC_0066693,7.021254,6.092785
ISIC_0066710,9.466445,11.230495
ISIC_0066716,6.069373,9.114239
ISIC_0066722,9.142967,10.656329
ISIC_0066733,12.686084,8.082063
ISIC_0066744,10.227513,9.753404
ISIC_0066750,11.507627,8.892776
ISIC_0066756,8.007036,9.4242115
ISIC_0066766,10.523416,10.463774
ISIC_0066767,8.154428,6.2868485
ISIC_0066769,10.388305,11.018602
ISIC_0066776,10.519132,10.157446
ISIC_0066783,9.084723,12.064564
ISIC_0066792,7.093993,9.5559025
ISIC_0066802,6.739937,9.331085
ISIC_0066811,7.187599,7.7766504
ISIC_0066815,6.3217473,9.17833
ISIC_0066844,8.093662,10.293709
ISIC_0066845,9.228145,10.819566
ISIC_0066848,7.659878,6.668111
ISIC_0066854,8.027742,5.631573
ISIC_0066855,12.968489,9.467174
ISIC_0066860,8.172295,5.9063773
ISIC_0066863,10.905276,11.519426
ISIC_0066865,6.948031,8.592724
ISIC_0066867,8.3200865,10.094801
ISIC_0066869,12.583095,8.841371
ISIC_0066882,11.115962,10.418421
ISIC_0066886,7.914942,6.4873137
ISIC_0066907,10.825651,5.9827824
ISIC_0066910,6.752608,8.358542
ISIC_0066918,7.682618,6.765686
ISIC_0066921,6.944762,9.978915
ISIC_0066927,7.414249,9.579888
ISIC_0066931,13.288119,8.324019
ISIC_0066933,7.2095513,7.6988907
ISIC_0066935,6.538614,8.572343
ISIC_0066947,9.322571,11.191525
ISIC_0066952,7.241915,10.057243
ISIC_0066969,8.4632435,10.915772
ISIC_0066977,7.458575,7.0427637
ISIC_0066994,7.2040524,7.7408633
ISIC_0067005,5.7723336,8.005862
ISIC_0067008,9.280659,11.081892
ISIC_0067009,11.189794,7.34031
ISIC_0067054,12.462646,7.4897523
ISIC_0067062,6.319967,9.235411
ISIC_0067069,11.535297,11.9317045
ISIC_0067083,11.6193495,8.738477
ISIC_0067101,6.719517,9.286459
ISIC_0067120,11.758909,6.747172
ISIC_0067126,8.215782,10.723456
ISIC_0067129,7.189355,10.44509
ISIC_0067134,9.1528425,10.855618
ISIC_0067151,8.059942,11.005156
ISIC_0067159,13.328064,9.206905
ISIC_0067160,13.276926,11.756468
ISIC_0067167,7.34077,10.027187
ISIC_0067171,6.902144,6.8181753
ISIC_0067188,8.984245,6.1663995
ISIC_0067191,7.1557307,6.140745
ISIC_0067193,9.969386,9.428387
ISIC_0067194,12.618115,10.667187
ISIC_0067197,9.717564,12.6362915
ISIC_0067200,8.663318,5.6172442
ISIC_0067202,11.64782,6.988013
ISIC_0067206,8.761659,12.344105
ISIC_0067208,9.894744,11.6795225
ISIC_0067210,12.025222,9.208443
ISIC_0067225,4.9481907,8.841797
ISIC_0067233,7.0301967,8.278412
ISIC_0067235,13.299266,7.562674
ISIC_0067240,7.0964713,6.774639
ISIC_0067248,6.6543283,9.708784
ISIC_0067253,12.389488,7.5943484
ISIC_0067274,10.644459,9.599264
ISIC_0067276,10.5303755,10.670624
ISIC_0067284,8.87279,5.964758
ISIC_0067308,7.7462916,6.449263
ISIC_0067317,9.061755,5.639344
ISIC_0067318,8.44722,5.5597486
ISIC_0067325,6.9912705,9.714853
ISIC_0067333,8.317701,6.7297416
ISIC_0067335,8.182189,6.9107447
ISIC_0067339,8.2539015,10.772638
ISIC_0067347,9.172834,5.56067
ISIC_0067350,13.533912,7.8318152
ISIC_0067353,9.803335,10.577326
ISIC_0067365,7.0029078,9.66261
ISIC_0067367,9.517766,10.533029
ISIC_0067375,7.7230916,5.8066516
ISIC_0067395,9.6996765,11.74677
ISIC_0067404,11.30272,11.750846
ISIC_0067405,9.928793,11.634442
ISIC_0067417,9.316648,5.4583483
ISIC_0067418,8.4568,6.0877223
ISIC_0067438,10.723251,12.329479
ISIC_0067443,11.969757,6.857799
ISIC_0067452,6.9691095,8.429579
ISIC_0067458,13.295875,6.8342776
ISIC_0067460,5.4973183,9.0127535
ISIC_0067461,7.4755745,7.076565
ISIC_0067466,5.440063,8.353516
ISIC_0067485,13.274522,11.758556
ISIC_0067488,11.4006195,11.587578
ISIC_0067489,9.449941,11.661434
ISIC_0067495,8.632826,11.358541
ISIC_0067502,9.608495,10.903857
ISIC_0067504,9.745453,11.083958
ISIC_0067510,7.2258253,9.469272
ISIC_0067511,9.719866,11.245357
ISIC_0067513,8.502611,11.940473
ISIC_0067515,7.150731,9.319781
ISIC_0067518,8.712979,10.843119
ISIC_0067521,12.300803,8.175631
ISIC_0067534,11.947588,8.48829
ISIC_0067536,7.7957716,10.142632
ISIC_0067543,9.909593,8.610116
ISIC_0067549,12.665607,6.9891887
ISIC_0067553,8.853663,11.662087
ISIC_0067564,10.813982,12.615439
ISIC_0067565,9.489444,6.3962293
ISIC_0067566,10.0577755,12.781173
ISIC_0067576,7.1969123,7.4853897
ISIC_0067577,8.670121,5.642803
ISIC_0067598,13.62237,7.7763357
ISIC_0067601,12.164185,8.072616
ISIC_0067602,11.910803,5.1367974
ISIC_0067619,4.952127,8.878966
ISIC_0067625,7.363159,6.115169
ISIC_0067629,9.38491,11.912651
ISIC_0067630,5.640826,8.594776
ISIC_0067636,10.688127,10.3356
ISIC_0067653,9.956701,11.609326
ISIC_0067655,7.568931,10.145887
ISIC_0067667,9.323151,9.230702
ISIC_0067671,7.159895,6.2301044
ISIC_0067685,9.1734,11.336895
ISIC_0067689,8.002811,12.191073
ISIC_0067695,12.606885,8.216379
ISIC_0067696,7.107175,9.431327
ISIC_0067697,10.274258,12.893654
ISIC_0067704,8.79726,5.564001
ISIC_0067711,7.5255094,10.690935
ISIC_0067716,9.285057,5.4064565
ISIC_0067719,7.554072,9.751432
ISIC_0067722,6.0025306,8.03978
ISIC_0067731,9.528912,11.239824
ISIC_0067733,9.419742,6.376157
ISIC_0067743,8.792369,10.755464
ISIC_0067747,9.844725,10.189924
ISIC_0067756,7.245452,6.7920766
ISIC_0067757,8.221087,11.433377
ISIC_0067758,9.901439,11.640862
ISIC_0067776,7.203468,7.0527463
ISIC_0067782,8.089595,10.498546
ISIC_0067789,8.887441,10.724181
ISIC_0067798,10.300076,11.845203
ISIC_0067804,11.840764,8.034867
ISIC_0067805,11.178436,10.767051
ISIC_0067808,9.446797,11.370373
ISIC_0067816,6.770542,8.313661
ISIC_0067821,10.665328,10.838934
ISIC_0067825,6.0801954,8.010387
ISIC_0067830,11.188086,11.08857
ISIC_0067831,5.7578974,8.106677
ISIC_0067836,6.8595247,6.869107
ISIC_0067843,7.3056636,9.088314
ISIC_0067845,7.987701,6.477362
ISIC_0067847,9.444406,9.375701
ISIC_0067849,13.008674,7.475959
ISIC_0067857,12.452531,8.239989
ISIC_0067873,9.93237,9.392676
ISIC_0067885,10.266231,11.42518
ISIC_0067889,9.3395815,12.034606
ISIC_0067890,10.006613,9.857481
ISIC_0067891,8.518234,6.5778103
ISIC_0067893,10.418868,9.065598
ISIC_0067896,8.05588,7.58305
ISIC_0067897,7.915062,10.851371
ISIC_0067902,10.03375,8.8739
ISIC_0067905,13.013897,9.493876
ISIC_0067933,8.44903,6.1841283
ISIC_0067934,7.284745,6.012761
ISIC_0067947,8.355318,11.427614
ISIC_0067949,10.804949,12.348556
ISIC_0067952,10.451941,12.645961
ISIC_0067953,10.232204,11.617767
ISIC_0067960,7.8522224,5.872514
ISIC_0067969,10.548016,11.146727
ISIC_0067972,8.763971,6.254436
ISIC_0067979,7.729467,6.6635523
ISIC_0068000,11.399602,8.443496
ISIC_0068003,5.247405,8.699115
ISIC_0068011,8.01854,10.942808
ISIC_0068012,11.704678,12.12396
ISIC_0068013,9.195303,11.239037
ISIC_0068015,12.543633,11.537166
ISIC_0068023,7.3649206,9.61192
ISIC_0068043,9.286776,11.789814
ISIC_0068048,13.289498,11.763796
ISIC_0068055,7.355944,6.453296
ISIC_0068060,11.911185,5.135009
ISIC_0068064,5.787352,8.027737
ISIC_0068069,6.453784,9.700137
ISIC_0068073,7.272977,6.2776136
ISIC_0068080,7.1913424,7.0376306
ISIC_0068107,6.83516,8.726277
ISIC_0068114,6.681942,9.753116
ISIC_0068117,7.5754313,5.945672
ISIC_0068118,9.2230015,6.278679
ISIC_0068119,7.8240275,5.7949233
ISIC_0068121,7.3949833,10.21018
ISIC_0068128,13.27877,11.76039
ISIC_0068129,7.9642663,5.8646574
ISIC_0068137,12.613821,7.3933387
ISIC_0068143,7.196274,9.074158
ISIC_0068152,11.810194,9.844079
ISIC_0068153,6.8194466,8.753219
ISIC_0068164,8.136635,6.9849577
ISIC_0068166,8.786923,5.5627055
ISIC_0068178,10.774788,12.718002
ISIC_0068188,9.168763,6.2710037
ISIC_0068189,9.06454,11.649202
ISIC_0068200,10.465684,8.392957
ISIC_0068202,12.980664,6.8877525
ISIC_0068206,6.554616,7.5486193
ISIC_0068209,10.592284,9.14619
ISIC_0068211,7.209209,7.7026086
ISIC_0068218,10.523504,11.731619
ISIC_0068227,10.209668,10.593346
ISIC_0068233,8.115811,6.4747214
ISIC_0068234,5.411683,8.338287
ISIC_0068239,10.518724,11.199172
ISIC_0068247,8.962104,10.533307
ISIC_0068252,11.041754,11.929986
ISIC_0068273,8.71938,5.5838714
ISIC_0068275,6.542731,9.464863
ISIC_0068276,9.425378,9.164319
ISIC_0068282,13.27755,7.305643
ISIC_0068290,10.521071,12.835756
ISIC_0068291,8.829221,6.6039324
ISIC_0068294,7.545818,9.604487
ISIC_0068299,6.149173,8.200896
ISIC_0068303,10.8508415,8.427738
ISIC_0068315,9.232851,9.192472
ISIC_0068318,8.439388,6.235968
ISIC_0068321,11.25267,11.809862
ISIC_0068331,7.7164235,6.0718
ISIC_0068343,5.3252435,8.810396
ISIC_0068347,6.538216,9.635672
ISIC_0068382,13.41223,7.6051564
ISIC_0068383,9.254031,11.6261835
ISIC_0068385,7.3393226,6.571787
ISIC_0068393,7.230999,6.05924
ISIC_0068396,7.6774225,6.727926
ISIC_0068403,7.897012,10.8357935
ISIC_0068407,11.828895,9.042252
ISIC_0068411,8.879543,11.62968
ISIC_0068427,10.365759,9.096874
ISIC_0068438,6.176432,8.2028
ISIC_0068452,11.913393,5.1285977
ISIC_0068460,10.795051,12.497229
ISIC_0068463,7.1856,7.2987037
ISIC_0068465,12.675203,9.306501
ISIC_0068468,13.074938,9.466741
ISIC_0068488,6.520848,8.581349
ISIC_0068513,11.397413,12.100062
ISIC_0068524,7.469391,6.5104117
ISIC_0068527,8.938825,10.454907
ISIC_0068528,8.106303,9.743026
ISIC_0068537,8.532385,5.79087
ISIC_0068555,8.9015665,10.672399
ISIC_0068560,12.090348,8.549718
ISIC_0068576,12.468413,7.37526
ISIC_0068578,13.291972,9.606244
ISIC_0068581,9.423175,11.946694
ISIC_0068583,8.259645,5.777362
ISIC_0068584,7.683691,7.1441183
ISIC_0068586,9.632562,11.743899
ISIC_0068609,7.0544353,6.652631
ISIC_0068614,5.017705,8.629342
ISIC_0068616,6.6048975,7.6263547
ISIC_0068617,7.131774,9.574641
ISIC_0068627,8.84115,5.6755333
ISIC_0068628,9.9724245,11.275877
ISIC_0068629,5.0936384,8.56983
ISIC_0068633,8.664311,6.185337
ISIC_0068638,9.993278,10.871251
ISIC_0068660,9.970374,9.250183
ISIC_0068682,12.41075,9.456961
ISIC_0068700,13.147373,7.5172024
ISIC_0068715,8.5786295,9.642433
ISIC_0068717,7.464743,5.9981117
ISIC_0068721,10.725197,12.687644
ISIC_0068727,11.176823,10.339567
ISIC_0068730,7.4677267,6.8825502
ISIC_0068744,8.826584,12.377001
ISIC_0068747,9.585422,10.700448
ISIC_0068759,5.805456,8.053086
ISIC_0068760,9.30707,10.605694
ISIC_0068761,9.427089,10.516837
ISIC_0068766,10.581438,8.268576
ISIC_0068776,9.305397,5.416992
ISIC_0068778,8.453301,11.458475
ISIC_0068800,8.049993,5.599335
ISIC_0068808,8.204213,6.497051
ISIC_0068817,6.8781285,9.78787
ISIC_0068818,9.459058,9.0028925
ISIC_0068819,6.9093223,9.375918
ISIC_0068840,7.4176025,7.0086265
ISIC_0068850,7.329599,5.9923406
ISIC_0068851,6.7948036,8.415025
ISIC_0068874,9.997223,11.68684
ISIC_0068881,6.4089375,7.7483225
ISIC_0068882,10.761415,11.965728
ISIC_0068884,8.524677,10.64623
ISIC_0068895,8.891568,11.994684
ISIC_0068897,11.386662,10.15162
ISIC_0068900,10.47006,8.649842
ISIC_0068905,7.3873396,9.63636
ISIC_0068907,9.252361,9.201195
ISIC_0068911,9.163536,11.697907
ISIC_0068917,6.380186,9.252248
ISIC_0068921,7.212552,6.0564094
ISIC_0068924,9.570054,12.091567
ISIC_0068928,6.051756,8.012958
ISIC_0068929,11.911396,5.1341424
ISIC_0068931,9.255321,5.073985
ISIC_0068936,5.127837,8.537676
ISIC_0068941,5.4976697,8.31684
ISIC_0068961,8.402695,6.2564945
ISIC_0068962,7.041131,9.769357
ISIC_0068966,11.853617,9.347671
ISIC_0068975,12.473062,7.450744
ISIC_0068979,7.0217857,6.216973
ISIC_0068981,12.893273,8.247215
ISIC_0068993,13.276957,9.892747
ISIC_0069003,8.028812,5.7567797
ISIC_0069008,6.6833935,9.698961
ISIC_0069024,7.7613697,6.7936864
ISIC_0069028,11.099482,10.424959
ISIC_0069029,12.116595,7.1198497
ISIC_0069042,12.525221,7.2070823
ISIC_0069058,10.455988,11.184583
ISIC_0069059,7.433136,6.34417
ISIC_0069062,9.317137,5.0452857
ISIC_0069065,5.8122797,8.082024
ISIC_0069068,10.878293,8.749254
ISIC_0069070,10.668205,12.7407675
ISIC_0069072,9.658706,10.872509
ISIC_0069076,9.462643,10.761876
ISIC_0069077,10.918522,5.958754
ISIC_0069091,7.3490863,7.019644
ISIC_0069093,9.761922,9.167069
ISIC_0069102,8.942998,5.2467175
ISIC_0069105,9.381884,6.3667183
ISIC_0069108,12.844595,7.1958346
ISIC_0069112,8.604892,11.945021
ISIC_0069119,7.2297974,9.372168
ISIC_0069148,9.899842,11.709162
ISIC_0069156,10.762799,10.869514
ISIC_0069158,11.603185,8.056518
ISIC_0069165,10.71435,10.339333
ISIC_0069167,9.471324,6.3882294
ISIC_0069179,8.142141,9.271387
ISIC_0069192,8.897992,10.697581
ISIC_0069197,7.7795677,10.16675
ISIC_0069199,7.944327,9.941102
ISIC_0069204,9.013624,5.6623874
ISIC_0069210,11.41963,9.426595
ISIC_0069230,11.153524,11.289772
ISIC_0069238,7.0555577,7.1533213
ISIC_0069245,10.660142,8.486995
ISIC_0069246,7.389464,9.469044
ISIC_0069248,8.49747,11.01661
ISIC_0069257,13.695769,7.8770313
ISIC_0069262,10.020503,9.293137
ISIC_0069264,9.77737,9.667989
ISIC_0069267,8.631378,6.029746
ISIC_0069273,8.671586,6.055947
ISIC_0069277,7.6061745,9.318424
ISIC_0069292,10.708945,12.449527
ISIC_0069293,9.469264,9.014724
ISIC_0069315,7.2220426,7.675514
ISIC_0069358,11.494696,10.768905
ISIC_0069361,5.5011935,6.6150985
ISIC_0069365,11.305718,8.868751
ISIC_0069369,7.545781,5.848088
ISIC_0069380,10.693964,8.795434
ISIC_0069385,12.823332,7.0260944
ISIC_0069386,7.510684,5.9281216
ISIC_0069391,12.065736,8.618085
ISIC_0069395,9.491298,6.387396
ISIC_0069402,11.668865,6.6850443
ISIC_0069411,7.362386,9.600235
ISIC_0069416,7.1602564,7.893643
ISIC_0069432,10.524791,11.830436
ISIC_0069437,8.1054945,6.3073583
ISIC_0069457,6.924187,8.538216
ISIC_0069459,10.807365,11.989283
ISIC_0069466,8.964288,10.470669
ISIC_0069473,7.043961,8.564566
ISIC_0069475,7.8501954,9.27453
ISIC_0069479,8.22871,6.913276
ISIC_0069481,8.703702,11.087595
ISIC_0069488,12.270781,7.6503634
ISIC_0069504,9.133527,5.4290323
ISIC_0069508,9.824423,11.397677
ISIC_0069509,9.1831665,10.102936
ISIC_0069511,10.629695,8.48125
ISIC_0069514,7.2121477,7.0398107
ISIC_0069515,8.795596,5.3241353
ISIC_0069536,10.050756,12.811197
ISIC_0069540,9.318061,9.224522
ISIC_0069573,10.775566,12.531664
ISIC_0069583,10.067549,9.982695
ISIC_0069591,8.812607,11.018805
ISIC_0069592,4.9479103,8.89371
ISIC_0069595,8.109692,9.456182
ISIC_0069617,12.3053875,9.183978
ISIC_0069620,8.770799,10.717818
ISIC_0069622,8.176975,6.8991294
ISIC_0069624,8.789636,5.312701
ISIC_0069626,9.1237,5.522325
ISIC_0069635,6.6056633,7.6379557
ISIC_0069638,6.455118,7.716027
ISIC_0069657,9.49089,6.2306046
ISIC_0069660,13.162879,7.3460712
ISIC_0069668,9.085572,10.975811
ISIC_0069669,7.136695,9.533828
ISIC_0069671,9.2019825,9.453839
ISIC_0069705,9.434166,11.943908
ISIC_0069727,12.439143,8.075111
ISIC_0069733,7.1470113,7.760661
ISIC_0069736,9.866895,11.699074
ISIC_0069743,12.365839,7.920562
ISIC_0069747,7.757602,5.7739425
ISIC_0069775,7.9629297,7.0756903
ISIC_0069791,9.861886,8.652803
ISIC_0069810,6.1359825,9.175514
ISIC_0069819,10.872871,11.5434475
ISIC_0069821,8.440439,6.0487638
ISIC_0069833,12.389235,7.8371196
ISIC_0069841,12.28421,9.173764
ISIC_0069851,10.885874,5.9290824
ISIC_0069859,5.7233787,7.934617
ISIC_0069860,8.821831,6.1116037
ISIC_0069864,9.458918,12.2001
ISIC_0069873,7.237133,7.5671883
ISIC_0069889,7.228369,6.9609184
ISIC_0069891,9.493638,12.543089
ISIC_0069908,9.51988,12.074245
ISIC_0069918,9.395932,11.749124
ISIC_0069920,6.7238812,8.418744
ISIC_0069922,7.1927886,8.583485
ISIC_0069929,8.02138,10.986792
ISIC_0069946,6.5698605,7.6926184
ISIC_0069951,10.567751,11.773602
ISIC_0069958,7.4824767,7.081224
ISIC_0069967,9.419614,10.595711
ISIC_0069970,8.598658,11.28593
ISIC_0069977,7.329897,6.0509963
ISIC_0069984,9.501136,12.168174
ISIC_0069986,6.6055613,7.953028
ISIC_0069988,5.806593,8.218067
ISIC_0069995,11.9716015,8.3766985
ISIC_0070006,7.9365892,10.883686
ISIC_0070012,7.122671,8.972684
ISIC_0070017,8.2252,5.9213114
ISIC_0070018,5.036521,8.6095915
ISIC_0070032,6.8696914,6.849446
ISIC_0070045,9.601913,10.887221
ISIC_0070049,7.0172577,6.619784
ISIC_0070050,11.322728,11.729706
ISIC_0070051,8.978028,9.471058
ISIC_0070061,8.456505,5.7816505
ISIC_0070068,10.841762,9.175649
ISIC_0070089,6.180945,9.252085
ISIC_0070092,9.7105055,10.46071
ISIC_0070093,11.910884,5.136107
ISIC_0070095,9.31301,5.024465
ISIC_0070105,12.32558,6.4129386
ISIC_0070107,10.46242,7.1682997
ISIC_0070108,8.616984,10.744557
ISIC_0070109,6.0454116,7.9956675
ISIC_0070110,9.987717,9.304749
ISIC_0070114,10.923606,9.111743
ISIC_0070120,8.031164,10.951956
ISIC_0070123,9.462763,6.243932
ISIC_0070129,11.652398,8.843077
ISIC_0070137,8.884789,11.953918
ISIC_0070139,9.634734,9.913594
ISIC_0070141,9.298845,5.043261
ISIC_0070149,7.3664684,10.753759
ISIC_0070170,7.098059,8.940271
ISIC_0070172,11.576175,6.760968
ISIC_0070207,7.756468,7.293154
ISIC_0070215,9.306737,11.757389
ISIC_0070217,11.19348,8.480142
ISIC_0070220,7.440898,8.10748
ISIC_0070227,10.65484,7.0438976
ISIC_0070235,10.745651,11.873525
ISIC_0070248,10.293436,7.565178
ISIC_0070250,11.994019,8.174476
ISIC_0070253,11.039039,9.276329
ISIC_0070262,10.754206,5.926908
ISIC_0070274,12.24729,9.144749
ISIC_0070303,7.0061965,8.649898
ISIC_0070308,13.280748,11.755816
ISIC_0070313,12.390793,9.570084
ISIC_0070316,9.283062,6.421748
ISIC_0070327,6.0095263,8.306918
ISIC_0070341,11.222201,7.5213447
ISIC_0070342,8.720987,10.708639
ISIC_0070344,6.4666395,7.8141284
ISIC_0070347,7.705504,5.807887
ISIC_0070351,12.484912,11.577237
ISIC_0070352,12.744146,8.7643
ISIC_0070362,9.921477,8.608489
ISIC_0070363,9.178808,9.786417
ISIC_0070366,8.399334,10.976423
ISIC_0070371,7.1532946,7.791841
ISIC_0070374,6.1031575,8.500896
ISIC_0070380,8.779345,10.685465
ISIC_0070387,8.672882,5.733607
ISIC_0070396,13.08363,9.463875
ISIC_0070400,7.012063,9.794199
ISIC_0070403,11.810103,9.022945
ISIC_0070414,11.934107,8.308139
ISIC_0070419,11.483752,6.7230206
ISIC_0070427,7.50159,9.912288
ISIC_0070431,5.488367,8.314032
ISIC_0070433,10.954823,9.202757
ISIC_0070435,9.956254,11.620647
ISIC_0070439,10.510097,9.291303
ISIC_0070441,6.4504495,9.528817
ISIC_0070442,7.979092,6.595477
ISIC_0070446,9.294403,10.619903
ISIC_0070447,9.32539,11.870335
ISIC_0070454,11.114161,8.376809
ISIC_0070465,10.884967,5.9429092
ISIC_0070477,8.088193,6.635871
ISIC_0070480,12.621066,7.4920564
ISIC_0070489,8.29604,10.32024
ISIC_0070501,8.441586,5.9412246
ISIC_0070517,5.401513,6.513358
ISIC_0070520,13.529423,7.681903
ISIC_0070521,10.583694,9.047686
ISIC_0070549,9.129222,6.244727
ISIC_0070551,12.214019,9.572422
ISIC_0070553,12.810265,7.222305
ISIC_0070566,7.1202292,8.139692
ISIC_0070572,5.393222,6.507724
ISIC_0070578,7.978559,6.628428
ISIC_0070581,7.08198,7.8736835
ISIC_0070585,12.32451,6.9300385
ISIC_0070588,9.996232,11.3647585
ISIC_0070593,8.384234,6.0212464
ISIC_0070595,7.149894,6.246481
ISIC_0070596,7.8466053,10.887472
ISIC_0070601,9.362087,5.4819403
ISIC_0070611,9.0710125,12.083681
ISIC_0070614,10.818768,10.710714
ISIC_0070623,10.486608,8.285969
ISIC_0070629,7.5547886,6.1140895
ISIC_0070653,7.329032,7.5638685
ISIC_0070657,7.1103106,6.257119
ISIC_0070658,7.4837403,6.934745
ISIC_0070666,11.612698,10.138439
ISIC_0070689,11.505041,6.90087
ISIC_0070702,9.938075,9.273735
ISIC_0070709,6.356349,9.833837
ISIC_0070710,8.387811,11.218978
ISIC_0070711,12.65595,9.985123
ISIC_0070724,9.152474,5.4178557
ISIC_0070727,10.00078,8.326841
ISIC_0070731,11.404288,10.3406515
ISIC_0070743,6.9719443,6.475653
ISIC_0070745,10.819774,9.106007
ISIC_0070747,8.820058,11.529927
ISIC_0070752,8.922871,11.354681
ISIC_0070756,9.839783,9.812848
ISIC_0070778,11.171145,8.9252825
ISIC_0070784,9.444708,11.30667
ISIC_0070794,11.217114,7.323868
ISIC_0070799,12.043747,8.708709
ISIC_0070801,10.429089,12.798523
ISIC_0070805,12.668514,6.5798516
ISIC_0070809,11.669156,11.219393
ISIC_0070814,11.626928,8.48151
ISIC_0070815,4.9455886,8.8725815
ISIC_0070816,10.0540085,8.469371
ISIC_0070822,9.459191,9.998713
ISIC_0070837,6.7262836,9.7225065
ISIC_0070842,7.568361,6.6999083
ISIC_0070846,6.7581577,9.544738
ISIC_0070852,9.002651,6.2060995
ISIC_0070867,7.656943,6.2601886
ISIC_0070871,8.859787,11.040275
ISIC_0070886,9.532089,10.57455
ISIC_0070888,9.300223,9.422825
ISIC_0070910,7.2500114,7.899007
ISIC_0070913,7.0882645,6.1641164
ISIC_0070916,7.211754,7.6805935
ISIC_0070920,6.6442943,7.638326
ISIC_0070927,6.8407164,6.802503
ISIC_0070938,9.973293,11.528689
ISIC_0070940,10.59202,11.801756
ISIC_0070959,7.0014415,6.380419
ISIC_0070961,12.863022,9.447823
ISIC_0070973,10.884158,5.9548793
ISIC_0070974,7.701796,6.7627873
ISIC_0070976,8.108233,5.6240005
ISIC_0070984,7.849106,10.796289
ISIC_0070990,9.078404,10.441755
ISIC_0070992,12.414889,8.295996
ISIC_0070998,9.305158,11.184503
ISIC_0071006,7.00929,6.65534
ISIC_0071012,10.427322,11.111861
ISIC_0071017,12.463984,6.9728346
ISIC_0071035,10.738646,10.960181
ISIC_0071043,7.6201468,7.2654676
ISIC_0071045,9.281865,10.830659
ISIC_0071047,10.589224,12.522551
ISIC_0071048,8.970095,10.707481
ISIC_0071067,8.694484,5.2685604
ISIC_0071069,10.553619,9.099113
ISIC_0071074,8.932425,11.110599
ISIC_0071089,10.916036,11.02759
ISIC_0071095,8.798915,11.052908
ISIC_0071101,5.315901,8.811047
ISIC_0071109,4.956435,8.875165
ISIC_0071111,10.16058,10.92278
ISIC_0071119,11.446527,8.577441
ISIC_0071122,9.466394,11.341356
ISIC_0071124,11.484087,7.5054913
ISIC_0071132,9.176001,11.140956
ISIC_0071133,12.523791,8.133924
ISIC_0071134,7.582876,9.773227
ISIC_0071137,9.626173,10.934045
ISIC_0071138,8.886011,6.079277
ISIC_0071142,7.154204,7.9897256
ISIC_0071169,6.831411,9.242606
ISIC_0071176,8.195299,6.3144875
ISIC_0071178,7.5492005,5.9685955
ISIC_0071180,7.156153,9.604222
ISIC_0071196,7.041629,9.773892
ISIC_0071208,10.256321,10.589211
ISIC_0071215,9.930569,8.556393
ISIC_0071218,8.044687,6.9548154
ISIC_0071238,6.17981,9.165616
ISIC_0071240,12.76365,7.9150915
ISIC_0071245,10.85428,5.9572506
ISIC_0071253,7.077489,6.0998363
ISIC_0071257,8.664836,10.514114
ISIC_0071258,8.505284,6.283801
ISIC_0071260,11.912252,5.1376233
ISIC_0071271,8.7741,6.71458
ISIC_0071289,9.086219,10.909791
ISIC_0071290,7.0656166,6.5832515
ISIC_0071303,11.004935,10.802819
ISIC_0071311,9.310983,5.065072
ISIC_0071315,7.2134633,6.654067
ISIC_0071335,7.2362614,9.977103
ISIC_0071342,9.938504,11.675828
ISIC_0071346,8.767652,5.681384
ISIC_0071357,7.3761053,9.466372
ISIC_0071361,7.402946,9.6521435
ISIC_0071388,10.161674,9.178985
ISIC_0071392,7.357225,6.0786514
ISIC_0071395,7.919138,6.3818827
ISIC_0071401,10.555355,11.915585
ISIC_0071404,11.547625,7.8241496
ISIC_0071420,9.313698,5.0304804
ISIC_0071430,12.393033,7.731905
ISIC_0071431,7.1220336,8.292542
ISIC_0071443,12.033359,8.935035
ISIC_0071458,11.907125,8.384753
ISIC_0071470,8.430421,5.4168406
ISIC_0071476,7.076388,6.1278043
ISIC_0071478,8.718229,10.059041
ISIC_0071528,8.584068,11.335826
ISIC_0071534,7.4753685,5.8723536
ISIC_0071550,9.267855,6.2446747
ISIC_0071558,11.116645,7.342162
ISIC_0071559,12.48207,9.205459
ISIC_0071563,6.436011,9.546359
ISIC_0071568,11.195144,10.436468
ISIC_0071576,8.036653,12.173947
ISIC_0071579,12.800843,9.501291
ISIC_0071580,8.81709,11.752402
ISIC_0071583,7.530865,6.9720874
ISIC_0071584,8.184987,9.511327
ISIC_0071586,9.643923,6.442855
ISIC_0071592,11.475023,10.701638
ISIC_0071594,9.328809,11.264155
ISIC_0071596,12.3602295,7.919448
ISIC_0071600,11.539371,6.7002153
ISIC_0071628,6.661452,9.323867
ISIC_0071632,8.187212,5.9566116
ISIC_0071648,6.3713474,9.080004
ISIC_0071651,8.0180855,6.734669
ISIC_0071663,8.851032,11.405252
ISIC_0071666,9.337097,5.1828065
ISIC_0071668,11.842065,8.26664
ISIC_0071673,6.9015927,9.962672
ISIC_0071678,9.757893,11.982431
ISIC_0071702,11.8782215,8.746126
ISIC_0071707,6.9052296,8.502919
ISIC_0071713,4.9481497,8.8942795
ISIC_0071717,10.435221,10.480171
ISIC_0071720,5.78017,8.295753
ISIC_0071725,8.012501,11.328219
ISIC_0071726,10.827933,12.430705
ISIC_0071740,8.696982,11.379624
ISIC_0071765,4.997587,8.656976
ISIC_0071766,7.2188168,7.715727
ISIC_0071767,6.7304273,9.168322
ISIC_0071774,9.458503,11.113916
ISIC_0071776,7.979151,6.7674975
ISIC_0071778,8.921472,10.704058
ISIC_0071782,6.224457,7.98127
ISIC_0071783,9.683367,11.729448
ISIC_0071784,8.729737,6.1793294
ISIC_0071788,10.862696,9.1855345
ISIC_0071797,6.5664177,9.64823
ISIC_0071800,8.799348,11.091118
ISIC_0071806,10.337106,12.940741
ISIC_0071808,7.529877,6.473469
ISIC_0071815,8.425784,5.949473
ISIC_0071834,11.894876,8.53409
ISIC_0071857,7.1014924,8.190113
ISIC_0071865,7.1547327,6.204469
ISIC_0071869,11.744833,11.204319
ISIC_0071875,6.065224,8.7591505
ISIC_0071891,7.680221,9.205144
ISIC_0071892,8.497675,10.946301
ISIC_0071901,9.345678,10.665149
ISIC_0071904,12.098922,7.195123
ISIC_0071906,9.46271,11.336331
ISIC_0071916,10.595297,12.42595
ISIC_0071926,8.137125,5.8034987
ISIC_0071931,11.413352,11.464873
ISIC_0071936,11.91275,5.1283526
ISIC_0071939,11.9126005,5.1277733
ISIC_0071944,10.794222,12.556491
ISIC_0071950,9.348655,10.833715
ISIC_0071951,9.02329,9.387598
ISIC_0071957,9.250298,5.4408174
ISIC_0071970,12.738583,8.106735
ISIC_0071972,8.559266,6.3944197
ISIC_0071992,9.324877,6.1895585
ISIC_0071996,7.6573434,6.153903
ISIC_0071997,7.190122,7.1128035
ISIC_0072001,13.235432,7.345146
ISIC_0072002,5.1582727,8.580882
ISIC_0072003,8.029606,6.603956
ISIC_0072004,12.762279,7.255266
ISIC_0072006,11.7143135,9.939922
ISIC_0072010,6.5696926,7.696556
ISIC_0072021,7.6787586,5.8344836
ISIC_0072030,9.999688,11.648116
ISIC_0072032,9.656021,10.053765
ISIC_0072041,8.821226,5.679136
ISIC_0072051,8.005593,12.190574
ISIC_0072061,8.19851,10.994991
ISIC_0072063,11.210583,8.847778
ISIC_0072065,12.744091,7.3934526
ISIC_0072069,7.4711614,9.867059
ISIC_0072077,8.358594,5.5315433
ISIC_0072078,9.234175,11.075317
ISIC_0072087,6.3294225,9.783483
ISIC_0072090,9.873163,9.145387
ISIC_0072099,5.587404,8.016008
ISIC_0072101,9.480793,10.048455
ISIC_0072103,11.85054,9.592402
ISIC_0072109,5.05235,8.599199
ISIC_0072111,6.205043,8.219413
ISIC_0072121,10.141626,9.791896
ISIC_0072122,7.322547,6.043953
ISIC_0072126,12.829284,7.9998517
ISIC_0072142,7.2914906,6.0007524
ISIC_0072151,9.813965,10.076461
ISIC_0072154,8.273639,6.556878
ISIC_0072156,9.3563385,11.386811
ISIC_0072157,12.544785,8.294718
ISIC_0072166,6.1647215,9.18336
ISIC_0072173,10.227743,9.268821
ISIC_0072174,10.034031,9.211875
ISIC_0072178,7.0397897,9.079119
ISIC_0072182,8.521447,10.439028
ISIC_0072188,7.873131,6.418676
ISIC_0072195,12.525638,7.4113536
ISIC_0072198,7.2499895,6.903677
ISIC_0072215,10.422359,12.260876
ISIC_0072218,7.427534,7.3915567
ISIC_0072223,10.529113,11.775665
ISIC_0072226,11.911413,5.134276
ISIC_0072230,10.779727,6.01004
ISIC_0072241,7.7936826,5.7867026
ISIC_0072242,9.345861,6.25471
ISIC_0072252,7.291398,9.516379
ISIC_0072268,6.621011,9.648321
ISIC_0072271,13.7084255,7.8132663
ISIC_0072279,8.250728,5.7303615
ISIC_0072280,13.300893,6.967622
ISIC_0072286,10.829689,11.215718
ISIC_0072287,7.6197567,5.851617
ISIC_0072294,12.339547,6.588051
ISIC_0072297,7.707439,5.907267
ISIC_0072299,8.505179,5.693118
ISIC_0072301,9.856587,10.833668
ISIC_0072315,9.4395,9.35
ISIC_0072330,7.8489923,9.35583
ISIC_0072339,8.0540285,6.7438707
ISIC_0072344,7.116216,8.188584
ISIC_0072348,11.091345,7.3916607
ISIC_0072353,6.6812572,9.695308
ISIC_0072354,9.898581,9.096704
ISIC_0072358,7.2371016,7.100732
ISIC_0072360,6.08248,9.098981
ISIC_0072363,7.5837955,10.599671
ISIC_0072369,8.790835,9.320535
ISIC_0072371,12.991384,6.8482523
ISIC_0072374,9.350497,12.065383
ISIC_0072375,12.623546,7.696626
ISIC_0072377,10.223036,12.883946
ISIC_0072380,9.178602,10.394778
ISIC_0072396,10.938773,5.9613585
ISIC_0072401,6.362746,8.831981
ISIC_0072405,8.777296,11.069839
ISIC_0072411,7.147533,7.0817723
ISIC_0072415,10.580678,11.642027
ISIC_0072422,11.17267,10.922782
ISIC_0072429,9.091557,5.442991
ISIC_0072437,11.148669,6.969587
ISIC_0072439,10.16637,10.408738
ISIC_0072440,13.391134,7.8385077
ISIC_0072441,11.868301,8.295293
ISIC_0072473,9.396924,6.3686924
ISIC_0072482,7.3705144,6.104776
ISIC_0072494,7.4490423,7.114107
ISIC_0072495,7.4348392,6.6862864
ISIC_0072507,11.090977,10.37196
ISIC_0072508,11.89429,6.7731395
ISIC_0072516,6.073586,8.341935
ISIC_0072522,9.397617,5.470707
ISIC_0072523,9.704574,12.024649
ISIC_0072531,9.406417,9.246356
ISIC_0072534,5.595971,8.035509
ISIC_0072535,9.497703,12.110314
ISIC_0072538,9.657997,11.980715
ISIC_0072557,12.523292,7.356253
ISIC_0072559,10.844619,11.196456
ISIC_0072565,7.9081483,9.888336
ISIC_0072568,9.19116,5.5115404
ISIC_0072569,10.720229,12.092858
ISIC_0072574,8.192036,6.9494696
ISIC_0072585,8.211556,5.524576
ISIC_0072586,8.437345,6.4011493
ISIC_0072594,7.4374957,6.965428
ISIC_0072595,12.23336,7.554884
ISIC_0072612,5.3830614,8.346492
ISIC_0072619,7.60939,6.055244
ISIC_0072624,8.682263,11.030175
ISIC_0072626,6.9957695,6.4254785
ISIC_0072631,8.399899,9.612851
ISIC_0072641,10.789448,12.63728
ISIC_0072642,9.3480835,6.219577
ISIC_0072653,9.804922,11.428283
ISIC_0072689,5.399505,6.512325
ISIC_0072691,8.093581,6.5190744
ISIC_0072694,9.889338,10.869328
ISIC_0072705,9.897135,9.519816
ISIC_0072713,9.079438,11.15367
ISIC_0072714,6.9629765,8.549571
ISIC_0072730,8.246603,9.510627
ISIC_0072733,8.940428,9.382486
ISIC_0072738,9.740541,11.655746
ISIC_0072743,9.863379,10.80306
ISIC_0072747,5.8239093,8.107393
ISIC_0072748,9.502191,12.642731
ISIC_0072753,6.968695,6.4928184
ISIC_0072755,7.6580873,7.1794825
ISIC_0072758,7.3877964,6.4329486
ISIC_0072763,5.397686,6.5116963
ISIC_0072768,5.504878,6.620536
ISIC_0072773,13.578993,9.4781
ISIC_0072780,11.6785965,9.058901
ISIC_0072783,7.930567,9.376341
ISIC_0072785,7.6444874,6.8585134
ISIC_0072793,8.065537,5.8566065
ISIC_0072799,7.6315203,5.986334
ISIC_0072820,7.4197106,6.4081745
ISIC_0072824,9.516644,9.339239
ISIC_0072827,10.581765,7.570521
ISIC_0072828,8.032306,6.9769707
ISIC_0072843,11.678878,8.005365
ISIC_0072844,8.387055,6.377694
ISIC_0072845,6.1631365,9.217473
ISIC_0072862,5.9606586,8.033075
ISIC_0072865,12.293269,9.448859
ISIC_0072872,7.6771584,7.1920705
ISIC_0072876,8.763429,5.549724
ISIC_0072887,8.307744,6.3624573
ISIC_0072889,6.550113,9.768088
ISIC_0072896,8.705227,6.801028
ISIC_0072909,7.867704,11.044469
ISIC_0072917,9.224954,12.166508
ISIC_0072923,6.9538894,8.556401
ISIC_0072924,9.464455,11.657433
ISIC_0072930,11.786288,9.261301
ISIC_0072939,9.91084,9.436879
ISIC_0072961,9.41402,9.34866
ISIC_0072966,6.0283523,8.004888
ISIC_0072968,7.792559,10.213051
ISIC_0072976,9.246514,11.920205
ISIC_0072977,7.405982,9.6938925
ISIC_0072983,10.513616,8.929389
ISIC_0072985,12.55099,6.7247696
ISIC_0072990,9.396425,11.165254
ISIC_0072991,8.304352,9.577857
ISIC_0073007,9.816559,11.735554
ISIC_0073016,7.227334,9.746487
ISIC_0073018,7.3126006,8.747144
ISIC_0073038,7.1796737,7.0413904
ISIC_0073044,12.666331,8.321212
ISIC_0073054,10.948857,9.038494
ISIC_0073065,8.258348,5.532175
ISIC_0073075,9.290815,5.407805
ISIC_0073078,7.028635,6.460002
ISIC_0073089,6.847517,6.9379025
ISIC_0073102,13.038512,7.434546
ISIC_0073119,9.282878,5.353678
ISIC_0073124,9.9465,9.303387
ISIC_0073127,8.730123,10.951236
ISIC_0073134,7.0602107,6.4690986
ISIC_0073136,9.134292,11.079482
ISIC_0073143,9.1034355,6.286011
ISIC_0073147,12.410703,6.9142823
ISIC_0073156,7.969173,5.8511257
ISIC_0073173,6.948234,7.470702
ISIC_0073190,8.040399,6.674812
ISIC_0073191,8.890482,9.328266
ISIC_0073194,8.226333,5.5102143
ISIC_0073203,9.075828,10.141838
ISIC_0073204,7.0581284,6.091641
ISIC_0073218,7.7261143,5.819757
ISIC_0073227,8.316394,6.3022585
ISIC_0073231,7.2162266,6.1278424
ISIC_0073237,9.335055,11.216985
ISIC_0073238,9.746917,10.443962
ISIC_0073241,5.212859,8.471845
ISIC_0073249,7.4201736,9.486642
ISIC_3733653,10.406068,9.611222
ISIC_8886139,11.327201,6.8397393
ISIC_9367522,11.441783,8.387887
ISIC_4676270,13.626078,9.213748
ISIC_7546219,13.312215,8.4278
ISIC_2883463,12.734952,9.301951
ISIC_3203344,13.725764,7.2902155
ISIC_9585329,12.51233,11.148422
ISIC_3963183,13.592586,7.726349
ISIC_9828846,10.216187,9.288613
ISIC_3338629,7.295602,8.077778
ISIC_3025889,12.275772,11.406148
ISIC_7320371,11.75563,11.267018
ISIC_1177153,12.652005,10.771751
ISIC_5086349,10.589392,9.67648
ISIC_6809586,12.009677,6.980717
ISIC_0681019,13.437111,7.149073
ISIC_5272223,12.206254,10.2486105
ISIC_8872158,12.073425,10.765211
ISIC_9353360,12.041898,10.430765
ISIC_1116483,10.570232,10.164766
ISIC_5343231,12.2438755,10.816937
ISIC_1729223,13.8270035,8.123575
ISIC_5797062,12.392701,7.018175
ISIC_3408231,12.26866,8.863145
ISIC_8379956,10.666013,9.473831
ISIC_9900191,13.331577,8.747283
ISIC_7973598,13.661769,7.319516
ISIC_0481105,13.44866,8.942731
ISIC_6096565,13.249528,9.847749
ISIC_9677503,11.71442,6.9976106
ISIC_6786198,13.69621,8.187886
ISIC_2750230,12.460798,7.0317874
ISIC_7636412,13.457458,9.712698
ISIC_3335904,13.806495,8.150858
ISIC_5224960,12.751821,11.252333
ISIC_5426249,13.569787,7.9629726
ISIC_5795436,11.878898,11.831903
ISIC_4975524,10.9726305,9.600138
ISIC_2839742,11.855732,11.191272
ISIC_6814727,13.260884,9.811716
ISIC_9957368,11.704857,11.525997
ISIC_9978107,11.551219,6.74242
ISIC_1210011,12.059889,10.383647
ISIC_1589997,11.654927,9.972553
ISIC_4508878,11.036221,7.1970763
ISIC_6961503,11.689123,7.05004
ISIC_4009870,13.451554,9.040792
ISIC_0645454,12.527306,10.180965
ISIC_5747942,13.589182,9.360592
ISIC_3561065,12.031075,7.4586196
ISIC_1177505,11.753872,9.949684
ISIC_0457344,12.778728,7.311485
ISIC_7130929,13.604793,9.3123045
ISIC_7577395,13.817667,7.5525913
ISIC_1975042,12.815393,6.6476107
ISIC_7410175,12.797527,10.4463825
ISIC_2979268,13.581964,7.2309213
ISIC_0844312,13.08531,8.90268
ISIC_6300866,10.054812,11.616373
ISIC_7457700,11.766403,7.011217
ISIC_5172576,11.435389,6.825356
ISIC_8990534,12.842681,10.621777
ISIC_8692218,13.172219,7.740526
ISIC_3941123,9.7943735,9.151628
ISIC_7960321,13.408161,7.526515
ISIC_8554769,11.7836485,10.711109
ISIC_8566006,13.658028,8.286647
ISIC_7693611,13.676739,7.5274987
ISIC_7724762,11.418252,11.092557
ISIC_7183212,13.226013,7.293352
ISIC_4916704,10.244766,10.023406
ISIC_8106899,12.084216,10.067381
ISIC_7503950,11.875608,6.816716
ISIC_4170698,11.936543,6.642294
ISIC_3993924,12.293312,10.729085
ISIC_1255336,13.689803,7.891457
ISIC_7353870,12.028873,10.246287
ISIC_7327423,11.477947,7.276397
ISIC_5719436,13.647241,7.8227577
ISIC_8882374,13.643274,7.287947
ISIC_4223155,13.751218,9.250969
ISIC_3996796,12.977147,8.022608
ISIC_0639769,10.100073,9.770255
ISIC_6450034,11.729237,6.9371266
ISIC_1948545,11.582672,6.8106265
ISIC_9268487,11.724698,6.789171
ISIC_4000481,11.846365,11.150054
ISIC_2535541,9.989979,9.230879
ISIC_9544832,11.596107,7.023276
ISIC_5388184,11.515121,10.773527
ISIC_5084113,9.823489,9.213958
ISIC_4229473,12.113705,10.746255
ISIC_2447578,13.713042,8.946884
ISIC_8008539,11.892859,11.127566
ISIC_6688417,13.832072,8.1943865
ISIC_9677559,13.6655445,9.604298
ISIC_0287325,11.845645,10.608783
ISIC_8344285,13.693444,8.964459
ISIC_8943817,11.951447,9.892101
ISIC_2341309,13.472957,7.6180987
ISIC_1460169,10.502203,8.446848
ISIC_9006649,12.318528,7.0218573
ISIC_3510420,12.51189,10.8799925
ISIC_2098553,11.93069,9.896871
ISIC_4359352,9.858115,8.783597
ISIC_4282399,13.6600485,8.868224
ISIC_8839128,11.609957,6.759258
ISIC_3481499,11.829599,10.566809
ISIC_9770677,13.626629,7.3512573
ISIC_2153686,12.467998,11.096641
ISIC_5267208,12.30136,11.322527
ISIC_1956504,12.425749,11.120819
ISIC_6220625,12.431912,11.135812
ISIC_1157032,13.314572,7.558069
ISIC_1605629,12.407076,11.153565
ISIC_8672524,13.2709255,8.988802
ISIC_4597293,11.95222,6.612494
ISIC_1484659,13.797705,8.846717
ISIC_5425721,12.3580675,11.320091
ISIC_0502582,11.222391,11.915338
ISIC_6851408,9.840869,9.281911
ISIC_0247330,13.353449,8.622568
ISIC_5369000,11.707857,7.4291925
ISIC_3944634,13.650429,7.477893
ISIC_8527092,11.900158,9.768954
ISIC_3265514,11.754657,11.339611
ISIC_7080469,13.092056,10.500884
ISIC_6398669,13.666511,8.884205
ISIC_2101624,13.452351,9.382509
ISIC_8951909,13.84684,7.6822124
ISIC_9729042,12.696796,11.003486
ISIC_2072219,13.72267,8.021842
ISIC_4619789,10.707071,9.569083
ISIC_6348638,12.936701,8.081746
ISIC_7748311,12.8628235,10.682706
ISIC_2823287,12.30364,10.826084
ISIC_6541615,11.429566,6.8543487
ISIC_5247560,11.430808,6.8855453
ISIC_3343475,9.974716,8.455562
ISIC_8677053,13.834386,8.703287
ISIC_4936662,13.288343,9.3411665
ISIC_8194835,13.758471,8.232659
ISIC_4730066,13.872261,8.690747
ISIC_2967024,13.377089,9.758885
ISIC_4525317,12.057018,6.5373445
ISIC_7785723,13.386678,9.201622
ISIC_7181296,11.470604,6.922217
ISIC_7658729,13.822638,8.30085
ISIC_0333091,12.709351,8.777524
ISIC_6496370,12.27356,10.73923
ISIC_1241817,9.833567,9.186476
ISIC_2176112,11.04274,8.560061
ISIC_8615491,11.993986,8.940137
ISIC_2822718,13.540477,9.639757
ISIC_2560699,12.389888,10.881474
ISIC_5352496,12.734982,6.591837
ISIC_9048507,13.582095,9.141152
ISIC_7261174,13.346294,7.0829844
ISIC_2685593,11.9914,10.745567
ISIC_0961235,13.674172,7.1490154
ISIC_7075474,13.415117,7.002288
ISIC_0924427,7.457919,10.018697
ISIC_3880022,11.376264,6.801866
ISIC_9863642,6.068144,8.971876
ISIC_8417873,11.964302,11.069476
ISIC_8325226,13.463223,9.292734
ISIC_5415761,11.403068,6.967518
ISIC_8497457,12.11013,10.743982
ISIC_6811237,13.576415,7.711888
ISIC_5605645,9.47919,10.017804
ISIC_8859274,11.649474,10.112774
ISIC_0250839,10.695692,8.352259
ISIC_7939816,13.28899,9.195526
ISIC_7662910,12.254203,8.822835
ISIC_6190621,11.556395,6.8981395
ISIC_0588352,13.400313,9.187876
ISIC_2841788,12.31013,10.719798
ISIC_7101732,11.963575,9.276251
ISIC_9910791,13.418548,8.135365
ISIC_4493482,12.054012,11.568883
ISIC_9509757,12.042163,8.700597
ISIC_9053910,13.502237,8.803286
ISIC_2077116,13.597006,7.4686394
ISIC_1132496,11.368096,6.7870355
ISIC_4120174,12.8199835,10.383471
ISIC_1009042,13.470033,7.337602
ISIC_3207651,11.439884,6.9668226
ISIC_2342769,10.235517,9.782032
ISIC_3023646,10.129442,9.880562
ISIC_0862745,11.587481,10.482154
ISIC_9556334,11.879561,11.153904
ISIC_7079349,13.219461,9.818063
ISIC_8002875,6.1768436,8.9825325
ISIC_6767569,6.9697843,8.7024975
ISIC_4118006,13.603303,7.997996
ISIC_0911264,13.427806,7.6886806
ISIC_8157654,11.427157,9.724214
ISIC_6561111,12.325474,10.0461645
ISIC_4980656,8.543573,9.259261
ISIC_7489564,11.5975065,11.409216
ISIC_1620401,12.024524,9.712034
ISIC_0232101,13.378698,9.19567
ISIC_2668481,12.304793,10.434238
ISIC_3253484,12.186125,10.733396
ISIC_6248008,11.183429,8.513092
ISIC_6784593,13.394092,8.087475
ISIC_8281208,12.21387,10.673612
ISIC_6927840,12.416183,9.341963
ISIC_6496251,13.6908865,8.880459
ISIC_8985109,13.2645855,6.8699107
ISIC_3803651,13.554121,7.353607
ISIC_6056121,13.153838,8.061735
ISIC_6228963,10.997758,10.213426
ISIC_5581931,10.035434,9.445322
ISIC_7927525,13.521107,9.442294
ISIC_4653503,13.827335,7.6254478
ISIC_4874581,12.161978,7.4883695
ISIC_2844539,13.812551,8.706985
ISIC_2071966,13.187069,7.3447795
ISIC_1564663,12.7413225,6.5394726
ISIC_3450017,13.480637,7.9531646
ISIC_0188432,12.011623,10.68092
ISIC_7936755,8.392663,6.337514
ISIC_4408559,13.467745,7.5455346
ISIC_1037315,13.032031,10.280011
ISIC_5495413,13.660293,8.25244
ISIC_0178428,13.79525,8.091009
ISIC_2230091,13.310127,8.769569
ISIC_2076526,13.809611,7.6535225
ISIC_7346228,10.93312,8.55363
ISIC_1630301,12.414433,10.079715
ISIC_6255113,11.780561,7.676094
ISIC_9821002,11.931158,6.590466
ISIC_6736963,13.457829,7.0928745
ISIC_1068686,13.168879,10.497096
ISIC_5867911,11.533271,8.882972
ISIC_8381531,12.083447,10.004848
ISIC_0599605,11.350871,6.886572
ISIC_0953317,12.029362,11.744309
ISIC_7100755,12.139833,10.430297
ISIC_5315062,12.107245,10.245554
ISIC_2609984,13.776396,7.5950212
ISIC_6398283,13.209225,9.570873
ISIC_1071355,11.7863655,9.859263
ISIC_0533122,11.789094,11.577171
ISIC_2437633,13.348139,8.608762
ISIC_2797353,13.383467,9.383845
ISIC_4842587,12.661642,10.273488
ISIC_7573463,11.382833,6.7987747
ISIC_5288393,12.0294,11.257427
ISIC_0585534,9.835426,9.245491
ISIC_8609756,13.161798,10.584205
ISIC_5140952,11.852032,7.6062098
ISIC_2105563,11.807438,7.6321535
ISIC_6625102,13.446748,7.9908733
ISIC_0337631,13.486813,9.1192665
ISIC_2766590,13.786309,8.101941
ISIC_8372206,10.993865,7.276913
ISIC_8632904,12.01964,10.913089
ISIC_7949783,13.89713,7.480877
ISIC_2979177,11.425411,7.796751
ISIC_6159600,12.212162,10.943118
ISIC_7064511,11.20265,6.959662
ISIC_4961146,12.156864,10.582814
ISIC_7889097,13.304654,7.9562263
ISIC_5664695,13.671251,9.045063
ISIC_1124434,12.465188,10.444799
ISIC_9980216,12.005141,9.9210005
ISIC_7070020,10.6676655,11.087869
ISIC_6110888,10.293696,11.254342
ISIC_8621568,12.712353,7.5568337
ISIC_2033237,11.009974,11.166177
ISIC_5673518,12.218259,9.308966
ISIC_6251753,11.302604,10.21932
ISIC_9963177,11.72255,9.2864685
ISIC_2700320,12.50457,8.001249
ISIC_3084312,9.561004,11.353914
ISIC_6516710,11.021491,10.113709
ISIC_6526489,12.347105,8.332486
ISIC_3965087,11.320919,9.929227
ISIC_6931277,11.944233,6.5156846
ISIC_5505677,10.657528,11.142111
ISIC_7536704,11.518018,8.772272
ISIC_1569119,11.0672035,11.159987
ISIC_8866651,10.988461,10.543567
ISIC_2528358,11.644047,9.758019
ISIC_5129659,11.96811,9.484652
ISIC_6125652,11.060624,10.391146
ISIC_1356715,12.838509,6.7785482
ISIC_0274382,11.742334,8.966404
ISIC_4346693,11.351251,7.2325335
ISIC_2720971,12.678371,7.4533024
ISIC_8702237,13.212966,8.576981
ISIC_6713432,11.589735,9.564775
ISIC_2320481,10.80279,10.948178
ISIC_1330008,13.827915,7.9931235
ISIC_9785077,12.753116,7.6569395
ISIC_3936223,10.697283,10.750181
ISIC_2377844,12.753331,6.733879
ISIC_7371801,10.748578,11.032526
ISIC_2883756,11.496989,9.769825
ISIC_6512653,11.386328,9.565219
ISIC_4469476,12.624116,8.046938
ISIC_7904829,11.037735,10.324454
ISIC_8564474,10.002288,9.628494
ISIC_0833889,13.01266,8.156136
ISIC_2779036,9.672531,11.701043
ISIC_6509682,12.701717,7.893984
ISIC_0273046,11.696053,9.900767
ISIC_6966001,11.891611,9.166193
ISIC_1398333,12.887111,8.014215
ISIC_3969411,10.970243,10.96536
ISIC_2481044,12.59316,7.810264
ISIC_3778192,11.6763315,9.287587
ISIC_1822797,12.702503,7.5279503
ISIC_8283552,11.692425,9.823944
ISIC_9000824,11.395409,9.875094
ISIC_9193127,12.79211,7.4371643
ISIC_9478088,10.989755,11.467902
ISIC_0149568,13.446452,8.660422
ISIC_2607827,12.735011,6.5465326
ISIC_9022005,13.482462,8.6350975
ISIC_9967383,12.737999,6.552298
ISIC_6539127,13.746789,7.401488
ISIC_8355446,13.776072,7.857578
ISIC_0207268,13.154437,8.400382
ISIC_7545731,12.401504,6.4897323
ISIC_2561898,11.559756,6.706314
ISIC_6584579,13.474343,8.785466
ISIC_6352565,13.4871025,8.772727
ISIC_4439054,8.224659,11.1568365
ISIC_5565758,12.115572,9.358564
ISIC_0703440,13.719193,8.571268
ISIC_2987613,7.3678355,9.082677
ISIC_0467617,13.467519,8.859921
ISIC_7763042,13.793938,7.9193234
ISIC_7062201,6.3021564,9.76134
ISIC_1449628,6.102154,8.827648
ISIC_6381819,5.0139575,8.88514
ISIC_4810227,13.01272,8.097144
ISIC_9752088,9.559504,12.598198
ISIC_9456779,8.207503,6.7240696
ISIC_0606244,11.018748,10.786583
ISIC_9114248,12.720357,7.92062
ISIC_0873174,12.300805,8.170562
ISIC_9345094,13.190918,7.314254
ISIC_2318474,13.11896,8.148959
ISIC_2438481,5.7645226,7.985812
ISIC_1440160,5.7478843,7.9906454
ISIC_4938994,12.850974,11.132474
ISIC_3433909,9.5587225,9.473183
ISIC_5732201,12.850203,11.112838
ISIC_7010755,11.602423,11.516079
ISIC_9101762,11.567426,11.85365
ISIC_9312164,12.956418,11.046062
ISIC_5847821,12.7548895,8.252039
ISIC_7293518,11.543781,6.8508415
ISIC_8059429,13.083028,8.35524
ISIC_4378189,10.31764,11.41552
ISIC_1684127,10.693517,12.970499
ISIC_0969723,12.963786,10.973663
ISIC_7372719,11.865692,11.806133
ISIC_6024335,11.085762,11.353282
ISIC_5642824,11.778382,11.809863
ISIC_8231999,11.051045,10.777812
ISIC_4967564,10.977382,12.912971
ISIC_1560324,10.980034,12.892327
ISIC_6925729,12.196642,11.661467
ISIC_5527224,10.345062,9.063308
ISIC_5258657,9.893793,10.083649
ISIC_1959939,10.155376,9.826336
ISIC_6982386,12.897556,11.049925
ISIC_9052500,11.842467,11.8449955
ISIC_4266533,12.803341,11.231287
ISIC_4163686,13.00854,10.907732
ISIC_5260050,9.630416,9.430016
ISIC_2900150,12.360812,10.923169
ISIC_5533992,10.468885,12.845972
ISIC_3570575,10.557311,12.924777
ISIC_0559335,13.008565,10.873954
ISIC_7074321,9.582735,12.046982
ISIC_3576876,11.779199,11.776779
ISIC_0952472,10.225119,11.058862
ISIC_2565206,11.006208,12.910141
ISIC_9593940,11.290242,8.588114
ISIC_6971606,12.725752,9.1580305
ISIC_2351999,11.70777,11.627493
ISIC_5137933,10.522446,9.715206
ISIC_8641097,11.670551,11.830737
ISIC_1616031,12.784666,9.200215
ISIC_1698942,11.037365,11.527034
ISIC_8011058,13.012143,10.861917
ISIC_2272218,12.91055,8.114837
ISIC_2412113,12.835788,11.17461
ISIC_0470699,11.754619,11.78567
ISIC_3915890,11.795187,11.757762
ISIC_4377208,12.874169,11.116378
ISIC_1388552,13.679335,8.087175
ISIC_2824922,10.52643,12.938373
ISIC_7520843,11.002436,12.86383
ISIC_1881133,12.425375,6.5825415
ISIC_8230318,11.0802355,11.4436
ISIC_5216586,11.597881,11.636851
ISIC_2937642,13.395488,10.60266
ISIC_7626256,11.459209,6.920895
ISIC_0272509,13.158665,8.362125
ISIC_1654342,12.444581,11.478875
ISIC_3738751,11.687312,11.750219
ISIC_5044571,10.97327,12.879529
ISIC_6313487,12.034278,11.729559
ISIC_3464344,12.415199,10.580548
ISIC_0528044,11.305403,11.325519
ISIC_2646829,11.685378,11.787013
ISIC_8789051,9.080996,9.89104
ISIC_2170268,10.9681015,7.3962145
ISIC_8249854,10.999533,12.845563
ISIC_5539423,13.059796,8.35011
ISIC_1110583,13.397956,9.741039
ISIC_7205745,12.823663,9.142827
ISIC_6581411,11.758727,11.809814
ISIC_0602633,11.544175,11.849572
ISIC_9998682,10.095067,9.767598
ISIC_3391427,13.189904,10.334893
ISIC_9183084,11.81102,11.794237
ISIC_8238755,13.317919,9.785907
ISIC_4258047,10.500936,12.888938
ISIC_2200197,10.990811,12.886408
ISIC_3301933,13.207203,8.318357
ISIC_7010159,11.386546,11.385087
ISIC_7872595,12.619643,10.655232
ISIC_7940557,12.660514,10.61363
ISIC_3435596,11.844579,11.773758
ISIC_4968384,11.755714,11.810448
ISIC_8009536,9.915376,10.615761
ISIC_9429943,12.817844,9.429089
ISIC_8437493,10.142758,11.613686
ISIC_3517311,11.900713,11.282208
ISIC_0662000,11.526299,10.765973
ISIC_9199429,9.4445,9.573469
ISIC_5581297,12.251911,9.844597
ISIC_2975580,11.952715,11.79516
ISIC_6634951,11.5706,11.459915
ISIC_4960784,13.296193,10.647844
ISIC_4851366,11.727079,11.807702
ISIC_2268341,11.75728,11.515515
ISIC_1566428,11.706312,11.828403
ISIC_4810142,12.736748,11.261359
ISIC_1785627,11.9153805,11.135742
ISIC_3016243,11.62705,11.864402
ISIC_3817719,9.636079,9.480811
ISIC_2974214,12.798357,11.207071
ISIC_0456176,11.641584,11.837714
ISIC_9038318,11.757615,11.848046
ISIC_8470330,11.961127,11.786713
ISIC_9571842,11.615572,11.768822
ISIC_2226191,10.781017,12.933341
ISIC_1752943,12.814658,11.121233
ISIC_3436033,12.025662,10.984222
ISIC_0286360,9.387339,9.87348
ISIC_5667461,12.947389,10.777309
ISIC_7253401,12.951965,11.085126
ISIC_7800750,11.72718,11.809474
ISIC_8167374,12.807947,9.251038
ISIC_0504165,12.103418,11.7332535
ISIC_3065032,12.403566,6.564908
ISIC_2776906,11.928615,11.786885
ISIC_7265673,10.981126,12.893735
ISIC_7312977,10.562495,12.935437
ISIC_4425322,13.012276,7.0722213
ISIC_1427578,10.176167,9.825365
ISIC_9685931,13.378979,9.476264
ISIC_2153401,13.12319,8.314551
ISIC_2434588,11.778077,11.802635
ISIC_8145348,11.948114,9.5585785
ISIC_9210255,9.799075,11.844312
ISIC_2577849,13.293696,7.500842
ISIC_0779920,12.182622,10.808506
ISIC_6945634,13.499699,9.8050165
ISIC_5922588,11.626643,11.425694
ISIC_8263489,11.542552,11.423352
ISIC_4427247,7.9458075,10.84482
ISIC_6059520,11.615753,6.9239497
ISIC_8737794,10.9265585,12.827038
ISIC_1694285,12.385599,11.480106
ISIC_8124900,12.125264,11.799983
ISIC_3976496,11.678227,10.966626
ISIC_9596721,11.857996,11.804694
ISIC_4404772,11.87819,11.782626
ISIC_1670692,10.67732,12.643721
ISIC_4905375,10.963762,12.904323
ISIC_6307097,12.992356,10.966677
ISIC_7202197,11.770294,11.837605
ISIC_8006211,10.956967,10.844528
ISIC_1627619,11.239102,10.790313
ISIC_7195248,10.914165,12.905632
ISIC_6278273,9.397705,11.66226
ISIC_2637608,13.333481,8.502271
ISIC_0280912,12.945386,10.966476
ISIC_7035246,8.924979,10.53742
ISIC_3475660,12.232849,11.655252
ISIC_5585090,12.879667,11.1106825
ISIC_0220438,11.398227,10.291803
ISIC_6392461,12.65679,10.433335
ISIC_2757355,11.831252,11.8470545
ISIC_1870415,11.468627,6.792134
ISIC_2697083,11.8482,11.620123
ISIC_0351666,10.288002,10.813381
ISIC_6285925,11.447384,6.8199906
ISIC_7614221,12.781424,7.3713303
ISIC_2871230,12.473673,11.412533
ISIC_3399306,11.607418,12.086973
ISIC_9164054,13.0594845,10.557105
ISIC_6555290,12.30256,11.592264
ISIC_6089318,11.39311,11.542937
ISIC_4425657,12.842493,9.047506
ISIC_1023256,11.678968,11.851636
ISIC_8397285,12.230803,11.73147
ISIC_3979826,11.28967,6.977861
ISIC_5776649,10.979319,12.877089
ISIC_2255411,11.4586525,10.611481
ISIC_2364150,11.722403,11.077895
ISIC_1473522,12.464642,8.009679
ISIC_8207974,11.721296,10.23066
ISIC_2525084,10.092031,10.961524
ISIC_6549364,12.402878,6.89566
ISIC_6692344,13.110235,7.3549213
ISIC_3985031,12.161601,8.307215
ISIC_0624498,11.418681,8.761013
ISIC_3244067,13.095055,6.842223
ISIC_9001948,11.9400425,8.224314
ISIC_8732757,13.082542,7.9593096
ISIC_1728564,9.788618,12.336893
ISIC_2232442,11.347452,10.493776
ISIC_0981639,12.741056,7.454825
ISIC_6620377,12.951093,8.798357
ISIC_1247683,11.357604,10.308261
ISIC_5046082,9.790767,11.063231
ISIC_5037784,11.590034,9.574723
ISIC_0744013,11.01538,7.191027
ISIC_9930189,12.547757,7.845502
ISIC_7961365,12.66052,6.673861
ISIC_0489267,11.288328,7.2927837
ISIC_9626843,13.827498,8.037107
ISIC_7075768,11.701805,9.049904
ISIC_7612992,12.313943,8.113314
ISIC_2243107,12.907778,7.0240226
ISIC_0647224,12.540592,7.677507
ISIC_8485716,12.716697,9.917876
ISIC_7914631,13.149822,8.182809
ISIC_5021861,12.70088,8.595069
ISIC_7788318,8.878625,11.083812
ISIC_7680948,10.360444,11.003427
ISIC_4590186,13.003147,10.074415
ISIC_5167209,12.531692,6.5051003
ISIC_5774484,10.835584,10.419636
ISIC_9754098,11.653928,10.656691
ISIC_7460887,9.873321,12.289846
ISIC_5747486,12.989539,10.039456
ISIC_3440759,11.522145,9.76697
ISIC_5868291,11.381067,12.067671
ISIC_2126660,9.7584095,11.397728
ISIC_1231419,13.360485,7.4688687
ISIC_5829938,11.474059,9.11176
ISIC_7490240,12.78726,6.8197246
ISIC_9583969,11.485476,9.170425
ISIC_4230049,9.305699,12.468881
ISIC_6785680,11.76337,9.477458
ISIC_5147292,12.834805,6.7967525
ISIC_6671773,10.841687,10.479798
ISIC_7960869,12.423453,8.559355
ISIC_4982046,11.269921,7.0182905
ISIC_5191344,13.248699,7.4598603
ISIC_1866770,11.962925,10.181636
ISIC_3824206,8.576304,11.602758
ISIC_4301916,12.920979,8.434326
ISIC_4967586,12.439145,8.687934
ISIC_1460932,13.837524,7.9285717
ISIC_7466678,12.746248,7.564163
ISIC_6841294,12.4163685,8.004718
ISIC_3469595,12.804551,6.9625716
ISIC_2406492,13.31674,8.403903
ISIC_3241636,10.250785,11.173593
ISIC_0914168,13.353667,8.200415
ISIC_0294150,11.696161,10.665645
ISIC_1968421,13.244813,7.9260073
ISIC_1486861,12.616094,7.935558
ISIC_7218890,12.743448,7.4392486
ISIC_9000234,13.526613,8.216299
ISIC_7098141,12.494289,7.795
ISIC_1706912,11.287959,7.021703
ISIC_1412843,13.459701,9.268635
ISIC_9235283,11.261275,10.967514
ISIC_5576354,11.259923,10.474325
ISIC_9286292,11.454585,8.915905
ISIC_2957732,12.924054,8.647012
ISIC_4276255,11.551896,9.242898
ISIC_5983500,10.84011,10.231999
ISIC_6535558,12.507904,8.096826
ISIC_0572205,12.4760065,7.385496
ISIC_0915404,12.646595,7.4948587
ISIC_3412012,11.404823,10.453406
ISIC_7948290,13.261976,6.814241
ISIC_3883863,11.859144,9.983314
ISIC_4362713,12.247686,8.706655
ISIC_5391758,13.069079,10.073537
ISIC_5994923,12.754259,9.935107
ISIC_8617277,11.598555,9.710824
ISIC_8892236,12.782086,9.955156
ISIC_6714082,13.090833,10.2728405
ISIC_7287303,12.42642,7.714042
ISIC_8252406,7.5283837,9.685873
ISIC_2141237,10.286559,11.144548
ISIC_6695831,10.1359415,11.067318
ISIC_3909039,12.932273,7.402208
ISIC_3895426,11.6190605,7.82503
ISIC_5434661,11.372462,10.510753
ISIC_8724944,11.092276,10.33214
ISIC_7897925,12.354109,7.7745485
ISIC_3696488,11.731223,9.605121
ISIC_1733178,12.446926,7.5968513
ISIC_3590167,12.695544,6.5640645
ISIC_8040024,12.534424,8.197224
ISIC_9941666,11.605668,6.857636
ISIC_3286186,11.261356,10.480088
ISIC_9547725,13.1023655,7.593739
ISIC_5045600,11.36934,8.090012
ISIC_9676644,12.0185795,6.9164276
ISIC_7844825,12.183323,7.8351073
ISIC_6124481,12.389832,6.879294
ISIC_7190243,12.541739,7.886984
ISIC_0327406,12.667344,7.394711
ISIC_2135474,12.222118,8.093786
ISIC_5602826,6.2710133,9.761646
ISIC_3775417,13.75606,7.9522066
ISIC_8545949,8.089445,9.726296
ISIC_3642019,11.389315,10.649201
ISIC_7816675,13.035738,7.3155975
ISIC_0369831,8.120106,9.737681
ISIC_3068885,10.525936,11.672526
ISIC_7880400,8.738681,11.406099
ISIC_3666967,7.872917,6.2568674
ISIC_3159924,11.646687,9.759765
ISIC_4398011,11.835162,11.143388
ISIC_8838753,13.466671,9.095852
ISIC_8027899,9.645019,12.170655
ISIC_2837581,6.93406,8.559684
ISIC_5044438,12.9740305,7.3920555
ISIC_8493108,12.965494,8.268602
ISIC_3446357,11.161885,7.4235225
ISIC_9130157,13.256142,9.839436
ISIC_6269166,11.80838,11.118935
ISIC_0946787,12.717119,6.9233146
ISIC_6904082,11.998744,8.572598
ISIC_1269448,11.73974,9.571128
ISIC_8922893,12.744639,6.856394
ISIC_4619903,13.355197,8.0324335
ISIC_1330381,13.048693,10.092374
ISIC_2724529,13.15069,8.373657
ISIC_8758404,12.772347,7.4154625
ISIC_3028754,11.836969,9.882331
ISIC_8066110,13.846652,7.9758487
ISIC_9870885,12.43536,8.470431
ISIC_2916754,13.451268,8.349149
ISIC_7349440,13.2701025,10.472188
ISIC_0186998,12.705094,10.404598
ISIC_8821742,12.345464,10.061703
ISIC_6875745,11.557903,10.642061
ISIC_6299036,12.613036,10.786171
ISIC_8436194,13.174195,10.141916
ISIC_3094758,11.0780735,11.43942
ISIC_3045939,13.0613365,7.038426
ISIC_4967361,12.446911,10.369133
ISIC_8624049,13.841433,8.075752
ISIC_0353247,12.402141,10.752239
ISIC_2310935,11.705425,9.167529
ISIC_1558504,13.623798,9.350928
ISIC_6366417,13.627178,9.269048
ISIC_7462953,7.9403296,9.284438
ISIC_3389695,13.584725,9.816834
ISIC_0501108,10.912164,8.61522
ISIC_8708106,11.620854,11.637742
ISIC_4347535,12.332224,10.080606
ISIC_5620802,13.767306,9.218118
ISIC_4985027,12.572111,10.3176565
ISIC_9130035,12.019277,11.306189
ISIC_2757370,12.627643,10.799294
ISIC_1040820,9.852195,8.778728
ISIC_2144690,11.783178,11.242468
ISIC_4633843,10.741452,9.128744
ISIC_5015551,9.827524,9.116293
ISIC_3750329,9.976393,9.24519
ISIC_5350216,13.298035,6.87405
ISIC_8806986,11.733631,6.7366605
ISIC_5367118,11.498215,9.783522
ISIC_5091996,13.842985,8.930707
ISIC_0429825,12.957812,9.85398
ISIC_5449076,12.495948,10.923152
ISIC_6066292,11.447939,7.772281
ISIC_8087949,11.352242,9.754299
ISIC_7899041,8.394329,9.15629
ISIC_9210086,12.866587,10.423881
ISIC_2108849,13.1370325,10.011367
ISIC_7453676,11.940246,7.2869415
ISIC_4813568,12.691955,10.7217655
ISIC_5762714,10.749672,9.734719
ISIC_9254641,13.528237,9.647575
ISIC_3281565,12.291832,10.7874565
ISIC_4177450,12.180618,10.884116
ISIC_2128061,13.287573,7.0489464
ISIC_0855174,10.9094925,7.167494
ISIC_7898880,9.872466,9.24737
ISIC_7110531,13.137569,9.954613
ISIC_0962121,12.088846,10.294111
ISIC_7235128,12.278472,10.187778
ISIC_2243756,11.572943,10.006487
ISIC_1601532,11.285257,10.801374
ISIC_1939413,10.7971325,6.978595
ISIC_1343302,12.656646,10.645696
ISIC_3666865,10.683864,9.436747
ISIC_3331737,10.874339,10.422262
ISIC_1372928,12.363147,10.667345
ISIC_1818238,11.258665,6.8859415
ISIC_9335652,12.186389,10.731435
ISIC_2884038,11.936213,9.663397
ISIC_5010212,12.729482,6.532471
ISIC_4207959,6.857831,8.366212
ISIC_6184891,10.5392065,9.69296
ISIC_1685962,11.364755,6.83767
ISIC_3690890,12.527558,10.820909
ISIC_4780727,12.200054,10.682651
ISIC_5534730,11.808982,9.9349375
ISIC_6278558,13.679036,9.425725
ISIC_3147084,12.100856,9.024656
ISIC_5415749,11.996798,10.421639
ISIC_7942881,11.308904,10.980352
ISIC_6646939,13.597371,7.988952
ISIC_2818959,11.849786,11.087963
ISIC_1338061,12.316971,10.75382
ISIC_5330187,11.265559,6.9065337
ISIC_2198823,12.092716,10.650081
ISIC_4212546,12.045499,10.588728
ISIC_8138363,12.776539,6.538683
ISIC_8344345,12.285445,10.731836
ISIC_4781223,11.961486,11.485446
ISIC_2957465,13.888011,7.5907965
ISIC_9219356,13.654588,9.576131
ISIC_2850215,12.451315,10.840877
ISIC_3763984,13.189019,9.934654
ISIC_7839712,13.586576,7.3842735
ISIC_0245720,11.962821,10.386331
ISIC_3842916,12.674821,10.733083
ISIC_8509219,11.098013,11.190071
ISIC_3478473,13.135827,10.0134945
ISIC_2433965,12.769914,10.630796
ISIC_4464389,12.415454,10.565559
ISIC_4699695,12.591002,10.391453
ISIC_5864088,11.205542,8.426513
ISIC_4510530,12.095086,10.201628
ISIC_0990298,11.932734,11.183957
ISIC_1605945,11.879232,10.397367
ISIC_9780632,12.85665,7.3273597
ISIC_4953281,13.694416,9.336185
ISIC_8073555,9.909152,9.473469
ISIC_4750271,13.344334,9.675084
ISIC_2185005,13.692698,9.531592
ISIC_3174039,11.923525,11.526655
ISIC_0903411,9.755242,9.3297205
ISIC_5820693,12.43981,6.4340096
ISIC_1099075,12.453266,10.28041
ISIC_9315775,8.972098,12.094746
ISIC_2465799,9.338096,11.506464
ISIC_2814689,10.280902,12.775124
ISIC_5608178,11.23165,11.132424
ISIC_6410859,12.138923,10.587438
ISIC_2513018,10.619506,10.12584
ISIC_5647607,6.047908,8.93052
ISIC_6004197,11.588947,6.7442102
ISIC_1694817,12.350339,6.466051
ISIC_8710108,10.250559,9.635053
ISIC_1578878,9.830809,9.258792
ISIC_2867416,11.684923,7.008341
ISIC_1166740,12.5225315,9.830245
ISIC_8961478,13.49967,9.715834
ISIC_4691689,13.595526,9.39857
ISIC_9517555,6.4268746,9.608141
ISIC_1699688,11.9344,11.128697
ISIC_9786863,12.071129,9.362935
ISIC_7254359,13.247796,8.275239
ISIC_0375034,13.126721,10.142785
ISIC_8733345,13.081306,10.169915
ISIC_8671119,12.488015,10.530629
ISIC_2663597,10.585151,9.425202
ISIC_2448897,9.819863,9.0624075
ISIC_3740014,11.101832,6.965777
ISIC_8907509,9.7947445,8.80083
ISIC_5296963,13.594494,9.8035145
ISIC_5791954,13.543015,9.584471
ISIC_0346815,12.103844,10.747126
ISIC_0292899,13.677873,9.016112
ISIC_7412327,12.149197,11.593126
ISIC_5744196,13.504583,8.277672
ISIC_8708918,13.693947,8.8748045
ISIC_3077674,12.722027,10.297368
ISIC_6135643,9.932389,9.203048
ISIC_9159477,12.103061,10.861581
ISIC_8071637,12.774794,10.585487
ISIC_2003991,12.678153,10.5604105
ISIC_1814941,12.165054,10.739428
ISIC_6427430,12.809205,10.566879
ISIC_6959281,11.384999,6.7928047
ISIC_2757332,13.544243,9.4944935
ISIC_8308321,12.743936,10.68818
ISIC_1254469,13.573177,9.825425
ISIC_8856365,11.563106,11.5227785
ISIC_6556373,12.429565,10.521002
ISIC_8172822,12.162154,10.581532
ISIC_6620748,12.482127,10.490475
ISIC_4223497,11.812436,11.152218
ISIC_8191057,12.742072,10.669549
ISIC_1693572,11.858075,9.57585
ISIC_2427899,9.8567705,8.689029
ISIC_8907232,10.271447,9.605435
ISIC_3162213,11.543512,6.6660705
ISIC_0648545,11.47097,11.527522
ISIC_0705477,13.595498,8.938493
ISIC_6674797,11.938477,9.886355
ISIC_6099563,11.74193,6.984001
ISIC_2717192,12.713602,10.669988
ISIC_6369740,11.23105,7.060172
ISIC_4615762,13.616518,9.202327
ISIC_8278458,10.164692,9.7977915
ISIC_2149878,13.71309,8.675531
ISIC_0080539,12.545002,10.534786
ISIC_2010889,13.64874,9.78828
ISIC_4097868,12.767017,10.71373
ISIC_0261253,12.0419655,11.219698
ISIC_7747712,12.514084,10.765717
ISIC_7399648,11.714269,6.9257245
ISIC_8256480,13.637459,8.513203
ISIC_5156491,11.359062,10.689582
ISIC_1850674,13.5158205,9.363842
ISIC_0202119,13.659347,9.552599
ISIC_9572761,11.358662,6.793878
ISIC_3323866,11.710449,7.0580807
ISIC_1776777,11.041827,12.462242
ISIC_0984817,8.670643,11.066665
ISIC_1423737,12.548371,10.881884
ISIC_9881460,12.691301,10.654604
ISIC_7092052,10.482046,9.676367
ISIC_6668093,11.929338,10.87212
ISIC_6119202,12.777068,10.676723
ISIC_7097931,12.252745,9.890056
ISIC_9274936,10.232477,9.621074
ISIC_7809510,9.899557,8.63622
ISIC_9859873,12.600051,10.836742
ISIC_7755096,13.752655,8.854209
ISIC_3056854,9.939576,9.180075
ISIC_9214649,12.323713,10.52416
ISIC_6892286,12.983957,10.343136
ISIC_5646747,8.293392,9.299071
ISIC_8021816,7.5440016,9.501091
ISIC_5363974,8.324009,9.361918
ISIC_1908890,11.445392,8.039758
ISIC_5771780,10.526994,11.66244
ISIC_3719985,8.920098,6.6240883
ISIC_2594715,12.874101,6.904162
ISIC_9908866,13.080484,6.8718867
ISIC_8172964,9.372884,10.666931
ISIC_9495622,6.473546,9.129578
ISIC_6892280,6.502403,8.976995
ISIC_6471282,13.644182,7.766138
ISIC_1635231,12.911183,6.8926105
ISIC_2339761,8.215034,6.3060513
ISIC_6707573,8.305235,6.8059783
ISIC_5669463,6.604572,9.398769
ISIC_6912369,8.903471,6.611066
ISIC_3143079,6.669793,9.283914
ISIC_2068188,6.7269354,9.174265
ISIC_7952870,12.511391,7.0077252
ISIC_7683106,12.85509,6.8771453
ISIC_5286801,11.325835,9.858738
ISIC_7599710,10.931565,6.5634894
ISIC_2966808,12.6096735,8.15881
ISIC_1778959,11.74789,8.530077
ISIC_1930795,13.158189,6.8774753
ISIC_4048896,12.444384,8.82908
ISIC_9144329,6.5771356,8.923634
ISIC_0750046,6.7238436,8.924859
ISIC_2801005,11.438407,7.9330344
ISIC_1297252,6.5263,8.986662
ISIC_9337100,7.9014196,9.297905
ISIC_3192152,6.5414248,8.967991
ISIC_4867646,9.125234,5.2630095
ISIC_1077735,7.683449,9.038999
ISIC_9951988,8.519814,5.769058
ISIC_9187524,7.997614,6.513377
ISIC_8851514,6.054597,8.763343
ISIC_7376452,6.767436,9.384211
ISIC_6090497,6.5173845,9.466501
ISIC_8671596,11.658422,8.4836855
ISIC_6034442,12.008183,8.446012
ISIC_0599463,7.717818,7.3646135
ISIC_5988562,6.573567,8.932518
ISIC_4957310,10.99345,8.326538
ISIC_1753011,10.931328,6.506761
ISIC_9585033,6.61077,9.54508
ISIC_1701883,6.655066,9.512559
ISIC_4092287,6.787314,8.484713
ISIC_3796317,5.8415623,8.863942
ISIC_8077139,5.8170094,8.920898
ISIC_9907020,5.8501353,8.9810095
ISIC_8400587,9.991627,9.078317
ISIC_1935227,10.007347,9.092571
ISIC_0542765,7.034817,8.94362
ISIC_3030394,11.612504,8.704922
ISIC_7666432,7.3477664,9.269872
ISIC_7660163,11.192852,8.353383
ISIC_8473293,9.26889,11.014958
ISIC_4572891,7.1486864,9.025511
ISIC_3033701,13.466378,7.277579
ISIC_6126704,8.839917,5.871036
ISIC_9876533,11.775557,6.625841
ISIC_8792684,13.122767,6.885629
ISIC_2421565,6.5149727,8.965256
ISIC_8902296,13.126783,7.736306
ISIC_5841971,12.044556,8.844975
ISIC_1813577,6.986376,9.778796
ISIC_1810807,12.550276,9.28541
ISIC_2367098,12.969316,9.151484
ISIC_6563304,8.993597,5.2504377
ISIC_2505335,10.357322,12.866745
ISIC_3235131,11.5946865,8.029355
ISIC_2153041,6.5498567,8.9123335
ISIC_0202238,11.916575,8.952308
ISIC_0638700,12.411701,10.103521
ISIC_7824315,10.624995,9.441098
ISIC_5086721,11.064138,9.488146
ISIC_7993345,7.709648,9.216798
ISIC_3110126,10.062982,9.6250925
ISIC_1301476,11.614641,9.222491
ISIC_1047011,10.19198,9.904821
ISIC_4212047,10.1891365,9.888235
ISIC_0168716,10.21656,9.9351635
ISIC_3598192,9.326872,10.585364
ISIC_0789191,12.200429,8.169269
ISIC_0255566,13.123033,9.242432
ISIC_2079571,13.931475,7.6661797
ISIC_2857128,11.159102,7.3772097
ISIC_7338502,13.083582,9.182197
ISIC_2574924,12.125368,6.6078577
ISIC_3891136,12.043029,6.879321
ISIC_7239902,11.671089,8.0184
ISIC_3176105,6.5547943,9.339244
ISIC_2362051,10.609065,9.708575
ISIC_0799972,9.761786,9.541184
ISIC_3491406,9.605081,9.59495
ISIC_8157239,10.636998,9.593778
ISIC_1000616,12.040314,6.961139
ISIC_5612133,11.364787,6.7870054
ISIC_7085235,8.616734,11.699187
ISIC_1791643,10.9147215,9.696832
ISIC_0959325,12.284774,9.304583
ISIC_5024302,6.845815,8.505655
ISIC_4719387,8.801682,6.6114035
ISIC_7465137,12.564504,6.8567104
ISIC_2070728,11.511933,8.283238
ISIC_1642069,11.78037,10.515813
ISIC_5481480,11.832174,10.354424
ISIC_4407852,10.919712,8.665549
ISIC_1816965,11.1354475,8.584589
ISIC_2277714,12.681129,7.4607773
ISIC_3381026,6.583418,9.349007
ISIC_5610304,6.4704022,9.443396
ISIC_5033005,6.3359427,8.190327
ISIC_2211948,12.479889,7.546947
ISIC_2212637,6.5658355,9.368857
ISIC_5704967,6.5448465,9.372619
ISIC_5862918,13.370179,9.550038
ISIC_1262790,11.992221,10.013962
ISIC_7541596,10.985957,8.969218
ISIC_7373164,10.064725,9.536362
ISIC_8786983,6.417906,11.241679
ISIC_1452632,13.497408,7.166029
ISIC_2368449,10.652788,9.480989
ISIC_9677008,12.809346,7.1041617
ISIC_6586433,13.416033,10.592968
ISIC_9320992,13.324736,10.615127
ISIC_9176427,13.577316,8.491396
ISIC_7338073,13.369133,10.496342
ISIC_1203272,13.365192,10.574512
ISIC_8253057,13.461248,10.572159
ISIC_6578433,6.885113,8.507638
ISIC_8173252,13.557131,10.3846655
ISIC_5711232,12.98701,9.771988
ISIC_6099785,13.421033,10.598382
ISIC_8647315,11.429717,6.786422
ISIC_7146293,11.382363,6.79347
ISIC_7321503,11.696356,7.082958
ISIC_0587728,13.3428545,10.642541
ISIC_0274411,11.388446,12.009628
ISIC_5095180,13.545434,10.398901
ISIC_0616448,11.35851,6.8171487
ISIC_5306850,12.4665985,10.390828
ISIC_3689252,13.587436,7.3779263
ISIC_8027280,13.406114,10.588785
ISIC_9092169,13.415196,10.531252
ISIC_9942350,11.416593,6.7854652
ISIC_3275875,13.491459,10.571918
ISIC_8348262,13.527483,10.497339
ISIC_3736336,13.4136505,10.59771
ISIC_2190396,13.438193,10.61706
ISIC_4547332,8.137976,5.613505
ISIC_3783659,13.381881,10.612614
ISIC_7594243,13.435084,10.55601
ISIC_3622555,12.620451,6.503825
ISIC_8040663,12.370366,11.350248
ISIC_0961778,13.448268,10.414532
ISIC_9543045,12.779429,9.620608
ISIC_2468476,11.403612,6.7748756
ISIC_2772824,13.02468,10.855896
ISIC_9928278,11.467334,6.7082577
ISIC_6016537,10.306951,9.130408
ISIC_6618014,13.520487,10.4968405
ISIC_4221304,13.452951,10.578262
ISIC_4027194,13.6223345,9.061453
ISIC_6873657,13.299194,10.643674
ISIC_7927389,13.426585,10.548972
ISIC_9051948,10.653652,9.499395
ISIC_8592733,11.384244,6.8050666
ISIC_6275817,13.452582,10.611814
ISIC_6967412,13.284647,10.658588
ISIC_3236033,10.92348,5.911111
ISIC_7429994,10.935398,5.897235
ISIC_8758983,10.918602,5.9117303
ISIC_8651648,10.916939,5.915442
ISIC_7966639,9.477618,11.31147
ISIC_0133200,9.485203,11.33854
ISIC_9445977,9.613022,10.852996
ISIC_5648033,9.637403,11.360237
ISIC_7365059,13.61748,9.510398
ISIC_2792717,11.382969,6.7755103
ISIC_0851414,13.724926,8.1015835
ISIC_8999351,13.589952,7.9129057
ISIC_6364782,11.326777,6.8190074
ISIC_6720909,11.511282,6.7424784
ISIC_8738186,13.195815,8.569478
ISIC_1633321,11.38643,6.772393
ISIC_6683697,13.642789,9.531232
ISIC_8673290,11.715204,9.143708
ISIC_4851185,10.476127,9.31783
ISIC_7695263,9.747056,11.108964
ISIC_7560933,13.152472,7.938745
ISIC_3511086,8.975671,11.057431
ISIC_8685453,13.407773,9.184043
ISIC_4375866,11.165685,9.475133
ISIC_3698441,8.848915,11.031878
ISIC_6048752,9.636456,11.588763
ISIC_6428004,10.116347,10.984846
ISIC_5019119,12.857341,7.1312695
ISIC_3268800,13.231361,7.539406
ISIC_2710427,10.098073,10.980257
ISIC_9693456,11.754455,9.883082
ISIC_6635963,12.271044,8.282393
ISIC_9174580,12.956616,7.808934
ISIC_3773277,9.464077,12.1274
ISIC_5253746,9.589867,12.171304
ISIC_2496140,9.048414,11.153635
ISIC_1909053,8.6526985,10.856381
ISIC_7643593,9.626412,11.222142
ISIC_9434832,9.392585,12.101179
ISIC_9179044,11.700676,8.966632
ISIC_0598073,9.310616,11.235264
ISIC_9239978,10.274222,11.059489
ISIC_1675975,10.272814,9.359768
ISIC_4349272,9.233924,11.724346
ISIC_1729396,6.89417,8.528943
ISIC_6596926,9.27831,9.931213
ISIC_5461210,8.480745,11.690089
ISIC_3667052,11.494963,11.95847
ISIC_4703321,13.226128,9.25259
ISIC_6881589,12.398549,9.445182
ISIC_4467312,11.319367,9.015253
ISIC_9399586,10.175807,9.503807
ISIC_3704603,9.487347,12.065088
ISIC_4485467,9.159048,12.209232
ISIC_9141788,9.40304,12.632496
ISIC_3259871,9.237473,10.030931
ISIC_5889858,10.698862,8.338982
ISIC_7334939,11.164709,11.936794
ISIC_5541499,12.306401,8.653351
ISIC_3197211,11.859253,9.220594
ISIC_7472087,9.879118,10.829101
ISIC_5892763,9.556021,11.43492
ISIC_5763228,8.435587,11.751189
ISIC_3327928,10.633762,9.003364
ISIC_9596173,10.219019,12.773138
ISIC_3045480,12.381588,9.220142
ISIC_6044114,8.9084215,9.668401
ISIC_8918247,10.886372,9.984562
ISIC_6819805,9.071281,9.500058
ISIC_0450792,10.05608,10.102034
ISIC_2879057,8.851846,10.29428
ISIC_2222084,12.415337,6.8888006
ISIC_1916169,9.650529,11.938518
ISIC_3320667,7.2487717,9.644319
ISIC_6046943,13.755662,8.208925
ISIC_8769047,10.749533,10.263097
ISIC_7303630,9.280035,12.239391
ISIC_9266057,10.805239,11.999598
ISIC_7784876,9.199079,11.514909
ISIC_5531874,13.649077,9.012201
ISIC_2867998,10.550157,10.767805
ISIC_0699088,11.934563,10.888019
ISIC_6689453,13.324402,7.166772
ISIC_3807230,11.081881,8.913035
ISIC_8416462,12.78046,9.241424
ISIC_7922830,8.47594,9.927658
ISIC_0553265,10.140765,11.192154
ISIC_7640631,9.761373,11.663159
ISIC_8350851,9.147516,12.024075
ISIC_1116303,10.921081,9.897455
ISIC_9179884,8.930128,11.8042965
ISIC_5785135,10.957233,10.52911
ISIC_9599992,11.620083,8.958292
ISIC_9227283,12.498646,8.291968
ISIC_8627581,9.1018305,12.075641
ISIC_6747251,9.309117,11.556816
ISIC_8601570,9.550025,10.980852
ISIC_0320008,11.31783,8.955234
ISIC_3204703,13.206785,7.354143
ISIC_2220505,10.765707,9.073966
ISIC_0823269,12.032176,10.728777
ISIC_3670069,9.99284,12.779342
ISIC_8488027,9.147011,11.363057
ISIC_8961614,11.190503,9.331743
ISIC_6993040,9.108284,10.360582
ISIC_5714835,12.647511,9.905026
ISIC_2843665,6.9353065,8.463308
ISIC_5182952,11.630069,9.4860325
ISIC_8026822,9.036069,11.787041
ISIC_1126401,9.845369,10.4442
ISIC_0651228,12.915155,7.6073294
ISIC_7638974,10.414165,11.96436
ISIC_8593738,9.247115,12.0506
ISIC_5452980,8.511268,9.843876
ISIC_9875364,10.097058,11.269053
ISIC_9171793,11.087395,7.410176
ISIC_7682533,12.946558,6.9052024
ISIC_5628874,10.032184,11.754935
ISIC_8667960,9.293353,11.270714
ISIC_7657322,12.512906,6.7206335
ISIC_9866460,11.182374,9.925278
ISIC_9820266,9.776468,12.53219
ISIC_2793180,10.576496,10.9186325
ISIC_1201025,12.480763,7.453497
ISIC_5144687,12.446656,8.16622
ISIC_1994166,9.642021,9.982565
ISIC_5511054,13.113085,6.906024
ISIC_9041525,11.458613,8.024323
ISIC_5745126,9.826536,11.106791
ISIC_5442968,12.724964,8.94429
ISIC_5912360,10.113005,11.216418
ISIC_4482349,9.175589,9.28355
ISIC_2179705,8.554199,11.518729
ISIC_7548342,9.065567,11.141477
ISIC_4235575,11.387779,9.215975
ISIC_7851081,9.021997,12.182987
ISIC_8653825,8.537995,9.2928705
ISIC_0831898,12.405273,8.373441
ISIC_2267440,9.526191,12.115263
ISIC_7718206,9.5371475,10.938491
ISIC_1490894,8.520684,9.675977
ISIC_3933164,13.163338,7.5438046
ISIC_3957660,8.812741,11.945353
ISIC_1264034,11.8231,8.647791
ISIC_8525826,9.796701,11.440964
ISIC_1454751,12.702171,9.706618
ISIC_7170025,9.061569,11.088393
ISIC_3248418,7.360333,9.045851
ISIC_4969277,6.1146617,8.144244
ISIC_3665449,9.850331,9.699114
ISIC_7893518,11.297722,11.768677
ISIC_4277953,13.162983,7.3005877
ISIC_7890222,11.898875,10.701844
ISIC_4168419,8.445727,9.662999
ISIC_1970988,9.254582,10.953154
ISIC_9895318,7.5370474,10.848766
ISIC_7045012,7.1034946,9.273986
ISIC_6904950,11.204258,11.251574
ISIC_4117748,9.044706,9.401692
ISIC_8362681,10.3800335,12.77527
ISIC_6833525,9.785963,12.557991
ISIC_1121888,8.697307,11.886112
ISIC_3587674,9.528343,12.187608
ISIC_0124902,10.728447,9.170087
ISIC_7808642,9.336941,12.056654
ISIC_2305541,12.627613,9.367278
ISIC_5509679,10.548782,10.922437
ISIC_8293325,6.286238,9.841155
ISIC_6415722,7.987683,9.34641
ISIC_3677029,7.3149953,8.744179
ISIC_4643793,8.139101,10.614629
ISIC_4064478,11.658981,6.451009
ISIC_6172037,7.442938,7.121527
ISIC_6210303,6.1703796,9.633721
ISIC_2979795,6.2840056,9.7916
ISIC_2884112,5.6577516,7.971096
ISIC_7356320,11.032061,8.074115
ISIC_7352298,10.766142,8.63574
ISIC_7545691,6.2636375,9.7283125
ISIC_3108597,6.0226526,9.496417
ISIC_0715696,7.043743,9.087192
ISIC_7285359,6.209975,9.675829
ISIC_9505560,7.333276,8.739335
ISIC_5582910,7.004536,9.060886
ISIC_0140502,6.89855,9.368645
ISIC_8688192,7.0200973,9.094598
ISIC_2286443,6.2473407,9.694605
ISIC_0472123,6.0645537,8.82586
ISIC_7317366,10.779476,8.563036
ISIC_5391607,7.3116136,8.736336
ISIC_7854404,6.145688,8.142224
ISIC_3427218,8.294701,11.262927
ISIC_5998475,5.7992,9.103699
ISIC_5915244,13.267474,7.7250667
ISIC_6603938,12.729849,6.880995
ISIC_2861132,11.469044,10.8714485
ISIC_4210924,7.3405957,6.4895344
ISIC_3412801,10.1472845,10.663721
ISIC_4461272,10.228354,8.78242
ISIC_3541529,7.0043073,9.125461
ISIC_9144852,6.2579637,9.720527
ISIC_4122691,7.2677917,10.599716
ISIC_9096150,10.242616,8.765569
ISIC_4408961,12.631386,8.077259
ISIC_1400695,11.606503,6.500356
ISIC_1876217,5.99663,8.773074
ISIC_0393283,7.251365,8.836718
ISIC_5224517,6.674913,9.7084875
ISIC_6269738,6.11757,9.6568775
ISIC_9602954,6.32699,8.762347
ISIC_4411858,7.279659,10.614765
ISIC_0508777,10.69263,6.5743265
ISIC_9668338,7.1127515,9.217677
ISIC_5920681,5.8006687,9.117496
ISIC_7715671,9.907799,11.162015
ISIC_4775986,5.9274697,9.435132
ISIC_3578300,10.815604,8.378026
ISIC_1483720,5.901192,9.433015
ISIC_3951937,6.2834973,9.858455
ISIC_3522656,11.298993,11.512404
ISIC_3249814,6.158789,9.608876
ISIC_1977937,6.1621156,9.627232
ISIC_3559219,10.427755,8.942902
ISIC_9724689,10.078285,10.269502
ISIC_1192769,6.0292506,8.794064
ISIC_4176718,5.8144436,9.155329
ISIC_0558060,11.704262,11.250081
ISIC_6666090,6.1368155,8.965905
ISIC_4412550,11.036668,8.07466
ISIC_7554287,10.7533455,12.251732
ISIC_8776516,5.636885,7.9771004
ISIC_6038463,7.3224964,8.734546
ISIC_5127249,6.2566986,8.84264
ISIC_6529350,6.3144474,9.773242
ISIC_0323009,6.322774,9.56907
ISIC_9678778,11.364422,7.539002
ISIC_9420311,12.578679,9.272555
ISIC_4005082,6.258943,9.83542
ISIC_5163263,10.993038,8.088712
ISIC_2204976,8.176546,6.6836042
ISIC_1012044,10.415471,8.887371
ISIC_0474387,6.8893504,9.071813
ISIC_2097603,6.2003493,9.638967
ISIC_2337531,8.312778,10.334351
ISIC_8498489,6.1309357,9.555639
ISIC_7081819,5.653627,7.9702616
ISIC_9842532,6.1482625,9.620112
ISIC_0327070,10.236113,8.775778
ISIC_9008372,6.1185203,9.660986
ISIC_3335354,8.538996,11.64095
ISIC_4981914,6.129577,9.596002
ISIC_9809482,7.474916,7.2064447
ISIC_4839117,6.8434544,9.382043
ISIC_5752865,10.473024,11.763835
ISIC_9992492,12.539069,8.676459
ISIC_3544253,6.2459354,9.788529
ISIC_3535003,11.2829895,8.5477295
ISIC_7542458,10.313197,8.718297
ISIC_5461797,11.697573,7.1037455
ISIC_9728499,7.471472,10.818992
ISIC_0450997,6.253423,9.6698675
ISIC_4249493,11.967496,6.88291
ISIC_1234126,13.046364,7.1416397
ISIC_3035927,5.93635,8.589421
ISIC_5658925,7.0242057,9.080142
ISIC_9800841,6.2880425,9.875692
ISIC_2196575,10.728711,12.233165
ISIC_1910468,8.513824,5.791552
ISIC_2619021,10.143463,10.775882
ISIC_7146494,11.044269,8.04317
ISIC_5003828,11.07682,7.997193
ISIC_5036772,6.3286247,8.796588
ISIC_0662485,6.2958703,9.884821
ISIC_5089962,12.600275,9.31384
ISIC_9630889,5.9367375,8.579719
ISIC_2339295,6.960838,9.409925
ISIC_4688289,7.4901304,7.211371
ISIC_3545006,5.9301248,9.452436
ISIC_3440239,6.235876,9.8021755
ISIC_9381298,10.229189,8.752774
ISIC_6012573,10.772551,8.614533
ISIC_2556057,6.207958,9.356118
ISIC_4184681,10.585483,12.008555
ISIC_8327076,8.060815,6.6428685
ISIC_1320438,10.227073,8.773561
ISIC_6013467,11.697326,6.9793363
ISIC_2309271,6.2927036,9.800914
ISIC_4746369,7.2727346,9.584368
ISIC_1822107,7.482731,7.252677
ISIC_5289849,11.614727,6.457539
ISIC_6752882,6.202959,9.664375
ISIC_5863574,12.630411,9.176588
ISIC_2863863,6.272451,9.823612
ISIC_9419633,6.2807927,9.819121
ISIC_4301676,10.739947,6.6101656
ISIC_4171657,7.104164,8.168911
ISIC_0852832,7.4627213,10.838619
ISIC_4907655,5.6465797,7.9550896
ISIC_5281117,6.2412796,9.803321
ISIC_8766402,6.260306,9.827587
ISIC_9233062,7.0327134,9.066551
ISIC_2742711,6.467544,9.309579
ISIC_5839875,6.412557,9.525839
ISIC_9641059,7.114606,8.199836
ISIC_2558169,6.2395186,9.786123
ISIC_0758444,6.2311044,9.804615
ISIC_0929180,7.4012685,6.9908633
ISIC_4119530,11.2755375,8.554217
ISIC_6931629,7.3910675,6.3960514
ISIC_6550602,5.9304433,9.409907
ISIC_8204363,11.673182,11.30388
ISIC_5356475,6.9491,9.093177
ISIC_5619562,5.9354143,9.451113
ISIC_3544463,6.15442,9.571615
ISIC_8864678,10.559478,8.785248
ISIC_4891117,7.0163426,9.1058
ISIC_5573077,10.177733,8.944596
ISIC_5418441,6.2579536,9.7642565
ISIC_1271507,6.144182,9.675614
ISIC_1110743,6.2479944,9.712984
ISIC_0404417,8.227565,10.293051
ISIC_9323485,10.506274,12.027584
ISIC_9432086,8.094833,11.025631
ISIC_4733114,5.6487193,7.977686
ISIC_8423180,11.105093,8.770986
ISIC_7423595,11.189394,8.58377
ISIC_5273210,6.010594,8.767404
ISIC_6193654,7.028074,9.1056595
ISIC_3635831,9.386207,11.258284
ISIC_9566132,6.01579,8.749876
ISIC_8225781,6.017559,8.691146
ISIC_0077281,11.225388,8.579316
ISIC_7003002,6.2454777,9.811919
ISIC_5292024,7.499247,7.191246
ISIC_3540915,10.223522,8.751773
ISIC_5082179,6.1476626,9.596839
ISIC_9485124,7.335786,8.740333
ISIC_0722605,6.0903573,8.778151
ISIC_5801650,12.952336,7.099027
ISIC_0308880,6.643843,9.694139
ISIC_9317339,6.022465,8.553242
ISIC_2425757,10.999292,8.204811
ISIC_8493254,10.439634,11.748728
ISIC_1968416,6.88882,9.41648
ISIC_4647281,5.997076,8.73057
ISIC_5395518,11.276667,8.580579
ISIC_8617353,8.402026,10.471542
ISIC_1427295,7.313248,8.758644
ISIC_7913874,8.317225,6.441235
ISIC_9662611,6.239005,9.779605
ISIC_4530856,6.0403557,8.771324
ISIC_1235469,11.739118,7.029684
ISIC_2340958,6.1539636,9.595509
ISIC_0151466,9.038914,10.722295
ISIC_3994385,10.860345,8.143262
ISIC_2000766,11.408887,8.540367
ISIC_9869190,7.4924946,10.845469
ISIC_8868249,5.8094196,9.113343
ISIC_4352505,10.802273,8.598423
ISIC_2826181,6.016305,8.643001
ISIC_4529513,6.2747965,9.864832
ISIC_8278782,6.289856,9.854911
ISIC_2368188,9.708129,10.357917
ISIC_1091442,10.530601,12.19769
ISIC_6378347,11.458606,9.397158
ISIC_1764844,5.54437,8.621624
ISIC_7759222,6.199556,8.822994
ISIC_1389226,6.2463045,9.792965
ISIC_3046271,7.2376375,8.801484
ISIC_7713609,11.623549,6.4604435
ISIC_9029938,6.5801187,9.777863
ISIC_6410570,10.713991,12.357499
ISIC_9767305,6.2398415,9.785976
ISIC_7563950,10.547554,8.879551
ISIC_6291375,7.3326535,10.510224
ISIC_6850912,7.406909,7.0570154
ISIC_3476246,7.9264483,6.621371
ISIC_4152922,13.292396,7.74549
ISIC_7473000,10.255391,8.766471
ISIC_6288607,6.328846,9.858979
ISIC_6321476,13.261145,7.731098
ISIC_0269622,6.2415657,9.795863
ISIC_8724412,6.236094,9.796193
ISIC_3404294,13.286161,7.7000947
ISIC_1056436,11.320232,8.55796
ISIC_8446478,7.0332613,9.093079
ISIC_8278036,8.244629,6.5915613
ISIC_2958480,11.298216,8.552351
ISIC_8187734,10.566647,8.779665
ISIC_8823228,11.716401,7.083074
ISIC_5699993,11.026282,8.041583
ISIC_3137117,6.1931276,9.219913
ISIC_2177103,11.093887,8.00709
ISIC_7564517,6.1111407,9.684905
ISIC_7000719,9.576044,12.563233
ISIC_5709512,10.765242,6.5977764
ISIC_7084754,6.631506,9.713348
ISIC_1658397,10.54185,8.808963
ISIC_4868339,5.6538725,7.9695263
ISIC_7808341,6.5989056,9.683328
ISIC_3352464,10.169302,9.009314
ISIC_6133338,10.215628,8.806928
ISIC_7899387,7.0317874,9.078945
ISIC_5700648,11.053403,8.366869
ISIC_5312996,13.500266,9.635136
ISIC_5423259,13.435138,7.388537
ISIC_7443971,13.455592,9.693135
