isic_id,cluster_label
ISIC_0000002,1
ISIC_0000004,0
ISIC_0000013,1
ISIC_0000022,1
ISIC_0000026,1
ISIC_0000029,1
ISIC_0000030,1
ISIC_0000031,1
ISIC_0000035,1
ISIC_0000036,0
ISIC_0000040,1
ISIC_0000046,1
ISIC_0000054,1
ISIC_0000056,1
ISIC_0000070,1
ISIC_0000076,0
ISIC_0000077,1
ISIC_0000078,1
ISIC_0000139,1
ISIC_0000140,0
ISIC_0000141,1
ISIC_0000142,0
ISIC_0000143,1
ISIC_0000144,0
ISIC_0000145,1
ISIC_0000146,0
ISIC_0000147,0
ISIC_0000148,1
ISIC_0000149,1
ISIC_0000150,1
ISIC_0000151,1
ISIC_0000152,1
ISIC_0000153,1
ISIC_0000154,1
ISIC_0000156,1
ISIC_0000157,1
ISIC_0000158,1
ISIC_0000159,1
ISIC_0000163,1
ISIC_0000165,1
ISIC_0000168,1
ISIC_0000169,1
ISIC_0000170,1
ISIC_0000172,1
ISIC_0000175,1
ISIC_0000176,1
ISIC_0000276,0
ISIC_0000277,0
ISIC_0000278,1
ISIC_0000281,0
ISIC_0000282,0
ISIC_0000283,0
ISIC_0000287,0
ISIC_0000290,0
ISIC_0000291,1
ISIC_0000292,1
ISIC_0000294,1
ISIC_0000296,1
ISIC_0000305,1
ISIC_0000390,1
ISIC_0000393,1
ISIC_0000394,1
ISIC_0000395,1
ISIC_0000398,1
ISIC_0000399,1
ISIC_0000400,1
ISIC_0000401,1
ISIC_0000402,1
ISIC_0000404,1
ISIC_0000405,1
ISIC_0000406,1
ISIC_0000410,1
ISIC_0000411,1
ISIC_0000412,1
ISIC_0000413,1
ISIC_0000414,1
ISIC_0000415,1
ISIC_0000417,1
ISIC_0000420,1
ISIC_0000428,1
ISIC_0000429,0
ISIC_0000432,1
ISIC_0000434,1
ISIC_0000438,0
ISIC_0000440,1
ISIC_0000441,1
ISIC_0000444,1
ISIC_0000445,1
ISIC_0000446,1
ISIC_0000450,1
ISIC_0000459,1
ISIC_0000462,1
ISIC_0000463,1
ISIC_0000466,1
ISIC_0000469,1
ISIC_0000482,1
ISIC_0000484,1
ISIC_0000487,1
ISIC_0000502,1
ISIC_0000511,1
ISIC_0000513,1
ISIC_0000516,1
ISIC_0000517,1
ISIC_0000518,1
ISIC_0000519,1
ISIC_0000520,1
ISIC_0000521,1
ISIC_0000522,1
ISIC_0000531,1
ISIC_0000533,1
ISIC_0000547,1
ISIC_0000548,1
ISIC_0000549,1
ISIC_0000551,1
ISIC_0000552,1
ISIC_0000553,1
ISIC_0000554,1
ISIC_0000555,1
ISIC_0001100,1
ISIC_0001101,1
ISIC_0001102,1
ISIC_0001103,1
ISIC_0001105,1
ISIC_0001106,1
ISIC_0001108,1
ISIC_0001110,1
ISIC_0001116,1
ISIC_0001118,1
ISIC_0001119,1
ISIC_0001121,1
ISIC_0001124,1
ISIC_0001125,0
ISIC_0001126,1
ISIC_0001127,1
ISIC_0001128,1
ISIC_0001131,-1
ISIC_0001132,1
ISIC_0001133,0
ISIC_0001134,1
ISIC_0001135,1
ISIC_0001137,1
ISIC_0001138,1
ISIC_0001140,1
ISIC_0001141,1
ISIC_0001142,1
ISIC_0001143,1
ISIC_0001148,1
ISIC_0001151,1
ISIC_0001152,-1
ISIC_0001154,1
ISIC_0001157,1
ISIC_0009868,1
ISIC_0009882,1
ISIC_0009890,1
ISIC_0009898,1
ISIC_0009905,1
ISIC_0009913,1
ISIC_0009916,1
ISIC_0009918,0
ISIC_0009924,1
ISIC_0009927,1
ISIC_0009934,1
ISIC_0009950,1
ISIC_0009955,1
ISIC_0009960,1
ISIC_0009971,1
ISIC_0009993,1
ISIC_0010000,1
ISIC_0010007,1
ISIC_0010011,1
ISIC_0010016,1
ISIC_0010023,1
ISIC_0010024,1
ISIC_0010029,1
ISIC_0010034,1
ISIC_0010036,1
ISIC_0010039,1
ISIC_0010049,1
ISIC_0010050,1
ISIC_0010054,1
ISIC_0010056,1
ISIC_0010067,1
ISIC_0010080,1
ISIC_0010081,1
ISIC_0010089,1
ISIC_0010094,1
ISIC_0010106,1
ISIC_0010119,1
ISIC_0010120,1
ISIC_0010131,-1
ISIC_0010137,1
ISIC_0010140,1
ISIC_0010145,1
ISIC_0010148,1
ISIC_0010162,1
ISIC_0010164,1
ISIC_0010165,1
ISIC_0010171,1
ISIC_0010174,1
ISIC_0010189,1
ISIC_0010194,1
ISIC_0010207,1
ISIC_0010208,1
ISIC_0010210,1
ISIC_0010225,1
ISIC_0010231,1
ISIC_0010235,1
ISIC_0010240,1
ISIC_0010241,1
ISIC_0010245,1
ISIC_0010251,1
ISIC_0010265,1
ISIC_0010271,1
ISIC_0010280,1
ISIC_0010283,1
ISIC_0010288,1
ISIC_0010295,1
ISIC_0010299,1
ISIC_0010313,1
ISIC_0010319,1
ISIC_0010321,1
ISIC_0010322,1
ISIC_0010350,1
ISIC_0010358,1
ISIC_0010360,1
ISIC_0010364,1
ISIC_0010366,1
ISIC_0010369,1
ISIC_0010372,1
ISIC_0010380,1
ISIC_0010392,1
ISIC_0010393,1
ISIC_0010394,1
ISIC_0010396,1
ISIC_0010397,1
ISIC_0010398,1
ISIC_0010400,1
ISIC_0010401,1
ISIC_0010402,1
ISIC_0010407,1
ISIC_0010410,1
ISIC_0010413,1
ISIC_0010415,1
ISIC_0010417,1
ISIC_0010426,1
ISIC_0010432,1
ISIC_0010441,1
ISIC_0010466,1
ISIC_0010468,1
ISIC_0010469,1
ISIC_0010470,1
ISIC_0010476,1
ISIC_0010482,1
ISIC_0010486,1
ISIC_0010495,1
ISIC_0010514,1
ISIC_0010527,1
ISIC_0010532,1
ISIC_0010543,1
ISIC_0010550,1
ISIC_0010551,1
ISIC_0010555,1
ISIC_0010559,0
ISIC_0010564,1
ISIC_0010576,1
ISIC_0010579,1
ISIC_0010583,1
ISIC_0010587,1
ISIC_0010591,1
ISIC_0010596,1
ISIC_0010597,1
ISIC_0010608,1
ISIC_0010609,1
ISIC_0010611,1
ISIC_0010631,-1
ISIC_0010644,1
ISIC_0010648,1
ISIC_0010653,1
ISIC_0010655,1
ISIC_0010707,1
ISIC_0010714,1
ISIC_0010723,1
ISIC_0010728,1
ISIC_0010729,1
ISIC_0010741,1
ISIC_0010749,1
ISIC_0010750,1
ISIC_0010757,1
ISIC_0010759,1
ISIC_0010764,1
ISIC_0010765,1
ISIC_0010766,1
ISIC_0010770,-1
ISIC_0010772,1
ISIC_0010777,1
ISIC_0010782,1
ISIC_0010784,1
ISIC_0010785,1
ISIC_0010789,1
ISIC_0010790,1
ISIC_0010791,1
ISIC_0010792,1
ISIC_0010803,1
ISIC_0010808,1
ISIC_0010809,1
ISIC_0010810,-1
ISIC_0010834,1
ISIC_0010852,1
ISIC_0010860,1
ISIC_0010862,0
ISIC_0010863,1
ISIC_0010866,1
ISIC_0010872,1
ISIC_0010876,1
ISIC_0010878,1
ISIC_0010883,1
ISIC_0010890,1
ISIC_0010898,1
ISIC_0010900,-1
ISIC_0010912,1
ISIC_0010917,1
ISIC_0010923,1
ISIC_0010938,1
ISIC_0010942,0
ISIC_0010965,1
ISIC_0010971,1
ISIC_0010977,1
ISIC_0010978,1
ISIC_0010979,1
ISIC_0010982,1
ISIC_0010993,1
ISIC_0010995,1
ISIC_0011007,1
ISIC_0011012,1
ISIC_0011030,1
ISIC_0011031,1
ISIC_0011039,1
ISIC_0011040,1
ISIC_0011042,1
ISIC_0011043,1
ISIC_0011045,1
ISIC_0011052,1
ISIC_0011057,1
ISIC_0011077,1
ISIC_0011099,1
ISIC_0011118,1
ISIC_0011122,1
ISIC_0011128,1
ISIC_0011130,1
ISIC_0011132,1
ISIC_0011135,1
ISIC_0011136,1
ISIC_0011137,1
ISIC_0011138,1
ISIC_0011139,1
ISIC_0011140,1
ISIC_0011151,1
ISIC_0011158,1
ISIC_0011161,1
ISIC_0011163,1
ISIC_0011166,1
ISIC_0011169,1
ISIC_0011176,1
ISIC_0011178,1
ISIC_0011181,1
ISIC_0011187,1
ISIC_0011193,1
ISIC_0011196,1
ISIC_0011209,1
ISIC_0011238,1
ISIC_0011239,1
ISIC_0011247,1
ISIC_0011256,1
ISIC_0011264,1
ISIC_0011267,1
ISIC_0011268,1
ISIC_0011269,1
ISIC_0011273,1
ISIC_0011305,1
ISIC_0011315,1
ISIC_0011337,1
ISIC_0011348,1
ISIC_0011350,1
ISIC_0011356,1
ISIC_0011366,1
ISIC_0011370,1
ISIC_0011374,1
ISIC_0011375,1
ISIC_0011381,1
ISIC_0011387,1
ISIC_0011388,1
ISIC_0011390,1
ISIC_0011391,0
ISIC_0011399,1
ISIC_0011404,1
ISIC_0011405,1
ISIC_0011428,1
ISIC_0011429,1
ISIC_0011430,1
ISIC_0011434,1
ISIC_0011435,1
ISIC_0011437,1
ISIC_0011438,1
ISIC_0011439,1
ISIC_0011458,1
ISIC_0011460,1
ISIC_0011463,1
ISIC_0011471,1
ISIC_0011474,1
ISIC_0011480,1
ISIC_0011481,1
ISIC_0011482,1
ISIC_0011483,1
ISIC_0011484,1
ISIC_0011485,1
ISIC_0011486,1
ISIC_0011487,1
ISIC_0011488,1
ISIC_0011489,1
ISIC_0011490,1
ISIC_0011491,1
ISIC_0011492,1
ISIC_0011493,1
ISIC_0011494,1
ISIC_0011501,1
ISIC_0011503,1
ISIC_0011504,1
ISIC_0011505,1
ISIC_0011506,1
ISIC_0011507,1
ISIC_0011508,1
ISIC_0011511,1
ISIC_0011514,1
ISIC_0011515,1
ISIC_0011516,1
ISIC_0011517,1
ISIC_0011518,1
ISIC_0011519,1
ISIC_0011520,1
ISIC_0011526,1
ISIC_0011527,-1
ISIC_0011528,-1
ISIC_0011529,-1
ISIC_0011530,-1
ISIC_0011531,-1
ISIC_0011534,1
ISIC_0011537,1
ISIC_0011560,1
ISIC_0011566,1
ISIC_0011579,1
ISIC_0011589,1
ISIC_0011590,1
ISIC_0011591,1
ISIC_0011594,1
ISIC_0011610,0
ISIC_0011613,1
ISIC_0011614,1
ISIC_0011615,1
ISIC_0011616,1
ISIC_0011618,0
ISIC_0011628,1
ISIC_0011649,1
ISIC_0011659,1
ISIC_0011684,1
ISIC_0011691,1
ISIC_0011692,1
ISIC_0011693,1
ISIC_0011694,1
ISIC_0011695,1
ISIC_0011696,1
ISIC_0011697,1
ISIC_0011698,1
ISIC_0011699,1
ISIC_0011700,1
ISIC_0011701,1
ISIC_0011702,1
ISIC_0011703,1
ISIC_0011704,1
ISIC_0011709,1
ISIC_0011710,1
ISIC_0011728,1
ISIC_0011729,1
ISIC_0011736,1
ISIC_0011743,1
ISIC_0011744,1
ISIC_0011758,-1
ISIC_0011759,-1
ISIC_0011764,1
ISIC_0011770,1
ISIC_0011771,1
ISIC_0011772,1
ISIC_0011773,1
ISIC_0011774,1
ISIC_0011778,1
ISIC_0011780,1
ISIC_0011782,1
ISIC_0011794,1
ISIC_0011797,1
ISIC_0011798,1
ISIC_0011799,1
ISIC_0011801,1
ISIC_0011802,1
ISIC_0011807,-1
ISIC_0011808,-1
ISIC_0011811,1
ISIC_0011812,1
ISIC_0011845,-1
ISIC_0011846,-1
ISIC_0011857,1
ISIC_0011858,1
ISIC_0011870,1
ISIC_0011872,1
ISIC_0011873,1
ISIC_0011874,1
ISIC_0011875,1
ISIC_0011876,1
ISIC_0011877,1
ISIC_0011878,1
ISIC_0011879,1
ISIC_0011892,1
ISIC_0011895,1
ISIC_0011898,1
ISIC_0011904,1
ISIC_0011921,1
ISIC_0011922,1
ISIC_0011923,1
ISIC_0011930,1
ISIC_0011931,1
ISIC_0011933,1
ISIC_0011943,1
ISIC_0011944,1
ISIC_0011947,1
ISIC_0011948,1
ISIC_0011949,1
ISIC_0011950,1
ISIC_0011951,1
ISIC_0011957,1
ISIC_0011958,1
ISIC_0011975,1
ISIC_0011987,1
ISIC_0011996,1
ISIC_0011998,1
ISIC_0012000,1
ISIC_0012044,1
ISIC_0012047,1
ISIC_0012048,1
ISIC_0012049,1
ISIC_0012060,1
ISIC_0012063,1
ISIC_0012066,1
ISIC_0012069,1
ISIC_0012081,1
ISIC_0012082,1
ISIC_0012083,1
ISIC_0012099,1
ISIC_0012112,1
ISIC_0012137,1
ISIC_0012151,1
ISIC_0012208,1
ISIC_0012258,1
ISIC_0012270,1
ISIC_0012288,1
ISIC_0012290,1
ISIC_0012298,1
ISIC_0012321,1
ISIC_0012348,1
ISIC_0012356,1
ISIC_0012369,1
ISIC_0012382,1
ISIC_0012391,1
ISIC_0012418,1
ISIC_0012425,1
ISIC_0012434,1
ISIC_0012435,-1
ISIC_0012450,1
ISIC_0012471,1
ISIC_0012472,0
ISIC_0012512,1
ISIC_0012571,1
ISIC_0012574,1
ISIC_0012577,1
ISIC_0012580,1
ISIC_0012592,1
ISIC_0012595,1
ISIC_0012610,1
ISIC_0012633,1
ISIC_0012678,1
ISIC_0012701,1
ISIC_0012756,1
ISIC_0012758,1
ISIC_0012843,1
ISIC_0012887,1
ISIC_0012930,1
ISIC_0012988,1
ISIC_0012989,1
ISIC_0012990,1
ISIC_0013072,1
ISIC_0013073,1
ISIC_0013079,1
ISIC_0013141,1
ISIC_0013184,1
ISIC_0013198,1
ISIC_0013232,1
ISIC_0013242,1
ISIC_0013258,1
ISIC_0013277,1
ISIC_0013321,0
ISIC_0013334,0
ISIC_0013359,1
ISIC_0013365,1
ISIC_0013374,1
ISIC_0013411,1
ISIC_0013427,1
ISIC_0013429,1
ISIC_0013444,1
ISIC_0013455,1
ISIC_0013457,1
ISIC_0013459,1
ISIC_0013460,1
ISIC_0013472,1
ISIC_0013473,1
ISIC_0013490,1
ISIC_0013491,1
ISIC_0013497,1
ISIC_0013499,1
ISIC_0013500,1
ISIC_0013501,1
ISIC_0013518,1
ISIC_0013525,1
ISIC_0013530,1
ISIC_0013548,1
ISIC_0013549,1
ISIC_0013565,1
ISIC_0013567,1
ISIC_0013572,1
ISIC_0013577,1
ISIC_0013578,1
ISIC_0013579,1
ISIC_0013581,1
ISIC_0013588,-1
ISIC_0013594,1
ISIC_0013606,1
ISIC_0013610,1
ISIC_0013615,1
ISIC_0013617,1
ISIC_0013618,1
ISIC_0013626,1
ISIC_0013634,1
ISIC_0013636,1
ISIC_0013639,1
ISIC_0013646,1
ISIC_0013651,1
ISIC_0013652,1
ISIC_0013663,1
ISIC_0013671,1
ISIC_0013672,1
ISIC_0013696,1
ISIC_0013702,1
ISIC_0013733,1
ISIC_0013736,1
ISIC_0013739,1
ISIC_0013740,1
ISIC_0013744,1
ISIC_0013762,1
ISIC_0013766,1
ISIC_0013767,1
ISIC_0013768,1
ISIC_0013769,1
ISIC_0013775,1
ISIC_0013777,1
ISIC_0013783,1
ISIC_0013813,1
ISIC_0013814,1
ISIC_0013815,1
ISIC_0013831,1
ISIC_0013832,1
ISIC_0013833,1
ISIC_0013839,1
ISIC_0013842,1
ISIC_0013844,1
ISIC_0013845,1
ISIC_0013861,1
ISIC_0013865,1
ISIC_0013867,1
ISIC_0013874,1
ISIC_0013908,1
ISIC_0013917,1
ISIC_0013936,1
ISIC_0013948,1
ISIC_0013953,1
ISIC_0013969,1
ISIC_0013972,1
ISIC_0013975,1
ISIC_0013984,1
ISIC_0013987,1
ISIC_0013988,1
ISIC_0013992,1
ISIC_0013995,-1
ISIC_0013997,1
ISIC_0014013,1
ISIC_0014037,-1
ISIC_0014044,1
ISIC_0014049,1
ISIC_0014059,1
ISIC_0014061,1
ISIC_0014062,1
ISIC_0014072,1
ISIC_0014076,1
ISIC_0014077,1
ISIC_0014079,1
ISIC_0014082,1
ISIC_0014086,1
ISIC_0014088,1
ISIC_0014091,0
ISIC_0014092,1
ISIC_0014099,0
ISIC_0014103,1
ISIC_0014108,1
ISIC_0014110,1
ISIC_0014127,1
ISIC_0014129,1
ISIC_0014132,1
ISIC_0014133,1
ISIC_0014144,1
ISIC_0014148,1
ISIC_0014151,1
ISIC_0014156,1
ISIC_0014157,1
ISIC_0014160,1
ISIC_0014163,1
ISIC_0014165,1
ISIC_0014171,1
ISIC_0014173,0
ISIC_0014181,1
ISIC_0014183,1
ISIC_0014186,1
ISIC_0014187,1
ISIC_0014189,1
ISIC_0014190,1
ISIC_0014217,1
ISIC_0014219,1
ISIC_0014222,1
ISIC_0014229,1
ISIC_0014233,1
ISIC_0014238,1
ISIC_0014249,1
ISIC_0014270,1
ISIC_0014284,1
ISIC_0014288,1
ISIC_0014289,1
ISIC_0014290,1
ISIC_0014291,1
ISIC_0014302,1
ISIC_0014308,1
ISIC_0014316,1
ISIC_0014319,1
ISIC_0014324,1
ISIC_0014325,1
ISIC_0014327,1
ISIC_0014331,1
ISIC_0014336,1
ISIC_0014337,1
ISIC_0014347,1
ISIC_0014349,1
ISIC_0014357,1
ISIC_0014360,1
ISIC_0014361,1
ISIC_0014366,1
ISIC_0014369,1
ISIC_0014372,1
ISIC_0014377,1
ISIC_0014385,1
ISIC_0014395,1
ISIC_0014400,1
ISIC_0014422,1
ISIC_0014423,1
ISIC_0014428,1
ISIC_0014434,-1
ISIC_0014454,1
ISIC_0014476,1
ISIC_0014478,1
ISIC_0014480,1
ISIC_0014486,1
ISIC_0014489,1
ISIC_0014501,1
ISIC_0014506,1
ISIC_0014507,1
ISIC_0014513,1
ISIC_0014525,1
ISIC_0014527,1
ISIC_0014541,1
ISIC_0014543,1
ISIC_0014545,1
ISIC_0014546,1
ISIC_0014548,1
ISIC_0014557,1
ISIC_0014558,1
ISIC_0014559,1
ISIC_0014663,1
ISIC_0014666,1
ISIC_0014671,-1
ISIC_0014681,1
ISIC_0014688,1
ISIC_0014689,1
ISIC_0014690,1
ISIC_0014703,1
ISIC_0014722,1
ISIC_0014727,1
ISIC_0014766,1
ISIC_0014772,1
ISIC_0014784,1
ISIC_0014788,1
ISIC_0014790,1
ISIC_0014795,1
ISIC_0014800,1
ISIC_0014809,1
ISIC_0014813,1
ISIC_0014826,1
ISIC_0014832,1
ISIC_0014852,1
ISIC_0014857,1
ISIC_0014858,1
ISIC_0014862,1
ISIC_0014864,-1
ISIC_0014871,1
ISIC_0014872,1
ISIC_0014873,1
ISIC_0014874,1
ISIC_0014877,1
ISIC_0014880,1
ISIC_0014883,1
ISIC_0014891,1
ISIC_0014892,1
ISIC_0014893,1
ISIC_0014897,1
ISIC_0014900,1
ISIC_0014912,1
ISIC_0014918,1
ISIC_0014919,1
ISIC_0014920,1
ISIC_0014924,1
ISIC_0014928,1
ISIC_0014931,1
ISIC_0014935,1
ISIC_0014951,1
ISIC_0014953,1
ISIC_0014963,1
ISIC_0014970,1
ISIC_0014975,1
ISIC_0014979,1
ISIC_0014980,1
ISIC_0014982,1
ISIC_0014983,1
ISIC_0014985,1
ISIC_0014987,1
ISIC_0014999,1
ISIC_0015004,1
ISIC_0015005,1
ISIC_0015041,1
ISIC_0015045,1
ISIC_0015050,1
ISIC_0015065,1
ISIC_0015067,1
ISIC_0015073,1
ISIC_0015079,-1
ISIC_0015082,1
ISIC_0015083,1
ISIC_0015088,1
ISIC_0015096,1
ISIC_0015106,-1
ISIC_0015109,1
ISIC_0015114,1
ISIC_0015115,1
ISIC_0015116,1
ISIC_0015119,1
ISIC_0015120,1
ISIC_0015122,1
ISIC_0015124,1
ISIC_0015127,1
ISIC_0015128,1
ISIC_0015132,1
ISIC_0015133,1
ISIC_0015136,1
ISIC_0015141,1
ISIC_0015142,1
ISIC_0015143,-1
ISIC_0015145,1
ISIC_0015156,1
ISIC_0015163,1
ISIC_0015166,1
ISIC_0015167,0
ISIC_0015169,1
ISIC_0015178,1
ISIC_0015180,1
ISIC_0015185,0
ISIC_0015189,1
ISIC_0015190,1
ISIC_0015191,1
ISIC_0015192,-1
ISIC_0015193,1
ISIC_0015194,1
ISIC_0015196,-1
ISIC_0015197,-1
ISIC_0015204,1
ISIC_0015205,1
ISIC_0015206,1
ISIC_0015213,1
ISIC_0015219,1
ISIC_0015228,0
ISIC_0015229,1
ISIC_0015230,1
ISIC_0015236,1
ISIC_0015243,1
ISIC_0015246,1
ISIC_0015248,1
ISIC_0015251,1
ISIC_0015256,1
ISIC_0015266,1
ISIC_0015277,1
ISIC_0015284,0
ISIC_0015288,1
ISIC_0015289,1
ISIC_0015314,1
ISIC_0015316,1
ISIC_0015317,-1
ISIC_0015318,1
ISIC_0015332,0
ISIC_0015336,1
ISIC_0015343,1
ISIC_0015356,1
ISIC_0015377,1
ISIC_0015433,1
ISIC_0015434,1
ISIC_0015441,1
ISIC_0015442,-1
ISIC_0015457,0
ISIC_0015458,0
ISIC_0015477,1
ISIC_0015503,1
ISIC_0015508,1
ISIC_0015514,1
ISIC_0015517,1
ISIC_0015519,1
ISIC_0015522,1
ISIC_0015523,1
ISIC_0015533,1
ISIC_0015565,1
ISIC_0015575,-1
ISIC_0015595,0
ISIC_0015608,1
ISIC_0015619,0
ISIC_0016080,1
ISIC_0016081,1
ISIC_0016082,1
ISIC_0016084,1
ISIC_0016085,1
ISIC_0016092,1
ISIC_0016094,1
ISIC_0016112,1
ISIC_0016114,1
ISIC_0016123,1
ISIC_0016127,-1
ISIC_0016128,1
ISIC_0016131,1
ISIC_0016133,1
ISIC_0016137,1
ISIC_0016139,1
ISIC_0016145,0
ISIC_0016153,1
ISIC_0016161,1
ISIC_0016162,0
ISIC_0016438,1
ISIC_0016911,1
ISIC_0017350,1
ISIC_0017399,1
ISIC_0017411,1
ISIC_0017414,1
ISIC_0017415,1
ISIC_0017422,1
ISIC_0017428,1
ISIC_0017431,1
ISIC_0017434,1
ISIC_0017436,1
ISIC_0017443,1
ISIC_0017448,1
ISIC_0017451,1
ISIC_0017453,1
ISIC_0017455,1
ISIC_0017460,1
ISIC_0017485,1
ISIC_0017486,1
ISIC_0017856,1
ISIC_0018039,1
ISIC_0018040,1
ISIC_0019315,1
ISIC_0019334,1
ISIC_0019335,1
ISIC_0019432,1
ISIC_0020491,1
ISIC_0020963,1
ISIC_0020975,1
ISIC_0020977,1
ISIC_0020978,1
ISIC_0020985,1
ISIC_0020986,1
ISIC_0020987,1
ISIC_0020988,1
ISIC_0020998,1
ISIC_0021009,1
ISIC_0021020,1
ISIC_0021094,1
ISIC_0021095,1
ISIC_0021125,1
ISIC_0021136,1
ISIC_0021147,1
ISIC_0021155,1
ISIC_0021162,1
ISIC_0021166,1
ISIC_0021167,1
ISIC_0021168,1
ISIC_0021172,1
ISIC_0021187,1
ISIC_0021188,1
ISIC_0021189,1
ISIC_0021194,1
ISIC_0021205,1
ISIC_0021271,1
ISIC_0021282,1
ISIC_0021293,1
ISIC_0021295,1
ISIC_0021296,1
ISIC_0021297,1
ISIC_0021328,1
ISIC_0021329,1
ISIC_0021330,1
ISIC_0021339,1
ISIC_0021340,1
ISIC_0021341,1
ISIC_0021382,0
ISIC_0021383,0
ISIC_0021384,0
ISIC_0021390,1
ISIC_0021391,1
ISIC_0021399,1
ISIC_0021400,1
ISIC_0021401,1
ISIC_0021405,1
ISIC_0021407,-1
ISIC_0021408,1
ISIC_0021426,1
ISIC_0021427,1
ISIC_0021428,1
ISIC_0021432,1
ISIC_0021434,1
ISIC_0021435,1
ISIC_0021439,1
ISIC_0021440,1
ISIC_0021441,1
ISIC_0021442,1
ISIC_0021443,1
ISIC_0021446,1
ISIC_0021473,1
ISIC_0021474,1
ISIC_0021475,1
ISIC_0021480,1
ISIC_0021481,1
ISIC_0021482,1
ISIC_0021491,1
ISIC_0021492,1
ISIC_0021493,1
ISIC_0021497,1
ISIC_0021498,1
ISIC_0021500,1
ISIC_0021530,1
ISIC_0021531,1
ISIC_0021533,1
ISIC_0021534,1
ISIC_0021535,1
ISIC_0021536,1
ISIC_0021542,1
ISIC_0021543,1
ISIC_0021544,1
ISIC_0021611,1
ISIC_0021622,1
ISIC_0021627,1
ISIC_0021646,1
ISIC_0021647,1
ISIC_0021648,1
ISIC_0021687,1
ISIC_0021688,1
ISIC_0021689,1
ISIC_0021706,1
ISIC_0021708,1
ISIC_0021709,1
ISIC_0021710,1
ISIC_0021711,1
ISIC_0021713,1
ISIC_0021728,1
ISIC_0021729,1
ISIC_0021730,1
ISIC_0021745,1
ISIC_0021746,1
ISIC_0021747,1
ISIC_0021768,1
ISIC_0021770,1
ISIC_0021771,1
ISIC_0021772,1
ISIC_0021780,1
ISIC_0021781,1
ISIC_0021782,1
ISIC_0021783,1
ISIC_0021784,1
ISIC_0021785,1
ISIC_0021786,1
ISIC_0021787,1
ISIC_0021789,1
ISIC_0021800,1
ISIC_0021801,1
ISIC_0021802,1
ISIC_0021803,1
ISIC_0021804,1
ISIC_0021805,1
ISIC_0021816,-1
ISIC_0021818,1
ISIC_0021819,1
ISIC_0021850,1
ISIC_0021851,1
ISIC_0021896,1
ISIC_0021897,1
ISIC_0021898,1
ISIC_0021899,-1
ISIC_0021900,1
ISIC_0021901,-1
ISIC_0021908,1
ISIC_0021917,1
ISIC_0021921,1
ISIC_0021925,1
ISIC_0021926,1
ISIC_0021927,1
ISIC_0021967,-1
ISIC_0021969,1
ISIC_0021970,1
ISIC_0021971,1
ISIC_0021972,-1
ISIC_0021973,-1
ISIC_0021974,-1
ISIC_0021975,1
ISIC_0021976,-1
ISIC_0021977,1
ISIC_0021978,-1
ISIC_0021979,1
ISIC_0021980,1
ISIC_0021981,-1
ISIC_0021985,1
ISIC_0021996,1
ISIC_0021997,1
ISIC_0022000,1
ISIC_0022003,1
ISIC_0022009,1
ISIC_0022010,1
ISIC_0022011,0
ISIC_0022012,0
ISIC_0022013,1
ISIC_0022022,1
ISIC_0022048,1
ISIC_0022059,1
ISIC_0022066,1
ISIC_0022067,1
ISIC_0022068,1
ISIC_0022069,1
ISIC_0022070,1
ISIC_0022071,1
ISIC_0022073,1
ISIC_0022075,1
ISIC_0022076,1
ISIC_0022077,1
ISIC_0022078,1
ISIC_0022079,1
ISIC_0022080,1
ISIC_0022081,1
ISIC_0022082,-1
ISIC_0022083,1
ISIC_0022102,1
ISIC_0022113,1
ISIC_0022123,1
ISIC_0022124,1
ISIC_0022125,1
ISIC_0022154,1
ISIC_0022155,1
ISIC_0022156,1
ISIC_0022157,1
ISIC_0022180,1
ISIC_0022195,1
ISIC_0022196,1
ISIC_0022197,1
ISIC_0022198,1
ISIC_0022199,1
ISIC_0022245,1
ISIC_0022246,1
ISIC_0022254,1
ISIC_0022255,1
ISIC_0022256,1
ISIC_0022286,1
ISIC_0022304,1
ISIC_0022305,1
ISIC_0022306,1
ISIC_0022307,1
ISIC_0022308,1
ISIC_0022311,1
ISIC_0022312,1
ISIC_0022313,1
ISIC_0022314,1
ISIC_0022315,1
ISIC_0022316,1
ISIC_0022317,1
ISIC_0022318,1
ISIC_0022319,1
ISIC_0022321,1
ISIC_0022322,1
ISIC_0022327,1
ISIC_0022328,1
ISIC_0022329,1
ISIC_0022330,1
ISIC_0022332,1
ISIC_0022338,1
ISIC_0022339,1
ISIC_0022340,1
ISIC_0022378,1
ISIC_0022379,1
ISIC_0022380,1
ISIC_0022381,1
ISIC_0022382,1
ISIC_0022383,1
ISIC_0022384,1
ISIC_0022385,1
ISIC_0022397,1
ISIC_0022398,1
ISIC_0022399,1
ISIC_0022437,1
ISIC_0022439,1
ISIC_0022440,1
ISIC_0022442,1
ISIC_0022463,1
ISIC_0022474,1
ISIC_0022570,1
ISIC_0022571,1
ISIC_0022572,1
ISIC_0022573,1
ISIC_0022574,1
ISIC_0022597,1
ISIC_0022601,1
ISIC_0022602,1
ISIC_0022603,1
ISIC_0022604,1
ISIC_0022615,1
ISIC_0022616,1
ISIC_0022617,1
ISIC_0022624,1
ISIC_0022660,1
ISIC_0022679,1
ISIC_0022682,1
ISIC_0022683,1
ISIC_0022684,1
ISIC_0022685,1
ISIC_0022686,1
ISIC_0022783,1
ISIC_0022793,1
ISIC_0022794,1
ISIC_0022796,1
ISIC_0022797,1
ISIC_0022798,1
ISIC_0022799,1
ISIC_0022894,1
ISIC_0023021,1
ISIC_0023022,1
ISIC_0023023,1
ISIC_0023025,1
ISIC_0023026,1
ISIC_0023042,0
ISIC_0023043,1
ISIC_0023044,1
ISIC_0023045,1
ISIC_0023047,1
ISIC_0023048,1
ISIC_0023049,1
ISIC_0023050,1
ISIC_0023051,1
ISIC_0023052,0
ISIC_0023053,1
ISIC_0023054,1
ISIC_0023103,-1
ISIC_0023104,-1
ISIC_0023105,-1
ISIC_0023106,-1
ISIC_0023107,-1
ISIC_0023108,-1
ISIC_0023109,-1
ISIC_0023110,-1
ISIC_0023111,-1
ISIC_0023116,1
ISIC_0023117,1
ISIC_0023119,1
ISIC_0023130,0
ISIC_0023131,0
ISIC_0023132,0
ISIC_0023133,0
ISIC_0023161,1
ISIC_0023163,1
ISIC_0023164,1
ISIC_0023165,1
ISIC_0023236,1
ISIC_0023262,1
ISIC_0023264,1
ISIC_0023265,1
ISIC_0023266,1
ISIC_0023267,1
ISIC_0023268,1
ISIC_0023269,1
ISIC_0023270,1
ISIC_0023271,1
ISIC_0023272,1
ISIC_0023273,1
ISIC_0023275,1
ISIC_0023276,-1
ISIC_0023277,-1
ISIC_0023278,1
ISIC_0023279,1
ISIC_0023280,1
ISIC_0023281,1
ISIC_0023282,1
ISIC_0023283,1
ISIC_0023284,1
ISIC_0023286,0
ISIC_0023287,1
ISIC_0023288,1
ISIC_0023289,1
ISIC_0023290,1
ISIC_0023291,1
ISIC_0023292,1
ISIC_0023293,1
ISIC_0023294,1
ISIC_0023295,1
ISIC_0023296,1
ISIC_0023297,1
ISIC_0023298,1
ISIC_0023299,1
ISIC_0023300,1
ISIC_0023301,1
ISIC_0023302,1
ISIC_0023303,1
ISIC_0023304,1
ISIC_0023305,1
ISIC_0023306,1
ISIC_0023307,1
ISIC_0023308,1
ISIC_0023309,1
ISIC_0023310,1
ISIC_0023311,1
ISIC_0023312,1
ISIC_0023313,1
ISIC_0023314,1
ISIC_0023315,1
ISIC_0023316,1
ISIC_0023317,1
ISIC_0023318,1
ISIC_0023320,1
ISIC_0023321,1
ISIC_0023322,1
ISIC_0023323,1
ISIC_0023324,1
ISIC_0023325,1
ISIC_0023326,0
ISIC_0023327,1
ISIC_0023328,1
ISIC_0023329,1
ISIC_0023331,1
ISIC_0023364,1
ISIC_0023365,1
ISIC_0023366,1
ISIC_0023367,1
ISIC_0023368,1
ISIC_0023369,1
ISIC_0023370,1
ISIC_0023371,1
ISIC_0023372,1
ISIC_0023374,1
ISIC_0023375,1
ISIC_0023376,1
ISIC_0023377,1
ISIC_0023395,1
ISIC_0023396,1
ISIC_0023397,1
ISIC_0023398,1
ISIC_0023399,1
ISIC_0023427,0
ISIC_0023438,0
ISIC_0023458,0
ISIC_0023459,0
ISIC_0023460,0
ISIC_0023461,0
ISIC_0023462,0
ISIC_0023463,0
ISIC_0023464,0
ISIC_0023465,0
ISIC_0023466,0
ISIC_0023467,-1
ISIC_0023469,0
ISIC_0023482,1
ISIC_0023483,1
ISIC_0023484,1
ISIC_0023485,1
ISIC_0023486,1
ISIC_0023488,1
ISIC_0023489,1
ISIC_0023490,1
ISIC_0023491,1
ISIC_0023492,1
ISIC_0023493,1
ISIC_0023494,1
ISIC_0023495,1
ISIC_0023496,1
ISIC_0023497,1
ISIC_0023500,1
ISIC_0023502,1
ISIC_0023503,1
ISIC_0023504,0
ISIC_0023505,1
ISIC_0023506,1
ISIC_0023507,1
ISIC_0023508,1
ISIC_0023509,1
ISIC_0023511,1
ISIC_0023512,1
ISIC_0023513,1
ISIC_0023514,1
ISIC_0023515,1
ISIC_0023516,1
ISIC_0023517,1
ISIC_0023518,1
ISIC_0023519,1
ISIC_0023524,1
ISIC_0023525,1
ISIC_0023526,1
ISIC_0023529,1
ISIC_0023530,1
ISIC_0023531,1
ISIC_0023553,1
ISIC_0023554,1
ISIC_0023561,1
ISIC_0023574,1
ISIC_0023575,1
ISIC_0023594,1
ISIC_0023596,1
ISIC_0023597,1
ISIC_0023604,1
ISIC_0023606,1
ISIC_0023608,1
ISIC_0023620,1
ISIC_0023631,1
ISIC_0023634,0
ISIC_0023635,0
ISIC_0023636,0
ISIC_0023637,0
ISIC_0023638,0
ISIC_0023639,0
ISIC_0023640,0
ISIC_0023641,0
ISIC_0023642,1
ISIC_0023643,0
ISIC_0023644,0
ISIC_0023645,0
ISIC_0023646,1
ISIC_0023647,1
ISIC_0023648,1
ISIC_0023669,1
ISIC_0023670,1
ISIC_0023671,1
ISIC_0023675,1
ISIC_0023685,1
ISIC_0023705,1
ISIC_0023706,-1
ISIC_0023707,-1
ISIC_0023708,1
ISIC_0023711,1
ISIC_0023712,1
ISIC_0023744,1
ISIC_0023747,1
ISIC_0023755,1
ISIC_0023762,1
ISIC_0023763,1
ISIC_0023764,1
ISIC_0023765,1
ISIC_0023766,1
ISIC_0023767,1
ISIC_0023769,1
ISIC_0023770,1
ISIC_0023771,1
ISIC_0023786,1
ISIC_0023787,1
ISIC_0023806,1
ISIC_0023807,1
ISIC_0023808,1
ISIC_0023809,1
ISIC_0023811,1
ISIC_0023812,1
ISIC_0023836,1
ISIC_0023837,1
ISIC_0023838,1
ISIC_0023839,1
ISIC_0023843,1
ISIC_0023853,1
ISIC_0023854,1
ISIC_0023855,1
ISIC_0023856,1
ISIC_0023890,1
ISIC_0023891,1
ISIC_0023893,1
ISIC_0023900,1
ISIC_0023901,1
ISIC_0023902,1
ISIC_0023903,1
ISIC_0023923,1
ISIC_0023924,1
ISIC_0023925,1
ISIC_0024005,1
ISIC_0024015,1
ISIC_0024016,1
ISIC_0024018,1
ISIC_0024032,1
ISIC_0024033,1
ISIC_0024034,1
ISIC_0024072,1
ISIC_0024083,1
ISIC_0024085,1
ISIC_0024086,1
ISIC_0024087,1
ISIC_0024091,1
ISIC_0024095,1
ISIC_0024096,1
ISIC_0024097,1
ISIC_0024108,1
ISIC_0024109,1
ISIC_0024112,1
ISIC_0024119,1
ISIC_0024120,1
ISIC_0024121,1
ISIC_0024193,1
ISIC_0024194,1
ISIC_0024195,1
ISIC_0024313,1
ISIC_0024315,1
ISIC_0024351,1
ISIC_0024481,1
ISIC_0024537,1
ISIC_0024546,1
ISIC_0024586,1
ISIC_0024624,1
ISIC_0024644,1
ISIC_0024675,1
ISIC_0024688,1
ISIC_0024733,1
ISIC_0024792,1
ISIC_0024806,1
ISIC_0024865,1
ISIC_0024886,1
ISIC_0024898,1
ISIC_0024900,1
ISIC_0024911,1
ISIC_0024918,1
ISIC_0024932,1
ISIC_0024952,1
ISIC_0024972,0
ISIC_0025018,1
ISIC_0025035,1
ISIC_0025081,1
ISIC_0025085,1
ISIC_0025127,1
ISIC_0025128,1
ISIC_0025155,1
ISIC_0025219,1
ISIC_0025235,1
ISIC_0025238,1
ISIC_0025265,1
ISIC_0025316,1
ISIC_0025409,1
ISIC_0025451,0
ISIC_0025489,1
ISIC_0025550,1
ISIC_0025573,1
ISIC_0025589,1
ISIC_0025592,1
ISIC_0025603,1
ISIC_0025611,1
ISIC_0025663,1
ISIC_0025674,1
ISIC_0025708,1
ISIC_0025724,1
ISIC_0025748,1
ISIC_0025751,1
ISIC_0025766,1
ISIC_0025783,1
ISIC_0025791,1
ISIC_0025832,1
ISIC_0025835,1
ISIC_0025891,1
ISIC_0025904,1
ISIC_0025941,1
ISIC_0025963,1
ISIC_0025964,1
ISIC_0026009,1
ISIC_0026081,1
ISIC_0026105,1
ISIC_0026113,1
ISIC_0026115,1
ISIC_0026150,1
ISIC_0026207,1
ISIC_0026229,0
ISIC_0026236,1
ISIC_0026239,1
ISIC_0026247,1
ISIC_0026258,1
ISIC_0026296,1
ISIC_0026314,1
ISIC_0026352,1
ISIC_0026360,1
ISIC_0026475,1
ISIC_0026506,1
ISIC_0026516,1
ISIC_0026596,1
ISIC_0026604,1
ISIC_0026622,1
ISIC_0026694,1
ISIC_0026746,1
ISIC_0026770,1
ISIC_0026774,1
ISIC_0026802,1
ISIC_0026897,1
ISIC_0026930,1
ISIC_0026954,1
ISIC_0026963,1
ISIC_0026993,1
ISIC_0026996,1
ISIC_0027043,1
ISIC_0027089,1
ISIC_0027105,1
ISIC_0027125,1
ISIC_0027171,1
ISIC_0027174,1
ISIC_0027260,1
ISIC_0027261,0
ISIC_0027263,1
ISIC_0027282,1
ISIC_0027327,1
ISIC_0027359,1
ISIC_0027387,1
ISIC_0027402,1
ISIC_0027407,1
ISIC_0027436,1
ISIC_0027480,1
ISIC_0027487,1
ISIC_0027502,1
ISIC_0027507,1
ISIC_0027517,1
ISIC_0027561,1
ISIC_0027604,1
ISIC_0027616,1
ISIC_0027620,1
ISIC_0027622,1
ISIC_0027659,1
ISIC_0027693,1
ISIC_0027769,1
ISIC_0027793,1
ISIC_0027797,1
ISIC_0027832,1
ISIC_0027863,1
ISIC_0027900,1
ISIC_0027956,1
ISIC_0028003,1
ISIC_0028017,1
ISIC_0028022,1
ISIC_0028029,1
ISIC_0028033,1
ISIC_0028041,1
ISIC_0028056,1
ISIC_0028065,1
ISIC_0028069,1
ISIC_0028103,1
ISIC_0028109,1
ISIC_0028215,1
ISIC_0028219,1
ISIC_0028225,1
ISIC_0028306,1
ISIC_0028325,1
ISIC_0028326,1
ISIC_0028460,1
ISIC_0028467,1
ISIC_0028489,1
ISIC_0028493,1
ISIC_0028537,1
ISIC_0028565,1
ISIC_0028567,1
ISIC_0028579,1
ISIC_0028685,1
ISIC_0028696,1
ISIC_0028718,1
ISIC_0028760,1
ISIC_0028860,1
ISIC_0028901,0
ISIC_0028915,1
ISIC_0028929,1
ISIC_0028930,1
ISIC_0028965,1
ISIC_0029013,1
ISIC_0029017,1
ISIC_0029028,1
ISIC_0029033,1
ISIC_0029056,1
ISIC_0029170,1
ISIC_0029242,1
ISIC_0029272,1
ISIC_0029318,1
ISIC_0029343,1
ISIC_0029397,1
ISIC_0029434,1
ISIC_0029480,1
ISIC_0029495,1
ISIC_0029513,1
ISIC_0029538,1
ISIC_0029570,1
ISIC_0029571,1
ISIC_0029606,1
ISIC_0029651,1
ISIC_0029652,1
ISIC_0029660,1
ISIC_0029698,1
ISIC_0029839,1
ISIC_0029859,1
ISIC_0029885,1
ISIC_0029913,1
ISIC_0030002,1
ISIC_0030034,0
ISIC_0030047,1
ISIC_0030083,1
ISIC_0030089,1
ISIC_0030122,1
ISIC_0030134,1
ISIC_0030171,1
ISIC_0030183,1
ISIC_0030192,1
ISIC_0030255,1
ISIC_0030281,1
ISIC_0030356,1
ISIC_0030366,1
ISIC_0030391,1
ISIC_0030440,1
ISIC_0030445,1
ISIC_0030501,1
ISIC_0030507,1
ISIC_0030512,1
ISIC_0030521,1
ISIC_0030539,1
ISIC_0030552,1
ISIC_0030575,1
ISIC_0030623,1
ISIC_0030653,1
ISIC_0030689,1
ISIC_0030747,1
ISIC_0030795,1
ISIC_0030818,1
ISIC_0030828,1
ISIC_0030898,1
ISIC_0030951,1
ISIC_0031025,1
ISIC_0031034,1
ISIC_0031177,1
ISIC_0031186,1
ISIC_0031189,1
ISIC_0031295,1
ISIC_0031369,1
ISIC_0031386,1
ISIC_0031389,1
ISIC_0031406,1
ISIC_0031408,1
ISIC_0031417,1
ISIC_0031498,1
ISIC_0031529,1
ISIC_0031545,1
ISIC_0031557,1
ISIC_0031586,1
ISIC_0031598,1
ISIC_0031642,1
ISIC_0031709,1
ISIC_0031741,1
ISIC_0031745,1
ISIC_0031746,1
ISIC_0031779,1
ISIC_0031784,1
ISIC_0031821,1
ISIC_0031844,1
ISIC_0031908,1
ISIC_0031915,1
ISIC_0031953,1
ISIC_0031957,1
ISIC_0031958,1
ISIC_0031972,1
ISIC_0031977,1
ISIC_0031999,1
ISIC_0032019,1
ISIC_0032036,1
ISIC_0032044,1
ISIC_0032046,1
ISIC_0032095,1
ISIC_0032098,0
ISIC_0032190,1
ISIC_0032204,1
ISIC_0032219,1
ISIC_0032232,0
ISIC_0032245,1
ISIC_0032287,1
ISIC_0032313,1
ISIC_0032425,1
ISIC_0032433,1
ISIC_0032441,1
ISIC_0032450,1
ISIC_0032462,1
ISIC_0032509,1
ISIC_0032517,1
ISIC_0032526,1
ISIC_0032532,1
ISIC_0032533,1
ISIC_0032544,1
ISIC_0032547,1
ISIC_0032550,1
ISIC_0032552,1
ISIC_0032559,1
ISIC_0032569,1
ISIC_0032592,0
ISIC_0032596,1
ISIC_0032598,1
ISIC_0032602,1
ISIC_0032603,1
ISIC_0032610,1
ISIC_0032617,1
ISIC_0032622,1
ISIC_0032624,1
ISIC_0032626,0
ISIC_0032638,1
ISIC_0032645,1
ISIC_0032653,1
ISIC_0032656,0
ISIC_0032662,1
ISIC_0032672,1
ISIC_0032684,1
ISIC_0032685,-1
ISIC_0032716,1
ISIC_0032718,1
ISIC_0032723,1
ISIC_0032724,1
ISIC_0032736,1
ISIC_0032750,1
ISIC_0032751,1
ISIC_0032766,1
ISIC_0032797,1
ISIC_0032807,1
ISIC_0032810,1
ISIC_0032836,1
ISIC_0032841,1
ISIC_0032844,1
ISIC_0032845,1
ISIC_0032847,1
ISIC_0032856,1
ISIC_0032862,0
ISIC_0032869,1
ISIC_0032870,1
ISIC_0032875,1
ISIC_0032887,1
ISIC_0032888,1
ISIC_0032903,1
ISIC_0032917,1
ISIC_0032921,1
ISIC_0032925,1
ISIC_0032981,1
ISIC_0032982,1
ISIC_0032984,1
ISIC_0033017,1
ISIC_0033024,1
ISIC_0033047,1
ISIC_0033068,1
ISIC_0033081,1
ISIC_0033103,0
ISIC_0033120,1
ISIC_0033125,1
ISIC_0033141,1
ISIC_0033152,1
ISIC_0033166,1
ISIC_0033171,1
ISIC_0033174,1
ISIC_0033175,1
ISIC_0033180,1
ISIC_0033186,1
ISIC_0033193,1
ISIC_0033196,1
ISIC_0033216,1
ISIC_0033239,1
ISIC_0033241,1
ISIC_0033268,1
ISIC_0033275,1
ISIC_0033278,1
ISIC_0033279,1
ISIC_0033300,1
ISIC_0033302,1
ISIC_0033304,1
ISIC_0033312,1
ISIC_0033317,1
ISIC_0033320,1
ISIC_0033323,0
ISIC_0033333,1
ISIC_0033336,-1
ISIC_0033362,1
ISIC_0033368,1
ISIC_0033369,1
ISIC_0033377,1
ISIC_0033387,1
ISIC_0033393,1
ISIC_0033394,1
ISIC_0033405,-1
ISIC_0033415,1
ISIC_0033416,1
ISIC_0033424,1
ISIC_0033429,1
ISIC_0033432,1
ISIC_0033444,1
ISIC_0033452,1
ISIC_0033469,1
ISIC_0033470,1
ISIC_0033485,1
ISIC_0033487,0
ISIC_0033496,1
ISIC_0033500,1
ISIC_0033524,1
ISIC_0033534,0
ISIC_0033545,1
ISIC_0033546,1
ISIC_0033560,1
ISIC_0033568,1
ISIC_0033573,1
ISIC_0033595,1
ISIC_0033603,0
ISIC_0033607,1
ISIC_0033612,1
ISIC_0033619,0
ISIC_0033624,1
ISIC_0033638,1
ISIC_0033644,1
ISIC_0033651,1
ISIC_0033662,1
ISIC_0033687,1
ISIC_0033696,0
ISIC_0033700,1
ISIC_0033704,1
ISIC_0033717,1
ISIC_0033752,1
ISIC_0033779,1
ISIC_0033801,1
ISIC_0033802,1
ISIC_0033804,1
ISIC_0033805,1
ISIC_0033813,1
ISIC_0033819,1
ISIC_0033848,1
ISIC_0033871,1
ISIC_0033872,1
ISIC_0033881,1
ISIC_0033883,1
ISIC_0033886,1
ISIC_0033893,1
ISIC_0033901,1
ISIC_0033905,1
ISIC_0033911,1
ISIC_0033925,0
ISIC_0033938,1
ISIC_0033946,1
ISIC_0033956,1
ISIC_0033957,1
ISIC_0033962,1
ISIC_0033968,1
ISIC_0033975,1
ISIC_0033977,1
ISIC_0033980,1
ISIC_0033981,1
ISIC_0033985,1
ISIC_0033995,1
ISIC_0034002,1
ISIC_0034005,1
ISIC_0034006,0
ISIC_0034012,1
ISIC_0034046,1
ISIC_0034048,1
ISIC_0034051,1
ISIC_0034052,1
ISIC_0034061,1
ISIC_0034064,1
ISIC_0034068,1
ISIC_0034071,1
ISIC_0034076,1
ISIC_0034085,1
ISIC_0034094,1
ISIC_0034100,1
ISIC_0034104,1
ISIC_0034107,1
ISIC_0034117,1
ISIC_0034118,1
ISIC_0034120,1
ISIC_0034134,1
ISIC_0034140,1
ISIC_0034145,1
ISIC_0034150,1
ISIC_0034172,1
ISIC_0034183,1
ISIC_0034205,1
ISIC_0034211,1
ISIC_0034222,1
ISIC_0034233,1
ISIC_0034236,1
ISIC_0034246,1
ISIC_0034256,1
ISIC_0034262,1
ISIC_0034269,1
ISIC_0034287,1
ISIC_0034289,1
ISIC_0034317,1
ISIC_0034343,1
ISIC_0034398,1
ISIC_0034446,1
ISIC_0034472,1
ISIC_0034477,1
ISIC_0034482,1
ISIC_0034492,1
ISIC_0034572,1
ISIC_0034605,1
ISIC_0034630,1
ISIC_0034784,1
ISIC_0034873,1
ISIC_0034882,1
ISIC_0034904,1
ISIC_0034934,0
ISIC_0034971,1
ISIC_0035000,1
ISIC_0035021,1
ISIC_0035047,1
ISIC_0035048,1
ISIC_0035070,1
ISIC_0035089,1
ISIC_0035090,1
ISIC_0035124,1
ISIC_0035224,1
ISIC_0035263,1
ISIC_0035366,1
ISIC_0035406,1
ISIC_0035420,1
ISIC_0035459,1
ISIC_0035462,1
ISIC_0035486,1
ISIC_0035636,1
ISIC_0035640,1
ISIC_0035670,1
ISIC_0035680,1
ISIC_0035682,1
ISIC_0035698,1
ISIC_0035700,1
ISIC_0035705,1
ISIC_0035708,1
ISIC_0035714,1
ISIC_0035719,1
ISIC_0035732,1
ISIC_0035747,1
ISIC_0035764,1
ISIC_0035766,1
ISIC_0035767,1
ISIC_0035794,1
ISIC_0035823,1
ISIC_0035825,1
ISIC_0035827,1
ISIC_0035846,1
ISIC_0035853,1
ISIC_0035854,1
ISIC_0035868,1
ISIC_0035889,0
ISIC_0035913,1
ISIC_0035923,0
ISIC_0035929,0
ISIC_0035938,1
ISIC_0035964,1
ISIC_0035968,1
ISIC_0036005,0
ISIC_0036012,1
ISIC_0036034,1
ISIC_0036051,1
ISIC_0036057,1
ISIC_0036070,1
ISIC_0036073,1
ISIC_0036075,1
ISIC_0036076,1
ISIC_0036078,1
ISIC_0036079,1
ISIC_0036080,1
ISIC_0036081,1
ISIC_0036083,1
ISIC_0036085,1
ISIC_0036086,1
ISIC_0036087,1
ISIC_0036088,1
ISIC_0036089,1
ISIC_0036090,1
ISIC_0036091,1
ISIC_0036092,1
ISIC_0036093,1
ISIC_0036094,1
ISIC_0036095,1
ISIC_0036096,1
ISIC_0036097,1
ISIC_0036098,1
ISIC_0036099,1
ISIC_0036101,1
ISIC_0036102,-1
ISIC_0036103,1
ISIC_0036104,1
ISIC_0036105,1
ISIC_0036106,1
ISIC_0036107,1
ISIC_0036108,0
ISIC_0036109,1
ISIC_0036110,1
ISIC_0036111,1
ISIC_0036112,1
ISIC_0036113,1
ISIC_0036114,1
ISIC_0036115,1
ISIC_0036116,1
ISIC_0036117,1
ISIC_0036118,1
ISIC_0036119,1
ISIC_0036120,1
ISIC_0036121,1
ISIC_0036123,0
ISIC_0036159,1
ISIC_0036258,1
ISIC_0036260,1
ISIC_0036263,1
ISIC_0036264,1
ISIC_0036269,1
ISIC_0036270,1
ISIC_0036273,1
ISIC_0036274,1
ISIC_0036275,1
ISIC_0036276,1
ISIC_0036278,1
ISIC_0036279,1
ISIC_0036280,1
ISIC_0036281,1
ISIC_0036282,1
ISIC_0036284,1
ISIC_0036285,1
ISIC_0036286,1
ISIC_0036287,1
ISIC_0046224,1
ISIC_0046225,1
ISIC_0046242,1
ISIC_0046305,1
ISIC_0046315,1
ISIC_0046322,1
ISIC_0046323,1
ISIC_0046331,1
ISIC_0046338,1
ISIC_0046343,1
ISIC_0046344,1
ISIC_0046345,1
ISIC_0046361,1
ISIC_0046372,1
ISIC_0046383,1
ISIC_0046394,0
ISIC_0046405,1
ISIC_0046416,1
ISIC_0046422,1
ISIC_0046427,1
ISIC_0046438,0
ISIC_0046441,1
ISIC_0046443,1
ISIC_0046449,-1
ISIC_0046450,0
ISIC_0046458,1
ISIC_0046471,1
ISIC_0046504,1
ISIC_0046526,0
ISIC_0046548,1
ISIC_0046560,1
ISIC_0046571,1
ISIC_0046596,1
ISIC_0046597,1
ISIC_0046609,1
ISIC_0046626,0
ISIC_0046628,1
ISIC_0046633,1
ISIC_0046639,1
ISIC_0046640,1
ISIC_0046645,1
ISIC_0046647,1
ISIC_0046659,1
ISIC_0046661,1
ISIC_0046662,0
ISIC_0046664,0
ISIC_0046667,0
ISIC_0046670,1
ISIC_0046671,0
ISIC_0046672,1
ISIC_0046681,1
ISIC_0046682,0
ISIC_0046683,1
ISIC_0046712,1
ISIC_0046725,0
ISIC_0046773,1
ISIC_0046820,0
ISIC_0046827,0
ISIC_0046828,1
ISIC_0046834,-1
ISIC_0046900,1
ISIC_0046908,1
ISIC_0046917,1
ISIC_0046921,1
ISIC_0046932,1
ISIC_0046983,1
ISIC_0046985,1
ISIC_0047003,1
ISIC_0047004,1
ISIC_0047008,-1
ISIC_0047022,0
ISIC_0047024,1
ISIC_0047031,1
ISIC_0047033,0
ISIC_0053456,1
ISIC_0053469,-1
ISIC_0053470,0
ISIC_0053471,0
ISIC_0053473,1
ISIC_0053479,0
ISIC_0053485,1
ISIC_0053489,0
ISIC_0053491,1
ISIC_0053492,1
ISIC_0053495,0
ISIC_0053503,0
ISIC_0053507,1
ISIC_0053508,0
ISIC_0053509,0
ISIC_0053510,1
ISIC_0053512,0
ISIC_0053513,0
ISIC_0053518,1
ISIC_0053520,0
ISIC_0053525,1
ISIC_0053531,0
ISIC_0053533,0
ISIC_0053541,0
ISIC_0053542,0
ISIC_0053545,1
ISIC_0053570,1
ISIC_0053578,1
ISIC_0053582,1
ISIC_0053589,-1
ISIC_0053594,0
ISIC_0053603,1
ISIC_0053611,1
ISIC_0053615,1
ISIC_0053617,1
ISIC_0053620,-1
ISIC_0053632,0
ISIC_0053659,-1
ISIC_0053660,0
ISIC_0053667,0
ISIC_0053674,1
ISIC_0053691,1
ISIC_0053698,0
ISIC_0053699,0
ISIC_0053700,0
ISIC_0053723,0
ISIC_0053725,1
ISIC_0053734,0
ISIC_0053740,0
ISIC_0053742,1
ISIC_0053743,1
ISIC_0053751,-1
ISIC_0053761,1
ISIC_0053763,0
ISIC_0053765,1
ISIC_0053766,0
ISIC_0053774,1
ISIC_0053784,0
ISIC_0053787,0
ISIC_0053790,0
ISIC_0053791,1
ISIC_0053796,0
ISIC_0053801,1
ISIC_0053810,1
ISIC_0053812,-1
ISIC_0053814,1
ISIC_0053816,0
ISIC_0053823,-1
ISIC_0053824,0
ISIC_0053827,0
ISIC_0053828,0
ISIC_0053829,1
ISIC_0053839,1
ISIC_0053841,0
ISIC_0053843,1
ISIC_0053846,0
ISIC_0053853,0
ISIC_0053891,1
ISIC_0053893,1
ISIC_0053904,0
ISIC_0053909,1
ISIC_0053912,0
ISIC_0053916,0
ISIC_0053923,1
ISIC_0053925,1
ISIC_0053933,0
ISIC_0053946,0
ISIC_0053960,0
ISIC_0053969,-1
ISIC_0053971,0
ISIC_0053974,0
ISIC_0053980,0
ISIC_0053981,0
ISIC_0053996,1
ISIC_0054006,1
ISIC_0054015,1
ISIC_0054025,0
ISIC_0054032,1
ISIC_0054038,1
ISIC_0054043,1
ISIC_0054048,1
ISIC_0054053,1
ISIC_0054059,1
ISIC_0054061,1
ISIC_0054062,0
ISIC_0054070,0
ISIC_0054073,-1
ISIC_0054078,1
ISIC_0054079,0
ISIC_0054080,1
ISIC_0054082,0
ISIC_0054085,1
ISIC_0054090,0
ISIC_0054103,0
ISIC_0054106,0
ISIC_0054110,0
ISIC_0054112,0
ISIC_0054117,0
ISIC_0054123,0
ISIC_0054141,0
ISIC_0054151,0
ISIC_0054159,0
ISIC_0054167,1
ISIC_0054179,0
ISIC_0054185,1
ISIC_0054188,1
ISIC_0054193,0
ISIC_0054198,0
ISIC_0054205,1
ISIC_0054213,1
ISIC_0054220,0
ISIC_0054222,0
ISIC_0054226,0
ISIC_0054229,0
ISIC_0054233,0
ISIC_0054236,0
ISIC_0054239,1
ISIC_0054244,1
ISIC_0054248,1
ISIC_0054251,0
ISIC_0054254,0
ISIC_0054264,-1
ISIC_0054274,0
ISIC_0054284,0
ISIC_0054287,0
ISIC_0054292,1
ISIC_0054296,1
ISIC_0054312,1
ISIC_0054314,0
ISIC_0054317,0
ISIC_0054334,0
ISIC_0054337,1
ISIC_0054351,0
ISIC_0054355,1
ISIC_0054364,0
ISIC_0054366,0
ISIC_0054371,1
ISIC_0054377,1
ISIC_0054379,0
ISIC_0054384,-1
ISIC_0054391,0
ISIC_0054399,0
ISIC_0054410,0
ISIC_0054412,0
ISIC_0054416,1
ISIC_0054430,1
ISIC_0054444,1
ISIC_0054445,0
ISIC_0054458,1
ISIC_0054459,1
ISIC_0054462,1
ISIC_0054464,0
ISIC_0054465,1
ISIC_0054497,1
ISIC_0054501,0
ISIC_0054506,1
ISIC_0054512,0
ISIC_0054516,1
ISIC_0054520,1
ISIC_0054523,0
ISIC_0054528,1
ISIC_0054544,-1
ISIC_0054548,0
ISIC_0054563,1
ISIC_0054568,1
ISIC_0054574,0
ISIC_0054599,-1
ISIC_0054612,0
ISIC_0054618,1
ISIC_0054624,1
ISIC_0054625,0
ISIC_0054629,0
ISIC_0054637,0
ISIC_0054651,1
ISIC_0054661,0
ISIC_0054663,-1
ISIC_0054670,0
ISIC_0054671,1
ISIC_0054673,1
ISIC_0054677,1
ISIC_0054694,-1
ISIC_0054705,1
ISIC_0054725,0
ISIC_0054728,1
ISIC_0054734,0
ISIC_0054744,1
ISIC_0054747,1
ISIC_0054748,0
ISIC_0054756,1
ISIC_0054760,1
ISIC_0054763,-1
ISIC_0054765,0
ISIC_0054767,1
ISIC_0054770,0
ISIC_0054777,1
ISIC_0054787,1
ISIC_0054793,1
ISIC_0054802,-1
ISIC_0054819,1
ISIC_0054821,1
ISIC_0054825,0
ISIC_0054827,0
ISIC_0054842,1
ISIC_0054844,0
ISIC_0054848,1
ISIC_0054851,0
ISIC_0054852,-1
ISIC_0054853,1
ISIC_0054874,1
ISIC_0054889,-1
ISIC_0054892,1
ISIC_0054894,0
ISIC_0054902,-1
ISIC_0054904,0
ISIC_0054906,0
ISIC_0054912,0
ISIC_0054914,1
ISIC_0054919,0
ISIC_0054936,1
ISIC_0054941,0
ISIC_0054961,0
ISIC_0054963,1
ISIC_0054969,1
ISIC_0054970,0
ISIC_0054971,0
ISIC_0054973,0
ISIC_0054974,1
ISIC_0054976,1
ISIC_0054979,0
ISIC_0054982,1
ISIC_0054988,1
ISIC_0054995,0
ISIC_0055001,0
ISIC_0055002,0
ISIC_0055022,1
ISIC_0055024,1
ISIC_0055031,-1
ISIC_0055039,1
ISIC_0055048,0
ISIC_0055051,-1
ISIC_0055052,1
ISIC_0055054,1
ISIC_0055056,0
ISIC_0055062,0
ISIC_0055074,0
ISIC_0055079,1
ISIC_0055081,0
ISIC_0055086,1
ISIC_0055087,1
ISIC_0055091,1
ISIC_0055110,0
ISIC_0055136,1
ISIC_0055141,0
ISIC_0055143,0
ISIC_0055147,0
ISIC_0055156,1
ISIC_0055161,0
ISIC_0055167,0
ISIC_0055175,0
ISIC_0055179,0
ISIC_0055181,1
ISIC_0055191,1
ISIC_0055193,0
ISIC_0055202,1
ISIC_0055205,-1
ISIC_0055208,1
ISIC_0055226,0
ISIC_0055227,0
ISIC_0055236,0
ISIC_0055241,1
ISIC_0055246,1
ISIC_0055249,0
ISIC_0055264,1
ISIC_0055265,0
ISIC_0055268,-1
ISIC_0055276,1
ISIC_0055282,1
ISIC_0055289,0
ISIC_0055293,0
ISIC_0055295,0
ISIC_0055297,1
ISIC_0055298,0
ISIC_0055309,0
ISIC_0055311,1
ISIC_0055314,0
ISIC_0055318,1
ISIC_0055337,1
ISIC_0055340,0
ISIC_0055344,0
ISIC_0055355,1
ISIC_0055359,1
ISIC_0055362,0
ISIC_0055363,0
ISIC_0055367,1
ISIC_0055380,0
ISIC_0055393,0
ISIC_0055398,0
ISIC_0055412,0
ISIC_0055417,0
ISIC_0055419,1
ISIC_0055421,0
ISIC_0055425,-1
ISIC_0055438,1
ISIC_0055440,1
ISIC_0055445,1
ISIC_0055451,1
ISIC_0055453,0
ISIC_0055454,0
ISIC_0055462,0
ISIC_0055464,0
ISIC_0055465,0
ISIC_0055467,1
ISIC_0055474,0
ISIC_0055492,0
ISIC_0055496,1
ISIC_0055500,0
ISIC_0055503,1
ISIC_0055511,1
ISIC_0055513,0
ISIC_0055517,0
ISIC_0055518,1
ISIC_0055519,1
ISIC_0055525,1
ISIC_0055527,1
ISIC_0055528,1
ISIC_0055543,1
ISIC_0055546,1
ISIC_0055550,1
ISIC_0055562,1
ISIC_0055570,1
ISIC_0055572,0
ISIC_0055582,1
ISIC_0055613,0
ISIC_0055616,0
ISIC_0055618,0
ISIC_0055622,0
ISIC_0055623,0
ISIC_0055624,1
ISIC_0055631,0
ISIC_0055643,0
ISIC_0055659,1
ISIC_0055665,0
ISIC_0055680,1
ISIC_0055684,1
ISIC_0055688,1
ISIC_0055690,1
ISIC_0055699,1
ISIC_0055701,0
ISIC_0055707,0
ISIC_0055709,0
ISIC_0055714,-1
ISIC_0055720,1
ISIC_0055733,-1
ISIC_0055742,0
ISIC_0055743,1
ISIC_0055756,1
ISIC_0055759,0
ISIC_0055764,0
ISIC_0055767,0
ISIC_0055771,-1
ISIC_0055776,0
ISIC_0055780,1
ISIC_0055781,1
ISIC_0055783,1
ISIC_0055788,0
ISIC_0055789,0
ISIC_0055796,1
ISIC_0055797,1
ISIC_0055799,0
ISIC_0055802,1
ISIC_0055818,1
ISIC_0055820,1
ISIC_0055821,0
ISIC_0055825,-1
ISIC_0055828,1
ISIC_0055832,1
ISIC_0055840,0
ISIC_0055841,0
ISIC_0055854,0
ISIC_0055859,0
ISIC_0055862,1
ISIC_0055871,0
ISIC_0055876,0
ISIC_0055887,0
ISIC_0055892,0
ISIC_0055896,0
ISIC_0055899,0
ISIC_0055900,0
ISIC_0055905,1
ISIC_0055907,1
ISIC_0055911,1
ISIC_0055930,1
ISIC_0055931,1
ISIC_0055937,0
ISIC_0055938,0
ISIC_0055953,1
ISIC_0055954,0
ISIC_0055960,1
ISIC_0055967,0
ISIC_0055984,1
ISIC_0055999,-1
ISIC_0056001,0
ISIC_0056007,1
ISIC_0056017,1
ISIC_0056019,1
ISIC_0056036,1
ISIC_0056041,1
ISIC_0056044,0
ISIC_0056047,1
ISIC_0056050,0
ISIC_0056051,0
ISIC_0056061,1
ISIC_0056063,1
ISIC_0056079,0
ISIC_0056089,1
ISIC_0056092,1
ISIC_0056105,1
ISIC_0056113,1
ISIC_0056118,0
ISIC_0056130,0
ISIC_0056133,1
ISIC_0056136,1
ISIC_0056138,0
ISIC_0056141,-1
ISIC_0056145,1
ISIC_0056152,1
ISIC_0056156,1
ISIC_0056167,0
ISIC_0056170,1
ISIC_0056181,1
ISIC_0056185,1
ISIC_0056186,1
ISIC_0056190,0
ISIC_0056192,1
ISIC_0056201,0
ISIC_0056202,1
ISIC_0056210,1
ISIC_0056214,0
ISIC_0056217,1
ISIC_0056221,0
ISIC_0056225,1
ISIC_0056228,0
ISIC_0056232,1
ISIC_0056247,1
ISIC_0056261,0
ISIC_0056263,0
ISIC_0056269,0
ISIC_0056271,0
ISIC_0056283,1
ISIC_0056292,1
ISIC_0056298,1
ISIC_0056309,0
ISIC_0056319,0
ISIC_0056330,0
ISIC_0056337,0
ISIC_0056345,0
ISIC_0056347,1
ISIC_0056364,1
ISIC_0056382,0
ISIC_0056389,1
ISIC_0056392,0
ISIC_0056401,0
ISIC_0056403,0
ISIC_0056413,0
ISIC_0056415,1
ISIC_0056422,1
ISIC_0056425,1
ISIC_0056428,1
ISIC_0056446,1
ISIC_0056447,0
ISIC_0056448,0
ISIC_0056449,0
ISIC_0056454,0
ISIC_0056479,-1
ISIC_0056481,1
ISIC_0056483,1
ISIC_0056487,0
ISIC_0056501,1
ISIC_0056511,0
ISIC_0056525,1
ISIC_0056527,0
ISIC_0056531,0
ISIC_0056546,1
ISIC_0056551,-1
ISIC_0056554,1
ISIC_0056572,1
ISIC_0056573,1
ISIC_0056601,1
ISIC_0056604,-1
ISIC_0056612,1
ISIC_0056614,0
ISIC_0056625,1
ISIC_0056626,1
ISIC_0056632,-1
ISIC_0056644,1
ISIC_0056652,0
ISIC_0056655,0
ISIC_0056659,0
ISIC_0056660,-1
ISIC_0056676,0
ISIC_0056677,1
ISIC_0056680,0
ISIC_0056683,1
ISIC_0056684,0
ISIC_0056688,0
ISIC_0056692,0
ISIC_0056710,1
ISIC_0056717,0
ISIC_0056719,-1
ISIC_0056723,1
ISIC_0056725,0
ISIC_0056728,-1
ISIC_0056729,0
ISIC_0056739,1
ISIC_0056740,1
ISIC_0056749,0
ISIC_0056750,1
ISIC_0056751,0
ISIC_0056753,0
ISIC_0056770,1
ISIC_0056788,0
ISIC_0056790,0
ISIC_0056796,1
ISIC_0056800,0
ISIC_0056806,0
ISIC_0056814,-1
ISIC_0056816,1
ISIC_0056817,1
ISIC_0056819,0
ISIC_0056820,1
ISIC_0056844,0
ISIC_0056848,0
ISIC_0056849,0
ISIC_0056851,0
ISIC_0056860,0
ISIC_0056863,0
ISIC_0056871,0
ISIC_0056876,0
ISIC_0056893,0
ISIC_0056900,1
ISIC_0056901,1
ISIC_0056902,1
ISIC_0056915,0
ISIC_0056921,1
ISIC_0056926,0
ISIC_0056938,1
ISIC_0056940,0
ISIC_0056957,0
ISIC_0056967,1
ISIC_0056974,0
ISIC_0056981,-1
ISIC_0056984,1
ISIC_0056988,0
ISIC_0056991,1
ISIC_0057001,1
ISIC_0057003,1
ISIC_0057015,0
ISIC_0057016,0
ISIC_0057019,1
ISIC_0057023,1
ISIC_0057025,0
ISIC_0057027,0
ISIC_0057033,0
ISIC_0057044,1
ISIC_0057045,1
ISIC_0057048,1
ISIC_0057067,0
ISIC_0057083,-1
ISIC_0057089,1
ISIC_0057113,0
ISIC_0057141,1
ISIC_0057147,1
ISIC_0057148,1
ISIC_0057152,0
ISIC_0057154,1
ISIC_0057155,-1
ISIC_0057164,0
ISIC_0057169,1
ISIC_0057171,1
ISIC_0057172,1
ISIC_0057188,1
ISIC_0057192,1
ISIC_0057199,1
ISIC_0057204,0
ISIC_0057211,0
ISIC_0057234,0
ISIC_0057235,0
ISIC_0057244,1
ISIC_0057252,0
ISIC_0057257,1
ISIC_0057286,1
ISIC_0057302,0
ISIC_0057306,0
ISIC_0057307,0
ISIC_0057313,0
ISIC_0057315,1
ISIC_0057317,0
ISIC_0057323,0
ISIC_0057324,0
ISIC_0057328,0
ISIC_0057331,0
ISIC_0057338,1
ISIC_0057344,1
ISIC_0057360,1
ISIC_0057362,0
ISIC_0057370,0
ISIC_0057371,1
ISIC_0057374,1
ISIC_0057390,0
ISIC_0057395,1
ISIC_0057397,1
ISIC_0057406,0
ISIC_0057408,0
ISIC_0057412,0
ISIC_0057417,0
ISIC_0057436,0
ISIC_0057450,0
ISIC_0057457,1
ISIC_0057462,1
ISIC_0057465,0
ISIC_0057482,0
ISIC_0057496,1
ISIC_0057518,0
ISIC_0057531,1
ISIC_0057534,1
ISIC_0057535,0
ISIC_0057539,1
ISIC_0057545,1
ISIC_0057548,1
ISIC_0057554,1
ISIC_0057556,1
ISIC_0057557,1
ISIC_0057558,1
ISIC_0057559,1
ISIC_0057577,1
ISIC_0057591,1
ISIC_0057593,1
ISIC_0057594,0
ISIC_0057609,1
ISIC_0057611,0
ISIC_0057615,1
ISIC_0057617,0
ISIC_0057619,1
ISIC_0057621,0
ISIC_0057634,0
ISIC_0057656,1
ISIC_0057661,0
ISIC_0057668,0
ISIC_0057672,1
ISIC_0057685,0
ISIC_0057687,0
ISIC_0057700,1
ISIC_0057702,1
ISIC_0057716,1
ISIC_0057725,0
ISIC_0057731,-1
ISIC_0057734,1
ISIC_0057736,1
ISIC_0057744,1
ISIC_0057747,0
ISIC_0057753,0
ISIC_0057759,0
ISIC_0057762,0
ISIC_0057769,1
ISIC_0057771,0
ISIC_0057782,0
ISIC_0057783,1
ISIC_0057787,1
ISIC_0057791,0
ISIC_0057808,0
ISIC_0057815,1
ISIC_0057821,0
ISIC_0057828,0
ISIC_0057838,-1
ISIC_0057841,1
ISIC_0057844,0
ISIC_0057848,0
ISIC_0057851,0
ISIC_0057864,1
ISIC_0057870,1
ISIC_0057881,0
ISIC_0057891,0
ISIC_0057898,1
ISIC_0057900,1
ISIC_0057913,0
ISIC_0057914,0
ISIC_0057921,1
ISIC_0057936,1
ISIC_0057938,0
ISIC_0057939,0
ISIC_0057947,0
ISIC_0057949,0
ISIC_0057953,1
ISIC_0057960,1
ISIC_0057968,0
ISIC_0057973,1
ISIC_0057974,0
ISIC_0057976,0
ISIC_0057978,1
ISIC_0057980,0
ISIC_0057996,0
ISIC_0057999,1
ISIC_0058000,0
ISIC_0058003,0
ISIC_0058007,0
ISIC_0058010,1
ISIC_0058015,1
ISIC_0058016,0
ISIC_0058021,0
ISIC_0058024,1
ISIC_0058028,0
ISIC_0058033,1
ISIC_0058040,0
ISIC_0058046,1
ISIC_0058047,0
ISIC_0058050,1
ISIC_0058059,1
ISIC_0058075,1
ISIC_0058081,-1
ISIC_0058096,0
ISIC_0058097,0
ISIC_0058098,0
ISIC_0058115,0
ISIC_0058118,0
ISIC_0058125,1
ISIC_0058126,0
ISIC_0058127,1
ISIC_0058135,0
ISIC_0058136,0
ISIC_0058138,1
ISIC_0058151,1
ISIC_0058154,1
ISIC_0058164,0
ISIC_0058168,1
ISIC_0058170,1
ISIC_0058173,0
ISIC_0058176,1
ISIC_0058181,1
ISIC_0058204,1
ISIC_0058206,1
ISIC_0058214,0
ISIC_0058218,0
ISIC_0058229,1
ISIC_0058237,1
ISIC_0058245,-1
ISIC_0058249,0
ISIC_0058255,1
ISIC_0058270,0
ISIC_0058281,1
ISIC_0058282,1
ISIC_0058284,0
ISIC_0058285,-1
ISIC_0058298,1
ISIC_0058301,0
ISIC_0058307,0
ISIC_0058308,1
ISIC_0058315,0
ISIC_0058319,0
ISIC_0058321,1
ISIC_0058331,1
ISIC_0058332,1
ISIC_0058334,0
ISIC_0058341,0
ISIC_0058344,0
ISIC_0058346,1
ISIC_0058354,0
ISIC_0058368,0
ISIC_0058376,0
ISIC_0058383,1
ISIC_0058391,1
ISIC_0058399,0
ISIC_0058407,0
ISIC_0058408,1
ISIC_0058418,1
ISIC_0058425,-1
ISIC_0058426,1
ISIC_0058428,0
ISIC_0058432,1
ISIC_0058439,0
ISIC_0058457,0
ISIC_0058458,0
ISIC_0058475,0
ISIC_0058492,1
ISIC_0058496,1
ISIC_0058501,1
ISIC_0058503,0
ISIC_0058504,1
ISIC_0058508,0
ISIC_0058513,0
ISIC_0058526,1
ISIC_0058528,1
ISIC_0058544,0
ISIC_0058548,-1
ISIC_0058550,1
ISIC_0058559,0
ISIC_0058569,1
ISIC_0058577,0
ISIC_0058580,0
ISIC_0058597,1
ISIC_0058599,1
ISIC_0058607,1
ISIC_0058612,1
ISIC_0058617,1
ISIC_0058621,0
ISIC_0058625,1
ISIC_0058629,0
ISIC_0058630,0
ISIC_0058643,0
ISIC_0058645,1
ISIC_0058648,0
ISIC_0058649,1
ISIC_0058655,0
ISIC_0058658,1
ISIC_0058663,1
ISIC_0058666,0
ISIC_0058675,0
ISIC_0058676,1
ISIC_0058697,1
ISIC_0058708,1
ISIC_0058713,1
ISIC_0058716,1
ISIC_0058721,0
ISIC_0058723,1
ISIC_0058732,0
ISIC_0058734,1
ISIC_0058743,0
ISIC_0058753,0
ISIC_0058757,1
ISIC_0058763,0
ISIC_0058768,1
ISIC_0058770,-1
ISIC_0058773,0
ISIC_0058781,0
ISIC_0058786,0
ISIC_0058790,0
ISIC_0058791,1
ISIC_0058792,1
ISIC_0058794,0
ISIC_0058798,0
ISIC_0058807,0
ISIC_0058818,1
ISIC_0058836,1
ISIC_0058838,1
ISIC_0058840,0
ISIC_0058851,-1
ISIC_0058858,1
ISIC_0058862,1
ISIC_0058863,1
ISIC_0058866,0
ISIC_0058875,1
ISIC_0058877,1
ISIC_0058880,0
ISIC_0058881,0
ISIC_0058887,0
ISIC_0058918,1
ISIC_0058926,1
ISIC_0058931,0
ISIC_0058947,1
ISIC_0058957,0
ISIC_0058959,0
ISIC_0059005,1
ISIC_0059023,0
ISIC_0059026,1
ISIC_0059027,0
ISIC_0059029,1
ISIC_0059037,1
ISIC_0059042,0
ISIC_0059052,0
ISIC_0059065,1
ISIC_0059066,0
ISIC_0059074,1
ISIC_0059076,1
ISIC_0059077,0
ISIC_0059079,1
ISIC_0059082,0
ISIC_0059085,0
ISIC_0059089,0
ISIC_0059090,0
ISIC_0059092,0
ISIC_0059093,1
ISIC_0059103,0
ISIC_0059104,0
ISIC_0059123,1
ISIC_0059137,0
ISIC_0059138,0
ISIC_0059140,1
ISIC_0059141,1
ISIC_0059147,0
ISIC_0059148,1
ISIC_0059160,1
ISIC_0059165,1
ISIC_0059169,1
ISIC_0059170,-1
ISIC_0059171,1
ISIC_0059178,1
ISIC_0059188,1
ISIC_0059202,0
ISIC_0059209,0
ISIC_0059219,1
ISIC_0059232,0
ISIC_0059237,1
ISIC_0059253,0
ISIC_0059264,0
ISIC_0059269,1
ISIC_0059270,0
ISIC_0059272,1
ISIC_0059273,0
ISIC_0059284,-1
ISIC_0059294,1
ISIC_0059313,0
ISIC_0059314,1
ISIC_0059315,0
ISIC_0059316,1
ISIC_0059318,1
ISIC_0059325,1
ISIC_0059330,1
ISIC_0059336,0
ISIC_0059343,1
ISIC_0059345,1
ISIC_0059346,0
ISIC_0059349,1
ISIC_0059350,0
ISIC_0059353,1
ISIC_0059361,1
ISIC_0059369,0
ISIC_0059375,1
ISIC_0059382,0
ISIC_0059386,0
ISIC_0059387,1
ISIC_0059398,0
ISIC_0059411,1
ISIC_0059415,1
ISIC_0059420,0
ISIC_0059421,1
ISIC_0059423,0
ISIC_0059424,1
ISIC_0059435,1
ISIC_0059444,0
ISIC_0059446,0
ISIC_0059450,0
ISIC_0059473,0
ISIC_0059478,1
ISIC_0059482,1
ISIC_0059486,0
ISIC_0059493,1
ISIC_0059506,0
ISIC_0059511,1
ISIC_0059512,1
ISIC_0059521,1
ISIC_0059523,0
ISIC_0059525,0
ISIC_0059538,0
ISIC_0059541,0
ISIC_0059547,0
ISIC_0059551,1
ISIC_0059554,0
ISIC_0059568,0
ISIC_0059569,1
ISIC_0059593,1
ISIC_0059595,1
ISIC_0059597,0
ISIC_0059601,1
ISIC_0059605,0
ISIC_0059608,1
ISIC_0059611,0
ISIC_0059628,1
ISIC_0059631,0
ISIC_0059632,1
ISIC_0059646,0
ISIC_0059668,0
ISIC_0059669,1
ISIC_0059671,1
ISIC_0059686,1
ISIC_0059703,0
ISIC_0059707,0
ISIC_0059708,0
ISIC_0059738,1
ISIC_0059739,0
ISIC_0059747,1
ISIC_0059750,1
ISIC_0059757,0
ISIC_0059763,1
ISIC_0059764,0
ISIC_0059768,1
ISIC_0059770,1
ISIC_0059773,1
ISIC_0059774,1
ISIC_0059777,0
ISIC_0059785,0
ISIC_0059786,1
ISIC_0059794,1
ISIC_0059804,1
ISIC_0059808,1
ISIC_0059809,0
ISIC_0059810,1
ISIC_0059814,1
ISIC_0059816,-1
ISIC_0059830,0
ISIC_0059832,0
ISIC_0059838,0
ISIC_0059840,1
ISIC_0059855,1
ISIC_0059859,1
ISIC_0059866,1
ISIC_0059869,1
ISIC_0059879,1
ISIC_0059881,0
ISIC_0059884,0
ISIC_0059890,0
ISIC_0059891,1
ISIC_0059892,1
ISIC_0059897,0
ISIC_0059904,1
ISIC_0059905,0
ISIC_0059919,0
ISIC_0059941,1
ISIC_0059948,1
ISIC_0059957,0
ISIC_0059958,1
ISIC_0059974,1
ISIC_0059978,-1
ISIC_0059987,1
ISIC_0059992,1
ISIC_0060015,1
ISIC_0060022,0
ISIC_0060032,0
ISIC_0060033,1
ISIC_0060094,1
ISIC_0060096,-1
ISIC_0060099,0
ISIC_0060104,0
ISIC_0060114,0
ISIC_0060118,0
ISIC_0060140,0
ISIC_0060143,0
ISIC_0060147,1
ISIC_0060150,0
ISIC_0060153,0
ISIC_0060154,0
ISIC_0060155,1
ISIC_0060159,0
ISIC_0060181,0
ISIC_0060194,0
ISIC_0060197,0
ISIC_0060201,0
ISIC_0060212,1
ISIC_0060216,0
ISIC_0060218,1
ISIC_0060219,0
ISIC_0060222,1
ISIC_0060224,1
ISIC_0060233,0
ISIC_0060238,1
ISIC_0060239,1
ISIC_0060244,1
ISIC_0060248,1
ISIC_0060266,1
ISIC_0060270,1
ISIC_0060281,0
ISIC_0060297,1
ISIC_0060307,0
ISIC_0060308,1
ISIC_0060313,0
ISIC_0060315,1
ISIC_0060326,1
ISIC_0060340,0
ISIC_0060341,1
ISIC_0060342,1
ISIC_0060355,1
ISIC_0060367,0
ISIC_0060376,0
ISIC_0060377,-1
ISIC_0060380,1
ISIC_0060386,-1
ISIC_0060393,1
ISIC_0060397,1
ISIC_0060399,0
ISIC_0060403,1
ISIC_0060428,0
ISIC_0060446,-1
ISIC_0060456,0
ISIC_0060459,1
ISIC_0060465,1
ISIC_0060487,1
ISIC_0060495,0
ISIC_0060507,0
ISIC_0060508,1
ISIC_0060510,1
ISIC_0060511,1
ISIC_0060525,1
ISIC_0060526,0
ISIC_0060528,1
ISIC_0060537,1
ISIC_0060538,1
ISIC_0060548,1
ISIC_0060555,1
ISIC_0060556,1
ISIC_0060559,1
ISIC_0060577,0
ISIC_0060583,1
ISIC_0060585,1
ISIC_0060586,1
ISIC_0060589,1
ISIC_0060597,1
ISIC_0060610,0
ISIC_0060616,1
ISIC_0060624,1
ISIC_0060629,0
ISIC_0060630,0
ISIC_0060654,0
ISIC_0060660,1
ISIC_0060665,0
ISIC_0060671,0
ISIC_0060672,1
ISIC_0060676,0
ISIC_0060679,1
ISIC_0060681,0
ISIC_0060693,1
ISIC_0060698,-1
ISIC_0060700,0
ISIC_0060713,1
ISIC_0060717,1
ISIC_0060718,1
ISIC_0060727,1
ISIC_0060728,0
ISIC_0060736,-1
ISIC_0060741,1
ISIC_0060744,0
ISIC_0060751,0
ISIC_0060752,0
ISIC_0060760,1
ISIC_0060764,1
ISIC_0060773,0
ISIC_0060795,0
ISIC_0060799,1
ISIC_0060827,0
ISIC_0060829,0
ISIC_0060832,1
ISIC_0060834,0
ISIC_0060836,-1
ISIC_0060845,0
ISIC_0060873,0
ISIC_0060883,0
ISIC_0060886,1
ISIC_0060892,0
ISIC_0060893,0
ISIC_0060897,1
ISIC_0060898,0
ISIC_0060911,0
ISIC_0060916,1
ISIC_0060934,0
ISIC_0060936,0
ISIC_0060937,1
ISIC_0060946,0
ISIC_0060949,0
ISIC_0060955,1
ISIC_0060965,1
ISIC_0060967,0
ISIC_0060968,0
ISIC_0060969,1
ISIC_0060971,0
ISIC_0060972,1
ISIC_0060978,1
ISIC_0060979,0
ISIC_0060994,1
ISIC_0060999,1
ISIC_0061001,0
ISIC_0061002,0
ISIC_0061003,1
ISIC_0061006,1
ISIC_0061008,1
ISIC_0061011,0
ISIC_0061021,0
ISIC_0061025,0
ISIC_0061029,0
ISIC_0061031,1
ISIC_0061032,0
ISIC_0061034,1
ISIC_0061045,1
ISIC_0061049,1
ISIC_0061052,1
ISIC_0061060,0
ISIC_0061066,1
ISIC_0061067,1
ISIC_0061070,0
ISIC_0061075,1
ISIC_0061077,0
ISIC_0061078,1
ISIC_0061079,0
ISIC_0061085,1
ISIC_0061104,1
ISIC_0061108,0
ISIC_0061112,0
ISIC_0061131,0
ISIC_0061141,0
ISIC_0061152,1
ISIC_0061155,0
ISIC_0061158,0
ISIC_0061159,0
ISIC_0061166,1
ISIC_0061183,1
ISIC_0061185,1
ISIC_0061188,1
ISIC_0061189,0
ISIC_0061191,1
ISIC_0061194,0
ISIC_0061195,1
ISIC_0061200,1
ISIC_0061224,1
ISIC_0061231,1
ISIC_0061244,1
ISIC_0061250,0
ISIC_0061252,0
ISIC_0061257,0
ISIC_0061261,1
ISIC_0061279,0
ISIC_0061281,0
ISIC_0061297,-1
ISIC_0061300,1
ISIC_0061315,1
ISIC_0061320,-1
ISIC_0061323,0
ISIC_0061333,0
ISIC_0061334,0
ISIC_0061336,0
ISIC_0061345,0
ISIC_0061355,0
ISIC_0061359,1
ISIC_0061362,0
ISIC_0061366,1
ISIC_0061369,0
ISIC_0061371,0
ISIC_0061377,0
ISIC_0061380,1
ISIC_0061382,1
ISIC_0061393,1
ISIC_0061407,1
ISIC_0061411,0
ISIC_0061418,1
ISIC_0061424,0
ISIC_0061432,1
ISIC_0061434,1
ISIC_0061441,1
ISIC_0061446,1
ISIC_0061447,-1
ISIC_0061448,0
ISIC_0061454,1
ISIC_0061463,0
ISIC_0061466,0
ISIC_0061469,0
ISIC_0061475,1
ISIC_0061479,0
ISIC_0061485,0
ISIC_0061491,0
ISIC_0061494,0
ISIC_0061496,0
ISIC_0061502,0
ISIC_0061508,-1
ISIC_0061516,0
ISIC_0061518,0
ISIC_0061520,0
ISIC_0061529,0
ISIC_0061532,0
ISIC_0061533,0
ISIC_0061547,0
ISIC_0061549,0
ISIC_0061553,1
ISIC_0061554,0
ISIC_0061556,0
ISIC_0061559,1
ISIC_0061566,-1
ISIC_0061568,1
ISIC_0061573,0
ISIC_0061575,-1
ISIC_0061580,1
ISIC_0061581,1
ISIC_0061583,1
ISIC_0061585,1
ISIC_0061592,0
ISIC_0061595,1
ISIC_0061608,1
ISIC_0061619,0
ISIC_0061623,1
ISIC_0061624,0
ISIC_0061625,0
ISIC_0061629,1
ISIC_0061630,-1
ISIC_0061633,0
ISIC_0061644,0
ISIC_0061656,0
ISIC_0061660,1
ISIC_0061664,0
ISIC_0061670,1
ISIC_0061680,0
ISIC_0061684,1
ISIC_0061685,1
ISIC_0061699,0
ISIC_0061701,0
ISIC_0061705,1
ISIC_0061710,0
ISIC_0061713,1
ISIC_0061715,0
ISIC_0061735,1
ISIC_0061741,1
ISIC_0061756,1
ISIC_0061761,0
ISIC_0061770,0
ISIC_0061773,0
ISIC_0061775,0
ISIC_0061782,0
ISIC_0061798,0
ISIC_0061799,0
ISIC_0061812,1
ISIC_0061829,1
ISIC_0061831,1
ISIC_0061833,1
ISIC_0061848,1
ISIC_0061870,1
ISIC_0061880,1
ISIC_0061884,1
ISIC_0061885,1
ISIC_0061886,0
ISIC_0061890,1
ISIC_0061894,0
ISIC_0061895,1
ISIC_0061900,1
ISIC_0061911,1
ISIC_0061912,1
ISIC_0061915,0
ISIC_0061916,0
ISIC_0061918,1
ISIC_0061922,1
ISIC_0061926,0
ISIC_0061928,-1
ISIC_0061944,0
ISIC_0061945,0
ISIC_0061950,-1
ISIC_0061953,1
ISIC_0061954,1
ISIC_0061969,0
ISIC_0061971,1
ISIC_0061982,0
ISIC_0062000,1
ISIC_0062005,1
ISIC_0062010,0
ISIC_0062016,1
ISIC_0062031,0
ISIC_0062042,1
ISIC_0062063,1
ISIC_0062064,1
ISIC_0062077,0
ISIC_0062084,1
ISIC_0062099,1
ISIC_0062102,0
ISIC_0062103,0
ISIC_0062111,1
ISIC_0062112,0
ISIC_0062114,1
ISIC_0062122,0
ISIC_0062125,0
ISIC_0062133,0
ISIC_0062138,1
ISIC_0062149,1
ISIC_0062152,0
ISIC_0062154,0
ISIC_0062155,0
ISIC_0062158,1
ISIC_0062160,1
ISIC_0062161,0
ISIC_0062162,0
ISIC_0062163,1
ISIC_0062171,0
ISIC_0062176,1
ISIC_0062183,0
ISIC_0062203,0
ISIC_0062206,0
ISIC_0062208,1
ISIC_0062211,0
ISIC_0062213,1
ISIC_0062220,1
ISIC_0062235,1
ISIC_0062239,1
ISIC_0062241,1
ISIC_0062242,1
ISIC_0062248,1
ISIC_0062251,1
ISIC_0062256,0
ISIC_0062260,0
ISIC_0062266,-1
ISIC_0062269,1
ISIC_0062273,1
ISIC_0062280,0
ISIC_0062286,0
ISIC_0062296,0
ISIC_0062298,1
ISIC_0062301,1
ISIC_0062318,1
ISIC_0062323,1
ISIC_0062325,0
ISIC_0062340,0
ISIC_0062350,0
ISIC_0062359,0
ISIC_0062381,0
ISIC_0062382,1
ISIC_0062389,1
ISIC_0062401,1
ISIC_0062407,0
ISIC_0062423,0
ISIC_0062425,0
ISIC_0062434,1
ISIC_0062447,-1
ISIC_0062453,1
ISIC_0062454,0
ISIC_0062457,1
ISIC_0062458,0
ISIC_0062463,1
ISIC_0062468,1
ISIC_0062471,1
ISIC_0062474,0
ISIC_0062477,1
ISIC_0062478,0
ISIC_0062481,1
ISIC_0062497,0
ISIC_0062505,1
ISIC_0062509,0
ISIC_0062515,1
ISIC_0062517,1
ISIC_0062523,0
ISIC_0062524,1
ISIC_0062525,0
ISIC_0062530,1
ISIC_0062531,1
ISIC_0062536,0
ISIC_0062539,1
ISIC_0062547,1
ISIC_0062551,1
ISIC_0062559,0
ISIC_0062562,0
ISIC_0062589,0
ISIC_0062596,-1
ISIC_0062602,0
ISIC_0062606,1
ISIC_0062626,1
ISIC_0062628,0
ISIC_0062632,0
ISIC_0062633,0
ISIC_0062636,0
ISIC_0062639,1
ISIC_0062642,0
ISIC_0062649,1
ISIC_0062674,1
ISIC_0062681,0
ISIC_0062684,0
ISIC_0062688,0
ISIC_0062690,1
ISIC_0062700,1
ISIC_0062702,0
ISIC_0062708,-1
ISIC_0062709,1
ISIC_0062712,0
ISIC_0062716,0
ISIC_0062721,0
ISIC_0062723,1
ISIC_0062724,0
ISIC_0062734,0
ISIC_0062736,1
ISIC_0062762,1
ISIC_0062765,1
ISIC_0062770,1
ISIC_0062780,0
ISIC_0062792,1
ISIC_0062806,0
ISIC_0062809,0
ISIC_0062816,0
ISIC_0062821,0
ISIC_0062827,1
ISIC_0062832,1
ISIC_0062841,1
ISIC_0062844,0
ISIC_0062869,0
ISIC_0062879,0
ISIC_0062891,0
ISIC_0062912,0
ISIC_0062922,1
ISIC_0062925,1
ISIC_0062935,1
ISIC_0062944,0
ISIC_0062948,0
ISIC_0062952,-1
ISIC_0062954,1
ISIC_0062957,-1
ISIC_0062970,1
ISIC_0062978,0
ISIC_0062983,1
ISIC_0062985,1
ISIC_0062991,0
ISIC_0062992,0
ISIC_0062994,1
ISIC_0062998,0
ISIC_0063018,1
ISIC_0063026,1
ISIC_0063027,0
ISIC_0063032,0
ISIC_0063046,0
ISIC_0063056,1
ISIC_0063058,0
ISIC_0063060,0
ISIC_0063070,1
ISIC_0063072,0
ISIC_0063077,0
ISIC_0063081,0
ISIC_0063087,0
ISIC_0063102,0
ISIC_0063103,1
ISIC_0063109,0
ISIC_0063114,0
ISIC_0063124,1
ISIC_0063125,0
ISIC_0063130,1
ISIC_0063131,0
ISIC_0063143,1
ISIC_0063148,0
ISIC_0063151,1
ISIC_0063168,1
ISIC_0063169,0
ISIC_0063172,0
ISIC_0063174,0
ISIC_0063180,0
ISIC_0063181,1
ISIC_0063182,1
ISIC_0063190,1
ISIC_0063191,0
ISIC_0063198,1
ISIC_0063202,1
ISIC_0063207,1
ISIC_0063216,1
ISIC_0063222,0
ISIC_0063225,1
ISIC_0063228,1
ISIC_0063233,0
ISIC_0063234,1
ISIC_0063240,1
ISIC_0063241,1
ISIC_0063258,0
ISIC_0063264,-1
ISIC_0063266,0
ISIC_0063268,1
ISIC_0063271,1
ISIC_0063288,0
ISIC_0063292,1
ISIC_0063300,1
ISIC_0063302,1
ISIC_0063305,0
ISIC_0063318,1
ISIC_0063334,1
ISIC_0063345,0
ISIC_0063349,1
ISIC_0063360,0
ISIC_0063362,0
ISIC_0063369,1
ISIC_0063373,0
ISIC_0063392,1
ISIC_0063394,1
ISIC_0063410,0
ISIC_0063414,0
ISIC_0063425,0
ISIC_0063437,0
ISIC_0063443,0
ISIC_0063445,0
ISIC_0063447,1
ISIC_0063450,0
ISIC_0063456,1
ISIC_0063464,0
ISIC_0063467,0
ISIC_0063469,0
ISIC_0063470,0
ISIC_0063475,1
ISIC_0063480,1
ISIC_0063481,0
ISIC_0063493,1
ISIC_0063496,1
ISIC_0063505,1
ISIC_0063521,0
ISIC_0063528,1
ISIC_0063537,1
ISIC_0063541,1
ISIC_0063551,1
ISIC_0063566,1
ISIC_0063578,1
ISIC_0063601,0
ISIC_0063617,0
ISIC_0063623,0
ISIC_0063625,0
ISIC_0063634,1
ISIC_0063636,1
ISIC_0063641,0
ISIC_0063654,1
ISIC_0063655,-1
ISIC_0063660,1
ISIC_0063664,1
ISIC_0063675,1
ISIC_0063679,0
ISIC_0063680,1
ISIC_0063687,0
ISIC_0063690,-1
ISIC_0063691,1
ISIC_0063692,1
ISIC_0063693,-1
ISIC_0063695,0
ISIC_0063704,0
ISIC_0063715,0
ISIC_0063723,1
ISIC_0063724,1
ISIC_0063727,1
ISIC_0063732,0
ISIC_0063742,-1
ISIC_0063748,1
ISIC_0063750,0
ISIC_0063757,1
ISIC_0063759,1
ISIC_0063769,1
ISIC_0063775,0
ISIC_0063788,0
ISIC_0063793,1
ISIC_0063795,0
ISIC_0063811,1
ISIC_0063824,0
ISIC_0063829,1
ISIC_0063830,1
ISIC_0063839,1
ISIC_0063842,1
ISIC_0063845,1
ISIC_0063852,1
ISIC_0063870,1
ISIC_0063871,1
ISIC_0063872,0
ISIC_0063873,1
ISIC_0063881,1
ISIC_0063885,1
ISIC_0063887,0
ISIC_0063897,1
ISIC_0063908,0
ISIC_0063912,0
ISIC_0063915,1
ISIC_0063926,0
ISIC_0063937,1
ISIC_0063945,0
ISIC_0063946,0
ISIC_0063950,0
ISIC_0063958,0
ISIC_0063960,0
ISIC_0063973,0
ISIC_0063980,1
ISIC_0063981,0
ISIC_0063988,1
ISIC_0064006,0
ISIC_0064014,1
ISIC_0064023,1
ISIC_0064033,0
ISIC_0064034,1
ISIC_0064054,0
ISIC_0064056,0
ISIC_0064058,0
ISIC_0064060,1
ISIC_0064062,1
ISIC_0064072,1
ISIC_0064073,1
ISIC_0064079,0
ISIC_0064080,1
ISIC_0064082,1
ISIC_0064100,1
ISIC_0064102,1
ISIC_0064110,0
ISIC_0064114,0
ISIC_0064116,1
ISIC_0064120,1
ISIC_0064122,0
ISIC_0064129,0
ISIC_0064130,1
ISIC_0064134,0
ISIC_0064141,0
ISIC_0064152,1
ISIC_0064157,1
ISIC_0064167,0
ISIC_0064174,0
ISIC_0064180,0
ISIC_0064195,0
ISIC_0064201,0
ISIC_0064204,0
ISIC_0064209,1
ISIC_0064212,0
ISIC_0064229,0
ISIC_0064240,0
ISIC_0064246,1
ISIC_0064247,1
ISIC_0064261,1
ISIC_0064266,0
ISIC_0064268,1
ISIC_0064270,1
ISIC_0064272,-1
ISIC_0064276,0
ISIC_0064279,1
ISIC_0064281,1
ISIC_0064294,1
ISIC_0064297,0
ISIC_0064298,1
ISIC_0064307,1
ISIC_0064317,1
ISIC_0064320,1
ISIC_0064321,1
ISIC_0064328,1
ISIC_0064337,0
ISIC_0064339,1
ISIC_0064344,0
ISIC_0064360,0
ISIC_0064361,0
ISIC_0064369,1
ISIC_0064376,1
ISIC_0064393,1
ISIC_0064406,0
ISIC_0064411,1
ISIC_0064419,0
ISIC_0064427,-1
ISIC_0064428,1
ISIC_0064436,1
ISIC_0064444,0
ISIC_0064455,0
ISIC_0064463,0
ISIC_0064465,0
ISIC_0064472,1
ISIC_0064476,1
ISIC_0064481,0
ISIC_0064483,0
ISIC_0064498,1
ISIC_0064507,0
ISIC_0064515,1
ISIC_0064517,1
ISIC_0064530,0
ISIC_0064531,0
ISIC_0064534,1
ISIC_0064538,0
ISIC_0064550,1
ISIC_0064559,1
ISIC_0064569,0
ISIC_0064575,0
ISIC_0064581,1
ISIC_0064585,-1
ISIC_0064589,1
ISIC_0064592,0
ISIC_0064606,1
ISIC_0064611,0
ISIC_0064619,1
ISIC_0064623,1
ISIC_0064632,0
ISIC_0064633,1
ISIC_0064645,0
ISIC_0064646,1
ISIC_0064656,1
ISIC_0064660,1
ISIC_0064667,-1
ISIC_0064668,1
ISIC_0064672,0
ISIC_0064676,0
ISIC_0064686,0
ISIC_0064689,1
ISIC_0064692,0
ISIC_0064693,0
ISIC_0064694,0
ISIC_0064721,0
ISIC_0064730,1
ISIC_0064732,0
ISIC_0064739,1
ISIC_0064742,1
ISIC_0064752,0
ISIC_0064759,1
ISIC_0064784,1
ISIC_0064800,1
ISIC_0064804,0
ISIC_0064816,0
ISIC_0064821,0
ISIC_0064822,1
ISIC_0064823,1
ISIC_0064825,0
ISIC_0064829,0
ISIC_0064835,1
ISIC_0064836,1
ISIC_0064840,0
ISIC_0064849,0
ISIC_0064860,1
ISIC_0064868,0
ISIC_0064874,1
ISIC_0064875,1
ISIC_0064881,0
ISIC_0064887,0
ISIC_0064905,1
ISIC_0064907,1
ISIC_0064909,1
ISIC_0064910,0
ISIC_0064919,1
ISIC_0064921,0
ISIC_0064925,1
ISIC_0064926,0
ISIC_0064927,1
ISIC_0064929,1
ISIC_0064933,0
ISIC_0064936,0
ISIC_0064941,1
ISIC_0064943,1
ISIC_0064949,1
ISIC_0064965,0
ISIC_0064982,0
ISIC_0064983,0
ISIC_0064986,0
ISIC_0064990,0
ISIC_0064992,0
ISIC_0064993,0
ISIC_0064997,0
ISIC_0065001,1
ISIC_0065008,1
ISIC_0065013,1
ISIC_0065022,1
ISIC_0065023,1
ISIC_0065025,0
ISIC_0065026,0
ISIC_0065036,1
ISIC_0065039,1
ISIC_0065046,0
ISIC_0065057,1
ISIC_0065059,1
ISIC_0065066,1
ISIC_0065099,1
ISIC_0065100,0
ISIC_0065106,1
ISIC_0065109,0
ISIC_0065128,1
ISIC_0065132,0
ISIC_0065142,0
ISIC_0065159,1
ISIC_0065168,1
ISIC_0065171,1
ISIC_0065173,0
ISIC_0065186,0
ISIC_0065191,1
ISIC_0065192,1
ISIC_0065195,0
ISIC_0065206,1
ISIC_0065210,0
ISIC_0065213,1
ISIC_0065215,1
ISIC_0065230,0
ISIC_0065235,0
ISIC_0065236,1
ISIC_0065248,0
ISIC_0065253,1
ISIC_0065265,0
ISIC_0065267,1
ISIC_0065278,1
ISIC_0065283,-1
ISIC_0065305,1
ISIC_0065307,1
ISIC_0065311,1
ISIC_0065313,0
ISIC_0065315,0
ISIC_0065341,1
ISIC_0065347,1
ISIC_0065351,1
ISIC_0065363,1
ISIC_0065367,0
ISIC_0065379,1
ISIC_0065382,1
ISIC_0065398,1
ISIC_0065402,0
ISIC_0065408,1
ISIC_0065417,0
ISIC_0065431,0
ISIC_0065434,1
ISIC_0065443,1
ISIC_0065446,0
ISIC_0065448,1
ISIC_0065449,0
ISIC_0065463,1
ISIC_0065477,1
ISIC_0065507,0
ISIC_0065512,0
ISIC_0065513,-1
ISIC_0065516,1
ISIC_0065518,-1
ISIC_0065521,1
ISIC_0065523,1
ISIC_0065525,1
ISIC_0065531,1
ISIC_0065532,-1
ISIC_0065533,0
ISIC_0065535,0
ISIC_0065539,-1
ISIC_0065571,1
ISIC_0065576,0
ISIC_0065577,0
ISIC_0065582,1
ISIC_0065590,1
ISIC_0065597,1
ISIC_0065598,0
ISIC_0065615,1
ISIC_0065618,1
ISIC_0065622,1
ISIC_0065627,0
ISIC_0065644,0
ISIC_0065655,1
ISIC_0065658,0
ISIC_0065668,0
ISIC_0065671,0
ISIC_0065675,1
ISIC_0065694,0
ISIC_0065697,1
ISIC_0065698,0
ISIC_0065709,1
ISIC_0065714,1
ISIC_0065727,1
ISIC_0065740,1
ISIC_0065742,1
ISIC_0065746,0
ISIC_0065748,0
ISIC_0065760,0
ISIC_0065767,0
ISIC_0065774,1
ISIC_0065775,1
ISIC_0065781,0
ISIC_0065786,0
ISIC_0065788,0
ISIC_0065801,0
ISIC_0065806,1
ISIC_0065807,0
ISIC_0065813,1
ISIC_0065823,1
ISIC_0065825,1
ISIC_0065843,0
ISIC_0065853,0
ISIC_0065858,1
ISIC_0065869,0
ISIC_0065870,1
ISIC_0065872,1
ISIC_0065889,0
ISIC_0065895,0
ISIC_0065904,1
ISIC_0065918,1
ISIC_0065927,0
ISIC_0065928,1
ISIC_0065932,1
ISIC_0065943,0
ISIC_0065944,-1
ISIC_0065945,-1
ISIC_0065961,1
ISIC_0065969,-1
ISIC_0065974,1
ISIC_0065997,1
ISIC_0066001,1
ISIC_0066019,0
ISIC_0066047,0
ISIC_0066058,0
ISIC_0066061,1
ISIC_0066066,0
ISIC_0066069,1
ISIC_0066075,-1
ISIC_0066085,1
ISIC_0066093,0
ISIC_0066094,1
ISIC_0066098,-1
ISIC_0066101,0
ISIC_0066102,1
ISIC_0066106,1
ISIC_0066109,0
ISIC_0066116,1
ISIC_0066124,0
ISIC_0066127,0
ISIC_0066136,0
ISIC_0066143,1
ISIC_0066146,1
ISIC_0066154,0
ISIC_0066161,1
ISIC_0066165,1
ISIC_0066181,0
ISIC_0066185,1
ISIC_0066191,0
ISIC_0066200,-1
ISIC_0066203,1
ISIC_0066204,-1
ISIC_0066209,1
ISIC_0066217,1
ISIC_0066226,0
ISIC_0066244,1
ISIC_0066289,1
ISIC_0066307,0
ISIC_0066308,0
ISIC_0066316,1
ISIC_0066320,0
ISIC_0066325,1
ISIC_0066332,0
ISIC_0066336,1
ISIC_0066338,0
ISIC_0066350,1
ISIC_0066352,0
ISIC_0066358,1
ISIC_0066359,1
ISIC_0066375,1
ISIC_0066376,1
ISIC_0066378,0
ISIC_0066379,1
ISIC_0066382,1
ISIC_0066384,0
ISIC_0066390,0
ISIC_0066394,0
ISIC_0066399,1
ISIC_0066401,1
ISIC_0066403,0
ISIC_0066412,0
ISIC_0066422,0
ISIC_0066423,-1
ISIC_0066426,1
ISIC_0066428,0
ISIC_0066430,1
ISIC_0066448,0
ISIC_0066470,1
ISIC_0066476,0
ISIC_0066481,0
ISIC_0066483,0
ISIC_0066492,1
ISIC_0066497,1
ISIC_0066499,0
ISIC_0066500,-1
ISIC_0066505,0
ISIC_0066506,0
ISIC_0066515,1
ISIC_0066516,0
ISIC_0066518,0
ISIC_0066519,0
ISIC_0066520,1
ISIC_0066532,1
ISIC_0066533,1
ISIC_0066535,0
ISIC_0066560,1
ISIC_0066564,1
ISIC_0066568,0
ISIC_0066588,0
ISIC_0066589,0
ISIC_0066593,1
ISIC_0066603,1
ISIC_0066609,0
ISIC_0066612,1
ISIC_0066613,0
ISIC_0066626,-1
ISIC_0066627,0
ISIC_0066629,0
ISIC_0066631,1
ISIC_0066633,1
ISIC_0066637,1
ISIC_0066649,0
ISIC_0066650,1
ISIC_0066662,0
ISIC_0066671,1
ISIC_0066678,1
ISIC_0066690,0
ISIC_0066693,0
ISIC_0066710,1
ISIC_0066716,0
ISIC_0066722,1
ISIC_0066733,1
ISIC_0066744,1
ISIC_0066750,1
ISIC_0066756,0
ISIC_0066766,1
ISIC_0066767,0
ISIC_0066769,1
ISIC_0066776,1
ISIC_0066783,1
ISIC_0066792,0
ISIC_0066802,0
ISIC_0066811,0
ISIC_0066815,0
ISIC_0066844,-1
ISIC_0066845,1
ISIC_0066848,0
ISIC_0066854,0
ISIC_0066855,1
ISIC_0066860,0
ISIC_0066863,1
ISIC_0066865,0
ISIC_0066867,-1
ISIC_0066869,1
ISIC_0066882,1
ISIC_0066886,0
ISIC_0066907,-1
ISIC_0066910,0
ISIC_0066918,0
ISIC_0066921,0
ISIC_0066927,0
ISIC_0066931,1
ISIC_0066933,0
ISIC_0066935,0
ISIC_0066947,1
ISIC_0066952,0
ISIC_0066969,1
ISIC_0066977,0
ISIC_0066994,0
ISIC_0067005,0
ISIC_0067008,1
ISIC_0067009,1
ISIC_0067054,1
ISIC_0067062,0
ISIC_0067069,1
ISIC_0067083,1
ISIC_0067101,0
ISIC_0067120,1
ISIC_0067126,1
ISIC_0067129,-1
ISIC_0067134,1
ISIC_0067151,1
ISIC_0067159,1
ISIC_0067160,-1
ISIC_0067167,0
ISIC_0067171,0
ISIC_0067188,0
ISIC_0067191,0
ISIC_0067193,1
ISIC_0067194,1
ISIC_0067197,1
ISIC_0067200,0
ISIC_0067202,1
ISIC_0067206,1
ISIC_0067208,1
ISIC_0067210,1
ISIC_0067225,0
ISIC_0067233,0
ISIC_0067235,1
ISIC_0067240,0
ISIC_0067248,0
ISIC_0067253,1
ISIC_0067274,1
ISIC_0067276,1
ISIC_0067284,0
ISIC_0067308,0
ISIC_0067317,0
ISIC_0067318,0
ISIC_0067325,0
ISIC_0067333,0
ISIC_0067335,0
ISIC_0067339,1
ISIC_0067347,0
ISIC_0067350,1
ISIC_0067353,1
ISIC_0067365,0
ISIC_0067367,1
ISIC_0067375,0
ISIC_0067395,1
ISIC_0067404,1
ISIC_0067405,1
ISIC_0067417,0
ISIC_0067418,0
ISIC_0067438,1
ISIC_0067443,1
ISIC_0067452,0
ISIC_0067458,1
ISIC_0067460,-1
ISIC_0067461,0
ISIC_0067466,0
ISIC_0067485,-1
ISIC_0067488,1
ISIC_0067489,1
ISIC_0067495,1
ISIC_0067502,1
ISIC_0067504,1
ISIC_0067510,0
ISIC_0067511,1
ISIC_0067513,1
ISIC_0067515,0
ISIC_0067518,1
ISIC_0067521,1
ISIC_0067534,1
ISIC_0067536,0
ISIC_0067543,1
ISIC_0067549,1
ISIC_0067553,1
ISIC_0067564,1
ISIC_0067565,0
ISIC_0067566,1
ISIC_0067576,0
ISIC_0067577,0
ISIC_0067598,1
ISIC_0067601,1
ISIC_0067602,-1
ISIC_0067619,0
ISIC_0067625,0
ISIC_0067629,1
ISIC_0067630,-1
ISIC_0067636,1
ISIC_0067653,1
ISIC_0067655,0
ISIC_0067667,1
ISIC_0067671,0
ISIC_0067685,1
ISIC_0067689,-1
ISIC_0067695,1
ISIC_0067696,0
ISIC_0067697,1
ISIC_0067704,0
ISIC_0067711,1
ISIC_0067716,0
ISIC_0067719,0
ISIC_0067722,0
ISIC_0067731,1
ISIC_0067733,0
ISIC_0067743,1
ISIC_0067747,1
ISIC_0067756,0
ISIC_0067757,1
ISIC_0067758,1
ISIC_0067776,0
ISIC_0067782,1
ISIC_0067789,1
ISIC_0067798,1
ISIC_0067804,1
ISIC_0067805,1
ISIC_0067808,1
ISIC_0067816,0
ISIC_0067821,1
ISIC_0067825,0
ISIC_0067830,1
ISIC_0067831,0
ISIC_0067836,0
ISIC_0067843,0
ISIC_0067845,0
ISIC_0067847,1
ISIC_0067849,1
ISIC_0067857,1
ISIC_0067873,1
ISIC_0067885,1
ISIC_0067889,1
ISIC_0067890,1
ISIC_0067891,0
ISIC_0067893,1
ISIC_0067896,-1
ISIC_0067897,1
ISIC_0067902,1
ISIC_0067905,1
ISIC_0067933,0
ISIC_0067934,0
ISIC_0067947,1
ISIC_0067949,1
ISIC_0067952,1
ISIC_0067953,1
ISIC_0067960,0
ISIC_0067969,1
ISIC_0067972,0
ISIC_0067979,0
ISIC_0068000,1
ISIC_0068003,0
ISIC_0068011,1
ISIC_0068012,-1
ISIC_0068013,1
ISIC_0068015,-1
ISIC_0068023,0
ISIC_0068043,1
ISIC_0068048,-1
ISIC_0068055,0
ISIC_0068060,-1
ISIC_0068064,0
ISIC_0068069,0
ISIC_0068073,0
ISIC_0068080,0
ISIC_0068107,0
ISIC_0068114,0
ISIC_0068117,0
ISIC_0068118,0
ISIC_0068119,0
ISIC_0068121,0
ISIC_0068128,-1
ISIC_0068129,0
ISIC_0068137,1
ISIC_0068143,0
ISIC_0068152,1
ISIC_0068153,0
ISIC_0068164,0
ISIC_0068166,0
ISIC_0068178,1
ISIC_0068188,0
ISIC_0068189,1
ISIC_0068200,1
ISIC_0068202,1
ISIC_0068206,0
ISIC_0068209,1
ISIC_0068211,0
ISIC_0068218,1
ISIC_0068227,1
ISIC_0068233,0
ISIC_0068234,0
ISIC_0068239,1
ISIC_0068247,1
ISIC_0068252,1
ISIC_0068273,0
ISIC_0068275,0
ISIC_0068276,1
ISIC_0068282,1
ISIC_0068290,1
ISIC_0068291,0
ISIC_0068294,0
ISIC_0068299,0
ISIC_0068303,1
ISIC_0068315,1
ISIC_0068318,0
ISIC_0068321,1
ISIC_0068331,0
ISIC_0068343,-1
ISIC_0068347,0
ISIC_0068382,1
ISIC_0068383,1
ISIC_0068385,0
ISIC_0068393,0
ISIC_0068396,0
ISIC_0068403,1
ISIC_0068407,1
ISIC_0068411,1
ISIC_0068427,1
ISIC_0068438,0
ISIC_0068452,-1
ISIC_0068460,1
ISIC_0068463,0
ISIC_0068465,1
ISIC_0068468,1
ISIC_0068488,0
ISIC_0068513,1
ISIC_0068524,0
ISIC_0068527,1
ISIC_0068528,0
ISIC_0068537,0
ISIC_0068555,1
ISIC_0068560,1
ISIC_0068576,1
ISIC_0068578,1
ISIC_0068581,1
ISIC_0068583,0
ISIC_0068584,0
ISIC_0068586,1
ISIC_0068609,0
ISIC_0068614,0
ISIC_0068616,0
ISIC_0068617,0
ISIC_0068627,0
ISIC_0068628,1
ISIC_0068629,0
ISIC_0068633,0
ISIC_0068638,1
ISIC_0068660,1
ISIC_0068682,1
ISIC_0068700,1
ISIC_0068715,0
ISIC_0068717,0
ISIC_0068721,1
ISIC_0068727,1
ISIC_0068730,0
ISIC_0068744,1
ISIC_0068747,1
ISIC_0068759,0
ISIC_0068760,1
ISIC_0068761,1
ISIC_0068766,-1
ISIC_0068776,0
ISIC_0068778,1
ISIC_0068800,0
ISIC_0068808,0
ISIC_0068817,0
ISIC_0068818,1
ISIC_0068819,0
ISIC_0068840,0
ISIC_0068850,0
ISIC_0068851,0
ISIC_0068874,1
ISIC_0068881,0
ISIC_0068882,1
ISIC_0068884,1
ISIC_0068895,1
ISIC_0068897,1
ISIC_0068900,1
ISIC_0068905,0
ISIC_0068907,1
ISIC_0068911,1
ISIC_0068917,0
ISIC_0068921,0
ISIC_0068924,1
ISIC_0068928,0
ISIC_0068929,-1
ISIC_0068931,0
ISIC_0068936,0
ISIC_0068941,0
ISIC_0068961,0
ISIC_0068962,0
ISIC_0068966,1
ISIC_0068975,1
ISIC_0068979,0
ISIC_0068981,1
ISIC_0068993,1
ISIC_0069003,0
ISIC_0069008,0
ISIC_0069024,0
ISIC_0069028,1
ISIC_0069029,1
ISIC_0069042,1
ISIC_0069058,1
ISIC_0069059,0
ISIC_0069062,0
ISIC_0069065,0
ISIC_0069068,1
ISIC_0069070,1
ISIC_0069072,1
ISIC_0069076,1
ISIC_0069077,-1
ISIC_0069091,0
ISIC_0069093,1
ISIC_0069102,0
ISIC_0069105,0
ISIC_0069108,1
ISIC_0069112,1
ISIC_0069119,0
ISIC_0069148,1
ISIC_0069156,1
ISIC_0069158,1
ISIC_0069165,1
ISIC_0069167,0
ISIC_0069179,0
ISIC_0069192,1
ISIC_0069197,0
ISIC_0069199,-1
ISIC_0069204,0
ISIC_0069210,1
ISIC_0069230,1
ISIC_0069238,0
ISIC_0069245,1
ISIC_0069246,0
ISIC_0069248,1
ISIC_0069257,1
ISIC_0069262,1
ISIC_0069264,1
ISIC_0069267,0
ISIC_0069273,0
ISIC_0069277,0
ISIC_0069292,1
ISIC_0069293,1
ISIC_0069315,0
ISIC_0069358,1
ISIC_0069361,-1
ISIC_0069365,1
ISIC_0069369,0
ISIC_0069380,1
ISIC_0069385,1
ISIC_0069386,0
ISIC_0069391,1
ISIC_0069395,0
ISIC_0069402,1
ISIC_0069411,0
ISIC_0069416,0
ISIC_0069432,1
ISIC_0069437,0
ISIC_0069457,0
ISIC_0069459,1
ISIC_0069466,1
ISIC_0069473,0
ISIC_0069475,0
ISIC_0069479,0
ISIC_0069481,1
ISIC_0069488,1
ISIC_0069504,0
ISIC_0069508,1
ISIC_0069509,1
ISIC_0069511,1
ISIC_0069514,0
ISIC_0069515,0
ISIC_0069536,1
ISIC_0069540,1
ISIC_0069573,1
ISIC_0069583,1
ISIC_0069591,1
ISIC_0069592,0
ISIC_0069595,0
ISIC_0069617,1
ISIC_0069620,1
ISIC_0069622,0
ISIC_0069624,0
ISIC_0069626,0
ISIC_0069635,0
ISIC_0069638,0
ISIC_0069657,0
ISIC_0069660,1
ISIC_0069668,1
ISIC_0069669,0
ISIC_0069671,1
ISIC_0069705,1
ISIC_0069727,1
ISIC_0069733,0
ISIC_0069736,1
ISIC_0069743,1
ISIC_0069747,0
ISIC_0069775,0
ISIC_0069791,1
ISIC_0069810,0
ISIC_0069819,1
ISIC_0069821,0
ISIC_0069833,1
ISIC_0069841,1
ISIC_0069851,-1
ISIC_0069859,0
ISIC_0069860,0
ISIC_0069864,1
ISIC_0069873,0
ISIC_0069889,0
ISIC_0069891,1
ISIC_0069908,1
ISIC_0069918,1
ISIC_0069920,0
ISIC_0069922,0
ISIC_0069929,1
ISIC_0069946,0
ISIC_0069951,1
ISIC_0069958,0
ISIC_0069967,1
ISIC_0069970,1
ISIC_0069977,0
ISIC_0069984,1
ISIC_0069986,0
ISIC_0069988,0
ISIC_0069995,1
ISIC_0070006,1
ISIC_0070012,0
ISIC_0070017,0
ISIC_0070018,0
ISIC_0070032,0
ISIC_0070045,1
ISIC_0070049,0
ISIC_0070050,1
ISIC_0070051,1
ISIC_0070061,0
ISIC_0070068,1
ISIC_0070089,0
ISIC_0070092,1
ISIC_0070093,-1
ISIC_0070095,0
ISIC_0070105,1
ISIC_0070107,-1
ISIC_0070108,1
ISIC_0070109,0
ISIC_0070110,1
ISIC_0070114,1
ISIC_0070120,1
ISIC_0070123,0
ISIC_0070129,1
ISIC_0070137,1
ISIC_0070139,1
ISIC_0070141,0
ISIC_0070149,1
ISIC_0070170,0
ISIC_0070172,1
ISIC_0070207,-1
ISIC_0070215,1
ISIC_0070217,1
ISIC_0070220,-1
ISIC_0070227,-1
ISIC_0070235,1
ISIC_0070248,-1
ISIC_0070250,1
ISIC_0070253,1
ISIC_0070262,-1
ISIC_0070274,1
ISIC_0070303,0
ISIC_0070308,-1
ISIC_0070313,1
ISIC_0070316,0
ISIC_0070327,0
ISIC_0070341,1
ISIC_0070342,1
ISIC_0070344,0
ISIC_0070347,0
ISIC_0070351,1
ISIC_0070352,1
ISIC_0070362,1
ISIC_0070363,1
ISIC_0070366,1
ISIC_0070371,0
ISIC_0070374,0
ISIC_0070380,1
ISIC_0070387,0
ISIC_0070396,1
ISIC_0070400,0
ISIC_0070403,1
ISIC_0070414,1
ISIC_0070419,1
ISIC_0070427,0
ISIC_0070431,0
ISIC_0070433,1
ISIC_0070435,1
ISIC_0070439,1
ISIC_0070441,0
ISIC_0070442,0
ISIC_0070446,1
ISIC_0070447,1
ISIC_0070454,1
ISIC_0070465,-1
ISIC_0070477,0
ISIC_0070480,1
ISIC_0070489,1
ISIC_0070501,0
ISIC_0070517,-1
ISIC_0070520,1
ISIC_0070521,1
ISIC_0070549,0
ISIC_0070551,1
ISIC_0070553,1
ISIC_0070566,0
ISIC_0070572,-1
ISIC_0070578,0
ISIC_0070581,0
ISIC_0070585,1
ISIC_0070588,1
ISIC_0070593,0
ISIC_0070595,0
ISIC_0070596,1
ISIC_0070601,0
ISIC_0070611,1
ISIC_0070614,1
ISIC_0070623,-1
ISIC_0070629,0
ISIC_0070653,0
ISIC_0070657,0
ISIC_0070658,0
ISIC_0070666,1
ISIC_0070689,1
ISIC_0070702,1
ISIC_0070709,0
ISIC_0070710,1
ISIC_0070711,1
ISIC_0070724,0
ISIC_0070727,1
ISIC_0070731,1
ISIC_0070743,0
ISIC_0070745,1
ISIC_0070747,1
ISIC_0070752,1
ISIC_0070756,1
ISIC_0070778,1
ISIC_0070784,1
ISIC_0070794,1
ISIC_0070799,1
ISIC_0070801,1
ISIC_0070805,1
ISIC_0070809,1
ISIC_0070814,1
ISIC_0070815,0
ISIC_0070816,1
ISIC_0070822,-1
ISIC_0070837,0
ISIC_0070842,0
ISIC_0070846,0
ISIC_0070852,0
ISIC_0070867,0
ISIC_0070871,1
ISIC_0070886,1
ISIC_0070888,1
ISIC_0070910,0
ISIC_0070913,0
ISIC_0070916,0
ISIC_0070920,0
ISIC_0070927,0
ISIC_0070938,1
ISIC_0070940,1
ISIC_0070959,0
ISIC_0070961,1
ISIC_0070973,-1
ISIC_0070974,0
ISIC_0070976,0
ISIC_0070984,1
ISIC_0070990,1
ISIC_0070992,1
ISIC_0070998,1
ISIC_0071006,0
ISIC_0071012,1
ISIC_0071017,1
ISIC_0071035,1
ISIC_0071043,0
ISIC_0071045,1
ISIC_0071047,1
ISIC_0071048,1
ISIC_0071067,0
ISIC_0071069,1
ISIC_0071074,1
ISIC_0071089,1
ISIC_0071095,1
ISIC_0071101,-1
ISIC_0071109,0
ISIC_0071111,1
ISIC_0071119,1
ISIC_0071122,1
ISIC_0071124,-1
ISIC_0071132,1
ISIC_0071133,1
ISIC_0071134,0
ISIC_0071137,1
ISIC_0071138,0
ISIC_0071142,0
ISIC_0071169,0
ISIC_0071176,0
ISIC_0071178,0
ISIC_0071180,0
ISIC_0071196,0
ISIC_0071208,1
ISIC_0071215,1
ISIC_0071218,0
ISIC_0071238,0
ISIC_0071240,1
ISIC_0071245,-1
ISIC_0071253,0
ISIC_0071257,1
ISIC_0071258,0
ISIC_0071260,-1
ISIC_0071271,0
ISIC_0071289,1
ISIC_0071290,0
ISIC_0071303,1
ISIC_0071311,0
ISIC_0071315,0
ISIC_0071335,0
ISIC_0071342,1
ISIC_0071346,0
ISIC_0071357,0
ISIC_0071361,0
ISIC_0071388,1
ISIC_0071392,0
ISIC_0071395,0
ISIC_0071401,1
ISIC_0071404,1
ISIC_0071420,0
ISIC_0071430,1
ISIC_0071431,0
ISIC_0071443,1
ISIC_0071458,1
ISIC_0071470,0
ISIC_0071476,0
ISIC_0071478,-1
ISIC_0071528,1
ISIC_0071534,0
ISIC_0071550,0
ISIC_0071558,1
ISIC_0071559,1
ISIC_0071563,0
ISIC_0071568,1
ISIC_0071576,-1
ISIC_0071579,1
ISIC_0071580,1
ISIC_0071583,0
ISIC_0071584,0
ISIC_0071586,-1
ISIC_0071592,1
ISIC_0071594,1
ISIC_0071596,1
ISIC_0071600,1
ISIC_0071628,0
ISIC_0071632,0
ISIC_0071648,0
ISIC_0071651,0
ISIC_0071663,1
ISIC_0071666,0
ISIC_0071668,1
ISIC_0071673,0
ISIC_0071678,1
ISIC_0071702,1
ISIC_0071707,0
ISIC_0071713,0
ISIC_0071717,1
ISIC_0071720,0
ISIC_0071725,-1
ISIC_0071726,1
ISIC_0071740,1
ISIC_0071765,0
ISIC_0071766,0
ISIC_0071767,0
ISIC_0071774,1
ISIC_0071776,0
ISIC_0071778,1
ISIC_0071782,0
ISIC_0071783,1
ISIC_0071784,0
ISIC_0071788,1
ISIC_0071797,0
ISIC_0071800,1
ISIC_0071806,1
ISIC_0071808,0
ISIC_0071815,0
ISIC_0071834,1
ISIC_0071857,0
ISIC_0071865,0
ISIC_0071869,1
ISIC_0071875,0
ISIC_0071891,0
ISIC_0071892,1
ISIC_0071901,1
ISIC_0071904,1
ISIC_0071906,1
ISIC_0071916,1
ISIC_0071926,0
ISIC_0071931,1
ISIC_0071936,-1
ISIC_0071939,-1
ISIC_0071944,1
ISIC_0071950,1
ISIC_0071951,1
ISIC_0071957,0
ISIC_0071970,1
ISIC_0071972,0
ISIC_0071992,0
ISIC_0071996,0
ISIC_0071997,0
ISIC_0072001,1
ISIC_0072002,0
ISIC_0072003,0
ISIC_0072004,1
ISIC_0072006,1
ISIC_0072010,0
ISIC_0072021,0
ISIC_0072030,1
ISIC_0072032,1
ISIC_0072041,0
ISIC_0072051,-1
ISIC_0072061,1
ISIC_0072063,1
ISIC_0072065,1
ISIC_0072069,0
ISIC_0072077,0
ISIC_0072078,1
ISIC_0072087,0
ISIC_0072090,1
ISIC_0072099,0
ISIC_0072101,1
ISIC_0072103,1
ISIC_0072109,0
ISIC_0072111,0
ISIC_0072121,1
ISIC_0072122,0
ISIC_0072126,1
ISIC_0072142,0
ISIC_0072151,1
ISIC_0072154,0
ISIC_0072156,1
ISIC_0072157,1
ISIC_0072166,0
ISIC_0072173,1
ISIC_0072174,1
ISIC_0072178,0
ISIC_0072182,1
ISIC_0072188,0
ISIC_0072195,1
ISIC_0072198,0
ISIC_0072215,1
ISIC_0072218,0
ISIC_0072223,1
ISIC_0072226,-1
ISIC_0072230,-1
ISIC_0072241,0
ISIC_0072242,0
ISIC_0072252,0
ISIC_0072268,0
ISIC_0072271,1
ISIC_0072279,0
ISIC_0072280,1
ISIC_0072286,1
ISIC_0072287,0
ISIC_0072294,1
ISIC_0072297,0
ISIC_0072299,0
ISIC_0072301,1
ISIC_0072315,1
ISIC_0072330,0
ISIC_0072339,0
ISIC_0072344,0
ISIC_0072348,1
ISIC_0072353,0
ISIC_0072354,1
ISIC_0072358,0
ISIC_0072360,0
ISIC_0072363,1
ISIC_0072369,1
ISIC_0072371,1
ISIC_0072374,1
ISIC_0072375,1
ISIC_0072377,1
ISIC_0072380,1
ISIC_0072396,-1
ISIC_0072401,0
ISIC_0072405,1
ISIC_0072411,0
ISIC_0072415,1
ISIC_0072422,1
ISIC_0072429,0
ISIC_0072437,1
ISIC_0072439,1
ISIC_0072440,1
ISIC_0072441,1
ISIC_0072473,0
ISIC_0072482,0
ISIC_0072494,0
ISIC_0072495,0
ISIC_0072507,1
ISIC_0072508,1
ISIC_0072516,0
ISIC_0072522,0
ISIC_0072523,1
ISIC_0072531,1
ISIC_0072534,0
ISIC_0072535,1
ISIC_0072538,1
ISIC_0072557,1
ISIC_0072559,1
ISIC_0072565,-1
ISIC_0072568,0
ISIC_0072569,1
ISIC_0072574,0
ISIC_0072585,0
ISIC_0072586,0
ISIC_0072594,0
ISIC_0072595,1
ISIC_0072612,0
ISIC_0072619,0
ISIC_0072624,1
ISIC_0072626,0
ISIC_0072631,0
ISIC_0072641,1
ISIC_0072642,0
ISIC_0072653,1
ISIC_0072689,-1
ISIC_0072691,0
ISIC_0072694,1
ISIC_0072705,1
ISIC_0072713,1
ISIC_0072714,0
ISIC_0072730,0
ISIC_0072733,1
ISIC_0072738,1
ISIC_0072743,1
ISIC_0072747,0
ISIC_0072748,1
ISIC_0072753,0
ISIC_0072755,0
ISIC_0072758,0
ISIC_0072763,-1
ISIC_0072768,-1
ISIC_0072773,1
ISIC_0072780,1
ISIC_0072783,0
ISIC_0072785,0
ISIC_0072793,0
ISIC_0072799,0
ISIC_0072820,0
ISIC_0072824,1
ISIC_0072827,-1
ISIC_0072828,0
ISIC_0072843,1
ISIC_0072844,0
ISIC_0072845,0
ISIC_0072862,0
ISIC_0072865,1
ISIC_0072872,0
ISIC_0072876,0
ISIC_0072887,0
ISIC_0072889,0
ISIC_0072896,-1
ISIC_0072909,1
ISIC_0072917,1
ISIC_0072923,0
ISIC_0072924,1
ISIC_0072930,1
ISIC_0072939,1
ISIC_0072961,1
ISIC_0072966,0
ISIC_0072968,0
ISIC_0072976,1
ISIC_0072977,0
ISIC_0072983,1
ISIC_0072985,1
ISIC_0072990,1
ISIC_0072991,0
ISIC_0073007,1
ISIC_0073016,0
ISIC_0073018,0
ISIC_0073038,0
ISIC_0073044,1
ISIC_0073054,1
ISIC_0073065,0
ISIC_0073075,0
ISIC_0073078,0
ISIC_0073089,-1
ISIC_0073102,1
ISIC_0073119,0
ISIC_0073124,1
ISIC_0073127,1
ISIC_0073134,0
ISIC_0073136,1
ISIC_0073143,0
ISIC_0073147,1
ISIC_0073156,0
ISIC_0073173,-1
ISIC_0073190,0
ISIC_0073191,1
ISIC_0073194,0
ISIC_0073203,-1
ISIC_0073204,0
ISIC_0073218,0
ISIC_0073227,0
ISIC_0073231,0
ISIC_0073237,1
ISIC_0073238,1
ISIC_0073241,0
ISIC_0073249,0
ISIC_3733653,1
ISIC_8886139,1
ISIC_9367522,1
ISIC_4676270,1
ISIC_7546219,1
ISIC_2883463,1
ISIC_3203344,1
ISIC_9585329,1
ISIC_3963183,1
ISIC_9828846,1
ISIC_3338629,0
ISIC_3025889,1
ISIC_7320371,1
ISIC_1177153,1
ISIC_5086349,1
ISIC_6809586,1
ISIC_0681019,1
ISIC_5272223,1
ISIC_8872158,1
ISIC_9353360,1
ISIC_1116483,1
ISIC_5343231,1
ISIC_1729223,1
ISIC_5797062,1
ISIC_3408231,1
ISIC_8379956,1
ISIC_9900191,1
ISIC_7973598,1
ISIC_0481105,1
ISIC_6096565,1
ISIC_9677503,1
ISIC_6786198,1
ISIC_2750230,1
ISIC_7636412,1
ISIC_3335904,1
ISIC_5224960,1
ISIC_5426249,1
ISIC_5795436,1
ISIC_4975524,1
ISIC_2839742,1
ISIC_6814727,1
ISIC_9957368,1
ISIC_9978107,1
ISIC_1210011,1
ISIC_1589997,1
ISIC_4508878,1
ISIC_6961503,1
ISIC_4009870,1
ISIC_0645454,1
ISIC_5747942,1
ISIC_3561065,1
ISIC_1177505,1
ISIC_0457344,1
ISIC_7130929,1
ISIC_7577395,1
ISIC_1975042,1
ISIC_7410175,1
ISIC_2979268,1
ISIC_0844312,1
ISIC_6300866,1
ISIC_7457700,1
ISIC_5172576,1
ISIC_8990534,1
ISIC_8692218,1
ISIC_3941123,1
ISIC_7960321,1
ISIC_8554769,1
ISIC_8566006,1
ISIC_7693611,1
ISIC_7724762,1
ISIC_7183212,1
ISIC_4916704,1
ISIC_8106899,1
ISIC_7503950,1
ISIC_4170698,1
ISIC_3993924,1
ISIC_1255336,1
ISIC_7353870,1
ISIC_7327423,-1
ISIC_5719436,1
ISIC_8882374,1
ISIC_4223155,1
ISIC_3996796,1
ISIC_0639769,1
ISIC_6450034,1
ISIC_1948545,1
ISIC_9268487,1
ISIC_4000481,1
ISIC_2535541,1
ISIC_9544832,1
ISIC_5388184,1
ISIC_5084113,1
ISIC_4229473,1
ISIC_2447578,1
ISIC_8008539,1
ISIC_6688417,1
ISIC_9677559,1
ISIC_0287325,1
ISIC_8344285,1
ISIC_8943817,1
ISIC_2341309,1
ISIC_1460169,1
ISIC_9006649,1
ISIC_3510420,1
ISIC_2098553,1
ISIC_4359352,1
ISIC_4282399,1
ISIC_8839128,1
ISIC_3481499,1
ISIC_9770677,1
ISIC_2153686,1
ISIC_5267208,1
ISIC_1956504,1
ISIC_6220625,1
ISIC_1157032,1
ISIC_1605629,1
ISIC_8672524,1
ISIC_4597293,1
ISIC_1484659,1
ISIC_5425721,1
ISIC_0502582,1
ISIC_6851408,1
ISIC_0247330,1
ISIC_5369000,1
ISIC_3944634,1
ISIC_8527092,1
ISIC_3265514,1
ISIC_7080469,1
ISIC_6398669,1
ISIC_2101624,1
ISIC_8951909,1
ISIC_9729042,1
ISIC_2072219,1
ISIC_4619789,1
ISIC_6348638,1
ISIC_7748311,1
ISIC_2823287,1
ISIC_6541615,1
ISIC_5247560,1
ISIC_3343475,1
ISIC_8677053,1
ISIC_4936662,1
ISIC_8194835,1
ISIC_4730066,1
ISIC_2967024,1
ISIC_4525317,1
ISIC_7785723,1
ISIC_7181296,1
ISIC_7658729,1
ISIC_0333091,1
ISIC_6496370,1
ISIC_1241817,1
ISIC_2176112,1
ISIC_8615491,1
ISIC_2822718,1
ISIC_2560699,1
ISIC_5352496,1
ISIC_9048507,1
ISIC_7261174,1
ISIC_2685593,1
ISIC_0961235,1
ISIC_7075474,1
ISIC_0924427,0
ISIC_3880022,1
ISIC_9863642,0
ISIC_8417873,1
ISIC_8325226,1
ISIC_5415761,1
ISIC_8497457,1
ISIC_6811237,1
ISIC_5605645,1
ISIC_8859274,1
ISIC_0250839,1
ISIC_7939816,1
ISIC_7662910,1
ISIC_6190621,1
ISIC_0588352,1
ISIC_2841788,1
ISIC_7101732,1
ISIC_9910791,1
ISIC_4493482,1
ISIC_9509757,1
ISIC_9053910,1
ISIC_2077116,1
ISIC_1132496,1
ISIC_4120174,1
ISIC_1009042,1
ISIC_3207651,1
ISIC_2342769,1
ISIC_3023646,1
ISIC_0862745,1
ISIC_9556334,1
ISIC_7079349,1
ISIC_8002875,0
ISIC_6767569,0
ISIC_4118006,1
ISIC_0911264,1
ISIC_8157654,1
ISIC_6561111,1
ISIC_4980656,-1
ISIC_7489564,1
ISIC_1620401,1
ISIC_0232101,1
ISIC_2668481,1
ISIC_3253484,1
ISIC_6248008,1
ISIC_6784593,1
ISIC_8281208,1
ISIC_6927840,1
ISIC_6496251,1
ISIC_8985109,1
ISIC_3803651,1
ISIC_6056121,1
ISIC_6228963,1
ISIC_5581931,1
ISIC_7927525,1
ISIC_4653503,1
ISIC_4874581,-1
ISIC_2844539,1
ISIC_2071966,1
ISIC_1564663,1
ISIC_3450017,1
ISIC_0188432,1
ISIC_7936755,0
ISIC_4408559,1
ISIC_1037315,1
ISIC_5495413,1
ISIC_0178428,1
ISIC_2230091,1
ISIC_2076526,1
ISIC_7346228,1
ISIC_1630301,1
ISIC_6255113,-1
ISIC_9821002,1
ISIC_6736963,1
ISIC_1068686,1
ISIC_5867911,1
ISIC_8381531,1
ISIC_0599605,1
ISIC_0953317,1
ISIC_7100755,1
ISIC_5315062,1
ISIC_2609984,1
ISIC_6398283,1
ISIC_1071355,1
ISIC_0533122,1
ISIC_2437633,1
ISIC_2797353,1
ISIC_4842587,1
ISIC_7573463,1
ISIC_5288393,1
ISIC_0585534,1
ISIC_8609756,1
ISIC_5140952,1
ISIC_2105563,-1
ISIC_6625102,1
ISIC_0337631,1
ISIC_2766590,1
ISIC_8372206,1
ISIC_8632904,1
ISIC_7949783,1
ISIC_2979177,-1
ISIC_6159600,1
ISIC_7064511,1
ISIC_4961146,1
ISIC_7889097,1
ISIC_5664695,1
ISIC_1124434,1
ISIC_9980216,1
ISIC_7070020,1
ISIC_6110888,1
ISIC_8621568,1
ISIC_2033237,1
ISIC_5673518,1
ISIC_6251753,1
ISIC_9963177,1
ISIC_2700320,1
ISIC_3084312,1
ISIC_6516710,1
ISIC_6526489,1
ISIC_3965087,1
ISIC_6931277,1
ISIC_5505677,1
ISIC_7536704,1
ISIC_1569119,1
ISIC_8866651,1
ISIC_2528358,1
ISIC_5129659,1
ISIC_6125652,1
ISIC_1356715,1
ISIC_0274382,1
ISIC_4346693,1
ISIC_2720971,1
ISIC_8702237,1
ISIC_6713432,1
ISIC_2320481,1
ISIC_1330008,1
ISIC_9785077,1
ISIC_3936223,1
ISIC_2377844,1
ISIC_7371801,1
ISIC_2883756,1
ISIC_6512653,1
ISIC_4469476,1
ISIC_7904829,1
ISIC_8564474,1
ISIC_0833889,1
ISIC_2779036,1
ISIC_6509682,1
ISIC_0273046,1
ISIC_6966001,1
ISIC_1398333,1
ISIC_3969411,1
ISIC_2481044,1
ISIC_3778192,1
ISIC_1822797,1
ISIC_8283552,1
ISIC_9000824,1
ISIC_9193127,1
ISIC_9478088,1
ISIC_0149568,1
ISIC_2607827,1
ISIC_9022005,1
ISIC_9967383,1
ISIC_6539127,1
ISIC_8355446,1
ISIC_0207268,1
ISIC_7545731,1
ISIC_2561898,1
ISIC_6584579,1
ISIC_6352565,1
ISIC_4439054,1
ISIC_5565758,1
ISIC_0703440,1
ISIC_2987613,0
ISIC_0467617,1
ISIC_7763042,1
ISIC_7062201,0
ISIC_1449628,0
ISIC_6381819,0
ISIC_4810227,1
ISIC_9752088,1
ISIC_9456779,0
ISIC_0606244,1
ISIC_9114248,1
ISIC_0873174,1
ISIC_9345094,1
ISIC_2318474,1
ISIC_2438481,0
ISIC_1440160,0
ISIC_4938994,1
ISIC_3433909,1
ISIC_5732201,1
ISIC_7010755,1
ISIC_9101762,1
ISIC_9312164,1
ISIC_5847821,1
ISIC_7293518,1
ISIC_8059429,1
ISIC_4378189,1
ISIC_1684127,1
ISIC_0969723,1
ISIC_7372719,1
ISIC_6024335,1
ISIC_5642824,1
ISIC_8231999,1
ISIC_4967564,1
ISIC_1560324,1
ISIC_6925729,1
ISIC_5527224,1
ISIC_5258657,1
ISIC_1959939,1
ISIC_6982386,1
ISIC_9052500,1
ISIC_4266533,1
ISIC_4163686,1
ISIC_5260050,1
ISIC_2900150,1
ISIC_5533992,1
ISIC_3570575,1
ISIC_0559335,1
ISIC_7074321,1
ISIC_3576876,1
ISIC_0952472,1
ISIC_2565206,1
ISIC_9593940,1
ISIC_6971606,1
ISIC_2351999,1
ISIC_5137933,1
ISIC_8641097,1
ISIC_1616031,1
ISIC_1698942,1
ISIC_8011058,1
ISIC_2272218,1
ISIC_2412113,1
ISIC_0470699,1
ISIC_3915890,1
ISIC_4377208,1
ISIC_1388552,1
ISIC_2824922,1
ISIC_7520843,1
ISIC_1881133,1
ISIC_8230318,1
ISIC_5216586,1
ISIC_2937642,1
ISIC_7626256,1
ISIC_0272509,1
ISIC_1654342,1
ISIC_3738751,1
ISIC_5044571,1
ISIC_6313487,1
ISIC_3464344,1
ISIC_0528044,1
ISIC_2646829,1
ISIC_8789051,1
ISIC_2170268,1
ISIC_8249854,1
ISIC_5539423,1
ISIC_1110583,1
ISIC_7205745,1
ISIC_6581411,1
ISIC_0602633,1
ISIC_9998682,1
ISIC_3391427,1
ISIC_9183084,1
ISIC_8238755,1
ISIC_4258047,1
ISIC_2200197,1
ISIC_3301933,1
ISIC_7010159,1
ISIC_7872595,1
ISIC_7940557,1
ISIC_3435596,1
ISIC_4968384,1
ISIC_8009536,1
ISIC_9429943,1
ISIC_8437493,1
ISIC_3517311,1
ISIC_0662000,1
ISIC_9199429,1
ISIC_5581297,1
ISIC_2975580,1
ISIC_6634951,1
ISIC_4960784,1
ISIC_4851366,1
ISIC_2268341,1
ISIC_1566428,1
ISIC_4810142,1
ISIC_1785627,1
ISIC_3016243,1
ISIC_3817719,1
ISIC_2974214,1
ISIC_0456176,1
ISIC_9038318,1
ISIC_8470330,1
ISIC_9571842,1
ISIC_2226191,1
ISIC_1752943,1
ISIC_3436033,1
ISIC_0286360,1
ISIC_5667461,1
ISIC_7253401,1
ISIC_7800750,1
ISIC_8167374,1
ISIC_0504165,1
ISIC_3065032,1
ISIC_2776906,1
ISIC_7265673,1
ISIC_7312977,1
ISIC_4425322,1
ISIC_1427578,1
ISIC_9685931,1
ISIC_2153401,1
ISIC_2434588,1
ISIC_8145348,1
ISIC_9210255,1
ISIC_2577849,1
ISIC_0779920,1
ISIC_6945634,1
ISIC_5922588,1
ISIC_8263489,1
ISIC_4427247,1
ISIC_6059520,1
ISIC_8737794,1
ISIC_1694285,1
ISIC_8124900,1
ISIC_3976496,1
ISIC_9596721,1
ISIC_4404772,1
ISIC_1670692,1
ISIC_4905375,1
ISIC_6307097,1
ISIC_7202197,1
ISIC_8006211,1
ISIC_1627619,1
ISIC_7195248,1
ISIC_6278273,1
ISIC_2637608,1
ISIC_0280912,1
ISIC_7035246,1
ISIC_3475660,1
ISIC_5585090,1
ISIC_0220438,1
ISIC_6392461,1
ISIC_2757355,1
ISIC_1870415,1
ISIC_2697083,1
ISIC_0351666,1
ISIC_6285925,1
ISIC_7614221,1
ISIC_2871230,1
ISIC_3399306,1
ISIC_9164054,1
ISIC_6555290,1
ISIC_6089318,1
ISIC_4425657,1
ISIC_1023256,1
ISIC_8397285,-1
ISIC_3979826,1
ISIC_5776649,1
ISIC_2255411,1
ISIC_2364150,1
ISIC_1473522,1
ISIC_8207974,1
ISIC_2525084,1
ISIC_6549364,1
ISIC_6692344,1
ISIC_3985031,1
ISIC_0624498,1
ISIC_3244067,1
ISIC_9001948,1
ISIC_8732757,1
ISIC_1728564,1
ISIC_2232442,1
ISIC_0981639,1
ISIC_6620377,1
ISIC_1247683,1
ISIC_5046082,1
ISIC_5037784,1
ISIC_0744013,1
ISIC_9930189,1
ISIC_7961365,1
ISIC_0489267,1
ISIC_9626843,1
ISIC_7075768,1
ISIC_7612992,1
ISIC_2243107,1
ISIC_0647224,1
ISIC_8485716,1
ISIC_7914631,1
ISIC_5021861,1
ISIC_7788318,1
ISIC_7680948,1
ISIC_4590186,1
ISIC_5167209,1
ISIC_5774484,1
ISIC_9754098,1
ISIC_7460887,1
ISIC_5747486,1
ISIC_3440759,1
ISIC_5868291,1
ISIC_2126660,1
ISIC_1231419,1
ISIC_5829938,1
ISIC_7490240,1
ISIC_9583969,1
ISIC_4230049,1
ISIC_6785680,1
ISIC_5147292,1
ISIC_6671773,1
ISIC_7960869,1
ISIC_4982046,1
ISIC_5191344,1
ISIC_1866770,1
ISIC_3824206,1
ISIC_4301916,1
ISIC_4967586,1
ISIC_1460932,1
ISIC_7466678,1
ISIC_6841294,1
ISIC_3469595,1
ISIC_2406492,1
ISIC_3241636,1
ISIC_0914168,1
ISIC_0294150,1
ISIC_1968421,1
ISIC_1486861,1
ISIC_7218890,1
ISIC_9000234,1
ISIC_7098141,1
ISIC_1706912,1
ISIC_1412843,1
ISIC_9235283,1
ISIC_5576354,1
ISIC_9286292,1
ISIC_2957732,1
ISIC_4276255,1
ISIC_5983500,1
ISIC_6535558,1
ISIC_0572205,1
ISIC_0915404,1
ISIC_3412012,1
ISIC_7948290,1
ISIC_3883863,1
ISIC_4362713,1
ISIC_5391758,1
ISIC_5994923,1
ISIC_8617277,1
ISIC_8892236,1
ISIC_6714082,1
ISIC_7287303,1
ISIC_8252406,0
ISIC_2141237,1
ISIC_6695831,1
ISIC_3909039,1
ISIC_3895426,1
ISIC_5434661,1
ISIC_8724944,1
ISIC_7897925,1
ISIC_3696488,1
ISIC_1733178,1
ISIC_3590167,1
ISIC_8040024,1
ISIC_9941666,1
ISIC_3286186,1
ISIC_9547725,1
ISIC_5045600,1
ISIC_9676644,1
ISIC_7844825,1
ISIC_6124481,1
ISIC_7190243,1
ISIC_0327406,1
ISIC_2135474,1
ISIC_5602826,0
ISIC_3775417,1
ISIC_8545949,0
ISIC_3642019,1
ISIC_7816675,1
ISIC_0369831,0
ISIC_3068885,1
ISIC_7880400,1
ISIC_3666967,0
ISIC_3159924,1
ISIC_4398011,1
ISIC_8838753,1
ISIC_8027899,1
ISIC_2837581,0
ISIC_5044438,1
ISIC_8493108,1
ISIC_3446357,1
ISIC_9130157,1
ISIC_6269166,1
ISIC_0946787,1
ISIC_6904082,1
ISIC_1269448,1
ISIC_8922893,1
ISIC_4619903,1
ISIC_1330381,1
ISIC_2724529,1
ISIC_8758404,1
ISIC_3028754,1
ISIC_8066110,1
ISIC_9870885,1
ISIC_2916754,1
ISIC_7349440,1
ISIC_0186998,1
ISIC_8821742,1
ISIC_6875745,1
ISIC_6299036,1
ISIC_8436194,1
ISIC_3094758,1
ISIC_3045939,1
ISIC_4967361,1
ISIC_8624049,1
ISIC_0353247,1
ISIC_2310935,1
ISIC_1558504,1
ISIC_6366417,1
ISIC_7462953,0
ISIC_3389695,1
ISIC_0501108,1
ISIC_8708106,1
ISIC_4347535,1
ISIC_5620802,1
ISIC_4985027,1
ISIC_9130035,1
ISIC_2757370,1
ISIC_1040820,1
ISIC_2144690,1
ISIC_4633843,1
ISIC_5015551,1
ISIC_3750329,1
ISIC_5350216,1
ISIC_8806986,1
ISIC_5367118,1
ISIC_5091996,1
ISIC_0429825,1
ISIC_5449076,1
ISIC_6066292,-1
ISIC_8087949,1
ISIC_7899041,-1
ISIC_9210086,1
ISIC_2108849,1
ISIC_7453676,1
ISIC_4813568,1
ISIC_5762714,1
ISIC_9254641,1
ISIC_3281565,1
ISIC_4177450,1
ISIC_2128061,1
ISIC_0855174,1
ISIC_7898880,1
ISIC_7110531,1
ISIC_0962121,1
ISIC_7235128,1
ISIC_2243756,1
ISIC_1601532,1
ISIC_1939413,-1
ISIC_1343302,1
ISIC_3666865,1
ISIC_3331737,1
ISIC_1372928,1
ISIC_1818238,1
ISIC_9335652,1
ISIC_2884038,1
ISIC_5010212,1
ISIC_4207959,0
ISIC_6184891,1
ISIC_1685962,1
ISIC_3690890,1
ISIC_4780727,1
ISIC_5534730,1
ISIC_6278558,1
ISIC_3147084,1
ISIC_5415749,1
ISIC_7942881,1
ISIC_6646939,1
ISIC_2818959,1
ISIC_1338061,1
ISIC_5330187,1
ISIC_2198823,1
ISIC_4212546,1
ISIC_8138363,1
ISIC_8344345,1
ISIC_4781223,1
ISIC_2957465,1
ISIC_9219356,1
ISIC_2850215,1
ISIC_3763984,1
ISIC_7839712,1
ISIC_0245720,1
ISIC_3842916,1
ISIC_8509219,1
ISIC_3478473,1
ISIC_2433965,1
ISIC_4464389,1
ISIC_4699695,1
ISIC_5864088,1
ISIC_4510530,1
ISIC_0990298,1
ISIC_1605945,1
ISIC_9780632,1
ISIC_4953281,1
ISIC_8073555,1
ISIC_4750271,1
ISIC_2185005,1
ISIC_3174039,1
ISIC_0903411,1
ISIC_5820693,1
ISIC_1099075,1
ISIC_9315775,1
ISIC_2465799,1
ISIC_2814689,1
ISIC_5608178,1
ISIC_6410859,1
ISIC_2513018,1
ISIC_5647607,0
ISIC_6004197,1
ISIC_1694817,1
ISIC_8710108,1
ISIC_1578878,1
ISIC_2867416,1
ISIC_1166740,1
ISIC_8961478,1
ISIC_4691689,1
ISIC_9517555,0
ISIC_1699688,1
ISIC_9786863,1
ISIC_7254359,1
ISIC_0375034,1
ISIC_8733345,1
ISIC_8671119,1
ISIC_2663597,1
ISIC_2448897,1
ISIC_3740014,1
ISIC_8907509,1
ISIC_5296963,1
ISIC_5791954,1
ISIC_0346815,1
ISIC_0292899,1
ISIC_7412327,1
ISIC_5744196,1
ISIC_8708918,1
ISIC_3077674,1
ISIC_6135643,1
ISIC_9159477,1
ISIC_8071637,1
ISIC_2003991,1
ISIC_1814941,1
ISIC_6427430,1
ISIC_6959281,1
ISIC_2757332,1
ISIC_8308321,1
ISIC_1254469,1
ISIC_8856365,1
ISIC_6556373,1
ISIC_8172822,1
ISIC_6620748,1
ISIC_4223497,1
ISIC_8191057,1
ISIC_1693572,1
ISIC_2427899,1
ISIC_8907232,1
ISIC_3162213,1
ISIC_0648545,1
ISIC_0705477,1
ISIC_6674797,1
ISIC_6099563,1
ISIC_2717192,1
ISIC_6369740,1
ISIC_4615762,1
ISIC_8278458,1
ISIC_2149878,1
ISIC_0080539,1
ISIC_2010889,1
ISIC_4097868,1
ISIC_0261253,1
ISIC_7747712,1
ISIC_7399648,1
ISIC_8256480,1
ISIC_5156491,1
ISIC_1850674,1
ISIC_0202119,1
ISIC_9572761,1
ISIC_3323866,1
ISIC_1776777,-1
ISIC_0984817,1
ISIC_1423737,1
ISIC_9881460,1
ISIC_7092052,1
ISIC_6668093,1
ISIC_6119202,1
ISIC_7097931,1
ISIC_9274936,1
ISIC_7809510,1
ISIC_9859873,1
ISIC_7755096,1
ISIC_3056854,1
ISIC_9214649,1
ISIC_6892286,1
ISIC_5646747,-1
ISIC_8021816,0
ISIC_5363974,0
ISIC_1908890,1
ISIC_5771780,1
ISIC_3719985,-1
ISIC_2594715,1
ISIC_9908866,1
ISIC_8172964,1
ISIC_9495622,0
ISIC_6892280,0
ISIC_6471282,1
ISIC_1635231,1
ISIC_2339761,0
ISIC_6707573,0
ISIC_5669463,0
ISIC_6912369,0
ISIC_3143079,0
ISIC_2068188,0
ISIC_7952870,1
ISIC_7683106,1
ISIC_5286801,1
ISIC_7599710,-1
ISIC_2966808,1
ISIC_1778959,1
ISIC_1930795,1
ISIC_4048896,1
ISIC_9144329,0
ISIC_0750046,0
ISIC_2801005,1
ISIC_1297252,0
ISIC_9337100,0
ISIC_3192152,0
ISIC_4867646,0
ISIC_1077735,0
ISIC_9951988,0
ISIC_9187524,0
ISIC_8851514,0
ISIC_7376452,0
ISIC_6090497,0
ISIC_8671596,1
ISIC_6034442,1
ISIC_0599463,0
ISIC_5988562,0
ISIC_4957310,1
ISIC_1753011,-1
ISIC_9585033,0
ISIC_1701883,0
ISIC_4092287,0
ISIC_3796317,0
ISIC_8077139,0
ISIC_9907020,0
ISIC_8400587,1
ISIC_1935227,1
ISIC_0542765,0
ISIC_3030394,1
ISIC_7666432,0
ISIC_7660163,1
ISIC_8473293,1
ISIC_4572891,0
ISIC_3033701,1
ISIC_6126704,0
ISIC_9876533,1
ISIC_8792684,1
ISIC_2421565,0
ISIC_8902296,1
ISIC_5841971,1
ISIC_1813577,0
ISIC_1810807,1
ISIC_2367098,1
ISIC_6563304,0
ISIC_2505335,1
ISIC_3235131,1
ISIC_2153041,0
ISIC_0202238,1
ISIC_0638700,1
ISIC_7824315,1
ISIC_5086721,1
ISIC_7993345,0
ISIC_3110126,1
ISIC_1301476,1
ISIC_1047011,1
ISIC_4212047,1
ISIC_0168716,1
ISIC_3598192,1
ISIC_0789191,1
ISIC_0255566,1
ISIC_2079571,1
ISIC_2857128,1
ISIC_7338502,1
ISIC_2574924,1
ISIC_3891136,1
ISIC_7239902,1
ISIC_3176105,0
ISIC_2362051,1
ISIC_0799972,1
ISIC_3491406,1
ISIC_8157239,1
ISIC_1000616,1
ISIC_5612133,1
ISIC_7085235,1
ISIC_1791643,1
ISIC_0959325,1
ISIC_5024302,0
ISIC_4719387,0
ISIC_7465137,1
ISIC_2070728,1
ISIC_1642069,1
ISIC_5481480,1
ISIC_4407852,1
ISIC_1816965,1
ISIC_2277714,1
ISIC_3381026,0
ISIC_5610304,0
ISIC_5033005,-1
ISIC_2211948,1
ISIC_2212637,0
ISIC_5704967,0
ISIC_5862918,1
ISIC_1262790,1
ISIC_7541596,1
ISIC_7373164,1
ISIC_8786983,-1
ISIC_1452632,1
ISIC_2368449,1
ISIC_9677008,1
ISIC_6586433,1
ISIC_9320992,1
ISIC_9176427,1
ISIC_7338073,1
ISIC_1203272,1
ISIC_8253057,1
ISIC_6578433,0
ISIC_8173252,1
ISIC_5711232,1
ISIC_6099785,1
ISIC_8647315,1
ISIC_7146293,1
ISIC_7321503,1
ISIC_0587728,1
ISIC_0274411,1
ISIC_5095180,1
ISIC_0616448,1
ISIC_5306850,1
ISIC_3689252,1
ISIC_8027280,1
ISIC_9092169,1
ISIC_9942350,1
ISIC_3275875,1
ISIC_8348262,1
ISIC_3736336,1
ISIC_2190396,1
ISIC_4547332,0
ISIC_3783659,1
ISIC_7594243,1
ISIC_3622555,1
ISIC_8040663,1
ISIC_0961778,1
ISIC_9543045,1
ISIC_2468476,1
ISIC_2772824,1
ISIC_9928278,1
ISIC_6016537,1
ISIC_6618014,1
ISIC_4221304,1
ISIC_4027194,1
ISIC_6873657,1
ISIC_7927389,1
ISIC_9051948,1
ISIC_8592733,1
ISIC_6275817,1
ISIC_6967412,1
ISIC_3236033,-1
ISIC_7429994,-1
ISIC_8758983,-1
ISIC_8651648,-1
ISIC_7966639,1
ISIC_0133200,1
ISIC_9445977,1
ISIC_5648033,1
ISIC_7365059,1
ISIC_2792717,1
ISIC_0851414,1
ISIC_8999351,1
ISIC_6364782,1
ISIC_6720909,1
ISIC_8738186,1
ISIC_1633321,1
ISIC_6683697,1
ISIC_8673290,1
ISIC_4851185,1
ISIC_7695263,1
ISIC_7560933,1
ISIC_3511086,1
ISIC_8685453,1
ISIC_4375866,1
ISIC_3698441,1
ISIC_6048752,1
ISIC_6428004,1
ISIC_5019119,1
ISIC_3268800,1
ISIC_2710427,1
ISIC_9693456,1
ISIC_6635963,1
ISIC_9174580,1
ISIC_3773277,1
ISIC_5253746,1
ISIC_2496140,1
ISIC_1909053,1
ISIC_7643593,1
ISIC_9434832,1
ISIC_9179044,1
ISIC_0598073,1
ISIC_9239978,1
ISIC_1675975,1
ISIC_4349272,1
ISIC_1729396,0
ISIC_6596926,1
ISIC_5461210,1
ISIC_3667052,1
ISIC_4703321,1
ISIC_6881589,1
ISIC_4467312,1
ISIC_9399586,1
ISIC_3704603,1
ISIC_4485467,1
ISIC_9141788,1
ISIC_3259871,1
ISIC_5889858,1
ISIC_7334939,1
ISIC_5541499,1
ISIC_3197211,1
ISIC_7472087,1
ISIC_5892763,1
ISIC_5763228,1
ISIC_3327928,1
ISIC_9596173,1
ISIC_3045480,1
ISIC_6044114,1
ISIC_8918247,1
ISIC_6819805,1
ISIC_0450792,1
ISIC_2879057,-1
ISIC_2222084,1
ISIC_1916169,1
ISIC_3320667,0
ISIC_6046943,1
ISIC_8769047,1
ISIC_7303630,1
ISIC_9266057,1
ISIC_7784876,1
ISIC_5531874,1
ISIC_2867998,1
ISIC_0699088,1
ISIC_6689453,1
ISIC_3807230,1
ISIC_8416462,1
ISIC_7922830,-1
ISIC_0553265,1
ISIC_7640631,1
ISIC_8350851,1
ISIC_1116303,1
ISIC_9179884,1
ISIC_5785135,1
ISIC_9599992,1
ISIC_9227283,1
ISIC_8627581,1
ISIC_6747251,1
ISIC_8601570,1
ISIC_0320008,1
ISIC_3204703,1
ISIC_2220505,1
ISIC_0823269,1
ISIC_3670069,1
ISIC_8488027,1
ISIC_8961614,1
ISIC_6993040,1
ISIC_5714835,1
ISIC_2843665,0
ISIC_5182952,1
ISIC_8026822,1
ISIC_1126401,1
ISIC_0651228,1
ISIC_7638974,1
ISIC_8593738,1
ISIC_5452980,0
ISIC_9875364,1
ISIC_9171793,1
ISIC_7682533,1
ISIC_5628874,1
ISIC_8667960,1
ISIC_7657322,1
ISIC_9866460,1
ISIC_9820266,1
ISIC_2793180,1
ISIC_1201025,1
ISIC_5144687,1
ISIC_1994166,1
ISIC_5511054,1
ISIC_9041525,1
ISIC_5745126,1
ISIC_5442968,1
ISIC_5912360,1
ISIC_4482349,1
ISIC_2179705,1
ISIC_7548342,1
ISIC_4235575,1
ISIC_7851081,1
ISIC_8653825,-1
ISIC_0831898,1
ISIC_2267440,1
ISIC_7718206,1
ISIC_1490894,0
ISIC_3933164,1
ISIC_3957660,1
ISIC_1264034,1
ISIC_8525826,1
ISIC_1454751,1
ISIC_7170025,1
ISIC_3248418,0
ISIC_4969277,0
ISIC_3665449,1
ISIC_7893518,1
ISIC_4277953,1
ISIC_7890222,1
ISIC_4168419,0
ISIC_1970988,1
ISIC_9895318,1
ISIC_7045012,0
ISIC_6904950,1
ISIC_4117748,1
ISIC_8362681,1
ISIC_6833525,1
ISIC_1121888,1
ISIC_3587674,1
ISIC_0124902,1
ISIC_7808642,1
ISIC_2305541,1
ISIC_5509679,1
ISIC_8293325,0
ISIC_6415722,0
ISIC_3677029,0
ISIC_4643793,1
ISIC_4064478,1
ISIC_6172037,0
ISIC_6210303,0
ISIC_2979795,0
ISIC_2884112,0
ISIC_7356320,-1
ISIC_7352298,1
ISIC_7545691,0
ISIC_3108597,0
ISIC_0715696,0
ISIC_7285359,0
ISIC_9505560,0
ISIC_5582910,0
ISIC_0140502,0
ISIC_8688192,0
ISIC_2286443,0
ISIC_0472123,0
ISIC_7317366,1
ISIC_5391607,0
ISIC_7854404,0
ISIC_3427218,1
ISIC_5998475,0
ISIC_5915244,1
ISIC_6603938,1
ISIC_2861132,1
ISIC_4210924,0
ISIC_3412801,1
ISIC_4461272,1
ISIC_3541529,0
ISIC_9144852,0
ISIC_4122691,-1
ISIC_9096150,1
ISIC_4408961,1
ISIC_1400695,1
ISIC_1876217,0
ISIC_0393283,0
ISIC_5224517,0
ISIC_6269738,0
ISIC_9602954,0
ISIC_4411858,-1
ISIC_0508777,-1
ISIC_9668338,0
ISIC_5920681,0
ISIC_7715671,1
ISIC_4775986,-1
ISIC_3578300,1
ISIC_1483720,-1
ISIC_3951937,0
ISIC_3522656,1
ISIC_3249814,0
ISIC_1977937,0
ISIC_3559219,1
ISIC_9724689,1
ISIC_1192769,0
ISIC_4176718,0
ISIC_0558060,1
ISIC_6666090,0
ISIC_4412550,-1
ISIC_7554287,1
ISIC_8776516,0
ISIC_6038463,0
ISIC_5127249,0
ISIC_6529350,0
ISIC_0323009,0
ISIC_9678778,1
ISIC_9420311,1
ISIC_4005082,0
ISIC_5163263,-1
ISIC_2204976,0
ISIC_1012044,1
ISIC_0474387,0
ISIC_2097603,0
ISIC_2337531,1
ISIC_8498489,0
ISIC_7081819,0
ISIC_9842532,0
ISIC_0327070,1
ISIC_9008372,0
ISIC_3335354,1
ISIC_4981914,0
ISIC_9809482,0
ISIC_4839117,0
ISIC_5752865,1
ISIC_9992492,1
ISIC_3544253,0
ISIC_3535003,1
ISIC_7542458,1
ISIC_5461797,1
ISIC_9728499,1
ISIC_0450997,0
ISIC_4249493,1
ISIC_1234126,1
ISIC_3035927,0
ISIC_5658925,0
ISIC_9800841,0
ISIC_2196575,1
ISIC_1910468,0
ISIC_2619021,1
ISIC_7146494,-1
ISIC_5003828,-1
ISIC_5036772,0
ISIC_0662485,0
ISIC_5089962,1
ISIC_9630889,0
ISIC_2339295,0
ISIC_4688289,0
ISIC_3545006,-1
ISIC_3440239,0
ISIC_9381298,1
ISIC_6012573,1
ISIC_2556057,0
ISIC_4184681,1
ISIC_8327076,0
ISIC_1320438,1
ISIC_6013467,1
ISIC_2309271,0
ISIC_4746369,0
ISIC_1822107,0
ISIC_5289849,1
ISIC_6752882,0
ISIC_5863574,1
ISIC_2863863,0
ISIC_9419633,0
ISIC_4301676,-1
ISIC_4171657,0
ISIC_0852832,1
ISIC_4907655,0
ISIC_5281117,0
ISIC_8766402,0
ISIC_9233062,0
ISIC_2742711,0
ISIC_5839875,0
ISIC_9641059,0
ISIC_2558169,0
ISIC_0758444,0
ISIC_0929180,0
ISIC_4119530,1
ISIC_6931629,0
ISIC_6550602,-1
ISIC_8204363,1
ISIC_5356475,0
ISIC_5619562,-1
ISIC_3544463,0
ISIC_8864678,1
ISIC_4891117,0
ISIC_5573077,1
ISIC_5418441,0
ISIC_1271507,0
ISIC_1110743,0
ISIC_0404417,1
ISIC_9323485,1
ISIC_9432086,1
ISIC_4733114,0
ISIC_8423180,1
ISIC_7423595,1
ISIC_5273210,0
ISIC_6193654,0
ISIC_3635831,1
ISIC_9566132,0
ISIC_8225781,0
ISIC_0077281,1
ISIC_7003002,0
ISIC_5292024,0
ISIC_3540915,1
ISIC_5082179,0
ISIC_9485124,0
ISIC_0722605,0
ISIC_5801650,1
ISIC_0308880,0
ISIC_9317339,0
ISIC_2425757,1
ISIC_8493254,1
ISIC_1968416,0
ISIC_4647281,0
ISIC_5395518,1
ISIC_8617353,1
ISIC_1427295,0
ISIC_7913874,0
ISIC_9662611,0
ISIC_4530856,0
ISIC_1235469,1
ISIC_2340958,0
ISIC_0151466,1
ISIC_3994385,-1
ISIC_2000766,1
ISIC_9869190,1
ISIC_8868249,0
ISIC_4352505,1
ISIC_2826181,0
ISIC_4529513,0
ISIC_8278782,0
ISIC_2368188,1
ISIC_1091442,1
ISIC_6378347,1
ISIC_1764844,-1
ISIC_7759222,0
ISIC_1389226,0
ISIC_3046271,0
ISIC_7713609,1
ISIC_9029938,0
ISIC_6410570,1
ISIC_9767305,0
ISIC_7563950,1
ISIC_6291375,-1
ISIC_6850912,0
ISIC_3476246,0
ISIC_4152922,1
ISIC_7473000,1
ISIC_6288607,0
ISIC_6321476,1
ISIC_0269622,0
ISIC_8724412,0
ISIC_3404294,1
ISIC_1056436,1
ISIC_8446478,0
ISIC_8278036,0
ISIC_2958480,1
ISIC_8187734,1
ISIC_8823228,1
ISIC_5699993,-1
ISIC_3137117,0
ISIC_2177103,-1
ISIC_7564517,0
ISIC_7000719,1
ISIC_5709512,-1
ISIC_7084754,0
ISIC_1658397,1
ISIC_4868339,0
ISIC_7808341,0
ISIC_3352464,1
ISIC_6133338,1
ISIC_7899387,0
ISIC_5700648,1
ISIC_5312996,1
ISIC_5423259,1
ISIC_7443971,1
