isic_id,umap_x,umap_y
ISIC_0000002,3.9154072,-1.4994186
ISIC_0000004,7.499288,0.7078202
ISIC_0000013,0.46850702,-1.3089406
ISIC_0000022,0.84113675,0.32587817
ISIC_0000026,-0.9375378,0.16825606
ISIC_0000029,1.2096995,-1.5036561
ISIC_0000030,0.5069248,-0.013070138
ISIC_0000031,0.46878788,-0.06162844
ISIC_0000035,3.479434,-1.4051418
ISIC_0000036,5.122739,-1.6228447
ISIC_0000040,1.2917702,-0.62495637
ISIC_0000046,3.5261195,0.6555766
ISIC_0000054,-0.59934795,-1.025928
ISIC_0000056,3.1170287,0.51229477
ISIC_0000070,3.6986625,-0.90405005
ISIC_0000076,6.938762,1.0671573
ISIC_0000077,0.9129596,0.60915244
ISIC_0000078,1.9621909,-1.683925
ISIC_0000139,-0.7576385,0.50901854
ISIC_0000140,4.3874235,-1.4481895
ISIC_0000141,-0.8150132,-1.1702315
ISIC_0000142,0.26372844,-0.78781897
ISIC_0000143,1.8663573,-0.23098767
ISIC_0000144,6.104683,1.040023
ISIC_0000145,0.49766463,-1.9815673
ISIC_0000146,5.3228316,1.9279436
ISIC_0000147,5.863025,1.3552644
ISIC_0000148,1.4986826,3.5787785
ISIC_0000149,-0.83258444,0.1360418
ISIC_0000150,-0.42465472,-0.8282054
ISIC_0000151,-0.78157437,-1.4101774
ISIC_0000152,0.14260341,-1.5190903
ISIC_0000153,2.083572,-0.18353634
ISIC_0000154,0.34947908,-0.6329796
ISIC_0000156,-0.1599624,0.13539165
ISIC_0000157,0.042719822,2.2684867
ISIC_0000158,1.8839014,0.61222225
ISIC_0000159,0.22045572,-0.8984267
ISIC_0000163,1.9767532,-1.1283587
ISIC_0000165,0.46747038,-1.1564744
ISIC_0000168,3.4351234,3.5353673
ISIC_0000169,2.5436344,3.1627367
ISIC_0000170,1.7607878,4.427272
ISIC_0000172,0.3248496,-1.5565666
ISIC_0000175,1.622538,-1.5845348
ISIC_0000176,-0.90306586,-0.4499779
ISIC_0000276,6.104392,-0.16962242
ISIC_0000277,4.6681724,-1.8171885
ISIC_0000278,0.75211537,1.119148
ISIC_0000281,4.979222,-1.4398881
ISIC_0000282,6.3579173,-1.2513815
ISIC_0000283,3.6612473,-1.8935822
ISIC_0000287,4.6922812,-1.7812392
ISIC_0000290,6.331139,-0.35115823
ISIC_0000291,-0.74180794,-0.0540243
ISIC_0000292,0.4186712,0.7759184
ISIC_0000294,0.46427652,0.94303244
ISIC_0000296,1.6681272,1.1931989
ISIC_0000305,4.9149466,-2.1376975
ISIC_0000390,0.5965549,2.4767761
ISIC_0000393,1.7352326,3.21693
ISIC_0000394,3.2316344,1.1763747
ISIC_0000395,0.31685334,1.4833829
ISIC_0000398,4.0161514,0.18252537
ISIC_0000399,1.6371346,1.1222572
ISIC_0000400,3.7576318,1.8775615
ISIC_0000401,2.766338,1.420686
ISIC_0000402,2.2004592,4.030298
ISIC_0000404,2.7419472,0.8791967
ISIC_0000405,2.6399584,1.488117
ISIC_0000406,3.1453786,1.0991025
ISIC_0000410,0.65328664,-0.2355445
ISIC_0000411,2.9685414,2.809541
ISIC_0000412,1.7805873,0.84180164
ISIC_0000413,3.3585794,0.8206487
ISIC_0000414,1.3767303,1.5814433
ISIC_0000415,3.602888,1.1207494
ISIC_0000417,4.3331437,0.7044473
ISIC_0000420,2.2936997,0.72242445
ISIC_0000428,4.358778,0.879487
ISIC_0000429,6.24801,-0.6737892
ISIC_0000432,2.0563173,1.3744882
ISIC_0000434,-0.932849,-0.74681556
ISIC_0000438,6.141126,-0.73074293
ISIC_0000440,2.0741763,1.7863133
ISIC_0000441,1.76551,0.8965492
ISIC_0000444,2.1581328,1.2445654
ISIC_0000445,-0.71305937,-1.3340439
ISIC_0000446,1.9430083,1.8786795
ISIC_0000450,2.654393,1.1976182
ISIC_0000459,-0.37177667,4.1286597
ISIC_0000462,0.98808765,1.5138279
ISIC_0000463,0.14361955,2.651358
ISIC_0000466,2.881812,0.52798146
ISIC_0000469,2.5589454,2.2779696
ISIC_0000482,2.027373,-1.071213
ISIC_0000484,2.5546153,0.59393364
ISIC_0000487,-0.3151222,4.553196
ISIC_0000502,-0.30117214,4.9959817
ISIC_0000511,0.2687363,0.82854396
ISIC_0000513,1.5805366,1.2676038
ISIC_0000516,0.036536105,0.37766856
ISIC_0000517,2.5596457,0.61930984
ISIC_0000518,1.2916334,1.8990762
ISIC_0000519,3.1446595,0.8008428
ISIC_0000520,1.8090363,2.0818572
ISIC_0000521,-1.0104773,-0.8462504
ISIC_0000522,1.3539339,0.040008944
ISIC_0000531,-0.8209296,2.891602
ISIC_0000533,-1.0143378,-0.03351879
ISIC_0000547,-0.27725464,4.4744773
ISIC_0000548,2.0717192,0.0047409567
ISIC_0000549,1.2361834,0.9595041
ISIC_0000551,-0.7495331,0.34253335
ISIC_0000552,2.8938267,-0.39116684
ISIC_0000553,0.8705934,1.3648723
ISIC_0000554,0.8057958,1.5080148
ISIC_0000555,1.1010493,3.9611213
ISIC_0001100,0.03517962,-0.16990083
ISIC_0001101,3.593192,0.52998424
ISIC_0001102,0.020726549,-0.27838948
ISIC_0001103,0.47872317,1.709802
ISIC_0001105,-0.25255933,2.093922
ISIC_0001106,2.1436565,-0.023857068
ISIC_0001108,5.7931476,3.2039542
ISIC_0001110,2.0553176,4.232754
ISIC_0001116,3.256028,0.73362166
ISIC_0001118,3.1671293,-0.5100057
ISIC_0001119,0.6329987,2.840849
ISIC_0001121,-0.50660664,0.16763213
ISIC_0001124,1.597825,1.0836669
ISIC_0001125,6.7651906,1.9862204
ISIC_0001126,0.45349473,2.6907175
ISIC_0001127,2.539313,1.4237068
ISIC_0001128,-0.38427588,1.668096
ISIC_0001131,5.4396815,-1.0677232
ISIC_0001132,1.6458538,0.21972288
ISIC_0001133,5.7975287,-0.44756743
ISIC_0001134,-0.43764383,-1.4109615
ISIC_0001135,2.492694,-0.74382025
ISIC_0001137,0.992382,3.1198332
ISIC_0001138,3.9868536,1.0975254
ISIC_0001140,0.48262095,-1.9989274
ISIC_0001141,2.648918,2.1440716
ISIC_0001142,1.2223967,-0.37366125
ISIC_0001143,3.2326226,0.7628441
ISIC_0001148,2.2280543,0.64479744
ISIC_0001151,-0.37701812,0.03047975
ISIC_0001152,0.6858776,3.9149354
ISIC_0001154,2.313223,0.68705225
ISIC_0001157,0.6281997,1.0465808
ISIC_0009868,0.41843006,-0.6886993
ISIC_0009882,2.4090674,-0.6334795
ISIC_0009890,3.1711347,0.9699436
ISIC_0009898,0.47490105,-0.2567952
ISIC_0009905,-0.46829614,-0.20227444
ISIC_0009913,4.082848,0.95598054
ISIC_0009916,3.3980343,2.102493
ISIC_0009918,5.807832,1.7343457
ISIC_0009924,1.9752421,1.7110023
ISIC_0009927,-0.3602658,0.0142961
ISIC_0009934,4.421229,2.4160037
ISIC_0009950,-0.27559546,2.1359859
ISIC_0009955,0.589592,-0.33869126
ISIC_0009960,-0.45574144,-1.2617834
ISIC_0009971,0.00211928,-1.5556619
ISIC_0009993,4.583668,0.3216164
ISIC_0010000,0.71722203,0.37033913
ISIC_0010007,4.3248067,1.3223803
ISIC_0010011,-0.0111567415,2.1610608
ISIC_0010016,-0.23586412,-1.3795414
ISIC_0010023,1.7298931,-0.5367837
ISIC_0010024,-0.2487601,-0.7907821
ISIC_0010029,0.876641,0.71267223
ISIC_0010034,-0.8363616,-0.6554399
ISIC_0010036,2.1273663,0.12396583
ISIC_0010039,2.707524,1.0050479
ISIC_0010049,2.119217,0.76378936
ISIC_0010050,0.66108084,0.7162262
ISIC_0010054,1.7070384,3.4229558
ISIC_0010056,3.059556,2.0312986
ISIC_0010067,1.6172634,0.79916805
ISIC_0010080,0.47162592,-0.42138544
ISIC_0010081,3.4547489,2.1076055
ISIC_0010089,-0.4986698,-1.502439
ISIC_0010094,-0.16193594,-1.4773873
ISIC_0010106,1.2782549,0.7795527
ISIC_0010119,-0.26193133,0.5386673
ISIC_0010120,5.116098,0.9970321
ISIC_0010131,0.73373324,3.922198
ISIC_0010137,-0.19488512,2.269723
ISIC_0010140,-0.33429438,-0.19844799
ISIC_0010145,2.344277,-1.4822387
ISIC_0010148,2.9875138,0.7863255
ISIC_0010162,4.9656863,2.6643612
ISIC_0010164,0.3587488,1.4290397
ISIC_0010165,3.6048753,1.0809994
ISIC_0010171,0.96910137,2.8415127
ISIC_0010174,0.20357464,2.6297078
ISIC_0010189,2.341843,1.6372801
ISIC_0010194,3.5803666,0.6767875
ISIC_0010207,4.143496,1.5970454
ISIC_0010208,1.6440915,0.43322262
ISIC_0010210,1.144013,1.9249909
ISIC_0010225,-0.4498722,-0.30284467
ISIC_0010231,3.8313131,0.9082211
ISIC_0010235,0.49259946,0.8977767
ISIC_0010240,2.3207753,0.9191428
ISIC_0010241,3.0161557,-0.57438254
ISIC_0010245,4.7397227,2.1655197
ISIC_0010251,-0.22007208,-1.8636966
ISIC_0010265,1.3605909,0.051514737
ISIC_0010271,0.026477607,1.9182432
ISIC_0010280,2.7057076,-1.7977949
ISIC_0010283,-0.8392997,-0.51063573
ISIC_0010288,2.1627882,4.0799613
ISIC_0010295,-0.26866928,-0.49416438
ISIC_0010299,0.11853981,2.3960354
ISIC_0010313,-1.1310256,-0.91525596
ISIC_0010319,2.633689,2.5544934
ISIC_0010321,2.5522845,-0.52570534
ISIC_0010322,5.330706,2.3431323
ISIC_0010350,-0.33191645,-1.0336722
ISIC_0010358,-0.20916192,2.3526685
ISIC_0010360,-0.058825094,2.3724902
ISIC_0010364,-1.041409,-0.40954804
ISIC_0010366,2.3110151,1.0137601
ISIC_0010369,1.3519503,1.4568878
ISIC_0010372,-0.73084486,0.048518654
ISIC_0010380,0.5649753,2.0542996
ISIC_0010392,1.0927098,0.035676066
ISIC_0010393,2.2390218,0.34012696
ISIC_0010394,3.1004438,-0.0768473
ISIC_0010396,4.331893,1.0640787
ISIC_0010397,1.6873592,-0.70937955
ISIC_0010398,0.71111965,-0.42444623
ISIC_0010400,4.4719257,1.1069552
ISIC_0010401,0.19074254,-0.30935657
ISIC_0010402,4.0792975,-1.5062655
ISIC_0010407,3.1261048,1.7647293
ISIC_0010410,0.41324294,0.33120394
ISIC_0010413,3.962893,2.202868
ISIC_0010415,6.552487,1.8372145
ISIC_0010417,3.1742854,1.7834712
ISIC_0010426,1.0420526,-0.09774011
ISIC_0010432,3.196651,0.69534105
ISIC_0010441,0.6583669,2.6749
ISIC_0010466,0.81353927,2.895677
ISIC_0010468,1.9706525,-0.26137975
ISIC_0010469,2.8461926,1.580531
ISIC_0010470,4.4880123,1.7325422
ISIC_0010476,0.057863064,-0.38464156
ISIC_0010482,2.532247,1.6405085
ISIC_0010486,3.5462406,1.2545899
ISIC_0010495,0.77015096,1.1732603
ISIC_0010514,-0.34380627,-0.23374037
ISIC_0010527,1.1899215,0.6460754
ISIC_0010532,1.7798173,1.8043483
ISIC_0010543,1.1531132,0.046571583
ISIC_0010550,2.6406245,1.3758947
ISIC_0010551,1.4736444,0.9937888
ISIC_0010555,4.311739,1.212243
ISIC_0010559,5.7929916,3.0192096
ISIC_0010564,4.9263372,3.097097
ISIC_0010576,0.26727885,-0.664974
ISIC_0010579,3.8748326,1.5175649
ISIC_0010583,3.312028,1.3319224
ISIC_0010587,-0.19110087,-1.0632162
ISIC_0010591,1.5677389,1.0563463
ISIC_0010596,1.528224,3.991059
ISIC_0010597,-0.072803214,-0.82286716
ISIC_0010608,4.526476,-0.5310592
ISIC_0010609,-0.9335183,0.20247526
ISIC_0010611,1.3938684,2.3172305
ISIC_0010631,4.827097,0.08790333
ISIC_0010644,2.022479,-2.1346674
ISIC_0010648,2.9283564,0.32648572
ISIC_0010653,-0.7895963,0.2688083
ISIC_0010655,4.7291856,1.9704666
ISIC_0010707,-0.5542454,0.720941
ISIC_0010714,5.927865,3.2131186
ISIC_0010723,2.946418,1.134282
ISIC_0010728,2.9253368,1.1282108
ISIC_0010729,0.7867141,0.51971364
ISIC_0010741,1.3293102,1.5961466
ISIC_0010749,1.2948053,0.2837612
ISIC_0010750,3.363691,0.74487245
ISIC_0010757,-0.87601644,-0.7962346
ISIC_0010759,1.6475455,2.7553298
ISIC_0010764,0.755327,0.44981456
ISIC_0010765,-0.85593754,0.8467734
ISIC_0010766,-1.4153056,0.68471795
ISIC_0010770,-1.7168361,1.150232
ISIC_0010772,0.27959633,2.4420898
ISIC_0010777,2.3974235,-2.2779233
ISIC_0010782,1.7630824,1.0524406
ISIC_0010784,1.6513944,2.52053
ISIC_0010785,3.0167997,0.7602941
ISIC_0010789,0.689239,2.6702056
ISIC_0010790,-0.023150012,1.2327877
ISIC_0010791,2.1063895,3.1217377
ISIC_0010792,3.332995,1.9787514
ISIC_0010803,-0.12605503,-0.58258736
ISIC_0010808,1.2145818,3.111308
ISIC_0010809,1.7619265,1.4871051
ISIC_0010810,4.6277466,0.8186795
ISIC_0010834,-1.103579,-0.012573489
ISIC_0010852,-0.5827282,-1.4681545
ISIC_0010860,0.06063251,-0.90683746
ISIC_0010862,3.7676015,-0.28879178
ISIC_0010863,1.0657957,-0.9877646
ISIC_0010866,1.6401259,0.9986721
ISIC_0010872,3.2312877,1.6473504
ISIC_0010876,1.5423818,-0.19411655
ISIC_0010878,2.316024,0.9932098
ISIC_0010883,4.222478,-0.2528621
ISIC_0010890,3.051554,2.6488936
ISIC_0010898,1.9788575,2.1983593
ISIC_0010900,0.200387,2.564338
ISIC_0010912,2.4760885,0.4686432
ISIC_0010917,3.0119905,0.62989044
ISIC_0010923,-0.13771448,1.5094638
ISIC_0010938,2.7745957,1.2474334
ISIC_0010942,5.6463933,2.4279013
ISIC_0010965,2.9534857,0.009024428
ISIC_0010971,3.637421,0.8203011
ISIC_0010977,-0.56335634,-0.41660684
ISIC_0010978,-0.87054765,0.07724613
ISIC_0010979,2.3640497,1.6957613
ISIC_0010982,2.7490616,1.7681766
ISIC_0010993,1.5703529,1.4257996
ISIC_0010995,-0.19422665,-0.6651515
ISIC_0011007,3.7922645,2.0697305
ISIC_0011012,-0.5631521,0.49658638
ISIC_0011030,1.5156258,3.2526839
ISIC_0011031,1.4287064,3.6286407
ISIC_0011039,3.937787,1.8400564
ISIC_0011040,0.6979729,2.303155
ISIC_0011042,3.3218858,2.0583065
ISIC_0011043,3.3306828,1.984778
ISIC_0011045,3.5368154,0.39728177
ISIC_0011052,3.027553,2.0988233
ISIC_0011057,-0.4201682,-1.7001427
ISIC_0011077,2.284609,1.7504911
ISIC_0011099,-0.3739925,1.6546824
ISIC_0011118,-0.6112444,-0.17217445
ISIC_0011122,1.0568199,2.2282393
ISIC_0011128,3.0120158,2.0864449
ISIC_0011130,2.9076605,1.0651051
ISIC_0011132,1.2488306,2.9380438
ISIC_0011135,1.3524753,-0.9692616
ISIC_0011136,0.6297177,0.7372005
ISIC_0011137,0.5819807,-0.8611089
ISIC_0011138,4.2025056,1.0728645
ISIC_0011139,1.7681466,0.67005754
ISIC_0011140,-0.2523308,-1.1371722
ISIC_0011151,3.3167412,0.5546179
ISIC_0011158,1.1455406,1.2007443
ISIC_0011161,0.51296824,0.766505
ISIC_0011163,-0.68222225,-1.4008151
ISIC_0011166,2.1072776,1.0370578
ISIC_0011169,0.33781525,1.8472536
ISIC_0011176,-0.13983457,-1.1534643
ISIC_0011178,3.9365087,1.7828149
ISIC_0011181,0.68240386,1.4140542
ISIC_0011187,1.5823461,1.511175
ISIC_0011193,1.6412916,1.4479854
ISIC_0011196,2.0714536,-0.789426
ISIC_0011209,2.2747717,1.942447
ISIC_0011238,1.2308742,4.3350086
ISIC_0011239,3.532318,1.5870235
ISIC_0011247,0.70895845,0.62584436
ISIC_0011256,2.3766694,-2.247911
ISIC_0011264,3.4780169,2.2953885
ISIC_0011267,1.179799,0.64759105
ISIC_0011268,-0.016145105,-0.62024784
ISIC_0011269,0.10967092,-0.11111056
ISIC_0011273,3.9802618,0.6927027
ISIC_0011305,0.8192237,0.71756226
ISIC_0011315,1.5602624,2.3339238
ISIC_0011337,3.0918474,2.2015154
ISIC_0011348,3.3046663,0.3384522
ISIC_0011350,3.9707596,0.28373554
ISIC_0011356,3.872425,2.5178342
ISIC_0011366,2.71752,0.6518212
ISIC_0011370,1.7732246,2.5282829
ISIC_0011374,5.1366687,3.0838223
ISIC_0011375,2.70711,1.598164
ISIC_0011381,4.9162183,2.8104565
ISIC_0011387,1.8122432,-0.05185602
ISIC_0011388,2.5160964,2.7083895
ISIC_0011390,3.0786722,0.7994934
ISIC_0011391,7.670409,0.9243534
ISIC_0011399,1.3455002,1.842309
ISIC_0011404,2.189682,5.4407053
ISIC_0011405,2.2604036,5.0802264
ISIC_0011428,2.2835314,5.3210506
ISIC_0011429,3.3723161,5.2785034
ISIC_0011430,3.3182387,5.4838233
ISIC_0011434,2.9258885,5.421503
ISIC_0011435,2.9637249,5.502165
ISIC_0011437,1.0102671,-2.1664503
ISIC_0011438,2.7485342,5.0610766
ISIC_0011439,2.7350807,5.1370783
ISIC_0011458,3.061757,4.6334543
ISIC_0011460,2.9127936,5.311925
ISIC_0011463,3.3002524,4.8946743
ISIC_0011471,2.2284346,4.741598
ISIC_0011474,2.4272423,5.1471343
ISIC_0011480,3.3154423,4.9227476
ISIC_0011481,4.2851176,0.24391808
ISIC_0011482,2.1632617,5.3760624
ISIC_0011483,3.2666786,3.7939582
ISIC_0011484,3.2619328,3.696696
ISIC_0011485,1.6600168,4.982457
ISIC_0011486,2.1969151,5.257527
ISIC_0011487,1.581085,5.0913625
ISIC_0011488,2.8166986,4.944465
ISIC_0011489,2.244107,4.691188
ISIC_0011490,2.9598281,5.3887186
ISIC_0011491,2.65397,5.5380945
ISIC_0011492,3.1816928,3.3866827
ISIC_0011493,2.934192,5.1961794
ISIC_0011494,2.0571206,4.719986
ISIC_0011501,2.2897398,5.2529907
ISIC_0011503,3.4462304,5.2064314
ISIC_0011504,1.2404685,-2.2813375
ISIC_0011505,2.3633225,4.7318125
ISIC_0011506,2.6343281,4.9278793
ISIC_0011507,1.1090043,-2.3339274
ISIC_0011508,1.1145252,-2.3467283
ISIC_0011511,3.380004,3.3136137
ISIC_0011514,1.10621,-2.484373
ISIC_0011515,2.799782,4.9053307
ISIC_0011516,2.7515502,5.032244
ISIC_0011517,2.7730713,4.8924894
ISIC_0011518,3.0156145,4.529836
ISIC_0011519,2.8663418,4.833477
ISIC_0011520,0.8140606,-2.6488945
ISIC_0011526,2.3965163,4.606877
ISIC_0011527,3.8221009,3.0148118
ISIC_0011528,3.8850005,2.9338474
ISIC_0011529,3.912001,2.96995
ISIC_0011530,3.8681543,3.0286567
ISIC_0011531,3.8793178,3.035765
ISIC_0011534,2.6809165,5.6082497
ISIC_0011537,3.2665062,4.880277
ISIC_0011560,3.516127,0.5853403
ISIC_0011566,2.6096911,5.5140514
ISIC_0011579,2.4959538,4.6772346
ISIC_0011589,3.0016859,5.391958
ISIC_0011590,3.0406346,5.304368
ISIC_0011591,3.0232575,5.0671782
ISIC_0011594,3.3339164,5.09968
ISIC_0011610,3.7700737,3.0355427
ISIC_0011613,0.97095966,-2.7296796
ISIC_0011614,0.96296006,-2.7166307
ISIC_0011615,1.0032977,-2.7583437
ISIC_0011616,0.97222155,-2.7483919
ISIC_0011618,5.9794006,2.7395835
ISIC_0011628,4.191992,2.4449444
ISIC_0011649,1.9555925,4.419221
ISIC_0011659,2.5364826,5.573445
ISIC_0011684,1.3762937,-2.0809395
ISIC_0011691,2.4643042,4.2259364
ISIC_0011692,0.7236347,-2.671832
ISIC_0011693,0.7303997,-2.6969264
ISIC_0011694,0.83408946,-2.6577377
ISIC_0011695,0.7645997,-2.7146218
ISIC_0011696,0.700648,-2.697856
ISIC_0011697,0.77053136,-2.705037
ISIC_0011698,0.7112901,-2.5910435
ISIC_0011699,0.680826,-2.4982333
ISIC_0011700,0.87888676,-2.6252563
ISIC_0011701,0.76368266,-2.7091465
ISIC_0011702,0.78671175,-2.68382
ISIC_0011703,0.8358021,-2.6469438
ISIC_0011704,0.76666504,-2.6629798
ISIC_0011709,3.2965875,3.691938
ISIC_0011710,3.2108705,3.7253797
ISIC_0011728,2.4029732,5.2353
ISIC_0011729,2.0133183,4.1819525
ISIC_0011736,2.4036493,3.9392078
ISIC_0011743,3.0338006,5.45219
ISIC_0011744,3.0570433,5.470116
ISIC_0011758,2.186278,5.2848825
ISIC_0011759,2.248084,5.360966
ISIC_0011764,3.0238333,5.3144436
ISIC_0011770,3.118922,4.948223
ISIC_0011771,3.077378,5.0097394
ISIC_0011772,3.3078685,4.895635
ISIC_0011773,3.0402577,5.002753
ISIC_0011774,2.9802647,5.1324425
ISIC_0011778,3.8510618,2.933557
ISIC_0011780,3.1639383,5.210609
ISIC_0011782,2.983675,5.1661406
ISIC_0011794,2.9747667,5.5630794
ISIC_0011797,2.533271,5.0063357
ISIC_0011798,2.5446196,4.992
ISIC_0011799,2.5747666,5.204905
ISIC_0011801,2.797374,5.186635
ISIC_0011802,2.8685036,5.177253
ISIC_0011807,2.1511204,5.053596
ISIC_0011808,2.167568,5.1309295
ISIC_0011811,2.479155,4.7960234
ISIC_0011812,2.498967,4.629666
ISIC_0011845,2.3905592,5.633037
ISIC_0011846,2.3301833,5.6693773
ISIC_0011857,1.067216,-2.4802656
ISIC_0011858,1.0598525,-2.4203987
ISIC_0011870,3.1016104,5.4359636
ISIC_0011872,2.9274995,5.834908
ISIC_0011873,2.9310338,5.872315
ISIC_0011874,2.9260337,5.8941336
ISIC_0011875,2.8383064,5.863825
ISIC_0011876,2.9272552,5.90023
ISIC_0011877,2.955147,5.9439297
ISIC_0011878,2.9346247,5.942448
ISIC_0011879,2.8714302,5.8907456
ISIC_0011892,4.531881,0.60606396
ISIC_0011895,1.7351905,-1.1898745
ISIC_0011898,3.205383,3.5752368
ISIC_0011904,2.5961518,4.987782
ISIC_0011921,2.4055548,5.3931346
ISIC_0011922,2.3228905,5.3399467
ISIC_0011923,2.418086,4.1170306
ISIC_0011930,3.2999983,5.228743
ISIC_0011931,3.2742293,5.3254476
ISIC_0011933,3.0620596,4.096814
ISIC_0011943,0.29839957,-1.8666791
ISIC_0011944,0.5230646,-2.0482388
ISIC_0011947,2.172189,5.168865
ISIC_0011948,2.2215989,5.195905
ISIC_0011949,2.1770635,4.864844
ISIC_0011950,2.1602027,5.01216
ISIC_0011951,2.1011584,5.0205636
ISIC_0011957,0.7862157,-0.07503637
ISIC_0011958,0.471107,0.07277792
ISIC_0011975,3.087579,3.696827
ISIC_0011987,2.2466512,5.4491444
ISIC_0011996,3.7289271,3.1825228
ISIC_0011998,2.1139536,4.889131
ISIC_0012000,3.0573418,4.1519794
ISIC_0012044,2.910115,3.2320633
ISIC_0012047,2.70821,5.054312
ISIC_0012048,4.98609,-0.674526
ISIC_0012049,5.230689,2.782264
ISIC_0012060,1.9171761,4.842411
ISIC_0012063,2.7128932,5.5035367
ISIC_0012066,2.6921763,5.484262
ISIC_0012069,2.647755,5.5094423
ISIC_0012081,2.0760071,-1.3472543
ISIC_0012082,1.4389913,-1.9511342
ISIC_0012083,4.0752745,2.393438
ISIC_0012099,-0.32259685,-1.4787054
ISIC_0012112,-0.23406284,2.7406976
ISIC_0012137,-0.13513428,4.2946754
ISIC_0012151,1.1202898,4.242802
ISIC_0012208,-0.42352808,-1.3183436
ISIC_0012258,4.7419367,0.2862231
ISIC_0012270,-0.46635747,0.42567277
ISIC_0012288,-0.56632084,3.188163
ISIC_0012290,-0.7899111,3.1136465
ISIC_0012298,-0.5862227,4.345967
ISIC_0012321,1.1270705,4.7247705
ISIC_0012348,-0.7561746,2.8878708
ISIC_0012356,0.60762525,1.9686456
ISIC_0012369,-0.64452446,4.5295763
ISIC_0012382,0.024083247,2.4138272
ISIC_0012391,-0.3067182,4.5365105
ISIC_0012418,0.13613284,4.606976
ISIC_0012425,-0.8039354,3.394951
ISIC_0012434,-0.42748478,-1.3752449
ISIC_0012435,0.67582554,3.946346
ISIC_0012450,-0.41381943,3.3086336
ISIC_0012471,-0.55682355,2.9544652
ISIC_0012472,-0.10862537,3.5069718
ISIC_0012512,0.5339918,4.0727386
ISIC_0012571,0.6643533,1.2265841
ISIC_0012574,2.7741904,-1.1451018
ISIC_0012577,0.19818197,1.2555017
ISIC_0012580,3.0215132,-0.62503827
ISIC_0012592,1.8584772,0.8237486
ISIC_0012595,4.4269223,1.1841801
ISIC_0012610,2.6544251,0.88028246
ISIC_0012633,1.6882585,1.8252708
ISIC_0012678,-0.42309496,3.6266456
ISIC_0012701,-0.8412007,4.582025
ISIC_0012756,0.010705282,3.5078747
ISIC_0012758,-0.2386172,-1.5465708
ISIC_0012843,-0.29129106,2.7400887
ISIC_0012887,0.81647927,4.4991717
ISIC_0012930,-0.24497956,4.6671925
ISIC_0012988,-0.24041119,3.1525495
ISIC_0012989,0.8369259,4.4472733
ISIC_0012990,-0.30267167,3.8832738
ISIC_0013072,-0.54616654,4.557942
ISIC_0013073,-0.2751665,4.8009114
ISIC_0013079,-0.33566636,4.9125185
ISIC_0013141,6.105751,2.5591455
ISIC_0013184,-0.06100357,3.4237213
ISIC_0013198,-0.35100362,4.1068096
ISIC_0013232,-0.4542897,4.0405803
ISIC_0013242,-0.3946258,3.823305
ISIC_0013258,0.21401553,4.4055467
ISIC_0013277,0.23836285,3.4765487
ISIC_0013321,-0.3610244,4.48797
ISIC_0013334,5.8991237,2.5259016
ISIC_0013359,-0.80374914,4.281735
ISIC_0013365,-0.78178346,3.5280917
ISIC_0013374,-0.4282944,4.82238
ISIC_0013411,6.301797,-0.20400473
ISIC_0013427,-0.49241602,4.8467617
ISIC_0013429,-0.11542115,3.661929
ISIC_0013444,-0.5587698,0.3881916
ISIC_0013455,-0.66434777,4.321999
ISIC_0013457,-1.1939076,3.3312073
ISIC_0013459,-0.39853147,3.0494323
ISIC_0013460,-0.563433,0.39720967
ISIC_0013472,-1.223236,3.609307
ISIC_0013473,-0.060820922,4.840853
ISIC_0013490,0.044570986,3.6882784
ISIC_0013491,-0.7093982,3.1505508
ISIC_0013497,-0.57942307,4.378295
ISIC_0013499,-1.0185362,4.1863384
ISIC_0013500,-0.583266,4.0999446
ISIC_0013501,0.07607418,4.138653
ISIC_0013518,-0.37143785,4.469819
ISIC_0013525,-1.1199927,3.6316202
ISIC_0013530,-0.30581945,4.1195126
ISIC_0013548,-0.47675556,4.429112
ISIC_0013549,-0.25746864,3.547909
ISIC_0013565,-0.26935995,3.3805215
ISIC_0013567,-0.7230567,4.4422035
ISIC_0013572,-0.1580925,3.5610237
ISIC_0013577,-0.8808872,4.154949
ISIC_0013578,-1.2285177,3.9283829
ISIC_0013579,-1.1654764,4.0891013
ISIC_0013581,-0.9237237,3.960359
ISIC_0013588,-0.17797841,3.5011508
ISIC_0013594,-0.78823763,3.1240973
ISIC_0013606,-0.37105906,4.297195
ISIC_0013610,-0.8544003,2.9909136
ISIC_0013615,-0.39699063,4.2955832
ISIC_0013617,-0.22349033,2.805792
ISIC_0013618,-1.2231752,3.9831345
ISIC_0013626,0.06776483,3.799275
ISIC_0013634,-0.80254537,4.7719345
ISIC_0013636,0.29043055,3.7676148
ISIC_0013639,-0.53596884,-1.2055033
ISIC_0013646,-0.8905056,3.3353674
ISIC_0013651,-0.19671644,3.0590637
ISIC_0013652,-1.1511761,3.6136837
ISIC_0013663,-0.33265117,5.0321646
ISIC_0013671,-0.56203854,3.4588637
ISIC_0013672,-0.81284124,3.9770005
ISIC_0013696,0.62342626,4.4082055
ISIC_0013702,1.1390995,3.6097493
ISIC_0013733,0.3893776,4.9587283
ISIC_0013736,0.53452617,4.722075
ISIC_0013739,-0.2665422,3.767564
ISIC_0013740,-0.56336856,4.222646
ISIC_0013744,1.1232452,4.7393193
ISIC_0013762,-0.3824301,4.959248
ISIC_0013766,-1.1939741,4.1677966
ISIC_0013767,-0.081525184,3.848584
ISIC_0013768,-0.11610743,3.876613
ISIC_0013769,2.1619484,2.7695727
ISIC_0013775,-0.8414461,3.7821066
ISIC_0013777,-0.81615514,4.2122946
ISIC_0013783,-0.3945028,5.0003366
ISIC_0013813,-0.6901061,4.195917
ISIC_0013814,-0.5682369,3.5119674
ISIC_0013815,-0.6773248,4.2748613
ISIC_0013831,-1.2504551,4.035083
ISIC_0013832,1.1664486,1.57394
ISIC_0013833,-1.0594405,4.1915336
ISIC_0013839,-0.5339539,3.5153768
ISIC_0013842,-1.1120126,3.206147
ISIC_0013844,-0.5449007,2.892694
ISIC_0013845,-0.5989434,4.2014694
ISIC_0013861,-0.193209,5.07866
ISIC_0013865,-0.8633661,4.5486727
ISIC_0013867,-1.2788824,3.552018
ISIC_0013874,-0.8942362,4.033915
ISIC_0013908,-0.28992346,3.8417969
ISIC_0013917,-0.6524697,4.376246
ISIC_0013936,-0.57785803,3.7229426
ISIC_0013948,-0.008528483,3.3209028
ISIC_0013953,-0.686899,3.362485
ISIC_0013969,-0.62307847,0.5677997
ISIC_0013972,2.009815,3.7208931
ISIC_0013975,5.6626487,2.5180619
ISIC_0013984,5.56484,0.37744477
ISIC_0013987,-0.29431036,3.8175387
ISIC_0013988,-0.3039235,4.996409
ISIC_0013992,0.09695418,4.583648
ISIC_0013995,0.4315911,4.923275
ISIC_0013997,-0.7068303,4.521934
ISIC_0014013,-0.117628105,3.0689852
ISIC_0014037,5.9775167,2.4734042
ISIC_0014044,-0.48828363,4.9832115
ISIC_0014049,-0.95023197,4.38841
ISIC_0014059,-1.3126976,3.1863785
ISIC_0014061,-1.3145088,3.8938122
ISIC_0014062,-1.2518009,3.9534502
ISIC_0014072,-0.6133375,3.9839673
ISIC_0014076,0.31165704,4.419789
ISIC_0014077,1.1703721,4.6162863
ISIC_0014079,2.817286,2.66623
ISIC_0014082,-0.43276063,5.0011883
ISIC_0014086,-0.57991654,2.9624877
ISIC_0014088,-1.1552957,4.1891375
ISIC_0014091,-0.12512854,3.5098448
ISIC_0014092,-0.43004075,-1.2142467
ISIC_0014099,5.410504,1.9110535
ISIC_0014103,-0.9048697,3.6358814
ISIC_0014108,-0.08788839,4.6014533
ISIC_0014110,-0.7281688,4.80906
ISIC_0014127,-0.54340136,2.9937997
ISIC_0014129,-0.34535298,4.8915415
ISIC_0014132,-0.34978113,3.007273
ISIC_0014133,1.021316,4.634826
ISIC_0014144,0.17301877,-1.0226464
ISIC_0014148,-0.30579215,2.901192
ISIC_0014151,-0.10134985,4.639831
ISIC_0014156,-0.8156531,3.2624178
ISIC_0014157,-0.3212993,4.8888545
ISIC_0014160,-0.6263056,4.961075
ISIC_0014163,0.1888472,3.8962567
ISIC_0014165,-1.0121602,4.1858234
ISIC_0014171,-1.0025387,3.482176
ISIC_0014173,-0.6068558,3.5756059
ISIC_0014181,-0.19424196,4.6647944
ISIC_0014183,0.100600675,5.0099216
ISIC_0014186,-0.24653405,3.416498
ISIC_0014187,-0.7576598,3.7009807
ISIC_0014189,0.05181473,3.4252532
ISIC_0014190,-1.1968833,3.8190832
ISIC_0014217,-0.4018083,4.752256
ISIC_0014219,-0.3171662,5.044077
ISIC_0014222,2.9210913,2.6749938
ISIC_0014229,-0.66242784,4.5149245
ISIC_0014233,-0.72512436,4.3244896
ISIC_0014238,-0.33802503,-1.0675857
ISIC_0014249,-0.5824396,4.646103
ISIC_0014270,-1.1030471,4.123096
ISIC_0014284,-0.49854776,3.5377686
ISIC_0014288,-1.2313502,3.741922
ISIC_0014289,1.2227954,-0.74399173
ISIC_0014290,0.033904012,-0.38237596
ISIC_0014291,-0.5476312,2.3900733
ISIC_0014302,-0.39081025,4.798507
ISIC_0014308,-0.3171343,5.0555754
ISIC_0014316,-1.2151668,4.1905355
ISIC_0014319,-0.43164396,4.892084
ISIC_0014324,-0.90495324,3.447251
ISIC_0014325,-0.9948741,4.382533
ISIC_0014327,-1.0658695,4.499728
ISIC_0014331,-0.60949886,4.1500125
ISIC_0014336,-0.4009441,3.8686333
ISIC_0014337,-0.9170888,4.2112646
ISIC_0014347,-0.7695941,3.8760555
ISIC_0014349,-1.1394153,4.286257
ISIC_0014357,3.2299695,2.2584634
ISIC_0014360,-1.114319,4.4025764
ISIC_0014361,0.06929779,4.3687344
ISIC_0014366,-1.2600051,3.8523579
ISIC_0014369,-1.0369573,4.0126505
ISIC_0014372,-0.6988393,4.5923595
ISIC_0014377,-0.6118415,4.8108335
ISIC_0014385,-0.8849085,4.17164
ISIC_0014395,-0.90429306,3.9183142
ISIC_0014400,-1.1153775,3.2493532
ISIC_0014422,-0.45930985,4.8119106
ISIC_0014423,-0.937031,3.729383
ISIC_0014428,-1.2639067,3.4853697
ISIC_0014434,-0.95682317,4.0676055
ISIC_0014454,-0.36489582,4.7262545
ISIC_0014476,0.3611808,4.5005183
ISIC_0014478,-0.8400156,4.8059325
ISIC_0014480,-1.2505797,3.908826
ISIC_0014486,-0.7571214,3.4654586
ISIC_0014489,-0.4441735,4.590546
ISIC_0014501,-0.32947478,4.990512
ISIC_0014506,-1.3087227,3.7800746
ISIC_0014507,-1.3025926,3.5576973
ISIC_0014513,-0.82846415,4.4604206
ISIC_0014525,0.21051438,4.936415
ISIC_0014527,0.6688966,4.887465
ISIC_0014541,-0.32168284,3.6901546
ISIC_0014543,-1.2929212,3.639391
ISIC_0014545,-1.402108,3.4171722
ISIC_0014546,-1.3925135,3.8070078
ISIC_0014548,-1.8273054,1.3053393
ISIC_0014557,-1.156846,3.8311808
ISIC_0014558,-0.62252504,4.865991
ISIC_0014559,0.86277384,4.834827
ISIC_0014663,0.98189676,-2.4871686
ISIC_0014666,3.0250394,5.2471385
ISIC_0014671,3.1939425,4.892251
ISIC_0014681,3.3537252,5.033048
ISIC_0014688,2.4388611,5.683236
ISIC_0014689,2.3669453,5.663447
ISIC_0014690,2.3139863,5.5523834
ISIC_0014703,3.2909367,5.051382
ISIC_0014722,2.8527727,5.48876
ISIC_0014727,2.388358,5.0505185
ISIC_0014766,2.7527406,4.34188
ISIC_0014772,2.5694892,4.8564067
ISIC_0014784,5.2072496,2.7901766
ISIC_0014788,0.9011938,-2.656717
ISIC_0014790,4.2990165,4.581456
ISIC_0014795,2.1338217,4.8718553
ISIC_0014800,2.9412448,5.25764
ISIC_0014809,3.7444923,3.1659503
ISIC_0014813,2.8193326,5.4522204
ISIC_0014826,1.9144883,4.0574155
ISIC_0014832,2.1685548,5.1836805
ISIC_0014852,3.2652278,5.056547
ISIC_0014857,2.997009,5.4818015
ISIC_0014858,3.2512293,5.2340407
ISIC_0014862,2.959079,4.4934483
ISIC_0014864,3.8115187,3.1227322
ISIC_0014871,1.2124975,-2.4009306
ISIC_0014872,2.5867512,4.385939
ISIC_0014873,2.084795,4.821686
ISIC_0014874,2.2303646,5.307042
ISIC_0014877,4.4442854,0.381682
ISIC_0014880,3.1539366,5.0878835
ISIC_0014883,1.6545206,-1.1800938
ISIC_0014891,2.496118,4.939107
ISIC_0014892,2.01469,4.712484
ISIC_0014893,2.2962475,5.410773
ISIC_0014897,2.8552155,5.186391
ISIC_0014900,0.9031316,-2.6283102
ISIC_0014912,3.2693272,3.9920275
ISIC_0014918,2.223122,4.4824085
ISIC_0014919,0.3620857,-0.17981248
ISIC_0014920,2.183152,-1.638383
ISIC_0014924,1.9776533,4.6499357
ISIC_0014928,0.84486485,-1.6677763
ISIC_0014931,2.4460487,5.069969
ISIC_0014935,3.0760036,5.3963656
ISIC_0014951,2.7703633,5.235299
ISIC_0014953,2.1235974,4.7513885
ISIC_0014963,2.8555355,5.49588
ISIC_0014970,1.2179759,-2.0303147
ISIC_0014975,4.140925,2.4381015
ISIC_0014979,2.271655,4.5554357
ISIC_0014980,2.272479,4.131837
ISIC_0014982,3.2364993,4.4522014
ISIC_0014983,2.213801,5.2646136
ISIC_0014985,4.0978575,2.3289783
ISIC_0014987,5.0974317,-0.7865953
ISIC_0014999,3.047457,4.2727227
ISIC_0015004,1.8708878,4.5054
ISIC_0015005,3.2084074,5.178045
ISIC_0015041,1.5832101,-1.4747794
ISIC_0015045,2.444862,4.6770363
ISIC_0015050,4.1862974,2.3652828
ISIC_0015065,2.3525455,5.5783434
ISIC_0015067,4.286315,2.4877465
ISIC_0015073,3.2626047,4.175272
ISIC_0015079,1.1654235,0.15369387
ISIC_0015082,3.2539237,4.7286468
ISIC_0015083,2.6082244,5.3457894
ISIC_0015088,3.0477154,5.405324
ISIC_0015096,2.2954655,4.66875
ISIC_0015106,3.7423239,3.0134244
ISIC_0015109,2.5347304,5.4116144
ISIC_0015114,2.572686,5.2781606
ISIC_0015115,1.9217665,4.3654757
ISIC_0015116,1.9034057,4.58012
ISIC_0015119,1.7099974,0.51793873
ISIC_0015120,2.9319065,4.3783526
ISIC_0015122,1.6915243,3.3714023
ISIC_0015124,1.3017108,3.877992
ISIC_0015127,1.2909974,-2.2338212
ISIC_0015128,0.4390053,0.20048451
ISIC_0015132,2.402078,3.4779372
ISIC_0015133,0.06945287,1.5098636
ISIC_0015136,2.5749524,4.3363633
ISIC_0015141,2.1442695,4.774969
ISIC_0015142,1.4656469,0.51387006
ISIC_0015143,2.462466,4.384911
ISIC_0015145,2.536317,4.7015357
ISIC_0015156,3.1973095,5.3510323
ISIC_0015163,2.6135516,5.5109515
ISIC_0015166,2.9577963,5.578689
ISIC_0015167,-0.28825775,0.74003786
ISIC_0015169,0.684879,2.9593234
ISIC_0015178,4.060277,2.4723027
ISIC_0015180,3.7313163,2.821492
ISIC_0015185,3.3988142,4.0249643
ISIC_0015189,2.804219,4.994286
ISIC_0015190,2.7823281,5.6078115
ISIC_0015191,2.5502565,5.5612226
ISIC_0015192,3.0902963,5.0949855
ISIC_0015193,2.4363606,5.17969
ISIC_0015194,1.4424644,0.47876808
ISIC_0015196,3.7249217,0.6219653
ISIC_0015197,0.81111735,0.9044074
ISIC_0015204,2.310124,4.9307733
ISIC_0015205,3.2585123,3.451719
ISIC_0015206,2.9871833,5.324342
ISIC_0015213,3.2813077,5.218555
ISIC_0015219,2.3341005,4.5626526
ISIC_0015228,5.928531,2.5705032
ISIC_0015229,3.2481124,4.940339
ISIC_0015230,2.5218647,4.705046
ISIC_0015236,3.0579689,3.0335014
ISIC_0015243,2.378716,3.7900913
ISIC_0015246,2.968117,4.8729725
ISIC_0015248,2.544744,5.098659
ISIC_0015251,1.0324872,-2.4611044
ISIC_0015256,3.278258,4.9198804
ISIC_0015266,3.3523276,4.9173737
ISIC_0015277,3.0169215,5.3338923
ISIC_0015284,5.3472443,2.4133518
ISIC_0015288,2.9443567,4.4526453
ISIC_0015289,3.0232444,5.1568475
ISIC_0015314,2.1988683,5.245359
ISIC_0015316,3.0367565,4.135565
ISIC_0015317,3.2830343,4.7007747
ISIC_0015318,2.4436746,5.1636167
ISIC_0015332,5.8718047,2.857899
ISIC_0015336,1.6094038,0.4613172
ISIC_0015343,3.2729921,3.2081516
ISIC_0015356,3.3055267,4.4784756
ISIC_0015377,3.6951075,0.7455321
ISIC_0015433,2.428911,5.065335
ISIC_0015434,2.7981048,5.398142
ISIC_0015441,4.1908765,2.4650583
ISIC_0015442,2.2777486,4.1801014
ISIC_0015457,4.9451957,2.4099967
ISIC_0015458,5.267704,2.3795023
ISIC_0015477,2.9956162,5.337384
ISIC_0015503,1.8305672,3.982222
ISIC_0015508,3.4392724,5.0691776
ISIC_0015514,0.8081421,0.20641726
ISIC_0015517,0.039081518,0.095135815
ISIC_0015519,-0.12139508,0.28038532
ISIC_0015522,2.178943,5.1837134
ISIC_0015523,2.7876928,5.2066865
ISIC_0015533,2.2449574,5.5738063
ISIC_0015565,2.279086,5.104333
ISIC_0015575,3.2465758,4.8375826
ISIC_0015595,5.22787,2.3710964
ISIC_0015608,0.87202764,-2.6754224
ISIC_0015619,5.7972603,2.7562683
ISIC_0016080,-0.81036925,3.2602317
ISIC_0016081,-0.29726925,3.7634926
ISIC_0016082,5.9384527,1.5002139
ISIC_0016084,0.004720391,3.2665348
ISIC_0016085,-0.5734653,4.7054834
ISIC_0016092,6.0130854,1.414874
ISIC_0016094,1.8194822,-0.5568757
ISIC_0016112,-0.36416796,4.3561835
ISIC_0016114,0.28653163,-0.93455714
ISIC_0016123,-0.7411348,4.6624174
ISIC_0016127,-0.9132538,3.2527866
ISIC_0016128,-0.75724226,3.1897554
ISIC_0016131,-0.27405894,2.4876695
ISIC_0016133,-0.38458982,2.2504678
ISIC_0016137,-0.022713969,3.4799929
ISIC_0016139,-0.62264097,3.2040138
ISIC_0016145,6.8853526,1.1395117
ISIC_0016153,-1.3114889,3.770926
ISIC_0016161,-0.8736619,3.7897236
ISIC_0016162,5.4207335,1.9256896
ISIC_0016438,0.9801455,-1.7851287
ISIC_0016911,2.8602223,-0.32578075
ISIC_0017350,3.6338632,-0.6976909
ISIC_0017399,1.5738883,-1.8182827
ISIC_0017411,2.2500107,1.8224583
ISIC_0017414,2.7825248,0.9474807
ISIC_0017415,2.7769618,-1.2636044
ISIC_0017422,1.2378871,-1.7064394
ISIC_0017428,3.908415,-0.72275674
ISIC_0017431,0.06624168,-1.6971345
ISIC_0017434,1.2302111,-0.20114665
ISIC_0017436,0.7851833,0.17004919
ISIC_0017443,-0.30079702,0.711625
ISIC_0017448,1.2382199,-2.1095014
ISIC_0017451,0.8009691,-0.7268635
ISIC_0017453,0.8323933,-0.5411197
ISIC_0017455,-0.8619562,-0.9007924
ISIC_0017460,0.79086107,-0.5011177
ISIC_0017485,1.2538749,-1.8027222
ISIC_0017486,0.9282728,-0.64753866
ISIC_0017856,3.6912224,0.2503137
ISIC_0018039,1.8470088,4.3056693
ISIC_0018040,1.5481745,4.005785
ISIC_0019315,2.4821181,-0.15662825
ISIC_0019334,2.7650812,-0.7682512
ISIC_0019335,2.8410072,-0.7038126
ISIC_0019432,3.3180542,0.32516113
ISIC_0020491,-0.4592601,-0.71835274
ISIC_0020963,-0.043325122,0.68661416
ISIC_0020975,1.4506376,1.0806953
ISIC_0020977,2.1407063,1.2852784
ISIC_0020978,1.3003258,1.1622081
ISIC_0020985,2.8350132,2.675538
ISIC_0020986,3.2941363,1.3582433
ISIC_0020987,2.7819695,1.9544598
ISIC_0020988,3.3821661,1.6877013
ISIC_0020998,2.809332,1.4203275
ISIC_0021009,2.7588067,1.9855105
ISIC_0021020,2.7768602,1.3405935
ISIC_0021094,3.4629278,1.2608274
ISIC_0021095,0.91324854,1.5965189
ISIC_0021125,3.94512,1.6738766
ISIC_0021136,3.6836557,1.6479489
ISIC_0021147,3.77042,1.9023508
ISIC_0021155,3.6500328,1.7991635
ISIC_0021162,3.6910126,1.8006666
ISIC_0021166,2.952748,2.647633
ISIC_0021167,3.1732275,2.5033565
ISIC_0021168,2.9419,2.4829476
ISIC_0021172,5.3727713,-0.3571236
ISIC_0021187,-0.16074586,2.139443
ISIC_0021188,-0.28533238,2.1493547
ISIC_0021189,-0.3356134,1.9394885
ISIC_0021194,2.0736754,3.9375265
ISIC_0021205,5.470057,-0.70268357
ISIC_0021271,1.6921254,4.0306726
ISIC_0021282,1.1748514,1.6546891
ISIC_0021293,2.5745857,0.9627736
ISIC_0021295,2.177768,1.0214365
ISIC_0021296,3.26117,1.0166034
ISIC_0021297,-0.09112812,0.5522026
ISIC_0021328,2.0731773,1.2441701
ISIC_0021329,2.297339,1.0847617
ISIC_0021330,-0.3519767,0.5732659
ISIC_0021339,5.66831,4.196684
ISIC_0021340,5.5708537,4.372894
ISIC_0021341,5.812902,4.1397
ISIC_0021382,7.2917147,-0.96591413
ISIC_0021383,3.5157664,1.8484334
ISIC_0021384,3.5151193,1.702704
ISIC_0021390,1.8682818,2.964761
ISIC_0021391,2.1595318,3.007522
ISIC_0021399,0.39225003,0.6205114
ISIC_0021400,-0.9167821,0.5085181
ISIC_0021401,-0.9674995,0.18844242
ISIC_0021405,2.0798078,4.0364013
ISIC_0021407,2.1386142,4.1252704
ISIC_0021408,1.8517241,3.1583595
ISIC_0021426,3.201351,1.03515
ISIC_0021427,3.351323,1.151703
ISIC_0021428,2.83767,2.4007673
ISIC_0021432,4.322685,1.7960626
ISIC_0021434,4.4581585,1.7806159
ISIC_0021435,2.696322,1.999465
ISIC_0021439,3.165551,0.98042065
ISIC_0021440,3.402758,1.1039782
ISIC_0021441,0.44017407,1.2957827
ISIC_0021442,3.6231396,1.3003705
ISIC_0021443,3.4128623,1.6499096
ISIC_0021446,3.0760996,1.5740595
ISIC_0021473,0.7425299,2.8287842
ISIC_0021474,1.0318087,2.8646452
ISIC_0021475,0.937778,2.7686968
ISIC_0021480,1.3569176,3.798181
ISIC_0021481,1.3640971,3.6451585
ISIC_0021482,0.69135123,2.7427297
ISIC_0021491,1.1529114,0.31171808
ISIC_0021492,0.854233,0.44563246
ISIC_0021493,0.44501212,0.38223603
ISIC_0021497,3.4543822,1.9660224
ISIC_0021498,2.037301,2.0411062
ISIC_0021500,2.875406,2.0945435
ISIC_0021530,-0.7535704,-1.4900182
ISIC_0021531,-0.84468263,-1.5390381
ISIC_0021533,-0.9027665,-1.0845468
ISIC_0021534,0.9095826,-0.6971575
ISIC_0021535,1.900704,-2.0273974
ISIC_0021536,2.027012,-2.2032397
ISIC_0021542,4.6356735,0.9147808
ISIC_0021543,0.91206753,0.7435729
ISIC_0021544,2.871221,2.1140943
ISIC_0021611,2.8022833,1.1510389
ISIC_0021622,3.1875005,1.0816486
ISIC_0021627,1.108776,1.3628808
ISIC_0021646,-0.11825716,-0.7909338
ISIC_0021647,-0.2810184,-0.12828383
ISIC_0021648,1.2589574,0.9600483
ISIC_0021687,2.3269958,0.6036744
ISIC_0021688,3.093416,0.8358919
ISIC_0021689,-0.58970064,-0.059657294
ISIC_0021706,0.00982351,-1.0928733
ISIC_0021708,-0.61049396,-1.1177797
ISIC_0021709,-0.43521336,-1.0501566
ISIC_0021710,7.306321,-1.1283646
ISIC_0021711,3.4309645,1.2034621
ISIC_0021713,0.84927654,1.507877
ISIC_0021728,3.615233,1.1611614
ISIC_0021729,3.9643502,1.513576
ISIC_0021730,3.1979756,1.8512448
ISIC_0021745,2.7454228,0.5692651
ISIC_0021746,2.4478471,0.19962324
ISIC_0021747,3.5006838,-1.8639148
ISIC_0021768,-0.7032408,0.7529004
ISIC_0021770,0.3667016,0.6296007
ISIC_0021771,-0.88933235,0.03303373
ISIC_0021772,-0.840901,-0.022478139
ISIC_0021780,-0.5604812,-1.3728786
ISIC_0021781,-0.87287575,-1.3597448
ISIC_0021782,-0.4333363,-0.9811834
ISIC_0021783,-0.3602189,-1.1030768
ISIC_0021784,-0.7914666,-1.5241183
ISIC_0021785,-0.64188683,-1.5305246
ISIC_0021786,2.9888036,0.5097972
ISIC_0021787,-0.53748477,-0.13385741
ISIC_0021789,-0.86433226,-0.12785478
ISIC_0021800,-0.8709545,-0.19709946
ISIC_0021801,-0.6680914,-0.39424822
ISIC_0021802,-0.6846151,-0.36371496
ISIC_0021803,1.2932401,0.05690056
ISIC_0021804,0.6871054,0.005101506
ISIC_0021805,0.40053725,1.1803255
ISIC_0021816,1.1621912,1.9775404
ISIC_0021818,1.2977738,1.4403923
ISIC_0021819,1.0911525,2.9161456
ISIC_0021850,-0.5506309,0.24949422
ISIC_0021851,-1.1242772,0.70997053
ISIC_0021896,3.4285543,1.4123907
ISIC_0021897,3.5484512,1.5925541
ISIC_0021898,1.1223693,1.9807559
ISIC_0021899,0.9025771,1.9436705
ISIC_0021900,0.19331685,-0.20464164
ISIC_0021901,0.7837794,1.8003527
ISIC_0021908,0.443655,-0.18767288
ISIC_0021917,0.5975616,-0.3100967
ISIC_0021921,2.7254922,2.883657
ISIC_0021925,-0.90740114,0.90254384
ISIC_0021926,2.9473252,2.6527817
ISIC_0021927,2.9569068,2.7485394
ISIC_0021967,-1.8325287,1.1348718
ISIC_0021969,-1.7487974,0.94399285
ISIC_0021970,-1.8040586,0.88543886
ISIC_0021971,-1.7805737,0.95812774
ISIC_0021972,-1.8535777,0.92230266
ISIC_0021973,-1.7928656,0.88651574
ISIC_0021974,-1.8780496,1.019779
ISIC_0021975,-1.8395395,0.9557365
ISIC_0021976,-1.8330861,0.9564746
ISIC_0021977,-1.8797351,0.99016964
ISIC_0021978,-1.8218491,1.0963167
ISIC_0021979,1.2081887,0.89663714
ISIC_0021980,-1.8158206,1.0535064
ISIC_0021981,-1.8201281,1.0817211
ISIC_0021985,1.7758847,0.8870313
ISIC_0021996,-0.9263847,0.6914128
ISIC_0021997,1.7604498,0.41218612
ISIC_0022000,-0.34319767,-0.8190566
ISIC_0022003,3.446165,0.8394839
ISIC_0022009,2.0271184,3.1034634
ISIC_0022010,1.4542186,2.7515042
ISIC_0022011,6.158918,-0.9365858
ISIC_0022012,6.0482717,-1.0100867
ISIC_0022013,3.420706,0.8258832
ISIC_0022022,3.2875085,0.77290183
ISIC_0022048,3.7558415,1.5140263
ISIC_0022059,3.6037862,1.5105456
ISIC_0022066,0.2572837,1.1632341
ISIC_0022067,1.337872,2.2884989
ISIC_0022068,1.6520829,2.0298169
ISIC_0022069,0.27180725,0.95241266
ISIC_0022070,3.8261967,1.4844491
ISIC_0022071,0.52437717,0.7869237
ISIC_0022073,0.18147926,2.4080913
ISIC_0022075,5.430461,4.376201
ISIC_0022076,5.6407914,4.2711143
ISIC_0022077,5.7782006,3.9188912
ISIC_0022078,5.7186365,4.1290097
ISIC_0022079,5.7888756,3.8967407
ISIC_0022080,7.388748,-0.9894012
ISIC_0022081,4.5078497,4.595518
ISIC_0022082,4.5109453,4.3226957
ISIC_0022083,-1.2241277,0.8452508
ISIC_0022102,3.6642568,1.1896554
ISIC_0022113,3.514233,1.0385281
ISIC_0022123,2.8209283,0.6521203
ISIC_0022124,3.5694149,1.2424335
ISIC_0022125,3.23061,0.75254345
ISIC_0022154,3.8006904,1.8072276
ISIC_0022155,4.2380424,1.3598851
ISIC_0022156,3.575945,1.755806
ISIC_0022157,2.305703,1.6428274
ISIC_0022180,-1.5475597,0.7152071
ISIC_0022195,2.596018,-0.03787934
ISIC_0022196,1.8815839,-0.35407254
ISIC_0022197,2.127841,-0.1934289
ISIC_0022198,2.8286552,0.29159778
ISIC_0022199,0.14320558,-0.6392769
ISIC_0022245,0.28008837,2.5257397
ISIC_0022246,1.247512,3.2417223
ISIC_0022254,2.0166492,1.9413954
ISIC_0022255,1.9997007,1.5744351
ISIC_0022256,0.22841908,1.3235284
ISIC_0022286,-1.6708994,0.7307835
ISIC_0022304,1.0062389,-0.6374554
ISIC_0022305,0.9119343,-0.79239506
ISIC_0022306,0.8979923,-0.7542028
ISIC_0022307,1.0276518,-0.6330361
ISIC_0022308,0.93770796,-0.7234155
ISIC_0022311,4.934202,0.37730587
ISIC_0022312,4.373111,1.1684867
ISIC_0022313,1.717449,1.1728909
ISIC_0022314,4.2212634,1.3000418
ISIC_0022315,2.1045406,1.4489765
ISIC_0022316,2.052931,1.1100032
ISIC_0022317,1.6771443,0.83777404
ISIC_0022318,0.5761258,1.1958433
ISIC_0022319,2.0585809,1.0031389
ISIC_0022321,1.9651366,1.2381428
ISIC_0022322,0.59769964,1.0793283
ISIC_0022327,-0.26954246,-0.38828707
ISIC_0022328,-0.08865953,-0.8818196
ISIC_0022329,-0.6212425,-0.7986778
ISIC_0022330,-0.31454504,-0.8604284
ISIC_0022332,-0.21060099,-0.7338405
ISIC_0022338,-0.85569733,-1.3788137
ISIC_0022339,-0.5557785,-1.4592079
ISIC_0022340,-0.6946351,-1.4446304
ISIC_0022378,4.341494,1.7814955
ISIC_0022379,4.2699776,1.7409168
ISIC_0022380,4.3974404,1.5814304
ISIC_0022381,-0.4401784,-0.17359838
ISIC_0022382,0.17749307,1.8332707
ISIC_0022383,0.75972927,2.3226311
ISIC_0022384,-0.3307326,-0.40429962
ISIC_0022385,0.22427924,-0.67219627
ISIC_0022397,4.5452933,1.4875687
ISIC_0022398,0.43137693,0.88469374
ISIC_0022399,2.9055827,1.9974259
ISIC_0022437,-0.42749944,1.9438272
ISIC_0022439,2.3627534,-1.0683508
ISIC_0022440,0.20042777,-0.24883527
ISIC_0022442,-0.7772692,-0.60497653
ISIC_0022463,3.0211837,1.558736
ISIC_0022474,4.357376,0.61476994
ISIC_0022570,3.0961347,0.9852466
ISIC_0022571,3.111678,0.77410513
ISIC_0022572,3.0780466,0.8667263
ISIC_0022573,3.1332922,0.93319106
ISIC_0022574,3.0426455,0.7217324
ISIC_0022597,3.4532778,0.91879976
ISIC_0022601,2.7210798,0.9015312
ISIC_0022602,2.8718126,1.0006721
ISIC_0022603,2.7445412,0.98804736
ISIC_0022604,2.6992548,1.2234173
ISIC_0022615,3.4656618,1.1691606
ISIC_0022616,0.47386998,1.4152018
ISIC_0022617,0.296205,1.2993268
ISIC_0022624,0.4495099,1.7711517
ISIC_0022660,2.8264444,0.473599
ISIC_0022679,3.4412596,1.2825395
ISIC_0022682,2.0743036,3.7122433
ISIC_0022683,2.2657182,3.334333
ISIC_0022684,2.0660512,3.5873835
ISIC_0022685,2.7822478,3.0221508
ISIC_0022686,2.1277668,3.547085
ISIC_0022783,3.603578,1.5091347
ISIC_0022793,2.7626457,-1.7034291
ISIC_0022794,0.5899793,-0.32374665
ISIC_0022796,1.0562376,-0.27954182
ISIC_0022797,0.50056016,-0.4491895
ISIC_0022798,-0.5318957,-0.57144976
ISIC_0022799,0.4909269,-0.41135144
ISIC_0022894,4.010302,1.2791151
ISIC_0023021,4.160164,1.1917313
ISIC_0023022,2.7284367,1.7449734
ISIC_0023023,2.9124687,1.7444075
ISIC_0023025,4.362778,1.0869658
ISIC_0023026,2.4232705,1.5914838
ISIC_0023042,5.675382,2.445839
ISIC_0023043,5.454343,2.725989
ISIC_0023044,5.4726453,2.6941006
ISIC_0023045,5.222409,3.0765414
ISIC_0023047,5.181405,3.0693548
ISIC_0023048,3.8614132,2.043743
ISIC_0023049,5.28597,2.9721928
ISIC_0023050,5.41121,2.9764314
ISIC_0023051,5.7020507,2.7864344
ISIC_0023052,6.9291058,1.792729
ISIC_0023053,5.2577095,2.8863885
ISIC_0023054,5.288016,2.9296706
ISIC_0023103,0.61195844,3.7974467
ISIC_0023104,0.7586615,3.921834
ISIC_0023105,0.6991664,3.825006
ISIC_0023106,0.7574406,3.8256366
ISIC_0023107,0.7045809,3.8330543
ISIC_0023108,0.74881077,3.9014401
ISIC_0023109,0.64449495,3.8035913
ISIC_0023110,0.63096,3.7391994
ISIC_0023111,0.6653312,3.8613625
ISIC_0023116,3.432445,2.0161119
ISIC_0023117,4.05057,1.4162918
ISIC_0023119,3.4523494,2.068576
ISIC_0023130,7.6929984,2.8778675
ISIC_0023131,8.017243,1.7909355
ISIC_0023132,7.87143,2.410105
ISIC_0023133,7.767569,2.7386312
ISIC_0023161,2.2587862,1.6741858
ISIC_0023163,3.3594165,1.5843647
ISIC_0023164,3.3821805,1.5721889
ISIC_0023165,2.2281585,1.7313156
ISIC_0023236,-0.7612785,-0.15666312
ISIC_0023262,5.8441486,3.3959832
ISIC_0023264,5.7363567,4.319007
ISIC_0023265,5.922036,4.066157
ISIC_0023266,5.7611794,4.277928
ISIC_0023267,5.8732543,3.9085538
ISIC_0023268,5.9282503,4.1082277
ISIC_0023269,3.110304,4.2927794
ISIC_0023270,5.818361,3.9069817
ISIC_0023271,5.93557,3.9430616
ISIC_0023272,5.8148746,3.8832262
ISIC_0023273,5.737466,4.087868
ISIC_0023275,5.651221,4.3196073
ISIC_0023276,5.836395,3.6268718
ISIC_0023277,5.890177,3.273755
ISIC_0023278,5.887705,3.8209424
ISIC_0023279,5.8051076,3.681456
ISIC_0023280,5.572747,3.945748
ISIC_0023281,5.7251835,3.7245681
ISIC_0023282,5.8223877,3.6466804
ISIC_0023283,5.1468077,3.6342638
ISIC_0023284,5.6618476,4.3530984
ISIC_0023286,4.9054203,0.49695098
ISIC_0023287,5.645569,4.3489943
ISIC_0023288,5.593951,4.391432
ISIC_0023289,5.8388634,3.9743743
ISIC_0023290,5.962083,3.968331
ISIC_0023291,5.63559,4.3193574
ISIC_0023292,5.9699,3.4939072
ISIC_0023293,5.8987556,3.9527228
ISIC_0023294,5.943492,3.9780872
ISIC_0023295,5.4894247,3.3544645
ISIC_0023296,5.450056,3.2657928
ISIC_0023297,4.7192,0.8038302
ISIC_0023298,5.819026,3.2427838
ISIC_0023299,5.331118,3.2375488
ISIC_0023300,2.9018295,1.8446286
ISIC_0023301,5.9870934,3.321505
ISIC_0023302,-0.48188707,0.73859155
ISIC_0023303,5.726112,3.4881375
ISIC_0023304,5.893424,3.347217
ISIC_0023305,5.889451,2.1293511
ISIC_0023306,3.2579,1.9130139
ISIC_0023307,5.6174664,3.4563105
ISIC_0023308,2.4885616,1.8918537
ISIC_0023309,5.728813,3.5493238
ISIC_0023310,5.7701592,3.1640704
ISIC_0023311,5.855131,3.4243724
ISIC_0023312,5.8169403,3.2401
ISIC_0023313,3.2953234,1.6774052
ISIC_0023314,4.2518854,2.0236995
ISIC_0023315,5.7289405,3.4298384
ISIC_0023316,5.939679,3.1391952
ISIC_0023317,5.844427,3.2987428
ISIC_0023318,2.9419732,1.6847563
ISIC_0023320,5.9831505,3.2619267
ISIC_0023321,5.6552176,3.6930668
ISIC_0023322,5.7860065,3.4628627
ISIC_0023323,2.9274938,1.7427362
ISIC_0023324,5.763245,3.3156028
ISIC_0023325,5.6277976,3.010786
ISIC_0023326,5.5048084,2.0407221
ISIC_0023327,5.881818,3.1568918
ISIC_0023328,5.9602757,3.329572
ISIC_0023329,6.0300813,3.2497795
ISIC_0023331,5.706445,3.35147
ISIC_0023364,2.217645,3.8891487
ISIC_0023365,2.087176,3.9241102
ISIC_0023366,2.0468063,3.9376638
ISIC_0023367,1.7235864,4.5152645
ISIC_0023368,1.7644875,4.4385357
ISIC_0023369,1.5906978,4.589419
ISIC_0023370,1.9817699,3.68417
ISIC_0023371,2.0637894,3.6455166
ISIC_0023372,1.9613351,3.628762
ISIC_0023374,1.9713445,3.6055567
ISIC_0023375,2.0759735,3.682469
ISIC_0023376,1.7815853,3.5274062
ISIC_0023377,1.5790402,3.2876966
ISIC_0023395,-0.85693735,0.21774293
ISIC_0023396,3.546985,1.4379691
ISIC_0023397,3.5130036,1.5164835
ISIC_0023398,3.5744982,1.5019573
ISIC_0023399,3.5733337,1.5135605
ISIC_0023427,6.206488,-0.811609
ISIC_0023438,6.2816315,-0.6825942
ISIC_0023458,7.7779765,2.6459973
ISIC_0023459,7.7337904,2.663103
ISIC_0023460,7.4874535,2.541462
ISIC_0023461,7.571161,2.4564717
ISIC_0023462,7.716249,2.5341668
ISIC_0023463,7.7433767,2.5577207
ISIC_0023464,7.712056,2.6401827
ISIC_0023465,7.6990232,2.521348
ISIC_0023466,7.750295,2.5434227
ISIC_0023467,7.5862193,2.548904
ISIC_0023469,7.689196,2.4275198
ISIC_0023482,2.4406917,3.942861
ISIC_0023483,2.484222,3.9497118
ISIC_0023484,2.6985636,3.7399907
ISIC_0023485,2.52775,4.071178
ISIC_0023486,2.4732149,4.0081987
ISIC_0023488,2.582159,3.8953836
ISIC_0023489,2.3579059,3.84532
ISIC_0023490,2.3609517,3.8095505
ISIC_0023491,2.4521227,3.9480274
ISIC_0023492,3.6211712,2.0845664
ISIC_0023493,3.6706324,2.1725338
ISIC_0023494,3.8419576,2.2257543
ISIC_0023495,3.2419727,0.78135437
ISIC_0023496,2.9440444,0.5782416
ISIC_0023497,-1.6681948,0.80242115
ISIC_0023500,3.418594,1.3866355
ISIC_0023502,-1.8769429,1.0311239
ISIC_0023503,0.92976093,3.03415
ISIC_0023504,5.970616,-1.830913
ISIC_0023505,4.132103,0.10596766
ISIC_0023506,4.746009,0.03957653
ISIC_0023507,4.4337354,0.103694566
ISIC_0023508,4.519794,0.07139383
ISIC_0023509,6.1675467,-1.1352566
ISIC_0023511,3.9238286,0.45466074
ISIC_0023512,4.5525017,0.30219188
ISIC_0023513,3.960742,0.6613218
ISIC_0023514,4.404983,0.3732482
ISIC_0023515,5.8680696,-0.8833636
ISIC_0023516,3.436245,1.28222
ISIC_0023517,3.5359952,1.4064617
ISIC_0023518,3.541481,1.3793137
ISIC_0023519,0.34357426,0.44718528
ISIC_0023524,0.8005402,4.2856894
ISIC_0023525,0.8545899,4.4757886
ISIC_0023526,0.76832265,4.3058085
ISIC_0023529,3.211091,2.0197258
ISIC_0023530,3.4818444,2.0317624
ISIC_0023531,3.4499707,2.0584588
ISIC_0023553,1.0124186,2.5662818
ISIC_0023554,1.0421512,2.56051
ISIC_0023561,5.243137,2.8041453
ISIC_0023574,0.43227163,2.9860365
ISIC_0023575,0.26669484,3.0954475
ISIC_0023594,0.24259377,4.8285766
ISIC_0023596,0.25162265,4.76929
ISIC_0023597,0.212712,4.6405196
ISIC_0023604,-0.2193306,2.9283845
ISIC_0023606,-0.15669207,3.0293448
ISIC_0023608,1.4803269,2.9840987
ISIC_0023620,1.7624489,2.9281125
ISIC_0023631,1.2317876,3.5617085
ISIC_0023634,7.5545754,0.9703729
ISIC_0023635,7.6230536,0.9321
ISIC_0023636,7.649056,0.91103894
ISIC_0023637,7.6540318,0.92940444
ISIC_0023638,7.61374,0.99794036
ISIC_0023639,7.666387,1.1897194
ISIC_0023640,7.496162,1.1342666
ISIC_0023641,7.5040927,1.0100654
ISIC_0023642,1.7523592,3.2309926
ISIC_0023643,7.5735097,1.0479096
ISIC_0023644,7.458553,1.0093085
ISIC_0023645,7.5607557,1.0386223
ISIC_0023646,4.797316,0.38097122
ISIC_0023647,4.2415595,0.9134523
ISIC_0023648,1.0534606,1.4237666
ISIC_0023669,-0.78799295,-0.9282075
ISIC_0023670,-0.9970526,-0.68011534
ISIC_0023671,-0.8661432,-0.8508315
ISIC_0023675,3.2866247,1.1814896
ISIC_0023685,2.6724877,1.5420223
ISIC_0023705,4.6303687,-0.75977606
ISIC_0023706,5.542172,-1.1074086
ISIC_0023707,5.467742,-1.2780739
ISIC_0023708,4.3752666,-0.6252146
ISIC_0023711,4.9763165,-0.04547768
ISIC_0023712,5.7898664,-0.53444564
ISIC_0023744,0.04212341,1.6498646
ISIC_0023747,0.16984388,1.4625746
ISIC_0023755,0.122372724,1.0666999
ISIC_0023762,3.8192062,1.5632802
ISIC_0023763,2.071909,1.8191501
ISIC_0023764,1.7503995,1.6830359
ISIC_0023765,-0.27810475,2.2118306
ISIC_0023766,-0.21118739,2.2457962
ISIC_0023767,-0.24358322,2.3111548
ISIC_0023769,0.104007564,-0.3085862
ISIC_0023770,1.6281692,1.0385729
ISIC_0023771,0.3268588,0.4948404
ISIC_0023786,4.301628,1.5085882
ISIC_0023787,2.7419753,1.8669802
ISIC_0023806,2.2313437,1.0654006
ISIC_0023807,2.1058025,1.2471418
ISIC_0023808,1.5702193,1.318376
ISIC_0023809,-0.37873083,-1.7169453
ISIC_0023811,-0.5397231,-1.6566124
ISIC_0023812,-0.5830263,-1.4937618
ISIC_0023836,0.20477268,-0.7372526
ISIC_0023837,-0.5694036,-0.42158142
ISIC_0023838,-0.35980314,-0.62286335
ISIC_0023839,-0.0044685374,-1.0228939
ISIC_0023843,0.5793364,-0.5804049
ISIC_0023853,1.7810713,2.1619658
ISIC_0023854,0.35563153,-0.5450179
ISIC_0023855,1.8449799,1.8772111
ISIC_0023856,1.5651253,2.0073218
ISIC_0023890,-0.0031330788,-1.5031223
ISIC_0023891,-0.061039165,-1.5372409
ISIC_0023893,1.9355593,-0.509215
ISIC_0023900,1.6222467,-0.13051118
ISIC_0023901,1.6439093,-0.26851445
ISIC_0023902,1.8020195,-0.015594177
ISIC_0023903,2.9523773,1.3138582
ISIC_0023923,-0.0058891894,2.6805718
ISIC_0023924,-0.1348839,2.4680896
ISIC_0023925,-0.2867036,2.233839
ISIC_0024005,2.9974792,1.2710762
ISIC_0024015,3.1535497,0.7436785
ISIC_0024016,2.8260505,1.117802
ISIC_0024018,0.9783401,1.345627
ISIC_0024032,3.4890752,1.1926855
ISIC_0024033,3.6110404,1.5712068
ISIC_0024034,3.732983,1.8045613
ISIC_0024072,1.6059078,1.1225305
ISIC_0024083,1.0223817,0.7251529
ISIC_0024085,0.09363663,1.8116522
ISIC_0024086,0.6837033,1.3106453
ISIC_0024087,0.34777606,1.4004192
ISIC_0024091,0.30824408,0.4843952
ISIC_0024095,3.7721105,1.0677751
ISIC_0024096,3.260191,1.5276134
ISIC_0024097,3.3945377,1.5474043
ISIC_0024108,0.32252106,0.6967007
ISIC_0024109,0.5760931,1.015836
ISIC_0024112,-0.06268429,0.72288436
ISIC_0024119,0.83199066,0.52868634
ISIC_0024120,0.6304538,0.49844903
ISIC_0024121,0.23362851,0.56410784
ISIC_0024193,-0.9849033,0.008860088
ISIC_0024194,-0.48972443,1.2053031
ISIC_0024195,-0.3303197,1.0078408
ISIC_0024313,2.2854345,-0.9485148
ISIC_0024315,-0.22935498,-0.9293186
ISIC_0024351,3.329254,0.16239353
ISIC_0024481,2.155592,-1.3781703
ISIC_0024537,2.0132942,2.8912992
ISIC_0024546,2.550035,1.9046621
ISIC_0024586,2.4665418,-1.7988778
ISIC_0024624,0.34215882,1.2018906
ISIC_0024644,5.035331,-0.80302376
ISIC_0024675,3.9148498,-1.811944
ISIC_0024688,1.4972458,0.30564055
ISIC_0024733,1.90581,1.7223594
ISIC_0024792,1.0706434,-0.33694685
ISIC_0024806,3.3408453,-0.05905996
ISIC_0024865,0.07677853,2.3126323
ISIC_0024886,3.864171,1.688174
ISIC_0024898,3.4564424,-0.7079898
ISIC_0024900,2.136822,1.7085596
ISIC_0024911,0.7530707,-1.2767419
ISIC_0024918,2.9672124,-0.48330727
ISIC_0024932,3.1976185,-0.052560046
ISIC_0024952,1.2593062,0.5738188
ISIC_0024972,5.49583,2.165207
ISIC_0025018,1.4719809,2.6870842
ISIC_0025035,1.2650303,-0.91770655
ISIC_0025081,-0.18570527,1.1428142
ISIC_0025085,1.8748944,-1.1739814
ISIC_0025127,2.4664257,0.6990655
ISIC_0025128,2.7076247,-0.35796827
ISIC_0025155,3.4795704,0.30671534
ISIC_0025219,1.278613,1.1991599
ISIC_0025235,3.09175,0.053822383
ISIC_0025238,1.0242238,2.8004563
ISIC_0025265,2.3830957,-2.369625
ISIC_0025316,0.52111167,-1.3778229
ISIC_0025409,2.9804165,0.22033757
ISIC_0025451,0.3635179,-0.50242054
ISIC_0025489,0.2794827,-1.1741692
ISIC_0025550,2.3861394,-0.19079852
ISIC_0025573,1.8162779,2.516584
ISIC_0025589,-0.5379108,-0.0620039
ISIC_0025592,0.02403603,-1.509641
ISIC_0025603,2.3265693,-0.3624671
ISIC_0025611,1.9637787,0.31718642
ISIC_0025663,3.636241,1.225245
ISIC_0025674,0.07968945,1.7213106
ISIC_0025708,0.6934734,-0.6734582
ISIC_0025724,2.7811215,-0.6244111
ISIC_0025748,2.6492481,4.3790236
ISIC_0025751,2.2147717,4.015512
ISIC_0025766,1.1568719,3.7997818
ISIC_0025783,3.125673,0.34954146
ISIC_0025791,1.8157161,-0.33662093
ISIC_0025832,2.5799425,-0.15183266
ISIC_0025835,0.43265063,-1.3377379
ISIC_0025891,1.211802,-1.4589412
ISIC_0025904,0.36312962,0.56927365
ISIC_0025941,1.1077032,-0.57475424
ISIC_0025963,5.316765,2.8583748
ISIC_0025964,1.1324704,-1.7037506
ISIC_0026009,3.1745515,0.9706576
ISIC_0026081,1.2637213,-0.7260908
ISIC_0026105,1.3691504,-0.12633061
ISIC_0026113,2.0569713,-1.1685785
ISIC_0026115,2.521383,1.4326683
ISIC_0026150,1.1028184,-1.2051511
ISIC_0026207,1.8150622,-1.2169119
ISIC_0026229,6.3423247,2.1073081
ISIC_0026236,1.1811376,-1.8572378
ISIC_0026239,2.090061,4.1838956
ISIC_0026247,0.6058407,-1.5808284
ISIC_0026258,3.0722485,0.2549793
ISIC_0026296,0.40413362,-1.5016304
ISIC_0026314,0.18422152,-1.6177167
ISIC_0026352,1.9396644,-0.06973289
ISIC_0026360,0.57652503,1.3175743
ISIC_0026475,2.6069033,-0.81972003
ISIC_0026506,0.9543356,-1.048258
ISIC_0026516,2.7733915,-0.97591084
ISIC_0026596,0.34565723,3.1025116
ISIC_0026604,4.138733,1.7404568
ISIC_0026622,4.1977773,1.7824754
ISIC_0026694,1.2823188,-0.63384265
ISIC_0026746,3.132215,0.43957287
ISIC_0026770,3.5964556,2.8326364
ISIC_0026774,0.7638316,0.7731569
ISIC_0026802,2.8271096,0.044545043
ISIC_0026897,5.29946,-0.29622754
ISIC_0026930,3.18834,2.2684958
ISIC_0026954,2.9836333,1.8567756
ISIC_0026963,0.55221856,1.204221
ISIC_0026993,-0.1106714,-0.8939302
ISIC_0026996,-0.0032285815,-1.4349756
ISIC_0027043,2.0632682,4.4273314
ISIC_0027089,2.160344,4.2395487
ISIC_0027105,1.3830346,3.3814247
ISIC_0027125,-0.4849141,3.4199529
ISIC_0027171,1.7469503,-1.2640988
ISIC_0027174,0.056511547,2.1979523
ISIC_0027260,0.41798756,-1.3033502
ISIC_0027261,6.1149893,1.8253318
ISIC_0027263,-0.18934199,1.127733
ISIC_0027282,3.7476418,2.981083
ISIC_0027327,-0.3270375,-0.28314245
ISIC_0027359,1.4958869,0.37175336
ISIC_0027387,1.8487514,0.06616932
ISIC_0027402,1.306088,-1.3657033
ISIC_0027407,3.1483994,0.6525115
ISIC_0027436,2.1236465,3.0641584
ISIC_0027480,2.849083,0.09478338
ISIC_0027487,-0.27756616,1.0831436
ISIC_0027502,1.5290736,3.2028894
ISIC_0027507,2.2977238,-0.5807055
ISIC_0027517,4.197404,0.99817836
ISIC_0027561,3.5712783,1.2616469
ISIC_0027604,1.0428838,-0.8814321
ISIC_0027616,-0.46645775,0.7331001
ISIC_0027620,3.3597157,-1.0706216
ISIC_0027622,2.2186792,4.676119
ISIC_0027659,1.174464,-0.106810436
ISIC_0027693,-1.0679101,-0.049405616
ISIC_0027769,0.8494694,-0.89846516
ISIC_0027793,-0.07683205,0.834383
ISIC_0027797,2.8069181,-1.1126931
ISIC_0027832,1.8552285,4.2346053
ISIC_0027863,2.109984,1.2707413
ISIC_0027900,-0.5816636,-0.43509772
ISIC_0027956,2.526679,0.7132942
ISIC_0028003,1.1401052,-1.0428984
ISIC_0028017,2.532706,-0.8780776
ISIC_0028022,1.3419111,1.4884601
ISIC_0028029,1.9771181,-2.195512
ISIC_0028033,1.6785184,-1.1036906
ISIC_0028041,-0.19979727,-1.498486
ISIC_0028056,0.24048457,2.8188288
ISIC_0028065,4.1149817,1.0580678
ISIC_0028069,-0.4786161,-0.98373073
ISIC_0028103,3.4707756,1.354692
ISIC_0028109,2.0142283,-1.8527743
ISIC_0028215,6.0297313,0.9015551
ISIC_0028219,0.8358168,-1.6639165
ISIC_0028225,3.636251,0.40071413
ISIC_0028306,1.6662598,2.617149
ISIC_0028325,4.269717,-0.96875465
ISIC_0028326,0.31566417,-1.2284336
ISIC_0028460,3.115827,3.7391396
ISIC_0028467,0.5673595,-1.2140208
ISIC_0028489,1.340679,-1.1749419
ISIC_0028493,2.8500125,0.80047345
ISIC_0028537,1.01901,1.3298205
ISIC_0028565,1.7291211,-1.2778379
ISIC_0028567,-1.0306239,-0.17897108
ISIC_0028579,-0.40521696,0.44040456
ISIC_0028685,2.2441833,1.7607775
ISIC_0028696,2.0587413,4.216704
ISIC_0028718,4.4441476,-0.23710419
ISIC_0028760,1.8696222,-1.4595691
ISIC_0028860,2.8273437,2.0615022
ISIC_0028901,5.1435814,2.1155193
ISIC_0028915,0.6338224,1.7331258
ISIC_0028929,2.3727129,2.1596353
ISIC_0028930,3.002039,-0.26820508
ISIC_0028965,5.9440455,1.9960611
ISIC_0029013,1.3890772,-1.6781163
ISIC_0029017,0.41820902,-1.5857633
ISIC_0029028,1.4666328,-0.7793177
ISIC_0029033,-0.31855965,0.13835348
ISIC_0029056,4.346147,0.4610716
ISIC_0029170,-0.93438476,-0.08120756
ISIC_0029242,-0.380144,0.98397857
ISIC_0029272,1.3500352,-0.34719533
ISIC_0029318,2.4889717,1.8383822
ISIC_0029343,0.07367034,2.5728178
ISIC_0029397,2.9105468,-0.12768191
ISIC_0029434,1.1663275,-0.8337666
ISIC_0029480,4.002603,0.27598336
ISIC_0029495,2.6464708,-0.5519503
ISIC_0029513,3.942725,-1.5668474
ISIC_0029538,-0.34425682,-1.7189394
ISIC_0029570,1.8081099,2.9838526
ISIC_0029571,-0.3163993,-1.5551975
ISIC_0029606,-0.8970373,4.6634045
ISIC_0029651,0.49650216,-0.4674495
ISIC_0029652,0.89634347,0.2948799
ISIC_0029660,-0.21699528,-0.57191193
ISIC_0029698,4.8736362,2.171125
ISIC_0029839,1.5740285,-0.3771488
ISIC_0029859,3.1820116,3.407234
ISIC_0029885,0.994369,1.3030127
ISIC_0029913,-0.2612488,-1.3412919
ISIC_0030002,2.4197402,-0.08021054
ISIC_0030034,3.6032522,3.3627234
ISIC_0030047,2.6360753,0.16413644
ISIC_0030083,1.012471,0.43338063
ISIC_0030089,-0.38310894,0.58902943
ISIC_0030122,0.8767238,-0.75730187
ISIC_0030134,3.6468427,1.7087119
ISIC_0030171,1.1986122,-0.43620476
ISIC_0030183,2.1809886,3.3617601
ISIC_0030192,2.903061,2.2084107
ISIC_0030255,2.3165617,-1.0408239
ISIC_0030281,2.6550436,-2.0426748
ISIC_0030356,2.352925,4.2776027
ISIC_0030366,-0.13697228,1.1502526
ISIC_0030391,2.1217492,-1.0781933
ISIC_0030440,0.10389751,-1.4151733
ISIC_0030445,-0.30859905,1.135015
ISIC_0030501,2.4627845,1.1591145
ISIC_0030507,2.757963,2.347849
ISIC_0030512,2.7594821,-0.33501178
ISIC_0030521,2.0618544,-2.1223102
ISIC_0030539,0.53503156,1.2716895
ISIC_0030552,-0.13522638,2.003347
ISIC_0030575,1.7527064,4.066786
ISIC_0030623,1.456326,-1.3831042
ISIC_0030653,0.8460587,-0.7763394
ISIC_0030689,3.1075947,1.1453742
ISIC_0030747,4.14682,0.35046357
ISIC_0030795,1.8917893,-0.7818491
ISIC_0030818,-0.044969752,-1.3786645
ISIC_0030828,0.27852187,-1.4166319
ISIC_0030898,-0.11369782,-1.3361665
ISIC_0030951,1.7150526,0.9995491
ISIC_0031025,1.2607002,-0.40622675
ISIC_0031034,2.0384371,-0.8846994
ISIC_0031177,1.6429441,-0.08998249
ISIC_0031186,3.406781,1.9619429
ISIC_0031189,1.9946856,-0.9116662
ISIC_0031295,0.30705208,2.0021608
ISIC_0031369,0.2896643,1.7440943
ISIC_0031386,3.2940722,0.5114682
ISIC_0031389,1.6798061,-0.17498639
ISIC_0031406,0.46330258,-1.2123605
ISIC_0031408,1.829984,2.2307444
ISIC_0031417,1.5968752,2.7621005
ISIC_0031498,3.143571,3.501437
ISIC_0031529,3.0977092,-0.8488936
ISIC_0031545,2.6391683,-1.2983263
ISIC_0031557,2.734111,0.289828
ISIC_0031586,2.6423104,0.39673242
ISIC_0031598,0.11649835,-1.9524066
ISIC_0031642,1.4678333,-0.9976743
ISIC_0031709,2.3409295,1.7833276
ISIC_0031741,2.7431161,-0.81108147
ISIC_0031745,0.9970214,-1.2788054
ISIC_0031746,3.3034768,0.59477437
ISIC_0031779,-0.06367209,1.6354347
ISIC_0031784,6.8569956,-0.5385746
ISIC_0031821,0.22919858,-1.1421208
ISIC_0031844,2.4482298,0.46184054
ISIC_0031908,3.4269505,-0.092015594
ISIC_0031915,3.396535,0.557254
ISIC_0031953,1.4293166,-1.1091044
ISIC_0031957,2.8351123,1.8082137
ISIC_0031958,1.3527938,1.2711995
ISIC_0031972,3.9411528,1.988181
ISIC_0031977,-0.27673772,0.28165653
ISIC_0031999,-0.33971322,1.0710046
ISIC_0032019,0.938538,0.48502502
ISIC_0032036,3.4026763,0.93333066
ISIC_0032044,0.6651636,-0.2620664
ISIC_0032046,1.3359586,3.3192048
ISIC_0032095,2.1250684,-0.70926195
ISIC_0032098,5.485634,2.0226414
ISIC_0032190,1.1073241,1.3073381
ISIC_0032204,2.0505617,-0.74073994
ISIC_0032219,1.4575139,1.0758811
ISIC_0032232,4.4880223,0.76865196
ISIC_0032245,0.69145244,3.3444095
ISIC_0032287,1.6373265,-0.7499465
ISIC_0032313,3.113903,0.58807063
ISIC_0032425,3.326453,0.18382993
ISIC_0032433,3.1771636,0.2872087
ISIC_0032441,0.8645188,2.0113554
ISIC_0032450,-0.037087236,1.2102442
ISIC_0032462,1.9848515,4.281985
ISIC_0032509,7.2379684,-0.90968436
ISIC_0032517,0.7708629,-1.244525
ISIC_0032526,4.2670345,3.4567761
ISIC_0032532,3.1459117,-1.4549383
ISIC_0032533,0.17101444,-1.3995605
ISIC_0032544,-0.05172105,2.8823602
ISIC_0032547,-0.4178135,-0.60254484
ISIC_0032550,-0.29674584,1.1316993
ISIC_0032552,3.5472937,-0.32811594
ISIC_0032559,-0.071997896,-0.021186398
ISIC_0032569,1.1771562,3.7424653
ISIC_0032592,7.1085896,1.8254871
ISIC_0032596,1.141744,0.35426247
ISIC_0032598,-0.77439034,-0.94933873
ISIC_0032602,-0.2680865,-0.2550539
ISIC_0032603,0.5932519,-1.645252
ISIC_0032610,-0.18280016,0.75106585
ISIC_0032617,0.4830261,1.3594458
ISIC_0032622,3.6187806,-0.81491387
ISIC_0032624,0.03954271,0.014836745
ISIC_0032626,5.1939654,1.9581975
ISIC_0032638,0.64716727,0.35845837
ISIC_0032645,6.380174,1.8220749
ISIC_0032653,4.625956,-2.2450855
ISIC_0032656,7.159412,2.0513704
ISIC_0032662,4.074538,-2.1565168
ISIC_0032672,3.0954912,0.52518344
ISIC_0032684,0.8305878,-1.2099782
ISIC_0032685,0.2787733,1.2846196
ISIC_0032716,-0.018337175,-0.6710102
ISIC_0032718,1.8262124,1.4121212
ISIC_0032723,0.6978212,0.18203531
ISIC_0032724,-0.2410697,-0.6881497
ISIC_0032736,1.466778,1.5528929
ISIC_0032750,2.3057663,0.51765543
ISIC_0032751,1.1618638,0.008599931
ISIC_0032766,3.475838,-1.985542
ISIC_0032797,0.21844368,-0.6094735
ISIC_0032807,5.811387,3.188743
ISIC_0032810,0.5694818,0.29461193
ISIC_0032836,1.6734778,3.4246275
ISIC_0032841,-0.22813986,-0.65249413
ISIC_0032844,0.6370916,2.100294
ISIC_0032845,1.2574042,-1.3100483
ISIC_0032847,0.4572833,-0.898554
ISIC_0032856,1.169261,0.23135261
ISIC_0032862,5.495629,1.867375
ISIC_0032869,1.8463905,1.6582698
ISIC_0032870,4.933797,-1.2012148
ISIC_0032875,1.6005243,2.7392051
ISIC_0032887,0.27043664,1.8704828
ISIC_0032888,2.4671073,4.167598
ISIC_0032903,4.393884,1.0541155
ISIC_0032917,1.1202061,-1.8453902
ISIC_0032921,5.2559624,0.25121662
ISIC_0032925,0.3433193,-1.9334415
ISIC_0032981,2.3454711,0.4042662
ISIC_0032982,1.5017978,-0.8821592
ISIC_0032984,3.263782,-1.1971643
ISIC_0033017,3.7868955,1.6044111
ISIC_0033024,0.08073475,0.8166735
ISIC_0033047,1.0856744,-0.9841089
ISIC_0033068,4.745789,-1.0105209
ISIC_0033081,0.5271285,-1.5462519
ISIC_0033103,5.2120914,1.9323646
ISIC_0033120,3.162644,-2.284225
ISIC_0033125,1.4431708,2.543181
ISIC_0033141,0.23301677,-1.0250171
ISIC_0033152,1.338671,-1.8832989
ISIC_0033166,2.8894293,-2.4609895
ISIC_0033171,3.1582887,-2.1307764
ISIC_0033174,0.16399746,-0.8533385
ISIC_0033175,-0.4625303,2.098646
ISIC_0033180,-0.35464486,-0.1662761
ISIC_0033186,2.172028,3.5947375
ISIC_0033193,2.7427201,0.68974835
ISIC_0033196,3.1041458,0.12501103
ISIC_0033216,-0.065853246,0.24881619
ISIC_0033239,-0.31543303,-1.4394623
ISIC_0033241,1.0393255,1.3269176
ISIC_0033268,4.6937833,-2.130205
ISIC_0033275,0.15491086,-1.6331075
ISIC_0033278,-0.35902557,1.0753089
ISIC_0033279,0.22114854,1.8466799
ISIC_0033300,-0.19061305,-1.100412
ISIC_0033302,3.1321783,-0.14894825
ISIC_0033304,-0.18802099,-0.90368694
ISIC_0033312,-0.17002629,1.6833569
ISIC_0033317,2.6040745,-1.2855711
ISIC_0033320,2.1813884,-1.802396
ISIC_0033323,0.49042535,1.3713071
ISIC_0033333,-0.22634909,0.31362236
ISIC_0033336,5.755474,1.9517432
ISIC_0033362,2.8466938,1.0476354
ISIC_0033368,3.3703215,0.3883313
ISIC_0033369,4.731696,-1.116424
ISIC_0033377,5.5220194,1.8817149
ISIC_0033387,1.4060005,-1.7193635
ISIC_0033393,1.2597926,2.8560603
ISIC_0033394,3.465599,-0.11393546
ISIC_0033405,5.8648453,2.1736062
ISIC_0033415,0.43431383,1.7266481
ISIC_0033416,-0.53878677,-0.6516924
ISIC_0033424,0.491142,1.4176192
ISIC_0033429,0.9207874,2.7407837
ISIC_0033432,1.4391694,2.8542798
ISIC_0033444,3.9172492,-1.0634675
ISIC_0033452,-0.37663013,-0.73696035
ISIC_0033469,2.5855365,1.8548406
ISIC_0033470,0.26694965,-0.8520397
ISIC_0033485,-0.4570917,2.0196872
ISIC_0033487,5.776625,2.3921995
ISIC_0033496,-0.015215788,0.92720115
ISIC_0033500,0.17410567,0.2761088
ISIC_0033524,2.3805633,1.4117948
ISIC_0033534,5.253845,1.9482235
ISIC_0033545,0.6484904,-0.28848308
ISIC_0033546,-1.0253197,-0.46782956
ISIC_0033560,-0.0780171,-1.0819031
ISIC_0033568,1.7989321,-0.3392241
ISIC_0033573,0.11180051,1.3507098
ISIC_0033595,2.008934,1.2463689
ISIC_0033603,-0.14522813,0.21994367
ISIC_0033607,2.1900313,-0.49864176
ISIC_0033612,0.34834763,-1.6139916
ISIC_0033619,0.47690865,-0.9611482
ISIC_0033624,2.3955817,3.6934283
ISIC_0033638,2.1601212,-1.7294756
ISIC_0033644,0.005763173,-1.2643632
ISIC_0033651,-0.065169215,-0.9942819
ISIC_0033662,1.3728467,-1.2210172
ISIC_0033687,-0.0560522,-0.5264399
ISIC_0033696,5.4083776,1.9358288
ISIC_0033700,0.30857366,1.6371876
ISIC_0033704,2.0248384,1.3682656
ISIC_0033717,5.415443,0.13100158
ISIC_0033752,0.30995655,1.4284661
ISIC_0033779,3.412935,-1.9568678
ISIC_0033801,2.7134082,4.853491
ISIC_0033802,2.3389213,4.3269215
ISIC_0033804,-0.2359137,0.0041043316
ISIC_0033805,1.9761461,-1.5349466
ISIC_0033813,0.105158426,2.3931103
ISIC_0033819,0.043648362,2.697592
ISIC_0033848,3.392571,-0.52669203
ISIC_0033871,1.6965849,3.10031
ISIC_0033872,4.5602994,-0.19172959
ISIC_0033881,1.0274442,1.0347499
ISIC_0033883,3.4904017,-1.281621
ISIC_0033886,-0.41785148,2.2087855
ISIC_0033893,2.243756,1.6090335
ISIC_0033901,0.38304242,-2.011263
ISIC_0033905,2.233404,0.7731923
ISIC_0033911,1.319053,0.36363137
ISIC_0033925,5.7110486,2.2904432
ISIC_0033938,-0.020942999,-1.173102
ISIC_0033946,4.657505,-1.2266557
ISIC_0033956,0.37920725,0.7064461
ISIC_0033957,1.1104064,2.7936194
ISIC_0033962,-0.33089566,-0.21829166
ISIC_0033968,1.3885969,2.4156587
ISIC_0033975,0.42751473,2.008741
ISIC_0033977,0.9310388,-0.076952
ISIC_0033980,-0.72880906,-0.9328748
ISIC_0033981,1.2728854,0.18357013
ISIC_0033985,-0.28865924,-1.2744398
ISIC_0033995,1.9268428,2.9111464
ISIC_0034002,0.96883136,-0.09775822
ISIC_0034005,7.3675165,-1.495092
ISIC_0034006,5.697907,1.700846
ISIC_0034012,2.1263006,3.7321994
ISIC_0034046,-0.010296176,1.4860147
ISIC_0034048,-0.023398353,-1.0998943
ISIC_0034051,5.6748633,2.0510876
ISIC_0034052,0.26025262,-1.3396004
ISIC_0034061,0.43813804,-1.1472906
ISIC_0034064,4.033841,-1.1398398
ISIC_0034068,2.9677005,0.22675186
ISIC_0034071,0.27153453,1.3419093
ISIC_0034076,2.9352164,0.5090645
ISIC_0034085,-0.1862527,1.6650852
ISIC_0034094,5.9934874,0.24604909
ISIC_0034100,1.7567168,1.7208924
ISIC_0034104,-0.4696619,-0.71354747
ISIC_0034107,1.0846094,-0.04370758
ISIC_0034117,0.41095707,2.0728014
ISIC_0034118,3.8435168,-1.1970556
ISIC_0034120,-0.57410973,0.022591075
ISIC_0034134,5.9264755,3.2244794
ISIC_0034140,0.20043264,1.3528359
ISIC_0034145,3.3905513,0.7064782
ISIC_0034150,1.5422895,2.3807983
ISIC_0034172,1.0284728,2.6331534
ISIC_0034183,1.6939139,3.4625325
ISIC_0034205,3.0623937,-2.4534204
ISIC_0034211,0.051309787,-1.0042598
ISIC_0034222,0.96156585,3.5613275
ISIC_0034233,3.5637248,-0.35372725
ISIC_0034236,2.0594826,2.9641824
ISIC_0034246,4.1068716,-1.8847175
ISIC_0034256,0.21066737,1.2869021
ISIC_0034262,4.9405656,1.9006096
ISIC_0034269,0.27739325,1.2943769
ISIC_0034287,0.79403,-0.9633564
ISIC_0034289,-0.6570695,-1.1375169
ISIC_0034317,1.5448868,-1.3620291
ISIC_0034343,3.3100278,0.04081232
ISIC_0034398,3.0751975,2.0249684
ISIC_0034446,2.0028567,1.7780082
ISIC_0034472,3.2079656,0.66079986
ISIC_0034477,0.47445488,1.8352611
ISIC_0034482,-0.36487165,-0.69368505
ISIC_0034492,0.34406388,1.2595596
ISIC_0034572,-0.06362249,-1.3318557
ISIC_0034605,2.6173048,-1.8733699
ISIC_0034630,0.62640095,-1.3600761
ISIC_0034784,0.122151785,1.1818322
ISIC_0034873,2.2338948,1.1200954
ISIC_0034882,-0.5605842,-0.36862096
ISIC_0034904,2.0642097,0.24291135
ISIC_0034934,6.299009,1.5212686
ISIC_0034971,2.0893557,-0.5513486
ISIC_0035000,1.426893,4.7834034
ISIC_0035021,1.0002974,-0.46481314
ISIC_0035047,3.3880143,1.7026356
ISIC_0035048,0.7166842,1.1109047
ISIC_0035070,1.7346625,4.258462
ISIC_0035089,0.47757068,-1.6074545
ISIC_0035090,-0.5523331,3.6604717
ISIC_0035124,0.29630896,0.099376105
ISIC_0035224,2.3679523,-1.9492415
ISIC_0035263,-0.8710689,2.6143534
ISIC_0035366,1.4156685,3.0449116
ISIC_0035406,-0.19255286,-1.7498724
ISIC_0035420,1.134939,-1.5118033
ISIC_0035459,2.002004,-1.309721
ISIC_0035462,0.7184618,-2.480141
ISIC_0035486,2.7771988,0.0031092044
ISIC_0035636,2.0076988,4.347365
ISIC_0035640,2.976555,-0.29514012
ISIC_0035670,1.4156159,2.5663216
ISIC_0035680,0.33696425,-1.888628
ISIC_0035682,1.206398,0.4314505
ISIC_0035698,0.68140215,1.3326126
ISIC_0035700,1.6132506,-1.5745134
ISIC_0035705,-0.32586935,-0.71495175
ISIC_0035708,3.9267776,-1.1545674
ISIC_0035714,0.35212463,-1.9667419
ISIC_0035719,3.316171,-0.24642664
ISIC_0035732,2.6819518,-1.0818334
ISIC_0035747,-0.0358611,-0.5487933
ISIC_0035764,-0.84561193,4.698859
ISIC_0035766,0.9351316,0.20484579
ISIC_0035767,0.71788794,-1.9260563
ISIC_0035794,3.178513,-1.7017953
ISIC_0035823,1.1941822,0.7305772
ISIC_0035825,4.285674,-2.0942295
ISIC_0035827,0.21917461,3.3780942
ISIC_0035846,0.5417896,0.6764053
ISIC_0035853,1.4656322,2.7868779
ISIC_0035854,0.26709297,0.71510863
ISIC_0035868,-0.16612463,-0.8826169
ISIC_0035889,-0.32178575,-0.019377327
ISIC_0035913,0.512435,0.09250923
ISIC_0035923,5.401409,1.773597
ISIC_0035929,7.4980965,1.9511193
ISIC_0035938,7.519273,-1.0321712
ISIC_0035964,1.7368859,2.8320673
ISIC_0035968,4.1623483,-2.1435645
ISIC_0036005,8.08028,-0.13890968
ISIC_0036012,0.17498763,2.0171485
ISIC_0036034,4.207123,-0.62119555
ISIC_0036051,-0.12529612,0.60722697
ISIC_0036057,2.0567665,2.4475338
ISIC_0036070,-0.6015092,-0.27081314
ISIC_0036073,2.7036867,3.0812016
ISIC_0036075,-0.4742269,0.7869249
ISIC_0036076,2.555587,4.8927894
ISIC_0036078,5.7398806,4.1052227
ISIC_0036079,0.46147668,-0.3457956
ISIC_0036080,0.31251255,0.7214723
ISIC_0036081,3.2870018,2.1001072
ISIC_0036083,0.52630275,1.2987709
ISIC_0036085,3.6299434,0.48867127
ISIC_0036086,4.9985986,0.23474663
ISIC_0036087,-0.8813288,0.04656985
ISIC_0036088,2.5537126,-0.69799536
ISIC_0036089,-0.6388897,-1.0996407
ISIC_0036090,0.53966075,1.3853916
ISIC_0036091,-0.8958656,-0.39214194
ISIC_0036092,3.3243947,0.021557236
ISIC_0036093,0.6349221,2.665732
ISIC_0036094,1.9777775,1.7171975
ISIC_0036095,2.1808803,1.4304587
ISIC_0036096,4.357265,1.1127143
ISIC_0036097,2.5602088,-0.8810994
ISIC_0036098,0.2813435,0.8912409
ISIC_0036099,2.1503634,1.6177973
ISIC_0036101,-0.67919505,1.1475929
ISIC_0036102,0.8248042,1.7500165
ISIC_0036103,3.1234071,-0.089986965
ISIC_0036104,2.5445793,-2.2245212
ISIC_0036105,4.620383,1.0953048
ISIC_0036106,-0.23362762,-0.3507217
ISIC_0036107,4.313231,1.3361115
ISIC_0036108,5.94953,-0.49689025
ISIC_0036109,0.5464972,2.1668534
ISIC_0036110,3.3260508,0.051621325
ISIC_0036111,1.5921704,3.977625
ISIC_0036112,-0.34724125,1.8971988
ISIC_0036113,0.16588151,1.044579
ISIC_0036114,-0.5054472,-1.3109007
ISIC_0036115,3.036216,0.6554372
ISIC_0036116,-0.64529115,-1.4645456
ISIC_0036117,-0.9132868,-0.73824805
ISIC_0036118,0.0008887795,2.3615162
ISIC_0036119,-0.5484495,-1.6591812
ISIC_0036120,0.004657382,-0.30874136
ISIC_0036121,-0.8498541,-0.67143255
ISIC_0036123,6.6748405,1.8829566
ISIC_0036159,1.3608696,3.4440012
ISIC_0036258,0.328186,-0.3446172
ISIC_0036260,1.1839007,1.846367
ISIC_0036263,0.9475267,0.51296115
ISIC_0036264,2.8680274,2.280786
ISIC_0036269,3.3444169,1.4093183
ISIC_0036270,3.477399,2.5638247
ISIC_0036273,1.0053759,1.5360117
ISIC_0036274,1.7103877,2.9515882
ISIC_0036275,-0.8651628,0.58696574
ISIC_0036276,3.557828,1.5694
ISIC_0036278,0.28224918,0.9984331
ISIC_0036279,-0.39952993,-1.0313478
ISIC_0036280,3.1696024,1.0834289
ISIC_0036281,-0.8228907,-0.9912962
ISIC_0036282,0.12534061,1.0587535
ISIC_0036284,0.26384112,1.4231461
ISIC_0036285,2.9492188,2.3824186
ISIC_0036286,3.3964734,1.0823789
ISIC_0036287,-0.34521025,2.1187468
ISIC_0046224,2.3379605,3.4163806
ISIC_0046225,1.7249442,-0.72564995
ISIC_0046242,2.3729782,0.51319337
ISIC_0046305,1.7483265,2.7806554
ISIC_0046315,2.2778988,0.032807272
ISIC_0046322,0.13850184,0.13008292
ISIC_0046323,0.52209413,-0.0025885566
ISIC_0046331,1.7234511,2.8887527
ISIC_0046338,1.9397037,1.531742
ISIC_0046343,-0.6475492,0.36865592
ISIC_0046344,1.7835348,-0.67345273
ISIC_0046345,0.95040745,-1.2848271
ISIC_0046361,2.6380966,1.0443335
ISIC_0046372,3.3219643,0.7021068
ISIC_0046383,3.850704,-0.8757135
ISIC_0046394,6.0663576,1.0058739
ISIC_0046405,0.47991028,-0.25926924
ISIC_0046416,1.653064,-0.70893276
ISIC_0046422,2.9550107,0.015889406
ISIC_0046427,2.0725393,-0.29883713
ISIC_0046438,5.1516566,-1.6769459
ISIC_0046441,3.0864148,-0.13224533
ISIC_0046443,-0.5738769,2.664554
ISIC_0046449,2.0682013,3.5332465
ISIC_0046450,5.9613132,1.1187552
ISIC_0046458,0.20024094,-0.75401807
ISIC_0046471,-0.24760306,0.07829542
ISIC_0046504,3.4174085,-0.71732867
ISIC_0046526,6.688589,1.487274
ISIC_0046548,3.0499635,-0.026401311
ISIC_0046560,4.524052,-2.162113
ISIC_0046571,-0.08068797,0.5966021
ISIC_0046596,2.3239617,-0.29166195
ISIC_0046597,1.1604594,-1.4040006
ISIC_0046609,2.9679747,-0.87424314
ISIC_0046626,4.690439,2.1485994
ISIC_0046628,0.8987373,-1.9867967
ISIC_0046633,-0.8403943,-0.5377862
ISIC_0046639,1.7606457,1.1370213
ISIC_0046640,3.0857284,0.48464438
ISIC_0046645,0.01268381,0.37691343
ISIC_0046647,4.3358603,-0.029516395
ISIC_0046659,5.1921654,-1.8667815
ISIC_0046661,3.3363388,1.7064111
ISIC_0046662,4.7571898,2.1298811
ISIC_0046664,-0.20194119,0.6731169
ISIC_0046667,-0.05826618,-0.0440499
ISIC_0046670,1.2933007,-0.60276383
ISIC_0046671,-0.5072284,0.029943803
ISIC_0046672,3.5374086,4.6049023
ISIC_0046681,1.8079767,-0.21565194
ISIC_0046682,5.508967,2.6458662
ISIC_0046683,1.6448858,-1.3948344
ISIC_0046712,1.3591443,0.41412294
ISIC_0046725,-0.11554685,-0.0107449535
ISIC_0046773,3.2377696,-0.3857479
ISIC_0046820,4.86544,-1.0335158
ISIC_0046827,5.5913563,0.04526332
ISIC_0046828,1.2954596,1.0800812
ISIC_0046834,5.084832,2.1541398
ISIC_0046900,0.0615526,2.0823987
ISIC_0046908,0.97333205,-1.1351317
ISIC_0046917,2.4355018,3.6369808
ISIC_0046921,4.187292,-0.2219732
ISIC_0046932,2.8931923,-1.616466
ISIC_0046983,2.6502125,2.529468
ISIC_0046985,1.4963796,0.7474834
ISIC_0047003,0.00021743577,0.2678689
ISIC_0047004,1.7663698,-0.9864049
ISIC_0047008,-0.13244636,-0.28284335
ISIC_0047022,5.399297,-1.5383186
ISIC_0047024,4.995665,-1.306179
ISIC_0047031,1.4590743,-0.8056035
ISIC_0047033,4.9638214,2.340278
ISIC_0053456,1.3677592,1.2217411
ISIC_0053469,1.8004264,3.1228096
ISIC_0053470,5.7285233,-2.5145216
ISIC_0053471,6.848609,-0.12913805
ISIC_0053473,3.596202,2.640753
ISIC_0053479,8.022429,-1.3182212
ISIC_0053485,1.4727839,1.709293
ISIC_0053489,5.6997538,-2.6353352
ISIC_0053491,4.0330067,3.863295
ISIC_0053492,1.9878085,0.12538803
ISIC_0053495,2.8359575,-1.2918513
ISIC_0053503,5.3562703,1.4194266
ISIC_0053507,-1.8508013,-1.0857362
ISIC_0053508,7.080547,0.37648726
ISIC_0053509,5.641811,2.3388193
ISIC_0053510,4.7701316,3.5895083
ISIC_0053512,7.9201894,2.5020533
ISIC_0053513,1.1572661,2.2840075
ISIC_0053518,2.177049,2.6342707
ISIC_0053520,5.163348,-0.6703666
ISIC_0053525,2.559311,-0.84071976
ISIC_0053531,4.374243,-2.258948
ISIC_0053533,5.276656,-2.165889
ISIC_0053541,6.710245,-0.9884966
ISIC_0053542,-0.7578274,1.3780013
ISIC_0053545,2.8904731,2.421641
ISIC_0053570,4.0098753,3.8470418
ISIC_0053578,1.4264364,-0.43016562
ISIC_0053582,3.297054,-0.26249334
ISIC_0053589,-1.8160102,0.13020773
ISIC_0053594,6.531411,2.0693538
ISIC_0053603,3.801346,-0.011798148
ISIC_0053611,1.0581657,3.0112407
ISIC_0053615,5.466476,2.899835
ISIC_0053617,4.4738545,0.85048604
ISIC_0053620,4.165593,4.638417
ISIC_0053632,4.92789,-1.08065
ISIC_0053659,3.831978,-1.2018087
ISIC_0053660,4.1699185,-2.1037936
ISIC_0053667,5.4175277,-1.4719329
ISIC_0053674,1.9592135,1.1943527
ISIC_0053691,4.3391747,4.8512554
ISIC_0053698,6.523936,1.6531491
ISIC_0053699,5.465723,4.352812
ISIC_0053700,4.1249022,-1.9788601
ISIC_0053723,7.8972497,2.4312937
ISIC_0053725,1.0375849,0.2455646
ISIC_0053734,2.936452,3.469116
ISIC_0053740,4.9044166,-1.9610043
ISIC_0053742,4.7828794,1.0078294
ISIC_0053743,4.7093444,3.7025962
ISIC_0053751,4.216864,-0.7843888
ISIC_0053761,3.7757668,1.8454807
ISIC_0053763,5.334246,0.9676276
ISIC_0053765,0.5939488,3.3030403
ISIC_0053766,5.5707984,-1.3863677
ISIC_0053774,3.1473594,2.6190784
ISIC_0053784,4.851108,1.0944152
ISIC_0053787,3.3911543,-2.3139002
ISIC_0053790,5.8778048,-1.120337
ISIC_0053791,4.7819257,1.3533059
ISIC_0053796,7.5967174,-1.2224004
ISIC_0053801,3.069941,-1.2953622
ISIC_0053810,2.4315856,2.336275
ISIC_0053812,5.713377,4.3128915
ISIC_0053814,6.2685413,2.677147
ISIC_0053816,6.4538097,-1.2599758
ISIC_0053823,0.16482866,2.0844824
ISIC_0053824,5.319917,3.878543
ISIC_0053827,1.477063,-1.9200481
ISIC_0053828,3.2685704,-2.5168562
ISIC_0053829,3.686542,0.17505784
ISIC_0053839,3.6749978,3.5393755
ISIC_0053841,2.6685696,-2.439534
ISIC_0053843,-0.9962788,1.0515602
ISIC_0053846,6.506551,-2.855316
ISIC_0053853,6.697724,-0.15383618
ISIC_0053891,1.4317044,1.1964374
ISIC_0053893,-1.1219331,-1.5109547
ISIC_0053904,5.011215,1.1686854
ISIC_0053909,2.0527396,2.407874
ISIC_0053912,3.2280943,-1.9581141
ISIC_0053916,-1.0571666,1.0091944
ISIC_0053923,3.068206,-1.0475883
ISIC_0053925,0.704596,-1.2981426
ISIC_0053933,7.4204764,1.2261039
ISIC_0053946,7.2113914,-0.47107896
ISIC_0053960,3.861433,-1.7203368
ISIC_0053969,6.7163815,-0.1438837
ISIC_0053971,5.924927,2.7856648
ISIC_0053974,7.8143673,0.24362095
ISIC_0053980,5.743857,-1.4314897
ISIC_0053981,6.584414,-0.9116699
ISIC_0053996,1.6642416,2.5251338
ISIC_0054006,-1.8058417,0.22114143
ISIC_0054015,5.7852488,-0.8773513
ISIC_0054025,2.164837,-2.188089
ISIC_0054032,-0.40921113,0.65059733
ISIC_0054038,-1.3285819,-0.7073527
ISIC_0054043,3.4411592,3.2647612
ISIC_0054048,-0.804048,1.1043077
ISIC_0054053,-1.4419843,-0.12925795
ISIC_0054059,2.8687925,0.06272803
ISIC_0054061,-1.0392295,1.7078687
ISIC_0054062,5.2834144,-1.6685113
ISIC_0054070,5.1010103,-2.09974
ISIC_0054073,5.418119,1.4120321
ISIC_0054078,2.34575,2.5563123
ISIC_0054079,4.2476106,-0.9125512
ISIC_0054080,2.5291915,-0.43474844
ISIC_0054082,6.5268116,-0.79160774
ISIC_0054085,3.0300117,3.0702317
ISIC_0054090,2.4965863,-2.4682903
ISIC_0054103,6.7367344,2.4873245
ISIC_0054106,7.9840784,0.5574676
ISIC_0054110,3.4382734,-1.6651059
ISIC_0054112,2.9081335,-1.4501625
ISIC_0054117,6.922509,-0.7815922
ISIC_0054123,5.967248,1.0615895
ISIC_0054141,7.9268527,-1.4372203
ISIC_0054151,7.5863585,-1.3078947
ISIC_0054159,5.5514393,-1.1808275
ISIC_0054167,1.4493978,1.2638805
ISIC_0054179,5.111428,-1.0149689
ISIC_0054185,2.1904452,-0.51355755
ISIC_0054188,0.0041053616,-0.5790987
ISIC_0054193,7.6641564,-1.4596233
ISIC_0054198,4.173891,-2.8037333
ISIC_0054205,-0.89694524,1.7368416
ISIC_0054213,4.03219,1.0431645
ISIC_0054220,6.441406,-0.36028495
ISIC_0054222,5.2718368,3.6625307
ISIC_0054226,5.3069167,-1.8889297
ISIC_0054229,0.80752826,0.11592891
ISIC_0054233,6.7529488,-0.42711148
ISIC_0054236,4.8548594,-0.9718708
ISIC_0054239,2.634073,-0.27416927
ISIC_0054244,2.185467,2.7485595
ISIC_0054248,3.0875223,3.6180804
ISIC_0054251,4.070095,-1.2000718
ISIC_0054254,2.4748948,-2.0394917
ISIC_0054264,5.396962,3.0295563
ISIC_0054274,3.1156514,1.584282
ISIC_0054284,3.0804172,-2.721115
ISIC_0054287,-0.80966914,-0.08641735
ISIC_0054292,1.9574641,-0.81178224
ISIC_0054296,3.7935884,3.56575
ISIC_0054312,2.0185258,-0.681027
ISIC_0054314,7.1940985,-0.55114114
ISIC_0054317,5.883055,1.8796742
ISIC_0054334,6.8561764,0.37631193
ISIC_0054337,0.8935493,1.2473117
ISIC_0054351,4.5219846,1.2596025
ISIC_0054355,7.312716,-0.8681235
ISIC_0054364,3.3908901,-1.6632415
ISIC_0054366,3.438497,-2.4052835
ISIC_0054371,-0.0674338,2.027907
ISIC_0054377,3.328552,1.9194028
ISIC_0054379,7.9718423,0.5026554
ISIC_0054384,3.9090095,1.6308119
ISIC_0054391,3.2842278,-2.6983213
ISIC_0054399,4.8795524,-0.12729478
ISIC_0054410,3.9463701,-0.43210715
ISIC_0054412,5.086254,-0.94420505
ISIC_0054416,4.0606604,3.576496
ISIC_0054430,-0.7200521,0.8223122
ISIC_0054444,1.7686923,-1.6637943
ISIC_0054445,6.470009,-1.6868614
ISIC_0054458,0.70054036,2.6355407
ISIC_0054459,2.5732584,2.7750778
ISIC_0054462,3.688357,2.4484499
ISIC_0054464,6.1008606,-0.92459553
ISIC_0054465,4.194767,2.8011088
ISIC_0054497,-0.89258605,1.5918998
ISIC_0054501,7.1915116,0.9095972
ISIC_0054506,-1.8059825,-0.3351251
ISIC_0054512,6.820902,-1.2737441
ISIC_0054516,0.336134,-1.9720798
ISIC_0054520,4.0985556,0.17825219
ISIC_0054523,7.412615,-0.44643742
ISIC_0054528,0.6060654,0.519767
ISIC_0054544,7.0218635,0.43142924
ISIC_0054548,5.622038,-2.465603
ISIC_0054563,-1.3772578,-0.55156255
ISIC_0054568,2.1495857,0.18799144
ISIC_0054574,4.4989214,-1.1535419
ISIC_0054599,5.6780977,2.241995
ISIC_0054612,5.073515,-0.85687834
ISIC_0054618,2.8670852,-1.0602665
ISIC_0054624,3.3389254,0.051335406
ISIC_0054625,4.4381742,-2.700837
ISIC_0054629,4.2156835,-1.6487828
ISIC_0054637,3.9874127,-1.0555068
ISIC_0054651,-1.5815896,0.2413659
ISIC_0054661,6.4102077,2.18928
ISIC_0054663,3.6830988,-1.2144603
ISIC_0054670,5.5648065,-0.46690914
ISIC_0054671,2.9119227,3.832612
ISIC_0054673,2.5942595,-1.1443913
ISIC_0054677,-1.9834778,0.63123083
ISIC_0054694,4.1953177,1.8128906
ISIC_0054705,1.9157671,-0.78242016
ISIC_0054725,3.9053967,-2.309402
ISIC_0054728,-0.28212842,0.66072744
ISIC_0054734,7.2463923,-0.41720745
ISIC_0054744,0.7274893,-1.084945
ISIC_0054747,0.79997206,-0.43912092
ISIC_0054748,2.7899015,-1.9604621
ISIC_0054756,3.4215372,2.518439
ISIC_0054760,4.8524194,-0.47733566
ISIC_0054763,7.025374,1.0948393
ISIC_0054765,5.835445,0.6492626
ISIC_0054767,0.7241587,-0.36858723
ISIC_0054770,6.410324,-0.46157923
ISIC_0054777,0.5040345,2.2218199
ISIC_0054787,-0.6035696,-0.6554878
ISIC_0054793,4.228441,3.934379
ISIC_0054802,7.024693,1.0836049
ISIC_0054819,3.9690733,2.9133887
ISIC_0054821,1.8025765,-0.9490624
ISIC_0054825,4.967078,-0.06327657
ISIC_0054827,7.4414773,-1.5245614
ISIC_0054842,4.349726,1.6639093
ISIC_0054844,5.3925605,-0.18719669
ISIC_0054848,0.6111162,-1.8680785
ISIC_0054851,0.7682445,0.64397824
ISIC_0054852,2.649278,3.1580129
ISIC_0054853,3.8077314,4.4000883
ISIC_0054874,3.810697,3.3036416
ISIC_0054889,7.439033,-1.1560159
ISIC_0054892,2.6547966,-1.4803479
ISIC_0054894,5.1091676,-0.7167419
ISIC_0054902,7.603021,2.3235133
ISIC_0054904,6.4030213,0.31111732
ISIC_0054906,4.820675,-1.4536123
ISIC_0054912,7.4873996,1.3942746
ISIC_0054914,-1.2335074,0.32366374
ISIC_0054919,5.61126,2.7371268
ISIC_0054936,-0.76271236,1.4918314
ISIC_0054941,2.6550443,-1.9489248
ISIC_0054961,6.9169316,0.22668307
ISIC_0054963,1.1708667,3.1830971
ISIC_0054969,-1.1952817,1.4409939
ISIC_0054970,8.037056,0.57500964
ISIC_0054971,0.4622848,-0.3188091
ISIC_0054973,2.8139174,-2.2222402
ISIC_0054974,1.2442333,2.5825114
ISIC_0054976,3.4221158,3.6341846
ISIC_0054979,6.956699,0.33719984
ISIC_0054982,4.889712,3.2343047
ISIC_0054988,2.742876,-0.7248245
ISIC_0054995,4.6348104,-1.7796329
ISIC_0055001,5.5824404,-1.8561642
ISIC_0055002,6.2129745,-1.1554509
ISIC_0055022,-1.536894,0.7747699
ISIC_0055024,-0.9738107,0.17510091
ISIC_0055031,2.3929255,-3.4196532
ISIC_0055039,1.7848698,1.055266
ISIC_0055048,7.4691653,-0.69181836
ISIC_0055051,2.8327339,2.8857582
ISIC_0055052,3.2130969,0.75459296
ISIC_0055054,1.8684074,-0.78575045
ISIC_0055056,5.2293663,-0.8370152
ISIC_0055062,4.3337574,0.6510416
ISIC_0055074,5.1389837,-1.2555209
ISIC_0055079,2.0405028,2.0528483
ISIC_0055081,5.025023,-2.239562
ISIC_0055086,1.958988,0.27143738
ISIC_0055087,4.0001793,2.5358362
ISIC_0055091,3.99352,2.0981076
ISIC_0055110,6.584847,0.43128192
ISIC_0055136,4.446589,4.95659
ISIC_0055141,4.228688,-2.348392
ISIC_0055143,3.6551015,-0.3160936
ISIC_0055147,6.1160307,0.7042486
ISIC_0055156,3.1724794,-0.5820851
ISIC_0055161,6.834807,-0.8963401
ISIC_0055167,4.113363,-2.8206007
ISIC_0055175,4.497489,-1.9654765
ISIC_0055179,5.4620657,-1.4941202
ISIC_0055181,4.026114,4.3230023
ISIC_0055191,-1.8663065,-1.0493828
ISIC_0055193,1.5658302,-1.6900423
ISIC_0055202,-1.2995614,-0.89699006
ISIC_0055205,3.1837633,2.7054338
ISIC_0055208,2.330289,2.5062191
ISIC_0055226,7.8040347,-1.2642107
ISIC_0055227,5.3670425,-1.0047262
ISIC_0055236,7.1450095,1.2452095
ISIC_0055241,3.016879,3.421332
ISIC_0055246,3.5069306,-0.20896561
ISIC_0055249,5.383423,-2.4258258
ISIC_0055264,2.375747,-0.29924732
ISIC_0055265,5.9593844,2.1885467
ISIC_0055268,7.397996,2.404053
ISIC_0055276,1.2073679,3.350172
ISIC_0055282,-1.6560025,-0.9241648
ISIC_0055289,1.2630684,0.12851427
ISIC_0055293,5.582641,1.9258147
ISIC_0055295,7.1906586,-0.15579018
ISIC_0055297,0.9689214,-1.2884289
ISIC_0055298,6.5949697,-0.3561369
ISIC_0055309,6.2812753,-2.9022934
ISIC_0055311,-0.9312521,-0.5747898
ISIC_0055314,7.590942,0.30171576
ISIC_0055318,4.5375147,4.7921944
ISIC_0055337,3.9583735,4.3637185
ISIC_0055340,3.6031587,-2.4690983
ISIC_0055344,3.2833288,-1.2155154
ISIC_0055355,4.6574383,-0.41831344
ISIC_0055359,1.4902047,1.8933625
ISIC_0055362,2.4605355,-2.456448
ISIC_0055363,7.261803,-0.39269638
ISIC_0055367,-0.82067776,2.2469957
ISIC_0055380,5.0785546,-1.0698651
ISIC_0055393,5.4889936,-1.0879797
ISIC_0055398,7.648655,0.3764231
ISIC_0055412,5.461727,2.0626402
ISIC_0055417,4.9107733,-0.98993725
ISIC_0055419,-1.7857953,-0.8599492
ISIC_0055421,6.751768,-0.19070764
ISIC_0055425,6.6575966,-0.14379412
ISIC_0055438,2.18507,-1.4311925
ISIC_0055440,-1.2813883,-0.50199336
ISIC_0055445,3.741119,2.8454983
ISIC_0055451,-1.2271298,-0.73944837
ISIC_0055453,4.896537,4.1980014
ISIC_0055454,4.6568546,-0.93404
ISIC_0055462,4.7298064,-1.3353865
ISIC_0055464,5.3060284,-1.7363998
ISIC_0055465,5.7310476,-0.2295075
ISIC_0055467,4.736979,4.3008738
ISIC_0055474,2.057381,-1.771833
ISIC_0055492,5.5871763,-0.34997892
ISIC_0055496,1.600707,0.78855836
ISIC_0055500,5.5449047,2.9320085
ISIC_0055503,0.7824144,2.066485
ISIC_0055511,-1.2772928,1.3420693
ISIC_0055513,5.0530176,-1.6001556
ISIC_0055517,5.5407095,-2.6225054
ISIC_0055518,-0.4108243,-0.03663291
ISIC_0055519,3.520115,3.3074212
ISIC_0055525,2.8656754,2.073688
ISIC_0055527,6.806383,0.1534388
ISIC_0055528,-1.3842081,2.0158389
ISIC_0055543,4.0381913,2.3066833
ISIC_0055546,3.2652812,2.0370784
ISIC_0055550,2.6832647,-1.0404906
ISIC_0055562,3.0643072,4.067907
ISIC_0055570,4.1957655,4.6196213
ISIC_0055572,6.8428726,1.9336374
ISIC_0055582,-1.762721,0.4038244
ISIC_0055613,5.4030247,3.9544885
ISIC_0055616,6.2592063,1.5041405
ISIC_0055618,6.313715,1.718619
ISIC_0055622,5.425755,-0.87808055
ISIC_0055623,4.915501,-1.6908903
ISIC_0055624,4.4120755,-0.33746386
ISIC_0055631,7.0802417,0.9448929
ISIC_0055643,7.3632493,-1.5410734
ISIC_0055659,2.4578063,3.6301315
ISIC_0055665,5.573084,-2.6268365
ISIC_0055680,0.47327837,2.4469068
ISIC_0055684,2.402665,3.32972
ISIC_0055688,-0.566295,0.13408561
ISIC_0055690,3.5028143,3.0958488
ISIC_0055699,3.613508,3.8156526
ISIC_0055701,5.0714474,-1.8554761
ISIC_0055707,7.41885,-0.91345644
ISIC_0055709,5.372636,-0.17555398
ISIC_0055714,-1.6482309,-0.49953878
ISIC_0055720,-0.8498485,1.6063864
ISIC_0055733,-0.98567426,1.6977578
ISIC_0055742,4.692533,-2.1066067
ISIC_0055743,-1.422725,1.571852
ISIC_0055756,-1.6548334,-0.43427038
ISIC_0055759,7.917988,-1.0395325
ISIC_0055764,5.556913,0.5669213
ISIC_0055767,6.9095716,0.06460372
ISIC_0055771,5.4415555,-1.0679113
ISIC_0055776,6.046946,-0.22466157
ISIC_0055780,3.0820339,4.139324
ISIC_0055781,0.93553233,-0.43651593
ISIC_0055783,1.863662,-0.9145308
ISIC_0055788,3.3325849,-2.2016437
ISIC_0055789,8.1251545,0.619447
ISIC_0055796,3.4634776,3.2130122
ISIC_0055797,2.65819,3.1065574
ISIC_0055799,4.125909,4.743678
ISIC_0055802,4.2942057,2.7510602
ISIC_0055818,3.8006887,-0.316316
ISIC_0055820,2.8895967,3.6700518
ISIC_0055821,1.4361123,-0.4787476
ISIC_0055825,4.3078737,2.61475
ISIC_0055828,4.179984,3.016668
ISIC_0055832,4.212772,4.10742
ISIC_0055840,8.000564,-1.3460222
ISIC_0055841,4.246764,-0.51396704
ISIC_0055854,6.6173444,-0.1578696
ISIC_0055859,7.624882,0.21283762
ISIC_0055862,3.9270868,4.299678
ISIC_0055871,3.376945,-2.2923355
ISIC_0055876,2.8003042,-1.5563942
ISIC_0055887,2.5713832,-2.1949844
ISIC_0055892,4.910494,-1.0422107
ISIC_0055896,6.187105,2.5547428
ISIC_0055899,5.7633123,2.1270287
ISIC_0055900,8.043433,0.52571315
ISIC_0055905,0.60677373,-1.036847
ISIC_0055907,4.168056,4.0919437
ISIC_0055911,-0.5636163,-0.49130538
ISIC_0055930,4.8465633,3.2359798
ISIC_0055931,-1.5445749,0.31833166
ISIC_0055937,7.33149,0.5729891
ISIC_0055938,6.0742955,-0.9685841
ISIC_0055953,4.7398295,-0.06708615
ISIC_0055954,5.072503,-1.7602777
ISIC_0055960,3.9574485,2.0986795
ISIC_0055967,4.4970827,-2.39642
ISIC_0055984,2.543715,2.3000133
ISIC_0055999,6.7602296,-2.4104424
ISIC_0056001,7.277267,0.79935026
ISIC_0056007,-0.6604171,-0.30849355
ISIC_0056017,0.34038752,-0.3889329
ISIC_0056019,3.9628806,4.1748595
ISIC_0056036,4.7029233,-0.93898994
ISIC_0056041,-1.9480904,-0.048346188
ISIC_0056044,-0.37395242,0.4646755
ISIC_0056047,0.5826939,-1.0619726
ISIC_0056050,1.590908,-1.6895616
ISIC_0056051,3.6324255,-1.610985
ISIC_0056061,2.2355685,0.103878304
ISIC_0056063,1.4252571,2.8048828
ISIC_0056079,6.6293273,-1.4449255
ISIC_0056089,2.0116043,0.054116502
ISIC_0056092,-1.1899625,-1.2656109
ISIC_0056105,2.817877,-0.5893234
ISIC_0056113,1.9045984,2.6264474
ISIC_0056118,5.331818,-2.605657
ISIC_0056130,6.8253794,0.22210912
ISIC_0056133,4.8803887,0.0039396994
ISIC_0056136,2.0911927,1.8045595
ISIC_0056138,5.5593553,-1.73132
ISIC_0056141,3.8469079,-1.1338744
ISIC_0056145,4.6037645,-0.42758885
ISIC_0056152,-0.5817581,-0.6685686
ISIC_0056156,1.5465193,-0.33088538
ISIC_0056167,5.2034817,-2.2828345
ISIC_0056170,1.575321,-1.3054664
ISIC_0056181,4.446198,-0.17278135
ISIC_0056185,2.905604,2.9752324
ISIC_0056186,3.827405,4.355797
ISIC_0056190,5.7608223,-2.5080924
ISIC_0056192,3.7849138,2.485975
ISIC_0056201,7.6720757,0.021835988
ISIC_0056202,4.3296084,3.4454873
ISIC_0056210,4.3118067,4.0481877
ISIC_0056214,5.130328,2.7612848
ISIC_0056217,4.7243524,2.7270532
ISIC_0056221,4.9922066,-0.22048822
ISIC_0056225,2.4956033,-1.0284855
ISIC_0056228,4.2654314,-2.409021
ISIC_0056232,1.0571054,-0.4280078
ISIC_0056247,0.86282647,1.9434958
ISIC_0056261,4.324246,-1.9486557
ISIC_0056263,6.576563,-1.3682195
ISIC_0056269,-1.4787567,1.1182758
ISIC_0056271,5.423148,1.2366943
ISIC_0056283,4.1402984,4.9265003
ISIC_0056292,1.9950789,2.2465217
ISIC_0056298,3.3112266,4.0820045
ISIC_0056309,5.810504,2.1033003
ISIC_0056319,2.8662379,-2.691525
ISIC_0056330,6.904572,1.2121319
ISIC_0056337,5.0931835,-0.74232537
ISIC_0056345,5.2781634,-0.8720712
ISIC_0056347,4.409666,2.36283
ISIC_0056364,-1.8730747,0.053948402
ISIC_0056382,5.225135,3.0593963
ISIC_0056389,2.7002664,1.0136925
ISIC_0056392,6.8265033,0.05999203
ISIC_0056401,7.029681,0.54807776
ISIC_0056403,5.5281816,2.0461009
ISIC_0056413,1.3201946,0.6566646
ISIC_0056415,-1.6797817,-0.65661395
ISIC_0056422,-0.50464827,1.5971621
ISIC_0056425,-0.4466966,-0.6632554
ISIC_0056428,4.2446995,3.5633419
ISIC_0056446,3.079275,0.13716562
ISIC_0056447,3.7669392,-2.4927227
ISIC_0056448,4.1208553,-2.4270065
ISIC_0056449,6.0084276,2.5557425
ISIC_0056454,4.938578,-2.2803123
ISIC_0056479,5.5688076,3.0038314
ISIC_0056481,2.831432,2.9595437
ISIC_0056483,0.9135459,-0.3381542
ISIC_0056487,2.6603768,-2.160194
ISIC_0056501,1.3923942,3.2947924
ISIC_0056511,2.9141045,-2.2604446
ISIC_0056525,2.463089,2.469533
ISIC_0056527,6.6758194,1.2134218
ISIC_0056531,3.890867,-1.8445781
ISIC_0056546,2.651745,-0.120559424
ISIC_0056551,6.714313,-2.4344943
ISIC_0056554,-0.021177135,1.693671
ISIC_0056572,4.666526,0.8828858
ISIC_0056573,4.490215,3.3694367
ISIC_0056601,3.6471004,-1.2917316
ISIC_0056604,4.8077636,2.2939653
ISIC_0056612,4.215428,4.107085
ISIC_0056614,5.5031385,-2.117088
ISIC_0056625,-1.5067888,1.6983981
ISIC_0056626,3.8420632,3.2402637
ISIC_0056632,4.071481,1.5640243
ISIC_0056644,1.5848076,2.8338308
ISIC_0056652,3.7732415,-0.90280706
ISIC_0056655,-0.89205843,-0.36718112
ISIC_0056659,5.761095,-1.4289205
ISIC_0056660,5.3744516,1.0028903
ISIC_0056676,8.086903,-0.46575773
ISIC_0056677,0.9724798,-0.11357686
ISIC_0056680,6.484605,2.57388
ISIC_0056683,-0.6367578,0.8060886
ISIC_0056684,7.203502,-0.6229529
ISIC_0056688,6.3880777,2.246954
ISIC_0056692,6.29514,2.7914288
ISIC_0056710,2.065264,3.2158852
ISIC_0056717,6.338779,-0.18727817
ISIC_0056719,6.2083983,1.2620722
ISIC_0056723,3.8499277,4.482685
ISIC_0056725,4.684894,-1.2577701
ISIC_0056728,5.816156,4.240739
ISIC_0056729,5.6575456,-2.0453832
ISIC_0056739,-1.0103099,0.20958593
ISIC_0056740,4.4005437,4.236402
ISIC_0056749,1.5729476,-0.7388032
ISIC_0056750,2.9343448,2.9546416
ISIC_0056751,5.8292413,-2.2735953
ISIC_0056753,7.2770844,-0.4799351
ISIC_0056770,1.3950248,0.22211657
ISIC_0056788,4.687192,-1.5655783
ISIC_0056790,1.915661,-2.4408236
ISIC_0056796,1.3828954,3.2249496
ISIC_0056800,7.107698,0.9533767
ISIC_0056806,5.3984604,-2.2640734
ISIC_0056814,-0.3675752,-0.11268655
ISIC_0056816,4.3891354,4.8747797
ISIC_0056817,-1.539242,1.0999225
ISIC_0056819,0.8629249,-0.04627734
ISIC_0056820,-0.8991179,-1.2647383
ISIC_0056844,5.2329535,-1.7267334
ISIC_0056848,5.6114016,-1.7986866
ISIC_0056849,5.83916,1.9827545
ISIC_0056851,5.478871,3.5113032
ISIC_0056860,7.4764643,-0.69415313
ISIC_0056863,1.694884,-1.0808059
ISIC_0056871,7.3304043,-0.4271716
ISIC_0056876,4.596937,1.3003101
ISIC_0056893,5.1244755,-0.7539985
ISIC_0056900,4.150439,2.535723
ISIC_0056901,-1.1003609,1.8640577
ISIC_0056902,-1.8829994,0.39873862
ISIC_0056915,6.4666142,-1.4013269
ISIC_0056921,1.8108633,2.7992356
ISIC_0056926,4.1860313,-0.4514746
ISIC_0056938,0.990989,0.33188927
ISIC_0056940,2.5138898,-2.5473065
ISIC_0056957,7.5041003,-0.59768504
ISIC_0056967,4.289974,4.4541197
ISIC_0056974,7.48365,-1.4951324
ISIC_0056981,4.4590106,-1.0642222
ISIC_0056984,-1.6181638,-0.49612674
ISIC_0056988,5.972241,-0.3730136
ISIC_0056991,3.2066798,-1.397924
ISIC_0057001,-1.5552442,-0.4411507
ISIC_0057003,2.2679143,2.5548255
ISIC_0057015,1.5561782,-0.834879
ISIC_0057016,3.7724004,-2.2121184
ISIC_0057019,2.9374905,0.69737935
ISIC_0057023,-1.3079789,-1.3757751
ISIC_0057025,5.462795,-1.0687904
ISIC_0057027,7.1990275,-0.29024786
ISIC_0057033,2.2025077,-0.93155783
ISIC_0057044,4.999563,2.985481
ISIC_0057045,2.6431046,3.7923968
ISIC_0057048,3.5892622,2.5796733
ISIC_0057067,7.3891106,1.51837
ISIC_0057083,5.3710833,1.0285065
ISIC_0057089,1.4923974,2.4308825
ISIC_0057113,7.3467355,-0.6214458
ISIC_0057141,0.19347753,0.036961425
ISIC_0057147,-0.73361677,2.1337953
ISIC_0057148,0.9248741,2.271397
ISIC_0057152,3.8924313,-1.1805222
ISIC_0057154,4.608072,3.8652158
ISIC_0057155,5.5157924,0.92061776
ISIC_0057164,6.5987344,0.19636196
ISIC_0057169,1.2400378,-1.8342359
ISIC_0057171,6.256733,0.6251988
ISIC_0057172,4.777339,2.8449996
ISIC_0057188,0.8489587,2.5010457
ISIC_0057192,0.5094586,0.54337406
ISIC_0057199,3.467791,3.1886137
ISIC_0057204,3.3718705,-2.4586575
ISIC_0057211,6.2782917,3.8786733
ISIC_0057234,4.1303377,-1.6500006
ISIC_0057235,3.888468,-2.1968346
ISIC_0057244,1.3175172,-1.4235543
ISIC_0057252,5.717202,-2.0733416
ISIC_0057257,4.8666286,1.2617269
ISIC_0057286,4.021466,4.4157734
ISIC_0057302,6.577199,-1.5962744
ISIC_0057306,4.546504,-2.2064784
ISIC_0057307,1.7847924,-1.7402158
ISIC_0057313,5.6307864,2.0370662
ISIC_0057315,-1.5064484,1.043216
ISIC_0057317,5.1169367,0.05501468
ISIC_0057323,4.6245213,-1.2065268
ISIC_0057324,6.461485,3.4563048
ISIC_0057328,6.1339254,-0.58606535
ISIC_0057331,7.9908986,0.64591956
ISIC_0057338,3.7726166,2.579568
ISIC_0057344,0.19426958,2.4325075
ISIC_0057360,2.881939,2.66594
ISIC_0057362,4.324918,-2.1506836
ISIC_0057370,4.801671,-1.7015872
ISIC_0057371,0.36279333,3.0968127
ISIC_0057374,-1.8383005,-0.64477384
ISIC_0057390,5.0336514,-2.0749216
ISIC_0057395,0.56347626,-0.38322982
ISIC_0057397,1.4572664,2.0513377
ISIC_0057406,5.831976,2.2810557
ISIC_0057408,4.522833,-1.0757357
ISIC_0057412,6.3766627,-2.9288049
ISIC_0057417,4.7154365,2.792598
ISIC_0057436,4.168735,-1.4550393
ISIC_0057450,7.229463,1.3152822
ISIC_0057457,4.441648,1.8272488
ISIC_0057462,3.6876152,-1.3220836
ISIC_0057465,2.2301648,-2.354645
ISIC_0057482,2.5614605,-2.5120032
ISIC_0057496,1.4090073,-0.79338866
ISIC_0057518,6.165863,-0.15547204
ISIC_0057531,-0.9602588,-0.5518419
ISIC_0057534,2.0179708,0.22904836
ISIC_0057535,4.6918416,-0.70124835
ISIC_0057539,-1.098444,0.8821881
ISIC_0057545,4.075521,3.98693
ISIC_0057548,2.408127,2.5202801
ISIC_0057554,-0.82185143,1.7404068
ISIC_0057556,2.0519354,-0.4572454
ISIC_0057557,0.27691832,2.5835166
ISIC_0057558,-1.3540381,1.457029
ISIC_0057559,1.7314509,3.6080773
ISIC_0057577,1.132914,2.8749259
ISIC_0057591,3.5856946,3.22568
ISIC_0057593,2.3279548,-1.4767778
ISIC_0057594,5.238408,0.23343033
ISIC_0057609,-0.9183946,0.16161434
ISIC_0057611,4.9084105,-0.6411335
ISIC_0057615,5.001909,4.276841
ISIC_0057617,5.4906797,-0.020626657
ISIC_0057619,2.3645678,2.4454703
ISIC_0057621,7.6494327,2.4749
ISIC_0057634,5.4700193,1.701217
ISIC_0057656,3.1146088,3.2117116
ISIC_0057661,7.0123043,0.42113468
ISIC_0057668,5.9838934,2.6501224
ISIC_0057672,6.889697,0.39500967
ISIC_0057685,7.0157557,1.9819626
ISIC_0057687,4.959252,2.17029
ISIC_0057700,1.8498069,0.527757
ISIC_0057702,3.1056075,-1.950019
ISIC_0057716,1.9966037,-2.0733898
ISIC_0057725,6.6154866,1.8417186
ISIC_0057731,-0.41925442,0.011142534
ISIC_0057734,3.0349038,2.8808763
ISIC_0057736,2.853997,4.1830573
ISIC_0057744,5.306771,3.6600738
ISIC_0057747,5.6284842,-2.5175261
ISIC_0057753,2.1751115,-2.1634133
ISIC_0057759,5.4732428,-0.191275
ISIC_0057762,2.1711938,-0.92500275
ISIC_0057769,-0.3950054,-0.3907425
ISIC_0057771,5.8901553,2.3808947
ISIC_0057782,2.2387621,-0.9853889
ISIC_0057783,1.7815096,0.28117082
ISIC_0057787,2.0576518,-0.5054353
ISIC_0057791,5.417682,3.722956
ISIC_0057808,5.0066047,-2.3953278
ISIC_0057815,1.943225,2.3653884
ISIC_0057821,7.498438,1.3636187
ISIC_0057828,5.2055364,3.9871988
ISIC_0057838,6.8958507,0.27743453
ISIC_0057841,2.3367605,0.0049896487
ISIC_0057844,6.176692,0.31230167
ISIC_0057848,5.555931,-0.07505829
ISIC_0057851,6.5450864,-0.2089734
ISIC_0057864,0.051722422,-1.785239
ISIC_0057870,3.3442779,3.1653953
ISIC_0057881,6.7754254,2.5901732
ISIC_0057891,6.4271364,-1.8177115
ISIC_0057898,-1.6791186,-0.7243044
ISIC_0057900,1.8350114,2.423336
ISIC_0057913,6.7540097,0.92346966
ISIC_0057914,3.5869396,-2.435954
ISIC_0057921,-1.7027901,-0.8369095
ISIC_0057936,3.3640628,2.9590127
ISIC_0057938,5.0528836,-0.91920346
ISIC_0057939,6.4779344,-0.13169561
ISIC_0057947,7.9825673,2.3410916
ISIC_0057949,5.3406677,0.3490052
ISIC_0057953,3.1598797,2.5330014
ISIC_0057960,-1.3288829,-1.0062215
ISIC_0057968,4.040524,-0.8770797
ISIC_0057973,3.0249376,2.7386694
ISIC_0057974,4.9731855,4.1098213
ISIC_0057976,7.5430293,-1.3765787
ISIC_0057978,0.21955855,0.7792728
ISIC_0057980,5.443697,1.6824244
ISIC_0057996,5.4353333,0.45160067
ISIC_0057999,2.3805463,-0.48820472
ISIC_0058000,5.711302,-2.3445508
ISIC_0058003,6.834312,2.6793363
ISIC_0058007,4.7341266,-1.5083627
ISIC_0058010,1.8589243,0.43898636
ISIC_0058015,4.78537,-0.46393403
ISIC_0058016,5.641124,-0.0682127
ISIC_0058021,7.6547318,0.27035794
ISIC_0058024,1.369977,3.103108
ISIC_0058028,6.7613072,1.8812761
ISIC_0058033,4.017274,4.059761
ISIC_0058040,2.8915687,-1.7805858
ISIC_0058046,-1.4749925,-1.0882988
ISIC_0058047,4.7945337,1.09831
ISIC_0058050,1.9529068,-0.32076952
ISIC_0058059,3.198647,1.8840723
ISIC_0058075,-0.9630684,1.5227642
ISIC_0058081,4.0371175,-1.24028
ISIC_0058096,6.813779,-0.13928619
ISIC_0058097,6.0759187,0.07465135
ISIC_0058098,5.94111,2.2109954
ISIC_0058115,5.071618,-0.30716884
ISIC_0058118,4.8425474,-1.3298236
ISIC_0058125,-1.3115019,1.1145175
ISIC_0058126,8.111808,0.5811481
ISIC_0058127,2.296399,1.074465
ISIC_0058135,4.0488815,-1.9766774
ISIC_0058136,5.270299,-2.5699565
ISIC_0058138,1.0806774,1.7288713
ISIC_0058151,0.45654306,0.455906
ISIC_0058154,1.9944996,2.4023716
ISIC_0058164,5.829891,-2.2367003
ISIC_0058168,0.9319132,3.0908585
ISIC_0058170,4.609097,0.17330462
ISIC_0058173,5.734043,-1.9101292
ISIC_0058176,3.097268,4.2645097
ISIC_0058181,2.7642756,3.3168385
ISIC_0058204,3.2120817,1.6145889
ISIC_0058206,1.1278776,0.9743327
ISIC_0058214,5.2575917,-1.097117
ISIC_0058218,4.4777446,-1.4712
ISIC_0058229,-0.92094725,-1.3214164
ISIC_0058237,3.7279668,4.3789206
ISIC_0058245,3.6548128,3.9103742
ISIC_0058249,4.3511376,-1.37852
ISIC_0058255,0.17031711,2.287067
ISIC_0058270,4.2821674,3.9995651
ISIC_0058281,4.384204,4.619282
ISIC_0058282,-1.072353,-1.4486982
ISIC_0058284,6.7980685,0.6069712
ISIC_0058285,3.297345,4.348481
ISIC_0058298,2.8459196,2.8063667
ISIC_0058301,5.4032617,-0.4237092
ISIC_0058307,5.532567,-2.1461163
ISIC_0058308,-1.6382222,-0.041324865
ISIC_0058315,8.002337,1.8428274
ISIC_0058319,7.508839,-0.74159294
ISIC_0058321,2.3483074,0.048195913
ISIC_0058331,1.6902515,0.3662321
ISIC_0058332,1.5138447,2.0947607
ISIC_0058334,6.8318424,-1.0516094
ISIC_0058341,3.0695746,-1.413759
ISIC_0058344,5.1530495,-2.0543826
ISIC_0058346,-1.1267189,-0.73315233
ISIC_0058354,1.7903831,-0.90779924
ISIC_0058368,6.7008467,2.0241632
ISIC_0058376,6.672278,0.32375693
ISIC_0058383,3.9938557,4.470473
ISIC_0058391,3.9271984,3.0070217
ISIC_0058399,2.4831164,-2.0813267
ISIC_0058407,4.804311,-0.87392545
ISIC_0058408,-1.6633832,-0.70199484
ISIC_0058418,2.052251,0.087325
ISIC_0058425,3.3936522,4.1885767
ISIC_0058426,3.1677246,-0.88572085
ISIC_0058428,3.3008971,-1.0004436
ISIC_0058432,0.5865602,3.3837202
ISIC_0058439,4.00164,-1.931111
ISIC_0058457,7.288071,1.0936847
ISIC_0058458,5.300196,1.9133965
ISIC_0058475,2.5107863,-2.0072865
ISIC_0058492,4.27823,3.777181
ISIC_0058496,-1.1070251,0.5239014
ISIC_0058501,2.0745394,4.249
ISIC_0058503,5.2876763,0.52678496
ISIC_0058504,2.6486082,-1.4623191
ISIC_0058508,5.2446556,2.0275826
ISIC_0058513,6.7430873,-0.12530492
ISIC_0058526,3.5511246,-0.4782882
ISIC_0058528,3.9787676,4.29375
ISIC_0058544,3.8927553,-1.3539479
ISIC_0058548,4.1667643,2.5229974
ISIC_0058550,1.0325162,3.5480385
ISIC_0058559,7.3475437,0.13739167
ISIC_0058569,3.595252,4.315793
ISIC_0058577,4.3834243,-1.7400091
ISIC_0058580,1.1076714,0.5252246
ISIC_0058597,-1.9318138,-0.6095547
ISIC_0058599,4.189198,4.01325
ISIC_0058607,-0.5505821,-0.0045412136
ISIC_0058612,3.378953,2.4144597
ISIC_0058617,3.6659465,-1.1075107
ISIC_0058621,5.5109596,1.9325207
ISIC_0058625,-0.688411,-0.67270184
ISIC_0058629,7.2943153,0.89734143
ISIC_0058630,7.6535144,-1.4438913
ISIC_0058643,5.8082747,-2.0616617
ISIC_0058645,1.6302456,-0.8278696
ISIC_0058648,6.4187284,2.2936738
ISIC_0058649,4.0154815,3.8246868
ISIC_0058655,8.012204,-1.319001
ISIC_0058658,3.0761645,3.7736373
ISIC_0058663,4.896137,3.578692
ISIC_0058666,4.726765,3.2166457
ISIC_0058675,2.8192928,-2.505949
ISIC_0058676,4.758572,3.2637055
ISIC_0058697,2.9221234,-1.3851569
ISIC_0058708,2.0248225,3.3887372
ISIC_0058713,5.4754786,3.2352684
ISIC_0058716,0.55090076,-0.022730296
ISIC_0058721,8.029871,0.49026272
ISIC_0058723,3.4012132,-1.0186894
ISIC_0058732,7.3707066,-0.8329744
ISIC_0058734,1.7770147,3.69652
ISIC_0058743,-1.2497848,0.6540733
ISIC_0058753,6.489247,2.1885397
ISIC_0058757,2.2929897,0.24162465
ISIC_0058763,4.4249144,-1.9707271
ISIC_0058768,3.2387342,4.3365626
ISIC_0058770,6.9955263,0.8861951
ISIC_0058773,5.780748,0.72472745
ISIC_0058781,7.6021495,2.2767956
ISIC_0058786,4.806731,3.0394933
ISIC_0058790,4.1261525,-2.3771799
ISIC_0058791,2.3523722,1.7688532
ISIC_0058792,-0.89449424,0.6727221
ISIC_0058794,1.4141613,-0.7815012
ISIC_0058798,5.8350086,1.95562
ISIC_0058807,5.2425666,-2.4343863
ISIC_0058818,-0.103702575,2.2369783
ISIC_0058836,3.945498,-0.9690863
ISIC_0058838,3.8705583,4.7678576
ISIC_0058840,4.6139336,-0.11910116
ISIC_0058851,0.7498638,2.3358328
ISIC_0058858,3.486739,-0.44144768
ISIC_0058862,6.24279,2.39163
ISIC_0058863,1.5217409,-0.6813349
ISIC_0058866,6.9784575,1.6054753
ISIC_0058875,1.4467067,-0.035515007
ISIC_0058877,1.1581337,2.6068456
ISIC_0058880,4.054874,-1.6593707
ISIC_0058881,6.9653163,0.7632364
ISIC_0058887,6.499161,-2.9300203
ISIC_0058918,4.0541115,2.312729
ISIC_0058926,-2.0122747,0.51832706
ISIC_0058931,5.7158995,-1.7591269
ISIC_0058947,1.0124499,0.3869377
ISIC_0058957,4.3900084,-2.3655753
ISIC_0058959,2.6206627,-2.1414046
ISIC_0059005,0.63545316,-0.7459482
ISIC_0059023,6.101318,1.4957519
ISIC_0059026,3.988611,2.3275728
ISIC_0059027,6.322131,-0.2767668
ISIC_0059029,-1.31817,0.7057665
ISIC_0059037,0.8402675,2.7934277
ISIC_0059042,4.9245534,-1.3455244
ISIC_0059052,3.864514,-1.6025524
ISIC_0059065,3.3899083,3.0393393
ISIC_0059066,3.0276911,-2.3384254
ISIC_0059074,-1.4715853,1.7276572
ISIC_0059076,4.4479876,5.0114594
ISIC_0059077,4.5816813,1.4055874
ISIC_0059079,3.0037968,3.0800166
ISIC_0059082,7.28545,0.4364208
ISIC_0059085,4.8797126,0.35478002
ISIC_0059089,6.1681156,-1.0104156
ISIC_0059090,2.3392699,-0.7629687
ISIC_0059092,4.5588517,-1.7504566
ISIC_0059093,1.155161,1.9330485
ISIC_0059103,5.5750794,-2.4368453
ISIC_0059104,7.517467,1.3593743
ISIC_0059123,1.51078,1.6026852
ISIC_0059137,5.548965,-0.95936584
ISIC_0059138,7.2866173,0.8982246
ISIC_0059140,-1.4980971,1.0593426
ISIC_0059141,3.4176266,-0.22848153
ISIC_0059147,7.0847187,1.7507434
ISIC_0059148,-1.7586135,0.47495028
ISIC_0059160,0.31306553,-0.15168792
ISIC_0059165,3.3841777,-0.0975741
ISIC_0059169,3.194635,0.58436674
ISIC_0059170,1.0741999,2.3032894
ISIC_0059171,-1.8387392,-0.23919356
ISIC_0059178,3.9609895,3.9045706
ISIC_0059188,-1.4636949,-0.7146452
ISIC_0059202,3.9533112,-1.6408571
ISIC_0059209,2.971232,-2.5513873
ISIC_0059219,0.35144344,2.7306252
ISIC_0059232,5.766356,1.0641948
ISIC_0059237,-1.342878,-0.38443613
ISIC_0059253,2.3254986,-1.9140971
ISIC_0059264,3.4065082,1.7135003
ISIC_0059269,4.286473,4.709873
ISIC_0059270,6.954474,2.0862107
ISIC_0059272,4.853503,4.463614
ISIC_0059273,5.750932,1.0712136
ISIC_0059284,0.79041564,0.6311346
ISIC_0059294,1.3585169,-1.7067559
ISIC_0059313,7.994482,1.6242105
ISIC_0059314,0.76269186,0.2628475
ISIC_0059315,5.1067114,-2.2493076
ISIC_0059316,5.0006433,4.4343314
ISIC_0059318,1.6091969,-0.10953309
ISIC_0059325,4.745912,1.256313
ISIC_0059330,1.0999088,3.2387114
ISIC_0059336,6.07646,0.8607139
ISIC_0059343,2.6379266,-1.4458007
ISIC_0059345,0.76581275,2.721958
ISIC_0059346,5.981856,0.9501122
ISIC_0059349,3.5446198,-0.55052537
ISIC_0059350,2.687895,-2.6352928
ISIC_0059353,-1.0555327,0.22455361
ISIC_0059361,0.73686254,2.353972
ISIC_0059369,4.9417586,-1.2156659
ISIC_0059375,2.0191405,1.2109029
ISIC_0059382,7.718651,-0.9355992
ISIC_0059386,7.2672873,0.14025728
ISIC_0059387,3.5398173,1.6683183
ISIC_0059398,4.2005796,-1.3166424
ISIC_0059411,3.7030873,4.345968
ISIC_0059415,0.16887793,-0.4045315
ISIC_0059420,7.498146,1.3784398
ISIC_0059421,0.5763708,2.6284227
ISIC_0059423,4.096914,-2.0483146
ISIC_0059424,3.3092499,4.0296683
ISIC_0059435,-1.7755805,-0.28754267
ISIC_0059444,1.921974,-1.5938538
ISIC_0059446,6.523747,-0.2307879
ISIC_0059450,5.382478,2.369604
ISIC_0059473,2.3183875,-1.7165107
ISIC_0059478,4.296385,1.2335442
ISIC_0059482,-1.2154679,1.9602474
ISIC_0059486,7.290604,1.2671309
ISIC_0059493,2.660249,3.087724
ISIC_0059506,5.7590685,1.5357058
ISIC_0059511,0.7794249,2.759316
ISIC_0059512,-1.3245157,-1.2023472
ISIC_0059521,4.9759994,4.441221
ISIC_0059523,3.9431243,-0.25586715
ISIC_0059525,3.193203,-2.2384489
ISIC_0059538,3.315358,-1.7912494
ISIC_0059541,7.296341,-0.32746705
ISIC_0059547,4.5030956,0.35828006
ISIC_0059551,1.6727791,3.2172205
ISIC_0059554,5.8712277,-2.3433723
ISIC_0059568,3.9378347,-2.7696908
ISIC_0059569,1.2940491,3.3665433
ISIC_0059593,-1.5006876,-0.8486588
ISIC_0059595,5.369642,3.4406703
ISIC_0059597,5.5323887,-1.5720121
ISIC_0059601,2.5133188,-0.41141966
ISIC_0059605,2.4451032,-0.9216174
ISIC_0059608,3.5539446,-2.0969977
ISIC_0059611,5.398967,1.7096791
ISIC_0059628,3.502582,-0.54328835
ISIC_0059631,7.994335,-0.65582764
ISIC_0059632,1.9307734,0.4857599
ISIC_0059646,7.8792233,2.557432
ISIC_0059668,5.2694464,-2.616234
ISIC_0059669,4.3131566,4.8079643
ISIC_0059671,3.4419754,3.6696496
ISIC_0059686,0.513624,-0.29391277
ISIC_0059703,1.7743344,-2.2466972
ISIC_0059707,5.8208623,1.3987622
ISIC_0059708,4.910685,0.14417587
ISIC_0059738,4.174436,2.8523276
ISIC_0059739,6.0624857,2.3297923
ISIC_0059747,2.347364,2.7200885
ISIC_0059750,-0.78614396,1.7978199
ISIC_0059757,3.7004704,-1.5507774
ISIC_0059763,3.225576,0.065323226
ISIC_0059764,5.7447143,3.1519337
ISIC_0059768,4.9411316,1.5360639
ISIC_0059770,2.062852,0.43582743
ISIC_0059773,-0.3469615,0.43107533
ISIC_0059774,-1.402006,1.9713594
ISIC_0059777,4.2635922,-1.855184
ISIC_0059785,4.800943,-2.1222582
ISIC_0059786,-1.8431427,0.07113499
ISIC_0059794,4.7939863,-0.09788751
ISIC_0059804,3.8327003,3.6680014
ISIC_0059808,4.7987494,1.424296
ISIC_0059809,2.9556587,-1.1088054
ISIC_0059810,2.3088994,3.2723932
ISIC_0059814,2.788302,1.5762055
ISIC_0059816,6.7828503,0.06757804
ISIC_0059830,7.5266705,-1.5254998
ISIC_0059832,5.8212957,-1.8663771
ISIC_0059838,6.1731277,2.5538774
ISIC_0059840,2.8234835,3.8936007
ISIC_0059855,1.7489234,1.4787499
ISIC_0059859,1.044153,0.014926787
ISIC_0059866,3.4998486,2.8924816
ISIC_0059869,-1.5083572,1.4483981
ISIC_0059879,1.6543449,-1.993185
ISIC_0059881,6.721322,0.5181861
ISIC_0059884,8.037133,-0.27971077
ISIC_0059890,2.6309998,-2.2521262
ISIC_0059891,0.5123759,-0.4033072
ISIC_0059892,-1.4839756,1.9620869
ISIC_0059897,5.381429,-2.4846199
ISIC_0059904,-1.7805401,0.072293766
ISIC_0059905,4.5195494,1.4052207
ISIC_0059919,5.8538647,2.6865609
ISIC_0059941,3.380881,2.882909
ISIC_0059948,3.7514524,3.4882417
ISIC_0059957,3.5069532,-1.5175887
ISIC_0059958,2.65509,3.3424656
ISIC_0059974,1.1484485,2.774736
ISIC_0059978,6.356936,-1.4410908
ISIC_0059987,-1.8584125,0.21939534
ISIC_0059992,3.5702178,2.2862456
ISIC_0060015,1.7160947,3.6803997
ISIC_0060022,5.8813496,-2.3603928
ISIC_0060032,5.383019,-2.341983
ISIC_0060033,-1.6037807,-0.75528395
ISIC_0060094,3.176228,4.199388
ISIC_0060096,5.4951706,0.95398986
ISIC_0060099,4.649469,-0.9845566
ISIC_0060104,4.127522,-1.9766227
ISIC_0060114,5.1861343,-2.5080416
ISIC_0060118,5.6671114,-1.7573534
ISIC_0060140,5.9439974,2.021873
ISIC_0060143,6.909179,1.6348717
ISIC_0060147,0.35775152,0.76747185
ISIC_0060150,5.3129997,-1.7012588
ISIC_0060153,6.2796655,0.3674859
ISIC_0060154,6.3150015,0.6976793
ISIC_0060155,4.374103,3.4791198
ISIC_0060159,5.302904,-2.4115467
ISIC_0060181,5.675139,3.362451
ISIC_0060194,6.424765,2.4732137
ISIC_0060197,6.228184,0.8297283
ISIC_0060201,6.692695,2.5385728
ISIC_0060212,2.249463,0.26451874
ISIC_0060216,4.1002145,-2.6840024
ISIC_0060218,0.50467175,1.8046716
ISIC_0060219,4.2920094,-0.70830864
ISIC_0060222,2.618016,2.7167299
ISIC_0060224,3.551203,4.0133085
ISIC_0060233,2.8970683,-2.25789
ISIC_0060238,-0.77083176,1.3712068
ISIC_0060239,2.507615,-1.6249149
ISIC_0060244,2.9095244,4.0364723
ISIC_0060248,-1.357775,-0.045480747
ISIC_0060266,4.366783,4.806669
ISIC_0060270,3.956407,4.0736036
ISIC_0060281,3.4174354,-2.040059
ISIC_0060297,2.840843,1.312475
ISIC_0060307,5.399352,-0.5230574
ISIC_0060308,1.4910066,1.6087013
ISIC_0060313,5.0319095,-1.7368314
ISIC_0060315,1.8180034,3.611355
ISIC_0060326,3.5240757,4.017467
ISIC_0060340,5.682961,2.399479
ISIC_0060341,2.559449,2.5904522
ISIC_0060342,-1.2516534,0.67223215
ISIC_0060355,3.2936833,3.7205825
ISIC_0060367,7.9651914,0.5323607
ISIC_0060376,5.9388175,1.5442225
ISIC_0060377,-1.2657009,1.4700621
ISIC_0060380,-0.80849445,1.4510918
ISIC_0060386,-1.8958446,-0.58336
ISIC_0060393,2.0304918,1.7017785
ISIC_0060397,3.8766663,3.3937469
ISIC_0060399,4.42219,1.4428272
ISIC_0060403,-1.9922092,0.40064773
ISIC_0060428,2.733054,-2.2189982
ISIC_0060446,3.255473,4.2188973
ISIC_0060456,3.6511106,-2.6473882
ISIC_0060459,3.75265,4.558979
ISIC_0060465,1.3186724,3.3540804
ISIC_0060487,4.2144265,1.6318312
ISIC_0060495,4.2393107,-0.77674997
ISIC_0060507,5.6149755,-1.2990352
ISIC_0060508,-1.4591887,-1.1684995
ISIC_0060510,-1.6409187,1.1397113
ISIC_0060511,-1.7804872,-0.15001671
ISIC_0060525,0.4821531,-1.0100479
ISIC_0060526,4.9534464,-0.73679745
ISIC_0060528,-1.1520935,1.2707016
ISIC_0060537,4.3026576,2.318152
ISIC_0060538,4.3433576,-0.82268244
ISIC_0060548,3.221474,1.007809
ISIC_0060555,3.8908343,4.01104
ISIC_0060556,4.5150094,4.797384
ISIC_0060559,1.7005888,2.4548624
ISIC_0060577,5.6372576,-0.25641036
ISIC_0060583,0.27162138,1.6657289
ISIC_0060585,3.309505,-0.7404961
ISIC_0060586,-0.38661492,-0.21016264
ISIC_0060589,-1.4864383,1.6224043
ISIC_0060597,6.042376,2.479749
ISIC_0060610,3.7532616,-0.35700452
ISIC_0060616,-0.80226326,-0.05256443
ISIC_0060624,-1.1832563,1.1300812
ISIC_0060629,4.4346867,-1.2837034
ISIC_0060630,5.5737762,-0.75375503
ISIC_0060654,7.9997606,-0.7802384
ISIC_0060660,-1.2030774,-1.2591926
ISIC_0060665,4.376353,-1.8761454
ISIC_0060671,5.05214,-1.8671372
ISIC_0060672,-1.1463699,1.6606836
ISIC_0060676,6.691209,-0.42593795
ISIC_0060679,2.708822,-1.7105163
ISIC_0060681,4.45972,-1.6953615
ISIC_0060693,4.5996976,1.7500123
ISIC_0060698,7.440781,-1.0107459
ISIC_0060700,2.3703156,-1.5498607
ISIC_0060713,-1.4922549,1.8766522
ISIC_0060717,0.5458379,3.3588595
ISIC_0060718,2.2492986,2.3312032
ISIC_0060727,4.005283,2.1878233
ISIC_0060728,3.8929923,-1.4916902
ISIC_0060736,3.4338558,4.0851407
ISIC_0060741,-0.7335425,-1.2244089
ISIC_0060744,2.9850423,-1.9846514
ISIC_0060751,6.9669247,-1.1899786
ISIC_0060752,5.4688325,1.9554584
ISIC_0060760,-1.7798781,-0.26260737
ISIC_0060764,0.4667974,2.7509422
ISIC_0060773,4.399257,3.8593197
ISIC_0060795,5.832385,-1.8446922
ISIC_0060799,-1.1458005,-0.060459822
ISIC_0060827,8.011052,1.8135967
ISIC_0060829,7.4051347,1.44697
ISIC_0060832,2.108418,1.0203372
ISIC_0060834,7.767706,2.3909798
ISIC_0060836,5.642628,-1.8342625
ISIC_0060845,6.0334997,-0.2971704
ISIC_0060873,4.263936,4.1929297
ISIC_0060883,7.9430943,2.4112556
ISIC_0060886,5.3213925,4.4101586
ISIC_0060892,2.6365588,-2.4289584
ISIC_0060893,4.507634,0.23622747
ISIC_0060897,3.569579,1.9817369
ISIC_0060898,6.5234003,-0.34897125
ISIC_0060911,5.022405,0.773714
ISIC_0060916,1.957937,2.4278307
ISIC_0060934,7.482993,-0.8228904
ISIC_0060936,5.3189387,-0.6814649
ISIC_0060937,-0.85378003,-1.4835503
ISIC_0060946,6.451539,-0.46544904
ISIC_0060949,2.5763397,-2.0424511
ISIC_0060955,4.3032355,4.130947
ISIC_0060965,-0.559217,1.8572823
ISIC_0060967,6.466588,-2.9594476
ISIC_0060968,4.561736,-1.7376744
ISIC_0060969,2.4277709,2.671902
ISIC_0060971,5.4203386,0.64967334
ISIC_0060972,5.0337934,2.9639146
ISIC_0060978,-1.1840621,-0.7114008
ISIC_0060979,6.532077,-2.8307188
ISIC_0060994,-0.8067712,-0.80279005
ISIC_0060999,3.6387343,-1.442381
ISIC_0061001,6.296896,2.2415535
ISIC_0061002,6.489038,-2.9117727
ISIC_0061003,-1.5284438,1.4726632
ISIC_0061006,-1.2294608,-0.7435387
ISIC_0061008,4.8662558,0.33189192
ISIC_0061011,6.243343,-1.2567763
ISIC_0061021,-0.94382644,0.14575855
ISIC_0061025,5.605587,1.7813162
ISIC_0061029,5.631634,-1.3094778
ISIC_0061031,-1.4711308,1.5971476
ISIC_0061032,5.717857,-2.5420048
ISIC_0061034,-1.0160549,2.080567
ISIC_0061045,3.4842672,0.803312
ISIC_0061049,1.9826584,-0.082876965
ISIC_0061052,-0.43399572,-0.48743066
ISIC_0061060,5.343094,-0.88223207
ISIC_0061066,-1.7834698,-0.42365184
ISIC_0061067,-1.1768527,-0.70530033
ISIC_0061070,4.204013,-0.7609995
ISIC_0061075,4.1103916,0.26903307
ISIC_0061077,1.7733426,-1.4952184
ISIC_0061078,3.4863062,2.362518
ISIC_0061079,5.353445,-0.08013723
ISIC_0061085,-1.5342516,0.25266835
ISIC_0061104,3.1157491,3.1615417
ISIC_0061108,4.1578145,-1.4237859
ISIC_0061112,7.280357,1.1150395
ISIC_0061131,3.9321759,-1.4290285
ISIC_0061141,4.253381,-1.6009513
ISIC_0061152,2.028928,0.47149888
ISIC_0061155,3.6870294,-2.5171452
ISIC_0061158,3.1171691,-2.331104
ISIC_0061159,6.0856476,-0.17035562
ISIC_0061166,4.442868,0.50252634
ISIC_0061183,-1.7593914,0.27557617
ISIC_0061185,-0.73341167,-0.46812424
ISIC_0061188,4.314794,4.260335
ISIC_0061189,3.7465847,-1.3168858
ISIC_0061191,2.085973,1.8450905
ISIC_0061194,7.9398184,-0.79729986
ISIC_0061195,3.3156748,3.838943
ISIC_0061200,-1.7295185,1.3524401
ISIC_0061224,-1.0838768,0.079818726
ISIC_0061231,3.1348765,3.5848649
ISIC_0061244,1.6523839,-1.4921064
ISIC_0061250,6.523399,-2.99182
ISIC_0061252,4.7278256,-0.8813807
ISIC_0061257,5.988997,2.69005
ISIC_0061261,3.7637477,2.8933456
ISIC_0061279,8.007127,0.5549873
ISIC_0061281,5.59148,-0.64800096
ISIC_0061297,7.796243,0.28506887
ISIC_0061300,-1.8905373,-0.48214215
ISIC_0061315,-1.3543607,1.4049329
ISIC_0061320,5.4432044,4.4354434
ISIC_0061323,3.1204288,-0.71038806
ISIC_0061333,3.3645997,-2.1313207
ISIC_0061334,3.9038618,-2.0872943
ISIC_0061336,5.047257,-1.8457952
ISIC_0061345,6.463862,0.81414956
ISIC_0061355,2.6269135,1.2098091
ISIC_0061359,2.5708413,2.4925742
ISIC_0061362,7.995304,1.4059805
ISIC_0061366,5.848123,-0.8173119
ISIC_0061369,3.3757668,-2.669571
ISIC_0061371,6.1894197,2.1583068
ISIC_0061377,5.365941,3.5410104
ISIC_0061380,5.2858186,3.3729725
ISIC_0061382,3.9448836,4.101106
ISIC_0061393,3.2490032,1.3351012
ISIC_0061407,4.439138,4.970121
ISIC_0061411,5.5243645,0.30483836
ISIC_0061418,1.8042121,2.0596251
ISIC_0061424,5.3961296,0.09805065
ISIC_0061432,2.8815193,3.5438707
ISIC_0061434,4.0373735,3.7531993
ISIC_0061441,1.0346437,3.1600287
ISIC_0061446,4.4654555,4.9751835
ISIC_0061447,2.3966153,-3.1764517
ISIC_0061448,7.3578362,0.49073544
ISIC_0061454,0.94620246,1.619757
ISIC_0061463,6.0052457,2.3526618
ISIC_0061466,6.5572944,-1.3496766
ISIC_0061469,4.546902,0.3238699
ISIC_0061475,3.3814664,3.005954
ISIC_0061479,7.8398495,0.6952079
ISIC_0061485,5.870176,-2.1769176
ISIC_0061491,7.136096,0.4597915
ISIC_0061494,4.9469533,-0.3247041
ISIC_0061496,4.1291456,-2.0207727
ISIC_0061502,4.307031,-1.8103032
ISIC_0061508,3.7810683,-0.93636066
ISIC_0061516,5.711732,1.6669067
ISIC_0061518,3.6794448,-2.6600964
ISIC_0061520,7.315977,-0.3040171
ISIC_0061529,3.9617224,-1.08376
ISIC_0061532,7.3993134,1.3540293
ISIC_0061533,6.1818027,-2.4503937
ISIC_0061547,5.1577253,0.03541393
ISIC_0061549,4.675407,-1.8956901
ISIC_0061553,-1.3560213,1.7527667
ISIC_0061554,5.200155,-0.2739757
ISIC_0061556,6.134371,-0.86231804
ISIC_0061559,-1.3772718,1.4198339
ISIC_0061566,-1.5134319,-0.30982706
ISIC_0061568,6.2056007,2.5299542
ISIC_0061573,5.150465,-2.098283
ISIC_0061575,4.187809,-1.1461322
ISIC_0061580,0.75877935,1.7629178
ISIC_0061581,0.48212332,2.0755754
ISIC_0061583,1.5232656,0.37670806
ISIC_0061585,-1.6828609,-0.9107786
ISIC_0061592,4.613808,2.0716736
ISIC_0061595,4.247137,4.7806225
ISIC_0061608,-1.6271627,0.32083413
ISIC_0061619,6.332801,-1.5978802
ISIC_0061623,2.5258539,1.1176512
ISIC_0061624,4.0884676,-0.24683285
ISIC_0061625,6.1263328,1.0331315
ISIC_0061629,0.54860526,-0.9009429
ISIC_0061630,6.960906,0.42809743
ISIC_0061633,4.9701953,-0.1833546
ISIC_0061644,7.269869,0.90100485
ISIC_0061656,4.2531977,-1.4484599
ISIC_0061660,4.3228045,4.9413104
ISIC_0061664,5.901254,3.9398966
ISIC_0061670,4.1877003,2.9138334
ISIC_0061680,5.133368,-1.7170362
ISIC_0061684,1.5177851,2.5328507
ISIC_0061685,-1.1521274,0.5838972
ISIC_0061699,6.5029473,2.4353266
ISIC_0061701,5.960702,0.052752145
ISIC_0061705,0.66432923,2.517464
ISIC_0061710,4.774151,3.94688
ISIC_0061713,1.1791899,-0.8869242
ISIC_0061715,6.75098,-0.7359343
ISIC_0061735,1.8400027,-1.6891153
ISIC_0061741,3.601131,3.771342
ISIC_0061756,6.8608675,0.21668528
ISIC_0061761,5.0332427,-0.7585634
ISIC_0061770,6.655469,-1.2275307
ISIC_0061773,3.8416917,-0.87747777
ISIC_0061775,2.6747057,-1.232818
ISIC_0061782,6.129565,-1.5761825
ISIC_0061798,5.66703,0.90669525
ISIC_0061799,6.1007056,1.021157
ISIC_0061812,2.0114331,-1.7467958
ISIC_0061829,0.8159923,2.2336702
ISIC_0061831,3.2806144,-0.5508637
ISIC_0061833,-1.0380054,0.20422426
ISIC_0061848,3.5274253,4.2736325
ISIC_0061870,3.6745193,0.10674246
ISIC_0061880,-1.9232482,-0.95625585
ISIC_0061884,-1.580908,-0.16794904
ISIC_0061885,-1.8793722,-0.04358392
ISIC_0061886,3.6505866,-1.4880322
ISIC_0061890,-1.4662644,1.9012296
ISIC_0061894,6.9300017,-0.19155487
ISIC_0061895,3.3482437,3.670337
ISIC_0061900,4.9420333,4.2373195
ISIC_0061911,4.0124683,4.277749
ISIC_0061912,4.6477013,-0.53339624
ISIC_0061915,7.555343,0.74382997
ISIC_0061916,5.6154823,-1.3750868
ISIC_0061918,2.6670604,3.6764731
ISIC_0061922,2.8795767,0.9148746
ISIC_0061926,3.2758076,-2.240107
ISIC_0061928,7.0371404,0.45688865
ISIC_0061944,5.0081863,-1.7644966
ISIC_0061945,5.1421165,-2.140313
ISIC_0061950,5.455801,2.9853163
ISIC_0061953,2.5459547,2.77377
ISIC_0061954,4.1520057,4.6992965
ISIC_0061969,4.9817853,0.25075954
ISIC_0061971,3.9838626,2.153286
ISIC_0061982,5.1627474,-1.0350811
ISIC_0062000,2.716927,2.667806
ISIC_0062005,1.9774085,0.5671558
ISIC_0062010,5.390507,-0.93032587
ISIC_0062016,7.6490955,-1.3079112
ISIC_0062031,7.669603,2.334742
ISIC_0062042,3.6061373,-1.1488591
ISIC_0062063,1.4136648,4.216478
ISIC_0062064,0.5202678,-0.23904273
ISIC_0062077,1.9791479,-1.605461
ISIC_0062084,1.3941083,-0.8305392
ISIC_0062099,2.2694824,-0.15985306
ISIC_0062102,7.1344576,1.8847997
ISIC_0062103,4.442522,-2.1966367
ISIC_0062111,0.5649008,2.6055973
ISIC_0062112,4.728521,-0.9880446
ISIC_0062114,2.2361395,2.498194
ISIC_0062122,5.690419,-1.8375813
ISIC_0062125,5.9017606,0.8532953
ISIC_0062133,7.391496,-0.557592
ISIC_0062138,6.8864465,1.2242533
ISIC_0062149,-1.1522985,1.4511958
ISIC_0062152,4.960854,-0.35751817
ISIC_0062154,5.4210086,-2.5303104
ISIC_0062155,5.7607627,-2.4055517
ISIC_0062158,-1.9144536,-0.6168293
ISIC_0062160,2.1607964,-0.45817676
ISIC_0062161,3.916877,-1.7286955
ISIC_0062162,4.8557987,-1.742571
ISIC_0062163,3.0435898,4.1731205
ISIC_0062171,5.7066007,-2.3296864
ISIC_0062176,2.9597511,4.0483646
ISIC_0062183,3.5709112,-2.4233718
ISIC_0062203,5.8599606,0.9080922
ISIC_0062206,5.312837,-1.145263
ISIC_0062208,4.9787755,-0.69599515
ISIC_0062211,6.5876527,-0.13738988
ISIC_0062213,2.62395,-1.1380615
ISIC_0062220,4.1848025,2.141334
ISIC_0062235,-1.4771932,0.25839317
ISIC_0062239,1.4048731,1.0380769
ISIC_0062241,-1.6432892,1.0540451
ISIC_0062242,3.0403833,2.540052
ISIC_0062248,3.3515685,0.03417147
ISIC_0062251,-1.7532482,-0.55430865
ISIC_0062256,6.170523,-1.5713826
ISIC_0062260,5.49281,2.5882404
ISIC_0062266,4.0569043,4.5618896
ISIC_0062269,2.593856,-1.1093003
ISIC_0062273,3.1493886,-0.09515915
ISIC_0062280,4.130199,-0.37764347
ISIC_0062286,6.3922763,-2.9706686
ISIC_0062296,4.654724,-0.9607183
ISIC_0062298,2.5139902,0.2834813
ISIC_0062301,2.661612,-0.7173389
ISIC_0062318,3.7106082,3.8623493
ISIC_0062323,3.2726905,3.519689
ISIC_0062325,5.667417,2.1956053
ISIC_0062340,6.098242,2.6226866
ISIC_0062350,4.4034886,-1.6319488
ISIC_0062359,6.930601,0.79784524
ISIC_0062381,0.31513488,-0.1315812
ISIC_0062382,-1.4153143,1.8136101
ISIC_0062389,0.55937666,-1.1532432
ISIC_0062401,3.2896395,3.584958
ISIC_0062407,5.063614,-1.4618899
ISIC_0062423,7.4816093,1.3407543
ISIC_0062425,5.497036,0.11126676
ISIC_0062434,2.4308693,2.0602484
ISIC_0062447,7.6326146,-1.0408814
ISIC_0062453,2.02333,0.04718943
ISIC_0062454,6.065823,0.18920769
ISIC_0062457,4.422339,3.340699
ISIC_0062458,3.7132487,-2.517573
ISIC_0062463,3.255345,3.8551967
ISIC_0062468,-1.7392732,-0.76592857
ISIC_0062471,4.4029613,1.8309631
ISIC_0062474,4.666204,-1.4160973
ISIC_0062477,3.6086807,3.4258199
ISIC_0062478,6.6138806,-0.060636234
ISIC_0062481,-1.8698287,-1.1122276
ISIC_0062497,5.4321365,-1.0244298
ISIC_0062505,-0.7849263,-0.5581514
ISIC_0062509,5.026039,-2.3013885
ISIC_0062515,1.7422082,-0.5756451
ISIC_0062517,-0.16851465,1.7463862
ISIC_0062523,5.71629,-2.545619
ISIC_0062524,-1.721393,-0.22316788
ISIC_0062525,4.3041778,-1.0697939
ISIC_0062530,-0.71690786,-0.30821526
ISIC_0062531,4.2305636,2.3092732
ISIC_0062536,4.483412,0.3738135
ISIC_0062539,5.8786945,2.7102501
ISIC_0062547,-0.2382545,1.3623
ISIC_0062551,1.8863083,-0.41329777
ISIC_0062559,6.4029264,-1.7895384
ISIC_0062562,5.659418,-1.9276538
ISIC_0062589,5.3743925,0.3837891
ISIC_0062596,3.2797673,4.245919
ISIC_0062602,5.90432,-2.278627
ISIC_0062606,1.7072648,2.201407
ISIC_0062626,2.2984657,2.9909697
ISIC_0062628,5.6860785,-2.523626
ISIC_0062632,6.63816,2.067428
ISIC_0062633,4.6684837,1.2918549
ISIC_0062636,5.6099443,1.4086252
ISIC_0062639,3.0232975,-1.148743
ISIC_0062642,5.3617063,-1.1537424
ISIC_0062649,1.7720867,2.8728619
ISIC_0062674,4.910119,3.4851158
ISIC_0062681,5.288855,0.72056663
ISIC_0062684,6.313164,0.66822267
ISIC_0062688,5.909011,0.32767057
ISIC_0062690,2.5200768,-0.44859275
ISIC_0062700,1.9089234,2.3703465
ISIC_0062702,3.4786644,-2.2030063
ISIC_0062708,4.9703035,2.9921737
ISIC_0062709,2.4762456,-1.6135362
ISIC_0062712,3.3012311,-2.0218148
ISIC_0062716,6.8708644,-1.882232
ISIC_0062721,5.070679,4.161536
ISIC_0062723,4.8018866,-0.5503192
ISIC_0062724,5.3707094,-1.0821264
ISIC_0062734,1.2123667,-1.3803195
ISIC_0062736,4.0757575,0.85885954
ISIC_0062762,2.1235328,-0.856299
ISIC_0062765,3.473618,-0.6756474
ISIC_0062770,0.58558047,2.2309558
ISIC_0062780,4.045748,-0.5899946
ISIC_0062792,1.9659364,2.307102
ISIC_0062806,5.5126038,2.3865788
ISIC_0062809,6.0743365,0.98542035
ISIC_0062816,6.0967073,-2.9082625
ISIC_0062821,5.5812764,-0.37995917
ISIC_0062827,2.7938294,-0.54367405
ISIC_0062832,2.7971175,4.396573
ISIC_0062841,-1.3985252,1.642287
ISIC_0062844,6.041773,-0.34204122
ISIC_0062869,3.7703817,-1.2020116
ISIC_0062879,7.4412284,-1.2751737
ISIC_0062891,2.3989077,-2.538088
ISIC_0062912,1.850824,-1.9388778
ISIC_0062922,3.6223445,4.2158413
ISIC_0062925,3.0626428,0.1422227
ISIC_0062935,2.4215057,3.1035676
ISIC_0062944,2.345903,-0.44222963
ISIC_0062948,6.0926995,0.13921656
ISIC_0062952,1.4167576,-0.34608006
ISIC_0062954,4.375627,4.976864
ISIC_0062957,2.4096096,-3.3981962
ISIC_0062970,0.74947196,-0.29414812
ISIC_0062978,4.5250206,0.93959326
ISIC_0062983,4.9247837,3.5703802
ISIC_0062985,4.911808,3.5476809
ISIC_0062991,3.1580575,-2.7119725
ISIC_0062992,5.665176,-2.3162787
ISIC_0062994,1.979302,3.3276987
ISIC_0062998,6.695447,2.0409527
ISIC_0063018,3.651541,-1.1882964
ISIC_0063026,-1.6144106,1.0310577
ISIC_0063027,3.8307564,-1.9508941
ISIC_0063032,6.6226945,-1.371008
ISIC_0063046,6.846314,2.6180272
ISIC_0063056,1.5258402,2.9724038
ISIC_0063058,3.9441714,-0.44923052
ISIC_0063060,4.7323046,-0.702262
ISIC_0063070,5.175233,1.629228
ISIC_0063072,5.77516,2.2434058
ISIC_0063077,3.4394763,-2.678262
ISIC_0063081,2.282233,-1.6544232
ISIC_0063087,6.1030984,0.7641973
ISIC_0063102,4.6775985,-2.2658625
ISIC_0063103,-1.5440819,-0.5523645
ISIC_0063109,5.422235,2.488866
ISIC_0063114,5.9719086,-0.71663606
ISIC_0063124,2.2112167,2.7320294
ISIC_0063125,6.6772995,-1.6557779
ISIC_0063130,-1.3512734,1.7876154
ISIC_0063131,5.203278,-0.5078475
ISIC_0063143,1.2913162,3.270463
ISIC_0063148,5.240415,3.8658147
ISIC_0063151,0.9905435,1.6746156
ISIC_0063168,4.0703683,-1.7084191
ISIC_0063169,4.424604,-0.5597675
ISIC_0063172,1.5793792,-1.4985251
ISIC_0063174,4.2632833,-0.6640779
ISIC_0063180,3.9314806,-1.9978747
ISIC_0063181,-1.6444181,-0.64684993
ISIC_0063182,-1.6850798,-0.18258566
ISIC_0063190,-1.9387296,-0.74401563
ISIC_0063191,-0.7842843,0.19589064
ISIC_0063198,-0.5466107,-0.714371
ISIC_0063202,1.2446609,1.1953605
ISIC_0063207,-1.465464,0.42190585
ISIC_0063216,4.6318765,-0.38335007
ISIC_0063222,3.2715585,-0.7315939
ISIC_0063225,5.3554473,2.0791047
ISIC_0063228,-1.3124433,1.9108729
ISIC_0063233,1.866245,0.88853973
ISIC_0063234,-1.1606797,0.40291002
ISIC_0063240,1.7071004,3.662648
ISIC_0063241,2.2908232,-1.1479269
ISIC_0063258,7.532309,2.3420937
ISIC_0063264,3.1615338,4.214041
ISIC_0063266,5.209312,2.056483
ISIC_0063268,3.7427843,-0.21027969
ISIC_0063271,1.9701912,1.3107468
ISIC_0063288,4.6400604,-0.5804679
ISIC_0063292,1.8906789,3.3331654
ISIC_0063300,4.895776,1.2677258
ISIC_0063302,4.240436,4.856836
ISIC_0063305,7.9618077,0.49073574
ISIC_0063318,-1.0705607,1.0040567
ISIC_0063334,3.6645224,0.94324577
ISIC_0063345,4.469417,2.0213587
ISIC_0063349,1.4283657,3.8357043
ISIC_0063360,6.371909,2.230549
ISIC_0063362,2.7884543,-2.3110151
ISIC_0063369,0.9935891,1.6085576
ISIC_0063373,6.539354,-1.0258472
ISIC_0063392,4.451373,1.5665245
ISIC_0063394,1.5781924,2.6839914
ISIC_0063410,6.692961,-1.4184843
ISIC_0063414,5.5667877,-1.3868086
ISIC_0063425,3.2032235,-1.6146133
ISIC_0063437,4.148032,-0.4995993
ISIC_0063443,5.5181904,-2.4026828
ISIC_0063445,2.1771333,-1.8793218
ISIC_0063447,3.9634256,4.1762404
ISIC_0063450,4.4886746,1.3355973
ISIC_0063456,3.152642,0.16827708
ISIC_0063464,4.3189373,-1.9029113
ISIC_0063467,3.8024824,-0.28591987
ISIC_0063469,5.289868,-0.8698648
ISIC_0063470,5.8681865,2.6177204
ISIC_0063475,4.1147814,2.8054898
ISIC_0063480,4.5859213,0.21825546
ISIC_0063481,6.1677785,2.1543276
ISIC_0063493,1.4427462,-0.061936427
ISIC_0063496,1.0619671,2.670453
ISIC_0063505,-1.5598263,1.6920289
ISIC_0063521,3.117853,-2.6881576
ISIC_0063528,2.7000432,3.9983346
ISIC_0063537,-1.6070714,0.68683356
ISIC_0063541,5.0077457,4.5039015
ISIC_0063551,2.2020423,3.274958
ISIC_0063566,3.8179793,2.5651813
ISIC_0063578,4.1254725,0.15277384
ISIC_0063601,7.4011245,0.06974423
ISIC_0063617,5.9010797,2.2465904
ISIC_0063623,4.10123,-0.42213959
ISIC_0063625,5.38593,-1.5662972
ISIC_0063634,-0.7792352,-0.18824503
ISIC_0063636,4.3235655,4.9287643
ISIC_0063641,6.5552015,0.037144918
ISIC_0063654,1.0958197,3.4304957
ISIC_0063655,1.0577332,0.17793605
ISIC_0063660,3.1554253,0.5731042
ISIC_0063664,-1.7455466,-0.327143
ISIC_0063675,4.178198,2.122359
ISIC_0063679,1.9474866,-2.141903
ISIC_0063680,1.8581417,1.2236495
ISIC_0063687,4.676541,-1.2942071
ISIC_0063690,5.1999955,4.0667553
ISIC_0063691,1.4741449,2.05877
ISIC_0063692,5.420698,1.4720873
ISIC_0063693,3.1359,2.7248092
ISIC_0063695,5.3285074,-2.5406542
ISIC_0063704,5.7450294,-1.3577524
ISIC_0063715,2.4924724,-1.2350806
ISIC_0063723,0.7828703,2.8435435
ISIC_0063724,2.114291,2.2057483
ISIC_0063727,-1.4510875,1.7168797
ISIC_0063732,6.46511,2.081846
ISIC_0063742,-2.2789242,3.017137
ISIC_0063748,2.8630078,2.575641
ISIC_0063750,4.608902,-1.2835093
ISIC_0063757,1.3878947,2.2760246
ISIC_0063759,2.4347553,3.8804774
ISIC_0063769,6.435711,2.6168995
ISIC_0063775,5.6044703,-1.9539558
ISIC_0063788,-1.0629508,-0.31756312
ISIC_0063793,3.4240015,2.6063755
ISIC_0063795,5.4851465,2.5795267
ISIC_0063811,4.2674108,2.9895763
ISIC_0063824,5.704506,1.5398562
ISIC_0063829,4.884293,1.2034973
ISIC_0063830,4.406175,2.267193
ISIC_0063839,-1.2851919,-0.03522342
ISIC_0063842,4.022974,-1.1553396
ISIC_0063845,-1.791136,-0.7661253
ISIC_0063852,3.4810195,-1.0513699
ISIC_0063870,-1.4390262,-0.7687367
ISIC_0063871,4.390993,4.9550657
ISIC_0063872,6.1133304,1.0107841
ISIC_0063873,4.270188,4.653551
ISIC_0063881,4.698551,4.03951
ISIC_0063885,-1.2428899,1.8800957
ISIC_0063887,6.824803,-1.031804
ISIC_0063897,4.7617865,3.2383008
ISIC_0063908,6.52053,2.535003
ISIC_0063912,7.308752,-1.0758835
ISIC_0063915,2.7470024,1.8937021
ISIC_0063926,5.933635,2.6954546
ISIC_0063937,5.215519,3.9692965
ISIC_0063945,5.428586,2.4551098
ISIC_0063946,1.7393948,-2.0043437
ISIC_0063950,4.784294,-1.1789345
ISIC_0063958,5.601805,0.9269262
ISIC_0063960,2.2874055,-2.1026297
ISIC_0063973,4.427806,-1.7127626
ISIC_0063980,5.140499,3.3976157
ISIC_0063981,7.218015,1.1915691
ISIC_0063988,0.002877987,2.0277011
ISIC_0064006,8.107268,-0.29653597
ISIC_0064014,2.142002,2.8590083
ISIC_0064023,1.054234,-0.48846895
ISIC_0064033,6.095609,2.2795837
ISIC_0064034,-1.582235,0.8368779
ISIC_0064054,3.2562785,-1.8690715
ISIC_0064056,5.3852253,-1.2479281
ISIC_0064058,6.4633684,-0.3050605
ISIC_0064060,-0.4036628,-1.0071623
ISIC_0064062,-1.2877127,-1.218448
ISIC_0064072,1.3700348,-0.73958045
ISIC_0064073,-0.90302634,-0.96167207
ISIC_0064079,4.030232,-1.8410845
ISIC_0064080,-1.7309563,0.41679415
ISIC_0064082,1.5760915,1.9739203
ISIC_0064100,2.3507435,1.9932535
ISIC_0064102,0.28491285,-0.4798877
ISIC_0064110,4.070838,-2.1041186
ISIC_0064114,5.581262,-1.3362434
ISIC_0064116,2.349504,-2.6057518
ISIC_0064120,4.2656336,3.570152
ISIC_0064122,6.2090883,3.832511
ISIC_0064129,5.222261,1.1276356
ISIC_0064130,-0.9607335,0.34880266
ISIC_0064134,7.7331676,-1.1320398
ISIC_0064141,7.5257134,-1.2889773
ISIC_0064152,4.1805053,4.9222317
ISIC_0064157,2.9161704,2.2923913
ISIC_0064167,4.925934,3.0817797
ISIC_0064174,4.7642503,-1.2516472
ISIC_0064180,6.271249,2.8642964
ISIC_0064195,4.266478,-0.6257864
ISIC_0064201,4.142997,-2.7681997
ISIC_0064204,6.0777287,1.4939502
ISIC_0064209,2.3374467,0.97386014
ISIC_0064212,7.0236087,0.33059528
ISIC_0064229,1.4477296,-0.8789027
ISIC_0064240,6.224473,-1.1050948
ISIC_0064246,-1.2806247,0.6058126
ISIC_0064247,4.7476554,2.7682564
ISIC_0064261,-1.137705,-0.6346038
ISIC_0064266,5.6741776,-2.1354387
ISIC_0064268,4.8763027,3.077896
ISIC_0064270,3.1871183,3.750763
ISIC_0064272,6.2065897,2.1923904
ISIC_0064276,4.0753703,-0.4927974
ISIC_0064279,2.1874874,0.8270701
ISIC_0064281,-0.8778205,1.5687032
ISIC_0064294,3.6967442,0.8882076
ISIC_0064297,4.1463056,-0.4186704
ISIC_0064298,2.817688,3.801476
ISIC_0064307,1.7619638,0.15018831
ISIC_0064317,-1.7852527,-0.9085078
ISIC_0064320,0.8857682,3.1044686
ISIC_0064321,3.8952715,2.3529742
ISIC_0064328,1.6701349,2.7457047
ISIC_0064337,2.832073,-2.264771
ISIC_0064339,4.899305,3.6459224
ISIC_0064344,0.2272464,-1.9651313
ISIC_0064360,5.8668838,-1.5509808
ISIC_0064361,5.3934536,3.6974876
ISIC_0064369,3.7275763,3.6329901
ISIC_0064376,3.7753992,1.491595
ISIC_0064393,5.1137714,-1.0603966
ISIC_0064406,5.7088585,-2.6870635
ISIC_0064411,3.2173803,4.133808
ISIC_0064419,4.360109,-1.6256447
ISIC_0064427,5.312917,1.3814814
ISIC_0064428,1.4519907,-0.13123016
ISIC_0064436,5.1092825,3.488759
ISIC_0064444,7.410395,1.5504014
ISIC_0064455,2.9243453,-2.1355054
ISIC_0064463,4.3280745,-2.4375815
ISIC_0064465,5.5783477,-2.6122124
ISIC_0064472,2.1148472,-1.5921714
ISIC_0064476,1.8127815,-1.3013331
ISIC_0064481,6.4690433,0.9614963
ISIC_0064483,7.2142034,1.8929462
ISIC_0064498,4.3975186,4.982014
ISIC_0064507,8.010696,-1.3454045
ISIC_0064515,1.8673496,0.8119153
ISIC_0064517,2.0543845,0.7221523
ISIC_0064530,6.5149636,-0.5067924
ISIC_0064531,7.23357,1.5442016
ISIC_0064534,6.33681,0.61788315
ISIC_0064538,5.454213,0.07594282
ISIC_0064550,4.288667,1.3087233
ISIC_0064559,2.322182,-0.66687816
ISIC_0064569,6.7201924,1.9115102
ISIC_0064575,6.296699,-0.16107818
ISIC_0064581,1.9276067,1.460246
ISIC_0064585,6.7472167,-2.432841
ISIC_0064589,4.7211943,3.187179
ISIC_0064592,3.4707706,-1.682767
ISIC_0064606,4.1775837,-1.7681835
ISIC_0064611,5.523409,-1.3283938
ISIC_0064619,1.3804036,0.35524672
ISIC_0064623,1.3042308,1.8840173
ISIC_0064632,4.0795636,-1.8216354
ISIC_0064633,1.4829348,0.7524008
ISIC_0064645,3.9938664,3.9391422
ISIC_0064646,4.036009,4.3061132
ISIC_0064656,0.62231416,2.7973273
ISIC_0064660,2.006182,1.0824215
ISIC_0064667,7.4240994,2.2425115
ISIC_0064668,1.9187328,1.0017911
ISIC_0064672,4.2050185,-2.476958
ISIC_0064676,5.686197,-1.2081944
ISIC_0064686,4.79999,-2.059591
ISIC_0064689,0.52240604,1.2361231
ISIC_0064692,5.7444224,-1.1478764
ISIC_0064693,4.323224,-0.7239907
ISIC_0064694,6.717346,0.9918092
ISIC_0064721,5.4338765,-1.7120966
ISIC_0064730,4.927583,3.5057085
ISIC_0064732,6.9133754,-0.027400907
ISIC_0064739,3.6893737,3.476004
ISIC_0064742,2.080384,1.410458
ISIC_0064752,7.311566,1.4561988
ISIC_0064759,4.3066635,4.655148
ISIC_0064784,2.5082924,-0.87350464
ISIC_0064800,-1.2542285,1.7544551
ISIC_0064804,4.544215,-2.2047322
ISIC_0064816,5.025947,-1.0430365
ISIC_0064821,4.416977,-0.92247593
ISIC_0064822,2.0477953,-1.199728
ISIC_0064823,3.5984,0.018899757
ISIC_0064825,4.9384565,-0.5105919
ISIC_0064829,7.2962728,-0.27300858
ISIC_0064835,-1.0423702,-1.503861
ISIC_0064836,-1.7732935,1.5019902
ISIC_0064840,2.50999,-2.1067462
ISIC_0064849,7.215618,0.8099888
ISIC_0064860,3.1943018,-0.79938495
ISIC_0064868,4.235115,-1.7533689
ISIC_0064874,0.55613977,-0.5873444
ISIC_0064875,1.885929,0.11137882
ISIC_0064881,2.95717,-1.9526626
ISIC_0064887,5.3754787,-0.82548624
ISIC_0064905,4.244867,4.1703568
ISIC_0064907,0.175519,0.5335124
ISIC_0064909,4.761291,4.288997
ISIC_0064910,4.9523554,-0.594957
ISIC_0064919,4.930597,3.4978974
ISIC_0064921,4.796442,-2.0145829
ISIC_0064925,0.6123859,-0.9840321
ISIC_0064926,6.1614227,0.88050497
ISIC_0064927,-1.6372293,0.1344649
ISIC_0064929,2.6718829,-0.9797372
ISIC_0064933,5.5581813,-0.45625046
ISIC_0064936,4.292367,-0.56902426
ISIC_0064941,0.80311686,-1.1212785
ISIC_0064943,5.198759,3.1187737
ISIC_0064949,-0.45036212,-0.66052955
ISIC_0064965,3.701279,-2.2052972
ISIC_0064982,4.0657415,-2.823939
ISIC_0064983,7.2476835,-1.1425266
ISIC_0064986,6.104724,1.5796845
ISIC_0064990,8.037845,0.60683155
ISIC_0064992,5.91619,-1.3585497
ISIC_0064993,5.6921062,0.5861445
ISIC_0064997,5.722571,-1.9169233
ISIC_0065001,3.180623,-1.3431879
ISIC_0065008,3.2251387,3.780803
ISIC_0065013,3.807182,-0.06901246
ISIC_0065022,-1.5917504,1.5205787
ISIC_0065023,-1.6454735,0.47509986
ISIC_0065025,7.2685423,-0.5000412
ISIC_0065026,8.067755,-0.46067554
ISIC_0065036,2.4763505,2.5876386
ISIC_0065039,-0.58834624,-1.40433
ISIC_0065046,5.64743,-2.0651155
ISIC_0065057,1.939099,2.4515522
ISIC_0065059,5.136362,4.332592
ISIC_0065066,-1.9652879,0.68486303
ISIC_0065099,-1.0623043,1.4708343
ISIC_0065100,4.803218,-0.99849623
ISIC_0065106,4.8264794,-0.3048412
ISIC_0065109,5.8151937,-1.9427198
ISIC_0065128,-1.2522868,0.89281356
ISIC_0065132,1.0131938,2.0456455
ISIC_0065142,4.107053,-1.5023279
ISIC_0065159,4.677515,-0.3643859
ISIC_0065168,3.363758,2.7223773
ISIC_0065171,-1.762158,-0.9522987
ISIC_0065173,6.464037,-1.0614522
ISIC_0065186,7.5544553,-0.69531184
ISIC_0065191,3.638525,3.2586482
ISIC_0065192,-1.3025247,1.4596229
ISIC_0065195,5.3692555,2.4031892
ISIC_0065206,-1.3813231,-0.29855937
ISIC_0065210,4.3580627,-0.5976614
ISIC_0065213,4.403092,4.896519
ISIC_0065215,4.07446,4.032938
ISIC_0065230,6.6705213,-0.22870141
ISIC_0065235,6.600054,0.24137267
ISIC_0065236,-0.51573545,1.5999608
ISIC_0065248,6.2218857,-2.5152366
ISIC_0065253,3.6051288,-0.7702262
ISIC_0065265,2.2021248,-1.6429828
ISIC_0065267,2.3753445,2.4275775
ISIC_0065278,4.253599,1.8613842
ISIC_0065283,-2.252901,3.0401416
ISIC_0065305,3.3618228,-1.9993713
ISIC_0065307,-0.97607255,1.5581291
ISIC_0065311,4.154223,2.0612419
ISIC_0065313,4.0656404,2.4424114
ISIC_0065315,5.60643,-1.0759882
ISIC_0065341,-1.8121458,0.52985454
ISIC_0065347,1.0873365,0.35617712
ISIC_0065351,-2.001529,0.47279602
ISIC_0065363,3.4752202,3.1703548
ISIC_0065367,7.781121,1.2782681
ISIC_0065379,4.776093,4.4483786
ISIC_0065382,2.5397296,2.772476
ISIC_0065398,-1.3902113,-0.3416524
ISIC_0065402,3.6760347,-2.1737783
ISIC_0065408,-1.5451725,-0.62090564
ISIC_0065417,7.3863344,-1.5592529
ISIC_0065431,4.9211955,-0.26802394
ISIC_0065434,2.0070682,-0.65054405
ISIC_0065443,0.36050272,2.7719626
ISIC_0065446,-1.4845161,-0.008856269
ISIC_0065448,0.25467086,0.66953015
ISIC_0065449,5.7879906,2.2978685
ISIC_0065463,1.6671262,0.93349564
ISIC_0065477,2.190076,3.5931718
ISIC_0065507,6.6353693,0.19047102
ISIC_0065512,4.252455,3.6461933
ISIC_0065513,5.49158,0.9347595
ISIC_0065516,3.30434,-0.3401102
ISIC_0065518,1.3465785,3.9400215
ISIC_0065521,-1.3344827,1.6623107
ISIC_0065523,4.084585,4.3639874
ISIC_0065525,1.7860382,2.6023831
ISIC_0065531,-0.66020995,-0.0722937
ISIC_0065532,4.096646,-1.083183
ISIC_0065533,6.5436287,0.28871608
ISIC_0065535,6.3172965,2.840717
ISIC_0065539,4.9658265,0.865418
ISIC_0065571,2.4462304,2.0667803
ISIC_0065576,4.7957478,-0.08544679
ISIC_0065577,2.2618182,-2.5035722
ISIC_0065582,3.7504907,-0.33891442
ISIC_0065590,-1.9204869,-1.0167394
ISIC_0065597,3.9959004,1.87043
ISIC_0065598,1.3915597,-1.194279
ISIC_0065615,-1.0355893,0.22085434
ISIC_0065618,1.6515577,0.014916176
ISIC_0065622,4.2584825,4.434802
ISIC_0065627,6.5539074,2.3872936
ISIC_0065644,5.114534,4.5066323
ISIC_0065655,4.5482597,3.943703
ISIC_0065658,-1.2576793,0.5409827
ISIC_0065668,6.1044073,1.6967839
ISIC_0065671,5.323547,0.08838033
ISIC_0065675,0.37371436,0.02460646
ISIC_0065694,5.339683,-2.6754382
ISIC_0065697,-1.326271,1.6292604
ISIC_0065698,7.1447234,0.41861406
ISIC_0065709,3.4780269,4.312987
ISIC_0065714,3.5057151,-1.3293141
ISIC_0065727,-1.6884129,0.030015238
ISIC_0065740,3.760577,2.5782719
ISIC_0065742,-1.4772552,0.5455119
ISIC_0065746,5.466534,2.138062
ISIC_0065748,8.0458555,1.4248853
ISIC_0065760,6.5441933,0.2961122
ISIC_0065767,5.7625666,-0.32002768
ISIC_0065774,-1.2817401,0.5882168
ISIC_0065775,-1.3659545,0.27233392
ISIC_0065781,0.42650878,0.042591788
ISIC_0065786,5.583627,0.50388867
ISIC_0065788,4.9955645,0.7769078
ISIC_0065801,5.453087,-0.62142134
ISIC_0065806,1.4001741,1.8275416
ISIC_0065807,4.4723144,1.2406585
ISIC_0065813,4.6297765,3.0060368
ISIC_0065823,-0.7616365,1.5308759
ISIC_0065825,2.4731276,3.324114
ISIC_0065843,5.2719183,-2.229898
ISIC_0065853,3.9961052,-2.3705075
ISIC_0065858,2.6986868,2.3423612
ISIC_0065869,4.9449167,-2.1603553
ISIC_0065870,-0.77850807,-1.1557707
ISIC_0065872,2.5842192,-0.4809076
ISIC_0065889,1.0447284,2.130063
ISIC_0065895,6.8353443,0.4002145
ISIC_0065904,4.039214,4.0456133
ISIC_0065918,-1.6836683,0.48363012
ISIC_0065927,3.0453856,-1.9956799
ISIC_0065928,4.402776,4.572114
ISIC_0065932,4.311825,-0.56925696
ISIC_0065943,4.80119,0.9430045
ISIC_0065944,6.6126537,0.26335892
ISIC_0065945,6.641899,-2.4583592
ISIC_0065961,1.3792104,1.3624449
ISIC_0065969,-1.7544236,-0.586438
ISIC_0065974,-0.75361615,1.5873951
ISIC_0065997,5.000282,3.2825632
ISIC_0066001,-0.6571933,0.69952035
ISIC_0066019,5.273644,3.758768
ISIC_0066047,5.17791,-1.6628468
ISIC_0066058,6.6472287,-0.39477658
ISIC_0066061,2.479685,3.3246446
ISIC_0066066,5.6188984,-2.5013924
ISIC_0066069,-1.0917721,1.4473473
ISIC_0066075,5.792417,-0.30338746
ISIC_0066085,-0.24012607,0.5918598
ISIC_0066093,5.778225,-1.7488421
ISIC_0066094,3.4037576,3.540469
ISIC_0066098,5.0830216,0.33702743
ISIC_0066101,6.482812,1.4528962
ISIC_0066102,4.3060527,3.965731
ISIC_0066106,1.486451,3.6842253
ISIC_0066109,2.1030707,-2.3729112
ISIC_0066116,-1.6889708,0.60160637
ISIC_0066124,5.088214,-1.2004097
ISIC_0066127,4.244264,-1.300744
ISIC_0066136,4.157502,-0.8769029
ISIC_0066143,3.1640513,-1.3735577
ISIC_0066146,2.4639199,-0.26800245
ISIC_0066154,6.014467,0.95123583
ISIC_0066161,4.5806847,1.4314095
ISIC_0066165,-1.5335201,-0.5303807
ISIC_0066181,5.053239,-1.7225837
ISIC_0066185,5.09756,4.151339
ISIC_0066191,6.79011,-0.1810482
ISIC_0066200,-1.3968269,0.33768076
ISIC_0066203,-1.7754064,-0.72392005
ISIC_0066204,0.4673931,2.1927488
ISIC_0066209,0.6486942,2.3797922
ISIC_0066217,1.0807614,-0.51679295
ISIC_0066226,6.739866,1.6937009
ISIC_0066244,3.0033286,4.089355
ISIC_0066289,-0.4870192,0.5099944
ISIC_0066307,2.7369144,-2.5922217
ISIC_0066308,7.2188077,1.0128064
ISIC_0066316,-1.0998707,-1.531406
ISIC_0066320,3.7425246,-1.7760015
ISIC_0066325,5.0758905,2.6049995
ISIC_0066332,4.208567,-2.7031295
ISIC_0066336,-1.4188501,1.669372
ISIC_0066338,4.0183725,-1.6443169
ISIC_0066350,4.4802313,5.0340776
ISIC_0066352,6.3522363,-1.6930188
ISIC_0066358,4.204701,0.5308904
ISIC_0066359,3.3759298,3.1006246
ISIC_0066375,4.687907,1.3551347
ISIC_0066376,1.7286073,-0.62824845
ISIC_0066378,4.990723,3.369426
ISIC_0066379,0.9291454,2.7812502
ISIC_0066382,2.8958306,3.384765
ISIC_0066384,4.4864197,-2.4665208
ISIC_0066390,6.016633,-1.4830683
ISIC_0066394,5.0666275,-1.1104163
ISIC_0066399,4.0642943,4.74437
ISIC_0066401,4.784752,3.479691
ISIC_0066403,5.3123965,0.646732
ISIC_0066412,2.1680102,-2.1788714
ISIC_0066422,7.008957,2.1502745
ISIC_0066423,-1.5980996,-0.19500898
ISIC_0066426,4.201858,4.4097724
ISIC_0066428,5.239888,-1.8931612
ISIC_0066430,2.5457506,-0.2436038
ISIC_0066448,4.2536097,-0.7336061
ISIC_0066470,1.182861,-1.8759667
ISIC_0066476,4.1447473,-1.6481534
ISIC_0066481,7.6688585,-1.1237237
ISIC_0066483,-1.2204497,0.6348086
ISIC_0066492,2.5264664,3.2824616
ISIC_0066497,3.394243,4.084076
ISIC_0066499,3.0771694,-2.2117922
ISIC_0066500,3.2107782,4.267778
ISIC_0066505,-0.89646524,1.7824957
ISIC_0066506,4.3351836,-1.5903387
ISIC_0066515,-0.45895115,0.876384
ISIC_0066516,5.433322,3.579877
ISIC_0066518,-1.2909435,0.74134743
ISIC_0066519,5.6652656,-2.6479542
ISIC_0066520,4.6595387,3.1936371
ISIC_0066532,2.0992918,-1.1741568
ISIC_0066533,3.3509066,3.3735595
ISIC_0066535,4.973039,-1.8813013
ISIC_0066560,5.8938475,2.5092149
ISIC_0066564,4.365406,1.7880484
ISIC_0066568,3.8247533,-2.180103
ISIC_0066588,4.450351,-1.6884954
ISIC_0066589,5.6256905,-2.493576
ISIC_0066593,4.036826,2.5782218
ISIC_0066603,-0.8632519,-0.8845349
ISIC_0066609,5.693655,-1.7615005
ISIC_0066612,-1.3360064,-0.49430457
ISIC_0066613,7.618894,-1.3115228
ISIC_0066626,4.3644934,-0.9371143
ISIC_0066627,4.6457076,3.990674
ISIC_0066629,8.07185,0.5009943
ISIC_0066631,3.2714343,0.60585433
ISIC_0066633,3.0986726,3.1373513
ISIC_0066637,-0.25345868,-1.7574337
ISIC_0066649,4.636082,2.493642
ISIC_0066650,1.9131541,-1.7505996
ISIC_0066662,6.626295,0.0023043458
ISIC_0066671,3.1208918,1.8464067
ISIC_0066678,1.8419452,-1.5303622
ISIC_0066690,7.164947,0.9044637
ISIC_0066693,5.3851085,-0.98426026
ISIC_0066710,4.109977,0.11233362
ISIC_0066716,7.3861055,1.6305875
ISIC_0066722,2.5436895,2.2382538
ISIC_0066733,1.5994413,-1.4374609
ISIC_0066744,4.7468815,0.83668756
ISIC_0066750,-1.2580004,-0.1890075
ISIC_0066756,3.808185,2.3733397
ISIC_0066766,3.9766998,3.486171
ISIC_0066767,0.99347955,-1.2215786
ISIC_0066769,1.9342064,2.3057473
ISIC_0066776,-0.7320005,1.6989307
ISIC_0066783,-1.7827228,-0.8403694
ISIC_0066792,-0.44243717,0.027575547
ISIC_0066802,7.0704246,0.69449174
ISIC_0066811,6.560086,0.35696143
ISIC_0066815,7.4095345,1.3037035
ISIC_0066844,5.1477876,3.5582063
ISIC_0066845,-1.0274811,0.5702893
ISIC_0066848,5.506421,-2.600929
ISIC_0066854,3.9641857,-2.6373172
ISIC_0066855,1.7175913,-1.2518945
ISIC_0066860,2.5590055,-1.86769
ISIC_0066863,4.1931114,4.5555854
ISIC_0066865,4.516893,2.104979
ISIC_0066867,-0.9110434,0.16275363
ISIC_0066869,-0.45652175,0.8125478
ISIC_0066882,2.1009724,0.2598248
ISIC_0066886,4.37801,-0.7272398
ISIC_0066907,4.3889213,-1.090638
ISIC_0066910,5.996432,0.94111073
ISIC_0066918,4.999949,0.77288496
ISIC_0066921,6.27598,3.8720691
ISIC_0066927,6.3498254,1.8052921
ISIC_0066931,1.0072397,1.4793843
ISIC_0066933,6.744957,0.24212208
ISIC_0066935,7.5048766,1.4093106
ISIC_0066947,-1.3034935,-0.7942768
ISIC_0066952,7.454025,-0.9689801
ISIC_0066969,5.0791006,4.450892
ISIC_0066977,5.106994,-0.857152
ISIC_0066994,6.566574,-0.23314495
ISIC_0067005,7.511723,-1.5279725
ISIC_0067008,-1.4561802,-0.68575263
ISIC_0067009,1.3716344,3.289375
ISIC_0067054,-1.8088945,0.5685214
ISIC_0067062,8.05902,0.6747035
ISIC_0067069,3.7640889,3.924711
ISIC_0067083,-1.6977421,0.36489788
ISIC_0067101,7.3031807,0.7816727
ISIC_0067120,0.52243584,2.7207782
ISIC_0067126,4.9853706,3.399942
ISIC_0067129,5.1960196,4.4305553
ISIC_0067134,1.3710124,0.24299149
ISIC_0067151,4.6747127,4.487938
ISIC_0067159,1.9457856,-1.6641463
ISIC_0067160,-2.270926,3.037066
ISIC_0067167,6.3379793,2.8520522
ISIC_0067171,5.918593,-1.2574185
ISIC_0067188,4.167779,-0.8878498
ISIC_0067191,4.6359715,-0.6869234
ISIC_0067193,4.440559,-0.40441832
ISIC_0067194,-1.2564764,-0.6882153
ISIC_0067197,1.6629004,3.0332897
ISIC_0067200,5.452143,-1.6050473
ISIC_0067202,-1.2736728,-0.72326386
ISIC_0067206,2.6044633,-0.41464543
ISIC_0067208,3.80429,3.4871025
ISIC_0067210,3.6313708,-0.59384173
ISIC_0067225,7.8603644,2.5007806
ISIC_0067233,7.732341,0.35627457
ISIC_0067235,-1.0143996,-0.64376247
ISIC_0067240,4.9212627,-0.551545
ISIC_0067248,6.1384773,3.083946
ISIC_0067253,1.3683413,0.47366536
ISIC_0067274,1.7852365,-0.21557337
ISIC_0067276,3.1927962,2.6345918
ISIC_0067284,5.59419,-1.1105435
ISIC_0067308,4.3255,-1.9552159
ISIC_0067317,0.5669851,0.6381246
ISIC_0067318,1.423702,-1.9741756
ISIC_0067325,4.1967416,4.3581076
ISIC_0067333,3.321028,1.0676838
ISIC_0067335,5.6709657,-1.1682357
ISIC_0067339,-1.3503513,0.31521636
ISIC_0067347,6.1054316,-0.31735283
ISIC_0067350,-1.7230927,-0.30522513
ISIC_0067353,2.1387372,3.2870238
ISIC_0067365,7.2392125,0.27945706
ISIC_0067367,2.3220582,2.2433052
ISIC_0067375,4.125275,-1.8693588
ISIC_0067395,-1.8783139,0.10381639
ISIC_0067404,2.851056,3.4921842
ISIC_0067405,1.0657707,1.0935504
ISIC_0067417,2.9847338,-1.9687738
ISIC_0067418,4.812376,-1.1953896
ISIC_0067438,3.2677004,4.2776923
ISIC_0067443,0.65996826,2.586738
ISIC_0067452,6.097762,1.2443255
ISIC_0067458,1.9833809,-1.5194486
ISIC_0067460,7.5267186,2.224275
ISIC_0067461,3.6718028,-0.38066554
ISIC_0067466,8.071499,-0.49951133
ISIC_0067485,-2.2941315,3.0390277
ISIC_0067488,2.6467192,2.6692853
ISIC_0067489,1.8765002,1.0605878
ISIC_0067495,2.4808517,3.65315
ISIC_0067502,1.6226556,0.39613664
ISIC_0067504,1.5630878,2.1260688
ISIC_0067510,6.716902,2.8048353
ISIC_0067511,1.5389653,-0.8328922
ISIC_0067513,0.679924,-1.0663047
ISIC_0067515,6.2770863,2.2764993
ISIC_0067518,3.2854338,-0.33063665
ISIC_0067521,0.08161303,0.0122786015
ISIC_0067534,1.0061592,0.2731526
ISIC_0067536,4.962856,3.5323627
ISIC_0067543,2.127621,2.750763
ISIC_0067549,1.6354649,-0.76910937
ISIC_0067553,3.6442182,4.0013447
ISIC_0067564,3.1953368,2.8670266
ISIC_0067565,6.6271834,0.26153073
ISIC_0067566,1.3040617,3.3817246
ISIC_0067576,6.582747,0.294324
ISIC_0067577,2.4329624,-1.9086748
ISIC_0067598,2.5123103,-1.7067952
ISIC_0067601,-0.63446885,1.7144274
ISIC_0067602,2.3967905,-3.2680728
ISIC_0067619,7.9247103,2.613628
ISIC_0067625,4.351182,-1.7926468
ISIC_0067629,1.8715696,0.658423
ISIC_0067630,6.6859674,1.2945558
ISIC_0067636,3.5584948,2.779542
ISIC_0067653,2.3638098,1.9502081
ISIC_0067655,5.1811824,4.0127764
ISIC_0067667,3.8256521,2.1995509
ISIC_0067671,4.08267,-0.9110555
ISIC_0067685,1.9193016,0.14348468
ISIC_0067689,4.277927,4.6942954
ISIC_0067695,0.6110473,0.32884502
ISIC_0067696,5.917854,2.0511432
ISIC_0067697,1.2336587,3.3871994
ISIC_0067704,4.195644,-2.3498576
ISIC_0067711,5.012509,4.4169583
ISIC_0067716,3.347629,-1.8010405
ISIC_0067719,5.501015,2.0701432
ISIC_0067722,7.265171,-0.4481014
ISIC_0067731,4.372996,0.03340821
ISIC_0067733,5.504685,0.0731776
ISIC_0067743,2.3776288,2.9143023
ISIC_0067747,1.3002666,0.41049182
ISIC_0067756,5.805236,-2.1002393
ISIC_0067757,3.8148735,4.3696814
ISIC_0067758,3.7065773,3.7319782
ISIC_0067776,6.487862,-1.7268628
ISIC_0067782,5.4732623,2.8519444
ISIC_0067789,2.4960124,-0.7159006
ISIC_0067798,4.7835937,3.5596259
ISIC_0067804,-0.84033525,1.0910918
ISIC_0067805,-0.85006344,1.6907561
ISIC_0067808,3.6048543,-0.15421464
ISIC_0067816,6.031259,0.8720465
ISIC_0067821,0.79511523,1.8786422
ISIC_0067825,7.1242723,-0.51363355
ISIC_0067830,1.9386914,2.264308
ISIC_0067831,7.4792647,-1.2986462
ISIC_0067836,5.723658,-0.9919129
ISIC_0067843,5.8154793,1.5490407
ISIC_0067845,4.6738067,0.4262897
ISIC_0067847,4.1822414,2.250975
ISIC_0067849,1.8455324,-1.8694583
ISIC_0067857,2.093689,-2.1534727
ISIC_0067873,2.2035656,-1.2538298
ISIC_0067885,1.5618095,-0.0817267
ISIC_0067889,-1.7432609,-0.52221644
ISIC_0067890,4.2861357,3.5915651
ISIC_0067891,0.22590406,-1.9145886
ISIC_0067893,-1.7129085,1.6822222
ISIC_0067896,6.8464837,-0.10564315
ISIC_0067897,2.8566694,2.2880158
ISIC_0067902,2.9645078,1.2487987
ISIC_0067905,1.7039036,-1.1045123
ISIC_0067933,4.226861,-0.8185728
ISIC_0067934,4.0621734,-1.7282721
ISIC_0067947,5.039353,3.6876886
ISIC_0067949,1.0806627,3.235682
ISIC_0067952,1.9304913,3.025567
ISIC_0067953,3.677765,3.3340228
ISIC_0067960,2.0968177,-1.6701251
ISIC_0067969,-1.8048825,-0.14280862
ISIC_0067972,1.5758708,-1.85421
ISIC_0067979,4.604939,0.9971484
ISIC_0068000,-1.4912674,1.8875989
ISIC_0068003,7.7486033,2.4589143
ISIC_0068011,3.951738,4.6314907
ISIC_0068012,0.4942229,2.498401
ISIC_0068013,2.354197,0.5161072
ISIC_0068015,1.1733309,2.301414
ISIC_0068023,6.2887006,2.279565
ISIC_0068043,3.1135194,0.37589997
ISIC_0068048,-2.3084824,3.0363412
ISIC_0068055,4.8209734,-1.9784852
ISIC_0068060,2.3889194,-3.1366498
ISIC_0068064,7.5252476,-1.4220021
ISIC_0068069,6.8990664,0.4462799
ISIC_0068073,5.1448183,-2.3107069
ISIC_0068080,5.7944393,-2.3215454
ISIC_0068107,7.125979,0.83955646
ISIC_0068114,6.6170106,2.6305485
ISIC_0068117,2.861475,-1.144936
ISIC_0068118,4.0891805,-1.05598
ISIC_0068119,5.6358056,-2.1990912
ISIC_0068121,5.468016,2.8087351
ISIC_0068128,-2.3063185,3.0410829
ISIC_0068129,4.698899,-1.997416
ISIC_0068137,0.10351707,1.0522469
ISIC_0068143,5.2131286,2.5268757
ISIC_0068152,-1.9661858,0.68733996
ISIC_0068153,7.1257215,0.69102097
ISIC_0068164,5.902027,-1.0928737
ISIC_0068166,4.194243,-2.2933757
ISIC_0068178,3.1132507,4.309621
ISIC_0068188,3.895453,-0.2573526
ISIC_0068189,1.9110229,-0.49984518
ISIC_0068200,2.3304796,2.9455202
ISIC_0068202,3.855112,2.7509017
ISIC_0068206,6.347165,-1.1590198
ISIC_0068209,4.119999,4.0630794
ISIC_0068211,6.5823627,0.30854014
ISIC_0068218,3.8490486,3.9237905
ISIC_0068227,2.5750415,2.687019
ISIC_0068233,1.2433528,-1.1427437
ISIC_0068234,8.093159,-0.4236408
ISIC_0068239,3.2669225,1.2752347
ISIC_0068247,2.513044,0.76532656
ISIC_0068252,0.4874362,3.202295
ISIC_0068273,5.4501405,-1.678043
ISIC_0068275,6.003651,2.219563
ISIC_0068276,3.85772,2.0521812
ISIC_0068282,0.2134756,0.095241666
ISIC_0068290,2.2103953,3.9782188
ISIC_0068291,0.6358027,0.30894023
ISIC_0068294,3.666358,2.590331
ISIC_0068299,6.3004537,1.3350416
ISIC_0068303,7.433247,-0.8053452
ISIC_0068315,4.136251,2.1018198
ISIC_0068318,0.947722,2.0495868
ISIC_0068321,2.9199793,3.4473002
ISIC_0068331,4.8173366,-2.5329013
ISIC_0068343,5.7905154,4.2691045
ISIC_0068347,6.365648,2.2167177
ISIC_0068382,-1.6308062,-0.36604148
ISIC_0068383,4.4874725,3.3136992
ISIC_0068385,4.8758287,-2.0768726
ISIC_0068393,5.273122,-1.5196184
ISIC_0068396,5.513047,-2.6935213
ISIC_0068403,4.4305573,3.6642535
ISIC_0068407,0.17789267,0.58180124
ISIC_0068411,5.0789423,-0.91977954
ISIC_0068427,-1.4555831,1.6272
ISIC_0068438,6.510449,1.2522728
ISIC_0068452,2.3920572,-3.4242718
ISIC_0068460,3.9421775,4.824778
ISIC_0068463,5.7095923,-2.3312027
ISIC_0068465,-1.2433441,-0.65975857
ISIC_0068468,0.15326779,-1.1081667
ISIC_0068488,7.520932,1.3377091
ISIC_0068513,2.2493656,3.0499384
ISIC_0068524,5.262498,-2.5311387
ISIC_0068527,4.7980947,2.9874759
ISIC_0068528,-0.6586048,-0.65525746
ISIC_0068537,4.0190024,-0.35784566
ISIC_0068555,3.9569833,2.2233036
ISIC_0068560,3.0040114,-0.954126
ISIC_0068576,-0.9828076,-0.2996874
ISIC_0068578,3.2360451,-0.6560729
ISIC_0068581,3.1341085,3.3777246
ISIC_0068583,2.3514168,-1.1983889
ISIC_0068584,5.766929,-2.0203347
ISIC_0068586,2.0960705,3.104195
ISIC_0068609,6.566656,-0.37363946
ISIC_0068614,7.968788,1.3681037
ISIC_0068616,6.6476116,-0.32265198
ISIC_0068617,5.7720594,2.3290024
ISIC_0068627,5.829617,-1.8260703
ISIC_0068628,-0.077828206,1.1282407
ISIC_0068629,8.111579,-0.22084281
ISIC_0068633,4.6499643,-1.3088299
ISIC_0068638,3.883284,3.6228967
ISIC_0068660,4.3176064,1.0640647
ISIC_0068682,3.3657935,-2.0306633
ISIC_0068700,-0.9745488,0.2672629
ISIC_0068715,4.4399824,3.8148503
ISIC_0068717,5.2570653,-2.6496394
ISIC_0068721,2.5482597,3.7224321
ISIC_0068727,-1.746906,1.6554849
ISIC_0068730,5.3293247,-1.8198396
ISIC_0068744,2.3064067,-0.47427654
ISIC_0068747,0.050834455,1.6033086
ISIC_0068759,7.380212,-0.35223606
ISIC_0068760,2.0774593,2.0964484
ISIC_0068761,2.1132357,1.9324583
ISIC_0068766,5.44692,1.6056138
ISIC_0068776,2.9721203,-2.1072385
ISIC_0068778,0.99509865,-0.8438878
ISIC_0068800,4.0357857,-2.7903976
ISIC_0068808,5.2886167,-0.17239295
ISIC_0068817,5.0912123,4.2531805
ISIC_0068818,3.062667,2.7907617
ISIC_0068819,5.4322724,3.4408534
ISIC_0068840,5.5304246,-1.1736677
ISIC_0068850,4.1285186,-1.4969292
ISIC_0068851,5.575785,0.36775383
ISIC_0068874,3.6984193,0.007168321
ISIC_0068881,6.445023,-1.1706238
ISIC_0068882,0.56811184,3.3225274
ISIC_0068884,6.7897987,0.63755953
ISIC_0068895,2.3710876,1.0342153
ISIC_0068897,-1.670863,1.4312515
ISIC_0068900,4.2510715,2.9073982
ISIC_0068905,6.1210804,0.7247823
ISIC_0068907,4.688577,1.7354485
ISIC_0068911,2.411165,0.4842137
ISIC_0068917,6.052758,2.3661075
ISIC_0068921,5.3399167,-1.6533421
ISIC_0068924,3.5447388,3.3873718
ISIC_0068928,6.4687114,-1.0653299
ISIC_0068929,2.409224,-3.1587524
ISIC_0068931,7.7346163,-1.3904076
ISIC_0068936,8.079692,-0.37396425
ISIC_0068941,7.9286947,-0.7258689
ISIC_0068961,4.7418156,-2.3912356
ISIC_0068962,6.7153645,-1.0655411
ISIC_0068966,0.28837928,-0.0898368
ISIC_0068975,2.58139,-1.1856006
ISIC_0068979,4.9465523,-0.7102985
ISIC_0068981,-1.414297,0.10317498
ISIC_0068993,-0.13778593,0.46601903
ISIC_0069003,2.1748197,-2.3041556
ISIC_0069008,6.6825633,2.497324
ISIC_0069024,4.959761,0.24531221
ISIC_0069028,1.070692,1.4223514
ISIC_0069029,-1.4971925,1.0452901
ISIC_0069042,1.741768,-1.1137608
ISIC_0069058,4.685903,-0.42915565
ISIC_0069059,3.574305,-0.90020627
ISIC_0069062,6.4757037,-1.6743097
ISIC_0069065,7.531664,-0.80622506
ISIC_0069068,-0.63580894,1.8018799
ISIC_0069070,1.0963393,3.5320997
ISIC_0069072,1.2609098,3.0160408
ISIC_0069076,-1.2318051,-0.6455298
ISIC_0069077,0.44679883,2.3093166
ISIC_0069091,6.4138284,-1.4561795
ISIC_0069093,3.7687669,-0.90299886
ISIC_0069102,3.4142685,-2.0340867
ISIC_0069105,3.7851007,-0.45760846
ISIC_0069108,1.4883622,0.14364134
ISIC_0069112,3.8014114,4.3065186
ISIC_0069119,5.9812775,1.9499938
ISIC_0069148,3.6849797,0.00866528
ISIC_0069156,2.242511,2.0552065
ISIC_0069158,-1.8324618,0.3712566
ISIC_0069165,3.3891098,2.6624684
ISIC_0069167,6.678293,0.2212696
ISIC_0069179,4.8438044,0.9399307
ISIC_0069192,-1.0992888,0.9998505
ISIC_0069197,4.473615,4.1183763
ISIC_0069199,5.249023,0.26370394
ISIC_0069204,4.656253,-1.9084728
ISIC_0069210,-1.4334435,1.4704059
ISIC_0069230,2.4786348,1.3362322
ISIC_0069238,6.700931,-1.3131897
ISIC_0069245,-1.1672622,1.703703
ISIC_0069246,5.5982127,1.7400268
ISIC_0069248,4.232892,4.758173
ISIC_0069257,1.1437467,-1.8624281
ISIC_0069262,-1.51802,1.7737255
ISIC_0069264,2.5359955,2.1235037
ISIC_0069267,4.3295937,-1.9405061
ISIC_0069273,2.0131438,-1.4067996
ISIC_0069277,5.5805216,2.4894812
ISIC_0069292,3.816503,4.3107295
ISIC_0069293,3.1530142,2.7019453
ISIC_0069315,6.763967,0.27887055
ISIC_0069358,1.4948392,1.2545574
ISIC_0069361,5.4615426,0.94674885
ISIC_0069365,-1.2730784,1.0960462
ISIC_0069369,4.108428,-1.6295333
ISIC_0069380,3.9557128,3.9233465
ISIC_0069385,-1.6640497,-0.9450337
ISIC_0069386,4.5245557,-2.0213432
ISIC_0069391,-1.4730853,-0.5792617
ISIC_0069395,6.4937644,0.19230172
ISIC_0069402,1.6500298,2.7431464
ISIC_0069411,5.4321313,1.9978379
ISIC_0069416,6.8586845,0.25249785
ISIC_0069432,4.4228806,4.9706316
ISIC_0069437,4.7182302,-1.1233844
ISIC_0069457,5.518844,1.6583709
ISIC_0069459,0.7064974,3.418107
ISIC_0069466,2.1818926,-0.6761502
ISIC_0069473,5.1696568,1.3447499
ISIC_0069475,-1.2638596,0.8502649
ISIC_0069479,5.5462365,-0.7574957
ISIC_0069481,1.7878045,-0.027248932
ISIC_0069488,2.1346302,1.0509514
ISIC_0069504,3.5527296,-1.7997417
ISIC_0069508,4.0974298,4.319539
ISIC_0069509,-0.7493707,0.6559517
ISIC_0069511,2.4675941,1.2386816
ISIC_0069514,6.3827176,-1.7464215
ISIC_0069515,3.0252917,-2.4267051
ISIC_0069536,1.0580747,3.0061243
ISIC_0069540,3.995301,2.122823
ISIC_0069573,4.1227994,4.829688
ISIC_0069583,7.482942,-1.3149306
ISIC_0069591,1.2153915,0.30489612
ISIC_0069592,7.7868266,2.4356658
ISIC_0069595,-0.46938318,0.13095689
ISIC_0069617,-1.8880928,0.3014744
ISIC_0069620,4.6944103,2.737765
ISIC_0069622,4.6235948,1.2401085
ISIC_0069624,3.7448618,-2.4453208
ISIC_0069626,3.2501674,-1.2550509
ISIC_0069635,6.6522455,-0.44859836
ISIC_0069638,6.079994,-0.99753475
ISIC_0069657,3.9583192,-0.51498985
ISIC_0069660,0.5104321,-0.5053458
ISIC_0069668,0.6703774,1.8863468
ISIC_0069669,6.307453,2.2193284
ISIC_0069671,3.6489666,2.526589
ISIC_0069705,2.7804344,3.0467823
ISIC_0069727,1.3878808,0.75068057
ISIC_0069733,6.5236635,-0.0027599356
ISIC_0069736,2.6155915,1.7383376
ISIC_0069743,-0.27652356,-0.8151781
ISIC_0069747,1.9783024,-1.6235914
ISIC_0069775,6.8326907,-2.0128534
ISIC_0069791,2.1704788,2.5115268
ISIC_0069810,7.969621,0.5519688
ISIC_0069819,3.7082012,3.1763978
ISIC_0069821,4.34495,-1.4329872
ISIC_0069833,-0.7637559,-0.14496297
ISIC_0069841,-1.2578448,1.48727
ISIC_0069851,3.99241,-1.1615136
ISIC_0069859,7.577149,-1.3527235
ISIC_0069860,4.817769,-1.3502069
ISIC_0069864,1.8449292,0.017311009
ISIC_0069873,5.6793513,-1.7113427
ISIC_0069889,5.601626,-0.41910288
ISIC_0069891,1.0381826,2.4735117
ISIC_0069908,1.7213203,0.4573624
ISIC_0069918,2.6005394,2.2557297
ISIC_0069920,7.30435,0.6787732
ISIC_0069922,5.2644205,1.5832222
ISIC_0069929,4.984469,3.3506327
ISIC_0069946,6.298316,-0.59811234
ISIC_0069951,4.4003654,4.6078258
ISIC_0069958,5.616865,-1.8033854
ISIC_0069967,1.727103,-0.63448614
ISIC_0069970,-1.7249719,-0.2650142
ISIC_0069977,5.543224,-1.4368476
ISIC_0069984,2.1269782,0.25122118
ISIC_0069986,6.4467382,-0.047743496
ISIC_0069988,7.5555267,0.33470562
ISIC_0069995,1.8467146,-1.112454
ISIC_0070006,4.9572935,3.9566133
ISIC_0070012,6.072392,1.4857779
ISIC_0070017,3.719382,-2.1266217
ISIC_0070018,7.6959753,2.3021553
ISIC_0070032,5.397987,-0.67796075
ISIC_0070045,1.7475805,-0.4344586
ISIC_0070049,5.1907797,-0.6919162
ISIC_0070050,2.3804219,2.7306013
ISIC_0070051,3.6726294,2.6540453
ISIC_0070061,2.7950892,-1.757846
ISIC_0070068,-1.0086024,2.076325
ISIC_0070089,8.078355,0.5730081
ISIC_0070092,1.5908837,-0.7379404
ISIC_0070093,2.3932962,-3.2704785
ISIC_0070095,7.04656,-1.5940294
ISIC_0070105,0.34781516,1.9962149
ISIC_0070107,0.50664276,0.20000231
ISIC_0070108,2.3354237,2.6199577
ISIC_0070109,7.2756996,-0.6120957
ISIC_0070110,1.1105272,-1.235568
ISIC_0070114,1.6264508,2.2392242
ISIC_0070120,4.1214366,4.408461
ISIC_0070123,4.147229,-0.8581555
ISIC_0070129,1.4035025,0.88549685
ISIC_0070137,2.3457963,1.0775758
ISIC_0070139,-1.1622543,1.921604
ISIC_0070141,5.291901,-0.17915961
ISIC_0070149,5.315495,4.39837
ISIC_0070170,6.022944,1.5685165
ISIC_0070172,0.27778614,2.7110155
ISIC_0070207,7.352752,-0.8984848
ISIC_0070215,3.370639,3.1312368
ISIC_0070217,-1.5534645,1.9636184
ISIC_0070220,5.951723,-0.27139547
ISIC_0070227,4.9867477,0.8963212
ISIC_0070235,4.6227307,4.6396155
ISIC_0070248,5.3760686,1.5057148
ISIC_0070250,1.8269856,-1.2086778
ISIC_0070253,2.2544088,2.5847354
ISIC_0070262,3.9296284,-1.1807283
ISIC_0070274,-1.1209453,1.4360129
ISIC_0070303,4.5821104,1.9700651
ISIC_0070308,-2.2753983,3.0322611
ISIC_0070313,1.6446636,0.24746636
ISIC_0070316,5.9451137,-0.47512347
ISIC_0070327,6.724514,1.94161
ISIC_0070341,2.5056713,3.492665
ISIC_0070342,4.8037114,2.7083914
ISIC_0070344,7.6054244,-1.3253659
ISIC_0070347,4.0172143,-1.7481536
ISIC_0070351,1.3121057,2.438252
ISIC_0070352,1.9444948,-1.7212707
ISIC_0070362,2.68132,2.6758106
ISIC_0070363,3.1288009,0.13292377
ISIC_0070366,4.2082453,4.6218524
ISIC_0070371,7.2274942,0.84453034
ISIC_0070374,5.696587,0.97387785
ISIC_0070380,-1.6524298,0.37089452
ISIC_0070387,3.7328765,-1.6084888
ISIC_0070396,0.23198563,-0.78613764
ISIC_0070400,5.4933686,2.8687387
ISIC_0070403,1.2970735,0.5212085
ISIC_0070414,2.3495271,-1.8672233
ISIC_0070419,2.3928976,4.0062156
ISIC_0070427,6.4212227,2.7085686
ISIC_0070431,8.045082,-0.78648615
ISIC_0070433,3.5625622,0.059632376
ISIC_0070435,2.469368,1.1839956
ISIC_0070439,4.6751914,1.4699893
ISIC_0070441,6.469426,2.259165
ISIC_0070442,4.0657673,-0.33118293
ISIC_0070446,2.9749026,3.9402778
ISIC_0070447,1.5917797,0.6433568
ISIC_0070454,-1.3022931,1.9692993
ISIC_0070465,4.7048955,-1.3544846
ISIC_0070477,4.990493,-0.10244265
ISIC_0070480,1.7406349,-0.39837313
ISIC_0070489,4.777855,2.8844705
ISIC_0070501,4.9379225,-2.686921
ISIC_0070517,6.724489,-2.4242659
ISIC_0070520,-0.4698473,-1.1291423
ISIC_0070521,4.4557686,3.4398992
ISIC_0070549,3.8329394,-0.4841072
ISIC_0070551,0.013549279,-0.71345836
ISIC_0070553,2.7058084,-1.4260658
ISIC_0070566,5.5262904,-0.028773608
ISIC_0070572,6.5677285,-2.4777563
ISIC_0070578,5.091461,-2.0934017
ISIC_0070581,6.5415354,0.009483495
ISIC_0070585,3.114669,-1.3010726
ISIC_0070588,0.6055246,1.389336
ISIC_0070593,2.0889807,-2.1589231
ISIC_0070595,4.6830177,-1.2607198
ISIC_0070596,5.4394574,4.4509387
ISIC_0070601,1.8624742,-1.8457959
ISIC_0070611,3.5154676,3.8739579
ISIC_0070614,1.7143148,2.1274948
ISIC_0070623,5.3655877,1.7253633
ISIC_0070629,4.68488,-2.0682993
ISIC_0070653,6.725324,0.45415932
ISIC_0070657,5.116303,-1.994226
ISIC_0070658,5.685169,-1.043255
ISIC_0070666,-1.802133,-0.5791141
ISIC_0070689,1.4594116,3.7700076
ISIC_0070702,4.6201363,-0.29305878
ISIC_0070709,4.1680036,2.1370995
ISIC_0070710,3.8894227,3.113121
ISIC_0070711,3.6556811,-1.3830082
ISIC_0070724,5.1919045,-0.44427532
ISIC_0070727,2.6727185,3.1273694
ISIC_0070731,1.9995378,2.2523487
ISIC_0070743,5.5107436,-2.0636492
ISIC_0070745,3.7383564,0.144331
ISIC_0070747,-0.4392947,1.2512809
ISIC_0070752,-1.0518392,-0.86782813
ISIC_0070756,-1.1944482,1.7287406
ISIC_0070778,-0.976773,1.225126
ISIC_0070784,2.4707482,0.27010158
ISIC_0070794,1.1984978,3.1919487
ISIC_0070799,-1.7310547,-0.69369566
ISIC_0070801,2.4200084,4.0885015
ISIC_0070805,-0.89401406,-0.55575633
ISIC_0070809,2.146231,3.359028
ISIC_0070814,0.099782445,-1.679244
ISIC_0070815,7.7077374,2.4972486
ISIC_0070816,2.6172748,3.0882776
ISIC_0070822,5.0799966,-1.0936024
ISIC_0070837,6.7542295,2.4611247
ISIC_0070842,5.1119456,-1.3308185
ISIC_0070846,4.9086595,4.2221575
ISIC_0070852,4.064621,-1.7634951
ISIC_0070867,5.5252585,-1.3183109
ISIC_0070871,-0.8030296,0.5479401
ISIC_0070886,0.8994436,-0.10211402
ISIC_0070888,3.9636195,2.1659088
ISIC_0070910,6.152962,0.32581297
ISIC_0070913,5.2933884,-1.657822
ISIC_0070916,6.476845,-0.11218259
ISIC_0070920,6.7047133,-0.43462095
ISIC_0070927,5.3796525,-0.8088699
ISIC_0070938,3.817263,3.6385715
ISIC_0070940,4.596615,3.9411385
ISIC_0070959,5.087062,-2.2768264
ISIC_0070961,1.5888085,-0.7111601
ISIC_0070973,3.7688992,-1.2646918
ISIC_0070974,5.7373333,-1.8097827
ISIC_0070976,2.9226031,-2.006356
ISIC_0070984,3.141415,3.9413126
ISIC_0070990,-1.3887008,1.6532581
ISIC_0070992,0.32900515,-0.35315636
ISIC_0070998,2.12931,0.5156267
ISIC_0071006,5.072369,-0.6557472
ISIC_0071012,3.922642,3.8167803
ISIC_0071017,0.8246297,-0.9057085
ISIC_0071035,4.3279724,4.4132166
ISIC_0071043,5.5289116,1.3338375
ISIC_0071045,3.3594148,2.4231944
ISIC_0071047,1.8578945,3.0950468
ISIC_0071048,4.0130196,2.4135685
ISIC_0071067,2.859215,-2.5225277
ISIC_0071069,-0.9896471,2.032956
ISIC_0071074,3.7506979,3.1398323
ISIC_0071089,3.640266,3.3516772
ISIC_0071095,3.9976335,4.056439
ISIC_0071101,5.7524276,4.3103633
ISIC_0071109,7.7151875,2.075647
ISIC_0071111,-0.6130373,1.4293457
ISIC_0071119,-1.4148227,1.8687595
ISIC_0071122,1.7085522,-0.08389913
ISIC_0071124,2.0982008,-0.5807997
ISIC_0071132,-1.9022526,0.28060758
ISIC_0071133,1.0234962,-0.72245646
ISIC_0071134,2.0842915,-0.81960666
ISIC_0071137,4.8298745,-0.44526497
ISIC_0071138,5.5718374,-1.0346704
ISIC_0071142,6.7926936,0.24321994
ISIC_0071169,7.514423,0.6849113
ISIC_0071176,1.7528119,-0.94521743
ISIC_0071178,4.2620053,-1.7594309
ISIC_0071180,-0.74620193,0.3248677
ISIC_0071196,6.616701,-1.153983
ISIC_0071208,4.060601,3.8244593
ISIC_0071215,2.79742,2.85215
ISIC_0071218,5.4341598,0.024594361
ISIC_0071238,8.062472,0.5243481
ISIC_0071240,2.066679,-1.5946547
ISIC_0071245,4.7948103,-1.2494851
ISIC_0071253,5.2414446,-0.8287112
ISIC_0071257,-1.7741479,0.23922671
ISIC_0071258,4.3092422,-1.5329713
ISIC_0071260,2.3997607,-3.3874912
ISIC_0071271,1.5710186,-0.44337466
ISIC_0071289,-0.7235455,1.5166211
ISIC_0071290,6.5690417,-0.41237772
ISIC_0071303,2.5462327,0.9270411
ISIC_0071311,3.842515,-2.5943825
ISIC_0071315,5.6942954,-2.2150102
ISIC_0071335,7.480079,-1.0085225
ISIC_0071342,3.7991586,3.498623
ISIC_0071346,5.2681994,-1.8626522
ISIC_0071357,5.5372806,1.7795663
ISIC_0071361,6.1072164,2.372479
ISIC_0071388,1.0541133,0.8541292
ISIC_0071392,5.136997,-1.9970291
ISIC_0071395,5.125821,-1.1064023
ISIC_0071401,4.174159,3.767137
ISIC_0071404,1.5945529,0.01374354
ISIC_0071420,7.5089846,-1.4660486
ISIC_0071430,-1.5759985,-0.21268469
ISIC_0071431,6.0260673,0.20071845
ISIC_0071443,1.5513178,-1.3550302
ISIC_0071458,-1.9889432,0.60404295
ISIC_0071470,2.6991177,-2.549774
ISIC_0071476,4.81984,-2.27013
ISIC_0071478,-1.8590786,0.36976942
ISIC_0071528,1.8978473,0.9554642
ISIC_0071534,3.8889122,-0.83023465
ISIC_0071550,5.0051036,-1.4316502
ISIC_0071558,1.3277199,3.1322258
ISIC_0071559,-0.53942776,-0.5067919
ISIC_0071563,6.413755,2.1549063
ISIC_0071568,1.6635079,1.8603373
ISIC_0071576,3.3503397,4.2316976
ISIC_0071579,0.8589275,-0.76583046
ISIC_0071580,3.7445328,4.1573896
ISIC_0071583,4.9376063,0.55338335
ISIC_0071584,-1.9206583,-0.45602274
ISIC_0071586,1.4811567,4.2041435
ISIC_0071592,3.58151,0.9084733
ISIC_0071594,3.083643,-0.4788476
ISIC_0071596,-0.41379786,-0.4621469
ISIC_0071600,2.4452772,3.4172149
ISIC_0071628,5.7014103,1.3398817
ISIC_0071632,2.626182,-1.676885
ISIC_0071648,7.3087063,1.195444
ISIC_0071651,5.4457903,-1.2883452
ISIC_0071663,0.9604732,-1.7912402
ISIC_0071666,1.0425326,-1.7880794
ISIC_0071668,0.48058018,-0.39888954
ISIC_0071673,6.452519,2.3700013
ISIC_0071678,3.7204368,4.065883
ISIC_0071702,-1.3275144,1.3584505
ISIC_0071707,5.556073,-0.22278489
ISIC_0071713,7.710191,2.2594597
ISIC_0071717,2.060744,2.2364373
ISIC_0071720,7.43988,-0.94892013
ISIC_0071725,3.676057,2.8902028
ISIC_0071726,2.7368176,3.8904796
ISIC_0071740,3.7483683,3.933213
ISIC_0071765,7.8139505,2.5022342
ISIC_0071766,6.6237473,0.40410653
ISIC_0071767,6.019542,2.4140422
ISIC_0071774,4.009446,3.8009098
ISIC_0071776,5.4343815,0.39450935
ISIC_0071778,3.1524968,-1.3306695
ISIC_0071782,6.5823503,-1.1842624
ISIC_0071783,-1.8888934,-0.025160195
ISIC_0071784,5.6612225,-1.3325043
ISIC_0071788,2.6778128,1.2876337
ISIC_0071797,6.48605,2.3561904
ISIC_0071800,2.4612792,-1.075176
ISIC_0071806,1.277811,3.4129856
ISIC_0071808,4.7450857,-2.495845
ISIC_0071815,4.465612,-1.3790035
ISIC_0071834,-1.586673,1.8802657
ISIC_0071857,4.8998017,-1.3790978
ISIC_0071865,5.0047855,-1.8592412
ISIC_0071869,1.4809211,2.842701
ISIC_0071875,6.180979,1.293331
ISIC_0071891,3.1135473,1.8682263
ISIC_0071892,2.7565956,-0.18930599
ISIC_0071901,2.0949864,2.010753
ISIC_0071904,1.632256,2.788799
ISIC_0071906,-1.3627555,1.218778
ISIC_0071916,3.1927645,3.5823958
ISIC_0071926,3.5652735,-2.3987448
ISIC_0071931,2.4856749,2.7841625
ISIC_0071936,2.401125,-3.4473922
ISIC_0071939,2.384977,-3.414281
ISIC_0071944,4.1060333,4.880667
ISIC_0071950,3.9455705,3.7825174
ISIC_0071951,3.120471,2.0632303
ISIC_0071957,3.8290625,-1.6263415
ISIC_0071970,0.51100695,-2.0470643
ISIC_0071972,0.22309043,-1.9585543
ISIC_0071992,5.1658792,-1.6447579
ISIC_0071996,4.6577625,-0.531879
ISIC_0071997,6.567671,-1.5202549
ISIC_0072001,0.15756318,0.041030377
ISIC_0072002,7.460405,1.0613651
ISIC_0072003,4.1587105,-0.33733705
ISIC_0072004,2.4856794,-1.3963546
ISIC_0072006,0.7115697,1.360937
ISIC_0072010,6.571347,-0.27033302
ISIC_0072021,5.4520364,-2.4257221
ISIC_0072030,3.4908023,3.1068332
ISIC_0072032,-1.362558,1.3006877
ISIC_0072041,4.7052727,-2.184848
ISIC_0072051,3.3595421,4.2298665
ISIC_0072061,4.024808,4.596355
ISIC_0072063,-1.775158,0.28948516
ISIC_0072065,-0.11879986,-0.81004894
ISIC_0072069,6.5037937,2.5983427
ISIC_0072077,3.2630463,-2.1213384
ISIC_0072078,-1.5255982,-0.5193581
ISIC_0072087,4.1029015,1.4364407
ISIC_0072090,-1.1237514,1.85029
ISIC_0072099,7.9293933,-1.3043844
ISIC_0072101,4.968305,-0.67377675
ISIC_0072103,-1.2898403,1.8122746
ISIC_0072109,7.78983,2.400564
ISIC_0072111,6.1018114,1.7119553
ISIC_0072121,-1.4601133,1.4041607
ISIC_0072122,5.096201,-2.347068
ISIC_0072126,0.3679397,-2.0580404
ISIC_0072142,4.5794,-2.0801241
ISIC_0072151,5.0068097,-0.6665619
ISIC_0072154,1.4632167,-0.83415693
ISIC_0072156,3.2608645,0.12487841
ISIC_0072157,2.1518998,-1.8633224
ISIC_0072166,8.133511,0.5608187
ISIC_0072173,-1.7886505,1.5100939
ISIC_0072174,-1.6425244,1.7477523
ISIC_0072178,6.64758,0.31846386
ISIC_0072182,-1.3603923,0.40422025
ISIC_0072188,3.3907433,-1.8040235
ISIC_0072195,1.0237149,0.45612627
ISIC_0072198,5.34483,-1.1095704
ISIC_0072215,3.9538963,4.5521903
ISIC_0072218,5.992838,-0.95928967
ISIC_0072223,4.4033737,4.9035897
ISIC_0072226,2.3966913,-3.1747742
ISIC_0072230,4.3183117,-0.9708454
ISIC_0072241,5.4809947,-1.860702
ISIC_0072242,6.018575,-0.39933625
ISIC_0072252,6.798466,2.7375915
ISIC_0072268,6.764743,2.034437
ISIC_0072271,1.1746294,-1.6664779
ISIC_0072279,4.9105873,-2.2952573
ISIC_0072280,1.6462922,-1.6966561
ISIC_0072286,0.258342,1.8752056
ISIC_0072287,5.29757,-1.7148362
ISIC_0072294,0.4262275,2.3125787
ISIC_0072297,3.6868644,-1.537129
ISIC_0072299,3.2867126,-1.9055543
ISIC_0072301,-0.729143,0.90170074
ISIC_0072315,4.2734327,2.1082423
ISIC_0072330,-1.3486034,0.6099963
ISIC_0072339,5.525783,-1.5774173
ISIC_0072344,7.1430855,0.97157985
ISIC_0072348,1.3616885,3.158599
ISIC_0072353,6.3756957,2.5308452
ISIC_0072354,4.553013,-0.8345192
ISIC_0072358,6.533708,-1.2344563
ISIC_0072360,7.503249,1.0783573
ISIC_0072363,6.9277205,-0.03882584
ISIC_0072369,4.8031664,1.8038473
ISIC_0072371,1.0671673,-1.6285411
ISIC_0072374,-1.8522115,-0.7633733
ISIC_0072375,-1.8458496,-0.43514982
ISIC_0072377,1.7462156,3.5637407
ISIC_0072380,-1.4812291,1.7626894
ISIC_0072396,0.33273947,2.3002696
ISIC_0072401,7.072439,0.71245664
ISIC_0072405,4.3334727,4.1441193
ISIC_0072411,6.711153,-1.4524096
ISIC_0072415,4.1130204,4.346756
ISIC_0072422,-1.6627738,1.664473
ISIC_0072429,3.2845325,-1.7991675
ISIC_0072437,2.6141236,3.4386046
ISIC_0072439,-0.63850856,1.1039824
ISIC_0072440,-1.4652089,0.12818307
ISIC_0072441,-1.7867476,0.08739881
ISIC_0072473,5.312916,0.06505594
ISIC_0072482,5.3249636,-2.475755
ISIC_0072494,5.682159,-1.8025427
ISIC_0072495,5.663072,-2.5261319
ISIC_0072507,1.9680115,0.24132544
ISIC_0072508,0.90526724,2.4858842
ISIC_0072516,7.390035,0.14304987
ISIC_0072522,2.4269853,-2.1462326
ISIC_0072523,2.4995048,0.099832974
ISIC_0072531,4.538189,1.2682592
ISIC_0072534,7.911453,-1.4034892
ISIC_0072535,1.272306,-0.30548075
ISIC_0072538,2.2448192,-0.37587515
ISIC_0072557,5.1214137,4.0265512
ISIC_0072559,2.099106,0.4178473
ISIC_0072565,5.0176954,0.40168953
ISIC_0072568,5.583234,-0.44428116
ISIC_0072569,4.052654,4.059096
ISIC_0072574,4.5652742,1.3405436
ISIC_0072585,3.6068187,-2.3417401
ISIC_0072586,4.5974817,-1.4573227
ISIC_0072594,5.616593,-2.3957157
ISIC_0072595,2.427052,-0.50035644
ISIC_0072612,8.085441,-0.35022867
ISIC_0072619,5.338299,-0.9902249
ISIC_0072624,1.3461473,3.256784
ISIC_0072626,5.2021565,-2.4244704
ISIC_0072631,0.08634647,-1.8084352
ISIC_0072641,2.4403741,3.9101453
ISIC_0072642,4.0677776,-0.61587155
ISIC_0072653,4.407293,4.8460593
ISIC_0072689,6.7119455,-2.398513
ISIC_0072691,4.0874434,-1.091546
ISIC_0072694,-1.7203579,-0.5638988
ISIC_0072705,-1.4298153,1.5554882
ISIC_0072713,3.909077,2.7746065
ISIC_0072714,5.269778,1.4325413
ISIC_0072730,-1.4613677,0.05702774
ISIC_0072733,4.8029666,1.335881
ISIC_0072738,-0.5537646,0.9533996
ISIC_0072743,4.7003837,-0.50106007
ISIC_0072747,7.4135704,-0.9437962
ISIC_0072748,-0.51316917,0.38270047
ISIC_0072753,6.779108,0.022975028
ISIC_0072755,4.4253707,0.41194138
ISIC_0072758,4.763615,-1.5432318
ISIC_0072763,6.7562532,-2.4002876
ISIC_0072768,5.436463,0.83910674
ISIC_0072773,-0.56088173,-1.7079957
ISIC_0072780,-0.8506247,1.8525182
ISIC_0072783,2.6508765,-1.2745148
ISIC_0072785,6.392542,-2.5501614
ISIC_0072793,3.3365765,-2.1444979
ISIC_0072799,5.3163013,-2.5600884
ISIC_0072820,5.7206326,-2.5393631
ISIC_0072824,4.0219493,2.2001235
ISIC_0072827,3.0396144,2.3713436
ISIC_0072828,5.4374924,-0.25639814
ISIC_0072843,-1.1223719,1.3509468
ISIC_0072844,4.3628016,-2.1391737
ISIC_0072845,8.002939,0.5141247
ISIC_0072862,7.3135753,-0.7111814
ISIC_0072865,1.7905159,0.39712176
ISIC_0072872,5.9514985,-0.6054309
ISIC_0072876,4.5385118,-2.3272407
ISIC_0072887,3.0560043,-1.5090142
ISIC_0072889,5.3593626,3.2136323
ISIC_0072896,6.5101233,-2.9679132
ISIC_0072909,4.4719877,4.9495435
ISIC_0072917,0.46376967,-0.52633846
ISIC_0072923,5.413102,1.4904547
ISIC_0072924,3.6886199,-0.32783395
ISIC_0072930,-0.7234913,1.7979771
ISIC_0072939,2.3062797,2.4612484
ISIC_0072961,4.062758,2.2627554
ISIC_0072966,6.587967,-1.0356039
ISIC_0072968,5.40881,3.2855525
ISIC_0072976,-0.68311536,1.6002806
ISIC_0072977,6.1868553,2.4469802
ISIC_0072983,-1.8284572,1.5293593
ISIC_0072985,0.52887,-0.5563972
ISIC_0072990,2.9383726,-0.80945903
ISIC_0072991,-1.5088696,0.13179055
ISIC_0073007,1.284769,1.0574005
ISIC_0073016,6.148072,1.8271129
ISIC_0073018,4.726728,3.927664
ISIC_0073038,6.439447,-1.6975012
ISIC_0073044,0.7518897,1.9612378
ISIC_0073054,3.2422123,3.161178
ISIC_0073065,2.5983257,-2.1834774
ISIC_0073075,2.9118881,-2.0867357
ISIC_0073078,5.6518054,-2.3610902
ISIC_0073089,6.6160836,-0.37012047
ISIC_0073102,-1.4274021,-0.9347037
ISIC_0073119,1.2548915,-1.3455555
ISIC_0073124,4.711092,-0.4541996
ISIC_0073127,4.5274158,4.491915
ISIC_0073134,5.741743,-1.9973923
ISIC_0073136,-1.2270007,0.91295195
ISIC_0073143,4.2229385,-0.62076986
ISIC_0073147,3.0244124,-1.4012132
ISIC_0073156,4.714482,-2.5793476
ISIC_0073173,6.9581776,0.86365825
ISIC_0073190,5.59398,-1.5884916
ISIC_0073191,4.802991,-0.1320356
ISIC_0073194,3.0963337,-2.7248492
ISIC_0073203,-1.4599905,1.31003
ISIC_0073204,5.3796787,-0.9209663
ISIC_0073218,3.961969,-1.5367057
ISIC_0073227,4.896135,0.24426624
ISIC_0073231,5.0911107,-2.3160353
ISIC_0073237,-1.2293136,-0.80102473
ISIC_0073238,-0.99079335,1.1810598
ISIC_0073241,5.5980234,2.3359976
ISIC_0073249,5.6504946,2.525225
ISIC_0077281,3.6423047,-0.69116634
ISIC_0080539,4.4638,-0.3065542
ISIC_0124902,4.0080066,1.558357
ISIC_0133200,3.2366958,0.56052095
ISIC_0140502,5.9995613,1.7175126
ISIC_0149568,0.1771963,2.6244657
ISIC_0151466,4.071172,-2.2287917
ISIC_0168716,4.082922,0.13744007
ISIC_0178428,-0.38047096,0.37955797
ISIC_0186998,3.9158828,-0.7941606
ISIC_0188432,3.5003645,0.3475328
ISIC_0202119,3.7209046,-2.3858316
ISIC_0202238,4.1946497,-0.4220178
ISIC_0207268,0.6942998,1.7381557
ISIC_0220438,1.8724984,1.2656716
ISIC_0232101,-0.9794134,3.0799115
ISIC_0245720,1.7173207,1.2752595
ISIC_0247330,-0.7610436,-0.005220513
ISIC_0250839,-0.049089555,3.5341241
ISIC_0255566,0.33412772,2.5908034
ISIC_0261253,3.9379046,0.61146665
ISIC_0269622,6.820942,0.9811997
ISIC_0272509,0.46650475,-1.6828666
ISIC_0273046,3.6413226,-0.00542529
ISIC_0274382,1.4020622,0.72625804
ISIC_0274411,1.1272726,0.35310036
ISIC_0280912,2.3491306,0.58997124
ISIC_0286360,4.151425,1.461806
ISIC_0287325,3.9533222,0.3180215
ISIC_0292899,0.12383105,0.56994295
ISIC_0294150,2.50027,0.3578735
ISIC_0308880,5.3326344,3.038358
ISIC_0320008,0.20898297,1.6850623
ISIC_0323009,6.4819937,0.55698
ISIC_0327070,-0.7155976,1.1646454
ISIC_0327406,0.009406929,-1.164014
ISIC_0333091,-1.1967789,4.2391634
ISIC_0337631,-0.95004034,4.805449
ISIC_0346815,3.8402133,0.66717285
ISIC_0351666,0.71146977,1.6747845
ISIC_0353247,4.2241282,0.45550722
ISIC_0369831,5.181959,2.7923782
ISIC_0375034,3.3925018,-0.44702736
ISIC_0393283,0.86320555,3.5633457
ISIC_0404417,5.3109684,-1.8757632
ISIC_0429825,3.716825,-0.24350952
ISIC_0450792,6.9566145,2.0405428
ISIC_0450997,6.615304,1.8904725
ISIC_0456176,3.4974818,1.8875004
ISIC_0457344,-0.24284542,-0.5939969
ISIC_0467617,-0.1599653,2.6308532
ISIC_0470699,2.9716494,0.4446486
ISIC_0472123,4.183025,2.87257
ISIC_0474387,0.2443634,-0.041281737
ISIC_0481105,0.8457848,1.4704993
ISIC_0489267,2.0723374,3.441753
ISIC_0501108,6.218329,1.2288119
ISIC_0502582,2.1518974,4.683752
ISIC_0504165,0.52969706,0.49348012
ISIC_0508777,5.412333,0.21695352
ISIC_0528044,4.4291887,-0.6503875
ISIC_0533122,2.487321,1.9731553
ISIC_0542765,6.1556892,2.1055162
ISIC_0553265,2.783477,2.239418
ISIC_0558060,1.9481472,2.6953871
ISIC_0559335,-0.1111529,2.0233188
ISIC_0572205,2.000255,-1.0393076
ISIC_0585534,5.102397,1.0125325
ISIC_0587728,4.0957932,0.7363085
ISIC_0588352,-0.18296504,5.0079656
ISIC_0598073,2.0806892,0.6106125
ISIC_0599463,4.1069226,0.103391044
ISIC_0599605,1.4309534,4.118549
ISIC_0602633,5.336511,2.3776758
ISIC_0606244,-0.21258631,1.71479
ISIC_0616448,4.0431776,0.63473344
ISIC_0624498,0.32176974,1.3306181
ISIC_0638700,-2.059303,0.58048356
ISIC_0639769,-0.61394984,4.6037197
ISIC_0645454,0.26074284,-0.38219398
ISIC_0647224,2.7981331,-0.88181466
ISIC_0648545,4.8374314,0.73922956
ISIC_0651228,0.5574251,-1.5501747
ISIC_0662000,-0.9690652,0.24238724
ISIC_0662485,6.7293673,1.0630776
ISIC_0681019,-1.0396855,0.054817244
ISIC_0699088,3.2201068,1.5388432
ISIC_0703440,-0.9062549,4.3830104
ISIC_0705477,0.72407746,2.2055087
ISIC_0715696,5.6715903,1.0112406
ISIC_0722605,4.805696,0.3232301
ISIC_0744013,1.9069664,3.7875707
ISIC_0750046,7.218956,0.594638
ISIC_0758444,6.950821,1.7852434
ISIC_0779920,3.956927,-0.592848
ISIC_0789191,-1.0995437,-0.59367234
ISIC_0799972,2.7750592,2.096112
ISIC_0823269,0.99403995,1.5860263
ISIC_0831898,0.011155117,2.8587043
ISIC_0833889,-0.3559691,0.97275734
ISIC_0844312,-1.3557441,4.095071
ISIC_0851414,0.15723117,-1.3114475
ISIC_0852832,5.221807,4.4191737
ISIC_0855174,2.5506213,3.5479157
ISIC_0862745,2.6993175,1.753464
ISIC_0873174,-0.26953655,-0.025004605
ISIC_0903411,2.6684043,1.694318
ISIC_0911264,-0.092574894,-1.4683461
ISIC_0914168,0.833585,1.1643577
ISIC_0915404,0.008968964,0.050402965
ISIC_0924427,5.8086395,0.81542987
ISIC_0929180,5.1972017,-1.1785159
ISIC_0946787,3.4121587,-0.10237815
ISIC_0952472,3.4226272,1.4248353
ISIC_0953317,1.4979109,2.497918
ISIC_0959325,1.0727469,0.14350444
ISIC_0961235,-0.333787,-1.7170504
ISIC_0961778,3.3320403,0.9326892
ISIC_0962121,3.751887,0.5850092
ISIC_0969723,2.6500373,-1.0721864
ISIC_0981639,-0.32890326,0.6202236
ISIC_0984817,5.7385507,3.8821168
ISIC_0990298,1.9025106,3.3788216
ISIC_1000616,1.0031177,3.178207
ISIC_1009042,-0.2417141,0.55185413
ISIC_1012044,-0.7247181,1.0361184
ISIC_1023256,5.228347,2.2599096
ISIC_1037315,3.013905,-0.19343987
ISIC_1040820,3.051975,2.5373206
ISIC_1047011,3.4673152,2.4911761
ISIC_1056436,3.3871827,-0.8977192
ISIC_1068686,1.5855091,1.2582392
ISIC_1071355,1.5917109,1.8631811
ISIC_1077735,1.0300571,-0.22180083
ISIC_1091442,4.3156714,4.914106
ISIC_1099075,2.8983305,1.5260553
ISIC_1110583,1.6923536,-1.7846614
ISIC_1110743,6.721821,0.95542204
ISIC_1116303,3.3239267,1.7338102
ISIC_1116483,4.4717145,1.6314204
ISIC_1121888,4.5325627,3.6322563
ISIC_1124434,3.579122,0.14953475
ISIC_1126401,3.1537735,-0.420284
ISIC_1132496,0.9422094,3.0704603
ISIC_1157032,-1.3635205,3.902051
ISIC_1166740,1.4308681,0.37507468
ISIC_1177153,-0.7983059,4.8350625
ISIC_1177505,2.2724333,1.328967
ISIC_1192769,4.7478557,0.34911555
ISIC_1201025,0.028922794,-0.7662933
ISIC_1203272,0.65643454,-0.32745925
ISIC_1210011,1.6201893,4.097225
ISIC_1231419,-0.52403957,0.07019175
ISIC_1234126,2.0500708,-1.924318
ISIC_1235469,0.4462427,1.0226827
ISIC_1241817,3.3254554,2.098545
ISIC_1247683,2.940582,0.3643612
ISIC_1254469,0.40115848,-1.5565025
ISIC_1255336,-0.9024523,4.543796
ISIC_1262790,4.907873,-0.7386423
ISIC_1264034,1.0097797,0.02253137
ISIC_1269448,2.4386292,1.519149
ISIC_1271507,6.614901,1.0590857
ISIC_1297252,5.2989616,-2.4010758
ISIC_1301476,-0.28825256,0.23091462
ISIC_1320438,-0.68196964,1.1444873
ISIC_1330008,-0.27202398,-1.7450957
ISIC_1330381,2.7180517,-1.149197
ISIC_1338061,3.695539,0.33834624
ISIC_1343302,4.0420647,-0.05547422
ISIC_1356715,1.765918,-1.6291356
ISIC_1372928,1.8016067,1.1927623
ISIC_1388552,2.2165844,-1.1485505
ISIC_1389226,6.911628,1.7299653
ISIC_1398333,0.8155593,2.4704468
ISIC_1400695,2.4556963,3.9305558
ISIC_1412843,1.6774186,-1.8398813
ISIC_1423737,2.7482255,0.764018
ISIC_1427295,0.53049415,0.38671696
ISIC_1427578,3.5420249,1.9267435
ISIC_1440160,7.564285,-1.0180973
ISIC_1449628,7.468389,1.0489753
ISIC_1452632,0.2687405,-0.41253766
ISIC_1454751,3.703803,0.17495552
ISIC_1460169,1.1682062,1.8467963
ISIC_1460932,0.15443037,-1.7158
ISIC_1473522,0.881681,0.15066461
ISIC_1483720,6.5764823,3.208535
ISIC_1484659,-0.34787512,0.28843102
ISIC_1486861,0.1282341,1.0088675
ISIC_1490894,0.3093236,-0.7600203
ISIC_1558504,3.3598976,-0.36097297
ISIC_1560324,5.612867,-0.0018449693
ISIC_1564663,0.50606394,2.5651054
ISIC_1566428,3.2797036,1.1078266
ISIC_1569119,3.9098825,4.124449
ISIC_1578878,5.768636,0.7875666
ISIC_1589997,1.5484421,1.1243552
ISIC_1601532,3.466114,1.1752172
ISIC_1605629,-0.125771,4.2017436
ISIC_1605945,1.8797616,0.86651444
ISIC_1616031,0.003648855,-0.8930764
ISIC_1620401,-0.42989466,0.3952101
ISIC_1627619,4.698404,1.9376588
ISIC_1630301,-0.5980341,4.670282
ISIC_1633321,0.64890534,3.0793102
ISIC_1635231,-0.7977751,-1.2351432
ISIC_1642069,0.52401453,0.013964407
ISIC_1654342,2.9795744,-1.0467391
ISIC_1658397,2.6450195,0.4527081
ISIC_1670692,2.5371325,5.1677294
ISIC_1675975,-0.48138794,0.97102004
ISIC_1684127,1.3806683,4.4123707
ISIC_1685962,1.4866549,3.7596679
ISIC_1693572,1.8016979,0.12590131
ISIC_1694285,0.07126395,2.5446262
ISIC_1694817,0.28550878,2.564229
ISIC_1698942,1.1510309,1.9383942
ISIC_1699688,2.1333618,3.6028228
ISIC_1701883,6.46476,0.9340621
ISIC_1706912,1.4854277,4.1962657
ISIC_1728564,2.8931153,-0.36338603
ISIC_1729223,-0.18215016,-1.4330833
ISIC_1729396,5.006688,2.1900678
ISIC_1733178,1.3180711,-0.0418174
ISIC_1752943,0.15065902,4.691134
ISIC_1753011,5.3482537,0.49146852
ISIC_1764844,7.228027,-0.53573114
ISIC_1776777,3.9091835,0.4157477
ISIC_1778959,2.847917,0.15660635
ISIC_1785627,1.2271138,-0.31429607
ISIC_1791643,4.567365,0.6502458
ISIC_1810807,1.9499955,-1.2654247
ISIC_1813577,6.1982193,0.70460033
ISIC_1814941,3.7131689,1.4070036
ISIC_1816965,5.4510617,0.17900753
ISIC_1818238,1.5610594,3.5343223
ISIC_1822107,5.6048245,-2.0454092
ISIC_1822797,-0.251156,1.8515502
ISIC_1850674,1.001259,2.538112
ISIC_1866770,2.1736445,1.4160597
ISIC_1870415,1.4435577,3.688451
ISIC_1876217,4.7618585,0.32642183
ISIC_1881133,1.5800308,3.9144552
ISIC_1908890,4.0694046,0.8027299
ISIC_1909053,0.023816146,-0.11936705
ISIC_1910468,2.7853289,-1.9643066
ISIC_1916169,3.4648488,0.73639625
ISIC_1930795,-1.6243503,-0.008289618
ISIC_1935227,1.0568085,1.4007
ISIC_1939413,5.4804335,1.4670796
ISIC_1948545,1.3787055,3.8246067
ISIC_1956504,-0.42865524,4.549152
ISIC_1959939,4.154379,1.5836254
ISIC_1968416,5.922499,1.6804714
ISIC_1968421,-0.83870316,0.54891485
ISIC_1970988,0.31449634,0.38943803
ISIC_1975042,-0.6399386,-1.2451522
ISIC_1977937,6.477336,0.509889
ISIC_1994166,3.8742938,2.2927577
ISIC_2000766,3.346159,-0.92890894
ISIC_2003991,4.373406,0.1740001
ISIC_2010889,3.5463421,0.5631174
ISIC_2033237,2.7020571,1.7522569
ISIC_2068188,6.149455,0.9416001
ISIC_2070728,3.7542393,-1.0560577
ISIC_2071966,-0.2047405,0.4239055
ISIC_2072219,-1.1151613,4.4976263
ISIC_2076526,-1.2941105,0.46393353
ISIC_2077116,1.6800045,-2.0543327
ISIC_2079571,0.6430105,-1.6384841
ISIC_2097603,7.5544915,0.88673085
ISIC_2098553,0.430342,1.4409368
ISIC_2101624,1.2383243,0.80438435
ISIC_2105563,-1.1042764,4.5224395
ISIC_2108849,6.708645,-0.10400253
ISIC_2126660,0.92135316,0.5380896
ISIC_2128061,0.9466459,-1.500131
ISIC_2135474,0.46199143,-0.5967073
ISIC_2141237,2.7621672,1.7329125
ISIC_2144690,4.4176645,1.9082634
ISIC_2149878,0.30057856,-0.6557911
ISIC_2153041,4.5431437,-1.7087655
ISIC_2153401,0.023877272,2.0344148
ISIC_2153686,-0.96805614,4.235088
ISIC_2170268,4.2847524,-0.70277166
ISIC_2176112,0.14565875,1.1493777
ISIC_2177103,0.57378405,0.5239306
ISIC_2179705,0.36267918,-0.7016201
ISIC_2185005,0.9414442,-1.1030712
ISIC_2190396,1.9128664,0.4044155
ISIC_2196575,3.5931466,4.2640023
ISIC_2198823,3.590325,0.5917572
ISIC_2200197,1.4036176,4.2521114
ISIC_2204976,2.1471167,-1.4017891
ISIC_2211948,-0.14451067,-0.9597959
ISIC_2212637,7.1659408,1.2806375
ISIC_2220505,3.9135485,1.5424498
ISIC_2222084,3.581761,2.7529602
ISIC_2226191,1.5264083,4.224691
ISIC_2230091,-1.0759529,4.5651927
ISIC_2232442,1.2826632,0.024070956
ISIC_2243107,3.0656545,-0.21336322
ISIC_2243756,3.826162,1.7515373
ISIC_2255411,1.0557349,-0.18876795
ISIC_2267440,2.5324483,0.22518648
ISIC_2268341,1.4641404,4.695848
ISIC_2272218,-0.59837,-0.10907189
ISIC_2277714,-1.3557177,-0.86384106
ISIC_2286443,6.747289,0.97610056
ISIC_2305541,3.1967516,-1.346542
ISIC_2309271,6.6785173,1.5600456
ISIC_2310935,2.1555727,0.68080556
ISIC_2318474,3.8746016,-1.4966928
ISIC_2320481,2.7156594,1.8329834
ISIC_2337531,-1.0300465,1.2354507
ISIC_2339295,5.99468,1.7024236
ISIC_2339761,5.530515,0.32852185
ISIC_2340958,6.0443387,0.32899898
ISIC_2341309,0.7516689,0.34920508
ISIC_2342769,-0.65890235,4.2614765
ISIC_2351999,5.499562,2.7090096
ISIC_2362051,3.278932,2.348395
ISIC_2364150,2.011673,3.6162972
ISIC_2367098,2.1798334,-1.2077471
ISIC_2368188,-0.9333421,1.2520888
ISIC_2368449,0.8105277,1.565254
ISIC_2377844,1.3974035,-1.65219
ISIC_2406492,1.8704122,-1.5266874
ISIC_2412113,3.141674,0.5695585
ISIC_2421565,6.9702687,-0.32718492
ISIC_2425757,2.7542427,0.28401777
ISIC_2427899,4.813202,1.042476
ISIC_2433965,0.88220406,-1.0701251
ISIC_2434588,3.1513472,1.7261678
ISIC_2437633,-0.31677902,1.0909104
ISIC_2438481,7.7726946,-1.3599861
ISIC_2447578,-0.18973017,-0.4421174
ISIC_2448897,2.8876045,2.587778
ISIC_2465799,2.5639822,0.3629657
ISIC_2468476,-0.16036947,2.2106555
ISIC_2481044,0.39829066,-1.3573833
ISIC_2496140,1.738857,-1.1983247
ISIC_2505335,2.641304,4.305817
ISIC_2513018,3.7906477,2.5857294
ISIC_2525084,0.6131266,1.7501236
ISIC_2528358,2.079031,0.83619016
ISIC_2535541,2.900849,2.0256994
ISIC_2556057,6.930572,-0.55674297
ISIC_2558169,6.7824607,1.6724437
ISIC_2560699,2.590517,0.15248027
ISIC_2561898,1.5228597,2.9702284
ISIC_2565206,1.3459876,4.029171
ISIC_2574924,0.73466265,3.0076156
ISIC_2577849,1.0305299,-1.5139223
ISIC_2594715,-1.1537914,-0.35784876
ISIC_2607827,-0.09618705,2.3660698
ISIC_2609984,-0.5164722,-0.9113925
ISIC_2619021,1.8079319,2.0324085
ISIC_2637608,4.5515614,0.72561526
ISIC_2646829,3.7049863,3.465535
ISIC_2663597,2.3842087,-1.3114514
ISIC_2668481,1.1446793,1.8773957
ISIC_2685593,2.2518504,1.2625037
ISIC_2697083,1.9418628,1.6072415
ISIC_2700320,-0.5854672,0.006336327
ISIC_2710427,0.4632685,2.4754295
ISIC_2717192,2.0198994,-0.4687291
ISIC_2720971,0.2374377,1.7664453
ISIC_2724529,1.5917163,0.08734026
ISIC_2742711,6.757454,0.6031265
ISIC_2750230,0.253905,2.9564254
ISIC_2757332,0.57659066,1.647918
ISIC_2757355,-0.18167691,4.8607426
ISIC_2757370,3.9342003,0.07002625
ISIC_2766590,-0.236368,0.7940879
ISIC_2772824,-0.3934342,3.4669626
ISIC_2776906,4.3262978,-0.5514786
ISIC_2779036,2.2940583,0.46899173
ISIC_2792717,1.1894405,3.7174225
ISIC_2793180,3.1408615,0.66512585
ISIC_2797353,-1.3631922,3.7649539
ISIC_2801005,0.48706284,-0.194702
ISIC_2814689,3.0603373,3.839809
ISIC_2818959,3.581289,0.4469768
ISIC_2822718,2.9563706,-0.79728806
ISIC_2823287,-0.1494089,4.716833
ISIC_2824922,1.0934972,3.6732197
ISIC_2826181,4.9902954,0.3044809
ISIC_2837581,5.1828465,3.136854
ISIC_2839742,1.3539939,1.6578691
ISIC_2841788,4.094095,0.08016323
ISIC_2843665,5.2109823,2.1397636
ISIC_2844539,-0.8995622,0.65010047
ISIC_2850215,3.9008198,0.6062767
ISIC_2857128,2.6115007,4.0570655
ISIC_2861132,2.1347053,2.1508489
ISIC_2863863,6.710486,0.95264584
ISIC_2867416,-0.08456931,2.546609
ISIC_2867998,2.877955,0.8634639
ISIC_2871230,4.003003,0.73881894
ISIC_2879057,0.4220815,1.4066254
ISIC_2883463,-0.9256252,4.746112
ISIC_2883756,3.269478,2.0216756
ISIC_2884038,1.4533617,1.3072608
ISIC_2884112,7.992902,-1.1615424
ISIC_2900150,4.4784703,0.47011662
ISIC_2916754,0.40224516,0.18599516
ISIC_2937642,4.5361733,0.58300865
ISIC_2957465,0.25131458,-1.5750006
ISIC_2957732,1.5091382,-1.5909123
ISIC_2958480,3.3962145,-0.8857021
ISIC_2966808,-1.4667983,0.2767798
ISIC_2967024,0.86084837,2.9083087
ISIC_2974214,-0.2721929,1.8102181
ISIC_2975580,2.8332562,2.018893
ISIC_2979177,5.654103,1.2768965
ISIC_2979268,0.5216732,-0.2928432
ISIC_2979795,6.7346425,1.5722209
ISIC_2987613,5.7906647,2.2301645
ISIC_3016243,1.855402,2.160849
ISIC_3023646,-0.5476922,4.468904
ISIC_3025889,-0.41810367,4.720281
ISIC_3028754,2.477066,1.4066956
ISIC_3030394,1.7341483,0.6310505
ISIC_3033701,-0.1501015,0.36239067
ISIC_3035927,4.6495886,-0.61560565
ISIC_3045480,-0.36420724,3.9409106
ISIC_3045939,0.01147295,1.650943
ISIC_3046271,0.8540996,1.3743403
ISIC_3056854,2.8497012,2.2576656
ISIC_3065032,1.1715318,2.8394616
ISIC_3068885,3.1915522,2.1260107
ISIC_3077674,0.84696454,2.1219401
ISIC_3084312,6.112474,0.26222715
ISIC_3094758,2.784993,0.34317484
ISIC_3108597,6.495323,3.1918495
ISIC_3110126,-1.38749,1.7396847
ISIC_3137117,6.0271845,-0.72396916
ISIC_3143079,6.3342924,2.9768672
ISIC_3147084,1.8834462,0.72743493
ISIC_3159924,0.23277903,1.2589588
ISIC_3162213,0.12935744,2.7572632
ISIC_3174039,6.2282844,0.566125
ISIC_3176105,6.9767575,1.1152688
ISIC_3192152,5.9315343,-0.7270091
ISIC_3197211,-0.08026189,-0.39937502
ISIC_3203344,-0.35786927,-1.4739041
ISIC_3204703,1.394978,0.33291844
ISIC_3207651,1.3059143,3.51782
ISIC_3235131,0.9035861,2.9943724
ISIC_3236033,3.7143137,-0.92574674
ISIC_3241636,2.9277532,0.36117816
ISIC_3244067,0.4261679,-1.2619252
ISIC_3248418,5.794376,2.0316017
ISIC_3249814,5.984427,0.07201812
ISIC_3253484,6.3592167,1.1627262
ISIC_3259871,2.5857852,1.6054088
ISIC_3265514,2.2641873,-0.7619503
ISIC_3268800,-0.31601733,1.0361902
ISIC_3275875,2.296728,-0.53093714
ISIC_3281565,5.5675993,0.5317837
ISIC_3286186,2.1700995,1.295642
ISIC_3301933,-1.247765,0.06448039
ISIC_3320667,5.42802,2.2052755
ISIC_3323866,1.2311417,3.5889359
ISIC_3327928,3.732912,1.1735278
ISIC_3331737,2.855201,0.21003522
ISIC_3335354,3.031591,3.5398288
ISIC_3335904,0.6942745,-1.5877234
ISIC_3338629,6.272167,1.7939159
ISIC_3343475,2.3662257,2.7595894
ISIC_3352464,4.828372,-0.23131724
ISIC_3381026,6.3203397,1.3539947
ISIC_3389695,0.9212364,-1.3148774
ISIC_3391427,0.42313522,-0.21005225
ISIC_3399306,1.3941115,4.745226
ISIC_3404294,-1.33364,-0.722124
ISIC_3408231,1.6595129,1.2301767
ISIC_3412012,-0.21806657,0.70730376
ISIC_3412801,2.2683816,2.3755388
ISIC_3427218,4.189166,4.652864
ISIC_3433909,4.623949,1.7061714
ISIC_3435596,4.1290803,0.4439866
ISIC_3436033,2.9561245,1.1030195
ISIC_3440239,6.8712106,1.7743989
ISIC_3440759,3.0187104,1.9247884
ISIC_3446357,2.9143126,2.0384674
ISIC_3450017,0.037778635,0.58896625
ISIC_3464344,2.425286,-1.5851866
ISIC_3469595,-0.37125036,-0.24602716
ISIC_3475660,3.861199,1.047026
ISIC_3476246,5.0337653,0.16021058
ISIC_3478473,1.6078877,2.6428144
ISIC_3481499,1.882512,1.4712886
ISIC_3491406,3.3797884,2.4538074
ISIC_3510420,1.8703763,0.1796307
ISIC_3511086,3.2691824,-0.32019216
ISIC_3517311,3.3139808,0.25702447
ISIC_3522656,3.9431958,0.14760731
ISIC_3535003,3.4704056,-0.92714024
ISIC_3540915,-0.64462227,1.1168964
ISIC_3541529,0.31212914,-0.06584429
ISIC_3544253,6.9218516,1.7562408
ISIC_3544463,5.870988,0.20057409
ISIC_3545006,6.487664,3.1924546
ISIC_3559219,-0.65644103,1.0038644
ISIC_3561065,-0.9034728,4.5927334
ISIC_3570575,1.4804864,4.6974607
ISIC_3576876,3.4337702,1.5784183
ISIC_3578300,1.4678364,0.8023291
ISIC_3587674,2.7886903,0.8091541
ISIC_3590167,0.089706086,2.3172336
ISIC_3598192,1.9443809,0.22490792
ISIC_3622555,-0.58514017,1.2490506
ISIC_3635831,0.82258725,2.0131836
ISIC_3642019,2.9698856,0.6902412
ISIC_3665449,4.157519,1.6051923
ISIC_3666865,3.4946055,2.5695417
ISIC_3666967,3.8291218,-1.916677
ISIC_3667052,1.9952993,3.7041008
ISIC_3670069,1.6408293,3.37202
ISIC_3677029,0.6382801,0.34030142
ISIC_3689252,-0.061541617,2.7886243
ISIC_3690890,4.062139,0.63667315
ISIC_3696488,1.9988341,1.2868785
ISIC_3698441,2.679687,-0.2256713
ISIC_3704603,2.7356708,0.96252084
ISIC_3719985,2.2885177,1.0586487
ISIC_3733653,6.740609,1.8878134
ISIC_3736336,2.4005518,-1.868616
ISIC_3738751,2.8805556,2.1794906
ISIC_3740014,2.4342675,5.2442017
ISIC_3750329,4.867434,1.24414
ISIC_3763984,0.15031281,0.74710983
ISIC_3773277,2.2742693,4.440417
ISIC_3775417,0.17314108,-1.527241
ISIC_3778192,0.0764816,1.3138757
ISIC_3783659,1.1057901,2.4275827
ISIC_3796317,7.0808415,1.4037924
ISIC_3803651,-0.5351866,0.22374977
ISIC_3807230,0.6131719,1.7458692
ISIC_3817719,4.496485,1.9395524
ISIC_3824206,2.4468637,-0.82131875
ISIC_3842916,1.7457882,2.822833
ISIC_3880022,0.82324696,2.7419488
ISIC_3883863,0.48022386,0.23000993
ISIC_3891136,1.5102652,3.6834621
ISIC_3895426,5.743567,1.6252944
ISIC_3909039,-0.17982125,0.86866397
ISIC_3915890,4.5570054,2.2630587
ISIC_3933164,-0.40458858,1.0993515
ISIC_3936223,4.4761,1.4062784
ISIC_3941123,5.0113835,1.3629493
ISIC_3944634,0.026399715,1.2426817
ISIC_3951937,6.8309245,0.77940947
ISIC_3957660,0.51511747,-1.5544105
ISIC_3963183,-1.4383258,3.598167
ISIC_3965087,2.2851737,2.7547126
ISIC_3969411,3.5569575,4.7455277
ISIC_3976496,3.4541967,-1.0534064
ISIC_3979826,1.2220888,4.027177
ISIC_3985031,2.9190934,-1.0914106
ISIC_3993924,5.1214356,0.21254091
ISIC_3994385,-0.32783255,0.95817727
ISIC_3996796,0.42810735,-0.80631226
ISIC_4000481,1.6985115,3.6029131
ISIC_4005082,6.5824957,0.9204691
ISIC_4009870,-1.2858616,4.1696506
ISIC_4027194,-1.1626477,1.2618568
ISIC_4048896,1.5307244,2.049598
ISIC_4064478,2.7731593,3.8370876
ISIC_4092287,6.865668,1.6403421
ISIC_4097868,2.4485424,-0.2507451
ISIC_4117748,5.005665,2.5211768
ISIC_4118006,0.015324517,0.27678475
ISIC_4119530,3.49763,-0.7605881
ISIC_4120174,2.1034582,4.4819365
ISIC_4122691,3.5777466,0.19094753
ISIC_4152922,-1.2771829,-0.7103088
ISIC_4163686,1.0568154,-0.7020768
ISIC_4168419,2.979447,-0.56437635
ISIC_4170698,1.6873173,3.10698
ISIC_4171657,5.427385,-0.72446537
ISIC_4176718,6.2796063,2.9676795
ISIC_4177450,5.6617303,0.48652598
ISIC_4184681,4.2875147,4.896421
ISIC_4207959,5.6530724,1.4294447
ISIC_4210924,4.15844,-1.7490171
ISIC_4212047,4.136694,0.2009189
ISIC_4212546,2.1053507,1.5073183
ISIC_4221304,0.55825543,1.1408982
ISIC_4223155,2.562536,-0.7686062
ISIC_4223497,2.5920887,4.1566076
ISIC_4229473,3.7401576,0.722321
ISIC_4230049,3.9722257,4.6356835
ISIC_4235575,3.1231635,1.9040965
ISIC_4249493,1.6393894,2.4317534
ISIC_4258047,0.74285704,3.128317
ISIC_4266533,-0.122032546,1.57207
ISIC_4276255,1.2624791,0.858152
ISIC_4277953,0.43902496,2.4208431
ISIC_4282399,1.5099863,0.68667233
ISIC_4301676,5.5753565,0.09154649
ISIC_4301916,-0.30478764,0.6673849
ISIC_4346693,2.0076048,3.9745374
ISIC_4347535,1.9936291,0.0948424
ISIC_4349272,2.781471,1.0303693
ISIC_4352505,2.6456654,0.43658707
ISIC_4359352,3.0081098,2.3936024
ISIC_4362713,1.86165,4.179562
ISIC_4375866,0.11333763,1.3067323
ISIC_4377208,2.8535607,-0.4984066
ISIC_4378189,1.7863288,4.3035007
ISIC_4398011,1.8800615,3.1164944
ISIC_4404772,4.128376,0.85395396
ISIC_4407852,6.1427674,0.2139271
ISIC_4408559,5.0925217,1.8731447
ISIC_4408961,-1.9590441,-0.056270186
ISIC_4411858,3.6841018,0.6437467
ISIC_4412550,0.6888415,0.6247083
ISIC_4425322,2.639599,-1.9571725
ISIC_4425657,1.1376871,3.8950772
ISIC_4427247,3.0111969,4.9642677
ISIC_4439054,3.9150794,1.9130703
ISIC_4461272,-0.66943145,1.1839839
ISIC_4464389,3.675337,-0.184398
ISIC_4467312,0.42979732,1.5552931
ISIC_4469476,-0.8508668,-0.026739558
ISIC_4482349,3.8210988,1.8335963
ISIC_4485467,1.8104368,3.6323385
ISIC_4493482,2.2052789,2.989305
ISIC_4508878,2.042625,4.1171236
ISIC_4510530,2.3620427,0.8163739
ISIC_4525317,0.3794074,2.6277356
ISIC_4529513,6.6838613,0.84200275
ISIC_4530856,4.8797092,0.3425152
ISIC_4547332,3.3386,-1.6793869
ISIC_4572891,6.1782093,0.47048822
ISIC_4590186,2.515317,-0.7563861
ISIC_4597293,-0.09204243,4.708762
ISIC_4615762,0.838529,-1.5591769
ISIC_4619789,1.9529368,1.1243327
ISIC_4619903,1.3993732,-1.3519404
ISIC_4633843,0.5368737,0.6883018
ISIC_4643793,0.7708376,-0.931071
ISIC_4647281,4.7643523,0.38941556
ISIC_4653503,1.912938,-1.5123744
ISIC_4676270,0.84075475,1.3417784
ISIC_4688289,5.511449,-2.0342832
ISIC_4691689,2.4666338,0.06126393
ISIC_4699695,4.691486,0.23894459
ISIC_4703321,2.1643803,-1.3617132
ISIC_4719387,2.2036,-1.7747791
ISIC_4730066,-0.7035102,0.07990994
ISIC_4733114,8.035193,-1.1155151
ISIC_4746369,3.7404861,4.4590044
ISIC_4750271,2.640904,0.34514
ISIC_4775986,6.5189543,3.195616
ISIC_4780727,5.9113097,0.3830924
ISIC_4781223,2.0948246,3.3092387
ISIC_4810142,-0.018893212,1.3313311
ISIC_4810227,3.7199423,-1.3686514
ISIC_4813568,3.0022833,-0.06597779
ISIC_4839117,5.8943396,1.7501233
ISIC_4842587,1.7391734,0.21663329
ISIC_4851185,1.6916426,1.5600528
ISIC_4851366,5.114382,1.9514923
ISIC_4867646,3.215438,-1.1230884
ISIC_4868339,7.980278,-1.1854095
ISIC_4874581,1.3518784,2.217502
ISIC_4891117,5.6432624,1.2161937
ISIC_4905375,0.5306831,2.7955444
ISIC_4907655,8.0174465,-1.1574565
ISIC_4916704,3.5649352,2.1010685
ISIC_4936662,-0.58561736,0.27056658
ISIC_4938994,0.5917259,0.5096957
ISIC_4953281,0.7948821,0.1365861
ISIC_4957310,-0.09339373,0.8108902
ISIC_4960784,4.5321455,-0.20611191
ISIC_4961146,2.8771713,1.585545
ISIC_4967361,3.2508564,0.11333967
ISIC_4967564,1.6361334,4.6197534
ISIC_4967586,2.2728648,1.8133861
ISIC_4968384,3.8595266,2.9985242
ISIC_4969277,7.5293007,-1.1139526
ISIC_4975524,1.8950267,0.45561767
ISIC_4980656,-0.0061362684,0.58265936
ISIC_4981914,6.059212,0.19006947
ISIC_4982046,1.4836785,4.286829
ISIC_4985027,0.46947163,-1.0737917
ISIC_5003828,0.86202276,0.7734121
ISIC_5010212,0.3269399,2.710663
ISIC_5015551,3.5148966,2.5349724
ISIC_5019119,0.14956479,2.1024637
ISIC_5021861,1.6025323,0.16168423
ISIC_5024302,5.447441,1.8845758
ISIC_5033005,5.2316675,0.36334115
ISIC_5036772,0.76634026,-0.46630046
ISIC_5037784,1.2620684,0.92163354
ISIC_5044438,0.26329082,2.1005158
ISIC_5044571,1.6585536,4.1301813
ISIC_5045600,-0.1843899,0.88014716
ISIC_5046082,2.5413146,1.1038392
ISIC_5082179,6.063932,0.13925688
ISIC_5084113,4.501563,1.2948333
ISIC_5086349,1.7519433,1.33702
ISIC_5086721,3.503993,-0.17803101
ISIC_5089962,1.4802477,-0.25969568
ISIC_5091996,2.261533,-2.500547
ISIC_5095180,3.5927114,-1.2192354
ISIC_5127249,-0.07220163,-0.10136678
ISIC_5129659,2.7077513,-1.7227911
ISIC_5137933,4.946511,-0.0890207
ISIC_5140952,-1.2016569,4.1714826
ISIC_5144687,1.2040931,1.009886
ISIC_5147292,-0.1610972,-1.0277799
ISIC_5156491,3.004317,1.1026908
ISIC_5163263,0.39749187,0.56191766
ISIC_5167209,5.8970685,2.6335645
ISIC_5172576,0.056372486,2.4330919
ISIC_5182952,0.30652675,1.461772
ISIC_5191344,-0.2630764,-0.4142495
ISIC_5216586,-0.20115788,5.02676
ISIC_5224517,5.802401,2.9786897
ISIC_5224960,-0.5066051,4.0549536
ISIC_5247560,1.0178976,4.850881
ISIC_5253746,3.422763,0.1574503
ISIC_5258657,0.054981876,1.7327002
ISIC_5260050,3.1334252,2.3988006
ISIC_5267208,-0.25306708,5.069145
ISIC_5272223,3.2206678,0.19419485
ISIC_5273210,4.727208,0.29083517
ISIC_5281117,6.879489,1.7774805
ISIC_5286801,1.5556296,1.4854616
ISIC_5288393,2.4384081,0.1910882
ISIC_5289849,3.5254326,4.2390394
ISIC_5292024,5.6044726,-2.0538948
ISIC_5296963,3.3935494,-2.5608065
ISIC_5306850,3.3698077,0.11672976
ISIC_5312996,1.5533302,-1.9892213
ISIC_5315062,2.6888328,1.1638339
ISIC_5330187,2.2801266,5.547434
ISIC_5343231,1.8324896,0.78427726
ISIC_5350216,-0.024978906,-1.6724491
ISIC_5352496,-0.4123769,2.0048873
ISIC_5356475,0.23476389,0.037900545
ISIC_5363974,-0.99717516,1.1131649
ISIC_5367118,2.0234551,0.33369476
ISIC_5369000,-0.39256114,4.023152
ISIC_5388184,2.8645754,1.3505619
ISIC_5391607,0.49302718,0.08194451
ISIC_5391758,2.6515608,-1.0680135
ISIC_5395518,3.5295515,-0.76457626
ISIC_5415749,2.178134,0.7958403
ISIC_5415761,1.529349,3.9497123
ISIC_5418441,6.94977,1.6797876
ISIC_5423259,1.5652808,-2.095643
ISIC_5425721,-0.22953999,4.791549
ISIC_5426249,-0.42514238,0.1428855
ISIC_5434661,2.3155887,1.4596198
ISIC_5442968,1.7070001,0.5973566
ISIC_5449076,3.5893645,0.29725388
ISIC_5452980,0.44182086,0.5558587
ISIC_5461210,1.946476,-1.3861434
ISIC_5461797,0.8036435,1.087205
ISIC_5481480,5.170871,1.0058938
ISIC_5495413,-0.435714,-1.3685588
ISIC_5505677,2.5403728,1.6984317
ISIC_5509679,2.955239,1.3528731
ISIC_5511054,1.7237283,2.7933855
ISIC_5527224,1.1432557,0.7829621
ISIC_5531874,7.5782886,-1.2898852
ISIC_5533992,2.9448106,1.6654558
ISIC_5534730,0.67122656,1.262125
ISIC_5539423,4.1517353,-0.56012505
ISIC_5541499,-0.48573646,0.60415566
ISIC_5565758,-0.4954789,3.2485826
ISIC_5573077,4.9077964,-0.2645888
ISIC_5576354,3.3166077,4.099171
ISIC_5581297,-0.24834147,1.6641465
ISIC_5581931,3.983623,1.465763
ISIC_5582910,5.6914835,0.8962758
ISIC_5585090,0.48107898,-1.7406572
ISIC_5602826,5.26735,2.8814075
ISIC_5605645,3.3461695,1.4589494
ISIC_5608178,-0.22561657,1.5298036
ISIC_5610304,6.8660984,1.5443109
ISIC_5612133,4.077955,-0.5865011
ISIC_5619562,6.5086865,3.1916468
ISIC_5620802,0.0962663,-1.490821
ISIC_5628874,3.1715007,0.86083394
ISIC_5642824,3.3063095,1.6806772
ISIC_5646747,4.0975795,0.7682592
ISIC_5647607,5.798367,1.8459506
ISIC_5648033,2.7542927,-0.041736685
ISIC_5658925,5.673667,0.9333585
ISIC_5664695,0.21571851,1.1687135
ISIC_5667461,-0.2208251,0.46219084
ISIC_5669463,7.1602726,1.1660676
ISIC_5673518,0.36806223,2.2793665
ISIC_5699993,0.69821626,0.67118394
ISIC_5700648,5.2137885,1.3824972
ISIC_5704967,7.1079454,1.3016654
ISIC_5709512,5.405839,0.10868616
ISIC_5711232,3.509194,-0.9553317
ISIC_5714835,3.0119464,0.5559285
ISIC_5719436,-1.3277695,4.0187035
ISIC_5732201,1.4739479,-1.6429876
ISIC_5744196,1.2647817,-1.513161
ISIC_5745126,2.412586,1.2596697
ISIC_5747486,2.650163,-0.90452385
ISIC_5747942,1.062113,-0.48271975
ISIC_5752865,5.136179,-1.8453346
ISIC_5762714,3.8992288,0.87470734
ISIC_5763228,2.03798,-2.200234
ISIC_5771780,3.304444,5.089545
ISIC_5774484,0.7524838,1.8859262
ISIC_5776649,1.4411496,3.714935
ISIC_5785135,3.8264635,1.9311078
ISIC_5791954,3.385276,-0.41524312
ISIC_5795436,1.0333014,2.6315224
ISIC_5797062,-0.22221462,2.0460556
ISIC_5801650,2.2898498,-1.8942775
ISIC_5820693,0.022337254,2.6759393
ISIC_5829938,0.49707657,1.4578727
ISIC_5839875,5.9205456,-0.31852767
ISIC_5841971,0.51719385,1.7211192
ISIC_5847821,-0.6118062,0.28146565
ISIC_5862918,6.9446416,-0.57692385
ISIC_5863574,1.0684695,-0.5819293
ISIC_5864088,0.74719685,1.5101901
ISIC_5867911,1.4822779,-0.00072654104
ISIC_5868291,2.05514,3.8817759
ISIC_5889858,4.4850845,2.176014
ISIC_5892763,2.712878,0.03313631
ISIC_5912360,2.1896238,-0.18624319
ISIC_5915244,-1.1842533,-0.73678595
ISIC_5920681,6.2039547,3.131807
ISIC_5922588,3.5833895,1.1125276
ISIC_5983500,3.3181283,1.6481621
ISIC_5988562,6.5195246,1.0783931
ISIC_5994923,0.32643843,-2.092051
ISIC_5998475,6.2299128,3.0282373
ISIC_6004197,4.5136824,-0.4274665
ISIC_6012573,1.0367146,0.7794205
ISIC_6013467,0.63635,1.0366677
ISIC_6016537,4.355079,1.9039354
ISIC_6024335,4.1311193,-0.623776
ISIC_6034442,-1.1422557,-1.142926
ISIC_6038463,0.5479763,0.3725417
ISIC_6044114,1.7461845,1.5482881
ISIC_6046943,2.3067975,-1.0816332
ISIC_6048752,3.2308245,-0.32799783
ISIC_6056121,0.7929733,-0.3325294
ISIC_6059520,1.1968548,4.5249696
ISIC_6066292,5.5096354,1.2663478
ISIC_6089318,4.572358,0.37032562
ISIC_6090497,6.7981167,1.459677
ISIC_6096565,1.8850539,0.0077894544
ISIC_6099563,4.241969,-0.17733927
ISIC_6099785,3.4142232,-1.2457479
ISIC_6110888,2.688913,1.9242089
ISIC_6119202,3.7936013,-0.0724043
ISIC_6124481,5.5230403,1.8386071
ISIC_6125652,3.8765197,1.513452
ISIC_6126704,5.9160438,-0.009270848
ISIC_6133338,-0.68300325,1.0273504
ISIC_6135643,0.13301075,0.31354845
ISIC_6159600,4.432978,0.8985973
ISIC_6172037,3.5290415,-1.8052095
ISIC_6184891,1.985075,1.5365776
ISIC_6190621,-0.12895997,2.020175
ISIC_6193654,0.2970223,-0.17005703
ISIC_6210303,6.0513625,0.109929666
ISIC_6220625,-0.4038792,3.9639645
ISIC_6228963,1.8818336,0.23670156
ISIC_6248008,1.1007303,0.8810188
ISIC_6251753,1.866389,1.6858023
ISIC_6255113,-0.6251288,4.331108
ISIC_6269166,1.6666437,4.581949
ISIC_6269738,6.7287045,1.280421
ISIC_6275817,4.4396,-0.27362856
ISIC_6278273,1.7289585,3.3919673
ISIC_6278558,0.27730283,-1.6256409
ISIC_6285925,1.6521958,4.109743
ISIC_6288607,6.59198,0.9246841
ISIC_6291375,3.378239,0.11708717
ISIC_6299036,4.0840755,0.44774398
ISIC_6300866,2.1868286,2.2750044
ISIC_6307097,2.806756,-1.0390323
ISIC_6313487,3.563256,-0.4177023
ISIC_6321476,-1.1499999,-0.6608862
ISIC_6348638,-0.96167785,3.476225
ISIC_6352565,-0.26380765,2.3932526
ISIC_6364782,4.7689886,-0.47647807
ISIC_6366417,0.58992296,0.75489324
ISIC_6369740,2.016046,3.5238802
ISIC_6378347,0.8675851,1.9700022
ISIC_6381819,7.8865933,1.9841464
ISIC_6392461,2.7940457,0.55713207
ISIC_6398283,5.5428514,0.63144577
ISIC_6398669,0.8544859,-0.628472
ISIC_6410570,3.5861747,4.542439
ISIC_6410859,2.34171,0.6554043
ISIC_6415722,-1.4168913,0.010900602
ISIC_6427430,3.7837832,0.15064928
ISIC_6428004,1.420381,2.6366823
ISIC_6450034,0.1261531,2.1740193
ISIC_6471282,1.8606919,-1.4117516
ISIC_6496251,3.4338326,0.20962776
ISIC_6496370,3.682829,0.8204679
ISIC_6509682,-0.6819774,-0.745319
ISIC_6512653,2.0333004,2.932309
ISIC_6516710,0.41353717,0.26728073
ISIC_6526489,0.26407108,0.2902172
ISIC_6529350,6.643531,1.494992
ISIC_6535558,-0.13807546,-1.1584917
ISIC_6539127,-0.0062340703,-1.6137215
ISIC_6541615,0.10775057,2.925099
ISIC_6549364,4.0353856,0.13021915
ISIC_6550602,6.4669585,3.0576546
ISIC_6555290,0.38032317,2.7224956
ISIC_6556373,5.8294706,0.6986029
ISIC_6561111,1.3863938,1.6445191
ISIC_6563304,4.6579647,-2.1201966
ISIC_6578433,5.2335553,1.4623536
ISIC_6581411,4.020384,0.34256977
ISIC_6584579,-0.30447364,2.4435627
ISIC_6586433,0.0036876362,0.30205488
ISIC_6596926,2.6461768,1.4294106
ISIC_6603938,-1.5629536,-0.16819671
ISIC_6618014,2.3009973,-1.8735434
ISIC_6620377,2.3507152,-1.4742047
ISIC_6620748,4.1924114,-1.2703605
ISIC_6625102,0.12230672,-1.555794
ISIC_6634951,-0.13469769,1.968259
ISIC_6635963,0.5012411,-0.675018
ISIC_6646939,1.5551499,-1.8057765
ISIC_6666090,7.0103884,-0.32135582
ISIC_6668093,-0.5611258,-0.053209804
ISIC_6671773,2.6123328,0.25581688
ISIC_6674797,3.2702632,-0.09786639
ISIC_6683697,0.79146874,-1.289427
ISIC_6688417,1.914905,-2.3037512
ISIC_6689453,7.564351,-1.0781904
ISIC_6692344,0.67607385,-0.6413515
ISIC_6695831,5.005491,3.0509412
ISIC_6707573,5.6856155,-0.90711766
ISIC_6713432,3.0054088,1.1872547
ISIC_6714082,4.104456,0.079760216
ISIC_6720909,4.812432,-0.3617617
ISIC_6736963,-0.35208583,0.10977057
ISIC_6747251,3.7609491,1.0561968
ISIC_6752882,6.921653,1.7205228
ISIC_6767569,6.245606,2.738862
ISIC_6784593,-1.0922452,-0.5908508
ISIC_6785680,-0.48336437,0.70671964
ISIC_6786198,1.1031281,0.60964125
ISIC_6809586,0.77979785,2.7026458
ISIC_6811237,-0.77845144,-0.181558
ISIC_6814727,1.183302,-0.23992187
ISIC_6819805,5.923111,3.2937927
ISIC_6833525,0.22594365,-0.66054386
ISIC_6841294,0.67751116,1.1345333
ISIC_6850912,3.6219542,-1.823396
ISIC_6851408,5.7940154,0.69710183
ISIC_6873657,4.2945876,1.031128
ISIC_6875745,3.2484775,1.8665202
ISIC_6881589,3.0623105,0.63771653
ISIC_6892280,7.2684407,0.8018016
ISIC_6892286,0.4180119,-1.3393285
ISIC_6904082,0.4180556,-1.427316
ISIC_6904950,3.2618957,1.717598
ISIC_6912369,5.0929966,0.6028138
ISIC_6925729,4.056004,0.021755276
ISIC_6927840,2.6785524,1.9343182
ISIC_6931277,0.8656444,3.377468
ISIC_6931629,4.3496547,-1.6557633
ISIC_6945634,4.316395,0.6638326
ISIC_6959281,1.0301903,3.557157
ISIC_6961503,0.64047045,2.5068738
ISIC_6966001,2.4324322,-0.70693874
ISIC_6967412,5.113958,-0.9875926
ISIC_6971606,0.46982008,0.40119743
ISIC_6982386,3.018666,-0.9315751
ISIC_6993040,5.047233,2.8013155
ISIC_7000719,2.9198694,3.1910017
ISIC_7003002,6.6764636,0.9400568
ISIC_7010159,-0.24588478,4.9800897
ISIC_7010755,2.058807,0.53768706
ISIC_7035246,2.9827602,-0.5160965
ISIC_7045012,5.834554,2.7002118
ISIC_7062201,6.0673647,1.8944527
ISIC_7064511,2.0702398,3.5918238
ISIC_7070020,3.0646057,5.2298
ISIC_7074321,1.2857311,-1.1389947
ISIC_7075474,-1.5496161,0.7265704
ISIC_7075768,2.6385632,1.5358264
ISIC_7079349,1.1413215,2.5456133
ISIC_7080469,2.4857996,-1.2647496
ISIC_7081819,7.889418,-1.2499582
ISIC_7084754,5.053456,3.2582886
ISIC_7085235,2.7093053,3.8732495
ISIC_7092052,2.0541465,1.0579355
ISIC_7097931,1.8355105,0.67537636
ISIC_7098141,-0.12436022,1.1991992
ISIC_7100755,2.6353016,0.8701268
ISIC_7101732,1.3823719,-0.80976427
ISIC_7110531,0.1958572,0.14340891
ISIC_7130929,1.5848885,-0.84746283
ISIC_7146293,1.4104924,4.543587
ISIC_7146494,-0.4661959,0.917301
ISIC_7170025,4.163734,2.4476066
ISIC_7181296,1.1064874,3.0796964
ISIC_7183212,1.308519,1.8024908
ISIC_7190243,0.1145395,0.6028131
ISIC_7195248,1.3102032,4.169917
ISIC_7202197,4.218751,0.099754065
ISIC_7205745,0.4180277,-1.6953709
ISIC_7218890,0.1778861,1.3181682
ISIC_7235128,2.1316674,0.29269263
ISIC_7239902,2.7109268,-0.39340743
ISIC_7253401,2.8518887,-1.0600753
ISIC_7254359,2.0295537,1.5082211
ISIC_7261174,-1.4431576,3.6941016
ISIC_7265673,1.3337716,4.5217853
ISIC_7285359,6.8651614,1.6889971
ISIC_7287303,2.9291651,-0.7530584
ISIC_7293518,0.3130006,2.7741697
ISIC_7303630,1.9142573,3.3950477
ISIC_7312977,4.2721076,-0.7179712
ISIC_7317366,1.0269656,1.005396
ISIC_7320371,1.7623681,3.0217671
ISIC_7321503,5.470545,2.0027921
ISIC_7327423,0.8997798,4.840795
ISIC_7334939,2.2909956,3.7849839
ISIC_7338073,4.0601106,-0.8734326
ISIC_7338502,0.86851156,1.5728958
ISIC_7346228,5.40103,1.3699658
ISIC_7349440,0.115757436,0.15592985
ISIC_7352298,1.2674164,1.0185864
ISIC_7353870,3.1170387,1.0427182
ISIC_7356320,0.7953375,0.6048362
ISIC_7365059,0.79945,-1.0356485
ISIC_7371801,4.274423,-0.123578556
ISIC_7372719,4.323829,0.6956825
ISIC_7373164,2.3141224,2.1663196
ISIC_7376452,4.5327177,3.9028184
ISIC_7399648,1.5586834,3.6740189
ISIC_7410175,0.04714537,3.1530612
ISIC_7412327,4.181514,-0.004034809
ISIC_7423595,3.5596533,-0.71731967
ISIC_7429994,3.6852667,-0.95121604
ISIC_7443971,1.49024,-1.9376786
ISIC_7453676,5.889029,-0.027581103
ISIC_7457700,0.78064287,2.4433253
ISIC_7460887,2.2021682,4.137993
ISIC_7462953,2.8884015,-0.6694405
ISIC_7465137,0.2377268,0.19327143
ISIC_7466678,0.0114820115,0.7157742
ISIC_7472087,3.3938396,-0.27717236
ISIC_7473000,-0.74594617,1.1993587
ISIC_7489564,1.7321085,2.8891733
ISIC_7490240,-0.09412499,-1.7104646
ISIC_7503950,1.5007234,3.713917
ISIC_7520843,1.5593871,4.027569
ISIC_7536704,3.4469924,-0.9242747
ISIC_7541596,2.1241627,2.3017588
ISIC_7542458,-0.63701284,1.0055127
ISIC_7545691,6.9003158,1.6930299
ISIC_7545731,-0.14045891,2.4402564
ISIC_7546219,2.0095978,1.1874733
ISIC_7548342,2.6565902,3.5756657
ISIC_7554287,3.6850798,4.3557334
ISIC_7560933,-1.059849,-0.18428633
ISIC_7563950,2.8316355,0.3932446
ISIC_7564517,6.624985,1.1466687
ISIC_7573463,1.4636507,4.3110423
ISIC_7577395,-0.7113459,0.36321074
ISIC_7594243,0.29844323,0.4995128
ISIC_7599710,5.703301,-2.2446115
ISIC_7612992,1.3303659,-1.8023078
ISIC_7614221,-0.13432547,2.478842
ISIC_7626256,4.3300805,-0.33997342
ISIC_7636412,0.36670995,-1.423044
ISIC_7638974,3.1524544,0.65585583
ISIC_7640631,1.3583322,2.9257853
ISIC_7643593,1.3022661,-1.4136804
ISIC_7657322,-0.38666782,2.1482909
ISIC_7658729,1.4395047,-1.6444725
ISIC_7660163,4.181212,-1.0983565
ISIC_7662910,2.9564877,2.3939445
ISIC_7666432,0.18747544,-0.1655231
ISIC_7680948,4.8323503,1.6695439
ISIC_7682533,0.42188883,3.234696
ISIC_7683106,0.0034884235,-0.13215503
ISIC_7693611,1.9300692,2.6851943
ISIC_7695263,2.410152,1.5054932
ISIC_7713609,3.0666134,4.1847463
ISIC_7715671,2.7065003,3.063219
ISIC_7718206,3.4810913,-0.13137364
ISIC_7724762,4.190363,0.10992584
ISIC_7747712,4.0444703,0.34929687
ISIC_7748311,0.41335714,4.9708323
ISIC_7755096,1.9715264,-0.92432547
ISIC_7759222,4.9195952,0.27541408
ISIC_7763042,-0.30719966,-1.4203863
ISIC_7784876,3.5833933,0.04074317
ISIC_7785723,-1.2082988,3.595341
ISIC_7788318,4.03995,-1.7770424
ISIC_7800750,0.20678617,4.587205
ISIC_7808341,5.597369,1.7508333
ISIC_7808642,2.8673909,-0.60772
ISIC_7809510,2.7628343,2.7796023
ISIC_7816675,-0.21775162,1.1245475
ISIC_7824315,-0.3361646,3.468051
ISIC_7839712,-0.88661486,-0.747956
ISIC_7844825,2.530605,1.0401133
ISIC_7851081,2.8241541,-0.4267655
ISIC_7854404,5.0983253,4.508806
ISIC_7872595,4.341933,-0.42954314
ISIC_7880400,4.765965,0.32244578
ISIC_7889097,-0.0997464,-0.54551834
ISIC_7890222,3.745865,1.574736
ISIC_7893518,2.0111299,3.969641
ISIC_7897925,0.6261981,-0.90424985
ISIC_7898880,5.5796204,0.61041504
ISIC_7899041,7.0553627,1.0311315
ISIC_7899387,5.6522083,0.9211874
ISIC_7904829,3.3695028,2.5959704
ISIC_7913874,2.308275,-1.5314065
ISIC_7914631,0.8383792,-0.13395923
ISIC_7922830,5.4624934,1.7621117
ISIC_7927389,0.25653765,-0.3023975
ISIC_7927525,1.4856763,-1.0906816
ISIC_7936755,3.8145897,2.7196896
ISIC_7939816,-1.0287662,4.185903
ISIC_7940557,4.7562027,0.16301455
ISIC_7942881,1.8432214,1.1929679
ISIC_7948290,-0.50971943,-0.079270445
ISIC_7949783,-0.3950899,-1.5617529
ISIC_7952870,0.24275498,2.3728323
ISIC_7960321,-0.22033046,1.6585609
ISIC_7960869,0.06844305,1.3871905
ISIC_7961365,-0.14188327,2.0341241
ISIC_7966639,3.0477118,0.33495888
ISIC_7973598,-1.3463128,3.9859772
ISIC_7993345,-0.56970054,0.087076716
ISIC_8002875,7.2602763,1.8696188
ISIC_8006211,4.4463468,-0.25282264
ISIC_8008539,1.9565938,3.0094466
ISIC_8009536,2.8144636,1.882999
ISIC_8011058,-0.20904067,3.3958166
ISIC_8021816,4.339328,0.7207742
ISIC_8026822,2.6185315,-0.55428207
ISIC_8027280,2.6091983,2.8911834
ISIC_8027899,2.1911545,-1.0844936
ISIC_8040024,0.5770838,2.243177
ISIC_8040663,4.117107,0.90185404
ISIC_8059429,4.97282,0.6037149
ISIC_8066110,-0.17331322,-1.7859123
ISIC_8071637,3.8567371,0.08282756
ISIC_8073555,2.3294075,1.7015009
ISIC_8077139,6.9572124,0.53806394
ISIC_8087949,0.9798096,1.2067281
ISIC_8106899,1.6124692,1.4021174
ISIC_8124900,0.1554044,2.5379455
ISIC_8138363,0.135715,2.7022686
ISIC_8145348,0.5350292,0.69354224
ISIC_8157239,1.5746396,1.0248152
ISIC_8157654,1.7439857,1.5077939
ISIC_8167374,0.12549908,0.8908444
ISIC_8172822,3.7143157,1.0597715
ISIC_8172964,1.6160947,0.074607424
ISIC_8173252,1.9367192,-0.6982515
ISIC_8187734,2.4814367,0.42770225
ISIC_8191057,3.9801614,0.28395393
ISIC_8194835,-0.07343307,2.922338
ISIC_8204363,1.6222439,2.564533
ISIC_8207974,3.2311366,0.25312173
ISIC_8225781,4.841371,0.2351285
ISIC_8230318,2.5625298,1.5097874
ISIC_8231999,0.57228106,1.3556395
ISIC_8238755,1.3350718,-1.651779
ISIC_8249854,1.4494551,4.3421454
ISIC_8252406,0.08425751,-0.31915483
ISIC_8253057,2.3788443,-0.5811589
ISIC_8256480,-0.065126374,0.12173533
ISIC_8263489,3.1483972,1.1962992
ISIC_8278036,2.1043856,-1.5805457
ISIC_8278458,3.8866596,0.6308744
ISIC_8278782,6.6443872,0.9104955
ISIC_8281208,-0.92778134,4.690567
ISIC_8283552,1.8485899,1.082105
ISIC_8293325,6.6460037,0.93935144
ISIC_8308321,0.6824317,-1.385184
ISIC_8325226,-1.1278892,4.493065
ISIC_8327076,2.2484035,-1.3645414
ISIC_8344285,1.6516759,2.2448385
ISIC_8344345,4.1140747,-0.037324775
ISIC_8348262,3.1124902,-1.5796292
ISIC_8350851,3.3824415,-0.12729928
ISIC_8355446,-0.41989496,2.5473795
ISIC_8362681,1.7552323,4.144719
ISIC_8372206,0.28381455,4.9870343
ISIC_8379956,2.3312185,1.4594054
ISIC_8381531,2.5380094,1.8184677
ISIC_8397285,0.28940928,2.5774913
ISIC_8400587,1.373027,1.4452343
ISIC_8416462,1.8012807,-1.0084813
ISIC_8417873,1.9025267,3.2335782
ISIC_8423180,4.757953,-0.6340554
ISIC_8436194,1.702154,-0.51805997
ISIC_8437493,1.6765776,3.084141
ISIC_8446478,5.6586795,0.8125183
ISIC_8470330,3.0302055,-0.28117973
ISIC_8473293,4.955357,-1.807714
ISIC_8485716,1.4290404,-1.9990326
ISIC_8488027,1.4704165,0.22340757
ISIC_8493108,1.672568,0.8686095
ISIC_8493254,4.178185,4.727499
ISIC_8497457,1.4866719,1.5321299
ISIC_8498489,6.1039333,0.20097785
ISIC_8509219,2.9249206,3.733831
ISIC_8525826,2.2387524,-0.071294405
ISIC_8527092,1.3499231,2.4171147
ISIC_8545949,5.947995,0.18600951
ISIC_8554769,1.6594174,2.247887
ISIC_8564474,3.9668548,2.084728
ISIC_8566006,0.14462554,-1.0989152
ISIC_8592733,1.2052814,4.2681394
ISIC_8593738,0.6374435,1.9011332
ISIC_8601570,1.5092964,-0.5966148
ISIC_8609756,-0.94866616,4.6104083
ISIC_8615491,0.92174125,0.91415703
ISIC_8617277,0.27109605,1.4322563
ISIC_8617353,-0.5968027,1.3790879
ISIC_8621568,-0.2807037,-0.07506367
ISIC_8624049,-0.9467033,-0.7204461
ISIC_8627581,3.0463967,0.79508543
ISIC_8632904,2.3959727,3.8209968
ISIC_8641097,3.4040012,1.6397043
ISIC_8647315,2.3029764,3.8392925
ISIC_8651648,3.776433,-1.0123615
ISIC_8653825,0.1102482,1.4664556
ISIC_8667960,1.8537142,3.7713275
ISIC_8671119,3.5013525,0.68258154
ISIC_8671596,1.6276271,-0.5402535
ISIC_8672524,-1.3083576,4.1402
ISIC_8673290,2.003336,1.7173835
ISIC_8677053,1.2975866,1.4828881
ISIC_8685453,2.3045363,-1.7080144
ISIC_8688192,5.6424093,0.99049443
ISIC_8692218,0.26759344,1.0331367
ISIC_8702237,-0.8104471,-0.18999432
ISIC_8708106,3.5595582,0.11129693
ISIC_8708918,-0.36697143,-0.41562298
ISIC_8710108,4.0776906,1.054153
ISIC_8724412,6.90957,1.6603864
ISIC_8724944,1.9355087,3.1580029
ISIC_8732757,1.2338082,-0.3920505
ISIC_8733345,3.3816264,0.17575902
ISIC_8737794,1.5932748,4.8416543
ISIC_8738186,0.5638969,-1.2751508
ISIC_8758404,0.6643955,-0.4422771
ISIC_8758983,3.735513,-0.9856669
ISIC_8766402,6.78491,0.9658332
ISIC_8769047,-0.022314716,0.3179187
ISIC_8776516,8.011465,-1.1612663
ISIC_8786983,1.2631459,3.4212577
ISIC_8789051,0.2671224,1.3930317
ISIC_8792684,-0.5964315,-1.4183857
ISIC_8806986,1.2865332,2.6072032
ISIC_8821742,1.4965297,0.96640503
ISIC_8823228,0.26255724,0.85732716
ISIC_8838753,2.1104999,-1.3613554
ISIC_8839128,0.66506,3.2054985
ISIC_8851514,4.967835,0.2941888
ISIC_8856365,4.0822763,-0.16538882
ISIC_8859274,2.8305676,1.6977836
ISIC_8864678,2.8823292,0.29805458
ISIC_8866651,3.4737265,4.824397
ISIC_8868249,6.224111,3.0365093
ISIC_8872158,2.9997091,1.5601673
ISIC_8882374,-1.4648161,0.59484094
ISIC_8886139,1.0449698,4.503838
ISIC_8892236,1.8456928,-1.2815214
ISIC_8902296,0.16961166,-1.425193
ISIC_8907232,1.3450949,1.0915716
ISIC_8907509,3.1521642,2.730496
ISIC_8918247,2.6822608,0.22235696
ISIC_8922893,0.25818473,-0.018345349
ISIC_8943817,1.3828138,1.8813548
ISIC_8951909,-0.5505062,-1.5042721
ISIC_8961478,0.7127848,-1.2946202
ISIC_8961614,2.1004393,4.381426
ISIC_8985109,0.37807822,2.8999994
ISIC_8990534,-0.9554717,4.673135
ISIC_8999351,0.611247,-1.201385
ISIC_9000234,-0.8013765,-1.1021469
ISIC_9000824,2.0545537,1.4240798
ISIC_9001948,0.49629876,-0.5948612
ISIC_9006649,0.13300526,3.0162833
ISIC_9008372,6.610315,1.1630002
ISIC_9022005,0.1753322,2.629096
ISIC_9029938,3.644534,4.813142
ISIC_9038318,3.2863786,4.796259
ISIC_9041525,-0.32498378,1.3134084
ISIC_9048507,0.7267804,-1.3635374
ISIC_9051948,4.931041,1.0662982
ISIC_9052500,2.089459,2.0721316
ISIC_9053910,-0.6305683,-0.29543972
ISIC_9092169,2.838813,-0.9399844
ISIC_9096150,-0.65453374,1.1986941
ISIC_9101762,-0.0041629523,0.6300079
ISIC_9114248,-0.4691799,0.55844027
ISIC_9130035,5.2987785,0.46182582
ISIC_9130157,2.2683501,-1.3998326
ISIC_9141788,1.0268936,-2.046352
ISIC_9144329,6.252974,0.18584278
ISIC_9144852,6.788615,1.0279438
ISIC_9159477,5.5269814,0.35746196
ISIC_9164054,4.4946504,-0.054129925
ISIC_9171793,1.2235065,3.0663178
ISIC_9174580,-0.4807109,0.7287147
ISIC_9176427,1.1674514,-1.2052938
ISIC_9179044,-0.3803621,0.94811314
ISIC_9179884,3.6629605,-0.7762442
ISIC_9183084,0.108542,1.1953238
ISIC_9187524,5.06902,0.19821426
ISIC_9193127,-0.6127551,0.58586246
ISIC_9199429,4.3604984,2.3924356
ISIC_9210086,6.74413,-0.1534457
ISIC_9210255,2.9499657,-1.1475028
ISIC_9214649,3.9009874,1.1005313
ISIC_9219356,0.24376273,-1.6167307
ISIC_9227283,1.0037712,1.590916
ISIC_9233062,5.6141243,0.91623676
ISIC_9235283,2.616381,1.806215
ISIC_9239978,2.2075841,1.6160195
ISIC_9254641,1.6968299,-1.5185876
ISIC_9266057,2.1790316,3.6695569
ISIC_9268487,-0.1828743,3.8157685
ISIC_9274936,3.9090788,1.3825469
ISIC_9286292,0.48847,2.7552464
ISIC_9312164,2.495537,3.1871774
ISIC_9315775,2.968814,3.5473669
ISIC_9317339,4.806155,0.28526944
ISIC_9320992,3.592521,-0.5875145
ISIC_9323485,4.130943,4.7259274
ISIC_9335652,4.5670533,-0.3825426
ISIC_9337100,5.277404,2.9523647
ISIC_9345094,-0.239358,0.9367514
ISIC_9353360,-1.3451145,3.9343212
ISIC_9367522,0.083392456,0.97674733
ISIC_9381298,-0.684664,1.1393557
ISIC_9399586,0.38233662,1.3048844
ISIC_9419633,6.800353,1.5545423
ISIC_9420311,1.2801039,-0.38775098
ISIC_9429943,-0.29222485,1.1299952
ISIC_9432086,4.436518,4.5752134
ISIC_9434832,2.0416641,-0.38061717
ISIC_9445977,2.6369944,-0.2320354
ISIC_9456779,5.257311,-0.09145129
ISIC_9478088,0.82704467,0.42632946
ISIC_9485124,0.42859995,0.15773371
ISIC_9495622,6.6677117,-0.16259828
ISIC_9505560,3.548518,2.281027
ISIC_9509757,0.6563243,1.5880072
ISIC_9517555,6.795104,2.08861
ISIC_9543045,3.121059,-0.77619183
ISIC_9544832,0.67143744,3.2130911
ISIC_9547725,1.5427849,2.2329388
ISIC_9556334,2.1050284,3.1559966
ISIC_9566132,4.7794647,0.3489477
ISIC_9571842,3.5137608,2.0639687
ISIC_9572761,1.3959819,3.3006656
ISIC_9583969,2.5420377,1.5951173
ISIC_9585033,6.309345,1.1498004
ISIC_9585329,-1.0601307,4.358694
ISIC_9593940,4.8157473,0.8097207
ISIC_9596173,2.2701385,4.2475615
ISIC_9596721,3.2272978,0.5404285
ISIC_9599992,0.57032996,1.646122
ISIC_9602954,5.3403435,-1.7491497
ISIC_9626843,1.2183545,-1.2352701
ISIC_9630889,4.4402347,-0.47684366
ISIC_9641059,5.5248656,-0.56163025
ISIC_9662611,6.8812532,1.6816342
ISIC_9668338,0.4265302,2.304141
ISIC_9676644,1.9430157,2.3744767
ISIC_9677008,-0.4381696,3.458318
ISIC_9677503,0.62327254,0.30029523
ISIC_9677559,0.37950784,-1.4680499
ISIC_9678778,1.382618,2.1116
ISIC_9685931,-0.6944895,-1.3898371
ISIC_9693456,1.5496228,1.546456
ISIC_9724689,3.9837968,4.4442797
ISIC_9728499,5.1997743,4.4772053
ISIC_9729042,-0.69551826,4.1245985
ISIC_9752088,1.0943633,-0.7339066
ISIC_9754098,2.677371,5.492211
ISIC_9767305,5.6393266,-0.5882945
ISIC_9770677,0.06339553,-0.88571304
ISIC_9780632,-0.3150781,-0.0015671876
ISIC_9785077,-0.8057976,0.54041535
ISIC_9786863,0.09769736,0.31337076
ISIC_9800841,6.682795,1.050364
ISIC_9809482,5.33913,-1.9426233
ISIC_9820266,3.3243542,-1.0738219
ISIC_9821002,-0.12428419,3.2391179
ISIC_9828846,0.21332036,0.73751533
ISIC_9842532,6.00131,0.058272254
ISIC_9859873,3.8545387,0.41121882
ISIC_9863642,7.595846,2.1662493
ISIC_9866460,3.2305207,0.5703424
ISIC_9869190,4.9894075,4.471014
ISIC_9870885,1.7893893,3.6542444
ISIC_9875364,2.0052652,4.3985434
ISIC_9876533,2.4034896,4.4102845
ISIC_9881460,3.672646,0.27542707
ISIC_9895318,4.9333043,2.9178746
ISIC_9900191,-0.5967809,0.678084
ISIC_9907020,7.0474787,1.4749173
ISIC_9908866,-1.3763429,0.13968475
ISIC_9910791,2.3758452,1.6824743
ISIC_9928278,0.24123518,2.8843443
ISIC_9930189,0.6323712,-0.52966875
ISIC_9941666,6.09182,2.6878207
ISIC_9942350,1.0494541,3.2687035
ISIC_9951988,5.081341,-0.14331318
ISIC_9957368,3.6541214,0.8950549
ISIC_9963177,1.4516373,0.9539808
ISIC_9967383,-0.1459802,2.329818
ISIC_9978107,-0.038498726,4.680565
ISIC_9980216,0.15776524,1.51098
ISIC_9992492,-1.0209392,-0.40876403
ISIC_9998682,4.1715236,1.652396
