isic_id,umap_x,umap_y
ISIC_0000002,7.320726,7.761239
ISIC_0000004,4.5604796,3.8881783
ISIC_0000013,6.6067023,8.262743
ISIC_0000022,7.22595,7.741805
ISIC_0000026,8.443277,5.6010885
ISIC_0000029,6.5267935,9.013946
ISIC_0000030,9.093278,5.7408504
ISIC_0000031,9.300557,6.304485
ISIC_0000035,5.663796,7.7425013
ISIC_0000036,5.6373367,8.336763
ISIC_0000040,10.692819,6.5603175
ISIC_0000046,5.6315665,7.6825876
ISIC_0000054,6.755838,6.776986
ISIC_0000056,5.528096,7.431131
ISIC_0000070,9.329189,8.141077
ISIC_0000076,5.1850243,3.8842728
ISIC_0000077,9.693464,5.2834105
ISIC_0000078,9.177155,7.2656107
ISIC_0000139,9.535857,6.8914633
ISIC_0000140,8.033391,8.7052965
ISIC_0000141,6.400137,7.4212685
ISIC_0000142,5.7974114,3.419142
ISIC_0000143,9.092966,6.939103
ISIC_0000144,5.6438093,3.280546
ISIC_0000145,6.1772084,9.109686
ISIC_0000146,6.1051946,3.2904427
ISIC_0000147,4.930587,3.9777727
ISIC_0000148,9.185194,8.387855
ISIC_0000149,10.14564,5.657839
ISIC_0000150,9.508409,7.195036
ISIC_0000151,11.046423,7.4211926
ISIC_0000152,9.516184,7.5062723
ISIC_0000153,6.0823603,7.10379
ISIC_0000154,10.373106,7.282304
ISIC_0000156,8.376228,6.267462
ISIC_0000157,7.763511,8.201438
ISIC_0000158,5.6382275,9.388007
ISIC_0000159,10.136672,6.681691
ISIC_0000163,8.70278,8.150994
ISIC_0000165,9.068352,7.885105
ISIC_0000168,4.1541777,9.072382
ISIC_0000169,5.504782,9.311398
ISIC_0000170,7.2520676,8.216312
ISIC_0000172,6.4387527,8.358408
ISIC_0000175,6.536054,8.700534
ISIC_0000176,9.68879,5.9232264
ISIC_0000276,5.489735,4.0119004
ISIC_0000277,7.1892715,7.8166037
ISIC_0000278,6.938176,5.7665415
ISIC_0000281,9.282458,8.38022
ISIC_0000282,3.1009884,4.9341993
ISIC_0000283,9.481281,8.3566475
ISIC_0000287,8.633944,8.449118
ISIC_0000290,4.6837373,4.6312413
ISIC_0000291,10.330256,5.569297
ISIC_0000292,7.612438,5.462487
ISIC_0000294,8.23326,5.1832547
ISIC_0000296,7.8664618,5.790276
ISIC_0000305,5.857873,7.6402035
ISIC_0000390,5.067099,7.7994547
ISIC_0000393,7.499903,7.5367074
ISIC_0000394,6.1137004,6.4767942
ISIC_0000395,9.188184,6.1093054
ISIC_0000398,5.856244,7.8900933
ISIC_0000399,6.342915,6.5169773
ISIC_0000400,4.951856,6.559156
ISIC_0000401,6.760518,5.5689116
ISIC_0000402,5.0810275,6.1774487
ISIC_0000404,6.4467235,7.8704195
ISIC_0000405,6.7173753,5.335496
ISIC_0000406,6.156493,7.093068
ISIC_0000410,8.825793,7.0126915
ISIC_0000411,7.4492683,3.9646978
ISIC_0000412,8.48061,6.4044895
ISIC_0000413,5.789661,7.111445
ISIC_0000414,7.162955,6.706102
ISIC_0000415,4.9626412,6.6737123
ISIC_0000417,6.176287,5.3951344
ISIC_0000420,6.417086,7.6847396
ISIC_0000428,5.0133758,6.664607
ISIC_0000429,4.426414,3.8739758
ISIC_0000432,8.302018,6.195526
ISIC_0000434,10.455081,6.195076
ISIC_0000438,5.4480777,4.858874
ISIC_0000440,6.957735,5.324639
ISIC_0000441,6.560084,6.7777953
ISIC_0000444,8.648677,6.203946
ISIC_0000445,11.034439,7.163918
ISIC_0000446,8.546883,6.4853044
ISIC_0000450,6.0073113,6.334502
ISIC_0000459,4.590936,7.3141327
ISIC_0000462,7.689983,6.4224057
ISIC_0000463,7.565973,7.995778
ISIC_0000466,5.753054,7.9446235
ISIC_0000469,5.7258134,7.3156567
ISIC_0000482,5.512184,8.414961
ISIC_0000484,5.639263,7.259838
ISIC_0000487,5.5257726,7.0941606
ISIC_0000502,5.3413095,7.2969785
ISIC_0000511,7.64854,6.383284
ISIC_0000513,6.365731,7.074308
ISIC_0000516,8.544067,6.3671513
ISIC_0000517,4.335961,8.052833
ISIC_0000518,4.575122,8.400514
ISIC_0000519,6.4845786,7.3074093
ISIC_0000520,8.309975,6.8297677
ISIC_0000521,9.215806,8.216903
ISIC_0000522,7.1279397,6.7347517
ISIC_0000531,8.852956,7.081602
ISIC_0000533,9.795113,6.840179
ISIC_0000547,5.110799,7.0357256
ISIC_0000548,6.0299172,7.2506027
ISIC_0000549,6.2612,7.444074
ISIC_0000551,7.5635333,5.392509
ISIC_0000552,3.9214487,9.003198
ISIC_0000553,6.442487,6.325857
ISIC_0000554,7.573947,6.3866
ISIC_0000555,7.236275,8.384227
ISIC_0001100,10.40771,7.3481817
ISIC_0001101,5.465546,7.031807
ISIC_0001102,9.225154,5.9799094
ISIC_0001103,8.128859,8.163354
ISIC_0001105,9.94412,7.7364864
ISIC_0001106,8.942746,7.2698135
ISIC_0001108,3.4498332,6.0934973
ISIC_0001110,5.178109,9.154433
ISIC_0001116,5.4782963,6.9890428
ISIC_0001118,4.9486876,8.047141
ISIC_0001119,8.79288,8.348079
ISIC_0001121,10.582775,6.101968
ISIC_0001124,6.4579945,6.3958626
ISIC_0001125,3.6959214,5.8744903
ISIC_0001126,8.043634,7.4430895
ISIC_0001127,6.367591,5.6286106
ISIC_0001128,9.945486,7.5550222
ISIC_0001131,6.0647683,9.035207
ISIC_0001132,8.965341,6.741738
ISIC_0001133,5.5798836,4.0879316
ISIC_0001134,10.857137,7.5703063
ISIC_0001135,8.760401,8.425939
ISIC_0001137,8.052277,7.7773623
ISIC_0001138,7.253935,4.8223076
ISIC_0001140,9.18713,8.745152
ISIC_0001141,5.6008883,7.300667
ISIC_0001142,9.318193,6.1173477
ISIC_0001143,6.2262444,7.092154
ISIC_0001148,6.7159605,7.015251
ISIC_0001151,10.380652,5.996934
ISIC_0001152,2.7137456,6.691613
ISIC_0001154,6.795541,5.334589
ISIC_0001157,7.409985,5.5898595
ISIC_0009868,9.526445,6.713317
ISIC_0009882,5.165775,8.075199
ISIC_0009890,6.130548,6.5832443
ISIC_0009898,6.3856936,7.32501
ISIC_0009905,9.297508,6.203326
ISIC_0009913,6.0314903,8.174702
ISIC_0009916,7.229214,4.8101993
ISIC_0009918,5.9142447,3.8713598
ISIC_0009924,8.02669,5.1645665
ISIC_0009927,10.713453,6.1308293
ISIC_0009934,6.5941854,5.1545486
ISIC_0009950,9.493895,7.3487473
ISIC_0009955,8.9490185,6.976946
ISIC_0009960,11.028341,6.96216
ISIC_0009971,10.871832,7.0668573
ISIC_0009993,5.1879773,5.4684587
ISIC_0010000,6.5032506,5.546185
ISIC_0010007,6.7615104,5.069185
ISIC_0010011,8.631975,7.0538387
ISIC_0010016,10.768784,7.6257415
ISIC_0010023,9.691994,8.127776
ISIC_0010024,10.381163,6.8721814
ISIC_0010029,8.306374,5.540477
ISIC_0010034,10.29469,6.505627
ISIC_0010036,6.3336015,7.51736
ISIC_0010039,6.4111433,7.272936
ISIC_0010049,5.2422953,6.8995795
ISIC_0010050,6.355487,6.28276
ISIC_0010054,7.6854906,7.6920652
ISIC_0010056,6.8056135,5.982986
ISIC_0010067,5.612486,6.244009
ISIC_0010080,9.504244,7.1038117
ISIC_0010081,7.315428,4.4636755
ISIC_0010089,10.637899,8.008015
ISIC_0010094,10.315701,8.162178
ISIC_0010106,6.9739847,6.1916966
ISIC_0010119,10.6092825,6.2756853
ISIC_0010120,5.7942557,4.659084
ISIC_0010131,2.988478,6.761087
ISIC_0010137,8.913471,8.108295
ISIC_0010140,6.3890815,7.423923
ISIC_0010145,7.3883653,8.858211
ISIC_0010148,6.3315387,6.779272
ISIC_0010162,6.078121,4.572604
ISIC_0010164,8.739985,4.9260287
ISIC_0010165,4.946836,6.704483
ISIC_0010171,7.9845524,7.955489
ISIC_0010174,8.151134,7.7901616
ISIC_0010189,4.904502,6.2372875
ISIC_0010194,5.4638577,7.0388274
ISIC_0010207,7.6036553,4.3782654
ISIC_0010208,8.670643,4.9440985
ISIC_0010210,6.7354627,7.1565566
ISIC_0010225,10.689732,6.335098
ISIC_0010231,5.676914,7.124244
ISIC_0010235,7.1899753,6.4190655
ISIC_0010240,8.170807,6.4061713
ISIC_0010241,7.2191877,7.8229575
ISIC_0010245,5.3961024,5.4580564
ISIC_0010251,10.867515,7.5366397
ISIC_0010265,9.868773,6.8423553
ISIC_0010271,9.103392,4.942626
ISIC_0010280,9.509655,7.055864
ISIC_0010283,10.258378,6.717996
ISIC_0010288,4.8043714,6.2655354
ISIC_0010295,6.3016806,5.289375
ISIC_0010299,8.92783,7.613177
ISIC_0010313,11.143133,7.1304393
ISIC_0010319,5.841824,6.6717544
ISIC_0010321,6.415233,7.6212015
ISIC_0010322,8.316573,4.8886724
ISIC_0010350,10.302734,7.1563716
ISIC_0010358,9.275165,8.010379
ISIC_0010360,8.602335,7.366929
ISIC_0010364,10.089186,6.5164876
ISIC_0010366,5.7869396,6.5696807
ISIC_0010369,7.4241004,6.806837
ISIC_0010372,10.352578,5.914975
ISIC_0010380,8.648762,7.989929
ISIC_0010392,4.695513,7.5875764
ISIC_0010393,6.7533884,7.368306
ISIC_0010394,6.3789306,7.633776
ISIC_0010396,5.7925153,5.6107655
ISIC_0010397,7.825748,8.405856
ISIC_0010398,9.019862,6.135578
ISIC_0010400,8.57513,6.6960735
ISIC_0010401,9.240461,8.240688
ISIC_0010402,6.36307,6.627577
ISIC_0010407,4.418237,7.7230268
ISIC_0010410,9.322782,5.8391833
ISIC_0010413,5.562062,5.293608
ISIC_0010415,8.0296335,6.2540436
ISIC_0010417,4.4728503,8.486107
ISIC_0010426,6.719718,6.79072
ISIC_0010432,5.4984217,7.2088985
ISIC_0010441,7.917434,7.204617
ISIC_0010466,7.7377234,7.8428216
ISIC_0010468,7.239683,7.936926
ISIC_0010469,6.1230536,6.455988
ISIC_0010470,7.3921347,6.0985985
ISIC_0010476,10.373554,6.169916
ISIC_0010482,7.544205,5.065482
ISIC_0010486,4.95586,6.805483
ISIC_0010495,7.737957,5.0866156
ISIC_0010514,10.755936,6.414258
ISIC_0010527,5.31703,5.521485
ISIC_0010532,7.5519967,5.7361526
ISIC_0010543,9.567758,6.4549093
ISIC_0010550,5.953519,6.2503233
ISIC_0010551,9.123204,5.3617654
ISIC_0010555,8.83691,5.948577
ISIC_0010559,4.364712,4.74092
ISIC_0010564,4.462809,6.24309
ISIC_0010576,9.682556,6.634226
ISIC_0010579,8.335121,6.405579
ISIC_0010583,4.891252,7.1513214
ISIC_0010587,9.440813,8.32103
ISIC_0010591,9.45182,6.652221
ISIC_0010596,6.1889925,8.8324175
ISIC_0010597,9.205949,7.2252235
ISIC_0010608,5.797736,9.009542
ISIC_0010609,10.34603,5.9629626
ISIC_0010611,7.7831163,6.7312436
ISIC_0010631,4.064062,6.118841
ISIC_0010644,10.495736,7.1180673
ISIC_0010648,6.5022807,7.524905
ISIC_0010653,9.164748,6.027514
ISIC_0010655,10.072107,8.168901
ISIC_0010707,9.689279,4.809147
ISIC_0010714,5.2742887,6.415142
ISIC_0010723,5.989765,7.1457047
ISIC_0010728,5.9721365,6.839254
ISIC_0010729,7.3221025,5.9802384
ISIC_0010741,8.078342,5.781288
ISIC_0010749,6.685617,7.0813007
ISIC_0010750,5.9533963,7.219011
ISIC_0010757,10.533311,6.9630566
ISIC_0010759,6.5975504,6.944219
ISIC_0010764,9.534116,5.109752
ISIC_0010765,9.413563,4.8939204
ISIC_0010766,10.021208,5.2439256
ISIC_0010770,9.766831,4.7434406
ISIC_0010772,7.700648,8.079257
ISIC_0010777,10.03516,8.416095
ISIC_0010782,7.4505754,6.316507
ISIC_0010784,7.311026,5.7143564
ISIC_0010785,5.531129,7.2530937
ISIC_0010789,8.213513,7.5211344
ISIC_0010790,9.320386,5.3675423
ISIC_0010791,7.362218,4.260795
ISIC_0010792,8.643619,4.9779377
ISIC_0010803,10.329943,6.5512085
ISIC_0010808,8.0394945,7.779052
ISIC_0010809,8.538752,5.027082
ISIC_0010810,4.15,6.310594
ISIC_0010834,10.3688545,6.0515146
ISIC_0010852,11.110322,7.3020873
ISIC_0010860,8.847132,8.330723
ISIC_0010862,5.511761,4.9242578
ISIC_0010863,4.7214284,7.8392363
ISIC_0010866,5.9408736,6.6725926
ISIC_0010872,4.7651396,7.1951146
ISIC_0010876,7.145634,7.208764
ISIC_0010878,7.62805,6.623518
ISIC_0010883,7.7945538,8.5337515
ISIC_0010890,7.4546175,4.073287
ISIC_0010898,8.619646,5.1129875
ISIC_0010900,7.9998336,7.4741626
ISIC_0010912,6.1507254,7.2422314
ISIC_0010917,5.7563424,7.413621
ISIC_0010923,9.140306,6.5926533
ISIC_0010938,5.5463634,6.7211623
ISIC_0010942,7.39876,5.6950173
ISIC_0010965,5.986798,7.9214773
ISIC_0010971,5.301318,7.0499854
ISIC_0010977,10.286973,6.1050143
ISIC_0010978,10.688616,5.9665694
ISIC_0010979,7.24298,4.8540287
ISIC_0010982,7.28368,4.7992077
ISIC_0010993,7.823332,5.226753
ISIC_0010995,9.693959,6.992116
ISIC_0011007,6.2502503,5.1020403
ISIC_0011012,10.564233,6.833699
ISIC_0011030,7.632928,8.267001
ISIC_0011031,7.591434,7.958219
ISIC_0011039,7.6496825,5.3920245
ISIC_0011040,8.651665,7.75987
ISIC_0011042,8.795137,5.4203386
ISIC_0011043,7.9729447,4.7331095
ISIC_0011045,5.919169,7.212125
ISIC_0011052,5.8648605,6.397411
ISIC_0011057,11.028648,7.354131
ISIC_0011077,7.9601355,5.2021055
ISIC_0011099,9.456011,6.6500554
ISIC_0011118,10.49023,5.809091
ISIC_0011122,5.0626225,5.3327527
ISIC_0011128,7.330677,5.199494
ISIC_0011130,7.4139457,7.9443727
ISIC_0011132,8.202388,8.147862
ISIC_0011135,9.651178,8.370368
ISIC_0011136,8.153231,5.3271527
ISIC_0011137,8.029283,7.9403653
ISIC_0011138,6.4174986,6.125016
ISIC_0011139,6.9905515,6.540622
ISIC_0011140,10.70458,7.720624
ISIC_0011151,4.84679,7.0703692
ISIC_0011158,8.015875,6.493969
ISIC_0011161,6.4262424,6.461884
ISIC_0011163,10.876624,7.3544555
ISIC_0011166,8.658733,6.1829925
ISIC_0011169,9.485511,6.878133
ISIC_0011176,10.611612,7.3439093
ISIC_0011178,6.8896627,4.9491897
ISIC_0011181,7.57942,5.398671
ISIC_0011187,8.740973,5.0989747
ISIC_0011193,6.7172446,6.964041
ISIC_0011196,8.95784,7.437401
ISIC_0011209,7.8558807,6.0936394
ISIC_0011238,6.5040426,8.441954
ISIC_0011239,4.9071383,6.691788
ISIC_0011247,4.2585373,6.639314
ISIC_0011256,10.601704,7.8254128
ISIC_0011264,7.2484713,4.4630203
ISIC_0011267,8.482642,5.8001122
ISIC_0011268,6.1552534,3.5898757
ISIC_0011269,9.987903,7.470815
ISIC_0011273,6.1627154,6.261072
ISIC_0011305,8.4990425,4.955929
ISIC_0011315,7.5911703,6.225682
ISIC_0011337,7.295588,5.0071344
ISIC_0011348,5.7596684,6.789587
ISIC_0011350,4.163973,7.178706
ISIC_0011356,4.1939898,6.056074
ISIC_0011366,7.172277,7.716674
ISIC_0011370,6.7726336,6.210227
ISIC_0011374,3.8071973,7.0562916
ISIC_0011375,6.7370486,5.37562
ISIC_0011381,4.266649,6.2258916
ISIC_0011387,4.9954906,7.797328
ISIC_0011388,7.4535937,3.9886143
ISIC_0011390,3.8315656,7.799327
ISIC_0011391,5.6944103,3.963799
ISIC_0011399,7.6375246,5.514865
ISIC_0011404,4.9288144,9.419771
ISIC_0011405,4.9261036,9.427018
ISIC_0011428,5.0083957,9.453322
ISIC_0011429,4.180861,9.305537
ISIC_0011430,4.276132,9.458586
ISIC_0011434,4.261776,9.501314
ISIC_0011435,4.242926,9.465401
ISIC_0011437,5.369992,10.04424
ISIC_0011438,4.6164236,9.614887
ISIC_0011439,4.9913,9.793895
ISIC_0011458,5.429741,9.571933
ISIC_0011460,4.6975646,9.886335
ISIC_0011463,4.4899664,9.755827
ISIC_0011471,5.0186462,9.427903
ISIC_0011474,4.6301236,9.294339
ISIC_0011480,3.9878445,9.150962
ISIC_0011481,5.5039215,9.951156
ISIC_0011482,5.1904855,9.393648
ISIC_0011483,4.667139,9.672393
ISIC_0011484,4.7102566,9.6650715
ISIC_0011485,4.894869,9.143091
ISIC_0011486,4.9346156,9.531745
ISIC_0011487,4.936154,9.337925
ISIC_0011488,4.803979,9.767277
ISIC_0011489,5.6120443,9.504933
ISIC_0011490,4.938323,9.988642
ISIC_0011491,4.8818455,10.009858
ISIC_0011492,4.654975,9.718472
ISIC_0011493,4.409451,9.295365
ISIC_0011494,5.9104714,9.244738
ISIC_0011501,5.045468,9.467586
ISIC_0011503,3.7530472,8.370287
ISIC_0011504,5.2967753,9.986875
ISIC_0011505,4.744181,9.77055
ISIC_0011506,4.446575,9.559292
ISIC_0011507,5.2624984,10.091171
ISIC_0011508,5.252911,10.125578
ISIC_0011511,4.666037,9.704573
ISIC_0011514,4.6956286,9.791131
ISIC_0011515,4.7252274,9.487412
ISIC_0011516,4.835337,9.49999
ISIC_0011517,4.350139,9.265985
ISIC_0011518,4.972962,9.303477
ISIC_0011519,4.7085323,9.443933
ISIC_0011520,5.0328937,10.03601
ISIC_0011526,5.2317348,9.741296
ISIC_0011527,5.48392,9.995606
ISIC_0011528,5.4546404,10.008912
ISIC_0011529,5.587122,10.016935
ISIC_0011530,5.451444,10.015406
ISIC_0011531,5.566685,10.032581
ISIC_0011534,4.506042,9.563301
ISIC_0011537,4.5871882,9.639902
ISIC_0011560,4.994492,7.320676
ISIC_0011566,4.6228924,9.136445
ISIC_0011579,4.775871,9.441214
ISIC_0011589,4.582171,9.767779
ISIC_0011590,4.776823,9.742492
ISIC_0011591,4.759098,9.775492
ISIC_0011594,4.4990425,9.687978
ISIC_0011610,5.4664254,9.863195
ISIC_0011613,4.7806225,10.002788
ISIC_0011614,4.9095464,10.147235
ISIC_0011615,4.798329,10.057478
ISIC_0011616,4.8949018,10.113368
ISIC_0011618,4.5927553,4.777773
ISIC_0011628,5.3858933,5.233182
ISIC_0011649,5.924713,9.269768
ISIC_0011659,4.9424314,9.34585
ISIC_0011684,5.441421,9.962299
ISIC_0011691,4.834993,9.606483
ISIC_0011692,4.9806757,10.17295
ISIC_0011693,4.9412665,10.192364
ISIC_0011694,4.7731733,10.088461
ISIC_0011695,4.9496813,10.203469
ISIC_0011696,4.960532,10.214467
ISIC_0011697,5.047865,10.299205
ISIC_0011698,4.8908954,10.131179
ISIC_0011699,4.7778997,10.019428
ISIC_0011700,4.8163023,10.0899935
ISIC_0011701,4.975656,10.2206135
ISIC_0011702,4.7995152,10.091616
ISIC_0011703,4.7930593,10.092194
ISIC_0011704,4.9496455,10.216464
ISIC_0011709,4.537369,9.5304
ISIC_0011710,4.6198325,9.721328
ISIC_0011728,4.132629,9.158528
ISIC_0011729,5.3842316,9.599652
ISIC_0011736,4.916448,9.52994
ISIC_0011743,4.1287007,9.2435875
ISIC_0011744,4.1842356,9.228817
ISIC_0011758,4.5477877,9.323086
ISIC_0011759,4.548498,9.375401
ISIC_0011764,4.723107,10.059219
ISIC_0011770,5.0970044,9.430604
ISIC_0011771,5.018296,9.488274
ISIC_0011772,5.471521,9.449105
ISIC_0011773,5.0698895,9.567509
ISIC_0011774,5.065254,9.509266
ISIC_0011778,4.674212,9.715485
ISIC_0011780,4.32191,9.378321
ISIC_0011782,3.9486067,9.067032
ISIC_0011794,4.082173,9.224142
ISIC_0011797,4.8768787,10.011432
ISIC_0011798,4.867476,9.992813
ISIC_0011799,4.9418283,9.903042
ISIC_0011801,5.464107,9.8120365
ISIC_0011802,5.4779396,9.830659
ISIC_0011807,5.5444536,9.643023
ISIC_0011808,5.3939853,9.661793
ISIC_0011811,5.1613507,9.632771
ISIC_0011812,5.248196,9.69535
ISIC_0011845,4.488962,9.295044
ISIC_0011846,4.597141,9.355186
ISIC_0011857,4.771988,10.07475
ISIC_0011858,4.775243,10.105925
ISIC_0011870,4.2410784,9.229169
ISIC_0011872,3.996009,8.99033
ISIC_0011873,3.9263372,8.951822
ISIC_0011874,3.9175434,8.992022
ISIC_0011875,4.3283663,9.553682
ISIC_0011876,4.208946,9.421357
ISIC_0011877,3.9794328,9.106701
ISIC_0011878,3.8895218,8.858855
ISIC_0011879,4.509997,9.673234
ISIC_0011892,6.415672,8.271963
ISIC_0011895,5.5616174,9.82299
ISIC_0011898,4.543998,9.810374
ISIC_0011904,5.0887885,8.79896
ISIC_0011921,4.911829,9.606931
ISIC_0011922,4.9001513,9.558163
ISIC_0011923,7.4961133,7.2492146
ISIC_0011930,4.125511,9.275574
ISIC_0011931,4.029311,9.178643
ISIC_0011933,4.415588,8.923807
ISIC_0011943,5.034765,10.046689
ISIC_0011944,4.887716,10.046084
ISIC_0011947,5.290551,9.597924
ISIC_0011948,5.2698255,9.582203
ISIC_0011949,5.0195327,9.692239
ISIC_0011950,5.2878976,9.706455
ISIC_0011951,5.103688,9.8851185
ISIC_0011957,9.042996,6.089181
ISIC_0011958,8.976738,6.0888357
ISIC_0011975,7.8746157,5.7489347
ISIC_0011987,4.913655,9.403696
ISIC_0011996,8.719773,6.2989283
ISIC_0011998,5.0172057,9.356114
ISIC_0012000,4.3204885,9.408818
ISIC_0012044,4.638759,9.674589
ISIC_0012047,4.6455183,9.438083
ISIC_0012048,5.1287193,9.789858
ISIC_0012049,4.70336,4.222357
ISIC_0012060,5.830184,9.353211
ISIC_0012063,4.7077646,9.970734
ISIC_0012066,4.782215,9.989204
ISIC_0012069,4.740731,9.979111
ISIC_0012081,6.679,9.040428
ISIC_0012082,5.3686748,10.038417
ISIC_0012083,7.516037,4.5996213
ISIC_0012099,10.922001,7.643311
ISIC_0012112,6.2773924,3.4965272
ISIC_0012137,9.068633,7.902082
ISIC_0012151,6.574429,8.9434805
ISIC_0012208,10.518486,7.314126
ISIC_0012258,8.684213,5.644043
ISIC_0012270,10.345839,5.7435184
ISIC_0012288,10.04664,7.511881
ISIC_0012290,9.015289,5.4512167
ISIC_0012298,10.564382,5.8617954
ISIC_0012321,6.063543,8.940806
ISIC_0012348,10.87999,6.050591
ISIC_0012356,8.36591,4.912756
ISIC_0012369,10.403168,5.7582474
ISIC_0012382,8.593907,6.4447365
ISIC_0012391,7.6605773,7.773974
ISIC_0012418,7.487598,9.24071
ISIC_0012425,10.555893,7.700467
ISIC_0012434,11.053208,6.8426414
ISIC_0012435,9.81702,7.438527
ISIC_0012450,9.322585,7.7584863
ISIC_0012471,8.020576,9.541571
ISIC_0012472,5.9021254,4.6902547
ISIC_0012512,7.616461,9.579821
ISIC_0012571,7.5923405,5.1568975
ISIC_0012574,8.174742,8.762598
ISIC_0012577,8.37777,5.041529
ISIC_0012580,8.607118,6.632454
ISIC_0012592,8.225167,7.0692716
ISIC_0012595,5.1363215,5.7376213
ISIC_0012610,5.4283404,6.887265
ISIC_0012633,5.5499067,6.6349144
ISIC_0012678,9.337747,6.2964025
ISIC_0012701,8.58381,7.181119
ISIC_0012756,8.070206,7.39535
ISIC_0012758,10.816608,7.901218
ISIC_0012843,6.286729,3.4601057
ISIC_0012887,6.982341,8.928418
ISIC_0012930,8.317646,7.5119314
ISIC_0012988,10.069036,7.5850887
ISIC_0012989,6.958782,8.919296
ISIC_0012990,10.002047,7.7687116
ISIC_0013072,8.115522,6.953646
ISIC_0013073,6.247423,9.44672
ISIC_0013079,5.391192,7.1999235
ISIC_0013141,5.6870875,3.4438434
ISIC_0013184,8.081545,7.259607
ISIC_0013198,5.863649,7.3597345
ISIC_0013232,7.6703143,9.171525
ISIC_0013242,7.4276323,9.59118
ISIC_0013258,6.8381705,8.73863
ISIC_0013277,7.6162233,8.07175
ISIC_0013321,6.84753,6.598668
ISIC_0013334,5.8548307,4.862265
ISIC_0013359,7.278633,6.4265647
ISIC_0013365,10.854037,6.3036256
ISIC_0013374,5.3584833,7.200077
ISIC_0013411,5.9046745,7.5153375
ISIC_0013427,4.3060465,8.03586
ISIC_0013429,8.212974,7.9316754
ISIC_0013444,10.371718,5.756202
ISIC_0013455,6.151229,8.188706
ISIC_0013457,10.34272,6.536175
ISIC_0013459,8.33011,5.4211144
ISIC_0013460,10.372155,5.7858424
ISIC_0013472,11.109783,6.27837
ISIC_0013473,4.2068768,8.05542
ISIC_0013490,7.95705,9.417829
ISIC_0013491,10.1344795,7.5495877
ISIC_0013497,6.9908586,6.0276837
ISIC_0013499,10.679721,6.2557626
ISIC_0013500,9.307057,6.661761
ISIC_0013501,7.950366,7.930873
ISIC_0013518,7.399454,6.13282
ISIC_0013525,8.738757,7.6843286
ISIC_0013530,7.6556296,9.181721
ISIC_0013548,7.4603004,6.586549
ISIC_0013549,7.378525,9.597029
ISIC_0013565,8.807498,5.8146725
ISIC_0013567,6.6176853,6.816318
ISIC_0013572,8.12907,7.5029306
ISIC_0013577,7.2839975,6.1147547
ISIC_0013578,10.765019,5.930813
ISIC_0013579,7.2832065,6.2513504
ISIC_0013581,7.6963367,5.9655633
ISIC_0013588,7.5329895,9.809153
ISIC_0013594,8.888511,5.3629174
ISIC_0013606,6.94198,9.479759
ISIC_0013610,6.51926,3.200936
ISIC_0013615,8.776374,6.9762
ISIC_0013617,8.251426,7.268955
ISIC_0013618,10.81993,5.953719
ISIC_0013626,7.6663437,6.748657
ISIC_0013634,7.3403535,6.58753
ISIC_0013636,8.686961,7.0504584
ISIC_0013639,10.386983,7.461195
ISIC_0013646,11.197116,6.89346
ISIC_0013651,9.203681,6.9769917
ISIC_0013652,9.49971,5.4314475
ISIC_0013663,5.7991843,6.948843
ISIC_0013671,9.018862,7.278936
ISIC_0013672,8.254524,7.65069
ISIC_0013696,7.918809,8.065345
ISIC_0013702,6.898999,8.745979
ISIC_0013733,6.4443483,9.399986
ISIC_0013736,6.933196,8.750449
ISIC_0013739,8.954175,6.7498417
ISIC_0013740,5.611494,6.7584095
ISIC_0013744,6.1252966,8.938807
ISIC_0013762,5.450097,7.2464085
ISIC_0013766,9.247443,7.706346
ISIC_0013767,7.8769293,9.502659
ISIC_0013768,7.8471375,9.541127
ISIC_0013769,6.12595,8.523635
ISIC_0013775,10.864916,7.468708
ISIC_0013777,8.375227,7.2144523
ISIC_0013783,6.2616663,6.7777205
ISIC_0013813,7.9710784,5.429669
ISIC_0013814,8.026255,5.469702
ISIC_0013815,10.003581,7.2447853
ISIC_0013831,11.164933,6.9615955
ISIC_0013832,7.821657,5.766542
ISIC_0013833,8.505578,4.956875
ISIC_0013839,7.717634,9.819119
ISIC_0013842,10.773575,6.1125402
ISIC_0013844,10.713968,6.7198906
ISIC_0013845,8.2766285,7.0676503
ISIC_0013861,5.010289,6.9780426
ISIC_0013865,9.347891,7.5888147
ISIC_0013867,10.960296,6.0429835
ISIC_0013874,7.738261,7.817769
ISIC_0013908,6.363572,7.0580115
ISIC_0013917,10.892668,6.198675
ISIC_0013936,8.788012,8.053174
ISIC_0013948,9.007006,6.836539
ISIC_0013953,6.1018353,5.0362973
ISIC_0013969,10.970712,6.050786
ISIC_0013972,6.928972,7.24842
ISIC_0013975,7.9928117,5.265759
ISIC_0013984,7.7134547,7.269459
ISIC_0013987,9.093251,6.6272464
ISIC_0013988,6.9838467,6.345742
ISIC_0013992,7.4938397,9.277032
ISIC_0013995,6.4223137,9.244548
ISIC_0013997,7.686125,9.506979
ISIC_0014013,9.643918,8.45578
ISIC_0014037,4.42946,3.9480023
ISIC_0014044,6.5593295,6.6580954
ISIC_0014049,6.595993,6.7518992
ISIC_0014059,10.704654,7.5123377
ISIC_0014061,10.992699,6.27505
ISIC_0014062,10.954997,6.0299425
ISIC_0014072,7.736451,6.33795
ISIC_0014076,6.482503,8.127903
ISIC_0014077,6.56846,9.378572
ISIC_0014079,7.5342937,4.040023
ISIC_0014082,7.398202,6.5911193
ISIC_0014086,7.9871435,9.56226
ISIC_0014088,10.925917,6.1770606
ISIC_0014091,5.9218802,4.713322
ISIC_0014092,10.237229,7.4995217
ISIC_0014099,6.3500595,3.3096828
ISIC_0014103,10.307173,7.226156
ISIC_0014108,8.8719015,6.9431047
ISIC_0014110,8.385813,7.526956
ISIC_0014127,8.130829,9.45162
ISIC_0014129,7.32699,9.63886
ISIC_0014132,7.961877,9.530933
ISIC_0014133,5.746503,8.99767
ISIC_0014144,9.890328,7.5991063
ISIC_0014148,7.9890046,9.547567
ISIC_0014151,5.9107957,8.244334
ISIC_0014156,10.14287,7.7067647
ISIC_0014157,7.3590918,9.63215
ISIC_0014160,8.16463,7.976242
ISIC_0014163,7.0620117,6.7780237
ISIC_0014165,8.261451,6.6945148
ISIC_0014171,11.006114,6.6473637
ISIC_0014173,6.1997395,3.3527975
ISIC_0014181,5.3866286,7.1598997
ISIC_0014183,6.20028,8.793605
ISIC_0014186,7.811145,7.327214
ISIC_0014187,8.473239,5.5389323
ISIC_0014189,7.5101914,9.668775
ISIC_0014190,7.7203403,6.137
ISIC_0014217,8.58981,6.9138618
ISIC_0014219,5.177021,6.900437
ISIC_0014222,7.5172286,4.0674853
ISIC_0014229,8.994292,8.030526
ISIC_0014233,7.204669,6.770889
ISIC_0014238,10.798364,6.6502476
ISIC_0014249,7.441185,9.479786
ISIC_0014270,9.588219,5.4329734
ISIC_0014284,9.559613,6.430311
ISIC_0014288,10.914966,5.9985805
ISIC_0014289,7.860662,7.6778765
ISIC_0014290,10.138428,7.588726
ISIC_0014291,9.518049,6.522661
ISIC_0014302,7.4975967,9.525925
ISIC_0014308,6.925248,6.456833
ISIC_0014316,10.993723,6.133078
ISIC_0014319,6.6728,7.172131
ISIC_0014324,8.665253,4.9204497
ISIC_0014325,10.681936,6.05306
ISIC_0014327,10.489708,5.9832034
ISIC_0014331,7.264928,4.9359074
ISIC_0014336,7.9659944,9.551114
ISIC_0014337,8.070053,5.4214826
ISIC_0014347,7.2896724,6.112006
ISIC_0014349,10.819742,6.16229
ISIC_0014357,8.077236,5.5757184
ISIC_0014360,10.795204,6.0320363
ISIC_0014361,9.215947,6.5987434
ISIC_0014366,10.458504,6.0130997
ISIC_0014369,8.773492,8.048606
ISIC_0014372,6.458978,6.694051
ISIC_0014377,7.3204484,9.9356985
ISIC_0014385,7.1238194,5.6278276
ISIC_0014395,8.127271,5.4956684
ISIC_0014400,9.114663,6.5779495
ISIC_0014422,6.7439237,6.5090995
ISIC_0014423,8.680368,5.7106376
ISIC_0014428,11.144544,7.52512
ISIC_0014434,8.193216,5.3717422
ISIC_0014454,7.2871556,6.124745
ISIC_0014476,7.9526315,7.9220257
ISIC_0014478,9.173792,7.7740555
ISIC_0014480,10.8491535,6.388026
ISIC_0014486,7.8561144,9.7041
ISIC_0014489,7.4594383,6.2293167
ISIC_0014501,6.4098487,9.263679
ISIC_0014506,10.512031,5.5919943
ISIC_0014507,10.862469,6.3772283
ISIC_0014513,7.303289,6.597865
ISIC_0014525,6.0765824,8.554526
ISIC_0014527,6.295775,8.92552
ISIC_0014541,7.9961057,9.55687
ISIC_0014543,10.862674,5.9440565
ISIC_0014545,11.026474,6.6207
ISIC_0014546,7.267362,6.231195
ISIC_0014548,7.616719,6.075256
ISIC_0014557,7.4342446,5.88839
ISIC_0014558,7.397533,6.7901974
ISIC_0014559,5.8201427,8.558407
ISIC_0014663,4.3184357,9.336815
ISIC_0014666,4.5300612,9.768489
ISIC_0014671,4.4506717,9.624366
ISIC_0014681,4.7060137,9.753481
ISIC_0014688,4.8940334,9.360748
ISIC_0014689,4.9263487,9.2747965
ISIC_0014690,4.9101815,9.324894
ISIC_0014703,4.3758025,9.5931
ISIC_0014722,4.412169,9.596986
ISIC_0014727,4.7270055,9.407183
ISIC_0014766,5.0243125,9.712908
ISIC_0014772,4.7809544,9.678727
ISIC_0014784,4.7207537,4.142359
ISIC_0014788,4.8863807,10.144322
ISIC_0014790,3.701955,8.6175165
ISIC_0014795,5.101658,9.419776
ISIC_0014800,4.6531453,9.961686
ISIC_0014809,8.742757,6.301403
ISIC_0014813,4.848268,9.996111
ISIC_0014826,6.1015496,9.087911
ISIC_0014832,4.9855638,9.416853
ISIC_0014852,4.565691,9.684355
ISIC_0014857,4.068622,9.237881
ISIC_0014858,4.3238406,9.405872
ISIC_0014862,7.7858214,5.9041753
ISIC_0014864,8.391458,5.8759336
ISIC_0014871,4.123622,8.517273
ISIC_0014872,7.520857,7.3507886
ISIC_0014873,5.115587,9.44183
ISIC_0014874,4.91931,9.38687
ISIC_0014877,5.1726623,9.566358
ISIC_0014880,4.6431026,9.771779
ISIC_0014883,5.0695033,10.090483
ISIC_0014891,4.677331,9.282327
ISIC_0014892,5.118761,9.211433
ISIC_0014893,4.896058,9.369921
ISIC_0014897,5.523923,9.801153
ISIC_0014900,4.9597497,10.153979
ISIC_0014912,4.621653,9.643699
ISIC_0014918,5.0700893,9.505745
ISIC_0014919,8.660515,6.062868
ISIC_0014920,7.4309793,8.919894
ISIC_0014924,5.6451154,9.4345455
ISIC_0014928,9.508803,7.3648095
ISIC_0014931,5.2172847,9.262999
ISIC_0014935,3.9198856,9.08951
ISIC_0014951,4.4558926,9.123052
ISIC_0014953,5.8595815,9.244829
ISIC_0014963,4.072834,9.213325
ISIC_0014970,5.082233,9.965703
ISIC_0014975,5.1310735,5.3100643
ISIC_0014979,6.6172996,8.166861
ISIC_0014980,6.571305,7.945365
ISIC_0014982,5.4408016,9.804917
ISIC_0014983,4.9899697,9.352949
ISIC_0014985,7.622898,4.666396
ISIC_0014987,5.0362077,9.787166
ISIC_0014999,4.548687,8.8810005
ISIC_0015004,6.1617374,9.357431
ISIC_0015005,3.9707656,9.068695
ISIC_0015041,5.420937,9.980633
ISIC_0015045,5.177131,9.63197
ISIC_0015050,5.178777,4.9396205
ISIC_0015065,4.903686,9.365972
ISIC_0015067,5.4340835,5.197515
ISIC_0015073,4.764467,9.6727
ISIC_0015079,8.908096,6.28923
ISIC_0015082,4.602327,9.574811
ISIC_0015083,5.255608,10.149952
ISIC_0015088,3.8953352,9.069468
ISIC_0015096,5.0963564,9.349846
ISIC_0015106,8.38674,5.978831
ISIC_0015109,5.569252,9.574193
ISIC_0015114,4.319325,9.158109
ISIC_0015115,5.0707374,9.403425
ISIC_0015116,8.083782,8.710577
ISIC_0015119,4.746719,9.731975
ISIC_0015120,8.182988,6.0919423
ISIC_0015122,5.5666356,9.546394
ISIC_0015124,5.7899094,9.285898
ISIC_0015127,4.9592233,10.099828
ISIC_0015128,5.5060663,9.954873
ISIC_0015132,4.793426,9.605865
ISIC_0015133,8.004381,8.671148
ISIC_0015136,5.279428,9.728015
ISIC_0015141,5.141296,9.457838
ISIC_0015142,5.1623054,9.956195
ISIC_0015143,5.1639805,9.6969595
ISIC_0015145,4.4057136,9.213851
ISIC_0015156,4.244599,9.258084
ISIC_0015163,4.6617255,9.188459
ISIC_0015166,4.670315,9.88915
ISIC_0015167,6.31487,3.9373064
ISIC_0015169,5.970113,9.223572
ISIC_0015178,5.6016235,5.0193877
ISIC_0015180,8.0487,5.8687716
ISIC_0015185,4.8325257,9.740875
ISIC_0015189,5.164159,9.65991
ISIC_0015190,4.3787184,9.416669
ISIC_0015191,4.8564262,9.570642
ISIC_0015192,4.9759226,10.107398
ISIC_0015193,4.819277,9.684848
ISIC_0015194,4.9899774,10.037715
ISIC_0015196,6.874558,5.264224
ISIC_0015197,7.225455,5.120947
ISIC_0015204,4.372005,8.4909935
ISIC_0015205,4.6372285,9.643151
ISIC_0015206,4.6232986,9.821968
ISIC_0015213,4.3489027,9.634546
ISIC_0015219,5.1942444,9.629756
ISIC_0015228,4.5822244,4.591684
ISIC_0015229,4.577956,9.64049
ISIC_0015230,4.802789,9.486605
ISIC_0015236,6.695066,5.390789
ISIC_0015243,7.869611,5.8931003
ISIC_0015246,3.9468112,9.10571
ISIC_0015248,4.9315515,9.90089
ISIC_0015251,4.6972938,9.990664
ISIC_0015256,4.7627926,9.683311
ISIC_0015266,4.6460023,9.712291
ISIC_0015277,4.0549235,9.26438
ISIC_0015284,6.2731996,3.44892
ISIC_0015288,3.9618812,9.139061
ISIC_0015289,3.957105,9.066891
ISIC_0015314,5.661148,9.265585
ISIC_0015316,4.9989605,9.3956375
ISIC_0015317,4.393283,9.503968
ISIC_0015318,4.389542,9.271793
ISIC_0015332,4.6614227,4.8088226
ISIC_0015336,4.935019,9.941595
ISIC_0015343,7.8132324,5.44921
ISIC_0015356,4.689873,9.713054
ISIC_0015377,5.212683,6.7471824
ISIC_0015433,4.271781,9.314995
ISIC_0015434,4.8263764,9.987088
ISIC_0015441,5.160053,5.0667048
ISIC_0015442,3.951503,8.348277
ISIC_0015457,4.6429424,9.620311
ISIC_0015458,4.7031384,9.595458
ISIC_0015477,4.3102894,9.592672
ISIC_0015503,6.1020255,9.0878105
ISIC_0015508,4.270946,9.390905
ISIC_0015514,5.335466,9.743003
ISIC_0015517,9.100282,5.928315
ISIC_0015519,9.129693,5.945846
ISIC_0015522,4.9970064,9.386605
ISIC_0015523,4.4901023,9.092142
ISIC_0015533,4.91957,9.386067
ISIC_0015565,4.9492693,9.37708
ISIC_0015575,4.2200313,9.391447
ISIC_0015595,4.754211,9.650549
ISIC_0015608,4.778723,10.044803
ISIC_0015619,5.0985274,5.08493
ISIC_0016080,10.11502,7.6966543
ISIC_0016081,7.2464075,9.901361
ISIC_0016082,6.3108754,3.2327523
ISIC_0016084,8.970167,6.82058
ISIC_0016085,7.42408,9.500642
ISIC_0016092,6.4511313,3.1803946
ISIC_0016094,8.79216,8.583556
ISIC_0016112,5.9034176,9.534375
ISIC_0016114,7.6167636,8.486758
ISIC_0016123,5.545574,7.7438145
ISIC_0016127,11.09982,7.54286
ISIC_0016128,9.42424,8.592275
ISIC_0016131,7.9466424,7.219262
ISIC_0016133,8.799693,8.232278
ISIC_0016137,8.063773,7.5545864
ISIC_0016139,9.383513,6.271489
ISIC_0016145,6.545877,3.494714
ISIC_0016153,7.3425035,6.243855
ISIC_0016161,9.556561,6.3702683
ISIC_0016162,6.3022,3.3099184
ISIC_0016438,10.598257,8.121729
ISIC_0016911,3.890646,8.33157
ISIC_0017350,8.254452,8.642278
ISIC_0017399,7.253931,8.513273
ISIC_0017411,7.028076,6.3747416
ISIC_0017414,5.4431067,7.653802
ISIC_0017415,7.5264573,8.821804
ISIC_0017422,10.459993,7.952758
ISIC_0017428,6.802131,7.5429926
ISIC_0017431,10.942878,7.838439
ISIC_0017434,6.3366733,7.7818394
ISIC_0017436,6.505203,8.130911
ISIC_0017443,6.8369102,6.8722897
ISIC_0017448,6.614237,8.292645
ISIC_0017451,7.052533,7.756212
ISIC_0017453,7.649541,8.492024
ISIC_0017455,10.963631,6.9251366
ISIC_0017460,6.5640507,7.794434
ISIC_0017485,8.857393,8.468759
ISIC_0017486,10.496097,7.5837836
ISIC_0017856,5.264544,8.230905
ISIC_0018039,5.252221,8.437218
ISIC_0018040,5.6586733,8.296378
ISIC_0019315,6.5087657,8.356861
ISIC_0019334,7.394323,8.744481
ISIC_0019335,7.228766,8.730029
ISIC_0019432,6.3865314,7.379561
ISIC_0020491,10.517536,6.4216094
ISIC_0020963,6.5683684,6.463765
ISIC_0020975,6.1904855,6.4901853
ISIC_0020977,6.356104,6.3062987
ISIC_0020978,7.9725986,5.8320765
ISIC_0020985,5.112976,6.560123
ISIC_0020986,5.7639055,6.2624516
ISIC_0020987,8.001288,4.726266
ISIC_0020988,5.525259,6.209335
ISIC_0020998,7.1430016,5.4429417
ISIC_0021009,7.4769354,4.6574006
ISIC_0021020,6.880019,5.482223
ISIC_0021094,4.9436913,6.8270564
ISIC_0021095,6.185814,6.303972
ISIC_0021125,4.886528,6.5696526
ISIC_0021136,4.9559455,6.618021
ISIC_0021147,4.9951496,6.582846
ISIC_0021155,4.9168615,6.6033077
ISIC_0021162,4.695704,6.423848
ISIC_0021166,7.461974,4.046571
ISIC_0021167,7.364895,4.0467343
ISIC_0021168,7.451238,4.0632515
ISIC_0021172,4.789615,6.3690815
ISIC_0021187,9.369716,7.343864
ISIC_0021188,9.941899,7.7279973
ISIC_0021189,9.47305,7.3565717
ISIC_0021194,5.0625644,6.1905537
ISIC_0021205,4.787875,6.4233327
ISIC_0021271,6.0789757,8.744711
ISIC_0021282,8.432814,6.9644413
ISIC_0021293,6.4609957,7.64743
ISIC_0021295,5.1519914,6.7781143
ISIC_0021296,4.9874706,6.8462353
ISIC_0021297,8.137246,5.527317
ISIC_0021328,8.478466,6.1789017
ISIC_0021329,6.4383698,6.8647676
ISIC_0021330,9.524337,5.15848
ISIC_0021339,3.4490314,6.3288627
ISIC_0021340,3.5906563,6.397228
ISIC_0021341,3.3930368,6.2500544
ISIC_0021382,4.614403,6.519402
ISIC_0021383,8.141417,5.0523543
ISIC_0021384,4.698938,6.6266646
ISIC_0021390,5.120036,5.491741
ISIC_0021391,5.064647,5.266915
ISIC_0021399,9.545225,4.9261107
ISIC_0021400,9.6495075,4.9694586
ISIC_0021401,10.441155,5.674353
ISIC_0021405,5.1796045,5.7098417
ISIC_0021407,5.195603,5.899263
ISIC_0021408,5.0718284,5.4611163
ISIC_0021426,5.0471644,6.676469
ISIC_0021427,5.04091,6.7207355
ISIC_0021428,4.9135804,6.5807705
ISIC_0021432,6.260303,4.555299
ISIC_0021434,6.343633,4.5956182
ISIC_0021435,7.1816773,4.649114
ISIC_0021439,6.072627,6.576371
ISIC_0021440,6.0741034,6.626455
ISIC_0021441,8.604147,4.9489155
ISIC_0021442,4.919109,6.7862887
ISIC_0021443,5.8168173,6.586925
ISIC_0021446,6.0253854,6.4935765
ISIC_0021473,7.913274,7.547745
ISIC_0021474,7.647972,7.793503
ISIC_0021475,4.022708,7.843351
ISIC_0021480,7.94834,8.100637
ISIC_0021481,7.175871,8.412516
ISIC_0021482,7.7233996,7.436329
ISIC_0021491,9.091222,6.634375
ISIC_0021492,9.4517765,6.554956
ISIC_0021493,7.067765,6.278963
ISIC_0021497,7.110282,4.9742537
ISIC_0021498,7.7446485,5.5223036
ISIC_0021500,6.993418,4.9272676
ISIC_0021530,10.864751,7.4259653
ISIC_0021531,11.044581,7.2282724
ISIC_0021533,11.146989,7.09579
ISIC_0021534,9.733035,8.3163595
ISIC_0021535,9.817028,8.535628
ISIC_0021536,9.532151,8.448729
ISIC_0021542,8.305521,6.6359076
ISIC_0021543,8.576926,4.8128715
ISIC_0021544,7.3704877,4.656763
ISIC_0021611,6.1989484,6.6030197
ISIC_0021622,6.0279536,7.1297727
ISIC_0021627,8.812453,5.159638
ISIC_0021646,10.376808,6.8562818
ISIC_0021647,10.470618,6.8600926
ISIC_0021648,8.5344,5.5361342
ISIC_0021687,6.2688975,7.205491
ISIC_0021688,5.4859734,7.1177692
ISIC_0021689,10.563572,5.9452786
ISIC_0021706,10.50545,7.532547
ISIC_0021708,10.7166395,7.1610055
ISIC_0021709,10.591076,7.2754087
ISIC_0021710,5.0677485,6.554745
ISIC_0021711,4.9857974,6.712645
ISIC_0021713,8.811223,5.056826
ISIC_0021728,6.236767,6.2698927
ISIC_0021729,6.286325,6.3074317
ISIC_0021730,7.419725,4.8178263
ISIC_0021745,6.821398,7.592554
ISIC_0021746,6.65037,7.679603
ISIC_0021747,8.618419,7.194822
ISIC_0021768,9.743947,4.7306323
ISIC_0021770,8.961628,6.358491
ISIC_0021771,10.498452,5.821043
ISIC_0021772,10.744842,5.9202285
ISIC_0021780,11.091248,6.9701114
ISIC_0021781,11.176394,6.968029
ISIC_0021782,11.24431,7.184119
ISIC_0021783,10.672208,7.5812097
ISIC_0021784,11.308908,6.9988966
ISIC_0021785,11.345605,7.1225467
ISIC_0021786,6.8315663,7.8311963
ISIC_0021787,10.687058,5.9738073
ISIC_0021789,10.712115,5.9913087
ISIC_0021800,10.106709,7.250969
ISIC_0021801,10.885379,6.755775
ISIC_0021802,9.578526,6.645112
ISIC_0021803,8.780808,7.006843
ISIC_0021804,9.257503,6.694005
ISIC_0021805,4.283974,6.0097337
ISIC_0021816,4.9407487,5.5615196
ISIC_0021818,5.406906,6.081483
ISIC_0021819,4.916885,6.268878
ISIC_0021850,9.0165,6.122467
ISIC_0021851,9.742199,4.8215575
ISIC_0021896,5.5146832,5.900982
ISIC_0021897,5.7087517,6.012048
ISIC_0021898,6.8029633,6.7285314
ISIC_0021899,7.4901924,6.072424
ISIC_0021900,10.5090885,6.156613
ISIC_0021901,7.737871,6.045078
ISIC_0021908,8.851011,7.0260086
ISIC_0021917,8.835849,7.0229125
ISIC_0021921,7.4560356,3.9372096
ISIC_0021925,7.966661,4.8642335
ISIC_0021926,7.4696207,3.9824226
ISIC_0021927,7.4685526,3.9783425
ISIC_0021967,9.846935,4.6784954
ISIC_0021969,9.869627,4.658794
ISIC_0021970,9.85477,4.687167
ISIC_0021971,9.868857,4.6946855
ISIC_0021972,9.83895,4.7447915
ISIC_0021973,9.876662,4.704576
ISIC_0021974,9.871126,4.6827044
ISIC_0021975,9.867531,4.680725
ISIC_0021976,9.885585,4.679802
ISIC_0021977,9.834308,4.699459
ISIC_0021978,9.824535,4.6814976
ISIC_0021979,8.430732,6.432725
ISIC_0021980,9.917976,4.666135
ISIC_0021981,9.897511,4.6822944
ISIC_0021985,8.464998,6.401426
ISIC_0021996,9.86881,4.7209697
ISIC_0021997,6.4647465,7.125427
ISIC_0022000,10.185472,6.9844894
ISIC_0022003,5.835396,7.2048326
ISIC_0022009,7.550563,4.3386393
ISIC_0022010,7.841454,6.999712
ISIC_0022011,4.7181764,8.416917
ISIC_0022012,4.731697,8.418911
ISIC_0022013,5.8784437,7.2116075
ISIC_0022022,5.871499,7.109551
ISIC_0022048,6.137941,6.1527824
ISIC_0022059,5.1241136,6.465996
ISIC_0022066,9.138563,6.3022366
ISIC_0022067,6.5775714,6.6861672
ISIC_0022068,6.8656096,6.3002105
ISIC_0022069,9.33944,6.0910673
ISIC_0022070,6.0348387,6.2153335
ISIC_0022071,9.35353,6.2049127
ISIC_0022073,9.20361,7.607902
ISIC_0022075,3.2612238,6.105642
ISIC_0022076,3.2677844,6.090015
ISIC_0022077,3.614744,5.974494
ISIC_0022078,3.304232,6.1466312
ISIC_0022079,3.7082567,6.0003448
ISIC_0022080,6.9057875,5.131954
ISIC_0022081,3.7746608,7.842771
ISIC_0022082,4.69646,6.6070604
ISIC_0022083,9.822344,4.689909
ISIC_0022102,4.9813266,6.6845813
ISIC_0022113,4.9466896,6.671678
ISIC_0022123,6.4559884,6.8240886
ISIC_0022124,4.9780097,6.6751103
ISIC_0022125,6.302994,6.690547
ISIC_0022154,7.0100265,4.8748403
ISIC_0022155,7.2307725,4.834565
ISIC_0022156,7.066795,4.8609095
ISIC_0022157,7.8097687,4.856522
ISIC_0022180,9.967142,5.000383
ISIC_0022195,7.0024276,7.9184723
ISIC_0022196,7.482944,8.04917
ISIC_0022197,7.025463,7.941631
ISIC_0022198,7.0308356,7.8234234
ISIC_0022199,9.30836,6.8356934
ISIC_0022245,8.313742,7.372451
ISIC_0022246,8.023069,7.6953936
ISIC_0022254,6.882851,5.477682
ISIC_0022255,8.401811,4.940284
ISIC_0022256,8.894734,5.059873
ISIC_0022286,10.050405,5.117441
ISIC_0022304,8.688807,7.543944
ISIC_0022305,8.104613,7.9845343
ISIC_0022306,7.918799,7.9762607
ISIC_0022307,8.4937525,7.6055493
ISIC_0022308,8.142507,7.916738
ISIC_0022311,6.633863,5.0422883
ISIC_0022312,6.924218,5.1746163
ISIC_0022313,8.261873,4.7823324
ISIC_0022314,6.9273868,5.002145
ISIC_0022315,8.05611,4.7866044
ISIC_0022316,6.2524548,6.567833
ISIC_0022317,7.2235456,5.9614897
ISIC_0022318,8.41563,5.283819
ISIC_0022319,6.2687836,6.4920707
ISIC_0022321,7.2769856,6.0398927
ISIC_0022322,8.246523,5.3528686
ISIC_0022327,10.304674,7.1759934
ISIC_0022328,9.455093,7.27634
ISIC_0022329,10.142392,6.986645
ISIC_0022330,9.683652,7.2369094
ISIC_0022332,10.186052,7.1934214
ISIC_0022338,11.066861,7.1730385
ISIC_0022339,11.08811,7.3182464
ISIC_0022340,11.034231,7.165827
ISIC_0022378,6.542545,5.1067104
ISIC_0022379,6.5887837,5.249444
ISIC_0022380,6.4681954,5.2945175
ISIC_0022381,10.411992,6.8837814
ISIC_0022382,9.520884,6.903473
ISIC_0022383,8.580402,7.740433
ISIC_0022384,10.297671,6.9242353
ISIC_0022385,9.498756,6.702254
ISIC_0022397,7.4522214,5.004937
ISIC_0022398,8.157327,4.848544
ISIC_0022399,7.520247,5.2211094
ISIC_0022437,10.123943,7.825852
ISIC_0022439,8.493797,8.793531
ISIC_0022440,9.995366,7.659444
ISIC_0022442,9.9231415,7.6675096
ISIC_0022463,6.1245027,5.413108
ISIC_0022474,6.1388726,5.3716855
ISIC_0022570,5.3086586,7.2467556
ISIC_0022571,5.563174,7.238529
ISIC_0022572,5.560327,7.2389636
ISIC_0022573,5.4397645,7.2957454
ISIC_0022574,5.3771477,7.046011
ISIC_0022597,6.906301,6.1007366
ISIC_0022601,6.869986,6.166435
ISIC_0022602,7.030644,6.1363983
ISIC_0022603,6.960489,6.1229315
ISIC_0022604,6.9956255,6.0241256
ISIC_0022615,7.7936163,5.2502985
ISIC_0022616,7.92903,4.9702353
ISIC_0022617,8.193903,4.774045
ISIC_0022624,9.22135,5.033573
ISIC_0022660,5.9775505,7.482426
ISIC_0022679,4.9966903,6.690299
ISIC_0022682,7.2343273,3.852555
ISIC_0022683,7.2856507,3.9104621
ISIC_0022684,7.211152,3.9306848
ISIC_0022685,7.4269695,3.9536388
ISIC_0022686,7.28865,3.8729699
ISIC_0022783,5.003073,6.657421
ISIC_0022793,9.55691,7.074406
ISIC_0022794,9.659018,6.938939
ISIC_0022796,9.149049,7.1623526
ISIC_0022797,9.857117,6.8868637
ISIC_0022798,9.561765,7.0468664
ISIC_0022799,9.274765,7.122287
ISIC_0022894,5.1123295,6.6481566
ISIC_0023021,5.987682,5.5805426
ISIC_0023022,6.5243316,5.2674603
ISIC_0023023,6.438869,5.3244877
ISIC_0023025,5.828934,5.566553
ISIC_0023026,6.88832,5.07195
ISIC_0023042,4.335888,4.9983187
ISIC_0023043,4.1051416,6.2120986
ISIC_0023044,3.9567647,6.1785607
ISIC_0023045,4.137489,6.21795
ISIC_0023047,4.0071464,6.2331767
ISIC_0023048,4.646165,6.4229665
ISIC_0023049,5.098465,4.4781504
ISIC_0023050,4.236379,5.9366837
ISIC_0023051,6.1505218,4.1509514
ISIC_0023052,4.7664857,3.886938
ISIC_0023053,4.3709016,6.3457785
ISIC_0023054,4.0454946,6.282619
ISIC_0023103,2.7162392,6.7056813
ISIC_0023104,2.712544,6.696637
ISIC_0023105,2.729132,6.69801
ISIC_0023106,2.732994,6.6845956
ISIC_0023107,2.7193084,6.692022
ISIC_0023108,2.7241633,6.681485
ISIC_0023109,2.7051773,6.6951127
ISIC_0023110,2.7056386,6.695427
ISIC_0023111,2.717581,6.6979384
ISIC_0023116,7.215106,4.7766953
ISIC_0023117,7.2639165,4.8375587
ISIC_0023119,7.153807,4.783371
ISIC_0023130,3.1676073,4.7796035
ISIC_0023131,3.2378242,4.706663
ISIC_0023132,3.1532207,4.7540307
ISIC_0023133,3.1948156,4.771284
ISIC_0023161,6.290226,6.6393476
ISIC_0023163,5.028779,6.65629
ISIC_0023164,4.9303136,6.6956964
ISIC_0023165,6.301353,6.534463
ISIC_0023236,10.540176,5.8144364
ISIC_0023262,5.64396,5.0342393
ISIC_0023264,3.2414975,6.0925927
ISIC_0023265,4.0822873,5.7063613
ISIC_0023266,3.24069,6.0779843
ISIC_0023267,5.4912505,4.9565873
ISIC_0023268,3.2340837,6.0838165
ISIC_0023269,3.6833239,7.052634
ISIC_0023270,4.087307,5.9347377
ISIC_0023271,4.01631,5.7672453
ISIC_0023272,3.739511,5.9423795
ISIC_0023273,3.6231792,6.035411
ISIC_0023275,3.2626433,6.0853887
ISIC_0023276,5.8971624,4.5463014
ISIC_0023277,5.90826,4.2629323
ISIC_0023278,4.5537524,5.71735
ISIC_0023279,5.3229475,5.284999
ISIC_0023280,3.5169406,5.9866323
ISIC_0023281,6.652443,6.6249733
ISIC_0023282,5.486555,5.1053634
ISIC_0023283,6.681997,4.6219187
ISIC_0023284,3.2088816,6.0802536
ISIC_0023286,7.7048492,4.6658735
ISIC_0023287,3.3768387,5.986979
ISIC_0023288,3.189065,6.1492276
ISIC_0023289,3.6619608,6.125632
ISIC_0023290,3.9071977,5.828149
ISIC_0023291,3.2634234,6.072046
ISIC_0023292,5.9240885,4.5680304
ISIC_0023293,3.4697104,6.01384
ISIC_0023294,3.3114743,6.034031
ISIC_0023295,3.4423215,6.219806
ISIC_0023296,3.6752687,5.8875895
ISIC_0023297,4.938791,6.6976523
ISIC_0023298,5.166724,5.541765
ISIC_0023299,3.439906,6.182692
ISIC_0023300,6.6942463,5.628011
ISIC_0023301,5.6478286,4.946361
ISIC_0023302,9.360249,5.832123
ISIC_0023303,3.2885025,6.0787063
ISIC_0023304,5.9691772,4.1968083
ISIC_0023305,5.1997147,4.1887245
ISIC_0023306,5.6714807,6.276001
ISIC_0023307,3.3768258,6.07057
ISIC_0023308,7.725999,4.6946554
ISIC_0023309,3.29005,6.024637
ISIC_0023310,5.9637628,4.520184
ISIC_0023311,5.917042,4.5616927
ISIC_0023312,5.6530657,4.94691
ISIC_0023313,8.237391,5.0259356
ISIC_0023314,6.7404757,5.023112
ISIC_0023315,3.3617797,6.016671
ISIC_0023316,3.483228,6.130653
ISIC_0023317,5.994776,4.5349045
ISIC_0023318,5.8177648,6.427044
ISIC_0023320,3.5054836,6.1436296
ISIC_0023321,3.2106476,6.1381845
ISIC_0023322,3.434146,6.167738
ISIC_0023323,7.844154,5.2830515
ISIC_0023324,4.032972,5.706009
ISIC_0023325,5.9943175,4.5686917
ISIC_0023326,6.032464,3.2765245
ISIC_0023327,5.8250155,4.86177
ISIC_0023328,3.4424486,6.178339
ISIC_0023329,3.424903,6.201329
ISIC_0023331,5.997782,4.4745965
ISIC_0023364,4.832554,6.5175114
ISIC_0023365,4.8472347,6.5973
ISIC_0023366,4.8533983,6.586338
ISIC_0023367,4.796476,6.6282663
ISIC_0023368,4.7466617,6.5860515
ISIC_0023369,4.777618,6.6579776
ISIC_0023370,4.724667,6.4118485
ISIC_0023371,4.748047,6.417365
ISIC_0023372,4.700914,6.405521
ISIC_0023374,4.725127,6.4247384
ISIC_0023375,4.7099633,6.393922
ISIC_0023376,4.7510104,6.38571
ISIC_0023377,4.852534,6.3372808
ISIC_0023395,9.217429,5.683888
ISIC_0023396,6.6984015,5.854016
ISIC_0023397,6.466597,5.934122
ISIC_0023398,6.664371,5.81338
ISIC_0023399,6.1587133,6.0762033
ISIC_0023427,4.341429,4.353674
ISIC_0023438,4.391054,3.9080336
ISIC_0023458,3.3960927,4.6997595
ISIC_0023459,3.3400404,4.672601
ISIC_0023460,3.8314831,4.6569057
ISIC_0023461,3.748961,4.7070346
ISIC_0023462,3.6166296,4.635633
ISIC_0023463,3.4037037,4.7149234
ISIC_0023464,3.3983567,4.756174
ISIC_0023465,3.4366057,4.638362
ISIC_0023466,3.4428651,4.7742333
ISIC_0023467,3.6235185,4.5968046
ISIC_0023469,3.6229022,4.683716
ISIC_0023482,5.744063,6.860144
ISIC_0023483,6.7773905,5.738176
ISIC_0023484,7.0507255,5.720508
ISIC_0023485,5.37102,6.290673
ISIC_0023486,6.887993,5.5078797
ISIC_0023488,6.7956514,5.4538593
ISIC_0023489,7.0094337,5.3168507
ISIC_0023490,6.8703322,5.149801
ISIC_0023491,7.326529,5.2066107
ISIC_0023492,7.146118,4.8962297
ISIC_0023493,6.8180346,5.328271
ISIC_0023494,6.9577093,4.8973923
ISIC_0023495,7.3626103,6.4765453
ISIC_0023496,7.3870463,6.403896
ISIC_0023497,10.5192795,5.6231008
ISIC_0023500,9.809907,4.6621857
ISIC_0023502,9.872862,4.677649
ISIC_0023503,8.290965,7.566404
ISIC_0023504,4.4975877,7.1056614
ISIC_0023505,4.8639517,7.1183696
ISIC_0023506,4.7477555,7.1464944
ISIC_0023507,4.7496076,7.002392
ISIC_0023508,5.302885,7.2690945
ISIC_0023509,4.3027825,7.064665
ISIC_0023511,4.7410855,7.109446
ISIC_0023512,4.401209,7.1306224
ISIC_0023513,4.473313,7.0811987
ISIC_0023514,4.328544,7.086194
ISIC_0023515,4.4543424,7.0273848
ISIC_0023516,6.4870586,6.2725067
ISIC_0023517,4.4983354,7.1947403
ISIC_0023518,4.4386106,7.141996
ISIC_0023519,5.7771993,6.044464
ISIC_0023524,7.4053173,7.097176
ISIC_0023525,7.2229786,7.4283857
ISIC_0023526,7.3877826,7.043195
ISIC_0023529,6.749636,5.206452
ISIC_0023530,6.6931267,5.054221
ISIC_0023531,6.7063746,5.141286
ISIC_0023553,8.045955,6.6970425
ISIC_0023554,8.072521,6.7029886
ISIC_0023561,3.657312,6.6356745
ISIC_0023574,7.145081,9.809164
ISIC_0023575,7.1731477,9.8518095
ISIC_0023594,6.9649167,9.923067
ISIC_0023596,6.8545303,9.880815
ISIC_0023597,6.8933487,9.913321
ISIC_0023604,5.6796203,4.432869
ISIC_0023606,7.5727777,9.691253
ISIC_0023608,8.112532,8.002951
ISIC_0023620,7.9354467,8.388021
ISIC_0023631,7.744077,7.817354
ISIC_0023634,5.2501316,3.6799548
ISIC_0023635,4.7115183,3.9417028
ISIC_0023636,4.9515505,4.063003
ISIC_0023637,5.590675,3.9602306
ISIC_0023638,4.740705,3.8983576
ISIC_0023639,4.58539,4.062998
ISIC_0023640,6.2696857,3.7107787
ISIC_0023641,5.687512,3.8760362
ISIC_0023642,7.814481,7.019975
ISIC_0023643,6.2422404,4.151194
ISIC_0023644,5.739043,3.8045654
ISIC_0023645,5.5014915,3.8718798
ISIC_0023646,6.5088243,6.2529206
ISIC_0023647,6.1108775,6.461203
ISIC_0023648,6.050527,6.415817
ISIC_0023669,10.558164,7.050233
ISIC_0023670,10.39237,6.1281095
ISIC_0023671,11.233976,6.8494697
ISIC_0023675,6.078299,6.4577246
ISIC_0023685,6.3507924,5.968496
ISIC_0023705,5.956658,9.03004
ISIC_0023706,6.0399356,9.04779
ISIC_0023707,5.8255935,8.948957
ISIC_0023708,5.8496513,8.897947
ISIC_0023711,7.021464,5.3915224
ISIC_0023712,6.2442756,5.419517
ISIC_0023744,8.995213,6.6445665
ISIC_0023747,9.207309,6.078631
ISIC_0023755,9.230604,6.431071
ISIC_0023762,6.5144224,5.2645826
ISIC_0023763,7.120834,5.1849465
ISIC_0023764,7.4175115,5.1427193
ISIC_0023765,9.490187,8.018289
ISIC_0023766,9.125124,8.190475
ISIC_0023767,9.489218,8.028052
ISIC_0023769,6.598168,7.3467813
ISIC_0023770,6.952992,6.866208
ISIC_0023771,9.400057,6.4336166
ISIC_0023786,7.419759,4.755973
ISIC_0023787,7.3978157,4.7361393
ISIC_0023806,8.655976,6.2867994
ISIC_0023807,8.670453,6.228406
ISIC_0023808,8.615711,6.3169494
ISIC_0023809,10.971146,7.375126
ISIC_0023811,10.962364,7.361031
ISIC_0023812,11.037328,7.2953343
ISIC_0023836,9.5580435,7.220478
ISIC_0023837,10.558631,6.784708
ISIC_0023838,10.568953,6.811842
ISIC_0023839,8.950189,6.4514303
ISIC_0023843,9.306234,6.627876
ISIC_0023853,8.341949,6.754398
ISIC_0023854,9.448468,6.6156077
ISIC_0023855,8.511107,6.4114285
ISIC_0023856,8.215379,6.672902
ISIC_0023890,10.846802,7.0534472
ISIC_0023891,10.921064,6.83496
ISIC_0023893,7.752133,7.6852374
ISIC_0023900,8.688894,7.09246
ISIC_0023901,8.90893,6.983722
ISIC_0023902,8.579346,7.1210437
ISIC_0023903,5.5350575,5.749105
ISIC_0023923,8.852189,8.288439
ISIC_0023924,9.141477,8.222856
ISIC_0023925,9.625358,7.970423
ISIC_0024005,5.366721,5.7353883
ISIC_0024015,6.544312,7.236624
ISIC_0024016,6.092332,6.3970714
ISIC_0024018,6.7481985,6.6498632
ISIC_0024032,5.1601334,6.4335504
ISIC_0024033,5.016733,6.7346487
ISIC_0024034,4.7355075,6.4503913
ISIC_0024072,6.3667097,6.552763
ISIC_0024083,6.5695686,6.537286
ISIC_0024085,9.082705,4.92373
ISIC_0024086,7.856502,5.2151146
ISIC_0024087,8.095474,4.776908
ISIC_0024091,8.321427,5.7558346
ISIC_0024095,4.9852824,6.667401
ISIC_0024096,4.93492,6.6288276
ISIC_0024097,5.2582293,6.1617613
ISIC_0024108,7.862732,5.524037
ISIC_0024109,7.479586,5.6033087
ISIC_0024112,8.201636,5.2199435
ISIC_0024119,7.255285,5.7246695
ISIC_0024120,6.87943,5.985567
ISIC_0024121,7.21642,5.597693
ISIC_0024193,10.244231,6.094475
ISIC_0024194,9.577272,6.638111
ISIC_0024195,7.674076,5.5185947
ISIC_0024313,8.641319,8.590817
ISIC_0024315,10.365955,7.6285257
ISIC_0024351,6.8568206,7.187608
ISIC_0024481,9.795153,8.367062
ISIC_0024537,8.203804,7.687237
ISIC_0024546,6.673409,5.975744
ISIC_0024586,9.500694,7.2821283
ISIC_0024624,9.875194,5.7794623
ISIC_0024644,4.9174976,6.7689505
ISIC_0024675,9.185556,8.473671
ISIC_0024688,6.9017024,8.037204
ISIC_0024733,7.6368017,5.311188
ISIC_0024792,5.268553,7.709292
ISIC_0024806,5.6253333,7.099048
ISIC_0024865,9.536755,7.600464
ISIC_0024886,5.956807,6.449195
ISIC_0024898,6.5114045,8.77245
ISIC_0024900,7.1732397,6.5532694
ISIC_0024911,11.012188,7.6579356
ISIC_0024918,9.768859,8.4911
ISIC_0024932,7.86782,8.711042
ISIC_0024952,7.5661287,6.69303
ISIC_0024972,8.556092,4.6803083
ISIC_0025018,8.33025,8.7491045
ISIC_0025035,10.314755,7.7020335
ISIC_0025081,9.615384,6.5507517
ISIC_0025085,10.477053,8.162077
ISIC_0025127,7.270461,7.144157
ISIC_0025128,9.09329,7.791638
ISIC_0025155,8.296711,7.884672
ISIC_0025219,8.83011,7.8114176
ISIC_0025235,5.2930365,7.934073
ISIC_0025238,8.913557,7.8702207
ISIC_0025265,10.909983,7.6896276
ISIC_0025316,10.859599,7.338354
ISIC_0025409,9.633298,7.2908587
ISIC_0025451,9.41823,8.466018
ISIC_0025489,10.140119,6.569848
ISIC_0025550,9.603787,7.7668195
ISIC_0025573,7.1473255,7.286151
ISIC_0025589,10.73295,7.301209
ISIC_0025592,10.788851,7.8522477
ISIC_0025603,5.933864,7.334446
ISIC_0025611,8.782686,8.05839
ISIC_0025663,6.224976,7.9161716
ISIC_0025674,7.1023955,5.486461
ISIC_0025708,7.6636147,8.117337
ISIC_0025724,9.866358,8.531017
ISIC_0025748,8.34845,7.3898883
ISIC_0025751,6.6100607,8.415419
ISIC_0025766,6.332485,7.2562437
ISIC_0025783,4.59732,8.411657
ISIC_0025791,9.542316,7.4882464
ISIC_0025832,6.368231,8.262853
ISIC_0025835,10.351069,7.74312
ISIC_0025891,10.3994875,8.100455
ISIC_0025904,9.622559,5.7535505
ISIC_0025941,4.2094254,8.29449
ISIC_0025963,3.4980974,8.217468
ISIC_0025964,10.447714,8.145178
ISIC_0026009,7.4718213,7.5956163
ISIC_0026081,6.7355547,8.28137
ISIC_0026105,8.835278,7.664436
ISIC_0026113,9.932253,8.159858
ISIC_0026115,8.766731,6.8160086
ISIC_0026150,10.671803,7.801785
ISIC_0026207,6.62502,8.342803
ISIC_0026229,6.025728,3.3009188
ISIC_0026236,10.624971,7.90209
ISIC_0026239,7.1986213,8.77578
ISIC_0026247,11.088498,7.627053
ISIC_0026258,7.0127745,8.031036
ISIC_0026296,10.571249,7.64268
ISIC_0026314,11.062317,7.569133
ISIC_0026352,7.019472,8.011313
ISIC_0026360,9.750187,7.8039036
ISIC_0026475,7.6871963,8.747382
ISIC_0026506,4.5596,8.332829
ISIC_0026516,8.349033,8.826472
ISIC_0026596,8.99117,7.2028513
ISIC_0026604,5.6562634,6.9190335
ISIC_0026622,5.85221,6.058992
ISIC_0026694,6.6077967,8.316147
ISIC_0026746,6.742618,7.876464
ISIC_0026770,5.9946995,6.959027
ISIC_0026774,6.7172146,7.3331723
ISIC_0026802,6.216953,8.475893
ISIC_0026897,7.33057,8.8994
ISIC_0026930,6.9898324,7.3220487
ISIC_0026954,4.2141643,8.769627
ISIC_0026963,9.770592,5.670047
ISIC_0026993,9.979589,8.080485
ISIC_0026996,10.477476,8.075241
ISIC_0027043,7.8768106,8.3125515
ISIC_0027089,6.928782,8.755718
ISIC_0027105,7.2349896,8.110575
ISIC_0027125,10.4318075,7.541338
ISIC_0027171,6.663241,8.265424
ISIC_0027174,9.461481,7.9680424
ISIC_0027260,10.546772,7.754159
ISIC_0027261,6.2659125,3.2415738
ISIC_0027263,9.646778,5.719525
ISIC_0027282,6.261284,6.852951
ISIC_0027327,10.226539,7.579233
ISIC_0027359,7.6062117,7.09433
ISIC_0027387,5.8518014,6.9803543
ISIC_0027402,10.227112,8.000563
ISIC_0027407,6.1832175,7.7374454
ISIC_0027436,7.8439803,6.588668
ISIC_0027480,6.4625163,6.172295
ISIC_0027487,9.921603,6.566335
ISIC_0027502,8.748171,7.937982
ISIC_0027507,8.317735,8.672658
ISIC_0027517,9.519778,7.2652483
ISIC_0027561,5.345098,7.1086216
ISIC_0027604,10.388551,7.8441157
ISIC_0027616,6.135353,3.8626652
ISIC_0027620,6.958873,8.0444565
ISIC_0027622,4.927733,8.655561
ISIC_0027659,10.227455,7.1045485
ISIC_0027693,9.811266,5.799298
ISIC_0027769,10.780723,7.696406
ISIC_0027793,7.049051,6.665953
ISIC_0027797,8.472759,8.688848
ISIC_0027832,7.301973,8.2866335
ISIC_0027863,7.304345,6.754982
ISIC_0027900,10.3968935,6.022628
ISIC_0027956,4.614079,8.930065
ISIC_0028003,6.3516793,8.467929
ISIC_0028017,8.073972,8.74018
ISIC_0028022,6.7543473,5.9084415
ISIC_0028029,10.330592,8.187267
ISIC_0028033,7.499981,8.588924
ISIC_0028041,10.948807,7.7051024
ISIC_0028056,8.998955,7.2881722
ISIC_0028065,7.0501223,8.210105
ISIC_0028069,10.673074,7.297409
ISIC_0028103,5.372773,6.952962
ISIC_0028109,10.3253145,7.927104
ISIC_0028215,6.532875,3.3911574
ISIC_0028219,10.967044,7.702196
ISIC_0028225,7.2549443,8.4901085
ISIC_0028306,7.9025183,6.1976066
ISIC_0028325,8.489425,7.5252056
ISIC_0028326,10.558274,8.0078335
ISIC_0028460,6.974375,7.4435987
ISIC_0028467,10.491506,7.955335
ISIC_0028489,10.262825,8.180285
ISIC_0028493,5.7128057,7.0201144
ISIC_0028537,7.9972258,6.10223
ISIC_0028565,10.785988,7.654967
ISIC_0028567,10.270904,6.5932627
ISIC_0028579,10.072158,7.2100263
ISIC_0028685,7.079894,6.6751595
ISIC_0028696,5.8332047,7.6987214
ISIC_0028718,5.8483295,8.814139
ISIC_0028760,8.239746,8.69286
ISIC_0028860,8.010044,5.230858
ISIC_0028901,8.014442,4.334283
ISIC_0028915,8.971795,6.7935996
ISIC_0028929,4.4778957,7.966617
ISIC_0028930,7.6144137,8.444891
ISIC_0028965,6.511314,8.057279
ISIC_0029013,8.417001,8.49727
ISIC_0029017,10.829803,7.1911163
ISIC_0029028,7.271902,5.781278
ISIC_0029033,4.5873027,8.19813
ISIC_0029056,6.649858,8.292386
ISIC_0029170,6.827983,7.2233467
ISIC_0029242,9.671775,5.688531
ISIC_0029272,4.5451264,8.219811
ISIC_0029318,7.090685,6.4215975
ISIC_0029343,9.347674,8.010216
ISIC_0029397,6.4268503,8.281972
ISIC_0029434,9.572992,7.924185
ISIC_0029480,7.8613486,8.831215
ISIC_0029495,9.890414,8.4969635
ISIC_0029513,9.242997,6.9732103
ISIC_0029538,10.604344,7.957726
ISIC_0029570,8.0267725,8.71561
ISIC_0029571,10.744689,7.7712007
ISIC_0029606,9.898093,8.520684
ISIC_0029651,10.396227,7.2005587
ISIC_0029652,9.048773,6.9586124
ISIC_0029660,10.6788,7.2799196
ISIC_0029698,6.212366,6.8666105
ISIC_0029839,7.5919833,7.9252195
ISIC_0029859,4.3421707,8.68068
ISIC_0029885,8.031641,5.5836825
ISIC_0029913,10.98955,7.5458035
ISIC_0030002,6.631299,8.774959
ISIC_0030034,4.4134936,8.710693
ISIC_0030047,8.798591,7.831546
ISIC_0030083,6.137992,8.535626
ISIC_0030089,10.860463,6.4135346
ISIC_0030122,10.740837,7.5453615
ISIC_0030134,6.8699846,5.9804826
ISIC_0030171,10.683869,7.626905
ISIC_0030183,7.0539713,8.666747
ISIC_0030192,4.5643096,8.937841
ISIC_0030255,10.217289,8.3215475
ISIC_0030281,10.866958,7.636617
ISIC_0030356,4.425196,8.227111
ISIC_0030366,6.528372,6.9505754
ISIC_0030391,7.8285713,8.793676
ISIC_0030440,10.752366,7.8776164
ISIC_0030445,9.788553,5.657352
ISIC_0030501,9.196529,6.8673515
ISIC_0030507,7.25036,6.711094
ISIC_0030512,7.4561353,8.223404
ISIC_0030521,10.228031,8.212126
ISIC_0030539,9.758965,5.659834
ISIC_0030552,8.870123,6.9921455
ISIC_0030575,7.1639433,8.575195
ISIC_0030623,9.946063,8.213444
ISIC_0030653,9.984065,8.44084
ISIC_0030689,8.739019,7.4705677
ISIC_0030747,8.845676,8.497313
ISIC_0030795,4.6461325,8.2740755
ISIC_0030818,10.734184,7.656244
ISIC_0030828,10.848495,7.1961527
ISIC_0030898,10.842268,7.520769
ISIC_0030951,6.689023,7.7800603
ISIC_0031025,10.300042,7.5736804
ISIC_0031034,10.244696,8.343542
ISIC_0031177,7.3821588,7.4828496
ISIC_0031186,5.4854836,6.766994
ISIC_0031189,9.394274,7.0987043
ISIC_0031295,6.699077,6.0390887
ISIC_0031369,9.688501,5.572473
ISIC_0031386,6.168585,7.76732
ISIC_0031389,6.8091297,7.7456293
ISIC_0031406,10.462555,7.9743986
ISIC_0031408,6.672361,7.1010365
ISIC_0031417,8.332596,8.59845
ISIC_0031498,5.567868,8.012979
ISIC_0031529,6.638388,8.445624
ISIC_0031545,9.60366,8.460281
ISIC_0031557,7.3983693,6.8045897
ISIC_0031586,7.289012,7.499361
ISIC_0031598,10.801619,8.070212
ISIC_0031642,5.6569877,8.298469
ISIC_0031709,6.8227987,7.257021
ISIC_0031741,7.487532,8.876509
ISIC_0031745,9.750875,7.402248
ISIC_0031746,7.148979,7.6895
ISIC_0031779,8.507572,5.347882
ISIC_0031784,8.795164,7.5233693
ISIC_0031821,10.303883,8.273592
ISIC_0031844,7.3442745,7.6217117
ISIC_0031908,4.736468,8.575499
ISIC_0031915,7.700431,6.4454613
ISIC_0031953,10.044028,8.363665
ISIC_0031957,7.522001,7.108465
ISIC_0031958,8.604019,6.8926444
ISIC_0031972,6.9509606,5.5301833
ISIC_0031977,9.220414,6.354449
ISIC_0031999,9.151555,5.7183986
ISIC_0032019,9.903962,7.1429095
ISIC_0032036,5.7643394,7.2323766
ISIC_0032044,7.710814,5.816463
ISIC_0032046,8.152765,7.7060266
ISIC_0032095,7.662581,8.726735
ISIC_0032098,8.104712,4.347482
ISIC_0032190,5.2184134,7.518033
ISIC_0032204,7.9683423,8.753354
ISIC_0032219,7.4771075,6.878705
ISIC_0032232,9.671359,8.392665
ISIC_0032245,7.480134,6.740846
ISIC_0032287,9.785431,7.7797446
ISIC_0032313,6.897598,8.268321
ISIC_0032425,7.029009,6.631607
ISIC_0032433,7.3401084,7.90476
ISIC_0032441,10.002154,8.164135
ISIC_0032450,5.8895187,6.8064737
ISIC_0032462,6.34671,8.434936
ISIC_0032509,8.881651,7.7039824
ISIC_0032517,10.587918,6.434849
ISIC_0032526,5.184698,8.424119
ISIC_0032532,10.3354645,6.6492515
ISIC_0032533,10.855062,7.1191473
ISIC_0032544,7.871794,7.2980285
ISIC_0032547,10.131014,6.549741
ISIC_0032550,9.759173,6.8319626
ISIC_0032552,4.7139874,8.21263
ISIC_0032559,6.4393625,3.1651359
ISIC_0032569,6.920476,7.726785
ISIC_0032592,4.8643,3.7266455
ISIC_0032596,9.028201,7.409673
ISIC_0032598,10.478324,6.930321
ISIC_0032602,9.381374,6.5177855
ISIC_0032603,9.674136,8.037419
ISIC_0032610,9.32473,7.8082066
ISIC_0032617,8.998468,5.376457
ISIC_0032622,7.3791924,8.837692
ISIC_0032624,9.833726,7.276443
ISIC_0032626,6.240485,3.2182577
ISIC_0032638,9.837759,6.8362346
ISIC_0032645,5.7441626,4.4963956
ISIC_0032653,8.556141,8.691596
ISIC_0032656,5.065352,3.6046073
ISIC_0032662,10.704772,7.1123967
ISIC_0032672,7.210945,8.138333
ISIC_0032684,7.45828,8.901981
ISIC_0032685,9.320785,5.790721
ISIC_0032716,10.34625,7.3309226
ISIC_0032718,5.6747217,7.8963485
ISIC_0032723,8.902085,7.7294807
ISIC_0032724,10.46686,6.893622
ISIC_0032736,5.568754,7.878001
ISIC_0032750,7.3523493,7.6452703
ISIC_0032751,8.944265,7.4885154
ISIC_0032766,10.604521,8.077853
ISIC_0032797,10.188212,7.288569
ISIC_0032807,6.693192,6.028119
ISIC_0032810,10.33216,7.313493
ISIC_0032836,6.596866,7.5893736
ISIC_0032841,9.057995,8.348238
ISIC_0032844,9.678097,7.608077
ISIC_0032845,6.92508,8.385702
ISIC_0032847,9.634567,8.184497
ISIC_0032856,9.044808,7.5531945
ISIC_0032862,6.2194734,3.2125564
ISIC_0032869,8.17118,6.0632343
ISIC_0032870,6.9075656,6.2492304
ISIC_0032875,5.1408935,7.591544
ISIC_0032887,9.102815,7.7953897
ISIC_0032888,5.9752727,8.4298935
ISIC_0032903,9.382202,5.7272034
ISIC_0032917,5.1181593,8.092852
ISIC_0032921,9.349386,6.781284
ISIC_0032925,10.695231,8.13066
ISIC_0032981,7.5274463,7.437561
ISIC_0032982,10.510491,7.571048
ISIC_0032984,9.754365,5.7627864
ISIC_0033017,8.947542,6.369069
ISIC_0033024,9.820074,5.9961295
ISIC_0033047,9.298704,8.516453
ISIC_0033068,10.499342,7.279738
ISIC_0033081,4.496492,8.280749
ISIC_0033103,6.215723,3.1981533
ISIC_0033120,10.910296,7.465835
ISIC_0033125,6.125526,7.063934
ISIC_0033141,9.672904,7.931464
ISIC_0033152,10.13089,8.380229
ISIC_0033166,10.809214,8.075982
ISIC_0033171,10.71451,8.127138
ISIC_0033174,6.8868356,7.4385133
ISIC_0033175,8.866721,6.9244823
ISIC_0033180,10.3522625,7.0994744
ISIC_0033186,5.4007697,8.310444
ISIC_0033193,6.6103225,7.2199774
ISIC_0033196,8.788525,7.8239903
ISIC_0033216,7.5504894,8.094626
ISIC_0033239,11.069019,7.273822
ISIC_0033241,5.144379,7.829774
ISIC_0033268,8.808114,7.433258
ISIC_0033275,10.8514185,7.7893376
ISIC_0033278,7.9723315,6.062382
ISIC_0033279,9.178938,7.9896584
ISIC_0033300,10.505463,8.025391
ISIC_0033302,9.162514,6.969371
ISIC_0033304,10.434037,7.5686812
ISIC_0033312,7.5147176,7.988267
ISIC_0033317,10.474285,7.378798
ISIC_0033320,7.8188257,8.962378
ISIC_0033323,7.0894346,6.3470078
ISIC_0033333,6.7038713,7.0612483
ISIC_0033336,5.689704,3.3658874
ISIC_0033362,5.652673,8.206276
ISIC_0033368,6.9920263,7.263024
ISIC_0033369,9.123161,8.445435
ISIC_0033377,9.402416,8.315738
ISIC_0033387,9.864633,8.475564
ISIC_0033393,6.948599,7.3584228
ISIC_0033394,5.994239,7.9259872
ISIC_0033405,5.58535,3.3608198
ISIC_0033415,9.140854,5.9088874
ISIC_0033416,9.122922,7.526307
ISIC_0033424,7.8750334,5.1635423
ISIC_0033429,8.353368,7.957301
ISIC_0033432,9.177164,7.8452115
ISIC_0033444,10.237598,8.039473
ISIC_0033452,10.503146,7.1013618
ISIC_0033469,9.242207,5.7279224
ISIC_0033470,10.370812,7.997119
ISIC_0033485,8.699247,6.816372
ISIC_0033487,5.554752,4.2093363
ISIC_0033496,9.870994,6.4981265
ISIC_0033500,7.491035,6.5612864
ISIC_0033524,8.337342,6.40244
ISIC_0033534,5.9219146,3.4970534
ISIC_0033545,4.79633,8.414067
ISIC_0033546,10.445292,6.2786283
ISIC_0033560,10.370648,8.173689
ISIC_0033568,6.8544827,8.07677
ISIC_0033573,9.331655,5.839234
ISIC_0033595,8.866519,5.1936564
ISIC_0033603,7.891057,4.7548704
ISIC_0033607,8.889795,7.835295
ISIC_0033612,4.6115203,8.238689
ISIC_0033619,7.348278,6.3632617
ISIC_0033624,6.071481,7.3937635
ISIC_0033638,10.211089,8.1111
ISIC_0033644,10.782637,7.097978
ISIC_0033651,9.165991,8.157658
ISIC_0033662,7.0582585,8.583199
ISIC_0033687,10.079109,7.080926
ISIC_0033696,5.199308,3.6161048
ISIC_0033700,7.631965,6.7735777
ISIC_0033704,7.7173405,6.167683
ISIC_0033717,10.460009,7.092192
ISIC_0033752,7.707438,5.2907815
ISIC_0033779,10.453281,7.1443405
ISIC_0033801,6.4075265,8.290097
ISIC_0033802,5.4558587,7.349493
ISIC_0033804,10.361722,7.169826
ISIC_0033805,9.9803915,8.382384
ISIC_0033813,9.196556,7.637564
ISIC_0033819,9.481734,7.5771537
ISIC_0033848,6.956951,8.688397
ISIC_0033871,8.221369,8.406976
ISIC_0033872,9.383384,5.4870677
ISIC_0033881,10.144833,7.3144526
ISIC_0033883,9.411434,7.320745
ISIC_0033886,8.850391,6.874526
ISIC_0033893,7.565963,6.5266495
ISIC_0033901,10.726631,8.133003
ISIC_0033905,6.398557,8.044265
ISIC_0033911,9.341892,6.23478
ISIC_0033925,3.9421763,5.819207
ISIC_0033938,10.767412,7.8008904
ISIC_0033946,9.521644,8.228696
ISIC_0033956,8.727273,7.6926765
ISIC_0033957,9.019079,7.730102
ISIC_0033962,10.343632,6.873194
ISIC_0033968,8.117783,8.5464525
ISIC_0033975,9.013787,6.891639
ISIC_0033977,8.9313,7.3710938
ISIC_0033980,10.656932,7.105478
ISIC_0033981,7.757853,7.481997
ISIC_0033985,10.937115,7.2978177
ISIC_0033995,8.837926,8.391385
ISIC_0034002,9.076786,7.3521748
ISIC_0034005,6.378774,7.206841
ISIC_0034006,5.185029,4.0830336
ISIC_0034012,6.045098,7.7147865
ISIC_0034046,8.958844,6.9739904
ISIC_0034048,10.615888,7.1556363
ISIC_0034051,9.393947,8.329238
ISIC_0034052,10.60601,8.179183
ISIC_0034061,10.520362,7.3966293
ISIC_0034064,9.206096,7.8182344
ISIC_0034068,5.85793,7.3910813
ISIC_0034071,7.1314754,7.0495067
ISIC_0034076,6.338214,7.805668
ISIC_0034085,9.643468,6.710467
ISIC_0034094,5.186752,4.9598036
ISIC_0034100,8.5089445,5.1694508
ISIC_0034104,10.270992,6.7167597
ISIC_0034107,9.116657,7.455221
ISIC_0034117,9.356637,6.0330577
ISIC_0034118,9.793347,8.3647175
ISIC_0034120,10.364003,7.062389
ISIC_0034134,6.702428,6.03445
ISIC_0034140,9.379922,5.5290666
ISIC_0034145,4.8322806,8.00726
ISIC_0034150,8.0575,6.7778587
ISIC_0034172,9.154124,7.784633
ISIC_0034183,5.341545,8.193205
ISIC_0034205,11.040126,7.759162
ISIC_0034211,10.762363,7.2074594
ISIC_0034222,8.9253645,7.8590765
ISIC_0034233,8.902398,8.117214
ISIC_0034236,7.7311697,6.8567667
ISIC_0034246,10.580984,8.13584
ISIC_0034256,9.566082,5.672516
ISIC_0034262,6.381177,3.186734
ISIC_0034269,9.8278675,7.687811
ISIC_0034287,9.165817,8.256178
ISIC_0034289,10.693654,6.97573
ISIC_0034317,7.92268,8.580375
ISIC_0034343,6.390511,6.990746
ISIC_0034398,5.8890405,6.9742236
ISIC_0034446,4.4082093,7.708813
ISIC_0034472,7.1475415,7.591218
ISIC_0034477,10.408756,8.1585865
ISIC_0034482,10.515484,7.103615
ISIC_0034492,6.0940967,6.51674
ISIC_0034572,10.793256,7.445029
ISIC_0034605,10.013928,8.391211
ISIC_0034630,6.9131465,8.4433365
ISIC_0034784,7.273426,6.7305236
ISIC_0034873,8.945893,6.1287622
ISIC_0034882,10.452389,6.1969395
ISIC_0034904,5.4973345,8.010798
ISIC_0034934,6.2663713,3.2362595
ISIC_0034971,6.3239875,7.4870424
ISIC_0035000,7.1069374,8.308125
ISIC_0035021,6.4848604,8.254889
ISIC_0035047,6.376368,6.336719
ISIC_0035048,9.719129,7.1608644
ISIC_0035070,6.4002995,8.612651
ISIC_0035089,10.895883,7.6130433
ISIC_0035090,7.3837214,9.379548
ISIC_0035124,10.3878765,6.1410055
ISIC_0035224,10.650501,7.9569917
ISIC_0035263,9.713047,5.882068
ISIC_0035366,8.899868,7.8362026
ISIC_0035406,11.087199,7.662152
ISIC_0035420,10.8592205,7.772061
ISIC_0035459,4.045253,6.7264533
ISIC_0035462,6.838714,7.582298
ISIC_0035486,5.9515142,7.041609
ISIC_0035636,4.943216,8.257639
ISIC_0035640,7.2575836,8.737954
ISIC_0035670,10.320069,8.1921015
ISIC_0035680,10.68854,8.148202
ISIC_0035682,8.836981,7.497378
ISIC_0035698,9.015273,6.116833
ISIC_0035700,4.1340446,8.312655
ISIC_0035705,10.134267,7.181835
ISIC_0035708,9.253824,8.591907
ISIC_0035714,9.428092,8.720958
ISIC_0035719,4.330851,8.364369
ISIC_0035732,9.528573,8.430794
ISIC_0035747,8.627245,7.409136
ISIC_0035764,6.6784496,7.967294
ISIC_0035766,9.380144,7.217364
ISIC_0035767,6.159943,7.822946
ISIC_0035794,10.631295,6.9908857
ISIC_0035823,8.593144,7.703316
ISIC_0035825,10.498613,7.261301
ISIC_0035827,7.067045,8.536561
ISIC_0035846,6.9625115,7.7128906
ISIC_0035853,8.377179,8.391339
ISIC_0035854,9.234729,5.858103
ISIC_0035868,10.407893,7.188578
ISIC_0035889,3.5328956,6.1941156
ISIC_0035913,9.924328,7.110539
ISIC_0035923,6.2766075,3.2851782
ISIC_0035929,6.4309897,4.095412
ISIC_0035938,6.6393213,5.10878
ISIC_0035964,7.8247485,8.346359
ISIC_0035968,9.458669,6.872686
ISIC_0036005,6.426506,3.9875524
ISIC_0036012,9.350547,8.504734
ISIC_0036034,9.3552685,6.94623
ISIC_0036051,9.661815,6.9834967
ISIC_0036057,6.1357026,7.1616135
ISIC_0036070,10.532435,5.8443317
ISIC_0036073,7.4115043,3.9430683
ISIC_0036075,9.592359,4.849052
ISIC_0036076,4.770213,9.778923
ISIC_0036078,3.2879376,6.1229143
ISIC_0036079,9.944276,6.8422384
ISIC_0036080,9.584841,5.509345
ISIC_0036081,7.446567,4.493943
ISIC_0036083,8.7474575,5.121719
ISIC_0036085,4.7237744,7.7323027
ISIC_0036086,7.248948,4.805082
ISIC_0036087,10.129136,5.661764
ISIC_0036088,11.200779,7.1099195
ISIC_0036089,10.99904,6.9439936
ISIC_0036090,7.9244313,4.9642897
ISIC_0036091,9.617241,6.8715754
ISIC_0036092,7.045295,7.8311434
ISIC_0036093,8.784101,8.344125
ISIC_0036094,7.3484845,4.7303205
ISIC_0036095,8.088295,4.7669463
ISIC_0036096,8.366689,4.8621674
ISIC_0036097,8.70722,8.386352
ISIC_0036098,8.777923,5.0778136
ISIC_0036099,7.2821984,4.832055
ISIC_0036101,9.511061,5.1865935
ISIC_0036102,8.141522,5.957858
ISIC_0036103,8.676297,8.242396
ISIC_0036104,10.790951,7.8105917
ISIC_0036105,8.460465,4.895831
ISIC_0036106,10.335254,7.1562004
ISIC_0036107,7.148992,4.8264337
ISIC_0036108,6.238689,5.184731
ISIC_0036109,8.133697,7.641288
ISIC_0036110,6.257701,7.1248717
ISIC_0036111,6.649787,8.414762
ISIC_0036112,9.8478775,7.5619845
ISIC_0036113,7.3569574,5.3310666
ISIC_0036114,10.55623,8.042899
ISIC_0036115,5.524152,7.1491103
ISIC_0036116,10.859053,7.5277634
ISIC_0036117,10.313252,6.550524
ISIC_0036118,8.799732,7.2568913
ISIC_0036119,10.963174,7.4091754
ISIC_0036120,7.909306,5.1943474
ISIC_0036121,9.933365,6.85341
ISIC_0036123,4.1031637,5.130777
ISIC_0036159,4.602065,5.340647
ISIC_0036258,8.073785,7.6381893
ISIC_0036260,8.421194,7.0426226
ISIC_0036263,9.498421,6.479004
ISIC_0036264,4.931686,6.5556397
ISIC_0036269,5.946976,6.2149906
ISIC_0036270,4.939477,6.5155697
ISIC_0036273,6.2329693,6.22428
ISIC_0036274,7.9781857,8.3395815
ISIC_0036275,9.672954,4.954606
ISIC_0036276,4.923039,6.681075
ISIC_0036278,6.70791,7.149563
ISIC_0036279,10.637395,7.326803
ISIC_0036280,4.9384046,6.8042073
ISIC_0036281,11.208658,6.865905
ISIC_0036282,9.197841,6.459979
ISIC_0036284,8.690144,4.944791
ISIC_0036285,7.436143,4.0767875
ISIC_0036286,6.055937,6.5877976
ISIC_0036287,9.935414,7.6957774
ISIC_0046224,5.209005,7.355315
ISIC_0046225,6.096025,8.164994
ISIC_0046242,5.754265,6.817394
ISIC_0046305,8.176634,8.871368
ISIC_0046315,6.5143423,7.7367997
ISIC_0046322,9.480242,7.4054
ISIC_0046323,5.1256857,8.803606
ISIC_0046331,8.263458,8.846912
ISIC_0046338,8.509602,5.2357078
ISIC_0046343,10.885522,6.366763
ISIC_0046344,8.398564,7.038782
ISIC_0046345,7.4468317,8.899596
ISIC_0046361,6.69775,8.884305
ISIC_0046372,7.3271337,10.031424
ISIC_0046383,8.59106,6.920763
ISIC_0046394,5.0501943,3.9103122
ISIC_0046405,9.75172,8.258473
ISIC_0046416,4.8128495,6.7622566
ISIC_0046422,6.4111767,8.414189
ISIC_0046427,6.5883074,8.6232395
ISIC_0046438,6.0218024,4.158279
ISIC_0046441,5.2840147,6.0321217
ISIC_0046443,10.837406,6.468173
ISIC_0046449,4.706065,5.134439
ISIC_0046450,6.0476794,3.2290573
ISIC_0046458,8.719739,8.576723
ISIC_0046471,8.338379,6.165458
ISIC_0046504,7.792496,7.420576
ISIC_0046526,4.597131,4.6078024
ISIC_0046548,3.5738652,7.7363334
ISIC_0046560,5.5004463,7.361423
ISIC_0046571,9.311858,5.1922865
ISIC_0046596,4.841387,7.585793
ISIC_0046597,8.701018,8.07995
ISIC_0046609,9.53069,6.2073603
ISIC_0046626,7.784322,4.590865
ISIC_0046628,5.3275957,8.415162
ISIC_0046633,9.591235,6.9966483
ISIC_0046639,4.988033,6.6478844
ISIC_0046640,6.0716853,8.361349
ISIC_0046645,9.051509,6.0640616
ISIC_0046647,7.7252827,8.968893
ISIC_0046659,5.5102396,7.209161
ISIC_0046661,6.4711485,5.3276653
ISIC_0046662,7.078791,4.3423424
ISIC_0046664,7.909983,4.6618557
ISIC_0046667,6.012833,3.683012
ISIC_0046670,9.009915,6.515115
ISIC_0046671,6.457635,3.1558604
ISIC_0046672,4.1312532,8.210369
ISIC_0046681,4.4833727,8.063004
ISIC_0046682,4.854246,4.3523054
ISIC_0046683,9.969003,7.4833155
ISIC_0046712,7.6943536,5.3340607
ISIC_0046725,6.391672,3.708598
ISIC_0046773,5.6945615,8.084199
ISIC_0046820,7.342831,8.171141
ISIC_0046827,5.435907,4.0088034
ISIC_0046828,8.169372,7.524261
ISIC_0046834,7.8848286,4.6721563
ISIC_0046900,8.1883335,8.268229
ISIC_0046908,8.773294,8.2367935
ISIC_0046917,4.185843,6.5226865
ISIC_0046921,8.268861,8.996632
ISIC_0046932,7.372809,8.907582
ISIC_0046983,6.553413,8.008489
ISIC_0046985,6.624206,7.5132766
ISIC_0047003,9.315481,6.2949114
ISIC_0047004,5.0541363,8.389953
ISIC_0047008,6.772245,6.778818
ISIC_0047022,5.673868,8.55192
ISIC_0047024,4.821834,6.8870974
ISIC_0047031,4.439717,8.396595
ISIC_0047033,5.3537254,4.100394
ISIC_0053456,3.6912434,8.11994
ISIC_0053469,5.564815,5.470525
ISIC_0053470,9.075323,5.995692
ISIC_0053471,4.611569,4.643387
ISIC_0053473,5.28019,6.1549726
ISIC_0053479,2.993113,4.8890834
ISIC_0053485,6.9450417,7.6593657
ISIC_0053489,4.3224216,7.8387804
ISIC_0053491,5.1697373,6.313641
ISIC_0053492,4.4150577,8.077722
ISIC_0053495,8.546368,9.009339
ISIC_0053503,6.0523286,3.5053616
ISIC_0053507,11.133106,7.058566
ISIC_0053508,3.9474418,6.216035
ISIC_0053509,6.688306,4.523371
ISIC_0053510,4.188189,6.251905
ISIC_0053512,3.346445,4.6222377
ISIC_0053513,8.202448,8.406761
ISIC_0053518,4.373783,7.545528
ISIC_0053520,5.9075837,8.11706
ISIC_0053525,8.759605,8.975851
ISIC_0053531,9.812645,7.08605
ISIC_0053533,6.7001214,7.266051
ISIC_0053541,6.359086,4.360421
ISIC_0053542,4.7184663,5.535543
ISIC_0053545,4.9362035,7.22331
ISIC_0053570,4.4159455,7.0019975
ISIC_0053578,8.364571,8.365065
ISIC_0053582,4.094084,7.7949286
ISIC_0053589,9.256226,5.978992
ISIC_0053594,4.2383313,4.4386916
ISIC_0053603,5.3104925,7.4244733
ISIC_0053611,3.8645978,8.262111
ISIC_0053615,5.183841,5.1987367
ISIC_0053617,8.985808,5.2058043
ISIC_0053620,3.594386,7.6275005
ISIC_0053632,7.6378026,5.321577
ISIC_0053659,9.571935,6.1886926
ISIC_0053660,10.28131,5.9052606
ISIC_0053667,7.4818754,5.27826
ISIC_0053674,6.5141115,6.88263
ISIC_0053691,3.758969,7.4382653
ISIC_0053698,3.9591222,5.9995522
ISIC_0053699,6.4177384,4.915855
ISIC_0053700,7.3976126,8.8256855
ISIC_0053723,3.3426764,4.623183
ISIC_0053725,8.571434,6.481417
ISIC_0053734,4.7354937,5.4905796
ISIC_0053740,10.218717,5.572072
ISIC_0053742,6.1684947,5.2459865
ISIC_0053743,3.8826036,6.4389195
ISIC_0053751,8.116472,8.905079
ISIC_0053761,6.5891333,5.157177
ISIC_0053763,6.371368,3.6264548
ISIC_0053765,4.9152527,8.487096
ISIC_0053766,5.711367,8.632551
ISIC_0053774,4.444573,5.875688
ISIC_0053784,7.313732,4.266325
ISIC_0053787,11.132151,6.791983
ISIC_0053790,7.8310084,4.8201175
ISIC_0053791,7.824238,5.745546
ISIC_0053796,3.0510328,4.9696503
ISIC_0053801,9.806225,6.9171414
ISIC_0053810,4.7582083,7.4991975
ISIC_0053812,2.9654803,4.905206
ISIC_0053814,4.2403235,5.6311502
ISIC_0053816,6.809961,6.4723864
ISIC_0053823,9.207534,8.048553
ISIC_0053824,3.9887853,5.566614
ISIC_0053827,11.056121,6.6801867
ISIC_0053828,11.239663,7.3868294
ISIC_0053829,6.481938,6.9967933
ISIC_0053839,5.552404,6.5593505
ISIC_0053841,10.95484,6.3775907
ISIC_0053843,7.9373484,5.3798847
ISIC_0053846,9.941035,9.035878
ISIC_0053853,4.534649,7.626459
ISIC_0053891,6.572674,8.830187
ISIC_0053893,11.297689,7.2587852
ISIC_0053904,5.8180113,5.2443104
ISIC_0053909,7.7349167,5.3981147
ISIC_0053912,10.6486845,7.632736
ISIC_0053916,5.677262,3.8429174
ISIC_0053923,7.367798,8.754988
ISIC_0053925,8.784303,8.085012
ISIC_0053933,4.731488,3.5888922
ISIC_0053946,6.319715,3.7833457
ISIC_0053960,9.854034,8.169443
ISIC_0053969,4.208738,6.182166
ISIC_0053971,3.4053416,6.277665
ISIC_0053974,4.428774,4.966481
ISIC_0053980,9.258349,5.2343974
ISIC_0053981,6.3880186,5.240793
ISIC_0053996,6.4165387,7.0156155
ISIC_0054006,9.326499,5.6569686
ISIC_0054015,5.182612,8.28799
ISIC_0054025,10.447067,7.9773865
ISIC_0054032,10.253038,5.6347866
ISIC_0054038,8.117085,8.397032
ISIC_0054043,5.080707,7.3383503
ISIC_0054048,3.6322312,7.7936435
ISIC_0054053,10.495504,6.5534215
ISIC_0054059,4.9404335,7.7664933
ISIC_0054061,7.690824,5.2770452
ISIC_0054062,5.684303,7.1320457
ISIC_0054070,6.559869,6.897907
ISIC_0054073,5.86586,3.6452913
ISIC_0054078,4.1872582,7.476889
ISIC_0054079,9.474183,6.2821503
ISIC_0054080,4.809079,8.133476
ISIC_0054082,4.1355667,6.247693
ISIC_0054085,5.278497,6.57246
ISIC_0054090,10.924331,7.255049
ISIC_0054103,4.9001694,3.9434457
ISIC_0054106,4.395456,3.6836016
ISIC_0054110,8.623218,6.787186
ISIC_0054112,10.061175,7.020867
ISIC_0054117,4.2380333,5.3541226
ISIC_0054123,5.8587527,3.845177
ISIC_0054141,3.1256592,4.9129806
ISIC_0054151,3.0354683,4.919758
ISIC_0054159,5.982262,5.633885
ISIC_0054167,5.567531,7.702104
ISIC_0054179,7.166065,6.113571
ISIC_0054185,5.0075107,8.355675
ISIC_0054188,8.174726,7.820965
ISIC_0054193,6.454521,5.0142684
ISIC_0054198,10.75629,7.9641976
ISIC_0054205,6.899029,5.221046
ISIC_0054213,8.702556,5.2346807
ISIC_0054220,3.9211977,6.3112216
ISIC_0054222,4.3404775,5.384042
ISIC_0054226,9.492343,6.2169175
ISIC_0054229,9.383551,6.367253
ISIC_0054233,3.6136208,6.494515
ISIC_0054236,5.5867076,7.0132265
ISIC_0054239,5.5415807,6.950429
ISIC_0054244,6.903224,7.760958
ISIC_0054248,3.8432715,8.007042
ISIC_0054251,8.014324,7.520249
ISIC_0054254,10.74132,7.360503
ISIC_0054264,3.4896474,6.64031
ISIC_0054274,7.267381,5.3247976
ISIC_0054284,11.135934,7.6184244
ISIC_0054287,4.246803,6.260689
ISIC_0054292,4.7343516,8.149361
ISIC_0054296,4.5423207,6.2079277
ISIC_0054312,4.853915,8.097117
ISIC_0054314,5.822996,4.642043
ISIC_0054317,6.176717,3.2301702
ISIC_0054334,4.270113,4.8680396
ISIC_0054337,8.865833,5.2311645
ISIC_0054351,7.502731,6.197479
ISIC_0054355,5.1719246,6.2665253
ISIC_0054364,6.499071,3.1087065
ISIC_0054366,11.226638,6.936009
ISIC_0054371,7.975895,5.126688
ISIC_0054377,4.575868,6.87525
ISIC_0054379,4.3481894,3.7825954
ISIC_0054384,6.83142,5.4689083
ISIC_0054391,10.991031,7.643583
ISIC_0054399,7.588262,5.031919
ISIC_0054410,9.329347,6.415906
ISIC_0054412,6.639529,8.910195
ISIC_0054416,4.5473633,6.757121
ISIC_0054430,10.0453615,5.3651814
ISIC_0054444,10.499695,7.987596
ISIC_0054445,3.965101,7.6156287
ISIC_0054458,7.4292684,7.781539
ISIC_0054459,4.993427,7.341818
ISIC_0054462,7.1438513,5.2345138
ISIC_0054464,5.7579823,8.514212
ISIC_0054465,5.6993656,5.4357367
ISIC_0054497,6.5978518,6.1001906
ISIC_0054501,5.5245748,3.6327379
ISIC_0054506,8.592527,8.123724
ISIC_0054512,3.712838,7.100204
ISIC_0054516,10.818749,8.146365
ISIC_0054520,6.8630815,5.2718825
ISIC_0054523,5.966066,4.272967
ISIC_0054528,8.492839,6.977727
ISIC_0054544,4.596762,5.0783434
ISIC_0054548,5.08801,8.081983
ISIC_0054563,6.931694,6.938229
ISIC_0054568,5.6493263,8.107022
ISIC_0054574,8.916231,6.287728
ISIC_0054599,4.220112,5.0783944
ISIC_0054612,5.166629,6.5840645
ISIC_0054618,7.466597,7.867391
ISIC_0054624,7.305545,7.9509783
ISIC_0054625,10.408313,8.059672
ISIC_0054629,7.987082,6.586984
ISIC_0054637,8.5725155,7.6136093
ISIC_0054651,6.0340486,7.2158566
ISIC_0054661,5.197647,3.7137666
ISIC_0054663,6.6025352,8.614303
ISIC_0054670,9.43843,8.300276
ISIC_0054671,4.640779,8.066691
ISIC_0054673,8.640527,8.881743
ISIC_0054677,9.449888,6.008012
ISIC_0054694,5.8972635,5.4634376
ISIC_0054705,4.675922,6.0275683
ISIC_0054725,10.505714,7.523084
ISIC_0054728,8.078968,6.3145204
ISIC_0054734,6.203742,3.9178174
ISIC_0054744,4.6092224,7.814001
ISIC_0054747,9.036273,8.84968
ISIC_0054748,10.689675,7.216555
ISIC_0054756,7.391623,3.9180546
ISIC_0054760,5.490288,6.6053534
ISIC_0054763,4.1899157,4.5551705
ISIC_0054765,9.19264,5.3852835
ISIC_0054767,6.7469583,6.891663
ISIC_0054770,3.9412823,7.532785
ISIC_0054777,7.6528525,8.119018
ISIC_0054787,10.514807,7.6039886
ISIC_0054793,3.5796301,6.672249
ISIC_0054802,4.147008,4.496266
ISIC_0054819,4.2871275,7.7040234
ISIC_0054821,7.439782,8.728498
ISIC_0054825,8.320388,5.502519
ISIC_0054827,6.574995,5.2415986
ISIC_0054842,7.3266616,6.2129946
ISIC_0054844,8.770274,5.291753
ISIC_0054848,3.6671832,7.8276553
ISIC_0054851,8.776083,4.85997
ISIC_0054852,7.3634744,3.8945017
ISIC_0054853,3.4984581,8.040895
ISIC_0054874,3.991797,6.5691967
ISIC_0054889,6.3680096,5.1509194
ISIC_0054892,10.418074,7.1452928
ISIC_0054894,7.973821,4.799727
ISIC_0054902,4.361013,4.206698
ISIC_0054904,4.919573,5.0117264
ISIC_0054906,7.4686246,4.5181885
ISIC_0054912,4.8396087,3.618878
ISIC_0054914,8.671895,5.956341
ISIC_0054919,3.975942,6.107659
ISIC_0054936,4.4239235,6.679442
ISIC_0054941,9.993338,7.722257
ISIC_0054961,4.6129894,4.2391195
ISIC_0054963,8.293816,8.628816
ISIC_0054969,8.391772,7.718138
ISIC_0054970,4.416446,3.6297112
ISIC_0054971,9.9762945,7.2071652
ISIC_0054973,11.258387,7.3389463
ISIC_0054974,6.8447065,7.905081
ISIC_0054976,3.7854404,7.764217
ISIC_0054979,4.547217,5.0169287
ISIC_0054982,3.5053344,8.067388
ISIC_0054988,5.3140674,8.416193
ISIC_0054995,7.649462,5.532738
ISIC_0055001,8.658496,7.8666654
ISIC_0055002,8.309405,4.7154994
ISIC_0055022,9.152426,5.5938406
ISIC_0055024,10.782949,6.2184734
ISIC_0055031,9.059475,9.250275
ISIC_0055039,7.3357477,5.8930597
ISIC_0055048,5.334341,6.427507
ISIC_0055051,5.80091,5.641536
ISIC_0055052,7.264139,7.0507917
ISIC_0055054,4.588823,8.119734
ISIC_0055056,8.692801,4.9027815
ISIC_0055062,7.651076,5.559712
ISIC_0055074,8.45332,7.1522326
ISIC_0055079,6.393913,7.1518717
ISIC_0055081,6.4797425,6.7636166
ISIC_0055086,6.20363,7.462701
ISIC_0055087,4.691755,5.8091574
ISIC_0055091,4.77864,5.869667
ISIC_0055110,4.5935545,4.3684664
ISIC_0055136,3.5678885,7.989867
ISIC_0055141,10.457182,5.694654
ISIC_0055143,8.571374,5.3194656
ISIC_0055147,6.4213314,3.1375968
ISIC_0055156,5.836854,7.1074886
ISIC_0055161,3.7188919,6.1098933
ISIC_0055167,10.843315,7.9311047
ISIC_0055175,7.639822,5.712365
ISIC_0055179,5.7409706,7.20258
ISIC_0055181,3.609629,6.873442
ISIC_0055191,11.070086,6.952405
ISIC_0055193,10.228925,8.039587
ISIC_0055202,11.256461,7.30325
ISIC_0055205,7.3656497,4.053393
ISIC_0055208,4.634099,7.1339173
ISIC_0055226,10.237232,5.453568
ISIC_0055227,6.3165874,6.503211
ISIC_0055236,4.1489,5.2939234
ISIC_0055241,4.004136,7.8578353
ISIC_0055246,5.692119,7.6948075
ISIC_0055249,6.818226,7.2165194
ISIC_0055264,8.725047,6.584848
ISIC_0055265,5.058355,3.5958111
ISIC_0055268,4.106101,4.377474
ISIC_0055276,4.4428043,6.3850074
ISIC_0055282,11.058098,6.859407
ISIC_0055289,5.984333,7.949569
ISIC_0055293,5.77913,3.650353
ISIC_0055295,5.347722,4.6326675
ISIC_0055297,10.186829,7.297114
ISIC_0055298,4.072573,7.1196294
ISIC_0055309,9.8359995,8.676596
ISIC_0055311,5.8740807,5.55713
ISIC_0055314,6.673465,4.505306
ISIC_0055318,3.537523,8.00054
ISIC_0055337,3.4771638,7.4757867
ISIC_0055340,10.116093,7.2748866
ISIC_0055344,9.254156,5.932449
ISIC_0055355,6.1992683,6.371406
ISIC_0055359,8.266798,7.409784
ISIC_0055362,11.280708,7.003773
ISIC_0055363,5.7626834,4.7362976
ISIC_0055367,5.1627054,6.456193
ISIC_0055380,6.683932,8.921244
ISIC_0055393,6.68287,6.3484573
ISIC_0055398,3.9872885,6.0858374
ISIC_0055412,4.4884357,7.220136
ISIC_0055417,7.1158414,5.4978027
ISIC_0055419,8.072783,8.201012
ISIC_0055421,4.363932,6.793532
ISIC_0055425,4.959478,4.3421
ISIC_0055438,7.908037,8.66958
ISIC_0055440,8.702118,8.540966
ISIC_0055445,5.241098,4.8272185
ISIC_0055451,9.909438,7.5830407
ISIC_0055453,4.032238,5.8912735
ISIC_0055454,7.493461,4.8313823
ISIC_0055462,4.8331814,7.64831
ISIC_0055464,7.6082363,5.198001
ISIC_0055465,4.6326237,6.453436
ISIC_0055467,3.3711329,6.759651
ISIC_0055474,9.715712,8.189855
ISIC_0055492,6.9643598,4.8020434
ISIC_0055496,4.427591,6.3095512
ISIC_0055500,4.832298,4.484664
ISIC_0055503,6.346912,6.0206194
ISIC_0055511,7.1941442,5.5201936
ISIC_0055513,7.9819593,8.797698
ISIC_0055517,4.996392,5.9338717
ISIC_0055518,10.124634,8.127725
ISIC_0055519,4.843012,7.158209
ISIC_0055525,6.566641,5.3177023
ISIC_0055527,3.8056066,7.137087
ISIC_0055528,7.577498,4.9529552
ISIC_0055543,4.7823806,5.728034
ISIC_0055546,6.543934,5.8326955
ISIC_0055550,10.061402,7.1925807
ISIC_0055562,3.937558,7.783051
ISIC_0055570,3.3480532,6.526392
ISIC_0055572,5.4116144,3.7089732
ISIC_0055582,6.9018526,5.932112
ISIC_0055613,3.8554351,6.56009
ISIC_0055616,3.973346,5.5004935
ISIC_0055618,4.7273664,7.658003
ISIC_0055622,7.6744,5.4412746
ISIC_0055623,6.520018,5.3094
ISIC_0055624,6.5195174,6.3400087
ISIC_0055631,4.2667594,5.4754705
ISIC_0055643,2.951264,4.8706045
ISIC_0055659,5.1234884,8.22558
ISIC_0055665,7.21718,5.624594
ISIC_0055680,9.556027,8.028919
ISIC_0055684,5.8988175,7.4933405
ISIC_0055688,10.00755,7.8824778
ISIC_0055690,4.8305826,6.982717
ISIC_0055699,3.723483,7.7779408
ISIC_0055701,5.656344,6.66486
ISIC_0055707,5.342096,6.308164
ISIC_0055709,7.2898383,5.6609893
ISIC_0055714,9.055654,6.7104416
ISIC_0055720,8.877511,5.758757
ISIC_0055733,6.28313,6.537965
ISIC_0055742,6.4770846,7.2242
ISIC_0055743,6.3096843,5.3460965
ISIC_0055756,9.970508,5.7023726
ISIC_0055759,2.968421,4.8345704
ISIC_0055764,8.900288,5.045598
ISIC_0055767,3.894341,6.3518634
ISIC_0055771,7.9946613,5.108664
ISIC_0055776,5.7420287,7.92428
ISIC_0055780,3.805233,7.3101583
ISIC_0055781,5.5551877,8.392534
ISIC_0055783,9.095449,8.236023
ISIC_0055788,10.999037,7.351735
ISIC_0055789,4.1983337,3.9297366
ISIC_0055796,5.30579,7.7965813
ISIC_0055797,6.7362294,7.038005
ISIC_0055799,3.565258,7.1185665
ISIC_0055802,5.7047997,5.420736
ISIC_0055818,4.942909,7.3709893
ISIC_0055820,4.4841166,6.9317255
ISIC_0055821,9.927752,8.581217
ISIC_0055825,5.6640496,4.9074626
ISIC_0055828,4.0809054,5.774859
ISIC_0055832,3.605761,7.6464577
ISIC_0055840,2.9906936,4.8628564
ISIC_0055841,8.419476,8.707631
ISIC_0055854,5.8565683,8.081899
ISIC_0055859,6.786793,4.3209705
ISIC_0055862,3.7468646,8.183512
ISIC_0055871,10.426089,6.3418036
ISIC_0055876,9.707747,8.341512
ISIC_0055887,11.0957575,7.121036
ISIC_0055892,5.873887,3.6800506
ISIC_0055896,4.172175,5.653149
ISIC_0055899,5.037714,3.8051589
ISIC_0055900,4.2118664,3.9408607
ISIC_0055905,4.610283,7.854127
ISIC_0055907,4.22871,6.688593
ISIC_0055911,9.818068,7.714858
ISIC_0055930,4.0413113,6.676362
ISIC_0055931,7.9836917,5.925954
ISIC_0055937,4.106938,4.1075916
ISIC_0055938,5.5535297,8.204469
ISIC_0055953,7.0038986,5.318336
ISIC_0055954,6.3954415,6.106285
ISIC_0055960,5.8415356,5.61834
ISIC_0055967,10.474712,7.4555187
ISIC_0055984,5.3494744,6.9973
ISIC_0055999,10.200247,8.868883
ISIC_0056001,5.11211,3.8620768
ISIC_0056007,10.156828,6.365555
ISIC_0056017,7.0326905,6.8399386
ISIC_0056019,3.860821,7.7635655
ISIC_0056036,4.547154,7.7749467
ISIC_0056041,9.929393,6.3229995
ISIC_0056044,3.318882,6.262169
ISIC_0056047,4.6622396,7.8326883
ISIC_0056050,9.848239,8.225735
ISIC_0056051,11.151764,7.1195865
ISIC_0056061,4.455924,5.6411443
ISIC_0056063,8.99628,8.933596
ISIC_0056079,3.9806495,7.308045
ISIC_0056089,5.4072447,7.960323
ISIC_0056092,11.244962,7.2435384
ISIC_0056105,4.819541,7.6164074
ISIC_0056113,3.9695983,7.89041
ISIC_0056118,4.941403,7.081265
ISIC_0056130,4.249336,4.884535
ISIC_0056133,4.1225142,7.280983
ISIC_0056136,6.97525,7.7653036
ISIC_0056138,6.289693,8.688977
ISIC_0056141,8.147543,8.710335
ISIC_0056145,6.841598,5.921953
ISIC_0056152,9.376811,6.777198
ISIC_0056156,7.8523426,8.17783
ISIC_0056167,9.264371,5.8303103
ISIC_0056170,7.5069413,8.720266
ISIC_0056181,5.0876293,7.7819085
ISIC_0056185,5.494964,6.773102
ISIC_0056186,3.5317292,8.037819
ISIC_0056190,4.1827636,7.4507337
ISIC_0056192,7.425095,5.6301193
ISIC_0056201,6.530252,4.023533
ISIC_0056202,3.573643,7.50952
ISIC_0056210,4.2148795,6.990724
ISIC_0056214,4.2148905,6.288564
ISIC_0056217,4.824998,7.2488165
ISIC_0056221,6.204863,5.25242
ISIC_0056225,8.876546,8.92173
ISIC_0056228,10.47575,5.7056713
ISIC_0056232,6.932232,8.545707
ISIC_0056247,7.7135153,7.280001
ISIC_0056261,9.881668,8.154115
ISIC_0056263,3.6270084,6.1997833
ISIC_0056269,7.8552947,5.507401
ISIC_0056271,4.6441145,5.0386033
ISIC_0056283,3.5039604,7.5573864
ISIC_0056292,5.285232,7.1763587
ISIC_0056298,3.8334415,6.7596364
ISIC_0056309,5.2943854,3.430702
ISIC_0056319,11.0598755,7.794703
ISIC_0056330,5.1400867,3.7381346
ISIC_0056337,7.3803115,6.0564947
ISIC_0056345,7.8150945,5.2862945
ISIC_0056347,4.802633,5.731746
ISIC_0056364,9.255187,5.67743
ISIC_0056382,4.2290583,6.2346134
ISIC_0056389,4.368577,7.4316177
ISIC_0056392,4.6382666,4.367764
ISIC_0056401,4.7614727,4.7085238
ISIC_0056403,5.769525,3.692882
ISIC_0056413,6.712605,6.4907465
ISIC_0056415,10.699512,6.649088
ISIC_0056422,6.294353,5.8835645
ISIC_0056425,9.99951,7.827555
ISIC_0056428,3.6076734,7.6979895
ISIC_0056446,8.133102,6.879286
ISIC_0056447,11.005819,7.477887
ISIC_0056448,10.944628,6.8778152
ISIC_0056449,3.8824205,5.379262
ISIC_0056454,7.792073,6.584503
ISIC_0056479,3.9595237,5.416862
ISIC_0056481,4.3123894,8.043349
ISIC_0056483,7.092944,8.254967
ISIC_0056487,10.27119,7.962608
ISIC_0056501,8.221065,8.665386
ISIC_0056511,11.085787,6.5113683
ISIC_0056525,4.23737,8.035999
ISIC_0056527,3.7807395,5.7088575
ISIC_0056531,9.376553,6.229757
ISIC_0056546,5.5532866,8.13087
ISIC_0056551,10.18141,8.790113
ISIC_0056554,8.187765,4.8597603
ISIC_0056572,8.823428,5.0310683
ISIC_0056573,3.6169124,6.742059
ISIC_0056601,5.04884,8.397705
ISIC_0056604,4.519796,5.6713576
ISIC_0056612,4.015328,6.885724
ISIC_0056614,6.882877,8.523347
ISIC_0056625,7.75883,5.2906804
ISIC_0056626,4.4746203,6.0980983
ISIC_0056632,6.6864753,5.367594
ISIC_0056644,7.093424,6.0181885
ISIC_0056652,7.627119,5.750618
ISIC_0056655,9.154631,8.356186
ISIC_0056659,5.7257667,5.351992
ISIC_0056660,5.8820214,3.2094126
ISIC_0056676,6.456625,3.9860604
ISIC_0056677,9.677768,7.230655
ISIC_0056680,4.024815,5.424935
ISIC_0056683,10.147111,5.490522
ISIC_0056684,5.791625,4.559783
ISIC_0056688,5.116883,3.8106933
ISIC_0056692,4.357702,4.7291384
ISIC_0056710,5.423933,5.3335953
ISIC_0056717,4.439127,5.2154865
ISIC_0056719,5.157436,4.0429935
ISIC_0056723,4.3523526,6.793021
ISIC_0056725,7.570332,5.4495726
ISIC_0056728,3.0080912,4.9273815
ISIC_0056729,5.4562454,8.117005
ISIC_0056739,6.092051,3.501759
ISIC_0056740,3.7478733,7.1991534
ISIC_0056749,10.833992,7.074709
ISIC_0056750,5.590851,5.4927626
ISIC_0056751,6.9395022,5.114771
ISIC_0056753,5.9751043,4.2044697
ISIC_0056770,7.8393207,6.5087295
ISIC_0056788,8.990153,6.9649034
ISIC_0056790,11.130468,7.599294
ISIC_0056796,8.219431,8.327158
ISIC_0056800,3.9203126,6.8425794
ISIC_0056806,5.838725,7.558255
ISIC_0056814,9.360099,8.490987
ISIC_0056816,3.4303362,7.5266557
ISIC_0056817,7.7144327,5.615735
ISIC_0056819,6.17085,8.035601
ISIC_0056820,11.1872835,7.0718393
ISIC_0056844,6.083634,8.566469
ISIC_0056848,8.77388,4.900652
ISIC_0056849,5.1588492,3.680369
ISIC_0056851,4.2333045,5.786377
ISIC_0056860,4.631552,4.915544
ISIC_0056863,9.066126,5.4432487
ISIC_0056871,4.3945556,5.125249
ISIC_0056876,7.4411554,4.2051544
ISIC_0056893,5.635975,8.119866
ISIC_0056900,5.872351,5.19809
ISIC_0056901,7.829512,5.069338
ISIC_0056902,6.315166,7.062865
ISIC_0056915,3.8830936,6.1558886
ISIC_0056921,7.5659375,7.056989
ISIC_0056926,5.1437798,6.9999995
ISIC_0056938,7.8448653,6.8465548
ISIC_0056940,11.352248,6.859823
ISIC_0056957,6.0196495,4.83879
ISIC_0056967,3.8549578,8.136196
ISIC_0056974,2.993933,4.8936434
ISIC_0056981,8.306548,8.83826
ISIC_0056984,7.274909,7.0305014
ISIC_0056988,6.611051,8.642596
ISIC_0056991,7.310629,8.833059
ISIC_0057001,10.36354,7.2151594
ISIC_0057003,4.2934966,8.0414095
ISIC_0057015,5.676056,4.0032887
ISIC_0057016,9.497004,6.42148
ISIC_0057019,6.5261064,6.3328733
ISIC_0057023,11.082933,7.436561
ISIC_0057025,7.970089,4.766196
ISIC_0057027,4.495996,5.0443807
ISIC_0057033,9.653799,5.7967715
ISIC_0057044,3.4232283,6.2752075
ISIC_0057045,4.6644993,6.1855593
ISIC_0057048,6.063289,5.4709983
ISIC_0057067,3.9015052,5.024249
ISIC_0057083,5.978085,3.5954688
ISIC_0057089,8.477272,7.392815
ISIC_0057113,6.869612,4.85562
ISIC_0057141,10.002154,7.140572
ISIC_0057147,6.711785,5.8469434
ISIC_0057148,9.217262,8.205942
ISIC_0057152,8.907111,8.273421
ISIC_0057154,3.4097073,6.5134926
ISIC_0057155,5.788078,3.2194505
ISIC_0057164,4.662268,5.016805
ISIC_0057169,10.114557,6.3044133
ISIC_0057171,6.8208714,7.1103992
ISIC_0057172,4.0384736,6.854592
ISIC_0057188,8.621478,8.621363
ISIC_0057192,7.6986127,5.566862
ISIC_0057199,4.484381,7.2117324
ISIC_0057204,8.512145,8.668963
ISIC_0057211,3.499753,6.044674
ISIC_0057234,7.886642,6.9412675
ISIC_0057235,10.725489,7.792071
ISIC_0057244,10.713889,8.003669
ISIC_0057252,5.407937,8.173861
ISIC_0057257,7.89688,4.6287775
ISIC_0057286,3.8142488,6.072063
ISIC_0057302,3.9530532,7.6413693
ISIC_0057306,10.11463,7.1039853
ISIC_0057307,10.450085,8.010457
ISIC_0057313,5.7013497,3.5063083
ISIC_0057315,8.582038,5.1707067
ISIC_0057317,6.5870066,7.952062
ISIC_0057323,6.2497544,5.5074806
ISIC_0057324,3.7982922,5.820638
ISIC_0057328,6.255786,5.233388
ISIC_0057331,4.3984427,3.681787
ISIC_0057338,6.693509,5.79109
ISIC_0057344,8.310621,8.599309
ISIC_0057360,4.04135,7.128594
ISIC_0057362,9.150193,6.9268994
ISIC_0057370,6.394895,8.407486
ISIC_0057371,7.593057,7.2287135
ISIC_0057374,9.954203,6.917127
ISIC_0057390,5.760571,5.9095716
ISIC_0057395,7.2532754,6.9550962
ISIC_0057397,7.4008665,5.4586825
ISIC_0057406,4.5075483,4.936691
ISIC_0057408,5.6781893,7.8344126
ISIC_0057412,9.887002,8.669072
ISIC_0057417,4.043875,5.5384135
ISIC_0057436,7.975366,6.4291053
ISIC_0057450,4.911412,4.6429644
ISIC_0057457,4.6310024,6.430706
ISIC_0057462,6.1652455,8.418205
ISIC_0057465,11.248591,7.0210094
ISIC_0057482,10.648034,7.3314114
ISIC_0057496,8.148041,8.801268
ISIC_0057518,4.469088,7.658188
ISIC_0057531,10.874889,6.0820923
ISIC_0057534,6.9783673,7.9506607
ISIC_0057535,7.2097135,6.0937767
ISIC_0057539,3.7795165,7.174336
ISIC_0057545,4.977248,7.2835035
ISIC_0057548,5.4034786,6.6239457
ISIC_0057554,5.9420934,6.922777
ISIC_0057556,4.7989874,8.333691
ISIC_0057557,8.329198,8.061271
ISIC_0057558,5.00782,6.1576114
ISIC_0057559,7.586118,8.873726
ISIC_0057577,7.302929,6.081091
ISIC_0057591,5.208598,7.614023
ISIC_0057593,10.83536,6.9174542
ISIC_0057594,6.045271,5.340888
ISIC_0057609,10.266857,5.586609
ISIC_0057611,7.6800036,5.305016
ISIC_0057615,3.7803257,6.7968917
ISIC_0057617,6.0977077,6.1212535
ISIC_0057619,6.1687765,7.2882833
ISIC_0057621,3.4809568,4.59011
ISIC_0057634,6.087857,3.8587568
ISIC_0057656,4.094893,8.059103
ISIC_0057661,5.399871,4.0492463
ISIC_0057668,3.324404,6.293625
ISIC_0057672,3.6110268,7.1396685
ISIC_0057685,6.366807,4.3276725
ISIC_0057687,6.635345,5.997005
ISIC_0057700,7.1412935,6.896853
ISIC_0057702,7.2972407,7.9376445
ISIC_0057716,10.198634,8.195871
ISIC_0057725,5.252607,4.946623
ISIC_0057731,9.02512,8.352334
ISIC_0057734,5.894379,7.459063
ISIC_0057736,3.9572809,7.259319
ISIC_0057744,4.7268662,7.6764255
ISIC_0057747,8.0380535,6.5512996
ISIC_0057753,9.26364,8.782036
ISIC_0057759,8.569508,7.8216367
ISIC_0057762,9.622972,8.132895
ISIC_0057769,10.339886,6.4246426
ISIC_0057771,3.7134552,6.5127907
ISIC_0057782,9.658232,6.061173
ISIC_0057783,10.231028,6.8165364
ISIC_0057787,4.8681607,8.387771
ISIC_0057791,4.089495,5.7038608
ISIC_0057808,5.663613,7.6276884
ISIC_0057815,6.15837,7.2103915
ISIC_0057821,4.843501,3.7706316
ISIC_0057828,3.5327525,7.529823
ISIC_0057838,4.686627,4.0848727
ISIC_0057841,6.323487,7.0779657
ISIC_0057844,6.529743,8.747684
ISIC_0057848,7.4043727,4.294777
ISIC_0057851,4.4689617,4.7622213
ISIC_0057864,9.946657,7.3371167
ISIC_0057870,4.813118,5.070709
ISIC_0057881,5.5889926,3.8235042
ISIC_0057891,10.398572,7.9453635
ISIC_0057898,5.487753,7.925818
ISIC_0057900,4.546026,7.554298
ISIC_0057913,5.0741935,3.670742
ISIC_0057914,8.905257,7.7062645
ISIC_0057921,5.0484014,7.517857
ISIC_0057936,4.379034,7.912989
ISIC_0057938,5.8604584,8.162004
ISIC_0057939,4.993773,4.4322634
ISIC_0057947,3.182174,4.7103634
ISIC_0057949,8.725005,5.1333303
ISIC_0057953,5.776328,5.9628263
ISIC_0057960,5.536686,7.629683
ISIC_0057968,6.251629,7.7053857
ISIC_0057973,7.356318,3.8968058
ISIC_0057974,4.1289425,5.9642863
ISIC_0057976,6.736732,4.878222
ISIC_0057978,6.8272705,5.982774
ISIC_0057980,8.546585,4.6461906
ISIC_0057996,6.702447,4.854724
ISIC_0057999,7.159664,7.9155335
ISIC_0058000,6.0347686,5.5212255
ISIC_0058003,4.3165126,4.962156
ISIC_0058007,9.49712,6.0702267
ISIC_0058010,4.799829,7.1638374
ISIC_0058015,5.5472693,6.8445277
ISIC_0058016,6.057664,8.117841
ISIC_0058021,6.683034,4.2198024
ISIC_0058024,5.8710856,8.209544
ISIC_0058028,3.9977772,5.4257803
ISIC_0058033,4.180262,6.691984
ISIC_0058040,6.5630074,3.1743028
ISIC_0058046,11.080011,7.186358
ISIC_0058047,7.7767425,5.0280137
ISIC_0058050,5.1893334,8.21734
ISIC_0058059,7.4497266,5.2386694
ISIC_0058075,6.8057246,5.9684677
ISIC_0058081,9.438781,8.114578
ISIC_0058096,5.0041327,4.2993197
ISIC_0058097,5.0067887,8.690983
ISIC_0058098,5.590017,3.395199
ISIC_0058115,7.6911488,4.95813
ISIC_0058118,8.518241,8.683211
ISIC_0058125,8.072282,5.2311587
ISIC_0058126,4.4086204,3.7257292
ISIC_0058127,4.35362,6.7218575
ISIC_0058135,10.087994,7.124269
ISIC_0058136,6.913298,7.615437
ISIC_0058138,6.806352,5.95135
ISIC_0058151,10.343821,5.8451867
ISIC_0058154,7.507415,5.5395365
ISIC_0058164,4.5839896,7.6266837
ISIC_0058168,5.7654696,8.434888
ISIC_0058170,8.072978,4.7763286
ISIC_0058173,5.066605,8.071386
ISIC_0058176,4.3163896,6.8823442
ISIC_0058181,4.6796355,7.059274
ISIC_0058204,7.205378,5.4617376
ISIC_0058206,9.422654,5.5528226
ISIC_0058214,5.742802,7.8060436
ISIC_0058218,7.5514846,4.693479
ISIC_0058229,11.187331,7.3499193
ISIC_0058237,3.4927819,7.7027063
ISIC_0058245,3.781425,7.3216
ISIC_0058249,9.624361,7.288723
ISIC_0058255,8.809042,8.555293
ISIC_0058270,3.761739,5.91353
ISIC_0058281,3.463851,6.5111217
ISIC_0058282,11.3511,7.3489823
ISIC_0058284,5.7584743,4.1304736
ISIC_0058285,3.8416636,7.3393464
ISIC_0058298,7.214207,5.431745
ISIC_0058301,7.4675446,5.3580394
ISIC_0058307,4.496248,7.2246685
ISIC_0058308,7.1310844,6.3649964
ISIC_0058315,3.337592,4.673069
ISIC_0058319,5.1136737,6.1628757
ISIC_0058321,3.9257426,8.231305
ISIC_0058331,6.4054804,7.430187
ISIC_0058332,4.7711887,7.3765407
ISIC_0058334,4.2062283,5.325566
ISIC_0058341,8.687565,7.695794
ISIC_0058344,5.753961,7.983332
ISIC_0058346,10.859059,6.074239
ISIC_0058354,9.343788,6.2223234
ISIC_0058368,4.9672074,5.009455
ISIC_0058376,4.845459,5.2570186
ISIC_0058383,3.4170418,7.541298
ISIC_0058391,3.9318285,8.063011
ISIC_0058399,10.701525,7.0760927
ISIC_0058407,7.770946,4.9507236
ISIC_0058408,4.573246,8.01977
ISIC_0058418,4.5159116,7.9725866
ISIC_0058425,3.7100377,7.3462977
ISIC_0058426,8.286993,7.404586
ISIC_0058428,9.61859,7.01977
ISIC_0058432,4.6121836,8.475055
ISIC_0058439,7.4975977,8.8057375
ISIC_0058457,4.6913657,3.8762584
ISIC_0058458,5.8782773,4.918085
ISIC_0058475,10.614144,7.3073287
ISIC_0058492,4.2464695,6.235258
ISIC_0058496,3.8873234,7.24446
ISIC_0058501,5.963361,8.459082
ISIC_0058503,7.650101,4.9808106
ISIC_0058504,8.916639,7.707618
ISIC_0058508,5.777771,3.9886107
ISIC_0058513,4.7965603,4.8237805
ISIC_0058526,5.533029,7.8223977
ISIC_0058528,4.69498,6.0237947
ISIC_0058544,8.041413,8.147399
ISIC_0058548,4.918801,4.697404
ISIC_0058550,6.4483695,8.9674225
ISIC_0058559,5.2535715,4.69676
ISIC_0058569,3.56304,8.034269
ISIC_0058577,8.552515,7.1367364
ISIC_0058580,6.683631,6.5112205
ISIC_0058597,10.689747,7.325542
ISIC_0058599,4.0231485,6.6419687
ISIC_0058607,4.697768,6.9922085
ISIC_0058612,5.277214,6.631335
ISIC_0058617,8.983862,7.8489113
ISIC_0058621,5.4855046,4.159829
ISIC_0058625,9.95145,7.357412
ISIC_0058629,4.3341875,4.1101184
ISIC_0058630,2.9685595,4.872972
ISIC_0058643,5.5271997,8.420763
ISIC_0058645,8.798996,8.09048
ISIC_0058648,5.1706195,3.712326
ISIC_0058649,5.225721,6.2772985
ISIC_0058655,2.9943576,4.8689384
ISIC_0058658,4.105671,8.00972
ISIC_0058663,3.7201948,6.9440746
ISIC_0058666,4.012887,6.964022
ISIC_0058675,10.960331,7.793558
ISIC_0058676,3.8386176,6.9539766
ISIC_0058697,7.0213876,8.853381
ISIC_0058708,7.2923946,8.519671
ISIC_0058713,4.449588,5.484741
ISIC_0058716,10.224826,5.8155417
ISIC_0058721,4.191595,3.997921
ISIC_0058723,7.452481,7.6796494
ISIC_0058732,6.6397085,4.8614383
ISIC_0058734,7.421528,8.648614
ISIC_0058743,5.8474593,3.3185647
ISIC_0058753,5.0264845,3.746873
ISIC_0058757,6.39167,7.104382
ISIC_0058763,5.4677567,5.889312
ISIC_0058768,4.1091766,7.2045937
ISIC_0058770,4.2039437,4.827987
ISIC_0058773,9.292651,5.221391
ISIC_0058781,4.1679564,4.443778
ISIC_0058786,3.6448169,6.0659084
ISIC_0058790,10.339428,8.13664
ISIC_0058791,6.269245,5.84391
ISIC_0058792,9.422583,5.5555825
ISIC_0058794,9.216101,5.5281057
ISIC_0058798,5.5056405,3.412149
ISIC_0058807,5.511752,7.763535
ISIC_0058818,6.742186,8.322045
ISIC_0058836,5.5730977,8.390276
ISIC_0058838,3.591124,7.209682
ISIC_0058840,6.139733,8.468339
ISIC_0058851,9.045723,8.078858
ISIC_0058858,6.1503143,7.969484
ISIC_0058862,4.7789454,8.481683
ISIC_0058863,8.886827,5.9925523
ISIC_0058866,4.6524024,3.898055
ISIC_0058875,9.191148,8.344601
ISIC_0058877,7.5079103,8.018807
ISIC_0058880,9.904583,7.1403966
ISIC_0058881,4.536093,4.020996
ISIC_0058887,9.9662,8.954968
ISIC_0058918,6.065848,4.6754518
ISIC_0058926,10.187072,6.408425
ISIC_0058931,8.26781,4.8294554
ISIC_0058947,8.237634,7.423533
ISIC_0058957,10.417472,5.5540524
ISIC_0058959,11.033665,7.572362
ISIC_0059005,9.999896,7.695359
ISIC_0059023,4.8884683,4.1617446
ISIC_0059026,5.898667,4.871886
ISIC_0059027,4.767748,5.3481474
ISIC_0059029,6.80707,6.7397504
ISIC_0059037,5.308852,8.239237
ISIC_0059042,7.966994,5.137185
ISIC_0059052,8.058884,8.397647
ISIC_0059065,5.8376007,5.7997303
ISIC_0059066,11.108592,7.510422
ISIC_0059074,8.720654,5.1389947
ISIC_0059076,3.4646735,7.8962936
ISIC_0059077,7.4334126,4.185179
ISIC_0059079,4.8457756,5.8848753
ISIC_0059082,4.2713323,4.213126
ISIC_0059085,8.416521,5.42096
ISIC_0059089,4.5400987,6.3790545
ISIC_0059090,9.651938,6.2009635
ISIC_0059092,6.4536047,7.998331
ISIC_0059093,5.649707,7.6566763
ISIC_0059103,4.994461,8.098396
ISIC_0059104,4.8642397,3.6247258
ISIC_0059123,6.9933987,7.3806834
ISIC_0059137,8.343011,6.008619
ISIC_0059138,4.2987075,4.0642962
ISIC_0059140,6.7275014,6.322022
ISIC_0059141,5.251395,8.079391
ISIC_0059147,5.2882495,3.915901
ISIC_0059148,7.231201,6.3950214
ISIC_0059160,10.0951805,7.187148
ISIC_0059165,7.457339,7.85688
ISIC_0059169,7.8692265,5.8211274
ISIC_0059170,7.876592,8.439828
ISIC_0059171,7.0415564,7.1646924
ISIC_0059178,3.7594535,8.07081
ISIC_0059188,4.3983307,8.047693
ISIC_0059202,7.6259265,7.3065763
ISIC_0059209,10.254413,7.1518326
ISIC_0059219,7.571625,8.111804
ISIC_0059232,7.476162,5.1505275
ISIC_0059237,8.808211,7.8716264
ISIC_0059253,10.863065,6.5549498
ISIC_0059264,5.870332,6.0610876
ISIC_0059269,3.714117,7.5383124
ISIC_0059270,6.321263,4.248228
ISIC_0059272,3.378732,7.0528593
ISIC_0059273,6.17083,3.3327138
ISIC_0059284,6.3216815,4.111183
ISIC_0059294,10.4901,7.687392
ISIC_0059313,3.601038,4.5565543
ISIC_0059314,9.767132,5.928609
ISIC_0059315,5.933829,7.804194
ISIC_0059316,3.4600616,6.745838
ISIC_0059318,7.4412436,7.9964237
ISIC_0059325,8.873138,5.08653
ISIC_0059330,6.254706,8.827635
ISIC_0059336,5.436692,3.85796
ISIC_0059343,10.527477,7.1072774
ISIC_0059345,6.2024546,8.504064
ISIC_0059346,9.429386,5.4552875
ISIC_0059349,6.5910907,7.696501
ISIC_0059350,11.325343,6.915288
ISIC_0059353,10.233429,5.9999623
ISIC_0059361,8.889072,8.457056
ISIC_0059369,5.939722,4.777734
ISIC_0059375,8.520414,4.837767
ISIC_0059382,2.958605,4.8744245
ISIC_0059386,5.9337063,3.7308424
ISIC_0059387,6.3437424,5.538681
ISIC_0059398,6.075965,8.61317
ISIC_0059411,3.550067,8.10917
ISIC_0059415,9.611173,6.7429576
ISIC_0059420,4.755463,3.648604
ISIC_0059421,7.986569,8.3757925
ISIC_0059423,10.543881,7.859709
ISIC_0059424,4.2844195,5.690836
ISIC_0059435,5.8908677,6.84962
ISIC_0059444,10.152429,6.877627
ISIC_0059446,9.256771,8.2380295
ISIC_0059450,6.749758,4.399231
ISIC_0059473,8.901976,6.295707
ISIC_0059478,6.133206,6.866243
ISIC_0059482,5.9837985,5.647904
ISIC_0059486,5.068069,3.7634652
ISIC_0059493,7.3484015,3.8565903
ISIC_0059506,6.369061,3.6541598
ISIC_0059511,8.325704,8.598973
ISIC_0059512,10.015933,7.946599
ISIC_0059521,3.3048973,7.0637174
ISIC_0059523,8.327458,5.5021834
ISIC_0059525,10.7599745,7.167644
ISIC_0059538,10.423587,5.88218
ISIC_0059541,5.760622,4.467945
ISIC_0059547,7.7383647,5.13009
ISIC_0059551,7.6765265,7.2772985
ISIC_0059554,7.097303,5.1801343
ISIC_0059568,7.8359504,8.262582
ISIC_0059569,8.594404,8.473265
ISIC_0059593,10.989128,6.3504343
ISIC_0059595,9.263108,8.94226
ISIC_0059597,8.2065325,7.3643866
ISIC_0059601,8.26168,5.851951
ISIC_0059605,4.365129,5.8826413
ISIC_0059608,7.8718863,7.955169
ISIC_0059611,6.0448923,3.8911688
ISIC_0059628,6.088545,8.010491
ISIC_0059631,5.316005,4.1560373
ISIC_0059632,4.592993,8.042259
ISIC_0059646,3.2681365,4.64825
ISIC_0059668,6.330454,7.7436576
ISIC_0059669,3.6802309,7.685322
ISIC_0059671,3.8834805,7.7309384
ISIC_0059686,5.538118,8.246759
ISIC_0059703,11.205517,7.246769
ISIC_0059707,6.2494845,3.408831
ISIC_0059708,8.842605,5.1749234
ISIC_0059738,5.6966367,5.4470196
ISIC_0059739,5.31644,3.499369
ISIC_0059747,5.6794977,6.150108
ISIC_0059750,7.803441,6.569418
ISIC_0059757,9.850184,7.042484
ISIC_0059763,4.752621,8.002813
ISIC_0059764,4.1168246,5.0445185
ISIC_0059768,4.2271614,6.4159107
ISIC_0059770,5.1263337,7.821466
ISIC_0059773,8.997546,7.26222
ISIC_0059774,8.110879,5.533536
ISIC_0059777,10.0018215,7.0480223
ISIC_0059785,10.147008,5.724922
ISIC_0059786,10.320231,6.5783496
ISIC_0059794,4.186288,7.201766
ISIC_0059804,4.7905097,7.0170364
ISIC_0059808,6.539561,5.104895
ISIC_0059809,8.623877,8.991639
ISIC_0059810,4.495754,8.184424
ISIC_0059814,7.843053,5.4498568
ISIC_0059816,4.7255697,5.511908
ISIC_0059830,3.0228748,4.8978047
ISIC_0059832,4.040065,6.0421386
ISIC_0059838,4.8185887,5.255169
ISIC_0059840,4.781891,8.154789
ISIC_0059855,4.485907,7.074606
ISIC_0059859,9.64687,6.255727
ISIC_0059866,4.966139,7.252005
ISIC_0059869,9.172024,5.7641706
ISIC_0059879,10.652029,7.882534
ISIC_0059881,6.187161,4.9941387
ISIC_0059884,6.4504733,3.952356
ISIC_0059890,10.803164,7.430783
ISIC_0059891,7.249826,7.1055613
ISIC_0059892,7.831359,4.9582105
ISIC_0059897,6.776233,6.971532
ISIC_0059904,6.6876516,6.888427
ISIC_0059905,7.495409,4.181621
ISIC_0059919,3.5146945,6.1245265
ISIC_0059941,4.5085716,6.269927
ISIC_0059948,4.8699923,7.167547
ISIC_0059957,9.949887,7.139192
ISIC_0059958,4.5459385,7.7207837
ISIC_0059974,7.8254094,7.9446726
ISIC_0059978,4.3387747,7.3120484
ISIC_0059987,7.1084404,6.3469677
ISIC_0059992,7.360425,5.026608
ISIC_0060015,7.776444,8.627392
ISIC_0060022,7.2860727,5.1069007
ISIC_0060032,7.569566,6.4192853
ISIC_0060033,7.501402,8.701255
ISIC_0060094,3.6656253,7.276298
ISIC_0060096,5.9847927,3.1197314
ISIC_0060099,4.891929,7.6172166
ISIC_0060104,8.373265,7.5055003
ISIC_0060114,6.7960634,7.09414
ISIC_0060118,5.564219,8.172354
ISIC_0060140,5.8180385,3.4328496
ISIC_0060143,6.7022877,4.916424
ISIC_0060147,9.187087,5.340052
ISIC_0060150,9.528087,5.7332945
ISIC_0060153,6.2995105,3.1693888
ISIC_0060154,6.3604465,3.168326
ISIC_0060155,5.6119776,5.378615
ISIC_0060159,6.443337,7.5730762
ISIC_0060181,4.162885,5.675523
ISIC_0060194,4.2123666,4.8011127
ISIC_0060197,6.4977794,4.513498
ISIC_0060201,4.954945,3.855092
ISIC_0060212,4.4777813,7.7762775
ISIC_0060216,10.78541,7.306203
ISIC_0060218,4.8485665,6.799668
ISIC_0060219,6.940522,7.743938
ISIC_0060222,6.4089327,8.152813
ISIC_0060224,7.1981535,5.9191794
ISIC_0060233,11.098972,7.468157
ISIC_0060238,4.042616,7.0675244
ISIC_0060239,7.942966,8.595173
ISIC_0060244,4.1143923,6.732556
ISIC_0060248,5.634646,7.8897996
ISIC_0060266,3.6172414,7.0343785
ISIC_0060270,3.6194658,8.067851
ISIC_0060281,10.634096,7.707381
ISIC_0060297,4.6967196,6.972826
ISIC_0060307,7.8810487,4.5891542
ISIC_0060308,5.748581,6.6741323
ISIC_0060313,7.127506,5.4664817
ISIC_0060315,4.000681,8.204918
ISIC_0060326,3.6948142,7.1167393
ISIC_0060340,5.452258,3.6812282
ISIC_0060341,6.0070524,6.817005
ISIC_0060342,7.288167,6.7936096
ISIC_0060355,4.67714,8.002683
ISIC_0060367,4.2320056,3.8235514
ISIC_0060376,6.005826,3.5683365
ISIC_0060377,6.0668874,5.7431316
ISIC_0060380,4.4230604,7.447926
ISIC_0060386,6.3575954,7.734332
ISIC_0060393,6.3650103,5.8637433
ISIC_0060397,5.2553267,6.017901
ISIC_0060399,7.4831495,4.192142
ISIC_0060403,10.131779,6.459072
ISIC_0060428,9.08474,8.079542
ISIC_0060446,3.812562,7.1664715
ISIC_0060456,10.89674,7.4780216
ISIC_0060459,4.520553,6.901975
ISIC_0060465,6.1373262,8.126876
ISIC_0060487,8.226951,4.771318
ISIC_0060495,8.638012,6.8713355
ISIC_0060507,5.9973726,8.441466
ISIC_0060508,11.242094,7.0198894
ISIC_0060510,8.819505,5.769893
ISIC_0060511,9.4992485,6.941721
ISIC_0060525,10.373051,7.878396
ISIC_0060526,6.9878883,6.3327427
ISIC_0060528,9.219391,5.5929694
ISIC_0060537,4.6027303,5.7922783
ISIC_0060538,8.481265,6.866568
ISIC_0060548,6.9102445,6.3033686
ISIC_0060555,3.7434216,7.006546
ISIC_0060556,3.6334367,7.6447377
ISIC_0060559,6.588314,7.2197447
ISIC_0060577,4.3739,6.5662017
ISIC_0060583,5.854486,5.495205
ISIC_0060585,5.0952682,8.100682
ISIC_0060586,6.0223093,3.3509004
ISIC_0060589,7.8695264,5.0620084
ISIC_0060597,4.8159766,8.542827
ISIC_0060610,9.262259,6.9909735
ISIC_0060616,10.263723,6.465658
ISIC_0060624,6.6083846,6.0503845
ISIC_0060629,9.492217,7.3526616
ISIC_0060630,5.38791,5.658573
ISIC_0060654,6.461957,3.9832542
ISIC_0060660,11.142295,7.663588
ISIC_0060665,7.401964,7.386657
ISIC_0060671,5.4548006,6.942729
ISIC_0060672,7.0583515,5.469892
ISIC_0060676,3.7577403,6.0841603
ISIC_0060679,10.227796,8.009838
ISIC_0060681,5.145512,8.100856
ISIC_0060693,5.828638,5.64704
ISIC_0060698,4.6377873,5.0720453
ISIC_0060700,9.956784,7.5339317
ISIC_0060713,7.6157217,5.1052227
ISIC_0060717,5.0716968,8.811257
ISIC_0060718,5.974775,7.6693854
ISIC_0060727,7.114225,4.6447024
ISIC_0060728,6.3923693,3.1951811
ISIC_0060736,3.765067,7.431937
ISIC_0060741,11.248335,6.9184403
ISIC_0060744,10.339757,7.4428167
ISIC_0060751,6.130436,7.0648036
ISIC_0060752,5.3611307,4.170038
ISIC_0060760,10.252805,7.344556
ISIC_0060764,7.609769,8.155717
ISIC_0060773,3.9511719,6.51025
ISIC_0060795,8.659462,5.679541
ISIC_0060799,10.318694,6.361482
ISIC_0060827,3.273612,4.671431
ISIC_0060829,4.776794,3.6670563
ISIC_0060832,4.5838094,8.024216
ISIC_0060834,3.6253104,4.528031
ISIC_0060836,4.2749786,7.5843873
ISIC_0060845,4.8605433,7.923174
ISIC_0060873,3.936143,6.808387
ISIC_0060883,3.2282076,4.6993375
ISIC_0060886,3.277178,6.354151
ISIC_0060892,10.983787,7.752125
ISIC_0060893,7.775978,5.045368
ISIC_0060897,6.149681,5.8239584
ISIC_0060898,3.8968787,7.0835576
ISIC_0060911,6.327772,8.158987
ISIC_0060916,7.4551063,5.584725
ISIC_0060934,5.040474,6.221429
ISIC_0060936,5.4135857,5.2177653
ISIC_0060937,11.324794,7.2726846
ISIC_0060946,5.417399,4.7899084
ISIC_0060949,10.271725,8.174049
ISIC_0060955,4.3029,6.5567894
ISIC_0060965,8.261695,4.797095
ISIC_0060967,9.995481,8.987479
ISIC_0060968,7.4508963,8.953317
ISIC_0060969,4.1072373,7.5850186
ISIC_0060971,8.45097,4.7507806
ISIC_0060972,3.5055614,7.9711137
ISIC_0060978,10.03881,7.3756127
ISIC_0060979,9.976186,8.997443
ISIC_0060994,4.7485723,7.4674783
ISIC_0060999,7.621753,8.445101
ISIC_0061001,3.573055,5.9588223
ISIC_0061002,9.975208,8.965055
ISIC_0061003,8.903093,5.903039
ISIC_0061006,8.345337,7.684219
ISIC_0061008,3.518432,8.035237
ISIC_0061011,4.4547896,5.7231636
ISIC_0061021,6.0257497,3.2904608
ISIC_0061025,6.1115746,3.987014
ISIC_0061029,6.432186,3.6168098
ISIC_0061031,7.294583,5.500635
ISIC_0061032,3.7689722,7.205404
ISIC_0061034,6.031566,5.6342387
ISIC_0061045,6.3284545,7.563611
ISIC_0061049,4.996915,7.3952417
ISIC_0061052,10.222863,7.821283
ISIC_0061060,6.357472,6.553685
ISIC_0061066,4.1446877,7.95619
ISIC_0061067,11.267858,6.9422765
ISIC_0061070,7.0561776,7.4933596
ISIC_0061075,4.956606,7.4757013
ISIC_0061077,9.907474,8.062658
ISIC_0061078,7.3951035,3.92555
ISIC_0061079,7.126313,5.540457
ISIC_0061085,9.367067,5.8834243
ISIC_0061104,5.6564755,6.4888573
ISIC_0061108,6.8295746,8.963638
ISIC_0061112,5.500143,3.797121
ISIC_0061131,6.850864,8.534749
ISIC_0061141,6.8971586,8.992032
ISIC_0061152,5.1262426,8.029392
ISIC_0061155,11.149637,6.8268743
ISIC_0061158,11.187625,7.474728
ISIC_0061159,5.4286957,7.9247913
ISIC_0061166,8.855652,5.0382104
ISIC_0061183,7.8157744,5.080867
ISIC_0061185,4.8282323,6.0182657
ISIC_0061188,4.1964626,6.252988
ISIC_0061189,7.956953,6.7527
ISIC_0061191,4.2420974,7.4893575
ISIC_0061194,6.3771024,4.0441484
ISIC_0061195,4.4030757,6.8561273
ISIC_0061200,8.6065445,5.3239036
ISIC_0061224,10.406662,5.769317
ISIC_0061231,4.6869187,7.9514117
ISIC_0061244,9.765316,8.085597
ISIC_0061250,9.98212,9.008052
ISIC_0061252,5.6912284,7.822587
ISIC_0061257,3.5331576,6.004359
ISIC_0061261,5.405306,5.1544914
ISIC_0061279,4.2004313,3.9615953
ISIC_0061281,5.376477,5.280329
ISIC_0061297,4.429033,4.9865694
ISIC_0061300,10.282102,6.67487
ISIC_0061315,9.409508,6.256849
ISIC_0061320,3.52005,5.516334
ISIC_0061323,9.19369,7.0676703
ISIC_0061333,11.35401,6.9972563
ISIC_0061334,9.036351,6.9742885
ISIC_0061336,5.3710284,7.02492
ISIC_0061345,5.1320224,3.8650331
ISIC_0061355,8.245167,5.71944
ISIC_0061359,6.0231376,5.6818337
ISIC_0061362,3.554049,4.7311635
ISIC_0061366,5.32589,8.361552
ISIC_0061369,10.929675,6.6952014
ISIC_0061371,5.9314847,4.4942408
ISIC_0061377,4.1640587,5.6260705
ISIC_0061380,3.3556228,6.1094437
ISIC_0061382,3.8621285,8.280445
ISIC_0061393,8.103053,5.052399
ISIC_0061407,3.5142214,8.02604
ISIC_0061411,7.989146,4.791375
ISIC_0061418,5.4497366,7.537069
ISIC_0061424,8.6166725,5.068136
ISIC_0061432,5.689045,7.2650433
ISIC_0061434,3.878759,8.078613
ISIC_0061441,5.364795,7.914586
ISIC_0061446,3.4492574,7.37709
ISIC_0061447,9.035656,9.193361
ISIC_0061448,4.3212886,3.8017905
ISIC_0061454,8.37768,4.9275556
ISIC_0061463,4.20009,5.7472625
ISIC_0061466,5.4196224,8.324184
ISIC_0061469,8.015297,4.8317027
ISIC_0061475,4.490086,6.6326737
ISIC_0061479,5.4202576,3.6454632
ISIC_0061485,5.2207546,8.010218
ISIC_0061491,4.183292,5.2055526
ISIC_0061494,5.8739605,4.961285
ISIC_0061496,7.512207,5.2792697
ISIC_0061502,8.189205,7.0076337
ISIC_0061508,8.42066,7.4002333
ISIC_0061516,5.790245,3.9241521
ISIC_0061518,11.0119505,7.4348426
ISIC_0061520,4.589027,5.013373
ISIC_0061529,8.16087,6.1831393
ISIC_0061532,5.065251,3.8734832
ISIC_0061533,9.995158,8.81609
ISIC_0061547,8.407862,5.398865
ISIC_0061549,6.3250027,7.398479
ISIC_0061553,5.946913,5.265327
ISIC_0061554,7.5205274,6.7693214
ISIC_0061556,5.5042257,6.43091
ISIC_0061559,7.625771,7.205979
ISIC_0061566,10.198986,5.878389
ISIC_0061568,4.4554224,8.253615
ISIC_0061573,5.471501,7.2600513
ISIC_0061575,9.282543,8.23508
ISIC_0061580,7.7546587,7.2552238
ISIC_0061581,7.467375,7.450841
ISIC_0061583,8.595773,8.314068
ISIC_0061585,11.011783,7.1912026
ISIC_0061592,6.4929786,4.225313
ISIC_0061595,3.5665538,7.796831
ISIC_0061608,6.9247127,5.9724283
ISIC_0061619,10.681149,5.8468533
ISIC_0061623,3.6847928,7.909202
ISIC_0061624,5.2273307,6.576498
ISIC_0061625,6.7349358,4.2297554
ISIC_0061629,9.919112,7.981176
ISIC_0061630,4.427176,5.279468
ISIC_0061633,7.22646,5.6499596
ISIC_0061644,4.4081583,3.960266
ISIC_0061656,5.4261503,5.8865457
ISIC_0061660,3.7709234,8.236214
ISIC_0061664,3.4849524,6.304653
ISIC_0061670,5.318834,4.603644
ISIC_0061680,5.367934,6.91643
ISIC_0061684,5.205264,8.297009
ISIC_0061685,8.413399,6.452029
ISIC_0061699,4.11956,5.1140747
ISIC_0061701,5.967061,3.9664502
ISIC_0061705,8.246781,8.259455
ISIC_0061710,4.113106,5.9898458
ISIC_0061713,3.6263592,8.10807
ISIC_0061715,4.5362964,4.73201
ISIC_0061735,11.156225,6.9278646
ISIC_0061741,4.024308,7.8530855
ISIC_0061756,3.6500843,6.881173
ISIC_0061761,6.615164,5.2435555
ISIC_0061770,3.9845827,7.433945
ISIC_0061773,7.892396,7.460643
ISIC_0061775,8.461453,9.0511675
ISIC_0061782,10.253393,7.743026
ISIC_0061798,7.577553,5.207179
ISIC_0061799,5.1763153,3.5620651
ISIC_0061812,10.3058815,7.7669024
ISIC_0061829,5.825224,6.509289
ISIC_0061831,5.0285473,8.094832
ISIC_0061833,6.2773175,3.2749624
ISIC_0061848,3.5998547,7.806112
ISIC_0061870,4.968203,7.3843393
ISIC_0061880,11.129333,6.905137
ISIC_0061884,11.017015,6.0694113
ISIC_0061885,9.096639,6.719164
ISIC_0061886,9.95306,7.093738
ISIC_0061890,7.3648067,5.790202
ISIC_0061894,5.067069,4.189513
ISIC_0061895,3.752567,7.149977
ISIC_0061900,4.0417795,5.841545
ISIC_0061911,3.6223183,7.8829374
ISIC_0061912,6.6937456,6.311655
ISIC_0061915,4.511287,4.1478786
ISIC_0061916,7.8021417,7.185701
ISIC_0061918,4.1275163,7.378982
ISIC_0061922,4.695546,7.0510635
ISIC_0061926,10.994047,7.173827
ISIC_0061928,5.007646,4.4042773
ISIC_0061944,5.475922,6.6854153
ISIC_0061945,9.96377,5.6363916
ISIC_0061950,3.7079968,5.752285
ISIC_0061953,4.69139,7.2452908
ISIC_0061954,3.670017,8.1026535
ISIC_0061969,7.0658855,5.896656
ISIC_0061971,7.004651,4.901206
ISIC_0061982,7.635703,5.17332
ISIC_0062000,4.7134914,6.960456
ISIC_0062005,6.8753867,7.2935305
ISIC_0062010,9.139622,5.7059
ISIC_0062016,6.6734343,4.888292
ISIC_0062031,3.6708615,4.4943256
ISIC_0062042,5.068786,8.344264
ISIC_0062063,6.9805903,8.437127
ISIC_0062064,9.778746,7.0361066
ISIC_0062077,10.772162,7.1096687
ISIC_0062084,4.8093243,6.057567
ISIC_0062099,4.0501175,8.199452
ISIC_0062102,3.742298,4.592111
ISIC_0062103,10.112621,6.6244564
ISIC_0062111,6.893771,7.7053633
ISIC_0062112,4.3286448,7.7114587
ISIC_0062114,5.646763,6.8684497
ISIC_0062122,8.757219,4.884461
ISIC_0062125,6.8564343,4.353977
ISIC_0062133,4.663354,4.751584
ISIC_0062138,3.8956468,6.738715
ISIC_0062149,8.238237,5.3790402
ISIC_0062152,7.266447,5.5339537
ISIC_0062154,7.118081,5.6646132
ISIC_0062155,7.276308,6.2806296
ISIC_0062158,9.942981,8.021008
ISIC_0062160,4.519374,8.246891
ISIC_0062161,9.627388,8.275848
ISIC_0062162,7.71272,5.310078
ISIC_0062163,5.1277714,5.500796
ISIC_0062171,4.9755073,8.004941
ISIC_0062176,3.9517717,7.792427
ISIC_0062183,10.620458,7.5421133
ISIC_0062203,9.192309,5.165328
ISIC_0062206,8.21462,6.0057683
ISIC_0062208,5.744577,6.6231127
ISIC_0062211,4.4182057,4.899262
ISIC_0062213,8.598334,9.034855
ISIC_0062220,6.067547,5.086017
ISIC_0062235,10.10583,6.4162602
ISIC_0062239,3.6635444,8.114358
ISIC_0062241,9.464476,6.1819067
ISIC_0062242,7.059564,5.252471
ISIC_0062248,5.0068464,7.945555
ISIC_0062251,10.327105,7.117871
ISIC_0062256,10.0033655,7.9261947
ISIC_0062260,5.3157153,3.7406147
ISIC_0062266,3.9464517,5.400795
ISIC_0062269,8.835758,8.941198
ISIC_0062273,6.507726,6.8274875
ISIC_0062280,8.240378,5.970453
ISIC_0062286,9.941323,8.670196
ISIC_0062296,6.333226,8.589626
ISIC_0062298,4.5622077,7.891847
ISIC_0062301,5.252876,8.441853
ISIC_0062318,3.5907717,8.0143175
ISIC_0062323,4.8114233,6.7804375
ISIC_0062325,4.2740955,5.0113363
ISIC_0062340,3.6119633,5.989895
ISIC_0062350,8.049702,7.5067143
ISIC_0062359,5.9535966,4.593628
ISIC_0062381,9.04462,6.9543734
ISIC_0062382,8.268815,5.127825
ISIC_0062389,10.361871,7.8787146
ISIC_0062401,3.7076566,7.7503524
ISIC_0062407,8.7561865,8.852972
ISIC_0062423,4.9266095,3.603537
ISIC_0062425,6.079624,8.166114
ISIC_0062434,7.1491437,5.684627
ISIC_0062447,6.5388675,5.0180225
ISIC_0062453,8.595185,8.518034
ISIC_0062454,5.5325804,3.3745103
ISIC_0062457,3.6139295,6.853398
ISIC_0062458,11.035368,6.834001
ISIC_0062463,3.8401465,7.276753
ISIC_0062468,5.3169117,7.5017285
ISIC_0062471,7.8845005,4.858214
ISIC_0062474,5.7165837,7.867418
ISIC_0062477,4.9313545,7.202591
ISIC_0062478,4.7726135,4.4553676
ISIC_0062481,11.132815,7.2306795
ISIC_0062497,7.7453046,7.274836
ISIC_0062505,4.180272,7.891868
ISIC_0062509,6.0065312,7.698082
ISIC_0062515,4.7542844,5.936638
ISIC_0062517,5.1737547,6.7198296
ISIC_0062523,7.890137,6.48635
ISIC_0062524,9.975681,5.6311245
ISIC_0062525,6.5198727,8.742116
ISIC_0062530,5.3401585,4.9008427
ISIC_0062531,6.605226,6.410707
ISIC_0062536,7.6992216,5.2143936
ISIC_0062539,4.6054597,5.055895
ISIC_0062547,5.4208927,6.5860834
ISIC_0062551,5.2148795,8.38387
ISIC_0062559,6.526235,4.848394
ISIC_0062562,8.563655,7.894861
ISIC_0062589,6.838302,4.7729454
ISIC_0062596,3.7196953,7.5116377
ISIC_0062602,7.255547,5.0819564
ISIC_0062606,6.7537284,6.001603
ISIC_0062626,3.9988425,7.562629
ISIC_0062628,4.6835003,7.7605286
ISIC_0062632,5.15805,4.920611
ISIC_0062633,7.4500937,4.210453
ISIC_0062636,6.457885,3.6893373
ISIC_0062639,6.719032,8.955946
ISIC_0062642,8.1951685,8.236302
ISIC_0062649,5.9743533,8.2456255
ISIC_0062674,3.7191925,6.033802
ISIC_0062681,7.5516114,4.579934
ISIC_0062684,5.423874,5.1233053
ISIC_0062688,5.234481,5.738143
ISIC_0062690,3.892106,6.295069
ISIC_0062700,5.575689,6.705847
ISIC_0062702,10.235617,7.308617
ISIC_0062708,4.1435533,5.534591
ISIC_0062709,10.422562,7.129111
ISIC_0062712,10.28433,7.8771753
ISIC_0062716,3.8711948,5.7755117
ISIC_0062721,4.0823536,5.6620984
ISIC_0062723,4.0478296,7.5026436
ISIC_0062724,6.8966527,6.154699
ISIC_0062734,10.394413,7.643257
ISIC_0062736,7.2489347,5.3381095
ISIC_0062762,9.913764,7.121912
ISIC_0062765,5.0711823,8.136643
ISIC_0062770,7.871197,8.250286
ISIC_0062780,7.8951674,5.8537364
ISIC_0062792,5.7815514,6.1967916
ISIC_0062806,6.845135,4.607731
ISIC_0062809,7.0865316,4.4570575
ISIC_0062816,10.00338,8.306827
ISIC_0062821,8.821065,5.03932
ISIC_0062827,5.133194,8.402021
ISIC_0062832,3.8567212,7.6508355
ISIC_0062841,6.087531,6.6543064
ISIC_0062844,5.2375083,7.93797
ISIC_0062869,9.124441,7.674165
ISIC_0062879,6.8421736,4.868743
ISIC_0062891,11.3603945,7.1435366
ISIC_0062912,10.733928,7.987033
ISIC_0062922,6.4234705,5.957016
ISIC_0062925,5.538969,7.056268
ISIC_0062935,3.8321311,7.419547
ISIC_0062944,5.447424,7.8076096
ISIC_0062948,5.922586,3.8529713
ISIC_0062952,9.798177,8.291305
ISIC_0062954,3.452278,7.311012
ISIC_0062957,9.084098,9.291906
ISIC_0062970,5.280443,7.7956185
ISIC_0062978,7.989717,5.0877423
ISIC_0062983,5.3395514,5.2611265
ISIC_0062985,3.5898619,6.301705
ISIC_0062991,11.306374,7.34838
ISIC_0062992,6.095483,7.398769
ISIC_0062994,7.594987,6.6029706
ISIC_0062998,5.234558,4.1075644
ISIC_0063018,5.7748537,8.343059
ISIC_0063026,8.719642,6.246531
ISIC_0063027,8.844876,8.129526
ISIC_0063032,3.7572937,6.0100775
ISIC_0063046,5.541374,3.697312
ISIC_0063056,4.714842,7.9874544
ISIC_0063058,9.35541,6.508554
ISIC_0063060,7.1928973,6.4851723
ISIC_0063070,6.9779115,5.2500296
ISIC_0063072,3.3243933,6.243561
ISIC_0063077,11.204709,7.187758
ISIC_0063081,11.027067,7.10825
ISIC_0063087,8.806223,4.8718953
ISIC_0063102,7.0912404,7.5220857
ISIC_0063103,10.7186,7.027505
ISIC_0063109,6.724581,4.2277503
ISIC_0063114,5.5218515,8.798838
ISIC_0063124,6.9757442,7.8818803
ISIC_0063125,6.5241327,5.1315427
ISIC_0063130,7.519215,5.9108787
ISIC_0063131,8.762727,6.1498237
ISIC_0063143,3.9628158,7.041821
ISIC_0063148,3.6060646,7.268628
ISIC_0063151,6.4620514,6.6657114
ISIC_0063168,4.9872446,8.438667
ISIC_0063169,5.8412027,7.497404
ISIC_0063172,10.349065,7.9582534
ISIC_0063174,6.8739977,7.8101044
ISIC_0063180,9.4789505,8.262334
ISIC_0063181,10.519979,7.5072455
ISIC_0063182,10.786473,7.0210648
ISIC_0063190,7.9463387,8.42756
ISIC_0063191,6.264304,3.2189395
ISIC_0063198,4.7764783,5.974798
ISIC_0063202,7.4167733,7.867621
ISIC_0063207,6.707265,6.8195376
ISIC_0063216,5.916143,5.9295344
ISIC_0063222,8.91271,6.423168
ISIC_0063225,8.574633,8.10813
ISIC_0063228,7.161687,5.3412805
ISIC_0063233,8.594135,4.9895587
ISIC_0063234,8.77753,6.0617743
ISIC_0063240,7.413976,8.815972
ISIC_0063241,8.788912,8.159302
ISIC_0063258,6.313255,4.4152107
ISIC_0063264,3.8028898,7.5835657
ISIC_0063266,6.8150935,4.427035
ISIC_0063268,5.4596653,6.7195597
ISIC_0063271,4.7688317,6.564063
ISIC_0063288,7.7504463,6.1103864
ISIC_0063292,5.1049395,8.434366
ISIC_0063300,6.3957615,5.141722
ISIC_0063302,3.4775827,8.057886
ISIC_0063305,4.420734,3.769174
ISIC_0063318,3.8894656,7.229079
ISIC_0063334,5.8042283,6.2574973
ISIC_0063345,6.671415,4.798835
ISIC_0063349,5.68508,8.524589
ISIC_0063360,4.4471416,3.7188964
ISIC_0063362,10.971651,7.8398857
ISIC_0063369,7.6008663,5.8402133
ISIC_0063373,4.6974473,5.4239783
ISIC_0063392,7.504009,5.990271
ISIC_0063394,7.6043863,6.0820136
ISIC_0063410,3.7680528,6.16378
ISIC_0063414,10.329571,6.1080465
ISIC_0063425,9.895861,8.234566
ISIC_0063437,8.700654,5.7404203
ISIC_0063443,5.2258525,7.72654
ISIC_0063445,10.785499,7.54738
ISIC_0063447,3.4603121,8.029271
ISIC_0063450,7.719349,6.2614045
ISIC_0063456,5.5461135,7.850811
ISIC_0063464,9.945849,5.9681945
ISIC_0063467,7.8922057,8.027811
ISIC_0063469,5.8847127,6.814063
ISIC_0063470,3.4564466,6.215198
ISIC_0063475,5.589583,5.527485
ISIC_0063480,8.085034,4.835174
ISIC_0063481,5.8384423,3.5697544
ISIC_0063493,4.8357778,7.01713
ISIC_0063496,7.527286,7.981934
ISIC_0063505,7.005494,5.2471356
ISIC_0063521,10.649203,6.4628587
ISIC_0063528,3.9575236,7.6751165
ISIC_0063537,6.997228,6.70588
ISIC_0063541,3.3320084,7.0027494
ISIC_0063551,3.921921,7.5972266
ISIC_0063566,4.7650075,5.323102
ISIC_0063578,5.658631,7.3400607
ISIC_0063601,6.3898277,4.083185
ISIC_0063617,5.2293277,3.598167
ISIC_0063623,8.239469,5.391033
ISIC_0063625,7.6253633,5.29027
ISIC_0063634,10.228997,6.294981
ISIC_0063636,3.5972295,7.9756975
ISIC_0063641,4.7360835,4.6337724
ISIC_0063654,7.0627384,8.630318
ISIC_0063655,9.41773,6.2270336
ISIC_0063660,7.8458257,6.6624575
ISIC_0063664,9.913821,6.9018407
ISIC_0063675,6.4035296,5.2080736
ISIC_0063679,11.15398,6.841451
ISIC_0063680,8.234798,6.3694906
ISIC_0063687,5.766502,7.8887067
ISIC_0063690,3.5583947,7.2389197
ISIC_0063691,6.4612856,6.032529
ISIC_0063692,6.4876423,3.9942207
ISIC_0063693,7.3220534,3.9979866
ISIC_0063695,7.079504,5.8219957
ISIC_0063704,6.3735733,3.600747
ISIC_0063715,7.7364125,8.869982
ISIC_0063723,6.1169806,8.403011
ISIC_0063724,6.733924,6.1933656
ISIC_0063727,5.664797,5.39944
ISIC_0063732,5.062582,4.321675
ISIC_0063742,8.553221,9.040297
ISIC_0063748,3.7780318,7.9240007
ISIC_0063750,8.578628,8.537765
ISIC_0063757,6.546629,8.312205
ISIC_0063759,4.500116,6.1552157
ISIC_0063769,5.2888403,8.377536
ISIC_0063775,5.3606277,8.09785
ISIC_0063788,8.777177,6.260967
ISIC_0063793,7.5872436,5.07336
ISIC_0063795,4.5013323,3.9409082
ISIC_0063811,5.5554824,5.505767
ISIC_0063824,6.0130396,3.2946248
ISIC_0063829,7.7964945,4.592721
ISIC_0063830,5.390871,5.4790883
ISIC_0063839,10.8136215,5.857158
ISIC_0063842,5.035391,8.444339
ISIC_0063845,10.381816,7.480935
ISIC_0063852,9.078336,7.6527696
ISIC_0063870,9.039016,7.2605147
ISIC_0063871,3.420115,7.244469
ISIC_0063872,5.6975303,3.8690362
ISIC_0063873,3.821265,7.2809043
ISIC_0063881,3.683025,6.49513
ISIC_0063885,7.6187506,5.0740356
ISIC_0063887,3.7203648,6.0946627
ISIC_0063897,4.368818,5.872748
ISIC_0063908,4.143288,5.184007
ISIC_0063912,6.3220043,5.6070395
ISIC_0063915,7.404631,5.2799373
ISIC_0063926,4.1738744,4.2893915
ISIC_0063937,6.2398105,5.215781
ISIC_0063945,6.778849,4.3986034
ISIC_0063946,10.692837,6.6006594
ISIC_0063950,8.486463,8.273949
ISIC_0063958,5.952598,4.791521
ISIC_0063960,10.368713,8.145212
ISIC_0063973,5.2615504,8.213598
ISIC_0063980,3.5959082,6.0381126
ISIC_0063981,5.0346584,3.5409515
ISIC_0063988,7.835032,8.191136
ISIC_0064006,6.47085,3.9956949
ISIC_0064014,5.2913847,8.236104
ISIC_0064023,7.138124,8.405314
ISIC_0064033,4.9264097,3.6579053
ISIC_0064034,8.08989,5.483854
ISIC_0064054,6.563648,3.0818107
ISIC_0064056,8.318206,8.528121
ISIC_0064058,3.843681,6.44747
ISIC_0064060,10.470807,7.8912315
ISIC_0064062,6.7155323,8.317664
ISIC_0064072,9.215896,8.560796
ISIC_0064073,11.0107975,6.124943
ISIC_0064079,7.4489517,8.877417
ISIC_0064080,8.674346,5.9394455
ISIC_0064082,6.382712,7.171106
ISIC_0064100,8.512201,6.7949963
ISIC_0064102,6.8073545,8.037983
ISIC_0064110,7.643619,7.9159675
ISIC_0064114,7.68211,5.1086397
ISIC_0064116,11.370819,7.305675
ISIC_0064120,3.545889,7.917262
ISIC_0064122,3.8168533,5.947029
ISIC_0064129,6.521611,3.6256793
ISIC_0064130,9.3034115,5.624316
ISIC_0064134,9.727207,5.396994
ISIC_0064141,6.7346396,4.8775907
ISIC_0064152,3.6502776,6.987822
ISIC_0064157,5.427044,5.4464016
ISIC_0064167,4.2293515,5.86906
ISIC_0064174,7.4895425,5.690638
ISIC_0064180,4.1822433,5.2961783
ISIC_0064195,6.8807116,7.7731433
ISIC_0064201,10.910102,7.852027
ISIC_0064204,4.896137,4.167953
ISIC_0064209,7.4910073,5.1200657
ISIC_0064212,4.512293,5.3353453
ISIC_0064229,9.805294,5.77703
ISIC_0064240,4.650571,7.6091685
ISIC_0064246,5.750858,7.2229886
ISIC_0064247,3.5764315,7.499971
ISIC_0064261,10.720868,6.2964993
ISIC_0064266,5.4105096,8.089462
ISIC_0064268,3.8904214,6.4638195
ISIC_0064270,3.6110685,8.189183
ISIC_0064272,4.1903687,7.773603
ISIC_0064276,8.795491,7.9817786
ISIC_0064279,7.123455,7.1451964
ISIC_0064281,7.1340337,6.2020006
ISIC_0064294,8.291537,4.9537115
ISIC_0064297,8.303433,5.5575294
ISIC_0064298,4.7445617,6.91732
ISIC_0064307,5.875506,7.968222
ISIC_0064317,11.092786,6.9475956
ISIC_0064320,7.8099103,8.136511
ISIC_0064321,4.3537917,6.7221923
ISIC_0064328,7.4634986,6.0065312
ISIC_0064337,10.983572,7.2607093
ISIC_0064339,5.3284698,5.2673993
ISIC_0064344,10.751037,8.228918
ISIC_0064360,8.982061,6.0327644
ISIC_0064361,4.295658,5.4502506
ISIC_0064369,3.6884758,8.158841
ISIC_0064376,7.1636567,5.346837
ISIC_0064393,7.2135954,5.3382454
ISIC_0064406,8.805877,6.266511
ISIC_0064411,3.6540134,7.3332257
ISIC_0064419,9.5753355,7.7410445
ISIC_0064427,5.746045,3.589799
ISIC_0064428,3.5565307,6.7778616
ISIC_0064436,3.7078168,6.6214733
ISIC_0064444,4.1580315,4.276643
ISIC_0064455,10.890162,6.6859174
ISIC_0064463,10.43104,5.667357
ISIC_0064465,4.7754984,7.825906
ISIC_0064472,10.9113245,7.1123824
ISIC_0064476,8.281693,8.550035
ISIC_0064481,4.6055756,4.6374207
ISIC_0064483,5.7176013,3.8121915
ISIC_0064498,3.8481636,7.9235826
ISIC_0064507,6.4417686,4.8495007
ISIC_0064515,4.0905437,7.1226387
ISIC_0064517,6.439942,7.106472
ISIC_0064530,3.845691,6.8079553
ISIC_0064531,4.698456,3.8471327
ISIC_0064534,4.927583,4.392405
ISIC_0064538,9.146683,5.2642207
ISIC_0064550,5.591041,4.7546296
ISIC_0064559,5.193003,8.408525
ISIC_0064569,5.0981784,3.691011
ISIC_0064575,6.7528343,8.432157
ISIC_0064581,6.58772,5.101946
ISIC_0064585,10.201044,8.863217
ISIC_0064589,3.840858,6.208473
ISIC_0064592,5.842375,3.7689834
ISIC_0064606,4.9309726,8.3683
ISIC_0064611,7.9710693,8.426775
ISIC_0064619,5.97026,5.1207438
ISIC_0064623,8.346977,6.678004
ISIC_0064632,8.125787,7.5278234
ISIC_0064633,6.024974,7.7116704
ISIC_0064645,4.032414,5.7743697
ISIC_0064646,4.4082975,7.0950904
ISIC_0064656,8.197293,8.737983
ISIC_0064660,7.863301,5.6912518
ISIC_0064667,3.818589,4.664198
ISIC_0064668,7.791376,6.053144
ISIC_0064672,8.17432,7.938958
ISIC_0064676,7.8059454,6.300659
ISIC_0064686,6.3055124,8.15863
ISIC_0064689,8.240245,5.2913446
ISIC_0064692,6.390969,3.601635
ISIC_0064693,6.9507065,7.7938557
ISIC_0064694,5.0793605,3.7736115
ISIC_0064721,9.31582,4.933835
ISIC_0064730,3.7993793,5.8888087
ISIC_0064732,4.918197,4.5945644
ISIC_0064739,4.6678367,7.878392
ISIC_0064742,6.9792657,6.8156395
ISIC_0064752,4.2137337,4.2808843
ISIC_0064759,3.5905812,7.033648
ISIC_0064784,7.027847,8.930158
ISIC_0064800,6.5277576,5.5820966
ISIC_0064804,7.6578045,7.8668485
ISIC_0064816,6.2240524,5.825227
ISIC_0064821,8.555728,7.2323747
ISIC_0064822,8.031272,8.515679
ISIC_0064823,5.782064,7.5040307
ISIC_0064825,7.4771724,5.616811
ISIC_0064829,4.43082,5.0438185
ISIC_0064835,11.019188,7.272234
ISIC_0064836,8.865832,5.0612273
ISIC_0064840,10.705956,7.3151264
ISIC_0064849,4.361882,4.081171
ISIC_0064860,8.38652,7.2752786
ISIC_0064868,9.551146,7.6988764
ISIC_0064874,10.291988,6.954912
ISIC_0064875,4.571497,7.9823594
ISIC_0064881,10.246587,8.180913
ISIC_0064887,6.0939584,6.577205
ISIC_0064905,3.756967,7.6095853
ISIC_0064907,6.8901243,6.1493907
ISIC_0064909,3.5554595,6.2175384
ISIC_0064910,7.5265446,5.503342
ISIC_0064919,4.133846,6.012707
ISIC_0064921,6.1341114,7.8378487
ISIC_0064925,4.6977577,7.8179393
ISIC_0064926,5.7161264,3.2965086
ISIC_0064927,9.934825,6.6628323
ISIC_0064929,8.800092,8.939371
ISIC_0064933,4.470578,6.8524714
ISIC_0064936,8.31965,8.703307
ISIC_0064941,4.581283,7.803342
ISIC_0064943,4.2198153,6.080692
ISIC_0064949,3.563785,6.8028064
ISIC_0064965,8.566831,8.299937
ISIC_0064982,10.838436,7.9885116
ISIC_0064983,7.274963,5.643112
ISIC_0064986,5.55805,3.8369136
ISIC_0064990,4.2818527,3.818444
ISIC_0064992,8.936331,5.3758316
ISIC_0064993,9.870717,5.4415936
ISIC_0064997,5.6591625,8.028079
ISIC_0065001,6.9099026,7.904472
ISIC_0065008,3.764995,8.162756
ISIC_0065013,5.5705605,7.8595157
ISIC_0065022,7.4512753,5.4400806
ISIC_0065023,9.084465,6.0196233
ISIC_0065025,5.826522,5.4709616
ISIC_0065026,6.2694116,3.9731503
ISIC_0065036,5.6579585,7.3197203
ISIC_0065039,11.3201685,6.9509263
ISIC_0065046,5.690383,8.19216
ISIC_0065057,5.2312884,6.518341
ISIC_0065059,3.3305852,7.145217
ISIC_0065066,4.2598453,7.7495313
ISIC_0065099,4.6627574,7.528638
ISIC_0065100,7.7002344,5.141498
ISIC_0065106,4.0097427,7.2551594
ISIC_0065109,5.077354,8.121607
ISIC_0065128,6.169893,3.8498502
ISIC_0065132,9.616199,7.6584187
ISIC_0065142,8.107643,5.814941
ISIC_0065159,6.190884,7.50646
ISIC_0065168,5.8698993,6.3971004
ISIC_0065171,11.131894,7.0682073
ISIC_0065173,5.8735256,3.788334
ISIC_0065186,9.558203,5.360112
ISIC_0065191,4.873708,6.9859343
ISIC_0065192,8.639141,5.6761675
ISIC_0065195,6.6713977,4.2129016
ISIC_0065206,10.964355,7.664593
ISIC_0065210,6.8180485,7.8080826
ISIC_0065213,3.3934562,7.7000375
ISIC_0065215,3.9343383,7.4415507
ISIC_0065230,6.8785396,7.451055
ISIC_0065235,4.508714,5.2824154
ISIC_0065236,7.438034,6.429344
ISIC_0065248,10.006591,8.844244
ISIC_0065253,6.863405,7.9160166
ISIC_0065265,10.217591,8.103489
ISIC_0065267,4.893824,7.058263
ISIC_0065278,5.537562,5.234674
ISIC_0065283,8.549649,9.028341
ISIC_0065305,8.14748,7.915751
ISIC_0065307,5.388941,7.032981
ISIC_0065311,6.413379,5.12512
ISIC_0065313,5.9452834,4.0436006
ISIC_0065315,9.300014,5.5043488
ISIC_0065341,7.3389635,6.6513505
ISIC_0065347,7.375761,7.2069716
ISIC_0065351,9.977137,6.3813353
ISIC_0065363,4.3111043,6.6225386
ISIC_0065367,5.581851,3.5862424
ISIC_0065379,3.4209116,6.889377
ISIC_0065382,5.597111,7.704201
ISIC_0065398,9.553613,7.289121
ISIC_0065402,8.607281,6.3488045
ISIC_0065408,11.061733,7.101136
ISIC_0065417,2.9135191,4.927223
ISIC_0065431,6.268948,5.1916327
ISIC_0065434,7.5213156,5.6822724
ISIC_0065443,7.5042586,8.238565
ISIC_0065446,9.242004,6.116982
ISIC_0065448,7.9956136,6.5278273
ISIC_0065449,4.7879567,3.7173593
ISIC_0065463,6.3648343,7.1163645
ISIC_0065477,8.287534,8.63434
ISIC_0065507,4.768485,4.4509335
ISIC_0065512,4.156718,5.534987
ISIC_0065513,5.782437,3.1973197
ISIC_0065516,5.105548,8.227637
ISIC_0065518,6.4537306,8.738239
ISIC_0065521,7.562834,5.204046
ISIC_0065523,3.8889995,7.6735663
ISIC_0065525,8.013453,6.5348268
ISIC_0065531,9.985162,8.216527
ISIC_0065532,9.125394,8.252739
ISIC_0065533,5.5701118,3.9104702
ISIC_0065535,4.428172,5.0029197
ISIC_0065539,5.746566,5.5255284
ISIC_0065571,8.279245,8.030042
ISIC_0065576,7.7843866,5.0302153
ISIC_0065577,11.143119,6.33443
ISIC_0065582,4.191647,8.15612
ISIC_0065590,11.135418,6.8854322
ISIC_0065597,7.064494,5.374349
ISIC_0065598,10.182635,6.901609
ISIC_0065615,6.0797706,3.3680632
ISIC_0065618,4.072404,7.235147
ISIC_0065622,3.6954014,7.785208
ISIC_0065627,4.7573566,3.8206284
ISIC_0065644,3.621174,5.7332644
ISIC_0065655,3.8276913,6.2449164
ISIC_0065658,5.5834255,3.4038217
ISIC_0065668,6.1403975,3.1827788
ISIC_0065671,8.391418,5.1440873
ISIC_0065675,8.760092,6.984244
ISIC_0065694,5.007043,7.126516
ISIC_0065697,6.878847,5.870239
ISIC_0065698,4.622298,3.8353555
ISIC_0065709,3.6743085,7.2033553
ISIC_0065714,6.584328,8.462544
ISIC_0065727,6.8250647,6.7686143
ISIC_0065740,6.5343485,5.081153
ISIC_0065742,6.2025437,6.7124395
ISIC_0065746,5.6276956,3.945416
ISIC_0065748,3.810291,4.421571
ISIC_0065760,4.8697,4.4525776
ISIC_0065767,4.4624844,6.2890897
ISIC_0065774,4.5708127,7.506543
ISIC_0065775,3.8809376,7.1199036
ISIC_0065781,9.593305,8.43049
ISIC_0065786,8.973188,5.0753694
ISIC_0065788,6.4083543,8.16249
ISIC_0065801,8.571848,4.680416
ISIC_0065806,4.8471403,7.1637077
ISIC_0065807,8.466135,5.327261
ISIC_0065813,6.262823,4.2285476
ISIC_0065823,8.677909,5.9979725
ISIC_0065825,4.36619,6.369487
ISIC_0065843,5.49947,7.112582
ISIC_0065853,10.324886,6.9266915
ISIC_0065858,4.3440027,6.3369613
ISIC_0065869,6.024846,7.426733
ISIC_0065870,11.071717,7.7508135
ISIC_0065872,5.486143,8.457578
ISIC_0065889,8.3402605,7.779958
ISIC_0065895,4.3709,5.147805
ISIC_0065904,4.1166615,7.5672865
ISIC_0065918,9.255665,5.677337
ISIC_0065927,10.388425,6.4890676
ISIC_0065928,3.8564773,7.5577097
ISIC_0065932,5.5399895,6.154358
ISIC_0065943,7.816068,6.30104
ISIC_0065944,4.99113,5.286231
ISIC_0065945,10.232709,8.719832
ISIC_0065961,8.57682,7.243354
ISIC_0065969,5.931471,7.5476184
ISIC_0065974,4.4888873,7.410333
ISIC_0065997,3.4226115,6.2640467
ISIC_0066001,7.4407253,5.639329
ISIC_0066019,3.7852042,5.706367
ISIC_0066047,9.963784,8.075129
ISIC_0066058,3.8696373,6.4557548
ISIC_0066061,3.6095712,7.9037557
ISIC_0066066,6.0741587,7.825425
ISIC_0066069,7.036657,6.169938
ISIC_0066075,6.348106,4.442651
ISIC_0066085,10.43581,5.8376393
ISIC_0066093,8.967859,4.983448
ISIC_0066094,4.242307,7.931823
ISIC_0066098,5.8744693,5.560998
ISIC_0066101,5.2501135,4.034278
ISIC_0066102,4.234369,6.8456635
ISIC_0066106,8.12295,8.693054
ISIC_0066109,11.363114,7.2456584
ISIC_0066116,9.205855,6.6671515
ISIC_0066124,5.821064,7.127692
ISIC_0066127,7.9517317,8.159849
ISIC_0066136,7.358933,8.320774
ISIC_0066143,8.948753,8.891131
ISIC_0066146,3.9965534,6.187671
ISIC_0066154,6.64408,4.1830616
ISIC_0066161,5.879017,6.7478976
ISIC_0066165,10.574497,7.076363
ISIC_0066181,7.1707654,5.42665
ISIC_0066185,3.4050338,6.6443043
ISIC_0066191,4.747242,4.5868783
ISIC_0066200,6.523316,3.5806499
ISIC_0066203,4.927542,7.336601
ISIC_0066204,9.471337,5.865984
ISIC_0066209,8.098965,7.9489155
ISIC_0066217,6.8282743,7.3720164
ISIC_0066226,4.218533,4.92237
ISIC_0066244,3.9270728,7.788207
ISIC_0066289,9.950928,5.6056
ISIC_0066307,11.344064,7.2575707
ISIC_0066308,4.999343,3.4968667
ISIC_0066316,11.379221,7.36214
ISIC_0066320,8.305223,7.697279
ISIC_0066325,5.634472,5.8946443
ISIC_0066332,9.355717,7.368375
ISIC_0066336,4.2783766,7.852566
ISIC_0066338,7.9322505,8.472786
ISIC_0066350,3.838332,7.85202
ISIC_0066352,6.4014173,4.7128115
ISIC_0066358,6.7954063,5.2961936
ISIC_0066359,4.7954144,5.069648
ISIC_0066375,7.299549,4.9593267
ISIC_0066376,5.250633,8.30484
ISIC_0066378,4.11734,5.8849177
ISIC_0066379,6.5531235,7.742841
ISIC_0066382,4.147792,7.013528
ISIC_0066384,8.109619,8.133826
ISIC_0066390,5.127768,8.113052
ISIC_0066394,6.043782,6.0879307
ISIC_0066399,3.6828578,6.8395543
ISIC_0066401,3.4809406,7.988165
ISIC_0066403,6.2874174,3.589147
ISIC_0066412,10.274772,8.169695
ISIC_0066422,5.90193,3.974471
ISIC_0066423,7.939505,7.915374
ISIC_0066426,3.4067354,6.6753874
ISIC_0066428,7.345444,5.1716833
ISIC_0066430,5.1379914,7.159944
ISIC_0066448,7.0741963,7.64738
ISIC_0066470,10.564665,7.953807
ISIC_0066476,7.7630944,6.8968525
ISIC_0066481,6.5615215,5.004008
ISIC_0066483,5.571432,3.4594796
ISIC_0066492,5.933558,8.06464
ISIC_0066497,4.1242757,6.8175306
ISIC_0066499,11.214204,7.0791817
ISIC_0066500,3.733767,7.5948772
ISIC_0066505,6.635971,5.191323
ISIC_0066506,8.591024,6.637068
ISIC_0066515,10.153717,5.418208
ISIC_0066516,4.2655067,5.857779
ISIC_0066518,5.8744006,3.2821305
ISIC_0066519,9.111721,5.808601
ISIC_0066520,4.6554184,7.4696584
ISIC_0066532,9.070835,7.885067
ISIC_0066533,4.897272,6.772456
ISIC_0066535,5.8775635,4.9222493
ISIC_0066560,4.468672,7.2497277
ISIC_0066564,6.301465,5.23367
ISIC_0066568,8.699304,6.4036765
ISIC_0066588,9.168029,8.781019
ISIC_0066589,5.7183695,8.061173
ISIC_0066593,5.644976,5.436328
ISIC_0066603,4.8613257,6.005921
ISIC_0066609,8.914806,5.037563
ISIC_0066612,9.890719,8.2275
ISIC_0066613,3.0488145,4.9388895
ISIC_0066626,9.198405,8.530189
ISIC_0066627,4.0658903,6.187049
ISIC_0066629,4.492061,3.6590378
ISIC_0066631,7.486117,6.784961
ISIC_0066633,5.019655,7.5363164
ISIC_0066637,11.02439,7.855228
ISIC_0066649,6.1104474,4.2236295
ISIC_0066650,11.153349,6.794303
ISIC_0066662,5.8106256,8.024872
ISIC_0066671,6.5682244,5.774133
ISIC_0066678,8.782702,8.010762
ISIC_0066690,4.81547,4.812268
ISIC_0066693,7.8278728,5.288699
ISIC_0066710,5.299539,7.283427
ISIC_0066716,4.116157,4.2044888
ISIC_0066722,4.4515924,6.2837253
ISIC_0066733,9.586295,8.143217
ISIC_0066744,6.889571,5.282983
ISIC_0066750,4.7554007,6.936815
ISIC_0066756,6.3200874,5.0381045
ISIC_0066766,5.651321,6.606828
ISIC_0066767,10.899873,7.5352407
ISIC_0066769,5.3584385,6.8004303
ISIC_0066776,7.9693475,6.554869
ISIC_0066783,6.7857656,7.0419827
ISIC_0066792,4.4613194,4.6516585
ISIC_0066802,5.0607033,3.71072
ISIC_0066811,4.5220175,4.630407
ISIC_0066815,4.59146,3.7041252
ISIC_0066844,4.131951,5.819965
ISIC_0066845,8.670732,5.9764733
ISIC_0066848,7.3059955,5.9923515
ISIC_0066854,8.298947,7.9475627
ISIC_0066855,10.723582,7.73793
ISIC_0066860,8.78677,6.2099414
ISIC_0066863,3.8910022,7.362374
ISIC_0066865,6.315557,4.931636
ISIC_0066867,6.0370474,3.330196
ISIC_0066869,10.218715,5.4492974
ISIC_0066882,6.2006345,7.4377656
ISIC_0066886,7.2025714,5.5682383
ISIC_0066907,8.339963,8.855998
ISIC_0066910,6.796058,4.2660046
ISIC_0066918,6.542723,8.006989
ISIC_0066921,3.4410648,6.272913
ISIC_0066927,6.022505,3.882741
ISIC_0066931,8.878586,4.8810267
ISIC_0066933,4.6998744,4.402824
ISIC_0066935,4.95087,3.661704
ISIC_0066947,5.2045445,8.263218
ISIC_0066952,5.5950694,6.071291
ISIC_0066969,3.8813775,6.4336567
ISIC_0066977,8.100919,7.464869
ISIC_0066994,4.4777446,4.794899
ISIC_0067005,3.09893,4.917536
ISIC_0067008,6.9835277,6.9587502
ISIC_0067009,5.9244256,8.57599
ISIC_0067054,8.295985,6.602252
ISIC_0067062,4.3091393,3.7947083
ISIC_0067069,6.4240136,7.575199
ISIC_0067083,9.349884,5.6114674
ISIC_0067101,5.059202,4.0474644
ISIC_0067120,7.621308,8.149888
ISIC_0067126,4.002583,6.0119886
ISIC_0067129,3.3032243,6.3449693
ISIC_0067134,6.584324,7.306521
ISIC_0067151,3.2334757,6.3484693
ISIC_0067159,11.077403,6.964332
ISIC_0067160,8.533557,9.033082
ISIC_0067167,4.4141464,4.48546
ISIC_0067171,5.906705,7.7084413
ISIC_0067188,7.7982144,8.810264
ISIC_0067191,5.558193,6.8154144
ISIC_0067193,5.980383,5.9107184
ISIC_0067194,8.020094,7.8575196
ISIC_0067197,5.12483,7.6822186
ISIC_0067200,9.531931,5.6765227
ISIC_0067202,8.460485,7.8172536
ISIC_0067206,5.218459,8.381862
ISIC_0067208,6.592044,5.949842
ISIC_0067210,6.1648026,8.029836
ISIC_0067225,3.4492795,4.5730276
ISIC_0067233,4.307741,4.7045116
ISIC_0067235,10.884,6.1028585
ISIC_0067240,7.5154643,6.899991
ISIC_0067248,4.0185723,5.321715
ISIC_0067253,8.311466,6.54785
ISIC_0067274,9.777447,6.2660804
ISIC_0067276,5.653935,6.214384
ISIC_0067284,7.7811313,6.3332877
ISIC_0067308,9.229252,6.4601755
ISIC_0067317,9.121347,5.182739
ISIC_0067318,11.069311,6.719607
ISIC_0067325,4.010418,6.329988
ISIC_0067333,7.9796414,5.6313844
ISIC_0067335,7.4255958,4.9749293
ISIC_0067339,4.520537,6.7225804
ISIC_0067347,4.822668,7.844758
ISIC_0067350,10.863951,6.922027
ISIC_0067353,5.2505455,6.0934024
ISIC_0067365,4.1750703,5.1402783
ISIC_0067367,7.4933906,5.0263557
ISIC_0067375,7.36414,7.506334
ISIC_0067395,6.4594665,7.1913114
ISIC_0067404,5.134686,7.326608
ISIC_0067405,8.313175,7.2231636
ISIC_0067417,9.360036,6.6252313
ISIC_0067418,9.213622,8.72042
ISIC_0067438,3.628621,7.1639194
ISIC_0067443,6.3953185,8.396749
ISIC_0067452,5.0786605,3.8336923
ISIC_0067458,9.327053,8.038199
ISIC_0067460,3.861529,4.5726824
ISIC_0067461,4.710356,7.199347
ISIC_0067466,6.3147483,3.9690664
ISIC_0067485,8.555347,9.046969
ISIC_0067488,6.2011905,7.7878056
ISIC_0067489,4.647951,7.705077
ISIC_0067495,5.689033,8.104021
ISIC_0067502,5.6583724,7.958954
ISIC_0067504,5.629789,7.9907646
ISIC_0067510,4.1333394,5.049643
ISIC_0067511,4.8530335,8.254109
ISIC_0067513,4.628071,7.824866
ISIC_0067515,4.584071,3.971461
ISIC_0067518,5.5619574,7.8958426
ISIC_0067521,10.04344,6.9964
ISIC_0067534,8.254546,6.658826
ISIC_0067536,4.1706014,6.011561
ISIC_0067543,6.36243,6.044137
ISIC_0067549,10.0308275,8.454559
ISIC_0067553,3.549259,8.112545
ISIC_0067564,5.1059785,7.5542183
ISIC_0067565,4.5579166,5.0462327
ISIC_0067566,4.4383893,7.633075
ISIC_0067576,5.291214,4.2783437
ISIC_0067577,10.173695,8.16982
ISIC_0067598,10.951849,6.7054944
ISIC_0067601,9.090909,6.2454476
ISIC_0067602,9.046393,9.177099
ISIC_0067619,3.3562477,4.615127
ISIC_0067625,7.8229556,6.0422263
ISIC_0067629,6.8592668,6.2582383
ISIC_0067630,5.0511675,3.8266006
ISIC_0067636,5.705029,6.3999352
ISIC_0067653,4.4280205,8.094219
ISIC_0067655,4.059601,6.4984617
ISIC_0067667,7.2225933,4.791209
ISIC_0067671,6.218174,8.74415
ISIC_0067685,5.780371,7.580181
ISIC_0067689,3.7286782,7.35479
ISIC_0067695,9.762803,5.9475155
ISIC_0067696,4.6824822,3.75168
ISIC_0067697,6.1223283,8.746043
ISIC_0067704,6.676077,7.619576
ISIC_0067711,3.705215,6.1837564
ISIC_0067716,10.090498,7.978649
ISIC_0067719,5.297534,4.039084
ISIC_0067722,6.1659584,4.041385
ISIC_0067731,5.8009763,7.4203243
ISIC_0067733,6.070587,8.085237
ISIC_0067743,4.3872156,7.6345572
ISIC_0067747,4.5963817,6.2701135
ISIC_0067756,5.279774,8.084983
ISIC_0067757,3.483965,7.0696893
ISIC_0067758,3.9195104,8.06148
ISIC_0067776,3.9423666,7.379342
ISIC_0067782,3.4372342,6.533534
ISIC_0067789,9.179355,7.0305414
ISIC_0067798,3.8488264,6.8611174
ISIC_0067804,6.3151608,3.4405255
ISIC_0067805,7.2583137,6.616853
ISIC_0067808,5.6339693,7.8870506
ISIC_0067816,5.921091,4.3012743
ISIC_0067821,6.8322964,5.0069675
ISIC_0067825,5.701272,4.523511
ISIC_0067830,6.660417,6.402878
ISIC_0067831,6.4207067,4.86902
ISIC_0067836,8.524407,5.8146358
ISIC_0067843,5.3945127,3.7572556
ISIC_0067845,8.619023,4.959431
ISIC_0067847,5.5362296,5.383852
ISIC_0067849,10.952643,6.701471
ISIC_0067857,10.08742,8.212335
ISIC_0067873,9.695103,6.5009847
ISIC_0067885,6.4964514,7.1931276
ISIC_0067889,6.58358,7.401317
ISIC_0067890,5.121526,7.882051
ISIC_0067891,10.745629,8.276337
ISIC_0067893,8.553984,5.1048517
ISIC_0067896,4.801571,5.2226653
ISIC_0067897,3.4578855,6.4244986
ISIC_0067902,6.694329,5.401642
ISIC_0067905,7.8886642,8.562443
ISIC_0067933,7.2730517,8.214144
ISIC_0067934,7.6525116,6.7823677
ISIC_0067947,4.1695952,5.8927226
ISIC_0067949,4.5331564,6.54272
ISIC_0067952,3.685548,7.126063
ISIC_0067953,5.8682632,7.7152095
ISIC_0067960,10.823836,6.714692
ISIC_0067969,9.227865,5.948121
ISIC_0067972,10.650017,8.114785
ISIC_0067979,7.8230095,5.1406574
ISIC_0068000,6.67556,5.4612207
ISIC_0068003,6.6392307,4.5055404
ISIC_0068011,3.6264658,6.514905
ISIC_0068012,6.436759,8.499312
ISIC_0068013,4.0096,8.183552
ISIC_0068015,7.6486797,8.429804
ISIC_0068023,5.0812883,4.1761637
ISIC_0068043,7.4991894,7.035816
ISIC_0068048,8.603694,9.086027
ISIC_0068055,6.9614873,6.7026005
ISIC_0068060,9.03039,9.234597
ISIC_0068064,3.0866597,4.937596
ISIC_0068069,4.08158,5.304166
ISIC_0068073,5.9046288,7.7435794
ISIC_0068080,3.864317,8.346428
ISIC_0068107,4.045012,5.1799254
ISIC_0068114,5.0698714,3.9552786
ISIC_0068117,9.681969,6.069598
ISIC_0068118,5.9913807,8.648002
ISIC_0068119,9.733594,5.669132
ISIC_0068121,3.676654,6.429145
ISIC_0068128,8.475504,9.023381
ISIC_0068129,10.226583,5.547667
ISIC_0068137,9.244796,6.4446325
ISIC_0068143,5.6806664,3.759506
ISIC_0068152,9.739342,6.0111
ISIC_0068153,4.0730877,5.0958033
ISIC_0068164,4.9162765,6.1321197
ISIC_0068166,10.455058,5.7112627
ISIC_0068178,4.214423,7.1512847
ISIC_0068188,7.9319468,8.120424
ISIC_0068189,5.2095046,8.340904
ISIC_0068200,7.844466,6.2404566
ISIC_0068202,5.51169,4.7325196
ISIC_0068206,4.152746,7.421658
ISIC_0068209,4.2851634,7.069227
ISIC_0068211,4.9060545,4.568529
ISIC_0068218,3.8020236,8.277535
ISIC_0068227,4.7396884,6.889311
ISIC_0068233,10.628721,6.964153
ISIC_0068234,6.450477,3.9274604
ISIC_0068239,5.9145956,7.4130483
ISIC_0068247,6.651378,7.138036
ISIC_0068252,7.533907,7.2961607
ISIC_0068273,9.578711,5.667856
ISIC_0068275,4.7086196,4.14765
ISIC_0068276,7.339328,5.1081676
ISIC_0068282,9.90965,6.033877
ISIC_0068290,5.687254,8.897404
ISIC_0068291,7.4487453,5.358216
ISIC_0068294,7.7912974,4.7994246
ISIC_0068299,6.0763307,3.274231
ISIC_0068303,6.8698344,5.235612
ISIC_0068315,6.841763,4.8608723
ISIC_0068318,9.110478,7.6776114
ISIC_0068321,4.9197392,7.169426
ISIC_0068331,7.637537,7.7117887
ISIC_0068343,2.9943252,4.9440193
ISIC_0068347,4.4399233,3.837152
ISIC_0068382,11.025217,6.1629014
ISIC_0068383,3.6248972,7.610076
ISIC_0068385,8.418477,7.0012627
ISIC_0068393,8.220232,4.9163675
ISIC_0068396,6.361142,5.808395
ISIC_0068403,4.158804,6.020179
ISIC_0068407,8.271408,6.6143484
ISIC_0068411,6.585071,8.937027
ISIC_0068427,8.106691,5.0183544
ISIC_0068438,6.063373,3.2358522
ISIC_0068452,9.057285,9.280175
ISIC_0068460,3.651506,7.550203
ISIC_0068463,5.899906,7.84329
ISIC_0068465,8.136416,7.8718667
ISIC_0068468,11.097543,7.1964593
ISIC_0068488,5.1020346,3.6254823
ISIC_0068513,6.270686,8.647911
ISIC_0068524,7.3377104,5.8879843
ISIC_0068527,3.8324068,7.077302
ISIC_0068528,4.91109,6.0049973
ISIC_0068537,8.753527,5.6752987
ISIC_0068555,6.191358,6.595052
ISIC_0068560,10.067693,6.766092
ISIC_0068576,9.214438,8.336247
ISIC_0068578,7.5266776,7.979779
ISIC_0068581,4.765385,7.819291
ISIC_0068583,8.920868,8.135246
ISIC_0068584,5.009506,8.149318
ISIC_0068586,5.0198774,8.236073
ISIC_0068609,3.8665538,7.062455
ISIC_0068614,3.5456295,4.7883024
ISIC_0068616,4.509581,5.1805606
ISIC_0068617,4.3424997,4.6260214
ISIC_0068627,8.875815,5.6365733
ISIC_0068628,7.6315,5.617273
ISIC_0068629,6.438821,3.9975493
ISIC_0068633,7.9707265,8.795016
ISIC_0068638,6.935995,5.4663258
ISIC_0068660,7.534139,5.079578
ISIC_0068682,7.7777762,7.9112053
ISIC_0068700,10.311206,5.584482
ISIC_0068715,3.6657145,5.893002
ISIC_0068717,6.9438467,7.674814
ISIC_0068721,4.470827,6.0840635
ISIC_0068727,8.593226,4.988615
ISIC_0068730,6.143061,8.7217655
ISIC_0068744,4.0578175,8.171435
ISIC_0068747,5.3030925,7.910574
ISIC_0068759,6.0445127,4.400773
ISIC_0068760,6.2913623,6.996127
ISIC_0068761,6.230173,5.179047
ISIC_0068766,6.064451,5.1797633
ISIC_0068776,10.431418,8.047495
ISIC_0068778,5.3921857,5.731396
ISIC_0068800,10.8048525,6.8826084
ISIC_0068808,8.623708,6.1664906
ISIC_0068817,3.4801505,6.5512776
ISIC_0068818,7.3433075,4.059011
ISIC_0068819,5.5375295,4.2740326
ISIC_0068840,5.9113703,8.137295
ISIC_0068850,7.378148,7.412462
ISIC_0068851,9.622627,5.3635964
ISIC_0068874,5.626582,8.004822
ISIC_0068881,6.3459663,5.4006143
ISIC_0068882,5.104264,8.77988
ISIC_0068884,5.1335874,4.322472
ISIC_0068895,3.7424867,8.04297
ISIC_0068897,8.356519,6.253119
ISIC_0068900,4.069192,6.9428506
ISIC_0068905,5.5444956,3.5074887
ISIC_0068907,6.9891925,4.8090262
ISIC_0068911,4.206566,8.041626
ISIC_0068917,6.7017694,4.292114
ISIC_0068921,8.187735,4.8551235
ISIC_0068924,3.8125243,7.914254
ISIC_0068928,6.4825025,5.5856376
ISIC_0068929,9.080224,9.177262
ISIC_0068931,6.462766,4.9694834
ISIC_0068936,6.403247,3.99639
ISIC_0068941,5.863564,4.137339
ISIC_0068961,8.880753,5.299243
ISIC_0068962,3.7005427,6.0347853
ISIC_0068966,9.207072,6.7381134
ISIC_0068975,8.646818,8.866534
ISIC_0068979,6.7115893,6.376871
ISIC_0068981,10.205259,6.203869
ISIC_0068993,9.227699,7.2841434
ISIC_0069003,10.786784,6.5516315
ISIC_0069008,4.905694,3.8701575
ISIC_0069024,7.6981416,4.9977827
ISIC_0069028,7.3745,6.161684
ISIC_0069029,9.60351,6.1050773
ISIC_0069042,9.026055,8.212
ISIC_0069058,5.234238,7.1290784
ISIC_0069059,5.9508357,7.7108417
ISIC_0069062,6.3733945,5.139037
ISIC_0069065,9.932055,5.405616
ISIC_0069068,6.280968,5.9663043
ISIC_0069070,4.6476145,8.182927
ISIC_0069072,8.346187,8.576798
ISIC_0069076,7.1983657,7.2354813
ISIC_0069077,8.970128,8.320833
ISIC_0069091,4.0332217,7.6191597
ISIC_0069093,9.047888,7.05665
ISIC_0069102,10.569499,8.069545
ISIC_0069105,6.093649,8.265541
ISIC_0069108,8.765674,7.751094
ISIC_0069112,3.541237,8.115716
ISIC_0069119,6.0591807,3.2580643
ISIC_0069148,5.4827013,7.878185
ISIC_0069156,5.1925764,7.55859
ISIC_0069158,8.80567,6.435337
ISIC_0069165,6.1062417,6.365157
ISIC_0069167,4.5636125,5.049264
ISIC_0069179,8.348684,5.0159826
ISIC_0069192,4.9321327,7.416194
ISIC_0069197,4.6600795,7.893294
ISIC_0069199,4.3761225,5.1796656
ISIC_0069204,10.050796,7.045385
ISIC_0069210,8.718085,5.692778
ISIC_0069230,6.959651,6.281653
ISIC_0069238,3.7813764,7.3434935
ISIC_0069245,8.151578,4.917392
ISIC_0069246,5.574193,4.221417
ISIC_0069248,4.784777,5.458537
ISIC_0069257,11.061802,6.5043383
ISIC_0069262,7.561162,5.2386217
ISIC_0069264,6.3508573,5.4339542
ISIC_0069267,9.599117,7.5811925
ISIC_0069273,9.513946,6.5860205
ISIC_0069277,5.4831533,3.7085733
ISIC_0069292,3.5951014,7.753888
ISIC_0069293,7.472671,4.2200565
ISIC_0069315,4.8915815,4.446877
ISIC_0069358,8.065898,5.9804406
ISIC_0069361,5.7606544,3.201948
ISIC_0069365,9.298274,5.5348706
ISIC_0069369,8.693919,5.978049
ISIC_0069380,5.246351,6.4569397
ISIC_0069385,9.13695,7.440875
ISIC_0069386,6.085036,7.7918177
ISIC_0069391,7.3911285,7.8516665
ISIC_0069395,4.487123,5.1533065
ISIC_0069402,7.373936,6.0414076
ISIC_0069411,5.151317,3.8405197
ISIC_0069416,4.6000986,4.3416758
ISIC_0069432,3.4002135,7.743911
ISIC_0069437,5.654352,3.7224555
ISIC_0069457,6.0553937,3.782656
ISIC_0069459,5.1137056,8.789752
ISIC_0069466,7.7465563,5.631739
ISIC_0069473,8.403178,4.7603173
ISIC_0069475,5.673528,3.3650908
ISIC_0069479,7.424486,4.2262454
ISIC_0069481,6.3934636,7.759484
ISIC_0069488,6.889011,7.078931
ISIC_0069504,9.615572,8.453063
ISIC_0069508,6.1636124,6.7869916
ISIC_0069509,8.915576,5.392101
ISIC_0069511,8.895649,5.4034467
ISIC_0069514,4.0450015,7.577352
ISIC_0069515,10.95686,7.4204273
ISIC_0069536,5.5818024,8.452267
ISIC_0069540,7.4741445,4.7935038
ISIC_0069573,3.4846723,7.328335
ISIC_0069583,6.6740437,4.9933596
ISIC_0069591,5.1115994,7.795349
ISIC_0069592,3.6325338,4.5803127
ISIC_0069595,6.209369,3.3556943
ISIC_0069617,9.92248,6.319349
ISIC_0069620,5.1797767,5.2357993
ISIC_0069622,7.4212956,4.2649918
ISIC_0069624,11.209867,7.2916017
ISIC_0069626,10.245023,6.55839
ISIC_0069635,3.8930957,5.83409
ISIC_0069638,5.8971505,5.871939
ISIC_0069657,9.355878,6.4836254
ISIC_0069660,10.510529,6.0513144
ISIC_0069668,6.4584413,5.8441978
ISIC_0069669,4.2924905,3.8933704
ISIC_0069671,6.6570835,5.6706195
ISIC_0069705,4.8044767,7.6344533
ISIC_0069727,8.136843,7.197447
ISIC_0069733,5.763431,7.9713287
ISIC_0069736,6.655317,6.318592
ISIC_0069743,10.22283,7.3166304
ISIC_0069747,8.0948305,8.156982
ISIC_0069775,4.0091767,6.0594277
ISIC_0069791,5.9719105,6.476508
ISIC_0069810,4.160551,3.980895
ISIC_0069819,5.38816,6.954673
ISIC_0069821,6.870461,8.995998
ISIC_0069833,10.25696,6.402809
ISIC_0069841,8.529685,7.777878
ISIC_0069851,6.7980537,8.636913
ISIC_0069859,3.0450132,4.9243894
ISIC_0069860,8.922107,7.1336884
ISIC_0069864,4.3392363,8.08189
ISIC_0069873,5.2862535,7.963415
ISIC_0069889,5.5077972,8.009566
ISIC_0069891,6.972739,8.258191
ISIC_0069908,6.222508,7.5283027
ISIC_0069918,5.3631372,7.825755
ISIC_0069920,6.15488,3.3726547
ISIC_0069922,8.813849,4.927549
ISIC_0069929,3.98608,5.652945
ISIC_0069946,5.4487724,5.3333235
ISIC_0069951,3.6194386,7.5754423
ISIC_0069958,8.672494,7.9790998
ISIC_0069967,4.12099,6.950178
ISIC_0069970,4.600863,7.0264516
ISIC_0069977,6.3811245,8.086999
ISIC_0069984,4.2208633,8.107618
ISIC_0069986,4.512497,5.0963807
ISIC_0069988,5.8854947,4.4473443
ISIC_0069995,9.6654825,6.6558065
ISIC_0070006,4.0365686,5.8919034
ISIC_0070012,5.4111915,3.9284315
ISIC_0070017,10.427249,8.127358
ISIC_0070018,3.588401,4.542104
ISIC_0070032,7.55722,5.86309
ISIC_0070045,8.396085,8.255261
ISIC_0070049,5.7845764,8.107548
ISIC_0070050,6.18052,7.2047324
ISIC_0070051,6.5681005,5.785702
ISIC_0070061,10.19169,7.4835515
ISIC_0070068,5.6194515,6.1580296
ISIC_0070089,4.192544,3.916256
ISIC_0070092,4.4785995,7.3134804
ISIC_0070093,9.1057415,9.177896
ISIC_0070095,6.468287,5.042258
ISIC_0070105,9.016368,8.459032
ISIC_0070107,6.164122,4.469202
ISIC_0070108,4.047033,8.148536
ISIC_0070109,5.744252,4.6705656
ISIC_0070110,10.734772,7.2948117
ISIC_0070114,7.2949233,6.126285
ISIC_0070120,3.6607914,6.5298195
ISIC_0070123,6.8563504,8.78103
ISIC_0070129,7.744394,6.7874537
ISIC_0070137,3.6986732,8.065288
ISIC_0070139,6.722416,5.6051106
ISIC_0070141,8.478862,4.9445276
ISIC_0070149,3.278878,6.325157
ISIC_0070170,5.935738,3.612785
ISIC_0070172,8.516877,7.8003545
ISIC_0070207,4.6361475,4.839363
ISIC_0070215,4.7768536,7.314756
ISIC_0070217,6.387926,5.860224
ISIC_0070220,4.8672185,5.4208045
ISIC_0070227,6.025822,5.4844494
ISIC_0070235,3.5632885,7.620268
ISIC_0070248,5.959594,3.5997653
ISIC_0070250,9.808127,6.828782
ISIC_0070253,6.989875,6.698903
ISIC_0070262,9.154149,7.6698008
ISIC_0070274,8.444872,7.76978
ISIC_0070303,6.4572372,4.5326977
ISIC_0070308,8.5177965,9.0585785
ISIC_0070313,8.4829235,7.0505033
ISIC_0070316,4.2995396,6.498495
ISIC_0070327,6.761634,4.3668685
ISIC_0070341,4.9328012,6.462044
ISIC_0070342,3.5813913,7.5853667
ISIC_0070344,5.0987964,6.253101
ISIC_0070347,7.693819,7.230223
ISIC_0070351,7.5739737,8.30041
ISIC_0070352,10.500789,6.4277325
ISIC_0070362,7.5141277,4.079543
ISIC_0070363,5.951458,6.861387
ISIC_0070366,3.7608976,6.684485
ISIC_0070371,5.349806,3.9537299
ISIC_0070374,7.823848,5.1279187
ISIC_0070380,8.783203,5.9214945
ISIC_0070387,6.315676,3.2443724
ISIC_0070396,10.91297,7.253153
ISIC_0070400,3.820759,6.64977
ISIC_0070403,5.884613,7.710168
ISIC_0070414,10.242209,7.540211
ISIC_0070419,4.6222186,6.414604
ISIC_0070427,4.2009606,5.2746367
ISIC_0070431,6.418164,3.9949527
ISIC_0070433,8.677391,6.6976156
ISIC_0070435,7.421396,6.31809
ISIC_0070439,7.446402,5.917959
ISIC_0070441,4.3820004,3.651586
ISIC_0070442,8.107253,5.8866644
ISIC_0070446,4.40807,6.3005323
ISIC_0070447,7.511617,6.693187
ISIC_0070454,7.7098327,5.501719
ISIC_0070465,8.518013,8.716633
ISIC_0070477,7.969623,5.5746174
ISIC_0070480,8.695778,8.363206
ISIC_0070489,4.168165,5.550228
ISIC_0070501,9.581622,8.156093
ISIC_0070517,10.216492,8.809288
ISIC_0070520,10.764479,7.8649135
ISIC_0070521,4.3857775,6.2264256
ISIC_0070549,8.320542,8.297281
ISIC_0070551,7.1196384,7.93689
ISIC_0070553,8.2660475,8.644661
ISIC_0070566,6.23937,3.2794766
ISIC_0070572,10.276656,8.570275
ISIC_0070578,6.8098125,5.7522616
ISIC_0070581,4.458276,7.508657
ISIC_0070585,8.849356,8.95739
ISIC_0070588,7.5347433,6.233241
ISIC_0070593,10.286973,8.182115
ISIC_0070595,5.2149625,7.408171
ISIC_0070596,3.6817777,7.2348285
ISIC_0070601,9.758156,8.188426
ISIC_0070611,4.4495716,8.0678005
ISIC_0070614,4.54988,7.693624
ISIC_0070623,6.0340343,5.4300814
ISIC_0070629,7.2845707,6.967023
ISIC_0070653,5.3380914,4.193242
ISIC_0070657,5.3287425,7.0711827
ISIC_0070658,6.1305037,7.549073
ISIC_0070666,10.252316,6.5222955
ISIC_0070689,6.2235346,8.726006
ISIC_0070702,5.8864574,6.0217733
ISIC_0070709,5.878258,4.7045684
ISIC_0070710,4.8337893,8.011032
ISIC_0070711,8.661064,6.741704
ISIC_0070724,9.18428,5.981711
ISIC_0070727,7.3658824,3.874894
ISIC_0070731,5.4412827,6.980779
ISIC_0070743,4.9187903,8.035323
ISIC_0070745,6.035589,7.219637
ISIC_0070747,4.217451,5.803027
ISIC_0070752,6.5880127,7.988026
ISIC_0070756,6.805547,4.307685
ISIC_0070778,5.5016413,6.444252
ISIC_0070784,3.9338012,8.18214
ISIC_0070794,6.223864,8.678516
ISIC_0070799,10.614218,7.2243156
ISIC_0070801,5.219626,6.3004117
ISIC_0070805,8.841392,8.475081
ISIC_0070809,7.766638,7.7860003
ISIC_0070814,10.434058,8.306466
ISIC_0070815,3.688476,4.5893373
ISIC_0070816,7.372184,3.9007747
ISIC_0070822,7.452236,5.3393803
ISIC_0070837,4.9859357,3.9220867
ISIC_0070842,6.302111,5.3601527
ISIC_0070846,3.67486,5.9356966
ISIC_0070852,8.258415,7.4249268
ISIC_0070867,6.1304975,8.237817
ISIC_0070871,4.926669,5.9993963
ISIC_0070886,8.029995,7.1082444
ISIC_0070888,6.3460593,5.798874
ISIC_0070910,6.4617257,8.779729
ISIC_0070913,6.1105905,6.638335
ISIC_0070916,6.666022,8.682788
ISIC_0070920,3.6832335,6.525223
ISIC_0070927,4.863976,7.2640963
ISIC_0070938,4.2305965,7.6714168
ISIC_0070940,3.531877,7.6629887
ISIC_0070959,5.7558036,7.935494
ISIC_0070961,7.690498,8.778614
ISIC_0070973,8.197234,8.764054
ISIC_0070974,9.416544,7.6708155
ISIC_0070976,10.402771,7.372519
ISIC_0070984,4.157286,5.392105
ISIC_0070990,7.2356863,5.406278
ISIC_0070992,9.364667,6.902134
ISIC_0070998,5.860235,7.5249076
ISIC_0071006,5.7705564,8.112978
ISIC_0071012,4.8897724,7.380008
ISIC_0071017,9.976423,8.1920395
ISIC_0071035,4.7890964,6.7799067
ISIC_0071043,5.9282823,3.7555692
ISIC_0071045,6.391387,6.5214124
ISIC_0071047,3.6816485,7.15905
ISIC_0071048,5.994754,6.8207726
ISIC_0071067,10.2932625,7.413718
ISIC_0071069,6.0094,6.0026827
ISIC_0071074,4.1654744,7.376001
ISIC_0071089,4.689371,7.2221875
ISIC_0071095,4.0701733,7.647706
ISIC_0071101,2.9563851,4.903639
ISIC_0071109,3.3711457,4.618015
ISIC_0071111,7.8379593,6.9899855
ISIC_0071119,7.832836,5.0236793
ISIC_0071122,5.4428144,7.6914873
ISIC_0071124,8.840187,8.424585
ISIC_0071132,6.514606,6.5435925
ISIC_0071133,10.135396,6.4785795
ISIC_0071134,4.452913,5.764058
ISIC_0071137,5.506772,6.8858128
ISIC_0071138,7.7029977,6.3400655
ISIC_0071142,4.669575,4.2310123
ISIC_0071169,4.2500334,3.9319172
ISIC_0071176,9.241102,5.3166337
ISIC_0071178,8.155591,7.1253705
ISIC_0071180,3.6550555,5.9076347
ISIC_0071196,3.7255046,6.024523
ISIC_0071208,5.199386,7.0689
ISIC_0071215,7.519906,3.9782958
ISIC_0071218,7.375081,5.325616
ISIC_0071238,4.427439,3.6993623
ISIC_0071240,9.173063,6.9228587
ISIC_0071245,6.4243574,8.737133
ISIC_0071253,4.4184313,7.6576552
ISIC_0071257,7.112188,6.2814612
ISIC_0071258,8.053628,5.661334
ISIC_0071260,9.03995,9.278851
ISIC_0071271,9.955145,8.557406
ISIC_0071289,4.3525057,6.5044556
ISIC_0071290,3.8655071,6.8293924
ISIC_0071303,6.368687,7.5846834
ISIC_0071311,10.971867,7.5062346
ISIC_0071315,5.31755,8.105973
ISIC_0071335,3.028012,4.917187
ISIC_0071342,6.6589828,6.2738795
ISIC_0071346,7.6567926,5.378986
ISIC_0071357,5.489854,4.101978
ISIC_0071361,5.156222,3.7484107
ISIC_0071388,8.639271,4.7797766
ISIC_0071392,8.998657,5.8852825
ISIC_0071395,7.4135885,5.1605268
ISIC_0071401,4.0170965,6.963492
ISIC_0071404,8.692366,8.120884
ISIC_0071420,10.34377,5.4861145
ISIC_0071430,8.776219,8.244535
ISIC_0071431,5.710645,3.345543
ISIC_0071443,10.357562,7.5467906
ISIC_0071458,10.289833,6.728749
ISIC_0071470,10.669975,6.6306677
ISIC_0071476,5.301638,7.550082
ISIC_0071478,8.707059,6.645138
ISIC_0071528,4.4205513,6.293758
ISIC_0071534,8.0488205,6.186821
ISIC_0071550,8.298583,8.741806
ISIC_0071558,7.4527364,8.198169
ISIC_0071559,10.08947,7.7474065
ISIC_0071563,4.4430323,3.7383306
ISIC_0071568,8.0105095,5.286033
ISIC_0071576,3.8520906,7.1649947
ISIC_0071579,10.267625,7.448135
ISIC_0071580,3.5826657,7.8086553
ISIC_0071583,7.9511294,4.617488
ISIC_0071584,8.228033,6.186026
ISIC_0071586,6.6338573,8.758668
ISIC_0071592,7.172078,5.983207
ISIC_0071594,5.552171,7.8353744
ISIC_0071596,10.385494,6.4204526
ISIC_0071600,4.2917914,6.667291
ISIC_0071628,4.297313,5.381014
ISIC_0071632,10.696382,7.342267
ISIC_0071648,4.6034193,3.715049
ISIC_0071651,8.796464,5.5090384
ISIC_0071663,3.5930223,7.587009
ISIC_0071666,10.471394,6.661816
ISIC_0071668,10.103626,6.7602377
ISIC_0071673,4.0709333,5.1748433
ISIC_0071678,3.7711167,8.066416
ISIC_0071702,8.525175,5.6223745
ISIC_0071707,7.832,4.6479983
ISIC_0071713,3.5535097,4.5487437
ISIC_0071717,6.3289304,6.521708
ISIC_0071720,6.3943667,5.2341404
ISIC_0071725,4.0651155,6.9251637
ISIC_0071726,6.4969563,5.647322
ISIC_0071740,3.5171487,7.530219
ISIC_0071765,3.3400214,4.668218
ISIC_0071766,4.878306,4.462924
ISIC_0071767,4.5749993,3.9263783
ISIC_0071774,3.6473558,8.058797
ISIC_0071776,6.5624866,5.0088115
ISIC_0071778,7.3686657,8.871488
ISIC_0071782,5.80176,5.4741716
ISIC_0071783,6.4759574,7.1770706
ISIC_0071784,7.931729,7.414905
ISIC_0071788,7.483113,5.3003206
ISIC_0071797,4.4601316,4.284083
ISIC_0071800,4.2997108,6.635877
ISIC_0071806,6.1770196,8.693816
ISIC_0071808,7.90604,8.218757
ISIC_0071815,8.866652,6.825967
ISIC_0071834,6.908494,5.4160914
ISIC_0071857,6.203314,3.3813992
ISIC_0071865,6.494406,8.369241
ISIC_0071869,6.900587,6.1027317
ISIC_0071875,5.5081987,4.230309
ISIC_0071891,6.4541736,4.642782
ISIC_0071892,4.6309633,5.942436
ISIC_0071901,4.55688,6.5881057
ISIC_0071904,8.917855,8.969531
ISIC_0071906,6.7225976,5.8864307
ISIC_0071916,4.4453692,7.4904075
ISIC_0071926,10.677575,7.7735434
ISIC_0071931,5.931585,7.3838806
ISIC_0071936,9.062794,9.280546
ISIC_0071939,9.061569,9.269338
ISIC_0071944,3.5510163,7.268654
ISIC_0071950,4.9716516,7.2576075
ISIC_0071951,6.7854958,5.6396146
ISIC_0071957,8.933895,8.242164
ISIC_0071970,10.780688,8.177639
ISIC_0071972,10.741595,8.218198
ISIC_0071992,8.033253,8.827807
ISIC_0071996,7.4964304,5.451894
ISIC_0071997,3.916053,7.349174
ISIC_0072001,10.101299,7.710165
ISIC_0072002,6.0851126,3.332487
ISIC_0072003,8.768613,5.301299
ISIC_0072004,8.467895,8.603761
ISIC_0072006,9.246694,4.9296966
ISIC_0072010,4.0373425,6.535911
ISIC_0072021,10.081222,5.661357
ISIC_0072030,4.531241,7.214952
ISIC_0072032,7.872004,5.318076
ISIC_0072041,10.169234,6.214575
ISIC_0072051,3.751237,7.5793023
ISIC_0072061,3.615293,7.7780905
ISIC_0072063,9.070969,5.7639923
ISIC_0072065,10.809162,6.655633
ISIC_0072069,4.1769466,5.2249203
ISIC_0072077,10.650442,8.115859
ISIC_0072078,6.823849,6.756491
ISIC_0072087,5.1798153,6.250381
ISIC_0072090,7.1413674,5.2245812
ISIC_0072099,6.6309175,4.5014515
ISIC_0072101,5.6810436,6.5942388
ISIC_0072103,8.585583,5.5771103
ISIC_0072109,6.603367,4.4606853
ISIC_0072111,6.1416664,3.1983805
ISIC_0072121,8.069372,6.4285617
ISIC_0072122,7.072278,6.5203104
ISIC_0072126,10.795694,8.209476
ISIC_0072142,6.343757,7.6582565
ISIC_0072151,7.570187,6.1872525
ISIC_0072154,9.490455,5.9193587
ISIC_0072156,5.247007,7.553308
ISIC_0072157,9.767611,8.225982
ISIC_0072166,4.3192782,3.8001502
ISIC_0072173,7.4737983,5.4301386
ISIC_0072174,8.481023,5.1111755
ISIC_0072178,4.524805,5.1182556
ISIC_0072182,8.989486,6.3763347
ISIC_0072188,7.6751375,7.138549
ISIC_0072195,6.5501933,7.1583705
ISIC_0072198,5.6612964,8.188008
ISIC_0072215,3.5209267,8.057322
ISIC_0072218,5.1320353,8.345618
ISIC_0072223,3.452849,7.8976684
ISIC_0072226,9.054926,9.188159
ISIC_0072230,8.5601425,8.778413
ISIC_0072241,9.820675,5.8327
ISIC_0072242,9.090779,8.771777
ISIC_0072252,4.75023,4.7374268
ISIC_0072268,4.82578,3.7606094
ISIC_0072271,10.978867,7.806275
ISIC_0072279,9.689401,5.9191723
ISIC_0072280,10.6517935,7.96374
ISIC_0072286,8.069277,5.991979
ISIC_0072287,8.550289,5.9607587
ISIC_0072294,8.141072,8.3774
ISIC_0072297,7.9102454,7.713211
ISIC_0072299,10.4319935,8.188496
ISIC_0072301,6.3425817,6.5710225
ISIC_0072315,5.6338673,5.3436747
ISIC_0072330,5.5413413,3.4531286
ISIC_0072339,8.009749,4.8137126
ISIC_0072344,4.7158046,4.1013665
ISIC_0072348,6.5029025,8.175795
ISIC_0072353,4.2596235,4.4710608
ISIC_0072354,8.493567,6.864483
ISIC_0072358,5.065502,4.3485885
ISIC_0072360,4.099557,4.186603
ISIC_0072363,4.0640807,7.4948454
ISIC_0072369,5.5790057,4.747426
ISIC_0072371,10.728969,7.9012713
ISIC_0072374,6.670073,7.4855523
ISIC_0072375,10.208994,6.675454
ISIC_0072377,7.8491116,8.824032
ISIC_0072380,4.3075094,7.731849
ISIC_0072396,8.452298,7.8666263
ISIC_0072401,5.1361146,3.654727
ISIC_0072405,3.6539183,7.0166106
ISIC_0072411,3.7631555,7.083641
ISIC_0072415,3.824052,7.2792406
ISIC_0072422,7.4399037,5.457201
ISIC_0072429,6.578779,3.0826237
ISIC_0072437,4.9212065,5.3628726
ISIC_0072439,7.726393,5.4220476
ISIC_0072440,9.381163,7.220894
ISIC_0072441,10.39346,7.134786
ISIC_0072473,6.124957,8.0316725
ISIC_0072482,9.620445,6.111803
ISIC_0072494,6.2433486,8.700996
ISIC_0072495,6.0686374,6.8420734
ISIC_0072507,6.2030582,7.528304
ISIC_0072508,9.154562,8.332855
ISIC_0072516,6.2817435,3.9622502
ISIC_0072522,10.231609,7.8685374
ISIC_0072523,6.7401166,6.200601
ISIC_0072531,7.4102097,6.0465503
ISIC_0072534,3.000782,4.9163804
ISIC_0072535,6.70117,7.549084
ISIC_0072538,4.881857,7.92994
ISIC_0072557,6.395461,5.159349
ISIC_0072559,5.035657,7.137436
ISIC_0072565,4.4667797,5.207477
ISIC_0072568,9.372947,8.265325
ISIC_0072569,4.3560905,7.3036056
ISIC_0072574,7.455419,4.1941032
ISIC_0072585,11.115924,6.9609
ISIC_0072586,7.5915227,4.5305166
ISIC_0072594,7.2538204,6.5119514
ISIC_0072595,4.439456,6.1193185
ISIC_0072612,6.4510183,3.9464512
ISIC_0072619,8.4083185,6.3784575
ISIC_0072624,4.388527,5.947958
ISIC_0072626,5.7919154,7.951745
ISIC_0072631,10.604065,8.346159
ISIC_0072641,4.6038804,6.1474733
ISIC_0072642,8.318403,8.76353
ISIC_0072653,3.3776808,7.6841383
ISIC_0072689,10.194247,8.794608
ISIC_0072691,9.232012,7.1822677
ISIC_0072694,5.9749074,7.8854074
ISIC_0072705,7.365865,5.560781
ISIC_0072713,4.08221,7.853737
ISIC_0072714,5.6012554,4.0429087
ISIC_0072730,4.317729,6.071713
ISIC_0072733,4.2282095,6.4164963
ISIC_0072738,7.4679613,6.1094503
ISIC_0072743,5.7061005,6.6352673
ISIC_0072747,6.448567,4.998042
ISIC_0072748,6.3813267,7.9010906
ISIC_0072753,4.060974,6.6951914
ISIC_0072755,7.8855968,5.3557105
ISIC_0072758,7.3312273,5.633118
ISIC_0072763,10.19396,8.8230095
ISIC_0072768,5.9942164,3.1281075
ISIC_0072773,11.1669035,7.724958
ISIC_0072780,8.566892,5.429985
ISIC_0072783,8.480889,9.061085
ISIC_0072785,9.985681,8.915848
ISIC_0072793,10.660718,7.9024343
ISIC_0072799,8.309053,6.8368325
ISIC_0072820,7.0055737,6.425461
ISIC_0072824,4.909074,3.9388635
ISIC_0072827,7.5784736,5.369297
ISIC_0072828,6.926723,5.6312356
ISIC_0072843,6.115296,3.6440446
ISIC_0072844,8.18194,7.2820034
ISIC_0072845,4.44877,3.7296283
ISIC_0072862,6.792354,5.116205
ISIC_0072865,5.0034947,7.390072
ISIC_0072872,4.1147857,7.0595236
ISIC_0072876,10.355298,5.512881
ISIC_0072887,8.466339,4.948904
ISIC_0072889,3.8892355,5.4970984
ISIC_0072896,9.982477,8.997499
ISIC_0072909,3.3452384,7.1417356
ISIC_0072917,6.709909,6.910576
ISIC_0072923,5.4811673,4.06297
ISIC_0072924,5.072045,7.6425133
ISIC_0072930,8.25523,5.4919686
ISIC_0072939,5.9501805,5.8183985
ISIC_0072961,6.338873,5.242865
ISIC_0072966,6.3120036,5.50884
ISIC_0072968,4.4937367,5.5988455
ISIC_0072976,4.3375306,7.8278904
ISIC_0072977,4.552272,4.9316816
ISIC_0072983,8.657624,4.8817167
ISIC_0072985,10.049342,7.6611924
ISIC_0072990,6.6840158,7.906996
ISIC_0072991,3.8323143,6.5421157
ISIC_0073007,5.2543907,7.7889113
ISIC_0073016,3.5556219,5.9803877
ISIC_0073018,4.104258,5.9486217
ISIC_0073038,4.018778,7.664371
ISIC_0073044,7.6394463,7.4146724
ISIC_0073054,5.1863523,6.571198
ISIC_0073065,11.044199,6.392915
ISIC_0073075,6.513259,3.0859926
ISIC_0073078,5.0280876,8.294149
ISIC_0073089,4.689007,7.309278
ISIC_0073102,10.34956,7.692105
ISIC_0073119,10.56153,7.6915126
ISIC_0073124,5.7999196,6.022759
ISIC_0073127,3.7730014,7.8681593
ISIC_0073134,5.1264343,8.118068
ISIC_0073136,7.4452047,6.4551344
ISIC_0073143,6.8272014,7.758617
ISIC_0073147,9.118322,8.854908
ISIC_0073156,9.214129,8.571616
ISIC_0073173,4.2293477,4.7912583
ISIC_0073190,8.02168,4.781298
ISIC_0073191,6.653345,5.6855226
ISIC_0073194,11.274003,7.1432915
ISIC_0073203,9.225465,5.715282
ISIC_0073204,6.827214,6.1816483
ISIC_0073218,7.401621,7.409257
ISIC_0073227,7.418073,8.125245
ISIC_0073231,5.733867,7.8582706
ISIC_0073237,5.148912,8.294362
ISIC_0073238,5.615176,5.6969275
ISIC_0073241,6.497103,4.2071257
ISIC_0073249,5.226674,3.6475794
ISIC_0077281,5.728609,4.378912
ISIC_0080539,5.5712304,5.0290947
ISIC_0124902,6.7710032,5.986769
ISIC_0133200,4.6646366,8.165118
ISIC_0140502,4.9080033,3.8062794
ISIC_0149568,6.6100225,6.392185
ISIC_0151466,6.3016324,8.916448
ISIC_0168716,7.4192944,5.441879
ISIC_0178428,9.765493,5.827722
ISIC_0186998,9.014931,7.501148
ISIC_0188432,7.8027773,6.565334
ISIC_0202119,10.095315,6.9929457
ISIC_0202238,6.2857647,7.674555
ISIC_0207268,9.6576605,6.9237123
ISIC_0220438,7.794047,5.744484
ISIC_0232101,10.431717,7.44468
ISIC_0245720,6.417966,6.8559
ISIC_0247330,10.279658,5.6957526
ISIC_0250839,7.1614437,7.375129
ISIC_0255566,7.745508,6.8968496
ISIC_0261253,5.756976,7.3263164
ISIC_0269622,4.7303114,3.9421291
ISIC_0272509,7.0637302,9.977606
ISIC_0273046,7.913062,6.890832
ISIC_0274382,4.364262,8.822457
ISIC_0274411,6.3692036,3.715261
ISIC_0280912,7.5254974,10.048964
ISIC_0286360,7.568401,10.130906
ISIC_0287325,6.151874,6.8333316
ISIC_0292899,9.815011,6.113194
ISIC_0294150,6.755073,7.6035323
ISIC_0308880,3.7989807,5.3841977
ISIC_0320008,7.7327585,6.635062
ISIC_0323009,4.620871,3.808921
ISIC_0327070,6.175186,4.4538627
ISIC_0327406,9.385756,7.557288
ISIC_0333091,8.743776,8.1218605
ISIC_0337631,9.030008,7.680034
ISIC_0346815,6.10205,7.0155983
ISIC_0351666,7.6225104,10.068851
ISIC_0353247,7.398604,7.233238
ISIC_0369831,6.9900494,6.7534623
ISIC_0375034,9.338779,7.7514243
ISIC_0393283,3.8038566,5.701966
ISIC_0404417,3.627879,7.0957303
ISIC_0429825,7.7329445,7.4696097
ISIC_0450792,6.8635864,5.1611104
ISIC_0450997,4.4294915,3.866192
ISIC_0456176,5.321375,7.0025373
ISIC_0457344,9.629227,6.8169894
ISIC_0467617,10.048281,7.264526
ISIC_0470699,7.173017,10.082193
ISIC_0472123,5.4357376,4.7434707
ISIC_0474387,6.1758,3.2175999
ISIC_0481105,10.358999,5.779441
ISIC_0489267,6.4142604,7.0405226
ISIC_0501108,8.136637,5.585468
ISIC_0502582,5.6821036,8.738731
ISIC_0504165,7.4332314,9.866463
ISIC_0508777,4.800861,5.119987
ISIC_0528044,7.0360203,7.6255493
ISIC_0533122,6.3605056,6.8946457
ISIC_0542765,5.533444,3.2642348
ISIC_0553265,5.462279,6.415674
ISIC_0558060,7.5877194,7.668879
ISIC_0559335,7.5532126,9.9482155
ISIC_0572205,9.498939,6.916845
ISIC_0585534,6.9063196,4.578377
ISIC_0587728,7.627015,9.843745
ISIC_0588352,7.735483,9.143184
ISIC_0598073,4.21029,8.45616
ISIC_0599463,5.734935,5.5542865
ISIC_0599605,6.5513363,8.759355
ISIC_0602633,7.3339295,10.075394
ISIC_0606244,7.711943,6.6203303
ISIC_0616448,5.963525,8.40495
ISIC_0624498,9.496222,6.167986
ISIC_0638700,10.115168,6.1792626
ISIC_0639769,8.075344,5.4129524
ISIC_0645454,10.683452,5.9676447
ISIC_0647224,7.7396803,8.75725
ISIC_0648545,4.045493,7.9873433
ISIC_0651228,10.8674965,7.5731754
ISIC_0662000,7.798331,6.5486293
ISIC_0662485,4.6956553,3.8357196
ISIC_0681019,10.296213,5.968745
ISIC_0699088,6.585564,6.8227267
ISIC_0703440,7.893152,7.677896
ISIC_0705477,9.4260435,7.6150017
ISIC_0715696,5.559887,3.2101095
ISIC_0722605,5.714215,4.34589
ISIC_0744013,5.813611,9.088833
ISIC_0750046,5.531995,3.3815813
ISIC_0758444,4.5151043,3.7865372
ISIC_0779920,6.579571,7.5986996
ISIC_0789191,9.595238,6.788572
ISIC_0799972,6.654965,5.6783695
ISIC_0823269,8.064481,5.07899
ISIC_0831898,9.834233,6.9092555
ISIC_0833889,7.5339103,6.7714906
ISIC_0844312,9.691635,5.6148195
ISIC_0851414,9.901892,6.7722163
ISIC_0852832,3.5141363,6.3203535
ISIC_0855174,7.3802323,7.311891
ISIC_0862745,5.516922,6.732408
ISIC_0873174,10.441348,6.4002466
ISIC_0903411,7.2333493,4.64864
ISIC_0911264,10.464949,7.965796
ISIC_0914168,7.8562956,6.428359
ISIC_0915404,9.474419,6.919327
ISIC_0924427,4.8956685,3.9240353
ISIC_0929180,5.343491,4.603762
ISIC_0946787,8.210885,8.383427
ISIC_0952472,4.8272676,6.96358
ISIC_0953317,7.778674,7.557311
ISIC_0959325,7.5545406,6.8520975
ISIC_0961235,10.986987,7.6584034
ISIC_0961778,8.456765,7.412382
ISIC_0962121,6.162604,8.203943
ISIC_0969723,7.4038277,10.013935
ISIC_0981639,9.893491,6.80718
ISIC_0984817,5.607806,5.6235332
ISIC_0990298,7.260247,8.505833
ISIC_1000616,7.8754735,8.794904
ISIC_1009042,10.056179,5.8606114
ISIC_1012044,6.258664,4.410116
ISIC_1023256,7.201439,9.955052
ISIC_1037315,7.8433146,7.3740306
ISIC_1040820,7.5041676,4.311226
ISIC_1047011,6.227099,5.567214
ISIC_1056436,5.748593,4.3337026
ISIC_1068686,8.835687,6.980795
ISIC_1071355,8.054605,6.156905
ISIC_1077735,6.23505,3.3195786
ISIC_1091442,3.505645,8.1815195
ISIC_1099075,7.6196833,6.340735
ISIC_1110583,10.573113,7.1106462
ISIC_1110743,4.7307043,3.9451509
ISIC_1116303,4.8761516,6.7482057
ISIC_1116483,6.793398,5.16812
ISIC_1121888,4.9698796,8.262944
ISIC_1124434,9.536253,6.511305
ISIC_1126401,6.5466366,8.541789
ISIC_1132496,7.7905083,7.9061646
ISIC_1157032,10.801977,6.1857276
ISIC_1166740,9.175821,5.996798
ISIC_1177153,9.17918,7.7812266
ISIC_1177505,7.3862696,5.931965
ISIC_1192769,5.7297273,4.3680806
ISIC_1201025,9.102961,8.302261
ISIC_1203272,9.625551,7.718107
ISIC_1210011,6.1930327,8.597084
ISIC_1231419,10.539838,6.346885
ISIC_1234126,10.106891,7.6663313
ISIC_1235469,6.2857833,3.8252225
ISIC_1241817,7.4083776,4.3327127
ISIC_1247683,5.0917273,7.9159045
ISIC_1254469,10.787198,6.7028384
ISIC_1255336,7.300306,6.458323
ISIC_1262790,8.226101,4.8428664
ISIC_1264034,8.783639,7.3661904
ISIC_1269448,5.925835,6.8765535
ISIC_1271507,4.4263225,3.8198946
ISIC_1297252,4.4948816,4.1297503
ISIC_1301476,9.197731,5.650297
ISIC_1320438,6.2305737,4.4322557
ISIC_1330008,9.663358,7.4003496
ISIC_1330381,7.807388,8.15948
ISIC_1338061,6.7993307,7.858135
ISIC_1343302,7.8571677,7.59409
ISIC_1356715,8.101897,8.683635
ISIC_1372928,7.474766,6.5404496
ISIC_1388552,9.384623,7.634635
ISIC_1389226,4.327279,4.361813
ISIC_1398333,9.120862,7.0626335
ISIC_1400695,5.1594214,4.9174194
ISIC_1412843,7.719987,8.754233
ISIC_1423737,5.915704,7.5547657
ISIC_1427295,5.6856885,4.42234
ISIC_1427578,7.581317,10.110749
ISIC_1440160,5.1419926,6.7886505
ISIC_1449628,4.5526047,4.774695
ISIC_1452632,10.02975,7.76505
ISIC_1454751,6.416792,8.442758
ISIC_1460169,8.505161,4.772023
ISIC_1460932,11.178698,7.3475876
ISIC_1473522,9.668557,6.878649
ISIC_1483720,4.146986,4.4137025
ISIC_1484659,10.818562,6.2539577
ISIC_1486861,9.088231,6.6262136
ISIC_1490894,7.151689,6.310472
ISIC_1558504,7.659799,7.6738844
ISIC_1560324,6.768325,9.663483
ISIC_1564663,9.054906,7.466714
ISIC_1566428,7.317388,10.046562
ISIC_1569119,4.17741,8.776009
ISIC_1578878,6.9670286,4.630787
ISIC_1589997,7.711172,5.870847
ISIC_1601532,4.978947,7.0895867
ISIC_1605629,7.8803964,9.485681
ISIC_1605945,7.958121,6.686698
ISIC_1616031,7.060223,9.917693
ISIC_1620401,9.444855,5.3907037
ISIC_1627619,7.564203,10.111906
ISIC_1630301,8.498072,7.853904
ISIC_1633321,7.9627986,8.146119
ISIC_1635231,10.3152,8.392426
ISIC_1642069,8.477182,5.7111044
ISIC_1654342,7.4099255,10.068917
ISIC_1658397,5.337866,5.353945
ISIC_1670692,5.0597863,9.240983
ISIC_1675975,6.7089252,5.578708
ISIC_1684127,6.5888805,9.662854
ISIC_1685962,7.0609646,8.469131
ISIC_1693572,9.477492,6.610728
ISIC_1694285,7.2658663,9.997265
ISIC_1694817,9.29051,7.400396
ISIC_1698942,5.4045677,6.712515
ISIC_1699688,7.020026,8.469767
ISIC_1701883,4.404583,4.3721952
ISIC_1706912,6.20267,8.918674
ISIC_1728564,6.168171,7.347776
ISIC_1729223,10.624173,7.507978
ISIC_1729396,6.4311204,5.160829
ISIC_1733178,8.76792,7.1985636
ISIC_1752943,7.17401,10.038802
ISIC_1753011,5.4414153,3.8866723
ISIC_1764844,5.178121,3.6686163
ISIC_1776777,6.164351,8.064722
ISIC_1778959,6.680979,8.953033
ISIC_1785627,7.2763195,10.105646
ISIC_1791643,8.365852,6.465437
ISIC_1810807,10.035741,6.9303784
ISIC_1813577,4.9569564,4.208948
ISIC_1814941,6.267389,6.7079725
ISIC_1816965,5.791788,4.222499
ISIC_1818238,6.5956187,8.740101
ISIC_1822107,3.900455,5.7991476
ISIC_1822797,9.107726,7.0885215
ISIC_1850674,8.109072,7.6929655
ISIC_1866770,5.9093413,7.0132465
ISIC_1870415,7.1216373,9.85735
ISIC_1876217,5.7051654,4.4484262
ISIC_1881133,6.991786,9.824598
ISIC_1908890,9.189434,5.634791
ISIC_1909053,6.8163075,6.9658685
ISIC_1910468,5.639028,4.2764144
ISIC_1916169,4.8034124,8.028757
ISIC_1930795,10.083522,7.601225
ISIC_1935227,6.001074,4.5762167
ISIC_1939413,6.762127,7.834354
ISIC_1948545,7.7841864,8.075903
ISIC_1956504,7.5289474,9.612444
ISIC_1959939,7.098943,4.843349
ISIC_1968416,4.9000945,3.8453162
ISIC_1968421,10.847775,5.844747
ISIC_1970988,4.5359335,6.711087
ISIC_1975042,9.971099,7.7466273
ISIC_1977937,4.2137575,3.823628
ISIC_1994166,6.6930943,7.645646
ISIC_2000766,5.889921,4.3767204
ISIC_2003991,8.019138,7.513664
ISIC_2010889,5.6815205,7.288816
ISIC_2033237,4.0820765,8.96312
ISIC_2068188,5.188525,3.8628552
ISIC_2070728,8.757856,8.31077
ISIC_2071966,9.38656,5.589013
ISIC_2072219,11.339729,6.9100738
ISIC_2076526,10.984592,6.1649923
ISIC_2077116,10.686446,7.7103343
ISIC_2079571,6.576132,4.9881883
ISIC_2097603,4.4083023,3.7485387
ISIC_2098553,8.674653,5.049337
ISIC_2101624,8.523757,6.8563747
ISIC_2105563,11.37833,7.143757
ISIC_2108849,7.5427566,9.704507
ISIC_2126660,7.684932,6.8787947
ISIC_2128061,9.994302,6.665338
ISIC_2135474,9.549885,6.90775
ISIC_2141237,4.273909,8.907626
ISIC_2144690,8.355532,6.1932535
ISIC_2149878,9.44615,6.512973
ISIC_2153041,9.248381,8.496454
ISIC_2153401,7.413689,9.996613
ISIC_2153686,7.576849,9.686109
ISIC_2170268,5.6682053,8.60857
ISIC_2176112,9.221319,5.205282
ISIC_2177103,6.7282248,3.8655884
ISIC_2179705,6.6732507,7.460547
ISIC_2185005,10.689768,6.675681
ISIC_2190396,10.255009,7.4026117
ISIC_2196575,3.8806188,6.964264
ISIC_2198823,5.4807715,7.316098
ISIC_2200197,6.2595706,9.453381
ISIC_2204976,8.192593,5.8235435
ISIC_2211948,9.092479,8.925837
ISIC_2212637,4.4690995,3.739675
ISIC_2220505,5.809653,6.5816813
ISIC_2222084,5.530063,5.5204453
ISIC_2226191,6.6644073,9.614701
ISIC_2230091,11.039603,6.1652384
ISIC_2232442,7.363689,6.944207
ISIC_2243107,9.799409,7.715437
ISIC_2243756,7.585353,5.973797
ISIC_2255411,9.183234,6.5352254
ISIC_2267440,6.539149,8.430694
ISIC_2268341,6.8545938,9.824582
ISIC_2272218,9.405325,7.6157675
ISIC_2277714,10.164181,7.936122
ISIC_2286443,4.572552,3.8869815
ISIC_2305541,7.391067,8.897281
ISIC_2309271,5.8328676,3.719818
ISIC_2310935,6.982628,6.5143285
ISIC_2318474,8.551144,8.130883
ISIC_2320481,4.107384,8.920866
ISIC_2337531,6.547589,5.988828
ISIC_2339295,4.9622407,3.7656572
ISIC_2339761,5.756355,3.240082
ISIC_2340958,4.4187303,3.8856707
ISIC_2341309,9.358312,6.7871523
ISIC_2342769,7.2928567,4.863333
ISIC_2351999,4.9032426,9.053464
ISIC_2362051,6.2373366,5.701642
ISIC_2364150,5.8674297,8.763882
ISIC_2367098,8.445655,7.9313903
ISIC_2368188,7.2939086,5.1361103
ISIC_2368449,8.144792,5.1710415
ISIC_2377844,8.9545,7.4213924
ISIC_2406492,7.591549,8.710287
ISIC_2412113,7.0904346,9.9905205
ISIC_2421565,4.9902887,4.5422397
ISIC_2425757,5.3139367,5.4382524
ISIC_2427899,6.2535257,5.5255957
ISIC_2433965,10.088041,6.7224813
ISIC_2434588,7.289732,10.111865
ISIC_2437633,9.440155,5.49238
ISIC_2438481,2.9970171,4.8899927
ISIC_2447578,10.692333,6.0640783
ISIC_2448897,7.378842,4.33484
ISIC_2465799,4.6888943,8.055485
ISIC_2468476,9.4105215,7.663967
ISIC_2481044,8.750562,7.2498198
ISIC_2496140,6.5213,8.588202
ISIC_2505335,4.9814253,8.562457
ISIC_2513018,5.1748896,6.1348295
ISIC_2525084,5.9022064,6.981342
ISIC_2528358,5.701572,7.3144746
ISIC_2535541,7.5916314,4.3918056
ISIC_2556057,4.0797424,5.546585
ISIC_2558169,4.4327297,4.1080627
ISIC_2560699,8.362321,6.2074623
ISIC_2561898,6.865205,8.520407
ISIC_2565206,6.0354376,9.142036
ISIC_2574924,8.554236,8.749716
ISIC_2577849,7.768659,9.812737
ISIC_2594715,10.046415,8.359782
ISIC_2607827,9.515904,6.646063
ISIC_2609984,11.1148405,6.5349274
ISIC_2619021,5.951656,7.5433297
ISIC_2637608,9.428386,6.396775
ISIC_2646829,7.303902,10.042762
ISIC_2663597,8.525748,5.4516625
ISIC_2668481,8.253626,6.203791
ISIC_2685593,7.683333,6.082052
ISIC_2697083,7.706412,9.932826
ISIC_2700320,7.6464605,7.090141
ISIC_2710427,3.9215124,7.1782327
ISIC_2717192,8.766438,6.31844
ISIC_2720971,8.9365835,6.694851
ISIC_2724529,8.941791,7.236979
ISIC_2742711,4.9866066,3.5675683
ISIC_2750230,8.725602,7.6630096
ISIC_2757332,9.434092,6.8577247
ISIC_2757355,7.544487,9.914359
ISIC_2757370,7.7273464,7.576243
ISIC_2766590,10.001952,6.203832
ISIC_2772824,7.7255197,9.886414
ISIC_2776906,6.6998076,8.473865
ISIC_2779036,4.173177,8.82799
ISIC_2792717,7.858436,8.244025
ISIC_2793180,5.7265005,7.402505
ISIC_2797353,10.867372,6.325589
ISIC_2801005,9.838643,8.637298
ISIC_2814689,3.8887818,7.2940516
ISIC_2818959,6.664543,7.5654936
ISIC_2822718,7.987945,8.0097275
ISIC_2823287,8.201458,6.5106335
ISIC_2824922,6.028422,9.258806
ISIC_2826181,5.307317,4.4722958
ISIC_2837581,5.491891,5.626353
ISIC_2839742,8.124916,6.9832835
ISIC_2841788,5.662891,7.29548
ISIC_2843665,8.007809,4.30808
ISIC_2844539,10.942528,6.1210546
ISIC_2850215,5.5598674,7.481789
ISIC_2857128,5.8419127,7.3662333
ISIC_2861132,6.0602937,7.023074
ISIC_2863863,4.8328404,3.7439153
ISIC_2867416,9.5049515,7.922134
ISIC_2867998,8.8528595,6.4249597
ISIC_2871230,7.4421034,9.990394
ISIC_2879057,6.046992,6.645534
ISIC_2883463,7.38926,9.715075
ISIC_2883756,4.2455745,8.911929
ISIC_2884038,8.203158,5.534045
ISIC_2884112,2.9738708,4.8336997
ISIC_2900150,8.264356,5.377317
ISIC_2916754,9.824327,6.2351036
ISIC_2937642,9.448561,7.1750193
ISIC_2957465,9.961061,6.961785
ISIC_2957732,9.002474,8.475623
ISIC_2958480,5.7319703,4.453228
ISIC_2966808,5.88537,4.315833
ISIC_2967024,8.153191,7.831548
ISIC_2974214,7.678256,10.003786
ISIC_2975580,7.425409,10.020498
ISIC_2979177,6.193779,4.6680174
ISIC_2979268,9.39754,8.016099
ISIC_2979795,5.852466,3.7513041
ISIC_2987613,5.796666,3.3614275
ISIC_3016243,7.35048,10.046221
ISIC_3023646,6.0757284,6.241339
ISIC_3025889,7.8426504,7.057085
ISIC_3028754,7.0994873,7.141842
ISIC_3030394,9.186314,6.0187454
ISIC_3033701,9.8911915,6.163092
ISIC_3035927,7.42952,4.977227
ISIC_3045480,8.093355,8.255856
ISIC_3045939,8.2769985,5.1317863
ISIC_3046271,5.577066,4.191374
ISIC_3056854,7.567306,4.2736716
ISIC_3065032,8.146151,8.026093
ISIC_3068885,4.1093907,8.844472
ISIC_3077674,9.8226385,6.2285943
ISIC_3084312,4.6766534,8.812691
ISIC_3094758,7.836906,5.8783946
ISIC_3108597,4.1269794,4.4491987
ISIC_3110126,9.266741,5.6447563
ISIC_3137117,4.9830637,3.7910304
ISIC_3143079,4.3129787,4.152915
ISIC_3147084,7.8120427,6.415105
ISIC_3159924,8.914994,6.4680037
ISIC_3162213,7.3199816,8.3992195
ISIC_3174039,6.407648,8.267931
ISIC_3176105,4.493179,3.7799807
ISIC_3192152,4.2630982,3.927443
ISIC_3197211,7.2933555,7.270892
ISIC_3203344,11.100054,7.0016217
ISIC_3204703,8.658522,7.6519375
ISIC_3207651,7.6502657,8.1603365
ISIC_3235131,8.497458,8.76294
ISIC_3236033,7.5391326,8.844659
ISIC_3241636,5.22958,7.79886
ISIC_3244067,10.014461,7.9739265
ISIC_3248418,5.59219,3.3702674
ISIC_3249814,4.187674,3.8706946
ISIC_3253484,8.887337,5.0573487
ISIC_3259871,6.520217,5.452937
ISIC_3265514,6.806857,6.9401994
ISIC_3268800,9.55453,5.807448
ISIC_3275875,9.593895,7.7424493
ISIC_3281565,5.123483,5.0780897
ISIC_3286186,7.144956,6.3105
ISIC_3301933,9.242956,7.3731475
ISIC_3320667,4.51456,4.1415544
ISIC_3323866,7.5291743,8.188477
ISIC_3327928,5.1278987,7.1063876
ISIC_3331737,7.5489035,5.823742
ISIC_3335354,4.3669696,8.035211
ISIC_3335904,9.75556,6.008247
ISIC_3338629,6.643776,8.899743
ISIC_3343475,7.6422744,4.157642
ISIC_3352464,5.580744,4.325594
ISIC_3381026,5.593737,3.7056582
ISIC_3389695,10.86162,6.6538196
ISIC_3391427,7.799831,9.812226
ISIC_3399306,6.7393885,9.825195
ISIC_3404294,10.696761,6.697166
ISIC_3408231,8.505229,5.5102
ISIC_3412012,9.15903,6.4641557
ISIC_3412801,4.1675897,7.10011
ISIC_3427218,3.834014,8.1574
ISIC_3433909,4.910655,4.518025
ISIC_3435596,7.1835833,9.995524
ISIC_3436033,6.34113,6.5799212
ISIC_3440239,4.6552987,3.881731
ISIC_3440759,4.1839,8.811661
ISIC_3446357,6.0719995,6.9316316
ISIC_3450017,9.402932,5.139048
ISIC_3464344,7.3721943,7.430723
ISIC_3469595,10.413158,7.342251
ISIC_3475660,7.106859,10.034649
ISIC_3476246,5.447193,4.589912
ISIC_3478473,7.9104795,8.470363
ISIC_3481499,8.2373905,5.7352476
ISIC_3491406,6.169145,5.411415
ISIC_3510420,8.529665,6.3344707
ISIC_3511086,5.560587,6.9492445
ISIC_3517311,6.99881,10.020937
ISIC_3522656,5.6796837,4.769662
ISIC_3535003,5.6885133,4.3859744
ISIC_3540915,6.2978516,4.5164557
ISIC_3541529,5.872148,3.269991
ISIC_3544253,4.399901,4.278428
ISIC_3544463,4.358382,3.888721
ISIC_3545006,4.183796,4.4159703
ISIC_3559219,6.4138837,4.397155
ISIC_3561065,7.2605963,6.6104364
ISIC_3570575,5.858343,9.400567
ISIC_3576876,7.257176,10.127362
ISIC_3578300,5.8128734,4.5900974
ISIC_3587674,7.3192143,7.278229
ISIC_3590167,9.5767975,6.718567
ISIC_3598192,8.583809,6.287522
ISIC_3622555,10.257244,6.188734
ISIC_3635831,4.503648,6.5716705
ISIC_3642019,6.1026998,7.8931594
ISIC_3665449,6.5451283,6.0464687
ISIC_3666865,7.2878685,7.1396317
ISIC_3666967,10.533415,7.810049
ISIC_3667052,6.07708,7.88035
ISIC_3670069,6.1123843,7.3842134
ISIC_3677029,5.6685476,4.5544615
ISIC_3689252,9.577243,7.171836
ISIC_3690890,5.179904,7.728344
ISIC_3696488,7.8366013,6.5324416
ISIC_3698441,5.556305,7.2064757
ISIC_3704603,7.255237,7.073923
ISIC_3719985,7.827839,4.9114847
ISIC_3733653,9.1752615,6.363321
ISIC_3736336,9.541138,7.7620187
ISIC_3738751,7.01335,9.961971
ISIC_3740014,5.290027,9.194417
ISIC_3750329,8.688941,4.8919
ISIC_3763984,9.242855,6.967826
ISIC_3773277,6.9968643,8.622877
ISIC_3775417,10.94285,7.3469367
ISIC_3778192,6.453349,6.768891
ISIC_3783659,8.635728,7.836475
ISIC_3796317,5.519214,4.1681113
ISIC_3803651,9.075833,6.7614365
ISIC_3807230,8.28781,5.4626
ISIC_3817719,7.5284142,10.144233
ISIC_3824206,6.9026117,8.526001
ISIC_3842916,8.85569,7.630753
ISIC_3880022,8.032671,7.5808587
ISIC_3883863,8.799823,7.1774297
ISIC_3891136,7.034177,8.6122
ISIC_3895426,5.914079,3.3160262
ISIC_3909039,9.672276,6.559446
ISIC_3915890,7.4531136,10.133429
ISIC_3933164,9.832942,5.6914496
ISIC_3936223,5.9418545,7.2171526
ISIC_3941123,7.291281,4.331771
ISIC_3944634,9.5423355,5.380751
ISIC_3951937,4.6649246,3.816174
ISIC_3957660,4.534095,8.227566
ISIC_3963183,11.047223,6.3631535
ISIC_3965087,4.446882,8.808468
ISIC_3969411,4.1309795,8.875906
ISIC_3976496,7.2381163,9.9610195
ISIC_3979826,6.3087306,9.642931
ISIC_3985031,7.3328905,7.779845
ISIC_3993924,8.091827,5.973237
ISIC_3994385,6.7884774,4.25224
ISIC_3996796,9.437152,6.9389024
ISIC_4000481,6.8833666,8.374214
ISIC_4005082,4.8853655,3.7129579
ISIC_4009870,7.834088,6.23349
ISIC_4027194,10.070821,7.3142886
ISIC_4048896,5.418687,5.4509373
ISIC_4064478,3.8302972,7.065495
ISIC_4092287,6.0205855,4.000039
ISIC_4097868,7.892475,6.6616817
ISIC_4117748,4.2071795,7.426701
ISIC_4118006,10.770084,6.0045485
ISIC_4119530,5.75726,4.391777
ISIC_4120174,7.307884,7.777078
ISIC_4122691,4.213123,6.567642
ISIC_4152922,10.693163,6.709047
ISIC_4163686,7.443424,10.056021
ISIC_4168419,5.9191394,6.501611
ISIC_4170698,8.110163,7.350403
ISIC_4171657,4.6346197,4.45198
ISIC_4176718,5.021202,4.1884394
ISIC_4177450,4.9982004,4.780594
ISIC_4184681,3.632976,7.7920794
ISIC_4207959,7.629666,5.8037786
ISIC_4210924,5.209502,5.7005057
ISIC_4212047,6.35182,5.361356
ISIC_4212546,7.934598,5.8668427
ISIC_4221304,10.67366,7.3086395
ISIC_4223155,9.999525,6.842602
ISIC_4223497,3.918278,8.26898
ISIC_4229473,6.2692566,6.6998105
ISIC_4230049,3.785006,8.294089
ISIC_4235575,7.111379,5.956118
ISIC_4249493,6.860117,8.015044
ISIC_4258047,6.521464,9.651325
ISIC_4266533,7.677236,10.014572
ISIC_4276255,7.2066717,6.8496594
ISIC_4277953,8.945315,7.564788
ISIC_4282399,8.185509,6.133217
ISIC_4301676,4.6421957,5.1849027
ISIC_4301916,9.512274,6.6384883
ISIC_4346693,5.8704534,8.807614
ISIC_4347535,9.4773,6.5685134
ISIC_4349272,7.7467294,5.854032
ISIC_4352505,5.6316476,4.8298883
ISIC_4359352,7.4972157,4.3077164
ISIC_4362713,5.765836,8.671262
ISIC_4375866,9.19377,5.6413026
ISIC_4377208,7.2426085,10.082369
ISIC_4378189,6.2983985,6.677537
ISIC_4398011,6.6542335,7.48176
ISIC_4404772,7.589149,9.976619
ISIC_4407852,5.444376,4.447766
ISIC_4408559,8.940518,4.951232
ISIC_4408961,10.961391,6.1169605
ISIC_4411858,4.0989695,5.594933
ISIC_4412550,6.0095987,4.5100636
ISIC_4425322,10.14058,7.361517
ISIC_4425657,7.4099884,9.968087
ISIC_4427247,3.8395467,8.307637
ISIC_4439054,5.7894683,7.5416403
ISIC_4461272,6.5091166,4.3834066
ISIC_4464389,9.541632,6.4887652
ISIC_4467312,8.711682,6.1083336
ISIC_4469476,10.167304,5.6747584
ISIC_4482349,6.668546,5.0713396
ISIC_4485467,6.4423747,7.61323
ISIC_4493482,7.5807233,4.1947956
ISIC_4508878,6.8946347,8.382463
ISIC_4510530,7.8291187,6.6137156
ISIC_4525317,8.494388,7.279861
ISIC_4529513,4.7167535,3.712479
ISIC_4530856,5.6449246,4.340467
ISIC_4547332,10.183335,7.5423675
ISIC_4572891,5.6610007,3.2838385
ISIC_4590186,9.56921,7.115364
ISIC_4597293,6.217701,8.551658
ISIC_4615762,9.424618,7.8353496
ISIC_4619789,8.537882,5.8132277
ISIC_4619903,10.631546,6.537482
ISIC_4633843,8.214228,6.106083
ISIC_4643793,4.097622,5.6394973
ISIC_4647281,5.580084,4.55593
ISIC_4653503,9.090703,7.7236123
ISIC_4676270,8.600369,5.403006
ISIC_4688289,3.951529,5.8933997
ISIC_4691689,7.84034,7.532777
ISIC_4699695,8.337147,7.09409
ISIC_4703321,10.266465,8.1881695
ISIC_4719387,9.854343,7.949756
ISIC_4730066,10.953805,6.3121977
ISIC_4733114,2.9830325,4.8637934
ISIC_4746369,3.7916484,7.396453
ISIC_4750271,7.8113585,7.5191154
ISIC_4775986,4.1534066,4.4172626
ISIC_4780727,7.097995,7.5758243
ISIC_4781223,7.0612383,8.825278
ISIC_4810142,7.935191,9.817168
ISIC_4810227,8.722307,8.135194
ISIC_4813568,9.480557,7.168321
ISIC_4839117,4.624057,3.9959598
ISIC_4842587,9.899939,6.3384576
ISIC_4851185,6.5467696,6.1722255
ISIC_4851366,8.036646,9.561731
ISIC_4867646,10.080417,7.7821875
ISIC_4868339,3.0129783,4.8821034
ISIC_4874581,8.5717,7.638074
ISIC_4891117,5.494504,3.2355208
ISIC_4905375,6.631058,9.597621
ISIC_4907655,3.062753,4.9262834
ISIC_4916704,6.036488,5.4016395
ISIC_4936662,9.900462,5.776712
ISIC_4938994,7.292376,10.108117
ISIC_4953281,10.597632,6.338652
ISIC_4957310,7.649115,7.0428267
ISIC_4960784,7.3337207,7.703636
ISIC_4961146,6.8324227,7.469606
ISIC_4967361,6.716454,8.026957
ISIC_4967564,6.052714,9.204619
ISIC_4967586,6.013888,7.007027
ISIC_4968384,7.583221,10.172027
ISIC_4969277,3.009309,4.8955326
ISIC_4975524,8.446541,5.871031
ISIC_4980656,9.188547,5.326941
ISIC_4981914,4.2068357,3.8764567
ISIC_4982046,5.703172,9.187738
ISIC_4985027,9.915127,6.3710513
ISIC_5003828,6.0375924,4.4217057
ISIC_5010212,9.202614,7.9003696
ISIC_5015551,2.7350159,6.648708
ISIC_5019119,9.286407,7.652941
ISIC_5021861,11.058064,7.0170217
ISIC_5024302,6.0444517,3.8575783
ISIC_5033005,7.96824,4.329373
ISIC_5036772,5.292761,4.6588755
ISIC_5037784,9.265386,5.834009
ISIC_5044438,9.647352,6.7749906
ISIC_5044571,6.6088076,9.767399
ISIC_5045600,7.8812804,6.34212
ISIC_5046082,4.9977274,8.923983
ISIC_5082179,4.20382,3.8962522
ISIC_5084113,6.5179944,4.7698817
ISIC_5086349,8.155948,4.834977
ISIC_5086721,7.272598,5.9352937
ISIC_5089962,8.404,7.694316
ISIC_5091996,11.084936,7.449945
ISIC_5095180,8.160696,8.742752
ISIC_5127249,6.177619,3.2455523
ISIC_5129659,7.0850277,8.648385
ISIC_5137933,8.149208,5.294468
ISIC_5140952,11.27231,6.8417363
ISIC_5144687,7.7299433,5.8584576
ISIC_5147292,9.941428,7.6272635
ISIC_5156491,6.494389,6.9830766
ISIC_5163263,6.7649603,4.1446133
ISIC_5167209,8.625212,8.686886
ISIC_5172576,8.526576,7.3626566
ISIC_5182952,9.074668,5.327989
ISIC_5191344,10.6165905,6.14676
ISIC_5216586,6.984459,9.895081
ISIC_5224517,3.998194,5.160472
ISIC_5224960,7.9970565,9.556804
ISIC_5247560,6.3508654,9.019546
ISIC_5253746,6.9789915,7.335621
ISIC_5258657,7.505621,10.091339
ISIC_5260050,7.471129,4.4188895
ISIC_5267208,7.493592,9.646083
ISIC_5272223,6.489591,7.7794914
ISIC_5273210,5.8655405,4.3750944
ISIC_5281117,4.451196,3.8160381
ISIC_5286801,8.088906,6.637974
ISIC_5288393,8.724562,6.1953855
ISIC_5289849,3.8559244,6.9944963
ISIC_5292024,3.9102027,5.974036
ISIC_5296963,7.9132533,7.6247215
ISIC_5306850,7.608131,7.8354383
ISIC_5312996,10.698556,7.6321235
ISIC_5315062,5.827755,8.200904
ISIC_5330187,5.687857,8.965305
ISIC_5343231,9.962656,6.3383636
ISIC_5350216,10.248595,7.184733
ISIC_5352496,8.676624,6.914376
ISIC_5356475,5.8309836,3.2472117
ISIC_5363974,5.817829,4.467257
ISIC_5367118,8.37823,6.0403194
ISIC_5369000,7.5572166,10.087093
ISIC_5388184,6.818408,5.704709
ISIC_5391607,5.68376,4.420175
ISIC_5391758,7.4522505,8.832842
ISIC_5395518,5.797279,4.3598046
ISIC_5415749,6.5217576,6.963905
ISIC_5415761,6.856231,8.509172
ISIC_5418441,4.4201026,3.931751
ISIC_5423259,10.6779785,7.751892
ISIC_5425721,7.915915,7.738397
ISIC_5426249,10.094367,5.921287
ISIC_5434661,8.255332,6.7011147
ISIC_5442968,9.224563,7.082871
ISIC_5449076,7.7961593,7.508539
ISIC_5452980,7.906206,4.6950254
ISIC_5461210,6.8503795,8.486256
ISIC_5461797,5.6643147,4.1690044
ISIC_5481480,8.964926,5.9845605
ISIC_5495413,10.422466,7.7511797
ISIC_5505677,4.543243,8.850214
ISIC_5509679,6.5850906,6.913863
ISIC_5511054,8.182923,8.788826
ISIC_5527224,8.429971,5.328587
ISIC_5531874,6.3010807,7.0775137
ISIC_5533992,5.143298,7.8321524
ISIC_5534730,8.186421,5.716073
ISIC_5539423,6.5000834,7.7185626
ISIC_5541499,9.497005,5.7796416
ISIC_5565758,8.958637,5.4561315
ISIC_5573077,5.759221,4.3506126
ISIC_5576354,4.415059,9.097906
ISIC_5581297,7.6213846,9.977742
ISIC_5581931,7.330984,4.4405336
ISIC_5582910,5.4149528,3.2533069
ISIC_5585090,7.3143225,10.033318
ISIC_5602826,4.473608,8.720642
ISIC_5605645,8.492739,5.3785324
ISIC_5608178,8.923175,5.2870717
ISIC_5610304,4.5321884,4.0348196
ISIC_5612133,6.939423,8.558932
ISIC_5619562,4.205227,4.440245
ISIC_5620802,10.878426,6.7933006
ISIC_5628874,5.38285,7.3163223
ISIC_5642824,7.356503,10.189815
ISIC_5646747,5.880085,4.36522
ISIC_5647607,4.687236,4.035538
ISIC_5648033,6.5708814,7.722544
ISIC_5658925,5.418669,3.2167528
ISIC_5664695,9.898507,6.278063
ISIC_5667461,7.583903,9.989405
ISIC_5669463,4.520939,3.8104029
ISIC_5673518,6.643031,6.909066
ISIC_5699993,6.103121,4.4444833
ISIC_5700648,7.581225,4.2942233
ISIC_5704967,4.3534093,3.8493693
ISIC_5709512,4.5042086,5.59317
ISIC_5711232,7.995897,7.317199
ISIC_5714835,7.336763,7.9433537
ISIC_5719436,10.906981,6.122548
ISIC_5732201,7.298882,10.086322
ISIC_5744196,10.788573,6.7352676
ISIC_5745126,5.2408514,7.645655
ISIC_5747486,7.5656567,8.612357
ISIC_5747942,10.15757,6.197138
ISIC_5752865,3.7805822,7.590433
ISIC_5762714,7.4108634,5.0621066
ISIC_5763228,4.9234915,8.089763
ISIC_5771780,3.7635489,7.934459
ISIC_5774484,8.732124,6.13099
ISIC_5776649,6.8248425,9.747851
ISIC_5785135,6.3351016,6.28559
ISIC_5791954,7.300205,7.883675
ISIC_5795436,8.461614,6.9344454
ISIC_5797062,8.719523,7.0890527
ISIC_5801650,10.102047,8.11729
ISIC_5820693,9.194348,8.100947
ISIC_5829938,7.5486255,6.581078
ISIC_5839875,4.682007,4.27056
ISIC_5841971,8.957964,8.092763
ISIC_5847821,7.6683865,10.05393
ISIC_5862918,8.964861,8.099669
ISIC_5863574,8.620737,7.5927496
ISIC_5864088,8.573306,4.811368
ISIC_5867911,6.0137877,4.579543
ISIC_5868291,4.3370357,7.9184127
ISIC_5889858,6.7443876,4.849681
ISIC_5892763,5.3011975,7.4520235
ISIC_5912360,4.6580195,8.072919
ISIC_5915244,10.74747,6.6842337
ISIC_5920681,5.253642,4.081288
ISIC_5922588,5.160853,7.074786
ISIC_5983500,8.055267,6.808375
ISIC_5988562,5.5460734,3.305998
ISIC_5994923,10.78847,8.2247715
ISIC_5998475,5.321891,4.1108274
ISIC_6004197,7.404067,8.423937
ISIC_6012573,5.486078,5.1823344
ISIC_6013467,5.857596,4.1107993
ISIC_6016537,8.227051,5.727299
ISIC_6024335,5.516038,7.5471654
ISIC_6034442,10.393095,7.990063
ISIC_6038463,5.5796576,4.6205273
ISIC_6044114,7.115967,5.699968
ISIC_6046943,10.316026,7.5411134
ISIC_6048752,5.6864495,8.498552
ISIC_6056121,9.750079,6.7072134
ISIC_6059520,7.082461,9.769893
ISIC_6066292,6.1776714,4.6892133
ISIC_6089318,8.325684,6.039205
ISIC_6090497,5.084675,3.6832407
ISIC_6096565,9.840113,6.4387174
ISIC_6099563,9.320572,7.9756804
ISIC_6099785,8.0613985,7.409364
ISIC_6110888,4.173622,8.992264
ISIC_6119202,7.7206707,7.56026
ISIC_6124481,6.2582865,3.476743
ISIC_6125652,4.3329024,8.711055
ISIC_6126704,5.6906123,3.789939
ISIC_6133338,6.748217,4.207091
ISIC_6135643,9.612618,6.578756
ISIC_6159600,6.8563285,7.305342
ISIC_6172037,5.241744,4.670201
ISIC_6184891,7.9529724,5.3349504
ISIC_6190621,9.211412,7.241406
ISIC_6193654,5.8831115,3.2476635
ISIC_6210303,4.1691017,3.8937466
ISIC_6220625,7.81771,9.65783
ISIC_6228963,7.8271184,7.3941183
ISIC_6248008,7.6993284,5.538917
ISIC_6251753,5.986008,6.98516
ISIC_6255113,7.6736,6.914936
ISIC_6269166,5.8641543,7.405897
ISIC_6269738,4.3771195,3.8856795
ISIC_6275817,7.2910533,7.693996
ISIC_6278273,6.631008,9.849736
ISIC_6278558,10.043519,6.9184628
ISIC_6285925,6.773793,9.552052
ISIC_6288607,4.9087353,3.7431562
ISIC_6291375,4.287808,6.9513063
ISIC_6299036,5.680034,7.3875046
ISIC_6300866,7.5853796,6.4178314
ISIC_6307097,7.2054744,10.064749
ISIC_6313487,7.298366,10.045222
ISIC_6321476,10.770614,6.6651845
ISIC_6348638,10.060795,7.558845
ISIC_6352565,9.881049,6.333533
ISIC_6364782,6.355175,8.841373
ISIC_6366417,10.300881,5.6370482
ISIC_6369740,7.0366874,8.861579
ISIC_6378347,6.1598964,6.5686502
ISIC_6381819,3.4486694,5.3953466
ISIC_6392461,7.237075,10.065259
ISIC_6398283,9.92541,6.3050966
ISIC_6398669,10.452777,6.8195844
ISIC_6410570,3.939045,7.1777377
ISIC_6410859,8.436504,5.9984603
ISIC_6415722,6.126278,3.3323588
ISIC_6427430,7.384875,7.8498645
ISIC_6428004,5.57678,7.16529
ISIC_6450034,9.037376,7.9841537
ISIC_6471282,8.9624815,7.9385695
ISIC_6496251,6.3172708,7.812088
ISIC_6496370,5.107399,7.0214405
ISIC_6509682,9.137529,6.0322695
ISIC_6512653,4.9863744,8.799125
ISIC_6516710,7.7166824,7.0335417
ISIC_6526489,8.756773,7.21515
ISIC_6529350,5.981139,3.6870947
ISIC_6535558,10.381049,7.524167
ISIC_6539127,10.088518,7.296237
ISIC_6541615,7.674698,8.005572
ISIC_6549364,5.3706894,8.908938
ISIC_6550602,4.1456776,4.424238
ISIC_6555290,7.1263857,10.017448
ISIC_6556373,8.3302355,6.8327746
ISIC_6561111,8.40858,6.0325646
ISIC_6563304,10.215593,6.2251205
ISIC_6578433,5.7347555,4.183703
ISIC_6581411,7.3288355,10.067186
ISIC_6584579,9.910857,6.334953
ISIC_6586433,9.723662,6.413462
ISIC_6596926,6.82798,5.64163
ISIC_6603938,10.110835,7.9115934
ISIC_6618014,10.070238,7.7078967
ISIC_6620377,7.6844373,8.763414
ISIC_6620748,8.034461,8.576257
ISIC_6625102,11.283099,7.044892
ISIC_6634951,7.458014,10.034251
ISIC_6635963,8.657096,8.459781
ISIC_6646939,7.8173966,7.787608
ISIC_6666090,5.157684,3.5646324
ISIC_6668093,8.219799,5.9670568
ISIC_6671773,6.4786925,6.9981275
ISIC_6674797,7.9824314,7.23273
ISIC_6683697,10.333107,6.587966
ISIC_6688417,10.125588,7.331652
ISIC_6689453,6.557261,5.0415096
ISIC_6692344,9.740867,6.9077477
ISIC_6695831,4.0734825,8.698904
ISIC_6707573,8.426626,4.860474
ISIC_6713432,4.292724,8.886279
ISIC_6714082,6.7279735,8.771557
ISIC_6720909,6.3950825,8.831846
ISIC_6736963,9.234816,6.6333475
ISIC_6747251,6.7795887,5.418816
ISIC_6752882,4.5086546,3.808289
ISIC_6767569,5.187829,5.2821927
ISIC_6784593,10.302644,6.3887696
ISIC_6785680,9.975779,5.94707
ISIC_6786198,9.55788,7.321895
ISIC_6809586,7.863986,7.7284684
ISIC_6811237,9.863224,5.7619796
ISIC_6814727,9.774309,6.747904
ISIC_6819805,6.5657454,5.887555
ISIC_6833525,8.756015,8.362494
ISIC_6841294,5.635911,8.40368
ISIC_6850912,5.139896,4.7285104
ISIC_6851408,7.253601,4.5545535
ISIC_6873657,7.178183,7.4007897
ISIC_6875745,6.188035,6.9152265
ISIC_6881589,5.471986,7.362308
ISIC_6892280,5.4145155,3.6604538
ISIC_6892286,10.180562,6.6888814
ISIC_6904082,10.001056,5.8776393
ISIC_6904950,7.109002,5.837227
ISIC_6912369,5.221292,4.343542
ISIC_6925729,7.7231016,9.850303
ISIC_6927840,6.2749014,6.8502994
ISIC_6931277,6.4000697,7.02244
ISIC_6931629,5.145807,7.6703467
ISIC_6945634,9.666079,7.312972
ISIC_6959281,7.9167128,8.141332
ISIC_6961503,8.144978,7.4814997
ISIC_6966001,8.529147,7.2365317
ISIC_6967412,8.034457,7.5574746
ISIC_6971606,7.395103,9.95187
ISIC_6982386,7.2289014,10.066724
ISIC_6993040,4.4971066,6.363323
ISIC_7000719,3.732099,7.95498
ISIC_7003002,4.904084,3.6991756
ISIC_7010159,7.3440504,10.036628
ISIC_7010755,7.5449467,10.039456
ISIC_7035246,5.4984193,9.628366
ISIC_7045012,5.574704,4.040109
ISIC_7062201,4.717135,4.11185
ISIC_7064511,5.2696304,6.2465515
ISIC_7070020,4.266272,8.921281
ISIC_7074321,6.551237,8.602362
ISIC_7075474,10.588059,5.5536194
ISIC_7075768,4.333611,8.825418
ISIC_7079349,8.765503,7.9129014
ISIC_7080469,8.752915,7.151663
ISIC_7081819,2.9589,4.831864
ISIC_7084754,3.7596714,5.5711074
ISIC_7085235,4.9094853,8.000193
ISIC_7092052,7.566811,5.4466367
ISIC_7097931,9.672788,6.6297045
ISIC_7098141,7.5002627,6.6421447
ISIC_7100755,5.9760103,6.9465747
ISIC_7101732,7.842203,7.7193255
ISIC_7110531,9.551509,6.828491
ISIC_7130929,10.601413,6.554983
ISIC_7146293,6.530081,8.855703
ISIC_7146494,6.085779,4.5340137
ISIC_7170025,5.847921,6.8557663
ISIC_7181296,8.045532,7.2480083
ISIC_7183212,8.826224,5.290917
ISIC_7190243,9.820286,6.8117347
ISIC_7195248,6.642508,9.770813
ISIC_7202197,7.42484,10.035846
ISIC_7205745,7.3414507,9.989728
ISIC_7218890,8.195231,5.618015
ISIC_7235128,7.9648824,6.5218587
ISIC_7239902,8.580332,8.896034
ISIC_7253401,7.267647,10.084744
ISIC_7254359,8.19253,5.646352
ISIC_7261174,10.472389,6.684036
ISIC_7265673,6.495982,9.714789
ISIC_7285359,4.521632,3.7308064
ISIC_7287303,9.109873,7.9833198
ISIC_7293518,7.1803923,9.573062
ISIC_7303630,7.770615,6.862371
ISIC_7312977,7.189108,9.8247385
ISIC_7317366,5.579838,4.500313
ISIC_7320371,7.7019215,7.26135
ISIC_7321503,5.8695917,3.7240345
ISIC_7327423,6.3163986,8.393808
ISIC_7334939,6.1931586,7.547679
ISIC_7338073,9.598391,7.737285
ISIC_7338502,7.5693736,6.9655113
ISIC_7346228,4.990138,3.654152
ISIC_7349440,10.766028,6.3857183
ISIC_7352298,5.714111,5.238299
ISIC_7353870,6.3023167,7.192579
ISIC_7356320,6.022866,4.5625577
ISIC_7365059,10.072771,6.7697263
ISIC_7371801,4.3833957,8.782197
ISIC_7372719,7.3251953,10.108534
ISIC_7373164,7.149989,5.3148856
ISIC_7376452,4.3448267,4.250625
ISIC_7399648,6.919961,8.444509
ISIC_7410175,7.9685225,7.1457844
ISIC_7412327,7.80655,7.5219865
ISIC_7423595,5.758255,4.4003005
ISIC_7429994,7.492736,8.832258
ISIC_7443971,10.828449,7.668164
ISIC_7453676,5.1143727,7.8917284
ISIC_7457700,8.314277,7.9627137
ISIC_7460887,4.8591495,8.202804
ISIC_7462953,7.606671,7.0228424
ISIC_7465137,6.669857,3.6284413
ISIC_7466678,9.142627,5.451898
ISIC_7472087,5.5104537,7.1152
ISIC_7473000,6.462962,4.4819326
ISIC_7489564,6.6374006,8.141962
ISIC_7490240,10.604338,7.816232
ISIC_7503950,9.036622,8.1178
ISIC_7520843,7.1826563,9.826027
ISIC_7536704,7.1690474,7.3332715
ISIC_7541596,7.1577697,5.295567
ISIC_7542458,6.602085,4.2004337
ISIC_7545691,4.4335823,3.831957
ISIC_7545731,9.480417,7.1865935
ISIC_7546219,8.463843,6.478029
ISIC_7548342,6.4467363,8.655825
ISIC_7554287,3.8078887,7.015554
ISIC_7560933,10.334376,6.234636
ISIC_7563950,4.217568,7.203081
ISIC_7564517,4.432187,3.8075583
ISIC_7573463,6.458888,8.792505
ISIC_7577395,9.938368,5.8833656
ISIC_7594243,9.932205,6.4329433
ISIC_7599710,5.0769815,4.597398
ISIC_7612992,10.508646,7.676687
ISIC_7614221,7.466935,9.966273
ISIC_7626256,6.890234,8.457154
ISIC_7636412,10.7621565,7.502467
ISIC_7638974,6.869741,8.040524
ISIC_7640631,6.561361,7.5193553
ISIC_7643593,7.265341,8.587102
ISIC_7657322,7.8826957,6.3105826
ISIC_7658729,10.347876,6.8074064
ISIC_7660163,7.8104143,4.9498677
ISIC_7662910,7.6890407,4.5248666
ISIC_7666432,5.323089,3.527967
ISIC_7680948,5.8884144,8.318599
ISIC_7682533,9.038056,7.3265815
ISIC_7683106,6.075486,3.290531
ISIC_7693611,9.203246,7.950564
ISIC_7695263,5.228888,7.5625057
ISIC_7713609,3.8709571,7.0700846
ISIC_7715671,3.8551774,7.6772265
ISIC_7718206,5.384585,8.135348
ISIC_7724762,5.5221105,7.4458194
ISIC_7747712,6.2018027,7.117982
ISIC_7748311,6.4763303,9.510761
ISIC_7755096,10.055214,7.127347
ISIC_7759222,5.6824822,4.1663146
ISIC_7763042,10.994366,7.43054
ISIC_7784876,3.9259174,8.088044
ISIC_7785723,9.677001,5.840417
ISIC_7788318,6.020993,8.592775
ISIC_7800750,6.6827683,9.833232
ISIC_7808341,4.151111,4.4962077
ISIC_7808642,7.2519565,8.387561
ISIC_7809510,7.6064887,4.232005
ISIC_7816675,9.05147,5.9127216
ISIC_7824315,6.559142,3.523188
ISIC_7839712,10.573004,6.859362
ISIC_7844825,8.277194,6.5593643
ISIC_7851081,4.6983814,8.215343
ISIC_7854404,3.592754,6.141723
ISIC_7872595,7.0311093,8.235917
ISIC_7880400,6.45439,6.9886146
ISIC_7889097,9.746186,6.8622684
ISIC_7890222,6.9957376,5.801394
ISIC_7893518,6.965541,6.6705394
ISIC_7897925,9.740939,7.049544
ISIC_7898880,9.200101,5.702504
ISIC_7899041,5.9461846,3.5879843
ISIC_7899387,5.526322,3.208407
ISIC_7904829,4.2487864,8.803344
ISIC_7913874,8.066877,5.830442
ISIC_7914631,8.889792,7.194913
ISIC_7922830,6.385642,3.3427527
ISIC_7927389,9.945305,7.6587877
ISIC_7927525,9.638078,7.8133135
ISIC_7936755,8.294106,4.9859705
ISIC_7939816,9.702463,5.680945
ISIC_7940557,9.599331,7.374024
ISIC_7942881,6.2955627,6.5160265
ISIC_7948290,10.747201,7.039875
ISIC_7949783,11.163607,6.881893
ISIC_7952870,8.953487,8.247301
ISIC_7960321,8.924894,5.2929883
ISIC_7960869,8.813426,5.9902
ISIC_7961365,9.72709,7.7911468
ISIC_7966639,4.0669985,7.8841634
ISIC_7973598,10.327068,6.7581973
ISIC_7993345,6.383727,3.1953647
ISIC_8002875,5.4313154,3.6868103
ISIC_8006211,4.9841967,7.0441623
ISIC_8008539,6.6971383,7.856558
ISIC_8009536,7.9163313,4.7416954
ISIC_8011058,7.359228,10.001189
ISIC_8021816,5.6991253,4.0734596
ISIC_8026822,6.80181,8.331819
ISIC_8027280,6.85038,8.476804
ISIC_8027899,7.5918484,8.71693
ISIC_8040024,8.519362,7.730755
ISIC_8040663,8.026085,7.100704
ISIC_8059429,7.9010267,9.638929
ISIC_8066110,11.15524,7.564486
ISIC_8071637,7.849324,7.600882
ISIC_8073555,6.71918,5.190751
ISIC_8077139,5.158803,4.0241227
ISIC_8087949,9.285715,5.7107587
ISIC_8106899,7.7476144,6.1256323
ISIC_8124900,6.8291063,9.778639
ISIC_8138363,8.320292,7.913402
ISIC_8145348,7.0387025,6.6948028
ISIC_8157239,8.197116,5.29664
ISIC_8157654,8.303794,5.923567
ISIC_8167374,7.6815953,9.844887
ISIC_8172822,8.484796,5.9373083
ISIC_8172964,8.12156,7.1105137
ISIC_8173252,9.568842,7.6942863
ISIC_8187734,5.4408836,5.4301944
ISIC_8191057,7.412952,7.5622716
ISIC_8194835,9.552768,6.941269
ISIC_8204363,7.728268,7.265941
ISIC_8207974,6.854409,7.6212306
ISIC_8225781,5.187029,4.3863244
ISIC_8230318,6.8229537,6.6268053
ISIC_8231999,7.124276,6.2688403
ISIC_8238755,7.2987475,10.112286
ISIC_8249854,6.257098,9.703125
ISIC_8252406,6.045424,6.8397117
ISIC_8253057,9.573478,7.7009377
ISIC_8256480,9.965552,5.8436875
ISIC_8263489,7.1531253,10.054829
ISIC_8278036,10.327107,6.919933
ISIC_8278458,7.4510565,5.2450576
ISIC_8278782,4.8673844,3.6926613
ISIC_8281208,6.690453,6.573447
ISIC_8283552,6.611945,6.4338818
ISIC_8293325,4.8810344,3.7367237
ISIC_8308321,10.091855,6.877201
ISIC_8325226,10.853723,6.0021787
ISIC_8327076,8.042587,5.80667
ISIC_8344285,8.453537,6.0015826
ISIC_8344345,8.799045,7.6112604
ISIC_8348262,9.618878,7.8415575
ISIC_8350851,6.1761737,8.424684
ISIC_8355446,9.984052,6.377977
ISIC_8362681,6.9607005,7.890505
ISIC_8372206,6.03979,8.553478
ISIC_8379956,7.6181555,5.443819
ISIC_8381531,8.707722,5.350991
ISIC_8397285,8.130696,7.273411
ISIC_8400587,6.0625057,4.5121646
ISIC_8416462,9.931633,8.268433
ISIC_8417873,7.756177,6.7551303
ISIC_8423180,5.423438,5.1300707
ISIC_8436194,8.686985,7.8918386
ISIC_8437493,5.2681284,8.224445
ISIC_8446478,5.535801,3.2240822
ISIC_8470330,7.1589723,10.098455
ISIC_8473293,3.9701545,7.7821946
ISIC_8485716,7.7023582,8.748342
ISIC_8488027,6.1103215,6.9736114
ISIC_8493108,8.435496,6.760563
ISIC_8493254,3.6938472,8.243502
ISIC_8497457,6.3998904,6.55012
ISIC_8498489,4.260009,3.9242952
ISIC_8509219,4.5450454,6.8948684
ISIC_8525826,5.1955714,7.693191
ISIC_8527092,8.11412,6.567731
ISIC_8545949,5.5214686,5.7003107
ISIC_8554769,7.6505394,6.88047
ISIC_8564474,4.355264,8.7212515
ISIC_8566006,10.168544,6.753373
ISIC_8592733,8.196014,8.404963
ISIC_8593738,6.9244223,7.58415
ISIC_8601570,6.8423147,6.259866
ISIC_8609756,7.56602,9.734734
ISIC_8615491,9.209268,5.788118
ISIC_8617277,8.140555,6.461484
ISIC_8617353,6.345007,6.0189652
ISIC_8621568,9.248951,5.7663217
ISIC_8624049,10.361769,6.8283434
ISIC_8627581,5.6502366,8.188394
ISIC_8632904,6.062371,8.481823
ISIC_8641097,7.3036375,10.143062
ISIC_8647315,7.0114446,8.282019
ISIC_8651648,7.4560933,8.84714
ISIC_8653825,6.4417124,5.4237885
ISIC_8667960,7.767826,6.7643757
ISIC_8671119,9.429788,6.339076
ISIC_8671596,9.162443,8.832602
ISIC_8672524,10.78362,6.2539344
ISIC_8673290,7.8934903,5.4146724
ISIC_8677053,9.3065195,4.8546925
ISIC_8685453,10.241152,8.251716
ISIC_8688192,5.5096045,3.2009003
ISIC_8692218,9.583196,6.222479
ISIC_8702237,10.208513,5.72703
ISIC_8708106,6.5372396,7.3878736
ISIC_8708918,10.009546,6.279709
ISIC_8710108,7.1426373,4.73598
ISIC_8724412,4.4219685,4.0678573
ISIC_8724944,5.0617256,8.981533
ISIC_8732757,10.099583,6.5766196
ISIC_8733345,7.297333,7.75904
ISIC_8737794,6.733755,9.460545
ISIC_8738186,10.381207,6.737805
ISIC_8758404,9.44781,7.3825865
ISIC_8758983,7.4855866,8.829189
ISIC_8766402,4.724299,3.9400418
ISIC_8769047,9.066544,6.4755125
ISIC_8776516,2.9984505,4.8292375
ISIC_8786983,4.5566354,5.530876
ISIC_8789051,7.32614,4.853838
ISIC_8792684,10.17515,8.530702
ISIC_8806986,7.8162823,6.395345
ISIC_8821742,8.392213,5.8565936
ISIC_8823228,6.0799484,4.005857
ISIC_8838753,7.6724215,8.710681
ISIC_8839128,8.124842,7.7288327
ISIC_8851514,3.8027723,6.0254426
ISIC_8856365,7.3824573,7.4945283
ISIC_8859274,8.038261,5.3243165
ISIC_8864678,5.2518334,5.474708
ISIC_8866651,4.1402783,8.883318
ISIC_8868249,5.2639747,4.111775
ISIC_8872158,5.0472536,6.929543
ISIC_8882374,10.966684,6.125936
ISIC_8886139,6.4716225,9.0571
ISIC_8892236,7.6393137,8.70924
ISIC_8902296,6.474863,7.8767614
ISIC_8907232,9.492776,5.954627
ISIC_8907509,7.481858,4.1774864
ISIC_8918247,5.4373555,7.6061773
ISIC_8922893,9.613454,6.873789
ISIC_8943817,7.991291,5.7312555
ISIC_8951909,11.057206,6.872826
ISIC_8961478,10.181013,6.6743
ISIC_8961614,6.136593,8.261065
ISIC_8985109,8.484956,5.7893496
ISIC_8990534,7.1337132,6.336599
ISIC_8999351,9.986716,6.9768553
ISIC_9000234,10.598188,6.504116
ISIC_9000824,4.2811546,8.878223
ISIC_9001948,9.941015,6.9217925
ISIC_9006649,8.218398,7.587141
ISIC_9008372,4.3289485,3.8510523
ISIC_9022005,6.622462,6.293049
ISIC_9029938,3.8062215,8.0839815
ISIC_9038318,7.4640975,10.042056
ISIC_9041525,9.331065,5.715264
ISIC_9048507,10.194526,6.8984776
ISIC_9051948,6.3690286,4.6858525
ISIC_9052500,7.342678,10.092731
ISIC_9053910,10.410042,6.021627
ISIC_9092169,9.369855,7.2852592
ISIC_9096150,6.4196315,4.4363174
ISIC_9101762,7.350507,9.992296
ISIC_9114248,8.71735,6.5758595
ISIC_9130035,4.5613146,9.043135
ISIC_9130157,7.5509295,8.851809
ISIC_9141788,4.973631,8.303986
ISIC_9144329,5.3636894,3.4533572
ISIC_9144852,4.6836166,3.9031796
ISIC_9159477,5.8358006,4.900103
ISIC_9164054,7.5983844,7.4398355
ISIC_9171793,5.7850146,7.902484
ISIC_9174580,10.181658,6.873367
ISIC_9176427,9.864994,8.122494
ISIC_9179044,8.761899,5.4629364
ISIC_9179884,5.8291616,8.538065
ISIC_9183084,7.6838093,9.969099
ISIC_9187524,5.1861095,4.156075
ISIC_9193127,7.687521,6.6053267
ISIC_9199429,4.8872294,5.668769
ISIC_9210086,9.08284,7.0776343
ISIC_9210255,3.888159,8.337497
ISIC_9214649,8.555149,5.925564
ISIC_9219356,10.240878,7.0030694
ISIC_9227283,9.428764,5.002228
ISIC_9233062,5.519769,3.1872551
ISIC_9235283,7.380307,6.80449
ISIC_9239978,5.7645273,6.477217
ISIC_9254641,10.625936,7.565139
ISIC_9266057,7.079144,7.875129
ISIC_9268487,8.019672,6.838104
ISIC_9274936,7.564179,4.9557056
ISIC_9286292,7.2322874,7.2343564
ISIC_9312164,7.4495463,9.9625435
ISIC_9315775,4.7078204,8.144675
ISIC_9317339,5.4549747,4.438669
ISIC_9320992,8.364241,7.551855
ISIC_9323485,3.6546495,7.6541734
ISIC_9335652,7.312689,7.5622096
ISIC_9337100,5.8034587,4.4984226
ISIC_9345094,9.794421,6.603847
ISIC_9353360,10.503355,5.6376705
ISIC_9367522,7.392343,5.4927855
ISIC_9381298,6.5995016,4.2644405
ISIC_9399586,6.9869432,5.6306663
ISIC_9419633,5.869679,3.8029947
ISIC_9420311,8.683426,7.5339966
ISIC_9429943,9.293019,7.4678593
ISIC_9432086,3.4957268,7.021159
ISIC_9434832,6.6712,8.180436
ISIC_9445977,6.1808586,7.5955195
ISIC_9456779,7.323106,6.7134037
ISIC_9478088,4.4497666,8.839834
ISIC_9485124,5.767954,4.399955
ISIC_9495622,5.3206663,3.6720927
ISIC_9505560,5.6168466,4.584907
ISIC_9509757,8.66281,4.9584446
ISIC_9517555,4.749933,3.807416
ISIC_9543045,7.9626017,7.625623
ISIC_9544832,7.6112347,8.24598
ISIC_9547725,7.9753165,5.9994874
ISIC_9556334,4.7537165,6.36866
ISIC_9566132,5.689313,4.4179068
ISIC_9571842,7.6411314,10.142182
ISIC_9572761,7.8922596,7.5367517
ISIC_9583969,5.879787,6.871734
ISIC_9585033,4.3316536,4.0836997
ISIC_9585329,8.033356,5.4264674
ISIC_9593940,6.741456,3.5392125
ISIC_9596173,5.6718035,7.8631196
ISIC_9596721,6.99223,10.047264
ISIC_9599992,9.297864,5.527494
ISIC_9602954,5.068819,4.9107876
ISIC_9626843,11.201553,6.978125
ISIC_9630889,6.211562,6.1731133
ISIC_9641059,4.774469,4.2800183
ISIC_9662611,4.4866233,3.9958875
ISIC_9668338,5.045272,4.317815
ISIC_9676644,8.832382,6.804876
ISIC_9677008,5.5209894,8.301881
ISIC_9677503,9.16416,8.449366
ISIC_9677559,10.077669,6.8696537
ISIC_9678778,7.089574,7.4678593
ISIC_9685931,9.657856,7.726879
ISIC_9693456,6.621465,6.23901
ISIC_9724689,6.1784606,6.3679214
ISIC_9728499,3.5049202,6.5416665
ISIC_9729042,8.005792,9.557922
ISIC_9752088,6.330785,7.742365
ISIC_9754098,5.549893,8.053363
ISIC_9767305,4.133565,5.11767
ISIC_9770677,10.150654,7.1959257
ISIC_9780632,9.63781,6.588916
ISIC_9785077,10.233258,5.442635
ISIC_9786863,9.700571,5.8444524
ISIC_9800841,4.673773,3.8030667
ISIC_9809482,3.981712,5.7467203
ISIC_9820266,7.1724257,6.3395066
ISIC_9821002,7.7895584,6.9473553
ISIC_9828846,8.934194,4.99471
ISIC_9842532,4.16453,3.877495
ISIC_9859873,5.6648235,7.451152
ISIC_9863642,4.6174793,3.936068
ISIC_9866460,7.109564,7.747909
ISIC_9869190,3.545222,6.389839
ISIC_9870885,7.6340218,7.786583
ISIC_9875364,6.2970595,7.458474
ISIC_9876533,6.037513,8.662301
ISIC_9881460,7.1412807,7.544262
ISIC_9895318,5.7544627,4.999164
ISIC_9900191,10.85373,6.301818
ISIC_9907020,5.2947545,3.7002645
ISIC_9908866,9.890659,8.270848
ISIC_9910791,7.956744,6.1828465
ISIC_9928278,8.398739,8.150862
ISIC_9930189,9.648446,6.9676504
ISIC_9941666,5.970695,3.445116
ISIC_9942350,8.235277,7.8563643
ISIC_9951988,5.349135,3.954663
ISIC_9957368,8.834987,6.0891633
ISIC_9963177,8.0272255,6.5925
ISIC_9967383,9.589346,6.721807
ISIC_9978107,8.131848,7.7143264
ISIC_9980216,8.835298,5.0142155
ISIC_9992492,9.380797,8.250209
ISIC_9998682,5.824423,5.593255
