isic_id,cluster_label
ISIC_0000002,0
ISIC_0000004,0
ISIC_0000013,0
ISIC_0000022,0
ISIC_0000026,0
ISIC_0000029,0
ISIC_0000030,0
ISIC_0000031,0
ISIC_0000035,0
ISIC_0000036,0
ISIC_0000040,0
ISIC_0000046,0
ISIC_0000054,0
ISIC_0000056,0
ISIC_0000070,0
ISIC_0000076,0
ISIC_0000077,0
ISIC_0000078,0
ISIC_0000139,0
ISIC_0000140,0
ISIC_0000141,0
ISIC_0000142,0
ISIC_0000143,0
ISIC_0000144,0
ISIC_0000145,0
ISIC_0000146,0
ISIC_0000147,0
ISIC_0000148,0
ISIC_0000149,0
ISIC_0000150,0
ISIC_0000151,0
ISIC_0000152,0
ISIC_0000153,0
ISIC_0000154,0
ISIC_0000156,0
ISIC_0000157,0
ISIC_0000158,0
ISIC_0000159,0
ISIC_0000163,0
ISIC_0000165,0
ISIC_0000168,0
ISIC_0000169,0
ISIC_0000170,0
ISIC_0000172,0
ISIC_0000175,0
ISIC_0000176,0
ISIC_0000276,0
ISIC_0000277,0
ISIC_0000278,0
ISIC_0000281,0
ISIC_0000282,1
ISIC_0000283,0
ISIC_0000287,0
ISIC_0000290,0
ISIC_0000291,0
ISIC_0000292,0
ISIC_0000294,0
ISIC_0000296,0
ISIC_0000305,0
ISIC_0000390,0
ISIC_0000393,0
ISIC_0000394,0
ISIC_0000395,0
ISIC_0000398,0
ISIC_0000399,0
ISIC_0000400,0
ISIC_0000401,0
ISIC_0000402,0
ISIC_0000404,0
ISIC_0000405,0
ISIC_0000406,0
ISIC_0000410,0
ISIC_0000411,0
ISIC_0000412,0
ISIC_0000413,0
ISIC_0000414,0
ISIC_0000415,0
ISIC_0000417,0
ISIC_0000420,0
ISIC_0000428,0
ISIC_0000429,0
ISIC_0000432,0
ISIC_0000434,0
ISIC_0000438,0
ISIC_0000440,0
ISIC_0000441,0
ISIC_0000444,0
ISIC_0000445,0
ISIC_0000446,0
ISIC_0000450,0
ISIC_0000459,0
ISIC_0000462,0
ISIC_0000463,0
ISIC_0000466,0
ISIC_0000469,0
ISIC_0000482,0
ISIC_0000484,0
ISIC_0000487,0
ISIC_0000502,0
ISIC_0000511,0
ISIC_0000513,0
ISIC_0000516,0
ISIC_0000517,0
ISIC_0000518,0
ISIC_0000519,0
ISIC_0000520,0
ISIC_0000521,0
ISIC_0000522,0
ISIC_0000531,0
ISIC_0000533,0
ISIC_0000547,0
ISIC_0000548,0
ISIC_0000549,0
ISIC_0000551,0
ISIC_0000552,0
ISIC_0000553,0
ISIC_0000554,0
ISIC_0000555,0
ISIC_0001100,0
ISIC_0001101,0
ISIC_0001102,0
ISIC_0001103,0
ISIC_0001105,0
ISIC_0001106,0
ISIC_0001108,0
ISIC_0001110,0
ISIC_0001116,0
ISIC_0001118,0
ISIC_0001119,0
ISIC_0001121,0
ISIC_0001124,0
ISIC_0001125,0
ISIC_0001126,0
ISIC_0001127,0
ISIC_0001128,0
ISIC_0001131,0
ISIC_0001132,0
ISIC_0001133,0
ISIC_0001134,0
ISIC_0001135,0
ISIC_0001137,0
ISIC_0001138,0
ISIC_0001140,0
ISIC_0001141,0
ISIC_0001142,0
ISIC_0001143,0
ISIC_0001148,0
ISIC_0001151,0
ISIC_0001152,-1
ISIC_0001154,0
ISIC_0001157,0
ISIC_0009868,0
ISIC_0009882,0
ISIC_0009890,0
ISIC_0009898,0
ISIC_0009905,0
ISIC_0009913,0
ISIC_0009916,0
ISIC_0009918,0
ISIC_0009924,0
ISIC_0009927,0
ISIC_0009934,0
ISIC_0009950,0
ISIC_0009955,0
ISIC_0009960,0
ISIC_0009971,0
ISIC_0009993,0
ISIC_0010000,0
ISIC_0010007,0
ISIC_0010011,0
ISIC_0010016,0
ISIC_0010023,0
ISIC_0010024,0
ISIC_0010029,0
ISIC_0010034,0
ISIC_0010036,0
ISIC_0010039,0
ISIC_0010049,0
ISIC_0010050,0
ISIC_0010054,0
ISIC_0010056,0
ISIC_0010067,0
ISIC_0010080,0
ISIC_0010081,0
ISIC_0010089,0
ISIC_0010094,0
ISIC_0010106,0
ISIC_0010119,0
ISIC_0010120,0
ISIC_0010131,-1
ISIC_0010137,0
ISIC_0010140,0
ISIC_0010145,0
ISIC_0010148,0
ISIC_0010162,0
ISIC_0010164,0
ISIC_0010165,0
ISIC_0010171,0
ISIC_0010174,0
ISIC_0010189,0
ISIC_0010194,0
ISIC_0010207,0
ISIC_0010208,0
ISIC_0010210,0
ISIC_0010225,0
ISIC_0010231,0
ISIC_0010235,0
ISIC_0010240,0
ISIC_0010241,0
ISIC_0010245,0
ISIC_0010251,0
ISIC_0010265,0
ISIC_0010271,0
ISIC_0010280,0
ISIC_0010283,0
ISIC_0010288,0
ISIC_0010295,0
ISIC_0010299,0
ISIC_0010313,0
ISIC_0010319,0
ISIC_0010321,0
ISIC_0010322,0
ISIC_0010350,0
ISIC_0010358,0
ISIC_0010360,0
ISIC_0010364,0
ISIC_0010366,0
ISIC_0010369,0
ISIC_0010372,0
ISIC_0010380,0
ISIC_0010392,0
ISIC_0010393,0
ISIC_0010394,0
ISIC_0010396,0
ISIC_0010397,0
ISIC_0010398,0
ISIC_0010400,0
ISIC_0010401,0
ISIC_0010402,0
ISIC_0010407,0
ISIC_0010410,0
ISIC_0010413,0
ISIC_0010415,0
ISIC_0010417,0
ISIC_0010426,0
ISIC_0010432,0
ISIC_0010441,0
ISIC_0010466,0
ISIC_0010468,0
ISIC_0010469,0
ISIC_0010470,0
ISIC_0010476,0
ISIC_0010482,0
ISIC_0010486,0
ISIC_0010495,0
ISIC_0010514,0
ISIC_0010527,0
ISIC_0010532,0
ISIC_0010543,0
ISIC_0010550,0
ISIC_0010551,0
ISIC_0010555,0
ISIC_0010559,0
ISIC_0010564,0
ISIC_0010576,0
ISIC_0010579,0
ISIC_0010583,0
ISIC_0010587,0
ISIC_0010591,0
ISIC_0010596,0
ISIC_0010597,0
ISIC_0010608,0
ISIC_0010609,0
ISIC_0010611,0
ISIC_0010631,0
ISIC_0010644,0
ISIC_0010648,0
ISIC_0010653,0
ISIC_0010655,0
ISIC_0010707,0
ISIC_0010714,0
ISIC_0010723,0
ISIC_0010728,0
ISIC_0010729,0
ISIC_0010741,0
ISIC_0010749,0
ISIC_0010750,0
ISIC_0010757,0
ISIC_0010759,0
ISIC_0010764,0
ISIC_0010765,0
ISIC_0010766,0
ISIC_0010770,0
ISIC_0010772,0
ISIC_0010777,0
ISIC_0010782,0
ISIC_0010784,0
ISIC_0010785,0
ISIC_0010789,0
ISIC_0010790,0
ISIC_0010791,0
ISIC_0010792,0
ISIC_0010803,0
ISIC_0010808,0
ISIC_0010809,0
ISIC_0010810,0
ISIC_0010834,0
ISIC_0010852,0
ISIC_0010860,0
ISIC_0010862,0
ISIC_0010863,0
ISIC_0010866,0
ISIC_0010872,0
ISIC_0010876,0
ISIC_0010878,0
ISIC_0010883,0
ISIC_0010890,0
ISIC_0010898,0
ISIC_0010900,0
ISIC_0010912,0
ISIC_0010917,0
ISIC_0010923,0
ISIC_0010938,0
ISIC_0010942,0
ISIC_0010965,0
ISIC_0010971,0
ISIC_0010977,0
ISIC_0010978,0
ISIC_0010979,0
ISIC_0010982,0
ISIC_0010993,0
ISIC_0010995,0
ISIC_0011007,0
ISIC_0011012,0
ISIC_0011030,0
ISIC_0011031,0
ISIC_0011039,0
ISIC_0011040,0
ISIC_0011042,0
ISIC_0011043,0
ISIC_0011045,0
ISIC_0011052,0
ISIC_0011057,0
ISIC_0011077,0
ISIC_0011099,0
ISIC_0011118,0
ISIC_0011122,0
ISIC_0011128,0
ISIC_0011130,0
ISIC_0011132,0
ISIC_0011135,0
ISIC_0011136,0
ISIC_0011137,0
ISIC_0011138,0
ISIC_0011139,0
ISIC_0011140,0
ISIC_0011151,0
ISIC_0011158,0
ISIC_0011161,0
ISIC_0011163,0
ISIC_0011166,0
ISIC_0011169,0
ISIC_0011176,0
ISIC_0011178,0
ISIC_0011181,0
ISIC_0011187,0
ISIC_0011193,0
ISIC_0011196,0
ISIC_0011209,0
ISIC_0011238,0
ISIC_0011239,0
ISIC_0011247,0
ISIC_0011256,0
ISIC_0011264,0
ISIC_0011267,0
ISIC_0011268,0
ISIC_0011269,0
ISIC_0011273,0
ISIC_0011305,0
ISIC_0011315,0
ISIC_0011337,0
ISIC_0011348,0
ISIC_0011350,0
ISIC_0011356,0
ISIC_0011366,0
ISIC_0011370,0
ISIC_0011374,0
ISIC_0011375,0
ISIC_0011381,0
ISIC_0011387,0
ISIC_0011388,0
ISIC_0011390,0
ISIC_0011391,0
ISIC_0011399,0
ISIC_0011404,0
ISIC_0011405,0
ISIC_0011428,0
ISIC_0011429,0
ISIC_0011430,0
ISIC_0011434,0
ISIC_0011435,0
ISIC_0011437,0
ISIC_0011438,0
ISIC_0011439,0
ISIC_0011458,0
ISIC_0011460,0
ISIC_0011463,0
ISIC_0011471,0
ISIC_0011474,0
ISIC_0011480,0
ISIC_0011481,0
ISIC_0011482,0
ISIC_0011483,0
ISIC_0011484,0
ISIC_0011485,0
ISIC_0011486,0
ISIC_0011487,0
ISIC_0011488,0
ISIC_0011489,0
ISIC_0011490,0
ISIC_0011491,0
ISIC_0011492,0
ISIC_0011493,0
ISIC_0011494,0
ISIC_0011501,0
ISIC_0011503,0
ISIC_0011504,0
ISIC_0011505,0
ISIC_0011506,0
ISIC_0011507,0
ISIC_0011508,0
ISIC_0011511,0
ISIC_0011514,0
ISIC_0011515,0
ISIC_0011516,0
ISIC_0011517,0
ISIC_0011518,0
ISIC_0011519,0
ISIC_0011520,0
ISIC_0011526,0
ISIC_0011527,0
ISIC_0011528,0
ISIC_0011529,0
ISIC_0011530,0
ISIC_0011531,0
ISIC_0011534,0
ISIC_0011537,0
ISIC_0011560,0
ISIC_0011566,0
ISIC_0011579,0
ISIC_0011589,0
ISIC_0011590,0
ISIC_0011591,0
ISIC_0011594,0
ISIC_0011610,0
ISIC_0011613,0
ISIC_0011614,0
ISIC_0011615,0
ISIC_0011616,0
ISIC_0011618,0
ISIC_0011628,0
ISIC_0011649,0
ISIC_0011659,0
ISIC_0011684,0
ISIC_0011691,0
ISIC_0011692,0
ISIC_0011693,0
ISIC_0011694,0
ISIC_0011695,0
ISIC_0011696,0
ISIC_0011697,0
ISIC_0011698,0
ISIC_0011699,0
ISIC_0011700,0
ISIC_0011701,0
ISIC_0011702,0
ISIC_0011703,0
ISIC_0011704,0
ISIC_0011709,0
ISIC_0011710,0
ISIC_0011728,0
ISIC_0011729,0
ISIC_0011736,0
ISIC_0011743,0
ISIC_0011744,0
ISIC_0011758,0
ISIC_0011759,0
ISIC_0011764,0
ISIC_0011770,0
ISIC_0011771,0
ISIC_0011772,0
ISIC_0011773,0
ISIC_0011774,0
ISIC_0011778,0
ISIC_0011780,0
ISIC_0011782,0
ISIC_0011794,0
ISIC_0011797,0
ISIC_0011798,0
ISIC_0011799,0
ISIC_0011801,0
ISIC_0011802,0
ISIC_0011807,0
ISIC_0011808,0
ISIC_0011811,0
ISIC_0011812,0
ISIC_0011845,0
ISIC_0011846,0
ISIC_0011857,0
ISIC_0011858,0
ISIC_0011870,0
ISIC_0011872,0
ISIC_0011873,0
ISIC_0011874,0
ISIC_0011875,0
ISIC_0011876,0
ISIC_0011877,0
ISIC_0011878,0
ISIC_0011879,0
ISIC_0011892,0
ISIC_0011895,0
ISIC_0011898,0
ISIC_0011904,0
ISIC_0011921,0
ISIC_0011922,0
ISIC_0011923,0
ISIC_0011930,0
ISIC_0011931,0
ISIC_0011933,0
ISIC_0011943,0
ISIC_0011944,0
ISIC_0011947,0
ISIC_0011948,0
ISIC_0011949,0
ISIC_0011950,0
ISIC_0011951,0
ISIC_0011957,0
ISIC_0011958,0
ISIC_0011975,0
ISIC_0011987,0
ISIC_0011996,0
ISIC_0011998,0
ISIC_0012000,0
ISIC_0012044,0
ISIC_0012047,0
ISIC_0012048,0
ISIC_0012049,0
ISIC_0012060,0
ISIC_0012063,0
ISIC_0012066,0
ISIC_0012069,0
ISIC_0012081,0
ISIC_0012082,0
ISIC_0012083,0
ISIC_0012099,0
ISIC_0012112,0
ISIC_0012137,0
ISIC_0012151,0
ISIC_0012208,0
ISIC_0012258,0
ISIC_0012270,0
ISIC_0012288,0
ISIC_0012290,0
ISIC_0012298,0
ISIC_0012321,0
ISIC_0012348,0
ISIC_0012356,0
ISIC_0012369,0
ISIC_0012382,0
ISIC_0012391,0
ISIC_0012418,0
ISIC_0012425,0
ISIC_0012434,0
ISIC_0012435,0
ISIC_0012450,0
ISIC_0012471,0
ISIC_0012472,0
ISIC_0012512,0
ISIC_0012571,0
ISIC_0012574,0
ISIC_0012577,0
ISIC_0012580,0
ISIC_0012592,0
ISIC_0012595,0
ISIC_0012610,0
ISIC_0012633,0
ISIC_0012678,0
ISIC_0012701,0
ISIC_0012756,0
ISIC_0012758,0
ISIC_0012843,0
ISIC_0012887,0
ISIC_0012930,0
ISIC_0012988,0
ISIC_0012989,0
ISIC_0012990,0
ISIC_0013072,0
ISIC_0013073,0
ISIC_0013079,0
ISIC_0013141,0
ISIC_0013184,0
ISIC_0013198,0
ISIC_0013232,0
ISIC_0013242,0
ISIC_0013258,0
ISIC_0013277,0
ISIC_0013321,0
ISIC_0013334,0
ISIC_0013359,0
ISIC_0013365,0
ISIC_0013374,0
ISIC_0013411,0
ISIC_0013427,0
ISIC_0013429,0
ISIC_0013444,0
ISIC_0013455,0
ISIC_0013457,0
ISIC_0013459,0
ISIC_0013460,0
ISIC_0013472,0
ISIC_0013473,0
ISIC_0013490,0
ISIC_0013491,0
ISIC_0013497,0
ISIC_0013499,0
ISIC_0013500,0
ISIC_0013501,0
ISIC_0013518,0
ISIC_0013525,0
ISIC_0013530,0
ISIC_0013548,0
ISIC_0013549,0
ISIC_0013565,0
ISIC_0013567,0
ISIC_0013572,0
ISIC_0013577,0
ISIC_0013578,0
ISIC_0013579,0
ISIC_0013581,0
ISIC_0013588,0
ISIC_0013594,0
ISIC_0013606,0
ISIC_0013610,0
ISIC_0013615,0
ISIC_0013617,0
ISIC_0013618,0
ISIC_0013626,0
ISIC_0013634,0
ISIC_0013636,0
ISIC_0013639,0
ISIC_0013646,0
ISIC_0013651,0
ISIC_0013652,0
ISIC_0013663,0
ISIC_0013671,0
ISIC_0013672,0
ISIC_0013696,0
ISIC_0013702,0
ISIC_0013733,0
ISIC_0013736,0
ISIC_0013739,0
ISIC_0013740,0
ISIC_0013744,0
ISIC_0013762,0
ISIC_0013766,0
ISIC_0013767,0
ISIC_0013768,0
ISIC_0013769,0
ISIC_0013775,0
ISIC_0013777,0
ISIC_0013783,0
ISIC_0013813,0
ISIC_0013814,0
ISIC_0013815,0
ISIC_0013831,0
ISIC_0013832,0
ISIC_0013833,0
ISIC_0013839,0
ISIC_0013842,0
ISIC_0013844,0
ISIC_0013845,0
ISIC_0013861,0
ISIC_0013865,0
ISIC_0013867,0
ISIC_0013874,0
ISIC_0013908,0
ISIC_0013917,0
ISIC_0013936,0
ISIC_0013948,0
ISIC_0013953,0
ISIC_0013969,0
ISIC_0013972,0
ISIC_0013975,0
ISIC_0013984,0
ISIC_0013987,0
ISIC_0013988,0
ISIC_0013992,0
ISIC_0013995,0
ISIC_0013997,0
ISIC_0014013,0
ISIC_0014037,0
ISIC_0014044,0
ISIC_0014049,0
ISIC_0014059,0
ISIC_0014061,0
ISIC_0014062,0
ISIC_0014072,0
ISIC_0014076,0
ISIC_0014077,0
ISIC_0014079,0
ISIC_0014082,0
ISIC_0014086,0
ISIC_0014088,0
ISIC_0014091,0
ISIC_0014092,0
ISIC_0014099,0
ISIC_0014103,0
ISIC_0014108,0
ISIC_0014110,0
ISIC_0014127,0
ISIC_0014129,0
ISIC_0014132,0
ISIC_0014133,0
ISIC_0014144,0
ISIC_0014148,0
ISIC_0014151,0
ISIC_0014156,0
ISIC_0014157,0
ISIC_0014160,0
ISIC_0014163,0
ISIC_0014165,0
ISIC_0014171,0
ISIC_0014173,0
ISIC_0014181,0
ISIC_0014183,0
ISIC_0014186,0
ISIC_0014187,0
ISIC_0014189,0
ISIC_0014190,0
ISIC_0014217,0
ISIC_0014219,0
ISIC_0014222,0
ISIC_0014229,0
ISIC_0014233,0
ISIC_0014238,0
ISIC_0014249,0
ISIC_0014270,0
ISIC_0014284,0
ISIC_0014288,0
ISIC_0014289,0
ISIC_0014290,0
ISIC_0014291,0
ISIC_0014302,0
ISIC_0014308,0
ISIC_0014316,0
ISIC_0014319,0
ISIC_0014324,0
ISIC_0014325,0
ISIC_0014327,0
ISIC_0014331,0
ISIC_0014336,0
ISIC_0014337,0
ISIC_0014347,0
ISIC_0014349,0
ISIC_0014357,0
ISIC_0014360,0
ISIC_0014361,0
ISIC_0014366,0
ISIC_0014369,0
ISIC_0014372,0
ISIC_0014377,0
ISIC_0014385,0
ISIC_0014395,0
ISIC_0014400,0
ISIC_0014422,0
ISIC_0014423,0
ISIC_0014428,0
ISIC_0014434,0
ISIC_0014454,0
ISIC_0014476,0
ISIC_0014478,0
ISIC_0014480,0
ISIC_0014486,0
ISIC_0014489,0
ISIC_0014501,0
ISIC_0014506,0
ISIC_0014507,0
ISIC_0014513,0
ISIC_0014525,0
ISIC_0014527,0
ISIC_0014541,0
ISIC_0014543,0
ISIC_0014545,0
ISIC_0014546,0
ISIC_0014548,0
ISIC_0014557,0
ISIC_0014558,0
ISIC_0014559,0
ISIC_0014663,0
ISIC_0014666,0
ISIC_0014671,0
ISIC_0014681,0
ISIC_0014688,0
ISIC_0014689,0
ISIC_0014690,0
ISIC_0014703,0
ISIC_0014722,0
ISIC_0014727,0
ISIC_0014766,0
ISIC_0014772,0
ISIC_0014784,0
ISIC_0014788,0
ISIC_0014790,-1
ISIC_0014795,0
ISIC_0014800,0
ISIC_0014809,0
ISIC_0014813,0
ISIC_0014826,0
ISIC_0014832,0
ISIC_0014852,0
ISIC_0014857,0
ISIC_0014858,0
ISIC_0014862,0
ISIC_0014864,0
ISIC_0014871,0
ISIC_0014872,0
ISIC_0014873,0
ISIC_0014874,0
ISIC_0014877,0
ISIC_0014880,0
ISIC_0014883,0
ISIC_0014891,0
ISIC_0014892,0
ISIC_0014893,0
ISIC_0014897,0
ISIC_0014900,0
ISIC_0014912,0
ISIC_0014918,0
ISIC_0014919,0
ISIC_0014920,0
ISIC_0014924,0
ISIC_0014928,0
ISIC_0014931,0
ISIC_0014935,0
ISIC_0014951,0
ISIC_0014953,0
ISIC_0014963,0
ISIC_0014970,0
ISIC_0014975,0
ISIC_0014979,0
ISIC_0014980,0
ISIC_0014982,0
ISIC_0014983,0
ISIC_0014985,0
ISIC_0014987,0
ISIC_0014999,0
ISIC_0015004,0
ISIC_0015005,0
ISIC_0015041,0
ISIC_0015045,0
ISIC_0015050,0
ISIC_0015065,0
ISIC_0015067,0
ISIC_0015073,0
ISIC_0015079,0
ISIC_0015082,0
ISIC_0015083,0
ISIC_0015088,0
ISIC_0015096,0
ISIC_0015106,0
ISIC_0015109,0
ISIC_0015114,0
ISIC_0015115,0
ISIC_0015116,0
ISIC_0015119,0
ISIC_0015120,0
ISIC_0015122,0
ISIC_0015124,0
ISIC_0015127,0
ISIC_0015128,0
ISIC_0015132,0
ISIC_0015133,0
ISIC_0015136,0
ISIC_0015141,0
ISIC_0015142,0
ISIC_0015143,0
ISIC_0015145,0
ISIC_0015156,0
ISIC_0015163,0
ISIC_0015166,0
ISIC_0015167,0
ISIC_0015169,0
ISIC_0015178,0
ISIC_0015180,0
ISIC_0015185,0
ISIC_0015189,0
ISIC_0015190,0
ISIC_0015191,0
ISIC_0015192,0
ISIC_0015193,0
ISIC_0015194,0
ISIC_0015196,0
ISIC_0015197,0
ISIC_0015204,0
ISIC_0015205,0
ISIC_0015206,0
ISIC_0015213,0
ISIC_0015219,0
ISIC_0015228,0
ISIC_0015229,0
ISIC_0015230,0
ISIC_0015236,0
ISIC_0015243,0
ISIC_0015246,0
ISIC_0015248,0
ISIC_0015251,0
ISIC_0015256,0
ISIC_0015266,0
ISIC_0015277,0
ISIC_0015284,0
ISIC_0015288,0
ISIC_0015289,0
ISIC_0015314,0
ISIC_0015316,0
ISIC_0015317,0
ISIC_0015318,0
ISIC_0015332,0
ISIC_0015336,0
ISIC_0015343,0
ISIC_0015356,0
ISIC_0015377,0
ISIC_0015433,0
ISIC_0015434,0
ISIC_0015441,0
ISIC_0015442,0
ISIC_0015457,0
ISIC_0015458,0
ISIC_0015477,0
ISIC_0015503,0
ISIC_0015508,0
ISIC_0015514,0
ISIC_0015517,0
ISIC_0015519,0
ISIC_0015522,0
ISIC_0015523,0
ISIC_0015533,0
ISIC_0015565,0
ISIC_0015575,0
ISIC_0015595,0
ISIC_0015608,0
ISIC_0015619,0
ISIC_0016080,0
ISIC_0016081,0
ISIC_0016082,0
ISIC_0016084,0
ISIC_0016085,0
ISIC_0016092,0
ISIC_0016094,0
ISIC_0016112,0
ISIC_0016114,0
ISIC_0016123,0
ISIC_0016127,0
ISIC_0016128,0
ISIC_0016131,0
ISIC_0016133,0
ISIC_0016137,0
ISIC_0016139,0
ISIC_0016145,0
ISIC_0016153,0
ISIC_0016161,0
ISIC_0016162,0
ISIC_0016438,0
ISIC_0016911,0
ISIC_0017350,0
ISIC_0017399,0
ISIC_0017411,0
ISIC_0017414,0
ISIC_0017415,0
ISIC_0017422,0
ISIC_0017428,0
ISIC_0017431,0
ISIC_0017434,0
ISIC_0017436,0
ISIC_0017443,0
ISIC_0017448,0
ISIC_0017451,0
ISIC_0017453,0
ISIC_0017455,0
ISIC_0017460,0
ISIC_0017485,0
ISIC_0017486,0
ISIC_0017856,0
ISIC_0018039,0
ISIC_0018040,0
ISIC_0019315,0
ISIC_0019334,0
ISIC_0019335,0
ISIC_0019432,0
ISIC_0020491,0
ISIC_0020963,0
ISIC_0020975,0
ISIC_0020977,0
ISIC_0020978,0
ISIC_0020985,0
ISIC_0020986,0
ISIC_0020987,0
ISIC_0020988,0
ISIC_0020998,0
ISIC_0021009,0
ISIC_0021020,0
ISIC_0021094,0
ISIC_0021095,0
ISIC_0021125,0
ISIC_0021136,0
ISIC_0021147,0
ISIC_0021155,0
ISIC_0021162,0
ISIC_0021166,0
ISIC_0021167,0
ISIC_0021168,0
ISIC_0021172,0
ISIC_0021187,0
ISIC_0021188,0
ISIC_0021189,0
ISIC_0021194,0
ISIC_0021205,0
ISIC_0021271,0
ISIC_0021282,0
ISIC_0021293,0
ISIC_0021295,0
ISIC_0021296,0
ISIC_0021297,0
ISIC_0021328,0
ISIC_0021329,0
ISIC_0021330,0
ISIC_0021339,0
ISIC_0021340,0
ISIC_0021341,0
ISIC_0021382,0
ISIC_0021383,0
ISIC_0021384,0
ISIC_0021390,0
ISIC_0021391,0
ISIC_0021399,0
ISIC_0021400,0
ISIC_0021401,0
ISIC_0021405,0
ISIC_0021407,0
ISIC_0021408,0
ISIC_0021426,0
ISIC_0021427,0
ISIC_0021428,0
ISIC_0021432,0
ISIC_0021434,0
ISIC_0021435,0
ISIC_0021439,0
ISIC_0021440,0
ISIC_0021441,0
ISIC_0021442,0
ISIC_0021443,0
ISIC_0021446,0
ISIC_0021473,0
ISIC_0021474,0
ISIC_0021475,0
ISIC_0021480,0
ISIC_0021481,0
ISIC_0021482,0
ISIC_0021491,0
ISIC_0021492,0
ISIC_0021493,0
ISIC_0021497,0
ISIC_0021498,0
ISIC_0021500,0
ISIC_0021530,0
ISIC_0021531,0
ISIC_0021533,0
ISIC_0021534,0
ISIC_0021535,0
ISIC_0021536,0
ISIC_0021542,0
ISIC_0021543,0
ISIC_0021544,0
ISIC_0021611,0
ISIC_0021622,0
ISIC_0021627,0
ISIC_0021646,0
ISIC_0021647,0
ISIC_0021648,0
ISIC_0021687,0
ISIC_0021688,0
ISIC_0021689,0
ISIC_0021706,0
ISIC_0021708,0
ISIC_0021709,0
ISIC_0021710,0
ISIC_0021711,0
ISIC_0021713,0
ISIC_0021728,0
ISIC_0021729,0
ISIC_0021730,0
ISIC_0021745,0
ISIC_0021746,0
ISIC_0021747,0
ISIC_0021768,0
ISIC_0021770,0
ISIC_0021771,0
ISIC_0021772,0
ISIC_0021780,0
ISIC_0021781,0
ISIC_0021782,0
ISIC_0021783,0
ISIC_0021784,0
ISIC_0021785,0
ISIC_0021786,0
ISIC_0021787,0
ISIC_0021789,0
ISIC_0021800,0
ISIC_0021801,0
ISIC_0021802,0
ISIC_0021803,0
ISIC_0021804,0
ISIC_0021805,0
ISIC_0021816,0
ISIC_0021818,0
ISIC_0021819,0
ISIC_0021850,0
ISIC_0021851,0
ISIC_0021896,0
ISIC_0021897,0
ISIC_0021898,0
ISIC_0021899,0
ISIC_0021900,0
ISIC_0021901,0
ISIC_0021908,0
ISIC_0021917,0
ISIC_0021921,0
ISIC_0021925,0
ISIC_0021926,0
ISIC_0021927,0
ISIC_0021967,0
ISIC_0021969,0
ISIC_0021970,0
ISIC_0021971,0
ISIC_0021972,0
ISIC_0021973,0
ISIC_0021974,0
ISIC_0021975,0
ISIC_0021976,0
ISIC_0021977,0
ISIC_0021978,0
ISIC_0021979,0
ISIC_0021980,0
ISIC_0021981,0
ISIC_0021985,0
ISIC_0021996,0
ISIC_0021997,0
ISIC_0022000,0
ISIC_0022003,0
ISIC_0022009,0
ISIC_0022010,0
ISIC_0022011,0
ISIC_0022012,0
ISIC_0022013,0
ISIC_0022022,0
ISIC_0022048,0
ISIC_0022059,0
ISIC_0022066,0
ISIC_0022067,0
ISIC_0022068,0
ISIC_0022069,0
ISIC_0022070,0
ISIC_0022071,0
ISIC_0022073,0
ISIC_0022075,0
ISIC_0022076,0
ISIC_0022077,0
ISIC_0022078,0
ISIC_0022079,0
ISIC_0022080,0
ISIC_0022081,0
ISIC_0022082,0
ISIC_0022083,0
ISIC_0022102,0
ISIC_0022113,0
ISIC_0022123,0
ISIC_0022124,0
ISIC_0022125,0
ISIC_0022154,0
ISIC_0022155,0
ISIC_0022156,0
ISIC_0022157,0
ISIC_0022180,-1
ISIC_0022195,0
ISIC_0022196,0
ISIC_0022197,0
ISIC_0022198,0
ISIC_0022199,0
ISIC_0022245,0
ISIC_0022246,0
ISIC_0022254,0
ISIC_0022255,0
ISIC_0022256,0
ISIC_0022286,-1
ISIC_0022304,0
ISIC_0022305,0
ISIC_0022306,0
ISIC_0022307,0
ISIC_0022308,0
ISIC_0022311,0
ISIC_0022312,0
ISIC_0022313,0
ISIC_0022314,0
ISIC_0022315,0
ISIC_0022316,0
ISIC_0022317,0
ISIC_0022318,0
ISIC_0022319,0
ISIC_0022321,0
ISIC_0022322,0
ISIC_0022327,0
ISIC_0022328,0
ISIC_0022329,0
ISIC_0022330,0
ISIC_0022332,0
ISIC_0022338,0
ISIC_0022339,0
ISIC_0022340,0
ISIC_0022378,0
ISIC_0022379,0
ISIC_0022380,0
ISIC_0022381,0
ISIC_0022382,0
ISIC_0022383,0
ISIC_0022384,0
ISIC_0022385,0
ISIC_0022397,0
ISIC_0022398,0
ISIC_0022399,0
ISIC_0022437,0
ISIC_0022439,0
ISIC_0022440,0
ISIC_0022442,0
ISIC_0022463,0
ISIC_0022474,0
ISIC_0022570,0
ISIC_0022571,0
ISIC_0022572,0
ISIC_0022573,0
ISIC_0022574,0
ISIC_0022597,0
ISIC_0022601,0
ISIC_0022602,0
ISIC_0022603,0
ISIC_0022604,0
ISIC_0022615,0
ISIC_0022616,0
ISIC_0022617,0
ISIC_0022624,0
ISIC_0022660,0
ISIC_0022679,0
ISIC_0022682,0
ISIC_0022683,0
ISIC_0022684,0
ISIC_0022685,0
ISIC_0022686,0
ISIC_0022783,0
ISIC_0022793,0
ISIC_0022794,0
ISIC_0022796,0
ISIC_0022797,0
ISIC_0022798,0
ISIC_0022799,0
ISIC_0022894,0
ISIC_0023021,0
ISIC_0023022,0
ISIC_0023023,0
ISIC_0023025,0
ISIC_0023026,0
ISIC_0023042,0
ISIC_0023043,0
ISIC_0023044,0
ISIC_0023045,0
ISIC_0023047,0
ISIC_0023048,0
ISIC_0023049,0
ISIC_0023050,0
ISIC_0023051,0
ISIC_0023052,0
ISIC_0023053,0
ISIC_0023054,0
ISIC_0023103,-1
ISIC_0023104,-1
ISIC_0023105,-1
ISIC_0023106,-1
ISIC_0023107,-1
ISIC_0023108,-1
ISIC_0023109,-1
ISIC_0023110,-1
ISIC_0023111,-1
ISIC_0023116,0
ISIC_0023117,0
ISIC_0023119,0
ISIC_0023130,2
ISIC_0023131,2
ISIC_0023132,2
ISIC_0023133,2
ISIC_0023161,0
ISIC_0023163,0
ISIC_0023164,0
ISIC_0023165,0
ISIC_0023236,0
ISIC_0023262,0
ISIC_0023264,0
ISIC_0023265,0
ISIC_0023266,0
ISIC_0023267,0
ISIC_0023268,0
ISIC_0023269,0
ISIC_0023270,0
ISIC_0023271,0
ISIC_0023272,0
ISIC_0023273,0
ISIC_0023275,0
ISIC_0023276,0
ISIC_0023277,0
ISIC_0023278,0
ISIC_0023279,0
ISIC_0023280,0
ISIC_0023281,0
ISIC_0023282,0
ISIC_0023283,0
ISIC_0023284,0
ISIC_0023286,0
ISIC_0023287,0
ISIC_0023288,0
ISIC_0023289,0
ISIC_0023290,0
ISIC_0023291,0
ISIC_0023292,0
ISIC_0023293,0
ISIC_0023294,0
ISIC_0023295,0
ISIC_0023296,0
ISIC_0023297,0
ISIC_0023298,0
ISIC_0023299,0
ISIC_0023300,0
ISIC_0023301,0
ISIC_0023302,0
ISIC_0023303,0
ISIC_0023304,0
ISIC_0023305,0
ISIC_0023306,0
ISIC_0023307,0
ISIC_0023308,0
ISIC_0023309,0
ISIC_0023310,0
ISIC_0023311,0
ISIC_0023312,0
ISIC_0023313,0
ISIC_0023314,0
ISIC_0023315,0
ISIC_0023316,0
ISIC_0023317,0
ISIC_0023318,0
ISIC_0023320,0
ISIC_0023321,0
ISIC_0023322,0
ISIC_0023323,0
ISIC_0023324,0
ISIC_0023325,0
ISIC_0023326,0
ISIC_0023327,0
ISIC_0023328,0
ISIC_0023329,0
ISIC_0023331,0
ISIC_0023364,0
ISIC_0023365,0
ISIC_0023366,0
ISIC_0023367,0
ISIC_0023368,0
ISIC_0023369,0
ISIC_0023370,0
ISIC_0023371,0
ISIC_0023372,0
ISIC_0023374,0
ISIC_0023375,0
ISIC_0023376,0
ISIC_0023377,0
ISIC_0023395,0
ISIC_0023396,0
ISIC_0023397,0
ISIC_0023398,0
ISIC_0023399,0
ISIC_0023427,0
ISIC_0023438,0
ISIC_0023458,2
ISIC_0023459,2
ISIC_0023460,-1
ISIC_0023461,2
ISIC_0023462,2
ISIC_0023463,2
ISIC_0023464,2
ISIC_0023465,2
ISIC_0023466,2
ISIC_0023467,2
ISIC_0023469,2
ISIC_0023482,0
ISIC_0023483,0
ISIC_0023484,0
ISIC_0023485,0
ISIC_0023486,0
ISIC_0023488,0
ISIC_0023489,0
ISIC_0023490,0
ISIC_0023491,0
ISIC_0023492,0
ISIC_0023493,0
ISIC_0023494,0
ISIC_0023495,0
ISIC_0023496,0
ISIC_0023497,0
ISIC_0023500,0
ISIC_0023502,0
ISIC_0023503,0
ISIC_0023504,0
ISIC_0023505,0
ISIC_0023506,0
ISIC_0023507,0
ISIC_0023508,0
ISIC_0023509,0
ISIC_0023511,0
ISIC_0023512,0
ISIC_0023513,0
ISIC_0023514,0
ISIC_0023515,0
ISIC_0023516,0
ISIC_0023517,0
ISIC_0023518,0
ISIC_0023519,0
ISIC_0023524,0
ISIC_0023525,0
ISIC_0023526,0
ISIC_0023529,0
ISIC_0023530,0
ISIC_0023531,0
ISIC_0023553,0
ISIC_0023554,0
ISIC_0023561,0
ISIC_0023574,0
ISIC_0023575,0
ISIC_0023594,0
ISIC_0023596,0
ISIC_0023597,0
ISIC_0023604,0
ISIC_0023606,0
ISIC_0023608,0
ISIC_0023620,0
ISIC_0023631,0
ISIC_0023634,0
ISIC_0023635,0
ISIC_0023636,0
ISIC_0023637,0
ISIC_0023638,0
ISIC_0023639,0
ISIC_0023640,0
ISIC_0023641,0
ISIC_0023642,0
ISIC_0023643,0
ISIC_0023644,0
ISIC_0023645,0
ISIC_0023646,0
ISIC_0023647,0
ISIC_0023648,0
ISIC_0023669,0
ISIC_0023670,0
ISIC_0023671,0
ISIC_0023675,0
ISIC_0023685,0
ISIC_0023705,0
ISIC_0023706,0
ISIC_0023707,0
ISIC_0023708,0
ISIC_0023711,0
ISIC_0023712,0
ISIC_0023744,0
ISIC_0023747,0
ISIC_0023755,0
ISIC_0023762,0
ISIC_0023763,0
ISIC_0023764,0
ISIC_0023765,0
ISIC_0023766,0
ISIC_0023767,0
ISIC_0023769,0
ISIC_0023770,0
ISIC_0023771,0
ISIC_0023786,0
ISIC_0023787,0
ISIC_0023806,0
ISIC_0023807,0
ISIC_0023808,0
ISIC_0023809,0
ISIC_0023811,0
ISIC_0023812,0
ISIC_0023836,0
ISIC_0023837,0
ISIC_0023838,0
ISIC_0023839,0
ISIC_0023843,0
ISIC_0023853,0
ISIC_0023854,0
ISIC_0023855,0
ISIC_0023856,0
ISIC_0023890,0
ISIC_0023891,0
ISIC_0023893,0
ISIC_0023900,0
ISIC_0023901,0
ISIC_0023902,0
ISIC_0023903,0
ISIC_0023923,0
ISIC_0023924,0
ISIC_0023925,0
ISIC_0024005,0
ISIC_0024015,0
ISIC_0024016,0
ISIC_0024018,0
ISIC_0024032,0
ISIC_0024033,0
ISIC_0024034,0
ISIC_0024072,0
ISIC_0024083,0
ISIC_0024085,0
ISIC_0024086,0
ISIC_0024087,0
ISIC_0024091,0
ISIC_0024095,0
ISIC_0024096,0
ISIC_0024097,0
ISIC_0024108,0
ISIC_0024109,0
ISIC_0024112,0
ISIC_0024119,0
ISIC_0024120,0
ISIC_0024121,0
ISIC_0024193,0
ISIC_0024194,0
ISIC_0024195,0
ISIC_0024313,0
ISIC_0024315,0
ISIC_0024351,0
ISIC_0024481,0
ISIC_0024537,0
ISIC_0024546,0
ISIC_0024586,0
ISIC_0024624,0
ISIC_0024644,0
ISIC_0024675,0
ISIC_0024688,0
ISIC_0024733,0
ISIC_0024792,0
ISIC_0024806,0
ISIC_0024865,0
ISIC_0024886,0
ISIC_0024898,0
ISIC_0024900,0
ISIC_0024911,0
ISIC_0024918,0
ISIC_0024932,0
ISIC_0024952,0
ISIC_0024972,0
ISIC_0025018,0
ISIC_0025035,0
ISIC_0025081,0
ISIC_0025085,0
ISIC_0025127,0
ISIC_0025128,0
ISIC_0025155,0
ISIC_0025219,0
ISIC_0025235,0
ISIC_0025238,0
ISIC_0025265,0
ISIC_0025316,0
ISIC_0025409,0
ISIC_0025451,0
ISIC_0025489,0
ISIC_0025550,0
ISIC_0025573,0
ISIC_0025589,0
ISIC_0025592,0
ISIC_0025603,0
ISIC_0025611,0
ISIC_0025663,0
ISIC_0025674,0
ISIC_0025708,0
ISIC_0025724,0
ISIC_0025748,0
ISIC_0025751,0
ISIC_0025766,0
ISIC_0025783,0
ISIC_0025791,0
ISIC_0025832,0
ISIC_0025835,0
ISIC_0025891,0
ISIC_0025904,0
ISIC_0025941,0
ISIC_0025963,0
ISIC_0025964,0
ISIC_0026009,0
ISIC_0026081,0
ISIC_0026105,0
ISIC_0026113,0
ISIC_0026115,0
ISIC_0026150,0
ISIC_0026207,0
ISIC_0026229,0
ISIC_0026236,0
ISIC_0026239,0
ISIC_0026247,0
ISIC_0026258,0
ISIC_0026296,0
ISIC_0026314,0
ISIC_0026352,0
ISIC_0026360,0
ISIC_0026475,0
ISIC_0026506,0
ISIC_0026516,0
ISIC_0026596,0
ISIC_0026604,0
ISIC_0026622,0
ISIC_0026694,0
ISIC_0026746,0
ISIC_0026770,0
ISIC_0026774,0
ISIC_0026802,0
ISIC_0026897,0
ISIC_0026930,0
ISIC_0026954,0
ISIC_0026963,0
ISIC_0026993,0
ISIC_0026996,0
ISIC_0027043,0
ISIC_0027089,0
ISIC_0027105,0
ISIC_0027125,0
ISIC_0027171,0
ISIC_0027174,0
ISIC_0027260,0
ISIC_0027261,0
ISIC_0027263,0
ISIC_0027282,0
ISIC_0027327,0
ISIC_0027359,0
ISIC_0027387,0
ISIC_0027402,0
ISIC_0027407,0
ISIC_0027436,0
ISIC_0027480,0
ISIC_0027487,0
ISIC_0027502,0
ISIC_0027507,0
ISIC_0027517,0
ISIC_0027561,0
ISIC_0027604,0
ISIC_0027616,0
ISIC_0027620,0
ISIC_0027622,0
ISIC_0027659,0
ISIC_0027693,0
ISIC_0027769,0
ISIC_0027793,0
ISIC_0027797,0
ISIC_0027832,0
ISIC_0027863,0
ISIC_0027900,0
ISIC_0027956,0
ISIC_0028003,0
ISIC_0028017,0
ISIC_0028022,0
ISIC_0028029,0
ISIC_0028033,0
ISIC_0028041,0
ISIC_0028056,0
ISIC_0028065,0
ISIC_0028069,0
ISIC_0028103,0
ISIC_0028109,0
ISIC_0028215,0
ISIC_0028219,0
ISIC_0028225,0
ISIC_0028306,0
ISIC_0028325,0
ISIC_0028326,0
ISIC_0028460,0
ISIC_0028467,0
ISIC_0028489,0
ISIC_0028493,0
ISIC_0028537,0
ISIC_0028565,0
ISIC_0028567,0
ISIC_0028579,0
ISIC_0028685,0
ISIC_0028696,0
ISIC_0028718,0
ISIC_0028760,0
ISIC_0028860,0
ISIC_0028901,0
ISIC_0028915,0
ISIC_0028929,0
ISIC_0028930,0
ISIC_0028965,0
ISIC_0029013,0
ISIC_0029017,0
ISIC_0029028,0
ISIC_0029033,0
ISIC_0029056,0
ISIC_0029170,0
ISIC_0029242,0
ISIC_0029272,0
ISIC_0029318,0
ISIC_0029343,0
ISIC_0029397,0
ISIC_0029434,0
ISIC_0029480,0
ISIC_0029495,0
ISIC_0029513,0
ISIC_0029538,0
ISIC_0029570,0
ISIC_0029571,0
ISIC_0029606,0
ISIC_0029651,0
ISIC_0029652,0
ISIC_0029660,0
ISIC_0029698,0
ISIC_0029839,0
ISIC_0029859,0
ISIC_0029885,0
ISIC_0029913,0
ISIC_0030002,0
ISIC_0030034,0
ISIC_0030047,0
ISIC_0030083,0
ISIC_0030089,0
ISIC_0030122,0
ISIC_0030134,0
ISIC_0030171,0
ISIC_0030183,0
ISIC_0030192,0
ISIC_0030255,0
ISIC_0030281,0
ISIC_0030356,0
ISIC_0030366,0
ISIC_0030391,0
ISIC_0030440,0
ISIC_0030445,0
ISIC_0030501,0
ISIC_0030507,0
ISIC_0030512,0
ISIC_0030521,0
ISIC_0030539,0
ISIC_0030552,0
ISIC_0030575,0
ISIC_0030623,0
ISIC_0030653,0
ISIC_0030689,0
ISIC_0030747,0
ISIC_0030795,0
ISIC_0030818,0
ISIC_0030828,0
ISIC_0030898,0
ISIC_0030951,0
ISIC_0031025,0
ISIC_0031034,0
ISIC_0031177,0
ISIC_0031186,0
ISIC_0031189,0
ISIC_0031295,0
ISIC_0031369,0
ISIC_0031386,0
ISIC_0031389,0
ISIC_0031406,0
ISIC_0031408,0
ISIC_0031417,0
ISIC_0031498,0
ISIC_0031529,0
ISIC_0031545,0
ISIC_0031557,0
ISIC_0031586,0
ISIC_0031598,0
ISIC_0031642,0
ISIC_0031709,0
ISIC_0031741,0
ISIC_0031745,0
ISIC_0031746,0
ISIC_0031779,0
ISIC_0031784,0
ISIC_0031821,0
ISIC_0031844,0
ISIC_0031908,0
ISIC_0031915,0
ISIC_0031953,0
ISIC_0031957,0
ISIC_0031958,0
ISIC_0031972,0
ISIC_0031977,0
ISIC_0031999,0
ISIC_0032019,0
ISIC_0032036,0
ISIC_0032044,0
ISIC_0032046,0
ISIC_0032095,0
ISIC_0032098,-1
ISIC_0032190,0
ISIC_0032204,0
ISIC_0032219,0
ISIC_0032232,0
ISIC_0032245,0
ISIC_0032287,0
ISIC_0032313,0
ISIC_0032425,0
ISIC_0032433,0
ISIC_0032441,0
ISIC_0032450,0
ISIC_0032462,0
ISIC_0032509,0
ISIC_0032517,0
ISIC_0032526,0
ISIC_0032532,0
ISIC_0032533,0
ISIC_0032544,0
ISIC_0032547,0
ISIC_0032550,0
ISIC_0032552,0
ISIC_0032559,0
ISIC_0032569,0
ISIC_0032592,0
ISIC_0032596,0
ISIC_0032598,0
ISIC_0032602,0
ISIC_0032603,0
ISIC_0032610,0
ISIC_0032617,0
ISIC_0032622,0
ISIC_0032624,0
ISIC_0032626,0
ISIC_0032638,0
ISIC_0032645,0
ISIC_0032653,0
ISIC_0032656,0
ISIC_0032662,0
ISIC_0032672,0
ISIC_0032684,0
ISIC_0032685,0
ISIC_0032716,0
ISIC_0032718,0
ISIC_0032723,0
ISIC_0032724,0
ISIC_0032736,0
ISIC_0032750,0
ISIC_0032751,0
ISIC_0032766,0
ISIC_0032797,0
ISIC_0032807,0
ISIC_0032810,0
ISIC_0032836,0
ISIC_0032841,0
ISIC_0032844,0
ISIC_0032845,0
ISIC_0032847,0
ISIC_0032856,0
ISIC_0032862,0
ISIC_0032869,0
ISIC_0032870,0
ISIC_0032875,0
ISIC_0032887,0
ISIC_0032888,0
ISIC_0032903,0
ISIC_0032917,0
ISIC_0032921,0
ISIC_0032925,0
ISIC_0032981,0
ISIC_0032982,0
ISIC_0032984,0
ISIC_0033017,0
ISIC_0033024,0
ISIC_0033047,0
ISIC_0033068,0
ISIC_0033081,0
ISIC_0033103,0
ISIC_0033120,0
ISIC_0033125,0
ISIC_0033141,0
ISIC_0033152,0
ISIC_0033166,0
ISIC_0033171,0
ISIC_0033174,0
ISIC_0033175,0
ISIC_0033180,0
ISIC_0033186,0
ISIC_0033193,0
ISIC_0033196,0
ISIC_0033216,0
ISIC_0033239,0
ISIC_0033241,0
ISIC_0033268,0
ISIC_0033275,0
ISIC_0033278,0
ISIC_0033279,0
ISIC_0033300,0
ISIC_0033302,0
ISIC_0033304,0
ISIC_0033312,0
ISIC_0033317,0
ISIC_0033320,0
ISIC_0033323,0
ISIC_0033333,0
ISIC_0033336,0
ISIC_0033362,0
ISIC_0033368,0
ISIC_0033369,0
ISIC_0033377,0
ISIC_0033387,0
ISIC_0033393,0
ISIC_0033394,0
ISIC_0033405,0
ISIC_0033415,0
ISIC_0033416,0
ISIC_0033424,0
ISIC_0033429,0
ISIC_0033432,0
ISIC_0033444,0
ISIC_0033452,0
ISIC_0033469,0
ISIC_0033470,0
ISIC_0033485,0
ISIC_0033487,0
ISIC_0033496,0
ISIC_0033500,0
ISIC_0033524,0
ISIC_0033534,0
ISIC_0033545,0
ISIC_0033546,0
ISIC_0033560,0
ISIC_0033568,0
ISIC_0033573,0
ISIC_0033595,0
ISIC_0033603,0
ISIC_0033607,0
ISIC_0033612,0
ISIC_0033619,0
ISIC_0033624,0
ISIC_0033638,0
ISIC_0033644,0
ISIC_0033651,0
ISIC_0033662,0
ISIC_0033687,0
ISIC_0033696,0
ISIC_0033700,0
ISIC_0033704,0
ISIC_0033717,0
ISIC_0033752,0
ISIC_0033779,0
ISIC_0033801,0
ISIC_0033802,0
ISIC_0033804,0
ISIC_0033805,0
ISIC_0033813,0
ISIC_0033819,0
ISIC_0033848,0
ISIC_0033871,0
ISIC_0033872,0
ISIC_0033881,0
ISIC_0033883,0
ISIC_0033886,0
ISIC_0033893,0
ISIC_0033901,0
ISIC_0033905,0
ISIC_0033911,0
ISIC_0033925,0
ISIC_0033938,0
ISIC_0033946,0
ISIC_0033956,0
ISIC_0033957,0
ISIC_0033962,0
ISIC_0033968,0
ISIC_0033975,0
ISIC_0033977,0
ISIC_0033980,0
ISIC_0033981,0
ISIC_0033985,0
ISIC_0033995,0
ISIC_0034002,0
ISIC_0034005,0
ISIC_0034006,0
ISIC_0034012,0
ISIC_0034046,0
ISIC_0034048,0
ISIC_0034051,0
ISIC_0034052,0
ISIC_0034061,0
ISIC_0034064,0
ISIC_0034068,0
ISIC_0034071,0
ISIC_0034076,0
ISIC_0034085,0
ISIC_0034094,0
ISIC_0034100,0
ISIC_0034104,0
ISIC_0034107,0
ISIC_0034117,0
ISIC_0034118,0
ISIC_0034120,0
ISIC_0034134,0
ISIC_0034140,0
ISIC_0034145,0
ISIC_0034150,0
ISIC_0034172,0
ISIC_0034183,0
ISIC_0034205,0
ISIC_0034211,0
ISIC_0034222,0
ISIC_0034233,0
ISIC_0034236,0
ISIC_0034246,0
ISIC_0034256,0
ISIC_0034262,0
ISIC_0034269,0
ISIC_0034287,0
ISIC_0034289,0
ISIC_0034317,0
ISIC_0034343,0
ISIC_0034398,0
ISIC_0034446,0
ISIC_0034472,0
ISIC_0034477,0
ISIC_0034482,0
ISIC_0034492,0
ISIC_0034572,0
ISIC_0034605,0
ISIC_0034630,0
ISIC_0034784,0
ISIC_0034873,0
ISIC_0034882,0
ISIC_0034904,0
ISIC_0034934,0
ISIC_0034971,0
ISIC_0035000,0
ISIC_0035021,0
ISIC_0035047,0
ISIC_0035048,0
ISIC_0035070,0
ISIC_0035089,0
ISIC_0035090,0
ISIC_0035124,0
ISIC_0035224,0
ISIC_0035263,0
ISIC_0035366,0
ISIC_0035406,0
ISIC_0035420,0
ISIC_0035459,0
ISIC_0035462,0
ISIC_0035486,0
ISIC_0035636,0
ISIC_0035640,0
ISIC_0035670,0
ISIC_0035680,0
ISIC_0035682,0
ISIC_0035698,0
ISIC_0035700,0
ISIC_0035705,0
ISIC_0035708,0
ISIC_0035714,0
ISIC_0035719,0
ISIC_0035732,0
ISIC_0035747,0
ISIC_0035764,0
ISIC_0035766,0
ISIC_0035767,0
ISIC_0035794,0
ISIC_0035823,0
ISIC_0035825,0
ISIC_0035827,0
ISIC_0035846,0
ISIC_0035853,0
ISIC_0035854,0
ISIC_0035868,0
ISIC_0035889,0
ISIC_0035913,0
ISIC_0035923,0
ISIC_0035929,0
ISIC_0035938,0
ISIC_0035964,0
ISIC_0035968,0
ISIC_0036005,0
ISIC_0036012,0
ISIC_0036034,0
ISIC_0036051,0
ISIC_0036057,0
ISIC_0036070,0
ISIC_0036073,0
ISIC_0036075,0
ISIC_0036076,0
ISIC_0036078,0
ISIC_0036079,0
ISIC_0036080,0
ISIC_0036081,0
ISIC_0036083,0
ISIC_0036085,0
ISIC_0036086,0
ISIC_0036087,0
ISIC_0036088,0
ISIC_0036089,0
ISIC_0036090,0
ISIC_0036091,0
ISIC_0036092,0
ISIC_0036093,0
ISIC_0036094,0
ISIC_0036095,0
ISIC_0036096,0
ISIC_0036097,0
ISIC_0036098,0
ISIC_0036099,0
ISIC_0036101,0
ISIC_0036102,0
ISIC_0036103,0
ISIC_0036104,0
ISIC_0036105,0
ISIC_0036106,0
ISIC_0036107,0
ISIC_0036108,0
ISIC_0036109,0
ISIC_0036110,0
ISIC_0036111,0
ISIC_0036112,0
ISIC_0036113,0
ISIC_0036114,0
ISIC_0036115,0
ISIC_0036116,0
ISIC_0036117,0
ISIC_0036118,0
ISIC_0036119,0
ISIC_0036120,0
ISIC_0036121,0
ISIC_0036123,0
ISIC_0036159,0
ISIC_0036258,0
ISIC_0036260,0
ISIC_0036263,0
ISIC_0036264,0
ISIC_0036269,0
ISIC_0036270,0
ISIC_0036273,0
ISIC_0036274,0
ISIC_0036275,0
ISIC_0036276,0
ISIC_0036278,0
ISIC_0036279,0
ISIC_0036280,0
ISIC_0036281,0
ISIC_0036282,0
ISIC_0036284,0
ISIC_0036285,0
ISIC_0036286,0
ISIC_0036287,0
ISIC_0046224,0
ISIC_0046225,0
ISIC_0046242,0
ISIC_0046305,0
ISIC_0046315,0
ISIC_0046322,0
ISIC_0046323,0
ISIC_0046331,0
ISIC_0046338,0
ISIC_0046343,0
ISIC_0046344,0
ISIC_0046345,0
ISIC_0046361,0
ISIC_0046372,0
ISIC_0046383,0
ISIC_0046394,0
ISIC_0046405,0
ISIC_0046416,0
ISIC_0046422,0
ISIC_0046427,0
ISIC_0046438,0
ISIC_0046441,0
ISIC_0046443,0
ISIC_0046449,0
ISIC_0046450,0
ISIC_0046458,0
ISIC_0046471,0
ISIC_0046504,0
ISIC_0046526,0
ISIC_0046548,0
ISIC_0046560,0
ISIC_0046571,0
ISIC_0046596,0
ISIC_0046597,0
ISIC_0046609,0
ISIC_0046626,0
ISIC_0046628,0
ISIC_0046633,0
ISIC_0046639,0
ISIC_0046640,0
ISIC_0046645,0
ISIC_0046647,0
ISIC_0046659,0
ISIC_0046661,0
ISIC_0046662,0
ISIC_0046664,0
ISIC_0046667,0
ISIC_0046670,0
ISIC_0046671,0
ISIC_0046672,0
ISIC_0046681,0
ISIC_0046682,0
ISIC_0046683,0
ISIC_0046712,0
ISIC_0046725,0
ISIC_0046773,0
ISIC_0046820,0
ISIC_0046827,0
ISIC_0046828,0
ISIC_0046834,0
ISIC_0046900,0
ISIC_0046908,0
ISIC_0046917,0
ISIC_0046921,0
ISIC_0046932,0
ISIC_0046983,0
ISIC_0046985,0
ISIC_0047003,0
ISIC_0047004,0
ISIC_0047008,0
ISIC_0047022,0
ISIC_0047024,0
ISIC_0047031,0
ISIC_0047033,0
ISIC_0053456,0
ISIC_0053469,0
ISIC_0053470,0
ISIC_0053471,0
ISIC_0053473,0
ISIC_0053479,1
ISIC_0053485,0
ISIC_0053489,0
ISIC_0053491,0
ISIC_0053492,0
ISIC_0053495,0
ISIC_0053503,0
ISIC_0053507,0
ISIC_0053508,0
ISIC_0053509,0
ISIC_0053510,0
ISIC_0053512,2
ISIC_0053513,0
ISIC_0053518,0
ISIC_0053520,0
ISIC_0053525,0
ISIC_0053531,0
ISIC_0053533,0
ISIC_0053541,0
ISIC_0053542,0
ISIC_0053545,0
ISIC_0053570,0
ISIC_0053578,0
ISIC_0053582,0
ISIC_0053589,0
ISIC_0053594,0
ISIC_0053603,0
ISIC_0053611,0
ISIC_0053615,0
ISIC_0053617,0
ISIC_0053620,0
ISIC_0053632,0
ISIC_0053659,0
ISIC_0053660,0
ISIC_0053667,0
ISIC_0053674,0
ISIC_0053691,0
ISIC_0053698,0
ISIC_0053699,0
ISIC_0053700,0
ISIC_0053723,2
ISIC_0053725,0
ISIC_0053734,0
ISIC_0053740,0
ISIC_0053742,0
ISIC_0053743,0
ISIC_0053751,0
ISIC_0053761,0
ISIC_0053763,0
ISIC_0053765,0
ISIC_0053766,0
ISIC_0053774,0
ISIC_0053784,0
ISIC_0053787,0
ISIC_0053790,0
ISIC_0053791,0
ISIC_0053796,1
ISIC_0053801,0
ISIC_0053810,0
ISIC_0053812,1
ISIC_0053814,0
ISIC_0053816,0
ISIC_0053823,0
ISIC_0053824,0
ISIC_0053827,0
ISIC_0053828,0
ISIC_0053829,0
ISIC_0053839,0
ISIC_0053841,0
ISIC_0053843,0
ISIC_0053846,0
ISIC_0053853,0
ISIC_0053891,0
ISIC_0053893,0
ISIC_0053904,0
ISIC_0053909,0
ISIC_0053912,0
ISIC_0053916,0
ISIC_0053923,0
ISIC_0053925,0
ISIC_0053933,0
ISIC_0053946,0
ISIC_0053960,0
ISIC_0053969,0
ISIC_0053971,0
ISIC_0053974,0
ISIC_0053980,0
ISIC_0053981,0
ISIC_0053996,0
ISIC_0054006,0
ISIC_0054015,0
ISIC_0054025,0
ISIC_0054032,0
ISIC_0054038,0
ISIC_0054043,0
ISIC_0054048,0
ISIC_0054053,0
ISIC_0054059,0
ISIC_0054061,0
ISIC_0054062,0
ISIC_0054070,0
ISIC_0054073,0
ISIC_0054078,0
ISIC_0054079,0
ISIC_0054080,0
ISIC_0054082,0
ISIC_0054085,0
ISIC_0054090,0
ISIC_0054103,0
ISIC_0054106,0
ISIC_0054110,0
ISIC_0054112,0
ISIC_0054117,0
ISIC_0054123,0
ISIC_0054141,1
ISIC_0054151,1
ISIC_0054159,0
ISIC_0054167,0
ISIC_0054179,0
ISIC_0054185,0
ISIC_0054188,0
ISIC_0054193,0
ISIC_0054198,0
ISIC_0054205,0
ISIC_0054213,0
ISIC_0054220,0
ISIC_0054222,0
ISIC_0054226,0
ISIC_0054229,0
ISIC_0054233,0
ISIC_0054236,0
ISIC_0054239,0
ISIC_0054244,0
ISIC_0054248,0
ISIC_0054251,0
ISIC_0054254,0
ISIC_0054264,0
ISIC_0054274,0
ISIC_0054284,0
ISIC_0054287,0
ISIC_0054292,0
ISIC_0054296,0
ISIC_0054312,0
ISIC_0054314,0
ISIC_0054317,0
ISIC_0054334,0
ISIC_0054337,0
ISIC_0054351,0
ISIC_0054355,0
ISIC_0054364,0
ISIC_0054366,0
ISIC_0054371,0
ISIC_0054377,0
ISIC_0054379,0
ISIC_0054384,0
ISIC_0054391,0
ISIC_0054399,0
ISIC_0054410,0
ISIC_0054412,0
ISIC_0054416,0
ISIC_0054430,0
ISIC_0054444,0
ISIC_0054445,0
ISIC_0054458,0
ISIC_0054459,0
ISIC_0054462,0
ISIC_0054464,0
ISIC_0054465,0
ISIC_0054497,0
ISIC_0054501,0
ISIC_0054506,0
ISIC_0054512,0
ISIC_0054516,0
ISIC_0054520,0
ISIC_0054523,0
ISIC_0054528,0
ISIC_0054544,0
ISIC_0054548,0
ISIC_0054563,0
ISIC_0054568,0
ISIC_0054574,0
ISIC_0054599,0
ISIC_0054612,0
ISIC_0054618,0
ISIC_0054624,0
ISIC_0054625,0
ISIC_0054629,0
ISIC_0054637,0
ISIC_0054651,0
ISIC_0054661,0
ISIC_0054663,0
ISIC_0054670,0
ISIC_0054671,0
ISIC_0054673,0
ISIC_0054677,0
ISIC_0054694,0
ISIC_0054705,0
ISIC_0054725,0
ISIC_0054728,0
ISIC_0054734,0
ISIC_0054744,0
ISIC_0054747,0
ISIC_0054748,0
ISIC_0054756,0
ISIC_0054760,0
ISIC_0054763,0
ISIC_0054765,0
ISIC_0054767,0
ISIC_0054770,0
ISIC_0054777,0
ISIC_0054787,0
ISIC_0054793,0
ISIC_0054802,0
ISIC_0054819,0
ISIC_0054821,0
ISIC_0054825,0
ISIC_0054827,0
ISIC_0054842,0
ISIC_0054844,0
ISIC_0054848,0
ISIC_0054851,0
ISIC_0054852,0
ISIC_0054853,0
ISIC_0054874,0
ISIC_0054889,0
ISIC_0054892,0
ISIC_0054894,0
ISIC_0054902,0
ISIC_0054904,0
ISIC_0054906,0
ISIC_0054912,0
ISIC_0054914,0
ISIC_0054919,0
ISIC_0054936,0
ISIC_0054941,0
ISIC_0054961,0
ISIC_0054963,0
ISIC_0054969,0
ISIC_0054970,0
ISIC_0054971,0
ISIC_0054973,0
ISIC_0054974,0
ISIC_0054976,0
ISIC_0054979,0
ISIC_0054982,0
ISIC_0054988,0
ISIC_0054995,0
ISIC_0055001,0
ISIC_0055002,0
ISIC_0055022,0
ISIC_0055024,0
ISIC_0055031,0
ISIC_0055039,0
ISIC_0055048,0
ISIC_0055051,0
ISIC_0055052,0
ISIC_0055054,0
ISIC_0055056,0
ISIC_0055062,0
ISIC_0055074,0
ISIC_0055079,0
ISIC_0055081,0
ISIC_0055086,0
ISIC_0055087,0
ISIC_0055091,0
ISIC_0055110,0
ISIC_0055136,0
ISIC_0055141,0
ISIC_0055143,0
ISIC_0055147,0
ISIC_0055156,0
ISIC_0055161,0
ISIC_0055167,0
ISIC_0055175,0
ISIC_0055179,0
ISIC_0055181,0
ISIC_0055191,0
ISIC_0055193,0
ISIC_0055202,0
ISIC_0055205,0
ISIC_0055208,0
ISIC_0055226,0
ISIC_0055227,0
ISIC_0055236,0
ISIC_0055241,0
ISIC_0055246,0
ISIC_0055249,0
ISIC_0055264,0
ISIC_0055265,0
ISIC_0055268,0
ISIC_0055276,0
ISIC_0055282,0
ISIC_0055289,0
ISIC_0055293,0
ISIC_0055295,0
ISIC_0055297,0
ISIC_0055298,0
ISIC_0055309,0
ISIC_0055311,0
ISIC_0055314,0
ISIC_0055318,0
ISIC_0055337,0
ISIC_0055340,0
ISIC_0055344,0
ISIC_0055355,0
ISIC_0055359,0
ISIC_0055362,0
ISIC_0055363,0
ISIC_0055367,0
ISIC_0055380,0
ISIC_0055393,0
ISIC_0055398,0
ISIC_0055412,0
ISIC_0055417,0
ISIC_0055419,0
ISIC_0055421,0
ISIC_0055425,0
ISIC_0055438,0
ISIC_0055440,0
ISIC_0055445,0
ISIC_0055451,0
ISIC_0055453,0
ISIC_0055454,0
ISIC_0055462,0
ISIC_0055464,0
ISIC_0055465,0
ISIC_0055467,0
ISIC_0055474,0
ISIC_0055492,0
ISIC_0055496,0
ISIC_0055500,0
ISIC_0055503,0
ISIC_0055511,0
ISIC_0055513,0
ISIC_0055517,0
ISIC_0055518,0
ISIC_0055519,0
ISIC_0055525,0
ISIC_0055527,0
ISIC_0055528,0
ISIC_0055543,0
ISIC_0055546,0
ISIC_0055550,0
ISIC_0055562,0
ISIC_0055570,0
ISIC_0055572,0
ISIC_0055582,0
ISIC_0055613,0
ISIC_0055616,0
ISIC_0055618,0
ISIC_0055622,0
ISIC_0055623,0
ISIC_0055624,0
ISIC_0055631,0
ISIC_0055643,1
ISIC_0055659,0
ISIC_0055665,0
ISIC_0055680,0
ISIC_0055684,0
ISIC_0055688,0
ISIC_0055690,0
ISIC_0055699,0
ISIC_0055701,0
ISIC_0055707,0
ISIC_0055709,0
ISIC_0055714,0
ISIC_0055720,0
ISIC_0055733,0
ISIC_0055742,0
ISIC_0055743,0
ISIC_0055756,0
ISIC_0055759,1
ISIC_0055764,0
ISIC_0055767,0
ISIC_0055771,0
ISIC_0055776,0
ISIC_0055780,0
ISIC_0055781,0
ISIC_0055783,0
ISIC_0055788,0
ISIC_0055789,0
ISIC_0055796,0
ISIC_0055797,0
ISIC_0055799,0
ISIC_0055802,0
ISIC_0055818,0
ISIC_0055820,0
ISIC_0055821,0
ISIC_0055825,0
ISIC_0055828,0
ISIC_0055832,0
ISIC_0055840,1
ISIC_0055841,0
ISIC_0055854,0
ISIC_0055859,0
ISIC_0055862,0
ISIC_0055871,0
ISIC_0055876,0
ISIC_0055887,0
ISIC_0055892,0
ISIC_0055896,0
ISIC_0055899,0
ISIC_0055900,0
ISIC_0055905,0
ISIC_0055907,0
ISIC_0055911,0
ISIC_0055930,0
ISIC_0055931,0
ISIC_0055937,0
ISIC_0055938,0
ISIC_0055953,0
ISIC_0055954,0
ISIC_0055960,0
ISIC_0055967,0
ISIC_0055984,0
ISIC_0055999,0
ISIC_0056001,0
ISIC_0056007,0
ISIC_0056017,0
ISIC_0056019,0
ISIC_0056036,0
ISIC_0056041,0
ISIC_0056044,0
ISIC_0056047,0
ISIC_0056050,0
ISIC_0056051,0
ISIC_0056061,0
ISIC_0056063,0
ISIC_0056079,0
ISIC_0056089,0
ISIC_0056092,0
ISIC_0056105,0
ISIC_0056113,0
ISIC_0056118,0
ISIC_0056130,0
ISIC_0056133,0
ISIC_0056136,0
ISIC_0056138,0
ISIC_0056141,0
ISIC_0056145,0
ISIC_0056152,0
ISIC_0056156,0
ISIC_0056167,0
ISIC_0056170,0
ISIC_0056181,0
ISIC_0056185,0
ISIC_0056186,0
ISIC_0056190,0
ISIC_0056192,0
ISIC_0056201,0
ISIC_0056202,0
ISIC_0056210,0
ISIC_0056214,0
ISIC_0056217,0
ISIC_0056221,0
ISIC_0056225,0
ISIC_0056228,0
ISIC_0056232,0
ISIC_0056247,0
ISIC_0056261,0
ISIC_0056263,0
ISIC_0056269,0
ISIC_0056271,0
ISIC_0056283,0
ISIC_0056292,0
ISIC_0056298,0
ISIC_0056309,0
ISIC_0056319,0
ISIC_0056330,0
ISIC_0056337,0
ISIC_0056345,0
ISIC_0056347,0
ISIC_0056364,0
ISIC_0056382,0
ISIC_0056389,0
ISIC_0056392,0
ISIC_0056401,0
ISIC_0056403,0
ISIC_0056413,0
ISIC_0056415,0
ISIC_0056422,0
ISIC_0056425,0
ISIC_0056428,0
ISIC_0056446,0
ISIC_0056447,0
ISIC_0056448,0
ISIC_0056449,0
ISIC_0056454,0
ISIC_0056479,0
ISIC_0056481,0
ISIC_0056483,0
ISIC_0056487,0
ISIC_0056501,0
ISIC_0056511,0
ISIC_0056525,0
ISIC_0056527,0
ISIC_0056531,0
ISIC_0056546,0
ISIC_0056551,0
ISIC_0056554,0
ISIC_0056572,0
ISIC_0056573,0
ISIC_0056601,0
ISIC_0056604,0
ISIC_0056612,0
ISIC_0056614,0
ISIC_0056625,0
ISIC_0056626,0
ISIC_0056632,0
ISIC_0056644,0
ISIC_0056652,0
ISIC_0056655,0
ISIC_0056659,0
ISIC_0056660,0
ISIC_0056676,0
ISIC_0056677,0
ISIC_0056680,0
ISIC_0056683,0
ISIC_0056684,0
ISIC_0056688,0
ISIC_0056692,0
ISIC_0056710,0
ISIC_0056717,0
ISIC_0056719,0
ISIC_0056723,0
ISIC_0056725,0
ISIC_0056728,1
ISIC_0056729,0
ISIC_0056739,0
ISIC_0056740,0
ISIC_0056749,0
ISIC_0056750,0
ISIC_0056751,0
ISIC_0056753,0
ISIC_0056770,0
ISIC_0056788,0
ISIC_0056790,0
ISIC_0056796,0
ISIC_0056800,0
ISIC_0056806,0
ISIC_0056814,0
ISIC_0056816,0
ISIC_0056817,0
ISIC_0056819,0
ISIC_0056820,0
ISIC_0056844,0
ISIC_0056848,0
ISIC_0056849,0
ISIC_0056851,0
ISIC_0056860,0
ISIC_0056863,0
ISIC_0056871,0
ISIC_0056876,0
ISIC_0056893,0
ISIC_0056900,0
ISIC_0056901,0
ISIC_0056902,0
ISIC_0056915,0
ISIC_0056921,0
ISIC_0056926,0
ISIC_0056938,0
ISIC_0056940,0
ISIC_0056957,0
ISIC_0056967,0
ISIC_0056974,1
ISIC_0056981,0
ISIC_0056984,0
ISIC_0056988,0
ISIC_0056991,0
ISIC_0057001,0
ISIC_0057003,0
ISIC_0057015,0
ISIC_0057016,0
ISIC_0057019,0
ISIC_0057023,0
ISIC_0057025,0
ISIC_0057027,0
ISIC_0057033,0
ISIC_0057044,0
ISIC_0057045,0
ISIC_0057048,0
ISIC_0057067,0
ISIC_0057083,0
ISIC_0057089,0
ISIC_0057113,0
ISIC_0057141,0
ISIC_0057147,0
ISIC_0057148,0
ISIC_0057152,0
ISIC_0057154,0
ISIC_0057155,0
ISIC_0057164,0
ISIC_0057169,0
ISIC_0057171,0
ISIC_0057172,0
ISIC_0057188,0
ISIC_0057192,0
ISIC_0057199,0
ISIC_0057204,0
ISIC_0057211,0
ISIC_0057234,0
ISIC_0057235,0
ISIC_0057244,0
ISIC_0057252,0
ISIC_0057257,0
ISIC_0057286,0
ISIC_0057302,0
ISIC_0057306,0
ISIC_0057307,0
ISIC_0057313,0
ISIC_0057315,0
ISIC_0057317,0
ISIC_0057323,0
ISIC_0057324,0
ISIC_0057328,0
ISIC_0057331,0
ISIC_0057338,0
ISIC_0057344,0
ISIC_0057360,0
ISIC_0057362,0
ISIC_0057370,0
ISIC_0057371,0
ISIC_0057374,0
ISIC_0057390,0
ISIC_0057395,0
ISIC_0057397,0
ISIC_0057406,0
ISIC_0057408,0
ISIC_0057412,0
ISIC_0057417,0
ISIC_0057436,0
ISIC_0057450,0
ISIC_0057457,0
ISIC_0057462,0
ISIC_0057465,0
ISIC_0057482,0
ISIC_0057496,0
ISIC_0057518,0
ISIC_0057531,0
ISIC_0057534,0
ISIC_0057535,0
ISIC_0057539,0
ISIC_0057545,0
ISIC_0057548,0
ISIC_0057554,0
ISIC_0057556,0
ISIC_0057557,0
ISIC_0057558,0
ISIC_0057559,0
ISIC_0057577,0
ISIC_0057591,0
ISIC_0057593,0
ISIC_0057594,0
ISIC_0057609,0
ISIC_0057611,0
ISIC_0057615,0
ISIC_0057617,0
ISIC_0057619,0
ISIC_0057621,2
ISIC_0057634,0
ISIC_0057656,0
ISIC_0057661,0
ISIC_0057668,0
ISIC_0057672,0
ISIC_0057685,0
ISIC_0057687,0
ISIC_0057700,0
ISIC_0057702,0
ISIC_0057716,0
ISIC_0057725,0
ISIC_0057731,0
ISIC_0057734,0
ISIC_0057736,0
ISIC_0057744,0
ISIC_0057747,0
ISIC_0057753,0
ISIC_0057759,0
ISIC_0057762,0
ISIC_0057769,0
ISIC_0057771,0
ISIC_0057782,0
ISIC_0057783,0
ISIC_0057787,0
ISIC_0057791,0
ISIC_0057808,0
ISIC_0057815,0
ISIC_0057821,0
ISIC_0057828,0
ISIC_0057838,0
ISIC_0057841,0
ISIC_0057844,0
ISIC_0057848,0
ISIC_0057851,0
ISIC_0057864,0
ISIC_0057870,0
ISIC_0057881,0
ISIC_0057891,0
ISIC_0057898,0
ISIC_0057900,0
ISIC_0057913,0
ISIC_0057914,0
ISIC_0057921,0
ISIC_0057936,0
ISIC_0057938,0
ISIC_0057939,0
ISIC_0057947,2
ISIC_0057949,0
ISIC_0057953,0
ISIC_0057960,0
ISIC_0057968,0
ISIC_0057973,0
ISIC_0057974,0
ISIC_0057976,0
ISIC_0057978,0
ISIC_0057980,0
ISIC_0057996,0
ISIC_0057999,0
ISIC_0058000,0
ISIC_0058003,0
ISIC_0058007,0
ISIC_0058010,0
ISIC_0058015,0
ISIC_0058016,0
ISIC_0058021,0
ISIC_0058024,0
ISIC_0058028,0
ISIC_0058033,0
ISIC_0058040,0
ISIC_0058046,0
ISIC_0058047,0
ISIC_0058050,0
ISIC_0058059,0
ISIC_0058075,0
ISIC_0058081,0
ISIC_0058096,0
ISIC_0058097,0
ISIC_0058098,0
ISIC_0058115,0
ISIC_0058118,0
ISIC_0058125,0
ISIC_0058126,0
ISIC_0058127,0
ISIC_0058135,0
ISIC_0058136,0
ISIC_0058138,0
ISIC_0058151,0
ISIC_0058154,0
ISIC_0058164,0
ISIC_0058168,0
ISIC_0058170,0
ISIC_0058173,0
ISIC_0058176,0
ISIC_0058181,0
ISIC_0058204,0
ISIC_0058206,0
ISIC_0058214,0
ISIC_0058218,0
ISIC_0058229,0
ISIC_0058237,0
ISIC_0058245,0
ISIC_0058249,0
ISIC_0058255,0
ISIC_0058270,0
ISIC_0058281,0
ISIC_0058282,0
ISIC_0058284,0
ISIC_0058285,0
ISIC_0058298,0
ISIC_0058301,0
ISIC_0058307,0
ISIC_0058308,0
ISIC_0058315,2
ISIC_0058319,0
ISIC_0058321,0
ISIC_0058331,0
ISIC_0058332,0
ISIC_0058334,0
ISIC_0058341,0
ISIC_0058344,0
ISIC_0058346,0
ISIC_0058354,0
ISIC_0058368,0
ISIC_0058376,0
ISIC_0058383,0
ISIC_0058391,0
ISIC_0058399,0
ISIC_0058407,0
ISIC_0058408,0
ISIC_0058418,0
ISIC_0058425,0
ISIC_0058426,0
ISIC_0058428,0
ISIC_0058432,0
ISIC_0058439,0
ISIC_0058457,0
ISIC_0058458,0
ISIC_0058475,0
ISIC_0058492,0
ISIC_0058496,0
ISIC_0058501,0
ISIC_0058503,0
ISIC_0058504,0
ISIC_0058508,0
ISIC_0058513,0
ISIC_0058526,0
ISIC_0058528,0
ISIC_0058544,0
ISIC_0058548,0
ISIC_0058550,0
ISIC_0058559,0
ISIC_0058569,0
ISIC_0058577,0
ISIC_0058580,0
ISIC_0058597,0
ISIC_0058599,0
ISIC_0058607,0
ISIC_0058612,0
ISIC_0058617,0
ISIC_0058621,0
ISIC_0058625,0
ISIC_0058629,0
ISIC_0058630,1
ISIC_0058643,0
ISIC_0058645,0
ISIC_0058648,0
ISIC_0058649,0
ISIC_0058655,1
ISIC_0058658,0
ISIC_0058663,0
ISIC_0058666,0
ISIC_0058675,0
ISIC_0058676,0
ISIC_0058697,0
ISIC_0058708,0
ISIC_0058713,0
ISIC_0058716,0
ISIC_0058721,0
ISIC_0058723,0
ISIC_0058732,0
ISIC_0058734,0
ISIC_0058743,0
ISIC_0058753,0
ISIC_0058757,0
ISIC_0058763,0
ISIC_0058768,0
ISIC_0058770,0
ISIC_0058773,0
ISIC_0058781,0
ISIC_0058786,0
ISIC_0058790,0
ISIC_0058791,0
ISIC_0058792,0
ISIC_0058794,0
ISIC_0058798,0
ISIC_0058807,0
ISIC_0058818,0
ISIC_0058836,0
ISIC_0058838,0
ISIC_0058840,0
ISIC_0058851,0
ISIC_0058858,0
ISIC_0058862,0
ISIC_0058863,0
ISIC_0058866,0
ISIC_0058875,0
ISIC_0058877,0
ISIC_0058880,0
ISIC_0058881,0
ISIC_0058887,0
ISIC_0058918,0
ISIC_0058926,0
ISIC_0058931,0
ISIC_0058947,0
ISIC_0058957,0
ISIC_0058959,0
ISIC_0059005,0
ISIC_0059023,0
ISIC_0059026,0
ISIC_0059027,0
ISIC_0059029,0
ISIC_0059037,0
ISIC_0059042,0
ISIC_0059052,0
ISIC_0059065,0
ISIC_0059066,0
ISIC_0059074,0
ISIC_0059076,0
ISIC_0059077,0
ISIC_0059079,0
ISIC_0059082,0
ISIC_0059085,0
ISIC_0059089,0
ISIC_0059090,0
ISIC_0059092,0
ISIC_0059093,0
ISIC_0059103,0
ISIC_0059104,0
ISIC_0059123,0
ISIC_0059137,0
ISIC_0059138,0
ISIC_0059140,0
ISIC_0059141,0
ISIC_0059147,0
ISIC_0059148,0
ISIC_0059160,0
ISIC_0059165,0
ISIC_0059169,0
ISIC_0059170,0
ISIC_0059171,0
ISIC_0059178,0
ISIC_0059188,0
ISIC_0059202,0
ISIC_0059209,0
ISIC_0059219,0
ISIC_0059232,0
ISIC_0059237,0
ISIC_0059253,0
ISIC_0059264,0
ISIC_0059269,0
ISIC_0059270,0
ISIC_0059272,0
ISIC_0059273,0
ISIC_0059284,0
ISIC_0059294,0
ISIC_0059313,2
ISIC_0059314,0
ISIC_0059315,0
ISIC_0059316,0
ISIC_0059318,0
ISIC_0059325,0
ISIC_0059330,0
ISIC_0059336,0
ISIC_0059343,0
ISIC_0059345,0
ISIC_0059346,0
ISIC_0059349,0
ISIC_0059350,0
ISIC_0059353,0
ISIC_0059361,0
ISIC_0059369,0
ISIC_0059375,0
ISIC_0059382,1
ISIC_0059386,0
ISIC_0059387,0
ISIC_0059398,0
ISIC_0059411,0
ISIC_0059415,0
ISIC_0059420,0
ISIC_0059421,0
ISIC_0059423,0
ISIC_0059424,0
ISIC_0059435,0
ISIC_0059444,0
ISIC_0059446,0
ISIC_0059450,0
ISIC_0059473,0
ISIC_0059478,0
ISIC_0059482,0
ISIC_0059486,0
ISIC_0059493,0
ISIC_0059506,0
ISIC_0059511,0
ISIC_0059512,0
ISIC_0059521,0
ISIC_0059523,0
ISIC_0059525,0
ISIC_0059538,0
ISIC_0059541,0
ISIC_0059547,0
ISIC_0059551,0
ISIC_0059554,0
ISIC_0059568,0
ISIC_0059569,0
ISIC_0059593,0
ISIC_0059595,0
ISIC_0059597,0
ISIC_0059601,0
ISIC_0059605,0
ISIC_0059608,0
ISIC_0059611,0
ISIC_0059628,0
ISIC_0059631,0
ISIC_0059632,0
ISIC_0059646,2
ISIC_0059668,0
ISIC_0059669,0
ISIC_0059671,0
ISIC_0059686,0
ISIC_0059703,0
ISIC_0059707,0
ISIC_0059708,0
ISIC_0059738,0
ISIC_0059739,0
ISIC_0059747,0
ISIC_0059750,0
ISIC_0059757,0
ISIC_0059763,0
ISIC_0059764,0
ISIC_0059768,0
ISIC_0059770,0
ISIC_0059773,0
ISIC_0059774,0
ISIC_0059777,0
ISIC_0059785,0
ISIC_0059786,0
ISIC_0059794,0
ISIC_0059804,0
ISIC_0059808,0
ISIC_0059809,0
ISIC_0059810,0
ISIC_0059814,0
ISIC_0059816,0
ISIC_0059830,1
ISIC_0059832,0
ISIC_0059838,0
ISIC_0059840,0
ISIC_0059855,0
ISIC_0059859,0
ISIC_0059866,0
ISIC_0059869,0
ISIC_0059879,0
ISIC_0059881,0
ISIC_0059884,0
ISIC_0059890,0
ISIC_0059891,0
ISIC_0059892,0
ISIC_0059897,0
ISIC_0059904,0
ISIC_0059905,0
ISIC_0059919,0
ISIC_0059941,0
ISIC_0059948,0
ISIC_0059957,0
ISIC_0059958,0
ISIC_0059974,0
ISIC_0059978,0
ISIC_0059987,0
ISIC_0059992,0
ISIC_0060015,0
ISIC_0060022,0
ISIC_0060032,0
ISIC_0060033,0
ISIC_0060094,0
ISIC_0060096,0
ISIC_0060099,0
ISIC_0060104,0
ISIC_0060114,0
ISIC_0060118,0
ISIC_0060140,0
ISIC_0060143,0
ISIC_0060147,0
ISIC_0060150,0
ISIC_0060153,0
ISIC_0060154,0
ISIC_0060155,0
ISIC_0060159,0
ISIC_0060181,0
ISIC_0060194,0
ISIC_0060197,0
ISIC_0060201,0
ISIC_0060212,0
ISIC_0060216,0
ISIC_0060218,0
ISIC_0060219,0
ISIC_0060222,0
ISIC_0060224,0
ISIC_0060233,0
ISIC_0060238,0
ISIC_0060239,0
ISIC_0060244,0
ISIC_0060248,0
ISIC_0060266,0
ISIC_0060270,0
ISIC_0060281,0
ISIC_0060297,0
ISIC_0060307,0
ISIC_0060308,0
ISIC_0060313,0
ISIC_0060315,0
ISIC_0060326,0
ISIC_0060340,0
ISIC_0060341,0
ISIC_0060342,0
ISIC_0060355,0
ISIC_0060367,0
ISIC_0060376,0
ISIC_0060377,0
ISIC_0060380,0
ISIC_0060386,0
ISIC_0060393,0
ISIC_0060397,0
ISIC_0060399,0
ISIC_0060403,0
ISIC_0060428,0
ISIC_0060446,0
ISIC_0060456,0
ISIC_0060459,0
ISIC_0060465,0
ISIC_0060487,0
ISIC_0060495,0
ISIC_0060507,0
ISIC_0060508,0
ISIC_0060510,0
ISIC_0060511,0
ISIC_0060525,0
ISIC_0060526,0
ISIC_0060528,0
ISIC_0060537,0
ISIC_0060538,0
ISIC_0060548,0
ISIC_0060555,0
ISIC_0060556,0
ISIC_0060559,0
ISIC_0060577,0
ISIC_0060583,0
ISIC_0060585,0
ISIC_0060586,0
ISIC_0060589,0
ISIC_0060597,0
ISIC_0060610,0
ISIC_0060616,0
ISIC_0060624,0
ISIC_0060629,0
ISIC_0060630,0
ISIC_0060654,0
ISIC_0060660,0
ISIC_0060665,0
ISIC_0060671,0
ISIC_0060672,0
ISIC_0060676,0
ISIC_0060679,0
ISIC_0060681,0
ISIC_0060693,0
ISIC_0060698,0
ISIC_0060700,0
ISIC_0060713,0
ISIC_0060717,0
ISIC_0060718,0
ISIC_0060727,0
ISIC_0060728,0
ISIC_0060736,0
ISIC_0060741,0
ISIC_0060744,0
ISIC_0060751,0
ISIC_0060752,0
ISIC_0060760,0
ISIC_0060764,0
ISIC_0060773,0
ISIC_0060795,0
ISIC_0060799,0
ISIC_0060827,2
ISIC_0060829,0
ISIC_0060832,0
ISIC_0060834,2
ISIC_0060836,0
ISIC_0060845,0
ISIC_0060873,0
ISIC_0060883,2
ISIC_0060886,0
ISIC_0060892,0
ISIC_0060893,0
ISIC_0060897,0
ISIC_0060898,0
ISIC_0060911,0
ISIC_0060916,0
ISIC_0060934,0
ISIC_0060936,0
ISIC_0060937,0
ISIC_0060946,0
ISIC_0060949,0
ISIC_0060955,0
ISIC_0060965,0
ISIC_0060967,0
ISIC_0060968,0
ISIC_0060969,0
ISIC_0060971,0
ISIC_0060972,0
ISIC_0060978,0
ISIC_0060979,0
ISIC_0060994,0
ISIC_0060999,0
ISIC_0061001,0
ISIC_0061002,0
ISIC_0061003,0
ISIC_0061006,0
ISIC_0061008,0
ISIC_0061011,0
ISIC_0061021,0
ISIC_0061025,0
ISIC_0061029,0
ISIC_0061031,0
ISIC_0061032,0
ISIC_0061034,0
ISIC_0061045,0
ISIC_0061049,0
ISIC_0061052,0
ISIC_0061060,0
ISIC_0061066,0
ISIC_0061067,0
ISIC_0061070,0
ISIC_0061075,0
ISIC_0061077,0
ISIC_0061078,0
ISIC_0061079,0
ISIC_0061085,0
ISIC_0061104,0
ISIC_0061108,0
ISIC_0061112,0
ISIC_0061131,0
ISIC_0061141,0
ISIC_0061152,0
ISIC_0061155,0
ISIC_0061158,0
ISIC_0061159,0
ISIC_0061166,0
ISIC_0061183,0
ISIC_0061185,0
ISIC_0061188,0
ISIC_0061189,0
ISIC_0061191,0
ISIC_0061194,0
ISIC_0061195,0
ISIC_0061200,0
ISIC_0061224,0
ISIC_0061231,0
ISIC_0061244,0
ISIC_0061250,0
ISIC_0061252,0
ISIC_0061257,0
ISIC_0061261,0
ISIC_0061279,0
ISIC_0061281,0
ISIC_0061297,0
ISIC_0061300,0
ISIC_0061315,0
ISIC_0061320,-1
ISIC_0061323,0
ISIC_0061333,0
ISIC_0061334,0
ISIC_0061336,0
ISIC_0061345,0
ISIC_0061355,0
ISIC_0061359,0
ISIC_0061362,-1
ISIC_0061366,0
ISIC_0061369,0
ISIC_0061371,0
ISIC_0061377,0
ISIC_0061380,0
ISIC_0061382,0
ISIC_0061393,0
ISIC_0061407,0
ISIC_0061411,0
ISIC_0061418,0
ISIC_0061424,0
ISIC_0061432,0
ISIC_0061434,0
ISIC_0061441,0
ISIC_0061446,0
ISIC_0061447,0
ISIC_0061448,0
ISIC_0061454,0
ISIC_0061463,0
ISIC_0061466,0
ISIC_0061469,0
ISIC_0061475,0
ISIC_0061479,0
ISIC_0061485,0
ISIC_0061491,0
ISIC_0061494,0
ISIC_0061496,0
ISIC_0061502,0
ISIC_0061508,0
ISIC_0061516,0
ISIC_0061518,0
ISIC_0061520,0
ISIC_0061529,0
ISIC_0061532,0
ISIC_0061533,0
ISIC_0061547,0
ISIC_0061549,0
ISIC_0061553,0
ISIC_0061554,0
ISIC_0061556,0
ISIC_0061559,0
ISIC_0061566,0
ISIC_0061568,0
ISIC_0061573,0
ISIC_0061575,0
ISIC_0061580,0
ISIC_0061581,0
ISIC_0061583,0
ISIC_0061585,0
ISIC_0061592,0
ISIC_0061595,0
ISIC_0061608,0
ISIC_0061619,0
ISIC_0061623,0
ISIC_0061624,0
ISIC_0061625,0
ISIC_0061629,0
ISIC_0061630,0
ISIC_0061633,0
ISIC_0061644,0
ISIC_0061656,0
ISIC_0061660,0
ISIC_0061664,0
ISIC_0061670,0
ISIC_0061680,0
ISIC_0061684,0
ISIC_0061685,0
ISIC_0061699,0
ISIC_0061701,0
ISIC_0061705,0
ISIC_0061710,0
ISIC_0061713,0
ISIC_0061715,0
ISIC_0061735,0
ISIC_0061741,0
ISIC_0061756,0
ISIC_0061761,0
ISIC_0061770,0
ISIC_0061773,0
ISIC_0061775,0
ISIC_0061782,0
ISIC_0061798,0
ISIC_0061799,0
ISIC_0061812,0
ISIC_0061829,0
ISIC_0061831,0
ISIC_0061833,0
ISIC_0061848,0
ISIC_0061870,0
ISIC_0061880,0
ISIC_0061884,0
ISIC_0061885,0
ISIC_0061886,0
ISIC_0061890,0
ISIC_0061894,0
ISIC_0061895,0
ISIC_0061900,0
ISIC_0061911,0
ISIC_0061912,0
ISIC_0061915,0
ISIC_0061916,0
ISIC_0061918,0
ISIC_0061922,0
ISIC_0061926,0
ISIC_0061928,0
ISIC_0061944,0
ISIC_0061945,0
ISIC_0061950,0
ISIC_0061953,0
ISIC_0061954,0
ISIC_0061969,0
ISIC_0061971,0
ISIC_0061982,0
ISIC_0062000,0
ISIC_0062005,0
ISIC_0062010,0
ISIC_0062016,0
ISIC_0062031,2
ISIC_0062042,0
ISIC_0062063,0
ISIC_0062064,0
ISIC_0062077,0
ISIC_0062084,0
ISIC_0062099,0
ISIC_0062102,2
ISIC_0062103,0
ISIC_0062111,0
ISIC_0062112,0
ISIC_0062114,0
ISIC_0062122,0
ISIC_0062125,0
ISIC_0062133,0
ISIC_0062138,0
ISIC_0062149,0
ISIC_0062152,0
ISIC_0062154,0
ISIC_0062155,0
ISIC_0062158,0
ISIC_0062160,0
ISIC_0062161,0
ISIC_0062162,0
ISIC_0062163,0
ISIC_0062171,0
ISIC_0062176,0
ISIC_0062183,0
ISIC_0062203,0
ISIC_0062206,0
ISIC_0062208,0
ISIC_0062211,0
ISIC_0062213,0
ISIC_0062220,0
ISIC_0062235,0
ISIC_0062239,0
ISIC_0062241,0
ISIC_0062242,0
ISIC_0062248,0
ISIC_0062251,0
ISIC_0062256,0
ISIC_0062260,0
ISIC_0062266,0
ISIC_0062269,0
ISIC_0062273,0
ISIC_0062280,0
ISIC_0062286,0
ISIC_0062296,0
ISIC_0062298,0
ISIC_0062301,0
ISIC_0062318,0
ISIC_0062323,0
ISIC_0062325,0
ISIC_0062340,0
ISIC_0062350,0
ISIC_0062359,0
ISIC_0062381,0
ISIC_0062382,0
ISIC_0062389,0
ISIC_0062401,0
ISIC_0062407,0
ISIC_0062423,0
ISIC_0062425,0
ISIC_0062434,0
ISIC_0062447,0
ISIC_0062453,0
ISIC_0062454,0
ISIC_0062457,0
ISIC_0062458,0
ISIC_0062463,0
ISIC_0062468,0
ISIC_0062471,0
ISIC_0062474,0
ISIC_0062477,0
ISIC_0062478,0
ISIC_0062481,0
ISIC_0062497,0
ISIC_0062505,0
ISIC_0062509,0
ISIC_0062515,0
ISIC_0062517,0
ISIC_0062523,0
ISIC_0062524,0
ISIC_0062525,0
ISIC_0062530,0
ISIC_0062531,0
ISIC_0062536,0
ISIC_0062539,0
ISIC_0062547,0
ISIC_0062551,0
ISIC_0062559,0
ISIC_0062562,0
ISIC_0062589,0
ISIC_0062596,0
ISIC_0062602,0
ISIC_0062606,0
ISIC_0062626,0
ISIC_0062628,0
ISIC_0062632,0
ISIC_0062633,0
ISIC_0062636,0
ISIC_0062639,0
ISIC_0062642,0
ISIC_0062649,0
ISIC_0062674,0
ISIC_0062681,0
ISIC_0062684,0
ISIC_0062688,0
ISIC_0062690,0
ISIC_0062700,0
ISIC_0062702,0
ISIC_0062708,0
ISIC_0062709,0
ISIC_0062712,0
ISIC_0062716,0
ISIC_0062721,0
ISIC_0062723,0
ISIC_0062724,0
ISIC_0062734,0
ISIC_0062736,0
ISIC_0062762,0
ISIC_0062765,0
ISIC_0062770,0
ISIC_0062780,0
ISIC_0062792,0
ISIC_0062806,0
ISIC_0062809,0
ISIC_0062816,0
ISIC_0062821,0
ISIC_0062827,0
ISIC_0062832,0
ISIC_0062841,0
ISIC_0062844,0
ISIC_0062869,0
ISIC_0062879,0
ISIC_0062891,0
ISIC_0062912,0
ISIC_0062922,0
ISIC_0062925,0
ISIC_0062935,0
ISIC_0062944,0
ISIC_0062948,0
ISIC_0062952,0
ISIC_0062954,0
ISIC_0062957,0
ISIC_0062970,0
ISIC_0062978,0
ISIC_0062983,0
ISIC_0062985,0
ISIC_0062991,0
ISIC_0062992,0
ISIC_0062994,0
ISIC_0062998,0
ISIC_0063018,0
ISIC_0063026,0
ISIC_0063027,0
ISIC_0063032,0
ISIC_0063046,0
ISIC_0063056,0
ISIC_0063058,0
ISIC_0063060,0
ISIC_0063070,0
ISIC_0063072,0
ISIC_0063077,0
ISIC_0063081,0
ISIC_0063087,0
ISIC_0063102,0
ISIC_0063103,0
ISIC_0063109,0
ISIC_0063114,0
ISIC_0063124,0
ISIC_0063125,0
ISIC_0063130,0
ISIC_0063131,0
ISIC_0063143,0
ISIC_0063148,0
ISIC_0063151,0
ISIC_0063168,0
ISIC_0063169,0
ISIC_0063172,0
ISIC_0063174,0
ISIC_0063180,0
ISIC_0063181,0
ISIC_0063182,0
ISIC_0063190,0
ISIC_0063191,0
ISIC_0063198,0
ISIC_0063202,0
ISIC_0063207,0
ISIC_0063216,0
ISIC_0063222,0
ISIC_0063225,0
ISIC_0063228,0
ISIC_0063233,0
ISIC_0063234,0
ISIC_0063240,0
ISIC_0063241,0
ISIC_0063258,0
ISIC_0063264,0
ISIC_0063266,0
ISIC_0063268,0
ISIC_0063271,0
ISIC_0063288,0
ISIC_0063292,0
ISIC_0063300,0
ISIC_0063302,0
ISIC_0063305,0
ISIC_0063318,0
ISIC_0063334,0
ISIC_0063345,0
ISIC_0063349,0
ISIC_0063360,0
ISIC_0063362,0
ISIC_0063369,0
ISIC_0063373,0
ISIC_0063392,0
ISIC_0063394,0
ISIC_0063410,0
ISIC_0063414,0
ISIC_0063425,0
ISIC_0063437,0
ISIC_0063443,0
ISIC_0063445,0
ISIC_0063447,0
ISIC_0063450,0
ISIC_0063456,0
ISIC_0063464,0
ISIC_0063467,0
ISIC_0063469,0
ISIC_0063470,0
ISIC_0063475,0
ISIC_0063480,0
ISIC_0063481,0
ISIC_0063493,0
ISIC_0063496,0
ISIC_0063505,0
ISIC_0063521,0
ISIC_0063528,0
ISIC_0063537,0
ISIC_0063541,0
ISIC_0063551,0
ISIC_0063566,0
ISIC_0063578,0
ISIC_0063601,0
ISIC_0063617,0
ISIC_0063623,0
ISIC_0063625,0
ISIC_0063634,0
ISIC_0063636,0
ISIC_0063641,0
ISIC_0063654,0
ISIC_0063655,0
ISIC_0063660,0
ISIC_0063664,0
ISIC_0063675,0
ISIC_0063679,0
ISIC_0063680,0
ISIC_0063687,0
ISIC_0063690,0
ISIC_0063691,0
ISIC_0063692,0
ISIC_0063693,0
ISIC_0063695,0
ISIC_0063704,0
ISIC_0063715,0
ISIC_0063723,0
ISIC_0063724,0
ISIC_0063727,0
ISIC_0063732,0
ISIC_0063742,0
ISIC_0063748,0
ISIC_0063750,0
ISIC_0063757,0
ISIC_0063759,0
ISIC_0063769,0
ISIC_0063775,0
ISIC_0063788,0
ISIC_0063793,0
ISIC_0063795,0
ISIC_0063811,0
ISIC_0063824,0
ISIC_0063829,0
ISIC_0063830,0
ISIC_0063839,0
ISIC_0063842,0
ISIC_0063845,0
ISIC_0063852,0
ISIC_0063870,0
ISIC_0063871,0
ISIC_0063872,0
ISIC_0063873,0
ISIC_0063881,0
ISIC_0063885,0
ISIC_0063887,0
ISIC_0063897,0
ISIC_0063908,0
ISIC_0063912,0
ISIC_0063915,0
ISIC_0063926,0
ISIC_0063937,0
ISIC_0063945,0
ISIC_0063946,0
ISIC_0063950,0
ISIC_0063958,0
ISIC_0063960,0
ISIC_0063973,0
ISIC_0063980,0
ISIC_0063981,0
ISIC_0063988,0
ISIC_0064006,0
ISIC_0064014,0
ISIC_0064023,0
ISIC_0064033,0
ISIC_0064034,0
ISIC_0064054,0
ISIC_0064056,0
ISIC_0064058,0
ISIC_0064060,0
ISIC_0064062,0
ISIC_0064072,0
ISIC_0064073,0
ISIC_0064079,0
ISIC_0064080,0
ISIC_0064082,0
ISIC_0064100,0
ISIC_0064102,0
ISIC_0064110,0
ISIC_0064114,0
ISIC_0064116,0
ISIC_0064120,0
ISIC_0064122,0
ISIC_0064129,0
ISIC_0064130,0
ISIC_0064134,0
ISIC_0064141,0
ISIC_0064152,0
ISIC_0064157,0
ISIC_0064167,0
ISIC_0064174,0
ISIC_0064180,0
ISIC_0064195,0
ISIC_0064201,0
ISIC_0064204,0
ISIC_0064209,0
ISIC_0064212,0
ISIC_0064229,0
ISIC_0064240,0
ISIC_0064246,0
ISIC_0064247,0
ISIC_0064261,0
ISIC_0064266,0
ISIC_0064268,0
ISIC_0064270,0
ISIC_0064272,0
ISIC_0064276,0
ISIC_0064279,0
ISIC_0064281,0
ISIC_0064294,0
ISIC_0064297,0
ISIC_0064298,0
ISIC_0064307,0
ISIC_0064317,0
ISIC_0064320,0
ISIC_0064321,0
ISIC_0064328,0
ISIC_0064337,0
ISIC_0064339,0
ISIC_0064344,0
ISIC_0064360,0
ISIC_0064361,0
ISIC_0064369,0
ISIC_0064376,0
ISIC_0064393,0
ISIC_0064406,0
ISIC_0064411,0
ISIC_0064419,0
ISIC_0064427,0
ISIC_0064428,0
ISIC_0064436,0
ISIC_0064444,0
ISIC_0064455,0
ISIC_0064463,0
ISIC_0064465,0
ISIC_0064472,0
ISIC_0064476,0
ISIC_0064481,0
ISIC_0064483,0
ISIC_0064498,0
ISIC_0064507,0
ISIC_0064515,0
ISIC_0064517,0
ISIC_0064530,0
ISIC_0064531,0
ISIC_0064534,0
ISIC_0064538,0
ISIC_0064550,0
ISIC_0064559,0
ISIC_0064569,0
ISIC_0064575,0
ISIC_0064581,0
ISIC_0064585,0
ISIC_0064589,0
ISIC_0064592,0
ISIC_0064606,0
ISIC_0064611,0
ISIC_0064619,0
ISIC_0064623,0
ISIC_0064632,0
ISIC_0064633,0
ISIC_0064645,0
ISIC_0064646,0
ISIC_0064656,0
ISIC_0064660,0
ISIC_0064667,-1
ISIC_0064668,0
ISIC_0064672,0
ISIC_0064676,0
ISIC_0064686,0
ISIC_0064689,0
ISIC_0064692,0
ISIC_0064693,0
ISIC_0064694,0
ISIC_0064721,0
ISIC_0064730,0
ISIC_0064732,0
ISIC_0064739,0
ISIC_0064742,0
ISIC_0064752,0
ISIC_0064759,0
ISIC_0064784,0
ISIC_0064800,0
ISIC_0064804,0
ISIC_0064816,0
ISIC_0064821,0
ISIC_0064822,0
ISIC_0064823,0
ISIC_0064825,0
ISIC_0064829,0
ISIC_0064835,0
ISIC_0064836,0
ISIC_0064840,0
ISIC_0064849,0
ISIC_0064860,0
ISIC_0064868,0
ISIC_0064874,0
ISIC_0064875,0
ISIC_0064881,0
ISIC_0064887,0
ISIC_0064905,0
ISIC_0064907,0
ISIC_0064909,0
ISIC_0064910,0
ISIC_0064919,0
ISIC_0064921,0
ISIC_0064925,0
ISIC_0064926,0
ISIC_0064927,0
ISIC_0064929,0
ISIC_0064933,0
ISIC_0064936,0
ISIC_0064941,0
ISIC_0064943,0
ISIC_0064949,0
ISIC_0064965,0
ISIC_0064982,0
ISIC_0064983,0
ISIC_0064986,0
ISIC_0064990,0
ISIC_0064992,0
ISIC_0064993,0
ISIC_0064997,0
ISIC_0065001,0
ISIC_0065008,0
ISIC_0065013,0
ISIC_0065022,0
ISIC_0065023,0
ISIC_0065025,0
ISIC_0065026,0
ISIC_0065036,0
ISIC_0065039,0
ISIC_0065046,0
ISIC_0065057,0
ISIC_0065059,0
ISIC_0065066,0
ISIC_0065099,0
ISIC_0065100,0
ISIC_0065106,0
ISIC_0065109,0
ISIC_0065128,0
ISIC_0065132,0
ISIC_0065142,0
ISIC_0065159,0
ISIC_0065168,0
ISIC_0065171,0
ISIC_0065173,0
ISIC_0065186,0
ISIC_0065191,0
ISIC_0065192,0
ISIC_0065195,0
ISIC_0065206,0
ISIC_0065210,0
ISIC_0065213,0
ISIC_0065215,0
ISIC_0065230,0
ISIC_0065235,0
ISIC_0065236,0
ISIC_0065248,0
ISIC_0065253,0
ISIC_0065265,0
ISIC_0065267,0
ISIC_0065278,0
ISIC_0065283,0
ISIC_0065305,0
ISIC_0065307,0
ISIC_0065311,0
ISIC_0065313,0
ISIC_0065315,0
ISIC_0065341,0
ISIC_0065347,0
ISIC_0065351,0
ISIC_0065363,0
ISIC_0065367,0
ISIC_0065379,0
ISIC_0065382,0
ISIC_0065398,0
ISIC_0065402,0
ISIC_0065408,0
ISIC_0065417,1
ISIC_0065431,0
ISIC_0065434,0
ISIC_0065443,0
ISIC_0065446,0
ISIC_0065448,0
ISIC_0065449,0
ISIC_0065463,0
ISIC_0065477,0
ISIC_0065507,0
ISIC_0065512,0
ISIC_0065513,0
ISIC_0065516,0
ISIC_0065518,0
ISIC_0065521,0
ISIC_0065523,0
ISIC_0065525,0
ISIC_0065531,0
ISIC_0065532,0
ISIC_0065533,0
ISIC_0065535,0
ISIC_0065539,0
ISIC_0065571,0
ISIC_0065576,0
ISIC_0065577,0
ISIC_0065582,0
ISIC_0065590,0
ISIC_0065597,0
ISIC_0065598,0
ISIC_0065615,0
ISIC_0065618,0
ISIC_0065622,0
ISIC_0065627,0
ISIC_0065644,0
ISIC_0065655,0
ISIC_0065658,0
ISIC_0065668,0
ISIC_0065671,0
ISIC_0065675,0
ISIC_0065694,0
ISIC_0065697,0
ISIC_0065698,0
ISIC_0065709,0
ISIC_0065714,0
ISIC_0065727,0
ISIC_0065740,0
ISIC_0065742,0
ISIC_0065746,0
ISIC_0065748,-1
ISIC_0065760,0
ISIC_0065767,0
ISIC_0065774,0
ISIC_0065775,0
ISIC_0065781,0
ISIC_0065786,0
ISIC_0065788,0
ISIC_0065801,0
ISIC_0065806,0
ISIC_0065807,0
ISIC_0065813,0
ISIC_0065823,0
ISIC_0065825,0
ISIC_0065843,0
ISIC_0065853,0
ISIC_0065858,0
ISIC_0065869,0
ISIC_0065870,0
ISIC_0065872,0
ISIC_0065889,0
ISIC_0065895,0
ISIC_0065904,0
ISIC_0065918,0
ISIC_0065927,0
ISIC_0065928,0
ISIC_0065932,0
ISIC_0065943,0
ISIC_0065944,0
ISIC_0065945,0
ISIC_0065961,0
ISIC_0065969,0
ISIC_0065974,0
ISIC_0065997,0
ISIC_0066001,0
ISIC_0066019,0
ISIC_0066047,0
ISIC_0066058,0
ISIC_0066061,0
ISIC_0066066,0
ISIC_0066069,0
ISIC_0066075,0
ISIC_0066085,0
ISIC_0066093,0
ISIC_0066094,0
ISIC_0066098,0
ISIC_0066101,0
ISIC_0066102,0
ISIC_0066106,0
ISIC_0066109,0
ISIC_0066116,0
ISIC_0066124,0
ISIC_0066127,0
ISIC_0066136,0
ISIC_0066143,0
ISIC_0066146,0
ISIC_0066154,0
ISIC_0066161,0
ISIC_0066165,0
ISIC_0066181,0
ISIC_0066185,0
ISIC_0066191,0
ISIC_0066200,0
ISIC_0066203,0
ISIC_0066204,0
ISIC_0066209,0
ISIC_0066217,0
ISIC_0066226,0
ISIC_0066244,0
ISIC_0066289,0
ISIC_0066307,0
ISIC_0066308,0
ISIC_0066316,0
ISIC_0066320,0
ISIC_0066325,0
ISIC_0066332,0
ISIC_0066336,0
ISIC_0066338,0
ISIC_0066350,0
ISIC_0066352,0
ISIC_0066358,0
ISIC_0066359,0
ISIC_0066375,0
ISIC_0066376,0
ISIC_0066378,0
ISIC_0066379,0
ISIC_0066382,0
ISIC_0066384,0
ISIC_0066390,0
ISIC_0066394,0
ISIC_0066399,0
ISIC_0066401,0
ISIC_0066403,0
ISIC_0066412,0
ISIC_0066422,0
ISIC_0066423,0
ISIC_0066426,0
ISIC_0066428,0
ISIC_0066430,0
ISIC_0066448,0
ISIC_0066470,0
ISIC_0066476,0
ISIC_0066481,0
ISIC_0066483,0
ISIC_0066492,0
ISIC_0066497,0
ISIC_0066499,0
ISIC_0066500,0
ISIC_0066505,0
ISIC_0066506,0
ISIC_0066515,0
ISIC_0066516,0
ISIC_0066518,0
ISIC_0066519,0
ISIC_0066520,0
ISIC_0066532,0
ISIC_0066533,0
ISIC_0066535,0
ISIC_0066560,0
ISIC_0066564,0
ISIC_0066568,0
ISIC_0066588,0
ISIC_0066589,0
ISIC_0066593,0
ISIC_0066603,0
ISIC_0066609,0
ISIC_0066612,0
ISIC_0066613,1
ISIC_0066626,0
ISIC_0066627,0
ISIC_0066629,0
ISIC_0066631,0
ISIC_0066633,0
ISIC_0066637,0
ISIC_0066649,0
ISIC_0066650,0
ISIC_0066662,0
ISIC_0066671,0
ISIC_0066678,0
ISIC_0066690,0
ISIC_0066693,0
ISIC_0066710,0
ISIC_0066716,0
ISIC_0066722,0
ISIC_0066733,0
ISIC_0066744,0
ISIC_0066750,0
ISIC_0066756,0
ISIC_0066766,0
ISIC_0066767,0
ISIC_0066769,0
ISIC_0066776,0
ISIC_0066783,0
ISIC_0066792,0
ISIC_0066802,0
ISIC_0066811,0
ISIC_0066815,0
ISIC_0066844,0
ISIC_0066845,0
ISIC_0066848,0
ISIC_0066854,0
ISIC_0066855,0
ISIC_0066860,0
ISIC_0066863,0
ISIC_0066865,0
ISIC_0066867,0
ISIC_0066869,0
ISIC_0066882,0
ISIC_0066886,0
ISIC_0066907,0
ISIC_0066910,0
ISIC_0066918,0
ISIC_0066921,0
ISIC_0066927,0
ISIC_0066931,0
ISIC_0066933,0
ISIC_0066935,0
ISIC_0066947,0
ISIC_0066952,0
ISIC_0066969,0
ISIC_0066977,0
ISIC_0066994,0
ISIC_0067005,1
ISIC_0067008,0
ISIC_0067009,0
ISIC_0067054,0
ISIC_0067062,0
ISIC_0067069,0
ISIC_0067083,0
ISIC_0067101,0
ISIC_0067120,0
ISIC_0067126,0
ISIC_0067129,0
ISIC_0067134,0
ISIC_0067151,0
ISIC_0067159,0
ISIC_0067160,0
ISIC_0067167,0
ISIC_0067171,0
ISIC_0067188,0
ISIC_0067191,0
ISIC_0067193,0
ISIC_0067194,0
ISIC_0067197,0
ISIC_0067200,0
ISIC_0067202,0
ISIC_0067206,0
ISIC_0067208,0
ISIC_0067210,0
ISIC_0067225,2
ISIC_0067233,0
ISIC_0067235,0
ISIC_0067240,0
ISIC_0067248,0
ISIC_0067253,0
ISIC_0067274,0
ISIC_0067276,0
ISIC_0067284,0
ISIC_0067308,0
ISIC_0067317,0
ISIC_0067318,0
ISIC_0067325,0
ISIC_0067333,0
ISIC_0067335,0
ISIC_0067339,0
ISIC_0067347,0
ISIC_0067350,0
ISIC_0067353,0
ISIC_0067365,0
ISIC_0067367,0
ISIC_0067375,0
ISIC_0067395,0
ISIC_0067404,0
ISIC_0067405,0
ISIC_0067417,0
ISIC_0067418,0
ISIC_0067438,0
ISIC_0067443,0
ISIC_0067452,0
ISIC_0067458,0
ISIC_0067460,-1
ISIC_0067461,0
ISIC_0067466,0
ISIC_0067485,0
ISIC_0067488,0
ISIC_0067489,0
ISIC_0067495,0
ISIC_0067502,0
ISIC_0067504,0
ISIC_0067510,0
ISIC_0067511,0
ISIC_0067513,0
ISIC_0067515,0
ISIC_0067518,0
ISIC_0067521,0
ISIC_0067534,0
ISIC_0067536,0
ISIC_0067543,0
ISIC_0067549,0
ISIC_0067553,0
ISIC_0067564,0
ISIC_0067565,0
ISIC_0067566,0
ISIC_0067576,0
ISIC_0067577,0
ISIC_0067598,0
ISIC_0067601,0
ISIC_0067602,0
ISIC_0067619,2
ISIC_0067625,0
ISIC_0067629,0
ISIC_0067630,0
ISIC_0067636,0
ISIC_0067653,0
ISIC_0067655,0
ISIC_0067667,0
ISIC_0067671,0
ISIC_0067685,0
ISIC_0067689,0
ISIC_0067695,0
ISIC_0067696,0
ISIC_0067697,0
ISIC_0067704,0
ISIC_0067711,0
ISIC_0067716,0
ISIC_0067719,0
ISIC_0067722,0
ISIC_0067731,0
ISIC_0067733,0
ISIC_0067743,0
ISIC_0067747,0
ISIC_0067756,0
ISIC_0067757,0
ISIC_0067758,0
ISIC_0067776,0
ISIC_0067782,0
ISIC_0067789,0
ISIC_0067798,0
ISIC_0067804,0
ISIC_0067805,0
ISIC_0067808,0
ISIC_0067816,0
ISIC_0067821,0
ISIC_0067825,0
ISIC_0067830,0
ISIC_0067831,0
ISIC_0067836,0
ISIC_0067843,0
ISIC_0067845,0
ISIC_0067847,0
ISIC_0067849,0
ISIC_0067857,0
ISIC_0067873,0
ISIC_0067885,0
ISIC_0067889,0
ISIC_0067890,0
ISIC_0067891,0
ISIC_0067893,0
ISIC_0067896,0
ISIC_0067897,0
ISIC_0067902,0
ISIC_0067905,0
ISIC_0067933,0
ISIC_0067934,0
ISIC_0067947,0
ISIC_0067949,0
ISIC_0067952,0
ISIC_0067953,0
ISIC_0067960,0
ISIC_0067969,0
ISIC_0067972,0
ISIC_0067979,0
ISIC_0068000,0
ISIC_0068003,0
ISIC_0068011,0
ISIC_0068012,0
ISIC_0068013,0
ISIC_0068015,0
ISIC_0068023,0
ISIC_0068043,0
ISIC_0068048,0
ISIC_0068055,0
ISIC_0068060,0
ISIC_0068064,1
ISIC_0068069,0
ISIC_0068073,0
ISIC_0068080,0
ISIC_0068107,0
ISIC_0068114,0
ISIC_0068117,0
ISIC_0068118,0
ISIC_0068119,0
ISIC_0068121,0
ISIC_0068128,0
ISIC_0068129,0
ISIC_0068137,0
ISIC_0068143,0
ISIC_0068152,0
ISIC_0068153,0
ISIC_0068164,0
ISIC_0068166,0
ISIC_0068178,0
ISIC_0068188,0
ISIC_0068189,0
ISIC_0068200,0
ISIC_0068202,0
ISIC_0068206,0
ISIC_0068209,0
ISIC_0068211,0
ISIC_0068218,0
ISIC_0068227,0
ISIC_0068233,0
ISIC_0068234,0
ISIC_0068239,0
ISIC_0068247,0
ISIC_0068252,0
ISIC_0068273,0
ISIC_0068275,0
ISIC_0068276,0
ISIC_0068282,0
ISIC_0068290,0
ISIC_0068291,0
ISIC_0068294,0
ISIC_0068299,0
ISIC_0068303,0
ISIC_0068315,0
ISIC_0068318,0
ISIC_0068321,0
ISIC_0068331,0
ISIC_0068343,1
ISIC_0068347,0
ISIC_0068382,0
ISIC_0068383,0
ISIC_0068385,0
ISIC_0068393,0
ISIC_0068396,0
ISIC_0068403,0
ISIC_0068407,0
ISIC_0068411,0
ISIC_0068427,0
ISIC_0068438,0
ISIC_0068452,0
ISIC_0068460,0
ISIC_0068463,0
ISIC_0068465,0
ISIC_0068468,0
ISIC_0068488,0
ISIC_0068513,0
ISIC_0068524,0
ISIC_0068527,0
ISIC_0068528,0
ISIC_0068537,0
ISIC_0068555,0
ISIC_0068560,0
ISIC_0068576,0
ISIC_0068578,0
ISIC_0068581,0
ISIC_0068583,0
ISIC_0068584,0
ISIC_0068586,0
ISIC_0068609,0
ISIC_0068614,-1
ISIC_0068616,0
ISIC_0068617,0
ISIC_0068627,0
ISIC_0068628,0
ISIC_0068629,0
ISIC_0068633,0
ISIC_0068638,0
ISIC_0068660,0
ISIC_0068682,0
ISIC_0068700,0
ISIC_0068715,0
ISIC_0068717,0
ISIC_0068721,0
ISIC_0068727,0
ISIC_0068730,0
ISIC_0068744,0
ISIC_0068747,0
ISIC_0068759,0
ISIC_0068760,0
ISIC_0068761,0
ISIC_0068766,0
ISIC_0068776,0
ISIC_0068778,0
ISIC_0068800,0
ISIC_0068808,0
ISIC_0068817,0
ISIC_0068818,0
ISIC_0068819,0
ISIC_0068840,0
ISIC_0068850,0
ISIC_0068851,0
ISIC_0068874,0
ISIC_0068881,0
ISIC_0068882,0
ISIC_0068884,0
ISIC_0068895,0
ISIC_0068897,0
ISIC_0068900,0
ISIC_0068905,0
ISIC_0068907,0
ISIC_0068911,0
ISIC_0068917,0
ISIC_0068921,0
ISIC_0068924,0
ISIC_0068928,0
ISIC_0068929,0
ISIC_0068931,0
ISIC_0068936,0
ISIC_0068941,0
ISIC_0068961,0
ISIC_0068962,0
ISIC_0068966,0
ISIC_0068975,0
ISIC_0068979,0
ISIC_0068981,0
ISIC_0068993,0
ISIC_0069003,0
ISIC_0069008,0
ISIC_0069024,0
ISIC_0069028,0
ISIC_0069029,0
ISIC_0069042,0
ISIC_0069058,0
ISIC_0069059,0
ISIC_0069062,0
ISIC_0069065,0
ISIC_0069068,0
ISIC_0069070,0
ISIC_0069072,0
ISIC_0069076,0
ISIC_0069077,0
ISIC_0069091,0
ISIC_0069093,0
ISIC_0069102,0
ISIC_0069105,0
ISIC_0069108,0
ISIC_0069112,0
ISIC_0069119,0
ISIC_0069148,0
ISIC_0069156,0
ISIC_0069158,0
ISIC_0069165,0
ISIC_0069167,0
ISIC_0069179,0
ISIC_0069192,0
ISIC_0069197,0
ISIC_0069199,0
ISIC_0069204,0
ISIC_0069210,0
ISIC_0069230,0
ISIC_0069238,0
ISIC_0069245,0
ISIC_0069246,0
ISIC_0069248,0
ISIC_0069257,0
ISIC_0069262,0
ISIC_0069264,0
ISIC_0069267,0
ISIC_0069273,0
ISIC_0069277,0
ISIC_0069292,0
ISIC_0069293,0
ISIC_0069315,0
ISIC_0069358,0
ISIC_0069361,0
ISIC_0069365,0
ISIC_0069369,0
ISIC_0069380,0
ISIC_0069385,0
ISIC_0069386,0
ISIC_0069391,0
ISIC_0069395,0
ISIC_0069402,0
ISIC_0069411,0
ISIC_0069416,0
ISIC_0069432,0
ISIC_0069437,0
ISIC_0069457,0
ISIC_0069459,0
ISIC_0069466,0
ISIC_0069473,0
ISIC_0069475,0
ISIC_0069479,0
ISIC_0069481,0
ISIC_0069488,0
ISIC_0069504,0
ISIC_0069508,0
ISIC_0069509,0
ISIC_0069511,0
ISIC_0069514,0
ISIC_0069515,0
ISIC_0069536,0
ISIC_0069540,0
ISIC_0069573,0
ISIC_0069583,0
ISIC_0069591,0
ISIC_0069592,2
ISIC_0069595,0
ISIC_0069617,0
ISIC_0069620,0
ISIC_0069622,0
ISIC_0069624,0
ISIC_0069626,0
ISIC_0069635,0
ISIC_0069638,0
ISIC_0069657,0
ISIC_0069660,0
ISIC_0069668,0
ISIC_0069669,0
ISIC_0069671,0
ISIC_0069705,0
ISIC_0069727,0
ISIC_0069733,0
ISIC_0069736,0
ISIC_0069743,0
ISIC_0069747,0
ISIC_0069775,0
ISIC_0069791,0
ISIC_0069810,0
ISIC_0069819,0
ISIC_0069821,0
ISIC_0069833,0
ISIC_0069841,0
ISIC_0069851,0
ISIC_0069859,1
ISIC_0069860,0
ISIC_0069864,0
ISIC_0069873,0
ISIC_0069889,0
ISIC_0069891,0
ISIC_0069908,0
ISIC_0069918,0
ISIC_0069920,0
ISIC_0069922,0
ISIC_0069929,0
ISIC_0069946,0
ISIC_0069951,0
ISIC_0069958,0
ISIC_0069967,0
ISIC_0069970,0
ISIC_0069977,0
ISIC_0069984,0
ISIC_0069986,0
ISIC_0069988,0
ISIC_0069995,0
ISIC_0070006,0
ISIC_0070012,0
ISIC_0070017,0
ISIC_0070018,2
ISIC_0070032,0
ISIC_0070045,0
ISIC_0070049,0
ISIC_0070050,0
ISIC_0070051,0
ISIC_0070061,0
ISIC_0070068,0
ISIC_0070089,0
ISIC_0070092,0
ISIC_0070093,0
ISIC_0070095,0
ISIC_0070105,0
ISIC_0070107,0
ISIC_0070108,0
ISIC_0070109,0
ISIC_0070110,0
ISIC_0070114,0
ISIC_0070120,0
ISIC_0070123,0
ISIC_0070129,0
ISIC_0070137,0
ISIC_0070139,0
ISIC_0070141,0
ISIC_0070149,0
ISIC_0070170,0
ISIC_0070172,0
ISIC_0070207,0
ISIC_0070215,0
ISIC_0070217,0
ISIC_0070220,0
ISIC_0070227,0
ISIC_0070235,0
ISIC_0070248,0
ISIC_0070250,0
ISIC_0070253,0
ISIC_0070262,0
ISIC_0070274,0
ISIC_0070303,0
ISIC_0070308,0
ISIC_0070313,0
ISIC_0070316,0
ISIC_0070327,0
ISIC_0070341,0
ISIC_0070342,0
ISIC_0070344,0
ISIC_0070347,0
ISIC_0070351,0
ISIC_0070352,0
ISIC_0070362,0
ISIC_0070363,0
ISIC_0070366,0
ISIC_0070371,0
ISIC_0070374,0
ISIC_0070380,0
ISIC_0070387,0
ISIC_0070396,0
ISIC_0070400,0
ISIC_0070403,0
ISIC_0070414,0
ISIC_0070419,0
ISIC_0070427,0
ISIC_0070431,0
ISIC_0070433,0
ISIC_0070435,0
ISIC_0070439,0
ISIC_0070441,0
ISIC_0070442,0
ISIC_0070446,0
ISIC_0070447,0
ISIC_0070454,0
ISIC_0070465,0
ISIC_0070477,0
ISIC_0070480,0
ISIC_0070489,0
ISIC_0070501,0
ISIC_0070517,0
ISIC_0070520,0
ISIC_0070521,0
ISIC_0070549,0
ISIC_0070551,0
ISIC_0070553,0
ISIC_0070566,0
ISIC_0070572,0
ISIC_0070578,0
ISIC_0070581,0
ISIC_0070585,0
ISIC_0070588,0
ISIC_0070593,0
ISIC_0070595,0
ISIC_0070596,0
ISIC_0070601,0
ISIC_0070611,0
ISIC_0070614,0
ISIC_0070623,0
ISIC_0070629,0
ISIC_0070653,0
ISIC_0070657,0
ISIC_0070658,0
ISIC_0070666,0
ISIC_0070689,0
ISIC_0070702,0
ISIC_0070709,0
ISIC_0070710,0
ISIC_0070711,0
ISIC_0070724,0
ISIC_0070727,0
ISIC_0070731,0
ISIC_0070743,0
ISIC_0070745,0
ISIC_0070747,0
ISIC_0070752,0
ISIC_0070756,0
ISIC_0070778,0
ISIC_0070784,0
ISIC_0070794,0
ISIC_0070799,0
ISIC_0070801,0
ISIC_0070805,0
ISIC_0070809,0
ISIC_0070814,0
ISIC_0070815,2
ISIC_0070816,0
ISIC_0070822,0
ISIC_0070837,0
ISIC_0070842,0
ISIC_0070846,0
ISIC_0070852,0
ISIC_0070867,0
ISIC_0070871,0
ISIC_0070886,0
ISIC_0070888,0
ISIC_0070910,0
ISIC_0070913,0
ISIC_0070916,0
ISIC_0070920,0
ISIC_0070927,0
ISIC_0070938,0
ISIC_0070940,0
ISIC_0070959,0
ISIC_0070961,0
ISIC_0070973,0
ISIC_0070974,0
ISIC_0070976,0
ISIC_0070984,0
ISIC_0070990,0
ISIC_0070992,0
ISIC_0070998,0
ISIC_0071006,0
ISIC_0071012,0
ISIC_0071017,0
ISIC_0071035,0
ISIC_0071043,0
ISIC_0071045,0
ISIC_0071047,0
ISIC_0071048,0
ISIC_0071067,0
ISIC_0071069,0
ISIC_0071074,0
ISIC_0071089,0
ISIC_0071095,0
ISIC_0071101,1
ISIC_0071109,2
ISIC_0071111,0
ISIC_0071119,0
ISIC_0071122,0
ISIC_0071124,0
ISIC_0071132,0
ISIC_0071133,0
ISIC_0071134,0
ISIC_0071137,0
ISIC_0071138,0
ISIC_0071142,0
ISIC_0071169,0
ISIC_0071176,0
ISIC_0071178,0
ISIC_0071180,0
ISIC_0071196,0
ISIC_0071208,0
ISIC_0071215,0
ISIC_0071218,0
ISIC_0071238,0
ISIC_0071240,0
ISIC_0071245,0
ISIC_0071253,0
ISIC_0071257,0
ISIC_0071258,0
ISIC_0071260,0
ISIC_0071271,0
ISIC_0071289,0
ISIC_0071290,0
ISIC_0071303,0
ISIC_0071311,0
ISIC_0071315,0
ISIC_0071335,1
ISIC_0071342,0
ISIC_0071346,0
ISIC_0071357,0
ISIC_0071361,0
ISIC_0071388,0
ISIC_0071392,0
ISIC_0071395,0
ISIC_0071401,0
ISIC_0071404,0
ISIC_0071420,0
ISIC_0071430,0
ISIC_0071431,0
ISIC_0071443,0
ISIC_0071458,0
ISIC_0071470,0
ISIC_0071476,0
ISIC_0071478,0
ISIC_0071528,0
ISIC_0071534,0
ISIC_0071550,0
ISIC_0071558,0
ISIC_0071559,0
ISIC_0071563,0
ISIC_0071568,0
ISIC_0071576,0
ISIC_0071579,0
ISIC_0071580,0
ISIC_0071583,0
ISIC_0071584,0
ISIC_0071586,0
ISIC_0071592,0
ISIC_0071594,0
ISIC_0071596,0
ISIC_0071600,0
ISIC_0071628,0
ISIC_0071632,0
ISIC_0071648,0
ISIC_0071651,0
ISIC_0071663,0
ISIC_0071666,0
ISIC_0071668,0
ISIC_0071673,0
ISIC_0071678,0
ISIC_0071702,0
ISIC_0071707,0
ISIC_0071713,2
ISIC_0071717,0
ISIC_0071720,0
ISIC_0071725,0
ISIC_0071726,0
ISIC_0071740,0
ISIC_0071765,2
ISIC_0071766,0
ISIC_0071767,0
ISIC_0071774,0
ISIC_0071776,0
ISIC_0071778,0
ISIC_0071782,0
ISIC_0071783,0
ISIC_0071784,0
ISIC_0071788,0
ISIC_0071797,0
ISIC_0071800,0
ISIC_0071806,0
ISIC_0071808,0
ISIC_0071815,0
ISIC_0071834,0
ISIC_0071857,0
ISIC_0071865,0
ISIC_0071869,0
ISIC_0071875,0
ISIC_0071891,0
ISIC_0071892,0
ISIC_0071901,0
ISIC_0071904,0
ISIC_0071906,0
ISIC_0071916,0
ISIC_0071926,0
ISIC_0071931,0
ISIC_0071936,0
ISIC_0071939,0
ISIC_0071944,0
ISIC_0071950,0
ISIC_0071951,0
ISIC_0071957,0
ISIC_0071970,0
ISIC_0071972,0
ISIC_0071992,0
ISIC_0071996,0
ISIC_0071997,0
ISIC_0072001,0
ISIC_0072002,0
ISIC_0072003,0
ISIC_0072004,0
ISIC_0072006,0
ISIC_0072010,0
ISIC_0072021,0
ISIC_0072030,0
ISIC_0072032,0
ISIC_0072041,0
ISIC_0072051,0
ISIC_0072061,0
ISIC_0072063,0
ISIC_0072065,0
ISIC_0072069,0
ISIC_0072077,0
ISIC_0072078,0
ISIC_0072087,0
ISIC_0072090,0
ISIC_0072099,0
ISIC_0072101,0
ISIC_0072103,0
ISIC_0072109,0
ISIC_0072111,0
ISIC_0072121,0
ISIC_0072122,0
ISIC_0072126,0
ISIC_0072142,0
ISIC_0072151,0
ISIC_0072154,0
ISIC_0072156,0
ISIC_0072157,0
ISIC_0072166,0
ISIC_0072173,0
ISIC_0072174,0
ISIC_0072178,0
ISIC_0072182,0
ISIC_0072188,0
ISIC_0072195,0
ISIC_0072198,0
ISIC_0072215,0
ISIC_0072218,0
ISIC_0072223,0
ISIC_0072226,0
ISIC_0072230,0
ISIC_0072241,0
ISIC_0072242,0
ISIC_0072252,0
ISIC_0072268,0
ISIC_0072271,0
ISIC_0072279,0
ISIC_0072280,0
ISIC_0072286,0
ISIC_0072287,0
ISIC_0072294,0
ISIC_0072297,0
ISIC_0072299,0
ISIC_0072301,0
ISIC_0072315,0
ISIC_0072330,0
ISIC_0072339,0
ISIC_0072344,0
ISIC_0072348,0
ISIC_0072353,0
ISIC_0072354,0
ISIC_0072358,0
ISIC_0072360,0
ISIC_0072363,0
ISIC_0072369,0
ISIC_0072371,0
ISIC_0072374,0
ISIC_0072375,0
ISIC_0072377,0
ISIC_0072380,0
ISIC_0072396,0
ISIC_0072401,0
ISIC_0072405,0
ISIC_0072411,0
ISIC_0072415,0
ISIC_0072422,0
ISIC_0072429,0
ISIC_0072437,0
ISIC_0072439,0
ISIC_0072440,0
ISIC_0072441,0
ISIC_0072473,0
ISIC_0072482,0
ISIC_0072494,0
ISIC_0072495,0
ISIC_0072507,0
ISIC_0072508,0
ISIC_0072516,0
ISIC_0072522,0
ISIC_0072523,0
ISIC_0072531,0
ISIC_0072534,1
ISIC_0072535,0
ISIC_0072538,0
ISIC_0072557,0
ISIC_0072559,0
ISIC_0072565,0
ISIC_0072568,0
ISIC_0072569,0
ISIC_0072574,0
ISIC_0072585,0
ISIC_0072586,0
ISIC_0072594,0
ISIC_0072595,0
ISIC_0072612,0
ISIC_0072619,0
ISIC_0072624,0
ISIC_0072626,0
ISIC_0072631,0
ISIC_0072641,0
ISIC_0072642,0
ISIC_0072653,0
ISIC_0072689,0
ISIC_0072691,0
ISIC_0072694,0
ISIC_0072705,0
ISIC_0072713,0
ISIC_0072714,0
ISIC_0072730,0
ISIC_0072733,0
ISIC_0072738,0
ISIC_0072743,0
ISIC_0072747,0
ISIC_0072748,0
ISIC_0072753,0
ISIC_0072755,0
ISIC_0072758,0
ISIC_0072763,0
ISIC_0072768,0
ISIC_0072773,0
ISIC_0072780,0
ISIC_0072783,0
ISIC_0072785,0
ISIC_0072793,0
ISIC_0072799,0
ISIC_0072820,0
ISIC_0072824,0
ISIC_0072827,0
ISIC_0072828,0
ISIC_0072843,0
ISIC_0072844,0
ISIC_0072845,0
ISIC_0072862,0
ISIC_0072865,0
ISIC_0072872,0
ISIC_0072876,0
ISIC_0072887,0
ISIC_0072889,0
ISIC_0072896,0
ISIC_0072909,0
ISIC_0072917,0
ISIC_0072923,0
ISIC_0072924,0
ISIC_0072930,0
ISIC_0072939,0
ISIC_0072961,0
ISIC_0072966,0
ISIC_0072968,0
ISIC_0072976,0
ISIC_0072977,0
ISIC_0072983,0
ISIC_0072985,0
ISIC_0072990,0
ISIC_0072991,0
ISIC_0073007,0
ISIC_0073016,0
ISIC_0073018,0
ISIC_0073038,0
ISIC_0073044,0
ISIC_0073054,0
ISIC_0073065,0
ISIC_0073075,0
ISIC_0073078,0
ISIC_0073089,0
ISIC_0073102,0
ISIC_0073119,0
ISIC_0073124,0
ISIC_0073127,0
ISIC_0073134,0
ISIC_0073136,0
ISIC_0073143,0
ISIC_0073147,0
ISIC_0073156,0
ISIC_0073173,0
ISIC_0073190,0
ISIC_0073191,0
ISIC_0073194,0
ISIC_0073203,0
ISIC_0073204,0
ISIC_0073218,0
ISIC_0073227,0
ISIC_0073231,0
ISIC_0073237,0
ISIC_0073238,0
ISIC_0073241,0
ISIC_0073249,0
ISIC_0077281,0
ISIC_0080539,0
ISIC_0124902,0
ISIC_0133200,0
ISIC_0140502,0
ISIC_0149568,0
ISIC_0151466,0
ISIC_0168716,0
ISIC_0178428,0
ISIC_0186998,0
ISIC_0188432,0
ISIC_0202119,0
ISIC_0202238,0
ISIC_0207268,0
ISIC_0220438,0
ISIC_0232101,0
ISIC_0245720,0
ISIC_0247330,0
ISIC_0250839,0
ISIC_0255566,0
ISIC_0261253,0
ISIC_0269622,0
ISIC_0272509,0
ISIC_0273046,0
ISIC_0274382,0
ISIC_0274411,0
ISIC_0280912,0
ISIC_0286360,0
ISIC_0287325,0
ISIC_0292899,0
ISIC_0294150,0
ISIC_0308880,0
ISIC_0320008,0
ISIC_0323009,0
ISIC_0327070,0
ISIC_0327406,0
ISIC_0333091,0
ISIC_0337631,0
ISIC_0346815,0
ISIC_0351666,0
ISIC_0353247,0
ISIC_0369831,0
ISIC_0375034,0
ISIC_0393283,0
ISIC_0404417,0
ISIC_0429825,0
ISIC_0450792,0
ISIC_0450997,0
ISIC_0456176,0
ISIC_0457344,0
ISIC_0467617,0
ISIC_0470699,0
ISIC_0472123,0
ISIC_0474387,0
ISIC_0481105,0
ISIC_0489267,0
ISIC_0501108,0
ISIC_0502582,0
ISIC_0504165,0
ISIC_0508777,0
ISIC_0528044,0
ISIC_0533122,0
ISIC_0542765,0
ISIC_0553265,0
ISIC_0558060,0
ISIC_0559335,0
ISIC_0572205,0
ISIC_0585534,0
ISIC_0587728,0
ISIC_0588352,0
ISIC_0598073,0
ISIC_0599463,0
ISIC_0599605,0
ISIC_0602633,0
ISIC_0606244,0
ISIC_0616448,0
ISIC_0624498,0
ISIC_0638700,0
ISIC_0639769,0
ISIC_0645454,0
ISIC_0647224,0
ISIC_0648545,0
ISIC_0651228,0
ISIC_0662000,0
ISIC_0662485,0
ISIC_0681019,0
ISIC_0699088,0
ISIC_0703440,0
ISIC_0705477,0
ISIC_0715696,0
ISIC_0722605,0
ISIC_0744013,0
ISIC_0750046,0
ISIC_0758444,0
ISIC_0779920,0
ISIC_0789191,0
ISIC_0799972,0
ISIC_0823269,0
ISIC_0831898,0
ISIC_0833889,0
ISIC_0844312,0
ISIC_0851414,0
ISIC_0852832,0
ISIC_0855174,0
ISIC_0862745,0
ISIC_0873174,0
ISIC_0903411,0
ISIC_0911264,0
ISIC_0914168,0
ISIC_0915404,0
ISIC_0924427,0
ISIC_0929180,0
ISIC_0946787,0
ISIC_0952472,0
ISIC_0953317,0
ISIC_0959325,0
ISIC_0961235,0
ISIC_0961778,0
ISIC_0962121,0
ISIC_0969723,0
ISIC_0981639,0
ISIC_0984817,0
ISIC_0990298,0
ISIC_1000616,0
ISIC_1009042,0
ISIC_1012044,0
ISIC_1023256,0
ISIC_1037315,0
ISIC_1040820,0
ISIC_1047011,0
ISIC_1056436,0
ISIC_1068686,0
ISIC_1071355,0
ISIC_1077735,0
ISIC_1091442,0
ISIC_1099075,0
ISIC_1110583,0
ISIC_1110743,0
ISIC_1116303,0
ISIC_1116483,0
ISIC_1121888,0
ISIC_1124434,0
ISIC_1126401,0
ISIC_1132496,0
ISIC_1157032,0
ISIC_1166740,0
ISIC_1177153,0
ISIC_1177505,0
ISIC_1192769,0
ISIC_1201025,0
ISIC_1203272,0
ISIC_1210011,0
ISIC_1231419,0
ISIC_1234126,0
ISIC_1235469,0
ISIC_1241817,0
ISIC_1247683,0
ISIC_1254469,0
ISIC_1255336,0
ISIC_1262790,0
ISIC_1264034,0
ISIC_1269448,0
ISIC_1271507,0
ISIC_1297252,0
ISIC_1301476,0
ISIC_1320438,0
ISIC_1330008,0
ISIC_1330381,0
ISIC_1338061,0
ISIC_1343302,0
ISIC_1356715,0
ISIC_1372928,0
ISIC_1388552,0
ISIC_1389226,0
ISIC_1398333,0
ISIC_1400695,0
ISIC_1412843,0
ISIC_1423737,0
ISIC_1427295,0
ISIC_1427578,0
ISIC_1440160,0
ISIC_1449628,0
ISIC_1452632,0
ISIC_1454751,0
ISIC_1460169,0
ISIC_1460932,0
ISIC_1473522,0
ISIC_1483720,0
ISIC_1484659,0
ISIC_1486861,0
ISIC_1490894,0
ISIC_1558504,0
ISIC_1560324,0
ISIC_1564663,0
ISIC_1566428,0
ISIC_1569119,0
ISIC_1578878,0
ISIC_1589997,0
ISIC_1601532,0
ISIC_1605629,0
ISIC_1605945,0
ISIC_1616031,0
ISIC_1620401,0
ISIC_1627619,0
ISIC_1630301,0
ISIC_1633321,0
ISIC_1635231,0
ISIC_1642069,0
ISIC_1654342,0
ISIC_1658397,0
ISIC_1670692,0
ISIC_1675975,0
ISIC_1684127,0
ISIC_1685962,0
ISIC_1693572,0
ISIC_1694285,0
ISIC_1694817,0
ISIC_1698942,0
ISIC_1699688,0
ISIC_1701883,0
ISIC_1706912,0
ISIC_1728564,0
ISIC_1729223,0
ISIC_1729396,0
ISIC_1733178,0
ISIC_1752943,0
ISIC_1753011,0
ISIC_1764844,0
ISIC_1776777,0
ISIC_1778959,0
ISIC_1785627,0
ISIC_1791643,0
ISIC_1810807,0
ISIC_1813577,0
ISIC_1814941,0
ISIC_1816965,0
ISIC_1818238,0
ISIC_1822107,0
ISIC_1822797,0
ISIC_1850674,0
ISIC_1866770,0
ISIC_1870415,0
ISIC_1876217,0
ISIC_1881133,0
ISIC_1908890,0
ISIC_1909053,0
ISIC_1910468,0
ISIC_1916169,0
ISIC_1930795,0
ISIC_1935227,0
ISIC_1939413,0
ISIC_1948545,0
ISIC_1956504,0
ISIC_1959939,0
ISIC_1968416,0
ISIC_1968421,0
ISIC_1970988,0
ISIC_1975042,0
ISIC_1977937,0
ISIC_1994166,0
ISIC_2000766,0
ISIC_2003991,0
ISIC_2010889,0
ISIC_2033237,0
ISIC_2068188,0
ISIC_2070728,0
ISIC_2071966,0
ISIC_2072219,0
ISIC_2076526,0
ISIC_2077116,0
ISIC_2079571,0
ISIC_2097603,0
ISIC_2098553,0
ISIC_2101624,0
ISIC_2105563,0
ISIC_2108849,0
ISIC_2126660,0
ISIC_2128061,0
ISIC_2135474,0
ISIC_2141237,0
ISIC_2144690,0
ISIC_2149878,0
ISIC_2153041,0
ISIC_2153401,0
ISIC_2153686,0
ISIC_2170268,0
ISIC_2176112,0
ISIC_2177103,0
ISIC_2179705,0
ISIC_2185005,0
ISIC_2190396,0
ISIC_2196575,0
ISIC_2198823,0
ISIC_2200197,0
ISIC_2204976,0
ISIC_2211948,0
ISIC_2212637,0
ISIC_2220505,0
ISIC_2222084,0
ISIC_2226191,0
ISIC_2230091,0
ISIC_2232442,0
ISIC_2243107,0
ISIC_2243756,0
ISIC_2255411,0
ISIC_2267440,0
ISIC_2268341,0
ISIC_2272218,0
ISIC_2277714,0
ISIC_2286443,0
ISIC_2305541,0
ISIC_2309271,0
ISIC_2310935,0
ISIC_2318474,0
ISIC_2320481,0
ISIC_2337531,0
ISIC_2339295,0
ISIC_2339761,0
ISIC_2340958,0
ISIC_2341309,0
ISIC_2342769,0
ISIC_2351999,0
ISIC_2362051,0
ISIC_2364150,0
ISIC_2367098,0
ISIC_2368188,0
ISIC_2368449,0
ISIC_2377844,0
ISIC_2406492,0
ISIC_2412113,0
ISIC_2421565,0
ISIC_2425757,0
ISIC_2427899,0
ISIC_2433965,0
ISIC_2434588,0
ISIC_2437633,0
ISIC_2438481,1
ISIC_2447578,0
ISIC_2448897,0
ISIC_2465799,0
ISIC_2468476,0
ISIC_2481044,0
ISIC_2496140,0
ISIC_2505335,0
ISIC_2513018,0
ISIC_2525084,0
ISIC_2528358,0
ISIC_2535541,0
ISIC_2556057,0
ISIC_2558169,0
ISIC_2560699,0
ISIC_2561898,0
ISIC_2565206,0
ISIC_2574924,0
ISIC_2577849,0
ISIC_2594715,0
ISIC_2607827,0
ISIC_2609984,0
ISIC_2619021,0
ISIC_2637608,0
ISIC_2646829,0
ISIC_2663597,0
ISIC_2668481,0
ISIC_2685593,0
ISIC_2697083,0
ISIC_2700320,0
ISIC_2710427,0
ISIC_2717192,0
ISIC_2720971,0
ISIC_2724529,0
ISIC_2742711,0
ISIC_2750230,0
ISIC_2757332,0
ISIC_2757355,0
ISIC_2757370,0
ISIC_2766590,0
ISIC_2772824,0
ISIC_2776906,0
ISIC_2779036,0
ISIC_2792717,0
ISIC_2793180,0
ISIC_2797353,0
ISIC_2801005,0
ISIC_2814689,0
ISIC_2818959,0
ISIC_2822718,0
ISIC_2823287,0
ISIC_2824922,0
ISIC_2826181,0
ISIC_2837581,0
ISIC_2839742,0
ISIC_2841788,0
ISIC_2843665,-1
ISIC_2844539,0
ISIC_2850215,0
ISIC_2857128,0
ISIC_2861132,0
ISIC_2863863,0
ISIC_2867416,0
ISIC_2867998,0
ISIC_2871230,0
ISIC_2879057,0
ISIC_2883463,0
ISIC_2883756,0
ISIC_2884038,0
ISIC_2884112,1
ISIC_2900150,0
ISIC_2916754,0
ISIC_2937642,0
ISIC_2957465,0
ISIC_2957732,0
ISIC_2958480,0
ISIC_2966808,0
ISIC_2967024,0
ISIC_2974214,0
ISIC_2975580,0
ISIC_2979177,0
ISIC_2979268,0
ISIC_2979795,0
ISIC_2987613,0
ISIC_3016243,0
ISIC_3023646,0
ISIC_3025889,0
ISIC_3028754,0
ISIC_3030394,0
ISIC_3033701,0
ISIC_3035927,0
ISIC_3045480,0
ISIC_3045939,0
ISIC_3046271,0
ISIC_3056854,0
ISIC_3065032,0
ISIC_3068885,0
ISIC_3077674,0
ISIC_3084312,0
ISIC_3094758,0
ISIC_3108597,0
ISIC_3110126,0
ISIC_3137117,0
ISIC_3143079,0
ISIC_3147084,0
ISIC_3159924,0
ISIC_3162213,0
ISIC_3174039,0
ISIC_3176105,0
ISIC_3192152,0
ISIC_3197211,0
ISIC_3203344,0
ISIC_3204703,0
ISIC_3207651,0
ISIC_3235131,0
ISIC_3236033,0
ISIC_3241636,0
ISIC_3244067,0
ISIC_3248418,0
ISIC_3249814,0
ISIC_3253484,0
ISIC_3259871,0
ISIC_3265514,0
ISIC_3268800,0
ISIC_3275875,0
ISIC_3281565,0
ISIC_3286186,0
ISIC_3301933,0
ISIC_3320667,0
ISIC_3323866,0
ISIC_3327928,0
ISIC_3331737,0
ISIC_3335354,0
ISIC_3335904,0
ISIC_3338629,0
ISIC_3343475,0
ISIC_3352464,0
ISIC_3381026,0
ISIC_3389695,0
ISIC_3391427,0
ISIC_3399306,0
ISIC_3404294,0
ISIC_3408231,0
ISIC_3412012,0
ISIC_3412801,0
ISIC_3427218,0
ISIC_3433909,0
ISIC_3435596,0
ISIC_3436033,0
ISIC_3440239,0
ISIC_3440759,0
ISIC_3446357,0
ISIC_3450017,0
ISIC_3464344,0
ISIC_3469595,0
ISIC_3475660,0
ISIC_3476246,0
ISIC_3478473,0
ISIC_3481499,0
ISIC_3491406,0
ISIC_3510420,0
ISIC_3511086,0
ISIC_3517311,0
ISIC_3522656,0
ISIC_3535003,0
ISIC_3540915,0
ISIC_3541529,0
ISIC_3544253,0
ISIC_3544463,0
ISIC_3545006,0
ISIC_3559219,0
ISIC_3561065,0
ISIC_3570575,0
ISIC_3576876,0
ISIC_3578300,0
ISIC_3587674,0
ISIC_3590167,0
ISIC_3598192,0
ISIC_3622555,0
ISIC_3635831,0
ISIC_3642019,0
ISIC_3665449,0
ISIC_3666865,0
ISIC_3666967,0
ISIC_3667052,0
ISIC_3670069,0
ISIC_3677029,0
ISIC_3689252,0
ISIC_3690890,0
ISIC_3696488,0
ISIC_3698441,0
ISIC_3704603,0
ISIC_3719985,0
ISIC_3733653,0
ISIC_3736336,0
ISIC_3738751,0
ISIC_3740014,0
ISIC_3750329,0
ISIC_3763984,0
ISIC_3773277,0
ISIC_3775417,0
ISIC_3778192,0
ISIC_3783659,0
ISIC_3796317,0
ISIC_3803651,0
ISIC_3807230,0
ISIC_3817719,0
ISIC_3824206,0
ISIC_3842916,0
ISIC_3880022,0
ISIC_3883863,0
ISIC_3891136,0
ISIC_3895426,0
ISIC_3909039,0
ISIC_3915890,0
ISIC_3933164,0
ISIC_3936223,0
ISIC_3941123,0
ISIC_3944634,0
ISIC_3951937,0
ISIC_3957660,0
ISIC_3963183,0
ISIC_3965087,0
ISIC_3969411,0
ISIC_3976496,0
ISIC_3979826,0
ISIC_3985031,0
ISIC_3993924,0
ISIC_3994385,0
ISIC_3996796,0
ISIC_4000481,0
ISIC_4005082,0
ISIC_4009870,0
ISIC_4027194,0
ISIC_4048896,0
ISIC_4064478,0
ISIC_4092287,0
ISIC_4097868,0
ISIC_4117748,0
ISIC_4118006,0
ISIC_4119530,0
ISIC_4120174,0
ISIC_4122691,0
ISIC_4152922,0
ISIC_4163686,0
ISIC_4168419,0
ISIC_4170698,0
ISIC_4171657,0
ISIC_4176718,0
ISIC_4177450,0
ISIC_4184681,0
ISIC_4207959,0
ISIC_4210924,0
ISIC_4212047,0
ISIC_4212546,0
ISIC_4221304,0
ISIC_4223155,0
ISIC_4223497,0
ISIC_4229473,0
ISIC_4230049,0
ISIC_4235575,0
ISIC_4249493,0
ISIC_4258047,0
ISIC_4266533,0
ISIC_4276255,0
ISIC_4277953,0
ISIC_4282399,0
ISIC_4301676,0
ISIC_4301916,0
ISIC_4346693,0
ISIC_4347535,0
ISIC_4349272,0
ISIC_4352505,0
ISIC_4359352,0
ISIC_4362713,0
ISIC_4375866,0
ISIC_4377208,0
ISIC_4378189,0
ISIC_4398011,0
ISIC_4404772,0
ISIC_4407852,0
ISIC_4408559,0
ISIC_4408961,0
ISIC_4411858,0
ISIC_4412550,0
ISIC_4425322,0
ISIC_4425657,0
ISIC_4427247,0
ISIC_4439054,0
ISIC_4461272,0
ISIC_4464389,0
ISIC_4467312,0
ISIC_4469476,0
ISIC_4482349,0
ISIC_4485467,0
ISIC_4493482,0
ISIC_4508878,0
ISIC_4510530,0
ISIC_4525317,0
ISIC_4529513,0
ISIC_4530856,0
ISIC_4547332,0
ISIC_4572891,0
ISIC_4590186,0
ISIC_4597293,0
ISIC_4615762,0
ISIC_4619789,0
ISIC_4619903,0
ISIC_4633843,0
ISIC_4643793,0
ISIC_4647281,0
ISIC_4653503,0
ISIC_4676270,0
ISIC_4688289,0
ISIC_4691689,0
ISIC_4699695,0
ISIC_4703321,0
ISIC_4719387,0
ISIC_4730066,0
ISIC_4733114,1
ISIC_4746369,0
ISIC_4750271,0
ISIC_4775986,0
ISIC_4780727,0
ISIC_4781223,0
ISIC_4810142,0
ISIC_4810227,0
ISIC_4813568,0
ISIC_4839117,0
ISIC_4842587,0
ISIC_4851185,0
ISIC_4851366,0
ISIC_4867646,0
ISIC_4868339,1
ISIC_4874581,0
ISIC_4891117,0
ISIC_4905375,0
ISIC_4907655,1
ISIC_4916704,0
ISIC_4936662,0
ISIC_4938994,0
ISIC_4953281,0
ISIC_4957310,0
ISIC_4960784,0
ISIC_4961146,0
ISIC_4967361,0
ISIC_4967564,0
ISIC_4967586,0
ISIC_4968384,0
ISIC_4969277,1
ISIC_4975524,0
ISIC_4980656,0
ISIC_4981914,0
ISIC_4982046,0
ISIC_4985027,0
ISIC_5003828,0
ISIC_5010212,0
ISIC_5015551,-1
ISIC_5019119,0
ISIC_5021861,0
ISIC_5024302,0
ISIC_5033005,0
ISIC_5036772,0
ISIC_5037784,0
ISIC_5044438,0
ISIC_5044571,0
ISIC_5045600,0
ISIC_5046082,0
ISIC_5082179,0
ISIC_5084113,0
ISIC_5086349,0
ISIC_5086721,0
ISIC_5089962,0
ISIC_5091996,0
ISIC_5095180,0
ISIC_5127249,0
ISIC_5129659,0
ISIC_5137933,0
ISIC_5140952,0
ISIC_5144687,0
ISIC_5147292,0
ISIC_5156491,0
ISIC_5163263,0
ISIC_5167209,0
ISIC_5172576,0
ISIC_5182952,0
ISIC_5191344,0
ISIC_5216586,0
ISIC_5224517,0
ISIC_5224960,0
ISIC_5247560,0
ISIC_5253746,0
ISIC_5258657,0
ISIC_5260050,0
ISIC_5267208,0
ISIC_5272223,0
ISIC_5273210,0
ISIC_5281117,0
ISIC_5286801,0
ISIC_5288393,0
ISIC_5289849,0
ISIC_5292024,0
ISIC_5296963,0
ISIC_5306850,0
ISIC_5312996,0
ISIC_5315062,0
ISIC_5330187,0
ISIC_5343231,0
ISIC_5350216,0
ISIC_5352496,0
ISIC_5356475,0
ISIC_5363974,0
ISIC_5367118,0
ISIC_5369000,0
ISIC_5388184,0
ISIC_5391607,0
ISIC_5391758,0
ISIC_5395518,0
ISIC_5415749,0
ISIC_5415761,0
ISIC_5418441,0
ISIC_5423259,0
ISIC_5425721,0
ISIC_5426249,0
ISIC_5434661,0
ISIC_5442968,0
ISIC_5449076,0
ISIC_5452980,0
ISIC_5461210,0
ISIC_5461797,0
ISIC_5481480,0
ISIC_5495413,0
ISIC_5505677,0
ISIC_5509679,0
ISIC_5511054,0
ISIC_5527224,0
ISIC_5531874,0
ISIC_5533992,0
ISIC_5534730,0
ISIC_5539423,0
ISIC_5541499,0
ISIC_5565758,0
ISIC_5573077,0
ISIC_5576354,0
ISIC_5581297,0
ISIC_5581931,0
ISIC_5582910,0
ISIC_5585090,0
ISIC_5602826,0
ISIC_5605645,0
ISIC_5608178,0
ISIC_5610304,0
ISIC_5612133,0
ISIC_5619562,0
ISIC_5620802,0
ISIC_5628874,0
ISIC_5642824,0
ISIC_5646747,0
ISIC_5647607,0
ISIC_5648033,0
ISIC_5658925,0
ISIC_5664695,0
ISIC_5667461,0
ISIC_5669463,0
ISIC_5673518,0
ISIC_5699993,0
ISIC_5700648,0
ISIC_5704967,0
ISIC_5709512,0
ISIC_5711232,0
ISIC_5714835,0
ISIC_5719436,0
ISIC_5732201,0
ISIC_5744196,0
ISIC_5745126,0
ISIC_5747486,0
ISIC_5747942,0
ISIC_5752865,0
ISIC_5762714,0
ISIC_5763228,0
ISIC_5771780,0
ISIC_5774484,0
ISIC_5776649,0
ISIC_5785135,0
ISIC_5791954,0
ISIC_5795436,0
ISIC_5797062,0
ISIC_5801650,0
ISIC_5820693,0
ISIC_5829938,0
ISIC_5839875,0
ISIC_5841971,0
ISIC_5847821,0
ISIC_5862918,0
ISIC_5863574,0
ISIC_5864088,0
ISIC_5867911,0
ISIC_5868291,0
ISIC_5889858,0
ISIC_5892763,0
ISIC_5912360,0
ISIC_5915244,0
ISIC_5920681,0
ISIC_5922588,0
ISIC_5983500,0
ISIC_5988562,0
ISIC_5994923,0
ISIC_5998475,0
ISIC_6004197,0
ISIC_6012573,0
ISIC_6013467,0
ISIC_6016537,0
ISIC_6024335,0
ISIC_6034442,0
ISIC_6038463,0
ISIC_6044114,0
ISIC_6046943,0
ISIC_6048752,0
ISIC_6056121,0
ISIC_6059520,0
ISIC_6066292,0
ISIC_6089318,0
ISIC_6090497,0
ISIC_6096565,0
ISIC_6099563,0
ISIC_6099785,0
ISIC_6110888,0
ISIC_6119202,0
ISIC_6124481,0
ISIC_6125652,0
ISIC_6126704,0
ISIC_6133338,0
ISIC_6135643,0
ISIC_6159600,0
ISIC_6172037,0
ISIC_6184891,0
ISIC_6190621,0
ISIC_6193654,0
ISIC_6210303,0
ISIC_6220625,0
ISIC_6228963,0
ISIC_6248008,0
ISIC_6251753,0
ISIC_6255113,0
ISIC_6269166,0
ISIC_6269738,0
ISIC_6275817,0
ISIC_6278273,0
ISIC_6278558,0
ISIC_6285925,0
ISIC_6288607,0
ISIC_6291375,0
ISIC_6299036,0
ISIC_6300866,0
ISIC_6307097,0
ISIC_6313487,0
ISIC_6321476,0
ISIC_6348638,0
ISIC_6352565,0
ISIC_6364782,0
ISIC_6366417,0
ISIC_6369740,0
ISIC_6378347,0
ISIC_6381819,-1
ISIC_6392461,0
ISIC_6398283,0
ISIC_6398669,0
ISIC_6410570,0
ISIC_6410859,0
ISIC_6415722,0
ISIC_6427430,0
ISIC_6428004,0
ISIC_6450034,0
ISIC_6471282,0
ISIC_6496251,0
ISIC_6496370,0
ISIC_6509682,0
ISIC_6512653,0
ISIC_6516710,0
ISIC_6526489,0
ISIC_6529350,0
ISIC_6535558,0
ISIC_6539127,0
ISIC_6541615,0
ISIC_6549364,-1
ISIC_6550602,0
ISIC_6555290,0
ISIC_6556373,0
ISIC_6561111,0
ISIC_6563304,0
ISIC_6578433,0
ISIC_6581411,0
ISIC_6584579,0
ISIC_6586433,0
ISIC_6596926,0
ISIC_6603938,0
ISIC_6618014,0
ISIC_6620377,0
ISIC_6620748,0
ISIC_6625102,0
ISIC_6634951,0
ISIC_6635963,0
ISIC_6646939,0
ISIC_6666090,0
ISIC_6668093,0
ISIC_6671773,0
ISIC_6674797,0
ISIC_6683697,0
ISIC_6688417,0
ISIC_6689453,0
ISIC_6692344,0
ISIC_6695831,0
ISIC_6707573,0
ISIC_6713432,0
ISIC_6714082,0
ISIC_6720909,0
ISIC_6736963,0
ISIC_6747251,0
ISIC_6752882,0
ISIC_6767569,0
ISIC_6784593,0
ISIC_6785680,0
ISIC_6786198,0
ISIC_6809586,0
ISIC_6811237,0
ISIC_6814727,0
ISIC_6819805,0
ISIC_6833525,0
ISIC_6841294,0
ISIC_6850912,0
ISIC_6851408,0
ISIC_6873657,0
ISIC_6875745,0
ISIC_6881589,0
ISIC_6892280,0
ISIC_6892286,0
ISIC_6904082,0
ISIC_6904950,0
ISIC_6912369,0
ISIC_6925729,0
ISIC_6927840,0
ISIC_6931277,0
ISIC_6931629,0
ISIC_6945634,0
ISIC_6959281,0
ISIC_6961503,0
ISIC_6966001,0
ISIC_6967412,0
ISIC_6971606,0
ISIC_6982386,0
ISIC_6993040,0
ISIC_7000719,0
ISIC_7003002,0
ISIC_7010159,0
ISIC_7010755,0
ISIC_7035246,0
ISIC_7045012,0
ISIC_7062201,0
ISIC_7064511,0
ISIC_7070020,0
ISIC_7074321,0
ISIC_7075474,0
ISIC_7075768,0
ISIC_7079349,0
ISIC_7080469,0
ISIC_7081819,1
ISIC_7084754,0
ISIC_7085235,0
ISIC_7092052,0
ISIC_7097931,0
ISIC_7098141,0
ISIC_7100755,0
ISIC_7101732,0
ISIC_7110531,0
ISIC_7130929,0
ISIC_7146293,0
ISIC_7146494,0
ISIC_7170025,0
ISIC_7181296,0
ISIC_7183212,0
ISIC_7190243,0
ISIC_7195248,0
ISIC_7202197,0
ISIC_7205745,0
ISIC_7218890,0
ISIC_7235128,0
ISIC_7239902,0
ISIC_7253401,0
ISIC_7254359,0
ISIC_7261174,0
ISIC_7265673,0
ISIC_7285359,0
ISIC_7287303,0
ISIC_7293518,0
ISIC_7303630,0
ISIC_7312977,0
ISIC_7317366,0
ISIC_7320371,0
ISIC_7321503,0
ISIC_7327423,0
ISIC_7334939,0
ISIC_7338073,0
ISIC_7338502,0
ISIC_7346228,0
ISIC_7349440,0
ISIC_7352298,0
ISIC_7353870,0
ISIC_7356320,0
ISIC_7365059,0
ISIC_7371801,0
ISIC_7372719,0
ISIC_7373164,0
ISIC_7376452,0
ISIC_7399648,0
ISIC_7410175,0
ISIC_7412327,0
ISIC_7423595,0
ISIC_7429994,0
ISIC_7443971,0
ISIC_7453676,0
ISIC_7457700,0
ISIC_7460887,0
ISIC_7462953,0
ISIC_7465137,0
ISIC_7466678,0
ISIC_7472087,0
ISIC_7473000,0
ISIC_7489564,0
ISIC_7490240,0
ISIC_7503950,0
ISIC_7520843,0
ISIC_7536704,0
ISIC_7541596,0
ISIC_7542458,0
ISIC_7545691,0
ISIC_7545731,0
ISIC_7546219,0
ISIC_7548342,0
ISIC_7554287,0
ISIC_7560933,0
ISIC_7563950,0
ISIC_7564517,0
ISIC_7573463,0
ISIC_7577395,0
ISIC_7594243,0
ISIC_7599710,0
ISIC_7612992,0
ISIC_7614221,0
ISIC_7626256,0
ISIC_7636412,0
ISIC_7638974,0
ISIC_7640631,0
ISIC_7643593,0
ISIC_7657322,0
ISIC_7658729,0
ISIC_7660163,0
ISIC_7662910,0
ISIC_7666432,0
ISIC_7680948,0
ISIC_7682533,0
ISIC_7683106,0
ISIC_7693611,0
ISIC_7695263,0
ISIC_7713609,0
ISIC_7715671,0
ISIC_7718206,0
ISIC_7724762,0
ISIC_7747712,0
ISIC_7748311,0
ISIC_7755096,0
ISIC_7759222,0
ISIC_7763042,0
ISIC_7784876,0
ISIC_7785723,0
ISIC_7788318,0
ISIC_7800750,0
ISIC_7808341,0
ISIC_7808642,0
ISIC_7809510,0
ISIC_7816675,0
ISIC_7824315,0
ISIC_7839712,0
ISIC_7844825,0
ISIC_7851081,0
ISIC_7854404,0
ISIC_7872595,0
ISIC_7880400,0
ISIC_7889097,0
ISIC_7890222,0
ISIC_7893518,0
ISIC_7897925,0
ISIC_7898880,0
ISIC_7899041,0
ISIC_7899387,0
ISIC_7904829,0
ISIC_7913874,0
ISIC_7914631,0
ISIC_7922830,0
ISIC_7927389,0
ISIC_7927525,0
ISIC_7936755,0
ISIC_7939816,0
ISIC_7940557,0
ISIC_7942881,0
ISIC_7948290,0
ISIC_7949783,0
ISIC_7952870,0
ISIC_7960321,0
ISIC_7960869,0
ISIC_7961365,0
ISIC_7966639,0
ISIC_7973598,0
ISIC_7993345,0
ISIC_8002875,0
ISIC_8006211,0
ISIC_8008539,0
ISIC_8009536,0
ISIC_8011058,0
ISIC_8021816,0
ISIC_8026822,0
ISIC_8027280,0
ISIC_8027899,0
ISIC_8040024,0
ISIC_8040663,0
ISIC_8059429,0
ISIC_8066110,0
ISIC_8071637,0
ISIC_8073555,0
ISIC_8077139,0
ISIC_8087949,0
ISIC_8106899,0
ISIC_8124900,0
ISIC_8138363,0
ISIC_8145348,0
ISIC_8157239,0
ISIC_8157654,0
ISIC_8167374,0
ISIC_8172822,0
ISIC_8172964,0
ISIC_8173252,0
ISIC_8187734,0
ISIC_8191057,0
ISIC_8194835,0
ISIC_8204363,0
ISIC_8207974,0
ISIC_8225781,0
ISIC_8230318,0
ISIC_8231999,0
ISIC_8238755,0
ISIC_8249854,0
ISIC_8252406,0
ISIC_8253057,0
ISIC_8256480,0
ISIC_8263489,0
ISIC_8278036,0
ISIC_8278458,0
ISIC_8278782,0
ISIC_8281208,0
ISIC_8283552,0
ISIC_8293325,0
ISIC_8308321,0
ISIC_8325226,0
ISIC_8327076,0
ISIC_8344285,0
ISIC_8344345,0
ISIC_8348262,0
ISIC_8350851,0
ISIC_8355446,0
ISIC_8362681,0
ISIC_8372206,0
ISIC_8379956,0
ISIC_8381531,0
ISIC_8397285,0
ISIC_8400587,0
ISIC_8416462,0
ISIC_8417873,0
ISIC_8423180,0
ISIC_8436194,0
ISIC_8437493,0
ISIC_8446478,0
ISIC_8470330,0
ISIC_8473293,0
ISIC_8485716,0
ISIC_8488027,0
ISIC_8493108,0
ISIC_8493254,0
ISIC_8497457,0
ISIC_8498489,0
ISIC_8509219,0
ISIC_8525826,0
ISIC_8527092,0
ISIC_8545949,0
ISIC_8554769,0
ISIC_8564474,0
ISIC_8566006,0
ISIC_8592733,0
ISIC_8593738,0
ISIC_8601570,0
ISIC_8609756,0
ISIC_8615491,0
ISIC_8617277,0
ISIC_8617353,0
ISIC_8621568,0
ISIC_8624049,0
ISIC_8627581,0
ISIC_8632904,0
ISIC_8641097,0
ISIC_8647315,0
ISIC_8651648,0
ISIC_8653825,0
ISIC_8667960,0
ISIC_8671119,0
ISIC_8671596,0
ISIC_8672524,0
ISIC_8673290,0
ISIC_8677053,0
ISIC_8685453,0
ISIC_8688192,0
ISIC_8692218,0
ISIC_8702237,0
ISIC_8708106,0
ISIC_8708918,0
ISIC_8710108,0
ISIC_8724412,0
ISIC_8724944,0
ISIC_8732757,0
ISIC_8733345,0
ISIC_8737794,0
ISIC_8738186,0
ISIC_8758404,0
ISIC_8758983,0
ISIC_8766402,0
ISIC_8769047,0
ISIC_8776516,1
ISIC_8786983,0
ISIC_8789051,0
ISIC_8792684,0
ISIC_8806986,0
ISIC_8821742,0
ISIC_8823228,0
ISIC_8838753,0
ISIC_8839128,0
ISIC_8851514,0
ISIC_8856365,0
ISIC_8859274,0
ISIC_8864678,0
ISIC_8866651,0
ISIC_8868249,0
ISIC_8872158,0
ISIC_8882374,0
ISIC_8886139,0
ISIC_8892236,0
ISIC_8902296,0
ISIC_8907232,0
ISIC_8907509,0
ISIC_8918247,0
ISIC_8922893,0
ISIC_8943817,0
ISIC_8951909,0
ISIC_8961478,0
ISIC_8961614,0
ISIC_8985109,0
ISIC_8990534,0
ISIC_8999351,0
ISIC_9000234,0
ISIC_9000824,0
ISIC_9001948,0
ISIC_9006649,0
ISIC_9008372,0
ISIC_9022005,0
ISIC_9029938,0
ISIC_9038318,0
ISIC_9041525,0
ISIC_9048507,0
ISIC_9051948,0
ISIC_9052500,0
ISIC_9053910,0
ISIC_9092169,0
ISIC_9096150,0
ISIC_9101762,0
ISIC_9114248,0
ISIC_9130035,0
ISIC_9130157,0
ISIC_9141788,0
ISIC_9144329,0
ISIC_9144852,0
ISIC_9159477,0
ISIC_9164054,0
ISIC_9171793,0
ISIC_9174580,0
ISIC_9176427,0
ISIC_9179044,0
ISIC_9179884,0
ISIC_9183084,0
ISIC_9187524,0
ISIC_9193127,0
ISIC_9199429,0
ISIC_9210086,0
ISIC_9210255,0
ISIC_9214649,0
ISIC_9219356,0
ISIC_9227283,0
ISIC_9233062,0
ISIC_9235283,0
ISIC_9239978,0
ISIC_9254641,0
ISIC_9266057,0
ISIC_9268487,0
ISIC_9274936,0
ISIC_9286292,0
ISIC_9312164,0
ISIC_9315775,0
ISIC_9317339,0
ISIC_9320992,0
ISIC_9323485,0
ISIC_9335652,0
ISIC_9337100,0
ISIC_9345094,0
ISIC_9353360,0
ISIC_9367522,0
ISIC_9381298,0
ISIC_9399586,0
ISIC_9419633,0
ISIC_9420311,0
ISIC_9429943,0
ISIC_9432086,0
ISIC_9434832,0
ISIC_9445977,0
ISIC_9456779,0
ISIC_9478088,0
ISIC_9485124,0
ISIC_9495622,0
ISIC_9505560,0
ISIC_9509757,0
ISIC_9517555,0
ISIC_9543045,0
ISIC_9544832,0
ISIC_9547725,0
ISIC_9556334,0
ISIC_9566132,0
ISIC_9571842,0
ISIC_9572761,0
ISIC_9583969,0
ISIC_9585033,0
ISIC_9585329,0
ISIC_9593940,0
ISIC_9596173,0
ISIC_9596721,0
ISIC_9599992,0
ISIC_9602954,0
ISIC_9626843,0
ISIC_9630889,0
ISIC_9641059,0
ISIC_9662611,0
ISIC_9668338,0
ISIC_9676644,0
ISIC_9677008,0
ISIC_9677503,0
ISIC_9677559,0
ISIC_9678778,0
ISIC_9685931,0
ISIC_9693456,0
ISIC_9724689,0
ISIC_9728499,0
ISIC_9729042,0
ISIC_9752088,0
ISIC_9754098,0
ISIC_9767305,0
ISIC_9770677,0
ISIC_9780632,0
ISIC_9785077,0
ISIC_9786863,0
ISIC_9800841,0
ISIC_9809482,0
ISIC_9820266,0
ISIC_9821002,0
ISIC_9828846,0
ISIC_9842532,0
ISIC_9859873,0
ISIC_9863642,0
ISIC_9866460,0
ISIC_9869190,0
ISIC_9870885,0
ISIC_9875364,0
ISIC_9876533,0
ISIC_9881460,0
ISIC_9895318,0
ISIC_9900191,0
ISIC_9907020,0
ISIC_9908866,0
ISIC_9910791,0
ISIC_9928278,0
ISIC_9930189,0
ISIC_9941666,0
ISIC_9942350,0
ISIC_9951988,0
ISIC_9957368,0
ISIC_9963177,0
ISIC_9967383,0
ISIC_9978107,0
ISIC_9980216,0
ISIC_9992492,0
ISIC_9998682,0
