isic_id,cluster_label
ISIC_0000002,3
ISIC_0000004,3
ISIC_0000013,3
ISIC_0000022,3
ISIC_0000026,3
ISIC_0000029,3
ISIC_0000030,3
ISIC_0000031,3
ISIC_0000035,3
ISIC_0000036,3
ISIC_0000040,3
ISIC_0000046,3
ISIC_0000054,3
ISIC_0000056,3
ISIC_0000070,3
ISIC_0000076,3
ISIC_0000077,3
ISIC_0000078,3
ISIC_0000139,3
ISIC_0000140,3
ISIC_0000141,3
ISIC_0000142,3
ISIC_0000143,3
ISIC_0000144,3
ISIC_0000145,3
ISIC_0000146,3
ISIC_0000147,3
ISIC_0000148,2
ISIC_0000149,3
ISIC_0000150,3
ISIC_0000151,3
ISIC_0000152,3
ISIC_0000153,3
ISIC_0000154,3
ISIC_0000156,3
ISIC_0000157,3
ISIC_0000158,2
ISIC_0000159,3
ISIC_0000163,3
ISIC_0000165,3
ISIC_0000168,3
ISIC_0000169,2
ISIC_0000170,2
ISIC_0000172,3
ISIC_0000175,3
ISIC_0000176,3
ISIC_0000276,3
ISIC_0000277,3
ISIC_0000278,3
ISIC_0000281,3
ISIC_0000282,3
ISIC_0000283,3
ISIC_0000287,3
ISIC_0000290,3
ISIC_0000291,3
ISIC_0000292,3
ISIC_0000294,3
ISIC_0000296,3
ISIC_0000305,3
ISIC_0000390,-1
ISIC_0000393,3
ISIC_0000394,3
ISIC_0000395,3
ISIC_0000398,3
ISIC_0000399,3
ISIC_0000400,3
ISIC_0000401,3
ISIC_0000402,3
ISIC_0000404,3
ISIC_0000405,3
ISIC_0000406,3
ISIC_0000410,3
ISIC_0000411,3
ISIC_0000412,3
ISIC_0000413,3
ISIC_0000414,3
ISIC_0000415,3
ISIC_0000417,3
ISIC_0000420,3
ISIC_0000428,3
ISIC_0000429,3
ISIC_0000432,3
ISIC_0000434,3
ISIC_0000438,3
ISIC_0000440,3
ISIC_0000441,3
ISIC_0000444,3
ISIC_0000445,3
ISIC_0000446,3
ISIC_0000450,3
ISIC_0000459,1
ISIC_0000462,3
ISIC_0000463,3
ISIC_0000466,3
ISIC_0000469,3
ISIC_0000482,3
ISIC_0000484,3
ISIC_0000487,1
ISIC_0000502,1
ISIC_0000511,3
ISIC_0000513,3
ISIC_0000516,1
ISIC_0000517,3
ISIC_0000518,3
ISIC_0000519,3
ISIC_0000520,3
ISIC_0000521,3
ISIC_0000522,3
ISIC_0000531,1
ISIC_0000533,3
ISIC_0000547,1
ISIC_0000548,3
ISIC_0000549,3
ISIC_0000551,3
ISIC_0000552,3
ISIC_0000553,3
ISIC_0000554,3
ISIC_0000555,1
ISIC_0001100,3
ISIC_0001101,3
ISIC_0001102,3
ISIC_0001103,3
ISIC_0001105,3
ISIC_0001106,3
ISIC_0001108,3
ISIC_0001110,-1
ISIC_0001116,3
ISIC_0001118,3
ISIC_0001119,3
ISIC_0001121,3
ISIC_0001124,3
ISIC_0001125,3
ISIC_0001126,3
ISIC_0001127,3
ISIC_0001128,3
ISIC_0001131,3
ISIC_0001132,3
ISIC_0001133,3
ISIC_0001134,3
ISIC_0001135,3
ISIC_0001137,3
ISIC_0001138,3
ISIC_0001140,3
ISIC_0001141,3
ISIC_0001142,3
ISIC_0001143,3
ISIC_0001148,3
ISIC_0001151,3
ISIC_0001152,-1
ISIC_0001154,3
ISIC_0001157,3
ISIC_0009868,3
ISIC_0009882,3
ISIC_0009890,3
ISIC_0009898,3
ISIC_0009905,3
ISIC_0009913,3
ISIC_0009916,3
ISIC_0009918,3
ISIC_0009924,3
ISIC_0009927,3
ISIC_0009934,3
ISIC_0009950,3
ISIC_0009955,3
ISIC_0009960,3
ISIC_0009971,3
ISIC_0009993,-1
ISIC_0010000,3
ISIC_0010007,3
ISIC_0010011,3
ISIC_0010016,3
ISIC_0010023,3
ISIC_0010024,3
ISIC_0010029,3
ISIC_0010034,3
ISIC_0010036,3
ISIC_0010039,3
ISIC_0010049,3
ISIC_0010050,3
ISIC_0010054,-1
ISIC_0010056,3
ISIC_0010067,3
ISIC_0010080,3
ISIC_0010081,3
ISIC_0010089,3
ISIC_0010094,3
ISIC_0010106,3
ISIC_0010119,3
ISIC_0010120,3
ISIC_0010131,-1
ISIC_0010137,3
ISIC_0010140,3
ISIC_0010145,3
ISIC_0010148,3
ISIC_0010162,3
ISIC_0010164,3
ISIC_0010165,3
ISIC_0010171,3
ISIC_0010174,3
ISIC_0010189,3
ISIC_0010194,3
ISIC_0010207,3
ISIC_0010208,3
ISIC_0010210,3
ISIC_0010225,3
ISIC_0010231,3
ISIC_0010235,3
ISIC_0010240,3
ISIC_0010241,1
ISIC_0010245,3
ISIC_0010251,3
ISIC_0010265,3
ISIC_0010271,3
ISIC_0010280,3
ISIC_0010283,3
ISIC_0010288,3
ISIC_0010295,3
ISIC_0010299,3
ISIC_0010313,3
ISIC_0010319,3
ISIC_0010321,3
ISIC_0010322,3
ISIC_0010350,3
ISIC_0010358,3
ISIC_0010360,3
ISIC_0010364,3
ISIC_0010366,3
ISIC_0010369,3
ISIC_0010372,3
ISIC_0010380,3
ISIC_0010392,3
ISIC_0010393,3
ISIC_0010394,3
ISIC_0010396,3
ISIC_0010397,3
ISIC_0010398,3
ISIC_0010400,3
ISIC_0010401,3
ISIC_0010402,3
ISIC_0010407,3
ISIC_0010410,3
ISIC_0010413,3
ISIC_0010415,3
ISIC_0010417,3
ISIC_0010426,3
ISIC_0010432,3
ISIC_0010441,3
ISIC_0010466,3
ISIC_0010468,3
ISIC_0010469,3
ISIC_0010470,3
ISIC_0010476,3
ISIC_0010482,3
ISIC_0010486,3
ISIC_0010495,3
ISIC_0010514,3
ISIC_0010527,3
ISIC_0010532,3
ISIC_0010543,3
ISIC_0010550,3
ISIC_0010551,3
ISIC_0010555,3
ISIC_0010559,3
ISIC_0010564,3
ISIC_0010576,3
ISIC_0010579,3
ISIC_0010583,3
ISIC_0010587,3
ISIC_0010591,3
ISIC_0010596,3
ISIC_0010597,3
ISIC_0010608,3
ISIC_0010609,3
ISIC_0010611,3
ISIC_0010631,3
ISIC_0010644,3
ISIC_0010648,3
ISIC_0010653,3
ISIC_0010655,3
ISIC_0010707,3
ISIC_0010714,3
ISIC_0010723,3
ISIC_0010728,3
ISIC_0010729,3
ISIC_0010741,3
ISIC_0010749,3
ISIC_0010750,3
ISIC_0010757,3
ISIC_0010759,3
ISIC_0010764,3
ISIC_0010765,3
ISIC_0010766,3
ISIC_0010770,3
ISIC_0010772,3
ISIC_0010777,3
ISIC_0010782,3
ISIC_0010784,3
ISIC_0010785,3
ISIC_0010789,3
ISIC_0010790,3
ISIC_0010791,-1
ISIC_0010792,3
ISIC_0010803,3
ISIC_0010808,3
ISIC_0010809,3
ISIC_0010810,-1
ISIC_0010834,3
ISIC_0010852,3
ISIC_0010860,3
ISIC_0010862,3
ISIC_0010863,3
ISIC_0010866,3
ISIC_0010872,3
ISIC_0010876,3
ISIC_0010878,3
ISIC_0010883,-1
ISIC_0010890,3
ISIC_0010898,3
ISIC_0010900,3
ISIC_0010912,3
ISIC_0010917,3
ISIC_0010923,3
ISIC_0010938,3
ISIC_0010942,3
ISIC_0010965,3
ISIC_0010971,3
ISIC_0010977,3
ISIC_0010978,3
ISIC_0010979,3
ISIC_0010982,3
ISIC_0010993,3
ISIC_0010995,3
ISIC_0011007,3
ISIC_0011012,3
ISIC_0011030,3
ISIC_0011031,3
ISIC_0011039,3
ISIC_0011040,3
ISIC_0011042,3
ISIC_0011043,3
ISIC_0011045,3
ISIC_0011052,3
ISIC_0011057,3
ISIC_0011077,3
ISIC_0011099,3
ISIC_0011118,3
ISIC_0011122,3
ISIC_0011128,3
ISIC_0011130,3
ISIC_0011132,3
ISIC_0011135,3
ISIC_0011136,3
ISIC_0011137,3
ISIC_0011138,3
ISIC_0011139,3
ISIC_0011140,3
ISIC_0011151,3
ISIC_0011158,3
ISIC_0011161,3
ISIC_0011163,3
ISIC_0011166,3
ISIC_0011169,3
ISIC_0011176,3
ISIC_0011178,3
ISIC_0011181,3
ISIC_0011187,3
ISIC_0011193,3
ISIC_0011196,3
ISIC_0011209,3
ISIC_0011238,1
ISIC_0011239,3
ISIC_0011247,3
ISIC_0011256,3
ISIC_0011264,3
ISIC_0011267,3
ISIC_0011268,3
ISIC_0011269,3
ISIC_0011273,3
ISIC_0011305,3
ISIC_0011315,3
ISIC_0011337,3
ISIC_0011348,3
ISIC_0011350,3
ISIC_0011356,3
ISIC_0011366,3
ISIC_0011370,3
ISIC_0011374,3
ISIC_0011375,3
ISIC_0011381,3
ISIC_0011387,3
ISIC_0011388,3
ISIC_0011390,3
ISIC_0011391,-1
ISIC_0011399,3
ISIC_0011404,2
ISIC_0011405,2
ISIC_0011428,2
ISIC_0011429,2
ISIC_0011430,2
ISIC_0011434,2
ISIC_0011435,2
ISIC_0011437,2
ISIC_0011438,2
ISIC_0011439,2
ISIC_0011458,2
ISIC_0011460,2
ISIC_0011463,2
ISIC_0011471,2
ISIC_0011474,2
ISIC_0011480,2
ISIC_0011481,2
ISIC_0011482,2
ISIC_0011483,2
ISIC_0011484,2
ISIC_0011485,-1
ISIC_0011486,2
ISIC_0011487,2
ISIC_0011488,2
ISIC_0011489,2
ISIC_0011490,2
ISIC_0011491,2
ISIC_0011492,2
ISIC_0011493,2
ISIC_0011494,2
ISIC_0011501,2
ISIC_0011503,2
ISIC_0011504,2
ISIC_0011505,2
ISIC_0011506,2
ISIC_0011507,2
ISIC_0011508,2
ISIC_0011511,2
ISIC_0011514,2
ISIC_0011515,2
ISIC_0011516,2
ISIC_0011517,2
ISIC_0011518,2
ISIC_0011519,2
ISIC_0011520,2
ISIC_0011526,2
ISIC_0011527,2
ISIC_0011528,2
ISIC_0011529,2
ISIC_0011530,2
ISIC_0011531,2
ISIC_0011534,2
ISIC_0011537,2
ISIC_0011560,3
ISIC_0011566,2
ISIC_0011579,2
ISIC_0011589,2
ISIC_0011590,2
ISIC_0011591,2
ISIC_0011594,2
ISIC_0011610,2
ISIC_0011613,2
ISIC_0011614,2
ISIC_0011615,2
ISIC_0011616,2
ISIC_0011618,3
ISIC_0011628,-1
ISIC_0011649,2
ISIC_0011659,2
ISIC_0011684,2
ISIC_0011691,2
ISIC_0011692,2
ISIC_0011693,2
ISIC_0011694,2
ISIC_0011695,2
ISIC_0011696,2
ISIC_0011697,2
ISIC_0011698,2
ISIC_0011699,2
ISIC_0011700,2
ISIC_0011701,2
ISIC_0011702,2
ISIC_0011703,2
ISIC_0011704,2
ISIC_0011709,2
ISIC_0011710,2
ISIC_0011728,2
ISIC_0011729,2
ISIC_0011736,2
ISIC_0011743,2
ISIC_0011744,2
ISIC_0011758,2
ISIC_0011759,2
ISIC_0011764,2
ISIC_0011770,2
ISIC_0011771,2
ISIC_0011772,2
ISIC_0011773,2
ISIC_0011774,2
ISIC_0011778,2
ISIC_0011780,2
ISIC_0011782,2
ISIC_0011794,2
ISIC_0011797,2
ISIC_0011798,2
ISIC_0011799,2
ISIC_0011801,2
ISIC_0011802,2
ISIC_0011807,2
ISIC_0011808,2
ISIC_0011811,2
ISIC_0011812,2
ISIC_0011845,2
ISIC_0011846,2
ISIC_0011857,2
ISIC_0011858,2
ISIC_0011870,2
ISIC_0011872,-1
ISIC_0011873,-1
ISIC_0011874,-1
ISIC_0011875,-1
ISIC_0011876,-1
ISIC_0011877,-1
ISIC_0011878,-1
ISIC_0011879,-1
ISIC_0011892,2
ISIC_0011895,2
ISIC_0011898,2
ISIC_0011904,2
ISIC_0011921,2
ISIC_0011922,2
ISIC_0011923,-1
ISIC_0011930,2
ISIC_0011931,2
ISIC_0011933,2
ISIC_0011943,3
ISIC_0011944,-1
ISIC_0011947,2
ISIC_0011948,2
ISIC_0011949,2
ISIC_0011950,2
ISIC_0011951,2
ISIC_0011957,-1
ISIC_0011958,3
ISIC_0011975,2
ISIC_0011987,2
ISIC_0011996,2
ISIC_0011998,2
ISIC_0012000,2
ISIC_0012044,2
ISIC_0012047,2
ISIC_0012048,2
ISIC_0012049,2
ISIC_0012060,-1
ISIC_0012063,2
ISIC_0012066,2
ISIC_0012069,2
ISIC_0012081,2
ISIC_0012082,2
ISIC_0012083,3
ISIC_0012099,1
ISIC_0012112,-1
ISIC_0012137,1
ISIC_0012151,-1
ISIC_0012208,1
ISIC_0012258,3
ISIC_0012270,3
ISIC_0012288,1
ISIC_0012290,1
ISIC_0012298,1
ISIC_0012321,1
ISIC_0012348,1
ISIC_0012356,3
ISIC_0012369,1
ISIC_0012382,3
ISIC_0012391,1
ISIC_0012418,1
ISIC_0012425,1
ISIC_0012434,-1
ISIC_0012435,1
ISIC_0012450,1
ISIC_0012471,1
ISIC_0012472,1
ISIC_0012512,1
ISIC_0012571,3
ISIC_0012574,3
ISIC_0012577,3
ISIC_0012580,1
ISIC_0012592,3
ISIC_0012595,3
ISIC_0012610,3
ISIC_0012633,3
ISIC_0012678,1
ISIC_0012701,1
ISIC_0012756,1
ISIC_0012758,3
ISIC_0012843,-1
ISIC_0012887,1
ISIC_0012930,1
ISIC_0012988,1
ISIC_0012989,1
ISIC_0012990,1
ISIC_0013072,1
ISIC_0013073,1
ISIC_0013079,1
ISIC_0013141,-1
ISIC_0013184,1
ISIC_0013198,1
ISIC_0013232,1
ISIC_0013242,1
ISIC_0013258,1
ISIC_0013277,1
ISIC_0013321,1
ISIC_0013334,3
ISIC_0013359,1
ISIC_0013365,1
ISIC_0013374,1
ISIC_0013411,1
ISIC_0013427,1
ISIC_0013429,1
ISIC_0013444,3
ISIC_0013455,1
ISIC_0013457,1
ISIC_0013459,1
ISIC_0013460,3
ISIC_0013472,1
ISIC_0013473,1
ISIC_0013490,1
ISIC_0013491,1
ISIC_0013497,1
ISIC_0013499,1
ISIC_0013500,1
ISIC_0013501,1
ISIC_0013518,1
ISIC_0013525,1
ISIC_0013530,1
ISIC_0013548,1
ISIC_0013549,1
ISIC_0013565,1
ISIC_0013567,1
ISIC_0013572,1
ISIC_0013577,1
ISIC_0013578,1
ISIC_0013579,1
ISIC_0013581,1
ISIC_0013588,1
ISIC_0013594,1
ISIC_0013606,1
ISIC_0013610,1
ISIC_0013615,1
ISIC_0013617,-1
ISIC_0013618,1
ISIC_0013626,1
ISIC_0013634,1
ISIC_0013636,1
ISIC_0013639,1
ISIC_0013646,1
ISIC_0013651,3
ISIC_0013652,1
ISIC_0013663,1
ISIC_0013671,1
ISIC_0013672,1
ISIC_0013696,1
ISIC_0013702,3
ISIC_0013733,1
ISIC_0013736,1
ISIC_0013739,1
ISIC_0013740,1
ISIC_0013744,1
ISIC_0013762,1
ISIC_0013766,1
ISIC_0013767,1
ISIC_0013768,1
ISIC_0013769,1
ISIC_0013775,1
ISIC_0013777,1
ISIC_0013783,1
ISIC_0013813,1
ISIC_0013814,1
ISIC_0013815,1
ISIC_0013831,1
ISIC_0013832,3
ISIC_0013833,1
ISIC_0013839,1
ISIC_0013842,1
ISIC_0013844,1
ISIC_0013845,1
ISIC_0013861,1
ISIC_0013865,1
ISIC_0013867,1
ISIC_0013874,1
ISIC_0013908,1
ISIC_0013917,1
ISIC_0013936,1
ISIC_0013948,1
ISIC_0013953,1
ISIC_0013969,3
ISIC_0013972,-1
ISIC_0013975,3
ISIC_0013984,1
ISIC_0013987,1
ISIC_0013988,1
ISIC_0013992,1
ISIC_0013995,1
ISIC_0013997,1
ISIC_0014013,1
ISIC_0014037,3
ISIC_0014044,1
ISIC_0014049,1
ISIC_0014059,1
ISIC_0014061,1
ISIC_0014062,1
ISIC_0014072,1
ISIC_0014076,1
ISIC_0014077,1
ISIC_0014079,3
ISIC_0014082,1
ISIC_0014086,1
ISIC_0014088,1
ISIC_0014091,1
ISIC_0014092,1
ISIC_0014099,3
ISIC_0014103,1
ISIC_0014108,1
ISIC_0014110,1
ISIC_0014127,1
ISIC_0014129,1
ISIC_0014132,1
ISIC_0014133,1
ISIC_0014144,1
ISIC_0014148,1
ISIC_0014151,1
ISIC_0014156,1
ISIC_0014157,1
ISIC_0014160,1
ISIC_0014163,1
ISIC_0014165,1
ISIC_0014171,1
ISIC_0014173,1
ISIC_0014181,1
ISIC_0014183,1
ISIC_0014186,1
ISIC_0014187,1
ISIC_0014189,1
ISIC_0014190,1
ISIC_0014217,1
ISIC_0014219,1
ISIC_0014222,3
ISIC_0014229,1
ISIC_0014233,1
ISIC_0014238,1
ISIC_0014249,1
ISIC_0014270,1
ISIC_0014284,1
ISIC_0014288,1
ISIC_0014289,3
ISIC_0014290,-1
ISIC_0014291,-1
ISIC_0014302,1
ISIC_0014308,1
ISIC_0014316,1
ISIC_0014319,1
ISIC_0014324,1
ISIC_0014325,1
ISIC_0014327,1
ISIC_0014331,1
ISIC_0014336,1
ISIC_0014337,1
ISIC_0014347,1
ISIC_0014349,1
ISIC_0014357,1
ISIC_0014360,1
ISIC_0014361,1
ISIC_0014366,1
ISIC_0014369,1
ISIC_0014372,1
ISIC_0014377,1
ISIC_0014385,1
ISIC_0014395,1
ISIC_0014400,1
ISIC_0014422,1
ISIC_0014423,1
ISIC_0014428,1
ISIC_0014434,1
ISIC_0014454,1
ISIC_0014476,1
ISIC_0014478,1
ISIC_0014480,1
ISIC_0014486,1
ISIC_0014489,1
ISIC_0014501,1
ISIC_0014506,1
ISIC_0014507,1
ISIC_0014513,1
ISIC_0014525,1
ISIC_0014527,1
ISIC_0014541,1
ISIC_0014543,1
ISIC_0014545,1
ISIC_0014546,1
ISIC_0014548,3
ISIC_0014557,1
ISIC_0014558,1
ISIC_0014559,1
ISIC_0014663,2
ISIC_0014666,2
ISIC_0014671,2
ISIC_0014681,2
ISIC_0014688,2
ISIC_0014689,2
ISIC_0014690,2
ISIC_0014703,2
ISIC_0014722,2
ISIC_0014727,2
ISIC_0014766,2
ISIC_0014772,2
ISIC_0014784,2
ISIC_0014788,2
ISIC_0014790,3
ISIC_0014795,2
ISIC_0014800,2
ISIC_0014809,2
ISIC_0014813,2
ISIC_0014826,3
ISIC_0014832,2
ISIC_0014852,2
ISIC_0014857,2
ISIC_0014858,2
ISIC_0014862,2
ISIC_0014864,2
ISIC_0014871,2
ISIC_0014872,2
ISIC_0014873,2
ISIC_0014874,2
ISIC_0014877,2
ISIC_0014880,2
ISIC_0014883,3
ISIC_0014891,2
ISIC_0014892,2
ISIC_0014893,2
ISIC_0014897,2
ISIC_0014900,2
ISIC_0014912,2
ISIC_0014918,-1
ISIC_0014919,3
ISIC_0014920,3
ISIC_0014924,2
ISIC_0014928,-1
ISIC_0014931,2
ISIC_0014935,2
ISIC_0014951,2
ISIC_0014953,2
ISIC_0014963,2
ISIC_0014970,2
ISIC_0014975,-1
ISIC_0014979,2
ISIC_0014980,2
ISIC_0014982,2
ISIC_0014983,2
ISIC_0014985,3
ISIC_0014987,2
ISIC_0014999,2
ISIC_0015004,-1
ISIC_0015005,2
ISIC_0015041,2
ISIC_0015045,2
ISIC_0015050,-1
ISIC_0015065,2
ISIC_0015067,-1
ISIC_0015073,2
ISIC_0015079,2
ISIC_0015082,2
ISIC_0015083,2
ISIC_0015088,2
ISIC_0015096,2
ISIC_0015106,2
ISIC_0015109,2
ISIC_0015114,2
ISIC_0015115,-1
ISIC_0015116,2
ISIC_0015119,2
ISIC_0015120,2
ISIC_0015122,2
ISIC_0015124,3
ISIC_0015127,2
ISIC_0015128,3
ISIC_0015132,2
ISIC_0015133,3
ISIC_0015136,2
ISIC_0015141,2
ISIC_0015142,2
ISIC_0015143,2
ISIC_0015145,2
ISIC_0015156,2
ISIC_0015163,2
ISIC_0015166,2
ISIC_0015167,3
ISIC_0015169,3
ISIC_0015178,-1
ISIC_0015180,2
ISIC_0015185,2
ISIC_0015189,2
ISIC_0015190,2
ISIC_0015191,2
ISIC_0015192,2
ISIC_0015193,2
ISIC_0015194,2
ISIC_0015196,3
ISIC_0015197,3
ISIC_0015204,2
ISIC_0015205,2
ISIC_0015206,2
ISIC_0015213,2
ISIC_0015219,2
ISIC_0015228,3
ISIC_0015229,2
ISIC_0015230,2
ISIC_0015236,-1
ISIC_0015243,-1
ISIC_0015246,2
ISIC_0015248,2
ISIC_0015251,2
ISIC_0015256,2
ISIC_0015266,2
ISIC_0015277,2
ISIC_0015284,-1
ISIC_0015288,2
ISIC_0015289,2
ISIC_0015314,2
ISIC_0015316,3
ISIC_0015317,2
ISIC_0015318,2
ISIC_0015332,3
ISIC_0015336,2
ISIC_0015343,2
ISIC_0015356,2
ISIC_0015377,3
ISIC_0015433,2
ISIC_0015434,2
ISIC_0015441,-1
ISIC_0015442,3
ISIC_0015457,-1
ISIC_0015458,-1
ISIC_0015477,2
ISIC_0015503,3
ISIC_0015508,2
ISIC_0015514,3
ISIC_0015517,3
ISIC_0015519,3
ISIC_0015522,2
ISIC_0015523,2
ISIC_0015533,2
ISIC_0015565,2
ISIC_0015575,2
ISIC_0015595,2
ISIC_0015608,2
ISIC_0015619,3
ISIC_0016080,1
ISIC_0016081,1
ISIC_0016082,1
ISIC_0016084,1
ISIC_0016085,1
ISIC_0016092,1
ISIC_0016094,3
ISIC_0016112,1
ISIC_0016114,3
ISIC_0016123,1
ISIC_0016127,1
ISIC_0016128,1
ISIC_0016131,3
ISIC_0016133,3
ISIC_0016137,1
ISIC_0016139,1
ISIC_0016145,1
ISIC_0016153,1
ISIC_0016161,1
ISIC_0016162,3
ISIC_0016438,3
ISIC_0016911,3
ISIC_0017350,3
ISIC_0017399,3
ISIC_0017411,3
ISIC_0017414,3
ISIC_0017415,3
ISIC_0017422,3
ISIC_0017428,3
ISIC_0017431,3
ISIC_0017434,3
ISIC_0017436,3
ISIC_0017443,3
ISIC_0017448,2
ISIC_0017451,3
ISIC_0017453,3
ISIC_0017455,3
ISIC_0017460,3
ISIC_0017485,3
ISIC_0017486,3
ISIC_0017856,3
ISIC_0018039,3
ISIC_0018040,3
ISIC_0019315,3
ISIC_0019334,3
ISIC_0019335,3
ISIC_0019432,3
ISIC_0020491,3
ISIC_0020963,3
ISIC_0020975,3
ISIC_0020977,3
ISIC_0020978,3
ISIC_0020985,3
ISIC_0020986,3
ISIC_0020987,3
ISIC_0020988,3
ISIC_0020998,3
ISIC_0021009,3
ISIC_0021020,3
ISIC_0021094,3
ISIC_0021095,3
ISIC_0021125,3
ISIC_0021136,3
ISIC_0021147,3
ISIC_0021155,3
ISIC_0021162,3
ISIC_0021166,3
ISIC_0021167,3
ISIC_0021168,3
ISIC_0021172,3
ISIC_0021187,3
ISIC_0021188,3
ISIC_0021189,3
ISIC_0021194,3
ISIC_0021205,3
ISIC_0021271,3
ISIC_0021282,3
ISIC_0021293,3
ISIC_0021295,3
ISIC_0021296,3
ISIC_0021297,3
ISIC_0021328,3
ISIC_0021329,3
ISIC_0021330,3
ISIC_0021339,3
ISIC_0021340,-1
ISIC_0021341,3
ISIC_0021382,3
ISIC_0021383,3
ISIC_0021384,3
ISIC_0021390,3
ISIC_0021391,3
ISIC_0021399,3
ISIC_0021400,3
ISIC_0021401,3
ISIC_0021405,3
ISIC_0021407,3
ISIC_0021408,3
ISIC_0021426,3
ISIC_0021427,3
ISIC_0021428,3
ISIC_0021432,3
ISIC_0021434,3
ISIC_0021435,3
ISIC_0021439,3
ISIC_0021440,3
ISIC_0021441,3
ISIC_0021442,3
ISIC_0021443,3
ISIC_0021446,3
ISIC_0021473,3
ISIC_0021474,3
ISIC_0021475,3
ISIC_0021480,3
ISIC_0021481,3
ISIC_0021482,3
ISIC_0021491,3
ISIC_0021492,3
ISIC_0021493,3
ISIC_0021497,3
ISIC_0021498,3
ISIC_0021500,3
ISIC_0021530,3
ISIC_0021531,3
ISIC_0021533,3
ISIC_0021534,3
ISIC_0021535,3
ISIC_0021536,3
ISIC_0021542,3
ISIC_0021543,3
ISIC_0021544,3
ISIC_0021611,3
ISIC_0021622,3
ISIC_0021627,3
ISIC_0021646,3
ISIC_0021647,3
ISIC_0021648,3
ISIC_0021687,3
ISIC_0021688,3
ISIC_0021689,3
ISIC_0021706,3
ISIC_0021708,3
ISIC_0021709,3
ISIC_0021710,3
ISIC_0021711,3
ISIC_0021713,3
ISIC_0021728,3
ISIC_0021729,3
ISIC_0021730,3
ISIC_0021745,3
ISIC_0021746,3
ISIC_0021747,3
ISIC_0021768,3
ISIC_0021770,3
ISIC_0021771,3
ISIC_0021772,3
ISIC_0021780,3
ISIC_0021781,3
ISIC_0021782,3
ISIC_0021783,3
ISIC_0021784,3
ISIC_0021785,3
ISIC_0021786,3
ISIC_0021787,3
ISIC_0021789,3
ISIC_0021800,3
ISIC_0021801,3
ISIC_0021802,3
ISIC_0021803,3
ISIC_0021804,3
ISIC_0021805,3
ISIC_0021816,3
ISIC_0021818,3
ISIC_0021819,3
ISIC_0021850,3
ISIC_0021851,3
ISIC_0021896,3
ISIC_0021897,3
ISIC_0021898,3
ISIC_0021899,3
ISIC_0021900,3
ISIC_0021901,3
ISIC_0021908,3
ISIC_0021917,3
ISIC_0021921,3
ISIC_0021925,3
ISIC_0021926,3
ISIC_0021927,3
ISIC_0021967,3
ISIC_0021969,3
ISIC_0021970,3
ISIC_0021971,3
ISIC_0021972,3
ISIC_0021973,3
ISIC_0021974,3
ISIC_0021975,3
ISIC_0021976,3
ISIC_0021977,3
ISIC_0021978,3
ISIC_0021979,3
ISIC_0021980,3
ISIC_0021981,3
ISIC_0021985,3
ISIC_0021996,3
ISIC_0021997,3
ISIC_0022000,3
ISIC_0022003,3
ISIC_0022009,3
ISIC_0022010,3
ISIC_0022011,3
ISIC_0022012,3
ISIC_0022013,3
ISIC_0022022,3
ISIC_0022048,3
ISIC_0022059,3
ISIC_0022066,3
ISIC_0022067,3
ISIC_0022068,3
ISIC_0022069,3
ISIC_0022070,3
ISIC_0022071,3
ISIC_0022073,3
ISIC_0022075,3
ISIC_0022076,3
ISIC_0022077,3
ISIC_0022078,3
ISIC_0022079,3
ISIC_0022080,3
ISIC_0022081,3
ISIC_0022082,3
ISIC_0022083,3
ISIC_0022102,3
ISIC_0022113,3
ISIC_0022123,3
ISIC_0022124,3
ISIC_0022125,3
ISIC_0022154,3
ISIC_0022155,3
ISIC_0022156,3
ISIC_0022157,3
ISIC_0022180,3
ISIC_0022195,3
ISIC_0022196,3
ISIC_0022197,3
ISIC_0022198,3
ISIC_0022199,3
ISIC_0022245,3
ISIC_0022246,3
ISIC_0022254,3
ISIC_0022255,3
ISIC_0022256,3
ISIC_0022286,3
ISIC_0022304,3
ISIC_0022305,3
ISIC_0022306,3
ISIC_0022307,3
ISIC_0022308,3
ISIC_0022311,3
ISIC_0022312,3
ISIC_0022313,3
ISIC_0022314,3
ISIC_0022315,3
ISIC_0022316,3
ISIC_0022317,3
ISIC_0022318,3
ISIC_0022319,3
ISIC_0022321,3
ISIC_0022322,3
ISIC_0022327,3
ISIC_0022328,3
ISIC_0022329,3
ISIC_0022330,3
ISIC_0022332,3
ISIC_0022338,3
ISIC_0022339,3
ISIC_0022340,3
ISIC_0022378,3
ISIC_0022379,3
ISIC_0022380,3
ISIC_0022381,3
ISIC_0022382,3
ISIC_0022383,3
ISIC_0022384,3
ISIC_0022385,3
ISIC_0022397,3
ISIC_0022398,3
ISIC_0022399,3
ISIC_0022437,3
ISIC_0022439,3
ISIC_0022440,3
ISIC_0022442,3
ISIC_0022463,3
ISIC_0022474,3
ISIC_0022570,3
ISIC_0022571,3
ISIC_0022572,3
ISIC_0022573,3
ISIC_0022574,3
ISIC_0022597,3
ISIC_0022601,3
ISIC_0022602,3
ISIC_0022603,3
ISIC_0022604,3
ISIC_0022615,3
ISIC_0022616,3
ISIC_0022617,3
ISIC_0022624,3
ISIC_0022660,3
ISIC_0022679,3
ISIC_0022682,3
ISIC_0022683,3
ISIC_0022684,3
ISIC_0022685,3
ISIC_0022686,3
ISIC_0022783,3
ISIC_0022793,3
ISIC_0022794,3
ISIC_0022796,3
ISIC_0022797,3
ISIC_0022798,3
ISIC_0022799,3
ISIC_0022894,3
ISIC_0023021,3
ISIC_0023022,3
ISIC_0023023,3
ISIC_0023025,3
ISIC_0023026,3
ISIC_0023042,3
ISIC_0023043,3
ISIC_0023044,3
ISIC_0023045,3
ISIC_0023047,3
ISIC_0023048,3
ISIC_0023049,3
ISIC_0023050,3
ISIC_0023051,3
ISIC_0023052,3
ISIC_0023053,3
ISIC_0023054,3
ISIC_0023103,-1
ISIC_0023104,-1
ISIC_0023105,-1
ISIC_0023106,-1
ISIC_0023107,-1
ISIC_0023108,-1
ISIC_0023109,-1
ISIC_0023110,-1
ISIC_0023111,-1
ISIC_0023116,3
ISIC_0023117,3
ISIC_0023119,3
ISIC_0023130,-1
ISIC_0023131,-1
ISIC_0023132,3
ISIC_0023133,-1
ISIC_0023161,3
ISIC_0023163,3
ISIC_0023164,3
ISIC_0023165,3
ISIC_0023236,3
ISIC_0023262,3
ISIC_0023264,3
ISIC_0023265,3
ISIC_0023266,3
ISIC_0023267,3
ISIC_0023268,3
ISIC_0023269,3
ISIC_0023270,3
ISIC_0023271,3
ISIC_0023272,3
ISIC_0023273,3
ISIC_0023275,3
ISIC_0023276,3
ISIC_0023277,3
ISIC_0023278,3
ISIC_0023279,3
ISIC_0023280,3
ISIC_0023281,3
ISIC_0023282,3
ISIC_0023283,3
ISIC_0023284,3
ISIC_0023286,3
ISIC_0023287,3
ISIC_0023288,3
ISIC_0023289,3
ISIC_0023290,3
ISIC_0023291,3
ISIC_0023292,3
ISIC_0023293,3
ISIC_0023294,3
ISIC_0023295,3
ISIC_0023296,3
ISIC_0023297,3
ISIC_0023298,3
ISIC_0023299,3
ISIC_0023300,3
ISIC_0023301,3
ISIC_0023302,3
ISIC_0023303,3
ISIC_0023304,3
ISIC_0023305,3
ISIC_0023306,3
ISIC_0023307,3
ISIC_0023308,3
ISIC_0023309,3
ISIC_0023310,3
ISIC_0023311,3
ISIC_0023312,3
ISIC_0023313,3
ISIC_0023314,3
ISIC_0023315,3
ISIC_0023316,3
ISIC_0023317,3
ISIC_0023318,3
ISIC_0023320,3
ISIC_0023321,3
ISIC_0023322,3
ISIC_0023323,3
ISIC_0023324,3
ISIC_0023325,3
ISIC_0023326,3
ISIC_0023327,3
ISIC_0023328,3
ISIC_0023329,3
ISIC_0023331,3
ISIC_0023364,3
ISIC_0023365,3
ISIC_0023366,3
ISIC_0023367,-1
ISIC_0023368,-1
ISIC_0023369,-1
ISIC_0023370,3
ISIC_0023371,3
ISIC_0023372,3
ISIC_0023374,3
ISIC_0023375,3
ISIC_0023376,3
ISIC_0023377,3
ISIC_0023395,3
ISIC_0023396,3
ISIC_0023397,3
ISIC_0023398,3
ISIC_0023399,3
ISIC_0023427,3
ISIC_0023438,3
ISIC_0023458,3
ISIC_0023459,3
ISIC_0023460,3
ISIC_0023461,3
ISIC_0023462,3
ISIC_0023463,3
ISIC_0023464,3
ISIC_0023465,3
ISIC_0023466,3
ISIC_0023467,3
ISIC_0023469,3
ISIC_0023482,-1
ISIC_0023483,-1
ISIC_0023484,-1
ISIC_0023485,-1
ISIC_0023486,-1
ISIC_0023488,-1
ISIC_0023489,-1
ISIC_0023490,-1
ISIC_0023491,-1
ISIC_0023492,3
ISIC_0023493,3
ISIC_0023494,3
ISIC_0023495,3
ISIC_0023496,3
ISIC_0023497,3
ISIC_0023500,3
ISIC_0023502,3
ISIC_0023503,3
ISIC_0023504,3
ISIC_0023505,3
ISIC_0023506,3
ISIC_0023507,3
ISIC_0023508,3
ISIC_0023509,3
ISIC_0023511,3
ISIC_0023512,3
ISIC_0023513,3
ISIC_0023514,3
ISIC_0023515,3
ISIC_0023516,3
ISIC_0023517,3
ISIC_0023518,3
ISIC_0023519,3
ISIC_0023524,-1
ISIC_0023525,1
ISIC_0023526,1
ISIC_0023529,3
ISIC_0023530,3
ISIC_0023531,3
ISIC_0023553,3
ISIC_0023554,3
ISIC_0023561,3
ISIC_0023574,1
ISIC_0023575,1
ISIC_0023594,1
ISIC_0023596,1
ISIC_0023597,1
ISIC_0023604,1
ISIC_0023606,1
ISIC_0023608,3
ISIC_0023620,3
ISIC_0023631,3
ISIC_0023634,3
ISIC_0023635,-1
ISIC_0023636,3
ISIC_0023637,-1
ISIC_0023638,3
ISIC_0023639,3
ISIC_0023640,3
ISIC_0023641,3
ISIC_0023642,3
ISIC_0023643,3
ISIC_0023644,3
ISIC_0023645,3
ISIC_0023646,3
ISIC_0023647,3
ISIC_0023648,3
ISIC_0023669,3
ISIC_0023670,3
ISIC_0023671,3
ISIC_0023675,3
ISIC_0023685,3
ISIC_0023705,3
ISIC_0023706,3
ISIC_0023707,3
ISIC_0023708,3
ISIC_0023711,3
ISIC_0023712,3
ISIC_0023744,3
ISIC_0023747,3
ISIC_0023755,3
ISIC_0023762,3
ISIC_0023763,3
ISIC_0023764,3
ISIC_0023765,3
ISIC_0023766,3
ISIC_0023767,3
ISIC_0023769,3
ISIC_0023770,3
ISIC_0023771,3
ISIC_0023786,3
ISIC_0023787,3
ISIC_0023806,3
ISIC_0023807,3
ISIC_0023808,3
ISIC_0023809,3
ISIC_0023811,3
ISIC_0023812,3
ISIC_0023836,3
ISIC_0023837,3
ISIC_0023838,3
ISIC_0023839,3
ISIC_0023843,3
ISIC_0023853,3
ISIC_0023854,3
ISIC_0023855,3
ISIC_0023856,3
ISIC_0023890,3
ISIC_0023891,3
ISIC_0023893,3
ISIC_0023900,3
ISIC_0023901,3
ISIC_0023902,3
ISIC_0023903,3
ISIC_0023923,3
ISIC_0023924,3
ISIC_0023925,3
ISIC_0024005,3
ISIC_0024015,3
ISIC_0024016,3
ISIC_0024018,3
ISIC_0024032,3
ISIC_0024033,3
ISIC_0024034,3
ISIC_0024072,3
ISIC_0024083,3
ISIC_0024085,3
ISIC_0024086,3
ISIC_0024087,3
ISIC_0024091,3
ISIC_0024095,3
ISIC_0024096,3
ISIC_0024097,3
ISIC_0024108,3
ISIC_0024109,3
ISIC_0024112,3
ISIC_0024119,3
ISIC_0024120,3
ISIC_0024121,3
ISIC_0024193,3
ISIC_0024194,3
ISIC_0024195,3
ISIC_0024313,3
ISIC_0024315,3
ISIC_0024351,3
ISIC_0024481,3
ISIC_0024537,3
ISIC_0024546,3
ISIC_0024586,3
ISIC_0024624,3
ISIC_0024644,3
ISIC_0024675,3
ISIC_0024688,3
ISIC_0024733,3
ISIC_0024792,3
ISIC_0024806,3
ISIC_0024865,3
ISIC_0024886,3
ISIC_0024898,3
ISIC_0024900,3
ISIC_0024911,3
ISIC_0024918,3
ISIC_0024932,3
ISIC_0024952,3
ISIC_0024972,3
ISIC_0025018,3
ISIC_0025035,3
ISIC_0025081,3
ISIC_0025085,3
ISIC_0025127,3
ISIC_0025128,3
ISIC_0025155,3
ISIC_0025219,3
ISIC_0025235,3
ISIC_0025238,3
ISIC_0025265,3
ISIC_0025316,3
ISIC_0025409,3
ISIC_0025451,3
ISIC_0025489,3
ISIC_0025550,3
ISIC_0025573,3
ISIC_0025589,3
ISIC_0025592,3
ISIC_0025603,3
ISIC_0025611,3
ISIC_0025663,3
ISIC_0025674,3
ISIC_0025708,3
ISIC_0025724,3
ISIC_0025748,3
ISIC_0025751,3
ISIC_0025766,3
ISIC_0025783,3
ISIC_0025791,3
ISIC_0025832,3
ISIC_0025835,3
ISIC_0025891,3
ISIC_0025904,3
ISIC_0025941,3
ISIC_0025963,2
ISIC_0025964,3
ISIC_0026009,3
ISIC_0026081,3
ISIC_0026105,3
ISIC_0026113,3
ISIC_0026115,3
ISIC_0026150,3
ISIC_0026207,3
ISIC_0026229,3
ISIC_0026236,3
ISIC_0026239,3
ISIC_0026247,3
ISIC_0026258,3
ISIC_0026296,3
ISIC_0026314,3
ISIC_0026352,3
ISIC_0026360,3
ISIC_0026475,3
ISIC_0026506,3
ISIC_0026516,3
ISIC_0026596,3
ISIC_0026604,3
ISIC_0026622,3
ISIC_0026694,3
ISIC_0026746,3
ISIC_0026770,3
ISIC_0026774,3
ISIC_0026802,3
ISIC_0026897,3
ISIC_0026930,3
ISIC_0026954,3
ISIC_0026963,3
ISIC_0026993,3
ISIC_0026996,3
ISIC_0027043,3
ISIC_0027089,3
ISIC_0027105,3
ISIC_0027125,3
ISIC_0027171,3
ISIC_0027174,3
ISIC_0027260,3
ISIC_0027261,3
ISIC_0027263,3
ISIC_0027282,2
ISIC_0027327,3
ISIC_0027359,3
ISIC_0027387,3
ISIC_0027402,3
ISIC_0027407,3
ISIC_0027436,3
ISIC_0027480,3
ISIC_0027487,3
ISIC_0027502,3
ISIC_0027507,3
ISIC_0027517,3
ISIC_0027561,3
ISIC_0027604,3
ISIC_0027616,3
ISIC_0027620,3
ISIC_0027622,3
ISIC_0027659,3
ISIC_0027693,3
ISIC_0027769,3
ISIC_0027793,3
ISIC_0027797,3
ISIC_0027832,3
ISIC_0027863,3
ISIC_0027900,3
ISIC_0027956,3
ISIC_0028003,3
ISIC_0028017,3
ISIC_0028022,3
ISIC_0028029,3
ISIC_0028033,3
ISIC_0028041,3
ISIC_0028056,3
ISIC_0028065,3
ISIC_0028069,3
ISIC_0028103,3
ISIC_0028109,3
ISIC_0028215,3
ISIC_0028219,3
ISIC_0028225,3
ISIC_0028306,3
ISIC_0028325,3
ISIC_0028326,3
ISIC_0028460,3
ISIC_0028467,3
ISIC_0028489,3
ISIC_0028493,3
ISIC_0028537,3
ISIC_0028565,3
ISIC_0028567,3
ISIC_0028579,3
ISIC_0028685,3
ISIC_0028696,3
ISIC_0028718,3
ISIC_0028760,3
ISIC_0028860,3
ISIC_0028901,3
ISIC_0028915,3
ISIC_0028929,3
ISIC_0028930,3
ISIC_0028965,3
ISIC_0029013,3
ISIC_0029017,3
ISIC_0029028,3
ISIC_0029033,3
ISIC_0029056,3
ISIC_0029170,3
ISIC_0029242,3
ISIC_0029272,3
ISIC_0029318,3
ISIC_0029343,3
ISIC_0029397,3
ISIC_0029434,3
ISIC_0029480,3
ISIC_0029495,3
ISIC_0029513,3
ISIC_0029538,3
ISIC_0029570,3
ISIC_0029571,3
ISIC_0029606,3
ISIC_0029651,3
ISIC_0029652,3
ISIC_0029660,3
ISIC_0029698,3
ISIC_0029839,3
ISIC_0029859,3
ISIC_0029885,3
ISIC_0029913,3
ISIC_0030002,3
ISIC_0030034,3
ISIC_0030047,3
ISIC_0030083,3
ISIC_0030089,3
ISIC_0030122,3
ISIC_0030134,3
ISIC_0030171,3
ISIC_0030183,3
ISIC_0030192,2
ISIC_0030255,3
ISIC_0030281,3
ISIC_0030356,3
ISIC_0030366,3
ISIC_0030391,3
ISIC_0030440,3
ISIC_0030445,3
ISIC_0030501,3
ISIC_0030507,3
ISIC_0030512,3
ISIC_0030521,3
ISIC_0030539,3
ISIC_0030552,3
ISIC_0030575,3
ISIC_0030623,3
ISIC_0030653,3
ISIC_0030689,3
ISIC_0030747,3
ISIC_0030795,3
ISIC_0030818,3
ISIC_0030828,3
ISIC_0030898,3
ISIC_0030951,3
ISIC_0031025,3
ISIC_0031034,3
ISIC_0031177,3
ISIC_0031186,3
ISIC_0031189,3
ISIC_0031295,3
ISIC_0031369,3
ISIC_0031386,3
ISIC_0031389,3
ISIC_0031406,3
ISIC_0031408,3
ISIC_0031417,3
ISIC_0031498,3
ISIC_0031529,3
ISIC_0031545,3
ISIC_0031557,3
ISIC_0031586,3
ISIC_0031598,3
ISIC_0031642,3
ISIC_0031709,3
ISIC_0031741,3
ISIC_0031745,3
ISIC_0031746,3
ISIC_0031779,3
ISIC_0031784,3
ISIC_0031821,3
ISIC_0031844,3
ISIC_0031908,3
ISIC_0031915,3
ISIC_0031953,3
ISIC_0031957,3
ISIC_0031958,3
ISIC_0031972,3
ISIC_0031977,3
ISIC_0031999,3
ISIC_0032019,3
ISIC_0032036,3
ISIC_0032044,3
ISIC_0032046,3
ISIC_0032095,3
ISIC_0032098,3
ISIC_0032190,3
ISIC_0032204,3
ISIC_0032219,3
ISIC_0032232,3
ISIC_0032245,3
ISIC_0032287,3
ISIC_0032313,3
ISIC_0032425,3
ISIC_0032433,3
ISIC_0032441,3
ISIC_0032450,3
ISIC_0032462,3
ISIC_0032509,3
ISIC_0032517,3
ISIC_0032526,3
ISIC_0032532,3
ISIC_0032533,3
ISIC_0032544,3
ISIC_0032547,3
ISIC_0032550,3
ISIC_0032552,3
ISIC_0032559,3
ISIC_0032569,3
ISIC_0032592,3
ISIC_0032596,3
ISIC_0032598,3
ISIC_0032602,3
ISIC_0032603,3
ISIC_0032610,3
ISIC_0032617,3
ISIC_0032622,3
ISIC_0032624,3
ISIC_0032626,3
ISIC_0032638,3
ISIC_0032645,3
ISIC_0032653,3
ISIC_0032656,3
ISIC_0032662,3
ISIC_0032672,3
ISIC_0032684,3
ISIC_0032685,3
ISIC_0032716,3
ISIC_0032718,3
ISIC_0032723,3
ISIC_0032724,3
ISIC_0032736,3
ISIC_0032750,3
ISIC_0032751,3
ISIC_0032766,3
ISIC_0032797,3
ISIC_0032807,3
ISIC_0032810,3
ISIC_0032836,3
ISIC_0032841,3
ISIC_0032844,3
ISIC_0032845,3
ISIC_0032847,3
ISIC_0032856,3
ISIC_0032862,3
ISIC_0032869,3
ISIC_0032870,3
ISIC_0032875,3
ISIC_0032887,3
ISIC_0032888,3
ISIC_0032903,3
ISIC_0032917,3
ISIC_0032921,3
ISIC_0032925,3
ISIC_0032981,3
ISIC_0032982,3
ISIC_0032984,3
ISIC_0033017,3
ISIC_0033024,3
ISIC_0033047,3
ISIC_0033068,3
ISIC_0033081,3
ISIC_0033103,3
ISIC_0033120,-1
ISIC_0033125,3
ISIC_0033141,3
ISIC_0033152,3
ISIC_0033166,3
ISIC_0033171,3
ISIC_0033174,3
ISIC_0033175,3
ISIC_0033180,3
ISIC_0033186,3
ISIC_0033193,3
ISIC_0033196,3
ISIC_0033216,3
ISIC_0033239,3
ISIC_0033241,3
ISIC_0033268,3
ISIC_0033275,3
ISIC_0033278,3
ISIC_0033279,3
ISIC_0033300,3
ISIC_0033302,3
ISIC_0033304,3
ISIC_0033312,3
ISIC_0033317,3
ISIC_0033320,3
ISIC_0033323,3
ISIC_0033333,3
ISIC_0033336,3
ISIC_0033362,3
ISIC_0033368,3
ISIC_0033369,3
ISIC_0033377,3
ISIC_0033387,3
ISIC_0033393,3
ISIC_0033394,3
ISIC_0033405,3
ISIC_0033415,3
ISIC_0033416,3
ISIC_0033424,3
ISIC_0033429,3
ISIC_0033432,3
ISIC_0033444,3
ISIC_0033452,3
ISIC_0033469,3
ISIC_0033470,3
ISIC_0033485,3
ISIC_0033487,3
ISIC_0033496,3
ISIC_0033500,3
ISIC_0033524,3
ISIC_0033534,3
ISIC_0033545,3
ISIC_0033546,3
ISIC_0033560,3
ISIC_0033568,3
ISIC_0033573,3
ISIC_0033595,3
ISIC_0033603,3
ISIC_0033607,3
ISIC_0033612,3
ISIC_0033619,3
ISIC_0033624,3
ISIC_0033638,3
ISIC_0033644,3
ISIC_0033651,3
ISIC_0033662,3
ISIC_0033687,3
ISIC_0033696,3
ISIC_0033700,3
ISIC_0033704,3
ISIC_0033717,3
ISIC_0033752,3
ISIC_0033779,3
ISIC_0033801,3
ISIC_0033802,3
ISIC_0033804,3
ISIC_0033805,3
ISIC_0033813,3
ISIC_0033819,3
ISIC_0033848,3
ISIC_0033871,3
ISIC_0033872,3
ISIC_0033881,3
ISIC_0033883,3
ISIC_0033886,3
ISIC_0033893,3
ISIC_0033901,3
ISIC_0033905,3
ISIC_0033911,3
ISIC_0033925,3
ISIC_0033938,3
ISIC_0033946,3
ISIC_0033956,3
ISIC_0033957,3
ISIC_0033962,3
ISIC_0033968,3
ISIC_0033975,3
ISIC_0033977,3
ISIC_0033980,3
ISIC_0033981,3
ISIC_0033985,3
ISIC_0033995,3
ISIC_0034002,3
ISIC_0034005,3
ISIC_0034006,3
ISIC_0034012,3
ISIC_0034046,3
ISIC_0034048,3
ISIC_0034051,3
ISIC_0034052,3
ISIC_0034061,3
ISIC_0034064,3
ISIC_0034068,3
ISIC_0034071,3
ISIC_0034076,3
ISIC_0034085,3
ISIC_0034094,3
ISIC_0034100,3
ISIC_0034104,3
ISIC_0034107,3
ISIC_0034117,3
ISIC_0034118,3
ISIC_0034120,3
ISIC_0034134,3
ISIC_0034140,3
ISIC_0034145,3
ISIC_0034150,3
ISIC_0034172,3
ISIC_0034183,3
ISIC_0034205,-1
ISIC_0034211,3
ISIC_0034222,3
ISIC_0034233,3
ISIC_0034236,3
ISIC_0034246,3
ISIC_0034256,3
ISIC_0034262,3
ISIC_0034269,3
ISIC_0034287,3
ISIC_0034289,3
ISIC_0034317,3
ISIC_0034343,3
ISIC_0034398,3
ISIC_0034446,3
ISIC_0034472,3
ISIC_0034477,3
ISIC_0034482,3
ISIC_0034492,3
ISIC_0034572,3
ISIC_0034605,3
ISIC_0034630,3
ISIC_0034784,3
ISIC_0034873,3
ISIC_0034882,3
ISIC_0034904,3
ISIC_0034934,3
ISIC_0034971,3
ISIC_0035000,1
ISIC_0035021,3
ISIC_0035047,3
ISIC_0035048,3
ISIC_0035070,3
ISIC_0035089,3
ISIC_0035090,3
ISIC_0035124,3
ISIC_0035224,3
ISIC_0035263,3
ISIC_0035366,3
ISIC_0035406,3
ISIC_0035420,3
ISIC_0035459,3
ISIC_0035462,3
ISIC_0035486,3
ISIC_0035636,3
ISIC_0035640,3
ISIC_0035670,3
ISIC_0035680,3
ISIC_0035682,3
ISIC_0035698,3
ISIC_0035700,3
ISIC_0035705,3
ISIC_0035708,3
ISIC_0035714,3
ISIC_0035719,3
ISIC_0035732,3
ISIC_0035747,3
ISIC_0035764,1
ISIC_0035766,3
ISIC_0035767,3
ISIC_0035794,3
ISIC_0035823,3
ISIC_0035825,3
ISIC_0035827,1
ISIC_0035846,3
ISIC_0035853,3
ISIC_0035854,3
ISIC_0035868,3
ISIC_0035889,3
ISIC_0035913,3
ISIC_0035923,3
ISIC_0035929,3
ISIC_0035938,3
ISIC_0035964,3
ISIC_0035968,3
ISIC_0036005,3
ISIC_0036012,3
ISIC_0036034,3
ISIC_0036051,3
ISIC_0036057,3
ISIC_0036070,3
ISIC_0036073,3
ISIC_0036075,3
ISIC_0036076,2
ISIC_0036078,3
ISIC_0036079,3
ISIC_0036080,3
ISIC_0036081,3
ISIC_0036083,3
ISIC_0036085,3
ISIC_0036086,3
ISIC_0036087,3
ISIC_0036088,3
ISIC_0036089,3
ISIC_0036090,3
ISIC_0036091,3
ISIC_0036092,3
ISIC_0036093,3
ISIC_0036094,3
ISIC_0036095,3
ISIC_0036096,3
ISIC_0036097,3
ISIC_0036098,3
ISIC_0036099,3
ISIC_0036101,3
ISIC_0036102,3
ISIC_0036103,3
ISIC_0036104,3
ISIC_0036105,3
ISIC_0036106,3
ISIC_0036107,3
ISIC_0036108,3
ISIC_0036109,3
ISIC_0036110,3
ISIC_0036111,3
ISIC_0036112,3
ISIC_0036113,3
ISIC_0036114,3
ISIC_0036115,3
ISIC_0036116,3
ISIC_0036117,3
ISIC_0036118,3
ISIC_0036119,3
ISIC_0036120,3
ISIC_0036121,3
ISIC_0036123,3
ISIC_0036159,3
ISIC_0036258,3
ISIC_0036260,3
ISIC_0036263,3
ISIC_0036264,3
ISIC_0036269,3
ISIC_0036270,3
ISIC_0036273,3
ISIC_0036274,3
ISIC_0036275,3
ISIC_0036276,3
ISIC_0036278,3
ISIC_0036279,3
ISIC_0036280,3
ISIC_0036281,3
ISIC_0036282,3
ISIC_0036284,3
ISIC_0036285,3
ISIC_0036286,3
ISIC_0036287,3
ISIC_0046224,3
ISIC_0046225,3
ISIC_0046242,3
ISIC_0046305,3
ISIC_0046315,3
ISIC_0046322,3
ISIC_0046323,3
ISIC_0046331,3
ISIC_0046338,3
ISIC_0046343,3
ISIC_0046344,3
ISIC_0046345,3
ISIC_0046361,3
ISIC_0046372,3
ISIC_0046383,3
ISIC_0046394,3
ISIC_0046405,3
ISIC_0046416,3
ISIC_0046422,3
ISIC_0046427,3
ISIC_0046438,3
ISIC_0046441,3
ISIC_0046443,1
ISIC_0046449,3
ISIC_0046450,3
ISIC_0046458,3
ISIC_0046471,3
ISIC_0046504,3
ISIC_0046526,3
ISIC_0046548,3
ISIC_0046560,3
ISIC_0046571,3
ISIC_0046596,3
ISIC_0046597,3
ISIC_0046609,3
ISIC_0046626,3
ISIC_0046628,3
ISIC_0046633,3
ISIC_0046639,3
ISIC_0046640,3
ISIC_0046645,3
ISIC_0046647,3
ISIC_0046659,3
ISIC_0046661,3
ISIC_0046662,3
ISIC_0046664,3
ISIC_0046667,3
ISIC_0046670,3
ISIC_0046671,3
ISIC_0046672,3
ISIC_0046681,3
ISIC_0046682,3
ISIC_0046683,3
ISIC_0046712,3
ISIC_0046725,3
ISIC_0046773,3
ISIC_0046820,3
ISIC_0046827,3
ISIC_0046828,3
ISIC_0046834,3
ISIC_0046900,3
ISIC_0046908,3
ISIC_0046917,3
ISIC_0046921,3
ISIC_0046932,3
ISIC_0046983,3
ISIC_0046985,3
ISIC_0047003,3
ISIC_0047004,3
ISIC_0047008,3
ISIC_0047022,3
ISIC_0047024,3
ISIC_0047031,3
ISIC_0047033,2
ISIC_0053456,3
ISIC_0053469,3
ISIC_0053470,3
ISIC_0053471,3
ISIC_0053473,3
ISIC_0053479,3
ISIC_0053485,3
ISIC_0053489,3
ISIC_0053491,3
ISIC_0053492,3
ISIC_0053495,3
ISIC_0053503,3
ISIC_0053507,3
ISIC_0053508,3
ISIC_0053509,3
ISIC_0053510,3
ISIC_0053512,3
ISIC_0053513,3
ISIC_0053518,3
ISIC_0053520,3
ISIC_0053525,3
ISIC_0053531,3
ISIC_0053533,3
ISIC_0053541,3
ISIC_0053542,3
ISIC_0053545,3
ISIC_0053570,3
ISIC_0053578,3
ISIC_0053582,3
ISIC_0053589,3
ISIC_0053594,3
ISIC_0053603,3
ISIC_0053611,3
ISIC_0053615,3
ISIC_0053617,3
ISIC_0053620,3
ISIC_0053632,3
ISIC_0053659,3
ISIC_0053660,3
ISIC_0053667,3
ISIC_0053674,3
ISIC_0053691,3
ISIC_0053698,3
ISIC_0053699,3
ISIC_0053700,3
ISIC_0053723,3
ISIC_0053725,3
ISIC_0053734,3
ISIC_0053740,3
ISIC_0053742,3
ISIC_0053743,3
ISIC_0053751,3
ISIC_0053761,-1
ISIC_0053763,3
ISIC_0053765,3
ISIC_0053766,3
ISIC_0053774,3
ISIC_0053784,3
ISIC_0053787,3
ISIC_0053790,3
ISIC_0053791,3
ISIC_0053796,3
ISIC_0053801,3
ISIC_0053810,3
ISIC_0053812,-1
ISIC_0053814,3
ISIC_0053816,3
ISIC_0053823,3
ISIC_0053824,3
ISIC_0053827,-1
ISIC_0053828,3
ISIC_0053829,3
ISIC_0053839,3
ISIC_0053841,3
ISIC_0053843,3
ISIC_0053846,-1
ISIC_0053853,3
ISIC_0053891,3
ISIC_0053893,-1
ISIC_0053904,3
ISIC_0053909,3
ISIC_0053912,3
ISIC_0053916,3
ISIC_0053923,3
ISIC_0053925,3
ISIC_0053933,3
ISIC_0053946,3
ISIC_0053960,3
ISIC_0053969,3
ISIC_0053971,3
ISIC_0053974,-1
ISIC_0053980,3
ISIC_0053981,3
ISIC_0053996,3
ISIC_0054006,3
ISIC_0054015,3
ISIC_0054025,3
ISIC_0054032,3
ISIC_0054038,3
ISIC_0054043,3
ISIC_0054048,3
ISIC_0054053,3
ISIC_0054059,3
ISIC_0054061,3
ISIC_0054062,3
ISIC_0054070,3
ISIC_0054073,3
ISIC_0054078,3
ISIC_0054079,3
ISIC_0054080,3
ISIC_0054082,3
ISIC_0054085,3
ISIC_0054090,3
ISIC_0054103,3
ISIC_0054106,3
ISIC_0054110,3
ISIC_0054112,3
ISIC_0054117,3
ISIC_0054123,3
ISIC_0054141,3
ISIC_0054151,3
ISIC_0054159,3
ISIC_0054167,3
ISIC_0054179,3
ISIC_0054185,3
ISIC_0054188,3
ISIC_0054193,3
ISIC_0054198,3
ISIC_0054205,3
ISIC_0054213,3
ISIC_0054220,3
ISIC_0054222,3
ISIC_0054226,3
ISIC_0054229,3
ISIC_0054233,3
ISIC_0054236,3
ISIC_0054239,3
ISIC_0054244,3
ISIC_0054248,3
ISIC_0054251,3
ISIC_0054254,3
ISIC_0054264,3
ISIC_0054274,3
ISIC_0054284,-1
ISIC_0054287,3
ISIC_0054292,3
ISIC_0054296,3
ISIC_0054312,3
ISIC_0054314,3
ISIC_0054317,3
ISIC_0054334,3
ISIC_0054337,3
ISIC_0054351,3
ISIC_0054355,3
ISIC_0054364,3
ISIC_0054366,3
ISIC_0054371,3
ISIC_0054377,3
ISIC_0054379,3
ISIC_0054384,3
ISIC_0054391,3
ISIC_0054399,3
ISIC_0054410,3
ISIC_0054412,3
ISIC_0054416,3
ISIC_0054430,3
ISIC_0054444,3
ISIC_0054445,-1
ISIC_0054458,3
ISIC_0054459,3
ISIC_0054462,3
ISIC_0054464,-1
ISIC_0054465,3
ISIC_0054497,3
ISIC_0054501,3
ISIC_0054506,3
ISIC_0054512,3
ISIC_0054516,3
ISIC_0054520,3
ISIC_0054523,3
ISIC_0054528,3
ISIC_0054544,3
ISIC_0054548,3
ISIC_0054563,3
ISIC_0054568,3
ISIC_0054574,3
ISIC_0054599,3
ISIC_0054612,3
ISIC_0054618,3
ISIC_0054624,3
ISIC_0054625,3
ISIC_0054629,3
ISIC_0054637,3
ISIC_0054651,3
ISIC_0054661,3
ISIC_0054663,3
ISIC_0054670,3
ISIC_0054671,3
ISIC_0054673,3
ISIC_0054677,3
ISIC_0054694,3
ISIC_0054705,3
ISIC_0054725,3
ISIC_0054728,3
ISIC_0054734,3
ISIC_0054744,3
ISIC_0054747,3
ISIC_0054748,3
ISIC_0054756,3
ISIC_0054760,3
ISIC_0054763,3
ISIC_0054765,3
ISIC_0054767,3
ISIC_0054770,3
ISIC_0054777,3
ISIC_0054787,3
ISIC_0054793,3
ISIC_0054802,3
ISIC_0054819,3
ISIC_0054821,3
ISIC_0054825,3
ISIC_0054827,3
ISIC_0054842,3
ISIC_0054844,3
ISIC_0054848,3
ISIC_0054851,3
ISIC_0054852,3
ISIC_0054853,3
ISIC_0054874,3
ISIC_0054889,3
ISIC_0054892,3
ISIC_0054894,3
ISIC_0054902,3
ISIC_0054904,3
ISIC_0054906,3
ISIC_0054912,3
ISIC_0054914,3
ISIC_0054919,3
ISIC_0054936,3
ISIC_0054941,3
ISIC_0054961,3
ISIC_0054963,3
ISIC_0054969,3
ISIC_0054970,3
ISIC_0054971,3
ISIC_0054973,3
ISIC_0054974,3
ISIC_0054976,3
ISIC_0054979,3
ISIC_0054982,3
ISIC_0054988,3
ISIC_0054995,3
ISIC_0055001,3
ISIC_0055002,3
ISIC_0055022,3
ISIC_0055024,3
ISIC_0055031,3
ISIC_0055039,3
ISIC_0055048,3
ISIC_0055051,3
ISIC_0055052,3
ISIC_0055054,3
ISIC_0055056,3
ISIC_0055062,3
ISIC_0055074,3
ISIC_0055079,3
ISIC_0055081,3
ISIC_0055086,3
ISIC_0055087,3
ISIC_0055091,3
ISIC_0055110,3
ISIC_0055136,3
ISIC_0055141,3
ISIC_0055143,3
ISIC_0055147,3
ISIC_0055156,3
ISIC_0055161,3
ISIC_0055167,-1
ISIC_0055175,3
ISIC_0055179,3
ISIC_0055181,3
ISIC_0055191,3
ISIC_0055193,3
ISIC_0055202,3
ISIC_0055205,3
ISIC_0055208,3
ISIC_0055226,3
ISIC_0055227,3
ISIC_0055236,3
ISIC_0055241,3
ISIC_0055246,3
ISIC_0055249,3
ISIC_0055264,3
ISIC_0055265,3
ISIC_0055268,3
ISIC_0055276,3
ISIC_0055282,3
ISIC_0055289,3
ISIC_0055293,3
ISIC_0055295,3
ISIC_0055297,3
ISIC_0055298,3
ISIC_0055309,-1
ISIC_0055311,3
ISIC_0055314,3
ISIC_0055318,3
ISIC_0055337,3
ISIC_0055340,3
ISIC_0055344,3
ISIC_0055355,3
ISIC_0055359,3
ISIC_0055362,3
ISIC_0055363,3
ISIC_0055367,3
ISIC_0055380,3
ISIC_0055393,3
ISIC_0055398,3
ISIC_0055412,3
ISIC_0055417,3
ISIC_0055419,3
ISIC_0055421,3
ISIC_0055425,3
ISIC_0055438,3
ISIC_0055440,3
ISIC_0055445,3
ISIC_0055451,3
ISIC_0055453,3
ISIC_0055454,3
ISIC_0055462,3
ISIC_0055464,3
ISIC_0055465,3
ISIC_0055467,3
ISIC_0055474,3
ISIC_0055492,3
ISIC_0055496,3
ISIC_0055500,3
ISIC_0055503,3
ISIC_0055511,3
ISIC_0055513,3
ISIC_0055517,3
ISIC_0055518,3
ISIC_0055519,3
ISIC_0055525,3
ISIC_0055527,3
ISIC_0055528,3
ISIC_0055543,3
ISIC_0055546,3
ISIC_0055550,3
ISIC_0055562,3
ISIC_0055570,3
ISIC_0055572,3
ISIC_0055582,3
ISIC_0055613,-1
ISIC_0055616,3
ISIC_0055618,3
ISIC_0055622,3
ISIC_0055623,3
ISIC_0055624,3
ISIC_0055631,3
ISIC_0055643,3
ISIC_0055659,3
ISIC_0055665,3
ISIC_0055680,3
ISIC_0055684,3
ISIC_0055688,3
ISIC_0055690,3
ISIC_0055699,3
ISIC_0055701,3
ISIC_0055707,3
ISIC_0055709,3
ISIC_0055714,3
ISIC_0055720,3
ISIC_0055733,3
ISIC_0055742,3
ISIC_0055743,3
ISIC_0055756,3
ISIC_0055759,-1
ISIC_0055764,3
ISIC_0055767,3
ISIC_0055771,3
ISIC_0055776,3
ISIC_0055780,3
ISIC_0055781,3
ISIC_0055783,3
ISIC_0055788,3
ISIC_0055789,3
ISIC_0055796,3
ISIC_0055797,3
ISIC_0055799,3
ISIC_0055802,3
ISIC_0055818,3
ISIC_0055820,3
ISIC_0055821,3
ISIC_0055825,3
ISIC_0055828,3
ISIC_0055832,3
ISIC_0055840,-1
ISIC_0055841,3
ISIC_0055854,3
ISIC_0055859,3
ISIC_0055862,3
ISIC_0055871,3
ISIC_0055876,3
ISIC_0055887,3
ISIC_0055892,3
ISIC_0055896,3
ISIC_0055899,3
ISIC_0055900,3
ISIC_0055905,3
ISIC_0055907,3
ISIC_0055911,3
ISIC_0055930,3
ISIC_0055931,3
ISIC_0055937,3
ISIC_0055938,3
ISIC_0055953,3
ISIC_0055954,3
ISIC_0055960,3
ISIC_0055967,3
ISIC_0055984,3
ISIC_0055999,-1
ISIC_0056001,3
ISIC_0056007,3
ISIC_0056017,3
ISIC_0056019,3
ISIC_0056036,3
ISIC_0056041,3
ISIC_0056044,3
ISIC_0056047,3
ISIC_0056050,3
ISIC_0056051,3
ISIC_0056061,3
ISIC_0056063,3
ISIC_0056079,3
ISIC_0056089,3
ISIC_0056092,3
ISIC_0056105,3
ISIC_0056113,3
ISIC_0056118,3
ISIC_0056130,3
ISIC_0056133,3
ISIC_0056136,3
ISIC_0056138,3
ISIC_0056141,3
ISIC_0056145,3
ISIC_0056152,3
ISIC_0056156,3
ISIC_0056167,3
ISIC_0056170,3
ISIC_0056181,3
ISIC_0056185,3
ISIC_0056186,3
ISIC_0056190,3
ISIC_0056192,3
ISIC_0056201,3
ISIC_0056202,3
ISIC_0056210,3
ISIC_0056214,3
ISIC_0056217,-1
ISIC_0056221,3
ISIC_0056225,3
ISIC_0056228,3
ISIC_0056232,3
ISIC_0056247,3
ISIC_0056261,3
ISIC_0056263,3
ISIC_0056269,3
ISIC_0056271,3
ISIC_0056283,3
ISIC_0056292,3
ISIC_0056298,3
ISIC_0056309,3
ISIC_0056319,3
ISIC_0056330,3
ISIC_0056337,3
ISIC_0056345,3
ISIC_0056347,3
ISIC_0056364,3
ISIC_0056382,3
ISIC_0056389,3
ISIC_0056392,3
ISIC_0056401,3
ISIC_0056403,3
ISIC_0056413,3
ISIC_0056415,3
ISIC_0056422,3
ISIC_0056425,3
ISIC_0056428,3
ISIC_0056446,3
ISIC_0056447,3
ISIC_0056448,3
ISIC_0056449,3
ISIC_0056454,3
ISIC_0056479,3
ISIC_0056481,3
ISIC_0056483,3
ISIC_0056487,3
ISIC_0056501,3
ISIC_0056511,3
ISIC_0056525,3
ISIC_0056527,3
ISIC_0056531,3
ISIC_0056546,3
ISIC_0056551,-1
ISIC_0056554,3
ISIC_0056572,3
ISIC_0056573,3
ISIC_0056601,3
ISIC_0056604,3
ISIC_0056612,3
ISIC_0056614,3
ISIC_0056625,3
ISIC_0056626,3
ISIC_0056632,3
ISIC_0056644,3
ISIC_0056652,3
ISIC_0056655,3
ISIC_0056659,3
ISIC_0056660,3
ISIC_0056676,-1
ISIC_0056677,3
ISIC_0056680,3
ISIC_0056683,3
ISIC_0056684,3
ISIC_0056688,3
ISIC_0056692,3
ISIC_0056710,3
ISIC_0056717,3
ISIC_0056719,3
ISIC_0056723,3
ISIC_0056725,3
ISIC_0056728,-1
ISIC_0056729,3
ISIC_0056739,3
ISIC_0056740,3
ISIC_0056749,3
ISIC_0056750,3
ISIC_0056751,3
ISIC_0056753,3
ISIC_0056770,3
ISIC_0056788,3
ISIC_0056790,-1
ISIC_0056796,3
ISIC_0056800,3
ISIC_0056806,3
ISIC_0056814,3
ISIC_0056816,3
ISIC_0056817,3
ISIC_0056819,3
ISIC_0056820,3
ISIC_0056844,3
ISIC_0056848,3
ISIC_0056849,3
ISIC_0056851,3
ISIC_0056860,3
ISIC_0056863,3
ISIC_0056871,3
ISIC_0056876,3
ISIC_0056893,3
ISIC_0056900,3
ISIC_0056901,3
ISIC_0056902,3
ISIC_0056915,3
ISIC_0056921,3
ISIC_0056926,3
ISIC_0056938,3
ISIC_0056940,3
ISIC_0056957,3
ISIC_0056967,3
ISIC_0056974,3
ISIC_0056981,3
ISIC_0056984,3
ISIC_0056988,3
ISIC_0056991,3
ISIC_0057001,3
ISIC_0057003,3
ISIC_0057015,3
ISIC_0057016,3
ISIC_0057019,3
ISIC_0057023,3
ISIC_0057025,3
ISIC_0057027,3
ISIC_0057033,3
ISIC_0057044,3
ISIC_0057045,3
ISIC_0057048,3
ISIC_0057067,3
ISIC_0057083,3
ISIC_0057089,3
ISIC_0057113,3
ISIC_0057141,3
ISIC_0057147,3
ISIC_0057148,3
ISIC_0057152,3
ISIC_0057154,3
ISIC_0057155,3
ISIC_0057164,3
ISIC_0057169,-1
ISIC_0057171,3
ISIC_0057172,3
ISIC_0057188,3
ISIC_0057192,3
ISIC_0057199,3
ISIC_0057204,3
ISIC_0057211,3
ISIC_0057234,3
ISIC_0057235,3
ISIC_0057244,3
ISIC_0057252,3
ISIC_0057257,3
ISIC_0057286,3
ISIC_0057302,3
ISIC_0057306,3
ISIC_0057307,3
ISIC_0057313,3
ISIC_0057315,3
ISIC_0057317,3
ISIC_0057323,3
ISIC_0057324,3
ISIC_0057328,3
ISIC_0057331,3
ISIC_0057338,3
ISIC_0057344,3
ISIC_0057360,3
ISIC_0057362,3
ISIC_0057370,3
ISIC_0057371,3
ISIC_0057374,3
ISIC_0057390,3
ISIC_0057395,3
ISIC_0057397,3
ISIC_0057406,3
ISIC_0057408,3
ISIC_0057412,-1
ISIC_0057417,3
ISIC_0057436,3
ISIC_0057450,3
ISIC_0057457,3
ISIC_0057462,3
ISIC_0057465,-1
ISIC_0057482,3
ISIC_0057496,3
ISIC_0057518,3
ISIC_0057531,3
ISIC_0057534,3
ISIC_0057535,3
ISIC_0057539,3
ISIC_0057545,-1
ISIC_0057548,3
ISIC_0057554,3
ISIC_0057556,3
ISIC_0057557,3
ISIC_0057558,3
ISIC_0057559,3
ISIC_0057577,3
ISIC_0057591,3
ISIC_0057593,3
ISIC_0057594,3
ISIC_0057609,3
ISIC_0057611,3
ISIC_0057615,3
ISIC_0057617,3
ISIC_0057619,3
ISIC_0057621,3
ISIC_0057634,3
ISIC_0057656,3
ISIC_0057661,3
ISIC_0057668,-1
ISIC_0057672,3
ISIC_0057685,3
ISIC_0057687,3
ISIC_0057700,3
ISIC_0057702,3
ISIC_0057716,3
ISIC_0057725,3
ISIC_0057731,3
ISIC_0057734,3
ISIC_0057736,3
ISIC_0057744,3
ISIC_0057747,3
ISIC_0057753,3
ISIC_0057759,3
ISIC_0057762,3
ISIC_0057769,3
ISIC_0057771,3
ISIC_0057782,3
ISIC_0057783,3
ISIC_0057787,3
ISIC_0057791,3
ISIC_0057808,3
ISIC_0057815,3
ISIC_0057821,3
ISIC_0057828,3
ISIC_0057838,3
ISIC_0057841,3
ISIC_0057844,3
ISIC_0057848,3
ISIC_0057851,3
ISIC_0057864,3
ISIC_0057870,3
ISIC_0057881,3
ISIC_0057891,3
ISIC_0057898,3
ISIC_0057900,3
ISIC_0057913,3
ISIC_0057914,3
ISIC_0057921,3
ISIC_0057936,3
ISIC_0057938,3
ISIC_0057939,3
ISIC_0057947,3
ISIC_0057949,3
ISIC_0057953,3
ISIC_0057960,3
ISIC_0057968,3
ISIC_0057973,3
ISIC_0057974,3
ISIC_0057976,3
ISIC_0057978,3
ISIC_0057980,3
ISIC_0057996,3
ISIC_0057999,3
ISIC_0058000,3
ISIC_0058003,-1
ISIC_0058007,3
ISIC_0058010,3
ISIC_0058015,3
ISIC_0058016,3
ISIC_0058021,3
ISIC_0058024,3
ISIC_0058028,-1
ISIC_0058033,3
ISIC_0058040,3
ISIC_0058046,3
ISIC_0058047,3
ISIC_0058050,3
ISIC_0058059,3
ISIC_0058075,3
ISIC_0058081,3
ISIC_0058096,3
ISIC_0058097,3
ISIC_0058098,3
ISIC_0058115,3
ISIC_0058118,3
ISIC_0058125,3
ISIC_0058126,3
ISIC_0058127,3
ISIC_0058135,3
ISIC_0058136,3
ISIC_0058138,3
ISIC_0058151,3
ISIC_0058154,3
ISIC_0058164,3
ISIC_0058168,3
ISIC_0058170,3
ISIC_0058173,3
ISIC_0058176,3
ISIC_0058181,3
ISIC_0058204,3
ISIC_0058206,3
ISIC_0058214,3
ISIC_0058218,3
ISIC_0058229,3
ISIC_0058237,3
ISIC_0058245,3
ISIC_0058249,3
ISIC_0058255,3
ISIC_0058270,3
ISIC_0058281,3
ISIC_0058282,-1
ISIC_0058284,3
ISIC_0058285,3
ISIC_0058298,3
ISIC_0058301,3
ISIC_0058307,3
ISIC_0058308,3
ISIC_0058315,-1
ISIC_0058319,3
ISIC_0058321,3
ISIC_0058331,3
ISIC_0058332,3
ISIC_0058334,3
ISIC_0058341,3
ISIC_0058344,3
ISIC_0058346,3
ISIC_0058354,3
ISIC_0058368,3
ISIC_0058376,3
ISIC_0058383,3
ISIC_0058391,3
ISIC_0058399,3
ISIC_0058407,3
ISIC_0058408,3
ISIC_0058418,3
ISIC_0058425,3
ISIC_0058426,3
ISIC_0058428,3
ISIC_0058432,3
ISIC_0058439,3
ISIC_0058457,3
ISIC_0058458,3
ISIC_0058475,3
ISIC_0058492,3
ISIC_0058496,3
ISIC_0058501,3
ISIC_0058503,3
ISIC_0058504,3
ISIC_0058508,3
ISIC_0058513,3
ISIC_0058526,3
ISIC_0058528,3
ISIC_0058544,3
ISIC_0058548,3
ISIC_0058550,3
ISIC_0058559,3
ISIC_0058569,3
ISIC_0058577,3
ISIC_0058580,3
ISIC_0058597,3
ISIC_0058599,3
ISIC_0058607,3
ISIC_0058612,3
ISIC_0058617,3
ISIC_0058621,3
ISIC_0058625,3
ISIC_0058629,3
ISIC_0058630,3
ISIC_0058643,3
ISIC_0058645,3
ISIC_0058648,3
ISIC_0058649,3
ISIC_0058655,3
ISIC_0058658,3
ISIC_0058663,3
ISIC_0058666,3
ISIC_0058675,3
ISIC_0058676,3
ISIC_0058697,3
ISIC_0058708,3
ISIC_0058713,3
ISIC_0058716,3
ISIC_0058721,3
ISIC_0058723,3
ISIC_0058732,3
ISIC_0058734,3
ISIC_0058743,3
ISIC_0058753,3
ISIC_0058757,3
ISIC_0058763,3
ISIC_0058768,3
ISIC_0058770,3
ISIC_0058773,3
ISIC_0058781,3
ISIC_0058786,3
ISIC_0058790,3
ISIC_0058791,3
ISIC_0058792,3
ISIC_0058794,3
ISIC_0058798,3
ISIC_0058807,3
ISIC_0058818,3
ISIC_0058836,3
ISIC_0058838,3
ISIC_0058840,3
ISIC_0058851,3
ISIC_0058858,3
ISIC_0058862,3
ISIC_0058863,3
ISIC_0058866,3
ISIC_0058875,3
ISIC_0058877,3
ISIC_0058880,3
ISIC_0058881,3
ISIC_0058887,-1
ISIC_0058918,3
ISIC_0058926,3
ISIC_0058931,3
ISIC_0058947,3
ISIC_0058957,3
ISIC_0058959,3
ISIC_0059005,3
ISIC_0059023,3
ISIC_0059026,3
ISIC_0059027,3
ISIC_0059029,3
ISIC_0059037,3
ISIC_0059042,3
ISIC_0059052,3
ISIC_0059065,3
ISIC_0059066,3
ISIC_0059074,3
ISIC_0059076,3
ISIC_0059077,3
ISIC_0059079,3
ISIC_0059082,3
ISIC_0059085,3
ISIC_0059089,3
ISIC_0059090,3
ISIC_0059092,3
ISIC_0059093,3
ISIC_0059103,3
ISIC_0059104,3
ISIC_0059123,3
ISIC_0059137,3
ISIC_0059138,3
ISIC_0059140,3
ISIC_0059141,3
ISIC_0059147,3
ISIC_0059148,3
ISIC_0059160,3
ISIC_0059165,3
ISIC_0059169,3
ISIC_0059170,3
ISIC_0059171,3
ISIC_0059178,3
ISIC_0059188,3
ISIC_0059202,3
ISIC_0059209,3
ISIC_0059219,3
ISIC_0059232,3
ISIC_0059237,3
ISIC_0059253,3
ISIC_0059264,-1
ISIC_0059269,3
ISIC_0059270,3
ISIC_0059272,3
ISIC_0059273,3
ISIC_0059284,3
ISIC_0059294,3
ISIC_0059313,-1
ISIC_0059314,3
ISIC_0059315,3
ISIC_0059316,3
ISIC_0059318,3
ISIC_0059325,3
ISIC_0059330,3
ISIC_0059336,3
ISIC_0059343,3
ISIC_0059345,3
ISIC_0059346,3
ISIC_0059349,3
ISIC_0059350,3
ISIC_0059353,3
ISIC_0059361,3
ISIC_0059369,3
ISIC_0059375,3
ISIC_0059382,3
ISIC_0059386,3
ISIC_0059387,3
ISIC_0059398,3
ISIC_0059411,3
ISIC_0059415,3
ISIC_0059420,3
ISIC_0059421,3
ISIC_0059423,3
ISIC_0059424,3
ISIC_0059435,3
ISIC_0059444,3
ISIC_0059446,3
ISIC_0059450,3
ISIC_0059473,3
ISIC_0059478,-1
ISIC_0059482,3
ISIC_0059486,3
ISIC_0059493,-1
ISIC_0059506,3
ISIC_0059511,3
ISIC_0059512,3
ISIC_0059521,3
ISIC_0059523,3
ISIC_0059525,3
ISIC_0059538,3
ISIC_0059541,3
ISIC_0059547,3
ISIC_0059551,3
ISIC_0059554,3
ISIC_0059568,3
ISIC_0059569,3
ISIC_0059593,3
ISIC_0059595,3
ISIC_0059597,3
ISIC_0059601,3
ISIC_0059605,3
ISIC_0059608,3
ISIC_0059611,3
ISIC_0059628,3
ISIC_0059631,3
ISIC_0059632,3
ISIC_0059646,3
ISIC_0059668,3
ISIC_0059669,3
ISIC_0059671,3
ISIC_0059686,3
ISIC_0059703,-1
ISIC_0059707,3
ISIC_0059708,3
ISIC_0059738,3
ISIC_0059739,3
ISIC_0059747,3
ISIC_0059750,3
ISIC_0059757,3
ISIC_0059763,3
ISIC_0059764,-1
ISIC_0059768,3
ISIC_0059770,3
ISIC_0059773,3
ISIC_0059774,3
ISIC_0059777,3
ISIC_0059785,3
ISIC_0059786,3
ISIC_0059794,3
ISIC_0059804,3
ISIC_0059808,3
ISIC_0059809,3
ISIC_0059810,3
ISIC_0059814,3
ISIC_0059816,3
ISIC_0059830,3
ISIC_0059832,3
ISIC_0059838,3
ISIC_0059840,3
ISIC_0059855,3
ISIC_0059859,3
ISIC_0059866,3
ISIC_0059869,3
ISIC_0059879,3
ISIC_0059881,3
ISIC_0059884,-1
ISIC_0059890,3
ISIC_0059891,3
ISIC_0059892,3
ISIC_0059897,3
ISIC_0059904,3
ISIC_0059905,3
ISIC_0059919,3
ISIC_0059941,3
ISIC_0059948,3
ISIC_0059957,3
ISIC_0059958,3
ISIC_0059974,3
ISIC_0059978,-1
ISIC_0059987,3
ISIC_0059992,3
ISIC_0060015,3
ISIC_0060022,3
ISIC_0060032,3
ISIC_0060033,3
ISIC_0060094,3
ISIC_0060096,3
ISIC_0060099,3
ISIC_0060104,3
ISIC_0060114,3
ISIC_0060118,3
ISIC_0060140,3
ISIC_0060143,3
ISIC_0060147,3
ISIC_0060150,3
ISIC_0060153,3
ISIC_0060154,3
ISIC_0060155,3
ISIC_0060159,3
ISIC_0060181,3
ISIC_0060194,3
ISIC_0060197,3
ISIC_0060201,3
ISIC_0060212,3
ISIC_0060216,3
ISIC_0060218,3
ISIC_0060219,3
ISIC_0060222,3
ISIC_0060224,3
ISIC_0060233,3
ISIC_0060238,3
ISIC_0060239,3
ISIC_0060244,3
ISIC_0060248,3
ISIC_0060266,3
ISIC_0060270,3
ISIC_0060281,3
ISIC_0060297,3
ISIC_0060307,3
ISIC_0060308,3
ISIC_0060313,3
ISIC_0060315,3
ISIC_0060326,3
ISIC_0060340,3
ISIC_0060341,3
ISIC_0060342,3
ISIC_0060355,3
ISIC_0060367,3
ISIC_0060376,3
ISIC_0060377,3
ISIC_0060380,3
ISIC_0060386,3
ISIC_0060393,3
ISIC_0060397,3
ISIC_0060399,3
ISIC_0060403,3
ISIC_0060428,3
ISIC_0060446,3
ISIC_0060456,-1
ISIC_0060459,3
ISIC_0060465,3
ISIC_0060487,-1
ISIC_0060495,3
ISIC_0060507,3
ISIC_0060508,3
ISIC_0060510,3
ISIC_0060511,3
ISIC_0060525,3
ISIC_0060526,3
ISIC_0060528,3
ISIC_0060537,3
ISIC_0060538,3
ISIC_0060548,3
ISIC_0060555,3
ISIC_0060556,3
ISIC_0060559,3
ISIC_0060577,3
ISIC_0060583,3
ISIC_0060585,3
ISIC_0060586,3
ISIC_0060589,3
ISIC_0060597,3
ISIC_0060610,3
ISIC_0060616,3
ISIC_0060624,3
ISIC_0060629,3
ISIC_0060630,3
ISIC_0060654,3
ISIC_0060660,3
ISIC_0060665,3
ISIC_0060671,3
ISIC_0060672,3
ISIC_0060676,3
ISIC_0060679,3
ISIC_0060681,3
ISIC_0060693,3
ISIC_0060698,3
ISIC_0060700,3
ISIC_0060713,3
ISIC_0060717,3
ISIC_0060718,3
ISIC_0060727,3
ISIC_0060728,3
ISIC_0060736,3
ISIC_0060741,3
ISIC_0060744,3
ISIC_0060751,3
ISIC_0060752,3
ISIC_0060760,3
ISIC_0060764,3
ISIC_0060773,3
ISIC_0060795,3
ISIC_0060799,3
ISIC_0060827,-1
ISIC_0060829,3
ISIC_0060832,3
ISIC_0060834,3
ISIC_0060836,3
ISIC_0060845,3
ISIC_0060873,3
ISIC_0060883,3
ISIC_0060886,3
ISIC_0060892,3
ISIC_0060893,3
ISIC_0060897,3
ISIC_0060898,3
ISIC_0060911,3
ISIC_0060916,3
ISIC_0060934,3
ISIC_0060936,3
ISIC_0060937,-1
ISIC_0060946,3
ISIC_0060949,3
ISIC_0060955,3
ISIC_0060965,3
ISIC_0060967,-1
ISIC_0060968,3
ISIC_0060969,3
ISIC_0060971,3
ISIC_0060972,3
ISIC_0060978,3
ISIC_0060979,-1
ISIC_0060994,3
ISIC_0060999,3
ISIC_0061001,3
ISIC_0061002,-1
ISIC_0061003,3
ISIC_0061006,3
ISIC_0061008,3
ISIC_0061011,3
ISIC_0061021,3
ISIC_0061025,3
ISIC_0061029,3
ISIC_0061031,3
ISIC_0061032,3
ISIC_0061034,3
ISIC_0061045,3
ISIC_0061049,3
ISIC_0061052,3
ISIC_0061060,3
ISIC_0061066,3
ISIC_0061067,3
ISIC_0061070,3
ISIC_0061075,3
ISIC_0061077,3
ISIC_0061078,3
ISIC_0061079,3
ISIC_0061085,3
ISIC_0061104,3
ISIC_0061108,3
ISIC_0061112,3
ISIC_0061131,3
ISIC_0061141,3
ISIC_0061152,3
ISIC_0061155,3
ISIC_0061158,3
ISIC_0061159,3
ISIC_0061166,3
ISIC_0061183,3
ISIC_0061185,3
ISIC_0061188,3
ISIC_0061189,3
ISIC_0061191,3
ISIC_0061194,3
ISIC_0061195,3
ISIC_0061200,3
ISIC_0061224,3
ISIC_0061231,3
ISIC_0061244,3
ISIC_0061250,-1
ISIC_0061252,3
ISIC_0061257,3
ISIC_0061261,3
ISIC_0061279,3
ISIC_0061281,3
ISIC_0061297,3
ISIC_0061300,3
ISIC_0061315,3
ISIC_0061320,3
ISIC_0061323,3
ISIC_0061333,3
ISIC_0061334,3
ISIC_0061336,3
ISIC_0061345,3
ISIC_0061355,3
ISIC_0061359,3
ISIC_0061362,-1
ISIC_0061366,3
ISIC_0061369,3
ISIC_0061371,3
ISIC_0061377,3
ISIC_0061380,3
ISIC_0061382,3
ISIC_0061393,3
ISIC_0061407,3
ISIC_0061411,3
ISIC_0061418,3
ISIC_0061424,3
ISIC_0061432,3
ISIC_0061434,3
ISIC_0061441,3
ISIC_0061446,3
ISIC_0061447,3
ISIC_0061448,3
ISIC_0061454,3
ISIC_0061463,3
ISIC_0061466,3
ISIC_0061469,3
ISIC_0061475,3
ISIC_0061479,3
ISIC_0061485,3
ISIC_0061491,3
ISIC_0061494,3
ISIC_0061496,3
ISIC_0061502,3
ISIC_0061508,3
ISIC_0061516,3
ISIC_0061518,3
ISIC_0061520,3
ISIC_0061529,3
ISIC_0061532,3
ISIC_0061533,-1
ISIC_0061547,3
ISIC_0061549,3
ISIC_0061553,3
ISIC_0061554,3
ISIC_0061556,3
ISIC_0061559,3
ISIC_0061566,3
ISIC_0061568,3
ISIC_0061573,3
ISIC_0061575,3
ISIC_0061580,3
ISIC_0061581,3
ISIC_0061583,3
ISIC_0061585,3
ISIC_0061592,3
ISIC_0061595,3
ISIC_0061608,3
ISIC_0061619,3
ISIC_0061623,3
ISIC_0061624,3
ISIC_0061625,3
ISIC_0061629,3
ISIC_0061630,3
ISIC_0061633,3
ISIC_0061644,3
ISIC_0061656,3
ISIC_0061660,3
ISIC_0061664,3
ISIC_0061670,3
ISIC_0061680,3
ISIC_0061684,3
ISIC_0061685,3
ISIC_0061699,3
ISIC_0061701,3
ISIC_0061705,3
ISIC_0061710,3
ISIC_0061713,3
ISIC_0061715,3
ISIC_0061735,3
ISIC_0061741,3
ISIC_0061756,3
ISIC_0061761,3
ISIC_0061770,3
ISIC_0061773,3
ISIC_0061775,3
ISIC_0061782,3
ISIC_0061798,3
ISIC_0061799,3
ISIC_0061812,3
ISIC_0061829,3
ISIC_0061831,3
ISIC_0061833,3
ISIC_0061848,3
ISIC_0061870,3
ISIC_0061880,3
ISIC_0061884,3
ISIC_0061885,3
ISIC_0061886,3
ISIC_0061890,3
ISIC_0061894,3
ISIC_0061895,3
ISIC_0061900,3
ISIC_0061911,3
ISIC_0061912,3
ISIC_0061915,3
ISIC_0061916,3
ISIC_0061918,3
ISIC_0061922,3
ISIC_0061926,3
ISIC_0061928,3
ISIC_0061944,3
ISIC_0061945,3
ISIC_0061950,3
ISIC_0061953,3
ISIC_0061954,3
ISIC_0061969,3
ISIC_0061971,3
ISIC_0061982,3
ISIC_0062000,3
ISIC_0062005,3
ISIC_0062010,3
ISIC_0062016,3
ISIC_0062031,3
ISIC_0062042,3
ISIC_0062063,3
ISIC_0062064,3
ISIC_0062077,3
ISIC_0062084,3
ISIC_0062099,3
ISIC_0062102,3
ISIC_0062103,3
ISIC_0062111,3
ISIC_0062112,3
ISIC_0062114,3
ISIC_0062122,3
ISIC_0062125,3
ISIC_0062133,3
ISIC_0062138,3
ISIC_0062149,3
ISIC_0062152,3
ISIC_0062154,3
ISIC_0062155,3
ISIC_0062158,3
ISIC_0062160,3
ISIC_0062161,3
ISIC_0062162,3
ISIC_0062163,3
ISIC_0062171,3
ISIC_0062176,3
ISIC_0062183,3
ISIC_0062203,3
ISIC_0062206,3
ISIC_0062208,3
ISIC_0062211,3
ISIC_0062213,3
ISIC_0062220,3
ISIC_0062235,3
ISIC_0062239,3
ISIC_0062241,3
ISIC_0062242,3
ISIC_0062248,3
ISIC_0062251,3
ISIC_0062256,3
ISIC_0062260,3
ISIC_0062266,3
ISIC_0062269,3
ISIC_0062273,3
ISIC_0062280,3
ISIC_0062286,-1
ISIC_0062296,3
ISIC_0062298,3
ISIC_0062301,3
ISIC_0062318,3
ISIC_0062323,3
ISIC_0062325,3
ISIC_0062340,3
ISIC_0062350,3
ISIC_0062359,3
ISIC_0062381,3
ISIC_0062382,3
ISIC_0062389,3
ISIC_0062401,3
ISIC_0062407,3
ISIC_0062423,3
ISIC_0062425,3
ISIC_0062434,3
ISIC_0062447,3
ISIC_0062453,3
ISIC_0062454,3
ISIC_0062457,3
ISIC_0062458,3
ISIC_0062463,3
ISIC_0062468,3
ISIC_0062471,3
ISIC_0062474,3
ISIC_0062477,3
ISIC_0062478,3
ISIC_0062481,3
ISIC_0062497,3
ISIC_0062505,3
ISIC_0062509,3
ISIC_0062515,3
ISIC_0062517,3
ISIC_0062523,3
ISIC_0062524,3
ISIC_0062525,3
ISIC_0062530,3
ISIC_0062531,-1
ISIC_0062536,3
ISIC_0062539,3
ISIC_0062547,3
ISIC_0062551,3
ISIC_0062559,3
ISIC_0062562,3
ISIC_0062589,3
ISIC_0062596,3
ISIC_0062602,3
ISIC_0062606,3
ISIC_0062626,3
ISIC_0062628,3
ISIC_0062632,3
ISIC_0062633,3
ISIC_0062636,3
ISIC_0062639,3
ISIC_0062642,3
ISIC_0062649,3
ISIC_0062674,3
ISIC_0062681,3
ISIC_0062684,3
ISIC_0062688,3
ISIC_0062690,3
ISIC_0062700,3
ISIC_0062702,3
ISIC_0062708,3
ISIC_0062709,3
ISIC_0062712,3
ISIC_0062716,-1
ISIC_0062721,3
ISIC_0062723,3
ISIC_0062724,3
ISIC_0062734,3
ISIC_0062736,3
ISIC_0062762,3
ISIC_0062765,3
ISIC_0062770,3
ISIC_0062780,3
ISIC_0062792,3
ISIC_0062806,3
ISIC_0062809,3
ISIC_0062816,3
ISIC_0062821,3
ISIC_0062827,3
ISIC_0062832,3
ISIC_0062841,3
ISIC_0062844,3
ISIC_0062869,3
ISIC_0062879,3
ISIC_0062891,3
ISIC_0062912,3
ISIC_0062922,3
ISIC_0062925,3
ISIC_0062935,3
ISIC_0062944,3
ISIC_0062948,3
ISIC_0062952,3
ISIC_0062954,3
ISIC_0062957,3
ISIC_0062970,3
ISIC_0062978,3
ISIC_0062983,3
ISIC_0062985,3
ISIC_0062991,3
ISIC_0062992,3
ISIC_0062994,3
ISIC_0062998,3
ISIC_0063018,3
ISIC_0063026,3
ISIC_0063027,3
ISIC_0063032,3
ISIC_0063046,3
ISIC_0063056,3
ISIC_0063058,3
ISIC_0063060,3
ISIC_0063070,3
ISIC_0063072,3
ISIC_0063077,3
ISIC_0063081,3
ISIC_0063087,3
ISIC_0063102,3
ISIC_0063103,3
ISIC_0063109,3
ISIC_0063114,3
ISIC_0063124,3
ISIC_0063125,3
ISIC_0063130,3
ISIC_0063131,3
ISIC_0063143,3
ISIC_0063148,3
ISIC_0063151,3
ISIC_0063168,3
ISIC_0063169,3
ISIC_0063172,3
ISIC_0063174,3
ISIC_0063180,3
ISIC_0063181,3
ISIC_0063182,3
ISIC_0063190,3
ISIC_0063191,3
ISIC_0063198,3
ISIC_0063202,3
ISIC_0063207,3
ISIC_0063216,3
ISIC_0063222,3
ISIC_0063225,3
ISIC_0063228,3
ISIC_0063233,3
ISIC_0063234,3
ISIC_0063240,3
ISIC_0063241,3
ISIC_0063258,3
ISIC_0063264,3
ISIC_0063266,3
ISIC_0063268,3
ISIC_0063271,3
ISIC_0063288,3
ISIC_0063292,3
ISIC_0063300,3
ISIC_0063302,3
ISIC_0063305,3
ISIC_0063318,3
ISIC_0063334,3
ISIC_0063345,3
ISIC_0063349,3
ISIC_0063360,3
ISIC_0063362,3
ISIC_0063369,3
ISIC_0063373,3
ISIC_0063392,3
ISIC_0063394,3
ISIC_0063410,3
ISIC_0063414,3
ISIC_0063425,3
ISIC_0063437,3
ISIC_0063443,3
ISIC_0063445,3
ISIC_0063447,3
ISIC_0063450,3
ISIC_0063456,3
ISIC_0063464,3
ISIC_0063467,3
ISIC_0063469,3
ISIC_0063470,3
ISIC_0063475,3
ISIC_0063480,3
ISIC_0063481,3
ISIC_0063493,3
ISIC_0063496,3
ISIC_0063505,3
ISIC_0063521,3
ISIC_0063528,3
ISIC_0063537,3
ISIC_0063541,3
ISIC_0063551,3
ISIC_0063566,3
ISIC_0063578,3
ISIC_0063601,3
ISIC_0063617,3
ISIC_0063623,3
ISIC_0063625,3
ISIC_0063634,3
ISIC_0063636,3
ISIC_0063641,3
ISIC_0063654,3
ISIC_0063655,3
ISIC_0063660,3
ISIC_0063664,3
ISIC_0063675,3
ISIC_0063679,3
ISIC_0063680,3
ISIC_0063687,3
ISIC_0063690,3
ISIC_0063691,3
ISIC_0063692,3
ISIC_0063693,3
ISIC_0063695,3
ISIC_0063704,3
ISIC_0063715,3
ISIC_0063723,3
ISIC_0063724,3
ISIC_0063727,3
ISIC_0063732,3
ISIC_0063742,-1
ISIC_0063748,3
ISIC_0063750,3
ISIC_0063757,3
ISIC_0063759,3
ISIC_0063769,3
ISIC_0063775,3
ISIC_0063788,3
ISIC_0063793,3
ISIC_0063795,3
ISIC_0063811,3
ISIC_0063824,3
ISIC_0063829,3
ISIC_0063830,3
ISIC_0063839,3
ISIC_0063842,3
ISIC_0063845,3
ISIC_0063852,3
ISIC_0063870,3
ISIC_0063871,3
ISIC_0063872,3
ISIC_0063873,3
ISIC_0063881,3
ISIC_0063885,3
ISIC_0063887,3
ISIC_0063897,3
ISIC_0063908,3
ISIC_0063912,3
ISIC_0063915,3
ISIC_0063926,3
ISIC_0063937,3
ISIC_0063945,3
ISIC_0063946,-1
ISIC_0063950,3
ISIC_0063958,3
ISIC_0063960,3
ISIC_0063973,3
ISIC_0063980,3
ISIC_0063981,3
ISIC_0063988,3
ISIC_0064006,-1
ISIC_0064014,3
ISIC_0064023,3
ISIC_0064033,3
ISIC_0064034,3
ISIC_0064054,3
ISIC_0064056,3
ISIC_0064058,3
ISIC_0064060,3
ISIC_0064062,3
ISIC_0064072,3
ISIC_0064073,3
ISIC_0064079,3
ISIC_0064080,3
ISIC_0064082,3
ISIC_0064100,3
ISIC_0064102,3
ISIC_0064110,3
ISIC_0064114,3
ISIC_0064116,-1
ISIC_0064120,3
ISIC_0064122,3
ISIC_0064129,3
ISIC_0064130,3
ISIC_0064134,3
ISIC_0064141,3
ISIC_0064152,3
ISIC_0064157,3
ISIC_0064167,3
ISIC_0064174,3
ISIC_0064180,3
ISIC_0064195,3
ISIC_0064201,-1
ISIC_0064204,3
ISIC_0064209,3
ISIC_0064212,3
ISIC_0064229,3
ISIC_0064240,3
ISIC_0064246,3
ISIC_0064247,3
ISIC_0064261,3
ISIC_0064266,3
ISIC_0064268,3
ISIC_0064270,3
ISIC_0064272,3
ISIC_0064276,3
ISIC_0064279,3
ISIC_0064281,3
ISIC_0064294,3
ISIC_0064297,3
ISIC_0064298,3
ISIC_0064307,3
ISIC_0064317,3
ISIC_0064320,3
ISIC_0064321,3
ISIC_0064328,3
ISIC_0064337,3
ISIC_0064339,3
ISIC_0064344,3
ISIC_0064360,3
ISIC_0064361,3
ISIC_0064369,3
ISIC_0064376,3
ISIC_0064393,3
ISIC_0064406,3
ISIC_0064411,3
ISIC_0064419,3
ISIC_0064427,3
ISIC_0064428,3
ISIC_0064436,3
ISIC_0064444,3
ISIC_0064455,3
ISIC_0064463,3
ISIC_0064465,3
ISIC_0064472,3
ISIC_0064476,3
ISIC_0064481,3
ISIC_0064483,3
ISIC_0064498,3
ISIC_0064507,3
ISIC_0064515,3
ISIC_0064517,3
ISIC_0064530,3
ISIC_0064531,3
ISIC_0064534,3
ISIC_0064538,3
ISIC_0064550,3
ISIC_0064559,3
ISIC_0064569,3
ISIC_0064575,3
ISIC_0064581,3
ISIC_0064585,-1
ISIC_0064589,3
ISIC_0064592,3
ISIC_0064606,3
ISIC_0064611,3
ISIC_0064619,3
ISIC_0064623,3
ISIC_0064632,3
ISIC_0064633,3
ISIC_0064645,3
ISIC_0064646,3
ISIC_0064656,3
ISIC_0064660,3
ISIC_0064667,3
ISIC_0064668,3
ISIC_0064672,3
ISIC_0064676,3
ISIC_0064686,3
ISIC_0064689,3
ISIC_0064692,3
ISIC_0064693,3
ISIC_0064694,3
ISIC_0064721,3
ISIC_0064730,3
ISIC_0064732,3
ISIC_0064739,3
ISIC_0064742,3
ISIC_0064752,3
ISIC_0064759,3
ISIC_0064784,3
ISIC_0064800,3
ISIC_0064804,3
ISIC_0064816,3
ISIC_0064821,3
ISIC_0064822,3
ISIC_0064823,3
ISIC_0064825,3
ISIC_0064829,3
ISIC_0064835,-1
ISIC_0064836,3
ISIC_0064840,3
ISIC_0064849,3
ISIC_0064860,3
ISIC_0064868,3
ISIC_0064874,3
ISIC_0064875,3
ISIC_0064881,3
ISIC_0064887,3
ISIC_0064905,3
ISIC_0064907,3
ISIC_0064909,3
ISIC_0064910,3
ISIC_0064919,3
ISIC_0064921,3
ISIC_0064925,3
ISIC_0064926,3
ISIC_0064927,3
ISIC_0064929,3
ISIC_0064933,3
ISIC_0064936,3
ISIC_0064941,3
ISIC_0064943,3
ISIC_0064949,3
ISIC_0064965,3
ISIC_0064982,-1
ISIC_0064983,3
ISIC_0064986,3
ISIC_0064990,3
ISIC_0064992,3
ISIC_0064993,3
ISIC_0064997,3
ISIC_0065001,3
ISIC_0065008,3
ISIC_0065013,3
ISIC_0065022,3
ISIC_0065023,3
ISIC_0065025,3
ISIC_0065026,-1
ISIC_0065036,3
ISIC_0065039,3
ISIC_0065046,3
ISIC_0065057,3
ISIC_0065059,3
ISIC_0065066,3
ISIC_0065099,3
ISIC_0065100,3
ISIC_0065106,3
ISIC_0065109,3
ISIC_0065128,3
ISIC_0065132,3
ISIC_0065142,3
ISIC_0065159,3
ISIC_0065168,3
ISIC_0065171,3
ISIC_0065173,3
ISIC_0065186,3
ISIC_0065191,3
ISIC_0065192,3
ISIC_0065195,3
ISIC_0065206,3
ISIC_0065210,3
ISIC_0065213,3
ISIC_0065215,3
ISIC_0065230,3
ISIC_0065235,3
ISIC_0065236,3
ISIC_0065248,-1
ISIC_0065253,3
ISIC_0065265,3
ISIC_0065267,3
ISIC_0065278,3
ISIC_0065283,-1
ISIC_0065305,3
ISIC_0065307,3
ISIC_0065311,3
ISIC_0065313,3
ISIC_0065315,3
ISIC_0065341,3
ISIC_0065347,3
ISIC_0065351,3
ISIC_0065363,3
ISIC_0065367,3
ISIC_0065379,3
ISIC_0065382,3
ISIC_0065398,3
ISIC_0065402,3
ISIC_0065408,3
ISIC_0065417,3
ISIC_0065431,3
ISIC_0065434,3
ISIC_0065443,3
ISIC_0065446,3
ISIC_0065448,3
ISIC_0065449,3
ISIC_0065463,3
ISIC_0065477,3
ISIC_0065507,3
ISIC_0065512,3
ISIC_0065513,3
ISIC_0065516,3
ISIC_0065518,3
ISIC_0065521,3
ISIC_0065523,3
ISIC_0065525,3
ISIC_0065531,3
ISIC_0065532,3
ISIC_0065533,3
ISIC_0065535,3
ISIC_0065539,3
ISIC_0065571,3
ISIC_0065576,3
ISIC_0065577,3
ISIC_0065582,3
ISIC_0065590,3
ISIC_0065597,3
ISIC_0065598,3
ISIC_0065615,3
ISIC_0065618,3
ISIC_0065622,3
ISIC_0065627,3
ISIC_0065644,3
ISIC_0065655,3
ISIC_0065658,3
ISIC_0065668,3
ISIC_0065671,3
ISIC_0065675,3
ISIC_0065694,3
ISIC_0065697,3
ISIC_0065698,3
ISIC_0065709,3
ISIC_0065714,3
ISIC_0065727,3
ISIC_0065740,3
ISIC_0065742,3
ISIC_0065746,3
ISIC_0065748,3
ISIC_0065760,3
ISIC_0065767,3
ISIC_0065774,3
ISIC_0065775,3
ISIC_0065781,3
ISIC_0065786,3
ISIC_0065788,3
ISIC_0065801,3
ISIC_0065806,3
ISIC_0065807,3
ISIC_0065813,3
ISIC_0065823,3
ISIC_0065825,3
ISIC_0065843,3
ISIC_0065853,3
ISIC_0065858,3
ISIC_0065869,3
ISIC_0065870,3
ISIC_0065872,3
ISIC_0065889,3
ISIC_0065895,3
ISIC_0065904,3
ISIC_0065918,3
ISIC_0065927,3
ISIC_0065928,3
ISIC_0065932,3
ISIC_0065943,3
ISIC_0065944,3
ISIC_0065945,-1
ISIC_0065961,3
ISIC_0065969,3
ISIC_0065974,3
ISIC_0065997,3
ISIC_0066001,3
ISIC_0066019,3
ISIC_0066047,3
ISIC_0066058,3
ISIC_0066061,3
ISIC_0066066,3
ISIC_0066069,3
ISIC_0066075,3
ISIC_0066085,3
ISIC_0066093,3
ISIC_0066094,3
ISIC_0066098,3
ISIC_0066101,3
ISIC_0066102,3
ISIC_0066106,3
ISIC_0066109,-1
ISIC_0066116,3
ISIC_0066124,3
ISIC_0066127,3
ISIC_0066136,3
ISIC_0066143,3
ISIC_0066146,3
ISIC_0066154,3
ISIC_0066161,3
ISIC_0066165,3
ISIC_0066181,3
ISIC_0066185,3
ISIC_0066191,3
ISIC_0066200,3
ISIC_0066203,3
ISIC_0066204,3
ISIC_0066209,3
ISIC_0066217,3
ISIC_0066226,3
ISIC_0066244,3
ISIC_0066289,3
ISIC_0066307,3
ISIC_0066308,3
ISIC_0066316,-1
ISIC_0066320,3
ISIC_0066325,3
ISIC_0066332,-1
ISIC_0066336,3
ISIC_0066338,3
ISIC_0066350,3
ISIC_0066352,3
ISIC_0066358,3
ISIC_0066359,3
ISIC_0066375,3
ISIC_0066376,3
ISIC_0066378,3
ISIC_0066379,3
ISIC_0066382,3
ISIC_0066384,3
ISIC_0066390,3
ISIC_0066394,3
ISIC_0066399,3
ISIC_0066401,3
ISIC_0066403,3
ISIC_0066412,3
ISIC_0066422,3
ISIC_0066423,3
ISIC_0066426,3
ISIC_0066428,3
ISIC_0066430,3
ISIC_0066448,3
ISIC_0066470,3
ISIC_0066476,3
ISIC_0066481,3
ISIC_0066483,3
ISIC_0066492,3
ISIC_0066497,3
ISIC_0066499,3
ISIC_0066500,3
ISIC_0066505,3
ISIC_0066506,3
ISIC_0066515,3
ISIC_0066516,3
ISIC_0066518,3
ISIC_0066519,3
ISIC_0066520,3
ISIC_0066532,3
ISIC_0066533,3
ISIC_0066535,3
ISIC_0066560,3
ISIC_0066564,3
ISIC_0066568,3
ISIC_0066588,3
ISIC_0066589,3
ISIC_0066593,3
ISIC_0066603,3
ISIC_0066609,3
ISIC_0066612,3
ISIC_0066613,3
ISIC_0066626,3
ISIC_0066627,3
ISIC_0066629,3
ISIC_0066631,3
ISIC_0066633,3
ISIC_0066637,3
ISIC_0066649,3
ISIC_0066650,3
ISIC_0066662,3
ISIC_0066671,3
ISIC_0066678,3
ISIC_0066690,3
ISIC_0066693,3
ISIC_0066710,3
ISIC_0066716,3
ISIC_0066722,3
ISIC_0066733,3
ISIC_0066744,3
ISIC_0066750,3
ISIC_0066756,3
ISIC_0066766,3
ISIC_0066767,3
ISIC_0066769,3
ISIC_0066776,3
ISIC_0066783,3
ISIC_0066792,3
ISIC_0066802,3
ISIC_0066811,3
ISIC_0066815,3
ISIC_0066844,3
ISIC_0066845,3
ISIC_0066848,3
ISIC_0066854,3
ISIC_0066855,3
ISIC_0066860,3
ISIC_0066863,3
ISIC_0066865,3
ISIC_0066867,3
ISIC_0066869,3
ISIC_0066882,3
ISIC_0066886,3
ISIC_0066907,3
ISIC_0066910,3
ISIC_0066918,3
ISIC_0066921,3
ISIC_0066927,3
ISIC_0066931,3
ISIC_0066933,3
ISIC_0066935,3
ISIC_0066947,3
ISIC_0066952,3
ISIC_0066969,3
ISIC_0066977,3
ISIC_0066994,3
ISIC_0067005,3
ISIC_0067008,3
ISIC_0067009,3
ISIC_0067054,3
ISIC_0067062,3
ISIC_0067069,3
ISIC_0067083,3
ISIC_0067101,3
ISIC_0067120,3
ISIC_0067126,3
ISIC_0067129,3
ISIC_0067134,3
ISIC_0067151,-1
ISIC_0067159,3
ISIC_0067160,-1
ISIC_0067167,3
ISIC_0067171,3
ISIC_0067188,3
ISIC_0067191,3
ISIC_0067193,3
ISIC_0067194,3
ISIC_0067197,3
ISIC_0067200,3
ISIC_0067202,3
ISIC_0067206,3
ISIC_0067208,3
ISIC_0067210,3
ISIC_0067225,3
ISIC_0067233,-1
ISIC_0067235,3
ISIC_0067240,3
ISIC_0067248,3
ISIC_0067253,3
ISIC_0067274,3
ISIC_0067276,3
ISIC_0067284,3
ISIC_0067308,3
ISIC_0067317,3
ISIC_0067318,-1
ISIC_0067325,3
ISIC_0067333,3
ISIC_0067335,3
ISIC_0067339,3
ISIC_0067347,3
ISIC_0067350,3
ISIC_0067353,3
ISIC_0067365,3
ISIC_0067367,3
ISIC_0067375,3
ISIC_0067395,3
ISIC_0067404,3
ISIC_0067405,3
ISIC_0067417,3
ISIC_0067418,3
ISIC_0067438,3
ISIC_0067443,3
ISIC_0067452,3
ISIC_0067458,3
ISIC_0067460,3
ISIC_0067461,3
ISIC_0067466,-1
ISIC_0067485,-1
ISIC_0067488,3
ISIC_0067489,3
ISIC_0067495,3
ISIC_0067502,3
ISIC_0067504,3
ISIC_0067510,3
ISIC_0067511,3
ISIC_0067513,3
ISIC_0067515,3
ISIC_0067518,3
ISIC_0067521,3
ISIC_0067534,3
ISIC_0067536,3
ISIC_0067543,3
ISIC_0067549,3
ISIC_0067553,3
ISIC_0067564,3
ISIC_0067565,3
ISIC_0067566,3
ISIC_0067576,3
ISIC_0067577,3
ISIC_0067598,3
ISIC_0067601,3
ISIC_0067602,3
ISIC_0067619,3
ISIC_0067625,3
ISIC_0067629,3
ISIC_0067630,-1
ISIC_0067636,3
ISIC_0067653,3
ISIC_0067655,3
ISIC_0067667,3
ISIC_0067671,3
ISIC_0067685,3
ISIC_0067689,3
ISIC_0067695,3
ISIC_0067696,3
ISIC_0067697,3
ISIC_0067704,3
ISIC_0067711,3
ISIC_0067716,3
ISIC_0067719,3
ISIC_0067722,3
ISIC_0067731,3
ISIC_0067733,3
ISIC_0067743,3
ISIC_0067747,3
ISIC_0067756,3
ISIC_0067757,3
ISIC_0067758,3
ISIC_0067776,3
ISIC_0067782,3
ISIC_0067789,3
ISIC_0067798,3
ISIC_0067804,3
ISIC_0067805,3
ISIC_0067808,3
ISIC_0067816,3
ISIC_0067821,3
ISIC_0067825,3
ISIC_0067830,3
ISIC_0067831,3
ISIC_0067836,3
ISIC_0067843,3
ISIC_0067845,3
ISIC_0067847,3
ISIC_0067849,3
ISIC_0067857,3
ISIC_0067873,3
ISIC_0067885,3
ISIC_0067889,3
ISIC_0067890,3
ISIC_0067891,3
ISIC_0067893,3
ISIC_0067896,3
ISIC_0067897,3
ISIC_0067902,3
ISIC_0067905,3
ISIC_0067933,3
ISIC_0067934,3
ISIC_0067947,3
ISIC_0067949,3
ISIC_0067952,3
ISIC_0067953,3
ISIC_0067960,3
ISIC_0067969,3
ISIC_0067972,3
ISIC_0067979,3
ISIC_0068000,3
ISIC_0068003,3
ISIC_0068011,3
ISIC_0068012,3
ISIC_0068013,3
ISIC_0068015,3
ISIC_0068023,3
ISIC_0068043,3
ISIC_0068048,-1
ISIC_0068055,3
ISIC_0068060,3
ISIC_0068064,3
ISIC_0068069,3
ISIC_0068073,3
ISIC_0068080,3
ISIC_0068107,3
ISIC_0068114,3
ISIC_0068117,3
ISIC_0068118,3
ISIC_0068119,3
ISIC_0068121,3
ISIC_0068128,-1
ISIC_0068129,3
ISIC_0068137,3
ISIC_0068143,3
ISIC_0068152,3
ISIC_0068153,3
ISIC_0068164,3
ISIC_0068166,3
ISIC_0068178,3
ISIC_0068188,3
ISIC_0068189,3
ISIC_0068200,3
ISIC_0068202,3
ISIC_0068206,3
ISIC_0068209,3
ISIC_0068211,3
ISIC_0068218,3
ISIC_0068227,3
ISIC_0068233,3
ISIC_0068234,-1
ISIC_0068239,3
ISIC_0068247,3
ISIC_0068252,3
ISIC_0068273,3
ISIC_0068275,3
ISIC_0068276,3
ISIC_0068282,3
ISIC_0068290,3
ISIC_0068291,3
ISIC_0068294,3
ISIC_0068299,3
ISIC_0068303,3
ISIC_0068315,3
ISIC_0068318,3
ISIC_0068321,3
ISIC_0068331,3
ISIC_0068343,-1
ISIC_0068347,3
ISIC_0068382,3
ISIC_0068383,3
ISIC_0068385,3
ISIC_0068393,3
ISIC_0068396,3
ISIC_0068403,3
ISIC_0068407,3
ISIC_0068411,3
ISIC_0068427,3
ISIC_0068438,3
ISIC_0068452,3
ISIC_0068460,3
ISIC_0068463,3
ISIC_0068465,3
ISIC_0068468,3
ISIC_0068488,3
ISIC_0068513,3
ISIC_0068524,3
ISIC_0068527,3
ISIC_0068528,3
ISIC_0068537,3
ISIC_0068555,3
ISIC_0068560,3
ISIC_0068576,3
ISIC_0068578,3
ISIC_0068581,3
ISIC_0068583,3
ISIC_0068584,3
ISIC_0068586,3
ISIC_0068609,3
ISIC_0068614,-1
ISIC_0068616,3
ISIC_0068617,3
ISIC_0068627,3
ISIC_0068628,3
ISIC_0068629,-1
ISIC_0068633,3
ISIC_0068638,3
ISIC_0068660,3
ISIC_0068682,3
ISIC_0068700,3
ISIC_0068715,3
ISIC_0068717,3
ISIC_0068721,3
ISIC_0068727,3
ISIC_0068730,3
ISIC_0068744,3
ISIC_0068747,3
ISIC_0068759,3
ISIC_0068760,3
ISIC_0068761,3
ISIC_0068766,3
ISIC_0068776,3
ISIC_0068778,3
ISIC_0068800,3
ISIC_0068808,3
ISIC_0068817,3
ISIC_0068818,3
ISIC_0068819,3
ISIC_0068840,3
ISIC_0068850,3
ISIC_0068851,3
ISIC_0068874,3
ISIC_0068881,3
ISIC_0068882,3
ISIC_0068884,3
ISIC_0068895,3
ISIC_0068897,3
ISIC_0068900,3
ISIC_0068905,3
ISIC_0068907,3
ISIC_0068911,3
ISIC_0068917,3
ISIC_0068921,3
ISIC_0068924,3
ISIC_0068928,3
ISIC_0068929,3
ISIC_0068931,3
ISIC_0068936,-1
ISIC_0068941,3
ISIC_0068961,3
ISIC_0068962,3
ISIC_0068966,3
ISIC_0068975,3
ISIC_0068979,3
ISIC_0068981,3
ISIC_0068993,3
ISIC_0069003,-1
ISIC_0069008,3
ISIC_0069024,3
ISIC_0069028,3
ISIC_0069029,3
ISIC_0069042,3
ISIC_0069058,3
ISIC_0069059,3
ISIC_0069062,3
ISIC_0069065,3
ISIC_0069068,3
ISIC_0069070,3
ISIC_0069072,3
ISIC_0069076,3
ISIC_0069077,3
ISIC_0069091,3
ISIC_0069093,3
ISIC_0069102,3
ISIC_0069105,3
ISIC_0069108,3
ISIC_0069112,3
ISIC_0069119,3
ISIC_0069148,3
ISIC_0069156,3
ISIC_0069158,3
ISIC_0069165,3
ISIC_0069167,3
ISIC_0069179,3
ISIC_0069192,3
ISIC_0069197,3
ISIC_0069199,3
ISIC_0069204,3
ISIC_0069210,3
ISIC_0069230,3
ISIC_0069238,3
ISIC_0069245,3
ISIC_0069246,3
ISIC_0069248,3
ISIC_0069257,3
ISIC_0069262,3
ISIC_0069264,3
ISIC_0069267,3
ISIC_0069273,3
ISIC_0069277,3
ISIC_0069292,3
ISIC_0069293,3
ISIC_0069315,3
ISIC_0069358,3
ISIC_0069361,3
ISIC_0069365,3
ISIC_0069369,3
ISIC_0069380,3
ISIC_0069385,3
ISIC_0069386,3
ISIC_0069391,3
ISIC_0069395,3
ISIC_0069402,3
ISIC_0069411,3
ISIC_0069416,3
ISIC_0069432,3
ISIC_0069437,3
ISIC_0069457,3
ISIC_0069459,3
ISIC_0069466,3
ISIC_0069473,3
ISIC_0069475,3
ISIC_0069479,3
ISIC_0069481,3
ISIC_0069488,3
ISIC_0069504,3
ISIC_0069508,3
ISIC_0069509,3
ISIC_0069511,3
ISIC_0069514,-1
ISIC_0069515,3
ISIC_0069536,3
ISIC_0069540,3
ISIC_0069573,3
ISIC_0069583,3
ISIC_0069591,3
ISIC_0069592,3
ISIC_0069595,3
ISIC_0069617,3
ISIC_0069620,3
ISIC_0069622,3
ISIC_0069624,3
ISIC_0069626,3
ISIC_0069635,3
ISIC_0069638,3
ISIC_0069657,3
ISIC_0069660,3
ISIC_0069668,3
ISIC_0069669,3
ISIC_0069671,3
ISIC_0069705,3
ISIC_0069727,3
ISIC_0069733,3
ISIC_0069736,3
ISIC_0069743,3
ISIC_0069747,3
ISIC_0069775,-1
ISIC_0069791,3
ISIC_0069810,3
ISIC_0069819,3
ISIC_0069821,3
ISIC_0069833,3
ISIC_0069841,3
ISIC_0069851,3
ISIC_0069859,3
ISIC_0069860,3
ISIC_0069864,3
ISIC_0069873,3
ISIC_0069889,3
ISIC_0069891,3
ISIC_0069908,3
ISIC_0069918,3
ISIC_0069920,3
ISIC_0069922,3
ISIC_0069929,3
ISIC_0069946,3
ISIC_0069951,3
ISIC_0069958,3
ISIC_0069967,3
ISIC_0069970,3
ISIC_0069977,3
ISIC_0069984,3
ISIC_0069986,3
ISIC_0069988,3
ISIC_0069995,3
ISIC_0070006,3
ISIC_0070012,3
ISIC_0070017,3
ISIC_0070018,3
ISIC_0070032,3
ISIC_0070045,3
ISIC_0070049,3
ISIC_0070050,3
ISIC_0070051,3
ISIC_0070061,3
ISIC_0070068,3
ISIC_0070089,3
ISIC_0070092,3
ISIC_0070093,3
ISIC_0070095,3
ISIC_0070105,3
ISIC_0070107,3
ISIC_0070108,3
ISIC_0070109,3
ISIC_0070110,3
ISIC_0070114,3
ISIC_0070120,3
ISIC_0070123,3
ISIC_0070129,3
ISIC_0070137,3
ISIC_0070139,3
ISIC_0070141,3
ISIC_0070149,3
ISIC_0070170,3
ISIC_0070172,3
ISIC_0070207,3
ISIC_0070215,3
ISIC_0070217,3
ISIC_0070220,3
ISIC_0070227,3
ISIC_0070235,3
ISIC_0070248,3
ISIC_0070250,3
ISIC_0070253,3
ISIC_0070262,3
ISIC_0070274,3
ISIC_0070303,3
ISIC_0070308,-1
ISIC_0070313,3
ISIC_0070316,3
ISIC_0070327,3
ISIC_0070341,3
ISIC_0070342,3
ISIC_0070344,3
ISIC_0070347,3
ISIC_0070351,3
ISIC_0070352,3
ISIC_0070362,3
ISIC_0070363,3
ISIC_0070366,3
ISIC_0070371,3
ISIC_0070374,3
ISIC_0070380,3
ISIC_0070387,3
ISIC_0070396,3
ISIC_0070400,3
ISIC_0070403,3
ISIC_0070414,3
ISIC_0070419,3
ISIC_0070427,3
ISIC_0070431,3
ISIC_0070433,3
ISIC_0070435,3
ISIC_0070439,3
ISIC_0070441,3
ISIC_0070442,3
ISIC_0070446,3
ISIC_0070447,3
ISIC_0070454,3
ISIC_0070465,3
ISIC_0070477,3
ISIC_0070480,3
ISIC_0070489,3
ISIC_0070501,3
ISIC_0070517,-1
ISIC_0070520,3
ISIC_0070521,3
ISIC_0070549,3
ISIC_0070551,3
ISIC_0070553,3
ISIC_0070566,3
ISIC_0070572,-1
ISIC_0070578,3
ISIC_0070581,3
ISIC_0070585,3
ISIC_0070588,3
ISIC_0070593,3
ISIC_0070595,3
ISIC_0070596,3
ISIC_0070601,3
ISIC_0070611,3
ISIC_0070614,3
ISIC_0070623,3
ISIC_0070629,3
ISIC_0070653,3
ISIC_0070657,3
ISIC_0070658,3
ISIC_0070666,3
ISIC_0070689,3
ISIC_0070702,3
ISIC_0070709,3
ISIC_0070710,3
ISIC_0070711,3
ISIC_0070724,3
ISIC_0070727,3
ISIC_0070731,3
ISIC_0070743,3
ISIC_0070745,3
ISIC_0070747,3
ISIC_0070752,3
ISIC_0070756,3
ISIC_0070778,3
ISIC_0070784,3
ISIC_0070794,3
ISIC_0070799,3
ISIC_0070801,3
ISIC_0070805,3
ISIC_0070809,-1
ISIC_0070814,3
ISIC_0070815,3
ISIC_0070816,3
ISIC_0070822,3
ISIC_0070837,3
ISIC_0070842,3
ISIC_0070846,3
ISIC_0070852,3
ISIC_0070867,3
ISIC_0070871,3
ISIC_0070886,3
ISIC_0070888,3
ISIC_0070910,3
ISIC_0070913,3
ISIC_0070916,3
ISIC_0070920,3
ISIC_0070927,3
ISIC_0070938,3
ISIC_0070940,3
ISIC_0070959,3
ISIC_0070961,3
ISIC_0070973,3
ISIC_0070974,3
ISIC_0070976,3
ISIC_0070984,3
ISIC_0070990,3
ISIC_0070992,3
ISIC_0070998,3
ISIC_0071006,3
ISIC_0071012,3
ISIC_0071017,3
ISIC_0071035,3
ISIC_0071043,3
ISIC_0071045,3
ISIC_0071047,3
ISIC_0071048,3
ISIC_0071067,3
ISIC_0071069,3
ISIC_0071074,3
ISIC_0071089,3
ISIC_0071095,3
ISIC_0071101,-1
ISIC_0071109,-1
ISIC_0071111,3
ISIC_0071119,3
ISIC_0071122,3
ISIC_0071124,3
ISIC_0071132,3
ISIC_0071133,3
ISIC_0071134,3
ISIC_0071137,3
ISIC_0071138,3
ISIC_0071142,3
ISIC_0071169,3
ISIC_0071176,3
ISIC_0071178,3
ISIC_0071180,3
ISIC_0071196,3
ISIC_0071208,-1
ISIC_0071215,3
ISIC_0071218,3
ISIC_0071238,3
ISIC_0071240,3
ISIC_0071245,3
ISIC_0071253,3
ISIC_0071257,3
ISIC_0071258,3
ISIC_0071260,3
ISIC_0071271,3
ISIC_0071289,3
ISIC_0071290,3
ISIC_0071303,3
ISIC_0071311,3
ISIC_0071315,3
ISIC_0071335,3
ISIC_0071342,3
ISIC_0071346,3
ISIC_0071357,3
ISIC_0071361,3
ISIC_0071388,3
ISIC_0071392,3
ISIC_0071395,3
ISIC_0071401,3
ISIC_0071404,3
ISIC_0071420,3
ISIC_0071430,3
ISIC_0071431,3
ISIC_0071443,3
ISIC_0071458,3
ISIC_0071470,3
ISIC_0071476,3
ISIC_0071478,3
ISIC_0071528,3
ISIC_0071534,3
ISIC_0071550,3
ISIC_0071558,3
ISIC_0071559,3
ISIC_0071563,3
ISIC_0071568,3
ISIC_0071576,3
ISIC_0071579,3
ISIC_0071580,3
ISIC_0071583,3
ISIC_0071584,3
ISIC_0071586,3
ISIC_0071592,3
ISIC_0071594,3
ISIC_0071596,3
ISIC_0071600,3
ISIC_0071628,3
ISIC_0071632,3
ISIC_0071648,3
ISIC_0071651,3
ISIC_0071663,3
ISIC_0071666,3
ISIC_0071668,3
ISIC_0071673,3
ISIC_0071678,3
ISIC_0071702,3
ISIC_0071707,3
ISIC_0071713,3
ISIC_0071717,3
ISIC_0071720,3
ISIC_0071725,3
ISIC_0071726,3
ISIC_0071740,3
ISIC_0071765,3
ISIC_0071766,3
ISIC_0071767,3
ISIC_0071774,3
ISIC_0071776,3
ISIC_0071778,3
ISIC_0071782,3
ISIC_0071783,3
ISIC_0071784,3
ISIC_0071788,3
ISIC_0071797,3
ISIC_0071800,3
ISIC_0071806,3
ISIC_0071808,3
ISIC_0071815,3
ISIC_0071834,3
ISIC_0071857,3
ISIC_0071865,3
ISIC_0071869,3
ISIC_0071875,3
ISIC_0071891,3
ISIC_0071892,3
ISIC_0071901,3
ISIC_0071904,3
ISIC_0071906,3
ISIC_0071916,3
ISIC_0071926,3
ISIC_0071931,3
ISIC_0071936,3
ISIC_0071939,3
ISIC_0071944,3
ISIC_0071950,3
ISIC_0071951,3
ISIC_0071957,3
ISIC_0071970,3
ISIC_0071972,3
ISIC_0071992,3
ISIC_0071996,3
ISIC_0071997,3
ISIC_0072001,3
ISIC_0072002,3
ISIC_0072003,3
ISIC_0072004,3
ISIC_0072006,3
ISIC_0072010,3
ISIC_0072021,3
ISIC_0072030,3
ISIC_0072032,3
ISIC_0072041,3
ISIC_0072051,3
ISIC_0072061,3
ISIC_0072063,3
ISIC_0072065,3
ISIC_0072069,3
ISIC_0072077,3
ISIC_0072078,3
ISIC_0072087,3
ISIC_0072090,3
ISIC_0072099,3
ISIC_0072101,3
ISIC_0072103,3
ISIC_0072109,3
ISIC_0072111,3
ISIC_0072121,3
ISIC_0072122,3
ISIC_0072126,3
ISIC_0072142,3
ISIC_0072151,3
ISIC_0072154,3
ISIC_0072156,3
ISIC_0072157,3
ISIC_0072166,3
ISIC_0072173,3
ISIC_0072174,3
ISIC_0072178,3
ISIC_0072182,3
ISIC_0072188,3
ISIC_0072195,3
ISIC_0072198,3
ISIC_0072215,3
ISIC_0072218,3
ISIC_0072223,3
ISIC_0072226,3
ISIC_0072230,3
ISIC_0072241,3
ISIC_0072242,3
ISIC_0072252,3
ISIC_0072268,3
ISIC_0072271,3
ISIC_0072279,3
ISIC_0072280,3
ISIC_0072286,3
ISIC_0072287,3
ISIC_0072294,3
ISIC_0072297,3
ISIC_0072299,3
ISIC_0072301,3
ISIC_0072315,3
ISIC_0072330,3
ISIC_0072339,3
ISIC_0072344,3
ISIC_0072348,3
ISIC_0072353,3
ISIC_0072354,3
ISIC_0072358,3
ISIC_0072360,3
ISIC_0072363,3
ISIC_0072369,-1
ISIC_0072371,3
ISIC_0072374,3
ISIC_0072375,3
ISIC_0072377,3
ISIC_0072380,3
ISIC_0072396,3
ISIC_0072401,3
ISIC_0072405,3
ISIC_0072411,3
ISIC_0072415,3
ISIC_0072422,3
ISIC_0072429,3
ISIC_0072437,3
ISIC_0072439,3
ISIC_0072440,3
ISIC_0072441,3
ISIC_0072473,3
ISIC_0072482,3
ISIC_0072494,3
ISIC_0072495,3
ISIC_0072507,3
ISIC_0072508,3
ISIC_0072516,3
ISIC_0072522,3
ISIC_0072523,3
ISIC_0072531,3
ISIC_0072534,3
ISIC_0072535,3
ISIC_0072538,3
ISIC_0072557,3
ISIC_0072559,3
ISIC_0072565,3
ISIC_0072568,3
ISIC_0072569,3
ISIC_0072574,3
ISIC_0072585,3
ISIC_0072586,3
ISIC_0072594,3
ISIC_0072595,3
ISIC_0072612,-1
ISIC_0072619,3
ISIC_0072624,3
ISIC_0072626,3
ISIC_0072631,-1
ISIC_0072641,3
ISIC_0072642,3
ISIC_0072653,3
ISIC_0072689,-1
ISIC_0072691,3
ISIC_0072694,3
ISIC_0072705,3
ISIC_0072713,3
ISIC_0072714,3
ISIC_0072730,3
ISIC_0072733,3
ISIC_0072738,3
ISIC_0072743,3
ISIC_0072747,3
ISIC_0072748,3
ISIC_0072753,3
ISIC_0072755,3
ISIC_0072758,3
ISIC_0072763,-1
ISIC_0072768,3
ISIC_0072773,3
ISIC_0072780,3
ISIC_0072783,3
ISIC_0072785,-1
ISIC_0072793,3
ISIC_0072799,3
ISIC_0072820,3
ISIC_0072824,3
ISIC_0072827,3
ISIC_0072828,3
ISIC_0072843,3
ISIC_0072844,3
ISIC_0072845,3
ISIC_0072862,3
ISIC_0072865,3
ISIC_0072872,3
ISIC_0072876,3
ISIC_0072887,3
ISIC_0072889,3
ISIC_0072896,-1
ISIC_0072909,3
ISIC_0072917,3
ISIC_0072923,3
ISIC_0072924,3
ISIC_0072930,3
ISIC_0072939,3
ISIC_0072961,3
ISIC_0072966,3
ISIC_0072968,3
ISIC_0072976,3
ISIC_0072977,3
ISIC_0072983,3
ISIC_0072985,3
ISIC_0072990,3
ISIC_0072991,3
ISIC_0073007,3
ISIC_0073016,3
ISIC_0073018,3
ISIC_0073038,-1
ISIC_0073044,3
ISIC_0073054,3
ISIC_0073065,3
ISIC_0073075,3
ISIC_0073078,3
ISIC_0073089,3
ISIC_0073102,3
ISIC_0073119,3
ISIC_0073124,3
ISIC_0073127,3
ISIC_0073134,3
ISIC_0073136,3
ISIC_0073143,3
ISIC_0073147,3
ISIC_0073156,3
ISIC_0073173,3
ISIC_0073190,3
ISIC_0073191,3
ISIC_0073194,-1
ISIC_0073203,3
ISIC_0073204,3
ISIC_0073218,3
ISIC_0073227,3
ISIC_0073231,3
ISIC_0073237,3
ISIC_0073238,3
ISIC_0073241,3
ISIC_0073249,3
ISIC_0077281,3
ISIC_0080539,3
ISIC_0124902,3
ISIC_0133200,3
ISIC_0140502,3
ISIC_0149568,1
ISIC_0151466,3
ISIC_0168716,3
ISIC_0178428,3
ISIC_0186998,3
ISIC_0188432,3
ISIC_0202119,3
ISIC_0202238,3
ISIC_0207268,3
ISIC_0220438,3
ISIC_0232101,1
ISIC_0245720,3
ISIC_0247330,3
ISIC_0250839,1
ISIC_0255566,1
ISIC_0261253,3
ISIC_0269622,3
ISIC_0272509,1
ISIC_0273046,3
ISIC_0274382,3
ISIC_0274411,3
ISIC_0280912,1
ISIC_0286360,1
ISIC_0287325,3
ISIC_0292899,3
ISIC_0294150,3
ISIC_0308880,3
ISIC_0320008,3
ISIC_0323009,3
ISIC_0327070,3
ISIC_0327406,3
ISIC_0333091,1
ISIC_0337631,1
ISIC_0346815,3
ISIC_0351666,1
ISIC_0353247,3
ISIC_0369831,3
ISIC_0375034,3
ISIC_0393283,3
ISIC_0404417,3
ISIC_0429825,3
ISIC_0450792,3
ISIC_0450997,3
ISIC_0456176,1
ISIC_0457344,3
ISIC_0467617,1
ISIC_0470699,1
ISIC_0472123,3
ISIC_0474387,3
ISIC_0481105,3
ISIC_0489267,3
ISIC_0501108,3
ISIC_0502582,3
ISIC_0504165,1
ISIC_0508777,3
ISIC_0528044,0
ISIC_0533122,3
ISIC_0542765,3
ISIC_0553265,3
ISIC_0558060,3
ISIC_0559335,1
ISIC_0572205,3
ISIC_0585534,3
ISIC_0587728,1
ISIC_0588352,1
ISIC_0598073,3
ISIC_0599463,3
ISIC_0599605,3
ISIC_0602633,1
ISIC_0606244,3
ISIC_0616448,0
ISIC_0624498,3
ISIC_0638700,3
ISIC_0639769,1
ISIC_0645454,3
ISIC_0647224,3
ISIC_0648545,3
ISIC_0651228,3
ISIC_0662000,3
ISIC_0662485,3
ISIC_0681019,3
ISIC_0699088,3
ISIC_0703440,1
ISIC_0705477,3
ISIC_0715696,3
ISIC_0722605,3
ISIC_0744013,3
ISIC_0750046,3
ISIC_0758444,3
ISIC_0779920,0
ISIC_0789191,3
ISIC_0799972,3
ISIC_0823269,3
ISIC_0831898,3
ISIC_0833889,3
ISIC_0844312,1
ISIC_0851414,3
ISIC_0852832,-1
ISIC_0855174,3
ISIC_0862745,3
ISIC_0873174,3
ISIC_0903411,3
ISIC_0911264,3
ISIC_0914168,3
ISIC_0915404,3
ISIC_0924427,3
ISIC_0929180,3
ISIC_0946787,3
ISIC_0952472,3
ISIC_0953317,3
ISIC_0959325,3
ISIC_0961235,3
ISIC_0961778,0
ISIC_0962121,3
ISIC_0969723,1
ISIC_0981639,3
ISIC_0984817,3
ISIC_0990298,3
ISIC_1000616,3
ISIC_1009042,3
ISIC_1012044,3
ISIC_1023256,1
ISIC_1037315,3
ISIC_1040820,3
ISIC_1047011,3
ISIC_1056436,3
ISIC_1068686,3
ISIC_1071355,3
ISIC_1077735,3
ISIC_1091442,3
ISIC_1099075,3
ISIC_1110583,0
ISIC_1110743,3
ISIC_1116303,3
ISIC_1116483,3
ISIC_1121888,3
ISIC_1124434,3
ISIC_1126401,3
ISIC_1132496,3
ISIC_1157032,1
ISIC_1166740,3
ISIC_1177153,1
ISIC_1177505,3
ISIC_1192769,3
ISIC_1201025,3
ISIC_1203272,0
ISIC_1210011,3
ISIC_1231419,3
ISIC_1234126,3
ISIC_1235469,3
ISIC_1241817,3
ISIC_1247683,3
ISIC_1254469,3
ISIC_1255336,1
ISIC_1262790,3
ISIC_1264034,3
ISIC_1269448,3
ISIC_1271507,3
ISIC_1297252,3
ISIC_1301476,3
ISIC_1320438,3
ISIC_1330008,3
ISIC_1330381,3
ISIC_1338061,3
ISIC_1343302,3
ISIC_1356715,3
ISIC_1372928,3
ISIC_1388552,0
ISIC_1389226,3
ISIC_1398333,3
ISIC_1400695,3
ISIC_1412843,3
ISIC_1423737,3
ISIC_1427295,3
ISIC_1427578,1
ISIC_1440160,3
ISIC_1449628,3
ISIC_1452632,3
ISIC_1454751,3
ISIC_1460169,3
ISIC_1460932,3
ISIC_1473522,3
ISIC_1483720,-1
ISIC_1484659,3
ISIC_1486861,3
ISIC_1490894,3
ISIC_1558504,3
ISIC_1560324,1
ISIC_1564663,3
ISIC_1566428,1
ISIC_1569119,-1
ISIC_1578878,3
ISIC_1589997,3
ISIC_1601532,3
ISIC_1605629,1
ISIC_1605945,3
ISIC_1616031,1
ISIC_1620401,3
ISIC_1627619,1
ISIC_1630301,1
ISIC_1633321,3
ISIC_1635231,3
ISIC_1642069,3
ISIC_1654342,1
ISIC_1658397,3
ISIC_1670692,1
ISIC_1675975,3
ISIC_1684127,1
ISIC_1685962,3
ISIC_1693572,3
ISIC_1694285,1
ISIC_1694817,3
ISIC_1698942,3
ISIC_1699688,3
ISIC_1701883,3
ISIC_1706912,3
ISIC_1728564,3
ISIC_1729223,3
ISIC_1729396,3
ISIC_1733178,3
ISIC_1752943,1
ISIC_1753011,3
ISIC_1764844,3
ISIC_1776777,3
ISIC_1778959,3
ISIC_1785627,1
ISIC_1791643,3
ISIC_1810807,3
ISIC_1813577,3
ISIC_1814941,3
ISIC_1816965,3
ISIC_1818238,3
ISIC_1822107,3
ISIC_1822797,3
ISIC_1850674,3
ISIC_1866770,3
ISIC_1870415,1
ISIC_1876217,3
ISIC_1881133,1
ISIC_1908890,3
ISIC_1909053,3
ISIC_1910468,3
ISIC_1916169,3
ISIC_1930795,3
ISIC_1935227,3
ISIC_1939413,3
ISIC_1948545,3
ISIC_1956504,1
ISIC_1959939,3
ISIC_1968416,3
ISIC_1968421,3
ISIC_1970988,3
ISIC_1975042,3
ISIC_1977937,3
ISIC_1994166,3
ISIC_2000766,3
ISIC_2003991,3
ISIC_2010889,3
ISIC_2033237,3
ISIC_2068188,3
ISIC_2070728,3
ISIC_2071966,3
ISIC_2072219,1
ISIC_2076526,3
ISIC_2077116,3
ISIC_2079571,3
ISIC_2097603,3
ISIC_2098553,3
ISIC_2101624,3
ISIC_2105563,1
ISIC_2108849,1
ISIC_2126660,3
ISIC_2128061,3
ISIC_2135474,3
ISIC_2141237,3
ISIC_2144690,3
ISIC_2149878,3
ISIC_2153041,3
ISIC_2153401,1
ISIC_2153686,1
ISIC_2170268,0
ISIC_2176112,3
ISIC_2177103,3
ISIC_2179705,3
ISIC_2185005,3
ISIC_2190396,1
ISIC_2196575,3
ISIC_2198823,3
ISIC_2200197,1
ISIC_2204976,3
ISIC_2211948,3
ISIC_2212637,3
ISIC_2220505,3
ISIC_2222084,3
ISIC_2226191,1
ISIC_2230091,1
ISIC_2232442,3
ISIC_2243107,3
ISIC_2243756,3
ISIC_2255411,3
ISIC_2267440,3
ISIC_2268341,1
ISIC_2272218,1
ISIC_2277714,3
ISIC_2286443,3
ISIC_2305541,3
ISIC_2309271,3
ISIC_2310935,3
ISIC_2318474,3
ISIC_2320481,3
ISIC_2337531,3
ISIC_2339295,3
ISIC_2339761,3
ISIC_2340958,3
ISIC_2341309,3
ISIC_2342769,1
ISIC_2351999,1
ISIC_2362051,3
ISIC_2364150,3
ISIC_2367098,3
ISIC_2368188,3
ISIC_2368449,3
ISIC_2377844,3
ISIC_2406492,3
ISIC_2412113,1
ISIC_2421565,3
ISIC_2425757,3
ISIC_2427899,3
ISIC_2433965,3
ISIC_2434588,1
ISIC_2437633,3
ISIC_2438481,3
ISIC_2447578,3
ISIC_2448897,3
ISIC_2465799,3
ISIC_2468476,0
ISIC_2481044,3
ISIC_2496140,3
ISIC_2505335,3
ISIC_2513018,3
ISIC_2525084,3
ISIC_2528358,3
ISIC_2535541,3
ISIC_2556057,3
ISIC_2558169,3
ISIC_2560699,3
ISIC_2561898,3
ISIC_2565206,1
ISIC_2574924,3
ISIC_2577849,1
ISIC_2594715,3
ISIC_2607827,3
ISIC_2609984,3
ISIC_2619021,3
ISIC_2637608,0
ISIC_2646829,1
ISIC_2663597,3
ISIC_2668481,3
ISIC_2685593,3
ISIC_2697083,1
ISIC_2700320,3
ISIC_2710427,3
ISIC_2717192,3
ISIC_2720971,3
ISIC_2724529,3
ISIC_2742711,3
ISIC_2750230,3
ISIC_2757332,3
ISIC_2757355,1
ISIC_2757370,3
ISIC_2766590,3
ISIC_2772824,1
ISIC_2776906,0
ISIC_2779036,3
ISIC_2792717,3
ISIC_2793180,3
ISIC_2797353,1
ISIC_2801005,3
ISIC_2814689,3
ISIC_2818959,3
ISIC_2822718,3
ISIC_2823287,1
ISIC_2824922,1
ISIC_2826181,3
ISIC_2837581,3
ISIC_2839742,3
ISIC_2841788,3
ISIC_2843665,3
ISIC_2844539,3
ISIC_2850215,3
ISIC_2857128,3
ISIC_2861132,3
ISIC_2863863,3
ISIC_2867416,3
ISIC_2867998,3
ISIC_2871230,1
ISIC_2879057,3
ISIC_2883463,1
ISIC_2883756,2
ISIC_2884038,3
ISIC_2884112,-1
ISIC_2900150,0
ISIC_2916754,3
ISIC_2937642,0
ISIC_2957465,3
ISIC_2957732,3
ISIC_2958480,3
ISIC_2966808,3
ISIC_2967024,3
ISIC_2974214,1
ISIC_2975580,1
ISIC_2979177,3
ISIC_2979268,3
ISIC_2979795,3
ISIC_2987613,3
ISIC_3016243,1
ISIC_3023646,1
ISIC_3025889,1
ISIC_3028754,3
ISIC_3030394,3
ISIC_3033701,3
ISIC_3035927,3
ISIC_3045480,3
ISIC_3045939,3
ISIC_3046271,3
ISIC_3056854,3
ISIC_3065032,1
ISIC_3068885,3
ISIC_3077674,3
ISIC_3084312,3
ISIC_3094758,3
ISIC_3108597,-1
ISIC_3110126,3
ISIC_3137117,3
ISIC_3143079,3
ISIC_3147084,3
ISIC_3159924,3
ISIC_3162213,3
ISIC_3174039,3
ISIC_3176105,3
ISIC_3192152,3
ISIC_3197211,3
ISIC_3203344,3
ISIC_3204703,3
ISIC_3207651,3
ISIC_3235131,3
ISIC_3236033,3
ISIC_3241636,3
ISIC_3244067,3
ISIC_3248418,3
ISIC_3249814,3
ISIC_3253484,3
ISIC_3259871,3
ISIC_3265514,3
ISIC_3268800,3
ISIC_3275875,0
ISIC_3281565,3
ISIC_3286186,3
ISIC_3301933,1
ISIC_3320667,3
ISIC_3323866,3
ISIC_3327928,3
ISIC_3331737,3
ISIC_3335354,3
ISIC_3335904,3
ISIC_3338629,3
ISIC_3343475,3
ISIC_3352464,3
ISIC_3381026,3
ISIC_3389695,3
ISIC_3391427,1
ISIC_3399306,1
ISIC_3404294,3
ISIC_3408231,3
ISIC_3412012,3
ISIC_3412801,3
ISIC_3427218,3
ISIC_3433909,1
ISIC_3435596,1
ISIC_3436033,3
ISIC_3440239,3
ISIC_3440759,3
ISIC_3446357,3
ISIC_3450017,3
ISIC_3464344,-1
ISIC_3469595,3
ISIC_3475660,1
ISIC_3476246,3
ISIC_3478473,3
ISIC_3481499,3
ISIC_3491406,3
ISIC_3510420,3
ISIC_3511086,3
ISIC_3517311,1
ISIC_3522656,3
ISIC_3535003,3
ISIC_3540915,3
ISIC_3541529,3
ISIC_3544253,3
ISIC_3544463,-1
ISIC_3545006,-1
ISIC_3559219,3
ISIC_3561065,1
ISIC_3570575,1
ISIC_3576876,1
ISIC_3578300,3
ISIC_3587674,3
ISIC_3590167,3
ISIC_3598192,3
ISIC_3622555,3
ISIC_3635831,3
ISIC_3642019,3
ISIC_3665449,3
ISIC_3666865,3
ISIC_3666967,3
ISIC_3667052,3
ISIC_3670069,3
ISIC_3677029,3
ISIC_3689252,0
ISIC_3690890,3
ISIC_3696488,3
ISIC_3698441,3
ISIC_3704603,3
ISIC_3719985,3
ISIC_3733653,3
ISIC_3736336,0
ISIC_3738751,1
ISIC_3740014,3
ISIC_3750329,3
ISIC_3763984,3
ISIC_3773277,3
ISIC_3775417,3
ISIC_3778192,3
ISIC_3783659,0
ISIC_3796317,3
ISIC_3803651,3
ISIC_3807230,3
ISIC_3817719,3
ISIC_3824206,3
ISIC_3842916,3
ISIC_3880022,3
ISIC_3883863,3
ISIC_3891136,3
ISIC_3895426,3
ISIC_3909039,3
ISIC_3915890,1
ISIC_3933164,3
ISIC_3936223,-1
ISIC_3941123,3
ISIC_3944634,3
ISIC_3951937,3
ISIC_3957660,3
ISIC_3963183,1
ISIC_3965087,3
ISIC_3969411,2
ISIC_3976496,0
ISIC_3979826,1
ISIC_3985031,3
ISIC_3993924,3
ISIC_3994385,3
ISIC_3996796,3
ISIC_4000481,3
ISIC_4005082,3
ISIC_4009870,1
ISIC_4027194,-1
ISIC_4048896,3
ISIC_4064478,3
ISIC_4092287,3
ISIC_4097868,3
ISIC_4117748,3
ISIC_4118006,3
ISIC_4119530,3
ISIC_4120174,-1
ISIC_4122691,3
ISIC_4152922,3
ISIC_4163686,1
ISIC_4168419,3
ISIC_4170698,3
ISIC_4171657,3
ISIC_4176718,-1
ISIC_4177450,3
ISIC_4184681,3
ISIC_4207959,3
ISIC_4210924,3
ISIC_4212047,3
ISIC_4212546,3
ISIC_4221304,0
ISIC_4223155,3
ISIC_4223497,3
ISIC_4229473,3
ISIC_4230049,3
ISIC_4235575,3
ISIC_4249493,3
ISIC_4258047,1
ISIC_4266533,1
ISIC_4276255,3
ISIC_4277953,3
ISIC_4282399,3
ISIC_4301676,3
ISIC_4301916,3
ISIC_4346693,-1
ISIC_4347535,3
ISIC_4349272,3
ISIC_4352505,3
ISIC_4359352,3
ISIC_4362713,-1
ISIC_4375866,3
ISIC_4377208,1
ISIC_4378189,1
ISIC_4398011,3
ISIC_4404772,1
ISIC_4407852,3
ISIC_4408559,3
ISIC_4408961,3
ISIC_4411858,3
ISIC_4412550,3
ISIC_4425322,3
ISIC_4425657,1
ISIC_4427247,3
ISIC_4439054,3
ISIC_4461272,3
ISIC_4464389,3
ISIC_4467312,3
ISIC_4469476,3
ISIC_4482349,3
ISIC_4485467,3
ISIC_4493482,3
ISIC_4508878,3
ISIC_4510530,3
ISIC_4525317,3
ISIC_4529513,3
ISIC_4530856,3
ISIC_4547332,0
ISIC_4572891,3
ISIC_4590186,3
ISIC_4597293,1
ISIC_4615762,3
ISIC_4619789,3
ISIC_4619903,3
ISIC_4633843,3
ISIC_4643793,3
ISIC_4647281,3
ISIC_4653503,3
ISIC_4676270,3
ISIC_4688289,3
ISIC_4691689,3
ISIC_4699695,3
ISIC_4703321,3
ISIC_4719387,3
ISIC_4730066,3
ISIC_4733114,-1
ISIC_4746369,3
ISIC_4750271,3
ISIC_4775986,-1
ISIC_4780727,3
ISIC_4781223,3
ISIC_4810142,1
ISIC_4810227,3
ISIC_4813568,3
ISIC_4839117,3
ISIC_4842587,3
ISIC_4851185,3
ISIC_4851366,1
ISIC_4867646,3
ISIC_4868339,-1
ISIC_4874581,3
ISIC_4891117,3
ISIC_4905375,1
ISIC_4907655,-1
ISIC_4916704,3
ISIC_4936662,3
ISIC_4938994,1
ISIC_4953281,3
ISIC_4957310,3
ISIC_4960784,0
ISIC_4961146,3
ISIC_4967361,3
ISIC_4967564,1
ISIC_4967586,3
ISIC_4968384,1
ISIC_4969277,3
ISIC_4975524,3
ISIC_4980656,3
ISIC_4981914,3
ISIC_4982046,3
ISIC_4985027,3
ISIC_5003828,3
ISIC_5010212,3
ISIC_5015551,3
ISIC_5019119,3
ISIC_5021861,3
ISIC_5024302,3
ISIC_5033005,3
ISIC_5036772,3
ISIC_5037784,3
ISIC_5044438,3
ISIC_5044571,1
ISIC_5045600,3
ISIC_5046082,3
ISIC_5082179,3
ISIC_5084113,3
ISIC_5086349,3
ISIC_5086721,3
ISIC_5089962,3
ISIC_5091996,3
ISIC_5095180,0
ISIC_5127249,3
ISIC_5129659,3
ISIC_5137933,3
ISIC_5140952,1
ISIC_5144687,3
ISIC_5147292,3
ISIC_5156491,3
ISIC_5163263,3
ISIC_5167209,3
ISIC_5172576,3
ISIC_5182952,3
ISIC_5191344,3
ISIC_5216586,1
ISIC_5224517,3
ISIC_5224960,1
ISIC_5247560,1
ISIC_5253746,3
ISIC_5258657,1
ISIC_5260050,3
ISIC_5267208,1
ISIC_5272223,3
ISIC_5273210,3
ISIC_5281117,3
ISIC_5286801,3
ISIC_5288393,3
ISIC_5289849,3
ISIC_5292024,3
ISIC_5296963,3
ISIC_5306850,0
ISIC_5312996,3
ISIC_5315062,3
ISIC_5330187,3
ISIC_5343231,3
ISIC_5350216,3
ISIC_5352496,3
ISIC_5356475,3
ISIC_5363974,3
ISIC_5367118,3
ISIC_5369000,1
ISIC_5388184,3
ISIC_5391607,3
ISIC_5391758,3
ISIC_5395518,3
ISIC_5415749,3
ISIC_5415761,3
ISIC_5418441,3
ISIC_5423259,3
ISIC_5425721,1
ISIC_5426249,3
ISIC_5434661,3
ISIC_5442968,3
ISIC_5449076,3
ISIC_5452980,3
ISIC_5461210,3
ISIC_5461797,3
ISIC_5481480,3
ISIC_5495413,3
ISIC_5505677,3
ISIC_5509679,3
ISIC_5511054,3
ISIC_5527224,3
ISIC_5531874,3
ISIC_5533992,3
ISIC_5534730,3
ISIC_5539423,0
ISIC_5541499,3
ISIC_5565758,1
ISIC_5573077,3
ISIC_5576354,2
ISIC_5581297,1
ISIC_5581931,3
ISIC_5582910,3
ISIC_5585090,1
ISIC_5602826,3
ISIC_5605645,3
ISIC_5608178,3
ISIC_5610304,3
ISIC_5612133,3
ISIC_5619562,-1
ISIC_5620802,3
ISIC_5628874,3
ISIC_5642824,1
ISIC_5646747,3
ISIC_5647607,3
ISIC_5648033,3
ISIC_5658925,3
ISIC_5664695,3
ISIC_5667461,1
ISIC_5669463,3
ISIC_5673518,3
ISIC_5699993,3
ISIC_5700648,3
ISIC_5704967,3
ISIC_5709512,3
ISIC_5711232,0
ISIC_5714835,3
ISIC_5719436,1
ISIC_5732201,1
ISIC_5744196,3
ISIC_5745126,3
ISIC_5747486,3
ISIC_5747942,3
ISIC_5752865,3
ISIC_5762714,3
ISIC_5763228,3
ISIC_5771780,3
ISIC_5774484,3
ISIC_5776649,1
ISIC_5785135,3
ISIC_5791954,3
ISIC_5795436,3
ISIC_5797062,3
ISIC_5801650,3
ISIC_5820693,3
ISIC_5829938,3
ISIC_5839875,3
ISIC_5841971,3
ISIC_5847821,1
ISIC_5862918,3
ISIC_5863574,3
ISIC_5864088,3
ISIC_5867911,3
ISIC_5868291,-1
ISIC_5889858,3
ISIC_5892763,3
ISIC_5912360,3
ISIC_5915244,3
ISIC_5920681,3
ISIC_5922588,0
ISIC_5983500,3
ISIC_5988562,3
ISIC_5994923,3
ISIC_5998475,3
ISIC_6004197,3
ISIC_6012573,3
ISIC_6013467,3
ISIC_6016537,3
ISIC_6024335,0
ISIC_6034442,3
ISIC_6038463,3
ISIC_6044114,3
ISIC_6046943,3
ISIC_6048752,3
ISIC_6056121,3
ISIC_6059520,1
ISIC_6066292,3
ISIC_6089318,0
ISIC_6090497,3
ISIC_6096565,3
ISIC_6099563,3
ISIC_6099785,0
ISIC_6110888,3
ISIC_6119202,3
ISIC_6124481,3
ISIC_6125652,3
ISIC_6126704,3
ISIC_6133338,3
ISIC_6135643,3
ISIC_6159600,3
ISIC_6172037,3
ISIC_6184891,3
ISIC_6190621,3
ISIC_6193654,3
ISIC_6210303,3
ISIC_6220625,1
ISIC_6228963,3
ISIC_6248008,3
ISIC_6251753,3
ISIC_6255113,1
ISIC_6269166,-1
ISIC_6269738,3
ISIC_6275817,0
ISIC_6278273,1
ISIC_6278558,3
ISIC_6285925,1
ISIC_6288607,3
ISIC_6291375,3
ISIC_6299036,3
ISIC_6300866,3
ISIC_6307097,1
ISIC_6313487,1
ISIC_6321476,3
ISIC_6348638,1
ISIC_6352565,-1
ISIC_6364782,3
ISIC_6366417,3
ISIC_6369740,3
ISIC_6378347,3
ISIC_6381819,-1
ISIC_6392461,1
ISIC_6398283,3
ISIC_6398669,3
ISIC_6410570,3
ISIC_6410859,3
ISIC_6415722,3
ISIC_6427430,3
ISIC_6428004,3
ISIC_6450034,3
ISIC_6471282,3
ISIC_6496251,3
ISIC_6496370,3
ISIC_6509682,3
ISIC_6512653,3
ISIC_6516710,3
ISIC_6526489,3
ISIC_6529350,3
ISIC_6535558,3
ISIC_6539127,3
ISIC_6541615,3
ISIC_6549364,3
ISIC_6550602,3
ISIC_6555290,1
ISIC_6556373,3
ISIC_6561111,3
ISIC_6563304,3
ISIC_6578433,3
ISIC_6581411,1
ISIC_6584579,-1
ISIC_6586433,0
ISIC_6596926,3
ISIC_6603938,3
ISIC_6618014,0
ISIC_6620377,3
ISIC_6620748,3
ISIC_6625102,3
ISIC_6634951,1
ISIC_6635963,3
ISIC_6646939,3
ISIC_6666090,3
ISIC_6668093,3
ISIC_6671773,3
ISIC_6674797,3
ISIC_6683697,3
ISIC_6688417,3
ISIC_6689453,3
ISIC_6692344,3
ISIC_6695831,3
ISIC_6707573,3
ISIC_6713432,3
ISIC_6714082,3
ISIC_6720909,3
ISIC_6736963,3
ISIC_6747251,3
ISIC_6752882,3
ISIC_6767569,3
ISIC_6784593,3
ISIC_6785680,3
ISIC_6786198,3
ISIC_6809586,3
ISIC_6811237,3
ISIC_6814727,3
ISIC_6819805,3
ISIC_6833525,3
ISIC_6841294,3
ISIC_6850912,3
ISIC_6851408,3
ISIC_6873657,3
ISIC_6875745,3
ISIC_6881589,3
ISIC_6892280,3
ISIC_6892286,3
ISIC_6904082,3
ISIC_6904950,3
ISIC_6912369,3
ISIC_6925729,1
ISIC_6927840,3
ISIC_6931277,3
ISIC_6931629,3
ISIC_6945634,0
ISIC_6959281,3
ISIC_6961503,3
ISIC_6966001,3
ISIC_6967412,0
ISIC_6971606,1
ISIC_6982386,1
ISIC_6993040,3
ISIC_7000719,3
ISIC_7003002,3
ISIC_7010159,1
ISIC_7010755,1
ISIC_7035246,1
ISIC_7045012,3
ISIC_7062201,3
ISIC_7064511,3
ISIC_7070020,3
ISIC_7074321,3
ISIC_7075474,3
ISIC_7075768,3
ISIC_7079349,3
ISIC_7080469,3
ISIC_7081819,3
ISIC_7084754,3
ISIC_7085235,3
ISIC_7092052,3
ISIC_7097931,3
ISIC_7098141,3
ISIC_7100755,3
ISIC_7101732,3
ISIC_7110531,3
ISIC_7130929,3
ISIC_7146293,0
ISIC_7146494,3
ISIC_7170025,3
ISIC_7181296,3
ISIC_7183212,3
ISIC_7190243,3
ISIC_7195248,1
ISIC_7202197,1
ISIC_7205745,1
ISIC_7218890,3
ISIC_7235128,3
ISIC_7239902,3
ISIC_7253401,1
ISIC_7254359,3
ISIC_7261174,1
ISIC_7265673,1
ISIC_7285359,3
ISIC_7287303,3
ISIC_7293518,1
ISIC_7303630,3
ISIC_7312977,1
ISIC_7317366,3
ISIC_7320371,3
ISIC_7321503,3
ISIC_7327423,1
ISIC_7334939,3
ISIC_7338073,0
ISIC_7338502,3
ISIC_7346228,3
ISIC_7349440,3
ISIC_7352298,3
ISIC_7353870,3
ISIC_7356320,3
ISIC_7365059,3
ISIC_7371801,3
ISIC_7372719,1
ISIC_7373164,3
ISIC_7376452,3
ISIC_7399648,3
ISIC_7410175,1
ISIC_7412327,3
ISIC_7423595,3
ISIC_7429994,3
ISIC_7443971,3
ISIC_7453676,3
ISIC_7457700,3
ISIC_7460887,3
ISIC_7462953,3
ISIC_7465137,-1
ISIC_7466678,3
ISIC_7472087,3
ISIC_7473000,3
ISIC_7489564,3
ISIC_7490240,3
ISIC_7503950,1
ISIC_7520843,1
ISIC_7536704,3
ISIC_7541596,3
ISIC_7542458,3
ISIC_7545691,3
ISIC_7545731,3
ISIC_7546219,3
ISIC_7548342,3
ISIC_7554287,3
ISIC_7560933,3
ISIC_7563950,3
ISIC_7564517,3
ISIC_7573463,3
ISIC_7577395,3
ISIC_7594243,0
ISIC_7599710,3
ISIC_7612992,3
ISIC_7614221,1
ISIC_7626256,0
ISIC_7636412,3
ISIC_7638974,3
ISIC_7640631,3
ISIC_7643593,3
ISIC_7657322,3
ISIC_7658729,3
ISIC_7660163,3
ISIC_7662910,3
ISIC_7666432,3
ISIC_7680948,3
ISIC_7682533,3
ISIC_7683106,3
ISIC_7693611,3
ISIC_7695263,3
ISIC_7713609,3
ISIC_7715671,3
ISIC_7718206,3
ISIC_7724762,3
ISIC_7747712,3
ISIC_7748311,1
ISIC_7755096,3
ISIC_7759222,3
ISIC_7763042,-1
ISIC_7784876,3
ISIC_7785723,1
ISIC_7788318,3
ISIC_7800750,1
ISIC_7808341,3
ISIC_7808642,3
ISIC_7809510,3
ISIC_7816675,3
ISIC_7824315,3
ISIC_7839712,3
ISIC_7844825,3
ISIC_7851081,3
ISIC_7854404,-1
ISIC_7872595,0
ISIC_7880400,3
ISIC_7889097,3
ISIC_7890222,3
ISIC_7893518,3
ISIC_7897925,3
ISIC_7898880,3
ISIC_7899041,3
ISIC_7899387,3
ISIC_7904829,3
ISIC_7913874,3
ISIC_7914631,3
ISIC_7922830,3
ISIC_7927389,0
ISIC_7927525,3
ISIC_7936755,3
ISIC_7939816,1
ISIC_7940557,0
ISIC_7942881,3
ISIC_7948290,3
ISIC_7949783,3
ISIC_7952870,3
ISIC_7960321,3
ISIC_7960869,3
ISIC_7961365,3
ISIC_7966639,3
ISIC_7973598,1
ISIC_7993345,3
ISIC_8002875,3
ISIC_8006211,0
ISIC_8008539,3
ISIC_8009536,3
ISIC_8011058,1
ISIC_8021816,3
ISIC_8026822,3
ISIC_8027280,-1
ISIC_8027899,3
ISIC_8040024,3
ISIC_8040663,0
ISIC_8059429,0
ISIC_8066110,3
ISIC_8071637,3
ISIC_8073555,3
ISIC_8077139,3
ISIC_8087949,3
ISIC_8106899,3
ISIC_8124900,1
ISIC_8138363,3
ISIC_8145348,3
ISIC_8157239,3
ISIC_8157654,3
ISIC_8167374,1
ISIC_8172822,3
ISIC_8172964,3
ISIC_8173252,0
ISIC_8187734,3
ISIC_8191057,3
ISIC_8194835,3
ISIC_8204363,3
ISIC_8207974,3
ISIC_8225781,3
ISIC_8230318,3
ISIC_8231999,3
ISIC_8238755,1
ISIC_8249854,1
ISIC_8252406,3
ISIC_8253057,0
ISIC_8256480,3
ISIC_8263489,1
ISIC_8278036,3
ISIC_8278458,3
ISIC_8278782,3
ISIC_8281208,1
ISIC_8283552,3
ISIC_8293325,3
ISIC_8308321,3
ISIC_8325226,1
ISIC_8327076,3
ISIC_8344285,3
ISIC_8344345,3
ISIC_8348262,0
ISIC_8350851,3
ISIC_8355446,-1
ISIC_8362681,3
ISIC_8372206,1
ISIC_8379956,3
ISIC_8381531,3
ISIC_8397285,1
ISIC_8400587,3
ISIC_8416462,3
ISIC_8417873,3
ISIC_8423180,3
ISIC_8436194,3
ISIC_8437493,3
ISIC_8446478,3
ISIC_8470330,1
ISIC_8473293,3
ISIC_8485716,3
ISIC_8488027,3
ISIC_8493108,3
ISIC_8493254,3
ISIC_8497457,3
ISIC_8498489,-1
ISIC_8509219,3
ISIC_8525826,3
ISIC_8527092,3
ISIC_8545949,3
ISIC_8554769,3
ISIC_8564474,3
ISIC_8566006,3
ISIC_8592733,0
ISIC_8593738,3
ISIC_8601570,3
ISIC_8609756,1
ISIC_8615491,3
ISIC_8617277,3
ISIC_8617353,3
ISIC_8621568,3
ISIC_8624049,3
ISIC_8627581,3
ISIC_8632904,3
ISIC_8641097,1
ISIC_8647315,1
ISIC_8651648,3
ISIC_8653825,3
ISIC_8667960,3
ISIC_8671119,3
ISIC_8671596,3
ISIC_8672524,1
ISIC_8673290,3
ISIC_8677053,3
ISIC_8685453,3
ISIC_8688192,3
ISIC_8692218,3
ISIC_8702237,3
ISIC_8708106,3
ISIC_8708918,3
ISIC_8710108,3
ISIC_8724412,3
ISIC_8724944,3
ISIC_8732757,3
ISIC_8733345,3
ISIC_8737794,1
ISIC_8738186,3
ISIC_8758404,3
ISIC_8758983,3
ISIC_8766402,3
ISIC_8769047,3
ISIC_8776516,-1
ISIC_8786983,3
ISIC_8789051,3
ISIC_8792684,3
ISIC_8806986,3
ISIC_8821742,3
ISIC_8823228,3
ISIC_8838753,3
ISIC_8839128,3
ISIC_8851514,3
ISIC_8856365,3
ISIC_8859274,3
ISIC_8864678,3
ISIC_8866651,3
ISIC_8868249,3
ISIC_8872158,3
ISIC_8882374,3
ISIC_8886139,1
ISIC_8892236,3
ISIC_8902296,3
ISIC_8907232,3
ISIC_8907509,3
ISIC_8918247,3
ISIC_8922893,3
ISIC_8943817,3
ISIC_8951909,3
ISIC_8961478,3
ISIC_8961614,3
ISIC_8985109,3
ISIC_8990534,1
ISIC_8999351,3
ISIC_9000234,3
ISIC_9000824,3
ISIC_9001948,3
ISIC_9006649,3
ISIC_9008372,3
ISIC_9022005,1
ISIC_9029938,3
ISIC_9038318,1
ISIC_9041525,3
ISIC_9048507,3
ISIC_9051948,0
ISIC_9052500,1
ISIC_9053910,3
ISIC_9092169,0
ISIC_9096150,3
ISIC_9101762,1
ISIC_9114248,3
ISIC_9130035,3
ISIC_9130157,3
ISIC_9141788,3
ISIC_9144329,3
ISIC_9144852,3
ISIC_9159477,3
ISIC_9164054,0
ISIC_9171793,3
ISIC_9174580,3
ISIC_9176427,0
ISIC_9179044,3
ISIC_9179884,3
ISIC_9183084,1
ISIC_9187524,3
ISIC_9193127,3
ISIC_9199429,3
ISIC_9210086,3
ISIC_9210255,1
ISIC_9214649,3
ISIC_9219356,3
ISIC_9227283,3
ISIC_9233062,3
ISIC_9235283,3
ISIC_9239978,3
ISIC_9254641,3
ISIC_9266057,3
ISIC_9268487,1
ISIC_9274936,3
ISIC_9286292,3
ISIC_9312164,1
ISIC_9315775,3
ISIC_9317339,3
ISIC_9320992,0
ISIC_9323485,3
ISIC_9335652,3
ISIC_9337100,3
ISIC_9345094,3
ISIC_9353360,1
ISIC_9367522,3
ISIC_9381298,3
ISIC_9399586,3
ISIC_9419633,3
ISIC_9420311,3
ISIC_9429943,1
ISIC_9432086,3
ISIC_9434832,3
ISIC_9445977,3
ISIC_9456779,3
ISIC_9478088,3
ISIC_9485124,3
ISIC_9495622,3
ISIC_9505560,3
ISIC_9509757,3
ISIC_9517555,3
ISIC_9543045,0
ISIC_9544832,3
ISIC_9547725,3
ISIC_9556334,3
ISIC_9566132,3
ISIC_9571842,1
ISIC_9572761,3
ISIC_9583969,3
ISIC_9585033,3
ISIC_9585329,1
ISIC_9593940,0
ISIC_9596173,3
ISIC_9596721,1
ISIC_9599992,3
ISIC_9602954,3
ISIC_9626843,3
ISIC_9630889,3
ISIC_9641059,3
ISIC_9662611,3
ISIC_9668338,3
ISIC_9676644,3
ISIC_9677008,1
ISIC_9677503,3
ISIC_9677559,3
ISIC_9678778,3
ISIC_9685931,1
ISIC_9693456,3
ISIC_9724689,3
ISIC_9728499,-1
ISIC_9729042,1
ISIC_9752088,-1
ISIC_9754098,-1
ISIC_9767305,3
ISIC_9770677,3
ISIC_9780632,3
ISIC_9785077,3
ISIC_9786863,3
ISIC_9800841,3
ISIC_9809482,3
ISIC_9820266,3
ISIC_9821002,1
ISIC_9828846,3
ISIC_9842532,-1
ISIC_9859873,3
ISIC_9863642,3
ISIC_9866460,3
ISIC_9869190,-1
ISIC_9870885,3
ISIC_9875364,3
ISIC_9876533,3
ISIC_9881460,3
ISIC_9895318,3
ISIC_9900191,3
ISIC_9907020,3
ISIC_9908866,3
ISIC_9910791,3
ISIC_9928278,3
ISIC_9930189,3
ISIC_9941666,3
ISIC_9942350,1
ISIC_9951988,3
ISIC_9957368,3
ISIC_9963177,3
ISIC_9967383,3
ISIC_9978107,1
ISIC_9980216,3
ISIC_9992492,3
ISIC_9998682,3
