isic_id,umap_x,umap_y
ISIC_0000002,5.061845,0.35203123
ISIC_0000004,8.359004,2.238458
ISIC_0000013,0.82836235,-0.19360836
ISIC_0000022,1.4255184,1.5894437
ISIC_0000026,-0.41654786,1.3363421
ISIC_0000029,0.96805114,-0.082910374
ISIC_0000030,5.7227764,2.34182
ISIC_0000031,3.0375626,0.45381117
ISIC_0000035,4.597761,0.27196264
ISIC_0000036,6.3812776,-0.32517838
ISIC_0000040,2.0014505,1.672253
ISIC_0000046,2.3870463,4.6470404
ISIC_0000054,0.5068061,0.1055863
ISIC_0000056,2.4505346,3.6003482
ISIC_0000070,4.0615497,0.7009483
ISIC_0000076,7.005968,2.451649
ISIC_0000077,1.028009,2.222228
ISIC_0000078,2.8461416,-0.2428668
ISIC_0000139,0.2715763,1.0813605
ISIC_0000140,6.028276,0.057570953
ISIC_0000141,-0.1369798,-0.029337365
ISIC_0000142,0.8296237,-0.06831608
ISIC_0000143,1.8264234,1.807729
ISIC_0000144,6.7392244,2.4509554
ISIC_0000145,-1.1922934,0.55556095
ISIC_0000146,0.058293063,1.2874963
ISIC_0000147,6.445127,2.8705919
ISIC_0000148,-2.5690255,2.0896082
ISIC_0000149,-0.5167996,1.6850427
ISIC_0000150,0.0047793873,0.14087713
ISIC_0000151,-0.3558467,-0.028095242
ISIC_0000152,-0.31914535,0.09064666
ISIC_0000153,2.0769906,1.6467347
ISIC_0000154,0.4475053,0.685086
ISIC_0000156,-0.67987674,1.2117292
ISIC_0000157,0.9970222,1.0156556
ISIC_0000158,-2.949224,1.0983809
ISIC_0000159,0.8577281,0.31880605
ISIC_0000163,2.1190183,1.0244182
ISIC_0000165,0.9617677,-0.32911468
ISIC_0000168,2.7560592,2.564684
ISIC_0000169,-2.6511087,1.7935641
ISIC_0000170,-3.5258787,1.9773744
ISIC_0000172,-0.48350972,-0.034732215
ISIC_0000175,1.523692,-0.104129136
ISIC_0000176,-0.51223326,0.72481585
ISIC_0000276,7.232323,1.3561361
ISIC_0000277,5.761393,-0.37665254
ISIC_0000278,0.18292366,3.3418915
ISIC_0000281,6.244039,0.24363256
ISIC_0000282,8.652437,0.73931336
ISIC_0000283,5.2612543,0.12683868
ISIC_0000287,5.718283,-0.05825055
ISIC_0000290,7.4578776,1.174618
ISIC_0000291,-0.5422213,1.4368622
ISIC_0000292,0.28663787,2.650697
ISIC_0000294,0.8375498,2.3517504
ISIC_0000296,3.91704,1.533258
ISIC_0000305,5.7488956,0.0035963727
ISIC_0000390,0.9042869,5.791387
ISIC_0000393,-0.3877868,4.8835173
ISIC_0000394,2.061905,4.729028
ISIC_0000395,-0.44775143,2.9111254
ISIC_0000398,4.649088,1.8305246
ISIC_0000399,0.7111958,2.9504237
ISIC_0000400,1.7622845,5.2379184
ISIC_0000401,1.4814916,4.4351854
ISIC_0000402,-0.10040913,5.4662313
ISIC_0000404,2.776205,3.1345744
ISIC_0000405,1.2737653,4.4383483
ISIC_0000406,2.421128,4.5008445
ISIC_0000410,1.1301949,2.292363
ISIC_0000411,0.28493163,5.314476
ISIC_0000412,0.9195222,3.5422168
ISIC_0000413,2.3124573,4.7194552
ISIC_0000414,0.3601254,3.6859336
ISIC_0000415,2.4112146,5.063662
ISIC_0000417,5.894198,1.8915871
ISIC_0000420,1.7203422,3.92759
ISIC_0000428,1.3847144,4.9558625
ISIC_0000429,7.6412773,0.85912263
ISIC_0000432,0.7676034,3.7140982
ISIC_0000434,-0.883831,0.26592258
ISIC_0000438,6.951814,0.50524795
ISIC_0000440,0.45796883,4.1791463
ISIC_0000441,0.8562789,4.113134
ISIC_0000444,0.75661564,4.189918
ISIC_0000445,-0.42938155,0.08375942
ISIC_0000446,0.38985625,4.1756206
ISIC_0000450,1.7806829,4.4111166
ISIC_0000459,-2.6699214,4.938037
ISIC_0000462,1.169058,2.3290672
ISIC_0000463,-1.0828209,3.3353357
ISIC_0000466,2.8526273,3.203622
ISIC_0000469,2.9194255,3.0567853
ISIC_0000482,3.015537,0.97880816
ISIC_0000484,2.850259,2.8669803
ISIC_0000487,-2.8150616,5.4810157
ISIC_0000502,-2.9301817,5.8446164
ISIC_0000511,1.0494845,2.2295241
ISIC_0000513,2.565675,1.9827476
ISIC_0000516,-2.527449,3.5870783
ISIC_0000517,2.987997,2.5833256
ISIC_0000518,2.8614721,1.7361674
ISIC_0000519,2.3972461,4.2776594
ISIC_0000520,0.34519824,4.3203883
ISIC_0000521,0.6475662,0.07469164
ISIC_0000522,1.3398361,1.8176223
ISIC_0000531,-2.9851875,3.984253
ISIC_0000533,0.44787446,0.7511524
ISIC_0000547,-2.6981819,5.5980372
ISIC_0000548,2.4706924,2.3207757
ISIC_0000549,1.5051904,1.7648132
ISIC_0000551,-0.00014298764,1.7437568
ISIC_0000552,2.802547,1.4981213
ISIC_0000553,1.1545317,2.220106
ISIC_0000554,1.4834541,2.3323166
ISIC_0000555,-1.2974887,5.095182
ISIC_0001100,-0.3498562,1.8536431
ISIC_0001101,2.3479648,4.704584
ISIC_0001102,-0.1588503,0.82376915
ISIC_0001103,1.3326131,2.160361
ISIC_0001105,-0.81548953,1.3549742
ISIC_0001106,2.2537923,2.2279816
ISIC_0001108,5.89317,5.3749776
ISIC_0001110,-1.5151734,3.2658958
ISIC_0001116,2.4835706,4.424577
ISIC_0001118,2.8530664,3.1513655
ISIC_0001119,-0.9055924,3.469009
ISIC_0001121,-0.72330076,1.8363291
ISIC_0001124,0.8487999,3.0123012
ISIC_0001125,6.9004545,3.6764646
ISIC_0001126,-1.1333826,3.5354466
ISIC_0001127,1.4303513,4.2109814
ISIC_0001128,-0.7775564,1.2591705
ISIC_0001131,6.796621,0.43872485
ISIC_0001132,0.6786575,4.321631
ISIC_0001133,6.837191,1.1976993
ISIC_0001134,-0.5135508,0.6766925
ISIC_0001135,2.5062346,1.8139728
ISIC_0001137,-0.9073406,4.354596
ISIC_0001138,0.43275356,4.12583
ISIC_0001140,1.1570952,-0.4089989
ISIC_0001141,2.5676098,4.043337
ISIC_0001142,3.3772774,0.33862057
ISIC_0001143,2.3011744,4.5546784
ISIC_0001148,1.1556666,3.606531
ISIC_0001151,-0.4931193,2.0687232
ISIC_0001152,1.0033876,6.0864253
ISIC_0001154,1.210005,3.6732929
ISIC_0001157,-0.2777595,3.0561864
ISIC_0009868,0.32594067,1.2354252
ISIC_0009882,2.3879802,1.5356648
ISIC_0009890,2.1873999,4.621191
ISIC_0009898,0.203135,2.3093812
ISIC_0009905,-0.06384701,0.67964935
ISIC_0009913,1.7655541,5.1742353
ISIC_0009916,0.6171337,4.699748
ISIC_0009918,6.336247,3.0508013
ISIC_0009924,0.4816782,3.929107
ISIC_0009927,-0.6013549,1.8702555
ISIC_0009934,2.9737682,4.6084623
ISIC_0009950,-0.81129533,1.7517333
ISIC_0009955,0.34651282,2.0700629
ISIC_0009960,-0.5644281,0.8505392
ISIC_0009971,-0.41738325,1.3027234
ISIC_0009993,-2.534776,2.1901815
ISIC_0010000,0.6917166,2.1821518
ISIC_0010007,1.3413254,5.13222
ISIC_0010011,-1.042118,2.6446822
ISIC_0010016,-0.59037375,1.2017065
ISIC_0010023,1.883864,1.4992709
ISIC_0010024,-0.4901693,1.5017457
ISIC_0010029,-0.16358201,3.0512059
ISIC_0010034,-0.4529498,-0.14764737
ISIC_0010036,1.066733,3.0255733
ISIC_0010039,2.326826,3.7411015
ISIC_0010049,0.80062497,3.9035535
ISIC_0010050,0.5062966,2.4864087
ISIC_0010054,-0.5267694,4.761586
ISIC_0010056,2.37947,3.7722704
ISIC_0010067,0.465701,3.5687156
ISIC_0010080,0.57452935,1.496706
ISIC_0010081,0.3570372,4.5691314
ISIC_0010089,-0.36893007,0.028195325
ISIC_0010094,0.19141746,-0.18400723
ISIC_0010106,0.3150585,3.0738425
ISIC_0010119,-0.6647851,2.3133888
ISIC_0010120,-0.65009725,3.7976232
ISIC_0010131,0.98076355,6.141077
ISIC_0010137,-0.6857564,1.5698279
ISIC_0010140,-0.04169315,0.5750106
ISIC_0010145,2.5884569,0.5557321
ISIC_0010148,2.3332627,4.2642303
ISIC_0010162,2.8512912,3.0802207
ISIC_0010164,0.08194876,3.1904044
ISIC_0010165,2.3739693,5.0594745
ISIC_0010171,-0.79213166,3.989767
ISIC_0010174,-1.0231555,3.491532
ISIC_0010189,1.7389321,4.3164325
ISIC_0010194,2.1466923,4.791042
ISIC_0010207,0.41158247,4.508342
ISIC_0010208,0.33783552,3.6007872
ISIC_0010210,0.07977017,3.5348005
ISIC_0010225,-0.6269418,1.6859435
ISIC_0010231,1.5444802,4.9554954
ISIC_0010235,1.1095654,2.4565191
ISIC_0010240,1.4619117,3.9745953
ISIC_0010241,-1.9232965,4.743159
ISIC_0010245,1.2958246,3.2589045
ISIC_0010251,0.17919873,-0.63206834
ISIC_0010265,1.3081475,1.7107494
ISIC_0010271,-0.4500693,3.2427092
ISIC_0010280,-1.2865449,3.7424529
ISIC_0010283,-0.42761642,0.6944613
ISIC_0010288,-0.087312356,5.068379
ISIC_0010295,0.031345434,0.42305082
ISIC_0010299,-0.88583595,2.5940332
ISIC_0010313,-0.39483374,0.062255125
ISIC_0010319,3.2942705,3.2228587
ISIC_0010321,2.2034502,2.051794
ISIC_0010322,5.312672,3.438278
ISIC_0010350,-0.016189016,0.26483917
ISIC_0010358,-0.920708,1.7192243
ISIC_0010360,-0.9676875,2.3772728
ISIC_0010364,-0.3579108,0.46791884
ISIC_0010366,1.8919911,4.068051
ISIC_0010369,2.5293944,2.6771934
ISIC_0010372,-0.8429683,1.7794192
ISIC_0010380,-0.45774755,2.6360528
ISIC_0010392,0.35608447,2.3550336
ISIC_0010393,1.3471649,3.4983742
ISIC_0010394,1.8078628,3.3209507
ISIC_0010396,1.2996441,5.1607356
ISIC_0010397,1.9043161,1.466123
ISIC_0010398,0.6624871,1.7139007
ISIC_0010400,0.90937,3.9710078
ISIC_0010401,-0.27150127,0.9999266
ISIC_0010402,4.7712646,0.59023935
ISIC_0010407,1.7833672,4.6488094
ISIC_0010410,0.4668608,2.374963
ISIC_0010413,2.893611,4.5334864
ISIC_0010415,1.5370647,5.102189
ISIC_0010417,4.380231,3.0010662
ISIC_0010426,0.79088444,2.5415077
ISIC_0010432,2.4162903,4.1980495
ISIC_0010441,-0.75793016,3.3353872
ISIC_0010466,-0.8285357,4.2372584
ISIC_0010468,1.6714776,2.309535
ISIC_0010469,1.983604,4.115155
ISIC_0010470,1.2355134,3.5309098
ISIC_0010476,0.10075494,1.8518213
ISIC_0010482,0.6810688,4.30225
ISIC_0010486,2.3560288,5.0271363
ISIC_0010495,0.28708065,3.0071082
ISIC_0010514,-0.6571443,1.9067234
ISIC_0010527,0.41399604,3.2851477
ISIC_0010532,-0.7219178,4.467618
ISIC_0010543,0.72050685,1.9435587
ISIC_0010550,1.7515783,4.2511077
ISIC_0010551,0.5791961,3.7061172
ISIC_0010555,0.7708932,4.432144
ISIC_0010559,5.8817916,3.9070337
ISIC_0010564,4.753604,4.078927
ISIC_0010576,0.09971664,0.9677668
ISIC_0010579,1.4114666,3.7476861
ISIC_0010583,2.704858,4.6329055
ISIC_0010587,0.1722027,-0.02349731
ISIC_0010591,0.6626187,3.8145678
ISIC_0010596,-0.5865764,4.3528852
ISIC_0010597,0.37162653,0.31680575
ISIC_0010608,4.7118263,1.3653755
ISIC_0010609,-0.71144307,1.3867747
ISIC_0010611,-0.5629749,4.256179
ISIC_0010631,6.9592257,1.7169901
ISIC_0010644,1.1150843,0.104870774
ISIC_0010648,2.013202,3.861719
ISIC_0010653,-0.30616376,1.1038936
ISIC_0010655,0.22687264,4.0029135
ISIC_0010707,-0.76917315,2.4491475
ISIC_0010714,5.828342,4.90019
ISIC_0010723,1.9657569,4.3315153
ISIC_0010728,1.4401608,4.5292864
ISIC_0010729,0.53986216,2.8236284
ISIC_0010741,0.1510981,3.7580576
ISIC_0010749,0.8109707,2.8952856
ISIC_0010750,2.27884,4.6920958
ISIC_0010757,-0.59035456,-0.036402766
ISIC_0010759,2.9273102,2.2397082
ISIC_0010764,1.0000573,2.03553
ISIC_0010765,-0.8421539,2.1993344
ISIC_0010766,-1.1888194,1.9696296
ISIC_0010770,-1.1575311,2.5257757
ISIC_0010772,-0.5187522,3.2758732
ISIC_0010777,2.9643068,-0.47932753
ISIC_0010782,0.8057611,2.5223515
ISIC_0010784,-0.22599997,4.3280563
ISIC_0010785,2.537405,4.0084715
ISIC_0010789,-0.9583581,3.4716575
ISIC_0010790,-0.47033972,2.5278172
ISIC_0010791,-0.32951343,4.9360356
ISIC_0010792,0.44610047,4.534533
ISIC_0010803,0.35078433,0.31712982
ISIC_0010808,-0.6699923,4.4349813
ISIC_0010809,0.5125768,3.8981416
ISIC_0010810,-2.352012,2.2132509
ISIC_0010834,-0.7349488,0.9878527
ISIC_0010852,-0.24866295,0.15242328
ISIC_0010860,0.2997546,-0.047115114
ISIC_0010862,3.9266887,1.26947
ISIC_0010863,1.1942395,0.38400966
ISIC_0010866,0.76563835,3.3756218
ISIC_0010872,2.111591,4.445632
ISIC_0010876,1.6158018,1.7270453
ISIC_0010878,1.1701543,4.2542615
ISIC_0010883,-2.446575,2.2051628
ISIC_0010890,0.32373467,5.189188
ISIC_0010898,0.102929436,3.7957675
ISIC_0010900,-0.94928634,3.1910365
ISIC_0010912,1.9250574,3.7222676
ISIC_0010917,2.3543813,4.0830593
ISIC_0010923,-0.5186547,2.063897
ISIC_0010938,1.9821627,4.1917453
ISIC_0010942,5.4587207,3.691797
ISIC_0010965,2.831788,3.2016113
ISIC_0010971,2.29154,4.8455486
ISIC_0010977,-0.22442712,1.2752514
ISIC_0010978,-0.8592974,1.6346741
ISIC_0010979,1.0194387,4.382378
ISIC_0010982,0.7075983,4.2966766
ISIC_0010993,0.2087148,3.5867777
ISIC_0010995,0.036227856,1.0415698
ISIC_0011007,2.0849147,4.3913145
ISIC_0011012,-0.844189,2.3145008
ISIC_0011030,2.8996181,2.0796742
ISIC_0011031,-0.6554316,4.764816
ISIC_0011039,0.57714033,4.887896
ISIC_0011040,-0.5861433,3.0289607
ISIC_0011042,0.55452245,4.705724
ISIC_0011043,0.60133314,4.451402
ISIC_0011045,2.1910167,4.3377404
ISIC_0011052,0.22285515,4.6404386
ISIC_0011057,-0.6006293,-0.04044942
ISIC_0011077,0.56511486,4.032212
ISIC_0011099,-0.4771358,1.4095569
ISIC_0011118,-0.5562663,1.6014569
ISIC_0011122,0.19224682,3.8772776
ISIC_0011128,0.40698072,4.414538
ISIC_0011130,2.325012,4.054549
ISIC_0011132,-0.41518933,4.833623
ISIC_0011135,-0.5669386,2.4217477
ISIC_0011136,-0.16528219,2.9108543
ISIC_0011137,0.8322126,0.8238349
ISIC_0011138,1.2622817,5.1067047
ISIC_0011139,1.2321538,3.9334815
ISIC_0011140,-0.56094605,1.1728401
ISIC_0011151,2.880605,4.1726565
ISIC_0011158,0.04501205,3.5391667
ISIC_0011161,0.18224019,2.6604633
ISIC_0011163,-0.16819908,-0.11816159
ISIC_0011166,0.88982385,3.7893906
ISIC_0011169,-0.62007445,3.1191123
ISIC_0011176,0.15466948,-0.16589132
ISIC_0011178,1.7990885,3.6029782
ISIC_0011181,0.4484308,3.3818781
ISIC_0011187,0.2528941,3.6916254
ISIC_0011193,-1.0392092,4.2662263
ISIC_0011196,1.4152827,2.708576
ISIC_0011209,-0.29065627,4.4377365
ISIC_0011238,-1.4458536,5.1938295
ISIC_0011239,2.5073624,4.8000536
ISIC_0011247,0.6582331,2.7520556
ISIC_0011256,2.7285314,-0.58851224
ISIC_0011264,0.5451704,5.112914
ISIC_0011267,-0.06602901,3.0066967
ISIC_0011268,0.45939404,0.44522563
ISIC_0011269,0.08841929,1.1833452
ISIC_0011273,2.1217544,4.593239
ISIC_0011305,0.14844553,3.4441164
ISIC_0011315,0.054765496,4.2858706
ISIC_0011337,0.2984484,4.739385
ISIC_0011348,2.5459,3.4695926
ISIC_0011350,4.4150515,2.1608794
ISIC_0011356,2.5162268,3.6876605
ISIC_0011366,1.8518422,4.0293818
ISIC_0011370,0.22313888,4.4893837
ISIC_0011374,4.8500886,4.1189322
ISIC_0011375,1.5830649,3.6631567
ISIC_0011381,4.9169016,4.0849266
ISIC_0011387,1.8621478,1.8249506
ISIC_0011388,-0.120734476,4.815157
ISIC_0011390,3.0710359,3.6229863
ISIC_0011391,8.493066,3.037624
ISIC_0011399,-0.0091150515,3.6450808
ISIC_0011404,-3.8312745,2.5197992
ISIC_0011405,-3.654204,2.3649232
ISIC_0011428,-3.9625046,2.4557714
ISIC_0011429,-3.9832976,1.7282013
ISIC_0011430,-4.0463443,1.6224134
ISIC_0011434,-4.1225257,1.6618434
ISIC_0011435,-4.1198053,1.6870029
ISIC_0011437,-3.1444116,0.73339385
ISIC_0011438,-3.8389432,1.682122
ISIC_0011439,-3.9836855,1.8118117
ISIC_0011458,-3.3495922,1.5087175
ISIC_0011460,-3.9332187,1.3761324
ISIC_0011463,-3.3878474,1.5628886
ISIC_0011471,-3.4553788,2.6137445
ISIC_0011474,-3.6309087,2.3938394
ISIC_0011480,-3.5044544,1.6825701
ISIC_0011481,-2.9030113,1.9248327
ISIC_0011482,-3.736033,2.6355324
ISIC_0011483,-2.9651585,1.5242685
ISIC_0011484,-2.9272454,1.4534185
ISIC_0011485,-3.6569872,2.7322567
ISIC_0011486,-3.916364,2.196031
ISIC_0011487,-3.685609,2.702776
ISIC_0011488,-3.8537345,1.679975
ISIC_0011489,-3.530066,1.9614445
ISIC_0011490,-3.9747956,1.5050086
ISIC_0011491,-3.905021,1.1751747
ISIC_0011492,-2.6807635,1.5368001
ISIC_0011493,-3.5510468,1.6944486
ISIC_0011494,-3.6984947,2.046568
ISIC_0011501,-3.6764066,2.4195359
ISIC_0011503,-4.179574,1.8955235
ISIC_0011504,-3.4405513,1.0121284
ISIC_0011505,-3.883197,1.8834379
ISIC_0011506,-3.913876,1.7066524
ISIC_0011507,-3.3001108,0.8501292
ISIC_0011508,-3.256771,0.81991535
ISIC_0011511,-2.7267878,1.4929827
ISIC_0011514,-3.4376616,0.8466141
ISIC_0011515,-3.81331,1.9560865
ISIC_0011516,-3.7652621,2.097918
ISIC_0011517,-3.8645449,1.9178479
ISIC_0011518,-3.2903476,1.8019736
ISIC_0011519,-3.7367334,1.9049726
ISIC_0011520,-3.184142,0.86724585
ISIC_0011526,-3.1768463,1.9738585
ISIC_0011527,-2.67253,1.1797109
ISIC_0011528,-2.6313763,1.0931567
ISIC_0011529,-2.6473486,1.1177962
ISIC_0011530,-2.7209327,1.1622303
ISIC_0011531,-2.582006,1.1490687
ISIC_0011534,-4.1679163,2.2549667
ISIC_0011537,-3.3767676,1.6423221
ISIC_0011560,2.1331117,3.8759532
ISIC_0011566,-4.128332,2.4206955
ISIC_0011579,-3.5749016,1.9680215
ISIC_0011589,-3.8919504,1.5653642
ISIC_0011590,-3.8709788,1.5257646
ISIC_0011591,-3.6363423,1.5210985
ISIC_0011594,-3.6774595,1.6023747
ISIC_0011610,-2.5920398,1.127596
ISIC_0011613,-3.1763759,0.6224111
ISIC_0011614,-3.228463,0.6527322
ISIC_0011615,-3.2088687,0.6282436
ISIC_0011616,-3.1950223,0.6614199
ISIC_0011618,5.665138,3.959107
ISIC_0011628,1.1932242,5.416922
ISIC_0011649,-3.3898263,2.175414
ISIC_0011659,-4.0930142,2.4544578
ISIC_0011684,-3.4348652,1.0182314
ISIC_0011691,-3.048411,1.8272502
ISIC_0011692,-3.0970101,0.57535946
ISIC_0011693,-2.9905648,0.58384067
ISIC_0011694,-3.1976566,0.6633209
ISIC_0011695,-3.1268103,0.6895096
ISIC_0011696,-3.067729,0.6591775
ISIC_0011697,-3.1196718,0.64846593
ISIC_0011698,-2.994029,0.67223716
ISIC_0011699,-2.881329,0.6941597
ISIC_0011700,-3.2425175,0.6893745
ISIC_0011701,-3.1724277,0.6454537
ISIC_0011702,-3.1657243,0.63958573
ISIC_0011703,-3.2175088,0.7061091
ISIC_0011704,-3.081211,0.61691326
ISIC_0011709,-2.9070048,1.5128573
ISIC_0011710,-2.8640575,1.4363745
ISIC_0011728,-3.8930204,2.156778
ISIC_0011729,-2.9599473,1.9851077
ISIC_0011736,-2.861587,2.2148168
ISIC_0011743,-4.0429025,1.7888663
ISIC_0011744,-4.056959,1.8950349
ISIC_0011758,-3.870415,2.4246817
ISIC_0011759,-3.8814158,2.429099
ISIC_0011764,-3.7238603,1.3270491
ISIC_0011770,-3.6063628,1.6250633
ISIC_0011771,-3.6321251,1.5488594
ISIC_0011772,-3.5697768,1.6495792
ISIC_0011773,-3.778546,1.4800229
ISIC_0011774,-3.7993186,1.7088438
ISIC_0011778,-2.6860776,1.4256662
ISIC_0011780,-3.5939832,1.6906877
ISIC_0011782,-4.07647,2.0918386
ISIC_0011794,-4.240741,2.1445568
ISIC_0011797,-3.5996583,1.419309
ISIC_0011798,-3.6050084,1.3682495
ISIC_0011799,-3.7299407,1.2233316
ISIC_0011801,-3.97086,1.712627
ISIC_0011802,-3.969262,1.7391429
ISIC_0011807,-3.7648208,2.0801206
ISIC_0011808,-3.8306162,2.195875
ISIC_0011811,-3.7894325,1.9824129
ISIC_0011812,-3.6869674,1.8324293
ISIC_0011845,-4.086101,2.514403
ISIC_0011846,-4.03983,2.5354638
ISIC_0011857,-3.4724555,0.891392
ISIC_0011858,-3.5454836,0.9378443
ISIC_0011870,-3.9083054,1.7928612
ISIC_0011872,-4.390603,1.5575901
ISIC_0011873,-4.430038,1.5831462
ISIC_0011874,-4.3795652,1.518756
ISIC_0011875,-4.405045,1.5047255
ISIC_0011876,-4.3715854,1.5478511
ISIC_0011877,-4.4177537,1.4947833
ISIC_0011878,-4.4589553,1.5176911
ISIC_0011879,-4.4120235,1.4659983
ISIC_0011892,-2.7109792,2.0562065
ISIC_0011895,-3.1652513,0.91331226
ISIC_0011898,-2.9557066,1.1954052
ISIC_0011904,-3.484858,1.5146934
ISIC_0011921,-4.087642,2.0360756
ISIC_0011922,-4.0412803,1.9262267
ISIC_0011923,-3.1034214,2.3647575
ISIC_0011930,-3.5695827,1.6382138
ISIC_0011931,-3.6650598,1.7026563
ISIC_0011933,-3.0699346,1.666656
ISIC_0011943,-0.9558394,0.30734748
ISIC_0011944,-1.104945,0.2480495
ISIC_0011947,-3.8786585,2.064663
ISIC_0011948,-3.9467702,2.0768402
ISIC_0011949,-3.5864644,1.9017028
ISIC_0011950,-3.8017826,1.7479912
ISIC_0011951,-3.7553518,1.9193221
ISIC_0011957,-2.2983203,1.2149979
ISIC_0011958,-1.25683,1.1667758
ISIC_0011975,-2.9837694,1.5787187
ISIC_0011987,-3.861363,2.599157
ISIC_0011996,-2.6964846,1.212378
ISIC_0011998,-3.7158933,2.2763474
ISIC_0012000,-3.1143897,1.5736078
ISIC_0012044,-2.8588986,1.5087469
ISIC_0012047,-3.9131467,1.8543015
ISIC_0012048,-3.102092,1.8136464
ISIC_0012049,-2.8564532,1.7549103
ISIC_0012060,-3.248764,2.8648312
ISIC_0012063,-3.9188933,1.2069343
ISIC_0012066,-4.0214467,1.2728993
ISIC_0012069,-3.9491045,1.2381006
ISIC_0012081,-3.6693544,1.2815752
ISIC_0012082,-3.560634,1.1067944
ISIC_0012083,2.7047124,4.3213906
ISIC_0012099,-2.4444013,3.391223
ISIC_0012112,-1.3630399,2.8734257
ISIC_0012137,-2.7980022,5.221359
ISIC_0012151,-1.1796192,4.84955
ISIC_0012208,-2.434369,3.3800447
ISIC_0012258,1.1608461,3.1335447
ISIC_0012270,-1.2192795,1.7229204
ISIC_0012288,-2.2134392,3.7246814
ISIC_0012290,-2.4802845,3.7662356
ISIC_0012298,-3.065442,5.011122
ISIC_0012321,-1.5045334,5.6305485
ISIC_0012348,-2.2598827,3.6176722
ISIC_0012356,-0.47795203,3.6540558
ISIC_0012369,-3.133162,5.130111
ISIC_0012382,-0.81974447,2.7667527
ISIC_0012391,-2.8842094,5.4366803
ISIC_0012418,-2.254868,5.531757
ISIC_0012425,-2.5708063,3.9584162
ISIC_0012434,-2.3105617,3.2414484
ISIC_0012435,-1.3148876,4.562297
ISIC_0012450,-2.17011,3.938557
ISIC_0012471,-2.428883,4.0903325
ISIC_0012472,-2.4433336,4.397556
ISIC_0012512,-2.2657757,5.1492867
ISIC_0012571,0.12778147,3.0012112
ISIC_0012574,2.7902148,0.7727296
ISIC_0012577,0.08247682,2.711613
ISIC_0012580,-1.5713664,4.3291645
ISIC_0012592,0.59311664,3.7090006
ISIC_0012595,2.7516031,4.9238024
ISIC_0012610,2.2127676,3.956586
ISIC_0012633,-0.020340063,4.1748567
ISIC_0012678,-2.647052,4.329515
ISIC_0012701,-3.257392,5.0341845
ISIC_0012756,-1.8913795,4.3326116
ISIC_0012758,1.3256402,-0.418008
ISIC_0012843,-1.4200785,2.8820233
ISIC_0012887,-1.5566726,5.1767673
ISIC_0012930,-2.908783,5.471078
ISIC_0012988,-2.0065975,3.8893003
ISIC_0012989,-1.4977361,5.169355
ISIC_0012990,-2.6159728,4.8685
ISIC_0013072,-2.9734626,5.2466655
ISIC_0013073,-2.7923036,5.7128882
ISIC_0013079,-2.9960792,5.7150617
ISIC_0013141,-1.3327276,2.9542093
ISIC_0013184,-1.8355693,4.2140284
ISIC_0013198,-2.4836779,4.902605
ISIC_0013232,-2.7194,4.86654
ISIC_0013242,-2.4234502,4.6090417
ISIC_0013258,-1.9288257,5.344224
ISIC_0013277,-1.6578295,4.665093
ISIC_0013321,-2.8459325,5.3230495
ISIC_0013334,5.6863303,3.5850704
ISIC_0013359,-3.1543527,4.976665
ISIC_0013365,-2.8156354,4.2991276
ISIC_0013374,-2.9021761,5.5952463
ISIC_0013411,-2.4482312,5.1425786
ISIC_0013427,-2.8493998,5.6731653
ISIC_0013429,-1.8407645,4.264267
ISIC_0013444,-1.2067999,1.6866491
ISIC_0013455,-2.9014907,4.8938336
ISIC_0013457,-3.0055022,3.7830608
ISIC_0013459,-2.0648258,4.006662
ISIC_0013460,-1.1847765,1.6385223
ISIC_0013472,-3.1230912,4.127933
ISIC_0013473,-2.4913864,5.7674985
ISIC_0013490,-1.7459116,4.330815
ISIC_0013491,-2.4342446,3.7545629
ISIC_0013497,-2.8099544,5.0548472
ISIC_0013499,-3.4142113,4.696588
ISIC_0013500,-2.9420598,4.796375
ISIC_0013501,-2.0157385,4.89745
ISIC_0013518,-2.7792778,5.210592
ISIC_0013525,-2.9737284,4.0130544
ISIC_0013530,-2.5466368,4.8943734
ISIC_0013548,-2.6968644,5.1067724
ISIC_0013549,-2.4039016,4.6590137
ISIC_0013565,-2.2234223,4.3649893
ISIC_0013567,-3.0550342,4.988525
ISIC_0013572,-1.696679,4.055629
ISIC_0013577,-3.115756,4.723042
ISIC_0013578,-3.377903,4.337487
ISIC_0013579,-3.4322557,4.588598
ISIC_0013581,-3.209803,4.502534
ISIC_0013588,-2.2107913,4.4280806
ISIC_0013594,-2.4296353,3.7236116
ISIC_0013606,-2.4901068,5.1411614
ISIC_0013610,-2.5764713,3.6848629
ISIC_0013615,-2.867688,5.101984
ISIC_0013617,-1.7521832,3.3701074
ISIC_0013618,-3.3305519,4.3842664
ISIC_0013626,-2.2028966,4.6541953
ISIC_0013634,-3.2798007,5.1666784
ISIC_0013636,-1.8074213,4.5704784
ISIC_0013639,-2.4645357,3.5247557
ISIC_0013646,-2.6834168,3.9475315
ISIC_0013651,1.0331864,1.764212
ISIC_0013652,-3.0639791,4.105921
ISIC_0013663,-3.0340693,5.89617
ISIC_0013671,-2.8397286,4.6495485
ISIC_0013672,-2.847948,4.8952565
ISIC_0013696,-1.7558609,5.1968837
ISIC_0013702,-0.98034996,4.5646634
ISIC_0013733,-2.2673917,5.8600416
ISIC_0013736,-1.9160528,5.6664257
ISIC_0013739,-2.3332875,4.399061
ISIC_0013740,-2.6112084,4.887271
ISIC_0013744,-1.517891,5.6348495
ISIC_0013762,-2.934962,5.7553263
ISIC_0013766,-3.3354166,4.655534
ISIC_0013767,-2.1081834,4.529854
ISIC_0013768,-2.1665316,4.5780764
ISIC_0013769,-1.2168454,4.6756325
ISIC_0013775,-2.7502267,4.555113
ISIC_0013777,-3.1024113,4.834249
ISIC_0013783,-3.0669653,5.7109156
ISIC_0013813,-2.7646804,4.845662
ISIC_0013814,-2.5597823,4.30421
ISIC_0013815,-2.5994813,5.010018
ISIC_0013831,-3.3103993,4.645871
ISIC_0013832,1.1791292,2.5779414
ISIC_0013833,-3.3105576,4.719322
ISIC_0013839,-2.591834,4.226348
ISIC_0013842,-2.7372952,3.7457438
ISIC_0013844,-2.2873225,3.7614837
ISIC_0013845,-2.5941398,5.0292954
ISIC_0013861,-2.8976874,5.844567
ISIC_0013865,-3.1840787,5.132577
ISIC_0013867,-3.151588,3.9415052
ISIC_0013874,-2.8055246,4.7890363
ISIC_0013908,-2.4005013,4.7268157
ISIC_0013917,-3.1614966,5.0203767
ISIC_0013936,-2.656318,4.4819484
ISIC_0013948,-2.0553236,4.4524364
ISIC_0013953,-2.696716,4.025968
ISIC_0013969,0.88205934,2.0708723
ISIC_0013972,-0.7096925,5.0745707
ISIC_0013975,5.4314094,3.6627746
ISIC_0013984,-2.9777982,5.20969
ISIC_0013987,-2.35981,4.422693
ISIC_0013988,-2.9512548,5.8436503
ISIC_0013992,-2.222625,5.5565834
ISIC_0013995,-2.1022956,5.8601584
ISIC_0013997,-2.7717655,5.13677
ISIC_0014013,-2.2578385,4.101064
ISIC_0014037,5.8744,3.97149
ISIC_0014044,-3.1402419,5.6295633
ISIC_0014049,-3.413167,4.840485
ISIC_0014059,-2.8319473,3.693403
ISIC_0014061,-3.2991562,4.360271
ISIC_0014062,-3.3527162,4.3862042
ISIC_0014072,-2.646666,4.5612154
ISIC_0014076,-2.093984,5.3157935
ISIC_0014077,-1.5675029,5.508291
ISIC_0014079,0.1810819,5.172675
ISIC_0014082,-3.032983,5.744593
ISIC_0014086,-2.4198458,4.067671
ISIC_0014088,-3.3525803,4.599758
ISIC_0014091,-2.4892244,4.386162
ISIC_0014092,-2.765012,3.7194164
ISIC_0014099,-0.29563516,1.4998288
ISIC_0014103,-2.9117048,4.332853
ISIC_0014108,-2.477491,5.442256
ISIC_0014110,-3.1752527,5.366526
ISIC_0014127,-2.189861,3.8885913
ISIC_0014129,-2.8966393,5.7707815
ISIC_0014132,-1.8707697,3.9388142
ISIC_0014133,-1.6693947,5.489014
ISIC_0014144,-2.7152324,3.8662143
ISIC_0014148,-1.8810679,3.972446
ISIC_0014151,-2.3865879,5.447449
ISIC_0014156,-2.524225,3.713165
ISIC_0014157,-2.895757,5.682979
ISIC_0014160,-3.1189725,5.6057053
ISIC_0014163,-2.0139718,4.7176056
ISIC_0014165,-3.3085515,4.6942525
ISIC_0014171,-2.900321,4.092557
ISIC_0014173,-2.726914,4.1769533
ISIC_0014181,-2.5408032,5.44463
ISIC_0014183,-2.4720345,5.9167876
ISIC_0014186,-2.0191798,4.1522865
ISIC_0014187,-2.8676012,4.3936877
ISIC_0014189,-2.2459383,4.3679976
ISIC_0014190,-3.3219476,4.2239604
ISIC_0014217,-2.878303,5.5516825
ISIC_0014219,-2.9904003,5.891484
ISIC_0014222,0.20369877,5.2543936
ISIC_0014229,-3.157449,5.2093463
ISIC_0014233,-3.0432835,4.8954997
ISIC_0014238,-2.8699446,3.7344856
ISIC_0014249,-3.04489,5.417268
ISIC_0014270,-3.2710428,4.5687966
ISIC_0014284,-2.3940587,4.2121215
ISIC_0014288,-3.3098989,4.228923
ISIC_0014289,1.0609223,0.3185027
ISIC_0014290,-2.0300918,3.324205
ISIC_0014291,-1.8564632,3.2486901
ISIC_0014302,-2.9575553,5.59883
ISIC_0014308,-3.044294,5.848176
ISIC_0014316,-3.3394263,4.6965427
ISIC_0014319,-2.8853004,5.6441226
ISIC_0014324,-2.9557848,4.1465783
ISIC_0014325,-3.18625,4.951921
ISIC_0014327,-3.2624736,4.860106
ISIC_0014331,-2.7742717,4.8053217
ISIC_0014336,-2.681181,4.6531744
ISIC_0014337,-3.201117,4.705683
ISIC_0014347,-2.8645878,4.617691
ISIC_0014349,-3.3631814,4.834979
ISIC_0014357,-2.1742158,4.5180674
ISIC_0014360,-3.30252,4.860187
ISIC_0014361,-2.334896,5.1242337
ISIC_0014366,-3.1442835,4.412896
ISIC_0014369,-3.174147,4.5998716
ISIC_0014372,-2.9727478,5.238176
ISIC_0014377,-3.1270447,5.4691772
ISIC_0014385,-3.138807,4.7436905
ISIC_0014395,-3.160222,4.4919596
ISIC_0014400,-2.7864041,3.7095861
ISIC_0014422,-2.891744,5.530482
ISIC_0014423,-3.0353959,4.4300146
ISIC_0014428,-3.074083,3.8772473
ISIC_0014434,-3.1740692,4.604845
ISIC_0014454,-2.796484,5.5468183
ISIC_0014476,-1.94943,5.3569975
ISIC_0014478,-3.2973986,5.265257
ISIC_0014480,-3.2152135,4.393226
ISIC_0014486,-2.7088792,4.1494155
ISIC_0014489,-2.7571557,5.302749
ISIC_0014501,-2.9800634,5.758966
ISIC_0014506,-3.339424,4.1654053
ISIC_0014507,-3.13074,3.9841764
ISIC_0014513,-3.2251377,4.979436
ISIC_0014525,-2.3004808,5.8129683
ISIC_0014527,-1.9739858,5.8283734
ISIC_0014541,-2.5456145,4.3810906
ISIC_0014543,-3.1221342,4.0448337
ISIC_0014545,-3.0499318,3.7383788
ISIC_0014546,-3.3927877,4.1671968
ISIC_0014548,-1.5136935,2.5093846
ISIC_0014557,-3.1986673,4.3479114
ISIC_0014558,-3.0542927,5.56049
ISIC_0014559,-1.8395485,5.743953
ISIC_0014663,-3.2330978,0.8853954
ISIC_0014666,-4.003476,1.786506
ISIC_0014671,-3.5226848,1.5012507
ISIC_0014681,-3.4318929,1.6265788
ISIC_0014688,-4.0884004,2.555764
ISIC_0014689,-4.0665584,2.660656
ISIC_0014690,-3.9418752,2.66627
ISIC_0014703,-3.4894028,1.6320562
ISIC_0014722,-4.2044487,2.1814115
ISIC_0014727,-3.8240876,2.2548008
ISIC_0014766,-3.1716068,1.7954867
ISIC_0014772,-3.4496827,1.9795696
ISIC_0014784,-2.9882405,1.7945064
ISIC_0014788,-3.3222353,0.85296756
ISIC_0014790,4.147943,4.7915955
ISIC_0014795,-3.4376137,2.5300715
ISIC_0014800,-3.5765507,1.1540196
ISIC_0014809,-2.638798,1.1847086
ISIC_0014813,-3.8164628,1.2260028
ISIC_0014826,4.174322,1.7047924
ISIC_0014832,-3.814362,2.159603
ISIC_0014852,-3.77915,1.780927
ISIC_0014857,-4.2347994,2.0787575
ISIC_0014858,-3.5138333,1.5733517
ISIC_0014862,-3.3069167,1.5510414
ISIC_0014864,-2.5051596,1.1820637
ISIC_0014871,-3.3146725,0.92254347
ISIC_0014872,-3.1710703,2.213738
ISIC_0014873,-3.6720598,2.2395055
ISIC_0014874,-3.743474,2.491173
ISIC_0014877,-2.8638275,2.0035233
ISIC_0014880,-3.9288623,1.7687799
ISIC_0014883,-0.49739534,0.2709611
ISIC_0014891,-3.8425138,2.0125532
ISIC_0014892,-3.6691868,2.35126
ISIC_0014893,-3.804622,2.5699804
ISIC_0014897,-4.0854187,1.760151
ISIC_0014900,-3.238844,0.8462231
ISIC_0014912,-2.9144168,1.3553816
ISIC_0014918,-3.2158186,2.2733746
ISIC_0014919,-1.0029992,1.3113012
ISIC_0014920,-0.08262228,2.8424435
ISIC_0014924,-3.6238093,2.0737317
ISIC_0014928,-2.0973842,0.6535766
ISIC_0014931,-3.5789633,2.2742279
ISIC_0014935,-4.183025,2.0486088
ISIC_0014951,-3.817629,1.8957247
ISIC_0014953,-3.6753745,2.147074
ISIC_0014963,-4.302068,2.1517448
ISIC_0014970,-3.6187134,1.0913887
ISIC_0014975,1.0001982,5.408846
ISIC_0014979,-3.4607096,2.3441508
ISIC_0014980,-3.2553663,2.2514386
ISIC_0014982,-3.1489258,1.4336511
ISIC_0014983,-3.9037263,2.2404022
ISIC_0014985,2.8038223,4.181185
ISIC_0014987,-3.2199812,1.6617213
ISIC_0014999,-3.1098258,1.7223876
ISIC_0015004,-2.997091,2.774094
ISIC_0015005,-3.079442,1.9905165
ISIC_0015041,-3.3062685,0.97084075
ISIC_0015045,-3.6995852,1.9581858
ISIC_0015050,1.0918787,5.3942394
ISIC_0015065,-4.02317,2.6146634
ISIC_0015067,1.1971312,5.4611053
ISIC_0015073,-3.1197138,1.5613947
ISIC_0015079,-2.8626027,1.158025
ISIC_0015082,-3.2771907,1.5828642
ISIC_0015083,-3.740188,1.130412
ISIC_0015088,-4.2704115,2.0550249
ISIC_0015096,-3.3176453,2.2560635
ISIC_0015106,-2.4948528,1.1610789
ISIC_0015109,-4.1858854,2.169159
ISIC_0015114,-3.8077538,1.9055625
ISIC_0015115,-3.1301856,2.393456
ISIC_0015116,-3.6150234,2.182604
ISIC_0015119,-2.850467,1.1347526
ISIC_0015120,-3.1360133,1.3711692
ISIC_0015122,-2.708131,2.2221901
ISIC_0015124,-0.8664877,3.1906676
ISIC_0015127,-3.3393636,0.94927114
ISIC_0015128,-1.2697859,1.0229236
ISIC_0015132,-2.831875,1.7017461
ISIC_0015133,-0.7957147,2.341001
ISIC_0015136,-3.0461414,1.6602758
ISIC_0015141,-3.3844213,2.426086
ISIC_0015142,-2.7246816,1.014859
ISIC_0015143,-3.1240547,1.90432
ISIC_0015145,-3.2745392,1.5623311
ISIC_0015156,-3.733719,1.7474713
ISIC_0015163,-4.0915236,2.55546
ISIC_0015166,-4.14537,1.5869459
ISIC_0015167,0.30537805,1.1258614
ISIC_0015169,-0.6649859,3.1176913
ISIC_0015178,0.87758803,5.382385
ISIC_0015180,-2.5318809,1.3085471
ISIC_0015185,-2.9167352,1.3409663
ISIC_0015189,-3.944616,1.9875225
ISIC_0015190,-4.227143,2.1678317
ISIC_0015191,-4.2239246,2.2464566
ISIC_0015192,-3.6956503,1.4143231
ISIC_0015193,-3.8916833,1.6326332
ISIC_0015194,-2.903099,0.9606424
ISIC_0015196,4.099253,2.4406104
ISIC_0015197,1.3891503,2.5261786
ISIC_0015204,-3.7988234,2.3266697
ISIC_0015205,-2.7845323,1.4690694
ISIC_0015206,-3.868875,1.3895376
ISIC_0015213,-3.7377517,1.6910017
ISIC_0015219,-3.227672,1.9385902
ISIC_0015228,5.5784106,3.6611025
ISIC_0015229,-3.3638103,1.5490342
ISIC_0015230,-3.6475153,2.0583603
ISIC_0015236,-2.4807029,1.6015649
ISIC_0015243,-2.9032505,2.257755
ISIC_0015246,-3.809366,1.8628001
ISIC_0015248,-3.6991951,1.2656215
ISIC_0015251,-3.3530543,0.7942822
ISIC_0015256,-3.4437456,1.6796029
ISIC_0015266,-3.3652527,1.6071037
ISIC_0015277,-4.177521,1.9992037
ISIC_0015284,-2.1028576,1.2078767
ISIC_0015288,-3.37679,1.7964277
ISIC_0015289,-3.6783082,1.9453005
ISIC_0015314,-3.6695986,2.6493394
ISIC_0015316,3.4302998,2.495188
ISIC_0015317,-3.3426716,1.4268641
ISIC_0015318,-3.6505582,2.3258321
ISIC_0015332,5.5799565,3.81787
ISIC_0015336,-2.97612,0.95694715
ISIC_0015343,-2.5629835,1.5121193
ISIC_0015356,-3.1752975,1.4218478
ISIC_0015377,2.1304226,4.952303
ISIC_0015433,-3.5300415,2.292519
ISIC_0015434,-3.8819888,1.3210438
ISIC_0015441,0.9939242,5.4294853
ISIC_0015442,3.0357745,4.620373
ISIC_0015457,-2.2086217,1.2317877
ISIC_0015458,-2.1840081,1.2738066
ISIC_0015477,-4.092179,1.8213971
ISIC_0015503,4.153569,1.6327578
ISIC_0015508,-3.5608528,1.581935
ISIC_0015514,-1.4206978,1.0910406
ISIC_0015517,-1.3876804,1.0029875
ISIC_0015519,-1.3725747,0.91723996
ISIC_0015522,-3.8076215,2.2742794
ISIC_0015523,-3.568306,2.0314229
ISIC_0015533,-3.9241307,2.6245368
ISIC_0015565,-3.580888,2.5111315
ISIC_0015575,-3.4610896,1.515678
ISIC_0015595,-2.9522805,1.832138
ISIC_0015608,-3.2777302,0.7934668
ISIC_0015619,5.4993825,4.1086574
ISIC_0016080,-2.5118384,3.7182086
ISIC_0016081,-2.609792,4.786059
ISIC_0016082,-2.509866,3.8088582
ISIC_0016084,-2.072626,4.4457684
ISIC_0016085,-3.0442939,5.449502
ISIC_0016092,-2.4805408,3.7564049
ISIC_0016094,2.710591,1.0500076
ISIC_0016112,-2.7600796,5.2285814
ISIC_0016114,-0.17950019,1.1773833
ISIC_0016123,-3.020456,5.2945437
ISIC_0016127,-2.64143,3.726928
ISIC_0016128,-2.3213217,3.516578
ISIC_0016131,-1.3861669,2.697268
ISIC_0016133,-0.4134761,1.8804315
ISIC_0016137,-1.9186708,4.3349056
ISIC_0016139,-2.2640932,3.678652
ISIC_0016145,-2.5217943,4.2109127
ISIC_0016153,-3.4432015,4.170255
ISIC_0016161,-2.9353535,4.4479165
ISIC_0016162,-0.2265895,1.4739641
ISIC_0016438,1.482597,-0.1682041
ISIC_0016911,2.662528,1.1324056
ISIC_0017350,2.5845995,0.8526914
ISIC_0017399,2.0711365,0.64381546
ISIC_0017411,1.0869486,2.1544704
ISIC_0017414,2.215848,3.2055907
ISIC_0017415,2.1333315,0.65518105
ISIC_0017422,1.3529364,-0.12796615
ISIC_0017428,1.8848381,0.86570805
ISIC_0017431,0.24712555,-0.5561183
ISIC_0017434,1.5293348,0.42059168
ISIC_0017436,1.0551816,0.14802927
ISIC_0017443,0.5331619,1.7787745
ISIC_0017448,-3.4133468,1.054209
ISIC_0017451,1.1891282,0.16525239
ISIC_0017453,1.2529278,0.113972746
ISIC_0017455,-0.13069348,-0.42355493
ISIC_0017460,1.1435692,0.14251833
ISIC_0017485,1.5738344,-0.13931476
ISIC_0017486,1.2670693,0.09773196
ISIC_0017856,3.5463276,1.6065757
ISIC_0018039,2.6972635,1.3082198
ISIC_0018040,2.372977,0.92147166
ISIC_0019315,1.966552,0.87965435
ISIC_0019334,1.9277611,0.5990957
ISIC_0019335,1.8325233,0.571622
ISIC_0019432,2.1546555,0.8675525
ISIC_0020491,-0.3891756,-0.09805088
ISIC_0020963,-0.26988658,1.7051445
ISIC_0020975,0.7209366,3.707917
ISIC_0020977,1.104734,4.062426
ISIC_0020978,0.4260523,3.7728665
ISIC_0020985,2.9335914,3.8085308
ISIC_0020986,2.66265,4.7311444
ISIC_0020987,0.4386747,4.415022
ISIC_0020988,1.808577,5.0751095
ISIC_0020998,1.2791088,4.321013
ISIC_0021009,0.33094677,4.4052715
ISIC_0021020,1.4901469,4.404246
ISIC_0021094,2.3396273,5.003021
ISIC_0021095,0.25810862,3.5608718
ISIC_0021125,1.8434863,5.321336
ISIC_0021136,2.0860484,5.221777
ISIC_0021147,1.6896329,5.2460485
ISIC_0021155,1.9809726,5.247605
ISIC_0021162,1.919218,5.3136716
ISIC_0021166,0.28842518,5.2102995
ISIC_0021167,0.42226198,5.1332583
ISIC_0021168,0.29753616,4.9042006
ISIC_0021172,5.9927177,1.2944074
ISIC_0021187,-0.79148734,1.8271742
ISIC_0021188,-0.82624376,1.4126952
ISIC_0021189,-0.8802348,1.5445646
ISIC_0021194,0.061008375,5.4344893
ISIC_0021205,6.020611,1.2860602
ISIC_0021271,2.6724236,3.1602027
ISIC_0021282,0.14835869,3.717207
ISIC_0021293,2.7803066,3.0444255
ISIC_0021295,1.2500365,4.3818784
ISIC_0021296,1.895573,4.737259
ISIC_0021297,-0.34949055,2.4443169
ISIC_0021328,1.1190242,4.292752
ISIC_0021329,1.306423,4.344807
ISIC_0021330,-0.5771267,2.473359
ISIC_0021339,5.8543015,4.840083
ISIC_0021340,6.1430426,4.8385644
ISIC_0021341,5.683771,4.9280787
ISIC_0021382,2.1133351,4.431552
ISIC_0021383,0.35432884,4.3301225
ISIC_0021384,2.2217617,4.9273257
ISIC_0021390,-0.09764987,4.3661156
ISIC_0021391,0.037777845,4.5718875
ISIC_0021399,-0.35298765,2.839283
ISIC_0021400,-0.9483089,2.0318966
ISIC_0021401,-0.68978715,1.6146395
ISIC_0021405,-0.35766506,5.4590025
ISIC_0021407,-0.3274859,5.430616
ISIC_0021408,-0.34880322,4.8616915
ISIC_0021426,2.4676764,4.399774
ISIC_0021427,2.3728168,4.648921
ISIC_0021428,3.089309,3.6430566
ISIC_0021432,0.49247396,4.673457
ISIC_0021434,0.36928284,4.534208
ISIC_0021435,0.31802642,4.309483
ISIC_0021439,1.3771535,4.6773486
ISIC_0021440,1.3916034,4.629135
ISIC_0021441,0.041893054,3.319351
ISIC_0021442,2.3448217,5.0458508
ISIC_0021443,2.557505,4.827572
ISIC_0021446,1.9274784,4.855162
ISIC_0021473,-0.9733569,3.8598208
ISIC_0021474,-0.8908741,3.8902507
ISIC_0021475,-1.1153997,3.4338915
ISIC_0021480,-0.7840368,4.2687273
ISIC_0021481,-0.6479231,4.2917233
ISIC_0021482,-0.6537349,3.6225543
ISIC_0021491,0.71417236,2.7474954
ISIC_0021492,-0.19469754,2.8711116
ISIC_0021493,-0.31125343,2.5269268
ISIC_0021497,0.6460981,4.7919593
ISIC_0021498,0.01251548,4.1691947
ISIC_0021500,0.5249948,4.6216164
ISIC_0021530,-0.2752654,-0.073265135
ISIC_0021531,-0.41611877,-0.08476244
ISIC_0021533,-0.42227602,0.03907939
ISIC_0021534,-0.5813394,2.0958974
ISIC_0021535,0.8062278,0.5430785
ISIC_0021536,0.68562603,0.1432174
ISIC_0021542,0.875574,4.2766595
ISIC_0021543,0.23549962,3.7463336
ISIC_0021544,0.3812387,4.5895443
ISIC_0021611,2.2098827,4.25863
ISIC_0021622,2.5072472,4.398005
ISIC_0021627,0.2887796,3.7327318
ISIC_0021646,-0.34622344,1.5641348
ISIC_0021647,-0.40193108,1.7810906
ISIC_0021648,0.2951697,3.9784958
ISIC_0021687,1.7620553,3.817621
ISIC_0021688,2.4929993,4.3472533
ISIC_0021689,-0.5194333,1.7685517
ISIC_0021706,0.306181,-0.0675819
ISIC_0021708,-0.21131721,-0.08234143
ISIC_0021709,0.04096174,-0.27676827
ISIC_0021710,1.9222984,4.8166
ISIC_0021711,2.250747,4.9019513
ISIC_0021713,0.21478343,3.7024164
ISIC_0021728,2.1495652,4.856851
ISIC_0021729,1.5944989,5.0823812
ISIC_0021730,1.1720679,4.718512
ISIC_0021745,1.8897353,3.9128342
ISIC_0021746,2.066484,3.147396
ISIC_0021747,4.641269,-0.68623435
ISIC_0021768,-0.7918893,2.503535
ISIC_0021770,0.29417437,2.4234076
ISIC_0021771,-0.7131295,1.5738105
ISIC_0021772,-0.60505986,1.3431065
ISIC_0021780,-0.5857901,0.86430055
ISIC_0021781,-0.55740505,0.37641138
ISIC_0021782,-0.58414006,1.1430864
ISIC_0021783,-0.43258864,0.80941397
ISIC_0021784,-0.3402301,-0.020557513
ISIC_0021785,-0.557943,0.4497445
ISIC_0021786,2.4539833,3.8811767
ISIC_0021787,-0.567897,1.6534339
ISIC_0021789,-0.55942494,1.2972825
ISIC_0021800,-0.56331646,0.7816197
ISIC_0021801,-0.6983635,1.4824071
ISIC_0021802,-0.70063627,0.7005352
ISIC_0021803,1.0954256,2.6167836
ISIC_0021804,0.48527524,1.9958009
ISIC_0021805,-0.19470833,2.888443
ISIC_0021816,0.21085428,4.0272055
ISIC_0021818,0.2730951,3.911019
ISIC_0021819,0.19717488,4.091522
ISIC_0021850,-0.54038715,1.1585737
ISIC_0021851,-1.1270648,2.3104966
ISIC_0021896,1.9065317,5.049744
ISIC_0021897,2.1519778,5.164397
ISIC_0021898,-0.111218505,3.650262
ISIC_0021899,0.02822293,3.8013074
ISIC_0021900,0.4809499,1.9048599
ISIC_0021901,0.013917329,3.4628062
ISIC_0021908,0.45361623,2.0985956
ISIC_0021917,0.7601612,2.053652
ISIC_0021921,0.13692428,5.1812267
ISIC_0021925,-0.9693321,2.4289033
ISIC_0021926,0.2895113,5.2389717
ISIC_0021927,0.26927686,5.330646
ISIC_0021967,-1.3686543,2.5062833
ISIC_0021969,-1.4718764,2.2871087
ISIC_0021970,-1.4332851,2.2344708
ISIC_0021971,-1.4213402,2.3101468
ISIC_0021972,-1.4862132,2.2759228
ISIC_0021973,-1.4420273,2.2850654
ISIC_0021974,-1.5080378,2.375374
ISIC_0021975,-1.4680992,2.3528993
ISIC_0021976,-1.5065058,2.2901304
ISIC_0021977,-1.4844974,2.3661284
ISIC_0021978,-1.3467853,2.4980636
ISIC_0021979,0.30775505,3.3643436
ISIC_0021980,-1.4153445,2.3771157
ISIC_0021981,-1.3805258,2.389488
ISIC_0021985,0.8840525,3.6333876
ISIC_0021996,-0.9323284,2.26865
ISIC_0021997,0.9641132,3.4011657
ISIC_0022000,-0.3050267,0.46485743
ISIC_0022003,2.4046052,4.773553
ISIC_0022009,-0.35101432,4.754262
ISIC_0022010,-0.34473175,4.4797153
ISIC_0022011,7.1617656,0.32592386
ISIC_0022012,7.1540914,0.393845
ISIC_0022013,2.2961004,4.851283
ISIC_0022022,2.3260114,4.6889405
ISIC_0022048,1.4861596,4.887289
ISIC_0022059,1.9863827,5.008286
ISIC_0022066,-0.5618144,2.8680012
ISIC_0022067,-0.13458848,4.1415524
ISIC_0022068,0.07933805,4.1374106
ISIC_0022069,-0.28341258,2.7252958
ISIC_0022070,1.573488,5.0043726
ISIC_0022071,-0.27984142,3.0148456
ISIC_0022073,-1.0077928,2.622379
ISIC_0022075,5.166398,5.1081696
ISIC_0022076,5.287412,5.1082687
ISIC_0022077,5.7281113,4.708578
ISIC_0022078,5.550583,4.802238
ISIC_0022079,5.676006,4.759003
ISIC_0022080,4.566601,2.9843752
ISIC_0022081,4.293587,5.032218
ISIC_0022082,3.8550808,4.8589954
ISIC_0022083,-1.1709306,2.3270833
ISIC_0022102,2.3970456,5.0398264
ISIC_0022113,2.4053655,5.036043
ISIC_0022123,2.1205373,4.208528
ISIC_0022124,2.2660553,5.1232524
ISIC_0022125,1.8573449,4.6488757
ISIC_0022154,0.7386314,4.750679
ISIC_0022155,1.0529583,3.9864967
ISIC_0022156,0.89284956,4.6097155
ISIC_0022157,0.53528416,4.08459
ISIC_0022180,-1.3072518,2.218708
ISIC_0022195,2.3822305,2.6170065
ISIC_0022196,2.0868964,1.8331392
ISIC_0022197,2.2510784,2.3185825
ISIC_0022198,2.4095573,2.9122388
ISIC_0022199,0.011155334,1.4321492
ISIC_0022245,-0.87878585,3.3597538
ISIC_0022246,-0.6752144,4.4263716
ISIC_0022254,0.4728291,4.2564034
ISIC_0022255,0.5098502,3.9618602
ISIC_0022256,-0.068808675,3.1218975
ISIC_0022286,-1.4093556,2.102892
ISIC_0022304,0.92639214,1.179945
ISIC_0022305,0.8123007,1.2082192
ISIC_0022306,0.8236458,1.1577541
ISIC_0022307,0.88388443,1.3384116
ISIC_0022308,0.8512579,1.2789363
ISIC_0022311,6.541409,1.8204752
ISIC_0022312,1.2679158,5.125773
ISIC_0022313,0.33385086,3.5059748
ISIC_0022314,1.240133,5.032279
ISIC_0022315,0.6443962,3.8921003
ISIC_0022316,1.0534472,4.3894124
ISIC_0022317,1.0559422,4.22452
ISIC_0022318,0.067501344,3.4059286
ISIC_0022319,1.0691968,4.3180428
ISIC_0022321,0.81202465,4.2011185
ISIC_0022322,0.083951905,3.3242319
ISIC_0022327,-0.5046201,1.1843569
ISIC_0022328,0.18755502,0.2981391
ISIC_0022329,-0.32147148,0.16355826
ISIC_0022330,-0.09865561,0.17000282
ISIC_0022332,-0.22283515,0.7087805
ISIC_0022338,-0.3830282,-0.0030361444
ISIC_0022339,-0.3999365,0.092100896
ISIC_0022340,-0.38816658,0.19219847
ISIC_0022378,1.1612028,5.0977616
ISIC_0022379,0.79698056,4.9867616
ISIC_0022380,0.671438,4.6854315
ISIC_0022381,-0.6170216,1.7074499
ISIC_0022382,-0.5982232,2.492071
ISIC_0022383,-0.6596726,3.1018057
ISIC_0022384,-0.56614715,1.6657207
ISIC_0022385,-0.07003253,1.4908326
ISIC_0022397,0.6464986,4.363367
ISIC_0022398,0.028888952,3.0878496
ISIC_0022399,0.58912444,4.1249037
ISIC_0022437,-0.6808155,0.84056306
ISIC_0022439,2.7367907,0.82957774
ISIC_0022440,-0.3522187,1.6549973
ISIC_0022442,-0.35018188,0.26263237
ISIC_0022463,1.4348643,4.30776
ISIC_0022474,5.892294,1.8912476
ISIC_0022570,2.8348129,4.043883
ISIC_0022571,2.5537999,4.060118
ISIC_0022572,2.5540702,4.176045
ISIC_0022573,2.7694135,4.0554905
ISIC_0022574,2.5227866,4.0123625
ISIC_0022597,1.4173988,4.5555606
ISIC_0022601,1.5796703,4.223949
ISIC_0022602,1.5356063,4.2569814
ISIC_0022603,1.3532846,4.1723647
ISIC_0022604,1.1760134,3.9593232
ISIC_0022615,1.2263752,4.379471
ISIC_0022616,0.08495654,3.2309911
ISIC_0022617,0.072914936,3.163503
ISIC_0022624,-0.27860725,3.4669507
ISIC_0022660,2.8387005,3.0642066
ISIC_0022679,2.1750057,5.0330772
ISIC_0022682,-0.26805317,5.4174194
ISIC_0022683,-0.12620437,5.319853
ISIC_0022684,-0.25353146,5.3482203
ISIC_0022685,0.12889647,5.210641
ISIC_0022686,-0.19339998,5.448353
ISIC_0022783,2.2534153,5.1393366
ISIC_0022793,-1.426916,3.8231444
ISIC_0022794,0.2733724,1.648769
ISIC_0022796,0.6937934,1.5297092
ISIC_0022797,0.25241074,1.4853697
ISIC_0022798,-0.5410445,0.81809247
ISIC_0022799,0.23301807,1.7281873
ISIC_0022894,1.566235,5.0921097
ISIC_0023021,1.0382266,5.00215
ISIC_0023022,1.3630929,4.1450768
ISIC_0023023,1.58847,4.07138
ISIC_0023025,1.3065426,5.139402
ISIC_0023026,0.99342763,4.054851
ISIC_0023042,6.138167,3.8552375
ISIC_0023043,5.6869936,3.9102292
ISIC_0023044,6.0194087,3.896809
ISIC_0023045,5.057334,4.034743
ISIC_0023047,5.458931,4.181331
ISIC_0023048,1.9741352,5.3392744
ISIC_0023049,5.389259,4.034308
ISIC_0023050,5.4090376,3.847403
ISIC_0023051,5.627495,3.8610969
ISIC_0023052,7.1919217,3.402246
ISIC_0023053,5.447042,3.9418547
ISIC_0023054,5.3544064,4.0060587
ISIC_0023103,0.91689056,6.0323057
ISIC_0023104,0.97543573,6.129575
ISIC_0023105,0.96742195,6.0992737
ISIC_0023106,0.9772637,6.0895467
ISIC_0023107,0.9739591,6.1038814
ISIC_0023108,0.9897299,6.0804276
ISIC_0023109,0.93543875,6.0320883
ISIC_0023110,0.90959805,5.9987283
ISIC_0023111,0.95642984,6.091914
ISIC_0023116,0.600005,4.73552
ISIC_0023117,0.81597084,4.85278
ISIC_0023119,0.52496564,4.725931
ISIC_0023130,7.1398005,4.710434
ISIC_0023131,8.973027,2.2753217
ISIC_0023132,7.820733,4.3970723
ISIC_0023133,7.457382,4.5966244
ISIC_0023161,1.5434532,4.179975
ISIC_0023163,2.5493178,4.649703
ISIC_0023164,2.664023,4.7724013
ISIC_0023165,1.2660966,4.291229
ISIC_0023236,-0.66583747,1.426276
ISIC_0023262,5.6907983,4.9267745
ISIC_0023264,5.5310235,5.120195
ISIC_0023265,5.643797,4.92641
ISIC_0023266,5.500911,5.102985
ISIC_0023267,5.607529,4.873388
ISIC_0023268,5.609545,4.944091
ISIC_0023269,4.5863175,4.2800746
ISIC_0023270,5.49154,4.9605527
ISIC_0023271,5.7135334,4.8670087
ISIC_0023272,5.622814,4.80887
ISIC_0023273,5.4586115,4.9664083
ISIC_0023275,5.4452314,5.0445843
ISIC_0023276,5.730352,4.9674125
ISIC_0023277,5.8668756,5.1720147
ISIC_0023278,5.5849233,4.852224
ISIC_0023279,5.5497193,4.7947106
ISIC_0023280,5.4284997,4.7396607
ISIC_0023281,5.222645,4.707719
ISIC_0023282,5.6102476,4.824659
ISIC_0023283,4.9658155,3.8553648
ISIC_0023284,5.431293,5.1194425
ISIC_0023286,6.450589,2.0005822
ISIC_0023287,5.4716244,5.153118
ISIC_0023288,5.458719,5.1645627
ISIC_0023289,5.5679345,4.8143044
ISIC_0023290,5.584243,4.6240034
ISIC_0023291,5.3866515,5.1482487
ISIC_0023292,5.747892,4.7841773
ISIC_0023293,5.640676,4.6631355
ISIC_0023294,5.6634955,4.5869026
ISIC_0023295,5.6212473,5.186936
ISIC_0023296,5.607303,4.85574
ISIC_0023297,1.3801304,4.9825263
ISIC_0023298,5.915179,5.536089
ISIC_0023299,5.6302104,4.370319
ISIC_0023300,2.1725068,4.173985
ISIC_0023301,5.89439,5.56316
ISIC_0023302,-0.09615596,1.4571623
ISIC_0023303,5.8643413,5.1991663
ISIC_0023304,5.928692,5.309256
ISIC_0023305,6.14109,3.4508784
ISIC_0023306,2.8005443,4.133046
ISIC_0023307,5.8442407,5.058528
ISIC_0023308,0.30655092,4.1743402
ISIC_0023309,5.8698397,5.1971645
ISIC_0023310,5.8770003,5.258984
ISIC_0023311,5.892098,5.303022
ISIC_0023312,5.928686,5.466897
ISIC_0023313,2.1809657,4.608911
ISIC_0023314,1.0920348,4.7707253
ISIC_0023315,5.844297,5.165173
ISIC_0023316,5.9367604,5.412598
ISIC_0023317,5.9155273,5.4071336
ISIC_0023318,1.8726435,4.4013104
ISIC_0023320,5.971929,5.502816
ISIC_0023321,5.6012435,5.0420976
ISIC_0023322,5.915608,5.3185244
ISIC_0023323,2.02755,4.2297063
ISIC_0023324,5.9228754,4.6995735
ISIC_0023325,5.8650613,5.449648
ISIC_0023326,0.11955877,0.9812899
ISIC_0023327,5.924923,5.489685
ISIC_0023328,5.961565,5.566342
ISIC_0023329,5.9705467,5.5658693
ISIC_0023331,5.793994,5.352456
ISIC_0023364,-0.4415985,5.474598
ISIC_0023365,-0.5169862,5.3973145
ISIC_0023366,-0.49472016,5.403035
ISIC_0023367,-0.77421767,5.620284
ISIC_0023368,-0.713945,5.633792
ISIC_0023369,-0.8799657,5.6327415
ISIC_0023370,-0.43892628,5.350781
ISIC_0023371,-0.46124315,5.3631606
ISIC_0023372,-0.40179694,5.3751445
ISIC_0023374,-0.4488066,5.4025073
ISIC_0023375,-0.42021856,5.385132
ISIC_0023376,-0.38494077,5.2923226
ISIC_0023377,-0.419997,5.1853743
ISIC_0023395,-0.56192213,1.0049808
ISIC_0023396,2.5328157,5.069909
ISIC_0023397,2.5467281,5.020721
ISIC_0023398,2.5129218,5.0576277
ISIC_0023399,2.5283177,5.006619
ISIC_0023427,7.542788,0.8726861
ISIC_0023438,7.547196,0.92740726
ISIC_0023458,7.6621485,4.494824
ISIC_0023459,7.6979275,4.479228
ISIC_0023460,7.7726035,4.1245728
ISIC_0023461,7.801951,4.084155
ISIC_0023462,7.755655,4.4015245
ISIC_0023463,7.6901712,4.446222
ISIC_0023464,7.7302527,4.468251
ISIC_0023465,7.719821,4.2904086
ISIC_0023466,7.745598,4.375938
ISIC_0023467,7.7626524,4.312909
ISIC_0023469,7.7034516,4.175672
ISIC_0023482,2.9260447,5.237127
ISIC_0023483,3.0178447,5.1806307
ISIC_0023484,3.077667,5.1135273
ISIC_0023485,2.9819062,5.185963
ISIC_0023486,3.004787,5.28599
ISIC_0023488,2.979307,5.283735
ISIC_0023489,2.9900107,5.1381974
ISIC_0023490,2.8819442,5.1933613
ISIC_0023491,2.9162922,5.2124825
ISIC_0023492,0.86439914,4.9700694
ISIC_0023493,0.7755733,5.150027
ISIC_0023494,0.75607544,5.1321
ISIC_0023495,2.4574833,4.5104203
ISIC_0023496,2.285472,4.1363134
ISIC_0023497,-1.4088403,2.225408
ISIC_0023500,1.3927128,4.6712003
ISIC_0023502,-1.53748,2.3918858
ISIC_0023503,-0.9109023,3.968342
ISIC_0023504,7.3349476,-0.90089476
ISIC_0023505,2.141849,4.564997
ISIC_0023506,2.3399882,4.7004714
ISIC_0023507,2.344979,4.705278
ISIC_0023508,2.317953,4.714842
ISIC_0023509,7.6079473,0.2791483
ISIC_0023511,2.0254824,4.825206
ISIC_0023512,2.3049638,4.8008013
ISIC_0023513,2.1819408,4.8290286
ISIC_0023514,2.3334384,4.8154416
ISIC_0023515,7.382797,0.41303474
ISIC_0023516,2.6546202,4.668643
ISIC_0023517,2.8026595,4.799239
ISIC_0023518,2.8127313,4.7991204
ISIC_0023519,1.2690066,2.3623078
ISIC_0023524,-1.257666,5.010728
ISIC_0023525,-1.320174,5.112683
ISIC_0023526,-1.3609606,4.9855514
ISIC_0023529,0.67098254,4.7066684
ISIC_0023530,0.68019634,4.9415855
ISIC_0023531,0.74969053,4.822346
ISIC_0023553,-0.75868946,4.2622643
ISIC_0023554,-0.7706817,4.279872
ISIC_0023561,5.387911,4.1580033
ISIC_0023574,-2.1367233,4.4162793
ISIC_0023575,-2.2074957,4.48981
ISIC_0023594,-2.3033323,5.804969
ISIC_0023596,-2.2912185,5.7512364
ISIC_0023597,-2.3175642,5.6161466
ISIC_0023604,-1.7823383,3.9133475
ISIC_0023606,-1.924609,4.155662
ISIC_0023608,2.9724662,2.1356235
ISIC_0023620,2.8984337,2.119594
ISIC_0023631,-0.72430235,4.7495356
ISIC_0023634,8.108146,2.6285498
ISIC_0023635,8.654765,2.9207006
ISIC_0023636,8.620576,3.0496562
ISIC_0023637,8.467056,2.9963953
ISIC_0023638,8.230939,2.7164893
ISIC_0023639,8.586256,3.0529408
ISIC_0023640,8.068164,2.8318121
ISIC_0023641,7.8360457,2.6356273
ISIC_0023642,-0.43562695,4.8679695
ISIC_0023643,8.052394,2.6827621
ISIC_0023644,7.973648,2.7171218
ISIC_0023645,8.067551,2.6654356
ISIC_0023646,5.9093947,1.8316015
ISIC_0023647,1.446905,5.0510144
ISIC_0023648,0.23696125,3.8127792
ISIC_0023669,-0.61315745,0.01811254
ISIC_0023670,-0.878587,0.35572127
ISIC_0023671,-0.80017865,0.21736124
ISIC_0023675,1.9625031,4.7346478
ISIC_0023685,1.8744664,4.387307
ISIC_0023705,5.083737,1.1407493
ISIC_0023706,6.838983,0.42071816
ISIC_0023707,6.8985677,0.32746956
ISIC_0023708,4.71338,1.3819982
ISIC_0023711,6.1726274,1.6151239
ISIC_0023712,6.7326183,1.5251355
ISIC_0023744,-0.5492438,2.53953
ISIC_0023747,-0.528723,2.8268485
ISIC_0023755,-0.4339389,2.5290763
ISIC_0023762,1.7423033,5.072456
ISIC_0023763,0.45403603,4.184717
ISIC_0023764,0.31570163,4.006873
ISIC_0023765,-0.76321995,1.5785328
ISIC_0023766,-0.67195135,1.504679
ISIC_0023767,-0.74760413,1.4967017
ISIC_0023769,0.17834432,1.9742694
ISIC_0023770,0.70114434,4.012631
ISIC_0023771,-0.2225343,2.6009836
ISIC_0023786,0.6009412,4.24637
ISIC_0023787,0.26642743,4.2933774
ISIC_0023806,1.0455061,3.958486
ISIC_0023807,0.76252615,4.1376266
ISIC_0023808,0.43070295,3.8094847
ISIC_0023809,-0.53139454,-0.021883385
ISIC_0023811,-0.5731609,-0.095412865
ISIC_0023812,-0.54095453,-0.01687547
ISIC_0023836,0.31238636,1.1678691
ISIC_0023837,-0.62119794,1.3277553
ISIC_0023838,-0.5122906,0.8321662
ISIC_0023839,0.22965834,1.408847
ISIC_0023843,0.41391513,1.4952489
ISIC_0023853,0.30337444,4.308827
ISIC_0023854,0.14641178,1.6823459
ISIC_0023855,0.30376238,4.1484876
ISIC_0023856,0.2429243,4.161917
ISIC_0023890,-0.38957343,1.2071389
ISIC_0023891,-0.39636824,1.2455844
ISIC_0023893,1.5116444,2.417414
ISIC_0023900,1.5496302,2.2751799
ISIC_0023901,1.622398,1.9146825
ISIC_0023902,1.7795596,2.2263875
ISIC_0023903,1.5540293,4.419895
ISIC_0023923,-1.0379825,3.0812716
ISIC_0023924,-1.0776442,2.7520297
ISIC_0023925,-0.96341825,1.7575634
ISIC_0024005,1.4643185,4.4422717
ISIC_0024015,2.3635252,4.233878
ISIC_0024016,1.8688568,4.443392
ISIC_0024018,-0.013853565,3.3512683
ISIC_0024032,1.2956136,4.8796654
ISIC_0024033,2.329682,5.1436563
ISIC_0024034,2.1067195,5.328981
ISIC_0024072,0.71607196,2.9906378
ISIC_0024083,0.47235808,2.7874372
ISIC_0024085,-0.33657187,3.3215992
ISIC_0024086,0.19023345,3.186603
ISIC_0024087,-0.07158554,3.180632
ISIC_0024091,-0.06711051,2.637396
ISIC_0024095,1.4346347,4.9208956
ISIC_0024096,2.073581,5.0248303
ISIC_0024097,1.9178253,5.0516353
ISIC_0024108,-0.22789817,2.7417407
ISIC_0024109,-0.16031833,3.068084
ISIC_0024112,-0.50371253,2.520295
ISIC_0024119,0.34579045,2.884998
ISIC_0024120,0.32935396,2.7242243
ISIC_0024121,-0.11587537,2.5075212
ISIC_0024193,-0.84519064,1.0585289
ISIC_0024194,-1.004955,1.408674
ISIC_0024195,-1.0283086,1.5065749
ISIC_0024313,1.803723,0.059023034
ISIC_0024315,0.63744277,-0.40006137
ISIC_0024351,2.617416,1.2669923
ISIC_0024481,1.7184846,-0.4215357
ISIC_0024537,1.8280408,1.2511797
ISIC_0024546,0.947379,2.091997
ISIC_0024586,1.7735573,-0.47942343
ISIC_0024624,0.023454381,1.9157993
ISIC_0024644,6.3166027,0.67419183
ISIC_0024675,3.116135,-0.7359136
ISIC_0024688,0.96914977,0.4484599
ISIC_0024733,0.31270173,3.8519912
ISIC_0024792,1.095939,0.3386912
ISIC_0024806,2.1505392,1.1968122
ISIC_0024865,0.3543914,0.9114676
ISIC_0024886,1.8440704,2.196171
ISIC_0024898,2.745685,1.0592654
ISIC_0024900,1.1254603,2.1648803
ISIC_0024911,1.0849482,-0.40655604
ISIC_0024918,2.4081233,0.6294072
ISIC_0024932,2.51083,0.8848414
ISIC_0024952,0.79699624,0.93180895
ISIC_0024972,0.6458569,2.6822677
ISIC_0025018,2.3522568,0.922327
ISIC_0025035,1.4659201,-0.016192215
ISIC_0025081,-0.039564554,1.3079022
ISIC_0025085,1.6691631,-0.47153127
ISIC_0025127,1.9208914,1.0468867
ISIC_0025128,2.0430508,0.6541777
ISIC_0025155,2.1411762,1.0959405
ISIC_0025219,0.42912313,1.7261482
ISIC_0025235,2.390027,1.127626
ISIC_0025238,1.3327664,1.0408466
ISIC_0025265,1.8650503,-0.6132507
ISIC_0025316,0.77989763,-0.4636899
ISIC_0025409,1.4478093,1.024747
ISIC_0025451,0.42267498,-0.7072268
ISIC_0025489,0.8487319,-0.089666024
ISIC_0025550,1.9553063,0.5846477
ISIC_0025573,1.0755675,1.8515747
ISIC_0025589,0.15104271,-0.39802423
ISIC_0025592,0.6892938,-0.1894497
ISIC_0025603,1.8587407,0.5830798
ISIC_0025611,1.5756767,0.61195
ISIC_0025663,2.451496,3.7611232
ISIC_0025674,0.58796567,2.310423
ISIC_0025708,0.906481,-0.39255145
ISIC_0025724,2.3538556,0.48144484
ISIC_0025748,1.8884596,1.0980964
ISIC_0025751,2.2850442,0.87263334
ISIC_0025766,2.0516949,1.3697387
ISIC_0025783,2.2905195,1.5741085
ISIC_0025791,1.4487381,0.39148566
ISIC_0025832,2.0060031,0.66207784
ISIC_0025835,0.8616196,-0.3118096
ISIC_0025891,1.4065416,-0.48802736
ISIC_0025904,1.6565117,-0.0043995567
ISIC_0025941,1.1584142,0.218369
ISIC_0025963,-2.801246,1.767542
ISIC_0025964,1.2261782,-0.5025651
ISIC_0026009,2.0075707,1.9144142
ISIC_0026081,1.3494574,-0.031002492
ISIC_0026105,1.4678185,0.7198587
ISIC_0026113,1.3361061,-0.3194196
ISIC_0026115,1.2655684,1.8966804
ISIC_0026150,1.2065778,-0.30570096
ISIC_0026207,1.3875759,-0.3866155
ISIC_0026229,0.35462886,0.83292484
ISIC_0026236,1.3078109,-0.5244428
ISIC_0026239,2.9110448,1.5338356
ISIC_0026247,1.2323474,-0.49242792
ISIC_0026258,2.2365751,1.3903623
ISIC_0026296,1.150331,-0.4323676
ISIC_0026314,0.90489453,-0.51489615
ISIC_0026352,1.4684033,0.604243
ISIC_0026360,0.9658921,0.23406787
ISIC_0026475,1.9955016,0.4827653
ISIC_0026506,1.2497663,-0.49104917
ISIC_0026516,2.1918225,0.33896706
ISIC_0026596,0.5338365,1.2946656
ISIC_0026604,4.2451816,2.4254913
ISIC_0026622,1.0856812,3.092151
ISIC_0026694,1.2717699,0.07249941
ISIC_0026746,2.2154422,1.5489143
ISIC_0026770,1.2059423,0.8707918
ISIC_0026774,0.8995229,0.725875
ISIC_0026802,2.2346535,0.9585071
ISIC_0026897,2.5615997,0.70984304
ISIC_0026930,1.9553089,1.6280198
ISIC_0026954,-2.1804352,1.7831477
ISIC_0026963,0.12727764,2.5397973
ISIC_0026993,0.39273834,-0.6174051
ISIC_0026996,0.54820466,-0.6989112
ISIC_0027043,2.278391,0.9796173
ISIC_0027089,2.8591754,1.5017871
ISIC_0027105,1.9889755,1.3634688
ISIC_0027125,0.87957376,0.9145426
ISIC_0027171,1.3455987,-0.37813526
ISIC_0027174,0.590046,0.6499043
ISIC_0027260,0.88693714,-0.49269155
ISIC_0027261,6.1434894,2.6016028
ISIC_0027263,-0.022882005,1.5985838
ISIC_0027282,-2.4173827,1.162624
ISIC_0027327,0.39935285,-0.40465972
ISIC_0027359,1.3611399,1.1738853
ISIC_0027387,1.6177708,0.70728475
ISIC_0027402,1.4808766,-0.46767664
ISIC_0027407,2.1204991,1.4118274
ISIC_0027436,-0.13411607,4.8836894
ISIC_0027480,2.2656293,1.3940744
ISIC_0027487,-0.01054408,0.34125522
ISIC_0027502,1.9984262,1.1624318
ISIC_0027507,1.9212122,0.30046996
ISIC_0027517,1.0406121,3.646149
ISIC_0027561,2.4394817,4.6882915
ISIC_0027604,1.0183237,-0.2297293
ISIC_0027616,0.1977429,0.7974032
ISIC_0027620,2.5368977,1.0654151
ISIC_0027622,2.3824806,0.9436512
ISIC_0027659,1.1607033,0.29254526
ISIC_0027693,-0.10636862,0.17626338
ISIC_0027769,1.1317657,-0.3330437
ISIC_0027793,0.24515589,0.8736638
ISIC_0027797,2.082721,0.39588043
ISIC_0027832,2.7497678,1.7977089
ISIC_0027863,1.4354987,1.5388201
ISIC_0027900,0.3560923,0.2655413
ISIC_0027956,1.3641484,0.8939448
ISIC_0028003,1.3446835,0.43062147
ISIC_0028017,1.931853,0.26658595
ISIC_0028022,0.80583817,1.9168459
ISIC_0028029,1.0046076,-0.7399385
ISIC_0028033,1.6922075,-0.35549793
ISIC_0028041,0.45784384,-0.71275276
ISIC_0028056,0.6643727,1.1422063
ISIC_0028065,2.269977,1.0999353
ISIC_0028069,0.12862292,0.47395405
ISIC_0028103,2.4086022,4.5989995
ISIC_0028109,1.303952,-0.26285034
ISIC_0028215,0.77441263,0.6134473
ISIC_0028219,1.2960463,-0.33083004
ISIC_0028225,2.3499255,1.2905167
ISIC_0028306,1.5203582,1.3063014
ISIC_0028325,3.8089197,0.52963877
ISIC_0028326,0.78772914,-0.65126866
ISIC_0028460,2.057633,1.2996529
ISIC_0028467,1.0100518,-0.49553588
ISIC_0028489,1.4082702,-0.38729936
ISIC_0028493,2.0614734,2.012468
ISIC_0028537,0.8110708,1.4575573
ISIC_0028565,1.7026109,-0.5921136
ISIC_0028567,0.11288314,0.13535373
ISIC_0028579,0.25113925,0.49872282
ISIC_0028685,1.3252249,1.9352701
ISIC_0028696,3.1757069,2.079261
ISIC_0028718,3.5251713,1.1695899
ISIC_0028760,2.0351508,0.26258695
ISIC_0028860,2.6117926,3.5112016
ISIC_0028901,0.7857253,2.579426
ISIC_0028915,0.8669993,1.2709737
ISIC_0028929,1.3458319,1.9259487
ISIC_0028930,2.0724092,0.9469105
ISIC_0028965,1.3217149,0.5061546
ISIC_0029013,1.500272,-0.30699956
ISIC_0029017,1.1664671,-0.48640513
ISIC_0029028,1.186728,0.73765796
ISIC_0029033,0.075256474,0.021289594
ISIC_0029056,2.5584505,0.9151537
ISIC_0029170,-0.009817966,0.23700307
ISIC_0029242,-0.1850754,1.4633378
ISIC_0029272,1.2164297,0.3144721
ISIC_0029318,1.2613388,2.2298367
ISIC_0029343,0.31329733,1.0345461
ISIC_0029397,1.7843205,0.8076276
ISIC_0029434,1.2385114,-0.114701346
ISIC_0029480,3.1592684,1.0702523
ISIC_0029495,2.2652895,0.35802305
ISIC_0029513,3.3385,0.18191619
ISIC_0029538,0.4785845,-0.72214997
ISIC_0029570,2.6670358,1.3276801
ISIC_0029571,0.45046473,-0.6540537
ISIC_0029606,4.720087,-0.21221982
ISIC_0029651,0.7629584,0.07829788
ISIC_0029652,1.1443087,0.5905707
ISIC_0029660,0.24864133,-0.6746534
ISIC_0029698,1.0956159,1.5751383
ISIC_0029839,1.4371688,0.40386423
ISIC_0029859,1.5257572,1.7326802
ISIC_0029885,0.73605955,1.497859
ISIC_0029913,0.30111718,-0.59703165
ISIC_0030002,1.9481832,1.0072831
ISIC_0030034,1.5695282,1.5256767
ISIC_0030047,2.1558976,1.11174
ISIC_0030083,0.7992064,0.6433686
ISIC_0030089,0.016306123,1.202924
ISIC_0030122,1.0715309,-0.078874536
ISIC_0030134,0.9048551,1.8271792
ISIC_0030171,1.1175512,-0.051768728
ISIC_0030183,-0.46155465,4.265249
ISIC_0030192,-2.531091,1.734973
ISIC_0030255,1.9568778,0.05184621
ISIC_0030281,2.0197988,-0.5418016
ISIC_0030356,4.200666,2.4948277
ISIC_0030366,-0.05656378,1.333682
ISIC_0030391,1.9359194,0.25934786
ISIC_0030440,0.4702699,-0.7655566
ISIC_0030445,-0.042976346,1.6891339
ISIC_0030501,1.4690716,1.5100262
ISIC_0030507,2.0749032,2.397842
ISIC_0030512,2.060929,0.83971745
ISIC_0030521,1.2414364,-0.7151182
ISIC_0030539,0.011810496,2.722597
ISIC_0030552,-0.69795054,2.352331
ISIC_0030575,2.8744805,1.8656756
ISIC_0030623,1.5904862,-0.17669384
ISIC_0030653,0.9696025,-0.44216895
ISIC_0030689,2.0245454,2.2472045
ISIC_0030747,3.079015,1.1035734
ISIC_0030795,1.669702,-0.15943444
ISIC_0030818,0.673835,-0.6601427
ISIC_0030828,0.92472184,-0.34398702
ISIC_0030898,0.4711466,-0.44290453
ISIC_0030951,1.7202889,0.9412714
ISIC_0031025,1.248789,0.28471047
ISIC_0031034,1.7494669,-0.35448512
ISIC_0031177,1.309607,0.6881105
ISIC_0031186,0.5874402,4.5493164
ISIC_0031189,1.3649596,0.46681792
ISIC_0031295,1.0819137,1.0784179
ISIC_0031369,0.32857636,2.3092487
ISIC_0031386,2.2526739,1.7126205
ISIC_0031389,1.6072274,0.6015041
ISIC_0031406,0.90591174,-0.15477109
ISIC_0031408,1.4771626,1.6054059
ISIC_0031417,2.349601,0.833688
ISIC_0031498,2.046374,1.2328346
ISIC_0031529,2.4560177,0.80594
ISIC_0031545,1.7341219,-0.42931342
ISIC_0031557,1.9854909,0.9364311
ISIC_0031586,2.0780091,1.2117372
ISIC_0031598,0.5597131,-0.5338998
ISIC_0031642,1.4689187,-0.119218744
ISIC_0031709,1.4646972,1.8568803
ISIC_0031741,2.1315749,0.44103077
ISIC_0031745,1.313413,-0.44803706
ISIC_0031746,2.2458718,2.0427494
ISIC_0031779,0.8586689,2.3520017
ISIC_0031784,0.29314765,1.6371847
ISIC_0031821,0.77756625,-0.6199621
ISIC_0031844,2.1276767,1.9009486
ISIC_0031908,3.0130293,1.6442748
ISIC_0031915,2.3710492,1.2222381
ISIC_0031953,1.4706624,-0.4221208
ISIC_0031957,1.8816751,2.0876079
ISIC_0031958,0.9492114,1.1025329
ISIC_0031972,1.4179401,3.3361633
ISIC_0031977,-0.30140245,0.46014416
ISIC_0031999,-0.28663573,1.2948922
ISIC_0032019,1.216115,0.62441593
ISIC_0032036,2.2106297,2.0606887
ISIC_0032044,0.71239126,0.070906736
ISIC_0032046,-0.81048554,3.407779
ISIC_0032095,1.724373,0.05857024
ISIC_0032098,0.802349,2.5780485
ISIC_0032190,1.1528492,1.2022582
ISIC_0032204,1.8147506,-0.05152155
ISIC_0032219,0.9712219,1.5330902
ISIC_0032232,2.3322768,0.83667034
ISIC_0032245,-0.51980525,2.2646956
ISIC_0032287,1.3107755,0.1004609
ISIC_0032313,1.9570361,1.11084
ISIC_0032425,2.4013786,1.1782118
ISIC_0032433,2.5155988,1.5775894
ISIC_0032441,1.5516573,0.0060889577
ISIC_0032450,0.2546238,1.5345873
ISIC_0032462,2.8160534,1.9943118
ISIC_0032509,1.6602238,2.0247526
ISIC_0032517,1.9372156,-0.52730113
ISIC_0032526,3.9622207,1.7155815
ISIC_0032532,2.9509983,-0.5910875
ISIC_0032533,0.5276203,-0.80780643
ISIC_0032544,0.8875403,0.59846073
ISIC_0032547,-0.07159661,-0.20431724
ISIC_0032550,0.1193484,0.3086868
ISIC_0032552,2.9541466,0.9986559
ISIC_0032559,0.05647482,0.18164816
ISIC_0032569,2.176111,1.5469089
ISIC_0032592,6.6205587,3.6328635
ISIC_0032596,1.1095415,0.83168215
ISIC_0032598,-0.087617815,-0.4568319
ISIC_0032602,0.1261257,-0.28596517
ISIC_0032603,0.86309576,-0.71423924
ISIC_0032610,0.84385,-0.38153866
ISIC_0032617,0.5060574,1.6258215
ISIC_0032622,2.1846237,0.085071474
ISIC_0032624,0.4186559,-0.2257519
ISIC_0032626,0.0065046754,0.7980551
ISIC_0032638,0.6780703,0.2911338
ISIC_0032645,5.652796,1.8829325
ISIC_0032653,4.997498,-1.0973679
ISIC_0032656,6.3802414,3.5555058
ISIC_0032662,3.2062006,-0.6129603
ISIC_0032672,2.2639647,1.8323773
ISIC_0032684,1.0712998,-0.39524728
ISIC_0032685,0.27889544,1.4812285
ISIC_0032716,0.36586237,-0.5167399
ISIC_0032718,0.6396446,2.227295
ISIC_0032723,0.94085205,0.30399537
ISIC_0032724,0.26994598,-0.6442295
ISIC_0032736,0.41307533,2.2431872
ISIC_0032750,1.9025489,1.3329505
ISIC_0032751,1.199427,0.5206479
ISIC_0032766,3.093055,-0.589576
ISIC_0032797,0.7447034,-0.030063936
ISIC_0032807,1.4208935,2.2076051
ISIC_0032810,0.90704185,0.17894535
ISIC_0032836,1.6856905,0.5749908
ISIC_0032841,0.21895921,-0.43594036
ISIC_0032844,1.3803662,0.14795925
ISIC_0032845,1.2094972,-0.0005822721
ISIC_0032847,0.84868014,-0.17456193
ISIC_0032856,1.0050159,0.5182263
ISIC_0032862,0.20255834,0.80667686
ISIC_0032869,0.5497431,2.4403641
ISIC_0032870,5.3263836,-0.3422497
ISIC_0032875,1.615529,1.1113721
ISIC_0032887,0.9407701,-0.20342438
ISIC_0032888,3.5545244,2.12715
ISIC_0032903,0.98736,1.166247
ISIC_0032917,0.9502578,-0.20012008
ISIC_0032921,1.9829878,-0.20006576
ISIC_0032925,0.7016961,-0.63704133
ISIC_0032981,1.9418293,1.3814263
ISIC_0032982,1.1560314,-0.17251141
ISIC_0032984,2.1586022,-0.20852183
ISIC_0033017,1.0488017,2.0380695
ISIC_0033024,0.07782205,1.6881552
ISIC_0033047,1.5396901,-0.3542757
ISIC_0033068,4.022737,-0.12946278
ISIC_0033081,0.7437062,-0.45894536
ISIC_0033103,0.05599445,0.7312114
ISIC_0033120,3.1882665,-0.82378227
ISIC_0033125,1.2322221,1.1630244
ISIC_0033141,0.93498224,-0.5083319
ISIC_0033152,1.4464761,-0.52766454
ISIC_0033166,2.9430654,-0.81188124
ISIC_0033171,2.848855,-0.7489564
ISIC_0033174,0.49161455,-0.6059638
ISIC_0033175,-0.86041695,1.9491243
ISIC_0033180,0.0022763119,-0.011085648
ISIC_0033186,2.8331244,1.1682243
ISIC_0033193,2.056811,1.3991264
ISIC_0033196,2.3575523,1.1084577
ISIC_0033216,0.5149378,0.1354694
ISIC_0033239,0.194066,-0.64204997
ISIC_0033241,0.8925504,0.62405473
ISIC_0033268,3.4597514,-0.5135355
ISIC_0033275,0.56019646,-0.851489
ISIC_0033278,-0.13222097,1.5356159
ISIC_0033279,1.135046,-0.11069372
ISIC_0033300,0.34893024,-0.65513736
ISIC_0033302,1.5212257,0.5387956
ISIC_0033304,0.23225076,-0.54402816
ISIC_0033312,0.27246335,0.92337096
ISIC_0033317,2.4079373,-0.46743903
ISIC_0033320,2.318398,0.08231758
ISIC_0033323,0.54757905,1.4282529
ISIC_0033333,0.19441102,0.021755379
ISIC_0033336,0.29118952,1.1875176
ISIC_0033362,2.7139018,1.7135535
ISIC_0033368,2.1899507,1.1324735
ISIC_0033369,4.210049,0.23286398
ISIC_0033377,0.2153928,0.7102524
ISIC_0033387,1.6323265,-0.39393046
ISIC_0033393,1.3672892,0.56460184
ISIC_0033394,2.5411844,1.2273158
ISIC_0033405,0.3492394,1.2415693
ISIC_0033415,-0.3509585,1.7227474
ISIC_0033416,0.1624943,-0.12996519
ISIC_0033424,0.44794014,2.288546
ISIC_0033429,0.9076983,1.2736075
ISIC_0033432,1.5642422,0.43703753
ISIC_0033444,2.098584,-0.114711486
ISIC_0033452,0.19391996,-0.23807976
ISIC_0033469,1.0224799,2.688769
ISIC_0033470,0.72602695,-0.485926
ISIC_0033485,-0.9017368,1.8619252
ISIC_0033487,6.3237095,3.7424738
ISIC_0033496,0.2183989,0.48255807
ISIC_0033500,0.21041438,0.34882724
ISIC_0033524,0.70148635,2.4332473
ISIC_0033534,0.043391768,0.8332958
ISIC_0033545,0.73240876,0.03340752
ISIC_0033546,-0.17259292,-0.12006031
ISIC_0033560,0.48876122,-0.62694186
ISIC_0033568,1.5138128,0.4403935
ISIC_0033573,0.020143446,1.6954974
ISIC_0033595,0.5443409,3.299153
ISIC_0033603,0.1399674,0.21933058
ISIC_0033607,1.8117871,0.4659732
ISIC_0033612,0.62424153,-0.67475414
ISIC_0033619,0.7981395,-0.41103402
ISIC_0033624,2.6624997,2.4018397
ISIC_0033638,2.1667545,-0.5115133
ISIC_0033644,0.46108148,-0.8145129
ISIC_0033651,0.2091626,-0.48597246
ISIC_0033662,1.2987932,-0.017100226
ISIC_0033687,0.35241708,-0.6561804
ISIC_0033696,0.13843158,1.0136642
ISIC_0033700,0.7665911,0.48607755
ISIC_0033704,1.1468076,2.0273767
ISIC_0033717,2.0224838,-0.039556455
ISIC_0033752,0.16272958,2.0167336
ISIC_0033779,3.1296318,-0.5134513
ISIC_0033801,3.0520864,1.966065
ISIC_0033802,3.0818968,1.8864731
ISIC_0033804,0.28412798,0.0309227
ISIC_0033805,1.75772,-0.38013306
ISIC_0033813,0.6347084,0.79477763
ISIC_0033819,0.90659904,0.59763026
ISIC_0033848,1.5507655,-0.038424928
ISIC_0033871,1.9388019,0.967458
ISIC_0033872,2.3349824,-0.2456823
ISIC_0033881,0.84152085,1.1518786
ISIC_0033883,2.8571205,-0.5462837
ISIC_0033886,-0.9571809,1.895755
ISIC_0033893,0.9441592,2.2143164
ISIC_0033901,0.75151354,-0.6863933
ISIC_0033905,1.664242,1.2869438
ISIC_0033911,0.8850505,0.61041206
ISIC_0033925,6.9371934,3.3335404
ISIC_0033938,0.38494632,-0.5890385
ISIC_0033946,3.9063172,0.06969055
ISIC_0033956,0.49564818,0.9616057
ISIC_0033957,1.3601121,0.4772382
ISIC_0033962,-0.122531846,-0.010416028
ISIC_0033968,2.435286,0.70777506
ISIC_0033975,0.4541122,1.009895
ISIC_0033977,1.1592882,0.72682476
ISIC_0033980,-0.025375003,-0.45802745
ISIC_0033981,0.97953737,0.6298786
ISIC_0033985,0.11847751,-0.56557393
ISIC_0033995,2.243142,1.1452695
ISIC_0034002,0.9892644,0.6692769
ISIC_0034005,4.9424677,-0.19908726
ISIC_0034006,0.44021723,0.8297812
ISIC_0034012,2.4007735,2.1378975
ISIC_0034046,0.4327309,0.34047887
ISIC_0034048,0.5880802,-0.20826076
ISIC_0034051,0.39245403,0.65644693
ISIC_0034052,0.7790149,-0.59838474
ISIC_0034061,0.6216246,-0.6582061
ISIC_0034064,2.226121,0.16104622
ISIC_0034068,2.030284,1.9640816
ISIC_0034071,0.026907887,1.5466986
ISIC_0034076,2.2627785,1.5295583
ISIC_0034085,0.21055685,0.1584819
ISIC_0034094,2.0508423,0.9219061
ISIC_0034100,0.18569028,3.4756835
ISIC_0034104,-0.09991637,-0.4526159
ISIC_0034107,0.9251958,0.15839207
ISIC_0034117,-0.02421794,1.537283
ISIC_0034118,2.12531,-0.21363442
ISIC_0034120,-0.015664874,-0.17956035
ISIC_0034134,1.3611852,2.209389
ISIC_0034140,0.3110817,1.4705192
ISIC_0034145,2.6784246,3.1260614
ISIC_0034150,-0.0030181548,2.879656
ISIC_0034172,1.2361894,0.43467125
ISIC_0034183,1.9315531,0.62313396
ISIC_0034205,3.2435782,-0.89857274
ISIC_0034211,0.5773307,-0.49824104
ISIC_0034222,1.9934821,1.1388775
ISIC_0034233,1.804783,0.9333942
ISIC_0034236,1.5601445,0.7253884
ISIC_0034246,3.3289263,-0.46988907
ISIC_0034256,0.27325895,1.443454
ISIC_0034262,0.049622376,0.46668968
ISIC_0034269,-0.27596247,1.3399729
ISIC_0034287,0.76390254,-0.3162563
ISIC_0034289,-0.14606448,-0.5682091
ISIC_0034317,1.6087359,0.060065866
ISIC_0034343,2.4196212,1.0070486
ISIC_0034398,2.0660968,1.4007386
ISIC_0034446,0.9782746,2.1314542
ISIC_0034472,2.2221215,1.289632
ISIC_0034477,1.4989021,-0.15135852
ISIC_0034482,0.056789782,-0.4935382
ISIC_0034492,0.23085669,2.0373645
ISIC_0034572,0.6249446,-0.5663039
ISIC_0034605,1.8963156,-0.5409321
ISIC_0034630,0.8046124,-0.6226686
ISIC_0034784,0.07698863,1.569697
ISIC_0034873,0.8446362,1.9456336
ISIC_0034882,0.59471416,0.08331079
ISIC_0034904,1.6730722,0.87947625
ISIC_0034934,6.2868276,2.525473
ISIC_0034971,1.688764,0.27138034
ISIC_0035000,-1.3873352,5.5123906
ISIC_0035021,1.167507,0.024652062
ISIC_0035047,2.620306,4.2404485
ISIC_0035048,0.84445864,0.87785727
ISIC_0035070,2.8832436,1.6673486
ISIC_0035089,1.2225778,-0.37627497
ISIC_0035090,1.2743517,0.14393948
ISIC_0035124,0.8720629,0.68290347
ISIC_0035224,2.2884128,-0.58689195
ISIC_0035263,-0.032729357,0.890648
ISIC_0035366,1.719423,1.1529726
ISIC_0035406,0.39074647,-0.75368416
ISIC_0035420,1.3981946,-0.57383466
ISIC_0035459,1.5966599,-0.53099203
ISIC_0035462,0.82393026,0.23862638
ISIC_0035486,1.6742656,0.76820856
ISIC_0035636,3.019271,1.8378054
ISIC_0035640,2.3432832,0.9986788
ISIC_0035670,2.0926478,0.51654
ISIC_0035680,0.5353304,-0.8043664
ISIC_0035682,1.1245137,0.89354306
ISIC_0035698,0.68402886,1.482255
ISIC_0035700,1.6713789,0.102227695
ISIC_0035705,0.34041286,-0.25136328
ISIC_0035708,2.4969957,-0.28529057
ISIC_0035714,0.62529635,-0.81998885
ISIC_0035719,2.333756,0.89169425
ISIC_0035732,1.8519028,0.013712358
ISIC_0035747,0.42779556,-0.30591023
ISIC_0035764,-2.1937766,4.9076743
ISIC_0035766,1.0087823,0.4414242
ISIC_0035767,0.8616799,-0.79331195
ISIC_0035794,2.7832587,-0.4448897
ISIC_0035823,1.201397,0.9126511
ISIC_0035825,3.2101452,-0.5703024
ISIC_0035827,-1.6084863,4.1219754
ISIC_0035846,1.1326071,1.0630358
ISIC_0035853,2.1955585,0.7837594
ISIC_0035854,0.79418856,1.1104568
ISIC_0035868,0.26654428,-0.74384594
ISIC_0035889,0.10368922,0.26346672
ISIC_0035913,0.78361034,0.2321177
ISIC_0035923,-0.11178984,1.316296
ISIC_0035929,5.7247314,2.8856466
ISIC_0035938,3.6887195,1.4635423
ISIC_0035964,2.4683228,0.9905774
ISIC_0035968,3.19386,-0.45430344
ISIC_0036005,7.1523147,2.0234754
ISIC_0036012,1.4855067,-0.16893952
ISIC_0036034,2.1061726,0.8838895
ISIC_0036051,0.8758447,1.0373763
ISIC_0036057,1.4636271,1.8107883
ISIC_0036070,-0.7937259,1.382539
ISIC_0036073,0.10864993,5.2930827
ISIC_0036075,-0.7248194,2.4438348
ISIC_0036076,-3.5436168,1.1068976
ISIC_0036078,5.507931,4.8496404
ISIC_0036079,0.87653667,1.7125906
ISIC_0036080,-0.04957862,2.8754432
ISIC_0036081,0.35578373,4.673257
ISIC_0036083,0.07190373,3.2888563
ISIC_0036085,2.3130028,4.627211
ISIC_0036086,6.471121,1.4717835
ISIC_0036087,-0.88043225,1.5224811
ISIC_0036088,2.0736005,2.8513496
ISIC_0036089,-0.4467355,0.5577914
ISIC_0036090,0.07563521,3.3845007
ISIC_0036091,-0.47904426,0.64782274
ISIC_0036092,1.6978645,4.5511866
ISIC_0036093,-0.9000922,3.4434676
ISIC_0036094,0.3489561,3.997418
ISIC_0036095,0.7058631,3.9373853
ISIC_0036096,0.8628427,3.923558
ISIC_0036097,2.5500233,1.7984197
ISIC_0036098,-0.40040925,2.460371
ISIC_0036099,0.8236995,4.1144753
ISIC_0036101,-0.9246791,2.2659705
ISIC_0036102,0.08718108,3.504578
ISIC_0036103,1.1586274,4.5228553
ISIC_0036104,2.7267377,-0.60368705
ISIC_0036105,0.72971857,4.1685233
ISIC_0036106,-0.30305418,1.0335974
ISIC_0036107,1.0916232,3.9702191
ISIC_0036108,6.682621,1.5503857
ISIC_0036109,-0.5996173,3.1640284
ISIC_0036110,1.4381288,4.502751
ISIC_0036111,-0.60880727,4.638979
ISIC_0036112,-0.70450056,1.5720118
ISIC_0036113,-0.12856026,2.9956162
ISIC_0036114,-0.04795421,-0.053292885
ISIC_0036115,2.4956393,4.0905294
ISIC_0036116,-0.5746575,0.3438047
ISIC_0036117,-0.56173015,0.52294046
ISIC_0036118,-0.93438387,2.2799883
ISIC_0036119,-0.40420943,-0.17033309
ISIC_0036120,-0.091923185,0.7436014
ISIC_0036121,-0.55626905,0.46616217
ISIC_0036123,6.8446064,3.4970486
ISIC_0036159,3.5805051,1.8262415
ISIC_0036258,0.68124235,1.8120157
ISIC_0036260,0.18882953,3.6370418
ISIC_0036263,-0.15299836,2.972704
ISIC_0036264,3.0993526,3.779527
ISIC_0036269,2.7142608,4.7704115
ISIC_0036270,1.6338483,5.2783427
ISIC_0036273,0.20470886,3.616469
ISIC_0036274,2.874521,2.1383417
ISIC_0036275,-0.97177047,2.158176
ISIC_0036276,2.431337,5.0884132
ISIC_0036278,-0.27596736,2.6788216
ISIC_0036279,-0.07754191,-0.10944952
ISIC_0036280,1.9852012,4.662523
ISIC_0036281,-0.7119387,0.073300876
ISIC_0036282,-0.44682044,2.6021135
ISIC_0036284,-0.07684334,3.255642
ISIC_0036285,0.27276853,4.8712506
ISIC_0036286,1.3860781,4.625649
ISIC_0036287,-0.8264407,1.438062
ISIC_0046224,3.4803278,2.4774773
ISIC_0046225,2.4271195,0.7948932
ISIC_0046242,2.4601645,3.022699
ISIC_0046305,3.9429202,1.4785842
ISIC_0046315,2.0530412,2.5514734
ISIC_0046322,-0.09970233,1.7189826
ISIC_0046323,0.09683145,1.2231716
ISIC_0046331,3.5718877,1.8436346
ISIC_0046338,0.40928027,3.8099315
ISIC_0046343,-0.37133864,1.5072997
ISIC_0046344,2.18892,2.0516808
ISIC_0046345,1.7751198,0.8060111
ISIC_0046361,3.0442946,2.81832
ISIC_0046372,1.3955284,4.918969
ISIC_0046383,4.966711,0.6255809
ISIC_0046394,6.8218603,2.4096792
ISIC_0046405,-0.16673781,1.2435639
ISIC_0046416,2.0516036,1.2130008
ISIC_0046422,2.9049613,2.786392
ISIC_0046427,2.9048796,1.5050234
ISIC_0046438,6.4237676,-0.23302583
ISIC_0046441,3.8927386,2.0800827
ISIC_0046443,-2.7978847,3.9786775
ISIC_0046449,3.4365766,2.5833504
ISIC_0046450,6.2861834,2.8371055
ISIC_0046458,1.1558446,0.32673588
ISIC_0046471,-0.5987397,1.1915976
ISIC_0046504,4.496835,1.6023542
ISIC_0046526,6.7099977,3.9001882
ISIC_0046548,3.4083204,2.479834
ISIC_0046560,5.5856075,-0.58253044
ISIC_0046571,-0.5948646,2.422682
ISIC_0046596,2.9867003,1.7485571
ISIC_0046597,1.3381232,0.79643553
ISIC_0046609,3.7510927,0.49530122
ISIC_0046626,1.1676066,3.4004781
ISIC_0046628,2.8121486,0.47949857
ISIC_0046633,-0.5060553,0.66645676
ISIC_0046639,2.0918152,2.2958353
ISIC_0046640,2.4404933,2.1091483
ISIC_0046645,-0.05819079,1.3540865
ISIC_0046647,3.7598484,1.1576701
ISIC_0046659,6.1145625,-0.24461618
ISIC_0046661,2.2539968,4.846508
ISIC_0046662,1.071578,3.1454217
ISIC_0046664,0.11811522,1.3225622
ISIC_0046667,0.115431264,0.8755635
ISIC_0046670,2.570937,1.5459002
ISIC_0046671,0.0397762,0.6317968
ISIC_0046672,4.1129622,3.832364
ISIC_0046681,2.0372849,1.8336185
ISIC_0046682,5.8562856,3.895601
ISIC_0046683,2.6284602,0.029693479
ISIC_0046712,0.8918733,2.4965763
ISIC_0046725,-0.110620044,0.7593526
ISIC_0046773,3.4149222,1.402191
ISIC_0046820,5.753163,1.0194151
ISIC_0046827,6.966346,1.414568
ISIC_0046828,-0.19360068,3.4982214
ISIC_0046834,-0.26053014,1.3891816
ISIC_0046900,-0.18041465,1.8128967
ISIC_0046908,1.0398706,0.23416872
ISIC_0046917,3.8895404,1.9369198
ISIC_0046921,3.9768705,1.4477898
ISIC_0046932,3.027677,0.633415
ISIC_0046983,2.7955463,3.4699588
ISIC_0046985,2.6855872,1.171537
ISIC_0047003,-0.4650004,2.1868289
ISIC_0047004,2.0137632,0.9400093
ISIC_0047008,0.4389829,1.391488
ISIC_0047022,6.532438,0.14131172
ISIC_0047024,5.260918,1.0985326
ISIC_0047031,1.6769768,0.7949196
ISIC_0047033,-2.8211207,1.4991924
ISIC_0053456,3.2576737,2.4306214
ISIC_0053469,5.9588795,1.7115461
ISIC_0053470,7.2755823,-1.3644664
ISIC_0053471,8.002365,1.0437076
ISIC_0053473,3.6129465,3.47095
ISIC_0053479,9.195509,-0.00085201976
ISIC_0053485,2.8776672,2.3035579
ISIC_0053489,7.3811464,-1.4455905
ISIC_0053491,4.0271816,4.462683
ISIC_0053492,2.683372,2.514473
ISIC_0053495,5.4248595,1.2851049
ISIC_0053503,6.24077,1.9357233
ISIC_0053507,-0.259516,-0.26969337
ISIC_0053508,8.104739,1.733068
ISIC_0053509,5.4295025,2.9896243
ISIC_0053510,4.7856784,3.5901632
ISIC_0053512,7.7924323,4.4043994
ISIC_0053513,4.6442857,0.7615478
ISIC_0053518,3.2532737,3.3797326
ISIC_0053520,6.9401984,0.52414143
ISIC_0053525,5.137172,1.8700964
ISIC_0053531,6.081931,-1.0873268
ISIC_0053533,6.960806,-1.2505214
ISIC_0053541,8.22348,0.3137268
ISIC_0053542,3.0308888,2.6320364
ISIC_0053545,3.188551,3.898859
ISIC_0053570,4.020395,4.307439
ISIC_0053578,2.7576318,1.4413104
ISIC_0053582,5.111803,1.4464267
ISIC_0053589,-0.29627144,0.7287951
ISIC_0053594,7.729069,2.8355691
ISIC_0053603,5.1517777,1.1645215
ISIC_0053611,2.8874264,1.6658608
ISIC_0053615,4.90131,3.000575
ISIC_0053617,6.1495285,1.6256241
ISIC_0053620,4.2526083,4.7981973
ISIC_0053632,6.404526,0.008799045
ISIC_0053659,5.1320543,0.17152336
ISIC_0053660,5.832114,-0.8518606
ISIC_0053667,6.9128523,-0.34331697
ISIC_0053674,4.2328863,1.434801
ISIC_0053691,4.29206,5.3044395
ISIC_0053698,7.836911,2.6443968
ISIC_0053699,5.830689,4.9024715
ISIC_0053700,5.844688,-0.6785016
ISIC_0053723,7.8878317,4.37602
ISIC_0053725,3.929075,0.4482906
ISIC_0053734,3.7425702,2.979815
ISIC_0053740,6.3665767,-0.76121473
ISIC_0053742,6.3489385,1.8325073
ISIC_0053743,5.0872765,4.5807853
ISIC_0053751,5.3781123,0.782466
ISIC_0053761,5.296593,2.2456276
ISIC_0053763,6.2704306,1.3770642
ISIC_0053765,-1.2793057,3.3595223
ISIC_0053766,7.2765265,-0.29921868
ISIC_0053774,3.9585066,2.733305
ISIC_0053784,6.752056,1.1706451
ISIC_0053787,5.3099985,-0.90226984
ISIC_0053790,7.3144927,-0.20901111
ISIC_0053791,6.5120993,1.8641274
ISIC_0053796,8.806727,0.2513116
ISIC_0053801,4.850569,-0.042519335
ISIC_0053810,3.100729,3.484113
ISIC_0053812,6.3637495,4.8459997
ISIC_0053814,6.2422686,3.8011532
ISIC_0053816,7.9502068,0.06695074
ISIC_0053823,3.3997371,0.23655905
ISIC_0053824,5.5725965,4.2343726
ISIC_0053827,3.8058612,-0.8051073
ISIC_0053828,5.241317,-1.2335585
ISIC_0053829,5.73702,0.8252722
ISIC_0053839,3.8406775,4.0491037
ISIC_0053841,4.831377,-1.1229454
ISIC_0053843,0.33452156,2.376206
ISIC_0053846,8.239794,-1.390608
ISIC_0053853,7.9856734,1.1355002
ISIC_0053891,3.152072,2.0907993
ISIC_0053893,1.8352427,-0.838367
ISIC_0053904,6.4522414,1.9290633
ISIC_0053909,2.6943877,3.4915066
ISIC_0053912,4.99944,-0.7641036
ISIC_0053916,1.053657,1.5652175
ISIC_0053923,5.115483,0.37040353
ISIC_0053925,3.0990074,-0.42879382
ISIC_0053933,8.356916,2.4106157
ISIC_0053946,8.460416,1.0242428
ISIC_0053960,5.6227593,-0.20049694
ISIC_0053969,8.078024,1.1287129
ISIC_0053971,6.0432415,4.1423335
ISIC_0053974,8.9723625,1.3470527
ISIC_0053980,7.329853,-0.5580738
ISIC_0053981,8.093045,0.30073297
ISIC_0053996,2.7907646,2.9151328
ISIC_0054006,0.2576375,1.0036236
ISIC_0054015,7.3093634,0.48582745
ISIC_0054025,4.4830923,-0.43449116
ISIC_0054032,1.2546141,2.0547142
ISIC_0054038,2.2417057,0.9107809
ISIC_0054043,3.3393104,4.3558874
ISIC_0054048,2.3227656,2.453033
ISIC_0054053,0.67988265,1.5367429
ISIC_0054059,4.4461675,1.9728643
ISIC_0054061,2.4663706,2.9268882
ISIC_0054062,6.845713,-0.60335916
ISIC_0054070,6.779133,-0.97461814
ISIC_0054073,6.059851,1.9583919
ISIC_0054078,3.151468,3.6382115
ISIC_0054079,6.1511455,0.53179336
ISIC_0054080,3.8548255,1.8424457
ISIC_0054082,8.040425,0.23384076
ISIC_0054085,3.3570328,4.202711
ISIC_0054090,4.5405626,-1.0997975
ISIC_0054103,6.871137,3.844037
ISIC_0054106,9.184458,1.6159244
ISIC_0054110,5.220627,-0.45004967
ISIC_0054112,4.829005,-0.02620282
ISIC_0054117,8.186289,0.5408518
ISIC_0054123,7.165369,2.2340841
ISIC_0054141,9.14336,-0.14005567
ISIC_0054151,8.940693,0.05593407
ISIC_0054159,7.144694,-0.16511448
ISIC_0054167,3.4595747,2.195969
ISIC_0054179,6.7194576,-0.030038396
ISIC_0054185,3.7161157,1.3668823
ISIC_0054188,1.8786852,1.6007994
ISIC_0054193,8.966125,-0.007858069
ISIC_0054198,6.039805,-1.459257
ISIC_0054205,1.8606553,3.1073482
ISIC_0054213,5.7013855,1.5836263
ISIC_0054220,7.9646907,0.80198365
ISIC_0054222,5.4596,3.9955583
ISIC_0054226,6.737557,-0.7967715
ISIC_0054229,4.759833,0.6202736
ISIC_0054233,8.093885,0.7202085
ISIC_0054236,6.621686,-0.15778959
ISIC_0054239,4.0615325,1.7600089
ISIC_0054244,2.8675337,2.8866909
ISIC_0054248,3.6545804,3.5253081
ISIC_0054251,5.795877,0.06922402
ISIC_0054254,4.3698735,-0.86002177
ISIC_0054264,5.615395,3.6087384
ISIC_0054274,5.044007,2.134321
ISIC_0054284,5.0243535,-1.4644372
ISIC_0054287,0.7020918,0.53138906
ISIC_0054292,3.2929523,1.3736787
ISIC_0054296,4.803084,3.0950184
ISIC_0054312,3.439965,1.4712082
ISIC_0054314,8.390073,0.8578362
ISIC_0054317,5.9124355,2.8355138
ISIC_0054334,8.34714,1.189847
ISIC_0054337,1.2106923,2.840483
ISIC_0054351,6.0669894,1.4433149
ISIC_0054355,8.594025,0.35319
ISIC_0054364,5.7785835,0.29607305
ISIC_0054366,5.2738304,-1.1364946
ISIC_0054371,1.64836,3.4749696
ISIC_0054377,4.832901,2.6288176
ISIC_0054379,9.15856,1.6228068
ISIC_0054384,5.8605795,1.546657
ISIC_0054391,5.182418,-1.4259909
ISIC_0054399,6.4283233,0.7779141
ISIC_0054410,5.67568,0.6947077
ISIC_0054412,7.0105124,0.33527592
ISIC_0054416,4.154759,4.411915
ISIC_0054430,0.037657123,2.2539797
ISIC_0054444,3.7395027,-0.060547918
ISIC_0054445,8.039994,-0.45128193
ISIC_0054458,2.9293778,1.9546337
ISIC_0054459,3.3726811,3.7603498
ISIC_0054462,4.051762,3.470897
ISIC_0054464,7.6632338,0.34459022
ISIC_0054465,4.27131,3.308377
ISIC_0054497,1.920322,3.026237
ISIC_0054501,8.26344,2.180834
ISIC_0054506,0.09498159,0.40302444
ISIC_0054512,8.2474985,0.1117136
ISIC_0054516,3.0946822,0.012513344
ISIC_0054520,5.527021,1.1356283
ISIC_0054523,8.680443,0.8732879
ISIC_0054528,1.9993862,1.9868548
ISIC_0054544,8.075742,1.7273333
ISIC_0054548,7.3865128,-1.277365
ISIC_0054563,1.6353948,1.511307
ISIC_0054568,3.9937477,1.9660058
ISIC_0054574,6.1012607,0.024936825
ISIC_0054599,6.1415772,3.2616446
ISIC_0054612,6.706076,-0.30068386
ISIC_0054618,4.5321884,0.52420574
ISIC_0054624,4.7609143,0.9792444
ISIC_0054625,6.2859616,-1.4039212
ISIC_0054629,5.6885657,-0.33746204
ISIC_0054637,6.151584,0.27725247
ISIC_0054651,0.35059187,0.88841295
ISIC_0054661,6.6638746,3.4874356
ISIC_0054663,4.659632,0.3095674
ISIC_0054670,6.6488214,0.58187765
ISIC_0054671,4.2239065,2.5677445
ISIC_0054673,4.6173453,1.1893116
ISIC_0054677,0.6237328,1.7046837
ISIC_0054694,5.7834306,1.788221
ISIC_0054705,3.8451893,1.2169219
ISIC_0054725,5.764621,-1.0932863
ISIC_0054728,0.85396713,2.2595294
ISIC_0054734,8.45563,1.0358571
ISIC_0054744,3.3650107,0.6464755
ISIC_0054747,3.1849642,1.3253852
ISIC_0054748,4.6585007,-0.8124683
ISIC_0054756,5.944271,2.201622
ISIC_0054760,6.6183786,0.2949084
ISIC_0054763,8.614177,1.8243186
ISIC_0054765,7.2615137,1.8044106
ISIC_0054767,2.2266653,1.7714015
ISIC_0054770,7.920603,0.7394822
ISIC_0054777,2.448465,1.8239129
ISIC_0054787,2.4932556,-0.12626775
ISIC_0054793,4.424837,4.4504285
ISIC_0054802,8.582081,1.8956909
ISIC_0054819,4.4757085,2.8557048
ISIC_0054821,4.1845636,0.12672992
ISIC_0054825,6.6210384,1.0153334
ISIC_0054827,8.782612,-0.07223809
ISIC_0054842,5.7713294,2.0378096
ISIC_0054844,6.870145,0.9363754
ISIC_0054848,3.105922,0.48478746
ISIC_0054851,5.5041866,1.8800894
ISIC_0054852,0.04038937,5.448298
ISIC_0054853,4.3616033,4.0588384
ISIC_0054874,4.3660417,2.2830243
ISIC_0054889,8.781636,0.31608078
ISIC_0054892,4.7213674,-0.3043868
ISIC_0054894,6.5111914,0.3205812
ISIC_0054902,7.75503,4.045116
ISIC_0054904,7.4358253,1.601008
ISIC_0054906,6.560252,-0.3347876
ISIC_0054912,8.429617,2.540304
ISIC_0054914,0.83838165,0.70250964
ISIC_0054919,6.5830936,3.5343907
ISIC_0054936,2.2443871,2.5986316
ISIC_0054941,4.9129806,-0.34058166
ISIC_0054961,8.202015,1.4353864
ISIC_0054963,3.9997766,1.5597416
ISIC_0054969,1.669167,2.3967967
ISIC_0054970,9.225829,1.649862
ISIC_0054971,3.5413892,0.26012003
ISIC_0054973,4.8436155,-0.8113468
ISIC_0054974,2.6971264,2.2779243
ISIC_0054976,3.9666648,3.2154148
ISIC_0054979,7.9574094,1.6927032
ISIC_0054982,5.1398487,3.391417
ISIC_0054988,4.184241,1.5882403
ISIC_0054995,6.284353,-0.29947478
ISIC_0055001,7.5446534,-0.6614807
ISIC_0055002,7.764165,-0.05865692
ISIC_0055022,1.0076611,1.4627888
ISIC_0055024,0.034063775,1.0876644
ISIC_0055031,4.358038,0.81704265
ISIC_0055039,4.1480584,2.161014
ISIC_0055048,8.658094,0.7639719
ISIC_0055051,3.1753733,4.328813
ISIC_0055052,4.6643124,1.9678581
ISIC_0055054,3.2288136,1.3730493
ISIC_0055056,6.7580686,0.31231055
ISIC_0055062,5.950689,1.3865776
ISIC_0055074,6.8331113,-0.03403139
ISIC_0055079,3.2045183,3.1468406
ISIC_0055081,6.7347007,-1.114052
ISIC_0055086,3.3394687,2.4769936
ISIC_0055087,3.2750554,4.3529263
ISIC_0055091,4.5430055,3.299131
ISIC_0055110,7.878468,1.5201247
ISIC_0055136,4.3169165,5.332555
ISIC_0055141,5.805021,-1.0160532
ISIC_0055143,5.605896,1.002937
ISIC_0055147,7.2146754,1.7981783
ISIC_0055156,5.209085,0.47661993
ISIC_0055161,8.258356,0.4360126
ISIC_0055167,5.9483395,-1.5071797
ISIC_0055175,6.2188916,-0.9236345
ISIC_0055179,7.051854,-0.27653968
ISIC_0055181,4.5511203,4.5322175
ISIC_0055191,-0.2462223,-0.31927848
ISIC_0055193,3.70932,-0.12371192
ISIC_0055202,1.6512368,0.8637901
ISIC_0055205,0.6162916,5.362439
ISIC_0055208,3.0659647,3.546663
ISIC_0055226,8.943517,0.20852827
ISIC_0055227,7.1711216,-0.055310868
ISIC_0055236,8.165511,2.220248
ISIC_0055241,3.7223184,3.3468614
ISIC_0055246,5.0986857,1.068654
ISIC_0055249,7.001114,-1.288072
ISIC_0055264,4.5758715,0.6692968
ISIC_0055265,6.293632,3.3875017
ISIC_0055268,7.6655393,4.0443454
ISIC_0055276,3.4078004,2.4940789
ISIC_0055282,0.009415111,0.19445758
ISIC_0055289,3.0869796,1.7138808
ISIC_0055293,6.1874404,2.8279855
ISIC_0055295,8.502504,1.0940859
ISIC_0055297,3.3837333,-0.2919463
ISIC_0055298,8.029067,0.75694966
ISIC_0055309,7.980695,-1.5566307
ISIC_0055311,1.9929746,0.23538037
ISIC_0055314,8.641849,1.4153299
ISIC_0055318,4.6705627,5.172729
ISIC_0055337,4.4279914,4.232272
ISIC_0055340,5.3096375,-1.0581439
ISIC_0055344,5.393291,0.31724438
ISIC_0055355,6.408183,0.39739352
ISIC_0055359,2.9035902,2.041359
ISIC_0055362,4.505623,-1.0938203
ISIC_0055363,8.401284,1.0924128
ISIC_0055367,2.2067802,3.6878378
ISIC_0055380,6.892295,0.14186265
ISIC_0055393,7.0891423,-0.11153997
ISIC_0055398,8.918247,1.4923396
ISIC_0055412,5.716552,2.8949244
ISIC_0055417,6.6514606,0.24677554
ISIC_0055419,0.37596998,0.031923555
ISIC_0055421,8.064192,1.1273414
ISIC_0055425,8.192764,1.0245429
ISIC_0055438,4.179682,0.026796214
ISIC_0055440,2.809408,0.6707704
ISIC_0055445,6.1137013,3.1160283
ISIC_0055451,1.4236943,0.18133876
ISIC_0055453,5.1039863,4.587624
ISIC_0055454,6.4171066,0.23771779
ISIC_0055462,6.4661846,-0.17581171
ISIC_0055464,6.8414693,-0.61738074
ISIC_0055465,7.3232064,0.9539474
ISIC_0055467,4.877141,4.750891
ISIC_0055474,4.1102943,0.019518642
ISIC_0055492,6.979677,0.6319785
ISIC_0055496,3.282921,2.2638593
ISIC_0055500,5.8890686,3.7965434
ISIC_0055503,2.6313725,2.9706283
ISIC_0055511,1.4083834,2.4396248
ISIC_0055513,6.8051567,-0.40644917
ISIC_0055517,7.259654,-1.4770892
ISIC_0055518,2.2868652,0.115843914
ISIC_0055519,3.4723601,4.2076306
ISIC_0055525,2.5810666,3.7078533
ISIC_0055527,7.822885,1.51068
ISIC_0055528,1.6525522,3.210868
ISIC_0055543,3.207014,4.581021
ISIC_0055546,4.2830443,2.4137506
ISIC_0055550,4.562992,0.36138785
ISIC_0055562,4.2880216,2.8929243
ISIC_0055570,4.4320107,5.0689406
ISIC_0055572,8.698536,3.692145
ISIC_0055582,0.70395523,1.3444854
ISIC_0055613,6.209407,4.404056
ISIC_0055616,7.351498,2.5566266
ISIC_0055618,6.677458,2.8202045
ISIC_0055622,7.274116,0.066308476
ISIC_0055623,6.5852027,-0.5548548
ISIC_0055624,6.059525,0.7453062
ISIC_0055631,7.995127,2.1242397
ISIC_0055643,8.777737,-0.10104464
ISIC_0055659,3.9202452,2.9574559
ISIC_0055665,7.226133,-1.4255226
ISIC_0055680,3.3174753,0.90436614
ISIC_0055684,5.4695168,1.6991072
ISIC_0055688,2.0545597,0.15922679
ISIC_0055690,3.228064,4.2904873
ISIC_0055699,4.10306,3.722246
ISIC_0055701,6.6952863,-0.8590565
ISIC_0055707,8.648271,0.36432636
ISIC_0055709,6.8748646,0.8291346
ISIC_0055714,0.52627057,0.16166517
ISIC_0055720,2.1064076,2.9107609
ISIC_0055733,1.6512445,2.9800415
ISIC_0055742,6.3455114,-1.0443841
ISIC_0055743,1.6241227,2.8776233
ISIC_0055756,-0.30805725,0.23127294
ISIC_0055759,9.397718,0.359316
ISIC_0055764,6.980402,1.4808941
ISIC_0055767,8.401686,1.1056029
ISIC_0055771,6.975517,-0.05489846
ISIC_0055776,7.404289,0.86848193
ISIC_0055780,4.343078,3.7119026
ISIC_0055781,3.254156,0.9619749
ISIC_0055783,3.7433968,0.6464884
ISIC_0055788,5.2279067,-0.7627622
ISIC_0055789,9.303636,1.6479101
ISIC_0055796,3.5156784,4.128315
ISIC_0055797,4.852431,2.00513
ISIC_0055799,4.497412,4.942076
ISIC_0055802,4.383203,3.327736
ISIC_0055818,5.2529635,0.9620901
ISIC_0055820,4.8928156,2.3373065
ISIC_0055821,4.0576863,0.87912905
ISIC_0055825,4.785925,3.5206032
ISIC_0055828,4.6386857,3.1038208
ISIC_0055832,4.49027,4.3270564
ISIC_0055840,9.237842,-0.05971066
ISIC_0055841,5.2880073,0.87757146
ISIC_0055854,7.7967587,1.0155703
ISIC_0055859,8.793436,1.2389523
ISIC_0055862,4.332322,4.4351387
ISIC_0055871,5.3457065,-0.9359596
ISIC_0055876,4.7870035,-0.57073426
ISIC_0055887,4.481098,-0.98855144
ISIC_0055892,6.602304,0.058370836
ISIC_0055896,6.213655,3.5649831
ISIC_0055899,6.075093,3.169317
ISIC_0055900,9.229521,1.6124078
ISIC_0055905,3.306212,0.63541514
ISIC_0055907,4.331908,4.5468726
ISIC_0055911,2.332511,-0.069595896
ISIC_0055930,5.144,3.5292633
ISIC_0055931,0.5461404,1.0638328
ISIC_0055937,8.288425,1.90222
ISIC_0055938,7.6151686,0.26984805
ISIC_0055953,6.2222753,0.8241561
ISIC_0055954,6.66166,-0.6201798
ISIC_0055960,4.596864,3.3379142
ISIC_0055967,6.2191467,-1.1664793
ISIC_0055984,3.003262,3.6550457
ISIC_0055999,8.409287,-1.0352925
ISIC_0056001,8.331369,2.019358
ISIC_0056007,2.4483416,0.45326176
ISIC_0056017,1.8773127,1.8902568
ISIC_0056019,4.094214,4.231549
ISIC_0056036,6.267354,-0.009770686
ISIC_0056041,-0.376297,0.5537681
ISIC_0056044,0.68453664,0.75149614
ISIC_0056047,3.3082592,0.64683044
ISIC_0056050,3.9330354,-0.13310881
ISIC_0056051,5.6754417,-0.3038705
ISIC_0056061,4.1788845,1.787521
ISIC_0056063,3.1700907,1.6994644
ISIC_0056079,8.1929245,-0.09622943
ISIC_0056089,2.8830235,2.1977267
ISIC_0056092,0.14359054,-0.03199216
ISIC_0056105,4.549193,0.9460149
ISIC_0056113,3.0893495,2.5804677
ISIC_0056118,6.9754667,-1.4264613
ISIC_0056130,8.351311,1.2576376
ISIC_0056133,6.5170302,0.8489794
ISIC_0056136,4.029598,2.3392277
ISIC_0056138,7.2537675,-0.60314137
ISIC_0056141,4.842068,0.39284816
ISIC_0056145,6.3860774,0.49039432
ISIC_0056152,2.2259645,0.060230557
ISIC_0056156,2.1948345,1.4115007
ISIC_0056167,6.8853016,-1.1342446
ISIC_0056170,3.8382149,-0.07935452
ISIC_0056181,6.369853,0.6855505
ISIC_0056185,3.2544549,4.024898
ISIC_0056186,4.213186,4.217127
ISIC_0056190,7.4090514,-1.3825696
ISIC_0056192,4.017078,3.9287703
ISIC_0056201,8.810723,1.2793504
ISIC_0056202,4.8287554,2.5230384
ISIC_0056210,4.6089983,4.503966
ISIC_0056214,5.2718477,3.693334
ISIC_0056217,5.417561,2.5980382
ISIC_0056221,6.557939,0.72868574
ISIC_0056225,5.2895145,1.6719767
ISIC_0056228,5.806856,-1.1006554
ISIC_0056232,2.4089055,1.6039783
ISIC_0056247,4.2895803,1.0238212
ISIC_0056261,6.0087595,-0.71401703
ISIC_0056263,8.169539,-0.07643607
ISIC_0056269,0.9863446,1.8400415
ISIC_0056271,6.0945053,1.7512529
ISIC_0056283,4.485951,5.0950475
ISIC_0056292,2.7421691,3.477602
ISIC_0056298,4.5475206,4.0120296
ISIC_0056309,6.3519874,3.3335705
ISIC_0056319,4.8407774,-1.3868589
ISIC_0056330,7.863265,2.159057
ISIC_0056337,6.9963794,0.15513389
ISIC_0056345,7.1905046,0.07323139
ISIC_0056347,3.1577673,4.809982
ISIC_0056364,-0.15504545,0.6574813
ISIC_0056382,5.6492076,4.0743527
ISIC_0056389,3.6312673,2.9254394
ISIC_0056392,8.103514,1.3691865
ISIC_0056401,8.063297,1.859549
ISIC_0056403,6.0478797,3.008962
ISIC_0056413,3.836177,2.1868453
ISIC_0056415,0.94887143,1.0068606
ISIC_0056422,2.3385599,2.7833676
ISIC_0056425,2.4562874,-0.10225686
ISIC_0056428,4.8802996,2.553571
ISIC_0056446,4.5989676,2.0310423
ISIC_0056447,5.6211414,-1.1627395
ISIC_0056448,5.9207716,-1.2005467
ISIC_0056449,6.081738,3.5933268
ISIC_0056454,6.661969,-1.0986855
ISIC_0056479,5.845381,4.2372036
ISIC_0056481,3.2891488,3.5502088
ISIC_0056483,2.629806,1.2133161
ISIC_0056487,4.81625,-0.47518796
ISIC_0056501,4.2713413,1.546388
ISIC_0056511,4.744736,-0.9848692
ISIC_0056525,3.3776085,3.549187
ISIC_0056527,7.721034,2.354959
ISIC_0056531,5.512619,-0.56144136
ISIC_0056546,4.1155353,1.9764156
ISIC_0056551,8.393345,-0.99288505
ISIC_0056554,0.685213,3.409323
ISIC_0056572,6.347626,1.5409319
ISIC_0056573,4.5089903,3.9167078
ISIC_0056601,5.551766,-0.09340374
ISIC_0056604,5.841687,1.9167447
ISIC_0056612,4.413751,4.313902
ISIC_0056614,7.3660307,-0.9965559
ISIC_0056625,1.5258673,2.877436
ISIC_0056626,4.41137,2.299575
ISIC_0056632,5.8898807,1.6492367
ISIC_0056644,-0.18654458,4.3666196
ISIC_0056652,5.7085657,0.31429967
ISIC_0056655,0.60689217,0.33955795
ISIC_0056659,7.2928324,-0.30070186
ISIC_0056660,6.8027563,1.3852166
ISIC_0056676,9.197871,0.82713866
ISIC_0056677,3.8734884,0.58929825
ISIC_0056680,6.4240813,3.841823
ISIC_0056683,1.1384735,2.1369557
ISIC_0056684,8.346495,0.776389
ISIC_0056688,6.6354313,3.5227187
ISIC_0056692,6.4705634,3.883666
ISIC_0056710,4.5899577,3.3279433
ISIC_0056717,7.868189,0.99810416
ISIC_0056719,6.59588,2.1751826
ISIC_0056723,4.3207073,4.8541317
ISIC_0056725,6.2058477,0.18670215
ISIC_0056728,6.467866,4.761735
ISIC_0056729,7.474202,-0.67507553
ISIC_0056739,0.1619154,0.73022056
ISIC_0056740,4.6164665,4.4975147
ISIC_0056749,3.946843,0.39122903
ISIC_0056750,3.1331027,4.4812856
ISIC_0056751,7.479581,-1.3272241
ISIC_0056753,8.460224,0.97586477
ISIC_0056770,4.4093046,0.8882891
ISIC_0056788,6.444518,-0.3485212
ISIC_0056790,3.852361,-0.9914944
ISIC_0056796,3.1936598,1.9330871
ISIC_0056800,8.207333,2.0658617
ISIC_0056806,6.968669,-1.171605
ISIC_0056814,1.8712263,0.25473556
ISIC_0056816,4.403359,5.2702394
ISIC_0056817,1.1174282,1.9949471
ISIC_0056819,2.6260414,1.7423469
ISIC_0056820,0.3281964,0.13970116
ISIC_0056844,7.2424088,-0.6561162
ISIC_0056848,6.9922967,-0.75338435
ISIC_0056849,6.3323226,3.1721666
ISIC_0056851,5.7243266,4.0726004
ISIC_0056860,8.885154,0.649089
ISIC_0056863,3.975737,-0.5516958
ISIC_0056871,8.686609,0.87734
ISIC_0056876,6.5896926,1.2221421
ISIC_0056893,6.891401,0.5233778
ISIC_0056900,4.481713,3.4439616
ISIC_0056901,1.6854692,3.2382078
ISIC_0056902,0.6210982,1.5015775
ISIC_0056915,8.044502,-0.13636647
ISIC_0056921,2.9448981,3.3681083
ISIC_0056926,5.516498,0.7801354
ISIC_0056938,4.1463685,0.7618162
ISIC_0056940,4.6302004,-1.2707982
ISIC_0056957,8.773338,0.7690867
ISIC_0056967,4.318445,4.756759
ISIC_0056974,8.78002,-0.0899943
ISIC_0056981,5.771832,0.2812283
ISIC_0056984,1.4379377,1.3131609
ISIC_0056988,7.396476,0.793333
ISIC_0056991,5.064198,0.035608307
ISIC_0057001,-0.109053865,0.23956612
ISIC_0057003,2.8604953,2.9863105
ISIC_0057015,3.3052623,0.98820007
ISIC_0057016,5.6223865,-0.91695523
ISIC_0057019,4.44193,2.2778623
ISIC_0057023,1.5640227,-0.7355254
ISIC_0057025,6.9142985,-0.0889826
ISIC_0057027,8.629736,0.8850682
ISIC_0057033,4.578137,0.18601412
ISIC_0057044,5.559356,3.7376592
ISIC_0057045,4.490314,2.8406253
ISIC_0057048,3.8671384,3.7976367
ISIC_0057067,8.3175745,2.450303
ISIC_0057083,6.2424035,1.4536015
ISIC_0057089,2.865867,2.838044
ISIC_0057113,8.4888,0.8018416
ISIC_0057141,3.8152823,0.32978144
ISIC_0057147,2.4055455,3.3229659
ISIC_0057148,4.58196,0.76398236
ISIC_0057152,6.0833554,0.14526889
ISIC_0057154,4.9502473,4.429627
ISIC_0057155,6.7603884,1.4351368
ISIC_0057164,7.5243654,1.4239058
ISIC_0057169,3.5758042,-0.7530594
ISIC_0057171,7.393837,1.8378558
ISIC_0057172,5.3906975,2.8556268
ISIC_0057188,4.414492,0.86879486
ISIC_0057192,4.339593,1.1464425
ISIC_0057199,4.1172733,2.346983
ISIC_0057204,5.3440843,-1.0900397
ISIC_0057211,7.576836,1.9980541
ISIC_0057234,5.9527297,-0.63491803
ISIC_0057235,5.7901616,-0.9555526
ISIC_0057244,3.3213074,-0.07991182
ISIC_0057252,7.521056,-0.93717444
ISIC_0057257,6.3055124,2.0644882
ISIC_0057286,4.1147685,4.4616494
ISIC_0057302,8.097944,-0.29273182
ISIC_0057306,6.1937304,-0.98084205
ISIC_0057307,3.865496,-0.19680554
ISIC_0057313,5.915214,3.1010413
ISIC_0057315,0.9437451,2.1475205
ISIC_0057317,6.0686984,1.1467218
ISIC_0057323,6.3122287,-0.1291227
ISIC_0057324,7.786782,1.7019879
ISIC_0057328,7.654903,0.5563648
ISIC_0057331,9.19432,1.7344762
ISIC_0057338,3.9433017,3.6371422
ISIC_0057344,3.2497015,0.850296
ISIC_0057360,3.5705116,3.7444437
ISIC_0057362,6.0167065,-0.87712604
ISIC_0057370,6.554919,-0.65563065
ISIC_0057371,-1.251454,3.0964622
ISIC_0057374,-0.03325115,0.13184062
ISIC_0057390,6.6779737,-0.77746713
ISIC_0057395,2.0186124,1.9552822
ISIC_0057397,2.810756,3.1668332
ISIC_0057406,5.9534283,3.318452
ISIC_0057408,6.2637,-0.0072796186
ISIC_0057412,8.068662,-1.5350142
ISIC_0057417,5.3591175,3.5939865
ISIC_0057436,5.6627545,-0.10190453
ISIC_0057450,8.249503,2.3626397
ISIC_0057457,5.929657,2.0779095
ISIC_0057462,5.2772374,0.33077338
ISIC_0057465,4.3303156,-1.0602996
ISIC_0057482,4.706656,-1.1716106
ISIC_0057496,3.8246691,1.0268575
ISIC_0057518,7.4705763,0.86504364
ISIC_0057531,2.5344388,-0.3977926
ISIC_0057534,2.7437725,2.7064784
ISIC_0057535,6.5186844,0.2413055
ISIC_0057539,1.2136806,1.3452802
ISIC_0057545,3.775022,4.7997026
ISIC_0057548,3.1860793,3.6321743
ISIC_0057554,1.9458249,2.6902165
ISIC_0057556,3.5970213,1.4046735
ISIC_0057557,-0.75701606,3.2248087
ISIC_0057558,1.4309498,2.5901084
ISIC_0057559,4.0459723,1.734693
ISIC_0057577,3.6590004,2.4533145
ISIC_0057591,3.4336014,4.164026
ISIC_0057593,4.5374274,-0.3846669
ISIC_0057594,6.686836,1.0956388
ISIC_0057609,0.9608829,1.7135898
ISIC_0057611,6.7944336,0.29883367
ISIC_0057615,5.172103,4.8099055
ISIC_0057617,6.890136,1.0284743
ISIC_0057619,3.1150136,3.7326627
ISIC_0057621,7.8354616,4.219863
ISIC_0057634,6.211518,2.4920871
ISIC_0057656,3.4677846,3.456249
ISIC_0057661,8.131503,1.6718723
ISIC_0057668,6.1876965,4.2065783
ISIC_0057672,7.7930202,1.5144314
ISIC_0057685,7.7120147,3.2415202
ISIC_0057687,5.469681,2.7152164
ISIC_0057700,2.8016798,2.584299
ISIC_0057702,4.9787974,-1.1691713
ISIC_0057716,4.2983327,-0.22858454
ISIC_0057725,6.9213047,3.6620827
ISIC_0057731,2.050296,0.22920658
ISIC_0057734,3.4111674,3.8951712
ISIC_0057736,4.051112,4.220267
ISIC_0057744,5.4286695,3.7475007
ISIC_0057747,7.215042,-1.294822
ISIC_0057753,4.5803804,-0.36772498
ISIC_0057759,6.7888694,0.7694158
ISIC_0057762,4.4416065,0.17258191
ISIC_0057769,2.5638924,0.4744375
ISIC_0057771,6.285859,3.228288
ISIC_0057782,4.4492846,0.032690186
ISIC_0057783,3.7836797,1.1051484
ISIC_0057787,3.661366,1.3639127
ISIC_0057791,5.512573,4.305469
ISIC_0057808,6.6235538,-1.2312868
ISIC_0057815,3.1222343,3.3586597
ISIC_0057821,8.409669,2.454361
ISIC_0057828,5.3366227,4.2590904
ISIC_0057838,8.087742,1.602256
ISIC_0057841,3.9755557,2.0628362
ISIC_0057844,6.7456045,1.7309213
ISIC_0057848,7.033338,0.8362545
ISIC_0057851,7.837092,1.017888
ISIC_0057864,2.4454117,-0.67913747
ISIC_0057870,5.026574,3.2810402
ISIC_0057881,7.0305247,3.9593534
ISIC_0057891,7.7916293,-0.27832574
ISIC_0057898,0.6981146,0.067322254
ISIC_0057900,3.3950708,2.709102
ISIC_0057913,7.870377,1.7656584
ISIC_0057914,5.507507,-1.3256539
ISIC_0057921,0.40155652,-0.13940702
ISIC_0057936,3.8493702,3.64552
ISIC_0057938,6.8863525,0.45813814
ISIC_0057939,7.7916656,0.88213
ISIC_0057947,7.915141,4.278484
ISIC_0057949,6.718604,1.0952562
ISIC_0057953,3.2797112,4.016701
ISIC_0057960,0.7599743,0.48978627
ISIC_0057968,5.736462,-0.09413973
ISIC_0057973,0.51146364,5.435957
ISIC_0057974,5.098605,4.391788
ISIC_0057976,8.883093,0.15442999
ISIC_0057978,0.7247996,2.498386
ISIC_0057980,6.077569,2.505337
ISIC_0057996,7.002327,1.2796868
ISIC_0057999,2.753462,2.2937405
ISIC_0058000,7.2672567,-1.0674105
ISIC_0058003,7.078966,4.1359515
ISIC_0058007,6.309953,-0.3079392
ISIC_0058010,3.3547173,2.0151365
ISIC_0058015,6.6165795,0.33003655
ISIC_0058016,6.6854897,1.06394
ISIC_0058021,8.793566,1.345702
ISIC_0058024,3.629343,2.3610394
ISIC_0058028,6.585004,4.182872
ISIC_0058033,4.211608,4.2859616
ISIC_0058040,5.338213,0.039918385
ISIC_0058046,0.33742294,0.04852349
ISIC_0058047,6.321138,1.6462009
ISIC_0058050,3.4407403,1.3696737
ISIC_0058059,4.7402844,2.532072
ISIC_0058075,2.0622003,2.639341
ISIC_0058081,5.0598817,0.2743054
ISIC_0058096,8.100667,1.1784284
ISIC_0058097,7.373298,1.0451455
ISIC_0058098,6.1150575,3.213404
ISIC_0058115,6.4177613,0.71281695
ISIC_0058118,6.3592443,-0.09968481
ISIC_0058125,1.233619,2.2780182
ISIC_0058126,9.312674,1.6872603
ISIC_0058127,3.4375255,2.9112923
ISIC_0058135,5.8650994,-0.7938648
ISIC_0058136,6.9407673,-1.4034956
ISIC_0058138,2.296975,2.6235986
ISIC_0058151,2.6197107,1.5120276
ISIC_0058154,2.7769716,3.6112995
ISIC_0058164,7.521133,-0.9825479
ISIC_0058168,3.2234476,2.1610823
ISIC_0058170,6.0321765,0.9971748
ISIC_0058173,7.6183414,-0.60185933
ISIC_0058176,4.0962906,4.5341125
ISIC_0058181,3.6777048,3.058882
ISIC_0058204,4.9601016,2.1772604
ISIC_0058206,4.3928246,1.2086272
ISIC_0058214,7.0295935,0.15285663
ISIC_0058218,6.2233286,-0.35381866
ISIC_0058229,2.2046762,-0.29168943
ISIC_0058237,4.3268027,3.958879
ISIC_0058245,4.718638,4.047588
ISIC_0058249,6.189131,0.033453315
ISIC_0058255,3.7202861,0.3330616
ISIC_0058270,4.479823,4.729629
ISIC_0058281,4.465131,5.1298604
ISIC_0058282,1.8291684,-0.7868465
ISIC_0058284,7.9224663,1.9567531
ISIC_0058285,4.5552306,3.7947242
ISIC_0058298,3.1661556,4.0945354
ISIC_0058301,6.7319474,0.66483617
ISIC_0058307,7.2057195,-1.19086
ISIC_0058308,-0.21859522,0.37278017
ISIC_0058315,8.928685,2.2877388
ISIC_0058319,8.672709,0.61227757
ISIC_0058321,3.447926,1.9128983
ISIC_0058331,2.9075406,2.4613879
ISIC_0058332,4.0851164,3.4956098
ISIC_0058334,8.184299,0.31533015
ISIC_0058341,5.1985006,-0.079435475
ISIC_0058344,6.8603477,-1.024358
ISIC_0058346,2.426557,-0.49216476
ISIC_0058354,4.229759,-0.008718822
ISIC_0058368,7.0216994,3.6982553
ISIC_0058376,7.614446,1.7087162
ISIC_0058383,4.2181554,4.6033072
ISIC_0058391,4.604949,2.8789883
ISIC_0058399,4.3082023,-0.8840329
ISIC_0058407,6.346284,0.32561907
ISIC_0058408,1.1386808,0.8376195
ISIC_0058418,2.5829284,2.4420996
ISIC_0058425,4.905988,3.8631976
ISIC_0058426,4.365056,0.30213985
ISIC_0058428,5.3116975,0.42371354
ISIC_0058432,-1.3478198,3.429362
ISIC_0058439,5.859774,-0.72851
ISIC_0058457,8.223385,2.2413354
ISIC_0058458,5.808813,2.689373
ISIC_0058475,4.4176946,-0.8644399
ISIC_0058492,4.7533283,4.099799
ISIC_0058496,1.2489376,0.87279767
ISIC_0058501,4.3188634,2.3405335
ISIC_0058503,6.7522616,1.3636966
ISIC_0058504,4.6581483,-0.43016487
ISIC_0058508,5.755477,2.9876258
ISIC_0058513,8.097657,1.2402561
ISIC_0058526,5.1563687,0.25779742
ISIC_0058528,4.120493,4.5347567
ISIC_0058544,5.6845984,-0.10166705
ISIC_0058548,4.9473295,3.5593486
ISIC_0058550,2.8560734,2.3418748
ISIC_0058559,8.568628,1.4482067
ISIC_0058569,3.9393702,4.1312857
ISIC_0058577,5.955001,-0.51397127
ISIC_0058580,3.8348138,1.9867283
ISIC_0058597,-0.09685549,0.10868408
ISIC_0058599,4.4188375,4.568603
ISIC_0058607,1.5761105,1.3072362
ISIC_0058612,3.674023,3.9419026
ISIC_0058617,5.3604846,0.26139724
ISIC_0058621,6.020878,2.9039702
ISIC_0058625,2.1867318,0.026616165
ISIC_0058629,8.526854,2.0033123
ISIC_0058630,8.980119,-0.017618086
ISIC_0058643,7.5712724,-0.80643153
ISIC_0058645,3.4505754,1.0068734
ISIC_0058648,6.5416484,3.495229
ISIC_0058649,3.9954476,4.382717
ISIC_0058655,9.227119,-0.047382355
ISIC_0058658,4.1108103,2.8195002
ISIC_0058663,5.147762,3.6171818
ISIC_0058666,5.142712,3.6923215
ISIC_0058675,4.8513756,-1.2179126
ISIC_0058676,5.2638116,3.5561724
ISIC_0058697,4.603785,0.2870472
ISIC_0058708,3.884373,2.4612622
ISIC_0058713,5.4027586,3.252002
ISIC_0058716,3.873201,0.50482804
ISIC_0058721,9.241667,1.610145
ISIC_0058723,5.2122855,0.22488534
ISIC_0058732,8.594208,0.63109994
ISIC_0058734,4.334962,1.5421414
ISIC_0058743,0.51664364,0.99814415
ISIC_0058753,6.8881264,3.4495344
ISIC_0058757,3.5027022,2.0707364
ISIC_0058763,6.1291914,-0.6384282
ISIC_0058768,4.648456,3.9474792
ISIC_0058770,8.589292,1.7181044
ISIC_0058773,7.191486,1.7525715
ISIC_0058781,7.8169117,4.0552006
ISIC_0058786,5.2554073,3.162177
ISIC_0058790,5.878655,-1.2358743
ISIC_0058791,2.1771188,3.7894
ISIC_0058792,-0.20709868,1.6333662
ISIC_0058794,3.6305761,-0.5686073
ISIC_0058798,6.4391046,3.1645534
ISIC_0058807,6.859305,-1.3771576
ISIC_0058818,-0.7676658,1.7826763
ISIC_0058836,5.519604,0.21250357
ISIC_0058838,4.4700356,4.8962812
ISIC_0058840,5.7472043,1.1718713
ISIC_0058851,3.8717182,0.47685227
ISIC_0058858,4.889325,0.57952285
ISIC_0058862,6.330967,3.5331917
ISIC_0058863,4.4761543,0.18429492
ISIC_0058866,7.935256,2.7133982
ISIC_0058875,2.744899,1.7334896
ISIC_0058877,2.7234652,2.4890785
ISIC_0058880,5.8945093,-0.5569883
ISIC_0058881,8.174547,2.098011
ISIC_0058887,8.239718,-1.4651202
ISIC_0058918,4.8280272,3.2607732
ISIC_0058926,0.45907998,1.6264482
ISIC_0058931,7.0611835,-0.79134846
ISIC_0058947,3.6982887,0.83809966
ISIC_0058957,6.026584,-1.110752
ISIC_0058959,4.8674173,-0.64148444
ISIC_0059005,3.5268235,0.13977611
ISIC_0059023,6.497692,2.347786
ISIC_0059026,4.6718516,3.246476
ISIC_0059027,7.6753845,0.94058716
ISIC_0059029,1.4990516,1.8564802
ISIC_0059037,3.2441547,1.6503882
ISIC_0059042,6.4893236,-0.1016501
ISIC_0059052,5.7018127,-0.4362521
ISIC_0059065,3.6747012,3.922192
ISIC_0059066,5.120317,-0.836185
ISIC_0059074,1.3871981,2.8334687
ISIC_0059076,4.3428087,5.3709083
ISIC_0059077,6.54594,1.2013464
ISIC_0059079,3.2301092,4.588547
ISIC_0059082,8.294836,1.9651444
ISIC_0059085,6.248894,1.2275405
ISIC_0059089,7.734262,0.1380866
ISIC_0059090,4.736728,0.27475336
ISIC_0059092,6.046239,-0.5948427
ISIC_0059093,2.8603406,2.5096161
ISIC_0059103,7.485983,-1.1577942
ISIC_0059104,8.472846,2.4922523
ISIC_0059123,2.6033382,2.2965631
ISIC_0059137,7.1464334,0.020877099
ISIC_0059138,8.469144,2.1277583
ISIC_0059140,0.92844373,2.116164
ISIC_0059141,5.2074513,1.1514124
ISIC_0059147,7.702375,3.099518
ISIC_0059148,-0.08209364,0.9875276
ISIC_0059160,3.686784,0.48754627
ISIC_0059165,4.850919,0.8087368
ISIC_0059169,4.639964,2.1083252
ISIC_0059170,4.1886144,0.9673908
ISIC_0059171,-0.24165311,0.48596248
ISIC_0059178,4.1183534,4.2133684
ISIC_0059188,1.619615,1.4485328
ISIC_0059202,5.6447945,-0.46404892
ISIC_0059209,4.9981437,-1.2997609
ISIC_0059219,-0.99018186,3.6193624
ISIC_0059232,7.21402,1.9599937
ISIC_0059237,1.8060292,1.517001
ISIC_0059253,4.1865044,-0.5835997
ISIC_0059264,5.1312957,2.2885978
ISIC_0059269,4.4643598,5.114623
ISIC_0059270,7.364444,3.3075073
ISIC_0059272,5.0724955,4.9472528
ISIC_0059273,6.721821,1.9449179
ISIC_0059284,5.6594386,2.3126953
ISIC_0059294,3.7486136,-0.19055524
ISIC_0059313,9.107886,1.9913439
ISIC_0059314,3.759257,0.6473069
ISIC_0059315,6.8040876,-1.0781721
ISIC_0059316,5.107366,5.000502
ISIC_0059318,2.5972245,2.2071326
ISIC_0059325,6.12934,2.0024383
ISIC_0059330,3.3669636,2.1488726
ISIC_0059336,7.1958795,1.6186516
ISIC_0059343,4.7538176,-0.31002492
ISIC_0059345,3.1357272,1.5296266
ISIC_0059346,7.248392,2.0991597
ISIC_0059349,5.2408795,0.5311815
ISIC_0059350,4.7500753,-1.3016032
ISIC_0059353,0.10624737,1.216839
ISIC_0059361,4.1613297,0.53594863
ISIC_0059369,6.2691545,0.2517617
ISIC_0059375,5.364031,1.3686771
ISIC_0059382,9.180153,0.46880177
ISIC_0059386,8.572953,1.2145746
ISIC_0059387,5.1363883,2.157275
ISIC_0059398,5.898807,-0.16600369
ISIC_0059411,4.2318463,3.8608792
ISIC_0059415,3.2194288,0.017131267
ISIC_0059420,8.494085,2.5239036
ISIC_0059421,3.1092296,1.3451271
ISIC_0059423,5.9588475,-0.85584664
ISIC_0059424,4.861715,3.7971964
ISIC_0059435,-0.09738391,0.5176335
ISIC_0059444,4.1525607,-0.3557819
ISIC_0059446,7.8284693,1.009797
ISIC_0059450,5.37117,2.9149551
ISIC_0059473,4.2900596,-0.5708011
ISIC_0059478,5.3580976,2.1691265
ISIC_0059482,1.6774791,3.0543232
ISIC_0059486,8.124892,2.5693295
ISIC_0059493,0.16170177,5.584965
ISIC_0059506,6.547332,2.477198
ISIC_0059511,3.0122273,1.7128937
ISIC_0059512,0.01725692,-0.30701298
ISIC_0059521,5.0992494,5.0284767
ISIC_0059523,5.561457,0.8354972
ISIC_0059525,5.043078,-0.8284401
ISIC_0059538,4.9386034,-0.37386838
ISIC_0059541,8.455722,1.1102369
ISIC_0059547,6.152011,1.145912
ISIC_0059551,3.5810385,3.147473
ISIC_0059554,7.4379334,-1.3593965
ISIC_0059568,5.8468018,-1.504483
ISIC_0059569,3.753649,1.8432692
ISIC_0059593,0.34410262,0.0012942102
ISIC_0059595,4.7186193,1.2318889
ISIC_0059597,7.225508,-0.44672245
ISIC_0059601,4.8669653,0.61190385
ISIC_0059605,4.4664707,1.4361359
ISIC_0059608,5.2981324,-1.0553236
ISIC_0059611,6.20818,2.4739664
ISIC_0059628,4.958828,0.6339355
ISIC_0059631,9.159528,0.52453417
ISIC_0059632,3.0641496,2.6305103
ISIC_0059646,7.6735992,4.536048
ISIC_0059668,6.890546,-1.4716445
ISIC_0059669,4.297594,5.0867853
ISIC_0059671,3.6899152,3.945997
ISIC_0059686,2.2713313,0.25639284
ISIC_0059703,3.4974027,-0.85949665
ISIC_0059707,6.89043,2.4378376
ISIC_0059708,6.4264064,1.0378468
ISIC_0059738,4.1691036,3.289226
ISIC_0059739,6.2747965,3.332362
ISIC_0059747,3.447652,3.437018
ISIC_0059750,2.0911162,2.9163857
ISIC_0059757,5.617513,-0.037681255
ISIC_0059763,4.8217497,1.9430717
ISIC_0059764,5.8361645,4.430936
ISIC_0059768,6.722496,1.687756
ISIC_0059770,2.8763032,2.708397
ISIC_0059773,-0.9447614,2.9943192
ISIC_0059774,1.5045842,3.0301719
ISIC_0059777,6.069072,-0.5422609
ISIC_0059785,6.591449,-0.96590656
ISIC_0059786,-0.102564394,0.9451235
ISIC_0059794,6.552916,0.91167325
ISIC_0059804,3.8184185,4.4331813
ISIC_0059808,6.674038,1.6430628
ISIC_0059809,5.68269,1.6277498
ISIC_0059810,3.475016,2.6461816
ISIC_0059814,4.6852984,2.3293285
ISIC_0059816,7.9355335,1.4070283
ISIC_0059830,8.901362,-0.017304013
ISIC_0059832,7.5584774,-0.7116001
ISIC_0059838,6.846895,2.594136
ISIC_0059840,4.216178,2.6714306
ISIC_0059855,3.5187457,2.6643524
ISIC_0059859,4.286455,0.30264196
ISIC_0059866,4.0297623,2.9801416
ISIC_0059869,1.2700337,2.604019
ISIC_0059879,3.9544098,-0.3063403
ISIC_0059881,7.8414097,1.8956931
ISIC_0059884,9.190565,0.9961878
ISIC_0059890,4.4973626,-0.7132433
ISIC_0059891,2.1474905,1.7654907
ISIC_0059892,1.9098576,3.3450785
ISIC_0059897,7.131413,-1.2655326
ISIC_0059904,0.38584408,1.0550518
ISIC_0059905,6.6039505,1.1503276
ISIC_0059919,6.1556435,4.001119
ISIC_0059941,3.5694106,3.9907901
ISIC_0059948,3.2878172,4.583931
ISIC_0059957,5.6845946,0.029584933
ISIC_0059958,3.6324642,2.8301477
ISIC_0059974,3.2868004,2.3804758
ISIC_0059978,8.030374,-0.4363701
ISIC_0059987,-0.24216396,0.8846724
ISIC_0059992,3.7412999,3.548899
ISIC_0060015,4.3961453,1.4679314
ISIC_0060022,7.495019,-1.3827279
ISIC_0060032,7.1278257,-1.0660009
ISIC_0060033,0.7954727,0.14756943
ISIC_0060094,4.361656,3.4816082
ISIC_0060096,6.750032,1.4353138
ISIC_0060099,6.391785,-0.036090057
ISIC_0060104,5.7754145,-0.78739965
ISIC_0060114,6.7185483,-1.4540641
ISIC_0060118,7.4143205,-0.55653566
ISIC_0060140,5.8651175,2.9213536
ISIC_0060143,7.1616664,3.1282248
ISIC_0060147,6.054631,2.4256632
ISIC_0060150,6.874347,-0.5329156
ISIC_0060153,7.633777,1.6618383
ISIC_0060154,7.3584967,1.8198714
ISIC_0060155,4.67918,3.9499817
ISIC_0060159,7.016618,-1.2716045
ISIC_0060181,5.9467936,4.0362253
ISIC_0060194,6.7119813,3.803031
ISIC_0060197,7.434721,2.1044817
ISIC_0060201,6.7601137,3.967025
ISIC_0060212,3.5856583,2.06099
ISIC_0060216,5.934424,-1.3820068
ISIC_0060218,2.6245818,2.8836818
ISIC_0060219,5.484537,0.5760973
ISIC_0060222,2.9571054,3.6922054
ISIC_0060224,4.067559,4.2654138
ISIC_0060233,4.947395,-0.6596763
ISIC_0060238,2.4682539,2.423682
ISIC_0060239,4.4451504,-0.3061096
ISIC_0060244,4.3169184,3.861325
ISIC_0060248,0.48440972,0.61462045
ISIC_0060266,4.454766,5.1620803
ISIC_0060270,4.0691705,4.3216734
ISIC_0060281,5.0892634,-0.721062
ISIC_0060297,3.4810894,3.3421075
ISIC_0060307,6.684258,0.4604139
ISIC_0060308,2.291962,3.1908712
ISIC_0060313,6.6928353,-0.6335195
ISIC_0060315,3.9622235,1.7566111
ISIC_0060326,4.0242066,3.6334693
ISIC_0060340,5.976358,3.4019206
ISIC_0060341,5.00516,1.6682569
ISIC_0060342,1.1681962,1.4227378
ISIC_0060355,3.8062186,3.4659066
ISIC_0060367,9.182848,1.5967162
ISIC_0060376,6.5447345,2.5072863
ISIC_0060377,1.751311,2.5727131
ISIC_0060380,1.9903182,2.5136042
ISIC_0060386,0.33566803,0.024218706
ISIC_0060393,1.817206,4.1192894
ISIC_0060397,4.100716,4.201663
ISIC_0060399,6.3645077,1.2089393
ISIC_0060403,0.546742,1.5925503
ISIC_0060428,4.8838115,-0.5733997
ISIC_0060446,4.439115,3.3802738
ISIC_0060456,5.551682,-1.4132656
ISIC_0060459,4.140927,4.869326
ISIC_0060465,3.374492,2.4434235
ISIC_0060487,5.2417393,2.4963114
ISIC_0060495,6.0884113,0.27899477
ISIC_0060507,7.2311516,-0.1709312
ISIC_0060508,0.2606549,-0.16682325
ISIC_0060510,0.9826253,2.141506
ISIC_0060511,0.48011553,0.9591822
ISIC_0060525,2.8714464,-0.25467774
ISIC_0060526,6.719401,0.1618311
ISIC_0060528,0.8893812,1.8149053
ISIC_0060537,3.1921132,4.741465
ISIC_0060538,5.911824,0.43337998
ISIC_0060548,4.712649,2.0549076
ISIC_0060555,4.485816,4.0675025
ISIC_0060556,4.442822,5.2408853
ISIC_0060559,3.7170696,2.8841465
ISIC_0060577,7.176877,0.8437046
ISIC_0060583,2.7071903,2.4800978
ISIC_0060585,4.6373034,1.5405749
ISIC_0060586,0.95089024,0.22600055
ISIC_0060589,1.5286075,2.6676977
ISIC_0060597,6.1965356,3.603674
ISIC_0060610,5.529014,0.6292218
ISIC_0060616,1.8456055,1.4768492
ISIC_0060624,1.1752616,2.141776
ISIC_0060629,6.1621957,0.054933257
ISIC_0060630,6.9108896,0.23560953
ISIC_0060654,9.149143,0.47488233
ISIC_0060660,0.7251258,-0.719821
ISIC_0060665,6.062308,-0.79808646
ISIC_0060671,6.674481,-0.8719894
ISIC_0060672,1.73498,3.1817718
ISIC_0060676,8.000151,0.7033152
ISIC_0060679,4.4299994,0.6124585
ISIC_0060681,6.2359815,-0.6068139
ISIC_0060693,6.0743713,2.1890128
ISIC_0060698,8.783704,0.532948
ISIC_0060700,4.494398,-0.25596118
ISIC_0060713,1.5368038,3.0199556
ISIC_0060717,-1.3436443,3.406215
ISIC_0060718,3.1446874,3.4791746
ISIC_0060727,2.9470303,4.6821384
ISIC_0060728,6.021258,0.23385416
ISIC_0060736,4.8697877,3.761277
ISIC_0060741,2.593267,-0.5828849
ISIC_0060744,4.770168,-0.8740505
ISIC_0060751,8.510484,0.3211418
ISIC_0060752,6.0926194,2.8592927
ISIC_0060760,-0.40446508,0.6369673
ISIC_0060764,2.4027894,2.3137517
ISIC_0060773,4.7082186,4.722767
ISIC_0060795,7.2589536,-0.8736461
ISIC_0060799,1.107834,1.367358
ISIC_0060827,8.987439,2.245036
ISIC_0060829,8.35611,2.4911764
ISIC_0060832,3.120694,3.008217
ISIC_0060834,7.7624326,4.2425756
ISIC_0060836,7.174955,-0.699695
ISIC_0060845,7.5314956,0.6814699
ISIC_0060873,4.541656,4.6210566
ISIC_0060883,7.9094577,4.357523
ISIC_0060886,5.241446,5.025624
ISIC_0060892,4.657679,-1.0955342
ISIC_0060893,6.099563,1.0730013
ISIC_0060897,4.706104,2.693277
ISIC_0060898,8.024492,0.8327734
ISIC_0060911,6.3959775,1.4855711
ISIC_0060916,2.7672074,3.5392985
ISIC_0060934,8.766464,0.52728343
ISIC_0060936,6.7474213,0.31901312
ISIC_0060937,2.2227817,-0.692101
ISIC_0060946,7.894677,0.7129219
ISIC_0060949,4.7540116,-0.2604207
ISIC_0060955,4.492739,4.569486
ISIC_0060965,1.3374124,3.5954957
ISIC_0060967,8.192066,-1.5073267
ISIC_0060968,6.1892242,-0.48965943
ISIC_0060969,3.5560594,3.4090497
ISIC_0060971,6.897018,1.3947716
ISIC_0060972,5.419599,2.9865537
ISIC_0060978,1.7393419,0.27773273
ISIC_0060979,8.254553,-1.3886172
ISIC_0060994,1.8635588,0.1583929
ISIC_0060999,5.5564055,-0.13646989
ISIC_0061001,6.590708,3.539749
ISIC_0061002,8.229215,-1.4759341
ISIC_0061003,1.4304732,2.7477326
ISIC_0061006,1.7555404,1.7414227
ISIC_0061008,5.213148,3.526919
ISIC_0061011,7.754456,-0.017890232
ISIC_0061021,0.5243306,0.57672876
ISIC_0061025,6.593431,2.6503346
ISIC_0061029,7.1462483,-0.12325102
ISIC_0061031,1.808652,2.9675481
ISIC_0061032,7.287635,-1.4378519
ISIC_0061034,2.0692806,3.198269
ISIC_0061045,4.981818,1.6047845
ISIC_0061049,3.2849348,1.8229444
ISIC_0061052,2.5842247,-0.11726803
ISIC_0061060,6.9590282,0.051110413
ISIC_0061066,-0.19108851,0.29138592
ISIC_0061067,2.1997793,-0.52513885
ISIC_0061070,5.530441,0.5529648
ISIC_0061075,4.9180107,2.240456
ISIC_0061077,4.0699377,-0.062269785
ISIC_0061078,6.041667,2.1637073
ISIC_0061079,6.744875,0.9471242
ISIC_0061085,0.8939378,1.3671789
ISIC_0061104,3.375751,4.2948146
ISIC_0061108,6.1087747,-0.13146277
ISIC_0061112,8.136056,2.3895493
ISIC_0061131,5.82992,-0.36524063
ISIC_0061141,6.0794544,-0.41774604
ISIC_0061152,3.215735,2.7160935
ISIC_0061155,5.5569634,-1.2565885
ISIC_0061158,5.1092224,-0.765011
ISIC_0061159,7.4776864,0.8637493
ISIC_0061166,5.823755,1.3553168
ISIC_0061183,0.25918,0.78849274
ISIC_0061185,1.433326,0.1521772
ISIC_0061188,4.441627,4.5897603
ISIC_0061189,5.275077,-0.030506145
ISIC_0061191,3.324149,2.784161
ISIC_0061194,9.120851,0.3766644
ISIC_0061195,4.155714,4.2941165
ISIC_0061200,1.0400397,2.723269
ISIC_0061224,0.6938799,1.5644256
ISIC_0061231,3.7101667,3.0315175
ISIC_0061244,3.8605475,-0.067609705
ISIC_0061250,8.225363,-1.5388273
ISIC_0061252,6.6283464,0.302028
ISIC_0061257,6.2007275,3.9750645
ISIC_0061261,3.68224,3.4512677
ISIC_0061279,9.176589,1.6301482
ISIC_0061281,6.774705,0.31589463
ISIC_0061297,9.033859,1.4499936
ISIC_0061300,-0.36603606,0.13186695
ISIC_0061315,1.31623,2.482045
ISIC_0061320,5.802817,4.966671
ISIC_0061323,4.8992047,0.6800512
ISIC_0061333,5.065751,-0.9213012
ISIC_0061334,5.512691,-0.63551
ISIC_0061336,6.6792316,-0.8759841
ISIC_0061345,7.5809903,1.5876939
ISIC_0061355,5.335528,1.028035
ISIC_0061359,5.549537,1.4555582
ISIC_0061362,8.94667,2.0263422
ISIC_0061366,7.278716,0.58838034
ISIC_0061369,5.366215,-1.3915447
ISIC_0061371,7.1517315,3.156557
ISIC_0061377,5.6511364,4.11748
ISIC_0061380,5.5091553,4.7365675
ISIC_0061382,3.9525015,4.3759427
ISIC_0061393,4.893817,2.0403326
ISIC_0061407,4.3794312,5.31887
ISIC_0061411,7.0259914,1.23157
ISIC_0061418,2.9819038,2.835178
ISIC_0061424,6.9198084,1.0959668
ISIC_0061432,3.6934571,2.9302752
ISIC_0061434,4.2206883,4.073403
ISIC_0061441,3.4216065,2.1606457
ISIC_0061446,4.288265,5.3179812
ISIC_0061447,4.1811304,0.82192874
ISIC_0061448,8.554755,1.6936517
ISIC_0061454,0.69862175,3.5712476
ISIC_0061463,5.995298,3.4465435
ISIC_0061466,8.138345,-0.06528153
ISIC_0061469,6.1088586,1.0142349
ISIC_0061475,3.582009,3.6409814
ISIC_0061479,9.023383,1.7493104
ISIC_0061485,7.6654997,-0.9783336
ISIC_0061491,8.06567,1.7284863
ISIC_0061494,6.4384284,0.6173326
ISIC_0061496,6.011934,-0.52792823
ISIC_0061502,5.994213,-0.5953533
ISIC_0061508,4.783668,0.46799082
ISIC_0061516,6.5803895,2.6402903
ISIC_0061518,5.522075,-1.435706
ISIC_0061520,8.683242,1.023977
ISIC_0061529,5.6417727,-0.040701136
ISIC_0061532,8.352893,2.520515
ISIC_0061533,7.944561,-1.0586106
ISIC_0061547,6.586307,1.0272416
ISIC_0061549,6.3527355,-0.7726475
ISIC_0061553,1.9024231,3.1364737
ISIC_0061554,6.9305987,0.7179763
ISIC_0061556,7.7369967,0.24717876
ISIC_0061559,-1.2202467,2.8472693
ISIC_0061566,0.5336635,1.315584
ISIC_0061568,6.2334723,3.6453614
ISIC_0061573,6.7713847,-1.0363243
ISIC_0061575,5.2196083,0.27048206
ISIC_0061580,4.211104,1.0874791
ISIC_0061581,2.1678998,2.0469975
ISIC_0061583,3.0845482,1.7054225
ISIC_0061585,-0.14450963,0.23845343
ISIC_0061592,5.419549,3.2705128
ISIC_0061595,4.319499,5.1952147
ISIC_0061608,1.0437088,1.613657
ISIC_0061619,7.639175,-0.10612269
ISIC_0061623,3.8721652,2.5344853
ISIC_0061624,5.4696407,0.7984654
ISIC_0061625,7.3221216,2.1882813
ISIC_0061629,3.5161314,0.18852285
ISIC_0061630,7.9413185,1.7350682
ISIC_0061633,6.3634505,0.79101866
ISIC_0061644,8.428782,2.1186326
ISIC_0061656,6.107004,-0.32036114
ISIC_0061660,4.236588,5.367412
ISIC_0061664,5.8623605,4.1934376
ISIC_0061670,4.1453085,3.3462617
ISIC_0061680,6.8557644,-0.76655066
ISIC_0061684,3.03802,2.288801
ISIC_0061685,1.0282758,1.9571801
ISIC_0061699,6.6021714,3.9689252
ISIC_0061701,7.2286987,0.9347385
ISIC_0061705,2.8657093,1.4786401
ISIC_0061710,5.1677036,4.306943
ISIC_0061713,3.7341807,1.2843152
ISIC_0061715,8.314744,0.48703653
ISIC_0061735,3.9663348,-0.17966539
ISIC_0061741,3.9891412,3.7138941
ISIC_0061756,7.855851,1.4452783
ISIC_0061761,6.5193524,0.48927608
ISIC_0061770,8.120491,0.020280762
ISIC_0061773,6.079746,0.5577314
ISIC_0061775,5.2144427,1.3326383
ISIC_0061782,7.4102864,-0.1304599
ISIC_0061798,7.169816,1.9945052
ISIC_0061799,7.393891,2.445535
ISIC_0061812,4.0739546,-0.27821958
ISIC_0061829,3.2840679,3.4155724
ISIC_0061831,4.6079974,1.4771504
ISIC_0061833,0.31417584,0.667592
ISIC_0061848,3.9644077,3.8374035
ISIC_0061870,5.0273867,1.2959428
ISIC_0061880,-0.21585478,-0.11252213
ISIC_0061884,-0.27135837,0.9257254
ISIC_0061885,0.0542936,0.7284264
ISIC_0061886,5.8901954,0.012708251
ISIC_0061890,1.4959767,3.0040197
ISIC_0061894,8.163074,0.9593106
ISIC_0061895,5.124781,3.7261155
ISIC_0061900,5.2150364,4.7746897
ISIC_0061911,4.1391306,4.3960495
ISIC_0061912,6.3289266,0.39478096
ISIC_0061915,8.736616,1.8618354
ISIC_0061916,7.2030435,-0.23255819
ISIC_0061918,3.6575482,2.5966277
ISIC_0061922,3.6640968,3.0556433
ISIC_0061926,5.0837183,-0.78228104
ISIC_0061928,8.061378,1.919496
ISIC_0061944,6.6516447,-0.8070716
ISIC_0061945,6.713307,-0.9712067
ISIC_0061950,5.7977457,4.2737956
ISIC_0061953,3.3724256,3.6860416
ISIC_0061954,4.1217937,4.9057517
ISIC_0061969,6.4010916,1.124492
ISIC_0061971,2.6066165,4.7759013
ISIC_0061982,6.703569,0.19880408
ISIC_0062000,3.2793603,3.747577
ISIC_0062005,3.0761857,2.6243
ISIC_0062010,7.136345,-0.027307084
ISIC_0062016,8.814818,0.23609369
ISIC_0062031,7.830288,4.1585855
ISIC_0062042,5.4927125,-0.07028214
ISIC_0062063,4.6195264,1.360085
ISIC_0062064,3.598648,0.40389663
ISIC_0062077,3.9368355,-0.07135999
ISIC_0062084,3.8172305,1.138895
ISIC_0062099,3.4590948,1.7231661
ISIC_0062102,7.8255644,2.9658725
ISIC_0062103,6.2959204,-0.8897808
ISIC_0062111,-1.1272026,4.146772
ISIC_0062112,6.4094143,-0.050036374
ISIC_0062114,3.0162325,3.6068244
ISIC_0062122,7.025721,-0.9462268
ISIC_0062125,7.2516813,1.9873521
ISIC_0062133,8.756391,0.72080314
ISIC_0062138,7.902908,2.1956913
ISIC_0062149,1.6405689,2.6579492
ISIC_0062152,6.347037,0.5790734
ISIC_0062154,7.0367393,-1.3058243
ISIC_0062155,7.31939,-1.3379813
ISIC_0062158,-0.053160552,0.087333575
ISIC_0062160,3.725883,1.385659
ISIC_0062161,5.6400986,-0.32836005
ISIC_0062162,6.797562,-0.49786907
ISIC_0062163,4.114254,4.3196416
ISIC_0062171,7.4314704,-1.2602566
ISIC_0062176,4.2533894,2.831714
ISIC_0062183,5.4149003,-1.0893289
ISIC_0062203,7.256443,1.9430232
ISIC_0062206,6.9683394,-0.12955093
ISIC_0062208,6.6965513,0.36860654
ISIC_0062211,7.888694,1.0630163
ISIC_0062213,5.3027744,1.5295649
ISIC_0062220,3.0927033,4.8572245
ISIC_0062235,0.6383055,1.3524133
ISIC_0062239,3.3892803,2.3643138
ISIC_0062241,1.1847378,2.240412
ISIC_0062242,3.1758935,3.6266463
ISIC_0062248,5.0177445,1.6622088
ISIC_0062251,0.5450815,0.3577016
ISIC_0062256,7.442324,-0.13144208
ISIC_0062260,5.6713247,3.3164003
ISIC_0062266,4.9453464,4.2707505
ISIC_0062269,5.232082,1.6702733
ISIC_0062273,5.726626,0.8631529
ISIC_0062280,5.647417,0.63988703
ISIC_0062286,8.106582,-1.5723736
ISIC_0062296,5.7707524,0.18287046
ISIC_0062298,3.883624,2.203801
ISIC_0062301,4.102951,1.3419688
ISIC_0062318,4.0530496,4.0480766
ISIC_0062323,3.4899356,4.4498553
ISIC_0062325,6.0458264,3.1374686
ISIC_0062340,6.225815,4.0507307
ISIC_0062350,5.9649105,-0.40428844
ISIC_0062359,8.052929,1.8021826
ISIC_0062381,3.5173187,0.27620056
ISIC_0062382,1.4025764,2.90893
ISIC_0062389,2.9176905,-0.25172248
ISIC_0062401,3.8768847,3.2912085
ISIC_0062407,7.018027,-0.39535543
ISIC_0062423,8.448201,2.5282574
ISIC_0062425,6.356516,1.2149905
ISIC_0062434,2.8836713,3.3523684
ISIC_0062447,8.844727,0.41516528
ISIC_0062453,3.9500597,1.9196962
ISIC_0062454,7.1824965,1.3188434
ISIC_0062457,4.842258,3.8908765
ISIC_0062458,5.600196,-1.3123999
ISIC_0062463,3.974236,3.656297
ISIC_0062468,0.3363723,-0.083610564
ISIC_0062471,5.958974,2.1402645
ISIC_0062474,6.404401,-0.17538898
ISIC_0062477,3.4590366,4.3724384
ISIC_0062478,7.990035,1.069695
ISIC_0062481,-0.2398189,-0.22721091
ISIC_0062497,7.0571427,0.28486502
ISIC_0062505,2.0706685,0.07824498
ISIC_0062509,6.6312795,-1.2239252
ISIC_0062515,3.6006234,1.1975915
ISIC_0062517,1.8636758,2.3634074
ISIC_0062523,7.242914,-1.4041083
ISIC_0062524,-0.44575214,0.35359892
ISIC_0062525,5.42533,0.40466678
ISIC_0062530,1.0070505,0.1773479
ISIC_0062531,5.0662584,2.686213
ISIC_0062536,6.1320987,1.1749558
ISIC_0062539,6.4780283,3.6084135
ISIC_0062547,2.2931147,2.7091856
ISIC_0062551,3.4034243,1.3864664
ISIC_0062559,7.6878715,-0.23359698
ISIC_0062562,7.5696487,-0.7661675
ISIC_0062589,7.0136566,1.2926198
ISIC_0062596,4.5665402,3.4907124
ISIC_0062602,7.5234914,-1.4487689
ISIC_0062606,2.4309444,3.390035
ISIC_0062626,3.4648662,3.207147
ISIC_0062628,7.363597,-1.3752216
ISIC_0062632,6.9120283,3.723762
ISIC_0062633,6.530594,1.2399412
ISIC_0062636,6.6571407,2.3393633
ISIC_0062639,4.7868257,0.42634797
ISIC_0062642,6.97565,-0.09948851
ISIC_0062649,2.9219835,2.798334
ISIC_0062674,5.3014965,3.7759495
ISIC_0062681,6.796061,1.3111634
ISIC_0062684,7.3533196,1.7546114
ISIC_0062688,6.6487827,1.5034673
ISIC_0062690,4.80146,2.262836
ISIC_0062700,2.5958846,3.4514625
ISIC_0062702,5.4407325,-0.8323043
ISIC_0062708,5.655075,3.7066884
ISIC_0062709,4.5025845,-0.35819575
ISIC_0062712,5.414122,-0.36596912
ISIC_0062716,8.448151,-0.53336143
ISIC_0062721,5.32077,4.581105
ISIC_0062723,6.680566,0.35023135
ISIC_0062724,6.8015704,0.4247177
ISIC_0062734,3.4722002,-0.50113386
ISIC_0062736,5.713587,1.4177954
ISIC_0062762,4.1938257,0.2585105
ISIC_0062765,4.8727407,1.2585001
ISIC_0062770,3.5586286,0.69662523
ISIC_0062780,5.7638044,0.47380468
ISIC_0062792,2.576079,3.4952626
ISIC_0062806,5.345623,2.822926
ISIC_0062809,7.249265,2.05763
ISIC_0062816,7.620427,-1.495
ISIC_0062821,6.8661747,0.906384
ISIC_0062827,4.069336,1.5738556
ISIC_0062832,4.2719636,4.0145063
ISIC_0062841,1.611301,2.728797
ISIC_0062844,7.4442387,0.8074086
ISIC_0062869,5.634471,0.20391965
ISIC_0062879,8.716895,0.23462622
ISIC_0062891,4.445326,-1.1973591
ISIC_0062912,4.0284524,-0.34809744
ISIC_0062922,4.3318243,4.417178
ISIC_0062925,5.2085,0.93631935
ISIC_0062935,3.5884984,3.215626
ISIC_0062944,3.9365585,1.7135777
ISIC_0062948,7.318364,1.0514517
ISIC_0062952,4.025192,0.95537317
ISIC_0062954,4.358151,5.2116714
ISIC_0062957,4.3859525,0.80415225
ISIC_0062970,2.2072232,1.6957101
ISIC_0062978,6.294485,1.3657092
ISIC_0062983,4.8017864,3.774741
ISIC_0062985,5.123606,3.890902
ISIC_0062991,5.118904,-1.398268
ISIC_0062992,7.2698383,-1.1458946
ISIC_0062994,4.285495,2.983428
ISIC_0062998,6.9972754,3.2555587
ISIC_0063018,5.2338533,0.4488846
ISIC_0063026,0.9186762,1.8745384
ISIC_0063027,5.5676746,-0.76498944
ISIC_0063032,8.119281,-0.06714092
ISIC_0063046,7.0845575,4.0174255
ISIC_0063056,3.3896837,2.1766946
ISIC_0063058,5.5450253,0.6377543
ISIC_0063060,6.40361,0.16816229
ISIC_0063070,6.2453594,2.1417594
ISIC_0063072,6.0634646,3.1873975
ISIC_0063077,5.3708773,-1.3447188
ISIC_0063081,4.3271937,-0.37099698
ISIC_0063087,7.443249,1.8765059
ISIC_0063102,6.305578,-1.1015733
ISIC_0063103,1.2566382,1.2622263
ISIC_0063109,5.549252,3.2290745
ISIC_0063114,7.5170383,0.545824
ISIC_0063124,2.9498606,2.8645012
ISIC_0063125,7.9500585,-0.2128829
ISIC_0063130,1.259013,3.063964
ISIC_0063131,6.665587,0.6170434
ISIC_0063143,3.5744429,2.1411126
ISIC_0063148,5.4020524,4.163486
ISIC_0063151,2.3358517,1.9155284
ISIC_0063168,5.679157,-0.4161487
ISIC_0063169,6.184405,0.03255981
ISIC_0063172,3.7699256,0.15805766
ISIC_0063174,5.4320726,0.6270972
ISIC_0063180,5.7922277,-0.58941454
ISIC_0063181,1.3331664,0.97853816
ISIC_0063182,1.6931344,1.6282729
ISIC_0063190,0.038160667,-0.025395233
ISIC_0063191,0.29259014,0.7060723
ISIC_0063198,1.6469184,-0.21895532
ISIC_0063202,2.2796319,2.1820405
ISIC_0063207,1.2258655,1.4998636
ISIC_0063216,6.0417147,0.4277733
ISIC_0063222,5.2077346,0.5626135
ISIC_0063225,5.8105574,2.8613827
ISIC_0063228,1.6650251,3.1980546
ISIC_0063233,4.0148535,-0.2962565
ISIC_0063234,0.81970423,0.7415163
ISIC_0063240,4.1140866,1.7549503
ISIC_0063241,4.404822,0.4170123
ISIC_0063258,7.7350082,4.067418
ISIC_0063264,4.3962417,3.3723633
ISIC_0063266,5.9388776,2.657019
ISIC_0063268,5.1344075,0.61891615
ISIC_0063271,2.783101,2.968106
ISIC_0063288,6.470512,0.5450034
ISIC_0063292,3.8559837,1.7273415
ISIC_0063300,6.777637,1.6239388
ISIC_0063302,4.259823,5.215602
ISIC_0063305,9.179441,1.6152546
ISIC_0063318,1.0700169,1.3647149
ISIC_0063334,5.2240458,1.7929704
ISIC_0063345,5.1549706,3.1184692
ISIC_0063349,3.7335303,2.6323879
ISIC_0063360,7.0726523,3.5409517
ISIC_0063362,4.7739997,-0.878283
ISIC_0063369,2.2422652,2.7215817
ISIC_0063373,8.022107,0.17791402
ISIC_0063392,5.882873,1.8904208
ISIC_0063394,-0.019303616,4.427804
ISIC_0063410,8.157996,-0.16910282
ISIC_0063414,7.0056524,-0.04715548
ISIC_0063425,5.091572,-0.2612923
ISIC_0063437,5.6897674,0.44639498
ISIC_0063443,7.1303368,-1.2587156
ISIC_0063445,4.142434,-0.58307964
ISIC_0063447,4.478486,3.982542
ISIC_0063450,6.052249,1.3841183
ISIC_0063456,4.849819,2.3132854
ISIC_0063464,5.8370194,-0.56671095
ISIC_0063467,5.3680005,0.8925324
ISIC_0063469,7.030577,-0.0011235462
ISIC_0063470,6.1381836,3.933267
ISIC_0063475,4.2671494,3.3434937
ISIC_0063480,6.046424,0.8890204
ISIC_0063481,6.2198963,3.3250108
ISIC_0063493,3.2065713,1.4218935
ISIC_0063496,2.766202,2.419389
ISIC_0063505,1.4185518,3.1157713
ISIC_0063521,5.310825,-1.309594
ISIC_0063528,3.8405297,4.096573
ISIC_0063537,0.20129523,1.3644491
ISIC_0063541,5.162005,5.074519
ISIC_0063551,3.5472994,2.67193
ISIC_0063566,4.246684,3.6275609
ISIC_0063578,5.2283654,1.4607049
ISIC_0063601,8.548654,1.3462046
ISIC_0063617,6.090828,3.2424302
ISIC_0063623,5.6741557,0.6926108
ISIC_0063625,7.0992665,-0.40438798
ISIC_0063634,2.4609177,0.409264
ISIC_0063636,4.263057,5.206753
ISIC_0063641,7.900783,1.1217109
ISIC_0063654,3.2424107,2.2019508
ISIC_0063655,5.01095,0.820961
ISIC_0063660,4.635301,2.0418234
ISIC_0063664,0.99354535,1.0094491
ISIC_0063675,3.1281183,4.752129
ISIC_0063679,3.7192223,-0.671169
ISIC_0063680,4.236001,1.9350541
ISIC_0063687,6.3687825,-0.1190695
ISIC_0063690,5.3018456,4.447818
ISIC_0063691,2.917462,2.939756
ISIC_0063692,6.623088,2.5395222
ISIC_0063693,0.643483,5.2974257
ISIC_0063695,7.0200405,-1.3096899
ISIC_0063704,7.2259407,-0.1555266
ISIC_0063715,4.474361,0.3335195
ISIC_0063723,3.2485235,1.3355796
ISIC_0063724,3.0615869,3.3667955
ISIC_0063727,1.4178294,2.8798988
ISIC_0063732,7.6213264,3.431345
ISIC_0063742,3.3196404,-1.6313397
ISIC_0063748,3.0979881,3.2587707
ISIC_0063750,6.320455,-0.061686162
ISIC_0063757,4.873556,1.0552806
ISIC_0063759,4.5744653,3.246989
ISIC_0063769,6.4042454,3.7305622
ISIC_0063775,7.461525,-0.6733585
ISIC_0063788,0.72222394,0.27216774
ISIC_0063793,3.5976348,3.6332595
ISIC_0063795,5.711948,3.632841
ISIC_0063811,4.445672,3.402998
ISIC_0063824,6.6526794,2.3847609
ISIC_0063829,6.2470026,1.9297521
ISIC_0063830,3.1218941,4.8780694
ISIC_0063839,1.4962473,1.4939016
ISIC_0063842,5.9768124,-0.020652814
ISIC_0063845,0.21663205,-0.10184492
ISIC_0063852,5.200778,0.34937534
ISIC_0063870,1.3802305,1.6364154
ISIC_0063871,4.366093,5.2430677
ISIC_0063872,7.3216066,2.1388958
ISIC_0063873,4.381601,5.0165877
ISIC_0063881,4.9910297,4.4864764
ISIC_0063885,1.5969542,3.7401104
ISIC_0063887,8.200012,0.27492985
ISIC_0063897,5.0939183,3.7880518
ISIC_0063908,6.4930096,3.873127
ISIC_0063912,8.619893,0.391552
ISIC_0063915,2.4134037,3.642119
ISIC_0063926,6.0579915,3.6903958
ISIC_0063937,5.206134,4.236212
ISIC_0063945,5.3166833,3.075343
ISIC_0063946,3.9321163,-0.83057594
ISIC_0063950,6.576367,0.21438701
ISIC_0063958,7.0463214,1.7545334
ISIC_0063960,4.455313,-0.36514872
ISIC_0063973,6.22502,-0.59087205
ISIC_0063980,5.4245768,3.7058754
ISIC_0063981,8.213275,2.378907
ISIC_0063988,3.8150861,0.52733207
ISIC_0064006,9.147489,1.0040705
ISIC_0064014,3.0495167,2.8238492
ISIC_0064023,2.3107927,1.5006102
ISIC_0064033,6.4708033,3.4689019
ISIC_0064034,1.1639862,2.2014534
ISIC_0064054,5.4564853,-0.15022992
ISIC_0064056,7.107259,-0.22435133
ISIC_0064058,8.030497,0.8052465
ISIC_0064060,2.5709157,-0.3574602
ISIC_0064062,0.12550949,-0.29991183
ISIC_0064072,3.568765,0.7792403
ISIC_0064073,2.4132588,-0.47941235
ISIC_0064079,5.6202297,-0.48160738
ISIC_0064080,0.7734132,1.2479798
ISIC_0064082,2.4453127,2.4486253
ISIC_0064100,3.0101674,3.6205611
ISIC_0064102,2.6133487,1.1056724
ISIC_0064110,5.804628,-0.841392
ISIC_0064114,7.1838346,-0.13061978
ISIC_0064116,4.3760705,-1.239725
ISIC_0064120,4.8164573,2.6270955
ISIC_0064122,7.637272,2.0255175
ISIC_0064129,6.189549,2.2685077
ISIC_0064130,1.4708575,1.6825374
ISIC_0064134,9.091999,0.33937842
ISIC_0064141,8.669765,0.21242818
ISIC_0064152,4.480766,5.024052
ISIC_0064157,2.6619039,3.4280243
ISIC_0064167,5.301074,3.6622672
ISIC_0064174,6.579162,-0.18174829
ISIC_0064180,6.3910317,3.9511101
ISIC_0064195,5.4076614,0.633559
ISIC_0064201,5.9999413,-1.5022609
ISIC_0064204,6.5581465,2.392263
ISIC_0064209,5.2775536,1.3978089
ISIC_0064212,7.9730377,1.6602257
ISIC_0064229,3.8358185,-0.5503437
ISIC_0064240,7.7665424,0.15997727
ISIC_0064246,1.3476617,1.441992
ISIC_0064247,5.467543,2.751888
ISIC_0064261,2.4366157,-0.34603575
ISIC_0064266,7.4744244,-0.9854758
ISIC_0064268,5.1117563,3.3708265
ISIC_0064270,3.9339964,2.5200438
ISIC_0064272,6.2786036,3.2063103
ISIC_0064276,5.3178086,0.80986327
ISIC_0064279,3.4689581,2.664545
ISIC_0064281,2.1678188,2.922109
ISIC_0064294,5.4120317,1.5575889
ISIC_0064297,5.767439,0.585379
ISIC_0064298,3.9861138,3.9296737
ISIC_0064307,2.5565565,1.8852856
ISIC_0064317,-0.20265739,0.17664689
ISIC_0064320,4.2483563,0.93062544
ISIC_0064321,4.3693047,3.2869508
ISIC_0064328,-0.07032822,4.605659
ISIC_0064337,4.714086,-1.0206581
ISIC_0064339,4.8949375,3.6876724
ISIC_0064344,2.943328,-0.20256071
ISIC_0064360,7.3550124,-0.5766508
ISIC_0064361,5.5620236,3.943693
ISIC_0064369,3.9151049,3.9908037
ISIC_0064376,5.654637,1.9824191
ISIC_0064393,6.684252,-0.031587306
ISIC_0064406,7.261514,-1.4599406
ISIC_0064411,4.3165994,3.4268477
ISIC_0064419,6.0563564,-0.4939235
ISIC_0064427,6.254488,1.8566087
ISIC_0064428,3.5548677,1.7285866
ISIC_0064436,5.3470154,3.6329575
ISIC_0064444,8.33005,2.506336
ISIC_0064455,4.7099676,-0.9837783
ISIC_0064463,5.8531704,-1.1123437
ISIC_0064465,7.25498,-1.4815149
ISIC_0064472,4.1576037,-0.3983203
ISIC_0064476,3.924187,0.47119007
ISIC_0064481,8.191397,1.7129501
ISIC_0064483,7.8718305,3.1294382
ISIC_0064498,4.2810044,5.3953147
ISIC_0064507,9.202522,-0.07280666
ISIC_0064515,3.7905695,2.2001436
ISIC_0064517,3.384341,2.6873016
ISIC_0064530,7.912538,0.67166764
ISIC_0064531,8.154833,2.569361
ISIC_0064534,7.596801,1.7283945
ISIC_0064538,6.828877,1.1136371
ISIC_0064550,5.922711,1.8637264
ISIC_0064559,3.9061358,1.4145446
ISIC_0064569,7.4161415,2.9516518
ISIC_0064575,7.5532255,0.8640866
ISIC_0064581,3.2480748,2.8147428
ISIC_0064585,8.415092,-1.0283059
ISIC_0064589,5.0752964,3.465606
ISIC_0064592,5.8738236,0.29384807
ISIC_0064606,5.72561,-0.3740975
ISIC_0064611,7.1384363,-0.21882693
ISIC_0064619,3.1950374,1.938923
ISIC_0064623,2.6521993,2.2998142
ISIC_0064632,5.8273163,-0.5961607
ISIC_0064633,3.5115163,1.7136676
ISIC_0064645,4.7888274,3.8335536
ISIC_0064646,4.259627,4.6568213
ISIC_0064656,3.0779817,1.2266332
ISIC_0064660,4.8447027,1.3877047
ISIC_0064667,7.793347,3.8521216
ISIC_0064668,3.7854674,2.1961792
ISIC_0064672,6.063806,-1.3723215
ISIC_0064676,7.1048536,0.013453576
ISIC_0064686,6.3323,-0.6625839
ISIC_0064689,1.6902494,2.6160913
ISIC_0064692,7.2916455,-0.037267603
ISIC_0064693,5.480743,0.5630584
ISIC_0064694,7.856156,1.9067022
ISIC_0064721,7.024797,-0.6617264
ISIC_0064730,5.2034144,3.9208128
ISIC_0064732,8.115946,1.1015245
ISIC_0064739,3.9407172,3.825839
ISIC_0064742,4.7929106,1.2387859
ISIC_0064752,8.322955,2.5732706
ISIC_0064759,4.4241967,5.038803
ISIC_0064784,4.1753416,1.25388
ISIC_0064800,1.7101889,3.167723
ISIC_0064804,6.291698,-1.0540217
ISIC_0064816,6.6762795,-0.42269117
ISIC_0064821,6.367645,0.35622963
ISIC_0064822,3.937016,0.3469223
ISIC_0064823,5.11812,1.0729406
ISIC_0064825,6.344732,0.39773047
ISIC_0064829,8.689276,1.0105734
ISIC_0064835,1.8183469,-0.8795934
ISIC_0064836,1.236943,2.7525804
ISIC_0064840,4.368441,-0.87001365
ISIC_0064849,8.300369,2.128377
ISIC_0064860,4.9950294,0.36729553
ISIC_0064868,5.9003973,-0.4126679
ISIC_0064874,3.4374704,0.114115745
ISIC_0064875,2.5784833,2.4553926
ISIC_0064881,5.006208,-0.23445855
ISIC_0064887,6.8644643,0.3834336
ISIC_0064905,4.3890634,4.58542
ISIC_0064907,0.79531884,2.3066576
ISIC_0064909,4.9522285,4.6552696
ISIC_0064910,6.345908,0.464995
ISIC_0064919,5.131377,3.72669
ISIC_0064921,6.5096216,-0.8657736
ISIC_0064925,3.2984908,0.6171371
ISIC_0064926,7.0817943,2.1480927
ISIC_0064927,-0.19535431,0.90585005
ISIC_0064929,5.3626757,1.7626681
ISIC_0064933,6.796946,0.49534392
ISIC_0064936,5.283196,0.8653757
ISIC_0064941,3.541406,0.830027
ISIC_0064943,5.6127386,3.8356311
ISIC_0064949,1.7079586,-0.16740851
ISIC_0064965,5.5029826,-0.8356026
ISIC_0064982,6.0157547,-1.4677082
ISIC_0064983,8.44762,0.2665713
ISIC_0064986,6.914433,2.545562
ISIC_0064990,9.263427,1.6921512
ISIC_0064992,7.4442854,-0.2767841
ISIC_0064993,7.1666274,1.5114611
ISIC_0064997,7.4569716,-0.80663025
ISIC_0065001,5.1124506,-0.50242984
ISIC_0065008,3.9971185,3.5211139
ISIC_0065013,5.14416,1.1749643
ISIC_0065022,1.1884596,2.4434297
ISIC_0065023,0.30670485,0.87563354
ISIC_0065025,8.468318,0.93715364
ISIC_0065026,9.20266,0.8101286
ISIC_0065036,3.1873124,3.6522899
ISIC_0065039,2.813044,-0.56693393
ISIC_0065046,7.517388,-0.6713584
ISIC_0065057,2.3144853,3.5489774
ISIC_0065059,5.1722918,4.926013
ISIC_0065066,0.58853704,1.7680984
ISIC_0065099,1.7063017,2.5570385
ISIC_0065100,6.3397317,0.13907483
ISIC_0065106,6.5884123,0.541928
ISIC_0065109,7.606985,-0.8286394
ISIC_0065128,1.1055434,1.5062346
ISIC_0065132,4.5116735,0.3891007
ISIC_0065142,5.5074425,-0.15340555
ISIC_0065159,6.377975,0.5563621
ISIC_0065168,3.534556,4.1714635
ISIC_0065171,-0.2608715,0.0709369
ISIC_0065173,8.010407,0.15943614
ISIC_0065186,8.809035,0.69314796
ISIC_0065191,3.2793558,4.351048
ISIC_0065192,1.6722808,2.9214778
ISIC_0065195,5.577615,3.0511954
ISIC_0065206,0.5501519,0.29534507
ISIC_0065210,5.442829,0.67321134
ISIC_0065213,4.3600144,5.1871767
ISIC_0065215,4.3709664,4.4547906
ISIC_0065230,7.935959,1.0545067
ISIC_0065235,7.564672,1.4587952
ISIC_0065236,1.85091,2.5782878
ISIC_0065248,8.024279,-1.1112665
ISIC_0065253,4.988763,0.15944111
ISIC_0065265,4.2933183,-0.6363165
ISIC_0065267,3.1749265,3.5338814
ISIC_0065278,5.7010064,1.9407579
ISIC_0065283,3.3660047,-1.5391059
ISIC_0065305,5.292085,-1.0891628
ISIC_0065307,1.8486987,2.762592
ISIC_0065311,3.1703365,4.5907393
ISIC_0065313,1.590979,3.613252
ISIC_0065315,7.0125966,0.2157735
ISIC_0065341,-0.08278168,1.019286
ISIC_0065347,1.9390416,1.803967
ISIC_0065351,0.67977643,1.6730695
ISIC_0065363,3.8135798,4.1789107
ISIC_0065367,8.718051,1.99728
ISIC_0065379,4.976559,4.9037056
ISIC_0065382,3.7146184,3.5006309
ISIC_0065398,1.4116337,1.5603893
ISIC_0065402,5.4923744,-0.7932984
ISIC_0065408,0.8653367,0.54041064
ISIC_0065417,8.778841,-0.08121576
ISIC_0065431,6.431321,0.7076942
ISIC_0065434,4.610257,0.20487027
ISIC_0065443,-1.0193062,3.3787813
ISIC_0065446,0.5663766,0.29064512
ISIC_0065448,1.3103044,2.4663305
ISIC_0065449,6.1602407,3.5254335
ISIC_0065463,2.6952307,2.4838755
ISIC_0065477,3.4013357,2.2385545
ISIC_0065507,8.039235,1.4159076
ISIC_0065512,4.8401093,3.9147506
ISIC_0065513,6.735542,1.4903524
ISIC_0065516,5.177906,0.95098215
ISIC_0065518,4.7953954,0.9653561
ISIC_0065521,1.5355711,3.1184266
ISIC_0065523,4.3818192,4.6926675
ISIC_0065525,3.951762,2.7216897
ISIC_0065531,1.7930647,0.1028973
ISIC_0065532,5.1327295,0.3910988
ISIC_0065533,7.9602776,1.4295421
ISIC_0065535,6.4506617,3.9333785
ISIC_0065539,6.0322366,1.2470156
ISIC_0065571,4.7680225,1.6290127
ISIC_0065576,6.245221,0.8767202
ISIC_0065577,4.4814,-1.1895561
ISIC_0065582,5.057788,1.073766
ISIC_0065590,-0.21450196,-0.32600415
ISIC_0065597,4.8236766,2.9513896
ISIC_0065598,3.97507,-0.118748635
ISIC_0065615,0.15810098,0.71784014
ISIC_0065618,3.3985095,1.9861503
ISIC_0065622,4.5579224,4.709798
ISIC_0065627,6.6662364,3.8098826
ISIC_0065644,5.217494,5.0748158
ISIC_0065655,5.214824,4.3139176
ISIC_0065658,0.5073357,0.8090847
ISIC_0065668,6.5059247,2.6229799
ISIC_0065671,6.6568933,1.1012089
ISIC_0065675,3.5180378,0.57365495
ISIC_0065694,7.053855,-1.4431812
ISIC_0065697,1.3848959,3.0193996
ISIC_0065698,8.224434,1.7495029
ISIC_0065709,4.583876,4.2241006
ISIC_0065714,5.079425,0.3594424
ISIC_0065727,-0.29783186,0.91265064
ISIC_0065740,3.977763,3.922219
ISIC_0065742,1.2062265,1.5171614
ISIC_0065746,5.8367167,3.1818063
ISIC_0065748,9.064224,1.775987
ISIC_0065760,8.006396,1.5094154
ISIC_0065767,7.2546763,0.80186164
ISIC_0065774,1.0843611,1.3496749
ISIC_0065775,0.48692232,0.8312668
ISIC_0065781,3.5301507,0.3491301
ISIC_0065786,7.08818,1.4619347
ISIC_0065788,6.3143477,1.5167323
ISIC_0065801,6.6772795,0.8708804
ISIC_0065806,2.4989767,3.1239862
ISIC_0065807,5.9856224,1.9312689
ISIC_0065813,5.1069517,3.6857426
ISIC_0065823,1.6623837,2.31417
ISIC_0065825,5.648653,1.6805215
ISIC_0065843,6.949872,-1.172056
ISIC_0065853,5.8445315,-1.073054
ISIC_0065858,3.117098,3.6734676
ISIC_0065869,6.653308,-1.0749575
ISIC_0065870,0.5570896,-0.14480609
ISIC_0065872,3.8724706,1.635586
ISIC_0065889,4.574083,0.67073816
ISIC_0065895,7.6842165,1.6050391
ISIC_0065904,3.9878821,4.6044993
ISIC_0065918,1.0567033,1.3941317
ISIC_0065927,5.0536795,-0.5445521
ISIC_0065928,4.3684645,5.027593
ISIC_0065932,6.008136,0.35560706
ISIC_0065943,6.27592,1.4778057
ISIC_0065944,7.697719,1.637546
ISIC_0065945,8.340692,-0.9987278
ISIC_0065961,5.373482,0.07920008
ISIC_0065969,0.4738324,0.18083365
ISIC_0065974,2.0315228,3.018341
ISIC_0065997,5.300705,3.6648557
ISIC_0066001,0.94772524,1.8960873
ISIC_0066019,5.5053496,4.1328473
ISIC_0066047,6.8870974,-0.4439636
ISIC_0066058,7.9351625,0.70365524
ISIC_0066061,3.4518812,2.8225162
ISIC_0066066,7.3173184,-1.3463813
ISIC_0066069,1.4111539,2.5210125
ISIC_0066075,6.91581,0.8280536
ISIC_0066085,1.3291665,1.8365705
ISIC_0066093,7.135963,-0.8423411
ISIC_0066094,3.576657,3.6798058
ISIC_0066098,6.3833594,0.82555944
ISIC_0066101,7.6756454,2.6379514
ISIC_0066102,4.5365696,4.5103254
ISIC_0066106,4.1031632,1.7383438
ISIC_0066109,4.010304,-0.9235771
ISIC_0066116,0.736282,1.7622615
ISIC_0066124,6.827455,-0.021858657
ISIC_0066127,6.0678267,-0.04157531
ISIC_0066136,5.3875384,0.428853
ISIC_0066143,4.177558,0.66162527
ISIC_0066146,4.650825,2.3196623
ISIC_0066154,7.275356,2.049005
ISIC_0066161,6.035649,1.905937
ISIC_0066165,-0.13108976,0.052684423
ISIC_0066181,6.559049,-0.65420675
ISIC_0066185,5.346997,4.5145698
ISIC_0066191,8.005305,1.0194036
ISIC_0066200,0.5611862,0.97339875
ISIC_0066203,0.31865746,0.17825279
ISIC_0066204,4.056199,0.6629711
ISIC_0066209,3.0993476,0.7707288
ISIC_0066217,2.3780546,1.649029
ISIC_0066226,7.598921,2.6793716
ISIC_0066244,4.187385,2.7312346
ISIC_0066289,1.1509825,1.9823574
ISIC_0066307,4.7816095,-1.3085049
ISIC_0066308,8.243885,2.3319516
ISIC_0066316,1.8475516,-0.80652523
ISIC_0066320,5.3637695,-0.40586558
ISIC_0066325,5.465079,3.4473534
ISIC_0066332,5.968524,-1.5131705
ISIC_0066336,2.0709426,3.2855554
ISIC_0066338,5.6345253,-0.4696866
ISIC_0066350,4.275295,5.3792853
ISIC_0066352,7.5641274,-0.20312724
ISIC_0066358,5.5186133,1.3894639
ISIC_0066359,5.026895,3.126836
ISIC_0066375,6.223738,1.8654468
ISIC_0066376,3.213909,0.95301014
ISIC_0066378,5.3122163,3.7750823
ISIC_0066379,2.925669,1.7573459
ISIC_0066382,3.4725025,3.9549017
ISIC_0066384,6.193451,-1.2751138
ISIC_0066390,7.6572833,-0.23987181
ISIC_0066394,6.686398,-0.4273772
ISIC_0066399,4.5110183,4.945763
ISIC_0066401,5.0251646,3.5066404
ISIC_0066403,6.3899,0.97320276
ISIC_0066412,4.5682807,-0.2597283
ISIC_0066422,7.3951707,3.5533803
ISIC_0066423,0.9924387,1.0406737
ISIC_0066426,4.406954,4.897702
ISIC_0066428,6.828445,-0.6982298
ISIC_0066430,3.895943,1.7168401
ISIC_0066448,5.444477,0.6019501
ISIC_0066470,3.6079085,-0.07137414
ISIC_0066476,5.682768,-0.2698119
ISIC_0066481,8.973758,0.35990724
ISIC_0066483,0.5624886,0.866113
ISIC_0066492,4.5691075,2.0030243
ISIC_0066497,4.453992,4.2634096
ISIC_0066499,4.8739333,-1.1150535
ISIC_0066500,4.5031986,3.5096025
ISIC_0066505,2.0061111,3.0938084
ISIC_0066506,6.203717,-0.24782547
ISIC_0066515,1.3150656,2.2810204
ISIC_0066516,5.6260333,4.1162705
ISIC_0066518,0.5603925,1.0110464
ISIC_0066519,7.292809,-1.4954181
ISIC_0066520,4.903806,3.5977242
ISIC_0066532,4.1306987,0.2941948
ISIC_0066533,3.5603743,4.470449
ISIC_0066535,6.536888,-0.69966596
ISIC_0066560,6.0538425,3.3132534
ISIC_0066564,5.781723,2.020766
ISIC_0066568,5.5730324,-0.8418299
ISIC_0066588,6.1042395,-0.24099565
ISIC_0066589,7.3307047,-1.4134053
ISIC_0066593,4.9472404,3.3843307
ISIC_0066603,2.1643143,0.27484438
ISIC_0066609,7.055075,-0.81159884
ISIC_0066612,1.4146272,0.17882086
ISIC_0066613,8.891995,0.18007666
ISIC_0066626,5.440451,0.5215663
ISIC_0066627,4.9166164,4.2149625
ISIC_0066629,9.231451,1.6700246
ISIC_0066631,5.0427556,1.5873544
ISIC_0066633,3.4653895,3.6716812
ISIC_0066637,2.4524124,-0.7221225
ISIC_0066649,4.6608267,3.3195965
ISIC_0066650,3.9364772,-0.4190154
ISIC_0066662,7.9678607,1.2088466
ISIC_0066671,4.37711,2.2694929
ISIC_0066678,4.01926,0.11506646
ISIC_0066690,8.158712,2.0960188
ISIC_0066693,7.093533,-0.071098626
ISIC_0066710,5.255539,1.636837
ISIC_0066716,8.313598,2.5226374
ISIC_0066722,3.8883631,2.9445667
ISIC_0066733,3.7530353,-0.04584344
ISIC_0066744,6.2848487,1.605584
ISIC_0066750,1.4575319,1.0330479
ISIC_0066756,4.233536,3.397362
ISIC_0066766,4.1120167,4.2162614
ISIC_0066767,3.4333751,-0.6333802
ISIC_0066769,2.5496962,3.3267748
ISIC_0066776,2.078758,3.0127704
ISIC_0066783,0.39721015,0.06571399
ISIC_0066792,0.547142,0.7811976
ISIC_0066802,8.252861,2.0019488
ISIC_0066811,7.807699,1.4006717
ISIC_0066815,8.406982,2.4610994
ISIC_0066844,5.3850474,3.7933173
ISIC_0066845,1.2450104,1.1271294
ISIC_0066848,7.1404934,-1.4027005
ISIC_0066854,5.8268347,-1.4666715
ISIC_0066855,3.7399838,0.13875967
ISIC_0066860,4.4568915,-0.67962044
ISIC_0066863,4.379148,4.925486
ISIC_0066865,5.15292,3.173895
ISIC_0066867,0.19621265,0.6960451
ISIC_0066869,1.3673636,2.3069732
ISIC_0066882,3.487509,2.5165436
ISIC_0066886,6.1056705,0.41228485
ISIC_0066907,5.7777877,0.30366087
ISIC_0066910,7.325246,2.0780926
ISIC_0066918,6.2816243,1.5597016
ISIC_0066921,7.555846,2.142484
ISIC_0066927,6.6559415,2.8200889
ISIC_0066931,0.91412485,3.3759136
ISIC_0066933,8.024416,1.4305553
ISIC_0066935,8.426118,2.5339937
ISIC_0066947,1.0467784,-0.05877871
ISIC_0066952,8.677469,0.43336967
ISIC_0066969,5.1896,5.004826
ISIC_0066977,6.842254,0.5143019
ISIC_0066994,7.862318,1.0210584
ISIC_0067005,8.880194,-0.06318411
ISIC_0067008,-0.33391017,0.11067152
ISIC_0067009,3.5745308,2.176097
ISIC_0067054,0.76039183,1.6674529
ISIC_0067062,9.240592,1.7520862
ISIC_0067069,4.117861,4.076057
ISIC_0067083,-0.09646292,1.0490497
ISIC_0067101,8.400552,2.0938027
ISIC_0067120,2.6226313,2.0430095
ISIC_0067126,5.3090267,4.0942526
ISIC_0067129,5.195808,5.0627184
ISIC_0067134,2.4688845,1.8809947
ISIC_0067151,4.854587,5.0943265
ISIC_0067159,3.9028928,-0.35027784
ISIC_0067160,3.356605,-1.571641
ISIC_0067167,6.5376096,3.9596047
ISIC_0067171,7.598205,-0.13783692
ISIC_0067188,5.141842,0.4037913
ISIC_0067191,6.5501466,0.15901677
ISIC_0067193,5.9662175,0.40479967
ISIC_0067194,1.9858072,1.9704796
ISIC_0067197,3.302332,2.410585
ISIC_0067200,6.9079943,-0.48022312
ISIC_0067202,1.7477049,1.5068754
ISIC_0067206,3.7748682,1.6937711
ISIC_0067208,4.24319,3.2129443
ISIC_0067210,4.8482003,0.6502453
ISIC_0067225,7.777577,4.4341187
ISIC_0067233,8.827636,1.3476583
ISIC_0067235,2.5453808,-0.40531588
ISIC_0067240,6.8758006,0.4846681
ISIC_0067248,6.009737,4.0363436
ISIC_0067253,4.4708376,0.78866285
ISIC_0067274,4.236804,0.4044501
ISIC_0067276,3.4653432,3.8541157
ISIC_0067284,7.0840774,-0.024353921
ISIC_0067308,6.110651,-0.7279739
ISIC_0067317,5.820256,2.2354057
ISIC_0067318,3.7998104,-0.87306607
ISIC_0067325,4.5375137,4.7850285
ISIC_0067333,5.641103,1.0910568
ISIC_0067335,7.0591764,-0.1058808
ISIC_0067339,1.0585343,0.88447005
ISIC_0067347,7.4431124,0.58392566
ISIC_0067350,1.4547687,1.3736132
ISIC_0067353,5.59598,1.5997311
ISIC_0067365,8.549624,1.5452013
ISIC_0067367,3.5867245,3.1795764
ISIC_0067375,5.7044134,-0.7025495
ISIC_0067395,0.54370594,1.2824799
ISIC_0067404,3.3692846,4.0467634
ISIC_0067405,2.1384408,2.1148596
ISIC_0067417,5.0579324,-0.33151522
ISIC_0067418,6.640205,-0.20830156
ISIC_0067438,4.5990973,4.1011696
ISIC_0067443,3.3226926,1.1126994
ISIC_0067452,7.3202286,2.3010778
ISIC_0067458,3.9762485,0.09159582
ISIC_0067460,7.8401165,3.8346746
ISIC_0067461,6.1419973,1.6913005
ISIC_0067466,9.277651,0.82478446
ISIC_0067485,3.3473654,-1.6264676
ISIC_0067488,4.8386445,1.8935407
ISIC_0067489,3.48874,2.346401
ISIC_0067495,3.978028,2.947276
ISIC_0067502,3.313293,1.8671122
ISIC_0067504,3.2907505,2.3442552
ISIC_0067510,6.8132987,4.109423
ISIC_0067511,2.956733,1.358854
ISIC_0067513,3.4499059,0.7344062
ISIC_0067515,6.593946,3.6143126
ISIC_0067518,5.269215,1.1376274
ISIC_0067521,3.2860794,0.46563137
ISIC_0067534,4.020388,0.8130611
ISIC_0067536,5.1463194,3.5659919
ISIC_0067543,5.5981154,1.1445576
ISIC_0067549,3.9767478,0.65570045
ISIC_0067553,4.103563,3.93626
ISIC_0067564,3.579004,3.7758605
ISIC_0067565,7.5676804,1.5092236
ISIC_0067566,3.5479286,2.3647294
ISIC_0067576,7.705925,1.2305448
ISIC_0067577,4.674113,0.011188473
ISIC_0067598,4.350473,-0.6887099
ISIC_0067601,1.8813857,2.26185
ISIC_0067602,4.193818,0.8208771
ISIC_0067619,7.6078424,4.5383015
ISIC_0067625,5.9538193,-0.67213976
ISIC_0067629,2.9122152,2.5662365
ISIC_0067630,7.7013574,2.2526765
ISIC_0067636,3.7008753,4.1131506
ISIC_0067653,3.4222195,3.154408
ISIC_0067655,5.2594657,4.1990013
ISIC_0067667,4.3717585,3.5405085
ISIC_0067671,5.418339,0.70001745
ISIC_0067685,3.704992,2.2517724
ISIC_0067689,4.2951727,4.942583
ISIC_0067695,3.655043,0.8384706
ISIC_0067696,5.927544,2.9155967
ISIC_0067697,3.535286,2.2604196
ISIC_0067704,5.8558345,-1.0236816
ISIC_0067711,5.153847,5.001044
ISIC_0067716,5.4349685,-0.30648708
ISIC_0067719,5.735661,3.018586
ISIC_0067722,8.458621,0.9717865
ISIC_0067731,5.5401144,1.6345271
ISIC_0067733,6.3321443,1.1535003
ISIC_0067743,3.4364552,3.2471912
ISIC_0067747,3.3379383,1.998145
ISIC_0067756,7.5919933,-0.91838264
ISIC_0067757,4.316011,4.1794
ISIC_0067758,3.938927,4.076517
ISIC_0067776,8.074993,-0.41498032
ISIC_0067782,5.4398127,3.3455944
ISIC_0067789,4.3882203,0.32399482
ISIC_0067798,4.932857,4.2041063
ISIC_0067804,0.6134486,1.6808048
ISIC_0067805,2.1982324,2.7999477
ISIC_0067808,5.1834154,0.58425206
ISIC_0067816,7.324335,1.897248
ISIC_0067821,4.846627,3.5202475
ISIC_0067825,8.309385,0.902039
ISIC_0067830,2.8572614,3.4881816
ISIC_0067831,8.941103,0.15443753
ISIC_0067836,7.257073,0.16924456
ISIC_0067843,6.7648153,2.4910424
ISIC_0067845,6.510115,1.157475
ISIC_0067847,3.0886226,4.7616944
ISIC_0067849,3.9241977,-0.4582079
ISIC_0067857,4.3654685,-0.3427049
ISIC_0067873,4.2855945,-0.05905934
ISIC_0067885,2.5394404,2.12987
ISIC_0067889,0.63811105,0.5896634
ISIC_0067890,4.5171285,3.8815598
ISIC_0067891,2.929038,-0.21354507
ISIC_0067893,1.3213222,3.0191038
ISIC_0067896,8.186546,1.1245732
ISIC_0067897,4.0717597,3.3237274
ISIC_0067902,5.705108,1.5591029
ISIC_0067905,3.6955082,0.15096876
ISIC_0067933,5.556127,0.6308833
ISIC_0067934,5.6665206,-0.37818334
ISIC_0067947,5.132313,3.8803968
ISIC_0067949,3.317904,2.4741876
ISIC_0067952,3.4460723,2.6396766
ISIC_0067953,4.2017493,3.3264983
ISIC_0067960,4.2140536,-0.23885076
ISIC_0067969,0.5050727,1.0492586
ISIC_0067972,3.7112377,-0.23635966
ISIC_0067979,6.150905,1.4574897
ISIC_0068000,1.8295577,3.2788794
ISIC_0068003,7.830598,4.3167195
ISIC_0068011,4.612012,4.614353
ISIC_0068012,-1.058785,4.03251
ISIC_0068013,3.2361944,2.2795684
ISIC_0068015,4.1031146,1.2234054
ISIC_0068023,6.517996,3.4366791
ISIC_0068043,4.900837,1.5494016
ISIC_0068048,3.3469582,-1.6263863
ISIC_0068055,6.4874244,-0.7002384
ISIC_0068060,4.25549,0.82250327
ISIC_0068064,8.85361,0.03607622
ISIC_0068069,7.85965,1.710727
ISIC_0068073,6.7693377,-1.225373
ISIC_0068080,7.533257,-1.125044
ISIC_0068107,8.265921,2.1514847
ISIC_0068114,6.70955,3.8496482
ISIC_0068117,5.0692034,0.04675929
ISIC_0068118,5.5442376,0.042367335
ISIC_0068119,7.1513557,-1.0557781
ISIC_0068121,6.2765656,3.7296233
ISIC_0068128,3.3506436,-1.6181502
ISIC_0068129,6.267777,-0.78939855
ISIC_0068137,1.8517822,2.433187
ISIC_0068143,5.503995,3.4962983
ISIC_0068152,0.80654055,1.8441719
ISIC_0068153,8.426224,1.9634027
ISIC_0068164,7.3697543,-0.12639163
ISIC_0068166,5.7132297,-0.8876802
ISIC_0068178,4.601351,3.9916866
ISIC_0068188,5.3399215,0.84413594
ISIC_0068189,3.454588,1.1642503
ISIC_0068200,5.594381,1.8835579
ISIC_0068202,6.242595,3.167456
ISIC_0068206,7.8002567,0.014289933
ISIC_0068209,4.2213907,4.5659385
ISIC_0068211,7.939844,1.4501241
ISIC_0068218,4.0074263,4.156176
ISIC_0068227,3.1541157,3.7092464
ISIC_0068233,3.5713875,-0.23935856
ISIC_0068234,9.21766,0.8639536
ISIC_0068239,3.724825,3.5935986
ISIC_0068247,3.7826147,2.5374727
ISIC_0068252,-1.3343422,3.223542
ISIC_0068273,6.8495803,-0.57120454
ISIC_0068275,6.738543,3.2521398
ISIC_0068276,4.842022,3.1135912
ISIC_0068282,3.5856192,0.43899158
ISIC_0068290,4.6735425,3.2670422
ISIC_0068291,4.6562643,1.7806423
ISIC_0068294,3.8796935,3.5638943
ISIC_0068299,6.92817,2.2703342
ISIC_0068303,4.7754207,2.9763365
ISIC_0068315,4.876515,3.2287223
ISIC_0068318,4.4761214,0.6113483
ISIC_0068321,3.2824774,4.089015
ISIC_0068331,6.561195,-1.4286513
ISIC_0068343,6.435673,4.7815766
ISIC_0068347,6.8356805,3.3867466
ISIC_0068382,-0.6091656,1.0337912
ISIC_0068383,4.922247,2.4522402
ISIC_0068385,6.623507,-0.8126393
ISIC_0068393,6.833364,-0.49320474
ISIC_0068396,7.19068,-1.4464839
ISIC_0068403,4.719953,4.063709
ISIC_0068407,1.1667647,2.2399957
ISIC_0068411,6.9848375,0.32909477
ISIC_0068427,1.4564635,2.7912717
ISIC_0068438,7.1451626,2.1517754
ISIC_0068452,4.391724,0.8099293
ISIC_0068460,4.42399,4.809672
ISIC_0068463,7.35208,-1.199074
ISIC_0068465,2.066507,1.9148711
ISIC_0068468,2.8878174,-0.33553037
ISIC_0068488,8.4403515,2.5192618
ISIC_0068513,3.0088422,3.8803523
ISIC_0068524,6.919315,-1.3487602
ISIC_0068527,5.4295354,3.1370554
ISIC_0068528,1.4591,-0.2643344
ISIC_0068537,5.6480937,0.6938446
ISIC_0068555,4.809963,2.7251492
ISIC_0068560,4.874694,0.31078467
ISIC_0068576,0.51896536,0.38299733
ISIC_0068578,4.647026,0.5326087
ISIC_0068581,3.5560417,3.7548015
ISIC_0068583,4.5920334,0.10555345
ISIC_0068584,7.6206236,-0.64643633
ISIC_0068586,3.4188988,2.5566957
ISIC_0068609,8.003573,0.7881674
ISIC_0068614,8.9161625,2.019359
ISIC_0068616,8.152817,0.9016175
ISIC_0068617,5.979904,3.3775613
ISIC_0068627,7.2891784,-0.7636497
ISIC_0068628,1.6365023,1.7435665
ISIC_0068629,9.103313,1.0832955
ISIC_0068633,6.067926,-0.12545198
ISIC_0068638,3.7969227,4.526616
ISIC_0068660,6.312473,1.5679172
ISIC_0068682,5.317051,-1.0434812
ISIC_0068700,0.998406,1.7264413
ISIC_0068715,4.9509106,4.662411
ISIC_0068717,6.9077883,-1.4112278
ISIC_0068721,4.6387634,3.5437963
ISIC_0068727,1.2967564,3.0618408
ISIC_0068730,7.1878514,-0.5499492
ISIC_0068744,3.763921,1.7850724
ISIC_0068747,2.8370595,2.6601622
ISIC_0068759,8.565196,0.9095344
ISIC_0068760,3.3291001,3.1281915
ISIC_0068761,2.6190224,3.4034336
ISIC_0068766,6.369616,2.3086853
ISIC_0068776,5.1217856,-0.40513065
ISIC_0068778,3.6327767,0.98264676
ISIC_0068800,5.843718,-1.453806
ISIC_0068808,6.710124,0.83708155
ISIC_0068817,5.234155,4.5464387
ISIC_0068818,0.6177629,5.370395
ISIC_0068819,5.6523004,3.827696
ISIC_0068840,7.362387,0.0024749206
ISIC_0068850,5.704663,-0.20483784
ISIC_0068851,7.224658,1.4935675
ISIC_0068874,5.043291,1.0770053
ISIC_0068881,7.9853916,-0.050750732
ISIC_0068882,-1.3576269,3.34549
ISIC_0068884,7.9054646,1.7306999
ISIC_0068895,3.612968,2.723677
ISIC_0068897,1.3429211,2.7297277
ISIC_0068900,4.277425,3.2330346
ISIC_0068905,7.1327367,1.8109758
ISIC_0068907,6.285257,2.1754642
ISIC_0068911,3.654266,2.2641163
ISIC_0068917,6.654386,3.672546
ISIC_0068921,6.8436713,-0.66243964
ISIC_0068924,4.232067,2.3539531
ISIC_0068928,8.035419,0.07478916
ISIC_0068929,4.3428364,0.8556481
ISIC_0068931,9.010372,-0.023808474
ISIC_0068936,9.180422,0.91190696
ISIC_0068941,9.08088,0.45521364
ISIC_0068961,6.337997,-1.2147112
ISIC_0068962,8.226691,0.18602607
ISIC_0068966,3.4280922,0.4543387
ISIC_0068975,4.698359,1.1837096
ISIC_0068979,6.777243,0.19887058
ISIC_0068981,0.22580303,1.294807
ISIC_0068993,-1.2055188,3.5565038
ISIC_0069003,4.1384635,-0.94238424
ISIC_0069008,6.632381,3.8737664
ISIC_0069024,6.416736,1.2029107
ISIC_0069028,2.9769492,2.8549063
ISIC_0069029,0.8071167,1.7538661
ISIC_0069042,3.7281988,0.7687286
ISIC_0069058,6.438199,0.66054934
ISIC_0069059,5.6971326,-0.105658405
ISIC_0069062,7.8195243,-0.19698754
ISIC_0069065,8.706541,0.6406102
ISIC_0069068,1.8855747,3.2676566
ISIC_0069070,3.2164342,2.497676
ISIC_0069072,3.3463542,2.0855289
ISIC_0069076,2.035163,1.4773495
ISIC_0069077,3.9992468,0.5360739
ISIC_0069091,8.014287,-0.21069877
ISIC_0069093,5.555416,0.32244536
ISIC_0069102,5.287534,-0.6953961
ISIC_0069105,5.216466,0.86585796
ISIC_0069108,3.5497973,0.92852753
ISIC_0069112,4.2454004,4.1139092
ISIC_0069119,5.9785037,2.860712
ISIC_0069148,5.016055,1.2766585
ISIC_0069156,2.949124,3.467965
ISIC_0069158,-0.16514201,1.0440695
ISIC_0069165,3.5735183,4.085189
ISIC_0069167,7.591839,1.4566046
ISIC_0069179,6.411296,1.5295405
ISIC_0069192,1.4156152,1.7397419
ISIC_0069197,4.493145,4.4029984
ISIC_0069199,6.151839,2.0200253
ISIC_0069204,6.4935417,-0.6021597
ISIC_0069210,1.5424422,2.81174
ISIC_0069230,4.618031,2.0665
ISIC_0069238,8.18223,0.015709177
ISIC_0069245,1.762829,2.9219315
ISIC_0069246,6.2641616,2.6861959
ISIC_0069248,4.5149884,4.856779
ISIC_0069257,3.5389557,-0.75102127
ISIC_0069262,1.4823912,3.0518134
ISIC_0069264,2.8851779,3.8627694
ISIC_0069267,6.0573134,-0.5109944
ISIC_0069273,4.3067484,-0.33808064
ISIC_0069277,5.7382903,3.325613
ISIC_0069292,4.674658,4.4322433
ISIC_0069293,0.5202874,5.2004824
ISIC_0069315,8.049633,1.5239439
ISIC_0069358,1.8830483,2.9589705
ISIC_0069361,6.7750244,1.4367839
ISIC_0069365,1.2241111,1.7048831
ISIC_0069369,5.6883206,-0.36470598
ISIC_0069380,4.063151,4.4123816
ISIC_0069385,0.25295344,0.2134248
ISIC_0069386,6.196258,-0.8051535
ISIC_0069391,0.86853844,0.5647353
ISIC_0069395,7.419245,1.4199629
ISIC_0069402,0.04819319,4.6181536
ISIC_0069411,5.6032248,2.8275964
ISIC_0069416,8.153895,1.4909244
ISIC_0069432,4.1981616,5.460383
ISIC_0069437,6.335726,0.13681191
ISIC_0069457,6.2580132,2.5582051
ISIC_0069459,-1.3386391,3.3444054
ISIC_0069466,4.6872735,0.16521452
ISIC_0069473,6.4319863,2.2440543
ISIC_0069475,0.7014785,1.2501302
ISIC_0069479,6.899084,0.31748256
ISIC_0069481,2.5045693,1.7300714
ISIC_0069488,4.825855,1.12077
ISIC_0069504,5.5347977,-0.46094465
ISIC_0069508,4.0221815,4.850996
ISIC_0069509,1.4100581,1.9224607
ISIC_0069511,4.9250016,0.840502
ISIC_0069514,7.9866257,-0.4895033
ISIC_0069515,4.7178106,-1.203557
ISIC_0069536,3.3055701,1.9430425
ISIC_0069540,4.41248,3.5170994
ISIC_0069573,4.478813,4.9159794
ISIC_0069583,8.765183,0.15285441
ISIC_0069591,3.164549,1.8308096
ISIC_0069592,7.8078065,4.328738
ISIC_0069595,0.6155564,0.6838732
ISIC_0069617,0.7302789,1.3845124
ISIC_0069620,5.503399,2.68108
ISIC_0069622,6.55385,1.0350345
ISIC_0069624,5.654294,-1.1825986
ISIC_0069626,4.9202876,0.013331773
ISIC_0069635,7.9905534,0.70396435
ISIC_0069638,7.666337,0.10780982
ISIC_0069657,5.5885673,0.6608577
ISIC_0069660,3.3976545,0.18321764
ISIC_0069668,2.6401954,2.6242356
ISIC_0069669,6.5813856,3.513059
ISIC_0069671,3.8378785,3.6162138
ISIC_0069705,3.26707,3.6967363
ISIC_0069727,3.2217069,2.4034944
ISIC_0069733,7.8070617,1.1208804
ISIC_0069736,4.53431,2.3565555
ISIC_0069743,2.7148716,-0.24972177
ISIC_0069747,3.9375427,-0.060514506
ISIC_0069775,8.44323,-0.6885595
ISIC_0069791,2.8145528,3.5756283
ISIC_0069810,9.209511,1.6222304
ISIC_0069819,3.0138156,4.2871475
ISIC_0069821,6.1655216,-0.24149603
ISIC_0069833,2.4326751,0.46021733
ISIC_0069841,1.5217731,2.5411546
ISIC_0069851,5.114373,0.2564151
ISIC_0069859,8.876112,0.1331304
ISIC_0069860,6.526312,-0.28567988
ISIC_0069864,2.589039,2.4016795
ISIC_0069873,7.4916806,-0.45708367
ISIC_0069889,7.172876,0.6405053
ISIC_0069891,2.5740993,2.5053043
ISIC_0069908,2.9886825,2.558452
ISIC_0069918,3.0263066,3.209627
ISIC_0069920,8.504342,1.9190978
ISIC_0069922,5.9500027,2.2950082
ISIC_0069929,5.303182,3.9166188
ISIC_0069946,7.746868,0.51249427
ISIC_0069951,4.47123,5.092829
ISIC_0069958,7.5638056,-0.64058006
ISIC_0069967,3.7246094,1.2800733
ISIC_0069970,0.74870294,0.70555943
ISIC_0069977,7.051104,-0.17922461
ISIC_0069984,2.7435923,2.613542
ISIC_0069986,7.968778,1.0625093
ISIC_0069988,8.6683,1.4877322
ISIC_0069995,3.6473677,0.40179652
ISIC_0070006,5.196835,4.546083
ISIC_0070012,6.734842,2.512237
ISIC_0070017,5.602082,-0.73138005
ISIC_0070018,7.8478775,4.0679035
ISIC_0070032,6.749853,0.5880321
ISIC_0070045,3.5222666,1.5033705
ISIC_0070049,6.8762,0.594422
ISIC_0070050,3.006471,3.627521
ISIC_0070051,3.9381719,3.7664828
ISIC_0070061,5.1953435,-0.16852918
ISIC_0070068,1.718967,3.4539995
ISIC_0070089,9.279616,1.659431
ISIC_0070092,3.6761358,1.2522328
ISIC_0070093,4.2710114,0.8265812
ISIC_0070095,8.42614,-0.12333259
ISIC_0070105,4.0290823,0.090798184
ISIC_0070107,3.6795156,0.54296523
ISIC_0070108,3.6526442,3.2164292
ISIC_0070109,8.451128,0.78622264
ISIC_0070110,3.273416,-0.6599322
ISIC_0070114,2.0741587,3.384824
ISIC_0070120,4.611007,4.5145483
ISIC_0070123,5.315882,0.5841028
ISIC_0070129,4.0036516,1.5981565
ISIC_0070137,3.5928047,2.727398
ISIC_0070139,1.8423808,3.1224067
ISIC_0070141,6.6651554,0.891182
ISIC_0070149,5.226375,5.109393
ISIC_0070170,6.7293344,2.5604827
ISIC_0070172,-0.98987865,3.242695
ISIC_0070207,8.743691,0.43260926
ISIC_0070215,3.5278673,3.9885104
ISIC_0070217,1.973876,3.3452144
ISIC_0070220,7.2837286,0.7330502
ISIC_0070227,6.206349,1.444885
ISIC_0070235,4.6113486,5.077498
ISIC_0070248,6.3388753,2.1612184
ISIC_0070250,3.852335,0.24097666
ISIC_0070253,2.8911195,3.6173735
ISIC_0070262,4.9817014,0.33906975
ISIC_0070274,1.794231,2.4403887
ISIC_0070303,5.335167,2.9695778
ISIC_0070308,3.34973,-1.5781485
ISIC_0070313,4.0986166,1.3929979
ISIC_0070316,7.4140625,0.6957496
ISIC_0070327,7.243701,3.2009194
ISIC_0070341,3.9070604,3.34331
ISIC_0070342,5.553008,2.6938236
ISIC_0070344,8.9023905,0.0723286
ISIC_0070347,5.826346,-0.7631934
ISIC_0070351,4.3574195,1.273531
ISIC_0070352,3.7965863,-0.300777
ISIC_0070362,0.33928496,5.277224
ISIC_0070363,5.26314,0.9411925
ISIC_0070366,4.4417024,4.7926917
ISIC_0070371,8.236394,2.119077
ISIC_0070374,7.1228437,1.7980747
ISIC_0070380,0.047375467,0.83925426
ISIC_0070387,6.0585127,0.1638326
ISIC_0070396,2.8608243,-0.23524426
ISIC_0070400,6.010827,3.9164364
ISIC_0070403,3.737476,1.5334233
ISIC_0070414,4.3313227,-0.36691236
ISIC_0070419,4.6245346,3.5326667
ISIC_0070427,6.5010347,3.8613183
ISIC_0070431,9.165162,0.41655347
ISIC_0070433,5.570247,0.8648433
ISIC_0070435,4.594395,2.3489714
ISIC_0070439,6.0848026,1.9028617
ISIC_0070441,6.8584137,3.6017241
ISIC_0070442,5.7073693,0.66261744
ISIC_0070446,4.0522857,4.1125717
ISIC_0070447,2.6150064,2.3105798
ISIC_0070454,1.6674259,3.0310388
ISIC_0070465,6.12254,0.03837208
ISIC_0070477,6.5811014,0.77850306
ISIC_0070480,3.6816223,1.3492559
ISIC_0070489,4.9312844,3.141074
ISIC_0070501,6.7195034,-1.4620296
ISIC_0070517,8.396907,-1.0378237
ISIC_0070520,2.113048,-0.49758577
ISIC_0070521,4.339989,3.6389513
ISIC_0070549,5.251603,0.82711446
ISIC_0070551,1.9641149,1.2149236
ISIC_0070553,4.5234213,0.0071984213
ISIC_0070566,6.6468163,0.8399098
ISIC_0070572,8.262091,-1.0696534
ISIC_0070578,6.7505713,-0.961448
ISIC_0070581,7.7740965,0.9880373
ISIC_0070585,4.0840487,0.8407703
ISIC_0070588,1.9098616,2.389083
ISIC_0070593,4.329311,-0.44548607
ISIC_0070595,6.431414,-0.43564525
ISIC_0070596,5.364066,5.1239166
ISIC_0070601,3.889362,0.019908443
ISIC_0070611,3.9015028,3.8082855
ISIC_0070614,2.7946696,3.0148363
ISIC_0070623,6.243258,2.2817938
ISIC_0070629,6.387108,-0.90222234
ISIC_0070653,7.9489512,1.6032599
ISIC_0070657,6.7794943,-0.992749
ISIC_0070658,7.4029627,0.2694155
ISIC_0070666,0.3895526,0.37025627
ISIC_0070689,3.8616748,2.120129
ISIC_0070702,5.986766,0.3835931
ISIC_0070709,4.8268476,3.1290097
ISIC_0070710,4.2513566,2.1822882
ISIC_0070711,5.3664513,-0.3388385
ISIC_0070724,6.6133804,0.6600348
ISIC_0070727,0.0675424,5.503383
ISIC_0070731,2.5818553,3.3333344
ISIC_0070743,7.3291492,-1.0048585
ISIC_0070745,5.5532575,1.0698646
ISIC_0070747,3.3478377,2.9279218
ISIC_0070752,1.0747578,-0.29346016
ISIC_0070756,1.6852107,2.8959892
ISIC_0070778,1.581179,2.3770273
ISIC_0070784,3.7080696,2.1378355
ISIC_0070794,3.4452927,2.0696805
ISIC_0070799,0.7985819,0.32632503
ISIC_0070801,4.3385687,3.3146164
ISIC_0070805,2.9322577,0.66211104
ISIC_0070809,5.2778816,2.1345663
ISIC_0070814,2.779772,-0.041324977
ISIC_0070815,7.713835,4.3402486
ISIC_0070816,0.12998301,5.5110016
ISIC_0070822,6.6797743,-0.09095455
ISIC_0070837,6.9155807,3.8046453
ISIC_0070842,6.6030087,-0.12116569
ISIC_0070846,4.9819574,4.6014404
ISIC_0070852,5.7701535,-0.6261326
ISIC_0070867,7.107022,-0.2576051
ISIC_0070871,1.7870517,1.6521554
ISIC_0070886,3.6460123,0.66701216
ISIC_0070888,4.637578,3.3532703
ISIC_0070910,6.9172297,1.6282437
ISIC_0070913,6.850606,-0.70034873
ISIC_0070916,7.8613753,0.9883256
ISIC_0070920,7.9520025,0.64235926
ISIC_0070927,7.344901,0.11302252
ISIC_0070938,3.8507392,4.3066654
ISIC_0070940,4.6367064,4.441827
ISIC_0070959,6.802529,-1.2130376
ISIC_0070961,3.1011508,1.0271235
ISIC_0070973,4.806896,0.3695218
ISIC_0070974,7.4631867,-0.68191123
ISIC_0070976,4.7009845,-0.8094123
ISIC_0070984,4.8492513,3.6889913
ISIC_0070990,1.8793998,3.0784628
ISIC_0070992,3.3230345,0.3769475
ISIC_0070998,3.0228477,2.824352
ISIC_0071006,6.905772,0.54671603
ISIC_0071012,4.6739407,2.7002428
ISIC_0071017,3.431166,0.10729105
ISIC_0071035,4.127348,4.9858217
ISIC_0071043,6.5151258,2.1590278
ISIC_0071045,4.1887364,2.4936056
ISIC_0071047,3.4339337,2.6947625
ISIC_0071048,4.9634466,2.6595793
ISIC_0071067,4.825706,-1.2124928
ISIC_0071069,1.8792368,3.4336078
ISIC_0071074,4.3002295,2.2217515
ISIC_0071089,3.2562063,4.5368023
ISIC_0071095,4.03131,4.481985
ISIC_0071101,6.401947,4.8005457
ISIC_0071109,8.043483,3.7584887
ISIC_0071111,2.1004007,2.3679464
ISIC_0071119,1.5549216,3.125744
ISIC_0071122,3.512805,1.9241526
ISIC_0071124,3.7930987,1.3112571
ISIC_0071132,0.775939,1.4018329
ISIC_0071133,3.6657612,0.151632
ISIC_0071134,3.971397,1.3539519
ISIC_0071137,6.527487,0.3263673
ISIC_0071138,7.0460186,0.09620073
ISIC_0071142,8.083094,1.4631828
ISIC_0071169,8.542253,1.9184767
ISIC_0071176,4.0007854,-0.4910343
ISIC_0071178,5.9601464,-0.49888495
ISIC_0071180,0.4993055,0.68900687
ISIC_0071196,8.15181,0.12139163
ISIC_0071208,3.6751425,4.7120533
ISIC_0071215,0.19956398,5.366974
ISIC_0071218,6.9480343,1.0376438
ISIC_0071238,9.282422,1.6986645
ISIC_0071240,4.0608687,-0.11550782
ISIC_0071245,6.042825,0.020646064
ISIC_0071253,7.2179055,0.04792694
ISIC_0071257,0.0740481,1.1247782
ISIC_0071258,5.8394012,-0.22861558
ISIC_0071260,4.269312,0.7795129
ISIC_0071271,4.0451,0.9751203
ISIC_0071289,2.3179476,2.706654
ISIC_0071290,8.00481,0.7010001
ISIC_0071303,3.734204,2.6052048
ISIC_0071311,5.8796024,-1.1778462
ISIC_0071315,7.463373,-1.0636865
ISIC_0071335,8.743973,0.2988753
ISIC_0071342,4.465287,2.8333738
ISIC_0071346,6.908903,-0.6100818
ISIC_0071357,6.170406,2.713922
ISIC_0071361,6.3500714,3.4120364
ISIC_0071388,5.758915,2.155828
ISIC_0071392,6.748727,-0.8335281
ISIC_0071395,6.712987,-0.003943259
ISIC_0071401,4.3163614,4.2800283
ISIC_0071404,3.2872107,1.9663728
ISIC_0071420,8.851476,0.04594858
ISIC_0071430,0.43244442,0.25670436
ISIC_0071431,7.1422205,1.2616649
ISIC_0071443,3.634548,0.1694222
ISIC_0071458,0.65891373,1.7650877
ISIC_0071470,4.7506666,-1.1877598
ISIC_0071476,6.466436,-1.0732282
ISIC_0071478,-0.19190274,0.91517365
ISIC_0071528,3.4403334,2.4883428
ISIC_0071534,5.5859118,0.14352615
ISIC_0071550,6.8513556,-0.14385617
ISIC_0071558,3.1497927,2.3839302
ISIC_0071559,2.27381,0.041579973
ISIC_0071563,6.7498536,3.5009012
ISIC_0071568,2.0967188,3.6994176
ISIC_0071576,4.534696,3.5604086
ISIC_0071579,2.6409783,1.3383058
ISIC_0071580,3.9686513,3.786686
ISIC_0071583,6.3614225,1.2433467
ISIC_0071584,-0.32548302,0.19046462
ISIC_0071586,4.8195686,1.0748793
ISIC_0071592,5.050561,1.8548411
ISIC_0071594,4.997783,0.9119609
ISIC_0071596,2.7361393,0.32798132
ISIC_0071600,4.921236,3.216181
ISIC_0071628,6.665889,2.3032045
ISIC_0071632,4.7517242,-0.58383214
ISIC_0071648,8.368993,2.362704
ISIC_0071651,6.8594537,-0.3263232
ISIC_0071663,3.599388,0.9406593
ISIC_0071666,3.639878,-0.5276236
ISIC_0071668,3.4256372,0.21598814
ISIC_0071673,6.7209244,3.8477204
ISIC_0071678,3.9028807,4.026664
ISIC_0071702,1.6113459,2.6725812
ISIC_0071707,6.757743,0.8591961
ISIC_0071713,7.8993044,3.9946632
ISIC_0071717,2.5661101,3.6046515
ISIC_0071720,4.596513,2.9348154
ISIC_0071725,4.295918,2.680121
ISIC_0071726,4.2609487,4.0524817
ISIC_0071740,4.3298216,3.9902148
ISIC_0071765,7.8301477,4.3380876
ISIC_0071766,8.00983,1.5575659
ISIC_0071767,6.621174,3.8529902
ISIC_0071774,4.576079,3.1945934
ISIC_0071776,7.0247455,1.347923
ISIC_0071778,5.0091176,0.1038268
ISIC_0071782,8.116045,0.097376384
ISIC_0071783,0.35806626,1.1698853
ISIC_0071784,7.1452146,-0.14309064
ISIC_0071788,5.2255707,1.3970387
ISIC_0071797,6.8603063,3.6927173
ISIC_0071800,4.1468725,0.97314876
ISIC_0071806,3.6187694,2.2815487
ISIC_0071808,6.4255433,-1.3120247
ISIC_0071815,6.2496514,-0.11302628
ISIC_0071834,1.6344013,3.2580528
ISIC_0071857,6.5518026,0.0653859
ISIC_0071865,6.774039,-0.83807
ISIC_0071869,-0.22482787,4.3216076
ISIC_0071875,7.473765,2.347001
ISIC_0071891,5.0649447,2.7566836
ISIC_0071892,4.059255,1.8155231
ISIC_0071901,2.8359234,3.2717087
ISIC_0071904,3.4382694,1.7930642
ISIC_0071906,1.0729305,1.7474854
ISIC_0071916,3.7201679,3.416496
ISIC_0071926,5.2307997,-1.0585514
ISIC_0071931,4.7381415,2.014566
ISIC_0071936,4.340959,0.7400295
ISIC_0071939,4.3383465,0.80090886
ISIC_0071944,4.5175047,5.0906453
ISIC_0071950,3.8154325,4.5587096
ISIC_0071951,4.7090416,2.7321777
ISIC_0071957,5.2208567,-0.18978286
ISIC_0071970,3.228678,-0.025255129
ISIC_0071972,2.9991832,-0.21447875
ISIC_0071992,6.8566346,-0.56053126
ISIC_0071996,6.0824995,0.6228985
ISIC_0071997,8.1413355,-0.19219542
ISIC_0072001,3.1533015,0.39369133
ISIC_0072002,8.55891,1.9986564
ISIC_0072003,5.770794,0.6018083
ISIC_0072004,4.4813757,0.23546432
ISIC_0072006,0.3765086,3.1339211
ISIC_0072010,8.033187,0.8447948
ISIC_0072021,7.0980144,-1.1918136
ISIC_0072030,3.4409177,4.2844367
ISIC_0072032,1.695235,2.4809732
ISIC_0072041,6.410729,-0.9188124
ISIC_0072051,4.656029,3.738909
ISIC_0072061,4.2923775,4.798979
ISIC_0072063,-0.10269495,0.66026646
ISIC_0072065,3.3016908,-0.06918515
ISIC_0072069,6.433106,3.7390409
ISIC_0072077,5.15135,-0.71298844
ISIC_0072078,1.6228492,1.1691866
ISIC_0072087,6.0282288,1.6363598
ISIC_0072090,1.5732048,3.1174285
ISIC_0072099,9.207507,0.034912184
ISIC_0072101,6.652912,0.43896237
ISIC_0072103,1.5700555,2.8370662
ISIC_0072109,7.852356,4.244779
ISIC_0072111,6.5115733,2.5709567
ISIC_0072121,1.408992,2.6282685
ISIC_0072122,6.778295,-1.2117047
ISIC_0072126,3.138702,-0.07168491
ISIC_0072142,6.296809,-0.9680039
ISIC_0072151,7.015268,0.31044906
ISIC_0072154,4.094057,-0.05087871
ISIC_0072156,5.0329905,1.9068372
ISIC_0072157,4.0646167,0.7286486
ISIC_0072166,9.320085,1.718465
ISIC_0072173,1.2087835,2.915666
ISIC_0072174,1.2940019,3.1503723
ISIC_0072178,7.6609664,1.6269599
ISIC_0072182,0.6910705,1.0510678
ISIC_0072188,4.977102,-0.6471398
ISIC_0072195,4.3447986,0.8542382
ISIC_0072198,7.0377493,0.3031227
ISIC_0072215,4.1584835,4.815078
ISIC_0072218,7.4066224,0.37863508
ISIC_0072223,4.364144,5.2688584
ISIC_0072226,4.2721734,0.8847225
ISIC_0072230,5.6029735,0.51866287
ISIC_0072241,7.0372624,-0.7096514
ISIC_0072242,7.1422067,0.50781
ISIC_0072252,7.0104775,4.081887
ISIC_0072268,7.3430557,3.1550026
ISIC_0072271,3.482659,-0.6782262
ISIC_0072279,6.5532517,-1.1310695
ISIC_0072280,3.667964,-0.18557072
ISIC_0072286,1.3114601,3.2796926
ISIC_0072287,6.7964134,-0.68934935
ISIC_0072294,3.3702672,0.5469803
ISIC_0072297,5.3840857,-0.347455
ISIC_0072299,5.1216054,-0.5110931
ISIC_0072301,1.8496264,1.9100696
ISIC_0072315,3.0821164,4.842645
ISIC_0072330,0.47310272,0.9111247
ISIC_0072339,6.970313,-0.669123
ISIC_0072344,8.22286,2.255655
ISIC_0072348,3.3112855,2.4313009
ISIC_0072353,6.6814384,3.738551
ISIC_0072354,6.1509833,0.36113897
ISIC_0072358,8.113831,0.04688966
ISIC_0072360,8.324053,2.1849422
ISIC_0072363,7.8330173,1.1870017
ISIC_0072369,5.6105294,2.5185761
ISIC_0072371,3.653816,-0.2179841
ISIC_0072374,0.10346783,0.2379193
ISIC_0072375,-0.2642683,0.1497558
ISIC_0072377,4.4579334,1.5592526
ISIC_0072380,1.7254496,3.024728
ISIC_0072396,3.6744177,0.47185856
ISIC_0072401,8.124686,2.2157962
ISIC_0072405,4.5737834,4.364253
ISIC_0072411,8.188772,-0.18230732
ISIC_0072415,4.3299465,4.5775294
ISIC_0072422,0.93022037,3.112861
ISIC_0072429,5.6769934,0.22020578
ISIC_0072437,4.9621205,3.443158
ISIC_0072439,0.9497708,2.2330492
ISIC_0072440,-0.57503986,1.4684825
ISIC_0072441,0.77531946,1.2992927
ISIC_0072473,6.1217937,1.2012666
ISIC_0072482,7.0232778,-1.391313
ISIC_0072494,7.434235,-0.59852946
ISIC_0072495,7.231966,-1.4344664
ISIC_0072507,3.1693158,2.3054907
ISIC_0072508,4.690144,0.85605335
ISIC_0072516,8.493356,1.3479774
ISIC_0072522,4.652082,-0.45127198
ISIC_0072523,3.8464053,2.0886326
ISIC_0072531,6.307047,1.7423345
ISIC_0072534,9.1627865,-0.10809342
ISIC_0072535,2.4095583,1.7212751
ISIC_0072538,3.4369779,1.5338867
ISIC_0072557,5.211654,4.349555
ISIC_0072559,2.9606478,2.7378943
ISIC_0072565,5.8711653,2.0317292
ISIC_0072568,6.5545273,0.54543406
ISIC_0072569,3.9896376,4.7746544
ISIC_0072574,6.356975,1.2359325
ISIC_0072585,5.3788886,-1.1849942
ISIC_0072586,6.3542895,-0.3226027
ISIC_0072594,7.2492228,-1.2493429
ISIC_0072595,4.199546,1.8287836
ISIC_0072612,9.155228,0.9388099
ISIC_0072619,6.989791,0.08802494
ISIC_0072624,3.583131,2.3930807
ISIC_0072626,6.9087963,-1.2591631
ISIC_0072631,2.8707623,-0.08682028
ISIC_0072641,4.357242,3.6962287
ISIC_0072642,5.208545,0.7929827
ISIC_0072653,4.5064654,5.116775
ISIC_0072689,8.371327,-1.0200486
ISIC_0072691,5.8050423,0.24523485
ISIC_0072694,0.5469247,0.08520098
ISIC_0072705,1.6069849,2.7792614
ISIC_0072713,4.543758,2.8290892
ISIC_0072714,6.32885,2.2403157
ISIC_0072730,0.50355935,0.54563755
ISIC_0072733,6.649713,1.6203529
ISIC_0072738,0.44124022,1.776602
ISIC_0072743,6.475154,0.28454795
ISIC_0072747,4.995192,2.8728414
ISIC_0072748,2.3390844,0.93103385
ISIC_0072753,8.061566,1.3260466
ISIC_0072755,5.713035,1.6183312
ISIC_0072758,6.4885435,-0.14759511
ISIC_0072763,8.419359,-1.034277
ISIC_0072768,6.6996303,1.4038142
ISIC_0072773,2.1431537,-0.8161245
ISIC_0072780,2.461999,3.2352066
ISIC_0072783,5.163149,1.3986665
ISIC_0072785,8.128273,-1.0687542
ISIC_0072793,5.1575193,-0.8348692
ISIC_0072799,7.047902,-1.4889688
ISIC_0072820,7.3429193,-1.3360487
ISIC_0072824,1.4242905,5.2013993
ISIC_0072827,1.8171809,3.8341522
ISIC_0072828,6.981216,0.73380613
ISIC_0072843,0.82410574,1.8753042
ISIC_0072844,6.210031,-0.9879541
ISIC_0072845,9.177711,1.7660246
ISIC_0072862,8.488596,0.7305486
ISIC_0072865,3.5845184,1.3508546
ISIC_0072872,7.2795687,0.45077074
ISIC_0072876,6.102415,-1.079005
ISIC_0072887,5.101787,-0.18118817
ISIC_0072889,5.784275,3.8263786
ISIC_0072896,8.251433,-1.4798299
ISIC_0072909,4.419652,5.336711
ISIC_0072917,2.085204,1.6939926
ISIC_0072923,6.2249627,2.4132967
ISIC_0072924,5.041731,0.83014154
ISIC_0072930,1.6601542,3.1741648
ISIC_0072939,2.921041,3.6289203
ISIC_0072961,3.0807762,4.7245646
ISIC_0072966,8.128017,0.07066985
ISIC_0072968,5.2425995,3.1698356
ISIC_0072976,2.2098143,2.9412906
ISIC_0072977,6.4223247,3.6092002
ISIC_0072983,1.2209327,2.8098657
ISIC_0072985,3.3481596,0.3229773
ISIC_0072990,4.947982,0.52418363
ISIC_0072991,0.35628247,0.6449019
ISIC_0073007,2.3376238,2.2606423
ISIC_0073016,6.5110974,3.421195
ISIC_0073018,5.1023035,4.348589
ISIC_0073038,8.0370035,-0.5199741
ISIC_0073044,4.361476,0.9995985
ISIC_0073054,3.4274938,4.311018
ISIC_0073065,4.4453764,-0.942108
ISIC_0073075,5.233953,-0.3575751
ISIC_0073078,7.562969,-1.1715264
ISIC_0073089,8.112458,0.9269095
ISIC_0073102,0.6577815,-0.6156374
ISIC_0073119,3.621151,-0.49593613
ISIC_0073124,6.1964383,0.20980382
ISIC_0073127,4.51316,4.733787
ISIC_0073134,7.516602,-0.83791333
ISIC_0073136,1.3430687,1.4721915
ISIC_0073143,5.4743595,0.60014147
ISIC_0073147,4.1328945,0.76920474
ISIC_0073156,6.5013924,-1.3823277
ISIC_0073173,8.538552,1.7611442
ISIC_0073190,6.9993114,-0.6766876
ISIC_0073191,6.353282,0.90290946
ISIC_0073194,5.1184764,-1.4729551
ISIC_0073203,1.060389,2.385958
ISIC_0073204,7.0507846,-0.17892523
ISIC_0073218,5.5354304,-0.53735673
ISIC_0073227,5.973106,1.3140774
ISIC_0073231,6.786787,-1.2274818
ISIC_0073237,1.3001585,0.012570533
ISIC_0073238,1.4676713,2.1369655
ISIC_0073241,5.6395965,2.9976797
ISIC_0073249,5.8822894,3.4252725
ISIC_0077281,7.5329814,2.7930787
ISIC_0080539,1.2664549,4.0218344
ISIC_0124902,1.2167422,1.3874034
ISIC_0133200,2.4244297,1.9379066
ISIC_0140502,7.0496626,2.9276984
ISIC_0149568,-2.028163,4.073456
ISIC_0151466,6.460037,0.4350026
ISIC_0168716,5.8280153,1.7828529
ISIC_0178428,-0.5976438,2.0593495
ISIC_0186998,1.522214,4.0009513
ISIC_0188432,1.4466599,3.6569324
ISIC_0202119,1.4805559,3.8603773
ISIC_0202238,5.060407,0.45753208
ISIC_0207268,-0.5211423,1.6664901
ISIC_0220438,0.88117063,3.8690162
ISIC_0232101,-2.6370347,3.6761892
ISIC_0245720,0.51680017,3.289059
ISIC_0247330,-0.53536636,1.6754924
ISIC_0250839,-2.0690246,4.1231427
ISIC_0255566,-2.5411701,4.6249404
ISIC_0261253,2.0715678,4.1086073
ISIC_0269622,8.97343,3.1971054
ISIC_0272509,-2.3653283,4.2036786
ISIC_0273046,-1.7754707,1.8895012
ISIC_0274382,-1.5875845,1.4925753
ISIC_0274411,-0.89550245,3.5752175
ISIC_0280912,-2.2327394,4.946593
ISIC_0286360,-2.1774507,4.7244897
ISIC_0287325,1.3397355,3.7751353
ISIC_0292899,-0.1503214,2.4234316
ISIC_0294150,2.4758875,2.2068286
ISIC_0308880,6.480863,3.5672252
ISIC_0320008,0.5827369,0.35914168
ISIC_0323009,8.833342,3.1544194
ISIC_0327070,6.589981,2.9779544
ISIC_0327406,-0.82952285,0.32108247
ISIC_0333091,-3.2211213,4.566252
ISIC_0337631,-3.3921862,5.1815486
ISIC_0346815,1.8227601,3.973653
ISIC_0351666,-1.9472008,4.296106
ISIC_0353247,1.7195929,4.007885
ISIC_0369831,-2.1806436,1.8874147
ISIC_0375034,0.24652582,4.0260863
ISIC_0393283,6.697944,2.9512553
ISIC_0404417,7.1660275,0.41101012
ISIC_0429825,1.3314987,3.80491
ISIC_0450792,0.9070219,3.1391134
ISIC_0450997,8.76295,3.251262
ISIC_0456176,-2.2660563,5.4547153
ISIC_0457344,0.048376344,1.6034355
ISIC_0467617,-1.8926295,3.8436017
ISIC_0470699,-2.2704685,5.3434052
ISIC_0472123,5.5707297,3.552147
ISIC_0474387,7.108966,3.1888928
ISIC_0481105,-0.11708506,2.7466714
ISIC_0489267,-1.0075725,3.7222316
ISIC_0501108,5.810886,1.921096
ISIC_0502582,3.7880714,3.205475
ISIC_0504165,-1.8542906,4.4502554
ISIC_0508777,7.997117,2.903882
ISIC_0528044,-1.2164946,6.9270825
ISIC_0533122,0.4032991,4.1705685
ISIC_0542765,7.1721673,3.506018
ISIC_0553265,2.3031874,3.046753
ISIC_0558060,-0.91764903,4.5916033
ISIC_0559335,-2.2224617,4.511195
ISIC_0572205,-1.1043248,1.1187257
ISIC_0585534,1.0191245,4.4944434
ISIC_0587728,-1.9543711,4.904125
ISIC_0588352,-2.8068013,5.73424
ISIC_0598073,1.2114875,1.1096349
ISIC_0599463,6.0103784,2.0507956
ISIC_0599605,-0.6955785,4.3193536
ISIC_0602633,-2.399108,4.840974
ISIC_0606244,-0.83387756,1.7828975
ISIC_0616448,-1.2757399,6.9956193
ISIC_0624498,-1.1847028,0.9490814
ISIC_0638700,0.69866127,2.0869532
ISIC_0639769,-2.837049,4.9284716
ISIC_0645454,0.029871836,2.146634
ISIC_0647224,1.736243,0.2075859
ISIC_0648545,4.5222425,4.0233316
ISIC_0651228,0.8716201,-0.64649767
ISIC_0662000,-0.43668506,1.3424073
ISIC_0662485,9.051275,3.2304351
ISIC_0681019,-0.69994855,1.4982121
ISIC_0699088,2.3556123,4.002888
ISIC_0703440,-2.3481827,4.4125853
ISIC_0705477,-0.48345873,3.2481763
ISIC_0715696,7.450529,3.4165394
ISIC_0722605,8.122619,3.3427932
ISIC_0744013,-1.2438495,3.9325721
ISIC_0750046,8.286869,2.5713863
ISIC_0758444,8.811377,3.68131
ISIC_0779920,-1.1365082,6.866311
ISIC_0789191,0.02105783,0.13486055
ISIC_0799972,2.929368,3.9099045
ISIC_0823269,0.0804985,3.497756
ISIC_0831898,0.9051608,0.5640269
ISIC_0833889,-1.402426,0.9528976
ISIC_0844312,-3.3523672,4.302947
ISIC_0851414,-0.10496586,1.8842951
ISIC_0852832,6.099129,4.810801
ISIC_0855174,-0.16167548,4.474687
ISIC_0862745,0.5295748,3.5649867
ISIC_0873174,-0.7153568,0.60090107
ISIC_0903411,0.62547934,3.48164
ISIC_0911264,-0.18852237,0.05084343
ISIC_0914168,-1.2763585,1.4059916
ISIC_0915404,-1.0955263,0.7455534
ISIC_0924427,6.649362,3.3286035
ISIC_0929180,7.365643,1.7164713
ISIC_0946787,1.9532721,0.45045874
ISIC_0952472,3.066369,4.7003694
ISIC_0953317,-0.41100684,3.9271638
ISIC_0959325,0.45923814,2.6402802
ISIC_0961235,-0.4264877,-0.13490224
ISIC_0961778,-1.5351174,7.146841
ISIC_0962121,1.9790189,4.012916
ISIC_0969723,-2.375727,4.8546643
ISIC_0981639,-1.1899072,0.8446843
ISIC_0984817,3.9132,3.8537748
ISIC_0990298,-0.20666212,4.576707
ISIC_1000616,3.1494246,1.2386833
ISIC_1009042,-0.55183834,2.3623972
ISIC_1012044,6.6150465,2.9370747
ISIC_1023256,-2.2027326,4.6353245
ISIC_1037315,1.168955,3.6161253
ISIC_1040820,0.2425326,4.3970437
ISIC_1047011,3.454678,4.033856
ISIC_1056436,7.42761,2.7626681
ISIC_1068686,0.13423786,3.8244843
ISIC_1071355,0.002619716,3.8229306
ISIC_1077735,6.731513,2.7477183
ISIC_1091442,4.2514205,5.2620654
ISIC_1099075,1.0170064,3.5670526
ISIC_1110583,-1.5069021,7.1929016
ISIC_1110743,8.869315,3.1262865
ISIC_1116303,1.3268888,1.9031124
ISIC_1116483,1.0640489,3.8298178
ISIC_1121888,4.229395,2.0910435
ISIC_1124434,0.7473525,3.6589344
ISIC_1126401,2.556047,0.67065376
ISIC_1132496,-0.870627,3.5285275
ISIC_1157032,-3.1483562,4.0110292
ISIC_1166740,0.623333,2.9623282
ISIC_1177153,-3.2875445,5.2821536
ISIC_1177505,0.81479967,3.4154255
ISIC_1192769,8.110123,3.3669121
ISIC_1201025,0.34624416,-0.5041021
ISIC_1203272,-1.5457582,7.1090426
ISIC_1210011,-0.6140695,4.3782125
ISIC_1231419,-1.1032268,0.67399293
ISIC_1234126,4.7248435,0.42560714
ISIC_1235469,7.044287,3.0379732
ISIC_1241817,0.31497368,4.0428247
ISIC_1247683,1.9518151,1.5251496
ISIC_1254469,-0.18702301,2.1164384
ISIC_1255336,-3.2122834,4.9877214
ISIC_1262790,6.3868675,1.152965
ISIC_1264034,1.1947542,0.7831569
ISIC_1269448,-1.8368815,1.6605834
ISIC_1271507,8.762892,3.4075708
ISIC_1297252,6.916572,2.9644568
ISIC_1301476,0.3367854,1.4092892
ISIC_1320438,6.630125,2.943614
ISIC_1330008,-0.35105616,-0.13456778
ISIC_1330381,2.1577604,0.5364078
ISIC_1338061,2.0293145,3.8217757
ISIC_1343302,1.7069734,3.7577262
ISIC_1356715,1.9582841,0.18195574
ISIC_1372928,0.784171,3.2759514
ISIC_1388552,-1.466922,7.136445
ISIC_1389226,8.860822,3.6021008
ISIC_1398333,-1.3975766,2.0913644
ISIC_1400695,4.5822105,4.0731564
ISIC_1412843,1.6009578,-0.16245681
ISIC_1423737,0.9437538,3.1789923
ISIC_1427295,6.734784,2.784747
ISIC_1427578,-2.337933,4.5685186
ISIC_1440160,8.83265,0.47630176
ISIC_1449628,7.8955164,2.2421975
ISIC_1452632,-0.5370036,1.3220009
ISIC_1454751,2.9758217,1.3461344
ISIC_1460169,-0.03012923,3.5118444
ISIC_1460932,-0.23251441,-0.18202534
ISIC_1473522,-0.9488047,0.89621264
ISIC_1483720,7.1969614,4.0927734
ISIC_1484659,-0.4475176,2.2384245
ISIC_1486861,-1.4678065,1.0032848
ISIC_1490894,0.60907066,-0.56169915
ISIC_1558504,0.73913944,3.3771825
ISIC_1560324,-1.763271,5.385557
ISIC_1564663,-0.81915826,3.3395617
ISIC_1566428,-2.4094503,5.599838
ISIC_1569119,-2.5029044,2.1120162
ISIC_1578878,0.99776703,4.4913707
ISIC_1589997,0.60147214,3.343636
ISIC_1601532,2.6764174,4.192467
ISIC_1605629,-1.8740247,4.636167
ISIC_1605945,0.76974064,3.0539925
ISIC_1616031,-1.829013,4.241672
ISIC_1620401,-0.7191755,2.0814438
ISIC_1627619,-2.2476249,4.7409735
ISIC_1630301,-2.643647,4.929351
ISIC_1633321,-0.8853433,3.293382
ISIC_1635231,0.57948846,-0.0075917044
ISIC_1642069,1.0553501,1.6159592
ISIC_1654342,-2.2764564,4.825717
ISIC_1658397,6.3925433,2.6071842
ISIC_1670692,-1.3937001,5.445821
ISIC_1675975,-0.34296682,1.1834891
ISIC_1684127,-1.5491076,5.461935
ISIC_1685962,-0.53362226,4.096836
ISIC_1693572,0.68014634,3.1124187
ISIC_1694285,-1.9403931,4.6714897
ISIC_1694817,-0.843188,3.1934443
ISIC_1698942,-0.80302477,4.525801
ISIC_1699688,-0.21713442,4.5685787
ISIC_1701883,8.239527,2.9626105
ISIC_1706912,-1.1505617,3.8352425
ISIC_1728564,1.9133883,1.4045483
ISIC_1729223,-0.5597047,1.1516095
ISIC_1729396,0.89166987,2.6602466
ISIC_1733178,-1.1132197,1.1543558
ISIC_1752943,-2.4117122,5.766222
ISIC_1753011,7.980553,2.9800453
ISIC_1764844,7.9137025,2.4347394
ISIC_1776777,1.8385206,4.108266
ISIC_1778959,3.8453972,1.3230331
ISIC_1785627,-2.4311404,4.6011
ISIC_1791643,6.466698,2.0099478
ISIC_1810807,3.2051604,0.46024817
ISIC_1813577,7.234324,2.8558486
ISIC_1814941,1.6173198,4.4381633
ISIC_1816965,7.3963475,2.6819909
ISIC_1818238,-0.6135686,4.195492
ISIC_1822107,7.7218857,-0.16801472
ISIC_1822797,-1.0353917,0.86324126
ISIC_1850674,-0.22316329,3.6963694
ISIC_1866770,-1.8012636,1.7029939
ISIC_1870415,-2.307572,5.388383
ISIC_1876217,7.9696164,3.2913167
ISIC_1881133,-2.081836,5.500206
ISIC_1908890,7.2999187,2.6223896
ISIC_1909053,0.4414004,-0.12633586
ISIC_1910468,5.5799894,0.3641529
ISIC_1916169,2.7309954,2.980238
ISIC_1930795,0.5211045,0.6386989
ISIC_1935227,4.2500534,0.88643295
ISIC_1939413,0.780253,4.3067794
ISIC_1948545,-0.66172415,4.2930293
ISIC_1956504,-2.702827,5.278904
ISIC_1959939,3.0397017,4.517876
ISIC_1968416,7.0718384,2.7996254
ISIC_1968421,-1.1751026,1.0586808
ISIC_1970988,0.6986217,0.70067126
ISIC_1975042,-0.6132533,0.37745816
ISIC_1977937,8.88579,3.1373446
ISIC_1994166,1.3567227,1.0808895
ISIC_2000766,7.4040875,2.7144227
ISIC_2003991,1.5706104,3.8716455
ISIC_2010889,2.021924,4.0962944
ISIC_2033237,-2.1540785,1.7391152
ISIC_2068188,7.1769066,2.4595823
ISIC_2070728,7.2952814,2.646303
ISIC_2071966,-0.5643196,1.2776055
ISIC_2072219,-3.3170512,4.798472
ISIC_2076526,-1.0091466,1.6083229
ISIC_2077116,2.5678089,-0.5850891
ISIC_2079571,1.2301687,-0.2887609
ISIC_2097603,8.896837,3.1261206
ISIC_2098553,-0.040299624,3.313446
ISIC_2101624,0.3376074,2.825485
ISIC_2105563,-3.1590652,4.8243604
ISIC_2108849,-1.7525619,4.3805084
ISIC_2126660,-1.4101651,1.0700294
ISIC_2128061,-0.07457509,2.0928655
ISIC_2135474,-0.22023018,-0.42948335
ISIC_2141237,-2.0065076,1.6536341
ISIC_2144690,0.883889,3.8878083
ISIC_2149878,0.09776982,2.1331367
ISIC_2153041,5.872389,0.62874585
ISIC_2153401,-2.0562317,4.587924
ISIC_2153686,-2.905035,4.643154
ISIC_2170268,-1.14151,6.875764
ISIC_2176112,0.11155485,2.508473
ISIC_2177103,6.743245,2.8252888
ISIC_2179705,0.6018595,-0.42924953
ISIC_2185005,-0.01682672,2.292253
ISIC_2190396,-1.7492744,5.148424
ISIC_2196575,4.8015585,4.1434026
ISIC_2198823,1.9055067,3.9787364
ISIC_2200197,-1.4630089,5.3831186
ISIC_2204976,4.422819,-0.2542138
ISIC_2211948,0.7575286,0.013645001
ISIC_2212637,8.271258,2.977788
ISIC_2220505,1.9668251,2.1225088
ISIC_2222084,4.088579,3.0941625
ISIC_2226191,-1.6362758,5.4084296
ISIC_2230091,-3.2608922,4.8776126
ISIC_2232442,0.94231033,1.0060065
ISIC_2243107,-1.3534054,2.349815
ISIC_2243756,0.815408,3.9723577
ISIC_2255411,-0.8034616,1.040164
ISIC_2267440,2.1622028,1.2993901
ISIC_2268341,-1.7161363,5.670738
ISIC_2272218,-2.104196,3.8300576
ISIC_2277714,0.071263514,-0.017074177
ISIC_2286443,8.889651,3.1839368
ISIC_2305541,2.5572526,0.7825043
ISIC_2309271,8.978989,3.5581791
ISIC_2310935,1.1578277,3.0700648
ISIC_2318474,4.0265145,-0.1889145
ISIC_2320481,-2.0348043,1.731892
ISIC_2337531,0.9738888,2.4044418
ISIC_2339295,6.933606,2.809611
ISIC_2339761,7.5078897,3.272729
ISIC_2340958,8.446012,3.5830352
ISIC_2341309,-0.17645925,2.5191581
ISIC_2342769,-2.7126353,4.8517833
ISIC_2351999,-2.124034,5.1908817
ISIC_2362051,3.2796993,3.9185393
ISIC_2364150,-0.96306515,4.0207777
ISIC_2367098,2.8262036,0.68804723
ISIC_2368188,1.1661811,2.5207138
ISIC_2368449,1.295663,3.2970827
ISIC_2377844,-1.5678988,1.4005415
ISIC_2406492,1.59795,-0.10915341
ISIC_2412113,-2.359339,5.711001
ISIC_2421565,7.954785,1.9035239
ISIC_2425757,6.692436,2.526605
ISIC_2427899,6.137215,1.364252
ISIC_2433965,0.051044643,2.3198845
ISIC_2434588,-2.3225408,5.421883
ISIC_2437633,-0.3592597,1.7568302
ISIC_2438481,9.059063,0.025226545
ISIC_2447578,-0.21632126,1.9688627
ISIC_2448897,0.079191074,4.4308968
ISIC_2465799,2.2286153,1.5020183
ISIC_2468476,-1.5771776,7.0108376
ISIC_2481044,0.41357955,0.29547533
ISIC_2496140,1.5062356,-0.54992104
ISIC_2505335,3.8641493,4.167097
ISIC_2513018,0.102813385,4.5232353
ISIC_2525084,-1.4031682,1.1970692
ISIC_2528358,-1.7876776,1.5792409
ISIC_2535541,0.36945644,3.8882878
ISIC_2556057,8.277979,1.9269949
ISIC_2558169,8.821319,3.5531485
ISIC_2560699,0.99383986,3.3902948
ISIC_2561898,-0.7638209,3.6502914
ISIC_2565206,-1.2744267,4.9601855
ISIC_2574924,3.0629928,1.3938375
ISIC_2577849,-2.1929328,4.3659086
ISIC_2594715,0.70126617,0.07033792
ISIC_2607827,-0.6097926,2.4934428
ISIC_2609984,-0.5299824,0.5146015
ISIC_2619021,2.8473938,3.244833
ISIC_2637608,-1.6324902,6.99024
ISIC_2646829,-2.059582,5.476175
ISIC_2663597,0.5096768,3.6657412
ISIC_2668481,-0.061212473,3.630203
ISIC_2685593,0.8703679,3.4022448
ISIC_2697083,-2.6981027,5.1290226
ISIC_2700320,-1.2593685,0.90296537
ISIC_2710427,0.9475086,1.0351989
ISIC_2717192,0.5997919,3.045304
ISIC_2720971,-1.2499156,1.3521694
ISIC_2724529,-0.91857135,0.9145483
ISIC_2742711,8.922932,3.1137993
ISIC_2750230,-0.89180833,3.425822
ISIC_2757332,-0.09219538,3.0580842
ISIC_2757355,-2.49904,5.6957474
ISIC_2757370,1.5211116,3.9642649
ISIC_2766590,-0.45706275,2.2399116
ISIC_2772824,-2.2448688,4.3761797
ISIC_2776906,-1.2624558,6.9022994
ISIC_2779036,-1.8378974,1.5886588
ISIC_2792717,-0.883853,3.6296268
ISIC_2793180,2.2535682,2.2112246
ISIC_2797353,-3.1083975,3.9836924
ISIC_2801005,1.9530351,0.17923433
ISIC_2814689,4.3323627,2.9763205
ISIC_2818959,1.4467499,3.986556
ISIC_2822718,1.8203957,2.5527868
ISIC_2823287,-2.602594,5.4531884
ISIC_2824922,-1.5370005,5.2040424
ISIC_2826181,7.9899774,3.1426857
ISIC_2837581,4.9148564,3.6834285
ISIC_2839742,-0.0020665622,3.4350622
ISIC_2841788,1.6556457,3.9482305
ISIC_2843665,0.8046853,2.4906418
ISIC_2844539,-0.992701,2.132407
ISIC_2850215,2.1227126,4.132438
ISIC_2857128,3.8802872,2.9714706
ISIC_2861132,1.8788579,3.9816208
ISIC_2863863,9.043139,3.1280496
ISIC_2867416,-0.95946175,3.1356
ISIC_2867998,1.9994706,2.2673073
ISIC_2871230,-2.0078895,4.7762647
ISIC_2879057,0.48730558,1.5293212
ISIC_2883463,-3.017342,4.929688
ISIC_2883756,-2.5493996,2.0899417
ISIC_2884038,0.34271783,3.3705802
ISIC_2884112,9.415292,0.35692018
ISIC_2900150,-1.4793241,7.156268
ISIC_2916754,0.47932774,1.5585431
ISIC_2937642,-1.5824854,7.0140905
ISIC_2957465,-0.15765387,2.1270132
ISIC_2957732,-0.576985,0.15436086
ISIC_2958480,7.4385967,2.7283702
ISIC_2966808,0.25018564,0.6774138
ISIC_2967024,-0.8492829,3.5413256
ISIC_2974214,-2.362024,4.285124
ISIC_2975580,-2.0524468,4.8725986
ISIC_2979177,0.8704816,4.4001737
ISIC_2979268,-0.019359387,1.3171246
ISIC_2979795,8.988215,3.5048594
ISIC_2987613,0.17253928,0.7420783
ISIC_3016243,-2.244037,4.9932423
ISIC_3023646,-2.7669065,5.0450296
ISIC_3025889,-2.6528962,5.220227
ISIC_3028754,-1.4261013,1.6688769
ISIC_3030394,3.0949407,0.9174979
ISIC_3033701,0.52676713,1.4994593
ISIC_3035927,8.167269,0.6623815
ISIC_3045480,1.7126331,0.16318008
ISIC_3045939,0.3907266,3.222173
ISIC_3046271,7.017494,3.003121
ISIC_3056854,0.24890475,3.9255822
ISIC_3065032,-1.8112332,4.315867
ISIC_3068885,-2.1804476,2.065238
ISIC_3077674,-0.15510389,3.3488278
ISIC_3084312,-1.7101852,1.8407632
ISIC_3094758,0.83964324,3.4605489
ISIC_3108597,7.14758,4.049206
ISIC_3110126,1.3453555,2.622881
ISIC_3137117,8.007738,1.5423374
ISIC_3143079,6.7872596,4.0010185
ISIC_3147084,0.5602026,3.2268906
ISIC_3159924,-1.4461867,1.2414882
ISIC_3162213,-1.0075222,3.4408433
ISIC_3174039,0.97668827,4.494955
ISIC_3176105,8.349823,2.9341218
ISIC_3192152,7.608786,0.79475456
ISIC_3197211,0.61950725,0.5266434
ISIC_3203344,-0.5477901,-0.2558713
ISIC_3204703,1.3201765,0.82507205
ISIC_3207651,-0.61168534,3.843649
ISIC_3235131,3.0129957,1.2451501
ISIC_3236033,2.8640249,0.40139207
ISIC_3241636,2.3448188,2.169281
ISIC_3244067,-0.46547255,0.72077423
ISIC_3248418,0.26312572,1.3664641
ISIC_3249814,8.454409,3.5538867
ISIC_3253484,0.47117355,4.505648
ISIC_3259871,0.89261985,2.3691032
ISIC_3265514,2.489674,1.797135
ISIC_3268800,-0.18309274,1.4118915
ISIC_3275875,-1.462058,7.123521
ISIC_3281565,6.204244,2.3296635
ISIC_3286186,1.2611104,2.0199594
ISIC_3301933,-2.4707737,3.6032934
ISIC_3320667,6.1402063,3.2687767
ISIC_3323866,-0.7462797,3.5803914
ISIC_3327928,1.8086008,1.464296
ISIC_3331737,0.6217765,3.4938889
ISIC_3335354,3.7373054,3.1813622
ISIC_3335904,-0.44520554,1.1750687
ISIC_3338629,6.401787,2.2734225
ISIC_3343475,-0.12973613,4.47353
ISIC_3352464,7.021142,2.0156374
ISIC_3381026,7.4372363,2.9109964
ISIC_3389695,0.13246912,2.159375
ISIC_3391427,-2.1486583,4.153657
ISIC_3399306,-2.0684247,5.69413
ISIC_3404294,0.21336778,2.2118134
ISIC_3408231,0.40530694,3.6755595
ISIC_3412012,-1.3326924,1.0101006
ISIC_3412801,3.037165,3.7137566
ISIC_3427218,4.154915,4.8585334
ISIC_3433909,-1.8024306,4.648212
ISIC_3435596,-2.2542422,5.6434007
ISIC_3436033,2.0491347,4.3667884
ISIC_3440239,8.811362,3.6121469
ISIC_3440759,-2.1162782,1.7918116
ISIC_3446357,-2.0076768,1.9584302
ISIC_3450017,-0.2294018,2.5965476
ISIC_3464344,-1.231284,5.800931
ISIC_3469595,-0.7854864,0.41347328
ISIC_3475660,-2.1625094,5.5129824
ISIC_3476246,7.868245,2.949707
ISIC_3478473,-0.075363375,3.883134
ISIC_3481499,0.620328,3.2881439
ISIC_3491406,3.075063,3.8061535
ISIC_3510420,0.5690252,3.0214472
ISIC_3511086,2.6042707,0.96250993
ISIC_3517311,-2.3574252,5.691455
ISIC_3522656,6.465256,2.0646322
ISIC_3535003,7.4971037,2.7383924
ISIC_3540915,6.650403,2.9778874
ISIC_3541529,7.200047,3.2380884
ISIC_3544253,8.827493,3.6054983
ISIC_3544463,8.397344,3.5267742
ISIC_3545006,7.185553,4.0743675
ISIC_3559219,6.6071653,3.0048075
ISIC_3561065,-3.2057292,4.970613
ISIC_3570575,-1.5062323,5.4725127
ISIC_3576876,-2.3237557,5.509662
ISIC_3578300,6.92184,2.60654
ISIC_3587674,2.0800693,2.1108909
ISIC_3590167,-1.0150535,0.9075506
ISIC_3598192,1.7812632,2.2910564
ISIC_3622555,-1.1084527,2.227111
ISIC_3635831,1.9341583,3.0372381
ISIC_3642019,2.1638484,3.1043315
ISIC_3665449,1.6857296,1.9873552
ISIC_3666865,-0.04228628,4.6083713
ISIC_3666967,4.0051804,-0.27335492
ISIC_3667052,2.438779,2.1454067
ISIC_3670069,1.751436,1.2145131
ISIC_3677029,6.8215704,2.8352358
ISIC_3689252,-1.6453909,6.97807
ISIC_3690890,1.7960646,4.189083
ISIC_3696488,-1.5774935,1.5347229
ISIC_3698441,2.268556,0.9345481
ISIC_3704603,1.8000882,1.2353534
ISIC_3719985,5.4697957,1.8090433
ISIC_3733653,1.370556,4.699399
ISIC_3736336,-1.4876639,7.0465493
ISIC_3738751,-2.321015,5.5649734
ISIC_3740014,3.9218576,4.4343815
ISIC_3750329,0.7452068,4.0869555
ISIC_3763984,-0.361502,2.6407633
ISIC_3773277,2.7308986,1.3329647
ISIC_3775417,0.44051266,-0.5214027
ISIC_3778192,-1.5868485,1.2219267
ISIC_3783659,-1.5347606,7.1267295
ISIC_3796317,7.8470526,3.037783
ISIC_3803651,-0.713036,1.0668012
ISIC_3807230,0.2958893,2.796726
ISIC_3817719,1.3741668,5.2253094
ISIC_3824206,1.3500221,0.005931698
ISIC_3842916,0.18059184,4.045335
ISIC_3880022,-0.703693,3.5902638
ISIC_3883863,-1.3788037,1.0495256
ISIC_3891136,-0.38027558,4.194545
ISIC_3895426,0.055759065,0.9339458
ISIC_3909039,-1.2234788,0.9030328
ISIC_3915890,-2.2908015,4.8749647
ISIC_3933164,-0.06450814,1.5642833
ISIC_3936223,-1.8880826,2.0676224
ISIC_3941123,1.1570588,4.7821503
ISIC_3944634,-0.50038576,2.293023
ISIC_3951937,9.006302,3.1538606
ISIC_3957660,0.66477334,-0.54119796
ISIC_3963183,-2.9858494,3.773149
ISIC_3965087,-1.9293406,1.7335542
ISIC_3969411,-2.6020093,2.0156174
ISIC_3976496,-1.5217993,7.1913447
ISIC_3979826,-1.799673,5.1272182
ISIC_3985031,-1.1801877,0.96634924
ISIC_3993924,0.9595415,4.110572
ISIC_3994385,6.5324507,2.8590245
ISIC_3996796,0.215429,1.6572554
ISIC_4000481,-0.39816466,4.120466
ISIC_4005082,9.020584,3.0269706
ISIC_4009870,-3.343113,4.5142727
ISIC_4027194,-1.6146922,3.7719624
ISIC_4048896,0.024471939,4.123257
ISIC_4064478,4.427138,4.07146
ISIC_4092287,7.6186986,3.0602283
ISIC_4097868,0.89228874,3.04963
ISIC_4117748,4.0486145,3.4034157
ISIC_4118006,-0.3691589,2.241462
ISIC_4119530,7.408336,2.7257276
ISIC_4120174,-3.0401843,2.9233282
ISIC_4122691,5.80398,1.1809926
ISIC_4152922,0.21881832,2.2837372
ISIC_4163686,-2.2732847,4.468302
ISIC_4168419,2.4458144,0.7250675
ISIC_4170698,-0.55015653,3.8531616
ISIC_4171657,8.588938,1.8554095
ISIC_4176718,7.736731,3.6912756
ISIC_4177450,6.241094,2.1270077
ISIC_4184681,4.244096,5.202507
ISIC_4207959,5.8935003,2.5530455
ISIC_4210924,6.326674,0.64091265
ISIC_4212047,6.0018163,1.8292519
ISIC_4212546,0.79573375,3.378171
ISIC_4221304,-1.5395772,7.1069236
ISIC_4223155,0.48798704,3.0207407
ISIC_4223497,0.66648865,4.2929945
ISIC_4229473,1.381871,3.635496
ISIC_4230049,3.9481785,4.2677884
ISIC_4235575,1.9419432,2.1070828
ISIC_4249493,-0.8666983,4.365759
ISIC_4258047,-1.3672762,4.6200743
ISIC_4266533,-2.2859373,4.3694158
ISIC_4276255,-1.5741779,1.2978985
ISIC_4277953,0.92100656,0.8247053
ISIC_4282399,0.59003776,2.9902883
ISIC_4301676,8.071889,2.8993514
ISIC_4301916,-1.0348598,1.047039
ISIC_4346693,-1.916759,2.2828572
ISIC_4347535,0.83201766,2.9804506
ISIC_4349272,1.910718,2.2512996
ISIC_4352505,6.785826,2.573224
ISIC_4359352,0.19222207,4.1177564
ISIC_4362713,-1.7415584,2.6323416
ISIC_4375866,0.21335985,1.7006664
ISIC_4377208,-2.2351637,5.1419573
ISIC_4378189,-1.9955561,5.711682
ISIC_4398011,-1.1081285,3.608238
ISIC_4404772,-2.0464125,4.7548194
ISIC_4407852,7.6019483,2.7475498
ISIC_4408559,-0.33032206,1.9360595
ISIC_4408961,0.5118715,1.2761772
ISIC_4411858,6.092271,1.1759012
ISIC_4412550,6.8568683,2.831633
ISIC_4425322,3.390373,0.3983057
ISIC_4425657,-2.0178697,4.858205
ISIC_4427247,3.9448311,4.4384713
ISIC_4439054,0.45790747,3.762815
ISIC_4461272,6.5492516,3.014456
ISIC_4464389,0.9939417,3.8059838
ISIC_4467312,0.0014801541,1.5795991
ISIC_4469476,-1.2665285,0.830947
ISIC_4482349,1.7439708,3.1531332
ISIC_4485467,2.5715878,1.055765
ISIC_4493482,-0.016078416,4.7081585
ISIC_4508878,-0.27818105,4.3761764
ISIC_4510530,1.059141,3.3682811
ISIC_4525317,-0.8024946,3.4918485
ISIC_4529513,8.984097,3.1530662
ISIC_4530856,8.102529,3.2685618
ISIC_4547332,-1.4247669,7.2113924
ISIC_4572891,7.177495,2.6058834
ISIC_4590186,1.7692946,0.42227542
ISIC_4597293,-2.6066887,5.4113917
ISIC_4615762,-0.27128884,0.7724517
ISIC_4619789,0.6378959,3.564924
ISIC_4619903,1.3591934,-0.16179055
ISIC_4633843,-0.107616216,2.6595447
ISIC_4643793,7.48802,3.1928966
ISIC_4647281,8.017112,3.375534
ISIC_4653503,0.2375359,2.03149
ISIC_4676270,0.2746531,3.2274244
ISIC_4688289,7.6106644,-0.4080722
ISIC_4691689,1.1972325,3.0453806
ISIC_4699695,0.8397015,3.6859756
ISIC_4703321,1.691413,-0.272011
ISIC_4719387,4.048747,0.29979277
ISIC_4730066,-0.7561401,1.7590271
ISIC_4733114,9.405934,0.38514858
ISIC_4746369,4.2100925,4.657251
ISIC_4750271,0.5538954,2.9250267
ISIC_4775986,7.2763915,4.0578218
ISIC_4780727,5.4951034,1.868356
ISIC_4781223,-0.12463272,4.7015486
ISIC_4810142,-2.2488482,4.1340637
ISIC_4810227,4.0328946,-0.023584971
ISIC_4813568,1.0918204,3.586481
ISIC_4839117,7.016236,2.9227343
ISIC_4842587,0.73679566,3.0979698
ISIC_4851185,0.7619468,2.6813407
ISIC_4851366,-2.3777356,4.7273316
ISIC_4867646,4.5954404,0.65075946
ISIC_4868339,9.369946,0.36283472
ISIC_4874581,-0.17962717,3.737709
ISIC_4891117,7.38131,3.3560307
ISIC_4905375,-1.5443277,4.6753626
ISIC_4907655,9.404757,0.34934318
ISIC_4916704,0.580039,4.675579
ISIC_4936662,-0.58561736,1.9649322
ISIC_4938994,-2.1226723,4.5384283
ISIC_4953281,-0.069147445,2.3797998
ISIC_4957310,-0.17149949,1.8960211
ISIC_4960784,-1.2761463,7.068591
ISIC_4961146,0.36077383,3.6354797
ISIC_4967361,1.2639354,3.5679023
ISIC_4967564,-1.3695719,5.433871
ISIC_4967586,-1.829633,1.8035933
ISIC_4968384,-2.2460659,5.417722
ISIC_4969277,1.6864831,2.076535
ISIC_4975524,0.605986,3.5880601
ISIC_4980656,-0.22403516,1.8847604
ISIC_4981914,8.4917755,3.5282428
ISIC_4982046,-1.1413959,4.0018005
ISIC_4985027,0.029308189,2.164182
ISIC_5003828,6.972918,2.764823
ISIC_5010212,-0.7981942,3.3732488
ISIC_5015551,0.76701325,4.8890133
ISIC_5019119,0.80113304,0.5973156
ISIC_5021861,0.13009606,1.2201561
ISIC_5024302,6.05354,2.6239789
ISIC_5033005,6.913636,2.2521622
ISIC_5036772,3.424683,0.8161289
ISIC_5037784,-1.161684,0.9195157
ISIC_5044438,-0.88530123,1.2567121
ISIC_5044571,-1.6496726,5.5624986
ISIC_5045600,-1.3990436,1.1272147
ISIC_5046082,-1.378299,1.546418
ISIC_5082179,8.465019,3.5255656
ISIC_5084113,0.72311467,4.4055696
ISIC_5086349,0.43220592,3.3824558
ISIC_5086721,1.2711811,3.6006575
ISIC_5089962,2.0045989,1.0385565
ISIC_5091996,2.3092234,-0.64382744
ISIC_5095180,-1.4125699,7.194762
ISIC_5127249,7.042075,3.1333373
ISIC_5129659,0.9927981,0.66164255
ISIC_5137933,6.9620194,1.4551017
ISIC_5140952,-3.1085567,4.331046
ISIC_5144687,0.7293253,1.2515132
ISIC_5147292,-0.7765736,0.40499207
ISIC_5156491,0.9435381,3.466708
ISIC_5163263,6.598457,2.714714
ISIC_5167209,-1.1330426,2.846796
ISIC_5172576,-0.95975083,2.9720871
ISIC_5182952,0.34619656,1.7057469
ISIC_5191344,-0.7743873,0.29277968
ISIC_5216586,-2.664674,5.721146
ISIC_5224517,6.6196446,3.6947246
ISIC_5224960,-2.5006924,4.420729
ISIC_5247560,-1.7374675,5.6709347
ISIC_5253746,2.6778915,1.7563701
ISIC_5258657,-2.0124311,4.3027687
ISIC_5260050,0.5192579,5.134944
ISIC_5267208,-2.8407075,5.7636495
ISIC_5272223,2.0219314,3.534441
ISIC_5273210,8.019293,3.3075159
ISIC_5281117,8.790155,3.6588557
ISIC_5286801,0.55104935,2.606307
ISIC_5288393,0.8754557,3.447857
ISIC_5289849,4.5629106,4.2354317
ISIC_5292024,7.6608768,-0.47520834
ISIC_5296963,4.886931,-1.2364682
ISIC_5306850,-1.473465,7.241031
ISIC_5312996,2.6740382,-0.66912955
ISIC_5315062,1.193054,3.4236736
ISIC_5330187,-0.9734943,4.4210243
ISIC_5343231,0.36432984,3.1186101
ISIC_5350216,-0.18687291,1.9024621
ISIC_5352496,-0.98863834,2.0920453
ISIC_5356475,7.1957808,3.2005665
ISIC_5363974,0.41229346,1.4733437
ISIC_5367118,0.67367333,3.100461
ISIC_5369000,-2.3819115,4.583046
ISIC_5388184,0.9414983,3.6707802
ISIC_5391607,6.796376,2.8128726
ISIC_5391758,2.135238,0.31774193
ISIC_5395518,7.3943486,2.8253546
ISIC_5415749,0.9806626,3.2405927
ISIC_5415761,-0.482682,4.2752266
ISIC_5418441,8.796459,3.5698707
ISIC_5423259,2.6454954,-0.6676012
ISIC_5425721,-2.8862236,5.1600585
ISIC_5426249,-0.53477323,2.1241348
ISIC_5434661,2.117735,2.1322129
ISIC_5442968,1.1683961,1.3384943
ISIC_5449076,1.6299222,3.8540652
ISIC_5452980,0.9914638,1.4647548
ISIC_5461210,1.3593777,-0.4504921
ISIC_5461797,7.12964,3.0151825
ISIC_5481480,7.163624,2.5200534
ISIC_5495413,-0.7053869,0.90392303
ISIC_5505677,-2.044342,1.6354353
ISIC_5509679,1.82853,1.8146834
ISIC_5511054,2.8548853,1.0366123
ISIC_5527224,0.8361244,3.97442
ISIC_5531874,3.896099,1.1925719
ISIC_5533992,3.760827,3.1445212
ISIC_5534730,0.4102635,3.424405
ISIC_5539423,-1.3622148,6.678975
ISIC_5541499,-0.1911758,1.1900921
ISIC_5565758,-2.391128,4.2172246
ISIC_5573077,7.0789194,1.9100791
ISIC_5576354,-2.8140905,1.9077291
ISIC_5581297,-2.1316311,4.2305765
ISIC_5581931,0.61969924,3.9021218
ISIC_5582910,7.4316635,3.4151726
ISIC_5585090,-2.428943,4.129959
ISIC_5602826,-2.4156883,1.9904239
ISIC_5605645,0.6336218,4.059782
ISIC_5608178,0.09359127,1.8935913
ISIC_5610304,8.292317,3.3335276
ISIC_5612133,4.8802314,0.8758441
ISIC_5619562,7.1520715,4.085627
ISIC_5620802,-0.28047693,1.9562057
ISIC_5628874,2.375594,2.2871668
ISIC_5642824,-2.372382,5.5454144
ISIC_5646747,7.3770647,2.5859354
ISIC_5647607,6.139217,2.4075537
ISIC_5648033,2.3834295,1.5893325
ISIC_5658925,7.4923577,3.484956
ISIC_5664695,-0.19874088,2.634862
ISIC_5667461,-2.1698217,4.1908684
ISIC_5669463,8.269725,2.9260538
ISIC_5673518,-1.4399711,1.6343993
ISIC_5699993,6.75063,2.8539987
ISIC_5700648,6.510206,2.5686297
ISIC_5704967,8.344261,3.0758004
ISIC_5709512,8.096991,2.9583666
ISIC_5711232,-1.5288845,7.2377324
ISIC_5714835,2.3137774,2.131114
ISIC_5719436,-3.2233458,4.2044554
ISIC_5732201,-2.4619968,4.360573
ISIC_5744196,0.22074784,2.0631804
ISIC_5745126,2.2788084,2.1739242
ISIC_5747486,1.8510325,0.38669574
ISIC_5747942,0.2942612,2.5053828
ISIC_5752865,7.136498,0.1656886
ISIC_5762714,0.9571133,3.7806787
ISIC_5763228,1.0569515,-0.70248526
ISIC_5771780,4.3927183,4.203256
ISIC_5774484,-1.1697947,1.719983
ISIC_5776649,-1.3651592,4.984915
ISIC_5785135,1.8155773,2.1834552
ISIC_5791954,1.9899324,3.6483269
ISIC_5795436,-0.680768,3.656435
ISIC_5797062,-0.8530401,2.0155509
ISIC_5801650,4.895117,0.3446495
ISIC_5820693,-1.0408288,3.0251515
ISIC_5829938,-1.4794805,1.1132791
ISIC_5839875,8.558794,2.1871126
ISIC_5841971,-1.0556982,3.4857156
ISIC_5847821,-1.9032018,3.7693477
ISIC_5862918,7.996064,1.7153618
ISIC_5863574,1.6752583,0.4883178
ISIC_5864088,0.11477493,3.400864
ISIC_5867911,0.2357082,2.5556657
ISIC_5868291,-1.2207007,4.057614
ISIC_5889858,4.156457,3.4269211
ISIC_5892763,2.0326223,0.9005758
ISIC_5912360,1.74529,0.85754776
ISIC_5915244,0.095365725,2.4277704
ISIC_5920681,7.5660486,3.7424486
ISIC_5922588,-1.6256655,6.3946476
ISIC_5983500,-1.2748598,1.3185135
ISIC_5988562,7.1928835,2.8924687
ISIC_5994923,-0.66423494,0.13753809
ISIC_5998475,7.596592,3.7900546
ISIC_6004197,-0.35789996,3.858246
ISIC_6012573,6.833099,2.6759005
ISIC_6013467,7.080125,3.0356252
ISIC_6016537,0.8681419,4.6665087
ISIC_6024335,-1.2600037,6.8662395
ISIC_6034442,0.3289512,-0.10592456
ISIC_6038463,6.758373,2.7853634
ISIC_6044114,0.803235,2.08591
ISIC_6046943,1.6617985,0.28003561
ISIC_6048752,2.4676974,0.8645331
ISIC_6056121,0.348228,1.780349
ISIC_6059520,-1.7103375,5.5654936
ISIC_6066292,0.79068065,4.2773094
ISIC_6089318,-1.5073838,7.0820813
ISIC_6090497,8.301706,3.4971366
ISIC_6096565,0.71157765,3.0190752
ISIC_6099563,-0.1042372,3.9071758
ISIC_6099785,-1.4712986,7.1370554
ISIC_6110888,-2.262477,1.7038378
ISIC_6119202,1.5471631,3.9632294
ISIC_6124481,-0.8537556,1.6364455
ISIC_6125652,-2.1677363,1.9837116
ISIC_6126704,6.9668694,2.0253649
ISIC_6133338,6.582619,3.0204477
ISIC_6135643,-0.23699571,2.5724945
ISIC_6159600,1.1303924,4.0175443
ISIC_6172037,6.006948,0.37397638
ISIC_6184891,0.38236699,3.441248
ISIC_6190621,-0.70544326,2.3096719
ISIC_6193654,7.248242,3.2225034
ISIC_6210303,8.4298725,3.4882774
ISIC_6220625,-2.346486,4.3384333
ISIC_6228963,0.9177379,3.1189227
ISIC_6248008,0.22846538,2.764833
ISIC_6251753,-1.8004907,1.6735296
ISIC_6255113,-2.8383973,4.6872497
ISIC_6269166,-1.0976092,5.668702
ISIC_6269738,8.822667,3.4538782
ISIC_6275817,-1.3530133,7.015852
ISIC_6278273,-2.0815144,5.2412863
ISIC_6278558,-0.24295498,2.1043723
ISIC_6285925,-2.0677924,5.641007
ISIC_6288607,8.958015,3.171512
ISIC_6291375,5.475505,1.0763227
ISIC_6299036,1.8540523,4.121567
ISIC_6300866,1.4174306,2.2983222
ISIC_6307097,-2.302714,4.8639417
ISIC_6313487,-2.283594,4.911082
ISIC_6321476,0.135931,2.2793493
ISIC_6348638,-2.556381,3.8192346
ISIC_6352565,-1.6412703,3.572403
ISIC_6364782,4.760846,1.4827371
ISIC_6366417,-0.20211339,2.6182609
ISIC_6369740,-0.42192683,4.8869586
ISIC_6378347,-2.0091982,1.8427155
ISIC_6381819,7.9897566,3.8171172
ISIC_6392461,-2.5671263,5.7893
ISIC_6398283,0.90268975,4.35202
ISIC_6398669,0.07074174,2.160829
ISIC_6410570,4.7147107,4.2683163
ISIC_6410859,0.6873055,3.3365695
ISIC_6415722,-0.14057517,0.714473
ISIC_6427430,1.508675,3.9456046
ISIC_6428004,1.2492769,1.3380523
ISIC_6450034,-0.7890007,2.5706964
ISIC_6471282,2.7655432,0.37672982
ISIC_6496251,1.9045829,3.7472343
ISIC_6496370,2.6211884,4.336651
ISIC_6509682,-1.1969825,0.67043656
ISIC_6512653,-1.9566596,1.8519387
ISIC_6516710,-1.4749595,1.1250395
ISIC_6526489,-1.3002999,0.98253286
ISIC_6529350,8.986688,3.4907112
ISIC_6535558,0.0794154,-0.49426436
ISIC_6539127,-0.48098996,1.4027635
ISIC_6541615,-1.204511,3.4961882
ISIC_6549364,-1.2937886,2.9851315
ISIC_6550602,6.988422,4.0375185
ISIC_6555290,-1.7209125,4.4390717
ISIC_6556373,0.9428596,4.447319
ISIC_6561111,-0.03055361,3.479615
ISIC_6563304,4.2546587,0.3427391
ISIC_6578433,6.4455414,2.5441017
ISIC_6581411,-2.3503544,5.4895215
ISIC_6584579,-1.5822892,3.537543
ISIC_6586433,-1.6806178,6.926259
ISIC_6596926,0.96382606,2.2088344
ISIC_6603938,-0.4766812,0.8535499
ISIC_6618014,-1.4722204,7.142852
ISIC_6620377,1.6684998,0.04300483
ISIC_6620748,4.7905583,0.4985254
ISIC_6625102,-0.38671243,0.44648096
ISIC_6634951,-2.2693744,4.346779
ISIC_6635963,0.7283666,-0.44732562
ISIC_6646939,0.33227864,1.9211521
ISIC_6666090,8.010323,2.2658877
ISIC_6668093,-0.5264724,1.8102913
ISIC_6671773,1.7020644,1.4126997
ISIC_6674797,1.2697169,3.6423445
ISIC_6683697,0.14395861,2.2101405
ISIC_6688417,-0.12477825,2.0705676
ISIC_6689453,2.0148516,2.0881078
ISIC_6692344,-1.037764,0.6411942
ISIC_6695831,4.153941,4.6478605
ISIC_6707573,6.3345904,1.7110109
ISIC_6713432,-1.8810232,1.6543465
ISIC_6714082,3.379444,1.0407903
ISIC_6720909,0.076217204,3.7867384
ISIC_6736963,-0.5076098,2.0139496
ISIC_6747251,2.412694,1.6083584
ISIC_6752882,8.8003025,3.5740952
ISIC_6767569,5.3482285,3.255858
ISIC_6784593,-0.73738545,0.3155253
ISIC_6785680,-1.2985295,1.0265129
ISIC_6786198,-0.70162445,3.1139467
ISIC_6809586,-0.67044216,3.6790183
ISIC_6811237,-0.7658304,1.1157564
ISIC_6814727,0.44222814,2.7211695
ISIC_6819805,1.4845448,2.234331
ISIC_6833525,0.4346113,-0.3373226
ISIC_6841294,-1.277196,0.9871452
ISIC_6850912,6.0577874,0.48188573
ISIC_6851408,0.9721955,4.5845833
ISIC_6873657,0.84898686,5.2373476
ISIC_6875745,1.0686096,3.521957
ISIC_6881589,2.2519596,2.442483
ISIC_6892280,8.083369,2.876765
ISIC_6892286,-0.16219859,2.1595798
ISIC_6904082,-0.12789376,0.3201259
ISIC_6904950,2.4030204,4.058531
ISIC_6912369,7.748914,2.9630134
ISIC_6925729,-2.373578,4.982653
ISIC_6927840,0.5877522,4.0957546
ISIC_6931277,-0.9406276,2.5122716
ISIC_6931629,6.5771737,0.6165312
ISIC_6945634,-1.625052,6.995176
ISIC_6959281,-0.78852123,3.6610713
ISIC_6961503,-0.6175007,3.3942373
ISIC_6966001,-1.2452781,1.3448168
ISIC_6967412,-1.3616711,7.087381
ISIC_6971606,-2.0723858,4.601606
ISIC_6982386,-2.1399567,4.7796054
ISIC_6993040,3.899212,2.8583355
ISIC_7000719,3.7630908,3.6313317
ISIC_7003002,8.9964075,3.1258771
ISIC_7010159,-2.6501129,5.7977858
ISIC_7010755,-2.2122428,4.864918
ISIC_7035246,-2.013264,4.620375
ISIC_7045012,2.6259348,1.9838359
ISIC_7062201,7.520101,2.3692384
ISIC_7064511,-0.3436667,4.897828
ISIC_7070020,-2.5095704,1.9892052
ISIC_7074321,2.3066735,1.226786
ISIC_7075474,-1.2580233,1.7794275
ISIC_7075768,-1.9420396,1.583942
ISIC_7079349,-0.35302913,3.4942796
ISIC_7080469,0.7236574,2.3146615
ISIC_7081819,9.292413,0.3573533
ISIC_7084754,5.975076,3.7959998
ISIC_7085235,4.2561574,2.371046
ISIC_7092052,0.5374812,3.4008842
ISIC_7097931,0.64467245,3.5719552
ISIC_7098141,-1.2662464,0.9567741
ISIC_7100755,1.2379577,3.4025562
ISIC_7101732,0.97817177,0.32479244
ISIC_7110531,-0.17011793,2.5466607
ISIC_7130929,0.41425213,2.4937356
ISIC_7146293,-1.3793381,6.57
ISIC_7146494,6.67379,2.9530385
ISIC_7170025,1.6671702,1.565314
ISIC_7181296,-0.82258487,3.9475448
ISIC_7183212,0.0027535027,3.818789
ISIC_7190243,-0.9894947,0.67951626
ISIC_7195248,-1.6052217,5.32375
ISIC_7202197,-2.622904,5.6588855
ISIC_7205745,-2.4021964,4.2179613
ISIC_7218890,-1.2026654,1.3443557
ISIC_7235128,0.8494468,3.10553
ISIC_7239902,3.7318344,1.570194
ISIC_7253401,-2.237541,4.8620152
ISIC_7254359,0.33058482,3.547376
ISIC_7261174,-3.0630076,3.8072531
ISIC_7265673,-1.7021108,5.6780047
ISIC_7285359,8.76591,3.567967
ISIC_7287303,-1.1504637,1.3289242
ISIC_7293518,-1.6609342,4.313324
ISIC_7303630,1.7864153,1.147735
ISIC_7312977,-1.6965129,5.4721136
ISIC_7317366,6.9971356,2.681947
ISIC_7320371,-0.27367136,4.315742
ISIC_7321503,6.2206373,2.6017115
ISIC_7327423,-1.8873734,5.8062973
ISIC_7334939,2.8136256,2.2678564
ISIC_7338073,-1.3423573,7.251761
ISIC_7338502,1.8690152,2.0470605
ISIC_7346228,6.4567533,2.3092806
ISIC_7349440,-0.17626908,2.147917
ISIC_7352298,6.8995442,2.720135
ISIC_7353870,1.2451804,3.542321
ISIC_7356320,6.7205935,2.7246668
ISIC_7365059,0.044024352,2.1269948
ISIC_7371801,-2.3495758,1.8524256
ISIC_7372719,-1.9716614,5.110541
ISIC_7373164,2.4296036,3.5565996
ISIC_7376452,5.995313,3.8128877
ISIC_7399648,-0.32583973,4.13853
ISIC_7410175,-1.5631602,4.1256027
ISIC_7412327,1.3096722,3.909612
ISIC_7423595,7.447365,2.7582088
ISIC_7429994,2.869287,0.41252908
ISIC_7443971,2.6420817,-0.6338664
ISIC_7453676,5.0850544,2.041176
ISIC_7457700,-0.56971896,3.0445926
ISIC_7460887,2.7277582,1.3959012
ISIC_7462953,2.2459652,-0.071685106
ISIC_7465137,2.8126276,0.2805985
ISIC_7466678,-0.8882269,1.030498
ISIC_7472087,2.1572552,0.8295425
ISIC_7473000,6.64964,3.0053685
ISIC_7489564,-0.5068127,4.091865
ISIC_7490240,-0.25804147,-0.36255312
ISIC_7503950,-1.4400405,4.273668
ISIC_7520843,-1.7310771,5.597663
ISIC_7536704,1.6017658,1.1294174
ISIC_7541596,2.3033726,3.5649924
ISIC_7542458,6.5832176,2.9510872
ISIC_7545691,8.741723,3.5140793
ISIC_7545731,-0.96666896,2.7180612
ISIC_7546219,0.4476369,3.2821097
ISIC_7548342,2.3839173,0.66604173
ISIC_7554287,4.75113,4.230862
ISIC_7560933,-0.18858618,0.11650688
ISIC_7563950,6.66706,2.5069573
ISIC_7564517,8.826387,3.3656464
ISIC_7573463,-0.8217783,4.522679
ISIC_7577395,-0.74882925,1.9245982
ISIC_7594243,-1.6690748,7.032108
ISIC_7599710,7.720632,-0.6986657
ISIC_7612992,1.5085028,-0.11370762
ISIC_7614221,-1.996806,4.305447
ISIC_7626256,-1.3173128,6.965858
ISIC_7636412,-0.055314444,1.8638775
ISIC_7638974,2.278806,2.0706112
ISIC_7640631,1.3877933,0.6231877
ISIC_7643593,1.2951485,0.03253751
ISIC_7657322,-0.8218642,1.8085666
ISIC_7658729,0.22968806,2.1178408
ISIC_7660163,5.625499,1.0834529
ISIC_7662910,0.313167,3.9578424
ISIC_7666432,0.38538975,0.7629993
ISIC_7680948,-1.6534797,2.553214
ISIC_7682533,0.5452903,1.5787169
ISIC_7683106,0.41444215,0.7377727
ISIC_7693611,0.08911133,4.0236864
ISIC_7695263,2.2822306,2.289243
ISIC_7713609,4.64894,3.9833999
ISIC_7715671,3.793131,3.9209766
ISIC_7718206,2.8222454,1.3249369
ISIC_7724762,1.4590178,3.8836231
ISIC_7747712,1.895744,4.0551057
ISIC_7748311,-2.2763693,5.83827
ISIC_7755096,0.50587994,2.457392
ISIC_7759222,7.920139,3.2381694
ISIC_7763042,-2.0958607,2.941479
ISIC_7784876,2.8683288,1.5916461
ISIC_7785723,-2.9931073,3.965742
ISIC_7788318,5.1350226,0.22814575
ISIC_7800750,-2.3330014,5.6681395
ISIC_7808341,8.295494,2.2061293
ISIC_7808642,2.2375398,0.71540606
ISIC_7809510,0.17186467,4.916634
ISIC_7816675,-1.39957,1.0007048
ISIC_7824315,7.048941,2.6595376
ISIC_7839712,-0.55699277,0.59652907
ISIC_7844825,-1.5272789,1.3200514
ISIC_7851081,2.4317203,0.72643095
ISIC_7854404,6.299311,4.7260895
ISIC_7872595,-1.3517811,7.0187707
ISIC_7880400,3.5262792,2.4939983
ISIC_7889097,-0.6587614,0.93977344
ISIC_7890222,2.4699085,4.9774313
ISIC_7893518,2.4915056,2.2354946
ISIC_7897925,-0.81391776,0.4426311
ISIC_7898880,0.93063915,4.432968
ISIC_7899041,6.87975,2.664063
ISIC_7899387,7.5072217,3.411999
ISIC_7904829,-2.1574802,1.6858085
ISIC_7913874,4.262992,-0.3162216
ISIC_7914631,-1.1582197,0.6737057
ISIC_7922830,0.17230044,1.116636
ISIC_7927389,-1.5573457,7.1050444
ISIC_7927525,0.2992703,2.1307938
ISIC_7936755,0.5447355,3.6261437
ISIC_7939816,-2.9123719,4.476395
ISIC_7940557,-1.4599617,7.144754
ISIC_7942881,0.74054986,3.3175714
ISIC_7948290,-0.9619177,0.71263033
ISIC_7949783,-0.5746176,-0.009349222
ISIC_7952870,-0.5004902,3.0219805
ISIC_7960321,-0.5765855,2.4366965
ISIC_7960869,-1.3436741,1.3359286
ISIC_7961365,-0.87946516,0.86163336
ISIC_7966639,2.4750302,1.8401604
ISIC_7973598,-3.1235268,4.2494764
ISIC_7993345,0.20929493,0.52004015
ISIC_8002875,7.098176,3.3189874
ISIC_8006211,-1.0586607,6.9408293
ISIC_8008539,-0.29863653,4.239298
ISIC_8009536,2.6448855,3.6488824
ISIC_8011058,-2.0946138,4.504617
ISIC_8021816,7.5869293,2.5256412
ISIC_8026822,1.9067911,0.4819522
ISIC_8027280,-1.1280026,5.5337934
ISIC_8027899,2.1841667,0.9009491
ISIC_8040024,-1.1257925,0.72710115
ISIC_8040663,-1.469686,7.1475596
ISIC_8059429,-1.4352872,7.2068005
ISIC_8066110,-0.12510407,-0.45576954
ISIC_8071637,1.3113085,3.9418433
ISIC_8073555,0.3243727,3.731231
ISIC_8077139,7.949181,2.7827024
ISIC_8087949,0.35977602,3.1239247
ISIC_8106899,0.53958225,3.2468486
ISIC_8124900,-1.4699681,4.185274
ISIC_8138363,-0.9866425,3.0999703
ISIC_8145348,-0.35696307,4.1316624
ISIC_8157239,1.2140211,2.9170454
ISIC_8157654,0.28454158,3.2460256
ISIC_8167374,-1.8118838,4.1939645
ISIC_8172822,0.8645378,3.7678664
ISIC_8172964,1.7696848,2.3532398
ISIC_8173252,-1.5378019,7.117122
ISIC_8187734,6.7015796,2.584396
ISIC_8191057,1.7223015,4.0007067
ISIC_8194835,-0.84830344,3.1760337
ISIC_8204363,-0.608793,4.223589
ISIC_8207974,2.4664717,2.1812894
ISIC_8225781,8.083468,3.273325
ISIC_8230318,1.6364741,4.3616147
ISIC_8231999,0.61213326,3.1538754
ISIC_8238755,-2.4152524,4.491928
ISIC_8249854,-1.6214249,5.3206973
ISIC_8252406,0.52566594,0.43080726
ISIC_8253057,-1.5001591,7.0948358
ISIC_8256480,-0.58051044,1.8686694
ISIC_8263489,-2.5496445,5.7480536
ISIC_8278036,4.0341387,-0.28989935
ISIC_8278458,1.0046039,3.797539
ISIC_8278782,8.985718,3.1261346
ISIC_8281208,-3.2249982,5.170262
ISIC_8283552,-1.7492396,1.688437
ISIC_8293325,8.957427,3.0624797
ISIC_8308321,-0.06889031,2.2452652
ISIC_8325226,-3.3101888,4.834073
ISIC_8327076,4.4691806,-0.13280416
ISIC_8344285,0.21761346,3.421261
ISIC_8344345,0.38595647,4.022643
ISIC_8348262,-1.4162666,7.142301
ISIC_8350851,2.6631532,1.1565473
ISIC_8355446,-1.721912,3.5804882
ISIC_8362681,2.8416963,1.95401
ISIC_8372206,-2.3174436,5.873712
ISIC_8379956,0.603601,3.6240788
ISIC_8381531,0.17586607,4.095556
ISIC_8397285,-1.5078397,4.419901
ISIC_8400587,4.361682,1.0058967
ISIC_8416462,1.1544402,-0.24833658
ISIC_8417873,-0.36414957,4.439597
ISIC_8423180,8.339993,1.2910281
ISIC_8436194,0.55416155,2.7646508
ISIC_8437493,-0.40905222,4.755957
ISIC_8446478,7.4891133,3.3956769
ISIC_8470330,-2.2469976,5.136184
ISIC_8473293,6.7372913,-0.026981166
ISIC_8485716,1.5093268,-0.12657757
ISIC_8488027,1.164234,0.9593462
ISIC_8493108,-1.5049275,1.2307184
ISIC_8493254,4.185598,5.168577
ISIC_8497457,0.4777289,3.2924778
ISIC_8498489,8.350767,3.5840151
ISIC_8509219,3.4625413,4.080141
ISIC_8525826,1.8541822,0.8840915
ISIC_8527092,-0.281438,3.6712284
ISIC_8545949,-1.365172,1.2496719
ISIC_8554769,-0.21502347,4.06177
ISIC_8564474,-2.1020534,1.882986
ISIC_8566006,-0.087019876,1.6727704
ISIC_8592733,-1.3074092,6.8522625
ISIC_8593738,1.0737575,0.098034196
ISIC_8601570,1.210175,0.5512504
ISIC_8609756,-3.1668139,4.975683
ISIC_8615491,0.2783725,3.3814955
ISIC_8617277,-1.4450871,1.1390007
ISIC_8617353,1.1797832,2.586108
ISIC_8621568,-1.1647296,0.75396264
ISIC_8624049,-0.93341935,0.44096488
ISIC_8627581,2.80816,1.9556022
ISIC_8632904,-0.5798365,4.3139324
ISIC_8641097,-2.2982671,5.438731
ISIC_8647315,-1.2672604,4.974801
ISIC_8651648,2.9139462,0.38561025
ISIC_8653825,0.04588252,1.6036042
ISIC_8667960,2.184865,1.3164153
ISIC_8671119,0.92786855,3.770156
ISIC_8671596,2.5749416,1.3877531
ISIC_8672524,-3.253751,4.471206
ISIC_8673290,0.28313306,3.257081
ISIC_8677053,0.52916867,3.2109559
ISIC_8685453,1.7802995,-0.1211973
ISIC_8688192,7.438284,3.487499
ISIC_8692218,-0.36248702,2.6685886
ISIC_8702237,-1.1262352,0.80669254
ISIC_8708106,1.1949483,3.8821404
ISIC_8708918,-0.40537348,1.8430991
ISIC_8710108,0.8873972,4.042638
ISIC_8724412,8.844281,3.5850527
ISIC_8724944,-1.2139369,2.523482
ISIC_8732757,-1.1594074,0.815583
ISIC_8733345,1.9375919,3.7562647
ISIC_8737794,-1.4975611,5.4126935
ISIC_8738186,0.10362223,2.1189425
ISIC_8758404,-1.0183302,0.6698607
ISIC_8758983,2.8840199,0.37411574
ISIC_8766402,8.980515,3.18365
ISIC_8769047,-0.033669338,0.49136862
ISIC_8776516,9.411716,0.35228166
ISIC_8786983,4.1260233,1.2987233
ISIC_8789051,-0.2699999,3.480963
ISIC_8792684,0.90012544,-0.18743542
ISIC_8806986,-0.42035112,4.030302
ISIC_8821742,0.569492,3.1123533
ISIC_8823228,6.94991,3.0153313
ISIC_8838753,1.6770407,0.01898214
ISIC_8839128,-0.68778086,3.7611427
ISIC_8851514,8.055418,3.4099405
ISIC_8856365,1.329079,3.9257455
ISIC_8859274,0.69766927,4.023451
ISIC_8864678,6.997605,2.5864038
ISIC_8866651,-2.4883153,2.019024
ISIC_8868249,7.6512666,3.7141495
ISIC_8872158,1.1298525,3.664677
ISIC_8882374,-1.1340313,1.8463513
ISIC_8886139,-1.5050874,5.2141747
ISIC_8892236,1.4148903,-0.109703004
ISIC_8902296,0.57882786,-0.5164071
ISIC_8907232,0.3602807,3.4077756
ISIC_8907509,0.45903006,5.2807198
ISIC_8918247,1.8114331,0.92909306
ISIC_8922893,-0.95060885,0.5756942
ISIC_8943817,0.040384404,3.7997167
ISIC_8951909,-0.6398869,-0.006828267
ISIC_8961478,0.048821654,2.2705703
ISIC_8961614,2.911133,1.8184069
ISIC_8985109,-1.2008066,3.6276064
ISIC_8990534,-3.297872,5.041114
ISIC_8999351,0.116427965,2.11183
ISIC_9000234,-0.6268694,0.1481735
ISIC_9000824,-1.448061,1.5144746
ISIC_9001948,-0.94650704,0.61521477
ISIC_9006649,-0.9053442,3.527546
ISIC_9008372,8.792864,3.4159298
ISIC_9022005,-2.0188496,4.140235
ISIC_9029938,4.985748,4.323746
ISIC_9038318,-2.2733004,5.3156605
ISIC_9041525,-0.028538438,1.3544527
ISIC_9048507,-0.2202771,2.085669
ISIC_9051948,-1.5283576,6.9898705
ISIC_9052500,-2.0694346,5.1103325
ISIC_9053910,-0.63397735,1.4987293
ISIC_9092169,-1.4921765,7.158416
ISIC_9096150,6.5798516,3.0270846
ISIC_9101762,-2.1716719,4.312248
ISIC_9114248,-1.1695342,0.67273736
ISIC_9130035,5.8453484,2.1830373
ISIC_9130157,1.8710302,0.08413383
ISIC_9141788,0.9878691,-0.5020099
ISIC_9144329,7.632399,3.1717787
ISIC_9144852,8.88823,3.1923256
ISIC_9159477,5.564415,2.04014
ISIC_9164054,-1.3548849,7.027608
ISIC_9171793,1.5621958,0.97904944
ISIC_9174580,0.23756468,0.9133333
ISIC_9176427,-1.5485584,6.701865
ISIC_9179044,-0.37102154,1.2951669
ISIC_9179884,3.0847542,1.1194834
ISIC_9183084,-2.077147,4.3185377
ISIC_9187524,7.619748,2.8603451
ISIC_9193127,-1.3568257,0.9582039
ISIC_9199429,3.2182028,4.683279
ISIC_9210086,1.0360383,3.0337381
ISIC_9210255,-2.3465633,4.8514624
ISIC_9214649,0.92291963,3.8900888
ISIC_9219356,-0.19730009,1.939577
ISIC_9227283,0.7203018,1.5463269
ISIC_9233062,7.410803,3.5131133
ISIC_9235283,-1.940923,1.7732894
ISIC_9239978,1.1645588,2.1798453
ISIC_9254641,2.3971436,-0.39060426
ISIC_9266057,2.715832,2.307386
ISIC_9268487,-2.1214175,4.4559455
ISIC_9274936,0.5904671,3.7087698
ISIC_9286292,-1.1789201,2.22567
ISIC_9312164,-2.1397328,5.212588
ISIC_9315775,3.4406147,2.3242674
ISIC_9317339,8.045363,3.3679626
ISIC_9320992,-1.4128951,7.2279663
ISIC_9323485,4.191515,4.9447837
ISIC_9335652,0.9918468,3.982627
ISIC_9337100,6.3396564,3.4606175
ISIC_9345094,-1.0531164,0.7507753
ISIC_9353360,-3.343074,4.182018
ISIC_9367522,1.2724129,2.3944886
ISIC_9381298,6.654786,2.971924
ISIC_9399586,0.59516555,2.2763271
ISIC_9419633,9.015163,3.5522501
ISIC_9420311,1.9014482,0.76550907
ISIC_9429943,-2.05982,4.0552177
ISIC_9432086,4.320004,5.191576
ISIC_9434832,1.7487897,0.8134066
ISIC_9445977,2.3562374,1.4428165
ISIC_9456779,5.9374766,1.5383782
ISIC_9478088,-1.6434047,1.3512579
ISIC_9485124,6.7504396,2.8864965
ISIC_9495622,8.063901,3.0438726
ISIC_9505560,6.7010784,2.8672576
ISIC_9509757,-0.032675922,3.4243248
ISIC_9517555,7.34027,3.5824642
ISIC_9543045,-1.5233747,7.1633124
ISIC_9544832,-0.81402445,3.5879936
ISIC_9547725,-0.9886871,1.9473467
ISIC_9556334,0.12959193,4.64882
ISIC_9566132,8.088567,3.3422034
ISIC_9571842,-2.214809,4.6024456
ISIC_9572761,-0.6025471,4.107795
ISIC_9583969,-1.7422396,1.4549147
ISIC_9585033,8.389557,3.3288176
ISIC_9585329,-3.280601,4.6855044
ISIC_9593940,-1.5833644,7.0542474
ISIC_9596173,3.9842496,2.5553918
ISIC_9596721,-2.2332463,5.625058
ISIC_9599992,0.6718892,1.6621157
ISIC_9602954,7.2789383,1.2762218
ISIC_9626843,0.44119623,0.280622
ISIC_9630889,7.711891,0.8076434
ISIC_9641059,8.59039,1.7967551
ISIC_9662611,8.798934,3.7305672
ISIC_9668338,6.9560785,3.0384476
ISIC_9676644,-1.6627202,2.0684114
ISIC_9677008,-2.4842734,4.133532
ISIC_9677503,-0.5333945,2.0143886
ISIC_9677559,-0.010722645,2.0919232
ISIC_9678778,2.7662616,1.8226743
ISIC_9685931,-2.3974853,3.5833821
ISIC_9693456,0.6592456,2.4305105
ISIC_9724689,4.0858254,4.668664
ISIC_9728499,6.2569275,4.7815537
ISIC_9729042,-2.8614805,4.3375525
ISIC_9752088,-1.5994977,0.79442453
ISIC_9754098,-4.0241485,1.1152214
ISIC_9767305,8.629987,1.8934367
ISIC_9770677,-0.15373452,1.8943901
ISIC_9780632,0.029647594,2.2847304
ISIC_9785077,-1.2667501,0.93811256
ISIC_9786863,-0.91869056,1.6376365
ISIC_9800841,9.020937,3.2551777
ISIC_9809482,7.552923,-0.19819772
ISIC_9820266,0.8194841,-0.09651852
ISIC_9821002,-2.067428,3.819796
ISIC_9828846,-0.18536961,2.4225075
ISIC_9842532,8.418271,3.5611792
ISIC_9859873,1.9325703,4.1571302
ISIC_9863642,7.6427655,3.8034797
ISIC_9866460,2.4616292,2.002316
ISIC_9869190,6.247026,4.74225
ISIC_9870885,-1.3466214,3.5841863
ISIC_9875364,2.6454408,1.3779444
ISIC_9876533,4.3133473,2.887647
ISIC_9881460,1.6018815,3.941465
ISIC_9895318,4.978087,2.7662716
ISIC_9900191,-0.5513155,2.1289241
ISIC_9907020,8.146461,3.203349
ISIC_9908866,0.646979,0.51475906
ISIC_9910791,0.5458811,3.4580572
ISIC_9928278,-1.2535768,3.6165044
ISIC_9930189,-0.8926333,0.68586975
ISIC_9941666,-1.275294,2.89716
ISIC_9942350,-1.4710644,4.5854235
ISIC_9951988,7.3962984,2.806083
ISIC_9957368,0.85481805,3.7813308
ISIC_9963177,-1.7079834,1.4821472
ISIC_9967383,-0.65153104,2.5159464
ISIC_9978107,-2.2947152,5.316047
ISIC_9980216,-0.3826583,2.1449025
ISIC_9992492,1.3308923,0.46474287
ISIC_9998682,3.2454684,4.6391606
