isic_id,umap_x,umap_y
ISIC_0053456,1.9939265,-1.9723408
ISIC_0053469,-1.447129,-0.3396086
ISIC_0053470,0.33370522,2.0648167
ISIC_0053471,1.884527,0.96117055
ISIC_0053473,1.2247207,-1.1697156
ISIC_0053479,3.1150928,2.4001968
ISIC_0053485,-0.60560966,-1.7329898
ISIC_0053489,1.0575032,1.5904694
ISIC_0053491,0.6849115,-1.1638539
ISIC_0053492,1.8025751,-3.8481014
ISIC_0053495,-1.274219,-0.24599376
ISIC_0053503,-0.52941203,1.0569288
ISIC_0053507,-2.424576,-1.4222854
ISIC_0053508,3.336129,0.85524684
ISIC_0053509,3.1833353,2.1452122
ISIC_0053510,1.9892452,-2.015237
ISIC_0053512,4.003036,1.4190339
ISIC_0053513,-0.5980965,1.9289637
ISIC_0053518,2.3481486,-2.8481743
ISIC_0053520,1.1145545,2.654957
ISIC_0053525,-1.3704267,-0.9693869
ISIC_0053531,-1.9324358,0.885226
ISIC_0053533,-0.18205352,1.3387413
ISIC_0053541,2.608497,1.8426013
ISIC_0053542,2.6229792,-0.27244517
ISIC_0053545,-0.03614119,-1.8445323
ISIC_0053570,3.1386497,-2.294474
ISIC_0053578,1.2488563,-3.4681954
ISIC_0053582,1.7090238,-1.9732955
ISIC_0053589,1.2836921,-1.1926519
ISIC_0053594,3.4678614,0.9524223
ISIC_0053603,1.6177053,-3.0865755
ISIC_0053611,2.062027,-3.619677
ISIC_0053615,2.4939857,-1.5452724
ISIC_0053617,1.0653639,-1.9486374
ISIC_0053620,2.862037,-2.3297567
ISIC_0053632,0.20667057,2.0352643
ISIC_0053659,-2.0654469,0.11109216
ISIC_0053660,-1.6836612,1.1915311
ISIC_0053667,0.3381864,1.6571741
ISIC_0053674,-0.37192696,-2.6013863
ISIC_0053691,2.8198316,-2.4087102
ISIC_0053698,3.3872104,0.8922351
ISIC_0053699,3.5880773,1.6298583
ISIC_0053700,0.10584233,2.2708209
ISIC_0053723,3.9910913,1.489322
ISIC_0053725,-0.8824062,-1.9568039
ISIC_0053734,2.9762275,-0.54372954
ISIC_0053740,-0.113760605,2.4610307
ISIC_0053742,-0.3149842,-1.6949618
ISIC_0053743,3.0618958,-1.7496035
ISIC_0053751,-2.086422,0.20418166
ISIC_0053761,1.5960037,-0.9410839
ISIC_0053763,-0.447338,1.1242716
ISIC_0053765,1.4589857,-2.19629
ISIC_0053766,-0.5345159,0.68198055
ISIC_0053774,1.9696202,-1.8876204
ISIC_0053784,0.30416986,1.3544568
ISIC_0053787,-1.8392907,1.5309678
ISIC_0053790,0.59183276,1.4393063
ISIC_0053791,0.7514233,-0.6259623
ISIC_0053796,3.0448332,2.3042817
ISIC_0053801,-1.1030545,-1.9314593
ISIC_0053810,0.4473097,-2.6311324
ISIC_0053812,3.8977418,1.2221657
ISIC_0053814,2.5779333,-1.161045
ISIC_0053816,2.8519104,2.4157865
ISIC_0053823,-2.1366043,0.15242304
ISIC_0053824,2.8129559,-1.1500462
ISIC_0053827,-1.3220772,1.99514
ISIC_0053828,-1.8910432,1.6126947
ISIC_0053829,0.002569139,-2.139691
ISIC_0053839,-0.22253652,-1.1457118
ISIC_0053841,-1.5699792,1.8618472
ISIC_0053843,-0.16580394,-1.268779
ISIC_0053846,0.33710492,0.8536611
ISIC_0053853,1.188813,2.7890768
ISIC_0053891,-0.048667096,-2.0465736
ISIC_0053893,-2.4315915,-1.475761
ISIC_0053904,1.7234643,-0.30373695
ISIC_0053909,-0.5745952,-1.6713629
ISIC_0053912,-0.5015572,2.1263397
ISIC_0053916,2.0907948,0.24145849
ISIC_0053923,1.709882,-0.04052591
ISIC_0053925,-1.815402,-1.6305029
ISIC_0053933,3.3119035,0.82332635
ISIC_0053946,2.3903992,1.9406568
ISIC_0053960,-0.50741756,1.5951923
ISIC_0053969,1.4398433,0.59027016
ISIC_0053971,3.3133268,-0.39310762
ISIC_0053974,1.422601,0.63228196
ISIC_0053980,-1.2591181,1.2287704
ISIC_0053981,0.48143426,1.3240845
ISIC_0053996,0.97312194,-2.7188582
ISIC_0054006,0.17825548,-2.4324837
ISIC_0054015,1.9281569,-3.2291398
ISIC_0054025,-0.5054417,1.8843493
ISIC_0054032,-0.96537954,-2.072214
ISIC_0054038,-2.1849756,-1.1308987
ISIC_0054043,2.2781453,-3.3651586
ISIC_0054048,2.6264668,-1.8848834
ISIC_0054053,-1.3933405,-1.3889055
ISIC_0054059,2.0082288,-2.3793807
ISIC_0054061,2.3625336,-1.8199613
ISIC_0054062,0.82074076,2.8574474
ISIC_0054070,0.44002423,2.7812567
ISIC_0054073,0.5504487,-0.44717565
ISIC_0054078,0.63849556,-2.6409814
ISIC_0054079,-0.09729162,1.5146698
ISIC_0054080,2.1374242,-3.7499707
ISIC_0054082,2.2207794,1.5512047
ISIC_0054085,-0.4667126,-1.5105505
ISIC_0054090,-2.262629,0.8250784
ISIC_0054103,3.2928379,0.03512636
ISIC_0054106,3.4205863,0.7630237
ISIC_0054110,-0.63832337,2.4657667
ISIC_0054112,-1.7790558,1.3486538
ISIC_0054117,1.9444066,1.2668703
ISIC_0054123,3.069696,1.3622751
ISIC_0054141,3.1464024,2.417386
ISIC_0054151,3.7740552,1.0915952
ISIC_0054159,-0.13766922,1.1868727
ISIC_0054167,0.16184902,-2.8273122
ISIC_0054179,0.8430981,2.868618
ISIC_0054185,2.0327475,-2.965437
ISIC_0054188,-0.9775349,-2.3271463
ISIC_0054193,2.6424325,2.5101285
ISIC_0054198,-2.0849557,0.8399817
ISIC_0054205,-1.4698969,-1.0964538
ISIC_0054213,0.14782831,-0.6902023
ISIC_0054220,2.3552215,1.2755108
ISIC_0054222,2.8347275,-1.2437829
ISIC_0054226,0.07782421,1.8192757
ISIC_0054229,-1.6451789,0.18223494
ISIC_0054233,2.030525,1.6959944
ISIC_0054236,0.6000356,2.9410727
ISIC_0054239,1.2208455,-2.80261
ISIC_0054244,0.7832116,-3.2107198
ISIC_0054248,2.5845401,-3.2627313
ISIC_0054251,1.7865497,1.0008208
ISIC_0054254,-1.767893,1.4351628
ISIC_0054264,2.8496916,-0.9139589
ISIC_0054274,1.5085058,-0.9594494
ISIC_0054284,-1.4518943,2.1034067
ISIC_0054287,2.4349833,-0.2359765
ISIC_0054292,2.0795665,-3.757289
ISIC_0054296,1.9171907,-2.3665106
ISIC_0054312,2.110998,-3.7672217
ISIC_0054314,2.6507895,2.0624433
ISIC_0054317,0.9363957,0.3170114
ISIC_0054334,2.2821255,1.1570722
ISIC_0054337,0.25744453,-2.4858124
ISIC_0054351,-0.84761065,1.0706555
ISIC_0054355,1.774902,-0.5448447
ISIC_0054364,0.11550637,1.1749144
ISIC_0054366,-1.7300643,1.7474911
ISIC_0054371,0.373951,-2.1703753
ISIC_0054377,0.8088313,-1.257009
ISIC_0054379,3.169971,0.76154935
ISIC_0054384,1.983696,-1.0679566
ISIC_0054391,-1.7193296,1.866483
ISIC_0054399,0.88111323,2.2085786
ISIC_0054410,-1.0091208,0.4357699
ISIC_0054412,1.1594206,1.6143577
ISIC_0054416,2.1872604,-1.5431441
ISIC_0054430,-1.0456595,-1.8850529
ISIC_0054444,-1.592095,-1.5693256
ISIC_0054445,1.3442712,2.1459303
ISIC_0054458,-0.9064227,-0.5554618
ISIC_0054459,2.4529772,-3.0551462
ISIC_0054462,0.80638653,-1.1189944
ISIC_0054464,-0.27340433,0.5988277
ISIC_0054465,-0.10879364,-1.1597404
ISIC_0054497,1.3478181,-1.90302
ISIC_0054501,1.9672121,0.96997595
ISIC_0054506,-0.7653244,-1.3458073
ISIC_0054512,1.7014495,1.6963354
ISIC_0054516,-1.603415,-1.4341534
ISIC_0054520,0.8233379,-1.342311
ISIC_0054523,2.1249158,0.009431531
ISIC_0054528,0.009145246,-2.5675046
ISIC_0054544,1.6319075,0.63055164
ISIC_0054548,0.5930841,2.7385387
ISIC_0054563,1.0767614,-2.6584926
ISIC_0054568,1.0718772,-2.896908
ISIC_0054574,0.13074194,2.0758286
ISIC_0054599,1.8522195,-1.4664934
ISIC_0054612,1.6846324,2.1778967
ISIC_0054618,-1.362286,-2.01501
ISIC_0054624,0.65585333,-3.2991686
ISIC_0054625,-0.50549763,1.9143828
ISIC_0054629,-0.1653403,2.4081094
ISIC_0054637,1.0093088,1.5979857
ISIC_0054651,1.109423,-2.2368855
ISIC_0054661,2.0721397,0.32721645
ISIC_0054663,-2.096254,0.1476453
ISIC_0054670,-1.9162865,0.7865048
ISIC_0054671,2.1651697,-3.4998996
ISIC_0054673,-1.3374029,-1.2617382
ISIC_0054677,0.20559289,-2.751364
ISIC_0054694,2.1257348,-1.0065343
ISIC_0054705,1.8753465,-2.8504038
ISIC_0054725,-0.82747096,1.8759869
ISIC_0054728,-0.64925206,-1.7101622
ISIC_0054734,2.8377678,2.0712063
ISIC_0054744,2.0741222,-2.6996331
ISIC_0054747,1.6010444,-1.8323992
ISIC_0054748,-0.5419898,1.9794245
ISIC_0054756,-0.2190823,-0.5613932
ISIC_0054760,2.456869,-2.1606553
ISIC_0054763,1.9287814,1.5640444
ISIC_0054765,-1.5442164,1.0559285
ISIC_0054767,1.7592711,-3.515362
ISIC_0054770,1.8700235,1.9053437
ISIC_0054777,-0.8017068,-1.8785648
ISIC_0054787,-1.7683241,-1.6452968
ISIC_0054793,1.9127203,-1.1182576
ISIC_0054802,1.9278381,1.5539565
ISIC_0054819,1.716029,-2.3117926
ISIC_0054821,0.06373965,-2.8542378
ISIC_0054825,0.44148204,1.7193081
ISIC_0054827,2.7103617,2.5876155
ISIC_0054842,0.60720974,-1.1450056
ISIC_0054844,0.52870065,1.375374
ISIC_0054848,2.112587,-3.074515
ISIC_0054851,1.0979581,-0.104664564
ISIC_0054852,-0.15256307,-0.6477257
ISIC_0054853,2.3351617,-3.133291
ISIC_0054874,2.4266396,-1.8486781
ISIC_0054889,2.3705845,2.2157962
ISIC_0054892,-0.4770836,-2.4826584
ISIC_0054894,-1.3978893,1.4552146
ISIC_0054902,3.575445,0.83171374
ISIC_0054904,-0.10184909,0.7957135
ISIC_0054906,-0.22335918,1.3511032
ISIC_0054912,3.1805391,1.0277216
ISIC_0054914,0.7404924,-2.3238823
ISIC_0054919,3.2992196,-0.23172648
ISIC_0054936,0.8369538,-1.907089
ISIC_0054941,-1.9269378,0.8910383
ISIC_0054961,2.4282951,0.7687493
ISIC_0054963,-1.3278351,-1.5740427
ISIC_0054969,-0.43150342,-1.9075937
ISIC_0054970,3.2291627,0.5825243
ISIC_0054971,-1.9282064,0.9142351
ISIC_0054973,-2.3438487,0.94630283
ISIC_0054974,-0.567039,-2.7286727
ISIC_0054976,2.6661189,-2.9489667
ISIC_0054979,2.2194843,1.6197829
ISIC_0054982,2.763685,-1.7362669
ISIC_0054988,1.8809102,-2.9006734
ISIC_0054995,0.76203305,1.9394149
ISIC_0055001,1.0064511,1.7296603
ISIC_0055002,-2.1126277,1.0571269
ISIC_0055022,-0.30724216,-1.7858366
ISIC_0055024,-2.3767424,-1.3563128
ISIC_0055031,-1.7325524,-0.8182575
ISIC_0055039,2.0316136,-3.0759337
ISIC_0055048,2.7409866,1.7904539
ISIC_0055051,0.7578442,-0.9101001
ISIC_0055052,0.34697813,-3.0934834
ISIC_0055054,2.0899794,-3.733496
ISIC_0055056,-0.990019,1.5204066
ISIC_0055062,1.7580578,-0.4235634
ISIC_0055074,0.19109231,2.9361494
ISIC_0055079,1.5443966,-3.1688004
ISIC_0055081,0.3997373,2.8896577
ISIC_0055086,0.06584138,-2.969962
ISIC_0055087,1.9073681,-1.3504592
ISIC_0055091,1.5567203,-1.920429
ISIC_0055110,2.11574,0.9292544
ISIC_0055136,3.3775284,-2.3395205
ISIC_0055141,-1.41949,1.4385413
ISIC_0055143,0.58819366,1.5922866
ISIC_0055147,-1.7233008,0.93603957
ISIC_0055156,-0.62784755,-2.2381356
ISIC_0055161,2.3106573,1.064215
ISIC_0055167,-1.3415679,1.8184916
ISIC_0055175,0.8698429,1.1397384
ISIC_0055179,0.23342308,2.3627942
ISIC_0055181,3.2639253,-2.529267
ISIC_0055191,-2.2457614,-1.4709414
ISIC_0055193,-2.04907,0.59923524
ISIC_0055202,-1.9991865,-1.6188257
ISIC_0055205,0.65294385,-0.76546544
ISIC_0055208,1.3934627,-2.0840456
ISIC_0055226,2.979274,2.2310092
ISIC_0055227,1.0047148,2.9620817
ISIC_0055236,2.897603,0.9722192
ISIC_0055241,2.1675792,-1.9262788
ISIC_0055246,1.8392648,-3.2931004
ISIC_0055249,0.57571495,2.8326488
ISIC_0055264,-0.49982673,-2.8023543
ISIC_0055265,2.8575623,0.29326692
ISIC_0055268,3.8298807,1.0736655
ISIC_0055276,3.0555494,-2.6741087
ISIC_0055282,-1.1186532,-2.2017896
ISIC_0055289,1.5959522,-1.0318564
ISIC_0055293,2.318156,0.050320793
ISIC_0055295,2.3504727,-0.029632755
ISIC_0055297,-0.53793,-2.5045485
ISIC_0055298,1.742917,2.0372555
ISIC_0055309,0.27047896,0.937102
ISIC_0055311,2.2589016,-2.0293248
ISIC_0055314,3.0588167,2.0769062
ISIC_0055318,2.5365689,-1.8874748
ISIC_0055337,2.7371955,-2.681513
ISIC_0055340,-0.521692,2.5216024
ISIC_0055344,-0.9037233,1.4630411
ISIC_0055355,1.6469626,-2.2741156
ISIC_0055359,-0.4919538,-2.6343734
ISIC_0055362,-2.021667,1.2298692
ISIC_0055363,2.632047,0.765759
ISIC_0055367,0.4399044,-1.4763583
ISIC_0055380,1.0545181,1.6854467
ISIC_0055393,1.0562533,2.9150662
ISIC_0055398,3.1301432,0.79098374
ISIC_0055412,2.1411903,-0.993002
ISIC_0055417,0.264584,1.8099227
ISIC_0055419,1.4651262,-2.3634176
ISIC_0055421,1.1661296,2.7863197
ISIC_0055425,1.8817981,1.8564796
ISIC_0055438,-1.2300882,-2.302412
ISIC_0055440,-2.0973377,-0.6444546
ISIC_0055445,-2.3490012,-0.9545798
ISIC_0055451,-0.40463307,-2.2224016
ISIC_0055453,2.9005709,-1.0119617
ISIC_0055454,0.6886867,1.874731
ISIC_0055462,0.79851264,3.0203335
ISIC_0055464,0.18555595,1.657074
ISIC_0055465,-0.42159146,0.71958596
ISIC_0055467,3.363315,-1.9533136
ISIC_0055474,-1.7592274,0.47410625
ISIC_0055492,0.27437553,1.4945288
ISIC_0055496,1.8892891,-2.1549494
ISIC_0055500,2.8715975,-0.64693475
ISIC_0055503,0.2233144,-1.6883599
ISIC_0055511,-0.15436321,-1.5605041
ISIC_0055513,-0.7967625,0.60406667
ISIC_0055517,1.0276158,1.9289896
ISIC_0055518,-2.054442,-1.4424287
ISIC_0055519,1.9087132,-2.8241582
ISIC_0055525,1.0542421,-0.9611916
ISIC_0055527,3.3880286,-1.847255
ISIC_0055528,-0.39515883,-0.96978015
ISIC_0055543,2.7457688,-1.775957
ISIC_0055546,1.53793,-1.8596652
ISIC_0055550,-1.326723,-1.746068
ISIC_0055562,2.2605863,-3.5482771
ISIC_0055570,3.2428715,-2.5379155
ISIC_0055572,2.0734506,0.81893325
ISIC_0055582,0.006527857,-1.5647204
ISIC_0055613,2.9636705,1.1778231
ISIC_0055616,2.8561873,0.34716654
ISIC_0055618,2.393343,-0.57477564
ISIC_0055622,1.1473979,2.9329503
ISIC_0055623,0.45794213,2.222495
ISIC_0055624,1.8467329,-3.4036772
ISIC_0055631,2.666345,-0.36573952
ISIC_0055643,2.816583,2.5032465
ISIC_0055659,1.8616723,-1.9824009
ISIC_0055665,0.5794087,1.8924768
ISIC_0055680,-1.9579554,-0.51370186
ISIC_0055684,2.7560225,-2.9935899
ISIC_0055688,-2.1321409,-1.5149963
ISIC_0055690,0.0075067943,-1.93988
ISIC_0055699,2.768682,-2.892833
ISIC_0055701,0.8482066,2.6132586
ISIC_0055707,2.9043114,-0.93373036
ISIC_0055709,0.6840941,1.7889565
ISIC_0055714,-0.9632851,-0.89706385
ISIC_0055720,0.948726,-1.9003042
ISIC_0055733,0.0050429464,-1.8448709
ISIC_0055742,0.2737255,2.4765942
ISIC_0055743,1.2877243,-0.8933387
ISIC_0055756,0.9891788,-2.663705
ISIC_0055759,3.2907803,1.9947768
ISIC_0055764,-1.0530356,1.1410122
ISIC_0055767,2.5049946,1.1002281
ISIC_0055771,1.6987001,2.4184594
ISIC_0055776,1.4685935,2.2484303
ISIC_0055780,3.038198,-2.6520607
ISIC_0055781,0.16798745,-2.3015308
ISIC_0055783,-1.5551565,-1.7708688
ISIC_0055788,-1.306754,2.1106122
ISIC_0055789,3.4248457,0.72494656
ISIC_0055796,2.4555874,-3.4200342
ISIC_0055797,0.29841942,-2.3592305
ISIC_0055799,1.9903499,-0.5615809
ISIC_0055802,0.26065397,-1.1674442
ISIC_0055818,0.17380609,-2.8056235
ISIC_0055820,0.45735082,-2.4188638
ISIC_0055821,-0.05908056,0.42499605
ISIC_0055825,-0.2834754,-1.0533288
ISIC_0055828,2.4669583,-2.5160441
ISIC_0055832,2.6845226,-2.70823
ISIC_0055840,3.1308794,2.410396
ISIC_0055841,-0.91261405,0.4485004
ISIC_0055854,1.5952486,1.5490261
ISIC_0055859,3.1298876,1.9033681
ISIC_0055862,3.0590725,-1.5968391
ISIC_0055871,-1.9352362,1.2697086
ISIC_0055876,-1.1506696,1.7104936
ISIC_0055887,-1.454872,2.0633118
ISIC_0055892,-0.098909065,1.5101004
ISIC_0055896,2.4587114,-0.7318173
ISIC_0055899,2.454568,-0.12589823
ISIC_0055900,3.364804,0.75020736
ISIC_0055905,2.1205785,-1.7964858
ISIC_0055907,2.4989948,-1.9763478
ISIC_0055911,-2.0706098,-1.2133336
ISIC_0055930,1.5641559,-1.7704376
ISIC_0055931,-0.14742348,-1.7641172
ISIC_0055937,2.7211034,0.16712688
ISIC_0055938,1.2415663,2.1336024
ISIC_0055953,0.8994207,-1.5365536
ISIC_0055954,0.70039123,2.5181353
ISIC_0055960,1.3301953,-0.6087851
ISIC_0055967,-0.845708,2.2966688
ISIC_0055984,1.9934998,-1.7699871
ISIC_0055999,0.8447944,0.7621967
ISIC_0056001,2.7681189,0.6511565
ISIC_0056007,-1.5421076,-1.5325387
ISIC_0056017,0.752222,-3.1749628
ISIC_0056019,2.4729543,-2.1957028
ISIC_0056036,1.4998493,-3.4230347
ISIC_0056041,-2.1800287,-1.0521275
ISIC_0056044,2.9143841,-0.61850375
ISIC_0056047,2.1690242,-1.9398139
ISIC_0056050,-0.9640847,0.86673474
ISIC_0056051,-1.1246088,2.1666021
ISIC_0056061,2.2793102,-2.7500784
ISIC_0056063,-1.479146,-0.6112406
ISIC_0056079,1.4206077,1.85891
ISIC_0056089,1.1212521,-3.3377826
ISIC_0056092,-0.7150263,-2.7700226
ISIC_0056105,1.4811859,-2.2322693
ISIC_0056113,2.0455468,-2.8003576
ISIC_0056118,0.6984578,2.3105483
ISIC_0056130,2.3383572,1.155889
ISIC_0056133,2.2760227,-2.1919909
ISIC_0056136,0.8582232,-3.3405325
ISIC_0056138,-0.81069887,0.52089715
ISIC_0056141,-1.9792519,0.14551277
ISIC_0056145,1.8662143,-2.5104172
ISIC_0056152,-1.750056,-1.1180375
ISIC_0056156,-2.1008914,-1.5238453
ISIC_0056167,-1.466544,1.4150131
ISIC_0056170,-1.7315563,-1.4803088
ISIC_0056181,2.8312726,-3.2875443
ISIC_0056185,2.164356,-2.6315887
ISIC_0056186,2.546601,-3.0381017
ISIC_0056190,1.1641109,2.3149257
ISIC_0056192,1.0592916,-1.5241541
ISIC_0056201,3.187926,2.2420816
ISIC_0056202,2.3217897,-2.8062057
ISIC_0056210,1.795574,-1.3134001
ISIC_0056214,0.7003837,-0.63763
ISIC_0056217,1.4609576,-1.8265758
ISIC_0056221,0.88551974,2.1687694
ISIC_0056225,-1.4004632,-0.9628883
ISIC_0056228,-1.0136635,1.5562296
ISIC_0056232,1.1464889,-3.4525118
ISIC_0056247,-1.0334159,-2.20862
ISIC_0056261,-1.1033413,1.4409472
ISIC_0056263,2.4359887,0.59391856
ISIC_0056269,1.439128,-0.74284476
ISIC_0056271,1.761248,0.58110744
ISIC_0056283,3.2646208,-2.7634923
ISIC_0056292,0.0876879,-2.4145489
ISIC_0056298,2.332505,-1.5179547
ISIC_0056309,3.1106536,0.39857173
ISIC_0056319,-1.550323,2.014609
ISIC_0056330,2.7802079,0.60513663
ISIC_0056337,1.3438973,2.7730048
ISIC_0056345,1.3279407,2.8386824
ISIC_0056347,2.8528101,-1.9426466
ISIC_0056364,1.2491682,-1.6443048
ISIC_0056382,3.1732962,-0.39628133
ISIC_0056389,1.3499343,-2.7773552
ISIC_0056392,1.3050961,0.74832803
ISIC_0056401,2.0505235,0.95924395
ISIC_0056403,2.1989021,-0.045487516
ISIC_0056413,3.047093,2.167969
ISIC_0056415,-0.3625591,-2.8478968
ISIC_0056422,1.3210137,-2.1346295
ISIC_0056425,-1.0850562,-2.2694285
ISIC_0056428,1.5269718,-2.9095697
ISIC_0056446,0.66733676,-2.5887423
ISIC_0056447,-2.150891,1.3294492
ISIC_0056448,-1.19288,2.1392837
ISIC_0056449,2.9995813,-0.66493076
ISIC_0056454,0.13350168,2.6962912
ISIC_0056479,3.3674748,-0.79661167
ISIC_0056481,1.9948747,-3.443169
ISIC_0056483,0.8706472,-3.1038048
ISIC_0056487,-2.070713,0.62053293
ISIC_0056501,-1.6088786,-1.4084805
ISIC_0056511,-1.0440106,2.2788944
ISIC_0056525,2.483742,-3.2381506
ISIC_0056527,3.2794487,-0.17265733
ISIC_0056531,-1.3067698,1.5426141
ISIC_0056546,1.4767373,-3.4024642
ISIC_0056551,0.8664441,0.7577708
ISIC_0056554,0.04671279,-1.1122117
ISIC_0056572,1.0748802,-1.3536552
ISIC_0056573,3.089543,-1.8273914
ISIC_0056601,1.5271438,-3.5118306
ISIC_0056604,2.3754876,-1.0446728
ISIC_0056612,3.202759,-1.7749023
ISIC_0056614,0.28005797,2.5581663
ISIC_0056625,1.239184,-1.378868
ISIC_0056626,2.6715846,-1.456311
ISIC_0056632,2.112538,-1.0083923
ISIC_0056644,-1.9487282,-0.3620484
ISIC_0056652,-0.74019295,1.432496
ISIC_0056655,1.6075375,-0.22514345
ISIC_0056659,0.4476378,1.1753484
ISIC_0056660,1.0395582,0.72530705
ISIC_0056676,3.3161092,2.331969
ISIC_0056677,-1.1887425,-1.4508392
ISIC_0056680,2.603509,-0.30871305
ISIC_0056683,-1.8047518,-1.7207394
ISIC_0056684,2.5906487,2.0206563
ISIC_0056688,2.259982,0.32087702
ISIC_0056692,3.0918288,-1.0647697
ISIC_0056710,0.6357879,-1.0985897
ISIC_0056717,2.3646362,1.2476653
ISIC_0056719,2.9995914,1.9652473
ISIC_0056723,0.13538484,-1.1355759
ISIC_0056725,1.131175,0.43860194
ISIC_0056728,3.8844512,1.2763414
ISIC_0056729,0.5851275,1.6668986
ISIC_0056739,1.1932832,-1.275796
ISIC_0056740,2.8442278,-2.02669
ISIC_0056749,0.5463906,0.6241041
ISIC_0056750,1.22204,-0.7659976
ISIC_0056751,0.48111522,2.208044
ISIC_0056753,2.8359144,2.0313382
ISIC_0056770,-0.27956247,-1.7793212
ISIC_0056788,1.2034304,1.359852
ISIC_0056790,-1.1917489,2.1989715
ISIC_0056796,-0.5012541,-2.4340549
ISIC_0056800,2.0027544,1.7545041
ISIC_0056806,0.95142233,2.9761765
ISIC_0056814,-1.7259121,-0.8585473
ISIC_0056816,3.3923914,-2.5256522
ISIC_0056817,0.8150652,-1.5377127
ISIC_0056819,1.4987295,-0.96055603
ISIC_0056820,-2.04747,-1.5424935
ISIC_0056844,-0.36918718,2.0293002
ISIC_0056848,0.23761083,1.6814259
ISIC_0056849,2.0775132,0.41171974
ISIC_0056851,2.8821154,-1.0687357
ISIC_0056860,2.4539964,0.24728723
ISIC_0056863,-0.32443878,1.9301575
ISIC_0056871,2.4181335,0.86764103
ISIC_0056876,0.27180693,1.336979
ISIC_0056893,1.2339244,2.5302403
ISIC_0056900,-0.5248337,-1.0356755
ISIC_0056901,-0.30224526,-1.1294044
ISIC_0056902,1.2730106,-2.9236865
ISIC_0056915,0.79338527,1.6903609
ISIC_0056921,0.28891703,-2.3830416
ISIC_0056926,0.5841707,2.8385158
ISIC_0056938,-0.95586556,-1.5751132
ISIC_0056940,-1.6508015,1.8663553
ISIC_0056957,2.257746,0.17497806
ISIC_0056967,2.5456643,-2.8351777
ISIC_0056974,2.8672018,2.404051
ISIC_0056981,-1.3559718,0.4534269
ISIC_0056984,1.1807797,-3.1940143
ISIC_0056988,1.689396,1.0032976
ISIC_0056991,1.083683,-3.3319075
ISIC_0057001,-1.8881823,-1.5183092
ISIC_0057003,1.9573193,-3.5017614
ISIC_0057015,1.1287184,-0.2559177
ISIC_0057016,-0.7483945,1.7771431
ISIC_0057019,2.0245597,-1.9094442
ISIC_0057023,-1.2163838,-2.2530942
ISIC_0057025,0.6826421,1.3884234
ISIC_0057027,2.278871,0.8966876
ISIC_0057033,-0.17228003,2.2277176
ISIC_0057044,3.1619143,-1.1769449
ISIC_0057045,1.8592938,-2.5617673
ISIC_0057048,3.0281053,-1.4461733
ISIC_0057067,3.3926458,0.7062422
ISIC_0057083,-1.1979755,-0.45914423
ISIC_0057089,-0.24981539,-2.648733
ISIC_0057113,2.8108327,2.3814433
ISIC_0057141,-0.68519765,-2.118669
ISIC_0057147,0.31784755,-0.97148675
ISIC_0057148,-1.8936568,-0.43244365
ISIC_0057152,1.0170982,1.6153188
ISIC_0057154,3.1353228,-1.682782
ISIC_0057155,1.0762665,0.7094513
ISIC_0057164,-0.710082,0.38195083
ISIC_0057169,-1.3427409,-1.9567729
ISIC_0057171,2.152781,-1.607222
ISIC_0057172,1.69077,-2.0361161
ISIC_0057188,-1.4867171,-0.49961263
ISIC_0057192,-1.6399758,-1.4921839
ISIC_0057199,2.0182037,-2.1195548
ISIC_0057204,-0.7955399,2.3236144
ISIC_0057211,3.105456,-0.15784703
ISIC_0057234,-0.08108365,2.6470306
ISIC_0057235,0.03142925,1.8781383
ISIC_0057244,1.1005397,-2.7214239
ISIC_0057252,0.9717869,2.5158453
ISIC_0057257,1.3644273,-0.36493415
ISIC_0057286,3.2242754,-1.6326166
ISIC_0057302,1.6178238,1.6786667
ISIC_0057306,-1.5365839,1.3229569
ISIC_0057307,-1.6808285,1.0705595
ISIC_0057313,0.8779383,-0.39889956
ISIC_0057315,0.3048773,-1.7565298
ISIC_0057317,0.8575131,1.7001992
ISIC_0057323,0.34430152,2.218369
ISIC_0057324,2.9294398,-0.6804924
ISIC_0057328,2.0006835,1.7182184
ISIC_0057331,3.2245853,0.5337087
ISIC_0057338,1.4149988,-0.62202936
ISIC_0057344,-2.12456,-0.3221925
ISIC_0057360,2.3485477,-2.6025782
ISIC_0057362,-0.12995832,2.6783357
ISIC_0057370,-0.50332165,1.1209598
ISIC_0057371,0.35952407,-2.2509255
ISIC_0057374,-1.8386728,-1.4244753
ISIC_0057390,0.70844454,2.1010048
ISIC_0057395,0.69236344,-1.9374988
ISIC_0057397,2.4944308,-2.5597405
ISIC_0057406,2.6434808,-0.2271744
ISIC_0057408,0.83956677,3.1191695
ISIC_0057412,0.36271483,0.85192287
ISIC_0057417,3.13426,0.26438808
ISIC_0057436,-1.4681618,1.3217669
ISIC_0057450,3.2572134,0.5888829
ISIC_0057457,1.302141,-0.61913866
ISIC_0057462,1.7469072,-3.4004152
ISIC_0057465,-1.9267477,1.4810053
ISIC_0057482,-2.2891836,0.871669
ISIC_0057496,1.188871,-1.4071699
ISIC_0057518,2.0582373,0.8757982
ISIC_0057531,-2.1596746,-1.4113773
ISIC_0057534,0.5329479,-3.3240068
ISIC_0057535,0.4395288,2.3804297
ISIC_0057539,1.3652027,-2.4563105
ISIC_0057545,2.5537474,-3.1030474
ISIC_0057548,0.24040337,-2.0504045
ISIC_0057554,0.30271336,-2.4952252
ISIC_0057556,2.0075715,-2.8453116
ISIC_0057557,-2.0032623,-0.29217446
ISIC_0057558,1.8006233,-2.0613825
ISIC_0057559,1.4310381,-2.7642562
ISIC_0057577,2.0593011,-2.0444264
ISIC_0057591,1.6001067,-3.3588467
ISIC_0057593,-0.7885877,-2.0666628
ISIC_0057594,0.60642725,1.6783795
ISIC_0057609,-2.1915808,-1.3756245
ISIC_0057611,1.8209684,2.3871136
ISIC_0057615,3.1089962,-1.399297
ISIC_0057617,0.57531136,1.2532117
ISIC_0057619,0.41497844,-2.233559
ISIC_0057621,4.0258856,1.346995
ISIC_0057634,2.776418,1.3125767
ISIC_0057656,2.2852707,-3.450014
ISIC_0057661,1.8957844,0.92329365
ISIC_0057668,3.2364259,-0.6591736
ISIC_0057672,3.4085321,-1.6888162
ISIC_0057685,3.3789823,0.88026845
ISIC_0057687,3.0226283,1.8805819
ISIC_0057700,0.96775746,-3.2036395
ISIC_0057702,-1.2724555,-2.4381483
ISIC_0057716,-1.5591257,-1.4581494
ISIC_0057725,2.5166304,-0.02685295
ISIC_0057731,-1.6298398,-0.84548783
ISIC_0057734,0.81563956,-2.5017898
ISIC_0057736,2.735629,-3.0247612
ISIC_0057744,0.41066888,-1.8297038
ISIC_0057747,0.55694187,2.214084
ISIC_0057753,-1.9143305,1.3040584
ISIC_0057759,-0.52849925,1.5635365
ISIC_0057762,-0.4822813,1.9733294
ISIC_0057769,-1.1659297,-1.7243762
ISIC_0057771,2.1940634,-0.9747902
ISIC_0057782,-1.4490294,1.3852451
ISIC_0057783,-1.5924859,-2.010056
ISIC_0057787,2.0075545,-2.9589448
ISIC_0057791,2.835641,-0.5251324
ISIC_0057808,0.14767808,2.8838515
ISIC_0057815,1.1140336,-2.2226205
ISIC_0057821,3.1147945,1.1977788
ISIC_0057828,2.7933228,-1.3086973
ISIC_0057838,1.489054,0.66965723
ISIC_0057841,1.5390805,-2.881268
ISIC_0057844,2.151884,0.32931858
ISIC_0057848,0.24401915,1.400375
ISIC_0057851,2.0163727,0.90558296
ISIC_0057864,-2.3229825,-1.3546493
ISIC_0057870,1.44242,-0.82760507
ISIC_0057881,2.6020486,0.3052779
ISIC_0057891,-2.2622843,1.1382502
ISIC_0057898,0.8695412,-2.616833
ISIC_0057900,2.0962121,-3.2822819
ISIC_0057913,2.6844087,0.45599434
ISIC_0057914,-1.8613489,1.5293341
ISIC_0057921,1.6551744,-3.6688735
ISIC_0057936,1.0607225,-2.4262962
ISIC_0057938,1.8184444,1.0689756
ISIC_0057939,1.5133665,1.5186868
ISIC_0057947,3.9476123,1.4912827
ISIC_0057949,-0.2353749,1.4686952
ISIC_0057953,2.462066,-3.049557
ISIC_0057960,0.5549981,-3.1105273
ISIC_0057968,0.5693583,3.0272183
ISIC_0057973,-0.10998639,-0.59402144
ISIC_0057974,2.7456174,-1.1988751
ISIC_0057976,2.8858206,2.2942429
ISIC_0057978,0.6609704,-2.433193
ISIC_0057980,2.7910047,1.3141251
ISIC_0057996,0.53873515,1.6400644
ISIC_0057999,-0.383529,-2.7713087
ISIC_0058000,0.21989554,1.855852
ISIC_0058003,2.8826613,0.14261898
ISIC_0058007,0.004604045,2.4656808
ISIC_0058010,1.4028671,-2.865282
ISIC_0058015,2.1221337,-2.6750216
ISIC_0058016,-0.6962185,0.3018447
ISIC_0058021,2.9368174,1.7601436
ISIC_0058024,0.57305545,-2.639124
ISIC_0058028,2.7488644,0.68871844
ISIC_0058033,2.4762511,-1.9486517
ISIC_0058040,-0.7371857,1.6725549
ISIC_0058046,-2.365856,-1.3456101
ISIC_0058047,0.5195396,1.2877573
ISIC_0058050,1.8663055,-3.3116138
ISIC_0058059,-0.24688397,-1.162735
ISIC_0058075,0.5745427,-1.4939679
ISIC_0058081,-2.1016722,0.16482635
ISIC_0058096,2.0971642,1.0352747
ISIC_0058097,-0.5376575,0.34497258
ISIC_0058098,1.2023518,0.011949534
ISIC_0058115,0.8922848,2.353153
ISIC_0058118,-0.93233764,0.5433259
ISIC_0058125,-0.07445248,-1.700927
ISIC_0058126,3.2773263,0.64491886
ISIC_0058127,2.2154522,-2.111529
ISIC_0058135,-0.47442362,2.245841
ISIC_0058136,0.1381451,2.7935963
ISIC_0058138,0.9427519,-2.228395
ISIC_0058151,0.4498302,-3.0377808
ISIC_0058154,1.0212431,-1.9317448
ISIC_0058164,1.3794639,2.118987
ISIC_0058168,0.87267786,-2.9625912
ISIC_0058170,1.4492121,-0.74727446
ISIC_0058173,1.1162779,1.3562496
ISIC_0058176,3.2777464,-2.462942
ISIC_0058181,2.3576734,-3.2868152
ISIC_0058204,0.8027254,-1.3145756
ISIC_0058206,-1.9048752,-1.5250696
ISIC_0058214,1.0030586,2.1771877
ISIC_0058218,-0.20190683,1.3646314
ISIC_0058229,-2.0952275,-1.6414241
ISIC_0058237,2.8245103,-3.189586
ISIC_0058245,2.8297484,-2.1734593
ISIC_0058249,0.7866308,1.5822254
ISIC_0058255,-2.1464345,-0.1229686
ISIC_0058270,1.8373927,-0.6432508
ISIC_0058281,3.1370025,-2.045131
ISIC_0058282,-2.3513663,-1.4771514
ISIC_0058284,2.8850594,1.3709748
ISIC_0058285,2.8407984,-2.3845732
ISIC_0058298,2.6874712,-2.040276
ISIC_0058301,-1.1764749,1.3709717
ISIC_0058307,1.0613413,2.9226003
ISIC_0058308,1.0251492,-2.6700063
ISIC_0058315,3.8938382,1.7533518
ISIC_0058319,2.1723983,-0.16906725
ISIC_0058321,1.3039399,-2.875552
ISIC_0058331,1.3868337,-3.5087352
ISIC_0058332,2.6197634,-2.2285347
ISIC_0058334,1.9852786,1.0842773
ISIC_0058341,-1.5609325,1.6395783
ISIC_0058344,1.0337228,2.7619503
ISIC_0058346,-2.0098832,-1.5305539
ISIC_0058354,0.23044801,1.0884899
ISIC_0058368,2.7009232,-0.094809175
ISIC_0058376,-0.022856213,0.29105803
ISIC_0058383,3.267386,-2.3466103
ISIC_0058391,1.6137733,-2.6811202
ISIC_0058399,-1.272919,2.0546355
ISIC_0058407,0.24495985,1.8422755
ISIC_0058408,1.7379009,-3.6487422
ISIC_0058418,1.7712682,-3.8354745
ISIC_0058425,2.8400075,-2.2865417
ISIC_0058426,-0.70384336,-2.10412
ISIC_0058428,-0.7981128,1.0045831
ISIC_0058432,2.3090854,-2.94106
ISIC_0058439,0.10214959,2.2090986
ISIC_0058457,2.7163775,0.6672726
ISIC_0058458,2.0666413,-0.17517902
ISIC_0058475,-1.7645109,1.4952396
ISIC_0058492,3.0828872,-1.683726
ISIC_0058496,0.88055015,-2.260809
ISIC_0058501,-1.0310994,-0.37031057
ISIC_0058503,0.4392264,1.286574
ISIC_0058504,-2.095425,-1.5356978
ISIC_0058508,1.8077012,-0.12011292
ISIC_0058513,2.261285,1.3981197
ISIC_0058526,0.5181665,-3.2165558
ISIC_0058528,1.1838989,-2.1844473
ISIC_0058544,0.2897165,2.5985749
ISIC_0058548,0.0012664852,-1.0769022
ISIC_0058550,0.92252475,-3.0563743
ISIC_0058559,2.5375545,0.25432417
ISIC_0058569,2.674278,-3.042838
ISIC_0058577,-0.001235626,2.5811138
ISIC_0058580,3.043036,2.1411333
ISIC_0058597,-1.6109262,-1.6850336
ISIC_0058599,3.1407318,-1.9873184
ISIC_0058607,1.1691298,-2.5708463
ISIC_0058612,2.2014525,-2.3651
ISIC_0058617,0.67071193,-0.8400345
ISIC_0058621,2.1183517,0.053513095
ISIC_0058625,-1.5286591,-1.4075158
ISIC_0058629,3.0887969,0.53667796
ISIC_0058630,2.7628198,2.4381478
ISIC_0058643,1.1198378,1.7736211
ISIC_0058645,-1.4520687,-1.4454135
ISIC_0058648,2.3685968,0.41558152
ISIC_0058649,0.6633955,-1.1577789
ISIC_0058655,3.1729195,2.3630934
ISIC_0058658,2.2584617,-3.5427513
ISIC_0058663,2.8079178,-1.9258708
ISIC_0058666,1.816576,-0.29612932
ISIC_0058675,-1.205832,2.2076385
ISIC_0058676,1.7801841,-1.5600481
ISIC_0058697,0.5405782,-2.0655055
ISIC_0058708,2.0415926,-3.1731484
ISIC_0058713,1.5085471,-1.7197874
ISIC_0058716,-1.6609783,-1.5691427
ISIC_0058721,3.255606,0.7584221
ISIC_0058723,0.60762835,-2.766708
ISIC_0058732,2.8787138,2.4659493
ISIC_0058734,1.4854761,-2.8752983
ISIC_0058743,0.9336563,-0.17831616
ISIC_0058753,3.243066,1.5381758
ISIC_0058757,1.2741725,-2.1187723
ISIC_0058763,0.7738641,2.0796208
ISIC_0058768,-0.6167549,-0.07888643
ISIC_0058770,1.9254146,1.4935731
ISIC_0058773,-1.1960901,1.1237118
ISIC_0058781,3.702472,1.9856888
ISIC_0058786,2.9117944,-0.4818875
ISIC_0058790,-0.96535647,2.2380142
ISIC_0058791,0.38660783,-1.9297149
ISIC_0058792,0.46837243,-1.6080554
ISIC_0058794,-0.15285154,1.3652307
ISIC_0058798,2.4967554,0.1694788
ISIC_0058807,0.55066735,3.04207
ISIC_0058818,0.7546945,-1.7091253
ISIC_0058836,0.43607447,-2.2257795
ISIC_0058838,3.2796957,-2.5926466
ISIC_0058840,-1.003773,0.2840296
ISIC_0058851,-1.6384889,0.57413656
ISIC_0058858,-0.41768184,-2.400313
ISIC_0058862,1.980485,-2.2014678
ISIC_0058863,-1.4331301,-1.875521
ISIC_0058866,3.4829707,0.9009636
ISIC_0058875,-2.043129,-0.85683745
ISIC_0058877,2.7008042,-3.0589118
ISIC_0058880,-0.37335294,2.20581
ISIC_0058881,2.526396,0.41371718
ISIC_0058887,0.17967021,0.7589705
ISIC_0058918,1.7233907,-0.31511876
ISIC_0058926,-0.7344965,-2.4250767
ISIC_0058931,0.32599694,1.8058699
ISIC_0058947,-0.86880046,-1.5405368
ISIC_0058957,-1.6350185,1.4673623
ISIC_0058959,-2.0106766,1.2774818
ISIC_0059005,-2.1272266,-0.65916604
ISIC_0059023,3.1129034,1.6076795
ISIC_0059026,1.70363,-0.45522445
ISIC_0059027,2.1828222,1.5909331
ISIC_0059029,1.1350201,-2.7569654
ISIC_0059037,2.0229626,-3.4815671
ISIC_0059042,0.04332456,1.6160702
ISIC_0059052,0.26582405,2.5816705
ISIC_0059065,0.9387792,-1.083331
ISIC_0059066,-2.019015,1.4576836
ISIC_0059074,0.07032488,-1.0982666
ISIC_0059076,3.2944772,-2.6367443
ISIC_0059077,0.23516156,1.2741554
ISIC_0059079,2.56675,-1.4040875
ISIC_0059082,2.471783,0.54410696
ISIC_0059085,1.0916573,-0.7196184
ISIC_0059089,-0.07426077,0.7292604
ISIC_0059090,0.31151304,1.2806208
ISIC_0059092,0.30685762,2.4928372
ISIC_0059093,1.468528,-2.770597
ISIC_0059103,0.7542419,2.8775377
ISIC_0059104,3.177493,1.0972712
ISIC_0059123,-0.63135344,-2.6129634
ISIC_0059137,-0.0051516807,2.0174015
ISIC_0059138,3.0421877,0.46160892
ISIC_0059140,1.2589592,-2.526589
ISIC_0059141,0.0005357962,-2.0254266
ISIC_0059147,3.5121734,0.9797817
ISIC_0059148,-0.7100832,-1.2108375
ISIC_0059160,-2.0083592,-1.4667368
ISIC_0059165,0.59861326,-3.2265337
ISIC_0059169,0.14704572,-2.8592777
ISIC_0059170,-0.55243915,-2.7306883
ISIC_0059171,-0.26303804,-2.07747
ISIC_0059178,2.9768727,-2.630043
ISIC_0059188,1.2842625,-2.8979309
ISIC_0059202,-0.47454065,2.4673932
ISIC_0059209,-1.2796068,2.2943892
ISIC_0059219,-1.7747667,-0.37211615
ISIC_0059232,3.2782202,1.0726107
ISIC_0059237,-0.8136142,-2.2985427
ISIC_0059253,-1.0363327,2.1434605
ISIC_0059264,1.5581447,-0.95914215
ISIC_0059269,3.0859706,-2.8254664
ISIC_0059270,3.7101424,2.05813
ISIC_0059272,3.1008916,-1.8346511
ISIC_0059273,1.9026943,0.6749807
ISIC_0059284,-1.1442909,-0.69232094
ISIC_0059294,-2.321479,-1.1341808
ISIC_0059313,3.8917067,1.857452
ISIC_0059314,-1.4320598,-1.4428753
ISIC_0059315,0.39775795,2.7223897
ISIC_0059316,3.4084883,-1.1460743
ISIC_0059318,-0.7217591,-2.813465
ISIC_0059325,0.91101164,-1.6749121
ISIC_0059330,0.64862055,-2.8300855
ISIC_0059336,2.6087954,0.13624632
ISIC_0059343,-0.6711829,-2.4061148
ISIC_0059345,0.80727726,-2.0203457
ISIC_0059346,3.1034117,1.4285502
ISIC_0059349,1.6422813,-3.4183602
ISIC_0059350,-1.4171628,2.088465
ISIC_0059353,-0.87744725,-1.8246505
ISIC_0059361,-1.5262133,-1.3980035
ISIC_0059369,1.6331984,0.73985624
ISIC_0059375,0.36551276,-0.7805895
ISIC_0059382,3.8466434,0.8097817
ISIC_0059386,2.5929556,1.1819036
ISIC_0059387,1.5361257,-0.99632293
ISIC_0059398,-0.014700888,2.2618906
ISIC_0059411,2.2110853,-3.2767072
ISIC_0059415,-1.2020432,-1.8959969
ISIC_0059420,3.266902,0.7389333
ISIC_0059421,-2.0374587,-0.559229
ISIC_0059423,-1.9802188,1.3168309
ISIC_0059424,2.6625123,-1.6192683
ISIC_0059435,-0.5477576,-1.6475685
ISIC_0059444,0.1849848,0.2299667
ISIC_0059446,1.7668402,1.027029
ISIC_0059450,3.14587,1.4831272
ISIC_0059473,-0.39565742,2.0255506
ISIC_0059478,1.6279863,-2.8102717
ISIC_0059482,0.16254665,-1.3696866
ISIC_0059486,2.7430742,0.6900108
ISIC_0059493,0.059475906,-0.6617398
ISIC_0059506,2.7352602,1.2465619
ISIC_0059511,-1.9630758,-0.86281955
ISIC_0059512,-0.029672723,-2.2503748
ISIC_0059521,3.4006968,-1.1337122
ISIC_0059523,-1.0700066,1.6772928
ISIC_0059525,-0.98086363,1.8516731
ISIC_0059538,-1.710233,0.96069014
ISIC_0059541,2.7627451,2.047392
ISIC_0059547,0.97699773,2.7046394
ISIC_0059551,0.4789857,-2.6101806
ISIC_0059554,0.44976082,2.3994389
ISIC_0059568,-1.8440895,1.46714
ISIC_0059569,0.65263504,-2.9469743
ISIC_0059593,-1.28122,-1.966554
ISIC_0059595,-1.2753568,-1.0248411
ISIC_0059597,1.2714337,2.162662
ISIC_0059601,-1.29219,-1.7248701
ISIC_0059605,1.4717072,-0.94956046
ISIC_0059608,-0.64722764,2.3085048
ISIC_0059611,1.4776826,-0.13346444
ISIC_0059628,-0.88564485,-1.9169387
ISIC_0059631,3.2262073,2.242783
ISIC_0059632,1.7101554,-3.5694833
ISIC_0059646,4.019888,1.4130495
ISIC_0059668,0.24526672,2.5589733
ISIC_0059669,3.1736307,-2.5069594
ISIC_0059671,2.6249692,-2.9519775
ISIC_0059686,0.04846586,-2.182921
ISIC_0059703,-2.014731,1.2781307
ISIC_0059707,1.9470451,0.4792193
ISIC_0059708,0.41355684,1.700591
ISIC_0059738,-0.18937117,-1.1643986
ISIC_0059739,2.48641,-0.11045886
ISIC_0059747,2.2574897,-1.8740941
ISIC_0059750,1.0576968,-2.0595155
ISIC_0059757,-0.53849804,1.566128
ISIC_0059763,1.5721123,-3.1259062
ISIC_0059764,3.183022,-0.47764778
ISIC_0059768,1.615199,-0.55773795
ISIC_0059770,1.8114252,-2.7965093
ISIC_0059773,-1.6919156,-1.8709428
ISIC_0059774,-0.86030155,-1.1527662
ISIC_0059777,-1.8021605,1.0601912
ISIC_0059785,-0.6827515,2.1661477
ISIC_0059786,-2.2665184,-0.65186435
ISIC_0059794,2.0114417,-2.5468266
ISIC_0059804,1.5815463,-2.3982425
ISIC_0059808,1.5428897,-0.6359288
ISIC_0059809,-2.2512517,0.97104436
ISIC_0059810,1.3688875,-3.3857691
ISIC_0059814,0.18418722,-2.4179604
ISIC_0059816,1.4605234,0.6830131
ISIC_0059830,2.9308944,2.3977647
ISIC_0059832,1.5742692,1.8756003
ISIC_0059838,2.2259924,-1.4995232
ISIC_0059840,2.274969,-3.4779723
ISIC_0059855,2.9770699,-1.7244585
ISIC_0059859,-1.9866095,-1.2875922
ISIC_0059866,1.5336286,-2.4793553
ISIC_0059869,0.37564832,-1.367959
ISIC_0059879,-2.23798,0.24880937
ISIC_0059881,3.1153865,1.4381214
ISIC_0059884,3.3364887,2.2873664
ISIC_0059890,-1.2379843,2.0483308
ISIC_0059891,0.07851283,-2.7677789
ISIC_0059892,-0.35554227,-1.3772341
ISIC_0059897,-0.12294687,2.095566
ISIC_0059904,0.922423,-3.2664702
ISIC_0059905,0.36477166,1.3207338
ISIC_0059919,3.207849,0.09112542
ISIC_0059941,1.3217361,-0.92216325
ISIC_0059948,1.5558317,-2.0215554
ISIC_0059957,-0.8313838,1.6141434
ISIC_0059958,2.2937033,-3.255723
ISIC_0059974,0.64395845,-2.4575236
ISIC_0059978,1.5714744,0.6167369
ISIC_0059987,1.5093335,-1.5830048
ISIC_0059992,1.3231444,-0.6512025
ISIC_0060015,1.4866742,-3.1037557
ISIC_0060022,0.45335147,2.457282
ISIC_0060032,-0.21729231,2.09426
ISIC_0060033,0.7243043,-3.1731284
ISIC_0060094,2.733636,-2.0818276
ISIC_0060096,1.1028334,0.70894104
ISIC_0060099,0.8057151,3.113383
ISIC_0060104,0.0052316966,2.738634
ISIC_0060114,0.039816223,2.5628517
ISIC_0060118,1.2839495,1.9929999
ISIC_0060140,2.8235228,0.16001596
ISIC_0060143,2.7408834,2.1173954
ISIC_0060147,-1.0228273,-1.0952767
ISIC_0060150,-1.3856634,1.568374
ISIC_0060153,-1.4931415,0.87987965
ISIC_0060154,-1.6488174,0.9631668
ISIC_0060155,0.19648026,-1.1904341
ISIC_0060159,0.32663792,2.8349748
ISIC_0060181,2.81932,-1.0357056
ISIC_0060194,3.0568235,-0.054963317
ISIC_0060197,3.0623674,1.4131218
ISIC_0060201,3.488727,0.34397683
ISIC_0060212,1.164722,-2.8808208
ISIC_0060216,-0.90744084,2.4034417
ISIC_0060218,0.8298101,-1.9608461
ISIC_0060219,-0.47960386,0.85616434
ISIC_0060222,2.6139421,-3.369783
ISIC_0060224,0.6583894,-1.1579336
ISIC_0060233,-2.0212007,1.1472623
ISIC_0060238,1.0962995,-1.9265952
ISIC_0060239,-1.4048374,1.5778722
ISIC_0060244,3.0696213,-2.7326975
ISIC_0060248,-1.0886894,-1.4673223
ISIC_0060266,3.2258227,-2.2402172
ISIC_0060270,2.6738105,-2.8506458
ISIC_0060281,-0.6776142,2.1624641
ISIC_0060297,2.368438,-3.3222482
ISIC_0060307,2.8651407,1.3221915
ISIC_0060308,2.2330503,-1.5099871
ISIC_0060313,-0.04118879,2.1932192
ISIC_0060315,2.0882864,-3.5809073
ISIC_0060326,2.5126586,-2.9750478
ISIC_0060340,2.1323392,0.13094904
ISIC_0060341,0.026031025,-2.4958863
ISIC_0060342,0.04867735,-1.8612247
ISIC_0060355,2.1704917,-3.5323322
ISIC_0060367,3.3446476,0.7993273
ISIC_0060376,2.8394902,1.6283213
ISIC_0060377,1.4800993,-1.3206581
ISIC_0060380,2.0898154,-2.2001612
ISIC_0060386,-1.098919,-0.68030614
ISIC_0060393,0.50053436,-2.4319088
ISIC_0060397,0.5967067,-1.4056498
ISIC_0060399,0.53645474,1.2177708
ISIC_0060403,-0.7133898,-2.2956758
ISIC_0060428,-2.2506454,0.45697305
ISIC_0060446,2.7844522,-2.1935403
ISIC_0060456,-0.7586759,2.430803
ISIC_0060459,3.2111752,-2.4053643
ISIC_0060465,0.6614058,-2.4990299
ISIC_0060487,1.176757,-0.9889538
ISIC_0060495,0.7962807,2.1325727
ISIC_0060507,-0.65666276,0.7211803
ISIC_0060508,-2.2382236,-1.4741465
ISIC_0060510,1.0510235,-0.9614321
ISIC_0060511,-0.28026214,-2.6016335
ISIC_0060525,-2.182303,-1.1942539
ISIC_0060526,0.84051573,2.9507039
ISIC_0060528,-0.67247957,-1.4021244
ISIC_0060537,2.7091177,-1.8207775
ISIC_0060538,0.24714361,0.150472
ISIC_0060548,0.41343603,-2.3891382
ISIC_0060555,3.206054,-1.5866542
ISIC_0060556,3.188134,-2.8058026
ISIC_0060559,0.4395628,-2.9453385
ISIC_0060577,-0.4832382,0.42976195
ISIC_0060583,2.3477213,-1.7270051
ISIC_0060585,2.3497162,-2.0211194
ISIC_0060586,-0.8406755,-1.028464
ISIC_0060589,0.565114,-1.269862
ISIC_0060597,1.9153742,-2.3228846
ISIC_0060610,-0.44367483,1.2809707
ISIC_0060616,-0.38726035,-2.0742216
ISIC_0060624,0.7789828,-1.8937051
ISIC_0060629,0.9401542,1.6341113
ISIC_0060630,1.1141706,1.2971883
ISIC_0060654,3.1252687,2.267292
ISIC_0060660,-2.3255303,-1.5579805
ISIC_0060665,0.44213593,2.749191
ISIC_0060671,0.80770177,2.7846801
ISIC_0060672,1.0802671,-1.0482936
ISIC_0060676,2.3318057,1.0497286
ISIC_0060679,-1.65764,-1.33558
ISIC_0060681,1.007478,2.030418
ISIC_0060693,1.4139107,-0.53964454
ISIC_0060698,2.3454819,1.1999444
ISIC_0060700,-0.91608495,-0.31826022
ISIC_0060713,-0.48244384,-1.4263433
ISIC_0060717,2.714755,-3.137239
ISIC_0060718,2.1541202,-3.2043443
ISIC_0060727,1.1229589,-0.9395876
ISIC_0060728,-0.74018836,1.4379078
ISIC_0060736,2.8445492,-2.098536
ISIC_0060741,-2.3197672,-1.5234259
ISIC_0060744,-0.68986946,2.2544353
ISIC_0060751,2.6350107,2.3627446
ISIC_0060752,2.1497085,-0.012538671
ISIC_0060760,-1.933992,-1.4307504
ISIC_0060764,-1.4847437,-0.41349027
ISIC_0060773,3.1937504,-0.27171698
ISIC_0060795,-1.322361,1.2911475
ISIC_0060799,0.28229022,-0.2573714
ISIC_0060827,3.8779624,1.7847306
ISIC_0060829,3.1972978,1.0293826
ISIC_0060832,2.274662,-3.4578607
ISIC_0060834,3.9417686,1.1477764
ISIC_0060836,1.6186264,2.3028417
ISIC_0060845,0.7645859,1.5330393
ISIC_0060873,2.9949965,-1.0117747
ISIC_0060883,3.952489,1.4696062
ISIC_0060886,3.3649094,-1.312311
ISIC_0060892,-1.2293644,2.1423788
ISIC_0060893,1.0227939,2.50587
ISIC_0060897,1.9970497,-1.8376169
ISIC_0060898,1.0920198,2.5101733
ISIC_0060911,0.8393455,2.7579167
ISIC_0060916,1.0710374,-1.9601691
ISIC_0060934,2.3664105,-0.44529372
ISIC_0060936,1.0314841,1.7960083
ISIC_0060937,-2.4308386,-1.3933512
ISIC_0060946,2.0962565,1.6228205
ISIC_0060949,-1.772215,1.611295
ISIC_0060955,2.735022,-1.9416282
ISIC_0060965,1.2034856,-1.2212619
ISIC_0060967,0.25077763,0.77142507
ISIC_0060968,-0.863956,1.5193834
ISIC_0060969,2.6204822,-2.9233468
ISIC_0060971,0.3113973,1.4714627
ISIC_0060972,2.4591498,-2.093801
ISIC_0060978,-0.26419458,-2.0263371
ISIC_0060979,0.08421741,0.8317665
ISIC_0060994,1.340374,-2.3286037
ISIC_0060999,0.55227524,2.6925693
ISIC_0061001,3.2695303,-0.13468587
ISIC_0061002,0.08237237,0.77520657
ISIC_0061003,0.094472535,-2.570008
ISIC_0061006,-0.92439544,-2.4573178
ISIC_0061008,2.427329,-3.1235275
ISIC_0061011,0.8256908,1.9188213
ISIC_0061021,0.3309767,-0.24244648
ISIC_0061025,2.6742277,1.0415839
ISIC_0061029,-0.70138556,1.0875312
ISIC_0061031,0.8092406,-1.5503794
ISIC_0061032,1.318954,1.3281503
ISIC_0061034,0.41241696,-0.9615413
ISIC_0061045,1.3625518,-1.8816822
ISIC_0061049,1.9737569,-3.6861122
ISIC_0061052,-1.5105112,-1.7695348
ISIC_0061060,0.9338371,3.0378811
ISIC_0061066,1.0622447,-2.8315656
ISIC_0061067,-0.83050555,-2.7108078
ISIC_0061070,0.22287194,2.2351453
ISIC_0061075,1.3257445,-3.354654
ISIC_0061077,-0.6434419,2.138807
ISIC_0061078,-0.21359746,-0.52149296
ISIC_0061079,-1.1644044,1.1812334
ISIC_0061085,0.64859927,-3.3018603
ISIC_0061104,-0.20690995,-1.6272886
ISIC_0061108,1.1325728,1.6431737
ISIC_0061112,2.8213356,0.47469756
ISIC_0061131,0.30514938,2.7119515
ISIC_0061141,-0.3675747,1.7208451
ISIC_0061152,1.621226,-3.572906
ISIC_0061155,-2.0017939,1.3833449
ISIC_0061158,-1.7804675,1.6525835
ISIC_0061159,1.8036512,1.1325115
ISIC_0061166,1.2916054,-0.65897715
ISIC_0061183,-0.7476986,-1.2953056
ISIC_0061185,2.03189,-2.55454
ISIC_0061188,2.9783971,-1.7232008
ISIC_0061189,-0.94016397,1.8479427
ISIC_0061191,2.1105022,-3.2931376
ISIC_0061194,3.0778632,2.2957256
ISIC_0061195,-0.48754686,-0.84495366
ISIC_0061200,-0.5431852,-1.1963235
ISIC_0061224,-1.0675495,-1.6279113
ISIC_0061231,2.2713916,-3.458765
ISIC_0061244,-1.5859246,-1.7793816
ISIC_0061250,0.31335905,0.8095969
ISIC_0061252,0.88918275,2.0364327
ISIC_0061257,3.0695143,-0.015524384
ISIC_0061261,1.4539455,-1.6921171
ISIC_0061279,3.4255452,0.80085576
ISIC_0061281,1.1600837,1.535343
ISIC_0061297,1.497108,0.614657
ISIC_0061300,-1.898857,-1.4086258
ISIC_0061315,-1.7634345,-0.8133608
ISIC_0061320,3.8830922,1.1559101
ISIC_0061323,1.2631077,-0.32089144
ISIC_0061333,-0.9800751,2.3158336
ISIC_0061334,0.42697412,2.7895038
ISIC_0061336,0.8180552,2.8764832
ISIC_0061345,2.5443554,0.6041726
ISIC_0061355,-0.11981318,1.4532541
ISIC_0061359,0.45760036,-0.8019389
ISIC_0061362,3.855339,1.8644824
ISIC_0061366,1.9531217,-3.1273773
ISIC_0061369,-1.3128557,1.9875501
ISIC_0061371,3.2530417,1.2186779
ISIC_0061377,2.8511293,-1.077051
ISIC_0061380,2.3021872,-0.8362289
ISIC_0061382,3.0828726,-2.8608603
ISIC_0061393,0.7379379,-2.1822305
ISIC_0061407,2.0863466,-2.5803711
ISIC_0061411,2.7908273,2.1560535
ISIC_0061418,0.28330642,-2.6284816
ISIC_0061424,-0.8996025,1.6030979
ISIC_0061432,2.241326,-3.2411752
ISIC_0061434,3.2045045,-2.8644714
ISIC_0061441,2.419305,-2.5795722
ISIC_0061446,3.4225492,-2.380646
ISIC_0061447,-1.7598196,-0.74401873
ISIC_0061448,2.758065,0.70797896
ISIC_0061454,-0.62204206,-1.8882749
ISIC_0061463,2.48908,-0.72288543
ISIC_0061466,1.3963786,1.8153394
ISIC_0061469,1.1184473,-0.2932671
ISIC_0061475,0.6888299,-1.2484044
ISIC_0061479,2.8341231,0.47621843
ISIC_0061485,0.84819055,2.5222273
ISIC_0061491,2.8747618,0.7045961
ISIC_0061494,0.89925146,2.0201232
ISIC_0061496,0.80231684,1.9167029
ISIC_0061502,-0.2375368,2.5137782
ISIC_0061508,-2.059795,0.08403876
ISIC_0061516,2.3609824,-0.20219272
ISIC_0061518,-0.8250958,2.4466884
ISIC_0061520,2.411628,1.032578
ISIC_0061529,0.074376434,2.9842029
ISIC_0061532,3.1063805,1.254764
ISIC_0061533,0.79120564,2.0335376
ISIC_0061547,0.62362796,2.1277153
ISIC_0061549,0.2503997,2.698302
ISIC_0061553,1.6701326,-1.7955676
ISIC_0061554,1.5103387,2.347468
ISIC_0061556,1.5510352,2.4335828
ISIC_0061559,-0.5897153,-0.8435794
ISIC_0061566,1.0163097,-1.0975341
ISIC_0061568,2.1597657,-2.3347337
ISIC_0061573,0.67251414,2.5176606
ISIC_0061575,-1.9480704,0.13070154
ISIC_0061580,-1.243764,-1.9157
ISIC_0061581,-0.30154663,-2.455561
ISIC_0061583,0.7144603,-2.4048958
ISIC_0061585,-2.09791,-1.0666432
ISIC_0061592,3.224911,1.0182378
ISIC_0061595,2.6102302,-2.0490544
ISIC_0061608,1.8017559,-3.1793077
ISIC_0061619,-2.334224,0.950939
ISIC_0061623,2.4813292,-2.979671
ISIC_0061624,0.640488,2.8878555
ISIC_0061625,2.6071033,1.5289814
ISIC_0061629,-1.6920904,-0.73783314
ISIC_0061630,1.3888398,0.6280024
ISIC_0061633,1.8143566,-2.5263927
ISIC_0061644,3.1227405,0.46583277
ISIC_0061656,1.1339568,1.5391009
ISIC_0061660,2.6431427,-3.398582
ISIC_0061664,3.2187946,-0.40019652
ISIC_0061670,1.7675942,-0.8186152
ISIC_0061680,0.8390812,2.846751
ISIC_0061684,1.2870698,-3.0292048
ISIC_0061685,0.25280672,-2.988728
ISIC_0061699,3.072104,-0.21547803
ISIC_0061701,1.7362734,0.95238715
ISIC_0061705,-1.9335293,-0.65656626
ISIC_0061710,2.7947426,-1.3087016
ISIC_0061713,3.0600965,-2.3476624
ISIC_0061715,3.0561185,1.325906
ISIC_0061735,-2.2046013,-1.6534265
ISIC_0061741,2.688772,-2.3906784
ISIC_0061756,3.418465,-1.6198808
ISIC_0061761,0.3168661,2.081963
ISIC_0061770,2.3781378,1.4969916
ISIC_0061773,1.1541345,1.8408952
ISIC_0061775,1.274073,-0.31569704
ISIC_0061782,-2.306728,0.93893933
ISIC_0061798,3.1556113,1.1807097
ISIC_0061799,2.4868298,0.70502704
ISIC_0061812,-1.6467998,-1.5845035
ISIC_0061829,0.1530631,-1.5697161
ISIC_0061831,1.6541772,-3.4651449
ISIC_0061833,1.5321308,-1.4123207
ISIC_0061848,2.850986,-3.203381
ISIC_0061870,0.95460784,-2.833313
ISIC_0061880,-1.8285074,-1.4055545
ISIC_0061884,-2.0957744,-1.5463567
ISIC_0061885,-0.61921704,-2.1914234
ISIC_0061886,-0.79710084,1.8917297
ISIC_0061890,-0.3757606,-1.1405609
ISIC_0061894,2.1027398,1.0077155
ISIC_0061895,2.1431797,-2.183661
ISIC_0061900,3.2774954,-1.7739885
ISIC_0061911,2.9170604,-2.8581975
ISIC_0061912,1.5870836,-2.3938859
ISIC_0061915,2.445635,0.6454994
ISIC_0061916,-0.6193813,1.190132
ISIC_0061918,1.4402913,-2.8552334
ISIC_0061922,2.4575644,-3.3842707
ISIC_0061926,-1.9123139,1.5898438
ISIC_0061928,1.6358929,0.7258132
ISIC_0061944,0.6825102,2.6849554
ISIC_0061945,0.48198888,2.8129704
ISIC_0061950,3.3989234,-0.9375002
ISIC_0061953,0.75657505,-2.5210698
ISIC_0061954,2.7122571,-2.7255392
ISIC_0061969,1.4197483,-1.6931734
ISIC_0061971,1.0738361,-0.95346296
ISIC_0061982,0.10318159,1.907282
ISIC_0062000,0.19205995,-1.9452103
ISIC_0062005,1.4114243,-3.4283135
ISIC_0062010,0.7703288,2.8867984
ISIC_0062016,-1.8525317,-1.305331
ISIC_0062031,3.9759715,1.2916315
ISIC_0062042,1.6795747,-3.61874
ISIC_0062063,-0.93519926,-0.39002421
ISIC_0062064,-1.4053974,-1.5366058
ISIC_0062077,-0.9747002,1.5373842
ISIC_0062084,1.3036077,-1.5752974
ISIC_0062099,1.2552679,-2.8443747
ISIC_0062102,3.7374828,2.016174
ISIC_0062103,-0.48660317,2.06896
ISIC_0062111,-0.6327457,-1.8196198
ISIC_0062112,0.7731804,3.1176188
ISIC_0062114,0.9990043,-2.2754056
ISIC_0062122,0.2978733,1.7602096
ISIC_0062125,3.148966,1.4854348
ISIC_0062133,2.2477329,0.15354395
ISIC_0062138,-0.2863936,0.1285423
ISIC_0062149,-0.35731322,-1.6601698
ISIC_0062152,0.7754611,2.1810515
ISIC_0062154,0.6545037,2.212909
ISIC_0062155,0.8010105,2.1264098
ISIC_0062158,-1.4781911,-1.3648071
ISIC_0062160,2.0187309,-2.9793456
ISIC_0062161,-0.28752065,1.8146304
ISIC_0062162,-1.5149739,1.3998832
ISIC_0062163,3.0054686,-2.4870005
ISIC_0062171,1.0217183,3.025892
ISIC_0062176,2.282965,-3.5597215
ISIC_0062183,-1.0581243,2.3815613
ISIC_0062203,-1.3524741,0.996085
ISIC_0062206,-0.14620921,2.3655682
ISIC_0062208,1.3435483,-1.7595054
ISIC_0062211,2.0863707,0.8371684
ISIC_0062213,-1.2325321,-0.89053094
ISIC_0062220,1.2094713,-1.0079528
ISIC_0062235,-1.705036,-1.719447
ISIC_0062239,2.000542,-1.8273127
ISIC_0062241,-0.4074645,-2.2405708
ISIC_0062242,0.70037025,-1.0631819
ISIC_0062248,1.4930323,-2.0731707
ISIC_0062251,-1.5186284,-1.709775
ISIC_0062256,-2.3954082,0.97761154
ISIC_0062260,2.2356112,-0.0074036014
ISIC_0062266,3.3543468,-0.70450836
ISIC_0062269,-1.4688843,-0.9570199
ISIC_0062273,0.730049,-1.594255
ISIC_0062280,0.2204779,1.8924706
ISIC_0062286,0.47644305,0.7337752
ISIC_0062296,-0.9165423,0.9663637
ISIC_0062298,1.9471973,-3.7103732
ISIC_0062301,1.9790184,-3.1133447
ISIC_0062318,3.2368445,-2.4737036
ISIC_0062323,1.8820304,-2.6441574
ISIC_0062325,2.7716916,-0.22298485
ISIC_0062340,3.213181,-0.40839612
ISIC_0062350,0.42183474,2.6688845
ISIC_0062359,1.8643073,-0.18291305
ISIC_0062381,-1.9694326,0.85560757
ISIC_0062382,-1.2197464,-1.0370053
ISIC_0062389,-2.1086829,-1.2142566
ISIC_0062401,2.8583283,-2.5369573
ISIC_0062407,-0.5757652,1.5005279
ISIC_0062423,3.157007,1.1222793
ISIC_0062425,-0.75130194,0.39086407
ISIC_0062434,2.2736316,-3.4676752
ISIC_0062447,2.6097577,2.4095414
ISIC_0062453,-1.7764969,-1.0892425
ISIC_0062454,2.1857479,0.41805205
ISIC_0062457,3.2793896,-1.746818
ISIC_0062458,-0.54863715,2.3889046
ISIC_0062463,2.533402,-1.9708446
ISIC_0062468,1.2940203,-2.503437
ISIC_0062471,0.5453999,-0.9218204
ISIC_0062474,0.8620393,2.9035535
ISIC_0062477,0.020812612,-1.9840219
ISIC_0062478,2.2661867,0.905446
ISIC_0062481,-2.3413048,-1.4486947
ISIC_0062497,0.7612631,1.8744794
ISIC_0062505,0.6945598,-1.8560573
ISIC_0062509,0.51684546,3.0577924
ISIC_0062515,1.91703,-2.8759317
ISIC_0062517,1.4627283,-2.8148572
ISIC_0062523,0.63278097,2.296821
ISIC_0062524,-0.035795394,-2.540736
ISIC_0062525,-1.0870283,0.37006888
ISIC_0062530,1.6297437,-1.8906455
ISIC_0062531,1.7953249,-2.2666419
ISIC_0062536,0.94303226,2.8286502
ISIC_0062539,-0.63257444,-1.1885825
ISIC_0062547,1.280393,-2.7057557
ISIC_0062551,1.8539051,-2.9415944
ISIC_0062559,-2.3352435,1.0415795
ISIC_0062562,0.9046085,1.8468517
ISIC_0062589,0.4492737,1.5757916
ISIC_0062596,2.8027024,-2.3794115
ISIC_0062602,0.38312528,2.2335477
ISIC_0062606,1.6298095,-1.7101368
ISIC_0062626,1.0514035,-2.0315537
ISIC_0062628,-1.1825703,1.0278559
ISIC_0062632,2.5369215,0.018546496
ISIC_0062633,0.3221709,1.3098918
ISIC_0062636,1.5049138,0.5168905
ISIC_0062639,0.97662044,-3.2517042
ISIC_0062642,-0.54636925,0.6703645
ISIC_0062649,2.5898373,-3.4077625
ISIC_0062674,2.7869828,-1.6047302
ISIC_0062681,0.5286577,1.3181801
ISIC_0062684,0.6234168,0.9204971
ISIC_0062688,-0.2646767,0.6173723
ISIC_0062690,3.2963173,-1.1086737
ISIC_0062700,2.258007,-1.501837
ISIC_0062702,-1.1606544,1.4683051
ISIC_0062708,2.5506294,-0.6224701
ISIC_0062709,-1.9426503,-1.9152101
ISIC_0062712,-1.7117019,1.0344186
ISIC_0062716,0.88946694,1.0817497
ISIC_0062721,3.3589644,-0.49202424
ISIC_0062723,2.2341743,-3.0160012
ISIC_0062724,-0.6281642,1.6453121
ISIC_0062734,-0.5579209,1.0598123
ISIC_0062736,0.6973823,-0.850442
ISIC_0062762,1.2159868,-1.6888344
ISIC_0062765,1.9470878,-3.33379
ISIC_0062770,-2.040278,-0.48710546
ISIC_0062780,0.27906337,1.7145144
ISIC_0062792,-0.04358904,-1.6237044
ISIC_0062806,3.034525,1.922291
ISIC_0062809,2.8084123,1.6494219
ISIC_0062816,-0.18595788,1.2650816
ISIC_0062821,-0.114827015,1.4816502
ISIC_0062827,2.13219,-3.294994
ISIC_0062832,2.844603,-3.0622442
ISIC_0062841,-0.9332654,-1.1137214
ISIC_0062844,1.6845667,1.1838078
ISIC_0062869,-0.17355315,1.87588
ISIC_0062879,2.3133237,2.3033278
ISIC_0062891,-2.000392,1.3881322
ISIC_0062912,-0.8165735,1.5562075
ISIC_0062922,2.2133503,-1.4417322
ISIC_0062925,1.3623644,-1.482836
ISIC_0062935,2.4186833,-1.9600672
ISIC_0062944,1.4241513,-1.053368
ISIC_0062948,1.8018614,0.95559615
ISIC_0062952,-0.24860072,0.046323754
ISIC_0062954,3.4497905,-2.2983677
ISIC_0062957,-1.7485677,-0.77430093
ISIC_0062970,0.8556803,-3.3326259
ISIC_0062978,0.7822372,1.8297446
ISIC_0062983,2.920066,-1.4351355
ISIC_0062985,3.0265958,-1.8515589
ISIC_0062991,-1.9681677,1.5935541
ISIC_0062992,1.0538164,2.3908975
ISIC_0062994,0.41950747,-2.6124783
ISIC_0062998,2.8616683,-0.31735417
ISIC_0063018,1.7747296,-3.2808294
ISIC_0063026,-0.47942218,-2.0711768
ISIC_0063027,-0.95479125,1.0526828
ISIC_0063032,1.7315117,1.507453
ISIC_0063046,2.5522435,0.07707287
ISIC_0063056,1.0885832,-2.90783
ISIC_0063058,-1.0808537,0.4135793
ISIC_0063060,0.5211501,2.7966747
ISIC_0063070,-0.08382071,-0.97634447
ISIC_0063072,2.9992976,-0.71942747
ISIC_0063077,-2.2688942,0.9971395
ISIC_0063081,-1.8345106,1.64212
ISIC_0063087,2.7360966,1.610003
ISIC_0063102,-0.50426996,2.542289
ISIC_0063103,-0.60762763,-2.8278542
ISIC_0063109,2.790817,0.4874263
ISIC_0063114,0.76195925,2.9859319
ISIC_0063124,-2.2602544,-0.9188759
ISIC_0063125,-2.3068871,0.99708605
ISIC_0063130,-1.7847737,-0.25879344
ISIC_0063131,0.4998336,1.5712147
ISIC_0063143,2.661624,-2.5831296
ISIC_0063148,2.7711163,-1.1738797
ISIC_0063151,1.6016316,-2.749371
ISIC_0063168,1.2366266,-3.3166075
ISIC_0063169,1.5932556,-3.3318472
ISIC_0063172,-2.1335218,0.7808125
ISIC_0063174,-0.6963557,0.7243227
ISIC_0063180,-0.7237678,1.5018654
ISIC_0063181,-0.72116375,-2.4923666
ISIC_0063182,-1.7192181,-2.0607042
ISIC_0063190,0.4531771,-2.6047077
ISIC_0063191,1.3701885,-0.031045923
ISIC_0063198,1.6654074,-1.2982457
ISIC_0063202,0.5821506,-3.3747895
ISIC_0063207,1.1877431,-2.7674296
ISIC_0063216,0.74724656,-1.2350302
ISIC_0063222,1.1943139,1.4204764
ISIC_0063225,0.785717,-1.2450856
ISIC_0063228,-0.49090508,-1.3412582
ISIC_0063233,-0.22414953,1.8507024
ISIC_0063234,0.99058205,-2.6949224
ISIC_0063240,1.3160771,-3.0100617
ISIC_0063241,-0.7715598,-2.1644003
ISIC_0063258,3.6702044,2.0019405
ISIC_0063264,2.7554498,-2.198821
ISIC_0063266,2.7131686,1.1512582
ISIC_0063268,-0.14819397,-2.526405
ISIC_0063271,1.5377601,-2.8889387
ISIC_0063288,0.08904791,2.1715896
ISIC_0063292,2.0810843,-3.5839074
ISIC_0063300,1.4850354,-0.6391884
ISIC_0063302,2.9415832,-3.135434
ISIC_0063305,3.143509,0.7839369
ISIC_0063318,0.9822729,-2.4351876
ISIC_0063334,1.1123952,-1.3336134
ISIC_0063345,2.9765334,1.266931
ISIC_0063349,2.5779612,-3.0280972
ISIC_0063360,3.1900556,0.3903401
ISIC_0063362,-1.1342375,2.3194695
ISIC_0063369,1.1715721,-2.958467
ISIC_0063373,2.6302886,1.1114771
ISIC_0063392,0.62004983,-1.1045426
ISIC_0063394,-1.862017,-0.33635747
ISIC_0063410,1.6869552,1.285124
ISIC_0063414,-1.7918111,1.1475726
ISIC_0063425,-1.6858188,0.9571595
ISIC_0063437,-0.9991919,1.8807347
ISIC_0063443,1.1895732,2.272728
ISIC_0063445,-1.1454905,2.2073793
ISIC_0063447,2.642486,-2.820349
ISIC_0063450,-0.813106,1.0297861
ISIC_0063456,1.7315731,-2.1902494
ISIC_0063464,-2.234118,0.504913
ISIC_0063467,-0.80443656,0.728795
ISIC_0063469,0.88975364,2.998587
ISIC_0063470,3.2426069,0.029336259
ISIC_0063475,0.27135232,-1.0251573
ISIC_0063480,1.4840727,-0.5807859
ISIC_0063481,2.5333815,-0.24235532
ISIC_0063493,1.3087871,-2.4355392
ISIC_0063496,0.009592642,-2.694875
ISIC_0063505,1.4294126,-0.86929476
ISIC_0063521,-1.2565374,2.0751112
ISIC_0063528,2.6938567,-3.2151392
ISIC_0063537,1.6325939,-1.7215841
ISIC_0063541,3.3710668,-1.2335163
ISIC_0063551,2.5695827,-3.071017
ISIC_0063566,-0.8121253,-1.2518163
ISIC_0063578,1.6947306,-3.0788667
ISIC_0063601,2.9013102,1.8310167
ISIC_0063617,0.94449043,-0.0881737
ISIC_0063623,-1.4010811,1.3747627
ISIC_0063625,-0.9805691,1.8605435
ISIC_0063634,-1.5207932,-1.5296365
ISIC_0063636,3.3397985,-2.4776464
ISIC_0063641,1.4823127,1.3407507
ISIC_0063654,-1.0321051,-0.62478215
ISIC_0063655,-1.8759822,0.13891335
ISIC_0063660,0.60160077,-3.3309982
ISIC_0063664,0.009872223,-2.903129
ISIC_0063675,1.2969674,-1.1346369
ISIC_0063679,-1.9932944,0.9896368
ISIC_0063680,-0.5481766,-1.822592
ISIC_0063687,0.8413354,2.8184884
ISIC_0063690,2.214855,-1.0526633
ISIC_0063691,0.799755,-1.7006823
ISIC_0063692,-1.6982781,-1.308426
ISIC_0063693,0.8180101,-0.8133184
ISIC_0063695,0.4499333,2.1196404
ISIC_0063704,-0.6833851,1.1041987
ISIC_0063715,1.1752175,-0.47955254
ISIC_0063723,-1.6696455,-0.58203554
ISIC_0063724,1.6006877,-1.7822765
ISIC_0063727,1.4679815,-1.8849577
ISIC_0063732,3.2366118,0.84473646
ISIC_0063742,-0.6438394,-3.0107057
ISIC_0063748,2.1867404,-3.335288
ISIC_0063750,-1.6519439,0.6962398
ISIC_0063757,-1.1855801,1.064767
ISIC_0063759,2.5109622,-2.9408097
ISIC_0063769,1.8793677,-2.1527317
ISIC_0063775,0.97457963,1.5288216
ISIC_0063788,1.2701666,-0.5722471
ISIC_0063793,2.6457107,-2.2449849
ISIC_0063795,3.1435137,0.28001943
ISIC_0063811,0.014381574,-1.1629738
ISIC_0063824,-0.5343992,0.9148693
ISIC_0063829,1.1943657,-0.501346
ISIC_0063830,2.671964,-1.8503323
ISIC_0063839,1.0810119,-3.409837
ISIC_0063842,2.0441773,-3.0146935
ISIC_0063845,-1.6454538,-1.5935599
ISIC_0063852,0.48668498,-1.0976897
ISIC_0063870,-1.0749736,-2.3570504
ISIC_0063871,3.4866772,-2.284976
ISIC_0063872,3.0997636,1.3963743
ISIC_0063873,2.9164553,-2.8814805
ISIC_0063881,3.290068,-2.3495939
ISIC_0063885,0.38587755,-1.6622695
ISIC_0063887,2.0870674,1.7453866
ISIC_0063897,2.4767146,-1.4882946
ISIC_0063908,2.6957266,-0.39755324
ISIC_0063912,2.6140783,2.3106546
ISIC_0063915,0.6106929,-0.98041356
ISIC_0063926,3.1391392,-0.16284809
ISIC_0063937,-1.5272067,-1.2406857
ISIC_0063945,2.917974,1.8280743
ISIC_0063946,-0.6316529,2.437992
ISIC_0063950,1.3736492,1.4436201
ISIC_0063958,2.3501885,2.0258484
ISIC_0063960,-0.580142,1.9084723
ISIC_0063973,0.9889537,2.0030868
ISIC_0063980,2.80943,-1.1273317
ISIC_0063981,3.27349,0.6605872
ISIC_0063988,-0.7295134,-1.9509877
ISIC_0064006,3.7076626,2.0441356
ISIC_0064014,1.4939295,-3.608403
ISIC_0064023,0.9218655,-3.3312874
ISIC_0064033,2.9283056,0.34985518
ISIC_0064034,0.98999465,-2.6317563
ISIC_0064054,-2.0681515,0.8796505
ISIC_0064056,-1.2046198,0.60650724
ISIC_0064058,2.3837578,1.2611041
ISIC_0064060,-1.9668282,-1.6359534
ISIC_0064062,0.8357942,-2.8794775
ISIC_0064072,-1.5715212,-0.91579664
ISIC_0064073,-1.9762412,-1.6543527
ISIC_0064079,-0.45782754,1.6393237
ISIC_0064080,1.4156102,-2.5915911
ISIC_0064082,0.30702725,-3.12104
ISIC_0064100,1.033993,-2.4633167
ISIC_0064102,1.0705425,-3.2830648
ISIC_0064110,-1.7125118,1.6905781
ISIC_0064114,0.21238014,1.7606435
ISIC_0064116,-2.4563446,-1.2993697
ISIC_0064120,2.0830774,-3.2197
ISIC_0064122,2.7580059,-0.79624116
ISIC_0064129,2.738448,1.3707472
ISIC_0064130,1.5671083,-1.2539887
ISIC_0064134,3.1590717,2.0561788
ISIC_0064141,2.8522487,2.4611688
ISIC_0064152,3.3697057,-2.6691377
ISIC_0064157,1.9168041,-1.7358598
ISIC_0064167,2.231013,-0.13428591
ISIC_0064174,0.17805839,2.602735
ISIC_0064180,3.1509223,-1.933537
ISIC_0064195,-0.84809524,0.69376963
ISIC_0064201,-1.9676058,1.4399976
ISIC_0064204,2.9794312,1.6644967
ISIC_0064209,0.5289157,-0.6572079
ISIC_0064212,2.3234136,1.3720309
ISIC_0064229,-0.054857247,1.7175719
ISIC_0064240,1.271495,2.3031418
ISIC_0064246,1.3808072,-2.904569
ISIC_0064247,1.6339225,-1.9744971
ISIC_0064261,-1.2509143,-1.8547254
ISIC_0064266,0.8223449,2.5428588
ISIC_0064268,2.859824,-1.6094946
ISIC_0064270,2.4779875,-3.27715
ISIC_0064272,2.2859123,-1.1230816
ISIC_0064276,-1.0615836,0.8355694
ISIC_0064279,1.3180639,-3.0977821
ISIC_0064281,0.61216456,-2.615874
ISIC_0064294,0.9575212,-1.9154865
ISIC_0064297,-0.30119953,2.0338354
ISIC_0064298,0.68947595,-2.0438712
ISIC_0064307,1.8460312,-3.0112596
ISIC_0064317,-1.9904274,-1.3315516
ISIC_0064320,-2.213948,-0.49255407
ISIC_0064321,0.8856593,-1.9376631
ISIC_0064328,-1.7177145,-0.27790114
ISIC_0064337,-0.9989748,2.1736724
ISIC_0064339,2.912947,-1.3980923
ISIC_0064344,0.20884486,0.23939124
ISIC_0064360,-1.3222661,1.3124274
ISIC_0064361,2.4316053,-1.1659726
ISIC_0064369,1.8340602,-3.2424288
ISIC_0064376,0.45745203,-0.9947908
ISIC_0064393,0.9307479,-1.531994
ISIC_0064406,0.5918794,2.805506
ISIC_0064411,2.883648,-2.3975832
ISIC_0064419,-0.48064458,1.1826715
ISIC_0064427,-1.2119765,-0.3480914
ISIC_0064428,2.548089,-2.6132812
ISIC_0064436,2.2696943,-1.7455438
ISIC_0064444,3.3910596,0.7453268
ISIC_0064455,-0.67539716,2.426816
ISIC_0064463,-1.3570247,1.5334333
ISIC_0064465,0.86603975,2.1873229
ISIC_0064472,-1.3852687,-2.2219207
ISIC_0064476,-1.2284757,-1.9148296
ISIC_0064481,2.5012865,0.08405703
ISIC_0064483,3.5454357,1.0398346
ISIC_0064498,2.6450121,-2.2381268
ISIC_0064507,3.052811,2.4486537
ISIC_0064515,2.4167707,-1.691182
ISIC_0064517,1.6257542,-2.8396952
ISIC_0064530,1.0891948,2.7744727
ISIC_0064531,3.2570796,0.04022684
ISIC_0064534,2.0239239,-2.230559
ISIC_0064538,0.47347796,1.3568684
ISIC_0064550,1.5272645,-0.44333884
ISIC_0064559,1.8136408,-3.2704365
ISIC_0064569,3.1319678,0.19839467
ISIC_0064575,1.7476463,0.8660592
ISIC_0064581,2.6700435,-1.8817706
ISIC_0064585,0.8708069,0.7629579
ISIC_0064589,2.694868,-1.6888363
ISIC_0064592,1.2137828,1.1271899
ISIC_0064606,1.4717405,-3.446333
ISIC_0064611,-0.31680065,0.9482552
ISIC_0064619,1.8827374,-2.7045949
ISIC_0064623,0.88773257,-3.0248275
ISIC_0064632,-0.28092378,2.742169
ISIC_0064633,-0.10138489,-2.6140008
ISIC_0064645,2.6493874,-1.612412
ISIC_0064646,0.44041985,-2.1287599
ISIC_0064656,-2.0808556,-0.42553338
ISIC_0064660,-0.5956746,-1.8245344
ISIC_0064667,3.839528,1.083549
ISIC_0064668,0.35520297,-2.618269
ISIC_0064672,-0.7502493,2.494397
ISIC_0064676,-0.87545305,1.0226188
ISIC_0064686,-0.36268663,2.3229167
ISIC_0064689,-0.4056003,-2.033295
ISIC_0064692,-0.6070406,1.1001188
ISIC_0064693,-0.8308534,0.6860413
ISIC_0064694,2.7230866,0.41849098
ISIC_0064721,-0.30548602,2.4141994
ISIC_0064730,3.0182083,-1.5784199
ISIC_0064732,1.8280373,1.0549661
ISIC_0064739,1.4795274,-2.8354933
ISIC_0064742,-2.0573068,-0.31006786
ISIC_0064752,3.3896458,0.80388093
ISIC_0064759,3.2301323,-1.7240143
ISIC_0064784,1.7229174,-2.783006
ISIC_0064800,1.163083,-0.85362124
ISIC_0064804,0.10532487,2.3607726
ISIC_0064816,1.6688651,2.1360216
ISIC_0064821,1.3225558,1.3037704
ISIC_0064822,-1.5346558,-1.2533975
ISIC_0064823,1.3583038,-3.2353117
ISIC_0064825,0.7941972,2.4350793
ISIC_0064829,2.2962968,0.9648001
ISIC_0064835,-2.4735897,-1.4210157
ISIC_0064836,-0.242065,-1.2599053
ISIC_0064840,-1.8700651,1.5020545
ISIC_0064849,2.670135,0.47253567
ISIC_0064860,1.5145675,-3.2918746
ISIC_0064868,-0.5617055,1.361445
ISIC_0064874,-1.9859265,-0.5677081
ISIC_0064875,1.7291642,-3.8771858
ISIC_0064881,-1.5382266,1.732356
ISIC_0064887,1.7817899,2.3648062
ISIC_0064905,2.5218337,-1.942648
ISIC_0064907,0.48066747,-2.7011802
ISIC_0064909,3.3464885,-2.2943933
ISIC_0064910,0.21099451,2.3726246
ISIC_0064919,2.1145356,-1.5793926
ISIC_0064921,0.54077744,3.0460358
ISIC_0064925,2.0256522,-2.7463396
ISIC_0064926,2.0403116,0.5328231
ISIC_0064927,-1.6707753,-1.6602188
ISIC_0064929,-1.3653766,-0.9806623
ISIC_0064933,1.2812123,0.91064984
ISIC_0064936,-1.1400888,0.38539672
ISIC_0064941,2.1758842,-2.9449224
ISIC_0064943,1.6915357,-0.87144625
ISIC_0064949,2.7079678,-0.8608786
ISIC_0064965,-1.2784356,1.8308386
ISIC_0064982,-0.8275314,2.2846086
ISIC_0064983,2.8230648,2.2400608
ISIC_0064986,2.5916457,0.40202856
ISIC_0064990,3.2888494,0.6014315
ISIC_0064992,-1.1531183,1.2525513
ISIC_0064993,2.979968,1.6951817
ISIC_0064997,0.7833941,2.142825
ISIC_0065001,-1.3137162,-2.417406
ISIC_0065008,2.8099504,-2.58784
ISIC_0065013,1.6129274,-3.2173777
ISIC_0065022,-0.7037543,-1.2139696
ISIC_0065023,1.6740202,-2.0546021
ISIC_0065025,2.5867624,0.733582
ISIC_0065026,3.3551772,2.2989883
ISIC_0065036,0.380834,-2.8849247
ISIC_0065039,-2.2331636,-1.5170412
ISIC_0065046,-0.0076178918,1.6069523
ISIC_0065057,0.044177823,-1.8540703
ISIC_0065059,3.210644,-1.6343803
ISIC_0065066,1.297855,-2.4545903
ISIC_0065099,0.9097806,-1.8345947
ISIC_0065100,0.23421998,1.7706673
ISIC_0065106,2.3087554,-2.824111
ISIC_0065109,1.3996127,2.106034
ISIC_0065128,-0.27103353,-2.1571167
ISIC_0065132,-0.55560005,0.86225694
ISIC_0065142,-1.3362851,1.2695816
ISIC_0065159,2.1531096,-2.3593512
ISIC_0065168,0.7257261,-1.7858448
ISIC_0065171,-2.0483637,-1.3119597
ISIC_0065173,2.4892797,1.5970203
ISIC_0065186,3.0236275,2.2541933
ISIC_0065191,0.78723973,-2.265963
ISIC_0065192,-0.20466532,-2.3078701
ISIC_0065195,3.0503297,1.8282894
ISIC_0065206,-1.9911898,-1.6826336
ISIC_0065210,-0.804432,0.64271724
ISIC_0065213,3.3151014,-2.6108227
ISIC_0065215,1.2003747,-1.9968045
ISIC_0065230,2.007495,1.1221071
ISIC_0065235,-0.7066884,0.31981704
ISIC_0065236,-0.22042727,-1.7931961
ISIC_0065248,0.8014248,1.9258568
ISIC_0065253,-1.5802029,-2.1938345
ISIC_0065265,-0.83369774,2.117271
ISIC_0065267,0.97927994,-1.9386514
ISIC_0065278,-0.031781424,-0.69162726
ISIC_0065283,-0.6681247,-2.9720123
ISIC_0065305,-1.1436746,-2.316281
ISIC_0065307,1.5422708,-3.120198
ISIC_0065311,1.2040447,-0.9023125
ISIC_0065313,1.2513583,-0.16421759
ISIC_0065315,-0.83072335,1.5808834
ISIC_0065341,-0.8348479,-1.1335515
ISIC_0065347,0.077672,-2.93165
ISIC_0065351,-0.7710418,-2.549373
ISIC_0065363,2.4632866,-2.3478925
ISIC_0065367,3.7876275,1.8944362
ISIC_0065379,3.2903216,-1.6080577
ISIC_0065382,1.4654222,-2.5986812
ISIC_0065398,-1.350378,-2.259285
ISIC_0065402,-0.64186025,2.3115141
ISIC_0065408,-1.049359,-1.9858016
ISIC_0065417,2.810053,2.506749
ISIC_0065431,0.85436946,2.3527865
ISIC_0065434,1.3173053,-1.5202029
ISIC_0065443,-1.060303,-0.6178021
ISIC_0065446,1.0641755,-0.57897836
ISIC_0065448,-0.3779959,-2.2336147
ISIC_0065449,3.0001473,0.24194314
ISIC_0065463,2.1417437,-3.3823786
ISIC_0065477,0.9228265,-2.871473
ISIC_0065507,1.9389571,0.9928742
ISIC_0065512,3.2577996,-1.9230677
ISIC_0065513,1.0302123,0.70785004
ISIC_0065516,1.7142581,-3.1114438
ISIC_0065518,-0.8348131,0.11120469
ISIC_0065521,1.4444122,-0.9050427
ISIC_0065523,2.2871385,-2.1654046
ISIC_0065525,-0.19761206,-2.5043056
ISIC_0065531,-2.1428351,-1.3969014
ISIC_0065532,-2.027773,0.14272216
ISIC_0065533,1.4627937,1.1241598
ISIC_0065535,2.9652574,-0.3639525
ISIC_0065539,-1.3238903,-0.34610757
ISIC_0065571,0.46113458,-2.5582492
ISIC_0065576,0.8144794,1.6730547
ISIC_0065577,-1.7111293,1.8482752
ISIC_0065582,1.1580882,-2.818172
ISIC_0065590,-2.3200824,-1.4066119
ISIC_0065597,-0.21238598,-1.1379813
ISIC_0065598,-1.779034,1.1088171
ISIC_0065615,1.5721284,-1.3955935
ISIC_0065618,1.0664058,-2.4575055
ISIC_0065622,3.356228,-1.7432506
ISIC_0065627,2.8279238,-0.103904955
ISIC_0065644,3.4155266,-0.32022172
ISIC_0065655,3.3315315,-2.3996563
ISIC_0065658,1.3255244,-0.09773334
ISIC_0065668,2.7801185,1.855505
ISIC_0065671,-0.6980331,1.3497473
ISIC_0065675,-1.2340536,-1.4561353
ISIC_0065694,0.67170835,2.4023156
ISIC_0065697,0.3279238,-2.2975214
ISIC_0065698,3.1705005,0.36456507
ISIC_0065709,3.242189,-2.229189
ISIC_0065714,1.6439325,-3.355198
ISIC_0065727,1.2442404,-2.7365184
ISIC_0065740,1.2558681,-1.0223098
ISIC_0065742,-0.3660034,-1.7844055
ISIC_0065746,2.000066,-0.17263623
ISIC_0065748,3.8796854,1.9158034
ISIC_0065760,1.8352923,0.9886681
ISIC_0065767,-0.34596947,0.55792314
ISIC_0065774,1.9486601,-1.8839438
ISIC_0065775,2.4706264,-1.3647846
ISIC_0065781,-2.003677,0.6769184
ISIC_0065786,0.5871196,1.2515568
ISIC_0065788,0.86964786,2.6456878
ISIC_0065801,-1.4903039,0.8281769
ISIC_0065806,1.1961564,-2.5243201
ISIC_0065807,1.4494978,-0.3049713
ISIC_0065813,-0.5760149,-1.5327864
ISIC_0065823,-0.24753398,-1.7150255
ISIC_0065825,2.3653347,-2.0931118
ISIC_0065843,0.13163199,2.6688867
ISIC_0065853,-0.6723426,2.1855428
ISIC_0065858,2.3416228,-1.7637492
ISIC_0065869,0.0477471,2.6073475
ISIC_0065870,-1.8856381,-1.4892967
ISIC_0065872,2.0600188,-3.722491
ISIC_0065889,-0.5351507,1.714177
ISIC_0065895,2.8457828,0.65759915
ISIC_0065904,2.8074155,-2.6400158
ISIC_0065918,0.7216277,-3.3056118
ISIC_0065927,-2.2040224,0.72363544
ISIC_0065928,3.078551,-2.5440176
ISIC_0065932,0.90502185,-1.4933703
ISIC_0065943,0.73538995,1.1493194
ISIC_0065944,1.2892159,0.4953546
ISIC_0065945,0.84289736,0.7927914
ISIC_0065961,-1.6574543,-1.9175267
ISIC_0065969,-0.72140235,-0.77148974
ISIC_0065974,1.5531778,-2.2335718
ISIC_0065997,3.2013397,-1.6776234
ISIC_0066001,1.1144657,-3.1830764
ISIC_0066019,2.8605292,-0.9901796
ISIC_0066047,-0.50315994,1.7995051
ISIC_0066058,2.1255684,1.4684367
ISIC_0066061,2.921615,-2.5486338
ISIC_0066066,-1.0482973,0.89953536
ISIC_0066069,0.92579204,-2.4890132
ISIC_0066075,0.89982945,0.66950196
ISIC_0066085,-0.80498445,-1.7519586
ISIC_0066093,0.40742266,1.5931358
ISIC_0066094,1.7269198,-2.8958435
ISIC_0066098,-1.5945281,0.60347915
ISIC_0066101,3.4050763,1.0915562
ISIC_0066102,1.5852152,-2.142314
ISIC_0066106,0.59230095,-2.839655
ISIC_0066109,-0.6820407,2.1965616
ISIC_0066116,0.6696222,-2.882399
ISIC_0066124,1.0506508,2.0672648
ISIC_0066127,-0.7684642,0.7233519
ISIC_0066136,-0.777592,0.5873243
ISIC_0066143,-2.0349224,-0.66463643
ISIC_0066146,3.32523,-1.115562
ISIC_0066154,3.1074433,1.3723099
ISIC_0066161,0.58657056,-1.1852204
ISIC_0066165,-1.8927116,-1.5141904
ISIC_0066181,-0.21910791,2.2330284
ISIC_0066185,3.2892108,-0.980111
ISIC_0066191,1.777781,1.0666245
ISIC_0066200,1.5658513,-1.4012525
ISIC_0066203,1.4784707,-3.1736114
ISIC_0066204,-2.075907,0.11419159
ISIC_0066209,-1.7950573,-0.75143266
ISIC_0066217,1.420966,-3.3103192
ISIC_0066226,3.0764785,0.20578162
ISIC_0066244,2.2895563,-3.5481572
ISIC_0066289,-1.0134546,-1.697434
ISIC_0066307,-1.7058352,1.9359586
ISIC_0066308,2.9598153,0.43729904
ISIC_0066316,-2.4795902,-1.3934685
ISIC_0066320,-1.9690242,0.8889481
ISIC_0066325,3.1655822,-1.8389093
ISIC_0066332,-0.69143176,2.4291203
ISIC_0066336,1.9981875,-1.9943763
ISIC_0066338,-1.7153872,0.9983177
ISIC_0066350,2.729599,-2.311179
ISIC_0066352,-2.3483443,0.97018266
ISIC_0066358,0.76969,-1.2997067
ISIC_0066359,1.3266866,-0.86436963
ISIC_0066375,0.62747085,-1.1122687
ISIC_0066376,2.2606547,-3.455385
ISIC_0066378,2.4188526,-0.24506268
ISIC_0066379,1.7722969,-3.3233328
ISIC_0066382,2.6938765,-2.449492
ISIC_0066384,0.21260834,2.193116
ISIC_0066390,1.3739672,2.1750016
ISIC_0066394,1.3962954,1.9785639
ISIC_0066399,3.351011,-2.6599817
ISIC_0066401,2.7965448,-1.7395393
ISIC_0066403,-1.7615728,0.65435433
ISIC_0066412,-1.1651058,1.7487055
ISIC_0066422,3.313719,1.1229498
ISIC_0066423,-1.1890392,-0.47109854
ISIC_0066426,3.1940234,-1.7216583
ISIC_0066428,-0.13952494,1.3632464
ISIC_0066430,1.1475911,-2.7360837
ISIC_0066448,-0.5453522,0.78628397
ISIC_0066470,-2.2432725,-0.48004255
ISIC_0066476,0.18394399,2.7826762
ISIC_0066481,2.7082632,2.4225876
ISIC_0066483,1.3275828,-0.09595056
ISIC_0066492,-0.69060594,-0.24342659
ISIC_0066497,2.4531624,-1.9363695
ISIC_0066499,-0.9876967,2.4042687
ISIC_0066500,2.7891989,-2.3596044
ISIC_0066505,3.3159258,1.734978
ISIC_0066506,0.6632081,2.37587
ISIC_0066515,-0.5311082,-2.1248496
ISIC_0066516,2.8191998,-1.0289879
ISIC_0066518,1.0324739,-0.116838165
ISIC_0066519,0.5652556,2.8043687
ISIC_0066520,1.78808,-1.7496213
ISIC_0066532,-0.8362105,-1.4869431
ISIC_0066533,2.2565906,-2.499037
ISIC_0066535,1.1738085,1.0285826
ISIC_0066560,2.1842086,-0.47877347
ISIC_0066564,0.3973734,-0.9760416
ISIC_0066568,-0.7011866,2.3748624
ISIC_0066588,-0.9575059,1.6550362
ISIC_0066589,-1.100696,1.037103
ISIC_0066593,-0.357939,-1.006676
ISIC_0066603,1.6785853,-2.4892483
ISIC_0066609,0.31290329,1.7076963
ISIC_0066612,-2.182187,-0.68415934
ISIC_0066613,2.953273,2.3029592
ISIC_0066626,-1.9159616,0.29819885
ISIC_0066627,2.6933692,-1.2334108
ISIC_0066629,3.2513824,0.6239429
ISIC_0066631,1.1957691,-2.6111076
ISIC_0066633,0.7875192,-3.3117154
ISIC_0066637,-1.6664635,-2.0917056
ISIC_0066649,3.11031,1.4050469
ISIC_0066650,-2.0480149,-1.7316676
ISIC_0066662,1.8653293,1.2172579
ISIC_0066671,1.8240901,-2.073813
ISIC_0066678,-1.4720967,-1.4850694
ISIC_0066690,3.2526565,0.7538202
ISIC_0066693,1.0414643,2.9900968
ISIC_0066710,1.6104313,-2.8393083
ISIC_0066716,3.5895534,0.8848641
ISIC_0066722,2.4443758,-1.6617218
ISIC_0066733,-1.737329,-1.7232307
ISIC_0066744,1.0041839,-1.3861642
ISIC_0066750,-0.10713506,-1.8730428
ISIC_0066756,1.9796593,-0.27617833
ISIC_0066766,1.4850224,-1.8523676
ISIC_0066767,-0.30093467,1.8247118
ISIC_0066769,1.7525736,-2.680277
ISIC_0066776,0.74314815,-1.5319444
ISIC_0066783,1.6370317,-2.6780095
ISIC_0066792,2.8511162,-0.23183863
ISIC_0066802,2.5538926,0.35906962
ISIC_0066811,1.9952793,0.798509
ISIC_0066815,3.3002837,0.5533668
ISIC_0066844,1.9779557,-1.227905
ISIC_0066845,1.7946006,-2.2192278
ISIC_0066848,0.58396167,1.9245677
ISIC_0066854,-0.6698213,2.4414208
ISIC_0066855,-1.0647688,-2.458518
ISIC_0066860,-0.49803188,2.0947254
ISIC_0066863,2.9242363,-2.9633117
ISIC_0066865,2.942461,1.1991433
ISIC_0066867,1.8091699,-0.7838479
ISIC_0066869,-0.47521314,-2.1614394
ISIC_0066882,0.4302872,-3.1672442
ISIC_0066886,0.20758107,1.7481588
ISIC_0066907,-1.732313,0.29253802
ISIC_0066910,3.0477266,1.4513077
ISIC_0066918,0.93241364,1.6788036
ISIC_0066921,3.1851435,-0.3499426
ISIC_0066927,2.3553157,-0.15774144
ISIC_0066931,-0.93639916,-1.7070488
ISIC_0066933,1.8985186,0.97437686
ISIC_0066935,3.1183205,1.2117225
ISIC_0066947,0.9754825,-3.0344954
ISIC_0066952,3.0259104,-0.7524519
ISIC_0066969,2.6469214,-1.5588869
ISIC_0066977,0.9923155,1.7808458
ISIC_0066994,2.0294306,0.8871923
ISIC_0067005,2.954521,2.4117737
ISIC_0067008,1.0993845,-2.9005969
ISIC_0067009,0.068429396,-2.5041323
ISIC_0067054,-1.8084457,-1.0398192
ISIC_0067062,3.2335153,0.64769197
ISIC_0067069,2.05924,-2.7714627
ISIC_0067083,-0.71228147,-1.6313759
ISIC_0067101,2.5235674,0.371553
ISIC_0067120,-1.8182142,-0.3195264
ISIC_0067126,2.505801,-1.4182067
ISIC_0067129,3.4118774,-0.7906709
ISIC_0067134,1.369975,-2.2162063
ISIC_0067151,3.197379,-1.7401072
ISIC_0067159,-1.4196118,-2.251992
ISIC_0067160,-0.6637409,-2.992192
ISIC_0067167,2.8410125,-0.44953257
ISIC_0067171,1.4232345,2.4624543
ISIC_0067188,-0.9265356,0.94699043
ISIC_0067191,0.8174816,2.8487616
ISIC_0067193,0.9425608,-1.3865451
ISIC_0067194,-0.12234125,-2.9903383
ISIC_0067197,2.3004103,-3.4971495
ISIC_0067200,-1.3069477,1.6203806
ISIC_0067202,-1.4660394,-0.5774039
ISIC_0067206,2.0600429,-3.7872546
ISIC_0067208,1.9126263,-3.5732708
ISIC_0067210,-0.85291564,-2.2018688
ISIC_0067225,4.0137115,1.5411896
ISIC_0067233,2.8507802,0.9360838
ISIC_0067235,-2.1792881,-1.3696177
ISIC_0067240,0.65834254,2.1573894
ISIC_0067248,3.1805158,-0.08244235
ISIC_0067253,-1.8497133,-1.0136108
ISIC_0067274,0.5895596,-0.69591767
ISIC_0067276,1.8650552,-2.4247515
ISIC_0067284,-1.0188423,1.1382153
ISIC_0067308,0.06299567,2.032592
ISIC_0067317,-1.3387667,0.4857606
ISIC_0067318,-1.330922,2.0289493
ISIC_0067325,3.3089397,-0.54596364
ISIC_0067333,0.08062518,1.0515766
ISIC_0067335,0.35233334,1.5824599
ISIC_0067339,2.771227,-1.2967521
ISIC_0067347,-1.2955117,0.13465105
ISIC_0067350,-2.2087975,-1.7351893
ISIC_0067353,2.4104135,-1.6627879
ISIC_0067365,2.3314452,-0.14952469
ISIC_0067367,2.6830122,-1.666252
ISIC_0067375,-0.21692136,2.7136874
ISIC_0067395,1.3986669,-3.6505938
ISIC_0067404,2.6931167,-3.240261
ISIC_0067405,0.62423533,-3.372056
ISIC_0067417,-2.025927,0.67933637
ISIC_0067418,-0.719724,1.447853
ISIC_0067438,3.3018394,-2.4952793
ISIC_0067443,-1.8066587,-0.57501155
ISIC_0067452,2.812372,1.3391927
ISIC_0067458,-2.4558985,-1.2231523
ISIC_0067460,3.7779963,1.0491513
ISIC_0067461,1.0816438,1.5673517
ISIC_0067466,3.3019814,2.2516778
ISIC_0067485,-0.65043336,-3.0002239
ISIC_0067488,2.511098,-3.4098473
ISIC_0067489,1.7157637,-3.2862208
ISIC_0067495,1.5386509,-2.3438847
ISIC_0067502,0.7257786,-2.3044236
ISIC_0067504,1.0840391,-2.7887976
ISIC_0067510,2.9197283,0.21244946
ISIC_0067511,0.6973948,-3.0843022
ISIC_0067513,2.0232773,-2.8504946
ISIC_0067515,2.7119331,-0.0039128126
ISIC_0067518,1.7283353,-1.8404651
ISIC_0067521,-1.4129704,-1.5390282
ISIC_0067534,-0.80705285,-1.6999843
ISIC_0067536,2.3855588,-1.1384051
ISIC_0067543,-0.01601094,-0.96160495
ISIC_0067549,-2.367339,-0.4750843
ISIC_0067553,2.6580565,-2.955172
ISIC_0067564,2.7226365,-3.373104
ISIC_0067565,-0.7672876,0.36777616
ISIC_0067566,1.9367096,-3.06931
ISIC_0067576,1.852089,0.9629818
ISIC_0067577,-1.5866575,-1.2990814
ISIC_0067598,-2.1976078,-1.6611359
ISIC_0067601,-0.9751034,-1.3969804
ISIC_0067602,-1.7061838,-0.8024493
ISIC_0067619,4.0399494,1.3463607
ISIC_0067625,0.57629824,2.7803664
ISIC_0067629,2.0024712,-3.4906952
ISIC_0067630,3.346698,1.7584851
ISIC_0067636,1.3585237,-1.8251206
ISIC_0067653,2.227542,-2.9974222
ISIC_0067655,2.663909,-1.1244475
ISIC_0067667,1.1649853,-0.73370236
ISIC_0067671,0.51363975,3.131715
ISIC_0067685,1.7327881,-2.9655461
ISIC_0067689,2.8902538,-1.9652451
ISIC_0067695,-1.529259,-1.4250635
ISIC_0067696,2.6772318,-0.010443923
ISIC_0067697,0.7550646,-2.9024284
ISIC_0067704,-1.2390823,1.478385
ISIC_0067711,3.4528275,-1.0562469
ISIC_0067716,-2.1369336,0.75220704
ISIC_0067719,2.4023762,-0.30170682
ISIC_0067722,2.7133598,2.1431348
ISIC_0067731,1.5824513,-3.071913
ISIC_0067733,-0.71692294,0.31763607
ISIC_0067743,2.2052138,-1.9464657
ISIC_0067747,0.5863202,-1.9717243
ISIC_0067756,0.9877176,2.538486
ISIC_0067757,3.2782679,-2.2784412
ISIC_0067758,1.8246216,-3.4797792
ISIC_0067776,1.4112946,2.031489
ISIC_0067782,2.7264006,-0.8143255
ISIC_0067789,1.1965848,-2.275424
ISIC_0067798,3.1090126,-2.0695047
ISIC_0067804,-0.9962151,-1.1584405
ISIC_0067805,2.6811156,-2.4443696
ISIC_0067808,1.6164935,-3.0197604
ISIC_0067816,2.937065,1.482475
ISIC_0067821,2.5191667,-2.334268
ISIC_0067825,2.311561,1.9583502
ISIC_0067830,2.5554173,-3.033864
ISIC_0067831,2.991705,2.357704
ISIC_0067836,1.7417405,2.3918009
ISIC_0067843,2.307075,0.43271035
ISIC_0067845,0.5181323,1.7454153
ISIC_0067847,1.474601,-1.254037
ISIC_0067849,-2.0539355,-1.6048297
ISIC_0067857,-1.5317664,-1.4919577
ISIC_0067873,0.8183316,-0.93053675
ISIC_0067885,0.8804619,-3.2833655
ISIC_0067889,0.94331706,-3.2364461
ISIC_0067890,0.7386727,-1.7358409
ISIC_0067891,0.32726818,0.3031779
ISIC_0067893,0.03966514,-1.1526971
ISIC_0067896,0.95258117,0.8191654
ISIC_0067897,3.189741,-1.3185097
ISIC_0067902,-0.04137932,-0.77035266
ISIC_0067905,-1.2212112,-2.3842728
ISIC_0067933,-0.47657496,2.027947
ISIC_0067934,0.3460403,2.8535156
ISIC_0067947,2.5436225,-1.4655424
ISIC_0067949,3.0766726,-2.5682635
ISIC_0067952,2.8160625,-3.0165298
ISIC_0067953,1.2562116,-3.4810653
ISIC_0067960,-0.32527542,2.5318155
ISIC_0067969,0.48424658,-3.2036688
ISIC_0067972,-0.6359201,1.1178354
ISIC_0067979,0.78148985,1.8606172
ISIC_0068000,-0.45622742,-1.4257934
ISIC_0068003,3.7887177,1.9326934
ISIC_0068011,3.2192552,-1.5697489
ISIC_0068012,0.0036876323,-2.587962
ISIC_0068013,1.4687095,-2.6225424
ISIC_0068015,-0.47724116,-2.8202913
ISIC_0068023,2.5724914,-0.02813031
ISIC_0068043,1.9224286,-3.3518264
ISIC_0068048,-0.6342168,-2.9925227
ISIC_0068055,0.8018106,2.6150744
ISIC_0068060,-1.725322,-0.71352667
ISIC_0068064,2.9923239,2.4009483
ISIC_0068069,3.1838398,-0.044504214
ISIC_0068073,0.5121578,2.628257
ISIC_0068080,1.447462,2.0213706
ISIC_0068107,2.2261667,0.84343964
ISIC_0068114,3.7821336,0.78777367
ISIC_0068117,0.17662746,2.8547893
ISIC_0068118,-0.64049715,0.46950954
ISIC_0068119,-0.656825,2.154232
ISIC_0068121,3.144779,-0.7640775
ISIC_0068128,-0.65785253,-3.023567
ISIC_0068129,-0.7449538,1.9823636
ISIC_0068137,-2.06869,-0.95558584
ISIC_0068143,2.8540356,0.06662699
ISIC_0068152,-0.3283586,-2.4209323
ISIC_0068153,2.2962778,0.70075005
ISIC_0068164,0.5423495,1.160889
ISIC_0068166,-1.234929,1.6068276
ISIC_0068178,3.1942406,-2.5483198
ISIC_0068188,-0.6468068,0.67215836
ISIC_0068189,1.8035599,-2.8910885
ISIC_0068200,0.13571517,-0.5920764
ISIC_0068202,-2.3406808,-0.9194274
ISIC_0068206,2.11845,1.8807181
ISIC_0068209,0.64756495,-1.2971889
ISIC_0068211,1.8984807,1.0382109
ISIC_0068218,3.0715916,-2.9726892
ISIC_0068227,0.8798293,-2.223906
ISIC_0068233,0.395925,0.7168318
ISIC_0068234,3.285611,2.3026915
ISIC_0068239,1.6851126,-3.200953
ISIC_0068247,1.5053368,-2.0068297
ISIC_0068252,0.8757411,-2.6512203
ISIC_0068273,-1.403915,1.512699
ISIC_0068275,3.0032358,0.20736605
ISIC_0068276,0.75345534,-0.60488045
ISIC_0068282,-1.8183656,-1.3518469
ISIC_0068290,2.8856351,-2.796215
ISIC_0068291,-0.31998613,0.6741042
ISIC_0068294,2.608125,-0.15821223
ISIC_0068299,2.7650878,1.9052523
ISIC_0068303,0.12139506,-0.47761312
ISIC_0068315,1.3557658,-0.5713572
ISIC_0068318,-0.43328884,1.8538617
ISIC_0068321,2.8953505,-3.0190227
ISIC_0068331,-0.0871078,2.4261675
ISIC_0068343,3.845215,1.2164835
ISIC_0068347,3.2253664,-0.10065916
ISIC_0068382,-2.2896402,-1.5687913
ISIC_0068383,2.12306,-3.0500605
ISIC_0068385,0.6445084,2.4792743
ISIC_0068393,0.3862598,2.7881026
ISIC_0068396,0.58086187,1.7095507
ISIC_0068403,2.9039416,-1.5834028
ISIC_0068407,-0.5010501,-1.9794052
ISIC_0068411,2.0990999,-2.8496633
ISIC_0068427,0.24381426,-1.3423704
ISIC_0068438,1.0527544,0.8196366
ISIC_0068452,-1.7343934,-0.83721495
ISIC_0068460,3.3332224,-2.754167
ISIC_0068463,1.5689505,1.5639896
ISIC_0068465,-1.0847255,-2.2223184
ISIC_0068468,-1.1297116,-2.3993042
ISIC_0068488,3.1866722,1.1623154
ISIC_0068513,2.8101494,-3.2786608
ISIC_0068524,0.71267074,2.2893193
ISIC_0068527,1.4357889,-1.9372593
ISIC_0068528,1.5000843,-0.68859196
ISIC_0068537,-1.1591198,1.686594
ISIC_0068555,1.5333562,-1.6112492
ISIC_0068560,-0.67629683,-2.099284
ISIC_0068576,-1.1796337,-1.0604167
ISIC_0068578,-1.1745515,-2.3824089
ISIC_0068581,2.1808858,-3.671905
ISIC_0068583,-0.8228195,1.9283248
ISIC_0068584,0.97948676,1.4139242
ISIC_0068586,1.4039854,-3.5797899
ISIC_0068609,1.1457573,2.522939
ISIC_0068614,3.8915305,1.7715621
ISIC_0068616,2.1191144,1.6035287
ISIC_0068617,2.8968675,-0.09497592
ISIC_0068627,-1.3604802,1.413659
ISIC_0068628,1.0923256,-3.2391126
ISIC_0068629,3.7049878,2.059245
ISIC_0068633,-0.70683354,1.201278
ISIC_0068638,2.7907856,-2.2075906
ISIC_0068660,0.6934634,-1.0725129
ISIC_0068682,-1.0980849,-2.3095171
ISIC_0068700,-2.1412992,-1.3789601
ISIC_0068715,1.9502022,-0.48919564
ISIC_0068717,0.2154722,2.7707217
ISIC_0068721,3.2441726,-2.3657315
ISIC_0068727,0.1458154,-2.3897352
ISIC_0068730,1.1107047,1.9483459
ISIC_0068744,2.1879683,-3.7530267
ISIC_0068747,0.69088113,-2.1420329
ISIC_0068759,2.9476957,2.2219698
ISIC_0068760,1.5412781,-1.9869845
ISIC_0068761,1.9615568,-1.9268465
ISIC_0068766,-0.15723805,-0.96933705
ISIC_0068776,-1.9852483,0.86389184
ISIC_0068778,1.2635332,-1.2694757
ISIC_0068800,-0.9296708,2.443009
ISIC_0068808,0.1454083,1.469241
ISIC_0068817,2.9691246,-0.2792466
ISIC_0068818,1.0003167,-0.7199418
ISIC_0068819,2.5519469,0.0128176445
ISIC_0068840,0.91804343,1.94065
ISIC_0068850,0.30126792,2.9415772
ISIC_0068851,2.9976525,1.5845125
ISIC_0068874,0.75174415,-3.2190998
ISIC_0068881,2.2493558,1.9329263
ISIC_0068882,2.7425458,-3.1105978
ISIC_0068884,2.2137887,-0.68714803
ISIC_0068895,2.1064227,-3.4289243
ISIC_0068897,-0.05395387,-2.4187953
ISIC_0068900,0.23627572,-1.140281
ISIC_0068905,2.4647768,-0.119364664
ISIC_0068907,1.3624831,-0.6138295
ISIC_0068911,2.4188707,-3.0518305
ISIC_0068917,3.1616228,0.5271581
ISIC_0068921,0.2956312,2.6651583
ISIC_0068924,2.2712739,-3.6611512
ISIC_0068928,2.6821191,2.1013744
ISIC_0068929,-1.6822075,-0.7425906
ISIC_0068931,2.6722953,2.5249112
ISIC_0068936,3.7308545,2.0608284
ISIC_0068941,3.0254457,2.3667662
ISIC_0068961,-0.47707805,1.5495884
ISIC_0068962,2.5789664,0.5283456
ISIC_0068966,0.034898616,-2.340327
ISIC_0068975,-1.329707,-1.2635473
ISIC_0068979,0.997824,2.9432006
ISIC_0068981,-1.1430863,-1.668296
ISIC_0068993,-1.348973,-2.3219047
ISIC_0069003,-0.5158798,2.5424027
ISIC_0069008,3.2996464,0.01456801
ISIC_0069024,0.8779282,1.4696592
ISIC_0069028,0.03645142,-2.3373039
ISIC_0069029,-1.3936766,-0.9301878
ISIC_0069042,-1.9070854,-1.0514249
ISIC_0069058,2.4627385,-2.7916644
ISIC_0069059,0.2571563,2.8667562
ISIC_0069062,-2.4177334,0.94654185
ISIC_0069065,2.8540993,2.4814637
ISIC_0069068,-0.1227063,-1.6540892
ISIC_0069070,2.7132177,-3.1881742
ISIC_0069072,0.35741982,-2.792258
ISIC_0069076,0.95620215,-2.773258
ISIC_0069077,-2.138886,0.10362977
ISIC_0069091,1.1085402,2.0518727
ISIC_0069093,0.7971163,-0.9839811
ISIC_0069102,-2.1046557,1.3379852
ISIC_0069105,-0.69966227,-0.13095672
ISIC_0069108,-2.0181212,-1.3205159
ISIC_0069112,2.5489044,-3.1320796
ISIC_0069119,2.502361,0.19910276
ISIC_0069148,1.205712,-3.1080053
ISIC_0069156,1.2233523,-2.5448966
ISIC_0069158,-0.7350827,-1.2333174
ISIC_0069165,1.2273775,-1.6970705
ISIC_0069167,-0.8035281,0.32916778
ISIC_0069179,1.6427524,0.042362954
ISIC_0069192,1.9869045,-1.6859578
ISIC_0069197,2.3444571,-1.0960861
ISIC_0069199,2.2267,-0.9019728
ISIC_0069204,-1.4683334,1.0211017
ISIC_0069210,-0.598009,-1.8103157
ISIC_0069230,2.7917187,-3.1725235
ISIC_0069238,1.8651574,1.7662598
ISIC_0069245,-0.4907137,-1.0963517
ISIC_0069246,2.1632752,0.16696486
ISIC_0069248,3.2186754,-2.2081108
ISIC_0069257,-2.2474797,-1.752816
ISIC_0069262,0.81353617,-1.0987077
ISIC_0069264,1.0083445,-1.2611833
ISIC_0069267,-0.93142205,1.4551903
ISIC_0069273,-0.70371914,-0.31334227
ISIC_0069277,2.0066378,-0.057100877
ISIC_0069292,3.192286,-2.581929
ISIC_0069293,1.0611396,-0.686041
ISIC_0069315,1.891677,1.0198461
ISIC_0069358,0.31405893,-2.607958
ISIC_0069361,1.0839067,0.6931813
ISIC_0069365,-0.39167547,-1.6507127
ISIC_0069369,-0.35016897,2.7345636
ISIC_0069380,-0.032845855,-1.2800331
ISIC_0069385,-2.2867496,-1.1674044
ISIC_0069386,0.29361433,2.9088604
ISIC_0069391,-0.40289104,-2.3350446
ISIC_0069395,-0.8190458,0.27790147
ISIC_0069402,-1.3005764,-0.02759381
ISIC_0069411,2.5536869,-0.029502772
ISIC_0069416,2.3403122,0.76238734
ISIC_0069432,3.2375755,-2.6623232
ISIC_0069437,0.54218304,1.2620225
ISIC_0069457,2.9331088,1.3133935
ISIC_0069459,2.701641,-3.219083
ISIC_0069466,1.273281,-1.6078198
ISIC_0069473,2.795945,1.259251
ISIC_0069475,0.7155013,-0.16573754
ISIC_0069479,0.29425398,1.4502875
ISIC_0069481,1.7021012,-1.3208195
ISIC_0069488,-1.0416472,-1.2842067
ISIC_0069504,-1.9669678,1.0355439
ISIC_0069508,2.5043094,-3.1420047
ISIC_0069509,1.7717272,-1.3019996
ISIC_0069511,-0.041402195,-0.77552855
ISIC_0069514,1.3406441,2.0369456
ISIC_0069515,-1.8418304,1.6032298
ISIC_0069536,1.7659502,-3.210749
ISIC_0069540,1.2916555,-0.6948089
ISIC_0069573,3.3578072,-2.5920966
ISIC_0069583,1.212304,-1.1228361
ISIC_0069591,2.0114846,-2.3115957
ISIC_0069592,4.0035167,1.4287469
ISIC_0069595,0.13929859,-1.6448454
ISIC_0069617,-0.95596385,-2.1311471
ISIC_0069620,1.7882447,-2.0890167
ISIC_0069622,0.3294439,1.5195131
ISIC_0069624,-1.7898186,1.714439
ISIC_0069626,-1.7065597,0.987821
ISIC_0069635,2.1301787,1.5613216
ISIC_0069638,2.2916455,1.9222558
ISIC_0069657,-1.0951004,0.389102
ISIC_0069660,-2.1037552,-1.2542437
ISIC_0069668,1.7905825,-2.4634023
ISIC_0069669,2.9546711,0.1465737
ISIC_0069671,1.7606708,-0.96181476
ISIC_0069705,2.157083,-3.6145782
ISIC_0069727,-1.3833036,-1.3889688
ISIC_0069733,2.2947133,0.93859065
ISIC_0069736,1.6794755,-3.521031
ISIC_0069743,-1.4388674,-1.2780927
ISIC_0069747,-0.5165352,2.567736
ISIC_0069775,0.963994,1.1075824
ISIC_0069791,0.14687403,-1.1027026
ISIC_0069810,3.4402084,0.7252374
ISIC_0069819,2.4313548,-3.4201558
ISIC_0069821,-0.7271814,1.4558616
ISIC_0069833,-1.7991056,-1.4564438
ISIC_0069841,-0.5342012,-2.0331273
ISIC_0069851,-2.0270877,0.17943412
ISIC_0069859,3.224298,2.2139776
ISIC_0069860,-0.7481966,1.1600947
ISIC_0069864,1.7690613,-3.89464
ISIC_0069873,1.823768,1.1205796
ISIC_0069889,1.2030991,2.1427603
ISIC_0069891,0.7568499,-2.5770261
ISIC_0069908,1.3991983,-3.5273519
ISIC_0069918,1.939213,-3.5652235
ISIC_0069920,3.0190408,1.3800621
ISIC_0069922,2.6944475,1.265426
ISIC_0069929,3.1419141,-1.6570715
ISIC_0069946,2.1760652,1.5682932
ISIC_0069951,3.2087908,-2.6504045
ISIC_0069958,1.0439233,1.7425601
ISIC_0069967,0.76184374,-2.0455408
ISIC_0069970,1.4822434,-2.0879788
ISIC_0069977,0.5077552,2.7659914
ISIC_0069984,1.8090211,-3.8551798
ISIC_0069986,2.896852,0.6604922
ISIC_0069988,3.064612,2.0817337
ISIC_0069995,-0.86370844,-1.6040056
ISIC_0070006,3.3128068,-1.7702681
ISIC_0070012,2.6659179,1.4136891
ISIC_0070017,-0.6821949,2.047134
ISIC_0070018,3.900569,1.9523191
ISIC_0070032,1.6671268,2.5058434
ISIC_0070045,0.6905383,-2.3893263
ISIC_0070049,1.2069937,2.6500468
ISIC_0070050,2.8501854,-3.2757928
ISIC_0070051,1.4809325,-0.75006634
ISIC_0070061,-0.8693075,1.6835821
ISIC_0070068,-0.035600696,-1.5086372
ISIC_0070089,3.3767004,0.6900105
ISIC_0070092,0.4993192,-2.173618
ISIC_0070093,-1.7600863,-0.78860486
ISIC_0070095,-2.3699355,1.0164168
ISIC_0070105,-2.1291444,-0.09428185
ISIC_0070107,-1.1234753,0.18968548
ISIC_0070108,1.3968198,-1.7236052
ISIC_0070109,2.6843357,2.0384967
ISIC_0070110,0.69799215,-0.83421993
ISIC_0070114,-0.21693394,-1.5690252
ISIC_0070120,3.239328,-1.6577511
ISIC_0070123,-1.0576211,0.45006144
ISIC_0070129,-0.70143193,-1.735328
ISIC_0070137,2.1823726,-3.4567018
ISIC_0070139,0.64973146,-1.4493384
ISIC_0070141,-2.2430558,1.0907573
ISIC_0070149,3.396678,-1.444629
ISIC_0070170,2.7973871,1.6762675
ISIC_0070172,-1.8136798,-0.2740716
ISIC_0070207,1.6520677,0.7761021
ISIC_0070215,2.3200047,-3.3362296
ISIC_0070217,-0.48149723,-1.2018157
ISIC_0070220,1.4206499,0.6706658
ISIC_0070227,-1.3273499,-0.40159792
ISIC_0070235,3.1481895,-2.8669007
ISIC_0070248,0.44646037,-0.4845722
ISIC_0070250,-1.106663,-1.5982716
ISIC_0070253,-0.1626638,-1.8672445
ISIC_0070262,-2.0808296,0.2941068
ISIC_0070274,-0.39151245,-1.9873682
ISIC_0070303,2.8035183,1.0401257
ISIC_0070308,-0.6893244,-3.0340528
ISIC_0070313,-0.3561278,-2.507929
ISIC_0070316,-0.45780396,0.49649784
ISIC_0070327,2.9492753,1.751669
ISIC_0070341,0.5558642,-1.9202461
ISIC_0070342,1.9238269,-2.0834394
ISIC_0070344,2.321003,1.6756301
ISIC_0070347,-0.2872747,2.757152
ISIC_0070351,-0.37459496,-2.89936
ISIC_0070352,-1.5659282,-1.9873259
ISIC_0070362,0.15804127,-0.9203627
ISIC_0070363,1.3148891,-1.4697025
ISIC_0070366,3.206043,-2.0001457
ISIC_0070371,2.3889332,0.9549766
ISIC_0070374,2.6803977,1.9360329
ISIC_0070380,1.4752405,-1.9001843
ISIC_0070387,-0.99547035,1.1413776
ISIC_0070396,-1.3320451,-2.2985303
ISIC_0070400,3.0930927,-0.22078672
ISIC_0070403,-0.3185013,-2.3171694
ISIC_0070414,-0.78970927,-1.5292827
ISIC_0070419,-1.3906679,-0.31451005
ISIC_0070427,2.757977,-0.49430028
ISIC_0070431,3.0939531,2.3003604
ISIC_0070433,-0.17985217,-1.912655
ISIC_0070435,1.9779747,-3.1479816
ISIC_0070439,0.52724093,-1.2943186
ISIC_0070441,3.334581,0.38159612
ISIC_0070442,0.30972356,1.7187521
ISIC_0070446,2.2414808,-1.5235066
ISIC_0070447,2.091229,-3.562112
ISIC_0070454,-0.44982082,-1.1120048
ISIC_0070465,-2.1168487,0.14987276
ISIC_0070477,0.4143822,1.7810191
ISIC_0070480,-1.7316378,-1.1912339
ISIC_0070489,1.9375997,-1.2806451
ISIC_0070501,-0.7005313,1.514261
ISIC_0070517,0.90426594,0.7481434
ISIC_0070520,-2.2003503,-1.5985988
ISIC_0070521,0.15520862,-1.613794
ISIC_0070549,-0.7259873,0.79233336
ISIC_0070551,-0.7926806,-2.5066266
ISIC_0070553,-1.6394442,-1.1318302
ISIC_0070566,1.5920599,0.7492227
ISIC_0070572,0.7880408,0.84246707
ISIC_0070578,0.3475012,1.6669326
ISIC_0070581,2.2406225,1.0273598
ISIC_0070585,-1.9681662,-0.58554256
ISIC_0070588,1.1167268,-3.4201927
ISIC_0070593,-0.5857386,1.7403635
ISIC_0070595,0.66208816,2.8518293
ISIC_0070596,2.8586545,-1.5658114
ISIC_0070601,-1.9908305,0.5280876
ISIC_0070611,1.6927487,-3.4127567
ISIC_0070614,0.84751874,-2.187382
ISIC_0070623,0.1561257,-0.91566366
ISIC_0070629,0.2189444,2.3288736
ISIC_0070653,1.5738301,0.98099184
ISIC_0070657,0.8390072,2.7378995
ISIC_0070658,0.85894775,1.7314963
ISIC_0070666,0.167917,-2.781963
ISIC_0070689,-1.4136534,-0.3635005
ISIC_0070702,0.64020693,-1.0914075
ISIC_0070709,1.7864666,-0.16698772
ISIC_0070710,2.3826082,-2.2920365
ISIC_0070711,-0.8832233,-2.6414723
ISIC_0070724,-1.8419172,0.98430604
ISIC_0070727,0.051482294,-0.6449099
ISIC_0070731,-0.04300496,-2.6021755
ISIC_0070743,1.0618478,3.0263507
ISIC_0070745,-0.07861103,-1.8314824
ISIC_0070747,2.5516906,-2.570259
ISIC_0070752,1.4247123,-2.5431864
ISIC_0070756,0.91889745,-1.4455911
ISIC_0070778,-0.22925584,-1.6694279
ISIC_0070784,1.4051142,-3.0481977
ISIC_0070794,-0.95035815,-0.47104833
ISIC_0070799,-0.88741714,-1.998374
ISIC_0070801,2.661236,-2.765236
ISIC_0070805,-2.2110162,-0.5509753
ISIC_0070809,0.05865287,-2.4893386
ISIC_0070814,0.1391303,-1.6067396
ISIC_0070815,4.01462,1.3814108
ISIC_0070816,0.17220518,-0.96797156
ISIC_0070822,1.0057276,-1.6139894
ISIC_0070837,3.2626638,0.19414829
ISIC_0070842,0.9305244,1.9878716
ISIC_0070846,3.2812424,0.17028214
ISIC_0070852,-0.7772389,1.0217683
ISIC_0070867,0.29296628,2.4429636
ISIC_0070871,1.7912365,-2.3523216
ISIC_0070886,0.09558513,-2.1113718
ISIC_0070888,1.5118445,-0.88684946
ISIC_0070910,2.0678759,0.52235234
ISIC_0070913,0.8154503,2.9915044
ISIC_0070916,1.7881861,1.045956
ISIC_0070920,2.1156237,1.3845533
ISIC_0070927,1.4923168,2.5443366
ISIC_0070938,2.3118155,-3.18584
ISIC_0070940,3.2198906,-2.952302
ISIC_0070959,0.8760836,3.0608106
ISIC_0070961,-0.89904094,-2.4481118
ISIC_0070973,-2.0425186,0.123133324
ISIC_0070974,0.3785676,1.8170772
ISIC_0070976,-0.7495421,2.3295338
ISIC_0070984,3.49855,-2.0678766
ISIC_0070990,2.2048361,-2.0454323
ISIC_0070992,-1.2294929,-1.6509547
ISIC_0070998,1.1107762,-2.954149
ISIC_0071006,1.2169268,2.627759
ISIC_0071012,2.3480551,-3.0652256
ISIC_0071017,-2.0916986,-0.79346997
ISIC_0071035,2.8155687,-2.3496046
ISIC_0071043,1.3666917,0.9648832
ISIC_0071045,1.2895553,-2.6405518
ISIC_0071047,3.206029,-2.6593668
ISIC_0071048,1.6242003,-2.2930155
ISIC_0071067,-1.8446171,1.7213013
ISIC_0071069,0.26573732,-1.3676661
ISIC_0071074,2.395631,-2.0633314
ISIC_0071089,1.9641677,-2.296331
ISIC_0071095,3.0731554,-1.9451364
ISIC_0071101,3.9364693,1.2312752
ISIC_0071109,3.9990458,1.3098117
ISIC_0071111,0.32008216,-2.8135815
ISIC_0071119,-0.47222328,-1.4968637
ISIC_0071122,1.3370687,-2.9749737
ISIC_0071124,-1.1031622,-0.19372015
ISIC_0071132,1.5896095,-2.652358
ISIC_0071133,-1.4459481,-1.5463972
ISIC_0071134,2.434738,-0.5181073
ISIC_0071137,2.074411,-2.5924807
ISIC_0071138,-0.8581241,1.0105276
ISIC_0071142,2.3790517,0.7739335
ISIC_0071169,2.936104,0.28368387
ISIC_0071176,-0.045715984,1.5658658
ISIC_0071178,0.06182047,2.6769967
ISIC_0071180,2.8308182,-0.45641434
ISIC_0071196,2.3666658,0.5747141
ISIC_0071208,1.7603314,-2.2014592
ISIC_0071215,0.025562424,-0.82360065
ISIC_0071218,0.4758491,1.3441727
ISIC_0071238,3.243409,0.743262
ISIC_0071240,-1.7797344,-1.8855418
ISIC_0071245,-2.057648,0.18440787
ISIC_0071253,0.9642381,3.0184186
ISIC_0071257,1.5065488,-1.7862588
ISIC_0071258,-0.65514463,1.2307556
ISIC_0071260,-1.742166,-0.79627186
ISIC_0071271,-0.22213621,0.54719985
ISIC_0071289,2.2882528,-2.4831147
ISIC_0071290,1.3000959,2.6993594
ISIC_0071303,0.623018,-2.799586
ISIC_0071311,-2.3759475,0.97785836
ISIC_0071315,0.9465883,2.7056522
ISIC_0071335,2.723902,-0.75187933
ISIC_0071342,1.8787433,-3.6053123
ISIC_0071346,-1.4909189,1.4120547
ISIC_0071357,2.1527054,0.28277457
ISIC_0071361,2.555745,-0.20345855
ISIC_0071388,0.5835335,-0.7928327
ISIC_0071392,0.44623458,2.9030693
ISIC_0071395,0.098771274,2.2182815
ISIC_0071401,3.2360187,-2.5947483
ISIC_0071404,-0.5922243,-0.91364944
ISIC_0071420,-2.4228582,1.0490227
ISIC_0071430,-1.8073611,-1.0344101
ISIC_0071431,2.0997083,0.48747942
ISIC_0071443,-0.8868015,-1.9832857
ISIC_0071458,-0.75023305,-1.7177705
ISIC_0071470,-1.2223271,2.0391421
ISIC_0071476,0.5433101,3.0717685
ISIC_0071478,1.7059034,-1.2573503
ISIC_0071528,1.9551774,-2.065954
ISIC_0071534,-0.09920526,2.872593
ISIC_0071550,-0.8188301,0.6047359
ISIC_0071558,-0.8192504,-0.3053769
ISIC_0071559,-1.3169454,-2.1280186
ISIC_0071563,3.3456874,0.29843998
ISIC_0071568,0.86862695,-2.1084442
ISIC_0071576,2.740534,-2.2865078
ISIC_0071579,-0.947999,-2.507613
ISIC_0071580,2.5110269,-2.94812
ISIC_0071583,1.3174945,1.6987491
ISIC_0071584,1.0630682,-0.6118704
ISIC_0071586,-0.8107001,0.35006836
ISIC_0071592,0.40171814,-2.4543965
ISIC_0071594,1.24834,-3.0583882
ISIC_0071596,-1.593642,-1.4965111
ISIC_0071600,-1.575598,-0.28729716
ISIC_0071628,2.8312268,0.33956167
ISIC_0071632,-0.64604014,1.9564759
ISIC_0071648,3.2156904,0.6233762
ISIC_0071651,0.3026967,1.5334831
ISIC_0071663,2.3437986,-2.888916
ISIC_0071666,-2.322577,0.75719845
ISIC_0071668,-0.5413453,-1.1469626
ISIC_0071673,3.3812876,-0.52076405
ISIC_0071678,2.3315334,-3.4893544
ISIC_0071702,-0.9209848,-1.4649727
ISIC_0071707,2.849996,1.2900968
ISIC_0071713,4.0013385,1.2969339
ISIC_0071717,1.3846158,-1.6507311
ISIC_0071720,3.5303092,1.4368896
ISIC_0071725,2.5490108,-2.7599041
ISIC_0071726,3.3424947,-2.2312431
ISIC_0071740,3.0420492,-2.610257
ISIC_0071765,3.9332957,1.7837849
ISIC_0071766,1.9626839,0.9567452
ISIC_0071767,3.3270957,0.28639573
ISIC_0071774,1.4294704,-2.7711987
ISIC_0071776,0.5712307,1.4602801
ISIC_0071778,0.97977495,-3.3049996
ISIC_0071782,2.5296378,1.69704
ISIC_0071783,1.6096352,-3.659223
ISIC_0071784,-0.61224705,1.1315776
ISIC_0071788,-0.0892867,-1.7282807
ISIC_0071797,3.0987709,0.21211448
ISIC_0071800,1.8387476,-2.4351408
ISIC_0071806,0.44964552,-2.7849019
ISIC_0071808,0.48464513,2.2278314
ISIC_0071815,-0.71126634,1.440558
ISIC_0071834,-0.45630094,-1.473772
ISIC_0071857,1.6624888,0.778998
ISIC_0071865,0.49569732,3.002559
ISIC_0071869,0.11333526,-2.4210005
ISIC_0071875,3.3368921,1.0953208
ISIC_0071891,1.8157853,-0.12083393
ISIC_0071892,2.4726353,-1.493052
ISIC_0071901,2.202801,-1.8197944
ISIC_0071904,-1.6862019,-0.63416684
ISIC_0071906,1.2301368,-2.9508195
ISIC_0071916,0.42423466,-3.122818
ISIC_0071926,-0.66586673,2.1194565
ISIC_0071931,2.2237337,-3.480241
ISIC_0071936,-1.7604021,-0.8248603
ISIC_0071939,-1.7211831,-0.8330036
ISIC_0071944,3.296313,-2.5333982
ISIC_0071950,0.9251867,-2.480638
ISIC_0071951,1.3236839,-0.8495693
ISIC_0071957,-1.9831582,1.1303532
ISIC_0071970,-1.7136121,-1.6203117
ISIC_0071972,0.16107844,0.40928173
ISIC_0071992,-0.99974185,0.59844685
ISIC_0071996,0.17298435,2.2156897
ISIC_0071997,1.452534,1.8920096
ISIC_0072001,-2.1749315,-1.3548099
ISIC_0072002,3.675259,2.0140233
ISIC_0072003,0.35869607,1.616919
ISIC_0072004,-1.4503864,-1.1421641
ISIC_0072006,0.22408897,-2.3380337
ISIC_0072010,2.2907257,1.5296986
ISIC_0072021,-0.39996397,2.4509118
ISIC_0072030,2.303002,-3.4422894
ISIC_0072032,0.9670469,-1.6074717
ISIC_0072041,-1.3250451,1.4323134
ISIC_0072051,2.8333569,-2.2334628
ISIC_0072061,3.0654886,-2.0630114
ISIC_0072063,0.94253856,-1.6446974
ISIC_0072065,-1.9616132,-1.5491657
ISIC_0072069,2.5900652,-0.21223512
ISIC_0072077,-1.2775177,2.038838
ISIC_0072078,1.1798531,-2.7806857
ISIC_0072087,2.1171021,-0.59842604
ISIC_0072090,0.6676148,-0.76143587
ISIC_0072099,3.1264188,2.4637961
ISIC_0072101,1.2561003,-1.7733907
ISIC_0072103,-0.64754826,-1.8492495
ISIC_0072109,3.9026048,1.8792112
ISIC_0072111,1.0917945,0.63003975
ISIC_0072121,0.70072657,-1.7280332
ISIC_0072122,0.54471713,2.8859885
ISIC_0072126,-1.6801261,-1.5203667
ISIC_0072142,0.31495342,2.990196
ISIC_0072151,0.3953728,-1.5095519
ISIC_0072154,0.23094429,1.1325047
ISIC_0072156,2.3112354,-2.717892
ISIC_0072157,-1.4216716,-1.6177917
ISIC_0072166,3.3716254,0.6545111
ISIC_0072173,0.5170447,-1.3562343
ISIC_0072174,0.6489201,-0.8904764
ISIC_0072178,1.8517234,0.37753966
ISIC_0072182,1.7285403,-1.6755519
ISIC_0072188,0.8332324,1.5264798
ISIC_0072195,-2.0067103,-0.8965149
ISIC_0072198,1.1278814,2.2297747
ISIC_0072215,2.9831479,-3.1122603
ISIC_0072218,1.5711914,1.2523285
ISIC_0072223,3.1463442,-2.7366786
ISIC_0072226,-1.7232258,-0.74134207
ISIC_0072230,-1.315999,0.49581662
ISIC_0072241,-0.88441485,2.037019
ISIC_0072242,-0.89249283,0.5102276
ISIC_0072252,2.6643164,0.26258004
ISIC_0072268,3.1655111,0.13649859
ISIC_0072271,-2.2827353,-1.6585597
ISIC_0072279,-0.84873545,1.8465813
ISIC_0072280,-2.398529,-1.3572143
ISIC_0072286,1.3739804,-3.4198909
ISIC_0072287,-0.4751475,2.424576
ISIC_0072294,-2.1559286,-0.5336377
ISIC_0072297,-0.17574635,2.604234
ISIC_0072299,-1.0537473,1.7695704
ISIC_0072301,1.3268543,-2.4161782
ISIC_0072315,1.2168418,-1.0683699
ISIC_0072330,1.4056332,-0.0036366736
ISIC_0072339,0.42498833,1.6246816
ISIC_0072344,2.6080272,0.5685112
ISIC_0072348,0.3319422,-2.4199345
ISIC_0072353,3.0530305,-0.17564505
ISIC_0072354,0.3256407,0.21703343
ISIC_0072358,1.4181707,1.8018124
ISIC_0072360,3.468845,0.8667114
ISIC_0072363,3.3686357,-1.4940376
ISIC_0072369,1.6509434,-0.41574216
ISIC_0072371,-2.3530114,-0.7162779
ISIC_0072374,1.1235803,-3.261005
ISIC_0072375,-1.8099291,-1.3824303
ISIC_0072377,0.76177007,-2.9738252
ISIC_0072380,1.7996343,-1.8395911
ISIC_0072396,-2.1138287,0.06914107
ISIC_0072401,3.1584625,1.1733782
ISIC_0072405,2.4820468,-2.4403172
ISIC_0072411,1.4830796,2.1018205
ISIC_0072415,2.9543178,-3.0804799
ISIC_0072422,1.2232741,-2.3445008
ISIC_0072429,-1.8684723,1.0363317
ISIC_0072437,-0.3745636,-0.7090197
ISIC_0072439,0.9199062,-2.623958
ISIC_0072440,-1.829467,-1.6946422
ISIC_0072441,-0.7793332,-1.6917112
ISIC_0072473,-0.70708954,0.36881703
ISIC_0072482,0.41747493,2.7770832
ISIC_0072494,1.1711531,1.6121525
ISIC_0072495,0.85684055,2.1076097
ISIC_0072507,0.4626254,-3.1877246
ISIC_0072508,-1.8890594,-0.4077028
ISIC_0072516,2.952784,1.7356638
ISIC_0072522,-2.0839548,0.511732
ISIC_0072523,1.88938,-3.7192419
ISIC_0072531,0.89425135,-0.7460231
ISIC_0072534,3.1860998,2.30855
ISIC_0072535,1.4505723,-3.5750594
ISIC_0072538,1.9920741,-3.7562582
ISIC_0072557,-1.5247463,-1.0545357
ISIC_0072559,0.28625095,-3.085894
ISIC_0072565,2.332857,-0.830633
ISIC_0072568,-1.9248043,0.7934192
ISIC_0072569,2.9721458,-2.971657
ISIC_0072574,0.2844113,1.2996875
ISIC_0072585,-1.0434021,2.2962723
ISIC_0072586,-0.4208584,1.2336544
ISIC_0072594,0.73645824,2.1106613
ISIC_0072595,-1.0058472,-1.3112526
ISIC_0072612,3.3326237,2.3065891
ISIC_0072619,0.14427114,2.6013782
ISIC_0072624,0.8142454,-1.7863292
ISIC_0072626,0.9582735,2.984135
ISIC_0072631,0.56431353,-1.0691046
ISIC_0072641,3.2908413,-2.466187
ISIC_0072642,-0.8055776,0.45966893
ISIC_0072653,2.9968326,-2.2466416
ISIC_0072689,0.895222,0.75864756
ISIC_0072691,0.06136778,1.6896017
ISIC_0072694,0.4707363,-2.370842
ISIC_0072705,0.78387725,-1.8325932
ISIC_0072713,1.7446909,-2.3597238
ISIC_0072714,2.8687181,1.3223113
ISIC_0072730,1.1350348,-0.83814627
ISIC_0072733,1.5886656,-0.5899668
ISIC_0072738,2.0331972,-3.5960803
ISIC_0072743,1.4881374,-1.9253566
ISIC_0072747,3.058554,2.1489239
ISIC_0072748,1.3570237,-2.1664886
ISIC_0072753,1.2499796,2.7711704
ISIC_0072755,1.0313905,1.5895263
ISIC_0072758,0.6345601,2.4342897
ISIC_0072763,0.86188835,0.76186424
ISIC_0072768,1.0138198,0.7805903
ISIC_0072773,-1.5841569,-2.2841198
ISIC_0072780,-0.37084183,-1.8358313
ISIC_0072783,1.1602454,-0.32088268
ISIC_0072785,0.85143495,1.8495467
ISIC_0072793,-0.5665383,2.229806
ISIC_0072799,-0.17246132,2.5535114
ISIC_0072820,0.75055593,2.5147886
ISIC_0072824,1.0202874,-0.9500694
ISIC_0072827,-0.14345601,-0.73829275
ISIC_0072828,0.62214416,1.2719755
ISIC_0072843,-0.2822439,-0.83699524
ISIC_0072844,-0.28113106,1.3150121
ISIC_0072845,3.2240171,0.7970193
ISIC_0072862,2.7383962,2.2782285
ISIC_0072865,-0.8213665,-2.4576352
ISIC_0072872,1.287091,1.0212069
ISIC_0072876,-1.56735,1.5678297
ISIC_0072887,-0.25739244,1.5045774
ISIC_0072889,3.1939454,-0.34863618
ISIC_0072896,0.12698539,0.65739256
ISIC_0072909,3.4353108,-1.8596163
ISIC_0072917,1.8344544,-3.4279397
ISIC_0072923,2.9367843,1.3311949
ISIC_0072924,1.4740993,-3.4149785
ISIC_0072930,-0.5313626,-1.8203704
ISIC_0072939,0.9572749,-1.1374214
ISIC_0072961,1.3312325,-1.1362599
ISIC_0072966,2.8336375,2.1934583
ISIC_0072968,2.0563643,-1.1813302
ISIC_0072976,2.2822294,-3.3413644
ISIC_0072977,2.5800965,-0.20025904
ISIC_0072983,-0.32792836,-1.2095981
ISIC_0072985,-2.1822574,-0.6283076
ISIC_0072990,0.96403116,-3.1043842
ISIC_0072991,1.6877704,-1.0588167
ISIC_0073007,2.043401,-3.459957
ISIC_0073016,3.1103177,-0.9764774
ISIC_0073018,2.7858508,-1.2424735
ISIC_0073038,1.3749516,2.1311548
ISIC_0073044,-1.3433802,-1.9497974
ISIC_0073054,-0.35475683,-1.4741937
ISIC_0073065,-1.0574604,2.246842
ISIC_0073075,-2.1576598,0.8121211
ISIC_0073078,0.79293156,2.8260765
ISIC_0073089,1.8054086,2.1534996
ISIC_0073102,-2.1474664,-1.5389371
ISIC_0073119,-2.0785053,0.67027247
ISIC_0073124,0.50044554,-1.12539
ISIC_0073127,2.575669,-1.9310609
ISIC_0073134,0.93487996,2.4480436
ISIC_0073136,1.5182517,-2.870509
ISIC_0073143,-0.6871191,0.73342603
ISIC_0073147,-2.038289,-0.66706413
ISIC_0073156,-0.40854675,2.365657
ISIC_0073173,1.9839731,1.4221512
ISIC_0073190,0.40413404,1.5480828
ISIC_0073191,1.8120074,-1.479338
ISIC_0073194,-1.158768,2.335046
ISIC_0073203,0.6441337,-1.4572678
ISIC_0073204,0.89667034,2.9093766
ISIC_0073218,-0.29655924,2.6609464
ISIC_0073227,-0.08885057,1.9592319
ISIC_0073231,0.49772218,2.8827171
ISIC_0073237,1.0024474,-2.9489522
ISIC_0073238,1.0117662,-1.9769849
ISIC_0073241,3.5841691,2.1493523
ISIC_0073249,2.127015,0.09427095
