isic_id,umap_x,umap_y
ISIC_0000002,-1.3098623,-0.5273085
ISIC_0000004,-2.897833,3.3912642
ISIC_0000013,-1.9700085,-1.9554448
ISIC_0000022,-2.7661276,-2.6527715
ISIC_0000026,-1.4252957,-1.7941748
ISIC_0000029,-1.4533632,-2.6238494
ISIC_0000030,-4.4147463,0.794219
ISIC_0000031,-2.4196694,-1.3013766
ISIC_0000035,-2.4952,0.083057806
ISIC_0000036,-4.812109,1.3836789
ISIC_0000040,-2.9273882,-1.3711313
ISIC_0000046,-0.88220084,-1.277734
ISIC_0000054,-2.1268616,-2.2568479
ISIC_0000056,-0.35295758,-1.1499817
ISIC_0000070,-2.3572228,-3.195931
ISIC_0000076,-2.902499,2.5585282
ISIC_0000077,-1.9248236,-0.94737613
ISIC_0000078,-1.4724936,-1.8759923
ISIC_0000139,-0.34510094,-2.2151935
ISIC_0000140,-4.804588,0.08103091
ISIC_0000141,-2.034289,-2.230501
ISIC_0000142,-2.628712,0.06141056
ISIC_0000143,-1.7203462,-1.9538866
ISIC_0000144,-3.3333511,3.332233
ISIC_0000145,-3.5118062,-2.6062012
ISIC_0000146,-2.337234,1.4537323
ISIC_0000147,-2.2258306,1.6913514
ISIC_0000148,-0.24862806,-2.4996877
ISIC_0000149,-2.3908854,-1.8747855
ISIC_0000150,-2.3374145,-1.3745152
ISIC_0000151,-3.2970076,-2.6531787
ISIC_0000152,-3.2915933,-2.5800114
ISIC_0000153,-0.9193042,0.06484031
ISIC_0000154,-4.9720874,0.19927198
ISIC_0000156,-3.4098089,-2.5620003
ISIC_0000157,-0.66024286,-3.0403352
ISIC_0000158,-1.5409143,-1.5264431
ISIC_0000159,-2.6855416,-2.575138
ISIC_0000163,-0.008431501,-1.7098588
ISIC_0000165,-0.11496642,-1.6477638
ISIC_0000168,-0.08058065,-0.13809682
ISIC_0000169,-2.1065063,-1.9450411
ISIC_0000170,-0.20067583,-2.5569866
ISIC_0000172,-2.1647055,-2.0086637
ISIC_0000175,-1.331887,-1.605988
ISIC_0000176,-2.7187989,-2.1121283
ISIC_0000276,-2.9830937,2.5963964
ISIC_0000277,-5.1759915,1.0050888
ISIC_0000278,-2.1577177,-1.1744882
ISIC_0000281,-5.3633533,1.1616412
ISIC_0000282,-3.2432866,2.5091345
ISIC_0000283,-5.331122,1.2392014
ISIC_0000287,-4.858188,-0.12650919
ISIC_0000290,-1.5107112,1.8875842
ISIC_0000291,-1.6723077,-0.24542505
ISIC_0000292,-2.2471082,0.63373065
ISIC_0000294,-1.134911,-0.56026113
ISIC_0000296,-4.524927,0.9119602
ISIC_0000305,-4.548951,1.6886984
ISIC_0000390,-2.768677,-2.343815
ISIC_0000393,-0.16095337,-2.2332425
ISIC_0000394,-0.802934,-0.7443244
ISIC_0000395,-1.8609625,-1.2788967
ISIC_0000398,-0.81000686,-1.4536197
ISIC_0000399,-0.68636954,-0.6065654
ISIC_0000400,-0.7291177,-0.6780771
ISIC_0000401,-0.788583,0.26222497
ISIC_0000402,-0.0059352173,-2.7146823
ISIC_0000404,-0.19733936,-2.5561898
ISIC_0000405,-2.7635643,-1.4759911
ISIC_0000406,-0.5516188,-0.57315344
ISIC_0000410,-1.4071443,-1.5871929
ISIC_0000411,1.3728517,-1.6502042
ISIC_0000412,-1.1771063,-0.9715116
ISIC_0000413,-0.67346996,-0.65594244
ISIC_0000414,-1.8225409,-0.3964
ISIC_0000415,-0.8608307,-0.75708306
ISIC_0000417,-1.0463694,-0.2024601
ISIC_0000420,-2.448897,-2.5441127
ISIC_0000428,-0.88697076,-0.5565033
ISIC_0000429,-2.923719,3.4290302
ISIC_0000432,-0.5006061,-0.9053276
ISIC_0000434,-2.1770966,-2.0879755
ISIC_0000438,-5.362218,1.9786888
ISIC_0000440,-1.3188802,-0.22680645
ISIC_0000441,-0.9884857,-1.9266965
ISIC_0000444,-1.0541912,-0.76970655
ISIC_0000445,-2.8751063,-2.6757262
ISIC_0000446,-0.5664214,-2.2925212
ISIC_0000450,-0.5238428,-0.7661559
ISIC_0000459,5.345706,0.5699064
ISIC_0000462,-1.0250722,-0.4953435
ISIC_0000463,0.3255147,-2.8640165
ISIC_0000466,-0.65690637,-1.1582994
ISIC_0000469,1.3692033,-1.6081438
ISIC_0000482,0.03470714,-1.6955776
ISIC_0000484,-0.80095696,-0.95618784
ISIC_0000487,5.956424,2.0326881
ISIC_0000502,-0.8084595,-1.1510998
ISIC_0000511,-1.3782036,-0.7611539
ISIC_0000513,-0.09568951,-2.6733663
ISIC_0000516,-2.9805007,-2.0447524
ISIC_0000517,-0.5147283,-0.45976478
ISIC_0000518,-0.41747588,-2.768719
ISIC_0000519,-0.5089906,-0.7049696
ISIC_0000520,-0.44600156,-2.3888397
ISIC_0000521,-1.9521701,-1.4742899
ISIC_0000522,-1.4699455,-1.2794933
ISIC_0000531,5.610235,2.1141043
ISIC_0000533,-2.0223777,-1.7477033
ISIC_0000547,-0.82423025,-1.1197616
ISIC_0000548,-2.3610222,-1.9082552
ISIC_0000549,-1.3005618,-0.4598038
ISIC_0000551,-1.0384196,-0.5913636
ISIC_0000552,0.39727572,-1.3787258
ISIC_0000553,-0.8517858,-1.1126459
ISIC_0000554,-0.8924807,-1.3292171
ISIC_0000555,1.110706,-2.142226
ISIC_0001100,-2.4138007,-1.4307976
ISIC_0001101,-0.7656726,-0.9087672
ISIC_0001102,-2.4828846,-1.1967027
ISIC_0001103,-1.7231617,-2.5764096
ISIC_0001105,-2.1570673,-3.1506126
ISIC_0001106,-0.6721316,-1.9214882
ISIC_0001108,-0.428569,1.5644819
ISIC_0001110,-0.09364324,-3.105972
ISIC_0001116,-0.62816924,-0.8522963
ISIC_0001118,-0.5324191,-0.9845856
ISIC_0001119,-0.315491,-3.1540618
ISIC_0001121,-2.001697,-1.9368312
ISIC_0001124,-0.68185234,-0.62899226
ISIC_0001125,-2.443998,2.7956939
ISIC_0001126,-2.935445,-3.035373
ISIC_0001127,-0.52164036,-0.9533236
ISIC_0001128,-2.040894,-3.0549083
ISIC_0001131,-5.7835493,0.9884319
ISIC_0001132,-3.428906,1.3983129
ISIC_0001133,-4.9130297,1.3704635
ISIC_0001134,-1.9075954,-2.2007399
ISIC_0001135,-1.48275,-1.2979826
ISIC_0001137,-0.046149958,-2.706953
ISIC_0001138,-1.6147709,-0.005621529
ISIC_0001140,-2.2068942,-1.3170875
ISIC_0001141,-0.5834579,-2.437321
ISIC_0001142,-5.152115,1.0829316
ISIC_0001143,-0.5554259,-0.79678845
ISIC_0001148,-0.49774775,-1.061432
ISIC_0001151,-1.3526765,-1.2113463
ISIC_0001152,-4.341365,-2.257099
ISIC_0001154,-1.4589661,-1.5602237
ISIC_0001157,-2.0260293,-1.5675817
ISIC_0009868,-1.4374883,-1.2283916
ISIC_0009882,-1.3846068,-1.5281466
ISIC_0009890,-0.73582363,-0.64735633
ISIC_0009898,-1.7084225,-1.6528018
ISIC_0009905,-3.422982,-2.346643
ISIC_0009913,-0.15891452,-2.636629
ISIC_0009916,-1.273676,-0.10411263
ISIC_0009918,-2.2261183,1.8278635
ISIC_0009924,-3.7284474,0.3771865
ISIC_0009927,-1.8969179,-2.1069114
ISIC_0009934,-0.3527935,0.49691856
ISIC_0009950,-3.3866515,-3.0066597
ISIC_0009955,-3.2600448,-2.6913123
ISIC_0009960,-2.5030217,-2.2773595
ISIC_0009971,-1.8235958,-1.5204599
ISIC_0009993,-0.32201403,-1.3659991
ISIC_0010000,-2.7439706,-1.9209036
ISIC_0010007,-1.1384405,-0.15807465
ISIC_0010011,-2.0880277,-3.1455138
ISIC_0010016,-1.9376386,-2.270328
ISIC_0010023,-1.5062139,-1.6007758
ISIC_0010024,-2.0909405,-1.3882848
ISIC_0010029,-1.7066443,-2.0288038
ISIC_0010034,-2.209319,-1.8260187
ISIC_0010036,-0.8314835,-1.4115207
ISIC_0010039,-1.6535798,-1.382145
ISIC_0010049,-0.8809182,-0.8030146
ISIC_0010050,-1.0020703,-0.22211424
ISIC_0010054,-0.32532993,-2.7819955
ISIC_0010056,-0.5766011,-0.017316101
ISIC_0010067,1.276049,-1.41662
ISIC_0010080,-1.8828372,-1.358498
ISIC_0010081,1.2881976,-1.3667115
ISIC_0010089,-2.4605608,-2.4740453
ISIC_0010094,-3.050279,-2.4986665
ISIC_0010106,0.27735254,-0.5869049
ISIC_0010119,-2.3082998,-2.2290776
ISIC_0010120,-1.6515492,1.5403726
ISIC_0010131,-4.3272233,-2.198368
ISIC_0010137,-2.2624393,-3.2266576
ISIC_0010140,-1.553656,-0.90260804
ISIC_0010145,-0.6772878,-1.2084981
ISIC_0010148,-0.4745959,-1.0514114
ISIC_0010162,-0.8370375,0.73910713
ISIC_0010164,-1.4464581,-0.29561877
ISIC_0010165,-0.9351285,-0.6630094
ISIC_0010171,-0.26910245,-3.0501263
ISIC_0010174,-0.38827568,-3.2021263
ISIC_0010189,-1.402211,0.08833779
ISIC_0010194,-0.52852577,-0.94797856
ISIC_0010207,-1.3688005,-0.13678648
ISIC_0010208,-1.5046064,-0.114578195
ISIC_0010210,0.01829857,-3.0245652
ISIC_0010225,-0.85214764,-1.8004917
ISIC_0010231,-0.75438905,-1.0311636
ISIC_0010235,-0.91862714,-0.25452873
ISIC_0010240,-1.2567207,-1.0317942
ISIC_0010241,-0.79938316,-1.6228027
ISIC_0010245,-1.4280602,-0.07283329
ISIC_0010251,-1.2363368,-1.8327459
ISIC_0010265,-0.6547483,-1.2112789
ISIC_0010271,-1.0904434,-1.3936075
ISIC_0010280,-1.0736483,-1.7886431
ISIC_0010283,-2.5748339,-2.1015284
ISIC_0010288,-0.27082863,-3.2279007
ISIC_0010295,-2.6380916,-1.8733628
ISIC_0010299,-0.23419842,-2.4347303
ISIC_0010313,-2.2319918,-2.2762718
ISIC_0010319,-3.7679787,-2.6375096
ISIC_0010321,-0.6062509,-1.1767225
ISIC_0010322,-1.7922697,2.2363298
ISIC_0010350,-0.7442516,-1.4686735
ISIC_0010358,-0.30008018,-2.6087794
ISIC_0010360,-2.2776084,-2.9816444
ISIC_0010364,-2.133994,-3.042939
ISIC_0010366,-1.3347739,-1.1142616
ISIC_0010369,-0.18104878,0.34272137
ISIC_0010372,-2.387057,-1.7008556
ISIC_0010380,-1.4013007,-2.930455
ISIC_0010392,-1.0985365,0.6000102
ISIC_0010393,-1.9476558,-1.3631614
ISIC_0010394,-1.1553404,-0.81080365
ISIC_0010396,-1.0525527,-0.19270533
ISIC_0010397,-1.2129122,-1.7196414
ISIC_0010398,-1.5570616,-0.28249124
ISIC_0010400,-1.0008347,-0.026183175
ISIC_0010401,-1.039872,0.96543634
ISIC_0010402,-0.9374274,-0.97050416
ISIC_0010407,-0.64431113,0.013942935
ISIC_0010410,-2.5322049,-1.2939062
ISIC_0010413,-0.5795882,0.56129664
ISIC_0010415,-0.95740503,-1.4849027
ISIC_0010417,-0.5917959,-0.84723204
ISIC_0010426,-1.0815897,-1.161097
ISIC_0010432,-1.9265454,-1.8991501
ISIC_0010441,-4.0313215,-2.622812
ISIC_0010466,-0.41237363,-2.66079
ISIC_0010468,-0.52387977,-0.7944705
ISIC_0010469,-0.77833146,-0.65269196
ISIC_0010470,-0.83403456,-2.4492085
ISIC_0010476,-1.5403264,-1.4442359
ISIC_0010482,-1.1287383,-1.0125424
ISIC_0010486,-0.6609275,-0.87615174
ISIC_0010495,-1.1317637,-0.737967
ISIC_0010514,-1.738045,-2.144845
ISIC_0010527,-1.5018897,-0.7408663
ISIC_0010532,-1.1423357,-1.544628
ISIC_0010543,-1.932673,-1.3043674
ISIC_0010550,-1.007446,-0.2292254
ISIC_0010551,-1.3667971,-0.40038702
ISIC_0010555,-0.8752243,-0.83521694
ISIC_0010559,-1.9603562,2.7227335
ISIC_0010564,-0.40885663,0.50838894
ISIC_0010576,-2.0514143,-1.527826
ISIC_0010579,-0.9975206,-0.21017869
ISIC_0010583,-0.6227521,-0.67979693
ISIC_0010587,-2.5022519,-2.5768795
ISIC_0010591,-1.3231846,-0.5698117
ISIC_0010596,-0.5300136,-2.6684847
ISIC_0010597,-2.5921946,-1.8408628
ISIC_0010608,-0.50596714,-2.7187088
ISIC_0010609,-1.6663585,-2.581687
ISIC_0010611,-0.80791306,-2.101924
ISIC_0010631,-0.24016903,-1.5581182
ISIC_0010644,-1.5158638,-1.7770783
ISIC_0010648,-1.980315,-1.6388072
ISIC_0010653,-2.827403,-1.9931989
ISIC_0010655,-1.4023411,-0.0046011354
ISIC_0010707,-2.283717,-2.2233884
ISIC_0010714,-0.953919,0.9445263
ISIC_0010723,-0.51345253,-0.9650999
ISIC_0010728,-0.8490944,-0.7901593
ISIC_0010729,-1.9656287,-1.5565116
ISIC_0010741,-1.8732896,-0.9656033
ISIC_0010749,-1.2165947,-1.1016883
ISIC_0010750,-0.6362365,-0.6621079
ISIC_0010757,-2.105465,-2.1195822
ISIC_0010759,-0.14133961,-2.2344844
ISIC_0010764,-1.6378038,-0.61958736
ISIC_0010765,-1.0319929,-1.7440752
ISIC_0010766,-3.2043073,-1.7972231
ISIC_0010770,-1.5481765,-1.9724613
ISIC_0010772,-1.2434559,-3.067541
ISIC_0010777,-3.7211473,-2.5853686
ISIC_0010782,-1.0216123,-1.1405213
ISIC_0010784,-0.6947435,-2.1350558
ISIC_0010785,-1.493125,-1.6171433
ISIC_0010789,0.048417408,-2.677528
ISIC_0010790,-1.5365983,-0.020637803
ISIC_0010791,1.1409605,-2.034857
ISIC_0010792,-1.4533333,-0.10878479
ISIC_0010803,-2.8184152,-2.7157276
ISIC_0010808,-0.2734202,-2.707599
ISIC_0010809,-1.3402841,-1.8914353
ISIC_0010810,-1.0049918,-2.375619
ISIC_0010834,-3.4291272,-2.9974306
ISIC_0010852,-1.3852849,-1.8423841
ISIC_0010860,-3.7748919,-2.7361522
ISIC_0010862,-2.6156511,0.09032442
ISIC_0010863,-0.6876685,-0.41885704
ISIC_0010866,-0.69818866,-1.4411157
ISIC_0010872,-0.97538745,-0.25292596
ISIC_0010876,-0.7990202,-1.2479819
ISIC_0010878,-0.8512406,-1.0258723
ISIC_0010883,-0.28464818,-2.4902241
ISIC_0010890,1.2788384,-1.5535856
ISIC_0010898,-3.5141616,-2.8659766
ISIC_0010900,-0.2416817,-3.1176941
ISIC_0010912,-0.8259911,-1.1194819
ISIC_0010917,-0.5639294,-0.73279434
ISIC_0010923,-1.8764896,-1.3249288
ISIC_0010938,-1.5332841,-1.1136962
ISIC_0010942,-2.1963186,2.8021708
ISIC_0010965,-0.6091033,-1.1715852
ISIC_0010971,-0.30728215,-1.0981576
ISIC_0010977,-1.1223325,-1.199966
ISIC_0010978,-2.0555537,-2.169767
ISIC_0010979,-1.2342039,-0.28248027
ISIC_0010982,-1.3796687,-0.0039317184
ISIC_0010993,-1.2727145,-0.40437877
ISIC_0010995,-3.2025547,-2.12434
ISIC_0011007,0.29588127,-0.44092765
ISIC_0011012,-2.1799424,-3.0459616
ISIC_0011030,-0.18862173,-2.3646386
ISIC_0011031,-0.039390843,-2.5120206
ISIC_0011039,0.44097614,-1.1294163
ISIC_0011040,-1.121422,-2.1555922
ISIC_0011042,-1.3110814,-0.11184152
ISIC_0011043,-1.4700098,-0.10896697
ISIC_0011045,-0.495078,-1.0169421
ISIC_0011052,-1.414721,-0.42451236
ISIC_0011057,-2.5218215,-2.2760334
ISIC_0011077,-1.4538589,-0.44883296
ISIC_0011099,-3.2346594,-2.9473279
ISIC_0011118,-2.1789973,-2.2690337
ISIC_0011122,-0.8316114,-2.3258443
ISIC_0011128,-1.3816227,-0.060027167
ISIC_0011130,-0.22968577,-1.7529694
ISIC_0011132,-0.20916417,-2.3873568
ISIC_0011135,-3.3621533,-2.78525
ISIC_0011136,-1.6014117,-2.5961003
ISIC_0011137,-0.8200535,-1.4287819
ISIC_0011138,-1.0200511,-0.34078538
ISIC_0011139,-1.1267287,-1.1282537
ISIC_0011140,-2.9410892,-2.6512628
ISIC_0011151,-1.4321668,-1.1903979
ISIC_0011158,-0.8345313,-2.0280385
ISIC_0011161,-2.2244358,-1.7870823
ISIC_0011163,-2.6181862,-2.4676523
ISIC_0011166,-1.3901842,-0.4035891
ISIC_0011169,-4.1044335,-2.8160844
ISIC_0011176,-1.7543008,-1.6001637
ISIC_0011178,-1.2708312,-0.06677202
ISIC_0011181,-1.1321731,-0.31999195
ISIC_0011187,-1.7930052,-1.5355213
ISIC_0011193,-1.2807376,-2.1818728
ISIC_0011196,-1.4432395,-1.7340084
ISIC_0011209,0.058606595,-2.8813214
ISIC_0011238,-0.17893532,-3.0942159
ISIC_0011239,-1.8405305,-1.1139733
ISIC_0011247,-0.7925593,0.055048972
ISIC_0011256,-2.605751,-2.7368996
ISIC_0011264,1.3684595,-1.4442464
ISIC_0011267,-0.7481947,-1.5232208
ISIC_0011268,-2.6904106,-1.2245158
ISIC_0011269,-2.581316,-1.2917303
ISIC_0011273,-0.7963455,-0.79966116
ISIC_0011305,-2.3666694,-1.2100841
ISIC_0011315,-0.31043375,-1.9391311
ISIC_0011337,-0.29564726,-1.6347082
ISIC_0011348,-0.26034307,-0.37467283
ISIC_0011350,-0.71271145,0.14147963
ISIC_0011356,-1.0295967,0.5937661
ISIC_0011366,-1.4348627,-1.6074806
ISIC_0011370,-0.31343287,-2.5395525
ISIC_0011374,-0.7645404,0.36501852
ISIC_0011375,-0.6795165,-0.21496896
ISIC_0011381,-0.75853163,0.4957586
ISIC_0011387,-1.2687,-1.2739694
ISIC_0011388,1.3237504,-1.6521953
ISIC_0011390,-0.49313435,-1.4532256
ISIC_0011391,-3.089578,3.5532966
ISIC_0011399,-0.47328463,-2.3930569
ISIC_0011404,0.33189255,-2.8154535
ISIC_0011405,0.26106238,-2.5708487
ISIC_0011428,0.2719817,-2.0326886
ISIC_0011429,0.1564116,0.2660546
ISIC_0011430,0.24708004,0.22296771
ISIC_0011434,0.22671996,0.19649126
ISIC_0011435,0.046894133,0.24362662
ISIC_0011437,0.2868301,-0.14255035
ISIC_0011438,0.4289424,-0.5932499
ISIC_0011439,0.4173205,-0.5645012
ISIC_0011458,0.38343683,-2.0904164
ISIC_0011460,0.123252906,-0.29527026
ISIC_0011463,0.38254318,0.09335864
ISIC_0011471,1.2380383,-1.845772
ISIC_0011474,0.37993544,-2.1788437
ISIC_0011480,0.24211587,-0.26325926
ISIC_0011481,-1.304894,-3.0201588
ISIC_0011482,0.17411931,-2.2870734
ISIC_0011483,0.2509684,0.03216542
ISIC_0011484,0.20960045,0.05792094
ISIC_0011485,0.2657257,-2.419682
ISIC_0011486,0.2948289,-2.343919
ISIC_0011487,0.26705533,-2.3662744
ISIC_0011488,-0.29544765,-0.5383529
ISIC_0011489,0.05384025,-2.2373254
ISIC_0011490,0.120877154,0.023454601
ISIC_0011491,0.2607579,0.103399254
ISIC_0011492,0.3534997,-0.3183987
ISIC_0011493,0.33460832,-0.44912854
ISIC_0011494,0.13580826,-2.133831
ISIC_0011501,0.31530902,-2.3499234
ISIC_0011503,0.12671497,0.16810262
ISIC_0011504,0.19200414,-0.035176724
ISIC_0011505,-0.16036212,0.15258071
ISIC_0011506,-0.22201262,0.15018614
ISIC_0011507,0.35064173,-0.07296988
ISIC_0011508,0.3763159,-0.16255791
ISIC_0011511,0.3695734,0.07418982
ISIC_0011514,0.25891036,0.16235349
ISIC_0011515,0.30519384,-2.047222
ISIC_0011516,0.34086668,-2.0912511
ISIC_0011517,0.31306797,-2.1123707
ISIC_0011518,-0.3211626,-3.0974982
ISIC_0011519,0.33875912,-1.9532951
ISIC_0011520,0.37004584,0.07587464
ISIC_0011526,0.24778873,-2.0721612
ISIC_0011527,0.5399874,-0.39384863
ISIC_0011528,0.5539979,-0.4004874
ISIC_0011529,0.5478884,-0.40411082
ISIC_0011530,0.51773566,-0.3894128
ISIC_0011531,0.5861485,-0.39383295
ISIC_0011534,0.04469815,0.047954116
ISIC_0011537,0.115919456,0.24976872
ISIC_0011560,-0.40321258,0.03486857
ISIC_0011566,0.35726023,-2.2493303
ISIC_0011579,0.17306225,-2.0989764
ISIC_0011589,0.44268128,-0.43350962
ISIC_0011590,0.45559847,-0.46780664
ISIC_0011591,0.44971547,-0.4367523
ISIC_0011594,0.27503517,0.24625976
ISIC_0011610,-2.4610372,0.35319367
ISIC_0011613,0.23185548,0.19248396
ISIC_0011614,0.19093415,0.24718928
ISIC_0011615,0.18376826,0.18830393
ISIC_0011616,0.24113202,0.1843397
ISIC_0011618,-1.6688209,2.1086469
ISIC_0011628,1.4032556,-1.4432094
ISIC_0011649,0.24668267,-2.6482701
ISIC_0011659,0.38555676,-2.162638
ISIC_0011684,0.068628,-0.25439587
ISIC_0011691,0.33821535,-1.90721
ISIC_0011692,0.5952772,-0.17359543
ISIC_0011693,0.56280726,-0.16351603
ISIC_0011694,0.6024893,-0.15103242
ISIC_0011695,0.5938486,-0.16290069
ISIC_0011696,0.58552504,-0.1576504
ISIC_0011697,0.58687407,-0.15439399
ISIC_0011698,0.60237205,-0.16368161
ISIC_0011699,0.5945743,-0.18442295
ISIC_0011700,0.5881539,-0.18969385
ISIC_0011701,0.6072536,-0.16656397
ISIC_0011702,0.6194547,-0.14871891
ISIC_0011703,0.6108615,-0.13293086
ISIC_0011704,0.6140515,-0.17252833
ISIC_0011709,0.39572772,0.10143789
ISIC_0011710,0.35417786,0.124878354
ISIC_0011728,0.27093202,-2.1688209
ISIC_0011729,-2.020002,0.9483303
ISIC_0011736,0.2949551,-1.2616981
ISIC_0011743,0.1255917,0.16894194
ISIC_0011744,0.30388525,0.15897967
ISIC_0011758,0.29836756,-2.388196
ISIC_0011759,0.33753937,-2.458848
ISIC_0011764,0.111828156,-0.613038
ISIC_0011770,0.8349622,-2.1129014
ISIC_0011771,0.7981868,-2.15936
ISIC_0011772,0.9575069,-2.075875
ISIC_0011773,0.6808356,-2.1911366
ISIC_0011774,0.5741585,-2.2377007
ISIC_0011778,1.3948979,-1.4042027
ISIC_0011780,0.2479734,0.20350945
ISIC_0011782,0.23159103,0.14117546
ISIC_0011794,0.19695406,-0.07558758
ISIC_0011797,0.38456807,-0.4660823
ISIC_0011798,0.40429747,-0.49206787
ISIC_0011799,0.42046475,-0.38592377
ISIC_0011801,0.42399785,-0.54818463
ISIC_0011802,0.40547237,-0.5348028
ISIC_0011807,0.28076673,-2.6087222
ISIC_0011808,0.29113173,-2.6615217
ISIC_0011811,0.31477624,-1.8977449
ISIC_0011812,0.32106158,-1.8412944
ISIC_0011845,0.29027343,-2.8250754
ISIC_0011846,0.2769311,-2.8529325
ISIC_0011857,0.2512242,0.0888608
ISIC_0011858,0.25093326,0.069765314
ISIC_0011870,0.09396189,0.17212148
ISIC_0011872,0.12700677,0.7855723
ISIC_0011873,0.115350895,0.8008642
ISIC_0011874,0.11994196,0.8042195
ISIC_0011875,0.121410705,0.7690954
ISIC_0011876,0.08847689,0.80480057
ISIC_0011877,0.124674045,0.7847088
ISIC_0011878,0.14218946,0.79743034
ISIC_0011879,0.1364703,0.7604641
ISIC_0011892,0.41353545,-0.49004972
ISIC_0011895,0.020815017,-1.5985467
ISIC_0011898,-1.5813627,-1.1439853
ISIC_0011904,0.42554092,-0.33454743
ISIC_0011921,0.23171689,-2.1943333
ISIC_0011922,0.22806129,-2.1665545
ISIC_0011923,0.39461765,-2.2086666
ISIC_0011930,0.28943717,-1.3011589
ISIC_0011931,0.25631943,-1.0743716
ISIC_0011933,0.34826842,0.12846343
ISIC_0011943,-2.0870695,-1.7147617
ISIC_0011944,-2.0258489,-1.8719594
ISIC_0011947,0.25333154,-2.5696347
ISIC_0011948,0.28869087,-2.4934676
ISIC_0011949,0.12926255,-1.6505647
ISIC_0011950,0.13459052,-1.6588655
ISIC_0011951,0.12360144,-1.6507646
ISIC_0011957,0.61318076,-0.13625948
ISIC_0011958,0.6008648,-0.1177943
ISIC_0011975,0.39858085,0.06775573
ISIC_0011987,0.34583062,-2.7704673
ISIC_0011996,0.3198086,-0.30859604
ISIC_0011998,0.36627543,-2.282771
ISIC_0012000,0.3365212,-0.30502164
ISIC_0012044,0.28512725,0.12098098
ISIC_0012047,0.31812912,-1.8307889
ISIC_0012048,0.3542567,-0.6038326
ISIC_0012049,-1.6037391,2.3172312
ISIC_0012060,0.37011752,-2.8319592
ISIC_0012063,0.40167463,-0.9324589
ISIC_0012066,0.43971252,-0.8498571
ISIC_0012069,0.5636043,-0.897623
ISIC_0012081,0.13060653,-1.9819672
ISIC_0012082,0.20353729,-1.9278797
ISIC_0012083,-0.36924753,0.5005456
ISIC_0012099,5.3579583,2.102576
ISIC_0012112,-2.155971,1.0743966
ISIC_0012137,5.330196,0.58452433
ISIC_0012151,5.299616,0.629267
ISIC_0012208,5.336636,0.5764909
ISIC_0012258,5.3394127,0.573552
ISIC_0012270,5.596646,2.0594127
ISIC_0012288,5.407802,1.8298599
ISIC_0012290,5.7601,2.28495
ISIC_0012298,5.331168,0.5811013
ISIC_0012321,5.3283515,0.591474
ISIC_0012348,5.3464446,0.5722049
ISIC_0012356,5.356626,0.5551187
ISIC_0012369,5.3416343,0.566073
ISIC_0012382,5.2134423,0.74289167
ISIC_0012391,5.3341064,0.5814555
ISIC_0012418,5.630022,1.8775628
ISIC_0012425,5.517011,2.0162482
ISIC_0012434,5.3341227,0.5806984
ISIC_0012435,5.30822,0.62327117
ISIC_0012450,-4.118569,-2.9377735
ISIC_0012471,5.8001676,2.2813394
ISIC_0012472,5.7461643,2.0580215
ISIC_0012512,5.645912,1.7622035
ISIC_0012571,-1.1364762,-0.31300324
ISIC_0012574,-0.9954458,-2.657908
ISIC_0012577,-3.0636694,1.7011756
ISIC_0012580,-1.0126632,-0.8084384
ISIC_0012592,-1.8668711,-1.9310176
ISIC_0012595,1.2952988,-1.2986945
ISIC_0012610,-1.1545516,-1.1206
ISIC_0012633,-1.5979896,-1.2127734
ISIC_0012678,5.290347,0.6146063
ISIC_0012701,5.342495,0.5725058
ISIC_0012756,5.7212515,2.3337576
ISIC_0012758,-2.3815403,-2.364829
ISIC_0012843,-2.162769,1.0439906
ISIC_0012887,5.3698516,1.5828819
ISIC_0012930,5.3438587,0.5715918
ISIC_0012988,5.2628055,0.6769506
ISIC_0012989,5.345364,1.5425129
ISIC_0012990,5.2629538,0.66655886
ISIC_0013072,5.358249,0.5603423
ISIC_0013073,5.3468523,0.56977826
ISIC_0013079,5.3518305,0.56979656
ISIC_0013141,0.35610038,-2.6963997
ISIC_0013184,5.6995673,2.3839188
ISIC_0013198,5.3142633,0.60397875
ISIC_0013232,5.3355126,0.5766704
ISIC_0013242,5.599833,2.2012196
ISIC_0013258,5.259598,0.6707604
ISIC_0013277,5.4761243,1.6239692
ISIC_0013321,5.5084167,2.0305307
ISIC_0013334,-1.7639967,2.641946
ISIC_0013359,5.907549,2.0315254
ISIC_0013365,5.7717633,2.1433613
ISIC_0013374,5.358323,0.5934766
ISIC_0013411,-0.89202535,1.2333046
ISIC_0013427,5.907314,2.015675
ISIC_0013429,5.3747606,1.6442041
ISIC_0013444,5.5795054,2.04279
ISIC_0013455,5.915314,2.0318847
ISIC_0013457,5.6091204,2.2713034
ISIC_0013459,5.797016,2.2704606
ISIC_0013460,5.613753,2.0869873
ISIC_0013472,5.6710114,2.231516
ISIC_0013473,5.6807375,2.0092926
ISIC_0013490,5.5141273,1.8086333
ISIC_0013491,5.7765408,2.3024898
ISIC_0013497,5.825033,2.2189155
ISIC_0013499,5.83426,2.2788801
ISIC_0013500,5.692541,2.1002343
ISIC_0013501,5.38338,1.6856855
ISIC_0013518,5.804755,1.9047712
ISIC_0013525,5.323681,0.5816854
ISIC_0013530,5.8256807,2.2021902
ISIC_0013548,5.392785,1.9227933
ISIC_0013549,5.5925775,2.0056722
ISIC_0013565,5.6245265,2.128727
ISIC_0013567,5.506526,1.9684696
ISIC_0013572,5.3045425,1.1207672
ISIC_0013577,5.702932,2.0557954
ISIC_0013578,5.717408,2.2363322
ISIC_0013579,5.8481307,2.199018
ISIC_0013581,5.3607326,0.55588025
ISIC_0013588,5.6266274,1.9631412
ISIC_0013594,5.714264,2.2918713
ISIC_0013606,5.5926456,1.9130886
ISIC_0013610,5.3157573,0.5952114
ISIC_0013615,5.4789677,1.8536648
ISIC_0013617,5.5402427,2.129632
ISIC_0013618,5.839492,2.202307
ISIC_0013626,5.5860887,2.3985286
ISIC_0013634,5.9276686,2.121353
ISIC_0013636,5.503272,1.7388405
ISIC_0013639,5.7984505,2.293513
ISIC_0013646,5.2520003,0.6824289
ISIC_0013651,5.427108,1.6274294
ISIC_0013652,5.348926,0.5566043
ISIC_0013663,5.3738933,0.5582428
ISIC_0013671,5.494315,1.9458692
ISIC_0013672,5.5836463,2.2971687
ISIC_0013696,5.466848,1.5940754
ISIC_0013702,5.453303,1.5978851
ISIC_0013733,5.9117846,2.050222
ISIC_0013736,5.4969,1.6414577
ISIC_0013739,5.3332906,0.5800929
ISIC_0013740,1.5738441,-1.5113863
ISIC_0013744,5.3271003,0.59229964
ISIC_0013762,5.848637,2.1304564
ISIC_0013766,5.610635,2.31527
ISIC_0013767,5.811559,2.3048625
ISIC_0013768,5.844106,2.2593126
ISIC_0013769,5.4877167,1.627237
ISIC_0013775,1.4711467,-1.6344558
ISIC_0013777,5.8460674,2.1601748
ISIC_0013783,5.369163,0.55241203
ISIC_0013813,5.8040323,2.1463377
ISIC_0013814,5.8012223,2.157337
ISIC_0013815,5.6259265,2.140586
ISIC_0013831,5.34154,0.5833248
ISIC_0013832,5.848756,2.228989
ISIC_0013833,5.964686,2.1111076
ISIC_0013839,1.5374112,-1.5313668
ISIC_0013842,5.7374754,2.2852292
ISIC_0013844,5.3407683,0.57417643
ISIC_0013845,5.3602943,0.55456406
ISIC_0013861,5.8574677,2.1127586
ISIC_0013865,5.7929792,2.1593237
ISIC_0013867,5.6974373,2.257662
ISIC_0013874,5.571425,2.381904
ISIC_0013908,5.327347,0.5921761
ISIC_0013917,5.335844,0.5755826
ISIC_0013936,5.291056,0.63818187
ISIC_0013948,5.287408,0.62925816
ISIC_0013953,5.519628,1.9511437
ISIC_0013969,5.5546317,2.0178704
ISIC_0013972,5.634816,1.7769753
ISIC_0013975,5.3417416,0.5720647
ISIC_0013984,5.34023,0.5754726
ISIC_0013987,5.3484025,0.5686401
ISIC_0013988,5.370871,0.545336
ISIC_0013992,5.610953,1.866533
ISIC_0013995,5.529725,1.6952082
ISIC_0013997,5.777255,2.2232096
ISIC_0014013,5.5516033,2.0627098
ISIC_0014037,-2.248592,3.0686915
ISIC_0014044,5.8082147,2.229582
ISIC_0014049,5.3614073,0.5566608
ISIC_0014059,5.362906,2.1288495
ISIC_0014061,5.735419,2.3072872
ISIC_0014062,5.7493234,2.2702374
ISIC_0014072,5.8287954,2.0428042
ISIC_0014076,5.4740276,1.6039556
ISIC_0014077,5.511453,1.651488
ISIC_0014079,1.4664994,-1.5462283
ISIC_0014082,5.835067,2.1591973
ISIC_0014086,5.8117456,2.2603757
ISIC_0014088,5.8464956,2.212847
ISIC_0014091,5.7530484,2.0668886
ISIC_0014092,5.745993,2.3361487
ISIC_0014099,-2.0382144,2.742664
ISIC_0014103,5.539681,2.0065563
ISIC_0014108,5.589021,1.7602965
ISIC_0014110,5.804648,2.139424
ISIC_0014127,5.74578,1.9073055
ISIC_0014129,5.9529834,2.0859284
ISIC_0014132,5.7969346,2.2644494
ISIC_0014133,-2.1938965,1.0072138
ISIC_0014144,5.8070636,2.273116
ISIC_0014148,1.5867115,-1.5108974
ISIC_0014151,5.889097,1.9886819
ISIC_0014156,5.800291,2.2989547
ISIC_0014157,5.851297,2.2497275
ISIC_0014160,5.64384,2.1866314
ISIC_0014163,5.632946,1.8234046
ISIC_0014165,5.8761153,2.0019674
ISIC_0014171,5.607491,2.095191
ISIC_0014173,5.633151,2.0989099
ISIC_0014181,5.8163137,1.8981011
ISIC_0014183,5.9119964,2.0070403
ISIC_0014186,5.4443836,1.824434
ISIC_0014187,5.601355,2.0724385
ISIC_0014189,5.6466513,1.8665869
ISIC_0014190,5.651024,2.1417964
ISIC_0014217,5.9222937,2.0316775
ISIC_0014219,5.8621597,2.1781821
ISIC_0014222,1.449172,-1.5492853
ISIC_0014229,5.844144,2.0844817
ISIC_0014233,5.67574,2.0493042
ISIC_0014238,5.7047706,2.341279
ISIC_0014249,5.753191,2.2882211
ISIC_0014270,5.617335,2.2846549
ISIC_0014284,5.542224,1.9825537
ISIC_0014288,5.7950244,2.277491
ISIC_0014289,5.5949736,2.4007697
ISIC_0014290,-3.2748296,-1.0839174
ISIC_0014291,5.32711,1.6071957
ISIC_0014302,5.899811,2.1276357
ISIC_0014308,5.8745995,2.2215486
ISIC_0014316,5.855663,2.258893
ISIC_0014319,5.8401594,2.1266205
ISIC_0014324,5.661903,2.0493138
ISIC_0014325,5.9664397,2.0516784
ISIC_0014327,5.899946,2.216992
ISIC_0014331,5.8465095,2.182415
ISIC_0014336,1.5701246,-1.5109446
ISIC_0014337,5.867682,2.2012558
ISIC_0014347,5.8517137,2.281194
ISIC_0014349,5.7629957,2.0623057
ISIC_0014357,1.5241479,-1.490343
ISIC_0014360,5.8959017,2.1904497
ISIC_0014361,5.564304,1.7318944
ISIC_0014366,5.6185856,1.8903325
ISIC_0014369,5.614857,2.3437076
ISIC_0014372,5.862154,2.2052164
ISIC_0014377,5.8756022,2.2636106
ISIC_0014385,5.601652,2.0721254
ISIC_0014395,5.8710413,2.1887352
ISIC_0014400,-3.2515152,-2.1504436
ISIC_0014422,5.8310432,2.172887
ISIC_0014423,5.6654615,2.094093
ISIC_0014428,5.665399,2.2640347
ISIC_0014434,5.531002,1.9464135
ISIC_0014454,5.8798056,2.2140067
ISIC_0014476,5.5161886,1.6699826
ISIC_0014478,5.9363666,2.0546768
ISIC_0014480,5.7477326,2.3451328
ISIC_0014486,5.804982,2.2979615
ISIC_0014489,5.8518,2.165356
ISIC_0014501,5.9514484,2.0781937
ISIC_0014506,5.869339,2.192754
ISIC_0014507,5.805196,2.2769163
ISIC_0014513,5.5792146,2.0617878
ISIC_0014525,5.6656146,1.742179
ISIC_0014527,5.6463585,1.7475535
ISIC_0014541,5.8512983,2.1492054
ISIC_0014543,5.817251,2.2726102
ISIC_0014545,5.6652074,2.2627544
ISIC_0014546,5.9443126,2.0896814
ISIC_0014548,5.8273773,2.3329377
ISIC_0014557,5.676261,2.2348855
ISIC_0014558,5.832149,2.0773456
ISIC_0014559,5.6564727,1.7612281
ISIC_0014663,0.21941848,0.1821143
ISIC_0014666,0.24856304,0.35585827
ISIC_0014671,0.17466389,-0.21465512
ISIC_0014681,-1.7730455,-0.8176904
ISIC_0014688,0.28333202,-2.5662103
ISIC_0014689,0.3395538,-2.8238409
ISIC_0014690,0.43855733,-2.6537457
ISIC_0014703,0.24816686,-0.09268795
ISIC_0014722,-0.06355281,0.062329493
ISIC_0014727,0.2684193,-2.6829405
ISIC_0014766,0.34567448,-1.9950691
ISIC_0014772,0.36594313,-1.856978
ISIC_0014784,-1.633585,2.3375657
ISIC_0014788,0.035913084,-1.5740796
ISIC_0014790,0.19506627,-2.657348
ISIC_0014795,1.1002469,-1.5073135
ISIC_0014800,0.3952814,-0.6241896
ISIC_0014809,0.3490176,-0.39477408
ISIC_0014813,0.31561035,-0.06556735
ISIC_0014826,0.96683466,-1.4344933
ISIC_0014832,0.40305236,-2.743101
ISIC_0014852,-0.69714594,0.118818514
ISIC_0014857,0.19034329,-0.16741881
ISIC_0014858,0.2525686,0.19540583
ISIC_0014862,0.3758241,0.080644235
ISIC_0014864,0.34829384,-0.394752
ISIC_0014871,0.39778936,-0.45171663
ISIC_0014872,0.38781372,-2.1792436
ISIC_0014873,0.38264224,-2.3179104
ISIC_0014874,0.3776339,-2.7591593
ISIC_0014877,0.39086348,-0.4809907
ISIC_0014880,0.08529333,0.473151
ISIC_0014883,0.5938249,-0.15020901
ISIC_0014891,0.3279511,-2.1429012
ISIC_0014892,0.38350105,-2.3050537
ISIC_0014893,0.38418645,-2.7759595
ISIC_0014897,0.41856438,-0.52330786
ISIC_0014900,0.060085293,-1.5667208
ISIC_0014912,0.38853404,0.11608139
ISIC_0014918,-0.315911,-3.1529756
ISIC_0014919,-2.557939,0.23630813
ISIC_0014920,0.00040957495,-1.8083862
ISIC_0014924,0.096402675,-2.246536
ISIC_0014928,-2.1594057,-2.2769434
ISIC_0014931,0.08388171,-2.1961262
ISIC_0014935,0.15954714,0.18722793
ISIC_0014951,-1.2362678,-0.4144025
ISIC_0014953,0.16429295,-2.0654671
ISIC_0014963,0.22768266,0.092039965
ISIC_0014970,0.5897609,-0.15996711
ISIC_0014975,1.3799144,-1.4335208
ISIC_0014979,0.40337107,-2.8774183
ISIC_0014980,0.41440848,-2.8478897
ISIC_0014982,0.3347988,-0.12283612
ISIC_0014983,0.04686568,-2.1918683
ISIC_0014985,-0.5137675,0.53416806
ISIC_0014987,0.33025387,-0.6009752
ISIC_0014999,0.32837638,0.112475336
ISIC_0015004,0.24903795,-2.963629
ISIC_0015005,0.010731484,0.11927159
ISIC_0015041,-0.3690595,-1.9234525
ISIC_0015045,0.34961587,-1.7142885
ISIC_0015050,0.97930014,-1.6391208
ISIC_0015065,0.3960905,-2.1962967
ISIC_0015067,1.4148175,-1.445746
ISIC_0015073,0.35057947,0.15412079
ISIC_0015079,0.38677436,-0.001896416
ISIC_0015082,0.16395642,-0.032075718
ISIC_0015083,-3.0100508,-0.53108305
ISIC_0015088,0.15738869,0.12968247
ISIC_0015096,0.052074317,-2.2767086
ISIC_0015106,0.3428121,-0.36777672
ISIC_0015109,0.31957746,-2.0482047
ISIC_0015114,-0.023455212,-0.1511287
ISIC_0015115,0.36901385,-2.214805
ISIC_0015116,0.17152251,-2.5707004
ISIC_0015119,0.3653207,0.0958771
ISIC_0015120,0.358545,-0.06736075
ISIC_0015122,-0.36052868,-3.1682
ISIC_0015124,0.12237676,-2.642304
ISIC_0015127,0.21255599,-0.10815901
ISIC_0015128,0.44105002,-0.58238506
ISIC_0015132,0.2231976,-1.7781403
ISIC_0015133,-1.132203,-3.1038222
ISIC_0015136,0.33128652,-0.9027398
ISIC_0015141,0.40300393,-2.2493107
ISIC_0015142,0.42371768,-0.19307496
ISIC_0015143,0.2172005,-1.8732537
ISIC_0015145,0.3791858,-0.807048
ISIC_0015156,0.08938445,0.13249828
ISIC_0015163,0.36441028,-2.2789896
ISIC_0015166,0.19046624,0.2994186
ISIC_0015167,0.42457992,0.2819098
ISIC_0015169,0.25130522,-2.450679
ISIC_0015178,1.4262277,-1.4388721
ISIC_0015180,1.4270794,-1.4085553
ISIC_0015185,0.38549802,0.14612834
ISIC_0015189,0.40268466,-2.1451511
ISIC_0015190,0.067814626,0.10876895
ISIC_0015191,0.30471593,-2.3479545
ISIC_0015192,0.35225356,-0.059453957
ISIC_0015193,-0.0018253088,-2.1163194
ISIC_0015194,0.33088663,-0.13590997
ISIC_0015196,-2.7280493,-1.6681814
ISIC_0015197,-2.9402776,-1.7662913
ISIC_0015204,-1.7383701,-3.0693276
ISIC_0015205,0.32472897,0.023190234
ISIC_0015206,0.29606357,-0.84149325
ISIC_0015213,0.25663197,0.26687548
ISIC_0015219,0.30562815,-2.0273528
ISIC_0015228,-3.2800598,1.7875352
ISIC_0015229,0.1414054,0.29225096
ISIC_0015230,0.2750567,-2.1306221
ISIC_0015236,0.3510321,-0.082502626
ISIC_0015243,0.3565615,-1.1828917
ISIC_0015246,0.10713245,0.30877241
ISIC_0015248,0.3866398,-0.47905162
ISIC_0015251,0.28917143,0.135754
ISIC_0015256,0.35214978,0.1844857
ISIC_0015266,0.30303136,0.19770558
ISIC_0015277,0.3641753,0.11526781
ISIC_0015284,-2.2504041,2.8187802
ISIC_0015288,0.32508096,0.026578056
ISIC_0015289,0.25381616,0.16110998
ISIC_0015314,0.05073041,-3.1475072
ISIC_0015316,-0.40568104,-3.0553436
ISIC_0015317,-1.9254072,-1.1508037
ISIC_0015318,0.36926216,-1.1557713
ISIC_0015332,-1.5856062,2.3601282
ISIC_0015336,0.3370759,-0.13770103
ISIC_0015343,0.3901932,0.08212037
ISIC_0015356,0.43578407,0.10123001
ISIC_0015377,-0.26176018,-0.2889517
ISIC_0015433,0.37024504,-1.3538674
ISIC_0015434,0.3364918,-0.18852925
ISIC_0015441,1.1189536,-1.7491026
ISIC_0015442,0.2874759,-2.6847234
ISIC_0015457,-3.173526,1.7336758
ISIC_0015458,-3.0755978,1.7810159
ISIC_0015477,0.41420844,-0.13890304
ISIC_0015503,1.1120849,-1.4837219
ISIC_0015508,0.31864107,0.2761912
ISIC_0015514,-2.474925,-2.05123
ISIC_0015517,-2.826983,-1.9580667
ISIC_0015519,-2.7033975,-1.6437136
ISIC_0015522,0.45906448,-2.7025888
ISIC_0015523,0.28654224,-0.26692444
ISIC_0015533,0.37870526,-2.8602583
ISIC_0015565,-0.04445887,-3.1358755
ISIC_0015575,-1.8380226,-1.1492617
ISIC_0015595,-2.1405888,1.4002441
ISIC_0015608,0.15127872,-0.14481644
ISIC_0015619,-1.5574275,2.36419
ISIC_0016080,5.808819,2.294916
ISIC_0016081,1.5734477,-1.486961
ISIC_0016082,-1.7932775,1.6283146
ISIC_0016084,5.295119,0.61952966
ISIC_0016085,5.7905946,2.2253857
ISIC_0016092,-1.8298118,1.6134918
ISIC_0016094,-1.2971328,-3.066843
ISIC_0016112,5.951187,1.8291351
ISIC_0016114,-1.9196349,-1.702982
ISIC_0016123,5.8550115,2.2277236
ISIC_0016127,5.3322816,0.5954296
ISIC_0016128,-1.4574711,1.2666378
ISIC_0016131,5.213211,0.74887896
ISIC_0016133,5.319283,0.59603953
ISIC_0016137,5.8421426,2.2369738
ISIC_0016139,5.494233,1.8230023
ISIC_0016145,-1.9695144,2.6700368
ISIC_0016153,5.949339,2.1123219
ISIC_0016161,5.842354,2.187004
ISIC_0016162,-2.0242772,2.7352872
ISIC_0016438,-1.2319624,-1.8902223
ISIC_0016911,-0.91260755,-1.447499
ISIC_0017350,-0.9257873,-2.7098339
ISIC_0017399,-2.1411965,-2.1185427
ISIC_0017411,-1.0275031,-1.1123708
ISIC_0017414,-2.1695335,-1.9482056
ISIC_0017415,-2.3916883,-2.4484582
ISIC_0017422,-1.2250984,-1.7956556
ISIC_0017428,-0.86646247,-1.763546
ISIC_0017431,-2.8722231,-2.4566429
ISIC_0017434,-0.9498038,-1.5345147
ISIC_0017436,-2.0805979,-1.5710613
ISIC_0017443,-2.6025045,-2.1877692
ISIC_0017448,-1.1397306,-1.6792904
ISIC_0017451,-2.1107514,-2.0854955
ISIC_0017453,-2.3224695,-2.3739173
ISIC_0017455,-2.5390856,-2.2862644
ISIC_0017460,-2.9752715,-2.7055137
ISIC_0017485,-1.2686809,-1.8068966
ISIC_0017486,-0.98239446,-1.6554768
ISIC_0017856,-0.7661024,-1.4866204
ISIC_0018039,-0.11557641,-2.2032514
ISIC_0018040,-0.13949266,-2.0926096
ISIC_0019315,-1.4147952,-1.7860764
ISIC_0019334,-2.3716645,-2.4474516
ISIC_0019335,-2.3975499,-2.4301145
ISIC_0019432,-1.019654,-1.6328673
ISIC_0020491,-1.2734301,-1.7114018
ISIC_0020963,-2.514702,-1.5986876
ISIC_0020975,-0.63855076,-0.6925973
ISIC_0020977,-0.74307895,-0.77909505
ISIC_0020978,-1.4257731,-0.92063075
ISIC_0020985,-1.659392,-0.36078393
ISIC_0020986,-1.0794593,0.16898073
ISIC_0020987,-2.2917879,0.68556124
ISIC_0020988,-1.1331483,0.25765103
ISIC_0020998,-0.8804333,0.28236443
ISIC_0021009,-2.348489,0.7539027
ISIC_0021020,-0.8075926,0.23679934
ISIC_0021094,-0.64186156,-0.63659894
ISIC_0021095,-0.88383764,-0.5259512
ISIC_0021125,-0.42859882,-1.6777604
ISIC_0021136,-1.1306238,-1.0165269
ISIC_0021147,-0.7993,-0.65305585
ISIC_0021155,-1.1465214,-0.98999435
ISIC_0021162,-0.47775677,-1.4639398
ISIC_0021166,1.3524036,-1.517398
ISIC_0021167,1.3716497,-1.4997714
ISIC_0021168,1.3152945,-1.5860708
ISIC_0021172,-4.5198135,-2.1917596
ISIC_0021187,-3.2137237,-3.0758088
ISIC_0021188,-2.1908813,-3.1757665
ISIC_0021189,-3.637745,-2.8718066
ISIC_0021194,-0.0034899367,-2.6525092
ISIC_0021205,-4.9607778,-1.6096028
ISIC_0021271,-0.16165155,-2.6277502
ISIC_0021282,-2.272866,0.21963644
ISIC_0021293,-0.19856264,-2.561356
ISIC_0021295,-0.8687473,-0.7420677
ISIC_0021296,-0.808796,-0.8660971
ISIC_0021297,-1.8600286,-1.0631171
ISIC_0021328,-0.83116436,-0.9640552
ISIC_0021329,-0.94121367,-0.84300923
ISIC_0021330,-1.979606,-0.967365
ISIC_0021339,-0.34627056,1.417691
ISIC_0021340,-0.38088867,1.4014176
ISIC_0021341,-0.36372074,1.4390359
ISIC_0021382,-3.1960504,-0.24770865
ISIC_0021383,-3.2595155,-0.22235629
ISIC_0021384,-3.2065516,-0.28475943
ISIC_0021390,1.0704943,-2.1412015
ISIC_0021391,-4.2503014,-2.688079
ISIC_0021399,-1.6175343,-1.9719136
ISIC_0021400,-2.0738876,-2.058275
ISIC_0021401,-2.2734509,-1.9582663
ISIC_0021405,-0.05569663,-2.5481732
ISIC_0021407,-0.099761456,-2.4526782
ISIC_0021408,1.1738329,-1.97507
ISIC_0021426,-0.83511376,-0.6998322
ISIC_0021427,-0.76408756,-0.72813356
ISIC_0021428,-1.5525047,0.046324845
ISIC_0021432,-1.139921,0.023447996
ISIC_0021434,-1.0019041,0.012620494
ISIC_0021435,-1.9960321,0.32946435
ISIC_0021439,-0.6505297,-0.8407792
ISIC_0021440,-0.70471984,-0.84611315
ISIC_0021441,-2.0032828,-0.3422205
ISIC_0021442,-0.67300105,-0.87456733
ISIC_0021443,-0.6796384,-0.641125
ISIC_0021446,-0.67562234,-0.5813004
ISIC_0021473,0.06307163,-2.7406986
ISIC_0021474,0.112001315,-2.722715
ISIC_0021475,-0.06942935,-3.0627966
ISIC_0021480,0.10535814,-2.991042
ISIC_0021481,-0.008534128,-2.9709754
ISIC_0021482,-0.20975949,-3.0974677
ISIC_0021491,-1.2929938,-0.8408759
ISIC_0021492,-2.3448808,-1.5407857
ISIC_0021493,-2.4965053,-1.6332881
ISIC_0021497,-1.2133706,-0.652835
ISIC_0021498,-1.1503495,-1.0678723
ISIC_0021500,-2.8717594,0.98592496
ISIC_0021530,-2.447588,-2.3597252
ISIC_0021531,-2.511848,-2.4684832
ISIC_0021533,-2.7245355,-2.3417501
ISIC_0021534,-3.2834725,-2.8082898
ISIC_0021535,-3.0231233,-2.7282274
ISIC_0021536,-3.2871997,-2.784604
ISIC_0021542,-1.0227675,-0.007295964
ISIC_0021543,-1.5062352,-0.046578094
ISIC_0021544,-2.4050195,0.70105886
ISIC_0021611,-0.53891927,-0.6661257
ISIC_0021622,-0.5160922,-0.52694035
ISIC_0021627,-1.9368654,-0.27812824
ISIC_0021646,-2.2536442,-1.2716951
ISIC_0021647,-1.7536502,-1.0991318
ISIC_0021648,-2.496927,-1.1809446
ISIC_0021687,-0.9049584,-1.1877036
ISIC_0021688,-1.2345333,-1.2260548
ISIC_0021689,-1.5887609,-0.5302375
ISIC_0021706,-1.6942005,-1.603636
ISIC_0021708,-2.3865159,-2.1706705
ISIC_0021709,-2.1620271,-1.7366518
ISIC_0021710,-1.4360274,-1.077764
ISIC_0021711,-1.0803864,-0.9811804
ISIC_0021713,-1.4200771,-0.8654275
ISIC_0021728,-0.8139042,-0.802065
ISIC_0021729,-0.85805124,-0.7459452
ISIC_0021730,-1.4714301,0.16175742
ISIC_0021745,-1.5299911,-1.6471548
ISIC_0021746,-1.4396011,-1.5550692
ISIC_0021747,-1.5469997,-0.4175695
ISIC_0021768,-0.8083319,-0.8534058
ISIC_0021770,-2.8940434,-1.9504822
ISIC_0021771,-1.9592665,-1.526645
ISIC_0021772,-1.9730263,-1.0792695
ISIC_0021780,-2.5116742,-2.2594972
ISIC_0021781,-1.8964639,-2.0594275
ISIC_0021782,-1.566614,-0.8064858
ISIC_0021783,-2.6934068,-2.4600644
ISIC_0021784,-2.4711087,-2.3187406
ISIC_0021785,-3.0596604,-1.6353866
ISIC_0021786,-1.5048344,-1.8120533
ISIC_0021787,-1.2312837,-1.6284051
ISIC_0021789,-2.8126695,-1.8609127
ISIC_0021800,-3.5098767,-2.3453832
ISIC_0021801,-0.98081195,-1.7838362
ISIC_0021802,-2.324071,-1.2375824
ISIC_0021803,-2.174835,-1.6509356
ISIC_0021804,-2.3672256,-1.635524
ISIC_0021805,-3.9213338,-2.2259665
ISIC_0021816,-1.215421,-3.1182096
ISIC_0021818,-0.72456414,-2.2123218
ISIC_0021819,-4.0983047,-2.0920606
ISIC_0021850,-2.7263346,-1.8702031
ISIC_0021851,-1.198819,-1.5259513
ISIC_0021896,-0.6455173,-0.40425035
ISIC_0021897,-1.2296965,-0.548379
ISIC_0021898,0.040695038,-2.9986029
ISIC_0021899,-4.274577,-2.1277134
ISIC_0021900,-3.2221298,-2.586731
ISIC_0021901,-4.272373,-2.1697502
ISIC_0021908,-3.236813,-2.6346052
ISIC_0021917,-1.2870313,-1.5895511
ISIC_0021921,1.3127975,-1.7006129
ISIC_0021925,-0.24078251,-2.6352708
ISIC_0021926,1.3472669,-1.6566043
ISIC_0021927,1.3479803,-1.6882616
ISIC_0021967,-1.5327145,-1.9427294
ISIC_0021969,-1.9344008,-2.0353522
ISIC_0021970,-3.2222326,-1.9530534
ISIC_0021971,-3.1525843,-1.7128805
ISIC_0021972,-3.1617382,-1.7671198
ISIC_0021973,-3.1410427,-1.7376093
ISIC_0021974,-3.129537,-1.6934764
ISIC_0021975,-3.126207,-1.7281424
ISIC_0021976,-3.142067,-1.7066998
ISIC_0021977,-3.1352246,-1.6957486
ISIC_0021978,-1.5323867,-1.9489728
ISIC_0021979,-1.3306041,-1.0053577
ISIC_0021980,-1.5965794,-1.9586443
ISIC_0021981,-1.6315728,-1.9849797
ISIC_0021985,-1.1527449,-0.9495205
ISIC_0021996,-1.561846,-1.0172657
ISIC_0021997,-1.1776098,-1.0742636
ISIC_0022000,-0.7570898,-1.422236
ISIC_0022003,-0.594508,-0.71798414
ISIC_0022009,1.12493,-1.9817839
ISIC_0022010,1.1158513,-2.1201751
ISIC_0022011,-5.6299057,1.2955596
ISIC_0022012,-5.582709,1.2953515
ISIC_0022013,-0.77605456,-0.6291573
ISIC_0022022,-0.7094051,-0.6698205
ISIC_0022048,-0.7382363,-0.5067864
ISIC_0022059,-0.8681608,-0.75548124
ISIC_0022066,-1.053552,-2.5358405
ISIC_0022067,-0.35186386,-2.3113492
ISIC_0022068,-0.29750755,-2.1196933
ISIC_0022069,-1.2199678,-2.3908594
ISIC_0022070,-0.7895425,-0.6069768
ISIC_0022071,-1.180165,-2.5834165
ISIC_0022073,-0.295227,-2.4813588
ISIC_0022075,-0.32090017,1.424099
ISIC_0022076,-0.34656462,1.4994448
ISIC_0022077,-0.404196,1.6193937
ISIC_0022078,-0.33698335,1.5358514
ISIC_0022079,-0.39981765,1.5836878
ISIC_0022080,-3.1240685,-0.2523047
ISIC_0022081,-1.8439538,-0.86210585
ISIC_0022082,-0.40274256,0.92248774
ISIC_0022083,-1.028579,-1.7178584
ISIC_0022102,-0.9110008,-0.59070617
ISIC_0022113,-0.87951785,-0.7247804
ISIC_0022123,-0.4387015,-1.0512786
ISIC_0022124,-0.9020517,-0.5149242
ISIC_0022125,-0.47992557,-1.0306153
ISIC_0022154,-1.374863,-0.055167142
ISIC_0022155,-1.5993304,0.0053306203
ISIC_0022156,-1.3250786,0.010587232
ISIC_0022157,-1.50749,-0.12851615
ISIC_0022180,-3.17292,-1.8044977
ISIC_0022195,-1.485475,-1.3262322
ISIC_0022196,-1.4109902,-1.3171494
ISIC_0022197,-1.6300608,-1.2994319
ISIC_0022198,-1.6910286,-1.3055409
ISIC_0022199,-2.5623505,-1.9542519
ISIC_0022245,-0.18084963,-2.8894017
ISIC_0022246,-0.23812552,-2.6972687
ISIC_0022254,-0.7878541,-2.051867
ISIC_0022255,-1.2809299,-1.8459796
ISIC_0022256,-1.9305266,-0.41661543
ISIC_0022286,-3.223155,-1.7619928
ISIC_0022304,-0.66055596,-1.3583488
ISIC_0022305,-0.72046304,-1.3414962
ISIC_0022306,-0.7749851,-1.4270364
ISIC_0022307,-0.64875877,-1.3202314
ISIC_0022308,-2.1985133,-1.6630868
ISIC_0022311,-1.1645496,-0.2819745
ISIC_0022312,-1.0046204,-0.31234327
ISIC_0022313,-1.6050403,-0.021018825
ISIC_0022314,-1.0906674,-0.37113187
ISIC_0022315,-1.5647842,-0.062106743
ISIC_0022316,-0.7129207,-1.0765055
ISIC_0022317,-0.8687261,-1.1291633
ISIC_0022318,-1.5521643,-0.18228853
ISIC_0022319,-0.72875243,-1.1075764
ISIC_0022321,-0.7105668,-1.0075489
ISIC_0022322,-1.5757415,-0.27944973
ISIC_0022327,-2.346473,-2.2538605
ISIC_0022328,-2.6480768,-1.9844714
ISIC_0022329,-2.649156,-1.9441025
ISIC_0022330,-2.5389879,-1.8504485
ISIC_0022332,-2.3841321,-2.2414653
ISIC_0022338,-2.5013413,-2.05912
ISIC_0022339,-1.3536994,-1.83628
ISIC_0022340,-1.3781544,-1.8433375
ISIC_0022378,0.51190597,-1.1174185
ISIC_0022379,0.5086067,-1.1446503
ISIC_0022380,-0.70434064,-0.6770082
ISIC_0022381,-0.9310313,-1.9154651
ISIC_0022382,-3.2275424,-2.7111464
ISIC_0022383,-0.8274407,-2.161609
ISIC_0022384,-0.89888823,-1.9176949
ISIC_0022385,-2.0591567,-1.259947
ISIC_0022397,-0.7033249,-2.1626525
ISIC_0022398,-1.8133849,-0.21846291
ISIC_0022399,-1.4960406,-0.45439804
ISIC_0022437,-1.8919821,-2.8765218
ISIC_0022439,-0.9281201,-2.6215217
ISIC_0022440,-1.7928275,-2.7783613
ISIC_0022442,-3.164274,-2.870372
ISIC_0022463,-0.9446124,-0.05793762
ISIC_0022474,-1.1166961,-0.20544638
ISIC_0022570,-1.7733998,-1.7119662
ISIC_0022571,-1.2498333,-1.6143153
ISIC_0022572,-0.16699362,-1.9075655
ISIC_0022573,-1.737526,-1.751762
ISIC_0022574,-1.8132457,-1.8309592
ISIC_0022597,-0.5143329,-0.6094478
ISIC_0022601,-0.47746158,-0.7596973
ISIC_0022602,-0.49279422,-0.7285727
ISIC_0022603,-0.48763624,-0.746886
ISIC_0022604,-0.48462173,-0.7428636
ISIC_0022615,-0.96012056,-0.5037827
ISIC_0022616,-1.0522505,-0.1559829
ISIC_0022617,-1.6083672,-0.14618282
ISIC_0022624,-3.5225444,-2.878825
ISIC_0022660,-0.4912976,-0.9788656
ISIC_0022679,-0.7480979,-0.54439974
ISIC_0022682,1.2196082,-1.9525036
ISIC_0022683,1.1740137,-2.0385516
ISIC_0022684,1.1667904,-2.02092
ISIC_0022685,1.1767246,-1.9477012
ISIC_0022686,1.2192398,-1.9265033
ISIC_0022783,-0.77915984,-0.65643376
ISIC_0022793,-1.0874543,-1.7187097
ISIC_0022794,-1.085045,-1.4533491
ISIC_0022796,-1.7953826,-1.9137741
ISIC_0022797,-2.246249,-2.210133
ISIC_0022798,-2.951224,-2.3204496
ISIC_0022799,-2.18126,-2.2482178
ISIC_0022894,-0.77501124,-0.72582483
ISIC_0023021,-1.0077535,-0.19558421
ISIC_0023022,-1.0307071,-0.24651669
ISIC_0023023,-1.0329361,-0.2598365
ISIC_0023025,-1.0719591,-0.22099236
ISIC_0023026,-1.125533,-0.27964932
ISIC_0023042,-2.530847,3.2775075
ISIC_0023043,-1.815081,2.0418646
ISIC_0023044,-1.6869088,2.133521
ISIC_0023045,-1.7244871,2.0894046
ISIC_0023047,-1.6706856,2.1024296
ISIC_0023048,-0.24284415,-0.46208736
ISIC_0023049,-0.7296776,0.47263032
ISIC_0023050,-3.0226188,3.5025735
ISIC_0023051,-2.3791878,1.1850322
ISIC_0023052,-2.8940601,3.4826384
ISIC_0023053,-0.5316655,0.029109184
ISIC_0023054,-1.6891637,2.1356292
ISIC_0023103,-4.3537154,-2.2708037
ISIC_0023104,-4.3599157,-2.247078
ISIC_0023105,-4.364798,-2.2645504
ISIC_0023106,-4.3586016,-2.2514975
ISIC_0023107,-4.3614697,-2.2395835
ISIC_0023108,-4.3478246,-2.2607794
ISIC_0023109,-4.3541474,-2.27377
ISIC_0023110,-4.3517365,-2.2695694
ISIC_0023111,-4.380004,-2.2595453
ISIC_0023116,-1.2624273,-0.11628571
ISIC_0023117,-1.3096,-0.07235839
ISIC_0023119,-1.3075732,-0.07901766
ISIC_0023130,-3.0682356,4.2053533
ISIC_0023131,-3.0752912,4.1653166
ISIC_0023132,-3.0807884,4.1521153
ISIC_0023133,-3.0673335,4.1916175
ISIC_0023161,-1.2285215,-0.9534168
ISIC_0023163,-1.3285798,-0.5056603
ISIC_0023164,-1.2499193,-0.5814113
ISIC_0023165,-0.9857883,-0.8050756
ISIC_0023236,-1.9941206,-1.2954451
ISIC_0023262,-0.2534182,1.531976
ISIC_0023264,-0.28133076,1.5758029
ISIC_0023265,-0.24950089,1.5515105
ISIC_0023266,-0.2801842,1.5755931
ISIC_0023267,-0.2968398,1.4826704
ISIC_0023268,-0.2742643,1.5839261
ISIC_0023269,-0.36649007,-2.57089
ISIC_0023270,-0.26440394,1.553668
ISIC_0023271,-0.2706142,1.5410608
ISIC_0023272,-0.26018366,1.5133723
ISIC_0023273,-0.25657636,1.5516086
ISIC_0023275,-0.28081167,1.4451495
ISIC_0023276,-0.37315404,1.4233079
ISIC_0023277,-0.31946117,1.4069642
ISIC_0023278,-0.24409112,1.5567992
ISIC_0023279,-0.2356895,1.5318433
ISIC_0023280,-0.26680323,1.4045289
ISIC_0023281,-0.22685972,1.5363306
ISIC_0023282,-0.2563021,1.5548636
ISIC_0023283,-0.19260752,1.5213245
ISIC_0023284,-0.29388162,1.4461783
ISIC_0023286,-1.578036,-0.070570625
ISIC_0023287,-0.28923836,1.449275
ISIC_0023288,-0.28503293,1.4387616
ISIC_0023289,-0.26555902,1.5712769
ISIC_0023290,-0.25721592,1.5866423
ISIC_0023291,-0.3074858,1.4340261
ISIC_0023292,-1.9393269,0.02633394
ISIC_0023293,-0.27048644,1.6010983
ISIC_0023294,-0.22940767,1.6398344
ISIC_0023295,-0.3813268,1.4733567
ISIC_0023296,-0.4168441,1.5467827
ISIC_0023297,-0.9028842,-0.50510716
ISIC_0023298,-0.40469366,1.5666162
ISIC_0023299,-0.42691687,1.4750214
ISIC_0023300,-1.056727,0.11936736
ISIC_0023301,-0.6365269,1.5624446
ISIC_0023302,-3.1611357,-2.2246003
ISIC_0023303,-0.35402173,1.5315157
ISIC_0023304,-0.4067196,1.5567983
ISIC_0023305,-1.906521,1.659254
ISIC_0023306,-1.0098131,0.24465244
ISIC_0023307,-0.5007534,1.5285728
ISIC_0023308,-1.7179338,0.06538472
ISIC_0023309,-0.33763477,1.5050298
ISIC_0023310,-0.44291714,1.5773165
ISIC_0023311,-0.46846485,1.5700558
ISIC_0023312,-0.42198515,1.5845797
ISIC_0023313,-1.160701,0.09488623
ISIC_0023314,-2.1091328,-0.060835943
ISIC_0023315,-0.607108,1.6082786
ISIC_0023316,-0.44256315,1.5685588
ISIC_0023317,-0.47249207,1.5368477
ISIC_0023318,-1.7083696,-0.56200016
ISIC_0023320,-0.46119276,1.5548785
ISIC_0023321,-0.44423142,1.5628198
ISIC_0023322,-0.40971592,1.5700496
ISIC_0023323,-1.0972166,-0.44193172
ISIC_0023324,-0.55843306,1.5610855
ISIC_0023325,-0.4639323,1.5303379
ISIC_0023326,-2.0132275,1.6505982
ISIC_0023327,-0.4402477,1.5615135
ISIC_0023328,-0.44758135,1.5523951
ISIC_0023329,-0.51726127,1.6001897
ISIC_0023331,-0.3949772,1.5548403
ISIC_0023364,-0.058584623,-2.7063727
ISIC_0023365,-0.19446367,-2.856493
ISIC_0023366,-0.1534503,-2.7809272
ISIC_0023367,-0.053479355,-2.675377
ISIC_0023368,-0.060916904,-2.7184842
ISIC_0023369,-0.05627158,-2.7477999
ISIC_0023370,-4.176066,-3.1137085
ISIC_0023371,-4.1643977,-3.1255705
ISIC_0023372,-4.1787624,-3.1414587
ISIC_0023374,-4.1771574,-3.126496
ISIC_0023375,-4.175008,-3.1182184
ISIC_0023376,-4.1759005,-3.129199
ISIC_0023377,-4.1439433,-3.0989232
ISIC_0023395,-2.8483949,-1.7402277
ISIC_0023396,-1.8864385,-0.4964251
ISIC_0023397,-1.8866942,-0.47918049
ISIC_0023398,-1.9563468,-0.48014835
ISIC_0023399,-1.9365077,-0.5254713
ISIC_0023427,-2.8240802,3.5154004
ISIC_0023438,-2.9309878,3.4464493
ISIC_0023458,-3.0747757,4.199516
ISIC_0023459,-3.0767279,4.190211
ISIC_0023460,-2.9120457,4.0351925
ISIC_0023461,-2.9268332,4.0496764
ISIC_0023462,-4.1491275,3.2897463
ISIC_0023463,-4.1876264,3.332504
ISIC_0023464,-4.1655207,3.3711367
ISIC_0023465,-2.9436212,4.050492
ISIC_0023466,-3.0627127,4.1842995
ISIC_0023467,-2.9961455,4.1037736
ISIC_0023469,-2.944749,4.06545
ISIC_0023482,-0.5578336,-2.1615908
ISIC_0023483,-0.4591833,-2.1111057
ISIC_0023484,-0.58580786,-2.1559267
ISIC_0023485,-0.5009955,-1.9852144
ISIC_0023486,-0.542603,-2.041564
ISIC_0023488,-0.5499446,-2.0590942
ISIC_0023489,-3.595372,-1.4424438
ISIC_0023490,-3.157263,0.71654
ISIC_0023491,-3.180972,0.7444146
ISIC_0023492,1.0228735,-1.170718
ISIC_0023493,1.2402209,-1.3177067
ISIC_0023494,-1.8888125,0.36636627
ISIC_0023495,-1.0945841,-1.4001137
ISIC_0023496,-0.8510275,-0.9960018
ISIC_0023497,-2.7976346,-1.8164828
ISIC_0023500,-0.63433284,-1.1509069
ISIC_0023502,-2.3312497,-0.4689453
ISIC_0023503,0.37009156,-2.9358099
ISIC_0023504,-5.1482644,1.8493617
ISIC_0023505,-0.6528324,-0.95370346
ISIC_0023506,-0.6156796,-0.92928874
ISIC_0023507,-0.6517549,-0.8951707
ISIC_0023508,-0.7620496,-0.8481636
ISIC_0023509,-5.1544,1.9122674
ISIC_0023511,-0.6440856,-0.83039284
ISIC_0023512,-0.62473667,-0.6185942
ISIC_0023513,-0.60970926,-0.73247963
ISIC_0023514,-0.7169542,-0.666994
ISIC_0023515,-5.2077723,1.9728419
ISIC_0023516,-0.58829653,-0.5307021
ISIC_0023517,-0.5687067,-0.31148174
ISIC_0023518,-0.5579224,-0.30555302
ISIC_0023519,-1.8965399,0.30107486
ISIC_0023524,-0.57185817,-2.804068
ISIC_0023525,-0.6039057,-2.8573182
ISIC_0023526,-0.5890275,-2.9005537
ISIC_0023529,-1.3802375,-0.044164684
ISIC_0023530,1.1587043,-1.4005681
ISIC_0023531,-1.2546606,-0.10799201
ISIC_0023553,-0.35174334,-2.114166
ISIC_0023554,-0.35465318,-2.121043
ISIC_0023561,-2.6454353,1.5187123
ISIC_0023574,-0.47156495,-0.75453293
ISIC_0023575,-0.33519384,-0.55337036
ISIC_0023594,-0.9353348,-1.7643964
ISIC_0023596,-1.6325451,-2.3459573
ISIC_0023597,-1.8044444,-2.438468
ISIC_0023604,-1.9732422,-2.7310684
ISIC_0023606,-1.6952575,-2.6692197
ISIC_0023608,-0.20811167,-2.39089
ISIC_0023620,-0.17263216,-2.2877512
ISIC_0023631,-0.012288864,-2.5334823
ISIC_0023634,-3.5792925,3.3627083
ISIC_0023635,-3.1766984,3.5505598
ISIC_0023636,-3.0346594,3.5817516
ISIC_0023637,-3.10436,3.5606534
ISIC_0023638,-3.2142384,3.5341403
ISIC_0023639,-3.0718565,3.5729272
ISIC_0023640,-3.3141708,3.4382098
ISIC_0023641,-3.6489112,3.324703
ISIC_0023642,-0.15856865,-2.189562
ISIC_0023643,-3.3773232,3.405591
ISIC_0023644,-3.590893,3.3559134
ISIC_0023645,-3.657335,3.3265967
ISIC_0023646,-5.1034217,1.9475809
ISIC_0023647,-0.89394385,-0.6996013
ISIC_0023648,-1.9548653,-0.3154162
ISIC_0023669,-2.1010258,-2.1182241
ISIC_0023670,-2.0972054,-2.049927
ISIC_0023671,-3.072174,-2.163143
ISIC_0023675,-0.81556356,-0.7569107
ISIC_0023685,-1.8957784,-1.3802831
ISIC_0023705,-4.814901,-1.7642007
ISIC_0023706,-5.8036656,0.89496773
ISIC_0023707,-4.9791055,-1.621439
ISIC_0023708,-0.015899094,-3.1716056
ISIC_0023711,-5.023556,1.9357532
ISIC_0023712,-4.8445582,1.6704677
ISIC_0023744,-1.8672915,-1.1928155
ISIC_0023747,-1.8581281,-1.2496859
ISIC_0023755,-3.3118894,-2.3873544
ISIC_0023762,-1.0720508,-0.26278976
ISIC_0023763,-1.2882456,-0.2283214
ISIC_0023764,-1.4888797,-0.302538
ISIC_0023765,-4.0498385,-2.7560556
ISIC_0023766,-2.3944805,-3.207721
ISIC_0023767,-0.6834337,-3.0866723
ISIC_0023769,-1.6406256,-1.7341541
ISIC_0023770,-1.0191267,-1.9863218
ISIC_0023771,-2.72387,-1.9697664
ISIC_0023786,-0.9828969,-0.18582574
ISIC_0023787,-1.9325671,-0.2042302
ISIC_0023806,-1.371972,-0.33545896
ISIC_0023807,-0.99909663,-0.7940828
ISIC_0023808,-2.0136065,-1.210591
ISIC_0023809,-2.4298341,-2.2724655
ISIC_0023811,-2.3215318,-2.2724438
ISIC_0023812,-2.5290163,-2.3558636
ISIC_0023836,-3.1426275,-1.8875325
ISIC_0023837,-1.7426697,-1.5324594
ISIC_0023838,-2.037787,-1.07343
ISIC_0023839,-1.8152207,-1.1630238
ISIC_0023843,-1.3341238,-1.1899159
ISIC_0023853,-0.47209352,-2.391245
ISIC_0023854,-1.354534,-1.0247934
ISIC_0023855,-0.57847947,-2.2932644
ISIC_0023856,-0.5487518,-2.2926393
ISIC_0023890,-1.9015893,-1.4649309
ISIC_0023891,-1.769977,-1.6476043
ISIC_0023893,-1.1935833,-1.7572231
ISIC_0023900,-2.0599473,-1.5807703
ISIC_0023901,-1.5801114,-1.5425255
ISIC_0023902,-1.4854863,-1.5579537
ISIC_0023903,-1.0585294,-0.38496915
ISIC_0023923,-0.024362195,-3.1157691
ISIC_0023924,0.29986966,-2.9430616
ISIC_0023925,-3.9009416,-2.8144395
ISIC_0024005,-0.99938565,-0.35219875
ISIC_0024015,-0.5215408,-0.68170947
ISIC_0024016,-0.50126964,-0.74258447
ISIC_0024018,-1.9721807,-1.0276139
ISIC_0024032,-0.9153554,-1.0630497
ISIC_0024033,-0.9475404,0.15533832
ISIC_0024034,-0.44688672,-1.426618
ISIC_0024072,-0.68925226,-0.59437877
ISIC_0024083,-0.84929687,-0.4400894
ISIC_0024085,-1.051973,-1.2863299
ISIC_0024086,-1.1393845,-1.5201732
ISIC_0024087,-2.145652,-1.193746
ISIC_0024091,-1.3613575,-0.97107416
ISIC_0024095,-0.96549636,-0.44978708
ISIC_0024096,-0.8912752,-0.514225
ISIC_0024097,-1.5356891,-0.42731258
ISIC_0024108,-2.0578525,-1.654417
ISIC_0024109,-2.0031135,-1.5385226
ISIC_0024112,-3.1011143,-2.1503665
ISIC_0024119,-1.8772706,-1.4857562
ISIC_0024120,-0.422212,-1.1258823
ISIC_0024121,-2.2975423,-1.2840846
ISIC_0024193,-3.3114517,-2.9805174
ISIC_0024194,-2.206353,-2.9099407
ISIC_0024195,-3.473233,-3.0019913
ISIC_0024313,-1.4858367,-1.8323687
ISIC_0024315,-3.8095691,-2.6238017
ISIC_0024351,-0.4520202,-0.83883786
ISIC_0024481,-3.1853743,-1.5592644
ISIC_0024537,-2.4998336,-1.102934
ISIC_0024546,-1.3724365,-0.8610934
ISIC_0024586,-5.19319,0.23607548
ISIC_0024624,-4.957367,0.41144335
ISIC_0024644,-5.3738604,1.8510462
ISIC_0024675,-5.373976,0.25689876
ISIC_0024688,0.30889544,-0.64360994
ISIC_0024733,-1.698124,-1.9186391
ISIC_0024792,-2.4217882,-1.4634154
ISIC_0024806,-0.7467455,-1.0079801
ISIC_0024865,-4.6292253,-2.1226854
ISIC_0024886,-2.204356,-1.1390173
ISIC_0024898,-0.21701933,-0.44013655
ISIC_0024900,-0.7576175,-0.98968416
ISIC_0024911,-5.213964,0.6690245
ISIC_0024918,-1.8112202,-2.2325623
ISIC_0024932,-1.2073679,-1.7569615
ISIC_0024952,-1.7730962,-0.936492
ISIC_0024972,-3.5913773,2.5030453
ISIC_0025018,-3.4013987,-2.9614282
ISIC_0025035,-2.5504534,-2.0992439
ISIC_0025081,-3.2762067,-1.6918645
ISIC_0025085,-1.9049128,-0.656902
ISIC_0025127,-0.46543786,-0.56737715
ISIC_0025128,-1.4735291,-1.7703378
ISIC_0025155,-5.073772,0.7454112
ISIC_0025219,-2.4959319,-1.2502189
ISIC_0025235,-0.5182996,-1.0789955
ISIC_0025238,-0.26914233,-2.3659818
ISIC_0025265,-5.298795,0.33286557
ISIC_0025316,-2.3552904,-2.2451844
ISIC_0025409,-0.42992392,-0.7613039
ISIC_0025451,-3.4397469,-1.7794381
ISIC_0025489,-2.182124,-2.105552
ISIC_0025550,-1.209032,-1.7730386
ISIC_0025573,-0.6073337,-2.292579
ISIC_0025589,-5.0149293,0.007755771
ISIC_0025592,-3.14993,-2.655791
ISIC_0025603,-2.6702063,-2.0717096
ISIC_0025611,-1.8713566,-1.0882026
ISIC_0025663,-0.43759638,-0.7845556
ISIC_0025674,-2.4188008,-0.15380822
ISIC_0025708,-2.599107,-2.626641
ISIC_0025724,-2.4306898,-2.4446619
ISIC_0025748,-0.8831966,-1.7374892
ISIC_0025751,-1.4836959,-2.831552
ISIC_0025766,-0.21808335,-2.3646193
ISIC_0025783,-0.8368852,-0.9259608
ISIC_0025791,-1.8630297,-1.5557973
ISIC_0025832,-0.60456026,-1.3059828
ISIC_0025835,-2.859912,-0.5776956
ISIC_0025891,-3.245641,-2.7775354
ISIC_0025904,-5.0392942,0.0804951
ISIC_0025941,-1.9680492,-1.2403378
ISIC_0025963,-2.1666896,2.655299
ISIC_0025964,-3.4251828,-2.1635013
ISIC_0026009,-0.92055136,-0.82173145
ISIC_0026081,-1.3636142,-1.7529105
ISIC_0026105,-0.7081738,-1.3636765
ISIC_0026113,-5.077269,-0.10112973
ISIC_0026115,-1.7797447,-0.40934983
ISIC_0026150,-3.3610303,-2.166298
ISIC_0026207,-2.064707,-0.57805794
ISIC_0026229,-3.7757156,-1.5876476
ISIC_0026236,-3.126908,-1.3343507
ISIC_0026239,-0.33146232,-1.3982024
ISIC_0026247,-3.254414,-1.7362578
ISIC_0026258,-0.51218456,-0.97063017
ISIC_0026296,-3.4036584,-2.938022
ISIC_0026314,-3.0648122,-2.2952683
ISIC_0026352,0.331761,-0.63219374
ISIC_0026360,-3.9085834,-2.688173
ISIC_0026475,-0.69451743,-1.4202027
ISIC_0026506,-2.681089,-2.4587712
ISIC_0026516,-2.3772929,-2.3960059
ISIC_0026596,-3.7899742,-3.0058944
ISIC_0026604,-1.0557001,-0.24902971
ISIC_0026622,-2.0141177,0.48648202
ISIC_0026694,-1.554046,-1.81193
ISIC_0026746,-0.69543946,-1.1223563
ISIC_0026770,-0.13475907,-0.127611
ISIC_0026774,-0.56591195,-0.76822907
ISIC_0026802,-0.5661116,-0.23890762
ISIC_0026897,-1.1043421,-1.5942206
ISIC_0026930,-0.424997,-2.3077683
ISIC_0026954,-2.0347302,-1.1856334
ISIC_0026963,-4.9397035,0.3803905
ISIC_0026993,-4.6265626,-0.014023023
ISIC_0026996,-3.5097122,-2.5169287
ISIC_0027043,-2.3792682,-2.8451042
ISIC_0027089,-0.3550422,-1.4560719
ISIC_0027105,-0.18070097,-2.2589817
ISIC_0027125,-3.3063164,-2.284254
ISIC_0027171,-0.12428414,-0.37088788
ISIC_0027174,-3.685434,-2.8992684
ISIC_0027260,-5.0166698,-0.0074459636
ISIC_0027261,-3.5473566,2.4068017
ISIC_0027263,-3.092841,-1.633821
ISIC_0027282,-0.3672407,0.08639415
ISIC_0027327,-3.350462,-2.59633
ISIC_0027359,-2.4786777,-2.1352959
ISIC_0027387,-3.1261284,-2.1695414
ISIC_0027402,-2.4888852,-1.0070707
ISIC_0027407,-0.6044388,-1.1351691
ISIC_0027436,1.2905462,-1.7048393
ISIC_0027480,-2.7364106,-2.2292142
ISIC_0027487,-3.4366417,-2.3809257
ISIC_0027502,-0.23326753,-2.082337
ISIC_0027507,-1.3059785,-1.7765344
ISIC_0027517,-0.9781899,-0.37807882
ISIC_0027561,-0.52492833,-0.9517538
ISIC_0027604,-2.6170607,-0.47973895
ISIC_0027616,-3.2119374,-1.2513605
ISIC_0027620,-1.7112465,-1.719483
ISIC_0027622,-0.30570713,-1.8436463
ISIC_0027659,-4.9206715,-0.041186947
ISIC_0027693,-2.3330317,-1.9464254
ISIC_0027769,-2.195556,-0.30201185
ISIC_0027793,-3.1978123,-2.7596405
ISIC_0027797,-1.3666683,-1.7048441
ISIC_0027832,-0.20079327,-2.2627542
ISIC_0027863,-1.2013077,-1.1754432
ISIC_0027900,-1.8116452,-1.7535884
ISIC_0027956,-0.8811144,-1.0791844
ISIC_0028003,-2.48282,-2.84244
ISIC_0028017,-1.4437778,-1.8441752
ISIC_0028022,-2.2058165,-0.77178556
ISIC_0028029,-2.909838,-2.2207446
ISIC_0028033,-2.1426322,-2.25933
ISIC_0028041,-5.003305,-0.117821276
ISIC_0028056,-4.386458,-2.086052
ISIC_0028065,-0.7097315,-1.5057838
ISIC_0028069,-3.3523881,-2.2023695
ISIC_0028103,-0.8039157,-0.781877
ISIC_0028109,-5.362452,0.076320544
ISIC_0028215,-4.328192,2.5813577
ISIC_0028219,-2.7392335,-2.3348613
ISIC_0028225,-0.7854426,-1.6888292
ISIC_0028306,-0.41329417,-1.0833225
ISIC_0028325,-5.435791,0.4409348
ISIC_0028326,-5.062773,-0.09248358
ISIC_0028460,-0.574466,-0.88481313
ISIC_0028467,-2.6517365,-2.3518803
ISIC_0028489,-1.6182331,-2.002005
ISIC_0028493,-1.3553303,-1.0429292
ISIC_0028537,-2.092685,-2.076359
ISIC_0028565,-5.0927353,-0.05165538
ISIC_0028567,-1.7386221,-1.9842255
ISIC_0028579,-3.333491,-2.756417
ISIC_0028685,-0.5756046,-0.9460943
ISIC_0028696,-1.487924,-3.135728
ISIC_0028718,-0.21564546,-1.864807
ISIC_0028760,-3.1000085,-2.8070006
ISIC_0028860,-0.71579736,-0.9230174
ISIC_0028901,-3.3432498,1.6735072
ISIC_0028915,-1.8673141,-2.1247058
ISIC_0028929,-1.1490674,-0.9246209
ISIC_0028930,-1.5875111,-1.9632075
ISIC_0028965,-2.7555668,-2.3361092
ISIC_0029013,-3.2346215,-2.8077915
ISIC_0029017,-2.3703861,-1.9387783
ISIC_0029028,-3.092319,-1.1870937
ISIC_0029033,-2.415127,-1.7166705
ISIC_0029056,-0.7447661,-0.18103424
ISIC_0029170,-2.3975413,-1.8034378
ISIC_0029242,-2.6208112,-1.0052991
ISIC_0029272,-2.1892023,-1.8860974
ISIC_0029318,-0.6561441,-0.6833372
ISIC_0029343,-4.0906453,-2.8256521
ISIC_0029397,-2.592208,-2.0131435
ISIC_0029434,-2.6597362,-0.23269743
ISIC_0029480,-0.64071566,-1.6329964
ISIC_0029495,-1.5591205,-1.4620985
ISIC_0029513,-5.0698557,0.023033006
ISIC_0029538,-2.682396,-2.1493578
ISIC_0029570,-0.23312576,-2.2161803
ISIC_0029571,-3.3282363,-2.120215
ISIC_0029606,-2.4310896,-0.2929373
ISIC_0029651,-2.292449,-1.7984078
ISIC_0029652,-0.6994379,-1.3188549
ISIC_0029660,-5.121153,0.106563605
ISIC_0029698,0.5501692,-1.2321349
ISIC_0029839,-0.55428773,-1.2185272
ISIC_0029859,-2.667448,-2.1567352
ISIC_0029885,-2.0690637,-2.0075989
ISIC_0029913,-3.315165,-2.1924226
ISIC_0030002,-0.79942137,-1.4134674
ISIC_0030034,-3.1722589,-2.5720868
ISIC_0030047,-0.69065905,-0.9513516
ISIC_0030083,-0.8588033,-1.4245756
ISIC_0030089,-3.262738,-1.2630353
ISIC_0030122,-2.03634,-1.4368554
ISIC_0030134,-3.5924907,-2.4304574
ISIC_0030171,-2.2100534,-1.9719317
ISIC_0030183,-0.22725567,-1.9465741
ISIC_0030192,-0.61473566,-0.19104935
ISIC_0030255,-2.4251182,-2.4649446
ISIC_0030281,-5.144882,0.222051
ISIC_0030356,-1.491482,-3.1945968
ISIC_0030366,-2.9245129,-2.328574
ISIC_0030391,-1.6955502,-1.6884332
ISIC_0030440,-5.223551,0.052225042
ISIC_0030445,-3.2146301,-1.8911173
ISIC_0030501,-0.95389396,-1.2584758
ISIC_0030507,-0.29335296,-2.4366746
ISIC_0030512,-0.7883725,-1.5788445
ISIC_0030521,-3.2427402,-2.2354403
ISIC_0030539,-4.924224,0.41573367
ISIC_0030552,-3.7193568,-2.9803321
ISIC_0030575,-0.8024903,-2.799915
ISIC_0030623,-3.3578844,-2.7252738
ISIC_0030653,-1.4673402,-1.8380357
ISIC_0030689,-1.119404,-0.9024491
ISIC_0030747,-0.22225356,-2.093206
ISIC_0030795,-1.2684319,-1.6839938
ISIC_0030818,-3.2034426,-2.8047965
ISIC_0030828,-2.850715,-0.9292702
ISIC_0030898,-3.2051222,-1.5750494
ISIC_0030951,-0.7141981,-1.3087239
ISIC_0031025,-2.050308,-2.0622618
ISIC_0031034,-1.7049632,-0.96049106
ISIC_0031177,-2.1805875,-1.9271489
ISIC_0031186,-1.4441664,-0.3660487
ISIC_0031189,-5.078374,0.005227588
ISIC_0031295,-1.4550794,-2.0795276
ISIC_0031369,-4.5960937,0.8717059
ISIC_0031386,-0.7674794,-1.0998917
ISIC_0031389,-1.2199024,-1.7525761
ISIC_0031406,-3.4740722,-2.1807594
ISIC_0031408,0.09863665,-1.32603
ISIC_0031417,-1.5704932,-2.8553772
ISIC_0031498,-0.919699,-0.6091856
ISIC_0031529,-0.54490954,-1.5734329
ISIC_0031545,-3.2363408,-1.2298578
ISIC_0031557,-2.217196,-0.8842516
ISIC_0031586,-2.3563852,-1.8768488
ISIC_0031598,-5.106327,-0.24411975
ISIC_0031642,-3.4519923,-2.5321002
ISIC_0031709,-0.5915409,-1.1435491
ISIC_0031741,-1.4668914,-1.7918098
ISIC_0031745,-5.0957975,0.7550964
ISIC_0031746,-0.7902756,-1.0929805
ISIC_0031779,-3.3425632,-2.034427
ISIC_0031784,-3.855514,-0.5885815
ISIC_0031821,-2.2956371,-2.3992164
ISIC_0031844,-1.2953651,-1.2392316
ISIC_0031908,-1.1437328,-1.5131656
ISIC_0031915,-0.70508194,-1.4231589
ISIC_0031953,-3.5231779,-2.6715994
ISIC_0031957,-1.0577091,-0.88644844
ISIC_0031958,-2.0643084,-1.2365804
ISIC_0031972,-2.9896162,-1.8307906
ISIC_0031977,-3.4619372,-2.526664
ISIC_0031999,-3.2780757,-2.658849
ISIC_0032019,-3.2128313,-1.9131197
ISIC_0032036,-0.9303917,-1.226132
ISIC_0032044,-2.569423,-1.0440167
ISIC_0032046,-4.4571104,-2.1021996
ISIC_0032095,-1.1443287,-1.6521269
ISIC_0032098,-3.4442558,2.0406063
ISIC_0032190,-2.6763666,-1.0174819
ISIC_0032204,-1.908495,-2.1221406
ISIC_0032219,-2.3850102,-1.9764817
ISIC_0032232,-1.2074267,-0.8711187
ISIC_0032245,-3.9193833,-3.1294134
ISIC_0032287,-2.669106,-2.393228
ISIC_0032313,-1.5003455,-0.8349072
ISIC_0032425,-0.5203757,-0.84402597
ISIC_0032433,-2.0412662,-1.9749098
ISIC_0032441,-5.0285764,-0.20891663
ISIC_0032450,-3.410622,-1.3921956
ISIC_0032462,-0.64741504,-2.4016438
ISIC_0032509,-5.058614,0.24557634
ISIC_0032517,-4.777888,0.6745223
ISIC_0032526,-0.06872113,-0.45843565
ISIC_0032532,-4.6703525,0.8593489
ISIC_0032533,-5.131452,-0.21769615
ISIC_0032544,-1.8571898,-2.8913572
ISIC_0032547,-2.7988517,-1.766144
ISIC_0032550,-3.5007403,-2.3965378
ISIC_0032552,-0.7296792,-1.7912627
ISIC_0032559,-3.1673198,-1.4335662
ISIC_0032569,-1.9621803,-3.1465082
ISIC_0032592,-2.7019835,3.0289319
ISIC_0032596,-3.4238813,-2.7074857
ISIC_0032598,-3.1919048,-2.4221842
ISIC_0032602,-2.7219505,-1.8458173
ISIC_0032603,-3.6319888,-2.8483536
ISIC_0032610,-4.8739285,-1.9158458
ISIC_0032617,-2.5295496,-0.015475201
ISIC_0032622,-2.2430081,-0.8755188
ISIC_0032624,-3.0028841,-2.1028864
ISIC_0032626,-2.9910586,-0.531798
ISIC_0032638,-3.436941,-2.3526769
ISIC_0032645,-2.956357,1.635661
ISIC_0032653,-5.0989428,0.8038769
ISIC_0032656,-2.778556,3.1507347
ISIC_0032662,-5.133918,0.32956615
ISIC_0032672,-1.2692101,-1.2431225
ISIC_0032684,-2.505962,-2.375566
ISIC_0032685,-3.0492215,-1.2965187
ISIC_0032716,-3.3723915,-2.464461
ISIC_0032718,-1.9179367,-1.2925812
ISIC_0032723,-2.6015751,-2.6621685
ISIC_0032724,-5.043114,0.115838
ISIC_0032736,-1.2602196,-2.8419478
ISIC_0032750,-1.6926438,-1.5805221
ISIC_0032751,-2.7397745,-2.7229133
ISIC_0032766,-4.9589243,-0.09112091
ISIC_0032797,-5.081541,-0.07277564
ISIC_0032807,-2.1464138,-0.8269575
ISIC_0032810,-5.016914,-0.28654718
ISIC_0032836,0.31680274,-1.3759463
ISIC_0032841,-3.2385147,-2.621015
ISIC_0032844,-5.3780694,0.066028215
ISIC_0032845,-2.657083,-2.447225
ISIC_0032847,-3.185587,-2.4279296
ISIC_0032856,-2.1794317,-1.9347699
ISIC_0032862,-2.3298867,1.4749357
ISIC_0032869,-1.3731287,-0.53850853
ISIC_0032870,-4.4652653,1.0944036
ISIC_0032875,-1.5701118,-2.7755804
ISIC_0032887,-2.4339964,-2.754829
ISIC_0032888,-3.4169292,-2.7769525
ISIC_0032903,-4.928549,0.4225222
ISIC_0032917,-2.6870277,-2.5042741
ISIC_0032921,-5.0808754,-0.17313947
ISIC_0032925,-2.9209704,-2.644785
ISIC_0032981,-0.52404565,-0.7997423
ISIC_0032982,-2.9406006,-2.58289
ISIC_0032984,-4.726666,0.7930186
ISIC_0033017,-1.5677303,-0.9083311
ISIC_0033024,-5.1254253,0.24086724
ISIC_0033047,-2.6003687,-2.6564398
ISIC_0033068,-4.741578,0.9195453
ISIC_0033081,-1.8915905,-1.0873802
ISIC_0033103,-2.946208,-0.47145846
ISIC_0033120,-4.796683,0.74744266
ISIC_0033125,-2.9337437,-2.522742
ISIC_0033141,-3.1977804,-2.2818396
ISIC_0033152,-2.4664688,-1.9808898
ISIC_0033166,-5.1605296,0.448828
ISIC_0033171,-5.040978,-0.13969056
ISIC_0033174,-2.7677517,-2.6414926
ISIC_0033175,-4.0157332,-3.0103326
ISIC_0033180,-3.151334,-1.439011
ISIC_0033186,-2.5852919,-2.6146271
ISIC_0033193,-1.1037419,-1.2229946
ISIC_0033196,-1.6198944,-2.0382805
ISIC_0033216,-2.490662,-1.7545118
ISIC_0033239,-3.24763,-1.8011907
ISIC_0033241,-3.3716645,-2.6183362
ISIC_0033268,-5.117334,1.0427496
ISIC_0033275,-5.1460495,-0.019079018
ISIC_0033278,-2.1257315,-1.5269746
ISIC_0033279,-2.9732673,-3.0192306
ISIC_0033300,-2.5715005,-2.5391805
ISIC_0033302,-0.7388791,-1.792708
ISIC_0033304,-2.6517289,-1.9836136
ISIC_0033312,-3.5939748,-2.7154877
ISIC_0033317,-4.935129,0.67520094
ISIC_0033320,-1.9306566,-2.3704412
ISIC_0033323,-2.955659,-1.1097924
ISIC_0033333,-2.831231,-2.0377014
ISIC_0033336,-4.169996,-2.1558611
ISIC_0033362,-0.43362328,-0.34250647
ISIC_0033368,-0.3755853,-1.2808349
ISIC_0033369,-5.3847394,0.045446713
ISIC_0033377,-5.2938766,0.26367086
ISIC_0033387,-3.040248,-2.8416588
ISIC_0033393,-3.4173574,-3.0187635
ISIC_0033394,-2.2087357,-1.1906166
ISIC_0033405,-4.150174,-2.190731
ISIC_0033415,-2.5620284,-1.4698863
ISIC_0033416,-2.398611,-2.202371
ISIC_0033424,-2.8628592,-1.5597469
ISIC_0033429,-0.73629326,-2.9479878
ISIC_0033432,-1.9442029,-3.0268855
ISIC_0033444,1.3034455,-1.6887511
ISIC_0033452,-2.460373,-2.146699
ISIC_0033469,-3.2420733,1.6221541
ISIC_0033470,-2.362749,-1.540623
ISIC_0033485,-4.000166,-3.0365956
ISIC_0033487,-2.0597577,2.6170037
ISIC_0033496,-3.6122384,-2.6432664
ISIC_0033500,-2.3744366,-0.6102226
ISIC_0033524,-1.7600845,-0.44631588
ISIC_0033534,-2.9845862,-1.1267301
ISIC_0033545,-2.1392477,-1.6608154
ISIC_0033546,-2.6933465,-1.6095015
ISIC_0033560,-2.7675493,-1.1601388
ISIC_0033568,-1.859682,-1.7831758
ISIC_0033573,-4.64866,0.8296683
ISIC_0033595,-4.711294,0.89932716
ISIC_0033603,-3.003488,-1.3688202
ISIC_0033607,-1.9757488,-2.082936
ISIC_0033612,-2.1022468,-1.4650925
ISIC_0033619,-3.1883154,-2.7489088
ISIC_0033624,-0.9953998,-2.5699008
ISIC_0033638,-3.0941286,-2.5030143
ISIC_0033644,-5.064006,0.026125146
ISIC_0033651,-2.616935,-2.0657861
ISIC_0033662,-2.6564307,-2.513267
ISIC_0033687,-4.969735,-0.3962317
ISIC_0033696,-2.2589004,1.4299684
ISIC_0033700,-3.5009375,-2.5947676
ISIC_0033704,-1.3447331,-0.7040131
ISIC_0033717,-4.6849804,0.80343926
ISIC_0033752,-4.523073,0.8045326
ISIC_0033779,-5.0455737,-0.24566005
ISIC_0033801,-2.4531963,-1.5004231
ISIC_0033802,-1.00728,-2.3179533
ISIC_0033804,-3.9011588,0.17821087
ISIC_0033805,-3.0202096,-2.6975815
ISIC_0033813,-3.7334852,-2.9861443
ISIC_0033819,-1.7881532,-2.8959775
ISIC_0033848,-2.3726342,-1.5207057
ISIC_0033871,-3.583313,-2.9379122
ISIC_0033872,-4.611007,0.83835405
ISIC_0033881,-2.993239,-1.9393567
ISIC_0033883,-4.8918552,1.1344655
ISIC_0033886,-4.016876,-3.0287125
ISIC_0033893,-1.0970627,-0.08829534
ISIC_0033901,-5.120114,-0.56095433
ISIC_0033905,-1.9775852,-1.8313913
ISIC_0033911,-3.3497212,-2.454891
ISIC_0033925,-2.219021,3.1505892
ISIC_0033938,-3.2439415,-2.6264799
ISIC_0033946,-5.3845096,0.10766046
ISIC_0033956,-2.1776834,-1.7345296
ISIC_0033957,-3.379207,-3.0033064
ISIC_0033962,-3.1213725,-1.315368
ISIC_0033968,-3.3306966,-2.8827524
ISIC_0033975,-0.77685714,-2.3378937
ISIC_0033977,-2.219207,-2.0542643
ISIC_0033980,-3.5558305,-2.6408975
ISIC_0033981,-2.1156871,-1.8876337
ISIC_0033985,-2.9755855,-2.5998998
ISIC_0033995,-2.979557,-2.5778065
ISIC_0034002,-2.3784351,-2.1400602
ISIC_0034005,-5.1412563,0.36924374
ISIC_0034006,-3.2035518,-1.3562024
ISIC_0034012,-0.43653113,-2.8065305
ISIC_0034046,-3.4979565,-2.562461
ISIC_0034048,-2.5475774,-1.0140659
ISIC_0034051,-1.8508455,-2.4177737
ISIC_0034052,-2.8119998,-2.3044488
ISIC_0034061,-4.6883335,-0.651324
ISIC_0034064,-4.8940053,-1.9725717
ISIC_0034068,-2.7939885,-2.0558057
ISIC_0034071,-2.268431,-1.2160957
ISIC_0034076,-0.4364277,-0.6477849
ISIC_0034085,-3.5532827,-2.6704082
ISIC_0034094,-1.9238905,-1.1797434
ISIC_0034100,-2.07904,-1.1384332
ISIC_0034104,-2.8289566,-1.7733847
ISIC_0034107,-0.38666615,-1.2949204
ISIC_0034117,-2.6030183,-1.3142633
ISIC_0034118,-5.31437,0.093585886
ISIC_0034120,-2.8260968,-1.8292934
ISIC_0034134,-3.0967975,-0.77854246
ISIC_0034140,-2.5803134,-0.9956539
ISIC_0034145,-0.4951336,-0.692656
ISIC_0034150,-1.4910419,-2.9460018
ISIC_0034172,-3.3989303,-3.0274832
ISIC_0034183,1.1333637,-1.6722447
ISIC_0034205,-5.181139,0.43212342
ISIC_0034211,-2.36402,-1.989342
ISIC_0034222,-3.628423,-3.0988235
ISIC_0034233,-2.7429612,-1.508679
ISIC_0034236,-1.1371508,-2.7678928
ISIC_0034246,-5.1023235,0.47867975
ISIC_0034256,-2.7789917,-1.6283062
ISIC_0034262,-4.739604,0.8876663
ISIC_0034269,-2.4728346,-1.4672422
ISIC_0034287,-2.625756,0.10140549
ISIC_0034289,-3.1917093,-2.2213655
ISIC_0034317,-2.6011076,-2.4863696
ISIC_0034343,-3.3790677,-3.0451949
ISIC_0034398,-0.57611877,-1.0816536
ISIC_0034446,-1.7260336,-0.45732802
ISIC_0034472,-0.7355248,-1.1239187
ISIC_0034477,-5.3578873,0.32103273
ISIC_0034482,-3.130278,-2.0684285
ISIC_0034492,-2.214387,-0.5048613
ISIC_0034572,-5.0595026,0.09196112
ISIC_0034605,-5.026937,-0.012290659
ISIC_0034630,-3.173632,-2.6775632
ISIC_0034784,-0.6016794,-2.2843146
ISIC_0034873,-1.9001838,-2.0772011
ISIC_0034882,-2.131072,-1.9732214
ISIC_0034904,-0.8543516,-1.4843609
ISIC_0034934,-3.6370614,2.405617
ISIC_0034971,-3.2846959,-2.3420138
ISIC_0035000,-0.22769733,-1.8588965
ISIC_0035021,-0.99878526,-1.823805
ISIC_0035047,-0.5100484,-0.48797253
ISIC_0035048,-0.88077205,-1.4809294
ISIC_0035070,0.034303635,-2.7039795
ISIC_0035089,-3.2790778,-2.1520398
ISIC_0035090,-3.2666383,-2.186533
ISIC_0035124,-2.076293,-2.0510874
ISIC_0035224,-5.122196,-0.12408806
ISIC_0035263,-2.6129668,-2.1502795
ISIC_0035366,-1.1545676,-2.7536983
ISIC_0035406,-5.152544,-0.080494486
ISIC_0035420,-5.020094,-0.013736301
ISIC_0035459,-2.6582837,-2.5578594
ISIC_0035462,-2.0837502,-1.8297527
ISIC_0035486,-2.5060759,-1.2170564
ISIC_0035636,-0.5280534,-3.0796874
ISIC_0035640,-1.7122431,-1.6795348
ISIC_0035670,-3.1861053,-3.0487907
ISIC_0035680,-3.8596125,-0.59690046
ISIC_0035682,-3.4758334,-2.6193109
ISIC_0035698,-2.4974976,-0.9319414
ISIC_0035700,-2.20895,-2.2000203
ISIC_0035705,-3.1450386,-2.2402916
ISIC_0035708,-4.9204407,-1.809554
ISIC_0035714,-2.991697,-2.4287484
ISIC_0035719,-0.4564151,-1.9317294
ISIC_0035732,-3.4235606,-2.6166801
ISIC_0035747,-3.1943514,-2.827376
ISIC_0035764,-0.9148228,-1.3972008
ISIC_0035766,-3.4801311,-2.6398504
ISIC_0035767,-2.9799664,-2.4704223
ISIC_0035794,-5.159667,0.50810015
ISIC_0035823,-3.472878,-2.6458476
ISIC_0035825,-5.24058,0.6019725
ISIC_0035827,-0.67530495,-2.9795198
ISIC_0035846,-2.792396,-1.8838156
ISIC_0035853,-1.6650846,-2.8722932
ISIC_0035854,-2.515496,-1.9674535
ISIC_0035868,-5.1377,0.19934362
ISIC_0035889,-3.39934,-2.3402195
ISIC_0035913,-2.0717204,-1.6825585
ISIC_0035923,-2.3463223,1.398041
ISIC_0035929,-4.0963416,3.1542554
ISIC_0035938,-5.1152706,0.16124752
ISIC_0035964,-1.5521584,-2.8015134
ISIC_0035968,-5.130547,0.30447558
ISIC_0036005,-4.2792144,3.1117558
ISIC_0036012,-3.7170913,-2.7566447
ISIC_0036034,-1.3162136,-1.2160742
ISIC_0036051,-2.5884547,-1.9717495
ISIC_0036057,-2.5623705,-1.006193
ISIC_0036070,-2.8911746,-2.1494634
ISIC_0036073,1.191631,-1.9412369
ISIC_0036075,-3.5281181,-2.8521082
ISIC_0036076,-1.914816,-1.3354915
ISIC_0036078,-0.3593126,1.535147
ISIC_0036079,-0.84686685,-1.2568227
ISIC_0036080,-2.9924657,-1.5268296
ISIC_0036081,1.0396554,-1.2204604
ISIC_0036083,-1.8851125,-0.48185128
ISIC_0036085,-0.47319418,-0.99917626
ISIC_0036086,-4.630682,1.9856887
ISIC_0036087,-2.2104585,-0.91159636
ISIC_0036088,-3.3005025,-2.9586377
ISIC_0036089,-2.9828398,-2.6455073
ISIC_0036090,-1.1073244,-0.1926063
ISIC_0036091,-2.9958444,-2.8209455
ISIC_0036092,-0.9717655,-1.6432313
ISIC_0036093,-0.2412694,-3.224635
ISIC_0036094,-1.4464098,-0.10729007
ISIC_0036095,-1.5014908,-0.10665157
ISIC_0036096,-1.5110114,0.05735706
ISIC_0036097,-1.5558869,-1.2307302
ISIC_0036098,-4.242772,-2.3528311
ISIC_0036099,-2.1424112,-0.40874925
ISIC_0036101,-3.558877,-2.9740486
ISIC_0036102,-4.3331804,-2.1971862
ISIC_0036103,-1.3093874,-1.9977119
ISIC_0036104,-1.854846,-2.6703568
ISIC_0036105,-4.7415676,1.8985474
ISIC_0036106,-2.386975,-2.2728288
ISIC_0036107,-1.5561085,0.0008908652
ISIC_0036108,-5.2778115,2.065544
ISIC_0036109,-1.575504,-2.834968
ISIC_0036110,-0.6882808,-1.0954143
ISIC_0036111,0.37125617,-2.9344063
ISIC_0036112,-2.1259825,-3.0161939
ISIC_0036113,-1.8084598,-0.6567474
ISIC_0036114,-3.3126497,-2.8143663
ISIC_0036115,-1.7681022,-1.8173766
ISIC_0036116,-2.9388692,-2.478902
ISIC_0036117,-1.3363371,-1.5299904
ISIC_0036118,-0.27851593,-2.4429898
ISIC_0036119,-2.612995,-2.35031
ISIC_0036120,-2.493033,-1.3803517
ISIC_0036121,-2.5336235,-2.2222261
ISIC_0036123,-2.5765514,2.6841543
ISIC_0036159,-0.45148414,-2.6037438
ISIC_0036258,-3.2333848,-2.9355624
ISIC_0036260,-2.277228,0.20111121
ISIC_0036263,-2.301172,-1.5410966
ISIC_0036264,-1.5897694,0.08198086
ISIC_0036269,-1.0682958,0.15731093
ISIC_0036270,-0.2001618,-2.6771922
ISIC_0036273,-0.856358,-0.60929734
ISIC_0036274,-0.14024329,-2.321014
ISIC_0036275,-1.9394126,-2.0289643
ISIC_0036276,-1.012554,0.1024965
ISIC_0036278,-3.5619106,-2.4868197
ISIC_0036279,-2.2672238,-1.7947398
ISIC_0036280,-0.8081571,-0.77017665
ISIC_0036281,-3.1193147,-2.196033
ISIC_0036282,-3.3653774,-2.3882422
ISIC_0036284,-1.3882983,-0.5634358
ISIC_0036285,1.308891,-1.6064562
ISIC_0036286,-0.72112745,-0.7561678
ISIC_0036287,-2.0860877,-3.1454496
ISIC_0046224,-0.9929009,-2.3846202
ISIC_0046225,0.33862388,-0.5825708
ISIC_0046242,-1.9115939,-0.9384584
ISIC_0046305,-2.4942474,-3.201523
ISIC_0046315,-0.74074924,-1.3539046
ISIC_0046322,-2.8747382,-1.3343111
ISIC_0046323,-2.7262266,-0.55953896
ISIC_0046331,-0.79357725,-2.472452
ISIC_0046338,-0.78903586,-1.4521667
ISIC_0046343,-3.2714434,-1.2161489
ISIC_0046344,-0.52752066,-1.4004979
ISIC_0046345,-1.898952,-2.1967285
ISIC_0046361,-2.1866372,-2.8440511
ISIC_0046372,-1.0502249,-0.24013335
ISIC_0046383,-4.9431276,1.0125958
ISIC_0046394,-2.8255124,2.5586312
ISIC_0046405,-3.6076505,-2.6008475
ISIC_0046416,-3.26442,-0.7275428
ISIC_0046422,-0.39225936,-0.6879131
ISIC_0046427,-0.85154116,-1.3311348
ISIC_0046438,-4.7643647,0.95234084
ISIC_0046441,-2.4892354,-1.2827461
ISIC_0046443,-2.0417266,-2.0752714
ISIC_0046449,-0.73960775,-2.4483633
ISIC_0046450,-2.3734922,2.2407968
ISIC_0046458,0.578882,-0.1780253
ISIC_0046471,-3.3785632,-2.5672324
ISIC_0046504,-1.070839,1.2031223
ISIC_0046526,-2.442422,3.4861312
ISIC_0046548,-0.46142235,0.27419254
ISIC_0046560,-4.4715657,1.4552153
ISIC_0046571,-3.193508,-1.8405513
ISIC_0046596,-2.2729712,0.14966337
ISIC_0046597,-2.576816,-0.58200365
ISIC_0046609,-1.9249687,0.36577216
ISIC_0046626,-1.9959109,-0.9096227
ISIC_0046628,-1.62977,-0.6832042
ISIC_0046633,-2.0642734,-2.348123
ISIC_0046639,-0.44355357,-0.41030455
ISIC_0046640,-0.006848151,-1.9119531
ISIC_0046645,-2.3707254,-1.4814945
ISIC_0046647,-1.8647674,0.9455673
ISIC_0046659,-5.1617317,-0.15319166
ISIC_0046661,-0.8756717,0.726087
ISIC_0046662,-2.846242,-0.7805241
ISIC_0046664,-3.263926,-1.8045107
ISIC_0046667,-3.0403447,-1.899685
ISIC_0046670,-1.6278499,-1.581401
ISIC_0046671,-2.3610587,1.4579465
ISIC_0046672,-0.40146193,-0.12226257
ISIC_0046681,-1.9148147,-1.6389301
ISIC_0046682,-2.2808075,3.0948136
ISIC_0046683,-2.776373,-1.2341732
ISIC_0046712,-1.7790257,-1.590571
ISIC_0046725,-3.9296985,-2.3394544
ISIC_0046773,-3.2243927,-0.8891919
ISIC_0046820,-5.7587056,0.90157557
ISIC_0046827,-4.253582,2.1752694
ISIC_0046828,-0.9355246,-2.0778046
ISIC_0046834,-3.7960873,-1.9461197
ISIC_0046900,-4.993144,0.87900984
ISIC_0046908,-1.8605119,-0.67153215
ISIC_0046917,-0.78950024,1.016899
ISIC_0046921,0.08865355,0.16881478
ISIC_0046932,-0.2508117,-1.7454861
ISIC_0046983,-0.090225376,-2.7762434
ISIC_0046985,-3.2387087,-3.1026285
ISIC_0047003,-3.8376195,-2.163121
ISIC_0047004,-0.48418677,-1.9418577
ISIC_0047008,-2.505651,-2.5989285
ISIC_0047022,-4.75358,1.5722378
ISIC_0047024,-1.7766037,0.404677
ISIC_0047031,-0.49170086,-1.901044
ISIC_0047033,-1.0015619,1.5101044
ISIC_0053456,-2.89064,-1.1993257
ISIC_0053469,-4.142133,-1.609352
ISIC_0053470,-5.1769176,1.8612039
ISIC_0053471,-2.513558,3.0226326
ISIC_0053473,-3.0776885,0.62829477
ISIC_0053479,-4.513742,3.195545
ISIC_0053485,-2.537038,-1.1721185
ISIC_0053489,-4.441407,1.8078089
ISIC_0053491,-2.0283751,-0.056097336
ISIC_0053492,-1.1572727,-1.6444098
ISIC_0053495,-3.8465388,-0.49650714
ISIC_0053503,-3.2148407,0.6824992
ISIC_0053507,-3.2658677,-2.1572864
ISIC_0053508,-2.8325493,3.3323073
ISIC_0053509,-4.0539618,3.1620169
ISIC_0053510,-3.8871193,-2.4771945
ISIC_0053512,-3.0716186,4.1801076
ISIC_0053513,-5.5330744,0.35902643
ISIC_0053518,0.6473418,-1.1801854
ISIC_0053520,-5.06287,2.108772
ISIC_0053525,-3.8080013,-0.4917792
ISIC_0053531,-5.478021,0.24350543
ISIC_0053533,-4.4222403,1.6366385
ISIC_0053541,-4.464454,2.6700387
ISIC_0053542,-1.1378902,1.5174185
ISIC_0053545,-1.3719743,0.17028788
ISIC_0053570,-0.42572445,0.22817011
ISIC_0053578,-1.2928083,0.6076971
ISIC_0053582,-1.2381444,1.3598709
ISIC_0053589,-2.582708,-1.0422673
ISIC_0053594,-3.0042768,3.588693
ISIC_0053603,-1.1545336,0.58838856
ISIC_0053611,-0.14731817,-2.3768325
ISIC_0053615,-0.8179467,1.0531375
ISIC_0053617,-2.6392272,1.0651352
ISIC_0053620,0.40704143,-2.4213133
ISIC_0053632,-4.7372737,1.8979446
ISIC_0053659,-4.934736,-1.8075047
ISIC_0053660,-5.537679,0.63188994
ISIC_0053667,-5.4693937,1.2399528
ISIC_0053674,-1.4657797,-0.44616225
ISIC_0053691,-0.27921268,0.6463587
ISIC_0053698,-3.0166762,3.6081808
ISIC_0053699,-2.668202,2.6443355
ISIC_0053700,-1.4655619,0.738727
ISIC_0053723,-3.083155,4.196516
ISIC_0053725,-3.6993406,-1.4682542
ISIC_0053734,-1.124156,1.584698
ISIC_0053740,-5.4306107,1.59024
ISIC_0053742,-2.887642,-0.4993468
ISIC_0053743,-2.2168026,2.4032955
ISIC_0053751,-4.8122873,-1.9551015
ISIC_0053761,-2.5297947,1.0738252
ISIC_0053763,-4.954154,0.14332366
ISIC_0053765,-0.21536782,-2.9813013
ISIC_0053766,-5.7716174,1.1823794
ISIC_0053774,-2.605986,-1.0284725
ISIC_0053784,-3.9636908,1.787778
ISIC_0053787,-5.498358,0.2689919
ISIC_0053790,-3.6617742,2.3422475
ISIC_0053791,-3.2525342,1.5240178
ISIC_0053796,-4.5334797,3.034265
ISIC_0053801,-5.388513,0.561485
ISIC_0053810,-1.3534704,0.3151692
ISIC_0053812,-2.4639926,3.4685202
ISIC_0053814,-1.6579795,2.287359
ISIC_0053816,-4.4866424,2.8099034
ISIC_0053823,-4.869248,-2.028229
ISIC_0053824,-0.9004605,1.6618536
ISIC_0053827,-3.1057408,-1.3548712
ISIC_0053828,-5.462964,0.4791134
ISIC_0053829,-2.1297474,-0.43547902
ISIC_0053839,-2.1359947,-0.19282663
ISIC_0053841,-5.3553047,0.66446054
ISIC_0053843,-1.9860715,-0.32209992
ISIC_0053846,-4.11842,1.2489132
ISIC_0053853,-5.6332498,1.5310491
ISIC_0053891,-1.1125897,0.6808829
ISIC_0053893,-3.4103096,-1.9596938
ISIC_0053904,-2.5773644,1.0594909
ISIC_0053909,-1.7463365,-0.4805474
ISIC_0053912,-5.088414,0.9696774
ISIC_0053916,-3.3136747,-1.8305131
ISIC_0053923,-1.6360298,1.192938
ISIC_0053925,-3.2584977,-1.0833029
ISIC_0053933,-2.9579558,3.34727
ISIC_0053946,-4.395557,2.7454557
ISIC_0053960,-5.0725803,0.2451666
ISIC_0053969,-3.0641184,2.8414297
ISIC_0053971,-2.2627115,3.0103695
ISIC_0053974,-2.8145845,2.8073568
ISIC_0053980,-5.0981755,1.8606298
ISIC_0053981,-4.2528043,2.38381
ISIC_0053996,-0.84723234,-2.0636418
ISIC_0054006,-2.6284423,-0.876394
ISIC_0054015,-4.6627994,1.7277182
ISIC_0054025,-4.537658,-0.0738756
ISIC_0054032,-2.9561775,-1.7082242
ISIC_0054038,-3.8448105,-2.6761503
ISIC_0054043,-0.106888644,0.1233689
ISIC_0054048,-2.4136572,-0.61142087
ISIC_0054053,-3.2587285,-1.7726907
ISIC_0054059,-1.275672,0.91739625
ISIC_0054061,-0.8996275,0.72899044
ISIC_0054062,-5.3940377,1.9781265
ISIC_0054070,-5.418573,1.8374258
ISIC_0054073,-3.1289518,0.67027766
ISIC_0054078,-0.8975281,-0.111882
ISIC_0054079,-4.807946,1.2601264
ISIC_0054080,-1.8867991,-2.3427012
ISIC_0054082,-4.6024466,2.3615453
ISIC_0054085,-3.67584,-2.7896557
ISIC_0054090,-5.2548833,-0.054640308
ISIC_0054103,-2.7703004,2.5274892
ISIC_0054106,-2.9421062,3.4472053
ISIC_0054110,-4.85636,1.1230513
ISIC_0054112,-4.9723735,0.1560088
ISIC_0054117,-5.396046,2.1900725
ISIC_0054123,-3.6863499,2.6477106
ISIC_0054141,-4.5127068,3.2003245
ISIC_0054151,-4.0766706,-0.4133276
ISIC_0054159,-5.4981585,1.1753042
ISIC_0054167,-3.8665915,-1.7613773
ISIC_0054179,-4.997905,1.8842741
ISIC_0054185,-0.92039853,1.3219792
ISIC_0054188,-1.7981793,-0.5107413
ISIC_0054193,-4.6271324,3.0875905
ISIC_0054198,-5.2471094,0.13817525
ISIC_0054205,-3.5608747,-1.8625759
ISIC_0054213,-3.2302966,0.19402397
ISIC_0054220,-3.1416986,3.2517602
ISIC_0054222,-0.97566795,1.6430173
ISIC_0054226,-5.170986,1.4683775
ISIC_0054229,-4.7723913,-1.8161119
ISIC_0054233,-3.229677,3.1124296
ISIC_0054236,-4.9140263,1.8134482
ISIC_0054239,-1.6446865,0.6234432
ISIC_0054244,-0.65394115,-2.1639082
ISIC_0054248,-0.06056973,0.15578917
ISIC_0054251,-1.2830672,1.4922862
ISIC_0054254,-5.401688,0.39708918
ISIC_0054264,-1.9989398,1.4469672
ISIC_0054274,-2.5010324,1.1042602
ISIC_0054284,-5.332208,0.36219886
ISIC_0054287,-2.6967225,0.16938595
ISIC_0054292,-2.5448048,-2.5204806
ISIC_0054296,0.14936286,-0.8045961
ISIC_0054312,-1.9453832,-2.3675976
ISIC_0054314,-4.3918896,2.7280533
ISIC_0054317,-2.4492905,1.685267
ISIC_0054334,-2.6474597,3.419405
ISIC_0054337,-1.4097975,-0.6705312
ISIC_0054351,-5.567146,0.48695287
ISIC_0054355,-2.903718,2.227061
ISIC_0054364,-2.8088493,2.5678184
ISIC_0054366,-5.418224,0.46123555
ISIC_0054371,-1.7994837,-0.38699302
ISIC_0054377,-2.470794,0.79189974
ISIC_0054379,-2.955072,3.423867
ISIC_0054384,-2.6752536,-0.9651511
ISIC_0054391,-5.3290706,0.39449745
ISIC_0054399,-4.505203,1.719286
ISIC_0054410,-4.870645,-1.6987817
ISIC_0054412,-1.2502557,1.0751826
ISIC_0054416,-2.2517579,0.77146137
ISIC_0054430,-3.272567,-1.8656634
ISIC_0054444,-1.8652476,-1.5654826
ISIC_0054445,-5.4371023,2.0491524
ISIC_0054458,-4.070959,-2.6533554
ISIC_0054459,-0.42340374,0.2116087
ISIC_0054462,-2.7847168,0.8621169
ISIC_0054464,-5.6289988,1.2083397
ISIC_0054465,-2.475574,0.797572
ISIC_0054497,-1.9661921,0.3840298
ISIC_0054501,-2.1058779,2.794405
ISIC_0054506,-3.498161,-2.5066388
ISIC_0054512,-5.458425,2.1150045
ISIC_0054516,-2.7722077,-0.40944946
ISIC_0054520,-5.044444,1.8113093
ISIC_0054523,-3.0498867,2.2304645
ISIC_0054528,-1.2441741,-0.6030128
ISIC_0054544,-2.9009988,3.020465
ISIC_0054548,-5.5643773,1.706842
ISIC_0054563,-1.4250767,0.37967706
ISIC_0054568,-3.2789938,-1.057639
ISIC_0054574,-2.7829332,0.6593774
ISIC_0054599,-4.1764164,-2.1597285
ISIC_0054612,-3.2680714,3.0543537
ISIC_0054618,-2.2581577,-3.1900036
ISIC_0054624,-1.5383793,-0.4342572
ISIC_0054625,-4.703746,1.3374023
ISIC_0054629,-5.6099463,1.2449589
ISIC_0054637,-4.8477726,0.08949814
ISIC_0054651,-2.8656905,-0.7622995
ISIC_0054661,-2.3291245,2.8862977
ISIC_0054663,-4.8893976,-2.0038602
ISIC_0054670,-4.116953,-0.72996134
ISIC_0054671,-0.14071041,-0.44784424
ISIC_0054673,-3.824842,-0.5775832
ISIC_0054677,-1.9176981,-0.5386224
ISIC_0054694,-0.619231,-2.6889517
ISIC_0054705,-2.0052085,0.37212652
ISIC_0054725,-5.030646,1.1934456
ISIC_0054728,-2.2175658,-0.36732438
ISIC_0054734,-4.384946,2.770602
ISIC_0054744,-1.4600475,1.3709974
ISIC_0054747,-1.857179,-0.88550156
ISIC_0054748,-4.4733925,0.0020490054
ISIC_0054756,1.195218,-1.9700991
ISIC_0054760,-4.452737,1.7101567
ISIC_0054763,-2.6355712,3.393734
ISIC_0054765,-4.1764536,2.2018573
ISIC_0054767,-1.8356593,-1.6238765
ISIC_0054770,-3.1741836,3.1422584
ISIC_0054777,-1.891877,-0.58271056
ISIC_0054787,-2.6200502,-0.74223334
ISIC_0054793,-1.8767024,0.09800335
ISIC_0054802,-2.6361766,3.4069376
ISIC_0054819,-1.9435337,0.92351747
ISIC_0054821,-1.9975804,-0.94033206
ISIC_0054825,-4.4841275,1.7118933
ISIC_0054827,-4.631087,3.1057117
ISIC_0054842,-3.1814258,0.68483883
ISIC_0054844,-4.7709103,1.9999443
ISIC_0054848,-1.7805878,0.6707709
ISIC_0054851,-3.9315276,1.9969267
ISIC_0054852,1.187711,-1.9649087
ISIC_0054853,-1.015057,1.3204567
ISIC_0054874,-0.80149,1.2964891
ISIC_0054889,-4.552911,3.0855157
ISIC_0054892,-5.1966243,1.0922571
ISIC_0054894,-3.7755547,2.551234
ISIC_0054902,-3.060536,4.1420727
ISIC_0054904,-4.8577337,1.0645193
ISIC_0054906,-5.5099783,1.1154947
ISIC_0054912,-2.9786716,3.0651672
ISIC_0054914,-2.2543354,0.25710627
ISIC_0054919,-2.4362848,3.2079377
ISIC_0054936,-2.5048072,-0.8423898
ISIC_0054941,-4.8810043,-0.11457585
ISIC_0054961,-2.6080546,3.0191455
ISIC_0054963,-2.1570017,-2.8561308
ISIC_0054969,-1.7345463,-0.34470177
ISIC_0054970,-2.8584824,3.3862715
ISIC_0054971,-3.4727156,-2.1070938
ISIC_0054973,-5.3077497,0.0018553571
ISIC_0054974,-0.8502767,-2.3876674
ISIC_0054976,-0.14168476,0.21853748
ISIC_0054979,-3.1293864,3.2379293
ISIC_0054982,-2.6802082,-0.06663939
ISIC_0054988,0.608498,-0.12059034
ISIC_0054995,-4.1312556,1.5603434
ISIC_0055001,-5.278108,1.4113309
ISIC_0055002,-4.3745637,2.664509
ISIC_0055022,-3.3795571,-2.3193452
ISIC_0055024,-3.5168371,-2.188185
ISIC_0055031,-5.2468014,-0.5214072
ISIC_0055039,-1.9206147,0.72854125
ISIC_0055048,-4.1534986,2.5159414
ISIC_0055051,1.4123393,-1.4586656
ISIC_0055052,-1.0028075,-0.13919008
ISIC_0055054,-1.9244634,-2.3087528
ISIC_0055056,-5.1462398,1.7751235
ISIC_0055062,-2.2616234,1.3962586
ISIC_0055074,-4.9142284,1.6672279
ISIC_0055079,-1.4083129,0.27732527
ISIC_0055081,-5.546712,1.8972697
ISIC_0055086,-1.2530181,0.09799566
ISIC_0055087,-2.3405848,0.77654976
ISIC_0055091,-2.4388719,1.0720537
ISIC_0055110,-2.177876,2.83859
ISIC_0055136,-0.0037596156,0.6652603
ISIC_0055141,-5.2291207,0.3160941
ISIC_0055143,-3.7663372,0.61607087
ISIC_0055147,-3.7620552,2.7191389
ISIC_0055156,-2.7793336,-1.4451214
ISIC_0055161,-2.9315276,3.3045933
ISIC_0055167,-5.2293983,0.5891507
ISIC_0055175,-4.926951,1.4984126
ISIC_0055179,-5.491417,1.4480666
ISIC_0055181,0.33739612,-2.33332
ISIC_0055191,-3.19567,-2.1012044
ISIC_0055193,-4.3574214,-2.1402254
ISIC_0055202,-3.242385,-1.9429264
ISIC_0055205,1.4028865,-1.414793
ISIC_0055208,-0.7812932,0.07837026
ISIC_0055226,-4.439602,2.693366
ISIC_0055227,-5.287761,1.9755404
ISIC_0055236,-2.7240481,3.212349
ISIC_0055241,-0.78415877,0.4201127
ISIC_0055246,-1.1885033,0.4136864
ISIC_0055249,-5.4813313,2.0218778
ISIC_0055264,-2.028876,0.49604377
ISIC_0055265,-2.4988587,2.7863817
ISIC_0055268,-3.0271537,4.125876
ISIC_0055276,0.3139064,-2.8241909
ISIC_0055282,-2.767338,-0.45075303
ISIC_0055289,-2.4554188,-2.0618484
ISIC_0055293,-2.2441208,1.6978531
ISIC_0055295,-3.1067574,3.0489573
ISIC_0055297,-2.5785854,-0.37909496
ISIC_0055298,-2.9758992,3.386947
ISIC_0055309,-4.188457,1.3063213
ISIC_0055311,-2.7156277,-1.6440023
ISIC_0055314,-4.196464,2.9144342
ISIC_0055318,-0.1512585,0.41357785
ISIC_0055337,-0.97226053,1.2769215
ISIC_0055340,-2.8960967,-0.488436
ISIC_0055344,-4.855182,0.10474203
ISIC_0055355,-1.5517678,0.22092354
ISIC_0055359,-0.96850127,-1.893126
ISIC_0055362,-5.3180776,0.100310124
ISIC_0055363,-3.5884502,2.236576
ISIC_0055367,-2.1504242,-0.15936483
ISIC_0055380,-1.2169693,1.0187069
ISIC_0055393,-5.419501,2.0046732
ISIC_0055398,-2.8114512,3.3046958
ISIC_0055412,-1.847748,1.3569502
ISIC_0055417,-4.6298747,2.0057952
ISIC_0055419,-2.5449286,-2.4525745
ISIC_0055421,-5.465478,1.7906727
ISIC_0055425,-3.0049753,3.2875638
ISIC_0055438,-1.4800429,-1.8232498
ISIC_0055440,-3.78043,-2.643548
ISIC_0055445,-3.9277678,-3.0489435
ISIC_0055451,-2.2783337,-1.095321
ISIC_0055453,-0.95897424,1.7129154
ISIC_0055454,-4.973406,2.0698228
ISIC_0055462,-4.723213,1.6793982
ISIC_0055464,-4.848494,1.8664869
ISIC_0055465,-4.901465,0.9611678
ISIC_0055467,-0.35518938,1.0461415
ISIC_0055474,-3.970946,-2.2684214
ISIC_0055492,-4.266826,2.0316288
ISIC_0055496,-2.601866,-1.438086
ISIC_0055500,-2.3876169,2.207041
ISIC_0055503,-2.564441,-0.8975948
ISIC_0055511,-2.9925258,-1.1854148
ISIC_0055513,-4.965831,-1.5035305
ISIC_0055517,-4.4464226,1.7304904
ISIC_0055518,-3.2189293,-1.4153041
ISIC_0055519,-1.0824703,0.37742442
ISIC_0055525,-2.3440459,0.8105761
ISIC_0055527,-2.9727082,2.9315188
ISIC_0055528,-3.3864453,1.7068406
ISIC_0055543,-1.8418638,0.648738
ISIC_0055546,-1.7019638,0.6988693
ISIC_0055550,-2.455596,-0.54429847
ISIC_0055562,-0.15825054,-2.9491994
ISIC_0055570,-0.16353217,0.6082436
ISIC_0055572,-1.980984,2.535695
ISIC_0055582,-2.4628162,0.26433456
ISIC_0055613,-3.012075,2.35374
ISIC_0055616,-2.8773744,2.6207907
ISIC_0055618,-2.297848,2.8804498
ISIC_0055622,-5.1821313,1.9479947
ISIC_0055623,-4.8842535,1.7752202
ISIC_0055624,-4.31983,1.4804316
ISIC_0055631,-2.1967049,2.861736
ISIC_0055643,-4.661832,3.0610013
ISIC_0055659,0.16156347,-2.531125
ISIC_0055665,-4.4164314,1.9609791
ISIC_0055680,-2.468245,-3.1785598
ISIC_0055684,0.1296554,-2.817371
ISIC_0055688,-3.1621509,-1.3933129
ISIC_0055690,-1.3982534,0.10506852
ISIC_0055699,-0.14294647,0.25580186
ISIC_0055701,-4.907553,1.8279715
ISIC_0055707,-3.0379608,2.9067183
ISIC_0055709,-5.0402966,1.9518216
ISIC_0055714,-3.4839754,-2.362024
ISIC_0055720,-2.1938136,-0.34396067
ISIC_0055733,-2.0838797,-0.1600087
ISIC_0055742,-5.0293818,1.6943264
ISIC_0055743,-2.3351688,0.8026112
ISIC_0055756,-2.7572775,-0.46839833
ISIC_0055759,-4.320425,2.8111632
ISIC_0055764,-3.9585,2.4012716
ISIC_0055767,-3.0103853,3.0908284
ISIC_0055771,-5.3129406,2.049163
ISIC_0055776,-5.199509,2.0495186
ISIC_0055780,0.16594794,-2.5901015
ISIC_0055781,-3.511779,-1.2717452
ISIC_0055783,-3.2306428,-1.1699877
ISIC_0055788,-5.377444,0.50871676
ISIC_0055789,-2.9428983,3.466312
ISIC_0055796,-1.120244,0.47424096
ISIC_0055797,-1.338142,-0.92911685
ISIC_0055799,-0.7025528,0.9225123
ISIC_0055802,-2.3534777,0.8601018
ISIC_0055818,-1.2034825,0.09791014
ISIC_0055820,-1.9907215,-0.18170176
ISIC_0055821,-4.222079,-2.0512986
ISIC_0055825,-3.1684601,-0.083581805
ISIC_0055828,-1.2542297,1.4334221
ISIC_0055832,-1.0503225,1.2101234
ISIC_0055840,-4.5164924,3.1632175
ISIC_0055841,-4.8352933,-1.8140627
ISIC_0055854,-5.0690737,1.7885195
ISIC_0055859,-4.112406,2.8761148
ISIC_0055862,-0.5757282,1.0237089
ISIC_0055871,-5.454149,0.3254615
ISIC_0055876,-3.437374,-1.6811107
ISIC_0055887,-5.2609463,0.43439308
ISIC_0055892,-4.686567,1.4535409
ISIC_0055896,-2.0114937,2.564768
ISIC_0055899,-1.9617355,1.6466321
ISIC_0055900,-2.913366,3.4775028
ISIC_0055905,-1.7012888,1.3897396
ISIC_0055907,-0.41136557,0.62854326
ISIC_0055911,-3.2644303,-1.0732127
ISIC_0055930,-1.3750635,0.8048037
ISIC_0055931,-2.2586942,1.2084224
ISIC_0055937,-3.046609,3.2591805
ISIC_0055938,-5.5020413,1.9477859
ISIC_0055953,-2.406424,0.70388573
ISIC_0055954,-5.0461507,1.7118113
ISIC_0055960,-2.7823105,1.2613153
ISIC_0055967,-5.31445,1.4226332
ISIC_0055984,-1.1268064,0.5897599
ISIC_0055999,-4.142065,1.3430918
ISIC_0056001,-2.910564,3.3880181
ISIC_0056007,-3.4776514,-1.8384285
ISIC_0056017,-1.5602324,-0.010156336
ISIC_0056019,-1.1241603,0.92775255
ISIC_0056036,-4.459809,1.408344
ISIC_0056041,-3.5362296,-2.3738923
ISIC_0056044,-2.34298,1.6176172
ISIC_0056047,-1.871157,1.4298112
ISIC_0056050,-4.369757,-2.0594873
ISIC_0056051,-5.112848,0.82519615
ISIC_0056061,-1.2769845,1.2450274
ISIC_0056063,-4.40824,-2.101757
ISIC_0056079,-5.428914,2.1143622
ISIC_0056089,-1.4345889,-1.1348107
ISIC_0056092,-1.7908366,0.5327643
ISIC_0056105,-1.5784568,1.8493326
ISIC_0056113,-0.8000882,-2.267034
ISIC_0056118,-4.498151,1.7302072
ISIC_0056130,-2.6350975,3.437959
ISIC_0056133,-2.399684,1.577001
ISIC_0056136,-0.3784016,-1.8861
ISIC_0056138,-5.6730056,1.4455813
ISIC_0056141,-4.8951015,-1.8630835
ISIC_0056145,-4.66138,1.5898972
ISIC_0056152,-3.474636,-1.4323882
ISIC_0056156,-3.1676354,-2.630025
ISIC_0056167,-5.4615426,1.3051212
ISIC_0056170,-3.1443825,-2.3254735
ISIC_0056181,-0.0144314505,-2.5447392
ISIC_0056185,-2.0128508,-0.38546568
ISIC_0056186,0.017742747,0.71598125
ISIC_0056190,-4.8332667,1.8133143
ISIC_0056192,-1.9796504,-0.008171411
ISIC_0056201,-4.2626834,2.9863384
ISIC_0056202,-1.4057426,0.7132319
ISIC_0056210,-2.0024893,-0.14700988
ISIC_0056214,-3.3203597,1.7689829
ISIC_0056217,-1.513554,0.9444192
ISIC_0056221,-4.4551754,1.6982614
ISIC_0056225,-3.8357954,-0.4780127
ISIC_0056228,-5.3816037,0.4350079
ISIC_0056232,-1.8476231,-1.703643
ISIC_0056247,-5.566,0.38855597
ISIC_0056261,-5.452991,0.5217007
ISIC_0056263,-2.4469066,3.0545065
ISIC_0056269,-2.686911,-0.7853109
ISIC_0056271,-2.6146758,2.7045002
ISIC_0056283,0.4933005,-2.5315015
ISIC_0056292,-1.4481585,-0.19456443
ISIC_0056298,-0.93253577,-2.47165
ISIC_0056309,-2.4827127,2.7639403
ISIC_0056319,-5.339057,0.36676735
ISIC_0056330,-2.817653,2.6860437
ISIC_0056337,-5.079142,1.9474435
ISIC_0056345,-5.161256,2.0072858
ISIC_0056347,-1.3801459,0.53967893
ISIC_0056364,-3.4260678,-2.5557134
ISIC_0056382,-2.5227652,3.0907676
ISIC_0056389,-1.3620572,0.23996358
ISIC_0056392,-3.0351925,2.838338
ISIC_0056401,-2.3020365,2.9366052
ISIC_0056403,-2.2650793,1.7365476
ISIC_0056413,-3.8237066,-0.32724494
ISIC_0056415,-1.7211616,0.59959596
ISIC_0056422,-0.8347652,0.4025631
ISIC_0056425,-3.1804793,-0.988802
ISIC_0056428,-1.2980359,1.2397383
ISIC_0056446,-1.3532679,1.0130501
ISIC_0056447,-5.3735623,0.12746702
ISIC_0056448,-5.380225,1.4823525
ISIC_0056449,-1.095711,1.6888934
ISIC_0056454,-5.4732556,1.6849388
ISIC_0056479,-2.2677507,3.0657341
ISIC_0056481,-0.26285598,-0.22634277
ISIC_0056483,-1.9245845,0.22165212
ISIC_0056487,-5.468767,0.23701969
ISIC_0056501,-1.946921,-2.8678985
ISIC_0056511,-5.2462087,0.44203004
ISIC_0056525,-0.12034803,0.15768036
ISIC_0056527,-2.611051,2.9983344
ISIC_0056531,-5.5560384,0.6149564
ISIC_0056546,-0.22924185,-0.2038613
ISIC_0056551,-4.143968,1.323653
ISIC_0056554,-2.4790301,0.7269059
ISIC_0056572,-2.7647872,1.0247507
ISIC_0056573,-0.57575166,1.0607728
ISIC_0056601,-4.43965,1.4449534
ISIC_0056604,-2.1066337,0.1864442
ISIC_0056612,-0.3553238,1.0053078
ISIC_0056614,-4.837993,1.5806246
ISIC_0056625,-2.3508635,0.87809503
ISIC_0056626,-0.6306903,1.2150384
ISIC_0056632,-2.3991544,-0.43299943
ISIC_0056644,-4.131494,-2.951361
ISIC_0056652,-4.994915,0.6431433
ISIC_0056655,-3.80779,-0.5339299
ISIC_0056659,-5.3433027,1.3849038
ISIC_0056660,-2.5068815,1.7662799
ISIC_0056676,-4.4682,3.1474907
ISIC_0056677,-1.2869171,0.86695254
ISIC_0056680,-2.2069855,2.8091738
ISIC_0056683,-3.0438242,-1.676623
ISIC_0056684,-4.3531947,2.7495556
ISIC_0056688,-2.3667295,2.9204533
ISIC_0056692,0.33131865,-2.7539377
ISIC_0056710,-3.0208697,0.6957736
ISIC_0056717,-3.0274906,3.3299162
ISIC_0056719,-4.3744745,2.786452
ISIC_0056723,-0.47496304,0.5288283
ISIC_0056725,-2.6005933,0.8610603
ISIC_0056728,-2.4744532,3.481587
ISIC_0056729,-5.4601583,1.8711903
ISIC_0056739,-1.8796518,1.5650052
ISIC_0056740,-0.3703482,0.81967264
ISIC_0056749,-1.9942706,0.54237175
ISIC_0056750,1.4130286,-1.4403445
ISIC_0056751,-4.6587186,1.9629136
ISIC_0056753,-4.3613677,2.7667105
ISIC_0056770,-2.4859276,-0.9149659
ISIC_0056788,-4.829412,1.4290111
ISIC_0056790,-3.2324703,-1.298974
ISIC_0056796,-0.5859317,-2.821829
ISIC_0056800,-2.0007267,2.2411127
ISIC_0056806,-5.4620624,2.0581234
ISIC_0056814,-4.093211,-2.0234344
ISIC_0056816,-0.061578024,0.44001433
ISIC_0056817,-2.4051654,-1.0511484
ISIC_0056819,-2.4422476,-2.009322
ISIC_0056820,-4.7279587,0.34432554
ISIC_0056844,-4.8556943,1.4995888
ISIC_0056848,-4.9995837,1.8427596
ISIC_0056849,-2.6187952,2.611347
ISIC_0056851,-2.14483,2.8434448
ISIC_0056860,-2.9822323,2.2337153
ISIC_0056863,-4.6732807,1.0093374
ISIC_0056871,-3.2113435,2.7031128
ISIC_0056876,-4.052848,1.7948837
ISIC_0056893,-4.9825373,2.192634
ISIC_0056900,-3.6773682,-1.569313
ISIC_0056901,-2.9654708,-0.251348
ISIC_0056902,-2.460642,-0.16125764
ISIC_0056915,-4.2411323,2.1383784
ISIC_0056921,0.34269124,-2.9193285
ISIC_0056926,-5.6141415,1.3041903
ISIC_0056938,-5.559693,0.5137207
ISIC_0056940,-5.3219748,0.4659323
ISIC_0056957,-3.9556725,2.5115926
ISIC_0056967,-0.12587908,0.21404536
ISIC_0056974,-4.6627584,2.5912328
ISIC_0056981,-4.796036,-1.7631731
ISIC_0056984,-2.0984616,-1.757708
ISIC_0056988,-2.7720726,2.7808425
ISIC_0056991,-1.2462636,0.91308767
ISIC_0057001,-2.936491,-0.7079661
ISIC_0057003,-0.2630607,-1.9751602
ISIC_0057015,-2.1083703,1.4316024
ISIC_0057016,-5.172437,1.2315646
ISIC_0057019,-1.3738867,0.9833353
ISIC_0057023,-2.9702642,-1.01346
ISIC_0057025,-3.5946374,2.4166982
ISIC_0057027,-3.1652882,2.715288
ISIC_0057033,-5.002462,0.73258245
ISIC_0057044,-2.3843913,2.7627182
ISIC_0057045,0.1608629,-0.82008857
ISIC_0057048,-0.72999257,0.95387125
ISIC_0057067,-3.009174,3.558383
ISIC_0057083,-4.037171,-1.4119459
ISIC_0057089,-0.22172119,-1.8273251
ISIC_0057113,-4.489257,2.8119004
ISIC_0057141,-2.7235148,-1.3739972
ISIC_0057147,1.3658524,-1.5166475
ISIC_0057148,-4.847489,-1.806836
ISIC_0057152,-1.4772056,1.0779021
ISIC_0057154,-0.41408992,1.2215292
ISIC_0057155,-2.529641,1.7729622
ISIC_0057164,-4.9088793,-1.6941801
ISIC_0057169,-2.861017,-0.5104994
ISIC_0057171,-2.3582563,2.9790347
ISIC_0057172,-1.8812388,1.012001
ISIC_0057188,-4.8892155,-1.7203447
ISIC_0057192,-4.8746123,0.58087415
ISIC_0057199,-0.75074416,0.9653941
ISIC_0057204,-5.164869,0.4196734
ISIC_0057211,-2.0568619,3.0252862
ISIC_0057234,-5.2852116,1.4694389
ISIC_0057235,-5.167384,1.5023004
ISIC_0057244,-2.6544442,-0.30135763
ISIC_0057252,-5.532558,1.9319532
ISIC_0057257,-3.0587733,1.6821969
ISIC_0057286,-1.1286,1.349341
ISIC_0057302,-3.4623613,2.9976654
ISIC_0057306,-5.3749866,1.2936301
ISIC_0057307,-3.291065,-0.94383126
ISIC_0057313,-2.0248156,1.435024
ISIC_0057315,-2.6376758,-0.3736601
ISIC_0057317,-4.807414,1.1737646
ISIC_0057323,-2.709556,0.8211638
ISIC_0057324,-0.93689966,1.6868669
ISIC_0057328,-3.1813352,3.197422
ISIC_0057331,-2.9178998,3.412993
ISIC_0057338,-2.5234954,0.0568328
ISIC_0057344,-3.997093,-2.7397814
ISIC_0057360,-0.21450834,0.29658324
ISIC_0057362,-5.0146947,1.6453437
ISIC_0057370,-5.7473927,1.3050157
ISIC_0057371,-0.10589328,-2.8881001
ISIC_0057374,-3.3297615,-1.3407979
ISIC_0057390,-4.7895966,1.8208473
ISIC_0057395,-1.68939,0.47592902
ISIC_0057397,-0.31310186,0.4639608
ISIC_0057406,-2.24027,1.5010688
ISIC_0057408,-4.7110376,1.5957222
ISIC_0057412,-4.1278152,1.2403351
ISIC_0057417,-2.492759,2.7744114
ISIC_0057436,-5.633872,0.9322905
ISIC_0057450,-2.8965094,3.1874297
ISIC_0057457,-2.9870064,0.82004625
ISIC_0057462,-1.2549944,0.903822
ISIC_0057465,-5.3403993,0.29440638
ISIC_0057482,-5.2932467,0.005128898
ISIC_0057496,-2.693421,0.14886126
ISIC_0057518,-2.7045548,2.8887
ISIC_0057531,-3.2117257,-1.6872174
ISIC_0057534,-0.96113557,0.05711342
ISIC_0057535,-4.8879566,1.6239964
ISIC_0057539,-2.63737,0.074472226
ISIC_0057545,-0.9516808,0.55364645
ISIC_0057548,-2.3444898,-0.8003639
ISIC_0057554,-3.081407,-2.1386034
ISIC_0057556,-0.9360341,1.3244016
ISIC_0057557,-4.1587877,-2.883827
ISIC_0057558,-1.4408417,0.6770489
ISIC_0057559,0.34884351,-1.4665289
ISIC_0057577,-2.688283,-0.18964516
ISIC_0057591,-1.1415132,0.45709988
ISIC_0057593,-5.2775517,1.3834033
ISIC_0057594,-3.77879,1.6484721
ISIC_0057609,-3.3384469,-2.0672355
ISIC_0057611,-5.117051,2.0058742
ISIC_0057615,-0.2930234,1.0784218
ISIC_0057617,-4.804463,2.0151467
ISIC_0057619,-0.48209953,0.46934462
ISIC_0057621,-3.0876627,4.194267
ISIC_0057634,-3.4372752,1.9298917
ISIC_0057656,-1.214429,0.8778016
ISIC_0057661,-2.1468751,2.7990737
ISIC_0057668,-2.4364831,2.7489846
ISIC_0057672,-2.5333948,3.0297644
ISIC_0057685,-3.12906,3.4565773
ISIC_0057687,-3.3964343,1.8718526
ISIC_0057700,-0.3159163,-0.26808074
ISIC_0057702,-5.127116,0.99911517
ISIC_0057716,-4.901805,-0.14043191
ISIC_0057725,-2.6921334,3.2047408
ISIC_0057731,-4.0752993,-1.8854755
ISIC_0057734,-1.3061569,0.46406364
ISIC_0057736,0.20206031,-2.4889529
ISIC_0057744,-5.426322,1.4530927
ISIC_0057747,-4.898086,1.738682
ISIC_0057753,-5.0384893,-0.08605095
ISIC_0057759,-4.9503236,0.21594103
ISIC_0057762,-1.9614745,-0.6398808
ISIC_0057769,-3.4868276,-1.7588466
ISIC_0057771,-3.8889098,-2.5218055
ISIC_0057782,-5.5134153,0.43814456
ISIC_0057783,-1.3788934,-2.0436945
ISIC_0057787,-0.9404279,1.3108202
ISIC_0057791,-2.221746,2.7342544
ISIC_0057808,-5.469104,1.6704712
ISIC_0057815,-0.35862273,-0.39723134
ISIC_0057821,-3.198226,2.8845649
ISIC_0057828,-0.974371,1.5248879
ISIC_0057838,-2.9713721,2.818898
ISIC_0057841,-1.5066643,0.86374253
ISIC_0057844,-1.9949565,2.5803323
ISIC_0057848,-4.152074,1.9584641
ISIC_0057851,-1.8532076,2.5201464
ISIC_0057864,-3.602466,-2.190262
ISIC_0057870,-2.322544,0.65929806
ISIC_0057881,-3.2041545,2.3539743
ISIC_0057891,-4.7022724,3.0110292
ISIC_0057898,-3.4588685,-2.4977174
ISIC_0057900,-0.15937477,-0.036884632
ISIC_0057913,-2.767619,2.766153
ISIC_0057914,-3.7888165,-1.330079
ISIC_0057921,-2.6894822,-2.592871
ISIC_0057936,-1.2795465,0.74828327
ISIC_0057938,-1.5617843,1.9395512
ISIC_0057939,-3.1217358,2.9487886
ISIC_0057947,-4.205493,3.3385665
ISIC_0057949,-4.639166,0.9730152
ISIC_0057953,-0.763155,0.8611586
ISIC_0057960,-2.3214977,-2.2579904
ISIC_0057968,-0.838542,0.095053665
ISIC_0057973,1.1983905,-1.9592378
ISIC_0057974,-0.98903584,1.698423
ISIC_0057976,-4.001603,-0.29422143
ISIC_0057978,-1.5870081,0.46052644
ISIC_0057980,-3.435435,1.9056611
ISIC_0057996,-4.2081857,2.0670984
ISIC_0057999,-2.178492,-1.4006512
ISIC_0058000,-4.0383224,2.0729191
ISIC_0058003,-3.1010203,2.469079
ISIC_0058007,-5.1805663,1.4037663
ISIC_0058010,-2.3726888,-0.74696887
ISIC_0058015,-4.314071,1.5482566
ISIC_0058016,-5.712654,1.1031309
ISIC_0058021,-4.105291,2.841344
ISIC_0058024,0.25998163,-2.7796867
ISIC_0058028,-3.0492709,2.4031835
ISIC_0058033,-0.29529363,0.9147477
ISIC_0058040,-1.9441468,1.5431024
ISIC_0058046,-3.427654,-2.087157
ISIC_0058047,-4.7426114,1.1375564
ISIC_0058050,-1.2350689,0.97364944
ISIC_0058059,-2.9754755,-0.14903797
ISIC_0058075,-1.8771125,0.8710975
ISIC_0058081,-5.0097985,-1.7533199
ISIC_0058096,-2.535704,3.044786
ISIC_0058097,-3.116911,3.054117
ISIC_0058098,-4.0026245,-1.7807399
ISIC_0058115,-4.508286,1.7038006
ISIC_0058118,-5.004511,-1.5060787
ISIC_0058125,-2.5135841,-0.91439384
ISIC_0058126,-2.9142895,3.4649572
ISIC_0058127,-2.0592992,0.45421657
ISIC_0058135,-5.015723,1.3643785
ISIC_0058136,-5.5063777,1.7458847
ISIC_0058138,-1.8466934,0.22498687
ISIC_0058151,-1.4094269,-0.4103312
ISIC_0058154,-1.035367,0.22817646
ISIC_0058164,-5.362285,2.0019398
ISIC_0058168,-4.1978936,-2.6628952
ISIC_0058170,-2.958655,1.3558661
ISIC_0058173,-5.414644,1.962457
ISIC_0058176,0.20240927,-2.330641
ISIC_0058181,-0.09791552,-0.044516474
ISIC_0058204,-2.6278086,0.5668216
ISIC_0058206,-3.2170043,-1.4772694
ISIC_0058214,-4.7182875,1.5871739
ISIC_0058218,-5.3836784,1.0760785
ISIC_0058229,-3.2550776,-1.9669211
ISIC_0058237,0.01621421,0.7973806
ISIC_0058245,0.40885943,-2.4456723
ISIC_0058249,-4.7804265,1.3286794
ISIC_0058255,-4.174957,-2.850886
ISIC_0058270,-2.1877809,1.8385746
ISIC_0058281,-0.1659892,0.5234867
ISIC_0058282,-3.3610783,-2.4125247
ISIC_0058284,-3.682824,2.5954552
ISIC_0058285,0.24674454,-2.6614914
ISIC_0058298,-0.104582846,0.3661432
ISIC_0058301,-4.917814,0.79908025
ISIC_0058307,-5.4367366,1.7629274
ISIC_0058308,-3.0867622,-1.1000998
ISIC_0058315,-4.253873,3.3136015
ISIC_0058319,-2.9101846,2.164602
ISIC_0058321,-2.4882612,0.10946797
ISIC_0058331,-0.37870902,-0.85374147
ISIC_0058332,-1.2668593,1.0947484
ISIC_0058334,-3.274737,3.035126
ISIC_0058341,-5.4204574,0.62302226
ISIC_0058344,-4.874407,1.6583449
ISIC_0058346,-3.2248,-1.6900433
ISIC_0058354,-3.048105,0.7764198
ISIC_0058368,-2.7250519,3.3944485
ISIC_0058376,-4.9183216,1.074351
ISIC_0058383,-0.058314785,0.3480537
ISIC_0058391,-1.9364043,0.93074113
ISIC_0058399,-5.198234,0.3844025
ISIC_0058407,-4.431129,1.9371115
ISIC_0058408,-1.6833533,0.18725118
ISIC_0058418,-1.0998197,-1.6076562
ISIC_0058425,0.38850808,-2.4513855
ISIC_0058426,-2.5729835,-1.1467947
ISIC_0058428,-3.6126044,-1.2163936
ISIC_0058432,0.080984,-2.5986998
ISIC_0058439,-1.4600512,0.79658115
ISIC_0058457,-2.6627984,2.857008
ISIC_0058458,-2.0658438,1.6610125
ISIC_0058475,-5.404708,0.33513975
ISIC_0058492,-0.61317044,1.2681558
ISIC_0058496,-2.8305154,-0.23935686
ISIC_0058501,-4.757469,-1.6778756
ISIC_0058503,-4.1538277,2.0439115
ISIC_0058504,-5.467033,0.41857567
ISIC_0058508,-2.2905643,1.4933923
ISIC_0058513,-3.106154,3.181079
ISIC_0058526,-5.301757,1.5681366
ISIC_0058528,-0.15421844,0.40766576
ISIC_0058544,-4.6206465,1.4454681
ISIC_0058548,-2.7514389,-0.8039233
ISIC_0058550,-0.096368544,-2.7198477
ISIC_0058559,-2.9152691,2.1972992
ISIC_0058569,-0.082337484,0.3876397
ISIC_0058577,-5.1228056,1.1712402
ISIC_0058580,-3.8159463,-0.4410352
ISIC_0058597,-2.7282753,-0.75469905
ISIC_0058599,-0.40971762,0.81413275
ISIC_0058607,-1.6366452,0.56815785
ISIC_0058612,-2.1359324,2.6996715
ISIC_0058617,-2.5587454,0.71697307
ISIC_0058621,-2.331594,1.6919487
ISIC_0058625,-3.3603258,-1.3919011
ISIC_0058629,-2.805103,3.3957138
ISIC_0058630,-4.5696344,3.0561316
ISIC_0058643,-5.503077,2.0049667
ISIC_0058645,-2.279238,-2.553537
ISIC_0058648,-2.3460357,2.9059718
ISIC_0058649,-1.9951744,-0.006447887
ISIC_0058655,-4.541223,3.1561444
ISIC_0058658,-0.16154027,-0.41427624
ISIC_0058663,-0.9951519,1.4148419
ISIC_0058666,-2.1545296,1.3300618
ISIC_0058675,-5.2663884,0.4359308
ISIC_0058676,-1.9936134,1.10158
ISIC_0058697,-3.1241887,-0.6908062
ISIC_0058708,0.39219493,-1.3640321
ISIC_0058713,-2.915775,-1.1589524
ISIC_0058716,-4.9947677,0.39460826
ISIC_0058721,-2.9430196,3.406339
ISIC_0058723,-1.5328203,0.8102383
ISIC_0058732,-4.1144137,-0.2996569
ISIC_0058734,0.35320017,-1.4436364
ISIC_0058743,-3.903821,-2.0535972
ISIC_0058753,-4.1795034,3.2155275
ISIC_0058757,-1.2916622,0.16873038
ISIC_0058763,-4.2826877,1.5778624
ISIC_0058768,0.35169438,-2.8394704
ISIC_0058770,-2.6190395,3.4223776
ISIC_0058773,-3.9454408,2.596777
ISIC_0058781,-4.415168,3.2268453
ISIC_0058786,-2.209835,2.820561
ISIC_0058790,-5.2540646,0.394951
ISIC_0058791,-2.1699715,-0.43791524
ISIC_0058792,-2.1179767,-0.5111728
ISIC_0058794,-2.930096,1.0450567
ISIC_0058798,-2.491084,2.6429925
ISIC_0058807,-5.5306244,1.709215
ISIC_0058818,-2.483918,-3.236343
ISIC_0058836,-4.5181384,-1.7271078
ISIC_0058838,0.49489906,-2.5259585
ISIC_0058840,-4.9490952,-1.6248662
ISIC_0058851,-2.6058435,-3.0823412
ISIC_0058858,-5.300795,-0.12927137
ISIC_0058862,-0.8681732,0.9558349
ISIC_0058863,-4.3890595,-0.04722202
ISIC_0058866,-3.0395207,3.5417438
ISIC_0058875,-3.2038703,-2.9057856
ISIC_0058877,-0.14821255,-2.6913466
ISIC_0058880,-4.8687735,1.4004033
ISIC_0058881,-2.9605317,2.8709197
ISIC_0058887,-4.12532,1.2397115
ISIC_0058918,-2.7041152,1.2727443
ISIC_0058926,-2.8264637,-0.66696304
ISIC_0058931,-5.052467,1.8303427
ISIC_0058947,-3.3666375,-0.68800765
ISIC_0058957,-5.2001762,0.3399021
ISIC_0058959,-5.3422627,0.13750698
ISIC_0059005,-4.728834,-1.7347966
ISIC_0059023,-3.1769984,2.2222636
ISIC_0059026,-2.684626,1.1494364
ISIC_0059027,-3.1721735,3.1711493
ISIC_0059029,-1.9499668,-1.9687508
ISIC_0059037,-0.5622895,-2.506044
ISIC_0059042,-4.7120733,1.84931
ISIC_0059052,-5.316272,1.6158527
ISIC_0059065,-1.9843951,-0.017773297
ISIC_0059066,-5.4309306,0.23977827
ISIC_0059074,-2.6432283,-0.6684367
ISIC_0059076,-0.22205985,0.6192294
ISIC_0059077,-3.9628804,1.7652012
ISIC_0059079,1.380298,-1.4053118
ISIC_0059082,-2.8460426,2.9209967
ISIC_0059085,-2.6779337,0.89401543
ISIC_0059089,-5.278492,1.3208328
ISIC_0059090,-1.7393531,0.7605837
ISIC_0059092,-5.5164256,1.397223
ISIC_0059093,-1.0125561,-2.5284164
ISIC_0059103,-5.597961,1.7327392
ISIC_0059104,-3.1259098,2.9567444
ISIC_0059123,-1.1906474,-2.3392608
ISIC_0059137,-5.5731363,1.1992209
ISIC_0059138,-2.7806711,3.1853752
ISIC_0059140,-2.0542676,-1.8497356
ISIC_0059141,-3.253755,-0.97339714
ISIC_0059147,-3.0281427,3.5899715
ISIC_0059148,-3.5999055,-2.2506244
ISIC_0059160,-3.3399842,-1.9410664
ISIC_0059165,-1.525556,-0.47209036
ISIC_0059169,-1.2250161,0.3131874
ISIC_0059170,-0.5620293,-2.7926757
ISIC_0059171,-3.7508588,-2.836285
ISIC_0059178,-0.294187,0.47392383
ISIC_0059188,-3.0797203,-2.4527638
ISIC_0059202,-5.4270883,1.0496712
ISIC_0059209,-5.364937,0.5825576
ISIC_0059219,-0.26451522,-3.213621
ISIC_0059232,-3.0411184,3.5808203
ISIC_0059237,-2.5454233,-1.5525106
ISIC_0059253,-3.0303743,-0.8933592
ISIC_0059264,-2.4329655,1.0873383
ISIC_0059269,-0.077109925,0.41450846
ISIC_0059270,-4.2053394,3.2730541
ISIC_0059272,-0.37290475,1.0410157
ISIC_0059273,-2.6768637,2.606468
ISIC_0059284,-5.137916,-0.36016074
ISIC_0059294,-3.6831253,-2.0890737
ISIC_0059313,-4.2086525,3.35327
ISIC_0059314,-2.0784116,-1.6120337
ISIC_0059315,-5.5870657,1.8006963
ISIC_0059316,-0.38716584,1.2167884
ISIC_0059318,-1.688127,0.4896577
ISIC_0059325,-2.2374327,0.6981805
ISIC_0059330,-0.14131187,-3.063518
ISIC_0059336,-2.3432853,2.6721728
ISIC_0059343,-5.2377768,1.2097425
ISIC_0059345,-2.5186682,-3.258865
ISIC_0059346,-3.811482,2.6970835
ISIC_0059349,-4.4247227,1.458514
ISIC_0059350,-5.3693643,0.6254856
ISIC_0059353,-2.7992234,-0.956478
ISIC_0059361,-2.2068589,-3.1588402
ISIC_0059369,-2.6666968,2.17132
ISIC_0059375,-3.4145715,-0.09454148
ISIC_0059382,-2.9660413,2.184063
ISIC_0059386,-2.9054,2.984387
ISIC_0059387,-2.5458624,1.1244993
ISIC_0059398,-4.6630607,1.398717
ISIC_0059411,0.063223206,0.80235904
ISIC_0059415,-3.4589138,-1.477784
ISIC_0059420,-2.8306344,3.2309716
ISIC_0059421,-4.1341925,-2.7805254
ISIC_0059423,-5.4441395,0.4136474
ISIC_0059424,0.34312683,-2.7692988
ISIC_0059435,-3.4849362,-2.3701627
ISIC_0059444,-2.3231778,1.1794786
ISIC_0059446,-2.2365324,2.8598506
ISIC_0059450,-3.3784842,1.8663759
ISIC_0059473,-4.8633456,1.2172003
ISIC_0059478,-1.3406031,0.5425921
ISIC_0059482,1.1318437,-1.8307226
ISIC_0059486,-2.885386,2.7406805
ISIC_0059493,1.2148486,-1.9280715
ISIC_0059506,-3.4898748,1.7684921
ISIC_0059511,-3.9447985,-2.5110276
ISIC_0059512,-2.9659936,-2.4095526
ISIC_0059521,-0.3723603,1.2071443
ISIC_0059523,-3.4609644,-0.19699383
ISIC_0059525,-5.1558604,0.7571294
ISIC_0059538,-3.237285,-1.6907833
ISIC_0059541,-4.409348,2.7594383
ISIC_0059547,-2.5749397,0.8160749
ISIC_0059551,0.41708544,-2.903467
ISIC_0059554,-4.6556735,1.9887826
ISIC_0059568,-5.2990165,0.34930015
ISIC_0059569,-0.026786935,-2.3075488
ISIC_0059593,-2.7103715,-0.41646308
ISIC_0059595,-5.3561864,1.0455395
ISIC_0059597,-5.356543,1.9161122
ISIC_0059601,-2.7541173,-0.50118124
ISIC_0059605,-3.761337,-0.5847703
ISIC_0059608,-1.9782876,-1.3554174
ISIC_0059611,-2.3910651,1.5244843
ISIC_0059628,-5.25737,-0.14248239
ISIC_0059631,-4.4058394,3.0264223
ISIC_0059632,-0.3640388,-0.3021398
ISIC_0059646,-3.08397,4.1936703
ISIC_0059668,-5.356072,1.5646254
ISIC_0059669,0.3569225,-2.3665555
ISIC_0059671,-0.36991668,0.4644188
ISIC_0059686,-3.3605456,-1.2221172
ISIC_0059703,-3.6686683,-2.1466057
ISIC_0059707,-3.1546996,2.4465623
ISIC_0059708,-4.489513,1.7401216
ISIC_0059738,-2.6641097,0.75499827
ISIC_0059739,-2.2317264,2.5538573
ISIC_0059747,0.6822984,-1.222885
ISIC_0059750,-0.3065866,-2.7224646
ISIC_0059757,-5.1860414,1.6991793
ISIC_0059763,-1.2093253,1.0089693
ISIC_0059764,-2.291908,2.8667316
ISIC_0059768,-2.773987,1.190388
ISIC_0059770,-1.3252789,-1.2046361
ISIC_0059773,-2.6004808,-1.2889556
ISIC_0059774,-4.0891523,-1.9999276
ISIC_0059777,-4.913303,0.3774416
ISIC_0059785,-5.415678,1.6307849
ISIC_0059786,-3.701205,-2.8815312
ISIC_0059794,-0.7146592,0.38847256
ISIC_0059804,-0.15893635,0.42378443
ISIC_0059808,-2.7693121,1.1898533
ISIC_0059809,-4.3674417,2.7052073
ISIC_0059810,-0.24543199,-0.06256565
ISIC_0059814,-2.0450523,0.47347495
ISIC_0059816,-3.0111074,2.9009364
ISIC_0059830,-4.5479894,2.7760186
ISIC_0059832,-5.406306,2.0297825
ISIC_0059838,-4.5494914,1.7960882
ISIC_0059840,-0.10548272,-0.461179
ISIC_0059855,-0.15067182,0.66317606
ISIC_0059859,-5.4175987,0.45812315
ISIC_0059866,-1.5174141,0.59814584
ISIC_0059869,-2.6980777,0.8998534
ISIC_0059879,-5.130643,-0.19729847
ISIC_0059881,-3.825173,2.7265525
ISIC_0059884,-4.4731746,3.1502314
ISIC_0059890,-4.9944015,1.1009423
ISIC_0059891,-2.0415328,-1.7994522
ISIC_0059892,-2.5834637,-0.5358542
ISIC_0059897,-5.2562094,1.8899465
ISIC_0059904,-2.17585,-0.70687455
ISIC_0059905,-3.9492714,1.7966876
ISIC_0059919,-2.358746,2.620144
ISIC_0059941,-1.996971,-0.008006471
ISIC_0059948,-0.75350684,0.0428081
ISIC_0059957,-4.950616,0.40770647
ISIC_0059958,-0.14921841,-0.053937998
ISIC_0059974,-0.19569573,-2.48627
ISIC_0059978,-3.083648,2.8667521
ISIC_0059987,-3.4394495,-2.5467207
ISIC_0059992,-2.7810225,1.2515565
ISIC_0060015,0.35671633,-1.4261537
ISIC_0060022,-4.668805,1.9482168
ISIC_0060032,-5.2457547,1.7853861
ISIC_0060033,-1.6510552,0.64431465
ISIC_0060094,0.22137259,-2.5068755
ISIC_0060096,-2.5137627,1.7934232
ISIC_0060099,-4.6668444,1.5732886
ISIC_0060104,-5.4190407,1.7156584
ISIC_0060114,-5.456317,1.5824102
ISIC_0060118,-5.4626317,1.9700269
ISIC_0060140,-2.4637313,1.6807921
ISIC_0060143,-3.9306827,2.6146417
ISIC_0060147,-4.285142,-0.4442468
ISIC_0060150,-5.42924,1.3928068
ISIC_0060153,-3.8331535,2.7302718
ISIC_0060154,-3.7466004,2.7738247
ISIC_0060155,-2.3721588,0.84780717
ISIC_0060159,-5.5502734,1.8562298
ISIC_0060181,-2.160098,2.861447
ISIC_0060194,-2.6516364,2.5933342
ISIC_0060197,-3.6275947,2.5670383
ISIC_0060201,-2.8206356,2.5615351
ISIC_0060212,-1.3277308,1.0208195
ISIC_0060216,-5.0740647,1.4416587
ISIC_0060218,-2.413972,-0.72842246
ISIC_0060219,-5.75107,1.1529229
ISIC_0060222,-0.14085755,-1.1323297
ISIC_0060224,-0.9803193,0.18867148
ISIC_0060233,-5.334711,0.13942246
ISIC_0060238,-0.91074276,-2.3379278
ISIC_0060239,-1.5146686,-1.8190031
ISIC_0060244,0.24450539,-2.724537
ISIC_0060248,-2.8322241,-2.6883905
ISIC_0060266,-0.22893329,0.93306303
ISIC_0060270,-0.3347334,0.14345586
ISIC_0060281,-5.1175466,0.8887308
ISIC_0060297,-0.8981916,0.2582173
ISIC_0060307,-3.5816493,2.4657745
ISIC_0060308,-2.0913186,-0.011976169
ISIC_0060313,-5.0026107,1.6450677
ISIC_0060315,0.3528851,-1.4075634
ISIC_0060326,-0.0371203,0.5295385
ISIC_0060340,-2.32976,1.6803529
ISIC_0060341,-1.3520025,-0.84525603
ISIC_0060342,-2.5568151,-0.7944421
ISIC_0060355,-0.25632182,-0.18689775
ISIC_0060367,-2.9285257,3.4102767
ISIC_0060376,-4.0967026,2.7417178
ISIC_0060377,-2.2916446,0.7720405
ISIC_0060380,-1.4647541,0.8097467
ISIC_0060386,-3.7471633,-2.8030355
ISIC_0060393,-2.2870693,-0.43529806
ISIC_0060397,-2.0959105,-0.20738688
ISIC_0060399,-3.3522396,0.17543937
ISIC_0060403,-2.7167861,0.04348283
ISIC_0060428,-5.4456315,0.10863253
ISIC_0060446,0.22227162,-2.5664992
ISIC_0060456,-5.2207565,1.1316705
ISIC_0060459,0.1470367,-2.392522
ISIC_0060465,0.40063244,-2.8451405
ISIC_0060487,-2.6536977,1.0601825
ISIC_0060495,-4.7271414,1.6431017
ISIC_0060507,-5.7612104,1.1697016
ISIC_0060508,-3.3159647,-1.9883722
ISIC_0060510,-2.464921,0.9201077
ISIC_0060511,-1.77484,0.5038598
ISIC_0060525,-3.167658,-0.953722
ISIC_0060526,-4.5492363,1.7386073
ISIC_0060528,-2.7175086,-2.684833
ISIC_0060537,-1.9024245,0.72718805
ISIC_0060538,-3.7721915,-1.3374202
ISIC_0060548,-1.5326535,-0.53235507
ISIC_0060555,-0.49000004,1.0558808
ISIC_0060556,-0.124084204,0.5139851
ISIC_0060559,-0.2519291,-2.128328
ISIC_0060577,-4.679232,0.7654433
ISIC_0060583,-1.4564297,1.3012654
ISIC_0060585,-0.8967644,1.2708752
ISIC_0060586,-2.1753974,1.358113
ISIC_0060589,-2.3576899,0.867521
ISIC_0060597,-1.0084379,1.0202749
ISIC_0060610,-4.87678,0.4833815
ISIC_0060616,-2.1979373,-1.1346735
ISIC_0060624,-2.476608,-0.786335
ISIC_0060629,-4.7396417,1.3918505
ISIC_0060630,-3.987448,1.8559179
ISIC_0060654,-4.375161,2.888914
ISIC_0060660,-3.3471606,-1.8789713
ISIC_0060665,-5.391528,1.683096
ISIC_0060671,-5.2237606,1.9381156
ISIC_0060672,-2.4019048,1.0262185
ISIC_0060676,-3.149021,3.144673
ISIC_0060679,-5.1472363,0.28771886
ISIC_0060681,-4.7010393,1.629628
ISIC_0060693,-3.0225186,0.83352596
ISIC_0060698,-3.3856266,2.3951023
ISIC_0060700,-4.22398,-2.0045965
ISIC_0060713,-2.56285,0.20162511
ISIC_0060717,0.052776948,-2.67642
ISIC_0060718,-1.3848953,0.40211374
ISIC_0060727,-2.3980234,1.0414474
ISIC_0060728,-4.66902,1.1465777
ISIC_0060736,0.39293143,-2.448097
ISIC_0060741,-3.334729,-1.7978394
ISIC_0060744,-5.0026646,0.90086484
ISIC_0060751,-4.5654535,2.6042852
ISIC_0060752,-2.3526287,1.6166041
ISIC_0060760,-3.3754916,-2.50487
ISIC_0060764,-0.14206317,-3.1810613
ISIC_0060773,-1.9190898,2.6730397
ISIC_0060795,-3.6797194,2.4740303
ISIC_0060799,-2.1676898,-1.3197634
ISIC_0060827,-4.320583,3.2736776
ISIC_0060829,-2.9433627,3.2216406
ISIC_0060832,-1.1011748,0.7895738
ISIC_0060834,-3.0758321,4.1871743
ISIC_0060836,-5.247425,2.0178711
ISIC_0060845,-5.1332865,1.9199685
ISIC_0060873,-0.37582457,1.0501233
ISIC_0060883,-4.198526,3.3532257
ISIC_0060886,-0.37177247,1.3185458
ISIC_0060892,-5.26913,0.36187375
ISIC_0060893,-2.4570758,0.7111049
ISIC_0060897,-2.0090942,0.7773996
ISIC_0060898,-4.4587665,2.0565186
ISIC_0060911,-0.18862276,-2.5189877
ISIC_0060916,-1.0428871,0.22321185
ISIC_0060934,-2.8689938,2.1005082
ISIC_0060936,-4.2171097,1.6241921
ISIC_0060937,-3.6151655,-2.5526388
ISIC_0060946,-3.1692245,3.1097934
ISIC_0060949,-5.1521606,0.08399718
ISIC_0060955,-0.19953607,0.70125103
ISIC_0060965,-2.6485682,1.0149512
ISIC_0060967,-4.1307445,1.2308376
ISIC_0060968,-5.129365,0.07219298
ISIC_0060969,0.49908894,-1.1775954
ISIC_0060971,-4.1888337,2.0653696
ISIC_0060972,-1.5293536,1.8736734
ISIC_0060978,-2.4796007,0.006509668
ISIC_0060979,-4.107484,1.2367451
ISIC_0060994,-2.4377172,0.14264709
ISIC_0060999,-4.5647783,1.4650422
ISIC_0061001,-2.5657218,2.9683602
ISIC_0061002,-4.1123815,1.236499
ISIC_0061003,-2.5958667,0.84317374
ISIC_0061006,-0.78960985,-2.3138824
ISIC_0061008,-4.7084837,1.7863697
ISIC_0061011,-5.434997,1.8120127
ISIC_0061021,-2.3351252,1.4541416
ISIC_0061025,-3.2116683,2.0030043
ISIC_0061029,-5.172257,0.793138
ISIC_0061031,-2.4209535,0.61719376
ISIC_0061032,-4.528137,1.9273822
ISIC_0061034,1.1507881,-1.8133832
ISIC_0061045,-1.7577459,0.86259216
ISIC_0061049,-0.5276109,-1.1373796
ISIC_0061052,-2.5791767,-0.025112888
ISIC_0061060,-5.2395334,1.9897374
ISIC_0061066,-3.7661119,-2.704963
ISIC_0061067,-2.4581182,-0.4788875
ISIC_0061070,-5.629586,1.2089865
ISIC_0061075,-0.82331544,0.062406015
ISIC_0061077,-2.6900096,-1.2608578
ISIC_0061078,1.188585,-1.9659265
ISIC_0061079,-4.782732,0.78708494
ISIC_0061085,-2.0154734,-1.656746
ISIC_0061104,-2.0318613,-0.22900385
ISIC_0061108,-0.94628,1.3133041
ISIC_0061112,-2.8028421,2.7795877
ISIC_0061131,-4.6534514,1.4716115
ISIC_0061141,-0.96427727,1.3153678
ISIC_0061152,-0.36642376,-0.19275141
ISIC_0061155,-5.4797993,0.45089635
ISIC_0061158,-5.418965,0.3071492
ISIC_0061159,-3.3613377,2.3375294
ISIC_0061166,-2.6732733,0.9186142
ISIC_0061183,-2.7948804,-0.18148483
ISIC_0061185,-2.4331021,0.17717727
ISIC_0061188,-0.40890688,1.0020356
ISIC_0061189,-5.47888,0.5118584
ISIC_0061191,-1.3918685,0.98160493
ISIC_0061194,-4.3538275,2.9693549
ISIC_0061195,-4.1047764,-2.8810213
ISIC_0061200,-2.7421489,-0.7136117
ISIC_0061224,-2.3968804,-1.8106949
ISIC_0061231,-0.5020669,-0.005762372
ISIC_0061244,-2.7618434,-0.49392846
ISIC_0061250,-4.1051545,1.2224312
ISIC_0061252,-5.034238,1.7589228
ISIC_0061257,-2.3861933,2.7342055
ISIC_0061261,-2.3227627,-0.32582402
ISIC_0061279,-2.9489253,3.490915
ISIC_0061281,-4.1155214,1.5575718
ISIC_0061297,-2.9573174,2.8199668
ISIC_0061300,-3.37731,-2.069414
ISIC_0061315,-4.310048,-1.8256
ISIC_0061320,-2.4752493,3.4396653
ISIC_0061323,-3.6199636,-0.47091565
ISIC_0061333,-4.946214,0.57819355
ISIC_0061334,-4.4203606,1.4561834
ISIC_0061336,-5.305403,1.8848425
ISIC_0061345,-2.4803998,2.8428202
ISIC_0061355,-5.533662,1.2195228
ISIC_0061359,-3.9875865,1.7026234
ISIC_0061362,-4.258352,3.2605937
ISIC_0061366,-4.5767407,1.9702685
ISIC_0061369,-5.3759456,0.74885356
ISIC_0061371,-2.783238,3.6574824
ISIC_0061377,-2.133993,2.8358574
ISIC_0061380,-0.5391443,1.3742862
ISIC_0061382,-0.27989027,0.40239286
ISIC_0061393,-1.8391217,0.4916528
ISIC_0061407,-0.31994826,0.30079722
ISIC_0061411,-4.1268215,2.265009
ISIC_0061418,-2.2582498,-0.79736656
ISIC_0061424,-4.5716486,0.97229856
ISIC_0061432,-0.14124778,-0.07920907
ISIC_0061434,-0.26851416,0.25400585
ISIC_0061441,-4.329724,-2.3074083
ISIC_0061446,-0.08799025,0.62943584
ISIC_0061447,-5.222685,-0.3731252
ISIC_0061448,-2.7456863,3.0205212
ISIC_0061454,-2.0012035,-0.36419475
ISIC_0061463,-2.0885143,2.5878909
ISIC_0061466,-5.3561306,2.2056856
ISIC_0061469,-3.2716794,1.4030013
ISIC_0061475,-2.0162957,-0.016904175
ISIC_0061479,-3.0015492,3.4067664
ISIC_0061485,-5.608563,1.7213256
ISIC_0061491,-3.022629,3.3310266
ISIC_0061494,-4.4556627,1.6850474
ISIC_0061496,-4.15494,1.5335855
ISIC_0061502,-5.4379983,1.6120473
ISIC_0061508,-4.936872,-1.794386
ISIC_0061516,-2.2874854,1.7800224
ISIC_0061518,-5.2353296,1.1356378
ISIC_0061520,-3.222662,2.761013
ISIC_0061529,-1.4592586,-0.052373182
ISIC_0061532,-3.2746482,2.8600495
ISIC_0061533,-5.2834783,1.8895491
ISIC_0061547,-4.485574,1.7177254
ISIC_0061549,-4.994225,1.5653034
ISIC_0061553,-2.2479594,0.65976506
ISIC_0061554,-5.2224092,1.26094
ISIC_0061556,-5.2963405,2.1412907
ISIC_0061559,-0.43545485,-3.1037643
ISIC_0061566,-2.9143796,-0.8826726
ISIC_0061568,-0.8295097,0.95603913
ISIC_0061573,-5.4095874,1.6778075
ISIC_0061575,-5.0043564,-1.6945833
ISIC_0061580,-5.576003,0.36957473
ISIC_0061581,-0.80008,-2.562933
ISIC_0061583,-1.1073928,-2.4519634
ISIC_0061585,-2.5494757,-2.8396962
ISIC_0061592,-3.1202333,2.6564932
ISIC_0061595,-0.13360061,0.40947014
ISIC_0061608,-2.2292013,0.18370725
ISIC_0061619,-4.634129,3.0972307
ISIC_0061623,-0.6876818,0.8732197
ISIC_0061624,-5.634376,1.3136623
ISIC_0061625,-4.58242,1.1669652
ISIC_0061629,-4.43133,-2.0112853
ISIC_0061630,-3.0137098,2.8357735
ISIC_0061633,-4.481612,1.7019799
ISIC_0061644,-2.792544,3.178452
ISIC_0061656,-1.3897055,0.96791273
ISIC_0061660,-0.13359042,0.25506386
ISIC_0061664,-2.1901467,2.8130326
ISIC_0061670,-1.9736127,0.43980694
ISIC_0061680,-5.3511677,1.9380207
ISIC_0061684,-2.4684114,-1.2033784
ISIC_0061685,-1.5123419,-0.3593948
ISIC_0061699,-2.3359365,2.889262
ISIC_0061701,-2.7234926,2.8259895
ISIC_0061705,-2.3048923,-3.2113614
ISIC_0061710,-3.720473,-1.8276695
ISIC_0061713,-2.5890682,0.23273583
ISIC_0061715,-3.52279,2.7066205
ISIC_0061735,-4.8672447,0.63175666
ISIC_0061741,-0.9665831,0.7923774
ISIC_0061756,-2.7130566,3.0051405
ISIC_0061761,-2.7571807,0.66668814
ISIC_0061770,-3.12208,3.2775674
ISIC_0061773,-4.5554147,1.7334129
ISIC_0061775,-3.8167458,-0.55960584
ISIC_0061782,-4.482864,2.8288877
ISIC_0061798,-3.0327187,3.5771816
ISIC_0061799,-2.508909,2.8378286
ISIC_0061812,-3.3240821,-0.4927043
ISIC_0061829,-3.088603,0.64425325
ISIC_0061831,-1.2859241,0.9260268
ISIC_0061833,-1.9173422,1.7792096
ISIC_0061848,0.10874182,0.12502205
ISIC_0061870,-4.5660214,1.4441553
ISIC_0061880,-3.3330767,-2.6089303
ISIC_0061884,-3.30606,-1.7464416
ISIC_0061885,-3.320688,-2.2620604
ISIC_0061886,-5.0424476,1.2752109
ISIC_0061890,-4.106161,-2.0077448
ISIC_0061894,-2.5895424,2.8743973
ISIC_0061895,-2.22527,2.589379
ISIC_0061900,-0.41611278,1.171068
ISIC_0061911,-1.103453,1.0132016
ISIC_0061912,-1.6008441,0.21195672
ISIC_0061915,-2.832458,2.9588363
ISIC_0061916,-5.0931005,0.5446403
ISIC_0061918,-0.7155848,-2.332083
ISIC_0061922,-0.7717847,0.1270018
ISIC_0061926,-5.095583,0.09155863
ISIC_0061928,-2.958521,2.92841
ISIC_0061944,-5.0395274,1.8755305
ISIC_0061945,-5.533198,1.8439951
ISIC_0061950,-2.2393749,3.0268016
ISIC_0061953,-0.86619097,-0.007342307
ISIC_0061954,-0.8076679,0.653555
ISIC_0061969,-2.666065,0.9510641
ISIC_0061971,-2.368142,1.0415745
ISIC_0061982,-5.284042,1.6599364
ISIC_0062000,-1.8678912,0.6707417
ISIC_0062005,-0.90238804,0.116801016
ISIC_0062010,-5.023245,1.8586012
ISIC_0062016,-3.9992542,-0.5529378
ISIC_0062031,-3.0628936,4.1757646
ISIC_0062042,-4.4285665,1.4425738
ISIC_0062063,-0.060357433,-3.13481
ISIC_0062064,-3.5191593,-0.831269
ISIC_0062077,-0.8015623,-2.7951548
ISIC_0062084,-2.615119,0.20789318
ISIC_0062099,-2.446318,0.11836649
ISIC_0062102,-4.2170644,3.2899065
ISIC_0062103,-4.9823995,1.6754363
ISIC_0062111,-0.18916664,-3.0683918
ISIC_0062112,-4.739978,1.6603558
ISIC_0062114,-1.5352198,0.6500005
ISIC_0062122,-4.998792,1.8346639
ISIC_0062125,-3.8862617,2.7079024
ISIC_0062133,-2.8980906,2.0998921
ISIC_0062138,-4.898306,-1.6695946
ISIC_0062149,-2.7389984,-1.6591994
ISIC_0062152,-4.455709,1.6796626
ISIC_0062154,-4.512818,1.7120605
ISIC_0062155,-4.623694,1.5343754
ISIC_0062158,-3.0836914,-2.4543579
ISIC_0062160,-0.94000375,1.3213774
ISIC_0062161,-4.9744864,1.309447
ISIC_0062162,-5.566019,1.0040736
ISIC_0062163,0.11053416,-2.460399
ISIC_0062171,-5.537903,1.898272
ISIC_0062176,-0.27862,-3.1441112
ISIC_0062183,-5.256272,1.1763952
ISIC_0062203,-3.9052563,2.6338766
ISIC_0062206,-5.5026393,1.4805803
ISIC_0062208,-2.7340062,0.86641455
ISIC_0062211,-1.8924009,2.56825
ISIC_0062213,-3.8357136,-0.5409537
ISIC_0062220,-2.3705282,1.0377839
ISIC_0062235,-3.0565543,-2.4245017
ISIC_0062239,-2.8888314,-1.1816472
ISIC_0062241,-2.1112633,-0.5364467
ISIC_0062242,-2.0675597,-0.07147671
ISIC_0062248,-2.2945275,0.8807871
ISIC_0062251,-2.723871,-1.4380124
ISIC_0062256,-4.4631257,2.8311446
ISIC_0062260,-2.3441374,1.6793786
ISIC_0062266,-2.3452437,3.1390047
ISIC_0062269,-3.8124917,-0.4848806
ISIC_0062273,-2.2199628,0.42380136
ISIC_0062280,-2.8120282,0.6755515
ISIC_0062286,-4.1483808,1.2762381
ISIC_0062296,-4.5119843,-1.7135193
ISIC_0062298,-0.07972057,-0.6130285
ISIC_0062301,-1.1646056,1.038444
ISIC_0062318,-0.21157101,0.6818023
ISIC_0062323,0.25381786,-2.578939
ISIC_0062325,-2.2382424,2.7208397
ISIC_0062340,-2.2174296,2.9214485
ISIC_0062350,-5.5445857,1.5292715
ISIC_0062359,-2.8432403,1.1338431
ISIC_0062381,-3.5165403,-2.1609454
ISIC_0062382,-3.990493,-2.2448597
ISIC_0062389,-3.2068727,-0.99449265
ISIC_0062401,-0.11007524,0.23679012
ISIC_0062407,-5.0745387,0.19361718
ISIC_0062423,-3.2859614,2.8998435
ISIC_0062425,-5.6883826,1.1013752
ISIC_0062434,-1.238476,-1.1001105
ISIC_0062447,-4.500304,3.0403996
ISIC_0062453,-3.3325796,-1.5467525
ISIC_0062454,-2.325906,2.7465692
ISIC_0062457,-0.5114755,1.1857849
ISIC_0062458,-5.233992,1.4212942
ISIC_0062463,-0.6439998,0.21396834
ISIC_0062468,-3.4857373,-2.2166593
ISIC_0062471,-3.0171359,0.8278701
ISIC_0062474,-4.6520514,1.6592679
ISIC_0062477,-1.2440373,0.41749927
ISIC_0062478,-2.2227154,2.8926115
ISIC_0062481,-3.3055255,-2.1882832
ISIC_0062497,-5.1865616,1.7381245
ISIC_0062505,-2.7336357,-0.011390569
ISIC_0062509,-5.374039,1.7777995
ISIC_0062515,-2.182918,-0.06036641
ISIC_0062517,-1.4782864,0.69240296
ISIC_0062523,-5.0127616,1.6932676
ISIC_0062524,-2.6367767,-0.15871999
ISIC_0062525,-4.94772,-1.7073175
ISIC_0062530,-3.9609027,-2.4370809
ISIC_0062531,-1.8407983,0.98515254
ISIC_0062536,-2.6142294,0.80341375
ISIC_0062539,-3.957322,-3.0198166
ISIC_0062547,-2.8585553,-1.018482
ISIC_0062551,-0.93656605,0.5153544
ISIC_0062559,-4.645033,3.0642905
ISIC_0062562,-5.245976,1.3940597
ISIC_0062589,-4.16994,2.0243526
ISIC_0062596,0.33854684,-2.5441797
ISIC_0062602,-4.6501317,1.9741198
ISIC_0062606,-1.285915,0.6579496
ISIC_0062626,-2.280057,-1.1527135
ISIC_0062628,-5.3321967,1.7502038
ISIC_0062632,-2.7095892,3.2304785
ISIC_0062633,-4.1260576,1.8719919
ISIC_0062636,-4.929931,0.47348684
ISIC_0062639,-0.81488216,0.84869105
ISIC_0062642,-5.7764616,1.1806437
ISIC_0062649,-0.21342042,-2.4059567
ISIC_0062674,-0.61984396,1.088894
ISIC_0062681,-4.1483736,2.0783122
ISIC_0062684,-4.726355,0.7364576
ISIC_0062688,-5.036782,1.0336639
ISIC_0062690,-3.7478666,-0.48963988
ISIC_0062700,-1.3508565,0.7448087
ISIC_0062702,-5.3191304,0.24789585
ISIC_0062708,-1.8659514,1.594218
ISIC_0062709,-5.440645,0.5742751
ISIC_0062712,-5.490391,0.29188257
ISIC_0062716,-4.0581965,1.5168229
ISIC_0062721,-0.6293126,1.4623774
ISIC_0062723,-4.360083,1.5991689
ISIC_0062724,-3.1558914,2.5367656
ISIC_0062734,-3.1855764,-1.0650922
ISIC_0062736,-2.9510207,0.43814787
ISIC_0062762,-1.6021115,0.8658636
ISIC_0062765,-1.2554075,0.9174938
ISIC_0062770,-4.102278,-2.581085
ISIC_0062780,-2.5233994,0.67941976
ISIC_0062792,-2.1398895,-0.37411627
ISIC_0062806,-3.405414,1.8289217
ISIC_0062809,-3.7560313,2.6837664
ISIC_0062816,-4.2167134,1.2779721
ISIC_0062821,-4.8035645,1.089126
ISIC_0062827,-1.0752838,1.0615569
ISIC_0062832,0.40004942,-2.6536336
ISIC_0062841,-3.394479,-2.123291
ISIC_0062844,-4.157787,2.219864
ISIC_0062869,-2.8455863,0.81275773
ISIC_0062879,-4.4844584,2.521565
ISIC_0062891,-5.389689,0.2362625
ISIC_0062912,-3.3821204,-0.8805144
ISIC_0062922,-2.5054703,-0.65952635
ISIC_0062925,-2.1721454,0.77631456
ISIC_0062935,-0.53258955,-0.1670993
ISIC_0062944,-3.5915146,-0.6162558
ISIC_0062948,-2.6612082,2.8957515
ISIC_0062952,-4.2177258,-1.8962272
ISIC_0062954,-0.029533673,0.622233
ISIC_0062957,-5.255278,-0.5119401
ISIC_0062970,-1.533447,-0.45943704
ISIC_0062978,-5.12939,1.8939373
ISIC_0062983,-3.7433627,-1.8485775
ISIC_0062985,-0.4808365,1.0279661
ISIC_0062991,-5.4037347,0.34543094
ISIC_0062992,-5.4830194,1.9834992
ISIC_0062994,-0.43281087,-2.8705363
ISIC_0062998,-2.231329,2.920823
ISIC_0063018,-1.2429688,0.91928744
ISIC_0063026,-2.538547,-0.99969137
ISIC_0063027,-5.3879523,0.26964113
ISIC_0063032,-5.4100366,2.2278442
ISIC_0063046,-3.1631646,2.3534973
ISIC_0063056,-0.9158712,-2.466903
ISIC_0063058,-4.8583527,-1.6599348
ISIC_0063060,-4.5363994,1.4060984
ISIC_0063070,-3.3626325,1.2083377
ISIC_0063072,-2.2402108,2.7213223
ISIC_0063077,-5.3823323,0.031840105
ISIC_0063081,-3.619776,-1.2072692
ISIC_0063087,-4.2026772,2.8806384
ISIC_0063102,-5.3951573,1.4708782
ISIC_0063103,-1.3593987,0.28214437
ISIC_0063109,-3.2842999,2.4148047
ISIC_0063114,-5.762329,1.3197094
ISIC_0063124,-4.181353,-2.5672376
ISIC_0063125,-4.6410933,3.0764027
ISIC_0063130,-4.3447413,-2.3410318
ISIC_0063131,-2.748877,0.9157454
ISIC_0063143,-4.199767,-2.3367302
ISIC_0063148,-0.9033217,1.6504639
ISIC_0063151,0.2915215,-1.1841893
ISIC_0063168,-1.4438548,0.74471307
ISIC_0063169,-0.871047,-0.1825533
ISIC_0063172,-3.8759098,-2.2324371
ISIC_0063174,-5.7444377,1.0859947
ISIC_0063180,-5.0755377,0.34441376
ISIC_0063181,-2.6860154,-0.8133706
ISIC_0063182,-2.966023,-1.0616248
ISIC_0063190,-2.4845133,-2.1361084
ISIC_0063191,-2.3063388,1.7103672
ISIC_0063198,-2.6257272,0.04319847
ISIC_0063202,-0.8964112,-0.9559629
ISIC_0063207,-2.074658,-2.0007865
ISIC_0063216,-2.5705378,0.76681554
ISIC_0063222,-1.3856186,1.056627
ISIC_0063225,-2.007072,1.2888205
ISIC_0063228,-2.989973,-0.35124066
ISIC_0063233,-4.504744,1.0550203
ISIC_0063234,-1.7670419,0.5045537
ISIC_0063240,0.33684486,-1.4614387
ISIC_0063241,0.95265055,-1.7195792
ISIC_0063258,-4.33577,3.2680023
ISIC_0063264,0.2815021,-2.5042145
ISIC_0063266,-3.349686,1.7814125
ISIC_0063268,-5.2219324,1.1464063
ISIC_0063271,-2.6766472,-1.1375732
ISIC_0063288,-4.9984245,1.727208
ISIC_0063292,0.36655268,-1.389501
ISIC_0063300,-2.7637875,1.211908
ISIC_0063302,-0.0066112853,0.6587841
ISIC_0063305,-3.0327587,3.4197776
ISIC_0063318,-0.9821207,-2.40696
ISIC_0063334,-2.12412,1.3412553
ISIC_0063345,-2.8384547,2.9387364
ISIC_0063349,0.34416473,-2.7355485
ISIC_0063360,-2.6904,3.360221
ISIC_0063362,-5.289325,0.5579871
ISIC_0063369,-0.5126021,-0.33875987
ISIC_0063373,-2.9157264,2.6576602
ISIC_0063392,-3.1999667,0.64554673
ISIC_0063394,-4.306408,-2.3049912
ISIC_0063410,-5.47717,2.1490562
ISIC_0063414,-5.4882083,1.3311971
ISIC_0063425,-3.3475022,-1.0164741
ISIC_0063437,-3.4458044,-0.038424224
ISIC_0063443,-5.4456983,2.0024745
ISIC_0063445,-5.206017,0.25784934
ISIC_0063447,-1.0779991,1.223712
ISIC_0063450,-5.5622506,0.47408843
ISIC_0063456,-1.3562597,1.173052
ISIC_0063464,-5.548555,0.4620173
ISIC_0063467,-4.6800756,-1.8564074
ISIC_0063469,-5.223382,1.975385
ISIC_0063470,-2.3181775,2.7638905
ISIC_0063475,-2.5097167,0.8146639
ISIC_0063480,-2.694187,1.0618798
ISIC_0063481,-2.1651213,2.76064
ISIC_0063493,-2.3926368,-1.3854692
ISIC_0063496,-0.34902686,-2.7017436
ISIC_0063505,-2.688191,-0.7036236
ISIC_0063521,-5.414,0.6665756
ISIC_0063528,0.048815023,-2.4804373
ISIC_0063537,-3.0050528,-2.463508
ISIC_0063541,-0.37451032,1.2030027
ISIC_0063551,-0.77902573,-2.241987
ISIC_0063566,-3.1658485,-2.0496645
ISIC_0063578,-2.1114774,1.0882254
ISIC_0063601,-3.9793208,2.7089698
ISIC_0063617,-2.444946,2.6941967
ISIC_0063623,-3.509739,-0.23768337
ISIC_0063625,-5.524342,1.3637639
ISIC_0063634,-3.4362879,-1.9001948
ISIC_0063636,-0.13344672,0.611383
ISIC_0063641,-2.9290953,2.9110928
ISIC_0063654,-0.16433999,-3.0192916
ISIC_0063655,-4.911163,-1.5299146
ISIC_0063660,-1.0180497,-0.00050377497
ISIC_0063664,-1.6602993,-0.34296203
ISIC_0063675,-2.3832655,1.0078828
ISIC_0063679,-5.127865,0.18545215
ISIC_0063680,-2.6107812,-1.0845186
ISIC_0063687,-4.6425815,1.6649736
ISIC_0063690,-3.3859901,-0.6318469
ISIC_0063691,-2.4370742,-0.81330615
ISIC_0063692,-3.383811,1.7383844
ISIC_0063693,1.3990301,-1.3950572
ISIC_0063695,-4.494011,1.7039382
ISIC_0063704,-5.018208,0.8920638
ISIC_0063715,-2.650062,0.1785101
ISIC_0063723,-4.114351,-2.4716475
ISIC_0063724,-1.5185025,0.6274238
ISIC_0063727,-1.8202721,0.7818944
ISIC_0063732,-2.7375991,3.7491853
ISIC_0063742,-1.081716,-2.8274868
ISIC_0063748,-1.756827,-0.568881
ISIC_0063750,-5.549239,0.59764165
ISIC_0063757,-5.599962,0.41143918
ISIC_0063759,0.17432508,-0.86640006
ISIC_0063769,-2.2146702,2.7631233
ISIC_0063775,-5.444168,1.8176838
ISIC_0063788,-2.6334739,0.06772849
ISIC_0063793,-0.37839508,0.9081423
ISIC_0063795,-2.5135398,2.8975585
ISIC_0063811,-2.5613132,0.44698706
ISIC_0063824,-2.8028998,2.419304
ISIC_0063829,-2.953302,1.6270971
ISIC_0063830,-1.497345,0.5805014
ISIC_0063839,-1.7823282,0.35517412
ISIC_0063842,-0.9413825,1.3322661
ISIC_0063845,-2.768502,-1.7420092
ISIC_0063852,-2.539407,0.70941246
ISIC_0063870,-1.773082,-1.7973667
ISIC_0063871,-0.014575393,0.65964353
ISIC_0063872,-3.7216144,2.6514268
ISIC_0063873,-0.108085066,0.5267696
ISIC_0063881,-0.21613093,0.82489574
ISIC_0063885,-1.7730398,0.31198674
ISIC_0063887,-5.477916,2.0546103
ISIC_0063897,-3.3185294,-0.42465433
ISIC_0063908,-2.2009757,2.8201776
ISIC_0063912,-4.4426165,2.749373
ISIC_0063915,-2.3213267,0.7973741
ISIC_0063926,-2.2852905,3.0444329
ISIC_0063937,-0.95016325,1.6020266
ISIC_0063945,-3.5429473,1.973432
ISIC_0063946,-3.0344908,-0.5182099
ISIC_0063950,-4.594521,2.3965685
ISIC_0063958,-5.038071,2.0890396
ISIC_0063960,-4.5271425,-0.09189761
ISIC_0063973,-4.5977106,1.5540682
ISIC_0063980,-1.9433167,1.3792362
ISIC_0063981,-2.8571396,3.3265846
ISIC_0063988,-2.7765138,-0.025634749
ISIC_0064006,-4.4479737,3.212834
ISIC_0064014,-0.23006621,-1.8930361
ISIC_0064023,-3.3088794,-1.8102974
ISIC_0064033,-2.5675635,2.7774534
ISIC_0064034,-0.59209347,-0.09684352
ISIC_0064054,-5.202936,-0.03386651
ISIC_0064056,-4.95581,-1.4602994
ISIC_0064058,-3.0905826,3.234147
ISIC_0064060,-3.2015417,-1.0357445
ISIC_0064062,-2.8694096,-2.4114645
ISIC_0064072,-4.0158687,-2.2290585
ISIC_0064073,-2.7353466,-0.42901433
ISIC_0064079,-1.5559793,0.7045307
ISIC_0064080,-1.7779447,0.58879304
ISIC_0064082,-1.2414203,-2.292847
ISIC_0064100,-0.71595347,-0.14371562
ISIC_0064102,-2.6808662,-0.41597596
ISIC_0064110,-5.372251,0.6800404
ISIC_0064114,-4.3142543,1.8441238
ISIC_0064116,-3.7483804,-2.4716327
ISIC_0064120,-1.1945417,0.9548545
ISIC_0064122,-0.9357258,1.6936203
ISIC_0064129,-3.5454054,1.7020124
ISIC_0064130,-1.8084887,0.53127277
ISIC_0064134,-4.413142,2.7518122
ISIC_0064141,-4.0907564,-0.4150596
ISIC_0064152,0.44657782,-2.540349
ISIC_0064157,-1.8305097,0.7315066
ISIC_0064167,-2.338443,1.8217331
ISIC_0064174,-5.1125474,1.7377046
ISIC_0064180,0.35712466,-2.69635
ISIC_0064195,-5.7589607,1.071367
ISIC_0064201,-5.3319902,0.37600645
ISIC_0064204,-3.1958337,2.2236652
ISIC_0064209,-3.1776135,0.18345545
ISIC_0064212,-3.04212,3.305721
ISIC_0064229,-4.527048,0.98897725
ISIC_0064240,-5.425552,1.995172
ISIC_0064246,-1.484223,-2.5592318
ISIC_0064247,-1.869623,1.061251
ISIC_0064261,-2.3988793,-1.9546367
ISIC_0064266,-5.5732813,1.9569169
ISIC_0064268,-0.6765988,1.2660779
ISIC_0064270,-0.065986246,0.749813
ISIC_0064272,-2.1597557,2.7976158
ISIC_0064276,-4.885326,-1.6444846
ISIC_0064279,-1.2531928,0.21355309
ISIC_0064281,-1.1486418,0.26831567
ISIC_0064294,-1.5476336,0.1874477
ISIC_0064297,-3.435442,-0.11167963
ISIC_0064298,-0.38683665,-3.1463835
ISIC_0064307,-1.8666162,0.6072541
ISIC_0064317,-2.5696938,-1.2482438
ISIC_0064320,-4.8629136,-1.9522921
ISIC_0064321,-1.6294558,0.85460335
ISIC_0064328,-4.307961,-2.1259544
ISIC_0064337,-4.6296115,0.25555652
ISIC_0064339,-3.7267137,-1.8457115
ISIC_0064344,-2.8719404,-0.44184554
ISIC_0064360,-5.2116957,1.8033854
ISIC_0064361,-0.9252382,1.6257621
ISIC_0064369,-0.71230674,0.24781767
ISIC_0064376,-2.7919288,1.1713332
ISIC_0064393,-2.7493243,0.7965872
ISIC_0064406,-5.431795,1.8958575
ISIC_0064411,-0.581487,-2.6262293
ISIC_0064419,-5.2736406,0.56810254
ISIC_0064427,-4.0642242,-1.5022365
ISIC_0064428,-4.1943984,-2.3260262
ISIC_0064436,-2.500892,0.016170658
ISIC_0064444,-3.0594206,3.6033187
ISIC_0064455,-5.1383038,1.0607847
ISIC_0064463,-5.3948565,0.4649929
ISIC_0064465,-4.4787107,1.7551692
ISIC_0064472,-2.0881436,-1.561073
ISIC_0064476,-3.6760533,-1.4623708
ISIC_0064481,-2.2730591,2.5247774
ISIC_0064483,-3.0722668,3.601475
ISIC_0064498,-0.16099675,0.5787113
ISIC_0064507,-4.507529,3.2074614
ISIC_0064515,-3.292242,-0.7596411
ISIC_0064517,-0.88323253,0.26309058
ISIC_0064530,-5.235163,1.9608742
ISIC_0064531,-2.760326,2.5014586
ISIC_0064534,-2.3859625,2.6766844
ISIC_0064538,-4.801521,1.999034
ISIC_0064550,-2.414598,1.1288886
ISIC_0064559,-1.2146676,0.964149
ISIC_0064569,-2.7308419,2.7614627
ISIC_0064575,-2.8393357,2.7984068
ISIC_0064581,-1.4530438,0.9470866
ISIC_0064585,-4.1333694,1.3435388
ISIC_0064589,-2.5667696,0.2633407
ISIC_0064592,-5.2743673,1.2205447
ISIC_0064606,-1.3770918,0.7601463
ISIC_0064611,-5.668119,1.3949547
ISIC_0064619,-2.325937,-1.5308995
ISIC_0064623,-2.4607568,-1.2770566
ISIC_0064632,-5.142337,0.9993245
ISIC_0064633,-3.9625275,-1.8474423
ISIC_0064645,0.27154613,-2.682895
ISIC_0064646,-2.2998533,-0.63152957
ISIC_0064656,-3.9969203,-2.7003891
ISIC_0064660,-5.3334956,1.2519482
ISIC_0064667,-3.0380044,4.158491
ISIC_0064668,-1.308242,-0.49729803
ISIC_0064672,-5.218513,1.354226
ISIC_0064676,-4.6282835,1.1955165
ISIC_0064686,-5.540808,1.6005949
ISIC_0064689,-1.5643423,-0.49717972
ISIC_0064692,-4.9844913,1.1035632
ISIC_0064693,-5.753403,1.0823896
ISIC_0064694,-2.8835278,2.6218817
ISIC_0064721,-5.3429646,1.723835
ISIC_0064730,-0.46572164,1.032426
ISIC_0064732,-2.507206,2.9762866
ISIC_0064739,-1.1167659,0.67506796
ISIC_0064742,-4.1829867,-2.8517647
ISIC_0064752,-3.0277655,3.5489824
ISIC_0064759,-0.48125398,1.0766482
ISIC_0064784,0.6113151,-0.12699287
ISIC_0064800,-2.0677464,0.06730296
ISIC_0064804,-5.127748,1.4411378
ISIC_0064816,-3.4120831,2.9942038
ISIC_0064821,-1.3535995,1.4289064
ISIC_0064822,-3.8283026,-0.61499
ISIC_0064823,-1.1514155,0.5902149
ISIC_0064825,-4.8972273,1.6905416
ISIC_0064829,-3.1632016,2.7084143
ISIC_0064835,-3.470199,-2.1057024
ISIC_0064836,-2.5537057,0.7479351
ISIC_0064840,-5.465413,0.37848026
ISIC_0064849,-2.8918366,2.92737
ISIC_0064860,-4.47649,1.5086113
ISIC_0064868,-5.0548115,0.6311741
ISIC_0064874,-5.394895,-0.083022594
ISIC_0064875,-1.045239,-1.5692526
ISIC_0064881,-5.1351743,0.14170982
ISIC_0064887,-5.040398,2.16921
ISIC_0064905,-0.4895132,1.5061094
ISIC_0064907,-1.6357764,0.66452646
ISIC_0064909,-0.13863066,0.7168126
ISIC_0064910,-4.794907,0.948948
ISIC_0064919,-0.74110484,1.3472456
ISIC_0064921,-5.4371696,1.8067927
ISIC_0064925,-1.855843,1.4245691
ISIC_0064926,-2.7646663,2.84433
ISIC_0064927,-2.6012313,-1.4380697
ISIC_0064929,-3.8077462,-0.4953396
ISIC_0064933,-3.840022,1.9060074
ISIC_0064936,-4.841738,-1.7703065
ISIC_0064941,-1.43383,1.3853525
ISIC_0064943,-2.9576938,1.6813372
ISIC_0064949,-2.0930855,1.3981239
ISIC_0064965,-5.4183187,0.7228231
ISIC_0064982,-5.0813794,1.1630794
ISIC_0064983,-3.651989,2.0308666
ISIC_0064986,-2.959305,2.389218
ISIC_0064990,-2.8565185,3.336584
ISIC_0064992,-5.157409,1.8022206
ISIC_0064993,-4.026841,2.669625
ISIC_0064997,-4.9539957,1.7222095
ISIC_0065001,-4.97443,0.7580788
ISIC_0065008,-0.92510957,0.93064016
ISIC_0065013,-1.1058779,0.611185
ISIC_0065022,-3.4642668,-2.4666042
ISIC_0065023,-1.6393837,0.79611015
ISIC_0065025,-3.400306,2.151091
ISIC_0065026,-4.4500637,3.1263359
ISIC_0065036,-1.1852536,0.061939955
ISIC_0065039,-3.3248909,-1.7172949
ISIC_0065046,-5.487854,1.8419884
ISIC_0065057,-2.0977266,-0.36579016
ISIC_0065059,-0.3446839,1.1074873
ISIC_0065066,-2.8296065,-0.89577264
ISIC_0065099,-2.5513206,-0.8824946
ISIC_0065100,-4.840814,1.7948779
ISIC_0065106,-4.431222,1.6454087
ISIC_0065109,-5.074185,1.8214412
ISIC_0065128,-2.2432296,1.0271218
ISIC_0065132,-5.319998,-0.06748558
ISIC_0065142,-5.5670342,1.2647517
ISIC_0065159,-4.3102818,1.5699401
ISIC_0065168,-1.5437351,0.20655434
ISIC_0065171,-2.804948,-1.2149231
ISIC_0065173,-4.4884453,2.6613898
ISIC_0065186,-4.4557667,2.771699
ISIC_0065191,-1.2791102,0.16418576
ISIC_0065192,-2.1670055,-0.5819552
ISIC_0065195,-3.4201288,1.8845637
ISIC_0065206,-2.8913467,-1.2564712
ISIC_0065210,-5.7408104,1.0727332
ISIC_0065213,-0.08683832,0.43179488
ISIC_0065215,-1.4042213,0.7559947
ISIC_0065230,-2.3417928,2.9259577
ISIC_0065235,-4.9327936,-1.6776872
ISIC_0065236,-3.0797768,0.6354402
ISIC_0065248,-5.2226877,1.7885981
ISIC_0065253,-5.3018627,1.3840184
ISIC_0065265,-3.1876304,-1.2544999
ISIC_0065267,-2.3640316,0.8290991
ISIC_0065278,-2.454499,0.57231253
ISIC_0065283,-1.0863556,-2.8543375
ISIC_0065305,-1.9230096,-1.4904971
ISIC_0065307,-1.5348014,0.56302845
ISIC_0065311,-2.5258994,1.1561503
ISIC_0065313,-2.578932,0.6389105
ISIC_0065315,-3.6845748,2.6008399
ISIC_0065341,-3.504927,-2.3507893
ISIC_0065347,-1.6114874,0.6869957
ISIC_0065351,-3.0326939,-0.951098
ISIC_0065363,-1.152064,0.7006548
ISIC_0065367,-4.239793,3.2342596
ISIC_0065379,-0.42173037,1.1907268
ISIC_0065382,-0.16575754,0.51431775
ISIC_0065398,-2.2471373,-1.4564112
ISIC_0065402,-5.1982107,1.3149381
ISIC_0065408,-1.6274644,0.25525853
ISIC_0065417,-4.6732955,3.0626647
ISIC_0065431,-4.3862085,1.6884406
ISIC_0065434,-2.884975,0.7206133
ISIC_0065443,-0.100287445,-3.1304278
ISIC_0065446,-2.6784847,-0.005298113
ISIC_0065448,-1.6715277,-0.41088647
ISIC_0065449,-2.510653,2.7729437
ISIC_0065463,-0.43127432,0.048918102
ISIC_0065477,-0.7488704,-2.5322275
ISIC_0065507,-2.2413573,2.9036121
ISIC_0065512,0.49400896,-2.6593773
ISIC_0065513,-2.5466926,1.8103323
ISIC_0065516,-2.255226,-0.57778937
ISIC_0065518,-0.12531649,-3.1714337
ISIC_0065521,-2.4159157,0.903161
ISIC_0065523,-0.7996429,0.8166509
ISIC_0065525,-0.7924044,-2.6056037
ISIC_0065531,-2.948084,-0.75149745
ISIC_0065532,-5.0062637,-1.7038064
ISIC_0065533,-2.217933,2.8169973
ISIC_0065535,0.37934107,-2.713653
ISIC_0065539,-4.0318575,-1.3120227
ISIC_0065571,-0.51088697,-2.1929343
ISIC_0065576,-4.3718705,1.6423296
ISIC_0065577,-5.2704296,0.24511872
ISIC_0065582,-2.7761054,-0.63612527
ISIC_0065590,-3.1830587,-1.5988241
ISIC_0065597,-2.3727224,-0.3812429
ISIC_0065598,-4.051246,-2.0334654
ISIC_0065615,-1.8119501,1.6491795
ISIC_0065618,-3.117165,-1.1180094
ISIC_0065622,-0.29061624,0.9488304
ISIC_0065627,-2.4640336,2.8170846
ISIC_0065644,-2.1584268,1.8833022
ISIC_0065655,0.08265375,-2.2706456
ISIC_0065658,-2.9005127,-0.53904116
ISIC_0065668,-2.8077292,1.8182832
ISIC_0065671,-4.5883455,0.76695955
ISIC_0065675,-3.2035434,-1.4778395
ISIC_0065694,-4.565826,1.68554
ISIC_0065697,-2.350799,0.8545692
ISIC_0065698,-2.2779737,3.0034578
ISIC_0065709,-0.1239794,-2.6993876
ISIC_0065714,-1.2595513,0.9278167
ISIC_0065727,-1.928414,-2.2214613
ISIC_0065740,-2.7561574,1.1861558
ISIC_0065742,-3.8175004,-2.8407092
ISIC_0065746,-2.2834113,1.2322894
ISIC_0065748,-4.279761,3.2868915
ISIC_0065760,-2.2546842,2.9088995
ISIC_0065767,-4.780926,0.89131874
ISIC_0065774,-1.7086971,0.6991225
ISIC_0065775,-2.8254642,-0.87115043
ISIC_0065781,-5.1430244,-0.14552985
ISIC_0065786,-4.153763,2.2090786
ISIC_0065788,-0.05222127,-2.6886868
ISIC_0065801,-4.1033826,2.5799937
ISIC_0065806,-1.7232809,-0.36516485
ISIC_0065807,-2.7210252,1.117384
ISIC_0065813,-3.3912249,-0.63466316
ISIC_0065823,-3.005451,0.67800134
ISIC_0065825,-2.0812323,0.14471975
ISIC_0065843,-5.5653467,1.7690089
ISIC_0065853,-5.1023717,1.3016652
ISIC_0065858,-0.9447673,0.8241116
ISIC_0065869,-5.485236,1.6899045
ISIC_0065870,-3.3066266,-1.3708887
ISIC_0065872,-1.90027,-2.363068
ISIC_0065889,-1.0143938,-2.6902316
ISIC_0065895,-2.8463292,2.8390493
ISIC_0065904,-2.8936923,-2.196333
ISIC_0065918,-1.772315,0.62305236
ISIC_0065927,-5.1108174,-0.18327777
ISIC_0065928,-0.25367433,0.5921325
ISIC_0065932,-2.5606585,0.74324334
ISIC_0065943,-3.6185498,1.4617943
ISIC_0065944,-4.8794904,1.1235737
ISIC_0065945,-4.167012,1.3307898
ISIC_0065961,-2.0689218,-2.371135
ISIC_0065969,-3.7901866,-2.7416763
ISIC_0065974,-0.7807907,0.15236951
ISIC_0065997,-0.52439827,1.0646805
ISIC_0066001,1.274981,-1.6598439
ISIC_0066019,-0.89212656,1.6747113
ISIC_0066047,-5.1524544,1.2844555
ISIC_0066058,-3.155923,3.0998707
ISIC_0066061,-0.18522899,0.86785936
ISIC_0066066,-5.587015,1.730318
ISIC_0066069,-1.3890637,-1.1544394
ISIC_0066075,-2.9103239,2.4538527
ISIC_0066085,-3.158695,-1.8883796
ISIC_0066093,-4.9316535,1.8494922
ISIC_0066094,-0.25703058,-0.13585986
ISIC_0066098,-4.943572,0.046199266
ISIC_0066101,-3.0245829,3.6117673
ISIC_0066102,-0.48909503,0.2496058
ISIC_0066106,0.026370905,-2.3340254
ISIC_0066109,-3.0773332,-0.97071236
ISIC_0066116,-3.1760848,-2.4922144
ISIC_0066124,-4.6954713,1.58088
ISIC_0066127,-5.5123024,1.1316926
ISIC_0066136,-4.9524145,-1.4887855
ISIC_0066143,-4.6836543,-1.8195995
ISIC_0066146,-3.7686427,-0.48598528
ISIC_0066154,-3.6981485,2.6800923
ISIC_0066161,-3.18579,0.69134676
ISIC_0066165,-2.9429343,-0.72253084
ISIC_0066181,-5.0982976,1.591824
ISIC_0066185,-0.3780335,1.1495198
ISIC_0066191,-2.452031,2.9802852
ISIC_0066200,-2.0224736,1.3455096
ISIC_0066203,-2.453543,-0.013141309
ISIC_0066204,-4.8664474,-1.9454772
ISIC_0066209,-2.3198166,-3.1967635
ISIC_0066217,-2.5255084,-1.9686325
ISIC_0066226,-2.8839607,2.8503711
ISIC_0066244,-0.08521059,-2.870928
ISIC_0066289,-2.567412,-1.6381923
ISIC_0066307,-5.321743,0.100212194
ISIC_0066308,-3.0706875,3.3255718
ISIC_0066316,-3.2657993,-2.1939232
ISIC_0066320,-5.552662,0.4977377
ISIC_0066325,-2.2691183,1.7839496
ISIC_0066332,-4.9924145,1.3937714
ISIC_0066336,-2.396764,0.8338292
ISIC_0066338,-5.5403767,0.5478196
ISIC_0066350,-0.11262288,0.61519897
ISIC_0066352,-4.478554,2.863755
ISIC_0066358,-5.0194573,1.797706
ISIC_0066359,-2.3084679,0.66825324
ISIC_0066375,-3.1825094,0.6987874
ISIC_0066376,-2.063339,-0.81287843
ISIC_0066378,-2.2816954,1.9227403
ISIC_0066379,-1.7385077,-3.0630558
ISIC_0066382,-0.24191606,0.2345949
ISIC_0066384,-5.2195296,1.525633
ISIC_0066390,-5.4640803,1.9576391
ISIC_0066394,-4.6388783,2.1087618
ISIC_0066399,0.4705119,-2.5140166
ISIC_0066401,-2.5381582,0.19270383
ISIC_0066403,-4.9235735,0.008174791
ISIC_0066412,-5.1014657,0.13146856
ISIC_0066422,-2.909603,3.5395403
ISIC_0066423,-0.86107093,-2.4155302
ISIC_0066426,-0.17248885,0.70352566
ISIC_0066428,-5.4685864,1.2151413
ISIC_0066430,-1.6340251,0.6245201
ISIC_0066448,-5.764485,1.1153555
ISIC_0066470,-3.7852829,-2.6995435
ISIC_0066476,-5.5157638,1.4405005
ISIC_0066481,-4.5946217,3.1162274
ISIC_0066483,-2.8823462,-0.5135939
ISIC_0066492,-4.6339164,-1.9744915
ISIC_0066497,-0.09585766,0.5032687
ISIC_0066499,-5.155373,0.8536351
ISIC_0066500,0.28257203,-2.539634
ISIC_0066505,-3.1145732,-0.20422955
ISIC_0066506,-5.035085,1.6666769
ISIC_0066515,-1.6791207,-0.7058618
ISIC_0066516,-2.0732567,2.8319566
ISIC_0066518,-3.9536467,-2.1055036
ISIC_0066519,-5.4387727,1.8778865
ISIC_0066520,-1.8182931,1.3635205
ISIC_0066532,-2.6702664,0.060633875
ISIC_0066533,-0.09299827,-0.5751363
ISIC_0066535,-4.0627794,1.6655369
ISIC_0066560,-1.9858276,1.9499518
ISIC_0066564,-2.880203,0.5987281
ISIC_0066568,-5.2221165,1.3156734
ISIC_0066588,-5.0457883,0.16704471
ISIC_0066589,-5.527988,1.8481911
ISIC_0066593,-3.455972,1.6842918
ISIC_0066603,-2.5318277,0.06306373
ISIC_0066609,-5.010805,1.8478199
ISIC_0066612,-3.5902698,-2.8029785
ISIC_0066613,-4.4290175,2.6925783
ISIC_0066626,-4.9773,-1.7129593
ISIC_0066627,-0.9444544,1.4892753
ISIC_0066629,-2.9591336,3.4343603
ISIC_0066631,-0.74702054,0.024634568
ISIC_0066633,-0.14165361,0.21591476
ISIC_0066637,-3.106966,-1.0109638
ISIC_0066649,-3.591819,2.5171716
ISIC_0066650,-3.184602,-1.0289671
ISIC_0066662,-2.4753795,3.1031876
ISIC_0066671,-1.7211355,0.7093831
ISIC_0066678,-2.3469949,-2.4385576
ISIC_0066690,-2.8010094,3.302094
ISIC_0066693,-5.300128,1.9601018
ISIC_0066710,-2.3455682,1.220741
ISIC_0066716,-3.0102127,3.558157
ISIC_0066722,-2.4493084,-0.6664723
ISIC_0066733,-2.9790878,-1.0031539
ISIC_0066744,-2.3966355,0.8226745
ISIC_0066750,-2.756602,-0.6054537
ISIC_0066756,-0.76637536,0.823415
ISIC_0066766,-1.7362157,0.42830417
ISIC_0066767,-4.642805,0.9850204
ISIC_0066769,-1.9874363,-0.57866573
ISIC_0066776,-3.295221,1.232635
ISIC_0066783,-3.4525878,-2.3258948
ISIC_0066792,-2.2412906,2.4584472
ISIC_0066802,-3.0313995,2.8745666
ISIC_0066811,-1.9311075,2.5928879
ISIC_0066815,-2.8373682,3.3769538
ISIC_0066844,-2.906515,-1.1973156
ISIC_0066845,-1.2489862,0.4478964
ISIC_0066848,-4.473338,1.9202563
ISIC_0066854,-5.1143966,1.3088688
ISIC_0066855,-1.5064042,-1.8426243
ISIC_0066860,-4.877623,1.0964446
ISIC_0066863,-0.18588395,0.32665542
ISIC_0066865,-2.8791323,3.0772927
ISIC_0066867,-1.8819181,1.5782841
ISIC_0066869,-1.6578692,-0.8692632
ISIC_0066882,-1.1904043,0.09810351
ISIC_0066886,-2.6756382,0.77352923
ISIC_0066907,-4.892276,-1.7782544
ISIC_0066910,-3.8277378,2.7002482
ISIC_0066918,-0.13396385,-2.6541424
ISIC_0066921,-2.0859323,3.0756922
ISIC_0066927,-2.7541108,2.8862026
ISIC_0066931,-2.0074446,-0.43085003
ISIC_0066933,-2.1994412,2.8466477
ISIC_0066935,-3.2178366,2.8535497
ISIC_0066947,-2.393588,0.09533762
ISIC_0066952,-2.9052613,2.1706922
ISIC_0066969,-0.14775321,0.5205258
ISIC_0066977,-4.6862693,1.2562249
ISIC_0066994,-1.8731631,2.545825
ISIC_0067005,-4.4979362,2.7705283
ISIC_0067008,-2.7686949,-0.4944899
ISIC_0067009,0.011802106,-2.978679
ISIC_0067054,-3.5523875,-2.552252
ISIC_0067062,-2.9310222,3.4170778
ISIC_0067069,-0.09628268,0.08656444
ISIC_0067083,-2.8650346,-2.659509
ISIC_0067101,-2.9086154,3.3599977
ISIC_0067120,-0.21841204,-3.2635562
ISIC_0067126,-3.3222554,-0.4074967
ISIC_0067129,-2.398461,3.0604498
ISIC_0067134,-1.9339885,0.9260602
ISIC_0067151,-0.48477435,1.0462437
ISIC_0067159,-1.9128284,-1.7573729
ISIC_0067160,-1.070622,-2.8546624
ISIC_0067167,0.34725973,-2.7095518
ISIC_0067171,-5.3017507,2.163967
ISIC_0067188,-4.811651,-1.6578308
ISIC_0067191,-4.4914613,1.7017992
ISIC_0067193,-2.5915418,0.75480807
ISIC_0067194,-0.25687242,-1.8890204
ISIC_0067197,-0.06580596,-2.9106894
ISIC_0067200,-5.355506,1.3117833
ISIC_0067202,-3.1354673,-2.1150222
ISIC_0067206,-1.8803895,-2.3546362
ISIC_0067208,-1.2254448,0.3226877
ISIC_0067210,-5.3073545,-0.13950694
ISIC_0067225,-3.09449,4.1896877
ISIC_0067233,-2.990115,3.1551821
ISIC_0067235,-3.1732416,-1.6575942
ISIC_0067240,-5.351288,1.6742789
ISIC_0067248,-2.2280324,2.8551147
ISIC_0067253,-5.5495796,0.46897584
ISIC_0067274,-1.8990674,0.43149367
ISIC_0067276,-2.2342477,-0.2255098
ISIC_0067284,-5.3221626,1.636928
ISIC_0067308,-5.0118814,1.7505687
ISIC_0067317,-4.3960614,-0.21854733
ISIC_0067318,-3.0199234,-0.5708862
ISIC_0067325,0.28997946,-2.6362062
ISIC_0067333,-3.3068082,0.07911873
ISIC_0067335,-4.367874,2.030566
ISIC_0067339,-2.7044418,-0.7714531
ISIC_0067347,-3.9082475,2.0462608
ISIC_0067350,-3.0320323,-1.0623695
ISIC_0067353,-2.4030125,1.8801352
ISIC_0067365,-2.5788777,3.0837016
ISIC_0067367,-2.410089,-0.6192376
ISIC_0067375,-5.4901385,1.6500853
ISIC_0067395,-1.3559757,0.30620396
ISIC_0067404,0.31222275,-1.7847303
ISIC_0067405,-0.991072,-1.0659446
ISIC_0067417,-5.4818892,0.21548918
ISIC_0067418,-5.0053945,0.21388525
ISIC_0067438,0.26965714,-2.6808345
ISIC_0067443,-4.0911503,-2.562025
ISIC_0067452,-3.549671,2.4143903
ISIC_0067458,-4.221978,-2.5302331
ISIC_0067460,-3.0473948,4.1647887
ISIC_0067461,-4.6947994,1.361049
ISIC_0067466,-4.466699,3.1054397
ISIC_0067485,-1.0695794,-2.8440847
ISIC_0067488,0.0230777,-1.8256475
ISIC_0067489,-1.3699816,0.944941
ISIC_0067495,0.13315324,-2.4687252
ISIC_0067502,-3.6429336,-2.5440557
ISIC_0067504,-1.4598736,-0.7512689
ISIC_0067510,-2.764275,2.5584993
ISIC_0067511,-2.5120971,-1.7952489
ISIC_0067513,-1.32087,1.3486296
ISIC_0067515,-2.2338347,2.5653
ISIC_0067518,-1.1412116,0.85456216
ISIC_0067521,-2.8815515,-0.77915174
ISIC_0067534,-3.641408,-1.2052202
ISIC_0067536,-0.99201536,1.6392847
ISIC_0067543,1.297899,-1.6511357
ISIC_0067549,-3.725804,-2.2494543
ISIC_0067553,-0.061243717,0.041724093
ISIC_0067564,-0.16171181,-1.9810889
ISIC_0067565,-4.9378605,-1.6969888
ISIC_0067566,0.14964028,-2.3919096
ISIC_0067576,-2.21519,2.901043
ISIC_0067577,-5.0603356,-0.13068575
ISIC_0067598,-3.0543983,-0.9763319
ISIC_0067601,-2.3795362,1.3569579
ISIC_0067602,-5.2231927,-0.38573763
ISIC_0067619,-3.080986,4.193291
ISIC_0067625,-5.4702754,1.8115413
ISIC_0067629,-0.63142616,-0.018704552
ISIC_0067630,-2.8144257,2.5235577
ISIC_0067636,-1.6217928,0.37245136
ISIC_0067653,-1.5976264,0.6282435
ISIC_0067655,-0.91362727,1.6285566
ISIC_0067667,-2.7828188,1.2558103
ISIC_0067671,0.48626494,-2.9502442
ISIC_0067685,-1.4245281,0.90562683
ISIC_0067689,0.40982252,-2.415957
ISIC_0067695,-2.21873,-1.7209541
ISIC_0067696,-2.452627,1.6960443
ISIC_0067697,0.20436262,-2.7183805
ISIC_0067704,-5.191606,0.3377471
ISIC_0067711,-2.8094187,2.1595905
ISIC_0067716,-5.088003,-0.18445186
ISIC_0067719,-1.9807024,1.5929093
ISIC_0067722,-4.4018373,2.7802064
ISIC_0067731,-1.3092396,1.1587222
ISIC_0067733,-5.6945014,1.0929481
ISIC_0067743,-0.9540165,-2.31457
ISIC_0067747,-3.2982614,-1.5078257
ISIC_0067756,-5.529707,1.9329423
ISIC_0067757,-0.14070885,0.75450355
ISIC_0067758,-0.14357387,0.2808387
ISIC_0067776,-5.4285593,2.0309315
ISIC_0067782,-2.0525794,1.5269147
ISIC_0067789,-1.3776473,0.8256466
ISIC_0067798,-0.34547397,1.0732135
ISIC_0067804,-2.9440835,-0.48606893
ISIC_0067805,-0.18762366,-0.17592497
ISIC_0067808,-4.756941,1.6422166
ISIC_0067816,-3.8391001,2.6879494
ISIC_0067821,-3.3868437,-0.5556178
ISIC_0067825,-4.4238815,2.7289097
ISIC_0067830,-0.508238,0.11573097
ISIC_0067831,-4.494122,2.8181365
ISIC_0067836,-5.0897818,2.272344
ISIC_0067843,-2.8402596,2.5152364
ISIC_0067845,-5.0840883,1.985763
ISIC_0067847,-2.3816826,1.0545106
ISIC_0067849,-3.4303422,-1.0042605
ISIC_0067857,-4.7501955,-0.16218278
ISIC_0067873,-2.5304284,0.6977451
ISIC_0067885,-1.6799105,-0.0642549
ISIC_0067889,-2.4177523,-2.6004996
ISIC_0067890,-0.7771317,1.1669431
ISIC_0067891,-2.8360722,-0.37257367
ISIC_0067893,-2.477547,0.50989777
ISIC_0067896,-4.916184,1.1629872
ISIC_0067897,-0.4675086,1.1623881
ISIC_0067902,-3.4544177,-0.9231449
ISIC_0067905,-1.4777508,-1.8328375
ISIC_0067933,-5.428561,0.89814246
ISIC_0067934,-5.513259,1.5685501
ISIC_0067947,-0.96903133,1.4832209
ISIC_0067949,0.14162138,-2.972851
ISIC_0067952,0.24010623,-1.9896305
ISIC_0067953,-0.886065,0.11126175
ISIC_0067960,-5.1318083,0.92664194
ISIC_0067969,-2.0751743,-1.5929793
ISIC_0067972,-3.3571506,-1.0275394
ISIC_0067979,-5.3149896,1.5949758
ISIC_0068000,-2.5834918,-0.53352046
ISIC_0068003,-3.1504855,4.150885
ISIC_0068011,-0.5838527,1.1289268
ISIC_0068012,-0.020847043,-2.8338532
ISIC_0068013,-2.8193872,-0.30394393
ISIC_0068015,-0.527605,-2.8142266
ISIC_0068023,-2.4029377,2.9202423
ISIC_0068043,-0.66228455,-0.042123392
ISIC_0068048,-1.0820339,-2.8422952
ISIC_0068055,-4.5963144,1.7124611
ISIC_0068060,-5.231857,-0.3684404
ISIC_0068064,-4.5022826,2.8015401
ISIC_0068069,-2.466721,3.0551147
ISIC_0068073,-5.511943,1.7292576
ISIC_0068080,-5.524391,1.9643013
ISIC_0068107,-2.757057,2.9059572
ISIC_0068114,-2.8003755,2.5098095
ISIC_0068117,-4.9706135,1.5454614
ISIC_0068118,-4.8558536,-1.4980645
ISIC_0068119,-5.4067783,1.6265094
ISIC_0068121,-2.4697905,3.1288738
ISIC_0068128,-1.0827963,-2.867372
ISIC_0068129,-5.369242,1.5138216
ISIC_0068137,-3.699167,-2.5350845
ISIC_0068143,-2.1698217,2.650978
ISIC_0068152,-2.553681,-0.8166311
ISIC_0068153,-2.7251499,2.8228378
ISIC_0068164,-4.246437,1.6709534
ISIC_0068166,-5.344015,0.34825027
ISIC_0068178,0.3508887,-2.906796
ISIC_0068188,-4.6979027,-1.8297498
ISIC_0068189,-1.0330197,0.40550807
ISIC_0068200,-3.178488,0.8048176
ISIC_0068202,-3.9512937,-3.0265772
ISIC_0068206,-5.172705,2.0700054
ISIC_0068209,-2.029515,-0.075098746
ISIC_0068211,-2.1692948,2.8552618
ISIC_0068218,-0.2903459,0.16138606
ISIC_0068227,-1.3584548,0.15265784
ISIC_0068233,-2.6466472,-0.32848576
ISIC_0068234,-4.452737,3.120391
ISIC_0068239,2.7296438,-2.559654
ISIC_0068247,-1.8940004,0.8505888
ISIC_0068252,-0.07089848,-2.816451
ISIC_0068273,-5.4182243,1.3249661
ISIC_0068275,-2.877063,3.3870926
ISIC_0068276,-2.8308594,1.2761518
ISIC_0068282,-3.4243832,-1.5011237
ISIC_0068290,0.2977331,-2.88917
ISIC_0068291,-3.3951163,-1.3547769
ISIC_0068294,-1.1574229,1.5089632
ISIC_0068299,-4.375416,2.9000509
ISIC_0068303,-3.3067293,1.256182
ISIC_0068315,-2.7730265,1.2398793
ISIC_0068318,-1.0281497,-2.6104589
ISIC_0068321,-0.0054810573,0.042398103
ISIC_0068331,-5.1822114,1.4720644
ISIC_0068343,-2.5007648,3.4602845
ISIC_0068347,-2.3694746,3.216888
ISIC_0068382,-3.326834,-1.9518994
ISIC_0068383,-1.1477677,1.1955441
ISIC_0068385,-5.3141327,1.6315794
ISIC_0068393,-5.4664598,1.7689424
ISIC_0068396,-4.384058,1.8778872
ISIC_0068403,-0.45002696,1.0676261
ISIC_0068407,-2.0343602,-0.2136632
ISIC_0068411,-1.1532526,1.1085976
ISIC_0068427,-2.39044,0.8777753
ISIC_0068438,-4.3334217,2.8924572
ISIC_0068452,-5.253082,-0.511822
ISIC_0068460,0.40768677,-2.5285785
ISIC_0068463,-5.317921,2.0582495
ISIC_0068465,-1.5725634,-2.8554223
ISIC_0068468,-2.7096639,-0.59007347
ISIC_0068488,-3.217417,2.8236697
ISIC_0068513,0.36436817,-2.8940382
ISIC_0068524,-5.2215705,1.6620562
ISIC_0068527,-2.0858722,1.0782033
ISIC_0068528,-2.8386247,-0.46477368
ISIC_0068537,-3.4360251,-0.11582496
ISIC_0068555,-1.7874874,0.97979796
ISIC_0068560,-3.0165799,-1.2712449
ISIC_0068576,-3.793271,-0.5376773
ISIC_0068578,-5.412885,0.6995286
ISIC_0068581,-0.1304761,-0.11870285
ISIC_0068583,-3.3124373,-1.1414144
ISIC_0068584,-5.4796624,1.9775932
ISIC_0068586,-0.2387686,-0.12513392
ISIC_0068609,-4.2076325,2.1623595
ISIC_0068614,-4.25254,3.2760634
ISIC_0068616,-3.1722648,3.149417
ISIC_0068617,-2.9544327,1.8555797
ISIC_0068627,-4.4319143,2.0251675
ISIC_0068628,1.4239241,-1.6133913
ISIC_0068629,-4.4213147,3.2547376
ISIC_0068633,-5.6945577,1.1531956
ISIC_0068638,-0.6509996,0.7062983
ISIC_0068660,-2.6328993,0.98987913
ISIC_0068682,-1.9408029,-1.4046853
ISIC_0068700,-3.3116953,-2.047221
ISIC_0068715,-2.2111995,1.8843254
ISIC_0068717,-5.5015416,1.7677335
ISIC_0068721,0.34652126,-2.669418
ISIC_0068727,-2.5451407,0.69285107
ISIC_0068730,-4.870469,1.5737408
ISIC_0068744,-0.04573817,0.15079276
ISIC_0068747,-2.354462,-0.6841888
ISIC_0068759,-4.4198904,2.8181906
ISIC_0068760,-1.2327037,0.53390664
ISIC_0068761,-0.42463923,0.37936613
ISIC_0068766,-3.3277926,1.595879
ISIC_0068776,-5.4500594,0.15016809
ISIC_0068778,-2.6018946,0.25185317
ISIC_0068800,-5.13628,1.3909934
ISIC_0068808,-2.8204246,0.93137205
ISIC_0068817,-2.5567453,2.6030226
ISIC_0068818,1.3886473,-1.4153309
ISIC_0068819,-2.1883156,1.555909
ISIC_0068840,-5.383479,1.9279146
ISIC_0068850,-4.8182473,1.5085866
ISIC_0068851,-3.9261377,2.677752
ISIC_0068874,-1.2669499,0.31585598
ISIC_0068881,-4.5298896,2.6474981
ISIC_0068882,0.08096795,-2.6803663
ISIC_0068884,-2.150877,2.7401898
ISIC_0068895,-0.3201446,-0.2591757
ISIC_0068897,-1.9212587,0.16849734
ISIC_0068900,-2.489116,0.72890115
ISIC_0068905,-2.3300574,2.698875
ISIC_0068907,-2.759937,1.2263142
ISIC_0068911,-1.2151271,1.0378051
ISIC_0068917,-2.7355003,3.344532
ISIC_0068921,-5.450063,1.7744468
ISIC_0068924,-0.033027902,-0.1384325
ISIC_0068928,-4.4993234,2.6989675
ISIC_0068929,-5.2091165,-0.31275263
ISIC_0068931,-4.614833,3.1130018
ISIC_0068936,-4.443381,3.2234666
ISIC_0068941,-4.311875,2.865961
ISIC_0068961,-5.3910522,1.492427
ISIC_0068962,-2.5126183,3.0684054
ISIC_0068966,-3.1680768,-1.4442677
ISIC_0068975,-3.8198507,-0.5837423
ISIC_0068979,-5.0325756,1.9112159
ISIC_0068981,-3.1909778,-1.8758755
ISIC_0068993,-2.5064108,-1.3173285
ISIC_0069003,-2.9302497,-0.45973378
ISIC_0069008,-2.7758565,2.5008967
ISIC_0069024,-2.7195463,1.0798807
ISIC_0069028,-1.6402096,0.380386
ISIC_0069029,-2.9334393,-2.055374
ISIC_0069042,-3.8550174,-1.7996209
ISIC_0069058,-1.4587793,0.40991372
ISIC_0069059,-4.422241,1.461657
ISIC_0069062,-4.65213,3.044975
ISIC_0069065,-4.4901323,2.792637
ISIC_0069068,-3.5937417,-2.7874024
ISIC_0069070,0.07786898,-2.533882
ISIC_0069072,-0.9128185,-2.4832413
ISIC_0069076,-2.6396513,-1.8619108
ISIC_0069077,-4.8372784,-2.0357213
ISIC_0069091,-5.465177,2.0040224
ISIC_0069093,-2.7408402,0.81514186
ISIC_0069102,-5.413302,0.24464045
ISIC_0069105,-4.574138,-2.011395
ISIC_0069108,-3.5329459,-2.1415977
ISIC_0069112,0.005280809,0.72148204
ISIC_0069119,-2.4208088,1.6972514
ISIC_0069148,-1.5403972,0.5754777
ISIC_0069156,-1.710341,-0.72950566
ISIC_0069158,-3.4043028,-1.9150046
ISIC_0069165,-1.5409646,0.27743137
ISIC_0069167,-4.9416943,-1.6765566
ISIC_0069179,-2.7089376,1.1171052
ISIC_0069192,-1.5483422,0.5646033
ISIC_0069197,-2.7238507,-0.99281883
ISIC_0069199,-2.2836862,2.8850422
ISIC_0069204,-5.334242,1.7284914
ISIC_0069210,-2.381566,-0.40294713
ISIC_0069230,-1.707594,-0.3882096
ISIC_0069238,-5.471458,2.176128
ISIC_0069245,-2.185146,-0.06685057
ISIC_0069246,-2.3188405,1.6921328
ISIC_0069248,-0.050061196,0.25149843
ISIC_0069257,-3.0190542,-1.2150327
ISIC_0069262,-2.4034102,0.9551181
ISIC_0069264,-2.8737173,0.73513025
ISIC_0069267,-5.0624285,0.61389464
ISIC_0069273,-4.110704,-1.97034
ISIC_0069277,-2.3445628,1.6160113
ISIC_0069292,0.2855677,-2.7227767
ISIC_0069293,1.3899872,-1.4146454
ISIC_0069315,-2.2329574,2.8830242
ISIC_0069358,-1.0479112,-0.4960664
ISIC_0069361,-2.5018733,1.7412455
ISIC_0069365,-2.9551368,-1.1810701
ISIC_0069369,-5.3286467,0.9715776
ISIC_0069380,-2.0731275,-0.23744561
ISIC_0069385,-3.6549878,-2.2902715
ISIC_0069386,-4.979459,1.7187083
ISIC_0069391,-2.8625271,-1.3817191
ISIC_0069395,-4.9285536,-1.6820813
ISIC_0069402,-4.290546,-2.0363517
ISIC_0069411,-1.9747597,1.608672
ISIC_0069416,-2.5495584,3.066698
ISIC_0069432,-0.6128404,0.2564292
ISIC_0069437,-4.853426,1.4559537
ISIC_0069457,-3.5694442,2.4944708
ISIC_0069459,0.09323258,-2.627274
ISIC_0069466,-2.8678114,0.712208
ISIC_0069473,-2.898455,2.6906314
ISIC_0069475,-3.9351838,-2.0446117
ISIC_0069479,-4.162276,1.9536811
ISIC_0069481,-3.0843556,-1.6460872
ISIC_0069488,-5.5555816,0.41649228
ISIC_0069504,-4.4984965,-0.56053007
ISIC_0069508,-0.23418258,0.64152306
ISIC_0069509,-1.704636,0.6312319
ISIC_0069511,-3.2588353,-0.0069147544
ISIC_0069514,-5.4288855,2.0336804
ISIC_0069515,-5.4231186,0.4123862
ISIC_0069536,-0.34498578,-2.9275208
ISIC_0069540,-2.8046389,1.2605729
ISIC_0069573,0.5065011,-2.5744247
ISIC_0069583,-4.023213,-0.5573605
ISIC_0069591,-1.8446052,0.50759137
ISIC_0069592,-3.081419,4.1961637
ISIC_0069595,-3.3477328,-0.67040646
ISIC_0069617,-2.7260919,-0.14856015
ISIC_0069620,-1.8453296,1.0217016
ISIC_0069622,-3.9187346,1.6963496
ISIC_0069624,-5.4713492,0.51280797
ISIC_0069626,-5.246122,-0.00077285356
ISIC_0069635,-3.1646032,3.1668766
ISIC_0069638,-4.5302725,2.6479726
ISIC_0069657,-4.7986064,-1.6995714
ISIC_0069660,-3.5506215,-2.162421
ISIC_0069668,-1.549914,0.79578334
ISIC_0069669,-2.0492876,2.7686312
ISIC_0069671,-0.6663804,0.72136885
ISIC_0069705,-0.14469314,-0.15134405
ISIC_0069727,-2.918612,-1.3610616
ISIC_0069733,-2.4402835,3.0323234
ISIC_0069736,-1.4274875,0.5033841
ISIC_0069743,-3.3455653,-0.99837416
ISIC_0069747,-3.7041383,-1.3618717
ISIC_0069775,-4.180788,1.5078076
ISIC_0069791,1.3500649,-1.6077844
ISIC_0069810,-2.9724967,3.4769397
ISIC_0069819,-1.3603477,1.1661228
ISIC_0069821,-0.941161,1.3364476
ISIC_0069833,-3.4624214,-1.9659328
ISIC_0069841,-1.8309183,-0.38997054
ISIC_0069851,-5.0053596,-1.7686431
ISIC_0069859,-4.477485,2.978886
ISIC_0069860,-5.611916,0.9929693
ISIC_0069864,-1.2893476,-1.7278302
ISIC_0069873,-2.9248197,2.9434335
ISIC_0069889,-4.551081,1.6588463
ISIC_0069891,-1.2184453,-2.6672103
ISIC_0069908,-0.25338656,-0.71351457
ISIC_0069918,-0.45907032,-0.36436558
ISIC_0069920,-3.2493172,2.8909798
ISIC_0069922,-3.4244936,1.8687304
ISIC_0069929,-0.40149942,1.0364677
ISIC_0069946,-3.1732597,3.2533693
ISIC_0069951,-0.35801277,0.51339877
ISIC_0069958,-5.2651086,1.3042
ISIC_0069967,-3.311403,-0.71076584
ISIC_0069970,-2.646319,-1.4827254
ISIC_0069977,-5.658912,1.3636532
ISIC_0069984,-0.96168536,-1.522358
ISIC_0069986,-2.8445077,3.2593834
ISIC_0069988,-4.432642,3.0177019
ISIC_0069995,-2.8347983,-0.509556
ISIC_0070006,-0.35471395,1.1819196
ISIC_0070012,-3.5671384,2.6860993
ISIC_0070017,-5.051594,1.1735318
ISIC_0070018,-3.2870288,4.0504427
ISIC_0070032,-5.1825714,2.1762357
ISIC_0070045,-3.2776484,-1.018667
ISIC_0070049,-5.092523,2.1080012
ISIC_0070050,-0.15238324,-0.1453674
ISIC_0070051,-2.5855775,0.07663115
ISIC_0070061,-4.9631944,0.21924806
ISIC_0070068,-2.2144845,0.108515725
ISIC_0070089,-2.9424121,3.4644768
ISIC_0070092,-3.285248,-0.762018
ISIC_0070093,-5.223918,-0.34446922
ISIC_0070095,-4.6311727,3.0858095
ISIC_0070105,-4.2597504,-2.7750142
ISIC_0070107,-5.1296616,-0.3096688
ISIC_0070108,-1.998093,1.7808393
ISIC_0070109,-4.4346027,2.7203517
ISIC_0070110,-2.7108786,0.8224024
ISIC_0070114,-1.9424546,0.38794258
ISIC_0070120,-0.698178,1.098161
ISIC_0070123,0.021185994,-2.8108795
ISIC_0070129,-5.0020614,0.29605678
ISIC_0070137,-0.18252905,-0.08300155
ISIC_0070139,-2.3845258,0.7292388
ISIC_0070141,-4.980354,0.45630845
ISIC_0070149,-0.35808295,1.2778643
ISIC_0070170,-3.9619002,2.6541321
ISIC_0070172,-0.22137114,-3.242661
ISIC_0070207,-3.2958832,2.307473
ISIC_0070215,-0.09501873,0.19951789
ISIC_0070217,-2.5831447,-0.52317363
ISIC_0070220,-5.2792635,1.4180508
ISIC_0070227,-3.9975307,-1.3787888
ISIC_0070235,-0.1376574,0.5025468
ISIC_0070248,-3.1546757,0.6920448
ISIC_0070250,-2.7303195,4.048196e-05
ISIC_0070253,-2.9441845,-0.35404214
ISIC_0070262,-5.023695,-1.6957647
ISIC_0070274,-1.8024175,-0.34613523
ISIC_0070303,-2.84727,2.9643042
ISIC_0070308,-1.0934666,-2.8591607
ISIC_0070313,-2.033004,-1.7571737
ISIC_0070316,-5.026944,1.0650878
ISIC_0070327,-3.8996632,2.5192251
ISIC_0070341,0.31904057,-2.7963827
ISIC_0070342,-1.8473573,1.012034
ISIC_0070344,-4.5541215,2.9544866
ISIC_0070347,-5.032889,1.1756551
ISIC_0070351,-0.4855835,-2.76819
ISIC_0070352,-2.0663118,-1.5195282
ISIC_0070362,1.3529557,-1.6571404
ISIC_0070363,-2.2402308,0.7310566
ISIC_0070366,-0.08885876,0.5755569
ISIC_0070371,-2.8283856,3.285113
ISIC_0070374,-3.0656674,3.5858169
ISIC_0070380,-1.6368669,0.8030407
ISIC_0070387,-4.768472,0.11406528
ISIC_0070396,-2.6636117,-0.8352856
ISIC_0070400,-2.2063162,2.9459193
ISIC_0070403,-3.9581983,-1.8412454
ISIC_0070414,-2.95586,-0.2743493
ISIC_0070419,-4.8279905,-1.7374561
ISIC_0070427,-1.8862767,2.6215234
ISIC_0070431,-4.4078383,2.9348164
ISIC_0070433,-2.068158,-0.3923535
ISIC_0070435,-1.9673233,0.75830454
ISIC_0070439,-3.1866078,0.6916644
ISIC_0070441,-2.656069,3.4063475
ISIC_0070442,-2.5640683,0.63083714
ISIC_0070446,-3.8424802,-2.56329
ISIC_0070447,-0.24082163,-0.067447774
ISIC_0070454,-4.1050997,-1.9319625
ISIC_0070465,-4.9051194,-1.8242433
ISIC_0070477,-4.5196037,1.7081295
ISIC_0070480,-3.0684063,-1.5907191
ISIC_0070489,-3.7031872,-1.8880645
ISIC_0070501,-4.970033,0.4573546
ISIC_0070517,-4.1490293,1.3355937
ISIC_0070520,-3.3346608,-1.2715815
ISIC_0070521,-3.7535033,-2.2101464
ISIC_0070549,-4.7000895,-1.8380706
ISIC_0070551,-3.1808136,-1.0579756
ISIC_0070553,-3.8405147,-0.6041539
ISIC_0070566,-2.8833535,2.6073115
ISIC_0070572,-4.1948905,1.3190027
ISIC_0070578,-4.5069814,2.1791694
ISIC_0070581,-2.7638857,3.160354
ISIC_0070585,-4.521743,-1.9781876
ISIC_0070588,-0.41919369,-0.3468801
ISIC_0070593,-4.478825,-0.32751882
ISIC_0070595,-4.7407618,1.7228211
ISIC_0070596,-0.39788184,1.1382605
ISIC_0070601,-4.035595,-2.266503
ISIC_0070611,-0.20885564,-0.20211408
ISIC_0070614,-0.5121959,-0.46983117
ISIC_0070623,-3.2847586,1.3821644
ISIC_0070629,-5.137976,1.7356167
ISIC_0070653,-2.005123,2.6424255
ISIC_0070657,-5.332937,1.8795569
ISIC_0070658,-4.149504,2.1283739
ISIC_0070666,-2.5572119,-0.48470017
ISIC_0070689,-4.637717,-2.024936
ISIC_0070702,-2.5438857,0.7319268
ISIC_0070709,-2.7278829,1.2098166
ISIC_0070710,-0.8471862,1.2584939
ISIC_0070711,-4.99329,0.80564976
ISIC_0070724,-4.9186544,0.10386716
ISIC_0070727,1.2117685,-1.9445478
ISIC_0070731,-1.5123522,-0.07764688
ISIC_0070743,-5.461285,1.8493088
ISIC_0070745,-1.9796818,-0.16544677
ISIC_0070747,-1.1515893,1.1770967
ISIC_0070752,-2.5487764,-0.10691413
ISIC_0070756,-2.1893713,-0.099150926
ISIC_0070778,-2.5542538,-0.8486045
ISIC_0070784,-2.3921025,0.17095508
ISIC_0070794,-0.16324943,-2.9507887
ISIC_0070799,-2.3978038,-1.321456
ISIC_0070801,0.18803412,-0.8567455
ISIC_0070805,-3.7079067,-2.7330828
ISIC_0070809,-0.44613385,-2.9050882
ISIC_0070814,-2.838677,-0.28852767
ISIC_0070815,-3.0964587,4.1977654
ISIC_0070816,1.2125612,-1.8687304
ISIC_0070822,-2.7004972,0.6850363
ISIC_0070837,-2.7878447,2.4828732
ISIC_0070842,-4.5305786,1.6947275
ISIC_0070846,-2.3383522,3.1785529
ISIC_0070852,-5.380835,0.57085365
ISIC_0070867,-5.67151,1.3505254
ISIC_0070871,-2.360584,0.25337002
ISIC_0070886,-3.2404666,-0.6909161
ISIC_0070888,-2.6886473,1.1194571
ISIC_0070910,-1.9519988,2.548429
ISIC_0070913,-5.3138785,2.0417905
ISIC_0070916,-2.2131848,2.8655784
ISIC_0070920,-3.0741034,3.087276
ISIC_0070927,-3.3372514,3.0644407
ISIC_0070938,-0.12615433,0.24515913
ISIC_0070940,-1.8514544,1.0329919
ISIC_0070959,-5.3804655,2.0858324
ISIC_0070961,-1.560608,-1.8031392
ISIC_0070973,-4.8707094,-1.878814
ISIC_0070974,-4.9915657,1.7210286
ISIC_0070976,-5.002609,0.7987768
ISIC_0070984,-1.6975608,2.1904411
ISIC_0070990,-0.7163809,0.36499545
ISIC_0070992,-2.0025003,-1.6463017
ISIC_0070998,-1.9343523,-1.6238759
ISIC_0071006,-5.0201125,2.1286008
ISIC_0071012,-2.4628694,0.6483067
ISIC_0071017,-3.864453,-2.4347053
ISIC_0071035,-0.25693598,0.64145446
ISIC_0071043,-2.2388604,1.7005706
ISIC_0071045,-1.4905299,0.6340202
ISIC_0071047,0.13729955,-2.027587
ISIC_0071048,-1.7314059,0.9436803
ISIC_0071067,-5.3275843,0.31521478
ISIC_0071069,-2.2863157,0.6733819
ISIC_0071074,-1.6861645,0.982755
ISIC_0071089,-0.5932866,0.17956734
ISIC_0071095,-0.23018877,0.46342257
ISIC_0071101,-2.4291627,3.488124
ISIC_0071109,-3.0968451,4.19131
ISIC_0071111,-2.401402,-1.067489
ISIC_0071119,-2.8675408,-0.38074198
ISIC_0071122,-1.3470328,0.6248413
ISIC_0071124,-3.3534315,-0.95223963
ISIC_0071132,-2.337709,0.057618346
ISIC_0071133,-2.3961408,-1.7415379
ISIC_0071134,-1.994286,1.3992808
ISIC_0071137,-4.3000784,1.5758884
ISIC_0071138,-5.346226,1.3790886
ISIC_0071142,-2.4945846,3.0570848
ISIC_0071169,-2.9406242,3.3922296
ISIC_0071176,-4.5924554,1.0561547
ISIC_0071178,-5.1214633,1.2311119
ISIC_0071180,-2.3068168,1.6570928
ISIC_0071196,-2.43519,3.0619597
ISIC_0071208,-0.76374733,0.42946574
ISIC_0071215,1.3004485,-1.719145
ISIC_0071218,-4.7733116,2.0166569
ISIC_0071238,-3.0014966,3.4360452
ISIC_0071240,-2.23,-1.4557298
ISIC_0071245,-4.9251003,-1.8345501
ISIC_0071253,-5.0350785,1.959477
ISIC_0071257,-3.0280917,-2.4039195
ISIC_0071258,-5.5542026,1.0339098
ISIC_0071260,-5.2522707,-0.51022625
ISIC_0071271,-4.235956,-2.0167649
ISIC_0071289,-1.4410653,0.8294496
ISIC_0071290,-5.0640755,2.044853
ISIC_0071303,-0.81558025,0.14628144
ISIC_0071311,-5.449143,0.30818364
ISIC_0071315,-5.56912,1.9579583
ISIC_0071335,-2.9123046,2.1516893
ISIC_0071342,-1.3162581,0.44528204
ISIC_0071346,-5.5051756,1.2996228
ISIC_0071357,-2.3437722,1.6117105
ISIC_0071361,-2.195647,2.7553685
ISIC_0071388,-2.68821,1.0712361
ISIC_0071392,-5.430736,1.8276839
ISIC_0071395,-5.389579,1.721246
ISIC_0071401,-0.24277216,0.6317835
ISIC_0071404,-3.0370696,-1.0622747
ISIC_0071420,-4.6738534,3.0441992
ISIC_0071430,-3.9980643,-2.3226879
ISIC_0071431,-2.3097308,2.7505603
ISIC_0071443,-2.5779724,-0.32719377
ISIC_0071458,-2.827318,-0.7850539
ISIC_0071470,-5.410564,0.7191332
ISIC_0071476,-5.4562464,1.7672601
ISIC_0071478,-2.612923,-1.0289663
ISIC_0071528,-2.5981677,-1.4347893
ISIC_0071534,-1.6091608,-0.20808572
ISIC_0071550,-5.74559,1.1241
ISIC_0071558,0.34813157,-2.96565
ISIC_0071559,-3.225656,-0.99271995
ISIC_0071563,-2.4760587,3.599718
ISIC_0071568,-1.1338934,-0.30081433
ISIC_0071576,0.20849028,-2.6377623
ISIC_0071579,-2.3759196,-0.35483155
ISIC_0071580,-0.12028975,0.5732286
ISIC_0071583,-3.691565,2.5705698
ISIC_0071584,-2.8983293,-0.9213717
ISIC_0071586,0.002123665,-3.1512399
ISIC_0071592,-1.5076293,0.30371884
ISIC_0071594,-1.53937,0.5931447
ISIC_0071596,-3.4849806,-1.8910618
ISIC_0071600,-4.8594923,-1.7191842
ISIC_0071628,-2.823237,1.7695806
ISIC_0071632,-5.4120297,0.52337396
ISIC_0071648,-2.7259948,3.1948268
ISIC_0071651,-4.6269884,1.2491652
ISIC_0071663,-1.8177564,0.6713114
ISIC_0071666,-3.4114783,-2.0783274
ISIC_0071668,-3.230513,-1.010807
ISIC_0071673,-2.3020258,3.006969
ISIC_0071678,-0.055070575,-0.038894728
ISIC_0071702,-2.7281516,-1.5810922
ISIC_0071707,-3.643969,2.5781567
ISIC_0071713,-3.0707676,4.1890655
ISIC_0071717,-1.2877369,0.6514422
ISIC_0071720,-2.76108,2.2387373
ISIC_0071725,-1.3179505,0.8641792
ISIC_0071726,0.23708819,-2.6322467
ISIC_0071740,-0.14757507,0.3944325
ISIC_0071765,-4.185079,3.3591485
ISIC_0071766,-2.2749877,2.90888
ISIC_0071767,-2.3888543,2.171967
ISIC_0071774,-1.6871022,0.59757644
ISIC_0071776,-4.1543326,2.0142596
ISIC_0071778,-1.2217293,0.92957956
ISIC_0071782,-4.468195,2.6721175
ISIC_0071783,-1.299593,0.27054465
ISIC_0071784,-5.13926,0.61007524
ISIC_0071788,-3.021491,-0.18281066
ISIC_0071797,-2.7444944,3.150875
ISIC_0071800,-2.4777522,0.16766696
ISIC_0071806,0.14144635,-2.7164073
ISIC_0071808,-5.14688,1.5837619
ISIC_0071815,-5.0190935,1.2826525
ISIC_0071834,-2.5525067,-0.4972616
ISIC_0071857,-2.8887613,2.6268876
ISIC_0071865,-5.7806277,1.3392339
ISIC_0071869,0.09592815,-3.1543894
ISIC_0071875,-3.0525243,3.57316
ISIC_0071891,-2.2995613,1.9083428
ISIC_0071892,-1.4465084,0.83191043
ISIC_0071901,-1.1225595,0.7181479
ISIC_0071904,-4.455232,-2.0709255
ISIC_0071906,-1.0226725,-2.3029985
ISIC_0071916,-0.4786321,-0.11973432
ISIC_0071926,-5.1273503,0.9031452
ISIC_0071931,0.022972468,-1.9739325
ISIC_0071936,-5.249153,-0.50329006
ISIC_0071939,-5.255665,-0.51943195
ISIC_0071944,0.33330584,-2.7605712
ISIC_0071950,-1.5748019,0.62234694
ISIC_0071951,-2.4201474,0.8884857
ISIC_0071957,-4.9768777,-1.7781304
ISIC_0071970,-2.7072198,-0.55357444
ISIC_0071972,-2.8618922,-0.3710664
ISIC_0071992,-5.0185986,-1.4878762
ISIC_0071996,-5.3541203,0.74232394
ISIC_0071997,-5.4345174,2.1068351
ISIC_0072001,-4.8746843,0.04397238
ISIC_0072002,-4.3006043,3.1807199
ISIC_0072003,-2.554018,0.6334659
ISIC_0072004,-3.8551579,-0.60019517
ISIC_0072006,-1.9789746,-0.29316545
ISIC_0072010,-3.1587107,3.2390962
ISIC_0072021,-5.4139004,1.7502576
ISIC_0072030,-0.07182123,0.159632
ISIC_0072032,-1.5170537,0.40092906
ISIC_0072041,-5.157116,1.316721
ISIC_0072051,0.41758883,-2.420855
ISIC_0072061,-0.41091472,0.8498216
ISIC_0072063,-1.9094758,0.86194533
ISIC_0072065,-3.8387582,-2.268179
ISIC_0072069,-2.183948,2.8200593
ISIC_0072077,-5.2170606,0.24925868
ISIC_0072078,-1.7670488,0.4534819
ISIC_0072087,-3.1316314,1.0311719
ISIC_0072090,-2.3437319,0.7686082
ISIC_0072099,-4.506435,3.198667
ISIC_0072101,-2.697169,0.83910245
ISIC_0072103,-2.20212,-0.08095419
ISIC_0072109,-4.1744537,3.3534014
ISIC_0072111,-2.708923,1.7912353
ISIC_0072121,-2.3352356,0.88211286
ISIC_0072122,-5.3874125,1.9509363
ISIC_0072126,-2.8101718,-0.46110773
ISIC_0072142,-5.516274,1.8598176
ISIC_0072151,-3.1794176,-0.7670385
ISIC_0072154,-2.997796,0.76660174
ISIC_0072156,-1.259203,1.1191262
ISIC_0072157,-5.2318873,-0.076890126
ISIC_0072166,-2.9269984,3.4190035
ISIC_0072173,-2.4580405,0.9024085
ISIC_0072174,-2.5032818,0.8601446
ISIC_0072178,-2.9561737,2.6879153
ISIC_0072182,-2.020284,1.4680066
ISIC_0072188,-4.630113,1.3215876
ISIC_0072195,-5.60602,0.46086404
ISIC_0072198,-4.8247128,1.6541039
ISIC_0072215,0.024428658,0.43576112
ISIC_0072218,-4.7182584,1.8729571
ISIC_0072223,-0.29856712,0.33021578
ISIC_0072226,-5.245847,-0.38072252
ISIC_0072230,-4.855828,-1.7950807
ISIC_0072241,-5.3883557,1.7251115
ISIC_0072242,-5.330504,0.3673653
ISIC_0072252,-3.1347258,2.3815496
ISIC_0072268,-2.7718258,2.7592263
ISIC_0072271,-2.9053552,-2.5357006
ISIC_0072279,-5.246988,1.2834446
ISIC_0072280,-3.6286497,-2.3037577
ISIC_0072286,-1.53878,0.032640714
ISIC_0072287,-5.4370036,1.742713
ISIC_0072294,-4.1323514,-2.796399
ISIC_0072297,-1.0407977,-0.9360045
ISIC_0072299,-4.978681,0.26212084
ISIC_0072301,-3.0500755,-2.217578
ISIC_0072315,-2.3665583,1.0358325
ISIC_0072330,-2.895702,-0.5005017
ISIC_0072339,-4.8860383,1.950147
ISIC_0072344,-2.6507344,2.3698363
ISIC_0072348,0.40787393,-2.8926573
ISIC_0072353,-2.446929,2.760446
ISIC_0072354,-3.782137,-1.0549164
ISIC_0072358,-5.3313746,2.133457
ISIC_0072360,-2.9985597,3.5371892
ISIC_0072363,-2.8683233,3.0262794
ISIC_0072369,-2.5674722,1.1524541
ISIC_0072371,-5.3380795,-0.026420822
ISIC_0072374,-2.6832488,-2.6550653
ISIC_0072375,-3.315186,-1.9156772
ISIC_0072377,0.01366451,-2.4009113
ISIC_0072380,-2.3572733,0.8296234
ISIC_0072396,-4.8525186,-2.0299175
ISIC_0072401,-3.4852927,3.1291423
ISIC_0072405,-0.26068455,0.51853114
ISIC_0072411,-5.472878,2.1048965
ISIC_0072415,-0.22406213,0.38664258
ISIC_0072422,-2.0421886,-0.26537564
ISIC_0072429,-5.171844,0.017064009
ISIC_0072437,0.17891839,-2.7089424
ISIC_0072439,-1.7136931,0.23465633
ISIC_0072440,-2.625814,-1.2949154
ISIC_0072441,-2.4597423,-0.0013573156
ISIC_0072473,-5.7034254,1.0623866
ISIC_0072482,-5.535081,1.90105
ISIC_0072494,-5.2285714,1.199235
ISIC_0072495,-4.680422,1.5572959
ISIC_0072507,-1.3787401,0.19065437
ISIC_0072508,-4.882294,-1.738984
ISIC_0072516,-3.3148222,1.9036406
ISIC_0072522,-5.5077877,0.22383556
ISIC_0072523,-0.13476576,-0.4817393
ISIC_0072531,-3.0331688,1.402016
ISIC_0072534,-4.506278,3.2081168
ISIC_0072535,-2.3364558,-2.030956
ISIC_0072538,-0.093933046,-0.30575445
ISIC_0072557,-3.8653297,-2.5763426
ISIC_0072559,-1.2935835,-1.2701772
ISIC_0072565,-2.1862836,2.6083229
ISIC_0072568,-4.068023,-0.24645562
ISIC_0072569,-0.3235202,0.5538074
ISIC_0072574,-3.960259,1.71998
ISIC_0072585,-5.440485,0.437925
ISIC_0072586,-5.526096,1.1030257
ISIC_0072594,-5.4871073,1.6386983
ISIC_0072595,-3.8355587,-0.5819312
ISIC_0072612,-4.469886,3.1616914
ISIC_0072619,-5.496232,1.467151
ISIC_0072624,-4.317144,-2.299361
ISIC_0072626,-5.393821,2.0457993
ISIC_0072631,-2.803955,-0.24084431
ISIC_0072641,0.40115154,-2.6825578
ISIC_0072642,-4.8178473,-1.8341908
ISIC_0072653,-0.09610398,0.6137398
ISIC_0072689,-4.149604,1.3396503
ISIC_0072691,-2.908429,0.8973926
ISIC_0072694,-3.7793944,-2.6791399
ISIC_0072705,-2.450322,0.6085529
ISIC_0072713,-1.9465315,0.9118612
ISIC_0072714,-3.5432444,2.414454
ISIC_0072730,-2.8214986,-0.8801008
ISIC_0072733,-2.794541,1.1959649
ISIC_0072738,-0.41839504,-0.35074717
ISIC_0072743,-1.5601104,0.22107346
ISIC_0072747,-4.4042425,2.7486615
ISIC_0072748,-1.2757404,0.85953975
ISIC_0072753,-5.641387,1.5892295
ISIC_0072755,-1.8427708,0.9520315
ISIC_0072758,-4.5133476,1.7186297
ISIC_0072763,-4.1298285,1.3421694
ISIC_0072768,-2.5231779,1.7994083
ISIC_0072773,-3.0423577,-0.9703682
ISIC_0072780,-1.2678368,0.16247527
ISIC_0072783,-3.7816677,-0.54455715
ISIC_0072785,-5.279353,1.8818568
ISIC_0072793,-5.1251717,1.081599
ISIC_0072799,-5.2019973,1.6307702
ISIC_0072820,-5.0680532,1.8588351
ISIC_0072824,-2.335378,1.0277655
ISIC_0072827,-3.0090394,0.62286437
ISIC_0072828,-4.7974896,2.008803
ISIC_0072843,-2.4418344,0.9098131
ISIC_0072844,-4.797589,1.221984
ISIC_0072845,-2.924038,3.4108326
ISIC_0072862,-4.3500247,2.7671895
ISIC_0072865,-3.1894462,-0.9952552
ISIC_0072872,-3.945757,1.8530108
ISIC_0072876,-5.22718,0.298428
ISIC_0072887,-4.8537273,0.6872219
ISIC_0072889,-2.4752972,3.3355775
ISIC_0072896,-4.103762,1.2271172
ISIC_0072909,-0.31782085,1.3778478
ISIC_0072917,-1.8283331,-1.6657876
ISIC_0072923,-3.5796428,2.4690986
ISIC_0072924,-4.493503,1.4474604
ISIC_0072930,-1.3090727,0.14696303
ISIC_0072939,-2.2102282,0.6633068
ISIC_0072961,-2.158967,0.8312661
ISIC_0072966,-4.4961214,2.7020886
ISIC_0072968,-2.7037678,-1.1895738
ISIC_0072976,-0.8171494,0.2520066
ISIC_0072977,-2.1956143,1.918085
ISIC_0072983,-2.5225496,0.6643847
ISIC_0072985,-3.8292627,-2.8927798
ISIC_0072990,-1.5291008,0.7253065
ISIC_0072991,-3.4841735,-2.3229327
ISIC_0073007,-0.67619026,-1.8477343
ISIC_0073016,-2.4578207,2.7983887
ISIC_0073018,-3.7501035,-1.8341986
ISIC_0073038,-5.492163,2.0199106
ISIC_0073044,-5.6158195,0.43029407
ISIC_0073054,-2.0644877,-0.22978981
ISIC_0073065,-4.790706,0.78973615
ISIC_0073075,-5.2527485,-0.065372065
ISIC_0073078,-5.5890827,1.863804
ISIC_0073089,-4.7510843,2.299722
ISIC_0073102,-3.264224,-2.5874002
ISIC_0073119,-3.4045937,-1.3633755
ISIC_0073124,-2.5913765,0.70912826
ISIC_0073127,-0.28529933,0.8176802
ISIC_0073134,-5.59048,1.7608775
ISIC_0073136,1.0371381,-1.713977
ISIC_0073143,-5.770288,1.0867304
ISIC_0073147,-4.604439,-1.933216
ISIC_0073156,-5.1242275,1.375598
ISIC_0073173,-2.605648,3.4579682
ISIC_0073190,-4.854845,1.9331552
ISIC_0073191,-4.52612,1.7425195
ISIC_0073194,-5.171668,0.80599064
ISIC_0073203,-2.7737992,0.9778889
ISIC_0073204,-5.263144,1.9958531
ISIC_0073218,-4.868424,1.1064044
ISIC_0073227,-5.1709805,0.98584557
ISIC_0073231,-5.457536,1.7574315
ISIC_0073237,-2.4905417,-0.09153343
ISIC_0073238,-2.8951786,-0.9432512
ISIC_0073241,-4.117334,3.2465923
ISIC_0073249,-2.3459256,1.6803362
ISIC_3733653,2.6740148,-2.31114
ISIC_8886139,1.0921026,-2.6023993
ISIC_9367522,-4.3449492,0.98326355
ISIC_4676270,2.3505893,-2.6310244
ISIC_7546219,2.2130358,-2.669618
ISIC_2883463,5.6206713,2.1973333
ISIC_3203344,-3.3337493,-1.8644099
ISIC_9585329,5.758287,2.0851686
ISIC_3963183,5.7322617,2.3156197
ISIC_9828846,-3.2703497,1.324685
ISIC_3338629,-3.4696226,1.2821846
ISIC_3025889,5.5849175,1.6690212
ISIC_7320371,1.1458644,-2.6876493
ISIC_1177153,5.9521604,2.0414965
ISIC_5086349,2.6463494,-2.3168468
ISIC_6809586,-4.0497355,-2.9611833
ISIC_0681019,-3.3317156,-1.7817943
ISIC_5272223,-1.2771094,-1.3485891
ISIC_8872158,2.8541567,-2.7378464
ISIC_9353360,5.87438,2.1998687
ISIC_1116483,2.6122067,-2.233975
ISIC_5343231,2.7676458,-2.7437463
ISIC_1729223,-2.4136953,-1.1931107
ISIC_5797062,0.88028646,-3.0077677
ISIC_3408231,2.6010334,-2.251624
ISIC_8379956,2.616522,-2.2707016
ISIC_9900191,2.3234727,-2.706858
ISIC_7973598,5.398488,2.092628
ISIC_0481105,-3.0683134,-1.8699892
ISIC_6096565,2.6356776,-2.645273
ISIC_9677503,-4.0407853,-2.6265366
ISIC_6786198,2.3412812,-2.7387507
ISIC_2750230,-3.2394426,-3.1534483
ISIC_7636412,2.3167677,-2.7044246
ISIC_3335904,2.2355933,-2.73413
ISIC_5224960,5.8416324,2.1471038
ISIC_5426249,2.312578,-2.6658387
ISIC_5795436,0.94007045,-2.940947
ISIC_4975524,2.586827,-2.2535944
ISIC_2839742,2.0789928,-2.6611102
ISIC_6814727,2.7244349,-2.6369684
ISIC_9957368,2.6638935,-2.3372304
ISIC_9978107,5.380385,1.5342345
ISIC_1210011,1.2409059,-2.9906743
ISIC_1589997,2.7071016,-2.5378847
ISIC_4508878,0.616091,-2.9958384
ISIC_6961503,1.105461,-2.8839493
ISIC_4009870,5.5793214,2.309119
ISIC_0645454,2.7716076,-2.7229116
ISIC_5747942,1.4029512,-2.1488914
ISIC_3561065,5.581953,2.0712585
ISIC_1177505,2.3874216,-2.4569538
ISIC_0457344,-3.4707973,-2.5542026
ISIC_7130929,2.3733685,-2.6873655
ISIC_7577395,-3.2485197,-1.8160654
ISIC_1975042,-2.781547,-3.1479428
ISIC_7410175,2.2920718,-2.7076561
ISIC_2979268,-3.6650934,-3.0075068
ISIC_0844312,5.624801,2.2435436
ISIC_6300866,-0.9971783,-0.48468974
ISIC_7457700,1.1645392,-2.873765
ISIC_5172576,0.99430954,-3.0150936
ISIC_8990534,5.599806,2.3808475
ISIC_8692218,1.3208952,-2.8079827
ISIC_3941123,1.7679526,-1.8804638
ISIC_7960321,1.3298072,-2.848202
ISIC_8554769,1.0510626,-2.994567
ISIC_8566006,2.2298806,-2.7036264
ISIC_7693611,1.101237,-2.875661
ISIC_7724762,2.6605687,-2.5772169
ISIC_7183212,1.4372222,-2.8230424
ISIC_4916704,2.76278,-2.407619
ISIC_8106899,2.8273995,-2.729024
ISIC_7503950,1.1409245,-2.0235038
ISIC_4170698,1.1200153,-2.0796201
ISIC_3993924,2.7607195,-2.5709136
ISIC_1255336,5.8107123,2.275885
ISIC_7353870,1.234625,-2.8997486
ISIC_7327423,5.465108,1.7448567
ISIC_5719436,5.516498,2.2826529
ISIC_8882374,-3.2283435,-1.7854488
ISIC_4223155,2.5070212,-2.730895
ISIC_3996796,-3.7138817,-0.84946984
ISIC_0639769,5.7524967,2.0550382
ISIC_6450034,1.0966971,-2.8352232
ISIC_1948545,0.89568174,-2.9693499
ISIC_9268487,5.527153,1.6815999
ISIC_4000481,1.2504497,-2.8442428
ISIC_2535541,2.0437388,-2.0201805
ISIC_9544832,0.9475909,-3.0019517
ISIC_5388184,2.6682067,-2.3389795
ISIC_5084113,1.539137,-1.5888458
ISIC_4229473,2.8602405,-2.7429235
ISIC_2447578,-1.30017,-1.389704
ISIC_8008539,1.2783867,-2.8268588
ISIC_6688417,-3.051787,-1.0232831
ISIC_9677559,2.7179713,-2.7441955
ISIC_0287325,2.7811582,-2.607234
ISIC_8344285,2.3036547,-2.7309659
ISIC_8943817,2.0816083,-2.557472
ISIC_2341309,-2.9331112,-1.95355
ISIC_1460169,-4.1040506,-1.9733447
ISIC_9006649,-3.2490177,-3.160392
ISIC_3510420,2.788377,-2.7196238
ISIC_2098553,2.2313225,-2.654004
ISIC_4359352,1.6911129,-1.8292053
ISIC_4282399,2.4348037,-2.7274857
ISIC_8839128,-4.1881657,-2.927445
ISIC_3481499,-1.4850878,0.107660934
ISIC_9770677,-3.3444545,-1.4444461
ISIC_2153686,5.8771777,2.2346134
ISIC_5267208,5.929131,2.0740647
ISIC_1956504,5.4576387,1.8526032
ISIC_6220625,5.915524,2.1706283
ISIC_1157032,5.6087794,2.2069545
ISIC_1605629,5.9479957,2.0206144
ISIC_8672524,5.6758847,2.230006
ISIC_4597293,5.5219254,1.649167
ISIC_1484659,-2.7085452,-1.5999693
ISIC_5425721,5.581843,1.7495747
ISIC_0502582,1.2913252,-2.8162804
ISIC_6851408,2.7077444,-2.3494983
ISIC_0247330,-1.9419664,-1.8141496
ISIC_5369000,5.737656,1.8734003
ISIC_3944634,-3.2544,-1.7927942
ISIC_8527092,1.2867383,-2.8080595
ISIC_3265514,5.6971135,2.3788397
ISIC_7080469,2.480744,-2.73087
ISIC_6398669,-1.5787953,-1.4924421
ISIC_2101624,1.9651645,-2.6173418
ISIC_8951909,2.3711746,-2.7515817
ISIC_9729042,5.894265,2.163403
ISIC_2072219,5.789957,2.2439725
ISIC_4619789,2.6194913,-2.2863586
ISIC_6348638,5.4372377,1.9673727
ISIC_7748311,5.8271456,1.9262353
ISIC_2823287,5.738757,1.8430927
ISIC_6541615,0.6063246,-3.0982778
ISIC_5247560,5.540538,1.6409185
ISIC_3343475,1.2186176,-2.0348704
ISIC_8677053,2.2394063,-2.6756933
ISIC_4936662,2.451509,-2.5347087
ISIC_8194835,-3.266088,-1.9537082
ISIC_4730066,-3.1210415,-1.6337287
ISIC_2967024,0.84144145,-2.975138
ISIC_4525317,-4.386421,-2.5833862
ISIC_7785723,5.593349,2.3061163
ISIC_7181296,0.9661796,-2.9922519
ISIC_7658729,2.2878518,-2.7979138
ISIC_0333091,5.619069,2.3420615
ISIC_6496370,2.8504324,-2.7863982
ISIC_1241817,1.5251452,-1.5209953
ISIC_2176112,-2.3502574,0.72452086
ISIC_8615491,2.5739157,-2.1893544
ISIC_2822718,2.6418328,-2.7364597
ISIC_2560699,2.680822,-2.530757
ISIC_5352496,-4.209389,-2.7850466
ISIC_9048507,2.4535775,-2.743824
ISIC_7261174,5.3247323,1.9906006
ISIC_2685593,2.8258276,-2.686799
ISIC_0961235,-3.5951986,-2.4669156
ISIC_7075474,-4.1729956,-2.9187162
ISIC_0924427,-2.4833782,3.6533928
ISIC_3880022,0.84828097,-3.0451815
ISIC_9863642,-2.7012994,3.716288
ISIC_8417873,1.1843984,-2.8458188
ISIC_8325226,5.9192405,2.1847005
ISIC_5415761,0.86942416,-2.9969804
ISIC_8497457,2.824209,-2.7500553
ISIC_6811237,-3.243321,-1.7718349
ISIC_5605645,-2.9329782,0.72925645
ISIC_8859274,2.7026708,-2.4357862
ISIC_0250839,5.561448,1.9076812
ISIC_7939816,5.6262507,1.9957489
ISIC_7662910,1.7882053,-1.94558
ISIC_6190621,-0.3681417,-3.2702637
ISIC_0588352,5.621715,2.3881285
ISIC_2841788,2.8242497,-2.6768813
ISIC_7101732,5.58511,2.3976114
ISIC_9910791,2.3949509,-2.6499748
ISIC_4493482,1.2223471,-2.7058468
ISIC_9509757,2.128032,-2.5114338
ISIC_9053910,2.3250122,-2.663374
ISIC_2077116,2.2335653,-2.8389287
ISIC_1132496,0.85400224,-3.0346322
ISIC_4120174,2.400252,-2.6871343
ISIC_1009042,-3.3331416,-1.7234285
ISIC_3207651,1.0170637,-3.0068545
ISIC_2342769,5.882811,2.1864922
ISIC_3023646,5.854693,2.1938808
ISIC_0862745,2.7895527,-2.7388332
ISIC_9556334,1.253618,-2.871158
ISIC_7079349,-0.61882764,-2.1410394
ISIC_8002875,-2.9362912,3.342913
ISIC_6767569,-2.5024953,3.6191108
ISIC_4118006,2.2292006,-2.7320323
ISIC_0911264,-3.5969663,-1.0096481
ISIC_8157654,2.6793122,-2.355106
ISIC_6561111,2.3360238,-2.6901019
ISIC_4980656,2.487571,-2.3160791
ISIC_7489564,1.3277974,-2.7950697
ISIC_1620401,2.4458559,-2.4803057
ISIC_0232101,5.813409,2.3187408
ISIC_2668481,2.5122223,-2.558316
ISIC_3253484,2.6940248,-2.4063146
ISIC_6248008,-3.609097,-0.94170237
ISIC_6784593,-2.6713238,-1.6097908
ISIC_8281208,5.9037156,2.2356272
ISIC_6927840,1.4120771,-2.1294978
ISIC_6496251,1.9603274,-2.7961564
ISIC_8985109,-4.1868205,-2.9290984
ISIC_3803651,-3.1911285,-2.6501288
ISIC_6056121,-2.1503613,-0.85316837
ISIC_6228963,2.5980089,-2.6057787
ISIC_5581931,2.5070443,-2.1441414
ISIC_7927525,2.5012014,-2.756989
ISIC_4653503,1.4181141,-1.8170251
ISIC_4874581,-3.5443597,-1.4596652
ISIC_2844539,-3.0786064,-1.5866948
ISIC_2071966,-3.6006086,-2.5161688
ISIC_1564663,-4.1714463,-2.945021
ISIC_3450017,-2.839973,-1.6130818
ISIC_0188432,2.799974,-2.7622647
ISIC_7936755,-2.3552728,1.4714823
ISIC_4408559,-4.130022,-2.0609307
ISIC_1037315,2.5598722,-2.7641912
ISIC_5495413,-2.200485,-3.1887527
ISIC_0178428,2.2365465,-2.7041664
ISIC_2230091,5.856664,2.1844616
ISIC_2076526,-3.21026,-1.7411656
ISIC_7346228,-2.5099084,3.6887622
ISIC_1630301,5.5599165,1.913725
ISIC_6255113,5.658371,2.0127947
ISIC_9821002,0.044722013,-3.168798
ISIC_6736963,-3.204708,-1.9563605
ISIC_1068686,2.6832225,-2.7266765
ISIC_5867911,-1.37982,0.8955112
ISIC_8381531,1.4700731,-2.5499048
ISIC_0599605,0.8847606,-3.0212476
ISIC_0953317,0.90769976,-3.0124352
ISIC_7100755,2.7723174,-2.7286894
ISIC_5315062,2.2694077,-2.6798701
ISIC_2609984,5.6937294,2.3340344
ISIC_6398283,2.6389105,-2.4091303
ISIC_1071355,2.1289637,-2.6692426
ISIC_0533122,2.7087917,-2.4611065
ISIC_2437633,2.698688,-2.6229367
ISIC_2797353,5.81772,2.2692218
ISIC_4842587,2.662674,-2.3685973
ISIC_7573463,0.9064019,-3.039486
ISIC_5288393,-0.46061978,-0.7943035
ISIC_0585534,2.6950762,-2.2865283
ISIC_8609756,5.7870355,2.2703502
ISIC_5140952,5.6576805,2.1679296
ISIC_2105563,5.6933036,2.2199636
ISIC_6625102,2.342173,-2.719311
ISIC_0337631,5.739796,2.3109589
ISIC_2766590,2.3051665,-2.7332597
ISIC_8372206,5.6913357,1.7628719
ISIC_8632904,2.6930149,-2.4912086
ISIC_7949783,-3.1401472,-1.6170824
ISIC_2979177,1.1632574,-2.859047
ISIC_6159600,2.846729,-2.6182973
ISIC_7064511,1.0299522,-2.8540561
ISIC_4961146,2.591626,-2.6526225
ISIC_7889097,2.5551047,-2.695358
ISIC_5664695,-5.1963744,0.9954431
ISIC_1124434,2.6504939,-2.408387
ISIC_9980216,1.493714,-2.7183383
ISIC_7070020,-2.0785065,-0.99767965
ISIC_6110888,-0.56632817,-0.105416656
ISIC_8621568,-3.07246,-2.3553252
ISIC_2033237,-2.520909,-1.7841258
ISIC_5673518,-3.374474,-2.6391819
ISIC_6251753,-3.230699,-2.5532072
ISIC_9963177,-2.576985,-1.859973
ISIC_2700320,-3.0428424,-2.5225513
ISIC_3084312,-1.982264,-1.009322
ISIC_6516710,-3.2009006,-2.4623425
ISIC_6526489,-2.5960093,-2.2214572
ISIC_3965087,-2.9129274,-2.2272751
ISIC_6931277,-3.8205328,-3.186758
ISIC_5505677,-2.020794,-1.0026717
ISIC_7536704,-2.8125305,-2.3479981
ISIC_1569119,-0.6771478,-0.10484472
ISIC_8866651,-2.2237778,-1.2053525
ISIC_2528358,-2.3752043,-1.9217049
ISIC_5129659,-1.7081708,-1.8637868
ISIC_6125652,-2.0611272,-0.91182226
ISIC_1356715,-3.0450523,-2.7920172
ISIC_0274382,-2.8689713,-2.335852
ISIC_4346693,-0.2124526,-3.1201282
ISIC_2720971,-3.1347957,-2.5502226
ISIC_8702237,-2.490788,-1.9012153
ISIC_6713432,-2.9149911,-2.2025752
ISIC_2320481,-2.0943353,-0.99965656
ISIC_1330008,-2.4694855,-2.2073715
ISIC_9785077,-3.2633622,-2.4424462
ISIC_3936223,-0.79030967,-2.4107714
ISIC_2377844,-3.5286674,-2.9687936
ISIC_7371801,-2.1043527,-1.0042628
ISIC_2883756,-2.0741255,-0.9434851
ISIC_6512653,-2.955416,-2.6953475
ISIC_4469476,-2.998888,-2.2872863
ISIC_7904829,-2.553671,-1.8553567
ISIC_8564474,-2.0942721,-0.9135609
ISIC_0833889,-2.6368582,-1.9763625
ISIC_2779036,-2.7711375,-2.0982292
ISIC_6509682,-3.1373665,-2.3728716
ISIC_0273046,-2.9183085,-2.7305398
ISIC_6966001,-3.0425406,-2.84118
ISIC_1398333,-2.3519483,-2.8288462
ISIC_3969411,-2.1938095,-1.113492
ISIC_2481044,-3.0782645,-2.4247718
ISIC_3778192,-3.1063268,-2.3204439
ISIC_1822797,-3.0776603,-2.6624641
ISIC_8283552,-2.816378,-2.0317197
ISIC_9000824,-2.115681,-1.0253679
ISIC_9193127,-3.1202376,-2.4743912
ISIC_9478088,-0.8306608,-0.17170519
ISIC_0149568,-1.9511925,-1.970426
ISIC_2607827,-4.026953,-3.0016103
ISIC_9022005,-1.9703385,-1.9721962
ISIC_9967383,-4.007956,-2.9907124
ISIC_6539127,-2.6370358,-2.2076123
ISIC_8355446,-2.4988236,-2.1292706
ISIC_0207268,-2.0313551,-1.8460478
ISIC_7545731,-4.0327106,-2.9437642
ISIC_2561898,0.105530046,-3.0856128
ISIC_6584579,-1.8831536,-2.2057986
ISIC_6352565,-1.9124353,-2.2467113
ISIC_4439054,-0.94083595,0.49966002
ISIC_5565758,-3.0770307,-2.1969411
ISIC_0703440,-3.142933,-2.4979634
ISIC_2987613,-4.0957413,-2.091967
ISIC_0467617,-2.280878,-2.335022
ISIC_7763042,-2.5645041,-2.312851
ISIC_7062201,-2.8294463,3.6223161
ISIC_1449628,-3.2149305,3.3249235
ISIC_6381819,-4.2254725,3.297586
ISIC_4810227,-4.9837184,-0.0703321
ISIC_9752088,-2.3410938,-1.6528802
ISIC_9456779,-4.6187615,-0.0023966571
ISIC_0606244,-0.0028288441,-2.7982216
ISIC_9114248,-3.0727348,-2.2476008
ISIC_0873174,-3.0126622,-2.4838367
ISIC_9345094,-3.4389813,-2.7847097
ISIC_2318474,-5.022472,0.62516385
ISIC_2438481,-4.591993,2.736127
ISIC_1440160,-4.569485,2.7597086
ISIC_4938994,-0.6559244,-1.9149215
ISIC_3433909,-1.0189,-0.4347804
ISIC_5732201,-0.7445308,-1.7830361
ISIC_7010755,-0.23266813,-1.2099476
ISIC_9101762,-0.30417222,-1.2949938
ISIC_9312164,-0.3466356,-2.936803
ISIC_5847821,-1.7841227,-2.4582834
ISIC_7293518,-0.15825875,-3.1862657
ISIC_8059429,-3.0624175,-2.2211003
ISIC_4378189,0.032134864,-2.571786
ISIC_1684127,-0.080157384,-3.183681
ISIC_0969723,-1.5666959,-2.5030897
ISIC_7372719,-0.17116757,-1.2947456
ISIC_6024335,-0.58148795,-0.32176033
ISIC_5642824,-0.16646215,-1.2606857
ISIC_8231999,-0.693451,-0.19536571
ISIC_4967564,0.3667578,-2.9637034
ISIC_1560324,0.3433526,-2.8969202
ISIC_6925729,-0.32465482,-1.4664085
ISIC_5527224,-1.5988244,-0.030874597
ISIC_5258657,-0.3808956,-1.2027595
ISIC_1959939,-0.73504734,-0.21854052
ISIC_6982386,-0.85868233,-1.5790728
ISIC_9052500,-0.10939806,-1.4580657
ISIC_4266533,-1.5231992,-2.376621
ISIC_4163686,-1.6316984,-2.3072305
ISIC_5260050,1.3477331,-1.3579184
ISIC_2900150,-1.1606944,-1.5407351
ISIC_5533992,-0.7270157,-2.688812
ISIC_3570575,-0.16609254,-3.1536088
ISIC_0559335,-1.6596394,-2.3349767
ISIC_7074321,-0.5314806,-1.0732551
ISIC_3576876,-0.16690657,-1.1961671
ISIC_0952472,-0.15392372,0.33516046
ISIC_2565206,0.34285575,-2.9648015
ISIC_9593940,-2.623157,-1.3379699
ISIC_6971606,-1.598652,-2.5910718
ISIC_2351999,-0.108234845,-1.1885673
ISIC_5137933,-4.43105,0.91033715
ISIC_8641097,-0.12547655,-1.2387505
ISIC_1616031,-1.6932678,-2.6393561
ISIC_1698942,-0.5557019,-0.7886481
ISIC_8011058,-1.75657,-2.56304
ISIC_2272218,-1.6996752,-2.5079026
ISIC_2412113,-0.43003634,-1.4797671
ISIC_0470699,-0.1611692,-1.2106258
ISIC_3915890,-0.10684644,-1.2098027
ISIC_4377208,-0.8895981,-1.9680746
ISIC_1388552,-3.178174,-2.0792058
ISIC_2824922,-0.15094645,-3.163962
ISIC_7520843,0.2104168,-2.8704898
ISIC_1881133,-4.0911975,-2.9090931
ISIC_8230318,-0.3719103,0.6348887
ISIC_5216586,-0.2709507,-0.98437494
ISIC_2937642,-1.8453007,-2.485727
ISIC_7626256,-0.34667653,-3.0632308
ISIC_0272509,-1.5191568,-2.2040787
ISIC_1654342,-0.7520845,-1.521999
ISIC_3738751,-0.19530647,-1.2104319
ISIC_5044571,0.40785247,-2.8877017
ISIC_6313487,-0.26892543,-1.3238324
ISIC_3464344,-0.8219651,-0.94316816
ISIC_0528044,-0.7306033,-0.65172
ISIC_2646829,-0.12589563,-1.2202466
ISIC_8789051,-1.3837465,0.060072903
ISIC_2170268,0.4847403,-2.859076
ISIC_8249854,-0.05363958,-3.1003768
ISIC_5539423,-2.1676621,-2.0470273
ISIC_1110583,-1.4135803,-2.1435256
ISIC_7205745,-1.792436,-2.6113753
ISIC_6581411,-0.12850091,-1.1883105
ISIC_0602633,-3.265048,1.7141004
ISIC_9998682,-0.9162639,-0.18475592
ISIC_3391427,-1.5517533,-2.711421
ISIC_9183084,-0.18618524,-1.2789481
ISIC_8238755,-1.6057407,-2.3326604
ISIC_4258047,-0.25057966,-3.1368124
ISIC_2200197,0.3700638,-2.9034092
ISIC_3301933,-1.7858065,-2.4997256
ISIC_7010159,-0.7673532,-0.8265142
ISIC_7872595,-1.1476562,-1.8189967
ISIC_7940557,-1.2168573,-1.3838507
ISIC_3435596,-0.20755889,-1.2511568
ISIC_4968384,-0.13524918,-1.1859386
ISIC_8009536,-0.33424142,0.5351367
ISIC_9429943,-1.6141834,-2.514515
ISIC_8437493,0.62773484,-1.2861118
ISIC_3517311,0.014633533,-1.0715084
ISIC_0662000,-0.97178125,-1.8006926
ISIC_9199429,1.3574221,-1.3652391
ISIC_5581297,-1.7678401,-2.3131192
ISIC_2975580,-0.26945078,-1.9478163
ISIC_6634951,-0.71563005,-1.6253018
ISIC_4960784,-1.0909756,-1.7545993
ISIC_4851366,-0.14749171,-1.1226363
ISIC_2268341,0.1696628,-2.8828723
ISIC_1566428,-0.111806534,-1.1980878
ISIC_4810142,-1.4029365,-2.2098875
ISIC_1785627,-1.8418558,-2.3357887
ISIC_3016243,-0.11844805,-1.2122018
ISIC_3817719,0.8170421,-1.1580675
ISIC_2974214,-1.4291233,-2.3760767
ISIC_0456176,-0.15260647,-1.286565
ISIC_9038318,-0.15916675,-1.2267715
ISIC_8470330,-0.1823147,-1.2639015
ISIC_9571842,-0.0911534,-1.2438337
ISIC_2226191,-0.18703112,-3.135734
ISIC_1752943,-0.7654489,-1.7426027
ISIC_3436033,-0.27634332,-1.8442484
ISIC_0286360,-1.6055505,0.7643603
ISIC_5667461,-1.9440908,-2.4226973
ISIC_7253401,-0.7159467,-1.9627914
ISIC_7800750,-0.92864114,-1.65373
ISIC_8167374,-1.6694689,-2.5684574
ISIC_0504165,-1.9347651,-1.8249362
ISIC_3065032,-4.0688515,-2.9692388
ISIC_2776906,0.0968718,-1.9783933
ISIC_7265673,0.38981456,-2.8944
ISIC_7312977,0.030023582,-2.7375453
ISIC_4425322,-5.1584864,-0.13371938
ISIC_1427578,-0.07036161,-1.2311621
ISIC_9685931,-1.5849153,-2.4164026
ISIC_2153401,-1.6873181,-2.5148098
ISIC_2434588,-0.1108833,-1.2165382
ISIC_8145348,-0.7938896,-2.0174456
ISIC_9210255,-2.3482525,-1.9236354
ISIC_2577849,-1.6932825,-2.5986824
ISIC_0779920,-0.84384847,-1.526376
ISIC_6945634,-1.4110948,-2.1336393
ISIC_5922588,-5.0200367,1.8877853
ISIC_8263489,-0.6593011,-1.1428225
ISIC_4427247,-1.0515608,1.6518809
ISIC_6059520,-0.19915137,-3.1218865
ISIC_8737794,-0.15753427,-3.1236494
ISIC_1694285,-1.6647304,-2.46836
ISIC_8124900,-0.5260292,-3.0247607
ISIC_3976496,-0.6187491,-0.92573875
ISIC_9596721,-0.11699416,-1.3553232
ISIC_4404772,-0.18263818,-1.1352806
ISIC_1670692,0.12998877,-2.3374894
ISIC_4905375,0.3339942,-2.8944144
ISIC_6307097,-1.5537571,-2.5407844
ISIC_7202197,-0.06908514,-1.1369883
ISIC_8006211,-0.8125078,-0.74655944
ISIC_1627619,-0.12800391,-1.1962456
ISIC_7195248,0.16857378,-2.9717376
ISIC_6278273,-0.4475456,-2.1956642
ISIC_2637608,-2.0674975,-2.3179862
ISIC_0280912,-1.4921916,-2.3654127
ISIC_7035246,-1.7563097,0.59791094
ISIC_3475660,-0.7189623,-1.9805057
ISIC_5585090,-0.84510124,-1.9132748
ISIC_0220438,-1.0887586,-1.4618243
ISIC_6392461,-0.86808175,-1.6156033
ISIC_2757355,-0.027013043,-1.1179293
ISIC_1870415,-0.18977308,-3.1574404
ISIC_2697083,0.21579935,-0.77119565
ISIC_0351666,-1.5960414,-0.7812303
ISIC_6285925,-0.23847476,-3.187469
ISIC_7614221,-3.6110873,-2.9797673
ISIC_2871230,-1.6062776,-2.5815086
ISIC_3399306,-0.21711303,-3.1537247
ISIC_9164054,-1.1254967,-1.6098688
ISIC_6555290,-0.62934613,-2.016396
ISIC_6089318,-1.0250425,-0.65597284
ISIC_4425657,-0.24337883,-2.2713354
ISIC_1023256,-0.115481086,-1.2079836
ISIC_8397285,-0.65953135,-1.9672033
ISIC_3979826,-0.33192566,-3.2151206
ISIC_5776649,0.4055007,-2.9662273
ISIC_2255411,-2.327762,-1.6029893
ISIC_2364150,0.85250795,-2.97459
ISIC_1473522,-2.6943893,-2.112577
ISIC_8207974,-1.782326,-1.6730227
ISIC_2525084,-2.8243759,-2.5400555
ISIC_6549364,-3.9586945,-2.8151855
ISIC_6692344,-2.9515738,-2.5229177
ISIC_3985031,-3.023168,-2.1295872
ISIC_0624498,-2.058687,-2.9052851
ISIC_3244067,-3.4898453,-3.0029223
ISIC_9001948,-2.6947691,-2.0684617
ISIC_8732757,-2.7228642,-2.28519
ISIC_1728564,-0.33115298,-0.31062236
ISIC_2232442,-1.7925627,-1.6430012
ISIC_0981639,-3.1281366,-2.6751816
ISIC_6620377,-2.0635355,-2.1444256
ISIC_1247683,-3.3558307,-2.6673055
ISIC_5046082,-2.754751,-2.4733453
ISIC_5037784,-2.4232874,-1.7305876
ISIC_0744013,-0.25818807,-3.2386487
ISIC_9930189,-3.04044,-2.6333413
ISIC_7961365,-3.293996,-3.0469415
ISIC_0489267,-0.535747,-3.2282515
ISIC_9626843,-2.1766763,-2.2480946
ISIC_7075768,-2.667116,-2.1402836
ISIC_7612992,-1.4156315,-1.8807199
ISIC_2243107,-3.669453,-2.8854926
ISIC_0647224,-0.95064545,-2.4143791
ISIC_8485716,-0.892298,-1.5011605
ISIC_7914631,-2.6414394,-2.483406
ISIC_5021861,-2.630283,-2.3955388
ISIC_7788318,-1.1925082,0.7450321
ISIC_7680948,-1.8931217,-2.9204183
ISIC_4590186,-0.6973462,-1.7473925
ISIC_5167209,-4.0882444,-2.8984594
ISIC_5774484,-1.9893707,-0.9456374
ISIC_9754098,-1.0619193,-1.5740068
ISIC_7460887,-0.35605648,-1.5831517
ISIC_5747486,-1.425971,-1.8773032
ISIC_3440759,-2.8100274,-1.9125252
ISIC_5868291,0.11120366,-2.7103527
ISIC_2126660,-1.557299,-0.6060693
ISIC_1231419,-2.9447124,-2.3600996
ISIC_5829938,-2.6108036,-1.9535148
ISIC_7490240,-3.2042198,-2.7688792
ISIC_9583969,-2.6018288,-2.079872
ISIC_4230049,0.022259638,-1.7091177
ISIC_6785680,-3.0878942,-2.4372175
ISIC_5147292,-3.1302087,-2.8598108
ISIC_6671773,-1.3464655,-1.0496572
ISIC_7960869,-3.485014,-2.850378
ISIC_4982046,-0.109654546,-3.2200768
ISIC_5191344,-2.2920291,-2.2590742
ISIC_1866770,-2.8631043,-2.567411
ISIC_3824206,-2.7843049,-2.6695817
ISIC_4301916,-3.0009735,-2.4831903
ISIC_4967586,-3.4089699,-2.8480902
ISIC_1460932,-2.9746885,-2.4345777
ISIC_7466678,-3.4188673,-2.2918398
ISIC_6841294,-3.1759129,-2.2761683
ISIC_3469595,-3.3779325,-2.7582958
ISIC_2406492,-1.3657398,-1.880124
ISIC_3241636,-2.2831059,-2.0398204
ISIC_0914168,-2.6157296,-1.9875431
ISIC_0294150,-1.6502825,-1.5477738
ISIC_1968421,-2.9920921,-2.4667063
ISIC_1486861,-3.0616732,-2.5599482
ISIC_7218890,-3.469811,-2.4376187
ISIC_9000234,-2.5635886,-2.3539417
ISIC_7098141,-3.1608899,-2.777444
ISIC_1706912,-0.23650461,-3.242011
ISIC_1412843,-1.6538869,-1.9486351
ISIC_9235283,-2.4673302,-2.021231
ISIC_5576354,-2.4556024,-1.8868014
ISIC_9286292,-2.461125,-2.3746977
ISIC_2957732,-2.859365,-2.5460942
ISIC_4276255,-3.264191,-2.7522724
ISIC_5983500,-2.1222503,-0.9980069
ISIC_6535558,-2.2409978,-2.1271439
ISIC_0572205,-3.2510798,-2.8025796
ISIC_0915404,-3.2871752,-2.8211105
ISIC_3412012,-1.9276235,-1.03699
ISIC_7948290,-3.6254976,-2.9257617
ISIC_3883863,-2.8492146,-2.503311
ISIC_4362713,-2.1498458,-2.9077845
ISIC_5391758,-0.7197782,-1.551982
ISIC_5994923,-2.7150185,-0.57392055
ISIC_8617277,-2.085142,-0.99812853
ISIC_8892236,-1.3323566,-1.8761277
ISIC_6714082,-0.46190247,-1.6325266
ISIC_7287303,-2.8323476,-2.370485
ISIC_8252406,-3.7783892,-0.57494044
ISIC_2141237,-2.3680232,-1.8131194
ISIC_6695831,-0.38267577,0.7377588
ISIC_3909039,-3.1067703,-2.5757596
ISIC_3895426,-2.2174845,1.468834
ISIC_5434661,-2.4747636,-2.3165061
ISIC_8724944,-0.5688419,-2.4413245
ISIC_7897925,-2.650392,-2.7769282
ISIC_3696488,-1.5059597,-0.71732384
ISIC_1733178,-2.9417374,-2.6057515
ISIC_3590167,-3.9532754,-3.0274017
ISIC_8040024,-3.2561285,-2.9186347
ISIC_9941666,-2.226201,-3.2296708
ISIC_3286186,-2.1994636,-1.8618455
ISIC_9547725,-3.424283,-2.8763516
ISIC_5045600,-3.2890007,-2.3706388
ISIC_9676644,-3.275615,-2.962346
ISIC_7844825,-2.8187006,-2.0810933
ISIC_6124481,-3.4841878,-2.9897637
ISIC_7190243,-3.060111,-2.6117814
ISIC_0327406,-3.1901708,-2.7374678
ISIC_2135474,-1.6261878,-1.6555992
ISIC_5602826,-1.1763424,1.5604256
ISIC_3775417,-2.2649925,-2.3460963
ISIC_8545949,-2.6511493,0.11986001
ISIC_3642019,-1.3505762,-1.1160903
ISIC_7816675,-3.3275578,-2.703143
ISIC_0369831,-2.1888194,1.5552936
ISIC_3068885,-2.2020357,-0.78616637
ISIC_7880400,-0.74137324,-1.7715223
ISIC_3666967,-3.4554493,-0.7515664
ISIC_3159924,-2.3450398,-1.2400842
ISIC_4398011,-0.0037217354,-3.0528882
ISIC_8838753,-1.6783707,-2.0809472
ISIC_8027899,-0.3601915,-1.913065
ISIC_2837581,-3.3351426,1.6748899
ISIC_5044438,-3.683318,-3.0178995
ISIC_8493108,-2.3733487,-2.042197
ISIC_3446357,-3.3710988,-2.8321009
ISIC_9130157,-1.11914,-1.7984834
ISIC_6269166,0.1141676,-2.728393
ISIC_0946787,-3.618092,-2.5831745
ISIC_6904082,-2.880824,-2.3868308
ISIC_1269448,-2.6860325,-2.159413
ISIC_8922893,-3.158122,-2.8613596
ISIC_4619903,-2.2758007,-2.2539968
ISIC_1330381,-0.74407697,-1.7882224
ISIC_2724529,-1.3708138,-1.9445628
ISIC_8758404,-3.0461729,-2.787829
ISIC_3028754,-2.7609587,-2.1618474
ISIC_8066110,-2.8483534,-2.499995
ISIC_9870885,-0.40995404,-3.2739046
ISIC_2916754,2.259856,-2.7038784
ISIC_7349440,2.814062,-2.701684
ISIC_0186998,2.690396,-2.6935358
ISIC_8821742,2.1446362,-2.622672
ISIC_6875745,2.5742507,-2.617483
ISIC_6299036,2.8424394,-2.7737076
ISIC_8436194,2.785611,-2.6991737
ISIC_3094758,2.795117,-2.5982726
ISIC_3045939,-3.6094253,-2.5824904
ISIC_4967361,1.2936606,-2.8283358
ISIC_8624049,-3.1643257,-2.2090232
ISIC_0353247,2.7726173,-2.6588068
ISIC_2310935,2.7256866,-2.6512947
ISIC_1558504,2.395381,-2.7656963
ISIC_6366417,2.1495667,-2.6573145
ISIC_7462953,-2.336481,1.483381
ISIC_3389695,2.450178,-2.7188754
ISIC_0501108,-2.51256,3.7348063
ISIC_8708106,2.6592722,-2.529639
ISIC_4347535,2.4033484,-2.664125
ISIC_5620802,2.4310799,-2.710662
ISIC_4985027,2.6155722,-2.3683836
ISIC_9130035,2.859696,-2.6422913
ISIC_2757370,2.8161457,-2.7634823
ISIC_1040820,1.5456073,-1.5758166
ISIC_2144690,2.7135959,-2.3793283
ISIC_4633843,2.4241624,-2.6640427
ISIC_5015551,-1.3129941,-0.067629054
ISIC_3750329,2.6267753,-2.2766583
ISIC_5350216,-5.004775,-0.49975508
ISIC_8806986,-4.4134054,-2.4781523
ISIC_5367118,2.7047997,-2.5117235
ISIC_5091996,2.4237063,-2.7279317
ISIC_0429825,2.672353,-2.5876408
ISIC_5449076,2.8257928,-2.71172
ISIC_6066292,1.1693479,-2.845484
ISIC_8087949,2.626194,-2.269553
ISIC_7899041,-3.4511716,1.2949886
ISIC_9210086,2.569271,-2.6916888
ISIC_2108849,2.4484606,-2.6853461
ISIC_7453676,2.4154534,-2.7129543
ISIC_4813568,2.5336099,-2.6460564
ISIC_5762714,2.643068,-2.3059535
ISIC_9254641,2.1429043,-2.7445529
ISIC_3281565,2.758869,-2.3224351
ISIC_4177450,2.796498,-2.4505231
ISIC_2128061,-5.531842,0.25631076
ISIC_0855174,0.85925794,-3.0328104
ISIC_7898880,2.6964695,-2.3279026
ISIC_7110531,2.506709,-2.7000537
ISIC_0962121,1.7238991,-2.924278
ISIC_7235128,2.66285,-2.6931674
ISIC_2243756,2.4114056,-2.4530685
ISIC_1601532,-0.6153969,-0.5818678
ISIC_1939413,-2.566825,2.5682204
ISIC_1343302,2.8075938,-2.7667704
ISIC_3666865,1.3070717,-2.7956111
ISIC_3331737,2.7555718,-2.5842624
ISIC_1372928,2.8111477,-2.775886
ISIC_1818238,0.9735878,-2.9866557
ISIC_9335652,2.819768,-2.5776136
ISIC_2884038,2.3367217,-2.6454737
ISIC_5010212,-4.3579783,-2.5101593
ISIC_4207959,-3.640356,2.6231318
ISIC_6184891,2.6145024,-2.2442932
ISIC_1685962,0.8246383,-3.0369701
ISIC_3690890,2.7947228,-2.7602909
ISIC_4780727,2.7135758,-2.3828168
ISIC_5534730,2.616629,-2.271424
ISIC_6278558,2.4562922,-2.689989
ISIC_3147084,2.0981169,-2.7302372
ISIC_5415749,2.3026435,-2.6827567
ISIC_7942881,2.769552,-2.577261
ISIC_6646939,-5.302869,0.19732079
ISIC_2818959,2.6658866,-2.75791
ISIC_1338061,2.7990181,-2.791366
ISIC_5330187,1.0398011,-3.0279257
ISIC_2198823,2.8262587,-2.763113
ISIC_4212546,2.8570628,-2.753581
ISIC_8138363,-4.11063,-2.9980986
ISIC_8344345,2.4156768,-2.7544115
ISIC_4781223,1.3289515,-2.543305
ISIC_2957465,2.188456,-2.766147
ISIC_9219356,2.402529,-2.7601845
ISIC_2850215,2.8340828,-2.7492428
ISIC_3763984,2.5829546,-2.7016191
ISIC_7839712,-2.7488613,-2.0241625
ISIC_0245720,2.2382886,-2.6595695
ISIC_3842916,2.781657,-2.6122403
ISIC_8509219,2.6721017,-2.451459
ISIC_3478473,1.2740312,-2.2143855
ISIC_2433965,2.605758,-2.66051
ISIC_4464389,2.5738542,-2.349026
ISIC_4699695,2.581364,-2.6829016
ISIC_5864088,-3.3393073,1.4587003
ISIC_4510530,2.8332398,-2.7888532
ISIC_0990298,1.2693207,-2.1538076
ISIC_1605945,2.739189,-2.6571062
ISIC_9780632,2.2577534,-2.6931536
ISIC_4953281,2.7707062,-2.685489
ISIC_8073555,2.6845477,-2.4213634
ISIC_4750271,2.7716665,-2.7563994
ISIC_2185005,2.6437209,-2.7563982
ISIC_3174039,2.5235834,-2.5600097
ISIC_0903411,2.5900614,-2.2328925
ISIC_5820693,0.5523853,-3.0928028
ISIC_1099075,2.8165522,-2.7604039
ISIC_9315775,-0.09866994,-0.14955908
ISIC_2465799,-2.1142187,-1.6088587
ISIC_2814689,-4.165284,-2.4905727
ISIC_5608178,-1.6335423,-1.042635
ISIC_6410859,2.7628946,-2.7078164
ISIC_2513018,2.1814415,-2.3223262
ISIC_5647607,-2.6124988,3.7718344
ISIC_6004197,0.7759655,-3.0555134
ISIC_1694817,-4.275123,-2.8363836
ISIC_8710108,2.6224895,-2.2286315
ISIC_1578878,2.712927,-2.2970638
ISIC_2867416,1.0502397,-2.875465
ISIC_1166740,2.6401134,-2.3844497
ISIC_8961478,2.5083847,-2.7473228
ISIC_4691689,2.78158,-2.7646906
ISIC_9517555,-2.3426313,3.062657
ISIC_1699688,0.95003086,-3.030815
ISIC_9786863,-3.4016147,-2.4576716
ISIC_7254359,2.2599592,-2.68688
ISIC_0375034,2.3956137,-2.8131993
ISIC_8733345,2.5122116,-2.7721393
ISIC_8671119,2.6275747,-2.3497093
ISIC_2663597,2.020434,-2.0470355
ISIC_2448897,1.8274401,-1.9912896
ISIC_3740014,0.824966,-2.9699364
ISIC_8907509,1.4714453,-1.4839233
ISIC_5296963,-5.1532297,1.0490692
ISIC_5791954,2.4886487,-2.7986279
ISIC_0346815,2.8426313,-2.759859
ISIC_0292899,2.765973,-2.7089958
ISIC_7412327,2.8555746,-2.61776
ISIC_5744196,2.459969,-2.738933
ISIC_8708918,2.2207282,-2.7129304
ISIC_3077674,2.6856978,-2.636581
ISIC_6135643,2.195626,-2.12613
ISIC_9159477,2.738847,-2.3922102
ISIC_8071637,2.8051085,-2.7530951
ISIC_2003991,2.8339474,-2.6853871
ISIC_1814941,2.8826013,-2.720414
ISIC_6427430,2.4852042,-2.7825675
ISIC_6959281,0.8228188,-3.0723183
ISIC_2757332,2.6253989,-2.7542725
ISIC_8308321,2.7592084,-2.7349746
ISIC_1254469,2.6915104,-2.758225
ISIC_8856365,2.843799,-2.7608564
ISIC_6556373,2.6789317,-2.377681
ISIC_8172822,2.6527877,-2.3276682
ISIC_6620748,2.6887748,-2.7367234
ISIC_4223497,2.5952792,-2.867606
ISIC_8191057,2.8332512,-2.7753084
ISIC_1693572,2.6778505,-2.4914594
ISIC_2427899,1.4604217,-1.6261613
ISIC_8907232,2.6619005,-2.299999
ISIC_3162213,-4.9272103,-1.8301132
ISIC_0648545,2.8466063,-2.5712888
ISIC_0705477,1.51223,-2.8539238
ISIC_6674797,2.6692984,-2.3617272
ISIC_6099563,1.1319765,-2.890875
ISIC_2717192,2.8281353,-2.5701783
ISIC_6369740,1.220795,-2.0464487
ISIC_4615762,2.253848,-2.724261
ISIC_8278458,2.6252248,-2.3027065
ISIC_2149878,2.2358131,-2.7298055
ISIC_0080539,2.7534516,-2.6193757
ISIC_2010889,2.8688374,-2.8079894
ISIC_4097868,2.8738234,-2.7868257
ISIC_0261253,2.8272288,-2.7246861
ISIC_7747712,2.8309214,-2.7645295
ISIC_7399648,1.1551509,-2.9581633
ISIC_8256480,2.5505216,-2.7154171
ISIC_5156491,2.7422214,-2.5057929
ISIC_1850674,1.0485038,-2.999184
ISIC_0202119,2.6807358,-2.7271748
ISIC_9572761,0.91467613,-3.0142798
ISIC_3323866,1.078914,-2.9457154
ISIC_1776777,2.8543005,-2.6927915
ISIC_0984817,2.6665788,-2.3055851
ISIC_1423737,2.8509605,-2.7973328
ISIC_9881460,2.8383124,-2.778254
ISIC_7092052,2.6339486,-2.3137677
ISIC_6668093,2.6605592,-2.4883122
ISIC_6119202,2.8332953,-2.7856834
ISIC_7097931,2.7129605,-2.42493
ISIC_9274936,2.61857,-2.2528608
ISIC_7809510,1.629352,-1.8900887
ISIC_9859873,2.8480406,-2.766189
ISIC_7755096,2.365084,-2.7593431
ISIC_3056854,1.7296154,-1.8416703
ISIC_9214649,2.6219337,-2.2491627
ISIC_6892286,2.593374,-2.7633576
ISIC_5646747,-2.6190083,1.3722416
ISIC_8021816,-2.4266722,1.3675638
ISIC_5363974,-3.4365604,-0.6765601
ISIC_1908890,-3.4059012,-0.66980743
ISIC_5771780,0.117103755,-0.8492597
ISIC_3719985,-5.204885,2.353371
ISIC_2594715,-3.551876,-2.7922738
ISIC_9908866,-3.5311143,-2.8388891
ISIC_8172964,-1.5520751,0.40792948
ISIC_9495622,-3.9103253,3.0741205
ISIC_6892280,-5.1244493,2.732049
ISIC_6471282,-3.0608642,-0.91185504
ISIC_1635231,-3.2794425,-2.595719
ISIC_2339761,-5.0893383,2.3339818
ISIC_6707573,-5.557775,1.2725786
ISIC_5669463,-2.8318698,3.4962733
ISIC_6912369,-5.287387,2.580879
ISIC_3143079,-2.8295279,2.7465944
ISIC_2068188,-3.266107,2.8287196
ISIC_7952870,-3.7171159,-2.9544458
ISIC_7683106,-3.6957135,-2.056153
ISIC_5286801,-1.1688851,-2.2910597
ISIC_7599710,-5.7519774,1.0200526
ISIC_2966808,-3.0942461,-2.489514
ISIC_1778959,-2.1623309,-1.0280223
ISIC_1930795,-3.3004851,-2.6732643
ISIC_4048896,-2.7564626,-0.88777477
ISIC_9144329,-4.208309,2.6724837
ISIC_0750046,-3.3917665,3.3385813
ISIC_2801005,-3.6063116,-2.5990129
ISIC_1297252,-4.958972,2.3890116
ISIC_9337100,-2.6282895,0.15381989
ISIC_3192152,-5.288086,2.2339833
ISIC_4867646,-5.3392587,0.2761763
ISIC_1077735,-5.100871,0.36924654
ISIC_9951988,-5.102049,0.2279926
ISIC_9187524,-5.272946,2.50102
ISIC_8851514,-5.177076,2.6886322
ISIC_7376452,-2.170341,1.6626207
ISIC_6090497,-3.9238985,2.985256
ISIC_8671596,-2.6778283,-2.6114137
ISIC_6034442,-3.1771433,-2.3325272
ISIC_0599463,-4.5710454,1.8093326
ISIC_5988562,-3.9000335,2.5466955
ISIC_4957310,-4.3307137,-1.7840316
ISIC_1753011,-5.7441497,1.0135019
ISIC_9585033,-2.871139,2.8675718
ISIC_1701883,-2.8645618,2.8492863
ISIC_4092287,-3.7446637,2.9976099
ISIC_3796317,-3.3101835,3.4447455
ISIC_8077139,-2.7916749,3.8087726
ISIC_9907020,-3.1858518,3.5568047
ISIC_8400587,-5.220495,2.4281452
ISIC_1935227,-5.208767,2.4540138
ISIC_0542765,-2.730735,2.5446599
ISIC_3030394,-4.3479176,1.0036386
ISIC_7666432,-3.7701612,-1.8908397
ISIC_7660163,-4.553252,0.32544622
ISIC_8473293,-5.194508,1.8773881
ISIC_4572891,-2.3290477,1.8236808
ISIC_3033701,-5.0875525,0.31034485
ISIC_6126704,-4.157659,2.5360146
ISIC_9876533,-4.9519086,-1.7214476
ISIC_8792684,-3.517744,-2.783998
ISIC_2421565,-5.031899,2.380915
ISIC_8902296,-3.4111812,-2.7456346
ISIC_5841971,-4.7849975,-0.26463366
ISIC_1813577,-2.3862934,3.1449287
ISIC_1810807,-2.3726249,-0.34717268
ISIC_2367098,-2.4693584,-1.9925429
ISIC_6563304,-5.482136,0.578119
ISIC_2505335,-0.064573176,-3.1157346
ISIC_3235131,-4.1827326,-2.0904264
ISIC_2153041,-5.5071473,0.4561559
ISIC_0202238,-2.959134,-1.8894559
ISIC_0638700,-2.4318497,-0.60750127
ISIC_7824315,-5.245175,2.5318816
ISIC_5086721,-1.5307212,0.10267222
ISIC_7993345,-2.3918746,1.522145
ISIC_3110126,-5.191925,2.4300041
ISIC_1301476,-2.7176757,-0.43384457
ISIC_1047011,-1.9053599,0.24147202
ISIC_4212047,-4.6453457,1.9102411
ISIC_0168716,-4.651028,1.9200585
ISIC_3598192,-1.6322261,0.5980245
ISIC_0789191,-4.979958,0.13105704
ISIC_0255566,2.0883503,-2.6517162
ISIC_2079571,-3.238392,-2.1480331
ISIC_2857128,-4.266397,-2.3731737
ISIC_7338502,2.0503643,-2.6713648
ISIC_2574924,-4.193233,-2.829658
ISIC_3891136,-4.052382,-2.6168532
ISIC_7239902,-3.653012,-2.7529142
ISIC_3176105,-2.8757348,3.299999
ISIC_2362051,-4.209146,1.6812011
ISIC_0799972,-2.3722441,0.7766869
ISIC_3491406,-2.2802927,0.7397468
ISIC_8157239,-2.6433766,0.9024639
ISIC_1000616,-3.1384883,-3.1287725
ISIC_5612133,-4.9830217,-1.6127172
ISIC_7085235,-4.4885545,-1.7104763
ISIC_1791643,-5.2420626,1.819387
ISIC_0959325,-2.9819875,-1.4598535
ISIC_5024302,-3.3721519,1.8083705
ISIC_4719387,-5.4911118,1.014428
ISIC_7465137,-5.504843,0.15210602
ISIC_2070728,-4.8455043,0.037092805
ISIC_1642069,-2.2705202,-0.92022014
ISIC_5481480,2.4923954,-2.2939315
ISIC_4407852,-5.2454286,2.5544274
ISIC_1816965,-5.270153,2.5328696
ISIC_2277714,-3.5525117,-2.3227997
ISIC_3381026,-2.762909,3.0499873
ISIC_5610304,-2.7650251,3.0810502
ISIC_5033005,-4.9439087,2.3353539
ISIC_2211948,-5.1581607,0.09108188
ISIC_2212637,-2.9379551,3.3750062
ISIC_5704967,-2.8320704,3.278456
ISIC_5862918,-5.433479,0.8182199
ISIC_1262790,-5.059906,2.0719743
ISIC_7541596,-2.1025844,-0.29000017
ISIC_7373164,-2.139126,-0.2071044
ISIC_8786983,-4.2899494,-2.1249442
ISIC_1452632,-5.3582096,0.05251898
ISIC_2368449,2.620907,-2.2934866
ISIC_9677008,-3.3023887,-2.4269772
ISIC_6586433,-1.4120908,-2.1165636
ISIC_9320992,-1.0843581,-1.8337297
ISIC_9176427,-3.2230768,-1.9996573
ISIC_7338073,-1.6580409,-1.9647648
ISIC_1203272,-1.5489237,-2.1119843
ISIC_8253057,-1.805325,-2.5797741
ISIC_6578433,-3.3410265,1.682675
ISIC_8173252,-1.8845829,-2.7382934
ISIC_5711232,-1.6465468,-2.1210384
ISIC_6099785,-1.3619245,-2.113968
ISIC_8647315,-0.3140435,-3.3038986
ISIC_7146293,-0.14042182,-3.265973
ISIC_7321503,-4.262357,-2.7244194
ISIC_0587728,-0.77210164,-2.492592
ISIC_0274411,0.11949688,-1.917553
ISIC_5095180,-1.7844694,-2.7101915
ISIC_0616448,-0.16996057,-2.655022
ISIC_5306850,-1.1793875,-1.7009495
ISIC_3689252,-3.1939838,-2.203041
ISIC_8027280,-1.1258273,-2.239917
ISIC_9092169,-1.2194619,-1.9346311
ISIC_9942350,-0.28901622,-3.255232
ISIC_3275875,-1.8022314,-2.6334848
ISIC_8348262,-1.7735186,-2.709972
ISIC_3736336,-1.6795666,-2.144524
ISIC_2190396,-1.3672419,-2.052631
ISIC_4547332,-1.3267967,-2.069212
ISIC_3783659,-0.71412396,-2.8510547
ISIC_7594243,-1.7848507,-2.2988527
ISIC_3622555,-3.9044888,-2.9943633
ISIC_8040663,-0.70927566,-1.4489089
ISIC_0961778,-1.7626196,-2.2794077
ISIC_9543045,-3.7040198,-2.8708017
ISIC_2468476,-0.094740026,-3.2536733
ISIC_2772824,-1.5610131,-2.337373
ISIC_9928278,-0.13094336,-3.1918344
ISIC_6016537,-1.5549974,-0.005898759
ISIC_6618014,-1.5028449,-2.36481
ISIC_4221304,-1.3344109,-2.1917777
ISIC_4027194,-2.178732,-2.4881809
ISIC_6873657,-0.86836344,-1.3266162
ISIC_7927389,-3.1121738,-2.3962517
ISIC_9051948,-1.115278,-0.8722356
ISIC_8592733,-0.25302428,-3.3039308
ISIC_6275817,-1.4063346,-2.307732
ISIC_6967412,-1.3303472,-1.6331146
ISIC_3236033,-4.900057,-1.9932486
ISIC_7429994,-4.906213,-1.9826721
ISIC_8758983,-4.899264,-2.0079603
ISIC_8651648,-4.88011,-2.0372627
ISIC_7966639,-0.7264987,0.20148212
ISIC_0133200,-0.76804346,0.24719939
ISIC_9445977,-2.7328475,-1.5847353
ISIC_5648033,-2.419488,-0.036365062
ISIC_7365059,2.5487332,-2.7806988
ISIC_2792717,0.8777136,-3.0372026
ISIC_0851414,2.2870812,-2.7624407
ISIC_8999351,2.2748098,-2.743594
ISIC_6364782,0.83113796,-3.0510294
ISIC_6720909,-4.9572196,-1.7145209
ISIC_8738186,2.3277833,-2.7296808
ISIC_1633321,0.89014417,-3.039576
ISIC_6683697,2.4571805,-2.7280178
ISIC_8673290,-1.4445707,-1.1570579
ISIC_4851185,-2.8972132,-1.4402332
ISIC_7695263,-0.9583972,-2.3617842
ISIC_7560933,-2.8237925,-1.768844
ISIC_3511086,-3.575945,-2.6784046
ISIC_8685453,-2.3305182,-2.2622266
ISIC_4375866,-3.504037,-1.9680954
ISIC_3698441,-3.1665595,-2.280016
ISIC_6048752,-3.4151623,-2.5799897
ISIC_6428004,-3.1473303,-2.6227303
ISIC_5019119,-3.3825116,-2.8059392
ISIC_3268800,-3.3107486,-2.3614168
ISIC_2710427,-3.548228,-2.6814334
ISIC_9693456,-2.2188766,-1.7959914
ISIC_6635963,-2.836614,-2.6681645
ISIC_9174580,-2.954747,-0.638287
ISIC_3773277,-0.57138896,-2.0730965
ISIC_5253746,-0.4273382,-0.4068419
ISIC_2496140,-3.2511883,-2.728536
ISIC_1909053,-2.8736858,-2.0050688
ISIC_7643593,-2.6973476,-2.4863672
ISIC_9434832,-1.4638625,-1.8990067
ISIC_9179044,-2.1795874,-1.5458204
ISIC_0598073,-2.0709095,-0.5830919
ISIC_9239978,-2.179733,-0.40350753
ISIC_1675975,-3.5160868,-2.4602728
ISIC_4349272,-1.1389352,-0.5116367
ISIC_1729396,-3.4272943,2.0452638
ISIC_6596926,-2.1716654,-0.51072
ISIC_5461210,-3.1792228,-2.6506395
ISIC_3667052,-0.5875817,-2.888858
ISIC_4703321,-2.9782953,-2.7014287
ISIC_6881589,-2.7755961,-1.949955
ISIC_4467312,-2.457468,-1.3485065
ISIC_9399586,-1.857717,-1.4011843
ISIC_3704603,-0.38209638,-1.2651937
ISIC_4485467,0.21927899,-1.195846
ISIC_9141788,-2.7119837,-2.6245413
ISIC_3259871,-2.547947,0.39102593
ISIC_5889858,-3.3374798,1.6660694
ISIC_7334939,-0.60144204,-2.667674
ISIC_5541499,-2.6869793,-1.1122196
ISIC_3197211,-2.6849296,-0.56698614
ISIC_7472087,-3.4604926,-2.5153408
ISIC_5892763,-3.301605,-2.4791179
ISIC_5763228,-3.2367618,-2.6686504
ISIC_3327928,-3.4805498,-2.3952758
ISIC_9596173,-0.13792247,-2.8014195
ISIC_3045480,-3.0999117,-2.2009902
ISIC_6044114,-2.2914221,-0.40239888
ISIC_8918247,-3.3562896,-2.2930021
ISIC_6819805,-3.1368313,-0.7789653
ISIC_0450792,-3.4938571,2.3325472
ISIC_2879057,-3.2773972,-1.1632007
ISIC_2222084,-3.6712086,-2.5600808
ISIC_1916169,-0.4866935,-0.72014433
ISIC_3320667,-2.3449152,1.3389623
ISIC_6046943,-2.8405967,-2.0236945
ISIC_8769047,-3.4029298,-2.4731798
ISIC_7303630,-0.0052843397,-1.7281575
ISIC_9266057,-0.18862717,-2.8011672
ISIC_7784876,-0.32717878,-0.2129378
ISIC_5531874,-5.1963696,0.3043949
ISIC_2867998,-2.3502984,-1.9083315
ISIC_0699088,-0.8841899,-1.2705281
ISIC_6689453,-3.5388322,-1.9291272
ISIC_3807230,-3.3004549,1.689384
ISIC_8416462,-2.2312875,-2.1614444
ISIC_7922830,-2.3570917,1.3455038
ISIC_0553265,-2.2994628,-1.0026058
ISIC_7640631,-3.3920908,-3.0077035
ISIC_8350851,-1.2852865,0.32733154
ISIC_1116303,-2.94826,-0.41631153
ISIC_9179884,-0.10586755,-0.33641663
ISIC_5785135,1.2966076,-1.6733798
ISIC_9599992,-2.5761576,-0.8323048
ISIC_9227283,-2.5026746,-1.5947163
ISIC_8627581,-0.2776002,-0.17845912
ISIC_6747251,-1.7019175,-0.87784344
ISIC_8601570,-1.7467242,-1.6246648
ISIC_0320008,-3.5216851,-2.546371
ISIC_3204703,-3.4830303,-2.6005635
ISIC_2220505,-2.0999413,-1.1144059
ISIC_0823269,-1.2829492,-1.1082983
ISIC_3670069,-0.021301083,-2.2654777
ISIC_8488027,-1.8432494,0.5962282
ISIC_8961614,-0.7243,-2.2060695
ISIC_6993040,-2.51469,0.37499928
ISIC_5714835,-1.8112768,-1.5492568
ISIC_2843665,-3.3664777,1.6629516
ISIC_5182952,-2.2732992,-0.5217412
ISIC_8026822,-3.1829047,-2.5484204
ISIC_1126401,-3.017956,-1.0828168
ISIC_0651228,-3.2364447,-2.7511535
ISIC_7638974,-1.1742682,-1.2644567
ISIC_8593738,-2.1472933,-2.7290692
ISIC_5452980,-2.9268517,-1.2473557
ISIC_9875364,-3.0233433,-2.9707084
ISIC_9171793,-3.8192544,-2.7917962
ISIC_7682533,-3.7719276,-3.0494785
ISIC_5628874,-1.9520004,-1.790319
ISIC_8667960,1.1909882,-1.7365382
ISIC_7657322,-4.0570574,-3.0558503
ISIC_9866460,-1.8795196,-1.6817999
ISIC_9820266,-2.9897711,-2.7912965
ISIC_2793180,-2.7132576,-1.9337763
ISIC_1201025,-3.224796,-2.622777
ISIC_5144687,-3.4565876,-2.567666
ISIC_1994166,-2.0014544,0.7200757
ISIC_5511054,-3.4837148,-3.0002575
ISIC_9041525,-3.1867237,-1.8909479
ISIC_5745126,-3.3911495,-2.627765
ISIC_5442968,-2.593913,-0.72307676
ISIC_5912360,-2.9411488,-2.1754704
ISIC_4482349,-2.3211784,0.5954112
ISIC_2179705,-2.6830883,-2.6257477
ISIC_7548342,-3.4287415,-2.690999
ISIC_4235575,-1.709275,0.49802822
ISIC_7851081,-0.71212304,-1.7806495
ISIC_8653825,-4.5768185,0.8863588
ISIC_0831898,-1.940307,-2.8793712
ISIC_2267440,-0.55449855,-1.3216764
ISIC_7718206,-0.34294274,-0.15789224
ISIC_1490894,-3.2539556,-2.6663127
ISIC_3933164,-3.0909288,-1.8589585
ISIC_3957660,-1.8403473,-1.1258321
ISIC_1264034,-2.2658343,-1.9589001
ISIC_8525826,-2.5299287,-1.4998283
ISIC_1454751,-0.4776058,-1.1275489
ISIC_7170025,-2.51135,0.14952111
ISIC_3248418,-4.1590447,-2.1286368
ISIC_4969277,-4.3787785,2.7791865
ISIC_3665449,-1.9993098,0.48748145
ISIC_7893518,-0.4336598,-3.0830965
ISIC_4277953,-3.6729963,-3.0604384
ISIC_7890222,-1.4833138,-0.51680297
ISIC_4168419,-3.4617465,-2.4840574
ISIC_1970988,-2.4463582,-0.72131795
ISIC_9895318,-2.136134,0.7343774
ISIC_7045012,-2.80187,-1.0573947
ISIC_6904950,-0.949413,-0.63360167
ISIC_4117748,-3.2859728,1.6437787
ISIC_8362681,-1.7750998,-3.1041691
ISIC_6833525,-0.77327436,-1.829795
ISIC_1121888,0.053603407,-0.15887244
ISIC_3587674,-1.1843994,-1.7549225
ISIC_0124902,-3.570306,-2.408617
ISIC_7808642,-0.67893094,-1.8303005
ISIC_2305541,-0.48142698,-1.4105108
ISIC_5509679,-1.5179363,-0.51956606
ISIC_8293325,-2.5627248,3.7989137
ISIC_6415722,-2.226914,1.333149
ISIC_3677029,-3.4558902,1.3301202
ISIC_4643793,-5.3067837,2.7031453
ISIC_4064478,-0.40094653,-3.1427412
ISIC_6172037,-4.4676447,0.46883133
ISIC_6210303,-2.4570458,3.9626343
ISIC_2979795,-2.5090756,3.8355553
ISIC_2884112,3.209778,-2.5711436
ISIC_7356320,-4.2000017,0.68120074
ISIC_7352298,-4.1276793,0.7266407
ISIC_7545691,-2.470088,3.9365697
ISIC_3108597,-1.8509941,3.0046852
ISIC_0715696,-3.349195,3.3440588
ISIC_7285359,-2.4638195,3.9290738
ISIC_9505560,-3.5144787,1.3483559
ISIC_5582910,-3.3824525,3.3426237
ISIC_0140502,-2.5377007,2.7282722
ISIC_8688192,-3.3638783,3.3452034
ISIC_2286443,-2.455771,3.9566762
ISIC_0472123,-2.116106,2.63523
ISIC_7317366,-4.138575,0.72932124
ISIC_5391607,-3.4846897,1.3361164
ISIC_7854404,-4.4175196,2.6422338
ISIC_3427218,-0.360423,0.9082001
ISIC_5998475,-2.701255,3.7843537
ISIC_5915244,-3.136423,-1.4435502
ISIC_6603938,-3.7512012,-2.6308262
ISIC_2861132,-0.4944102,0.07742803
ISIC_4210924,-4.969197,1.8084354
ISIC_3412801,-1.981806,-0.59362555
ISIC_4461272,-5.2147927,2.5141761
ISIC_3541529,-3.3921828,3.3465595
ISIC_9144852,-2.4441788,3.9791744
ISIC_4122691,-1.8012984,1.0848801
ISIC_9096150,-5.194172,2.5334554
ISIC_4408961,-3.2437837,-1.739438
ISIC_1400695,-0.3826129,-3.1697917
ISIC_1876217,-5.3026056,2.7084298
ISIC_0393283,-5.2276063,2.5634067
ISIC_5224517,-2.606738,2.59479
ISIC_6269738,-2.4450226,3.9838881
ISIC_9602954,-1.0899136,1.4874476
ISIC_4411858,-1.8145732,1.2484132
ISIC_0508777,-5.769981,1.0952612
ISIC_9668338,-3.763118,-1.9108524
ISIC_5920681,-2.676995,3.7622244
ISIC_7715671,-2.3665009,-0.9042287
ISIC_4775986,-1.8480353,3.0023615
ISIC_3578300,-5.152414,0.4702593
ISIC_1483720,-1.8459321,3.0091393
ISIC_3951937,-2.5075572,3.8849208
ISIC_3522656,-3.8695424,0.6932393
ISIC_3249814,-2.4571626,3.9669762
ISIC_1977937,-2.5285416,3.8810446
ISIC_3559219,-2.973924,-0.07890308
ISIC_9724689,-2.0549858,0.0069484715
ISIC_1192769,-5.3030233,2.7249649
ISIC_4176718,-2.6921813,3.8015707
ISIC_0558060,-0.16704191,-3.0207696
ISIC_6666090,-3.4309232,3.0011196
ISIC_4412550,-4.193774,0.6979533
ISIC_7554287,-0.09814074,0.5359348
ISIC_8776516,3.186483,-2.5921457
ISIC_6038463,-3.4949517,1.334974
ISIC_5127249,-5.2894025,2.6527143
ISIC_6529350,-2.4919114,3.8738923
ISIC_0323009,-2.4783578,3.6895523
ISIC_9678778,-4.003712,-2.4126966
ISIC_9420311,-2.573088,-2.1119273
ISIC_4005082,-2.5648746,3.8235269
ISIC_5163263,-3.5657141,1.3184115
ISIC_2204976,-2.7044675,0.88750905
ISIC_1012044,-2.9847786,-0.05207814
ISIC_0474387,-5.2460814,2.665948
ISIC_2097603,-2.4829476,3.9656267
ISIC_2337531,-1.9985715,1.9297434
ISIC_8498489,-2.4661274,3.9744465
ISIC_7081819,3.2375622,-2.5507145
ISIC_9842532,-2.465985,3.960221
ISIC_0327070,-5.1448274,2.47223
ISIC_9008372,-2.4360108,3.9973452
ISIC_3335354,0.08513182,-0.48728633
ISIC_4981914,-2.4544683,3.9524508
ISIC_9809482,-5.1519017,1.5128474
ISIC_4839117,-2.5859406,2.7141995
ISIC_5752865,-4.2984753,1.5848973
ISIC_9992492,-3.1874592,-1.5549897
ISIC_3544253,-2.4488878,3.9560444
ISIC_3535003,-5.3516955,2.6100404
ISIC_7542458,-5.1425014,2.4900548
ISIC_5461797,-5.3327713,2.5624375
ISIC_9728499,-4.3553495,2.6142247
ISIC_0450997,-2.4743428,3.9430993
ISIC_4249493,-4.237678,-2.5059414
ISIC_1234126,-5.1963887,0.063652195
ISIC_3035927,-3.3374128,1.8029827
ISIC_5658925,-3.3667653,3.3561049
ISIC_9800841,-2.492929,3.8714774
ISIC_2196575,-0.11805353,0.5622002
ISIC_1910468,-4.7875366,0.13190106
ISIC_2619021,-2.4588199,-0.85457706
ISIC_7146494,-3.242277,-1.9748901
ISIC_5003828,-4.1650925,0.6586992
ISIC_5036772,-3.6143441,-0.4830746
ISIC_0662485,-2.496071,3.867154
ISIC_5089962,-2.586776,-2.11432
ISIC_9630889,-3.1977272,1.9022357
ISIC_2339295,-2.674925,2.8121886
ISIC_4688289,-5.2812247,2.2674172
ISIC_3545006,-1.8623703,3.012156
ISIC_3440239,-2.4508488,3.952439
ISIC_9381298,-5.153748,2.5004263
ISIC_6012573,-4.1634965,0.6711794
ISIC_2556057,-2.4797165,3.2993467
ISIC_4184681,-0.13368739,0.5187692
ISIC_8327076,-2.762476,0.87788486
ISIC_1320438,-5.157385,2.467915
ISIC_6013467,-5.364879,2.5453057
ISIC_2309271,-2.5028992,3.842785
ISIC_4746369,-2.4937482,2.7758465
ISIC_1822107,-1.6634766,1.1002989
ISIC_5289849,-0.38729793,-2.955304
ISIC_6752882,-2.486153,3.9508536
ISIC_5863574,-2.5447571,-2.077092
ISIC_2863863,-2.5688982,3.7878568
ISIC_9419633,-2.4875555,3.8659678
ISIC_4301676,-5.790277,1.1093736
ISIC_4171657,-2.5207992,2.874675
ISIC_0852832,-4.318253,2.6346622
ISIC_4907655,3.1994197,-2.5816433
ISIC_5281117,-2.4516535,3.9474008
ISIC_8766402,-2.453788,3.9835434
ISIC_9233062,-3.398296,3.3374913
ISIC_2742711,-2.7463276,3.1473532
ISIC_5839875,-2.433949,2.809396
ISIC_9641059,-2.4895294,2.8541005
ISIC_2558169,-2.481195,3.9135065
ISIC_0758444,-2.4491587,3.9659655
ISIC_0929180,-5.0848627,2.201013
ISIC_4119530,-5.303298,2.5712297
ISIC_6931629,-4.8907933,1.8702478
ISIC_6550602,-1.8575497,3.0091093
ISIC_8204363,-0.12954937,-3.0518303
ISIC_5356475,-5.22111,2.7103605
ISIC_5619562,-1.8310838,3.0138972
ISIC_3544463,-2.4929552,4.0096035
ISIC_8864678,-4.148453,0.6968401
ISIC_4891117,-3.3641243,3.3477306
ISIC_5573077,-5.1391993,2.3722823
ISIC_5418441,-2.4647796,3.9441538
ISIC_1271507,-2.442571,3.983962
ISIC_1110743,-2.449144,3.9674492
ISIC_0404417,-2.7515814,1.847352
ISIC_9323485,-0.23469333,0.61284107
ISIC_9432086,-0.3522475,0.7825149
ISIC_4733114,3.2206264,-2.5741196
ISIC_8423180,-4.85278,1.3526403
ISIC_7423595,-5.345084,2.5795956
ISIC_5273210,-5.332456,2.7112007
ISIC_6193654,-3.391378,3.344932
ISIC_3635831,-1.9994015,-2.7162337
ISIC_9566132,-5.298422,2.7164311
ISIC_8225781,-5.304091,2.706372
ISIC_0077281,-5.3389416,2.6068006
ISIC_7003002,-2.5755618,3.7722008
ISIC_5292024,-5.1766243,2.2054224
ISIC_3540915,-5.0321712,2.4792464
ISIC_5082179,-2.453799,3.9794972
ISIC_9485124,-3.488985,1.3664924
ISIC_0722605,-5.318567,2.7096846
ISIC_5801650,-5.0928054,-0.03816624
ISIC_0308880,-2.7213068,2.6914952
ISIC_9317339,-5.311128,2.7201521
ISIC_2425757,-4.2598443,0.6335927
ISIC_8493254,-0.11009392,0.43782467
ISIC_1968416,-2.7130437,2.785153
ISIC_4647281,-5.313478,2.7072651
ISIC_5395518,-5.354671,2.6139543
ISIC_8617353,-2.299966,2.313764
ISIC_1427295,-3.5116298,1.3418946
ISIC_7913874,-3.1197948,0.8021558
ISIC_9662611,-2.4506483,3.949778
ISIC_4530856,-5.3219905,2.7231655
ISIC_1235469,-5.3495617,2.5535078
ISIC_2340958,-2.4933589,3.9766352
ISIC_0151466,-2.6327837,-0.3636515
ISIC_3994385,-3.5416262,1.3181435
ISIC_2000766,-5.387428,2.5969272
ISIC_9869190,-4.4422297,2.6436896
ISIC_8868249,-2.7037683,3.8158975
ISIC_4352505,-4.2104115,0.65451515
ISIC_2826181,-5.308781,2.6982303
ISIC_4529513,-2.5004117,3.8900394
ISIC_8278782,-2.4966323,3.8923738
ISIC_2368188,-2.0171635,1.8388356
ISIC_1091442,-0.28237894,0.9609649
ISIC_6378347,-2.852692,-0.96754783
ISIC_1764844,-3.7088485,2.9755037
ISIC_7759222,-5.2888675,2.7476184
ISIC_1389226,-2.4547641,3.9490168
ISIC_3046271,-5.2570224,2.5731707
ISIC_7713609,-0.39115164,-3.1257262
ISIC_9029938,-2.2907624,3.1180298
ISIC_6410570,-0.5810309,0.639208
ISIC_9767305,-2.5546744,3.3157246
ISIC_7563950,-4.173267,0.79086083
ISIC_6291375,-1.7567799,1.0505954
ISIC_6850912,-4.404877,0.24323148
ISIC_3476246,-5.3030877,2.6080654
ISIC_4152922,-3.1748424,-1.9592845
ISIC_7473000,-5.203558,2.5144181
ISIC_6288607,-2.5181243,3.8434992
ISIC_6321476,-3.179623,-1.2051617
ISIC_0269622,-2.4515195,3.9559214
ISIC_8724412,-2.4562657,3.9575963
ISIC_3404294,-3.1561716,-1.9976233
ISIC_1056436,-5.3685126,2.621294
ISIC_8446478,-3.3620634,3.3542602
ISIC_8278036,-2.9105272,0.7719685
ISIC_2958480,-5.3714705,2.625957
ISIC_8187734,-4.1219773,0.7150363
ISIC_8823228,-5.353991,2.5730543
ISIC_5699993,-4.1824503,0.6872287
ISIC_3137117,-2.5580382,3.329165
ISIC_2177103,-4.240794,0.6469988
ISIC_7564517,-2.4405673,3.9786644
ISIC_7000719,-1.2129465,-0.86492527
ISIC_5709512,-5.7899103,1.0617223
ISIC_7084754,-2.7341557,2.7306786
ISIC_1658397,-2.5809424,1.0643098
ISIC_4868339,3.2183683,-2.573996
ISIC_7808341,-2.756082,2.7131045
ISIC_3352464,-5.1155353,2.3972714
ISIC_6133338,-5.1765194,2.529461
ISIC_7899387,-3.3505619,3.3539433
ISIC_5700648,-3.5612133,1.1734906
ISIC_5312996,2.20059,-2.8575463
ISIC_5423259,-3.123764,-1.2871518
ISIC_7443971,2.4436684,-2.78746
