isic_id,umap_x,umap_y
ISIC_0000002,1.1804099,2.353082
ISIC_0000004,0.28946772,6.8490167
ISIC_0000013,2.6803975,0.4877409
ISIC_0000022,3.0670657,0.26420593
ISIC_0000026,2.3007035,-0.57116854
ISIC_0000029,3.0333426,0.23380642
ISIC_0000030,2.0881617,3.2907677
ISIC_0000031,2.186299,3.379274
ISIC_0000035,1.0535662,2.253713
ISIC_0000036,1.1842399,5.3985267
ISIC_0000040,2.0657444,2.918743
ISIC_0000046,2.1081555,-0.7209845
ISIC_0000054,3.069721,0.15719238
ISIC_0000056,0.93524116,-1.3349112
ISIC_0000070,2.766763,2.4802933
ISIC_0000076,-0.016346935,4.485449
ISIC_0000077,1.8660899,2.9352105
ISIC_0000078,2.9102263,-0.47597155
ISIC_0000139,-0.9144953,-0.9513814
ISIC_0000140,1.4938341,5.2546854
ISIC_0000141,3.3419423,0.30806044
ISIC_0000142,0.9094976,1.2495836
ISIC_0000143,2.7172236,0.5750072
ISIC_0000144,-1.0571446,5.741465
ISIC_0000145,3.7435153,1.1037449
ISIC_0000146,-0.0625871,3.243604
ISIC_0000147,-1.0546087,2.8464036
ISIC_0000148,1.8248651,-0.3284376
ISIC_0000149,4.7422733,0.15984482
ISIC_0000150,2.676472,0.47128552
ISIC_0000151,4.359809,0.7705417
ISIC_0000152,4.452876,0.9137839
ISIC_0000153,0.49179536,2.0322616
ISIC_0000154,3.541051,-0.6106506
ISIC_0000156,3.683646,0.9942639
ISIC_0000157,2.7362485,0.3657871
ISIC_0000158,2.4011278,-0.14824085
ISIC_0000159,2.8433166,0.21313822
ISIC_0000163,2.7010837,0.010765641
ISIC_0000165,2.656898,0.0053218263
ISIC_0000168,-1.1245307,-0.716246
ISIC_0000169,2.836938,0.102112934
ISIC_0000170,2.6547527,-0.09592782
ISIC_0000172,2.8132565,0.07705489
ISIC_0000175,2.7369986,0.003469023
ISIC_0000176,3.683905,-0.11761872
ISIC_0000276,0.72701335,6.366716
ISIC_0000277,1.4866221,5.2936454
ISIC_0000278,2.4272425,-0.15106781
ISIC_0000281,1.0435354,6.796465
ISIC_0000282,-0.8747381,5.1952477
ISIC_0000283,1.0458796,6.8280354
ISIC_0000287,2.0024624,5.2368097
ISIC_0000290,0.12747386,9.363614
ISIC_0000291,0.9506377,2.097408
ISIC_0000292,0.41296655,1.7704561
ISIC_0000294,0.7809142,-0.20751622
ISIC_0000296,1.0075572,2.9515173
ISIC_0000305,0.79178405,3.413084
ISIC_0000390,3.7091594,0.78267425
ISIC_0000393,1.0605055,-1.1164142
ISIC_0000394,1.4007949,-2.0778708
ISIC_0000395,3.594217,-0.64969313
ISIC_0000398,0.8238722,-0.2837966
ISIC_0000399,1.091462,-1.6378838
ISIC_0000400,0.80197775,-1.5466859
ISIC_0000401,0.50211287,-1.7800341
ISIC_0000402,0.8874472,-1.1452111
ISIC_0000404,0.83745736,-1.0335983
ISIC_0000405,2.3726764,0.27239513
ISIC_0000406,1.34132,-1.5465136
ISIC_0000410,2.5451887,-1.2943381
ISIC_0000411,0.10590997,-1.8550123
ISIC_0000412,2.1568632,-1.6335974
ISIC_0000413,1.583735,-1.8973377
ISIC_0000414,1.7891066,-0.6654155
ISIC_0000415,1.141076,-1.4974656
ISIC_0000417,0.85629845,-2.0558038
ISIC_0000420,3.4837508,0.44774902
ISIC_0000428,1.1061349,-2.3196054
ISIC_0000429,-0.8065476,6.101488
ISIC_0000432,1.4600906,-1.762303
ISIC_0000434,3.4883213,-0.36610255
ISIC_0000438,0.75553185,6.1936207
ISIC_0000440,0.8483049,-1.7117349
ISIC_0000441,2.2115262,-0.20846511
ISIC_0000444,1.8026466,-2.0196173
ISIC_0000445,4.2496657,-0.2555268
ISIC_0000446,1.5730045,-1.6114256
ISIC_0000450,0.9761766,-1.8680366
ISIC_0000459,-0.16473867,-8.566475
ISIC_0000462,0.8140487,-0.288607
ISIC_0000463,-0.45876375,-7.9782667
ISIC_0000466,1.4764596,-0.22717878
ISIC_0000469,0.96117586,-0.39084986
ISIC_0000482,2.079187,0.05790769
ISIC_0000484,1.1308604,-0.3378625
ISIC_0000487,-0.59723204,-9.054352
ISIC_0000502,2.330649,-1.6469623
ISIC_0000511,0.8917561,-0.062251583
ISIC_0000513,1.2021037,-0.62738156
ISIC_0000516,3.6494803,0.4714519
ISIC_0000517,1.3913176,-1.3503877
ISIC_0000518,2.3718066,1.177132
ISIC_0000519,1.2562567,-1.8478284
ISIC_0000520,1.5523093,-1.7146602
ISIC_0000521,2.624702,0.07042585
ISIC_0000522,1.2885864,-0.25439438
ISIC_0000531,-0.51225996,-8.664827
ISIC_0000533,2.8528466,0.4855501
ISIC_0000547,0.90111315,-0.34882012
ISIC_0000548,3.0162039,0.33224058
ISIC_0000549,0.9442121,-0.23199135
ISIC_0000551,0.70906115,-0.17297742
ISIC_0000552,0.56074476,-0.20588848
ISIC_0000553,0.90535104,-0.35096085
ISIC_0000554,1.027251,-0.30691424
ISIC_0000555,2.6723938,1.0417501
ISIC_0001100,3.7448082,-0.7110709
ISIC_0001101,1.8851724,-1.900359
ISIC_0001102,1.3567857,1.7298906
ISIC_0001103,3.4484649,0.5482286
ISIC_0001105,3.881652,0.42213643
ISIC_0001106,2.1143553,-1.0431122
ISIC_0001108,-1.8697861,1.4682801
ISIC_0001110,0.107241146,-0.03460165
ISIC_0001116,1.4758387,-1.8610561
ISIC_0001118,1.1422571,-0.8595982
ISIC_0001119,3.4552686,1.8247739
ISIC_0001121,3.6330106,-1.0225632
ISIC_0001124,1.1187714,-1.6345288
ISIC_0001125,-0.96683025,3.2269995
ISIC_0001126,4.010264,1.32469
ISIC_0001127,1.1054059,-1.8819383
ISIC_0001128,3.6909118,0.22628316
ISIC_0001131,2.5070405,5.864789
ISIC_0001132,-0.47095507,3.6560755
ISIC_0001133,1.022156,6.7861423
ISIC_0001134,3.600129,-0.9579771
ISIC_0001135,1.3183435,1.9769264
ISIC_0001137,1.5800606,-1.1324428
ISIC_0001138,1.1875137,-2.5230844
ISIC_0001140,3.6171136,0.19567779
ISIC_0001141,1.8728058,-1.1533911
ISIC_0001142,0.7507836,4.740423
ISIC_0001143,1.0586579,-1.3625875
ISIC_0001148,1.3332497,-0.9108172
ISIC_0001151,3.1356165,-0.65014505
ISIC_0001152,3.0981963,1.6737658
ISIC_0001154,1.759115,-0.39240348
ISIC_0001157,2.0359974,-0.2710439
ISIC_0009868,2.777471,-1.0950931
ISIC_0009882,2.7109044,-0.4546231
ISIC_0009890,1.3577987,-1.8999381
ISIC_0009898,3.046683,-0.9802168
ISIC_0009905,4.234351,0.69296956
ISIC_0009913,0.82357043,-1.4704143
ISIC_0009916,0.82298386,-2.4491806
ISIC_0009918,-0.78241515,2.8861394
ISIC_0009924,1.6438168,-2.1648576
ISIC_0009927,3.8038967,-0.8451028
ISIC_0009934,0.26852584,-1.3937583
ISIC_0009950,4.180271,1.1658027
ISIC_0009955,4.1110888,0.34386265
ISIC_0009960,4.0039845,0.019956369
ISIC_0009971,2.9861612,-1.3503492
ISIC_0009993,1.1859142,-1.363989
ISIC_0010000,3.4032555,-0.01637533
ISIC_0010007,0.74854046,-2.3795857
ISIC_0010011,3.7328835,0.29820117
ISIC_0010016,3.575822,-0.9682279
ISIC_0010023,2.683772,-0.50081694
ISIC_0010024,2.9955177,-0.98910034
ISIC_0010029,2.0837624,-1.3024381
ISIC_0010034,3.3637848,-0.08506602
ISIC_0010036,1.7959353,-0.8443269
ISIC_0010039,2.6062481,-0.4006656
ISIC_0010049,1.7013633,-1.9789565
ISIC_0010050,0.7254475,-1.8995416
ISIC_0010054,1.7085191,-1.0710607
ISIC_0010056,0.40494487,-1.1226941
ISIC_0010067,0.19109702,-1.8578397
ISIC_0010080,2.9234774,-0.5245912
ISIC_0010081,0.6609497,-2.370617
ISIC_0010089,3.4883053,-0.65143055
ISIC_0010094,4.3462844,0.44338724
ISIC_0010106,-0.58398116,-1.0714422
ISIC_0010119,3.577417,-0.3716792
ISIC_0010120,-0.93294835,1.8899034
ISIC_0010131,3.0237446,1.7014679
ISIC_0010137,3.8731592,1.6476853
ISIC_0010140,2.4122431,-0.36551175
ISIC_0010145,2.7751071,-1.0473958
ISIC_0010148,1.021194,-1.709652
ISIC_0010162,-0.2708942,0.7403389
ISIC_0010164,1.7593464,-1.3555952
ISIC_0010165,1.1804891,-1.4492536
ISIC_0010171,2.7751226,1.2759243
ISIC_0010174,3.5327873,1.7319359
ISIC_0010189,0.3931547,0.6439546
ISIC_0010194,1.2255957,-1.8468164
ISIC_0010207,0.72501785,-2.3445706
ISIC_0010208,1.128681,-2.4750147
ISIC_0010210,2.5817783,1.1987333
ISIC_0010225,2.8471026,-0.9484412
ISIC_0010231,1.8023918,-2.0034132
ISIC_0010235,0.6497036,-1.7359203
ISIC_0010240,2.3028066,-1.5833439
ISIC_0010241,2.8214116,-1.3617573
ISIC_0010245,0.4563798,-2.0720427
ISIC_0010251,2.9951625,-0.7792455
ISIC_0010265,1.7674868,-1.6191591
ISIC_0010271,2.1184065,-1.7213858
ISIC_0010280,2.9533231,-1.291372
ISIC_0010283,3.8823075,0.32473335
ISIC_0010288,3.2136023,1.3912416
ISIC_0010295,3.3018315,0.285766
ISIC_0010299,2.284403,-0.3643068
ISIC_0010313,4.0255527,-0.013126671
ISIC_0010319,4.0286946,1.2969693
ISIC_0010321,2.018486,-0.89908624
ISIC_0010322,-1.3577328,2.122628
ISIC_0010350,2.2203176,-0.95094717
ISIC_0010358,2.0131204,-0.965926
ISIC_0010360,4.0237846,0.65585196
ISIC_0010364,4.0257382,0.57654434
ISIC_0010366,1.9866114,-1.3070718
ISIC_0010369,-0.60542196,-1.0498829
ISIC_0010372,3.3754027,-0.13469334
ISIC_0010380,1.9097464,0.17195089
ISIC_0010392,2.2170732,-0.04835251
ISIC_0010393,2.5046492,-0.35916635
ISIC_0010394,1.9893097,-1.8252488
ISIC_0010396,0.8831641,-2.330386
ISIC_0010397,2.6713045,-1.1581056
ISIC_0010398,1.1248134,-1.996579
ISIC_0010400,0.45685488,-2.101922
ISIC_0010401,1.2524627,-0.6021591
ISIC_0010402,1.8945684,-2.17049
ISIC_0010407,0.39630696,-1.4833742
ISIC_0010410,2.1076398,0.25741336
ISIC_0010413,0.37808856,-1.5893433
ISIC_0010415,1.8374424,-1.9398785
ISIC_0010417,0.78823817,-1.8943334
ISIC_0010426,2.019667,-1.7638513
ISIC_0010432,2.4648654,-0.37784404
ISIC_0010441,3.9379346,1.6339643
ISIC_0010466,2.7500312,-1.5517453
ISIC_0010468,1.6109036,-1.6262996
ISIC_0010469,1.012147,-1.9669034
ISIC_0010470,0.439198,-0.385699
ISIC_0010476,2.8802788,-1.1703291
ISIC_0010482,1.8337836,-1.4559132
ISIC_0010486,1.3027467,-1.9825053
ISIC_0010495,1.7006828,-1.5792446
ISIC_0010514,3.0954235,-0.8062068
ISIC_0010527,1.8880702,-1.2716304
ISIC_0010532,1.8394207,-2.029572
ISIC_0010543,2.567914,-0.46778154
ISIC_0010550,0.7167893,-1.7705122
ISIC_0010551,1.3568279,-1.9976069
ISIC_0010555,1.9624819,-1.9286875
ISIC_0010559,-1.425451,2.6885908
ISIC_0010564,0.12733184,-1.2226297
ISIC_0010576,2.922924,-0.34401578
ISIC_0010579,0.64745146,-1.723969
ISIC_0010583,0.85314083,-1.7357895
ISIC_0010587,3.7816947,0.023829743
ISIC_0010591,1.8633568,-1.4080149
ISIC_0010596,1.8070818,-1.011028
ISIC_0010597,3.5343385,0.34241343
ISIC_0010608,2.0167904,2.0658462
ISIC_0010609,3.5551202,-0.27470145
ISIC_0010611,2.2294447,-1.2502064
ISIC_0010631,0.9668259,-1.1126492
ISIC_0010644,3.337586,-1.1227634
ISIC_0010648,3.091569,-0.6018987
ISIC_0010653,3.4953058,0.2673079
ISIC_0010655,0.4784673,-2.1978521
ISIC_0010707,3.7316964,-0.5447698
ISIC_0010714,0.05885011,0.4769923
ISIC_0010723,1.3529019,-1.9167123
ISIC_0010728,1.4941326,-2.0295086
ISIC_0010729,2.9956026,-0.09677624
ISIC_0010741,2.5910776,-0.78618026
ISIC_0010749,2.502771,-1.4236131
ISIC_0010750,1.4875427,-1.8303663
ISIC_0010757,3.7058432,-0.3148147
ISIC_0010759,0.43543914,-0.56327206
ISIC_0010764,1.6002496,2.926537
ISIC_0010765,2.0121124,-1.8701206
ISIC_0010766,4.3991566,-0.47201136
ISIC_0010770,3.988708,-1.1745212
ISIC_0010772,3.1592402,1.6890583
ISIC_0010777,4.0871153,1.2346997
ISIC_0010782,2.015294,-1.5084306
ISIC_0010784,1.8132573,-2.0732753
ISIC_0010785,2.684646,-0.84869605
ISIC_0010789,1.0555712,-0.98566854
ISIC_0010790,0.8569832,-2.4441838
ISIC_0010791,2.0330248,-1.9496019
ISIC_0010792,0.925148,-2.2736878
ISIC_0010803,4.0652485,0.22823991
ISIC_0010808,1.72805,-1.098177
ISIC_0010809,1.7546281,-2.1560788
ISIC_0010810,-0.023584606,0.84423864
ISIC_0010834,4.1154194,0.64569706
ISIC_0010852,3.3951457,-1.0897578
ISIC_0010860,4.052523,1.3326769
ISIC_0010862,0.6960931,-0.25450537
ISIC_0010863,1.2230456,-1.4952691
ISIC_0010866,1.3554181,-0.7816306
ISIC_0010872,0.727097,-1.9553285
ISIC_0010876,2.1474662,-0.7789843
ISIC_0010878,1.7528127,-2.0901215
ISIC_0010883,1.7251979,-1.2742891
ISIC_0010890,0.15713747,-1.9134036
ISIC_0010898,3.950822,-0.2952576
ISIC_0010900,2.6320043,1.252159
ISIC_0010912,2.050794,-1.8181908
ISIC_0010917,1.2962066,-1.860483
ISIC_0010923,3.593582,-0.64115167
ISIC_0010938,1.9347228,-0.77315253
ISIC_0010942,-1.6614832,3.709765
ISIC_0010965,1.3402022,-0.66021436
ISIC_0010971,1.466558,-1.9314675
ISIC_0010977,2.6131818,-1.1525584
ISIC_0010978,3.5556893,-0.82708454
ISIC_0010979,1.8284718,-2.2367709
ISIC_0010982,0.4871339,-2.188982
ISIC_0010993,1.0392501,-2.5190759
ISIC_0010995,3.5954607,0.6661445
ISIC_0011007,-0.69653803,-1.0695492
ISIC_0011012,3.8431194,0.33058578
ISIC_0011030,1.3859739,-1.0467914
ISIC_0011031,1.0448114,-1.0144935
ISIC_0011039,0.92577076,-1.9352182
ISIC_0011040,3.0041006,-1.4155836
ISIC_0011042,0.79085124,-2.524223
ISIC_0011043,1.1215019,0.8963043
ISIC_0011045,1.3252418,-1.8749539
ISIC_0011052,1.1699854,-2.1487753
ISIC_0011057,4.341115,-0.10558621
ISIC_0011077,1.3421946,-2.2573264
ISIC_0011099,4.278303,1.210014
ISIC_0011118,3.9703386,-0.1540822
ISIC_0011122,0.44192246,-0.2788055
ISIC_0011128,0.8061585,-2.4451964
ISIC_0011130,1.1889654,-1.7374458
ISIC_0011132,1.53135,-1.0724773
ISIC_0011135,4.099051,0.81330276
ISIC_0011136,3.263684,-0.9560071
ISIC_0011137,2.3133676,-0.6462633
ISIC_0011138,1.0713106,-2.3250675
ISIC_0011139,1.7895172,-1.8134485
ISIC_0011140,4.014463,0.15146974
ISIC_0011151,1.1679621,-1.3191199
ISIC_0011158,1.8258128,-1.8202353
ISIC_0011161,2.589856,-0.05072237
ISIC_0011163,4.3872013,0.49746257
ISIC_0011166,1.6173583,-1.9634153
ISIC_0011169,4.140417,1.656477
ISIC_0011176,3.1004195,-0.63351786
ISIC_0011178,0.5323336,-2.092838
ISIC_0011181,0.9161915,-1.9239932
ISIC_0011187,2.077305,-0.6827511
ISIC_0011193,3.1958742,-1.3528229
ISIC_0011196,2.0136175,-1.3291454
ISIC_0011209,3.1901166,-2.4218135
ISIC_0011238,3.2715964,-2.7453196
ISIC_0011239,1.1024283,0.4570171
ISIC_0011247,0.7938142,-0.66969335
ISIC_0011256,4.3361645,1.9904404
ISIC_0011264,0.5113266,-2.266069
ISIC_0011267,2.0251865,-1.13691
ISIC_0011268,1.1644223,1.95969
ISIC_0011269,3.4592426,0.35154343
ISIC_0011273,1.5672588,-2.0533676
ISIC_0011305,3.3223088,-0.75770503
ISIC_0011315,1.2246932,-1.0104748
ISIC_0011337,1.1782935,-1.8134724
ISIC_0011348,0.72198355,-1.4539319
ISIC_0011350,0.21407434,0.39888975
ISIC_0011356,-0.27360514,0.780165
ISIC_0011366,1.9768082,-1.2323204
ISIC_0011370,1.3122351,-1.6825205
ISIC_0011374,0.7744986,-1.9912347
ISIC_0011375,0.5057221,-1.9558889
ISIC_0011381,0.19559671,-1.2919453
ISIC_0011387,2.363216,-0.5597784
ISIC_0011388,0.10732544,-1.8920846
ISIC_0011390,1.5837623,-1.429143
ISIC_0011391,-1.2450718,6.3109636
ISIC_0011399,0.8618003,-1.1532972
ISIC_0011404,-0.9552909,-1.7743446
ISIC_0011405,-0.92743087,-1.7170336
ISIC_0011428,-0.9517958,-1.4036393
ISIC_0011429,-1.0643291,-0.24935043
ISIC_0011430,-1.1024864,-0.33425823
ISIC_0011434,-1.4184545,-0.7148986
ISIC_0011435,-1.4128653,-0.96349937
ISIC_0011437,-1.4770539,-1.2309926
ISIC_0011438,-1.1090256,-1.0941868
ISIC_0011439,-1.0904386,-1.0289357
ISIC_0011458,-3.0521834,-2.5816364
ISIC_0011460,-1.3911613,-0.9773815
ISIC_0011463,-1.0133903,-0.60049963
ISIC_0011471,-0.2314163,-1.2475106
ISIC_0011474,-0.95156837,-1.4336182
ISIC_0011480,-1.0745718,-0.70726866
ISIC_0011481,3.2960055,1.9022986
ISIC_0011482,-1.0123887,-1.466288
ISIC_0011483,-1.2235407,-0.7542451
ISIC_0011484,-1.2101384,-0.7394901
ISIC_0011485,-1.2318832,-1.5317278
ISIC_0011486,-1.2504892,-1.5332928
ISIC_0011487,-1.223332,-1.5473759
ISIC_0011488,-1.0919281,-0.86591154
ISIC_0011489,-0.52556556,-1.0374131
ISIC_0011490,-1.2867463,-0.81722164
ISIC_0011491,-1.5077622,-0.8682496
ISIC_0011492,-0.9084255,-0.74194384
ISIC_0011493,-1.1237066,-1.2669842
ISIC_0011494,-0.87576056,-1.4464822
ISIC_0011501,-1.1755008,-1.4816155
ISIC_0011503,-1.1019785,-0.32980177
ISIC_0011504,-1.1296774,-1.3771596
ISIC_0011505,-1.1006395,-0.7072955
ISIC_0011506,-1.0409915,-0.7282232
ISIC_0011507,-1.6793013,-0.902783
ISIC_0011508,-1.6369973,-0.86814845
ISIC_0011511,-0.8886157,-0.65622574
ISIC_0011514,-1.1192298,-0.56495225
ISIC_0011515,-0.9759728,-1.1028893
ISIC_0011516,-1.0153491,-1.1506578
ISIC_0011517,-0.8997722,-1.0350062
ISIC_0011518,-0.75905925,-1.0286667
ISIC_0011519,-0.94546896,-1.0057589
ISIC_0011520,-0.9845347,-0.5646273
ISIC_0011526,-1.046666,-1.1317042
ISIC_0011527,-0.5087208,-1.7004102
ISIC_0011528,-0.4187054,-1.71615
ISIC_0011529,-0.49052528,-1.7060409
ISIC_0011530,-0.50330013,-1.7227867
ISIC_0011531,-0.43284884,-1.7404407
ISIC_0011534,-1.2244537,-0.836924
ISIC_0011537,-1.0767545,-0.35796955
ISIC_0011560,-1.0111349,-0.7033386
ISIC_0011566,-0.97500014,-1.6207056
ISIC_0011579,-0.81254977,-1.0924056
ISIC_0011589,-3.0807867,-2.59989
ISIC_0011590,-3.057042,-2.583838
ISIC_0011591,-3.0681407,-2.59449
ISIC_0011594,-0.7813384,-0.5688211
ISIC_0011610,-0.68569475,2.4161386
ISIC_0011613,-1.4645298,-0.85478514
ISIC_0011614,-1.505984,-0.90361917
ISIC_0011615,-1.4900934,-0.90935045
ISIC_0011616,-1.4954809,-0.88491803
ISIC_0011618,-1.0207156,3.8641958
ISIC_0011628,-0.24444409,-1.8127644
ISIC_0011649,-0.90495443,-1.6578338
ISIC_0011659,-1.010079,-1.398744
ISIC_0011684,-1.4168185,-1.2586071
ISIC_0011691,-1.0010875,-1.2198604
ISIC_0011692,-1.5566101,-0.7760003
ISIC_0011693,-1.5678986,-0.8044939
ISIC_0011694,-1.4306023,-0.61638683
ISIC_0011695,-1.5102708,-0.71617174
ISIC_0011696,-1.543622,-0.63050556
ISIC_0011697,-1.5847855,-0.841016
ISIC_0011698,-1.3357095,-0.59666073
ISIC_0011699,-1.2147853,-0.59224445
ISIC_0011700,-1.575283,-0.7213732
ISIC_0011701,-1.56082,-0.8109119
ISIC_0011702,-1.5665207,-0.7460739
ISIC_0011703,-1.6106118,-0.77122283
ISIC_0011704,-1.5248992,-0.6599775
ISIC_0011709,-0.95173633,-0.33449107
ISIC_0011710,-0.99533874,-0.42226225
ISIC_0011728,-1.1666917,-1.4094201
ISIC_0011729,0.09299587,1.1705904
ISIC_0011736,-1.0107857,-0.7100994
ISIC_0011743,-1.2835763,-0.57514155
ISIC_0011744,-1.2362648,-0.597772
ISIC_0011758,-3.059515,-2.5876937
ISIC_0011759,-3.049796,-2.5793836
ISIC_0011764,-1.4920874,-1.03247
ISIC_0011770,-3.0634696,-2.5920477
ISIC_0011771,-3.070987,-2.599319
ISIC_0011772,-3.0592918,-2.5893652
ISIC_0011773,-3.061274,-2.5895762
ISIC_0011774,-3.02791,-2.5621243
ISIC_0011778,-0.31388223,-1.7723665
ISIC_0011780,-1.2919098,-0.7038579
ISIC_0011782,-0.97437435,-0.3480997
ISIC_0011794,-0.75410616,-0.9751577
ISIC_0011797,-1.556144,-1.1089636
ISIC_0011798,-1.5892826,-1.0812541
ISIC_0011799,-1.5694021,-1.1080319
ISIC_0011801,-1.1865265,-1.2094438
ISIC_0011802,-1.1200876,-1.166116
ISIC_0011807,-3.0534964,-2.5824344
ISIC_0011808,-3.040017,-2.5722384
ISIC_0011811,-1.073896,-1.1364454
ISIC_0011812,-1.0336318,-0.9590812
ISIC_0011845,-3.046335,-2.576256
ISIC_0011846,-3.0646331,-2.591704
ISIC_0011857,-1.4229279,-0.87575793
ISIC_0011858,-1.4051139,-0.87271863
ISIC_0011870,-0.9323272,-0.7764016
ISIC_0011872,-1.9020174,-0.8491416
ISIC_0011873,-1.8689909,-0.8466639
ISIC_0011874,-1.8934443,-0.8401509
ISIC_0011875,-1.863816,-0.89039385
ISIC_0011876,-1.8150027,-0.8754287
ISIC_0011877,-1.9121314,-0.86483186
ISIC_0011878,-1.9111795,-0.85739887
ISIC_0011879,-1.8489803,-0.8682135
ISIC_0011892,-1.0730635,-1.0005352
ISIC_0011895,-1.1020014,-1.0993878
ISIC_0011898,2.2320948,-0.44403297
ISIC_0011904,-1.5205512,-1.0572859
ISIC_0011921,-1.1553096,-1.5311427
ISIC_0011922,-1.1547989,-1.5349396
ISIC_0011923,-1.0302207,-1.4602042
ISIC_0011930,-0.39132556,-0.74651533
ISIC_0011931,-0.43115833,-0.8813508
ISIC_0011933,-1.0219462,-0.5330666
ISIC_0011943,2.4938254,0.2985401
ISIC_0011944,2.7338295,0.046509333
ISIC_0011947,-1.0110377,-1.5201522
ISIC_0011948,-1.0451894,-1.5691563
ISIC_0011949,-1.330753,-1.3866572
ISIC_0011950,-1.360035,-1.3665264
ISIC_0011951,-1.4376105,-1.2997286
ISIC_0011957,-1.1835587,-0.74051034
ISIC_0011958,-1.2302802,-0.8167131
ISIC_0011975,-1.0285865,-0.5388899
ISIC_0011987,-0.91437364,-1.6620749
ISIC_0011996,-1.0442642,-1.109751
ISIC_0011998,-1.034631,-1.54841
ISIC_0012000,-0.8844842,-0.98927456
ISIC_0012044,-1.0613524,-0.63412154
ISIC_0012047,-1.0298836,-1.173582
ISIC_0012048,-1.151838,-1.1251974
ISIC_0012049,-1.0493691,1.4233513
ISIC_0012060,-0.91089576,-1.7343924
ISIC_0012063,-1.5195659,-1.1156157
ISIC_0012066,-1.4800392,-1.1411759
ISIC_0012069,-1.4252028,-1.1303619
ISIC_0012081,-0.8264503,-1.0637901
ISIC_0012082,-1.1875553,-1.3477322
ISIC_0012083,-0.4360302,-1.474041
ISIC_0012099,-1.3284452,-8.813238
ISIC_0012112,0.26988146,1.295645
ISIC_0012137,-0.1556925,-8.550892
ISIC_0012151,-0.25793248,-8.286321
ISIC_0012208,-0.19082043,-8.556514
ISIC_0012258,-0.2689839,-8.513703
ISIC_0012270,-1.230917,-8.444063
ISIC_0012288,-1.0999374,-8.254898
ISIC_0012290,-1.2453882,-9.137619
ISIC_0012298,-0.70212126,-8.413612
ISIC_0012321,-0.26481697,-8.329881
ISIC_0012348,-0.5112619,-8.551719
ISIC_0012356,-0.1928943,-8.417461
ISIC_0012369,-0.15353844,-8.5475645
ISIC_0012382,-0.6520753,-7.9373174
ISIC_0012391,-0.1689287,-8.603191
ISIC_0012418,-0.9127344,-8.687063
ISIC_0012425,-1.120305,-8.499164
ISIC_0012434,-0.2155488,-8.555514
ISIC_0012435,-0.18697765,-8.523616
ISIC_0012450,-0.9162027,-8.082131
ISIC_0012471,-1.0307761,-9.243159
ISIC_0012472,-0.853659,-8.691295
ISIC_0012512,-0.80889654,-8.578183
ISIC_0012571,1.3097738,-2.1734376
ISIC_0012574,3.1341348,-0.8314227
ISIC_0012577,-1.0625864,3.6348908
ISIC_0012580,2.0915313,-1.6525801
ISIC_0012592,3.1347556,-1.1705197
ISIC_0012595,0.53218234,-2.0895138
ISIC_0012610,2.087021,-1.5031179
ISIC_0012633,2.3703463,-0.4919085
ISIC_0012678,-0.29666257,-8.506395
ISIC_0012701,-0.19636667,-8.630849
ISIC_0012756,-1.209594,-9.098171
ISIC_0012758,3.3518295,0.6264215
ISIC_0012843,0.26333714,1.252364
ISIC_0012887,-0.96439993,-8.178224
ISIC_0012930,-0.14585039,-8.621391
ISIC_0012988,-0.25733957,-8.378183
ISIC_0012989,-0.9513722,-8.144971
ISIC_0012990,-0.2570404,-8.418658
ISIC_0013072,-0.13672988,-8.636526
ISIC_0013073,-0.12207091,-8.615133
ISIC_0013079,-0.23074707,-8.689388
ISIC_0013141,-0.2695587,-8.245733
ISIC_0013184,-1.1555883,-9.041559
ISIC_0013198,-0.25562808,-8.526258
ISIC_0013232,-0.14782542,-8.614601
ISIC_0013242,-1.0169215,-8.970109
ISIC_0013258,-0.36204496,-8.151504
ISIC_0013277,-0.68025714,-7.888158
ISIC_0013321,-1.7995929,4.40536
ISIC_0013334,-1.5602078,3.2156498
ISIC_0013359,-0.79588336,-9.095483
ISIC_0013365,-1.0750649,-9.079425
ISIC_0013374,-0.4047325,-8.900761
ISIC_0013411,-1.0468302,-0.20684692
ISIC_0013427,-0.6567416,-8.991058
ISIC_0013429,-1.0692286,-8.289495
ISIC_0013444,-1.2420886,-8.454637
ISIC_0013455,-0.7828445,-8.932294
ISIC_0013457,-1.3459284,-8.854096
ISIC_0013459,-1.2245711,-9.110668
ISIC_0013460,-1.2162759,-8.481808
ISIC_0013472,-1.117965,-9.108686
ISIC_0013473,-0.92356616,-8.6794615
ISIC_0013490,-0.97404087,-8.219988
ISIC_0013491,-1.1154019,-9.148255
ISIC_0013497,-1.1346853,-9.032613
ISIC_0013499,-1.0387547,-9.238506
ISIC_0013500,-0.8854358,-8.588315
ISIC_0013501,-1.0479208,-8.22166
ISIC_0013518,-0.6513288,-8.770475
ISIC_0013525,-0.20522957,-8.562062
ISIC_0013530,-0.8320054,-9.139829
ISIC_0013548,5.128422,0.6027979
ISIC_0013549,-1.0092014,-8.571159
ISIC_0013565,-1.0751922,-8.626602
ISIC_0013567,-1.0269943,-8.460379
ISIC_0013572,-0.46224937,-7.942154
ISIC_0013577,-0.9727775,-8.696728
ISIC_0013578,-1.0204144,-8.991908
ISIC_0013579,-0.978823,-9.043927
ISIC_0013581,-0.21200716,-8.715015
ISIC_0013588,-1.1691482,-8.577679
ISIC_0013594,-1.2862614,-9.061121
ISIC_0013606,-1.1739429,-8.621036
ISIC_0013610,-0.18621372,-8.573321
ISIC_0013615,-1.1471658,-8.403473
ISIC_0013617,-1.1044991,-8.634812
ISIC_0013618,-1.0380257,-9.044033
ISIC_0013626,-1.301928,-9.051538
ISIC_0013634,-0.8331998,-9.174396
ISIC_0013636,-0.95055485,-8.281157
ISIC_0013639,-1.1406422,-9.244387
ISIC_0013646,-0.6858824,-8.346398
ISIC_0013651,-0.9612247,-8.20805
ISIC_0013652,-0.12292474,-8.58633
ISIC_0013663,-0.20583048,-8.757226
ISIC_0013671,-1.1564952,-8.377485
ISIC_0013672,-1.3384115,-8.853551
ISIC_0013696,-0.8395183,-8.130905
ISIC_0013702,-0.90721637,-8.287663
ISIC_0013733,-0.74655104,-9.048264
ISIC_0013736,-0.8279832,-8.102362
ISIC_0013739,-0.18773618,-8.559593
ISIC_0013740,-0.17879388,-8.574697
ISIC_0013744,-0.23898865,-8.323247
ISIC_0013762,-0.7951572,-9.078808
ISIC_0013766,-1.2875248,-9.146593
ISIC_0013767,-1.1099081,-9.083629
ISIC_0013768,-0.96321666,-9.130127
ISIC_0013769,-0.82475626,-8.112682
ISIC_0013775,-1.2802421,-8.900974
ISIC_0013777,-0.96463364,-9.109374
ISIC_0013783,-0.1640253,-8.673013
ISIC_0013813,-1.0785059,-8.906551
ISIC_0013814,-1.1280842,-9.01563
ISIC_0013815,-1.2017126,-8.902905
ISIC_0013831,-0.50554544,-8.775453
ISIC_0013832,-0.9703038,-9.246594
ISIC_0013833,-0.71233726,-9.177603
ISIC_0013839,-0.23572862,-8.548274
ISIC_0013842,-1.146651,-9.113925
ISIC_0013844,-0.22477555,-8.577885
ISIC_0013845,-0.20522457,-8.5619335
ISIC_0013861,-0.80334944,-9.073128
ISIC_0013865,-0.94635844,-8.877086
ISIC_0013867,-1.1193506,-9.097489
ISIC_0013874,-1.3675616,-8.926824
ISIC_0013908,-0.15885079,-8.593803
ISIC_0013917,-0.1915152,-8.555448
ISIC_0013936,-0.24599512,-8.318656
ISIC_0013948,-0.26510647,-8.300188
ISIC_0013953,-1.1557851,-8.329463
ISIC_0013969,-1.1388639,-8.769538
ISIC_0013972,-0.9124507,-8.687854
ISIC_0013975,-0.24983127,-8.543486
ISIC_0013984,-0.1908595,-8.5456
ISIC_0013987,-0.15149578,-8.553153
ISIC_0013988,-0.14088069,-8.592154
ISIC_0013992,-0.9075295,-8.696331
ISIC_0013995,-0.8226672,-8.445357
ISIC_0013997,-0.9193631,-9.032366
ISIC_0014013,-1.1569244,-8.593498
ISIC_0014037,-1.665714,3.3952916
ISIC_0014044,-0.98856616,-9.113697
ISIC_0014049,-0.1251288,-8.663382
ISIC_0014059,-1.3754885,-8.835074
ISIC_0014061,-1.1974088,-9.180519
ISIC_0014062,-1.0951518,-9.1281185
ISIC_0014072,-0.79351115,-8.863084
ISIC_0014076,-0.94861954,-8.158284
ISIC_0014077,-0.8489607,-8.139375
ISIC_0014079,-1.3496172,-8.985752
ISIC_0014082,-0.8110371,-9.037422
ISIC_0014086,-1.1288733,-9.177925
ISIC_0014088,-0.9837468,-9.185794
ISIC_0014091,-0.8646699,-8.726218
ISIC_0014092,-1.077217,-9.19138
ISIC_0014099,-1.5651932,3.0276542
ISIC_0014103,-1.1446866,-8.438688
ISIC_0014108,-0.86888844,-8.440769
ISIC_0014110,-0.82457745,-9.002981
ISIC_0014127,-0.8270108,-8.606474
ISIC_0014129,-0.66989714,-9.107684
ISIC_0014132,-1.2350407,-9.01525
ISIC_0014133,0.41874376,0.9666657
ISIC_0014144,-1.2009482,-9.225149
ISIC_0014148,-1.2948295,-9.099181
ISIC_0014151,-0.7309614,-8.963427
ISIC_0014156,-1.145668,-9.240129
ISIC_0014157,-0.99960256,-9.185516
ISIC_0014160,-1.0859435,-8.748432
ISIC_0014163,-0.76568884,-8.390665
ISIC_0014165,-0.70449185,-9.124611
ISIC_0014171,-1.0499878,-8.651513
ISIC_0014173,-1.0706718,-8.808637
ISIC_0014181,-0.722782,-8.821317
ISIC_0014183,-0.7260329,-8.78036
ISIC_0014186,-1.1315551,-8.2682295
ISIC_0014187,-1.2073302,-8.592307
ISIC_0014189,-0.8100871,-8.480178
ISIC_0014190,-1.0726577,-8.97778
ISIC_0014217,-0.6702368,-9.106296
ISIC_0014219,-0.96775234,-9.057185
ISIC_0014222,-1.2877222,-8.886755
ISIC_0014229,-0.83496857,-9.05153
ISIC_0014233,-1.0189718,-8.576851
ISIC_0014238,-1.2240022,-9.2839775
ISIC_0014249,-1.0115557,-9.025173
ISIC_0014270,-1.2404177,-8.872283
ISIC_0014284,-1.0928288,-8.461834
ISIC_0014288,-1.0214449,-9.14686
ISIC_0014289,-1.3410147,-8.9571
ISIC_0014290,-1.1240101,-8.375268
ISIC_0014291,-1.0712911,-8.241003
ISIC_0014302,-0.7874467,-9.243717
ISIC_0014308,-0.9669302,-9.20783
ISIC_0014316,-1.0189288,-9.205676
ISIC_0014319,-0.8230964,-9.083729
ISIC_0014324,-1.0555683,-8.55909
ISIC_0014325,-0.70460814,-9.195189
ISIC_0014327,-0.9077991,-9.192929
ISIC_0014331,-0.9054338,-8.850579
ISIC_0014336,-1.2837517,-9.082678
ISIC_0014337,-1.0453129,-9.217463
ISIC_0014347,-1.0333368,-9.19839
ISIC_0014349,-0.9028051,-8.807792
ISIC_0014357,-1.375633,-9.041535
ISIC_0014360,-0.9416775,-9.165489
ISIC_0014361,-0.8737482,-8.3023405
ISIC_0014366,-0.9820803,-8.512029
ISIC_0014369,-1.232684,-8.870551
ISIC_0014372,-0.8661157,-9.181618
ISIC_0014377,-1.0323459,-9.058142
ISIC_0014385,-1.1914529,-8.83631
ISIC_0014395,-1.2430134,-9.106056
ISIC_0014400,3.38745,2.4903738
ISIC_0014422,-0.92937607,-9.016201
ISIC_0014423,-1.1312896,-8.852082
ISIC_0014428,-1.1977898,-8.835554
ISIC_0014434,-1.1859307,-8.436901
ISIC_0014454,-0.9282531,-9.22168
ISIC_0014476,-0.82681215,-8.142541
ISIC_0014478,-0.6717314,-9.202679
ISIC_0014480,-1.1341376,-9.258691
ISIC_0014486,-1.0211643,-9.193864
ISIC_0014489,-0.81780773,-9.089593
ISIC_0014501,-0.764943,-9.230158
ISIC_0014506,-0.90829724,-9.088669
ISIC_0014507,-1.0351831,-9.285907
ISIC_0014513,-1.234623,-8.550202
ISIC_0014525,-0.74750775,-8.3819685
ISIC_0014527,-0.84264535,-8.4038105
ISIC_0014541,-0.9648596,-9.1966
ISIC_0014543,-1.0867168,-9.143826
ISIC_0014545,-1.2258239,-8.929195
ISIC_0014546,-0.7414057,-9.159763
ISIC_0014548,-1.070815,-9.185995
ISIC_0014557,-1.2059482,-8.9329405
ISIC_0014558,-0.81178015,-9.019802
ISIC_0014559,-0.74638516,-8.382652
ISIC_0014663,-1.4273207,-0.7812794
ISIC_0014666,-1.016811,-0.42257422
ISIC_0014671,-3.0559475,-2.5818372
ISIC_0014681,2.2208953,0.3152418
ISIC_0014688,-1.0207318,-1.6775346
ISIC_0014689,-0.9932647,-1.8016895
ISIC_0014690,-1.0012071,-1.7561492
ISIC_0014703,-0.97161794,-0.7031023
ISIC_0014722,-1.0814649,-1.4256124
ISIC_0014727,-0.91767716,-1.7332072
ISIC_0014766,-1.0900135,-1.3170593
ISIC_0014772,-1.0319585,-0.98602974
ISIC_0014784,-1.0357937,1.4866971
ISIC_0014788,-1.4316868,-1.3154197
ISIC_0014790,-0.303412,-0.047850404
ISIC_0014795,-0.35645017,-1.1541033
ISIC_0014800,-1.1063843,-0.9154922
ISIC_0014809,-0.9011814,-1.0659391
ISIC_0014813,-1.5409917,-1.1030298
ISIC_0014826,0.01634065,-0.9435415
ISIC_0014832,-0.962348,-1.8758105
ISIC_0014852,0.49820554,-1.8098786
ISIC_0014857,-0.72301054,-1.0035114
ISIC_0014858,-1.3637019,-0.7908784
ISIC_0014862,-1.238426,-0.70392823
ISIC_0014864,-1.063515,-1.0152651
ISIC_0014871,-1.2134337,-0.9189962
ISIC_0014872,-1.0166017,-1.4705021
ISIC_0014873,-1.0315365,-1.5286076
ISIC_0014874,-0.98852265,-1.7528726
ISIC_0014877,-1.1048383,-1.0280583
ISIC_0014880,-1.0027223,-0.31131083
ISIC_0014883,-1.6462142,-0.8056093
ISIC_0014891,-1.079459,-1.3810104
ISIC_0014892,-1.1872611,-1.5482696
ISIC_0014893,-0.98536086,-1.7931409
ISIC_0014897,-1.1474735,-1.2670685
ISIC_0014900,-1.4077754,-1.2379873
ISIC_0014912,-1.0130606,-0.59183294
ISIC_0014918,2.9911706,1.7111502
ISIC_0014919,-0.63222295,2.2809694
ISIC_0014920,-1.2612894,-1.4790332
ISIC_0014924,-0.8832749,-1.4669603
ISIC_0014928,4.628818,0.54832447
ISIC_0014931,-0.5083715,-1.0367835
ISIC_0014935,-1.1124935,-0.5530684
ISIC_0014951,-1.492068,-0.6818717
ISIC_0014953,-1.0643259,-1.4796928
ISIC_0014963,-0.96191084,-0.40336964
ISIC_0014970,-1.5250461,-0.9433807
ISIC_0014975,-0.27965015,-1.7161903
ISIC_0014979,-0.9318365,-1.8969699
ISIC_0014980,-0.92255366,-1.8993518
ISIC_0014982,-0.8718822,-0.86732495
ISIC_0014983,-0.780993,-1.2531447
ISIC_0014985,-0.49344802,-1.5487764
ISIC_0014987,-1.4050084,-1.1461934
ISIC_0014999,-1.1586276,-0.6396874
ISIC_0015004,-0.8546689,-1.721427
ISIC_0015005,-1.0961336,-0.7019248
ISIC_0015041,3.6434336,0.9670277
ISIC_0015045,-1.0072298,-0.73717636
ISIC_0015050,0.35262012,-1.0081222
ISIC_0015065,-1.0199325,-1.352129
ISIC_0015067,-0.20665833,-1.8183136
ISIC_0015073,-0.963677,-0.483848
ISIC_0015079,-1.2222544,-0.7260554
ISIC_0015082,-1.1663929,-0.73095596
ISIC_0015083,1.1254797,1.8996837
ISIC_0015088,-1.1160593,-0.6002036
ISIC_0015096,-0.43358955,-1.0281321
ISIC_0015106,-1.0766189,-0.98059475
ISIC_0015109,-1.0897137,-1.3284485
ISIC_0015114,-1.3182399,-0.59969544
ISIC_0015115,-1.0367262,-1.4323581
ISIC_0015116,2.6859362,1.6374693
ISIC_0015119,-1.0003012,-0.2535906
ISIC_0015120,-1.0395502,-0.7930315
ISIC_0015122,2.991132,1.763558
ISIC_0015124,-1.1986939,-1.5487075
ISIC_0015127,-1.5280607,-1.2001905
ISIC_0015128,-0.8255515,-0.8750235
ISIC_0015132,-0.99463546,-1.0371057
ISIC_0015133,3.246652,1.8633956
ISIC_0015136,-1.0351888,-0.888868
ISIC_0015141,-1.0694699,-1.436178
ISIC_0015142,-1.4761758,-0.8636159
ISIC_0015143,-1.0580528,-1.1018729
ISIC_0015145,-1.040525,-0.9107421
ISIC_0015156,-0.81194264,-0.8747622
ISIC_0015163,-0.9931407,-1.5714122
ISIC_0015166,-1.734599,-0.8758424
ISIC_0015167,-1.1379114,-0.30535457
ISIC_0015169,-1.217677,-1.5571525
ISIC_0015178,-0.2857809,-1.7925447
ISIC_0015180,-0.30926117,-1.7812794
ISIC_0015185,-0.9815237,-0.45000857
ISIC_0015189,-1.0398707,-1.3347906
ISIC_0015190,-1.1891179,-0.85204196
ISIC_0015191,-1.237027,-1.4481753
ISIC_0015192,-3.0714712,-2.5978835
ISIC_0015193,-0.938557,-1.4643263
ISIC_0015194,-1.6076664,-0.97024727
ISIC_0015196,0.20847721,0.383448
ISIC_0015197,1.8931346,0.89433247
ISIC_0015204,-0.6611907,-1.0538383
ISIC_0015205,-1.013289,-0.66633385
ISIC_0015206,-1.4467034,-1.1241908
ISIC_0015213,-0.7271502,-0.6930892
ISIC_0015219,-1.0779896,-1.0518913
ISIC_0015228,-0.86481214,4.1675153
ISIC_0015229,-1.1710459,-0.40947956
ISIC_0015230,-0.87522113,-1.2481331
ISIC_0015236,-1.0153534,-0.77204996
ISIC_0015243,-0.94042885,-0.62914574
ISIC_0015246,-0.8905713,-0.17284417
ISIC_0015248,-1.523503,-1.1374693
ISIC_0015251,-1.3603374,-0.8283187
ISIC_0015256,-0.99515486,-0.1268892
ISIC_0015266,-0.96362936,-0.41100606
ISIC_0015277,-1.3261255,-0.8078807
ISIC_0015284,-1.3537611,3.4224424
ISIC_0015288,-1.0193738,-0.6489987
ISIC_0015289,-1.0470524,-0.6064302
ISIC_0015314,2.8545713,1.4819925
ISIC_0015316,-0.3095833,-0.5826147
ISIC_0015317,-3.0685256,-2.5946863
ISIC_0015318,-1.0286177,-0.68293273
ISIC_0015332,-1.1972461,-0.09016741
ISIC_0015336,-1.5939435,-0.89620197
ISIC_0015343,-1.0072855,-0.5964881
ISIC_0015356,-0.9870058,-0.5076443
ISIC_0015377,1.0583359,-1.5118312
ISIC_0015433,-1.0597172,-0.8344187
ISIC_0015434,-1.5123211,-1.1611799
ISIC_0015441,0.5526347,-1.1063844
ISIC_0015442,-2.90334,-2.460538
ISIC_0015457,-0.87926596,3.8350465
ISIC_0015458,-1.0292014,3.71785
ISIC_0015477,-1.3951854,-0.92528033
ISIC_0015503,-0.07952454,-1.0137678
ISIC_0015508,-0.6970536,-0.6778185
ISIC_0015514,2.1410668,0.86603993
ISIC_0015517,4.8688493,0.7480481
ISIC_0015519,2.318714,0.88218176
ISIC_0015522,-0.9826807,-1.8840417
ISIC_0015523,-0.9139824,-0.9165834
ISIC_0015533,-0.97146726,-1.786815
ISIC_0015565,2.832976,1.6801281
ISIC_0015575,-3.071139,-2.5973482
ISIC_0015595,0.06041549,1.2122064
ISIC_0015608,-1.0201464,-0.9433006
ISIC_0015619,-1.1442121,-0.020357616
ISIC_0016080,-1.1087505,-9.24915
ISIC_0016081,-0.19138116,-8.492973
ISIC_0016082,-0.22232595,-8.539829
ISIC_0016084,-0.2658521,-8.297998
ISIC_0016085,-1.0082526,-9.091489
ISIC_0016092,-0.19760542,-8.551574
ISIC_0016094,3.3182406,1.851329
ISIC_0016112,-0.7329007,-8.652514
ISIC_0016114,4.168391,0.003953339
ISIC_0016123,-0.91928864,-9.134658
ISIC_0016127,-0.2422822,-8.617786
ISIC_0016128,-0.31628466,2.4999912
ISIC_0016131,-0.35192642,-8.372711
ISIC_0016133,-0.21565323,-8.526524
ISIC_0016137,-1.1040937,-8.954098
ISIC_0016139,-0.8324355,-8.080045
ISIC_0016145,-0.96319526,-8.759644
ISIC_0016153,-0.7317308,-9.163391
ISIC_0016161,-0.89483994,-9.052055
ISIC_0016162,-1.5600961,3.0371542
ISIC_0016438,2.8691704,-0.19580905
ISIC_0016911,1.8765715,-0.43589205
ISIC_0017350,2.8439155,-0.06045415
ISIC_0017399,2.8421953,-0.06364377
ISIC_0017411,1.7175622,-0.6517119
ISIC_0017414,2.927831,-0.1320794
ISIC_0017415,3.0060992,-0.10334817
ISIC_0017422,2.9132655,-0.5467009
ISIC_0017428,2.2148037,-0.5502409
ISIC_0017431,4.3631783,0.19575393
ISIC_0017434,2.5736482,-0.042351324
ISIC_0017436,2.8430853,0.12727632
ISIC_0017443,3.345636,0.10125793
ISIC_0017448,2.8638136,-0.16310456
ISIC_0017451,3.0037093,-0.026109243
ISIC_0017453,3.0218413,0.030823553
ISIC_0017455,4.3538184,0.2762003
ISIC_0017460,2.9236073,0.098880574
ISIC_0017485,2.8539019,-0.46698576
ISIC_0017486,2.820712,-0.5953342
ISIC_0017856,1.8191429,-0.33893085
ISIC_0018039,2.098041,-0.4381823
ISIC_0018040,2.047615,-0.48819458
ISIC_0019315,2.3353798,-0.40946877
ISIC_0019334,3.0289261,-0.024968755
ISIC_0019335,3.1241834,0.051816277
ISIC_0019432,2.216584,-0.5025171
ISIC_0020491,2.2844286,-0.50949335
ISIC_0020963,2.4650824,0.5777899
ISIC_0020975,1.4793112,-1.7741872
ISIC_0020977,1.4965628,-1.7801353
ISIC_0020978,2.044126,-0.9840821
ISIC_0020985,0.33331323,-1.1072719
ISIC_0020986,0.24803177,-1.0719813
ISIC_0020987,0.14420809,3.015167
ISIC_0020988,0.19480893,-1.0120695
ISIC_0020998,0.54897195,-1.7787234
ISIC_0021009,0.1460162,2.9645505
ISIC_0021020,0.50411445,-1.7854539
ISIC_0021094,1.0572009,-1.8738394
ISIC_0021095,1.0873871,-1.7020613
ISIC_0021125,0.7602964,-1.5476631
ISIC_0021136,0.9211314,-1.5691935
ISIC_0021147,0.7395829,-1.5588272
ISIC_0021155,0.9543085,-1.5794084
ISIC_0021162,0.6534612,-1.3836242
ISIC_0021166,0.106564514,-1.9173316
ISIC_0021167,0.20228598,-2.0367777
ISIC_0021168,0.17572847,-1.957502
ISIC_0021172,2.750356,4.8254304
ISIC_0021187,4.0387983,1.0852231
ISIC_0021188,3.911443,0.47193956
ISIC_0021189,4.470516,1.2519472
ISIC_0021194,0.90793633,-1.171949
ISIC_0021205,2.5363472,5.2285223
ISIC_0021271,0.71832645,-0.9411257
ISIC_0021282,0.69214064,-0.9465031
ISIC_0021293,0.7854371,-0.9761574
ISIC_0021295,1.7095611,-1.9760695
ISIC_0021296,1.725934,-2.0460072
ISIC_0021297,2.5748172,-0.53741914
ISIC_0021328,1.736918,-2.1328907
ISIC_0021329,1.8245891,-1.9739928
ISIC_0021330,2.4396358,-0.38077804
ISIC_0021339,-1.7844973,1.7190154
ISIC_0021340,-1.7702465,4.058181
ISIC_0021341,-1.7662026,1.7876254
ISIC_0021382,-1.5584409,4.339126
ISIC_0021383,-1.5393045,4.3351583
ISIC_0021384,-1.4429094,4.2819176
ISIC_0021390,2.9208405,1.6058934
ISIC_0021391,3.2084916,1.7832922
ISIC_0021399,1.9556904,-1.401384
ISIC_0021400,3.813093,-0.6369038
ISIC_0021401,4.1108103,-0.24790499
ISIC_0021405,0.85626256,-1.0221965
ISIC_0021407,0.87514365,-1.1168479
ISIC_0021408,1.9721314,0.5161919
ISIC_0021426,1.2493659,-1.6232026
ISIC_0021427,1.4961021,-1.8507905
ISIC_0021428,1.192421,1.9724537
ISIC_0021432,0.417647,-2.1954973
ISIC_0021434,0.5447417,-2.2750459
ISIC_0021435,0.4800851,-2.1657655
ISIC_0021439,1.3404577,-1.9469705
ISIC_0021440,1.4437028,-2.0572011
ISIC_0021441,2.0040472,-0.7516095
ISIC_0021442,1.2657686,-1.9757894
ISIC_0021443,1.3562686,-1.9910269
ISIC_0021446,1.0383229,-1.7257351
ISIC_0021473,1.0793648,-1.014287
ISIC_0021474,0.85427433,-0.86386687
ISIC_0021475,2.3487883,1.0910892
ISIC_0021480,1.5404226,-0.7513078
ISIC_0021481,1.5499294,-0.86989
ISIC_0021482,2.5843773,1.3610363
ISIC_0021491,2.0754175,-1.670876
ISIC_0021492,2.102029,-1.6406776
ISIC_0021493,3.3625844,0.18537442
ISIC_0021497,1.8562365,-2.0052893
ISIC_0021498,1.9980632,-1.9566325
ISIC_0021500,0.11463458,2.9634533
ISIC_0021530,4.2503376,0.29746684
ISIC_0021531,4.16336,0.18517385
ISIC_0021533,4.4654613,0.6696473
ISIC_0021534,4.0679107,0.84359723
ISIC_0021535,3.9394977,0.17739107
ISIC_0021536,3.9530363,0.88813597
ISIC_0021542,0.47504202,-2.1445475
ISIC_0021543,0.534393,-2.2217097
ISIC_0021544,-0.59524864,3.8265731
ISIC_0021611,1.4120891,-1.6665168
ISIC_0021622,1.3532796,-1.5265589
ISIC_0021627,2.6710603,-0.9102537
ISIC_0021646,2.9366171,-1.1810484
ISIC_0021647,2.7690403,-1.1820799
ISIC_0021648,3.071816,-0.7540635
ISIC_0021687,2.0895813,-1.7854599
ISIC_0021688,2.3520606,-1.5514605
ISIC_0021689,1.0618912,2.216425
ISIC_0021706,3.0694041,-0.6032843
ISIC_0021708,3.9796908,-0.08094153
ISIC_0021709,3.4549525,-0.2695702
ISIC_0021710,1.9737512,-1.3465251
ISIC_0021711,1.47041,-1.539402
ISIC_0021713,1.7004933,-1.198148
ISIC_0021728,1.6127471,-2.072584
ISIC_0021729,1.5106946,-2.072279
ISIC_0021730,1.0441782,-1.601939
ISIC_0021745,1.9808748,-1.0774477
ISIC_0021746,2.140503,-0.9894616
ISIC_0021747,1.2242835,2.5692487
ISIC_0021768,1.7541827,-2.12516
ISIC_0021770,2.7160027,-0.45001253
ISIC_0021771,3.2273731,-0.8578931
ISIC_0021772,1.5918308,0.47030732
ISIC_0021780,3.939358,-0.26571125
ISIC_0021781,3.4303074,-1.1121386
ISIC_0021782,1.1241226,2.154742
ISIC_0021783,3.9318457,0.23561016
ISIC_0021784,4.3864546,0.22015707
ISIC_0021785,2.922788,2.8420734
ISIC_0021786,2.5809963,-0.73915476
ISIC_0021787,2.7516031,-1.2484287
ISIC_0021789,4.450134,0.63054276
ISIC_0021800,3.7419508,0.84623355
ISIC_0021801,3.8095775,-2.0167685
ISIC_0021802,2.4024477,0.15158182
ISIC_0021803,3.1920276,-0.54359674
ISIC_0021804,3.178394,-0.42847145
ISIC_0021805,3.0540118,1.2979858
ISIC_0021816,2.770454,1.3211926
ISIC_0021818,1.6425257,-0.5472959
ISIC_0021819,2.8417537,1.6613265
ISIC_0021850,3.356139,0.30012378
ISIC_0021851,3.303863,-1.5227609
ISIC_0021896,0.88090974,-1.5535848
ISIC_0021897,0.93018806,-1.4161457
ISIC_0021898,2.50775,1.2353693
ISIC_0021899,2.879772,1.5007932
ISIC_0021900,4.095171,0.04933127
ISIC_0021901,2.8532593,1.4928418
ISIC_0021908,4.0844893,0.28400105
ISIC_0021917,2.4863594,-1.3482269
ISIC_0021921,0.11566988,-1.8856012
ISIC_0021925,1.6888057,-1.6981156
ISIC_0021926,0.147854,-1.860429
ISIC_0021927,0.07524859,-1.8762094
ISIC_0021967,3.9811785,-1.2167945
ISIC_0021969,3.3968246,-1.3892823
ISIC_0021970,4.3032174,-0.5067813
ISIC_0021971,4.3147564,-0.702169
ISIC_0021972,4.3453755,-0.6455995
ISIC_0021973,4.246665,-0.75502896
ISIC_0021974,4.1710396,-0.9795525
ISIC_0021975,4.318396,-0.7567589
ISIC_0021976,4.255134,-0.7883211
ISIC_0021977,4.333564,-0.693688
ISIC_0021978,4.009988,-1.2212621
ISIC_0021979,2.3798623,-1.3255421
ISIC_0021980,4.0912213,-1.0917867
ISIC_0021981,4.0859323,-1.128238
ISIC_0021985,2.0306094,-1.7483248
ISIC_0021996,2.2617662,-1.6949054
ISIC_0021997,2.436392,-1.4708486
ISIC_0022000,2.2260067,-0.9346076
ISIC_0022003,1.4188479,-1.7340621
ISIC_0022009,1.8937238,-1.9926921
ISIC_0022010,1.9988043,-1.9051563
ISIC_0022011,2.4963877,5.9672794
ISIC_0022012,2.4922242,5.975468
ISIC_0022013,1.456883,-1.7865783
ISIC_0022022,1.5733042,-1.909837
ISIC_0022048,0.872803,-1.6289741
ISIC_0022059,1.0003229,-2.3740487
ISIC_0022066,3.196964,-1.0772396
ISIC_0022067,1.4118005,-1.0942855
ISIC_0022068,1.1512653,-1.0295614
ISIC_0022069,3.200932,-1.0888393
ISIC_0022070,1.517286,-2.0848594
ISIC_0022071,3.2128196,-1.09134
ISIC_0022073,2.3409302,-0.5814545
ISIC_0022075,-2.036559,1.4443345
ISIC_0022076,-1.7829596,1.7447773
ISIC_0022077,-1.7861595,1.904854
ISIC_0022078,-1.8914635,1.6902293
ISIC_0022079,-1.8046424,1.8963387
ISIC_0022080,1.1130483,1.0002842
ISIC_0022081,-1.2909886,3.9561667
ISIC_0022082,-1.2587816,0.98411024
ISIC_0022083,1.9773031,-1.8483144
ISIC_0022102,1.0544045,-1.4883993
ISIC_0022113,1.1803976,-1.5436391
ISIC_0022123,1.0432767,-1.7256132
ISIC_0022124,1.176083,-1.519138
ISIC_0022125,1.0113964,-1.8407583
ISIC_0022154,0.57064444,-2.2477615
ISIC_0022155,1.0442274,-2.5718124
ISIC_0022156,0.42841575,-2.22061
ISIC_0022157,0.7204785,-2.2721324
ISIC_0022180,4.1782002,-0.35540083
ISIC_0022195,2.8026614,-1.3723052
ISIC_0022196,2.7776272,-1.2027777
ISIC_0022197,2.9430285,-1.3905452
ISIC_0022198,2.9387128,-1.3666692
ISIC_0022199,4.288704,-0.1491122
ISIC_0022245,1.7184024,-1.112071
ISIC_0022246,1.6773362,-1.1685412
ISIC_0022254,1.4803436,-2.0252357
ISIC_0022255,1.7931589,-2.148572
ISIC_0022256,1.5113981,-0.32820925
ISIC_0022286,4.344843,-0.42803577
ISIC_0022304,2.0095487,-1.1994163
ISIC_0022305,1.9500924,-1.2308959
ISIC_0022306,2.0605886,-0.95841
ISIC_0022307,1.9309174,-1.2382783
ISIC_0022308,3.0179496,-0.30937707
ISIC_0022311,1.1776223,-2.4682598
ISIC_0022312,1.0039371,-2.349358
ISIC_0022313,1.1996418,-2.54343
ISIC_0022314,1.1438602,-2.3615952
ISIC_0022315,1.2059988,-2.5413861
ISIC_0022316,1.7124282,-2.1737113
ISIC_0022317,1.6336021,-1.9234239
ISIC_0022318,1.2591025,-2.5144737
ISIC_0022319,1.7592095,-2.196286
ISIC_0022321,1.7567085,-2.2120225
ISIC_0022322,1.301961,-2.4539888
ISIC_0022327,4.0603404,0.026177738
ISIC_0022328,3.6628387,0.4547403
ISIC_0022329,4.13882,0.15879332
ISIC_0022330,3.6789513,0.33654353
ISIC_0022332,3.9632094,0.08630757
ISIC_0022338,4.222872,-0.19155979
ISIC_0022339,3.3771381,-1.1222861
ISIC_0022340,3.1912029,-1.0814984
ISIC_0022378,0.8359225,-1.9452332
ISIC_0022379,0.95265776,-1.9614605
ISIC_0022380,1.0292691,-1.9788567
ISIC_0022381,3.0431511,-1.5094262
ISIC_0022382,3.7674432,0.34207332
ISIC_0022383,2.8424401,-1.4767957
ISIC_0022384,3.0645144,-1.3991123
ISIC_0022385,3.2376258,-1.1187315
ISIC_0022397,1.5124826,-2.0075257
ISIC_0022398,3.1591709,-0.9459442
ISIC_0022399,1.3282853,-2.2651243
ISIC_0022437,3.7362874,0.15057823
ISIC_0022439,3.0753381,-0.9245782
ISIC_0022440,3.6372929,0.36817762
ISIC_0022442,4.366741,0.8535667
ISIC_0022463,0.58098036,-1.7802804
ISIC_0022474,0.8726733,-2.0939617
ISIC_0022570,2.7844622,0.02169645
ISIC_0022571,2.2623847,-1.0712882
ISIC_0022572,0.9759273,-1.2331544
ISIC_0022573,2.778254,-0.34572148
ISIC_0022574,2.7957175,-0.41651553
ISIC_0022597,0.80146027,-1.8339365
ISIC_0022601,0.939662,-1.887005
ISIC_0022602,0.923065,-1.8969647
ISIC_0022603,0.9871691,-1.8618405
ISIC_0022604,0.9507958,-1.8883606
ISIC_0022615,1.3447691,-2.167895
ISIC_0022616,1.3131646,-2.243515
ISIC_0022617,1.2744358,-2.2999225
ISIC_0022624,3.9813557,-0.03342162
ISIC_0022660,0.97044945,-0.88652176
ISIC_0022679,0.9706522,-1.3299913
ISIC_0022682,2.0454607,0.34020668
ISIC_0022683,2.0598898,0.38859704
ISIC_0022684,2.006428,0.47395024
ISIC_0022685,1.9829675,0.40388763
ISIC_0022686,1.9739887,0.30119053
ISIC_0022783,0.89294773,-1.3793867
ISIC_0022793,2.9736888,-1.3438067
ISIC_0022794,2.756401,-1.0553439
ISIC_0022796,3.0555828,0.091193125
ISIC_0022797,3.624998,-0.26342526
ISIC_0022798,4.261881,0.3793254
ISIC_0022799,3.028056,-0.17216703
ISIC_0022894,0.9280133,-1.3493502
ISIC_0023021,0.89563817,-2.3544972
ISIC_0023022,0.777672,-2.1175334
ISIC_0023023,0.752894,-2.0977163
ISIC_0023025,0.8821483,-2.3177948
ISIC_0023026,0.79020613,-2.1449177
ISIC_0023042,-1.6873841,3.3238552
ISIC_0023043,-1.4049932,2.211196
ISIC_0023044,-1.5412214,2.4749339
ISIC_0023045,-1.4695119,2.0516572
ISIC_0023047,-1.458912,2.1419356
ISIC_0023048,0.16873091,-0.99679464
ISIC_0023049,0.3225706,-1.2201194
ISIC_0023050,-1.4046483,2.211582
ISIC_0023051,-0.5680332,2.081348
ISIC_0023052,-1.5526124,3.3861148
ISIC_0023053,0.18536364,-1.0598081
ISIC_0023054,-1.3530034,2.2166305
ISIC_0023103,3.1375742,1.7047594
ISIC_0023104,3.0535834,1.6349173
ISIC_0023105,3.05242,1.6217076
ISIC_0023106,3.0563958,1.689803
ISIC_0023107,3.075349,1.6590188
ISIC_0023108,3.081369,1.7010884
ISIC_0023109,3.093236,1.6815162
ISIC_0023110,3.1231854,1.7051297
ISIC_0023111,3.0981433,1.6807362
ISIC_0023116,0.79798824,-2.4600415
ISIC_0023117,0.7734851,-2.4820762
ISIC_0023119,0.7836801,-2.4593058
ISIC_0023130,-1.8816667,6.2597046
ISIC_0023131,-1.7673388,6.3205066
ISIC_0023132,-1.808844,6.3318834
ISIC_0023133,-1.8814827,6.281179
ISIC_0023161,1.9956686,-1.2192708
ISIC_0023163,1.6279306,-1.2572807
ISIC_0023164,1.7403815,-1.1812288
ISIC_0023165,1.5921814,-1.7114307
ISIC_0023236,3.329532,-0.77781975
ISIC_0023262,-2.1032631,1.3613446
ISIC_0023264,-2.1156504,1.40929
ISIC_0023265,-2.1227212,1.4045829
ISIC_0023266,-2.1369925,1.4033593
ISIC_0023267,-1.9446114,1.4495742
ISIC_0023268,-2.1300287,1.3898953
ISIC_0023269,-2.1491246,1.3312888
ISIC_0023270,-2.0920968,1.401271
ISIC_0023271,-2.1326365,1.3954077
ISIC_0023272,-2.1478405,1.4204621
ISIC_0023273,-2.1802392,1.3740714
ISIC_0023275,-2.0940006,1.4942155
ISIC_0023276,-1.9333822,1.4444684
ISIC_0023277,-1.940664,1.4507095
ISIC_0023278,-2.117579,1.3834243
ISIC_0023279,-2.1330757,1.3603106
ISIC_0023280,-2.1019979,1.4611064
ISIC_0023281,-2.1541724,1.3109387
ISIC_0023282,-2.060791,1.3730767
ISIC_0023283,-2.1642401,1.3493
ISIC_0023284,-2.1019824,1.4792002
ISIC_0023286,1.1236782,5.025068
ISIC_0023287,-2.0471673,1.5093771
ISIC_0023288,-2.030227,1.5098038
ISIC_0023289,-2.1739686,1.3821895
ISIC_0023290,-2.172433,1.390025
ISIC_0023291,-2.1196148,1.5033246
ISIC_0023292,-1.8597543,1.398491
ISIC_0023293,-2.137464,1.4007541
ISIC_0023294,-2.1199925,1.4147593
ISIC_0023295,-1.8835651,1.4505183
ISIC_0023296,-1.8737335,1.479058
ISIC_0023297,1.1291405,-2.3181994
ISIC_0023298,-1.8413332,1.450661
ISIC_0023299,-1.7808446,1.4572988
ISIC_0023300,0.22053543,-1.2036742
ISIC_0023301,-1.6214807,1.6645762
ISIC_0023302,4.03011,0.35606542
ISIC_0023303,-1.8132576,1.5061952
ISIC_0023304,-1.7739135,1.4738872
ISIC_0023305,-1.0725529,2.4339397
ISIC_0023306,0.22078918,-1.2031125
ISIC_0023307,-1.767074,1.4799793
ISIC_0023308,0.16588482,2.9932728
ISIC_0023309,-1.8817291,1.4864712
ISIC_0023310,-1.7449977,1.4950652
ISIC_0023311,-1.7365036,1.5149047
ISIC_0023312,-1.8152945,1.4559346
ISIC_0023313,0.62257767,-1.4562179
ISIC_0023314,1.1052251,0.52300173
ISIC_0023315,-1.7156835,1.7278568
ISIC_0023316,-1.7707567,1.4542043
ISIC_0023317,-1.7718194,1.4666606
ISIC_0023318,1.0161786,-0.4902952
ISIC_0023320,-1.7532406,1.4728847
ISIC_0023321,-1.7778894,1.4931567
ISIC_0023322,-1.8068726,1.4526156
ISIC_0023323,1.3341473,-2.0989733
ISIC_0023324,-1.7010213,1.5575469
ISIC_0023325,-1.786052,1.418382
ISIC_0023326,0.39273643,0.8321805
ISIC_0023327,-1.7888464,1.4419556
ISIC_0023328,-1.7742162,1.4646785
ISIC_0023329,-1.7478586,1.4354845
ISIC_0023331,-1.808865,1.4615287
ISIC_0023364,0.9417861,-1.0817816
ISIC_0023365,1.0546613,-1.115396
ISIC_0023366,1.0301154,-1.0303234
ISIC_0023367,0.81672776,-1.0422292
ISIC_0023368,0.85662216,-1.038254
ISIC_0023369,0.8203966,-1.0193822
ISIC_0023370,4.876524,1.7478361
ISIC_0023371,4.879638,1.7583984
ISIC_0023372,4.8779993,1.7584957
ISIC_0023374,4.878378,1.7650429
ISIC_0023375,4.8681264,1.753839
ISIC_0023376,4.8833504,1.7473732
ISIC_0023377,4.8384604,1.731048
ISIC_0023395,3.3117967,0.3122
ISIC_0023396,1.214496,0.2331345
ISIC_0023397,1.1917939,0.24242613
ISIC_0023398,1.197389,0.24703003
ISIC_0023399,1.229351,0.2481559
ISIC_0023427,-0.7696979,6.037792
ISIC_0023438,-0.7663731,6.11613
ISIC_0023458,-1.8904643,6.2651377
ISIC_0023459,-1.8871793,6.2775435
ISIC_0023460,-1.9312816,5.8220387
ISIC_0023461,-1.9405276,5.7657537
ISIC_0023462,-1.3309004,7.0338817
ISIC_0023463,-1.3253306,7.0606394
ISIC_0023464,-1.3251002,7.056934
ISIC_0023465,-1.9261088,5.7683687
ISIC_0023466,-1.8991671,6.2524343
ISIC_0023467,-1.9579539,5.822572
ISIC_0023469,-1.9487137,5.80253
ISIC_0023482,0.5271199,-0.917708
ISIC_0023483,0.42625853,-0.98382205
ISIC_0023484,0.5569212,-0.7839639
ISIC_0023485,0.44791532,-0.9521506
ISIC_0023486,0.46124643,-0.9612197
ISIC_0023488,0.44229367,-0.855245
ISIC_0023489,1.5502795,1.2121757
ISIC_0023490,1.352652,1.6534057
ISIC_0023491,1.3375006,1.6360699
ISIC_0023492,0.46218625,-2.1428921
ISIC_0023493,0.4742172,-2.2032042
ISIC_0023494,0.38589117,-2.1242468
ISIC_0023495,2.0388575,-1.9721687
ISIC_0023496,1.9431881,-2.027725
ISIC_0023497,3.9663343,-0.25626728
ISIC_0023500,1.7252136,-2.0253077
ISIC_0023502,1.3643482,0.8550738
ISIC_0023503,-0.8780457,-1.9420916
ISIC_0023504,0.9274319,5.773221
ISIC_0023505,1.4090729,-1.7556413
ISIC_0023506,1.2970262,-1.788849
ISIC_0023507,1.2670935,-1.8570379
ISIC_0023508,1.3564714,-1.6099168
ISIC_0023509,0.7265184,5.1976705
ISIC_0023511,1.2158529,-1.5200998
ISIC_0023512,1.1761426,-1.6841571
ISIC_0023513,1.193507,-1.6598842
ISIC_0023514,1.2264915,-1.6362416
ISIC_0023515,0.6674878,4.4990816
ISIC_0023516,1.0013444,-1.5450039
ISIC_0023517,0.8669451,-1.2374173
ISIC_0023518,0.78397167,-1.4467204
ISIC_0023519,1.2461336,1.948543
ISIC_0023524,1.6141472,-0.87293494
ISIC_0023525,1.593398,-0.85757077
ISIC_0023526,1.7243494,-0.6611132
ISIC_0023529,0.46704602,-2.083003
ISIC_0023530,0.45925972,-2.1235993
ISIC_0023531,0.46254855,-2.0991833
ISIC_0023553,1.1857687,-1.0703499
ISIC_0023554,1.2223696,-1.1117246
ISIC_0023561,-0.4849728,2.726774
ISIC_0023574,2.1419845,-1.5564016
ISIC_0023575,2.0843527,-1.6358365
ISIC_0023594,2.729911,-1.1339172
ISIC_0023596,3.1282487,-0.7630889
ISIC_0023597,3.3779793,-0.51752836
ISIC_0023604,3.6938791,0.3449606
ISIC_0023606,3.599404,0.017265143
ISIC_0023608,1.4082887,-1.0319155
ISIC_0023620,1.3883446,-1.0339087
ISIC_0023631,1.0390172,-1.0627891
ISIC_0023634,-0.84654015,6.244097
ISIC_0023635,-1.2444013,6.5930824
ISIC_0023636,-1.3400694,6.282454
ISIC_0023637,-1.3300442,6.3268538
ISIC_0023638,-1.2359346,6.593045
ISIC_0023639,-1.3419905,6.351468
ISIC_0023640,-1.2229918,6.554348
ISIC_0023641,-0.9204045,6.2934537
ISIC_0023642,1.0308686,-1.0852722
ISIC_0023643,-1.2276893,6.608505
ISIC_0023644,-0.8780839,6.2804265
ISIC_0023645,-0.9099709,6.3495083
ISIC_0023646,0.63924086,4.527429
ISIC_0023647,1.492279,-1.9106358
ISIC_0023648,2.012943,-0.63772476
ISIC_0023669,3.6029007,-0.44617048
ISIC_0023670,3.4891102,-0.37437975
ISIC_0023671,4.4304056,-0.24072982
ISIC_0023675,1.4345001,-2.0696754
ISIC_0023685,2.1459231,-0.53118217
ISIC_0023705,2.6055295,4.078734
ISIC_0023706,2.5210958,5.8635287
ISIC_0023707,2.506693,5.715102
ISIC_0023708,2.2623932,2.0613592
ISIC_0023711,0.71456265,4.6037016
ISIC_0023712,0.6807012,4.844326
ISIC_0023744,3.50331,-0.76961243
ISIC_0023747,3.6230576,-0.70768976
ISIC_0023755,4.2324653,0.4174064
ISIC_0023762,0.7648266,-1.8294622
ISIC_0023763,0.8426592,-1.7588239
ISIC_0023764,1.0107355,-1.4876264
ISIC_0023765,3.9632761,1.8879277
ISIC_0023766,3.86598,1.7242337
ISIC_0023767,2.9062843,-1.6397153
ISIC_0023769,3.1380486,-0.97465074
ISIC_0023770,2.3199556,-0.24619386
ISIC_0023771,4.2142706,0.048556376
ISIC_0023786,0.7473138,-1.9432831
ISIC_0023787,1.1114326,-1.3769009
ISIC_0023806,1.5390333,-2.0393348
ISIC_0023807,1.8524308,-1.9915617
ISIC_0023808,2.9681296,-0.69375795
ISIC_0023809,4.2460637,-0.25880966
ISIC_0023811,4.2625012,-0.29768464
ISIC_0023812,4.3899026,0.4134747
ISIC_0023836,3.5262012,0.5125158
ISIC_0023837,2.728876,-0.96389955
ISIC_0023838,2.752834,-0.6742327
ISIC_0023839,2.631477,-0.5115805
ISIC_0023843,2.543391,-1.2003249
ISIC_0023853,1.5895249,-1.6961992
ISIC_0023854,2.289931,-1.5422167
ISIC_0023855,1.6376632,-1.6016767
ISIC_0023856,1.5324938,-1.6402649
ISIC_0023890,2.9795914,-1.3128614
ISIC_0023891,3.043381,-1.351164
ISIC_0023893,2.385486,-0.25686955
ISIC_0023900,3.1691198,-0.7184672
ISIC_0023901,3.0354185,-0.5219603
ISIC_0023902,2.8254611,-0.62790656
ISIC_0023903,1.4793952,-1.657771
ISIC_0023923,3.2411401,1.7142158
ISIC_0023924,-0.9248854,-1.9309852
ISIC_0023925,3.9357288,1.8405912
ISIC_0024005,1.364548,-1.732445
ISIC_0024015,1.2675495,-1.8188636
ISIC_0024016,0.9868319,-1.8610798
ISIC_0024018,2.0860476,-0.54972833
ISIC_0024032,0.80467534,-1.3800017
ISIC_0024033,0.42932975,-1.2230191
ISIC_0024034,0.6786597,-1.2304617
ISIC_0024072,1.2296029,-1.5847833
ISIC_0024083,0.98137146,-1.535678
ISIC_0024085,2.106606,-1.7285912
ISIC_0024086,2.4431074,-1.6969098
ISIC_0024087,2.5922577,-0.757607
ISIC_0024091,1.9357975,-0.76162773
ISIC_0024095,1.0743501,-1.9678043
ISIC_0024096,1.1462514,-2.1295888
ISIC_0024097,0.7789572,0.24933106
ISIC_0024108,2.4359715,-0.15485395
ISIC_0024109,1.9570371,-0.3072479
ISIC_0024112,4.3013616,0.6930993
ISIC_0024119,2.3477528,-0.19541682
ISIC_0024120,1.004125,-1.3893205
ISIC_0024121,1.8971952,0.5153942
ISIC_0024193,3.8285778,0.4324699
ISIC_0024194,4.031676,0.42070532
ISIC_0024195,4.1633644,1.2504019
ISIC_0024313,3.110587,-0.9648752
ISIC_0024315,4.433025,1.7783406
ISIC_0024351,0.6893383,-0.17423564
ISIC_0024481,4.5729136,2.2770295
ISIC_0024537,1.6930172,1.517029
ISIC_0024546,1.0093777,-0.56440544
ISIC_0024586,4.5447593,2.3836741
ISIC_0024624,3.0071273,3.0678883
ISIC_0024644,0.8762247,5.1152864
ISIC_0024675,4.3671885,2.6189253
ISIC_0024688,-1.2255185,-0.9883026
ISIC_0024733,2.84261,-1.299968
ISIC_0024792,2.4845824,0.55725795
ISIC_0024806,0.7095012,-0.16591725
ISIC_0024865,4.1343884,2.262739
ISIC_0024886,2.4683614,0.48661247
ISIC_0024898,1.5488636,0.10402744
ISIC_0024900,1.7532133,-2.0254543
ISIC_0024911,3.6624224,-1.3835201
ISIC_0024918,2.2712417,0.13739324
ISIC_0024932,2.4899464,-0.8060057
ISIC_0024952,2.294582,-0.14598922
ISIC_0024972,-0.74010473,4.497584
ISIC_0025018,4.121032,1.1860163
ISIC_0025035,3.2283041,0.47253597
ISIC_0025081,4.5843325,2.1481314
ISIC_0025085,1.0414999,1.0705614
ISIC_0025127,1.3160198,-1.3978224
ISIC_0025128,2.5529938,-1.2785318
ISIC_0025155,4.2772717,-2.9905868
ISIC_0025219,3.7381341,-0.81859004
ISIC_0025235,1.7620348,-1.493067
ISIC_0025238,1.7963066,-1.2572595
ISIC_0025265,4.470041,2.5511467
ISIC_0025316,4.4459095,0.18134037
ISIC_0025409,4.1226096,-3.6459394
ISIC_0025451,-0.5932135,4.033092
ISIC_0025489,3.3197136,0.6633026
ISIC_0025550,2.2801592,-0.82259804
ISIC_0025573,1.2620833,-0.8318192
ISIC_0025589,4.5528593,2.330706
ISIC_0025592,4.46842,0.70953876
ISIC_0025603,3.1448553,0.5255369
ISIC_0025611,1.3498427,1.9175045
ISIC_0025663,1.3405285,-1.5263305
ISIC_0025674,1.1353121,1.0391073
ISIC_0025708,3.5351164,0.7415042
ISIC_0025724,3.412749,0.6876683
ISIC_0025748,2.476491,-1.3964771
ISIC_0025751,3.0873137,0.69660705
ISIC_0025766,1.3957616,-1.0174866
ISIC_0025783,0.5689245,1.673122
ISIC_0025791,1.9386528,-0.1475292
ISIC_0025832,1.9482064,-0.9661747
ISIC_0025835,1.6302018,2.7234128
ISIC_0025891,3.727836,0.9521448
ISIC_0025904,4.479893,2.2767892
ISIC_0025941,2.5075066,-0.17469788
ISIC_0025963,-1.2334322,1.9040111
ISIC_0025964,4.53465,2.0564027
ISIC_0026009,1.9657307,-1.9237446
ISIC_0026081,2.6448164,-0.35687596
ISIC_0026105,2.2654288,-0.71438724
ISIC_0026113,4.4548144,2.2506466
ISIC_0026115,1.473837,-1.7297657
ISIC_0026150,4.492613,1.9612597
ISIC_0026207,1.7527665,0.36763662
ISIC_0026229,-0.5557147,3.6652846
ISIC_0026236,3.6453373,-0.9229808
ISIC_0026239,2.0717275,-0.914313
ISIC_0026247,3.7163038,-0.85147554
ISIC_0026258,1.9370284,-1.5520965
ISIC_0026296,4.430393,1.8276244
ISIC_0026314,4.2109942,0.38943943
ISIC_0026352,-1.129344,-1.0417529
ISIC_0026360,3.8496323,1.7946638
ISIC_0026475,2.4630527,-0.8973944
ISIC_0026506,4.621644,0.66539645
ISIC_0026516,4.265101,0.643922
ISIC_0026596,4.3047843,1.1182141
ISIC_0026604,0.7622522,-2.1233637
ISIC_0026622,0.2436589,1.2430698
ISIC_0026694,3.406673,-0.5786076
ISIC_0026746,1.8849233,-1.574342
ISIC_0026770,0.8785367,-0.16820288
ISIC_0026774,1.400119,-1.41189
ISIC_0026802,1.0097122,-0.4327354
ISIC_0026897,2.3967197,-0.85709983
ISIC_0026930,0.9893622,-0.6862889
ISIC_0026954,1.7969216,-0.19179271
ISIC_0026963,3.1831427,2.9869397
ISIC_0026993,2.3996756,3.7836022
ISIC_0026996,4.2239995,1.1063718
ISIC_0027043,3.2737725,0.7815643
ISIC_0027089,1.9887159,-0.7630793
ISIC_0027105,1.5524997,-1.2501786
ISIC_0027125,4.4588585,0.7977785
ISIC_0027171,1.5914717,0.37461963
ISIC_0027174,4.488287,1.7277951
ISIC_0027260,4.5386233,2.3183162
ISIC_0027261,-0.6859384,4.3921485
ISIC_0027263,3.6393707,-0.45184943
ISIC_0027282,-0.2570368,-0.6662904
ISIC_0027327,4.0835342,1.0455137
ISIC_0027359,4.023501,-0.07911599
ISIC_0027387,2.978293,0.8236243
ISIC_0027402,2.105422,0.38885877
ISIC_0027407,1.2389315,-0.9178832
ISIC_0027436,0.16969793,-1.8354757
ISIC_0027480,3.7992454,0.38811436
ISIC_0027487,4.40786,0.8031846
ISIC_0027502,1.7662698,-1.3797443
ISIC_0027507,3.1890337,-1.0196234
ISIC_0027517,0.948998,-2.1606913
ISIC_0027561,1.6672031,-1.7973831
ISIC_0027604,1.3637134,1.3642279
ISIC_0027616,3.4080448,1.1394197
ISIC_0027620,2.6987376,0.09852942
ISIC_0027622,1.8481777,0.24363849
ISIC_0027659,3.799741,-0.7653451
ISIC_0027693,2.5224273,0.5551524
ISIC_0027769,3.6259582,-1.4391266
ISIC_0027793,4.494139,0.92144376
ISIC_0027797,3.0448582,-0.99824905
ISIC_0027832,1.4275792,-1.191155
ISIC_0027863,1.9304361,-1.0297589
ISIC_0027900,2.9996727,-1.5073265
ISIC_0027956,1.050491,-0.47100696
ISIC_0028003,2.8630416,0.71975535
ISIC_0028017,2.8505046,-0.40765822
ISIC_0028022,1.4474071,2.0755477
ISIC_0028029,4.143491,0.32640004
ISIC_0028033,2.866224,-0.011020995
ISIC_0028041,4.559467,2.1867561
ISIC_0028056,4.0754876,2.347159
ISIC_0028065,2.0875885,-0.97483844
ISIC_0028069,4.5267744,1.9929768
ISIC_0028103,1.4831471,-1.6994932
ISIC_0028109,4.3679633,2.4905186
ISIC_0028215,2.28245,4.4678373
ISIC_0028219,4.0202546,0.46662652
ISIC_0028225,2.6124108,-1.3904095
ISIC_0028306,0.75623375,2.5838
ISIC_0028325,3.6876814,-1.2555965
ISIC_0028326,4.5754166,2.2545972
ISIC_0028460,0.9708349,-0.6434464
ISIC_0028467,3.2258756,0.54478097
ISIC_0028489,2.6548154,0.15771824
ISIC_0028493,0.94003737,-0.29395878
ISIC_0028537,2.7964976,-0.23831517
ISIC_0028565,4.5204964,2.261598
ISIC_0028567,2.881556,-1.1760347
ISIC_0028579,4.2453194,1.0886225
ISIC_0028685,0.99712765,-0.86283135
ISIC_0028696,3.151803,1.437694
ISIC_0028718,1.1738652,-0.91158885
ISIC_0028760,4.520809,1.3389728
ISIC_0028860,0.5027534,-0.4329607
ISIC_0028901,-0.61913335,4.14475
ISIC_0028915,3.0741472,-0.6162416
ISIC_0028929,1.0105263,-0.33266822
ISIC_0028930,3.3123546,-1.0181956
ISIC_0028965,3.2462509,1.1186178
ISIC_0029013,4.437896,1.3237262
ISIC_0029017,3.7297552,-0.72982675
ISIC_0029028,1.6698514,1.7522024
ISIC_0029033,3.261581,-0.38743046
ISIC_0029056,0.72617006,-0.18760008
ISIC_0029170,2.8465092,-0.9986819
ISIC_0029242,2.2487614,0.28813294
ISIC_0029272,3.424485,-0.029705817
ISIC_0029318,1.5074432,-1.8344803
ISIC_0029343,3.743859,2.3106525
ISIC_0029397,2.9260614,0.54923266
ISIC_0029434,1.0416615,1.311758
ISIC_0029480,2.4171555,-1.4687291
ISIC_0029495,1.8464231,-0.12966986
ISIC_0029513,4.4882593,2.2690015
ISIC_0029538,4.110376,0.44838914
ISIC_0029570,1.8230737,-1.4097307
ISIC_0029571,4.5461893,2.0308416
ISIC_0029606,-0.6270582,-8.678179
ISIC_0029651,3.2161903,-0.19390705
ISIC_0029652,1.8619372,-1.3711516
ISIC_0029660,4.5652757,2.3703432
ISIC_0029698,0.4179352,-0.7820743
ISIC_0029839,1.7144437,-1.5530096
ISIC_0029859,3.0234044,0.47456267
ISIC_0029885,2.6810565,-0.16147928
ISIC_0029913,4.5615287,1.9144777
ISIC_0030002,2.0912168,-0.8529983
ISIC_0030034,3.719015,1.0163368
ISIC_0030047,1.9182307,-1.5907229
ISIC_0030083,2.2915041,-0.560355
ISIC_0030089,4.578626,2.2846708
ISIC_0030122,2.9650266,-0.36205
ISIC_0030134,3.9202409,1.0636214
ISIC_0030171,3.6388366,-1.3386933
ISIC_0030183,1.0398248,-1.7952162
ISIC_0030192,0.24975602,-0.32759735
ISIC_0030255,4.1442194,0.20313795
ISIC_0030281,4.5627427,2.3887427
ISIC_0030356,2.6893039,1.3286439
ISIC_0030366,3.5324333,0.33644596
ISIC_0030391,3.0299118,-0.901914
ISIC_0030440,4.390258,2.593881
ISIC_0030445,4.125217,-0.020218281
ISIC_0030501,1.957087,-1.1893927
ISIC_0030507,1.372536,-1.4673675
ISIC_0030512,2.6185558,-1.1162775
ISIC_0030521,4.393761,0.63140494
ISIC_0030539,3.1464868,3.0271165
ISIC_0030552,4.3338537,1.1772851
ISIC_0030575,3.158303,-0.08044946
ISIC_0030623,4.173938,1.0436037
ISIC_0030653,2.732747,-1.0515575
ISIC_0030689,2.1984174,-1.8112898
ISIC_0030747,1.3943906,-1.0527399
ISIC_0030795,2.453121,-0.21610387
ISIC_0030818,4.04554,1.026193
ISIC_0030828,1.8211746,2.6886795
ISIC_0030898,4.5951414,2.2098663
ISIC_0030951,2.066644,-0.9494082
ISIC_0031025,3.3840258,-0.24879545
ISIC_0031034,1.4341182,0.48584732
ISIC_0031177,3.409969,-0.21022964
ISIC_0031186,1.3430563,-2.3414817
ISIC_0031189,4.494611,2.1849086
ISIC_0031295,2.3011513,-0.024640618
ISIC_0031369,3.4780564,-0.7672384
ISIC_0031386,1.8171346,-1.7133459
ISIC_0031389,2.1469476,-0.70930046
ISIC_0031406,4.5082197,1.9897575
ISIC_0031408,1.1081375,-0.9229528
ISIC_0031417,3.6825085,0.03597033
ISIC_0031498,0.8608081,-0.15151946
ISIC_0031529,2.12451,-0.6210924
ISIC_0031545,4.4830723,2.3512511
ISIC_0031557,1.5142034,0.30748597
ISIC_0031586,3.323604,-0.14746796
ISIC_0031598,4.5697694,2.1140306
ISIC_0031642,4.0399423,1.130826
ISIC_0031709,1.6823637,-1.4068522
ISIC_0031741,3.3707113,-0.7058413
ISIC_0031745,3.6779714,-1.3344617
ISIC_0031746,1.9148937,-1.5330787
ISIC_0031779,3.0145934,0.9016343
ISIC_0031784,-1.1811243,4.8690515
ISIC_0031821,4.056826,0.15633738
ISIC_0031844,1.265563,1.9985551
ISIC_0031908,1.471941,-0.03588219
ISIC_0031915,1.8762124,-0.9049152
ISIC_0031953,4.060688,1.21651
ISIC_0031957,0.8752234,-0.23662785
ISIC_0031958,2.9951508,-0.35279483
ISIC_0031972,2.8299031,0.7641951
ISIC_0031977,3.7743182,1.0571529
ISIC_0031999,4.835869,0.8962487
ISIC_0032019,4.3237576,-0.14353092
ISIC_0032036,2.183426,-1.2539951
ISIC_0032044,2.2490416,0.5523197
ISIC_0032046,3.9855118,2.4384484
ISIC_0032095,2.1053946,-0.88551277
ISIC_0032098,-0.7079783,4.4292755
ISIC_0032190,1.9001108,0.8900179
ISIC_0032204,2.7575803,-0.48136044
ISIC_0032219,3.6881225,-0.001017782
ISIC_0032232,2.7336957,-1.636486
ISIC_0032245,4.133519,1.1268562
ISIC_0032287,2.2798836,-0.36207095
ISIC_0032313,1.7751832,0.083141476
ISIC_0032425,0.7171069,-0.26841238
ISIC_0032433,2.4810596,-0.47327653
ISIC_0032441,4.1527386,2.7365541
ISIC_0032450,2.0360146,2.0096374
ISIC_0032462,2.4311626,-0.7285393
ISIC_0032509,-1.1912826,4.920133
ISIC_0032517,2.4341125,4.267541
ISIC_0032526,0.70390695,-0.25292766
ISIC_0032532,2.2205184,4.33848
ISIC_0032533,4.2956686,2.7835102
ISIC_0032544,3.375989,-0.18089789
ISIC_0032547,3.6678522,0.10152144
ISIC_0032550,4.3068457,0.9808751
ISIC_0032552,1.7940093,-0.023881065
ISIC_0032559,4.134865,0.64297915
ISIC_0032569,3.9503798,0.83737814
ISIC_0032592,-1.5428485,5.8010335
ISIC_0032596,4.326395,0.7949875
ISIC_0032598,4.4374375,0.48563594
ISIC_0032602,3.7553809,0.11267676
ISIC_0032603,4.4146175,1.3952898
ISIC_0032610,4.3040395,2.5523
ISIC_0032617,1.3166262,3.0039225
ISIC_0032622,1.4657568,1.8690299
ISIC_0032624,4.3983746,2.1359203
ISIC_0032626,1.6960692,2.3305943
ISIC_0032638,3.5203705,0.89147884
ISIC_0032645,-1.5598999,3.7860637
ISIC_0032653,2.1878443,4.6305714
ISIC_0032656,-1.5299721,5.9161677
ISIC_0032662,4.2751036,2.8294399
ISIC_0032672,2.3372886,-1.6203542
ISIC_0032684,4.062792,0.39384833
ISIC_0032685,2.4398942,1.2596862
ISIC_0032716,4.241122,1.0493628
ISIC_0032718,1.850329,2.206453
ISIC_0032723,4.103248,0.7053932
ISIC_0032724,4.4621425,2.5172753
ISIC_0032736,1.9376117,2.2471645
ISIC_0032750,3.069291,-0.36943167
ISIC_0032751,4.0289783,0.6782449
ISIC_0032766,4.371917,2.762979
ISIC_0032797,4.3754416,2.2423415
ISIC_0032807,1.5436566,0.6050965
ISIC_0032810,4.325179,2.3821063
ISIC_0032836,1.4220746,0.1447322
ISIC_0032841,4.279142,0.87790316
ISIC_0032844,4.312484,2.6197834
ISIC_0032845,4.56746,0.8078736
ISIC_0032847,4.406258,0.5012672
ISIC_0032856,3.4318986,0.3162941
ISIC_0032862,0.19337255,2.2091956
ISIC_0032869,1.7704948,-2.105186
ISIC_0032870,1.2970723,4.074181
ISIC_0032875,2.7952332,0.024368588
ISIC_0032887,4.024229,0.50464284
ISIC_0032888,3.8474941,1.1947191
ISIC_0032903,2.540177,1.9942299
ISIC_0032917,3.2388463,1.0758832
ISIC_0032921,4.14588,2.9111533
ISIC_0032925,4.3408284,0.43958807
ISIC_0032981,1.7943913,-1.6754485
ISIC_0032982,4.276786,0.68603474
ISIC_0032984,2.2561495,4.4888697
ISIC_0033017,2.0725036,-0.27729374
ISIC_0033024,-1.119294,4.936599
ISIC_0033047,4.000943,0.5202653
ISIC_0033068,2.0886047,4.625076
ISIC_0033081,1.5066248,0.51774347
ISIC_0033103,1.8580225,2.0709584
ISIC_0033120,2.2962806,4.508596
ISIC_0033125,2.99541,0.8731076
ISIC_0033141,4.3623157,0.46116593
ISIC_0033152,3.5074174,-0.6457088
ISIC_0033166,2.4180584,4.4844723
ISIC_0033171,4.3645706,2.7757134
ISIC_0033174,3.5471532,0.6933044
ISIC_0033175,4.230451,1.7788124
ISIC_0033180,4.553544,2.2035346
ISIC_0033186,3.4840236,1.0210787
ISIC_0033193,2.306881,-1.656691
ISIC_0033196,2.5484188,0.19313604
ISIC_0033216,3.4318585,-0.17014267
ISIC_0033239,4.524024,2.2105424
ISIC_0033241,4.4269257,0.8170814
ISIC_0033268,2.2196708,4.5826507
ISIC_0033275,4.394249,2.7331884
ISIC_0033278,3.1809728,-0.312551
ISIC_0033279,4.288972,0.8235402
ISIC_0033300,4.169888,0.30004865
ISIC_0033302,1.7480356,0.0029460036
ISIC_0033304,4.1501894,-0.005443331
ISIC_0033312,4.4204755,1.1425114
ISIC_0033317,2.3315907,4.5087895
ISIC_0033320,3.6004713,-0.34599
ISIC_0033323,2.267763,1.1832645
ISIC_0033333,3.750118,0.24548782
ISIC_0033336,3.7213063,2.139962
ISIC_0033362,1.7533029,-0.16535078
ISIC_0033368,1.1867737,-0.80954957
ISIC_0033369,4.033178,3.018125
ISIC_0033377,4.426178,2.4980464
ISIC_0033387,3.6326356,0.8223494
ISIC_0033393,3.9555116,0.44707063
ISIC_0033394,1.3942626,0.4794997
ISIC_0033405,3.7610288,2.0752392
ISIC_0033415,2.4038079,-0.07267308
ISIC_0033416,3.9807358,0.030206403
ISIC_0033424,2.6481426,0.50207204
ISIC_0033429,3.2617538,-1.039577
ISIC_0033432,3.9987347,0.5318167
ISIC_0033444,4.305283,2.6987522
ISIC_0033452,4.3149323,0.107446715
ISIC_0033469,0.9897922,1.0024207
ISIC_0033470,3.5615113,-0.4827945
ISIC_0033485,4.3834896,1.2964377
ISIC_0033487,-1.3873407,2.52113
ISIC_0033496,4.1302543,0.9673737
ISIC_0033500,1.8121623,0.7384276
ISIC_0033524,1.8564795,-2.1713338
ISIC_0033534,2.6915624,1.087648
ISIC_0033545,3.0188422,0.38724577
ISIC_0033546,4.0639033,-0.9048473
ISIC_0033560,3.5541372,-0.7451009
ISIC_0033568,2.4340532,0.15258221
ISIC_0033573,3.4857647,-1.1419272
ISIC_0033595,2.2646868,4.4755588
ISIC_0033603,3.1003833,0.78066534
ISIC_0033607,2.6716824,0.23594105
ISIC_0033612,3.5012755,0.34336713
ISIC_0033619,3.4526515,0.7617059
ISIC_0033624,1.8363897,0.12022763
ISIC_0033638,4.253126,0.5159077
ISIC_0033644,4.330932,2.8130183
ISIC_0033651,3.8974545,0.10169801
ISIC_0033662,4.4877744,0.80308837
ISIC_0033687,4.032176,2.9936566
ISIC_0033696,-0.5841015,2.3931766
ISIC_0033700,4.246032,0.98197854
ISIC_0033704,0.78906083,0.05265212
ISIC_0033717,2.229497,4.583973
ISIC_0033752,2.435832,0.6039401
ISIC_0033779,4.2457237,2.848709
ISIC_0033801,2.4597263,0.14779575
ISIC_0033802,1.3389153,0.2743752
ISIC_0033804,3.6911204,-1.2784075
ISIC_0033805,3.9752355,0.6426023
ISIC_0033813,4.407888,1.1069698
ISIC_0033819,3.301306,-0.25367028
ISIC_0033848,2.443042,0.28246495
ISIC_0033871,4.322455,1.511366
ISIC_0033872,2.189916,4.3744984
ISIC_0033881,4.175106,-0.21460602
ISIC_0033883,1.8262029,-1.915843
ISIC_0033886,4.342885,1.3275425
ISIC_0033893,0.7490112,-0.14279523
ISIC_0033901,4.499964,2.5422912
ISIC_0033905,3.3166614,-0.2431526
ISIC_0033911,3.3637064,0.8664397
ISIC_0033925,-1.514415,2.7161512
ISIC_0033938,4.391886,0.4985302
ISIC_0033946,4.126816,2.8921547
ISIC_0033956,3.2573996,0.0019726206
ISIC_0033957,4.1026587,0.46457806
ISIC_0033962,4.549211,2.2318602
ISIC_0033968,4.1909475,1.1747758
ISIC_0033975,3.6714728,-1.305033
ISIC_0033977,2.7345572,0.21911135
ISIC_0033980,4.499295,1.0601691
ISIC_0033981,3.423279,-0.231998
ISIC_0033985,4.32367,0.47137144
ISIC_0033995,2.6689048,0.49121678
ISIC_0034002,2.95737,0.14665519
ISIC_0034005,-0.99953324,4.9636226
ISIC_0034006,2.5012693,1.1272124
ISIC_0034012,1.8590902,-1.0673443
ISIC_0034046,4.3498774,0.9444975
ISIC_0034048,3.6948116,-1.3002186
ISIC_0034051,3.5366018,-0.05766042
ISIC_0034052,4.281569,0.34395745
ISIC_0034061,4.2719297,2.8124843
ISIC_0034064,4.1294017,2.8857286
ISIC_0034068,3.5088634,0.20135266
ISIC_0034071,2.1937785,0.41420364
ISIC_0034076,2.2548692,-1.6215916
ISIC_0034085,4.484427,1.2015066
ISIC_0034094,1.9873242,0.4254325
ISIC_0034100,3.2066088,-0.62626946
ISIC_0034104,3.9229517,0.0656781
ISIC_0034107,1.6394315,-1.3928256
ISIC_0034117,3.1887598,-0.9878657
ISIC_0034118,4.310887,2.6967595
ISIC_0034120,3.9073238,0.23361775
ISIC_0034134,1.340375,0.91592175
ISIC_0034140,2.0710151,0.49028414
ISIC_0034145,1.4762492,-1.5983894
ISIC_0034150,4.0415597,-0.9920442
ISIC_0034172,4.112562,0.42167783
ISIC_0034183,1.4894713,0.17698304
ISIC_0034205,2.3205316,4.5210342
ISIC_0034211,3.570383,-0.16405357
ISIC_0034222,4.2676563,1.129833
ISIC_0034233,2.3142664,2.638868
ISIC_0034236,2.0977466,-0.21233629
ISIC_0034246,2.3343933,4.5805297
ISIC_0034256,3.3645825,0.2580101
ISIC_0034262,2.1739092,4.451187
ISIC_0034269,3.3005114,-0.41114938
ISIC_0034287,1.4196051,2.682871
ISIC_0034289,4.4163637,0.44106194
ISIC_0034317,4.4848866,0.74620324
ISIC_0034343,3.522496,0.8588944
ISIC_0034398,1.7665554,-1.554014
ISIC_0034446,1.0346538,0.2719678
ISIC_0034472,1.9637909,-1.8257856
ISIC_0034477,4.3565145,2.6304932
ISIC_0034482,4.179193,0.24832383
ISIC_0034492,2.663024,-0.5941774
ISIC_0034572,4.5676217,2.2694452
ISIC_0034605,4.54223,2.3510768
ISIC_0034630,4.088467,1.0372673
ISIC_0034784,2.0968997,-0.30202842
ISIC_0034873,3.6373599,-0.7607564
ISIC_0034882,3.5629113,-0.43151313
ISIC_0034904,2.1630783,-0.9560784
ISIC_0034934,-0.6617407,6.546202
ISIC_0034971,3.7614462,1.0092508
ISIC_0035000,0.8488079,2.3898728
ISIC_0035021,2.4605324,-0.23281068
ISIC_0035047,0.8120483,-1.1896745
ISIC_0035048,2.158275,-1.0957512
ISIC_0035070,1.5544904,-0.6844284
ISIC_0035089,4.404724,0.5454479
ISIC_0035090,4.056135,1.0101814
ISIC_0035124,3.4798033,-0.53866285
ISIC_0035224,4.4033403,2.392505
ISIC_0035263,3.8019283,-0.07642386
ISIC_0035366,2.0427444,-0.7193069
ISIC_0035406,4.5502443,2.282251
ISIC_0035420,4.5869236,2.3518052
ISIC_0035459,3.581113,0.89520216
ISIC_0035462,3.0540292,0.48547792
ISIC_0035486,1.8607599,0.65511745
ISIC_0035636,2.7243633,1.4659746
ISIC_0035640,3.074626,-0.6933725
ISIC_0035670,4.1030984,1.1262285
ISIC_0035680,-1.2615777,4.860245
ISIC_0035682,4.445945,0.5870589
ISIC_0035698,1.9445848,0.48826408
ISIC_0035700,3.0787096,0.4632006
ISIC_0035705,4.3497925,0.50885606
ISIC_0035708,4.0928845,2.9024217
ISIC_0035714,-1.2800413,4.873108
ISIC_0035719,1.3372856,-0.025207445
ISIC_0035732,4.1030564,1.224611
ISIC_0035747,4.2575173,0.7163059
ISIC_0035764,2.2009122,-1.661923
ISIC_0035766,4.448509,0.62324214
ISIC_0035767,4.1189456,0.99465084
ISIC_0035794,2.218333,3.3695807
ISIC_0035823,4.415313,0.8035771
ISIC_0035825,2.2551076,4.5198565
ISIC_0035827,3.460204,-0.086827606
ISIC_0035846,3.999677,-0.09072412
ISIC_0035853,3.1192908,0.19672649
ISIC_0035854,3.5675237,0.10414412
ISIC_0035868,4.505658,2.4219337
ISIC_0035889,4.292517,0.76076806
ISIC_0035913,3.5364292,-0.84703046
ISIC_0035923,0.32339844,2.2643018
ISIC_0035929,-1.2943832,6.964296
ISIC_0035938,-1.129034,4.9225903
ISIC_0035964,2.9192982,0.3168307
ISIC_0035968,4.260399,2.764115
ISIC_0036005,-1.227952,7.0844398
ISIC_0036012,4.144715,1.268185
ISIC_0036034,1.5601858,0.050273977
ISIC_0036051,3.6500268,0.082359605
ISIC_0036057,1.4876854,0.6498937
ISIC_0036070,4.3573756,-0.09512211
ISIC_0036073,2.0170622,0.3928012
ISIC_0036075,3.7647529,-0.5131829
ISIC_0036076,2.3964994,0.32541916
ISIC_0036078,-1.867833,1.6959872
ISIC_0036079,1.8427767,-1.6980985
ISIC_0036080,3.8353338,-0.87773305
ISIC_0036081,0.65161604,-2.4106483
ISIC_0036083,2.1988783,-1.4034884
ISIC_0036085,1.1448327,-1.7486826
ISIC_0036086,0.5812852,4.6034026
ISIC_0036087,2.891567,-0.67729264
ISIC_0036088,4.3653097,0.6690535
ISIC_0036089,4.3774924,0.6211848
ISIC_0036090,1.2884837,-2.272593
ISIC_0036091,4.1197586,0.8904967
ISIC_0036092,3.0072014,-1.3410861
ISIC_0036093,3.4754376,1.9192642
ISIC_0036094,1.053026,-2.5119667
ISIC_0036095,1.2121814,-2.538976
ISIC_0036096,1.1044619,-2.3314376
ISIC_0036097,1.3250453,1.9394767
ISIC_0036098,3.507762,1.9629147
ISIC_0036099,3.7141016,-1.0244346
ISIC_0036101,4.3773546,1.05289
ISIC_0036102,2.8662121,1.4951165
ISIC_0036103,2.1541135,-1.199372
ISIC_0036104,3.5491912,-0.9066515
ISIC_0036105,0.5377273,4.5063925
ISIC_0036106,4.0072703,0.054901835
ISIC_0036107,1.0555191,-2.5638196
ISIC_0036108,0.7461925,6.5868354
ISIC_0036109,3.3673544,-0.7241937
ISIC_0036110,1.7895572,-2.1072526
ISIC_0036111,-0.74655133,-1.9188708
ISIC_0036112,3.8508,0.47595352
ISIC_0036113,2.4951246,-0.74040264
ISIC_0036114,4.545711,1.3071308
ISIC_0036115,2.7612352,-0.44150472
ISIC_0036116,4.4686093,0.480215
ISIC_0036117,2.1447475,-0.8452967
ISIC_0036118,2.1111112,-0.4293997
ISIC_0036119,4.339155,-0.15579553
ISIC_0036120,1.809196,1.2093033
ISIC_0036121,3.7704875,-0.057570912
ISIC_0036123,-0.7267759,3.5119877
ISIC_0036159,1.7986239,-0.25106773
ISIC_0036258,4.3260927,0.6333445
ISIC_0036260,0.6898927,-0.9659727
ISIC_0036263,2.1689517,-1.6491866
ISIC_0036264,1.2829103,2.0159695
ISIC_0036269,0.22080587,-1.0999659
ISIC_0036270,0.74852157,-1.2999034
ISIC_0036273,1.1120028,-1.6963695
ISIC_0036274,1.3907323,-1.0398971
ISIC_0036275,3.7733324,-0.658625
ISIC_0036276,0.38082075,-1.1883936
ISIC_0036278,4.340368,0.5463442
ISIC_0036279,3.606862,-0.17641975
ISIC_0036280,1.756802,-2.0541167
ISIC_0036281,4.4114256,-0.25563943
ISIC_0036282,4.3267064,0.5337227
ISIC_0036284,1.8760027,-1.4828072
ISIC_0036285,0.24330813,-1.9703165
ISIC_0036286,1.4486231,-2.096303
ISIC_0036287,3.8024368,0.39669552
ISIC_0046224,0.19421677,0.6520868
ISIC_0046225,-1.5633734,-1.1638165
ISIC_0046242,1.4357704,1.7903472
ISIC_0046305,3.121331,2.6665642
ISIC_0046315,1.9975827,-0.9001908
ISIC_0046322,2.2666667,2.734895
ISIC_0046323,1.4680803,1.1818235
ISIC_0046331,1.9114782,2.4689434
ISIC_0046338,1.3607163,1.8592991
ISIC_0046343,4.4779506,2.492637
ISIC_0046344,1.1647508,2.0167866
ISIC_0046345,3.2479768,0.23747268
ISIC_0046361,2.223933,2.3598685
ISIC_0046372,0.70193106,-1.6163311
ISIC_0046383,0.9055543,4.793505
ISIC_0046394,-0.11572401,4.816168
ISIC_0046405,3.644605,2.3988957
ISIC_0046416,1.9351159,2.3980224
ISIC_0046422,0.98397076,-0.45992514
ISIC_0046427,1.1151946,1.9414066
ISIC_0046438,1.0424635,6.509198
ISIC_0046441,-1.5313817,-0.7643919
ISIC_0046443,2.955404,0.21117643
ISIC_0046449,1.5503467,2.1232688
ISIC_0046450,-0.541714,2.949198
ISIC_0046458,2.4131186,2.6275141
ISIC_0046471,3.7564206,1.0153989
ISIC_0046504,-0.16383852,2.2650046
ISIC_0046526,-2.12562,5.029011
ISIC_0046548,0.35028931,2.1696234
ISIC_0046560,0.9485473,4.8755946
ISIC_0046571,3.753636,0.2330819
ISIC_0046596,0.2979945,1.3263592
ISIC_0046597,1.4998635,2.4455023
ISIC_0046609,1.1825486,2.3834162
ISIC_0046626,0.6816867,0.986741
ISIC_0046628,1.3125347,0.686887
ISIC_0046633,3.4591088,0.17888303
ISIC_0046639,0.812294,-0.7003298
ISIC_0046640,0.7250711,-0.950126
ISIC_0046645,1.9570491,0.9769925
ISIC_0046647,0.21074839,2.1435246
ISIC_0046659,1.6268027,5.238904
ISIC_0046661,-1.4376706,1.5037911
ISIC_0046662,0.82906705,1.0326605
ISIC_0046664,2.4475937,1.079135
ISIC_0046667,3.0675654,1.2568432
ISIC_0046670,2.146955,2.530821
ISIC_0046671,0.4590586,2.8521469
ISIC_0046672,0.21680652,0.16769946
ISIC_0046681,3.004882,-0.0019368536
ISIC_0046682,-1.5800781,2.9696305
ISIC_0046683,2.440628,2.5565443
ISIC_0046712,2.803996,-1.3211731
ISIC_0046725,3.2020583,1.6718736
ISIC_0046773,1.7100872,2.4003103
ISIC_0046820,2.498297,5.8317375
ISIC_0046827,-0.31083474,5.748882
ISIC_0046828,1.950605,0.25102437
ISIC_0046834,2.4061594,1.0803312
ISIC_0046900,2.1182096,-0.8930302
ISIC_0046908,1.4229051,2.3974745
ISIC_0046917,1.9508357,2.17902
ISIC_0046921,1.6521914,2.18732
ISIC_0046932,2.789582,2.6312215
ISIC_0046983,0.9759161,-1.0343773
ISIC_0046985,4.087997,1.2346575
ISIC_0047003,4.366981,2.127484
ISIC_0047004,1.3834947,-0.05366149
ISIC_0047008,3.082705,0.38809577
ISIC_0047022,1.0069882,5.1704774
ISIC_0047024,0.8164979,2.6694937
ISIC_0047031,1.7614218,0.03769971
ISIC_0047033,-0.43336397,1.0466487
ISIC_0053456,2.039663,0.95667505
ISIC_0053469,0.8022339,4.0148225
ISIC_0053470,0.7132377,9.479151
ISIC_0053471,0.6562253,9.239092
ISIC_0053473,0.15370557,3.0869098
ISIC_0053479,0.059282657,8.508281
ISIC_0053485,1.9710652,2.3025813
ISIC_0053489,0.63831013,9.697278
ISIC_0053491,0.82426846,0.54164475
ISIC_0053492,1.3232864,-0.19330083
ISIC_0053495,-1.0515871,4.992037
ISIC_0053503,0.37258986,3.7931979
ISIC_0053507,3.2557478,2.7426763
ISIC_0053508,-0.3332724,5.216262
ISIC_0053509,-1.3080585,7.0009527
ISIC_0053510,3.0507774,1.2259011
ISIC_0053512,-1.8704474,6.3157167
ISIC_0053513,1.9734058,4.853084
ISIC_0053518,0.2481659,-0.77568114
ISIC_0053520,0.81182307,5.5004168
ISIC_0053525,-1.2663429,4.8719196
ISIC_0053531,0.5430095,8.324187
ISIC_0053533,0.5851911,9.568098
ISIC_0053541,0.23033454,9.255612
ISIC_0053542,0.17216665,0.90182656
ISIC_0053545,0.46433422,0.7128165
ISIC_0053570,-0.19401401,0.44006023
ISIC_0053578,1.0438136,2.658035
ISIC_0053582,-0.4001915,2.6305163
ISIC_0053589,1.7580115,2.2531838
ISIC_0053594,-1.0882308,6.248037
ISIC_0053603,0.75867206,2.618288
ISIC_0053611,1.6812549,2.129235
ISIC_0053615,-0.56255525,0.8387863
ISIC_0053617,0.9729374,3.4852128
ISIC_0053620,-0.41041735,0.10236631
ISIC_0053632,1.2008357,6.3184223
ISIC_0053659,2.1398313,6.171506
ISIC_0053660,0.65780616,8.509229
ISIC_0053667,1.2412952,6.955398
ISIC_0053674,1.0796285,2.4880247
ISIC_0053691,-0.7215608,0.2438307
ISIC_0053698,-1.057316,6.2702603
ISIC_0053699,-1.6185482,4.233745
ISIC_0053700,1.2609375,5.0013313
ISIC_0053723,-1.8686408,6.328948
ISIC_0053725,2.419651,2.6122992
ISIC_0053734,-0.5638707,1.0809001
ISIC_0053740,1.1579529,8.401371
ISIC_0053742,1.8704814,2.5056045
ISIC_0053743,-1.1228133,1.1039643
ISIC_0053751,3.2848155,4.754759
ISIC_0053761,-0.08732795,2.8223138
ISIC_0053763,1.8137646,6.141471
ISIC_0053765,0.18672363,-0.17102888
ISIC_0053766,0.6637465,9.613428
ISIC_0053774,1.779269,0.949335
ISIC_0053784,1.0523353,6.2154045
ISIC_0053787,1.7321489,6.5152287
ISIC_0053790,0.19789723,7.2150054
ISIC_0053791,-0.42441472,4.026314
ISIC_0053796,-1.2125703,4.8780932
ISIC_0053801,1.9937869,3.2128465
ISIC_0053810,0.6912906,2.3747358
ISIC_0053812,-1.6643457,4.1309657
ISIC_0053814,-0.9307707,1.5867927
ISIC_0053816,-0.27687052,7.6825833
ISIC_0053823,3.3474746,4.7332945
ISIC_0053824,-0.8031147,1.2030054
ISIC_0053827,2.590682,3.22016
ISIC_0053828,0.76012236,8.522721
ISIC_0053829,1.297741,2.569171
ISIC_0053839,0.8340624,0.57194805
ISIC_0053841,0.6172442,8.517983
ISIC_0053843,0.93698615,0.61990535
ISIC_0053846,2.5108929,6.718512
ISIC_0053853,0.71919274,7.05176
ISIC_0053891,1.064537,1.8148131
ISIC_0053893,3.2223399,2.731573
ISIC_0053904,-0.87879777,4.0343566
ISIC_0053909,1.4628313,2.5329325
ISIC_0053912,2.0723488,4.706941
ISIC_0053916,3.417103,1.1355246
ISIC_0053923,0.9502793,2.991151
ISIC_0053925,2.5656495,2.5950875
ISIC_0053933,-0.19971874,6.780593
ISIC_0053946,-0.901023,5.0529575
ISIC_0053960,1.4926928,6.2050796
ISIC_0053969,0.50179774,6.74813
ISIC_0053971,-1.4594929,2.8476648
ISIC_0053974,0.23898716,9.368886
ISIC_0053980,0.54679894,9.16813
ISIC_0053981,0.6793732,8.676265
ISIC_0053996,1.3412249,1.001761
ISIC_0054006,1.7821889,0.9151329
ISIC_0054015,0.7786894,5.351237
ISIC_0054025,2.3487575,3.8621264
ISIC_0054032,2.6709177,2.9739478
ISIC_0054038,3.3422477,2.4853115
ISIC_0054043,-0.50848854,-0.0029995646
ISIC_0054048,0.37192446,0.96483797
ISIC_0054053,2.7298584,2.8327634
ISIC_0054059,-0.08713444,1.9410955
ISIC_0054061,-0.5864207,0.72250646
ISIC_0054062,1.1055322,8.466915
ISIC_0054070,0.92022824,5.1468344
ISIC_0054073,0.25449598,3.5370114
ISIC_0054078,0.4388068,0.35754353
ISIC_0054079,1.1642587,6.560389
ISIC_0054080,-1.7651163,-0.48850098
ISIC_0054082,0.6521597,8.769073
ISIC_0054085,1.296769,0.59096956
ISIC_0054090,1.8998191,6.158656
ISIC_0054103,-1.4797652,4.008907
ISIC_0054106,-0.25680786,9.481492
ISIC_0054110,1.7548085,4.2224975
ISIC_0054112,2.3234658,4.9679723
ISIC_0054117,1.2308536,9.000721
ISIC_0054123,-0.09145658,7.0679965
ISIC_0054141,0.04991628,8.485523
ISIC_0054151,-1.1050308,4.71366
ISIC_0054159,0.92436785,8.514763
ISIC_0054167,1.9863105,2.2526212
ISIC_0054179,1.0443746,5.5188875
ISIC_0054185,0.9138649,1.7840649
ISIC_0054188,1.6060538,2.5766542
ISIC_0054193,-0.0034017053,7.775034
ISIC_0054198,0.4503469,9.134608
ISIC_0054205,-1.1522827,4.683891
ISIC_0054213,1.1360015,3.932017
ISIC_0054220,0.20124926,6.3723187
ISIC_0054222,-0.7143559,1.1862043
ISIC_0054226,0.9910384,8.543232
ISIC_0054229,2.6866097,5.348433
ISIC_0054233,0.11641795,5.927845
ISIC_0054236,1.1087042,5.886888
ISIC_0054239,0.3997759,2.321051
ISIC_0054244,1.5745493,-0.045764647
ISIC_0054248,-0.49368367,0.025853876
ISIC_0054251,0.81965494,5.246238
ISIC_0054254,2.3550484,4.9320292
ISIC_0054264,-0.8395369,1.8060843
ISIC_0054274,-0.064562105,2.8538902
ISIC_0054284,0.5040398,8.965499
ISIC_0054287,-0.50767994,2.1482148
ISIC_0054292,2.7463193,0.6244018
ISIC_0054296,0.15524021,-0.19822565
ISIC_0054312,-1.7319576,-0.4916397
ISIC_0054314,-0.16951323,7.573958
ISIC_0054317,-0.71059954,2.8362463
ISIC_0054334,0.022544933,5.9906583
ISIC_0054337,1.0257969,2.2984948
ISIC_0054351,1.7126302,6.5253277
ISIC_0054355,-1.1074042,4.04087
ISIC_0054364,1.583403,5.8952193
ISIC_0054366,1.679495,6.5109463
ISIC_0054371,0.9383703,0.41095132
ISIC_0054377,-0.014489092,2.9066093
ISIC_0054379,-0.2488584,9.482325
ISIC_0054384,0.86890185,3.8261065
ISIC_0054391,0.5095147,8.891189
ISIC_0054399,1.0721602,5.094197
ISIC_0054410,2.1087232,5.9256907
ISIC_0054412,1.1013845,5.1447806
ISIC_0054416,-0.36831003,1.4855746
ISIC_0054430,2.9426882,2.9174407
ISIC_0054444,1.5900439,2.9080582
ISIC_0054445,0.8243975,9.374003
ISIC_0054458,3.6025047,2.2991512
ISIC_0054459,0.2562236,2.091016
ISIC_0054462,0.8767121,1.8955979
ISIC_0054464,0.63147444,9.637888
ISIC_0054465,-0.050695874,2.1350691
ISIC_0054497,0.5657313,0.55660737
ISIC_0054501,0.19363871,6.667389
ISIC_0054506,3.5951128,1.080911
ISIC_0054512,1.2937207,9.051072
ISIC_0054516,1.5952532,2.9749687
ISIC_0054520,0.42640465,3.4979126
ISIC_0054523,-1.0411267,4.030522
ISIC_0054528,1.437687,2.1623585
ISIC_0054544,0.20538498,6.3701606
ISIC_0054548,1.1201804,8.950057
ISIC_0054563,0.47148994,1.3114498
ISIC_0054568,2.25022,2.5670114
ISIC_0054574,1.405568,5.184699
ISIC_0054599,2.8290448,1.4826509
ISIC_0054612,0.4489104,6.1207457
ISIC_0054618,2.949785,3.5341237
ISIC_0054624,1.1084503,2.6462066
ISIC_0054625,0.45587957,9.599996
ISIC_0054629,0.8580548,8.27799
ISIC_0054637,2.184552,3.706806
ISIC_0054651,1.6799977,0.9672918
ISIC_0054661,-1.128326,3.1340165
ISIC_0054663,3.2949,4.7939506
ISIC_0054670,0.46476686,9.257771
ISIC_0054671,0.3535764,-0.27977824
ISIC_0054673,-1.2471167,4.859996
ISIC_0054677,1.2935023,2.403156
ISIC_0054694,0.69562465,3.8532019
ISIC_0054705,0.47433484,1.1367002
ISIC_0054725,0.86344266,8.593494
ISIC_0054728,1.2463202,2.0951614
ISIC_0054734,-0.9743033,5.038214
ISIC_0054744,-0.37801683,2.245166
ISIC_0054747,0.4578623,1.0400257
ISIC_0054748,2.221497,3.8827066
ISIC_0054756,2.5719242,2.465861
ISIC_0054760,0.77219135,3.9417162
ISIC_0054763,0.02756505,5.9689193
ISIC_0054765,0.30945098,7.241499
ISIC_0054767,2.578297,0.22804205
ISIC_0054770,0.27341473,6.2585397
ISIC_0054777,1.2118081,2.493827
ISIC_0054787,1.651719,2.7843053
ISIC_0054793,-0.8162047,0.7123384
ISIC_0054802,0.028113445,5.9470034
ISIC_0054819,-0.13823326,1.7464787
ISIC_0054821,1.5317897,2.8677993
ISIC_0054825,0.8650423,6.360931
ISIC_0054827,0.1302614,8.212069
ISIC_0054842,0.19975773,3.4031148
ISIC_0054844,1.2378204,7.2479258
ISIC_0054848,0.24871634,1.9892441
ISIC_0054851,-0.42477226,4.240294
ISIC_0054852,1.9627341,0.44568348
ISIC_0054853,-0.77105147,1.1902895
ISIC_0054874,-0.87939656,1.3564103
ISIC_0054889,-0.104849175,7.78921
ISIC_0054892,1.8951454,4.092832
ISIC_0054894,0.046066683,7.2743063
ISIC_0054902,-1.8424675,6.2834373
ISIC_0054904,1.4028693,5.5441985
ISIC_0054906,1.3174579,6.944958
ISIC_0054912,-0.17395549,6.8492875
ISIC_0054914,0.46740615,1.9330906
ISIC_0054919,-1.3833543,3.3083649
ISIC_0054936,1.4364033,0.7468478
ISIC_0054941,1.6529766,6.4365153
ISIC_0054961,1.1426407,9.052543
ISIC_0054963,2.647051,2.6332986
ISIC_0054969,1.1927906,2.1460085
ISIC_0054970,-0.27835968,9.497826
ISIC_0054971,3.0588908,3.3213391
ISIC_0054973,1.8527296,6.255843
ISIC_0054974,1.2669358,1.8360292
ISIC_0054976,-0.28330013,0.17289148
ISIC_0054979,0.17181706,6.434819
ISIC_0054982,0.28718162,1.4024367
ISIC_0054988,0.9843684,1.7758567
ISIC_0054995,0.9864711,5.6662674
ISIC_0055001,0.93817925,9.049889
ISIC_0055002,0.31361288,9.3547125
ISIC_0055022,3.6049685,0.99898785
ISIC_0055024,3.0430217,3.1536446
ISIC_0055031,3.3802714,3.8832161
ISIC_0055039,0.51372236,2.4512365
ISIC_0055048,-1.1532867,4.8507566
ISIC_0055051,0.007036295,-1.8995247
ISIC_0055052,0.67840964,2.6513383
ISIC_0055054,-1.7550205,-0.5037679
ISIC_0055056,1.2045658,6.9557686
ISIC_0055062,0.42243707,2.8292074
ISIC_0055074,1.1706778,5.617134
ISIC_0055079,0.40121746,1.0776495
ISIC_0055081,1.2850084,8.375106
ISIC_0055086,1.0021602,2.4361653
ISIC_0055087,-0.27160922,1.5877086
ISIC_0055091,-0.20254512,1.747493
ISIC_0055110,0.1558784,5.8725615
ISIC_0055136,-0.9958759,0.21808442
ISIC_0055141,2.130424,5.230996
ISIC_0055143,1.1620789,4.407543
ISIC_0055147,0.3692603,7.531747
ISIC_0055156,2.246718,2.8590994
ISIC_0055161,1.0279804,9.0667715
ISIC_0055167,0.4761932,9.163436
ISIC_0055175,0.9214011,8.671696
ISIC_0055179,1.1831176,8.468452
ISIC_0055181,-0.7036927,0.33657104
ISIC_0055191,3.212417,2.7274394
ISIC_0055193,3.0330145,4.2363305
ISIC_0055202,3.2781792,1.2700627
ISIC_0055205,-0.08773045,-1.8625817
ISIC_0055208,0.48524582,0.44671702
ISIC_0055226,-1.1510332,4.5925875
ISIC_0055227,1.0059279,6.0508723
ISIC_0055236,-0.1950865,5.3352146
ISIC_0055241,-0.27075547,0.74803495
ISIC_0055246,0.6307248,2.5632308
ISIC_0055249,1.2037427,8.650583
ISIC_0055264,0.7361486,2.650258
ISIC_0055265,-0.8801033,3.2967646
ISIC_0055268,-1.8781503,6.3039937
ISIC_0055276,2.2670662,1.458561
ISIC_0055282,1.6088307,2.8257778
ISIC_0055289,1.7102097,0.92390436
ISIC_0055293,-0.805256,2.9605665
ISIC_0055295,-0.12671463,5.6667542
ISIC_0055297,1.4523116,2.8634222
ISIC_0055298,0.27669856,6.515129
ISIC_0055309,2.5088918,6.7067204
ISIC_0055311,2.048206,0.8142589
ISIC_0055314,0.20045894,8.888144
ISIC_0055318,-0.77445054,0.723494
ISIC_0055337,-0.8154246,1.020554
ISIC_0055340,1.7844126,4.331462
ISIC_0055344,1.714003,6.1477647
ISIC_0055355,0.96449417,3.1732247
ISIC_0055359,2.1187468,2.1026795
ISIC_0055362,2.4363825,5.02298
ISIC_0055363,-0.959741,4.6254168
ISIC_0055367,0.6840195,0.6794415
ISIC_0055380,1.1303242,5.111111
ISIC_0055393,0.9147325,7.154147
ISIC_0055398,0.10131534,6.657873
ISIC_0055412,-0.2491067,2.4446406
ISIC_0055417,1.0888367,6.413092
ISIC_0055419,3.1060255,0.8623302
ISIC_0055421,0.8430944,7.281669
ISIC_0055425,0.29018724,6.4735374
ISIC_0055438,2.4437783,2.939746
ISIC_0055440,3.8504922,2.2770367
ISIC_0055445,4.0157113,1.7866918
ISIC_0055451,1.9506139,2.5620596
ISIC_0055453,-1.1700214,1.9347391
ISIC_0055454,0.33728766,7.3741527
ISIC_0055462,0.91023713,5.0557675
ISIC_0055464,0.7410899,8.372408
ISIC_0055465,1.9972949,5.497522
ISIC_0055467,-1.1808193,0.8834701
ISIC_0055474,3.113012,3.798036
ISIC_0055492,0.98879,8.563241
ISIC_0055496,1.466733,0.5732031
ISIC_0055500,-1.1710135,2.3938346
ISIC_0055503,1.4133136,0.8780223
ISIC_0055511,2.07571,0.9642766
ISIC_0055513,0.49480522,9.650979
ISIC_0055517,0.5148275,9.748431
ISIC_0055518,2.7166512,2.819789
ISIC_0055519,0.17983685,1.4880241
ISIC_0055525,-0.135494,1.6235499
ISIC_0055527,-1.5246873,2.849142
ISIC_0055528,-0.5680077,4.1004534
ISIC_0055543,-0.5319033,1.4941103
ISIC_0055546,-0.09416411,1.5317831
ISIC_0055550,1.8951142,3.03669
ISIC_0055562,2.6266866,1.499258
ISIC_0055570,-0.8790362,0.19889069
ISIC_0055572,-1.6015391,4.9828744
ISIC_0055582,0.71711427,1.2673016
ISIC_0055613,-1.4388381,4.2576656
ISIC_0055616,-1.1373277,3.925047
ISIC_0055618,-1.0454465,3.0651953
ISIC_0055622,0.96451205,5.631785
ISIC_0055623,0.83877844,6.487068
ISIC_0055624,0.6348533,2.7151911
ISIC_0055631,0.12843047,5.5373926
ISIC_0055643,-0.08140239,7.7764416
ISIC_0055659,0.030410206,0.04201399
ISIC_0055665,0.5520541,9.662373
ISIC_0055680,3.1371098,2.3256674
ISIC_0055684,2.207944,1.7685279
ISIC_0055688,2.6554666,2.6854708
ISIC_0055690,0.5966183,0.63683975
ISIC_0055699,-0.34456098,0.19204278
ISIC_0055701,1.012596,5.891925
ISIC_0055707,-1.102441,4.199011
ISIC_0055709,1.0021087,6.6989746
ISIC_0055714,3.35195,1.039543
ISIC_0055720,1.0772082,0.6521071
ISIC_0055733,0.49543962,0.700484
ISIC_0055742,1.1733242,5.8509393
ISIC_0055743,-0.025097737,1.5555677
ISIC_0055756,1.3983527,1.1754239
ISIC_0055759,-1.5759045,4.1722813
ISIC_0055764,0.26592818,7.1992517
ISIC_0055767,0.036435876,5.9576745
ISIC_0055771,0.8833458,7.1563344
ISIC_0055776,0.76131237,5.5437675
ISIC_0055780,-0.19581619,-0.27731213
ISIC_0055781,2.2156394,2.6215343
ISIC_0055783,2.7275784,2.759055
ISIC_0055788,1.6558331,6.5343285
ISIC_0055789,-0.2585121,9.478398
ISIC_0055796,0.08628058,1.282537
ISIC_0055797,1.3476672,2.3740003
ISIC_0055799,-0.14047898,0.7299976
ISIC_0055802,-0.09156317,1.9419593
ISIC_0055818,0.8032306,2.5411975
ISIC_0055820,1.2709159,2.401472
ISIC_0055821,2.461707,2.666012
ISIC_0055825,1.8476408,1.7674962
ISIC_0055828,-0.1404987,1.1046368
ISIC_0055832,-0.77672297,1.1790652
ISIC_0055840,-0.20993766,7.745553
ISIC_0055841,3.0180469,4.5927067
ISIC_0055854,0.4447332,6.404368
ISIC_0055859,0.20696764,8.878452
ISIC_0055862,-1.1007041,0.9761703
ISIC_0055871,0.33362302,8.280039
ISIC_0055876,2.7246037,3.5836115
ISIC_0055887,2.4079318,4.7939377
ISIC_0055892,1.0053132,8.472248
ISIC_0055896,-0.6311378,2.2041547
ISIC_0055899,-0.43157974,2.5665455
ISIC_0055900,-0.30200762,9.511794
ISIC_0055905,-0.36063737,2.238791
ISIC_0055907,-0.7054154,0.14278974
ISIC_0055911,2.382609,2.6419415
ISIC_0055930,-0.21654646,1.4746325
ISIC_0055931,0.41116568,2.6352663
ISIC_0055937,-0.2521722,6.0266194
ISIC_0055938,1.2576039,8.942619
ISIC_0055953,0.47342062,3.5938838
ISIC_0055954,1.1255035,5.7746377
ISIC_0055960,-0.18914822,3.0945857
ISIC_0055967,1.1977568,7.0758443
ISIC_0055984,-0.22831455,0.46049336
ISIC_0055999,1.3001087,9.512239
ISIC_0056001,1.19193,8.96854
ISIC_0056007,3.1101263,2.8668952
ISIC_0056017,0.42066076,2.0879638
ISIC_0056019,-0.2978933,0.99511904
ISIC_0056036,0.932768,3.5762901
ISIC_0056041,3.0831034,2.747085
ISIC_0056044,-0.5432336,2.2920318
ISIC_0056047,-0.37042478,2.2293625
ISIC_0056050,2.994369,4.1478577
ISIC_0056051,2.0058115,5.253928
ISIC_0056061,-0.17012028,2.2242694
ISIC_0056063,3.5630853,2.7220902
ISIC_0056079,1.3026304,8.95029
ISIC_0056089,1.4716835,0.27636185
ISIC_0056092,0.47769582,1.5364169
ISIC_0056105,-0.04701113,1.8042954
ISIC_0056113,2.2299972,1.6645919
ISIC_0056118,0.5318924,9.654393
ISIC_0056130,0.037425805,6.0037184
ISIC_0056133,0.96295685,2.4439662
ISIC_0056136,1.5472646,-0.1929955
ISIC_0056138,1.0983504,8.781625
ISIC_0056141,3.2879395,4.7813344
ISIC_0056145,1.0245274,3.3621085
ISIC_0056152,2.8183436,2.756916
ISIC_0056156,3.3808432,2.5667233
ISIC_0056167,0.7387194,8.686172
ISIC_0056170,3.007747,2.8208468
ISIC_0056181,0.92623574,4.1326375
ISIC_0056185,0.62021786,0.47401723
ISIC_0056186,-0.6101492,0.10234314
ISIC_0056190,0.53182125,9.656861
ISIC_0056192,0.96865684,0.41002622
ISIC_0056201,-0.7087543,7.542926
ISIC_0056202,0.26118228,1.5832802
ISIC_0056210,0.4076686,0.6743991
ISIC_0056214,-0.7141408,4.22331
ISIC_0056217,-0.12329699,2.087564
ISIC_0056221,1.0299026,5.5468206
ISIC_0056225,-1.1678033,4.9106526
ISIC_0056228,2.1168582,5.1822968
ISIC_0056232,2.2017114,0.22255532
ISIC_0056247,2.7466273,3.6132963
ISIC_0056261,1.579556,6.1383758
ISIC_0056263,0.056940816,9.303846
ISIC_0056269,1.160495,0.65276766
ISIC_0056271,2.1636436,5.725039
ISIC_0056283,-1.0162823,-1.50616
ISIC_0056292,0.9166261,2.4214647
ISIC_0056298,0.19925407,0.8231319
ISIC_0056309,-0.76682806,3.1048744
ISIC_0056319,2.458601,4.9020696
ISIC_0056330,-0.007134393,6.878613
ISIC_0056337,0.95501715,5.3751273
ISIC_0056345,0.92045695,5.529255
ISIC_0056347,-0.7778702,0.58125067
ISIC_0056364,3.9605489,1.3558372
ISIC_0056382,-1.238754,3.3553998
ISIC_0056389,0.38662288,0.9359822
ISIC_0056392,0.54337335,6.670971
ISIC_0056401,0.14424846,6.6260777
ISIC_0056403,-0.7053973,2.9200141
ISIC_0056413,-1.1730331,4.5883045
ISIC_0056415,0.43501934,1.4844104
ISIC_0056422,0.22416236,0.62974775
ISIC_0056425,2.2276983,2.5816932
ISIC_0056428,-0.020727001,2.049952
ISIC_0056446,0.1876789,2.2887008
ISIC_0056447,1.8004375,6.3577166
ISIC_0056448,1.1488249,8.497345
ISIC_0056449,-0.92455184,1.4788895
ISIC_0056454,1.1244663,8.391989
ISIC_0056479,-1.5817713,2.7898607
ISIC_0056481,0.66902876,-0.08898776
ISIC_0056483,0.93665326,2.4745672
ISIC_0056487,0.54237676,8.500372
ISIC_0056501,2.6476717,2.6579409
ISIC_0056511,2.304262,4.7980742
ISIC_0056525,-0.565472,0.04727053
ISIC_0056527,-1.3682817,3.575828
ISIC_0056531,1.7115997,6.4459524
ISIC_0056546,0.6749132,0.28005037
ISIC_0056551,1.2531796,9.549437
ISIC_0056554,-0.11022459,1.626491
ISIC_0056572,0.9098747,3.229117
ISIC_0056573,-0.9248835,0.70565796
ISIC_0056601,0.8618279,3.4511433
ISIC_0056604,0.56578594,3.9004037
ISIC_0056612,-1.1589605,0.85298073
ISIC_0056614,0.9300734,9.011116
ISIC_0056625,0.0021551752,1.8561983
ISIC_0056626,-0.87822974,1.2771667
ISIC_0056632,0.71479046,3.8374403
ISIC_0056644,4.173162,1.4720478
ISIC_0056652,1.7983222,5.015817
ISIC_0056655,-1.2539737,4.8655806
ISIC_0056659,0.9291037,8.570533
ISIC_0056660,1.6410706,5.945654
ISIC_0056676,-0.7466429,7.604203
ISIC_0056677,2.087788,2.8815346
ISIC_0056680,-0.89249927,2.7615657
ISIC_0056683,2.636854,2.9948108
ISIC_0056684,-0.13207749,7.5292654
ISIC_0056688,-1.0987586,3.181359
ISIC_0056692,-0.04197638,-0.052197278
ISIC_0056710,-0.09267222,3.0301716
ISIC_0056717,0.18686666,6.38465
ISIC_0056719,-0.9858839,5.1614385
ISIC_0056723,-0.47351655,0.3365366
ISIC_0056725,1.1497741,4.635332
ISIC_0056728,-1.6248666,4.1695814
ISIC_0056729,1.097429,6.8157177
ISIC_0056739,-0.35352853,2.5686543
ISIC_0056740,-0.70256346,0.6942234
ISIC_0056749,1.398795,3.0424066
ISIC_0056750,-0.016894883,-1.9586445
ISIC_0056751,0.5722292,9.690158
ISIC_0056753,-1.003353,5.046913
ISIC_0056770,1.9273113,2.589769
ISIC_0056788,0.97853637,8.710094
ISIC_0056790,2.568714,3.2578588
ISIC_0056796,2.5339303,1.5616081
ISIC_0056800,0.2929745,5.64013
ISIC_0056806,1.2606508,8.886702
ISIC_0056814,3.2204792,2.5968475
ISIC_0056816,-0.94541454,0.14380579
ISIC_0056817,1.4440898,0.71742594
ISIC_0056819,1.5767083,0.8115776
ISIC_0056820,2.6781764,2.7609205
ISIC_0056844,0.74598116,9.243727
ISIC_0056848,0.909114,8.550507
ISIC_0056849,-0.53918684,3.4965928
ISIC_0056851,-1.1363363,2.5011995
ISIC_0056860,-1.1700054,4.042743
ISIC_0056863,2.025496,4.6900935
ISIC_0056871,-0.16574772,5.8229995
ISIC_0056876,1.0270389,6.2666583
ISIC_0056893,0.6976153,5.583377
ISIC_0056900,2.18191,1.9155865
ISIC_0056901,1.813239,2.1814053
ISIC_0056902,1.0305494,2.1936696
ISIC_0056915,0.25514913,9.425249
ISIC_0056921,2.3228364,1.6763352
ISIC_0056926,1.3168818,5.4246173
ISIC_0056938,2.9690123,3.6783268
ISIC_0056940,1.6947061,6.5236053
ISIC_0056957,-1.0266168,4.271275
ISIC_0056967,-0.3146051,0.07931039
ISIC_0056974,-0.1884964,7.4432673
ISIC_0056981,2.608758,5.433461
ISIC_0056984,3.0123944,0.476355
ISIC_0056988,0.64300156,6.575123
ISIC_0056991,0.88684505,2.9994235
ISIC_0057001,1.620951,2.8684416
ISIC_0057003,1.1955966,-0.24745429
ISIC_0057015,0.37847808,2.76821
ISIC_0057016,1.2096337,6.9719753
ISIC_0057019,0.032088492,2.2622178
ISIC_0057023,1.7968647,2.4024043
ISIC_0057025,0.08056921,7.19091
ISIC_0057027,-0.12746084,5.8309298
ISIC_0057033,1.8549806,5.3233886
ISIC_0057044,-1.3898935,2.8434315
ISIC_0057045,0.20455787,-0.2807371
ISIC_0057048,-0.77416724,0.77596277
ISIC_0057067,-0.46630117,6.5471115
ISIC_0057083,0.8596498,4.047826
ISIC_0057089,1.5879457,1.9217725
ISIC_0057113,-0.94065815,5.099942
ISIC_0057141,1.9432416,3.0201957
ISIC_0057147,-0.007640447,-1.9054652
ISIC_0057148,3.0928595,4.476579
ISIC_0057152,1.1382546,5.168212
ISIC_0057154,-1.2559701,1.1195151
ISIC_0057155,1.6455685,5.969554
ISIC_0057164,2.443124,5.6593623
ISIC_0057169,1.5244328,2.666235
ISIC_0057171,-1.0918641,3.116959
ISIC_0057172,-0.109770074,2.0537393
ISIC_0057188,2.6858165,2.0550508
ISIC_0057192,2.9763246,3.0532858
ISIC_0057199,-0.8821405,0.98241913
ISIC_0057204,1.6688584,5.7224154
ISIC_0057211,0.025946176,6.307421
ISIC_0057234,1.4310462,5.705054
ISIC_0057235,1.0275056,8.589093
ISIC_0057244,1.024379,2.7655232
ISIC_0057252,1.2055179,9.033827
ISIC_0057257,-0.5987476,4.1638703
ISIC_0057286,-1.0543011,1.3726097
ISIC_0057302,1.2621381,8.98719
ISIC_0057306,0.60799676,8.5332365
ISIC_0057307,2.4779103,3.855597
ISIC_0057313,0.16013113,2.6639657
ISIC_0057315,1.0494047,1.0499461
ISIC_0057317,1.1911458,5.2840614
ISIC_0057323,1.1632125,5.53831
ISIC_0057324,-0.36646226,4.7002954
ISIC_0057328,0.30303717,6.3791933
ISIC_0057331,-0.27973342,9.495796
ISIC_0057338,0.83403087,1.6382209
ISIC_0057344,3.732885,2.3609269
ISIC_0057360,-0.5259039,0.2712857
ISIC_0057362,1.2192094,5.7160163
ISIC_0057370,1.1396645,8.324067
ISIC_0057371,0.22974068,-0.24644482
ISIC_0057374,2.7003877,2.7177289
ISIC_0057390,0.8532681,6.4265823
ISIC_0057395,0.41038284,1.7500919
ISIC_0057397,-0.76284575,0.26583758
ISIC_0057406,-0.725849,2.515434
ISIC_0057408,0.8861693,4.9629965
ISIC_0057412,2.5103946,6.709127
ISIC_0057417,-1.0490707,3.2042592
ISIC_0057436,0.6454253,8.399822
ISIC_0057450,-0.3166662,5.2037463
ISIC_0057457,0.04477007,3.2201505
ISIC_0057462,0.75532496,3.0216012
ISIC_0057465,2.4436836,4.95869
ISIC_0057482,1.899219,6.1796117
ISIC_0057496,0.10496216,2.1537735
ISIC_0057518,0.38317952,6.3524776
ISIC_0057531,2.9359224,2.8378422
ISIC_0057534,0.8375166,2.3192706
ISIC_0057535,1.3152794,5.029531
ISIC_0057539,0.57099104,1.5081108
ISIC_0057545,-0.3426012,0.55846053
ISIC_0057548,1.1931242,0.66404015
ISIC_0057554,2.8561883,1.0221374
ISIC_0057556,0.88860744,1.7925421
ISIC_0057557,3.6597698,2.1958475
ISIC_0057558,-0.006607361,1.1185164
ISIC_0057559,1.7535758,1.886931
ISIC_0057577,-0.4408745,1.343076
ISIC_0057591,0.18732277,1.4742663
ISIC_0057593,1.7462399,4.0958056
ISIC_0057594,1.0129682,5.6142745
ISIC_0057609,3.15887,2.8511813
ISIC_0057611,0.9136912,5.471059
ISIC_0057615,-1.2299168,0.9623695
ISIC_0057617,1.2356601,7.2140446
ISIC_0057619,0.12993148,0.44579133
ISIC_0057621,-1.8477738,6.273842
ISIC_0057634,-0.64212716,4.4112988
ISIC_0057656,-0.06197539,1.818083
ISIC_0057661,0.98153466,9.025565
ISIC_0057668,-1.3540506,2.9292216
ISIC_0057672,-1.5305492,2.8355973
ISIC_0057685,-1.2384263,6.21752
ISIC_0057687,-0.9856891,4.500597
ISIC_0057700,1.0474911,0.032171443
ISIC_0057702,2.1089716,4.5135746
ISIC_0057716,2.655658,3.8731542
ISIC_0057725,-1.2976735,3.0793033
ISIC_0057731,2.8297243,2.827948
ISIC_0057734,0.55885357,2.2115638
ISIC_0057736,-0.28293213,-0.35752144
ISIC_0057744,2.5516207,3.8286662
ISIC_0057747,0.6296015,9.697031
ISIC_0057753,2.2253711,5.1527348
ISIC_0057759,1.1742506,6.6582956
ISIC_0057762,1.8042898,3.312255
ISIC_0057769,2.8039656,3.0032525
ISIC_0057771,2.922214,1.4292196
ISIC_0057782,2.364022,5.1747036
ISIC_0057783,1.9967425,2.6591625
ISIC_0057787,0.9506369,1.7592258
ISIC_0057791,-1.0890198,2.962026
ISIC_0057808,1.2089992,8.255331
ISIC_0057815,0.5821831,-0.009067633
ISIC_0057821,-0.19456959,6.886324
ISIC_0057828,-0.7935663,1.193769
ISIC_0057838,0.37833586,6.7205477
ISIC_0057841,0.24561477,2.3809042
ISIC_0057844,-1.0239133,3.2385995
ISIC_0057848,0.94345224,8.49035
ISIC_0057851,0.30649835,6.671691
ISIC_0057864,3.2786114,2.636142
ISIC_0057870,0.20838118,1.793447
ISIC_0057881,-1.3853251,4.6187735
ISIC_0057891,0.18084528,8.197051
ISIC_0057898,3.4108698,1.0168275
ISIC_0057900,-0.36559564,0.08270171
ISIC_0057913,0.07718755,6.7800436
ISIC_0057914,2.3124707,4.96427
ISIC_0057921,3.551103,0.9559807
ISIC_0057936,0.567765,2.3346746
ISIC_0057938,0.4580694,5.538952
ISIC_0057939,0.49545318,6.11083
ISIC_0057947,-1.3270696,7.074879
ISIC_0057949,1.6125741,5.3820314
ISIC_0057953,-0.7862221,0.78567606
ISIC_0057960,2.6805868,0.5970354
ISIC_0057968,1.1987092,4.0537367
ISIC_0057973,2.5743732,2.3355434
ISIC_0057974,-1.1173753,1.9292521
ISIC_0057976,-1.0549372,4.6857142
ISIC_0057978,0.22748373,1.0675699
ISIC_0057980,-0.58332646,4.344234
ISIC_0057996,1.1621941,7.149465
ISIC_0057999,1.8907725,3.0409305
ISIC_0058000,0.27140486,9.207953
ISIC_0058003,-1.4345133,4.5629344
ISIC_0058007,1.1990883,6.575342
ISIC_0058010,1.2180988,1.1012163
ISIC_0058015,0.8392142,3.9613523
ISIC_0058016,2.5128608,5.8456388
ISIC_0058021,0.18295637,8.911513
ISIC_0058024,2.2615557,1.7524346
ISIC_0058028,-1.490606,4.1705275
ISIC_0058033,-0.8047937,0.5794998
ISIC_0058040,1.7471629,5.442036
ISIC_0058046,3.2911143,2.732055
ISIC_0058047,1.0538629,5.015958
ISIC_0058050,-0.52805984,1.0864488
ISIC_0058059,1.755643,2.357478
ISIC_0058075,-0.06283661,1.7017967
ISIC_0058081,0.6383063,8.516196
ISIC_0058096,0.32809228,6.4803376
ISIC_0058097,0.54690564,6.6597137
ISIC_0058098,2.8657262,2.7461965
ISIC_0058115,1.0378846,5.223603
ISIC_0058118,1.0402749,8.489188
ISIC_0058125,1.3861444,0.8471164
ISIC_0058126,-0.27334195,9.494877
ISIC_0058127,0.0016254934,0.9380035
ISIC_0058135,1.1865988,6.2764196
ISIC_0058136,1.2301164,8.943384
ISIC_0058138,0.67923385,2.030219
ISIC_0058151,1.0397167,2.512388
ISIC_0058154,0.1758463,-1.0802135
ISIC_0058164,0.9067561,9.264047
ISIC_0058168,3.0395882,1.5662462
ISIC_0058170,0.35216147,3.649797
ISIC_0058173,0.9030057,6.054074
ISIC_0058176,-0.32844514,-0.21203019
ISIC_0058181,-0.39575687,0.031056024
ISIC_0058204,0.81151235,2.5521345
ISIC_0058206,2.6496534,3.0480497
ISIC_0058214,1.0033466,5.592973
ISIC_0058218,1.3587257,6.744267
ISIC_0058229,3.018043,2.6170843
ISIC_0058237,-0.8671546,0.41176674
ISIC_0058245,-0.28707203,-0.19244163
ISIC_0058249,1.0616331,6.6642027
ISIC_0058255,3.7194092,2.2868216
ISIC_0058270,-0.21025655,0.8008379
ISIC_0058281,-0.7665182,0.25508034
ISIC_0058282,3.2952297,2.7475169
ISIC_0058284,0.15264876,7.145996
ISIC_0058285,-0.120853156,-0.14450574
ISIC_0058298,-0.6092807,0.431503
ISIC_0058301,0.2557748,7.206603
ISIC_0058307,1.0038021,6.326181
ISIC_0058308,1.5411175,1.0868193
ISIC_0058315,-1.2613956,7.1530223
ISIC_0058319,-1.1068146,4.036037
ISIC_0058321,0.35822874,1.5185634
ISIC_0058331,0.89779645,-0.37418282
ISIC_0058332,0.0047435174,2.0692718
ISIC_0058334,1.2581278,9.020389
ISIC_0058341,2.055728,5.342008
ISIC_0058344,1.0025889,7.7734666
ISIC_0058346,2.7801988,2.8915944
ISIC_0058354,1.701266,4.969963
ISIC_0058368,-1.4256238,3.1740696
ISIC_0058376,1.4518049,5.701344
ISIC_0058383,-0.7475487,0.08874532
ISIC_0058391,-0.13007319,1.6673815
ISIC_0058399,2.3787982,4.9130306
ISIC_0058407,1.2285639,6.450346
ISIC_0058408,0.71942556,1.7212316
ISIC_0058418,1.38535,-0.17414536
ISIC_0058425,-0.19861959,-0.21233068
ISIC_0058426,1.8291343,2.964916
ISIC_0058428,2.4016993,3.9106257
ISIC_0058432,0.04320057,-0.20526661
ISIC_0058439,1.2500461,5.0994997
ISIC_0058457,-0.010930445,6.6090603
ISIC_0058458,-0.64719665,2.8794494
ISIC_0058475,2.3612158,4.894222
ISIC_0058492,-1.014237,1.1336812
ISIC_0058496,0.9269508,1.4034109
ISIC_0058501,2.5688188,1.987676
ISIC_0058503,0.70357364,6.8221817
ISIC_0058504,3.0351331,3.7084012
ISIC_0058508,-0.5758764,2.5627415
ISIC_0058513,0.15546727,6.0651836
ISIC_0058526,1.4371946,3.9434583
ISIC_0058528,-0.47197118,0.30755845
ISIC_0058544,1.0742209,4.922005
ISIC_0058548,2.0531807,1.467833
ISIC_0058550,2.0953097,1.5262905
ISIC_0058559,-1.1308624,4.0681067
ISIC_0058569,-0.7249854,0.12239147
ISIC_0058577,1.2679921,5.783586
ISIC_0058580,-1.1841382,4.6799216
ISIC_0058597,1.5499996,1.8840173
ISIC_0058599,-0.659295,0.30163243
ISIC_0058607,0.3744206,2.2056034
ISIC_0058612,-0.1810805,2.2134874
ISIC_0058617,0.4686766,3.1717935
ISIC_0058621,-0.6397604,2.722194
ISIC_0058625,2.7936158,2.7657728
ISIC_0058629,0.01734833,6.553431
ISIC_0058630,-0.14513585,7.748602
ISIC_0058643,1.2274392,9.186776
ISIC_0058645,2.6370318,2.704938
ISIC_0058648,-1.1477569,3.1654143
ISIC_0058649,0.78806156,0.54874074
ISIC_0058655,-0.2082353,7.7397156
ISIC_0058658,0.28278667,-0.24200755
ISIC_0058663,-0.7611313,1.2689755
ISIC_0058666,-0.2207812,1.9891547
ISIC_0058675,2.388462,4.8091087
ISIC_0058676,-0.24980104,1.9023701
ISIC_0058697,1.6291628,2.8971245
ISIC_0058708,0.16452998,-0.5723968
ISIC_0058713,2.2446258,1.2476237
ISIC_0058716,2.9812446,3.0607288
ISIC_0058721,-0.262862,9.494699
ISIC_0058723,0.80785424,2.983372
ISIC_0058732,-0.14463498,7.53662
ISIC_0058734,1.7440832,2.1690915
ISIC_0058743,3.4134564,1.1941007
ISIC_0058753,-1.0426522,6.9797816
ISIC_0058757,0.22487591,0.6529945
ISIC_0058763,0.99095637,5.6453133
ISIC_0058768,0.04702384,-0.055214208
ISIC_0058770,0.018869566,5.9726353
ISIC_0058773,0.13266534,7.236728
ISIC_0058781,-1.2694621,7.0449514
ISIC_0058786,-1.3000985,2.3829298
ISIC_0058790,0.47957122,8.822616
ISIC_0058791,1.145365,0.67662567
ISIC_0058792,1.229022,0.80232316
ISIC_0058794,1.1791273,3.5638146
ISIC_0058798,-0.6383616,3.1774318
ISIC_0058807,1.1999577,8.077279
ISIC_0058818,3.8829894,1.320613
ISIC_0058836,2.4541128,2.192624
ISIC_0058838,-0.9879935,-1.5756742
ISIC_0058840,2.5043173,5.6166625
ISIC_0058851,3.0409675,3.1403677
ISIC_0058858,2.0460677,2.4441197
ISIC_0058862,-0.22590129,0.816594
ISIC_0058863,2.219254,3.5381677
ISIC_0058866,-0.5818631,6.5453076
ISIC_0058875,3.595292,2.385764
ISIC_0058877,1.0337427,2.2175264
ISIC_0058880,1.3861277,5.7508106
ISIC_0058881,0.12509586,6.584607
ISIC_0058887,2.521818,6.7032194
ISIC_0058918,-0.6477477,3.0700107
ISIC_0058926,1.5381722,2.352776
ISIC_0058931,0.8879208,8.581
ISIC_0058947,2.2357535,2.7527013
ISIC_0058957,2.161824,5.1622105
ISIC_0058959,1.8806596,6.1043053
ISIC_0059005,3.3755305,3.5483088
ISIC_0059023,-1.2563947,4.8751764
ISIC_0059026,-0.60520685,3.0924468
ISIC_0059027,0.23004021,6.3465815
ISIC_0059029,1.9319036,0.59024906
ISIC_0059037,1.6343839,-0.27186838
ISIC_0059042,0.87190086,8.616006
ISIC_0059052,1.0948559,6.4881554
ISIC_0059065,0.7530924,0.57649523
ISIC_0059066,1.7562902,6.5008216
ISIC_0059074,1.7407312,0.8590136
ISIC_0059076,-0.74711126,0.21429822
ISIC_0059077,1.0895249,6.161958
ISIC_0059079,-0.02610629,-1.9588959
ISIC_0059082,0.17990561,6.456984
ISIC_0059085,0.9203953,3.2060637
ISIC_0059089,0.64845717,9.649326
ISIC_0059090,1.0882037,4.0209403
ISIC_0059092,1.3585432,5.957371
ISIC_0059093,1.7325991,0.7184452
ISIC_0059103,1.2543103,8.936198
ISIC_0059104,-0.19196709,6.8551226
ISIC_0059123,1.87313,2.3784015
ISIC_0059137,0.7738052,8.440297
ISIC_0059138,0.003769005,6.5741587
ISIC_0059140,1.0299082,0.61810434
ISIC_0059141,2.0263715,2.6383283
ISIC_0059147,-1.4012585,6.142437
ISIC_0059148,3.163647,1.1377698
ISIC_0059160,3.0263007,3.0088196
ISIC_0059165,1.0520518,2.5785482
ISIC_0059169,0.7196053,2.606887
ISIC_0059170,1.9848827,2.438676
ISIC_0059171,4.0305567,1.386569
ISIC_0059178,-0.51669395,0.46231568
ISIC_0059188,3.3648434,0.9177879
ISIC_0059202,1.4931241,5.660486
ISIC_0059209,2.2974741,4.7929225
ISIC_0059219,3.0236704,1.7161291
ISIC_0059232,-1.0824897,6.1358967
ISIC_0059237,2.055644,1.6204294
ISIC_0059253,2.0877733,3.3197398
ISIC_0059264,-0.047897525,2.8339207
ISIC_0059269,-0.72881514,0.12277536
ISIC_0059270,-1.2807381,7.0264897
ISIC_0059272,-1.1151224,0.82970196
ISIC_0059273,0.037765633,5.0539174
ISIC_0059284,3.1550705,3.8568504
ISIC_0059294,3.1108427,2.9825046
ISIC_0059313,-0.7931421,7.6787715
ISIC_0059314,2.479078,2.772749
ISIC_0059315,1.191209,8.411182
ISIC_0059316,-1.377463,1.0952249
ISIC_0059318,0.7774909,2.234016
ISIC_0059325,0.42273638,3.0417
ISIC_0059330,2.6502953,1.6382256
ISIC_0059336,-0.80094177,3.1216712
ISIC_0059343,1.8511299,4.113089
ISIC_0059345,3.2244437,2.0041933
ISIC_0059346,-0.030678567,7.2637796
ISIC_0059349,0.93029606,3.4898927
ISIC_0059350,1.6580172,6.5048714
ISIC_0059353,2.175455,2.7882013
ISIC_0059361,2.7913907,3.1967313
ISIC_0059369,0.9280042,5.5627537
ISIC_0059375,1.1129524,3.9383667
ISIC_0059382,-1.1805247,4.148293
ISIC_0059386,0.20130676,9.451589
ISIC_0059387,-0.044510305,2.8480089
ISIC_0059398,1.24443,5.1636577
ISIC_0059411,-0.76435846,0.4279398
ISIC_0059415,3.0170255,2.7571533
ISIC_0059420,-0.11899418,6.8145227
ISIC_0059421,3.6254237,2.34793
ISIC_0059423,0.449497,9.412438
ISIC_0059424,-0.10796187,0.1965927
ISIC_0059435,3.800976,0.7595316
ISIC_0059444,0.90038735,3.0603101
ISIC_0059446,0.3494486,6.4721565
ISIC_0059450,-1.0045882,4.506258
ISIC_0059473,1.9902931,4.6388445
ISIC_0059478,0.8812065,3.6789932
ISIC_0059482,1.7497005,0.20578139
ISIC_0059486,-0.035936445,6.969361
ISIC_0059493,1.9275141,0.400835
ISIC_0059506,-0.41506058,4.463344
ISIC_0059511,3.6279354,2.3721604
ISIC_0059512,4.3718433,0.8158568
ISIC_0059521,-1.2815608,1.0030817
ISIC_0059523,1.8184185,4.2408156
ISIC_0059525,1.5742472,5.963303
ISIC_0059538,2.2272408,5.0434184
ISIC_0059541,-0.9336395,5.0627904
ISIC_0059547,0.9073401,4.0575743
ISIC_0059551,2.283899,1.6597039
ISIC_0059554,0.5877805,9.700971
ISIC_0059568,0.40462995,9.3154335
ISIC_0059569,1.6961752,2.0657225
ISIC_0059593,1.4680153,2.730992
ISIC_0059595,2.3641655,3.8211505
ISIC_0059597,1.1149774,8.959796
ISIC_0059601,2.2245753,3.2765768
ISIC_0059605,-1.19721,4.7614737
ISIC_0059608,1.8631074,3.2069855
ISIC_0059611,0.7307719,3.5880275
ISIC_0059628,2.0546236,2.4794226
ISIC_0059631,-0.44539332,7.770311
ISIC_0059632,0.60727394,-0.14364097
ISIC_0059646,-1.8652446,6.3295574
ISIC_0059668,1.1975353,8.489409
ISIC_0059669,-0.8150637,0.40158415
ISIC_0059671,-0.30500114,0.9802535
ISIC_0059686,2.3972347,2.6469395
ISIC_0059703,2.9476352,3.3823922
ISIC_0059707,-0.1669123,4.778475
ISIC_0059708,0.9651213,6.536416
ISIC_0059738,-0.012272139,2.3194413
ISIC_0059739,-0.4541802,2.6437535
ISIC_0059747,0.23709163,-0.74801415
ISIC_0059750,0.76991946,0.43634093
ISIC_0059757,1.1067617,6.6042523
ISIC_0059763,0.17237255,2.2938528
ISIC_0059764,-1.3617582,2.5640478
ISIC_0059768,-0.047516968,3.0642562
ISIC_0059770,1.5823575,0.0130971
ISIC_0059773,3.6842473,-0.7781771
ISIC_0059774,2.8471851,2.3159952
ISIC_0059777,0.7650558,9.252273
ISIC_0059785,0.58880615,9.433126
ISIC_0059786,4.5603967,1.5466816
ISIC_0059794,0.6409662,2.3683484
ISIC_0059804,-0.5019003,0.22924268
ISIC_0059808,-0.05732498,3.0417297
ISIC_0059809,-0.19170377,7.529685
ISIC_0059810,0.9169552,-0.013417217
ISIC_0059814,0.7208282,2.4965265
ISIC_0059816,0.34295183,6.421902
ISIC_0059830,-0.23073862,7.4968376
ISIC_0059832,0.532747,6.4133854
ISIC_0059838,-0.67190695,2.3449202
ISIC_0059840,0.35518953,-0.34609243
ISIC_0059855,-0.83745384,0.7151487
ISIC_0059859,2.9389215,3.709542
ISIC_0059866,-0.09691097,1.4119021
ISIC_0059869,0.9345431,2.117231
ISIC_0059879,3.9869905,3.0216782
ISIC_0059881,-0.026240516,7.1954255
ISIC_0059884,-0.79443604,7.5931644
ISIC_0059890,1.4193474,6.4902935
ISIC_0059891,2.9532292,0.22352633
ISIC_0059892,1.4792724,0.8842634
ISIC_0059897,0.5205849,9.648898
ISIC_0059904,1.6111189,1.6399487
ISIC_0059905,1.0710802,6.165777
ISIC_0059919,-1.3858292,2.9663568
ISIC_0059941,0.74696606,0.52836496
ISIC_0059948,0.6650936,0.3466856
ISIC_0059957,1.6741291,6.113033
ISIC_0059958,-0.41887107,0.10866265
ISIC_0059974,1.4215207,2.0348628
ISIC_0059978,0.3392592,9.549026
ISIC_0059987,3.7029257,1.2609367
ISIC_0059992,-0.18961157,3.0821586
ISIC_0060015,1.6624856,2.1269498
ISIC_0060022,0.60415447,9.690786
ISIC_0060032,0.51747614,9.6364565
ISIC_0060033,0.42737857,2.1163201
ISIC_0060094,-0.09743993,-0.19391839
ISIC_0060096,1.6402797,5.9686904
ISIC_0060099,0.94112885,4.9262543
ISIC_0060104,1.1892455,7.1396513
ISIC_0060114,1.2321208,8.418543
ISIC_0060118,1.2259586,8.98864
ISIC_0060140,-0.71103317,2.6571908
ISIC_0060143,-0.889202,4.4539285
ISIC_0060147,2.4875932,4.0159855
ISIC_0060150,0.8322539,8.175646
ISIC_0060153,0.28577337,7.526537
ISIC_0060154,0.26964155,7.55636
ISIC_0060155,-0.17111616,1.9089047
ISIC_0060159,1.2581403,8.815636
ISIC_0060181,-1.1073012,2.5252016
ISIC_0060194,-1.080931,2.9869213
ISIC_0060197,-0.5387379,4.5246353
ISIC_0060201,-1.5783343,4.100228
ISIC_0060212,0.22667916,2.0752923
ISIC_0060216,0.5497879,9.384401
ISIC_0060218,0.97880256,0.67876685
ISIC_0060219,2.5072763,5.9565635
ISIC_0060222,0.7657053,2.3302703
ISIC_0060224,0.24282081,-1.1259009
ISIC_0060233,1.771619,6.392243
ISIC_0060238,2.0179076,1.0712634
ISIC_0060239,2.5098357,3.6673105
ISIC_0060244,-0.04354798,-0.03737987
ISIC_0060248,3.407409,1.1121011
ISIC_0060266,-0.97660434,0.5288943
ISIC_0060270,0.6301897,0.29311404
ISIC_0060281,2.1111226,4.706485
ISIC_0060297,0.40694228,0.0071256175
ISIC_0060307,-0.0006609003,7.198879
ISIC_0060308,0.73217344,0.81867534
ISIC_0060313,1.1831629,5.7142406
ISIC_0060315,0.5477542,-0.53672516
ISIC_0060326,-0.42250693,0.2876264
ISIC_0060340,-0.7257783,2.59664
ISIC_0060341,1.1604747,2.3580968
ISIC_0060342,1.9892447,1.9396725
ISIC_0060355,0.51624084,-0.15455586
ISIC_0060367,-0.26033068,9.479023
ISIC_0060376,-1.0094451,4.920114
ISIC_0060377,0.0021373527,1.5248384
ISIC_0060380,0.10806924,1.0728172
ISIC_0060386,3.7872202,1.3278075
ISIC_0060393,1.2614652,0.81645334
ISIC_0060397,0.8191635,0.554041
ISIC_0060399,-0.18674383,4.7249656
ISIC_0060403,1.153595,2.528609
ISIC_0060428,1.7996371,6.5600114
ISIC_0060446,-0.11145218,-0.13706559
ISIC_0060456,1.2527262,7.088495
ISIC_0060459,-0.20951258,-0.22613493
ISIC_0060465,2.201583,1.5909054
ISIC_0060487,-0.17705742,2.6451256
ISIC_0060495,1.1209525,5.7668266
ISIC_0060507,0.6422004,9.625461
ISIC_0060508,3.300491,2.7166972
ISIC_0060510,0.29075444,1.8476303
ISIC_0060511,0.31088713,1.762321
ISIC_0060525,2.33084,2.6825516
ISIC_0060526,1.0338385,5.5245748
ISIC_0060528,3.4316258,1.1063733
ISIC_0060537,-0.5625552,1.5317639
ISIC_0060538,2.4781187,3.7124162
ISIC_0060548,1.3590533,2.448898
ISIC_0060555,-1.1460148,0.8172372
ISIC_0060556,-0.79587036,0.14385234
ISIC_0060559,1.0807657,-1.0051653
ISIC_0060577,2.120052,5.3223023
ISIC_0060583,-0.30107003,2.3144264
ISIC_0060585,-0.4302617,2.1540568
ISIC_0060586,0.31339887,2.7335413
ISIC_0060589,-0.1672049,1.6802554
ISIC_0060597,-0.17234917,0.93685585
ISIC_0060610,1.7814591,5.836639
ISIC_0060616,1.7181071,2.9964182
ISIC_0060624,1.2002364,0.82303673
ISIC_0060629,1.0606749,6.578123
ISIC_0060630,0.8006023,6.0368385
ISIC_0060654,-0.21629155,7.6330795
ISIC_0060660,2.801725,2.6606727
ISIC_0060665,1.1398236,7.126716
ISIC_0060671,1.1056232,8.44064
ISIC_0060672,0.027183669,2.0406756
ISIC_0060676,0.14784537,6.06796
ISIC_0060679,2.6705408,3.8312495
ISIC_0060681,1.0176175,5.53606
ISIC_0060693,0.036695953,3.191963
ISIC_0060698,0.026521847,6.930619
ISIC_0060700,2.9399006,3.6292863
ISIC_0060713,0.78120285,1.8752414
ISIC_0060717,0.051620685,-0.2022191
ISIC_0060718,0.5648849,2.126733
ISIC_0060727,-0.16638264,2.653563
ISIC_0060728,0.8015553,9.104681
ISIC_0060736,-0.23179191,-0.16418472
ISIC_0060741,3.1260767,2.7335956
ISIC_0060744,2.1353312,4.6447067
ISIC_0060751,-0.09373774,7.5163484
ISIC_0060752,-0.720803,2.6823254
ISIC_0060760,4.177774,0.6754148
ISIC_0060764,2.696107,1.8163838
ISIC_0060773,-1.4221547,2.6708267
ISIC_0060795,0.28030813,9.160901
ISIC_0060799,2.5006843,2.8282964
ISIC_0060827,-1.2037431,7.17572
ISIC_0060829,-0.19290568,6.832321
ISIC_0060832,0.20499747,2.2654138
ISIC_0060834,-1.8863562,6.11136
ISIC_0060836,1.0627627,8.406954
ISIC_0060845,0.6110953,6.390716
ISIC_0060873,-1.1076825,0.9349945
ISIC_0060883,-1.331633,7.0597672
ISIC_0060886,-1.703049,1.8209367
ISIC_0060892,2.4265292,4.829629
ISIC_0060893,0.8986711,3.98678
ISIC_0060897,-0.021857642,1.0608497
ISIC_0060898,0.51238465,6.3324785
ISIC_0060911,0.9525303,4.287243
ISIC_0060916,0.188545,-1.067595
ISIC_0060934,-1.1083446,4.0538945
ISIC_0060936,1.0676569,5.1632185
ISIC_0060937,3.4464145,2.6569388
ISIC_0060946,0.09827374,5.9519887
ISIC_0060949,2.448304,4.7932606
ISIC_0060955,-0.9571177,0.60402805
ISIC_0060965,0.020137751,2.791024
ISIC_0060967,2.5181203,6.6891336
ISIC_0060968,0.6220464,8.560989
ISIC_0060969,0.24113967,-0.6848376
ISIC_0060971,0.7971013,6.807781
ISIC_0060972,-0.34334245,2.039474
ISIC_0060978,1.0147033,2.266621
ISIC_0060979,2.5139077,6.7087584
ISIC_0060994,0.44234195,1.5338681
ISIC_0060999,0.9580725,4.0671144
ISIC_0061001,-1.410066,3.4782968
ISIC_0061002,2.521668,6.6973505
ISIC_0061003,0.53304595,2.1518168
ISIC_0061006,2.3006508,1.6888627
ISIC_0061008,-0.4634165,2.3601773
ISIC_0061011,1.0152603,6.7106795
ISIC_0061021,1.202441,2.9867034
ISIC_0061025,-0.51212317,4.2481976
ISIC_0061029,0.6873677,8.49931
ISIC_0061031,0.7158197,2.8127792
ISIC_0061032,0.6052591,9.691519
ISIC_0061034,1.5922036,-0.07572217
ISIC_0061045,0.26452398,2.4680054
ISIC_0061049,0.6003875,-0.18240072
ISIC_0061052,1.3499687,2.7574697
ISIC_0061060,1.0255846,5.9158053
ISIC_0061066,3.1930883,1.1746945
ISIC_0061067,1.674853,2.8721197
ISIC_0061070,2.5017896,5.9531903
ISIC_0061075,0.789119,2.501523
ISIC_0061077,2.2723763,3.2877982
ISIC_0061078,2.6275666,2.4677174
ISIC_0061079,1.7299533,5.6388693
ISIC_0061085,1.7978804,0.6591192
ISIC_0061104,0.9296417,0.5828855
ISIC_0061108,1.2307338,5.060846
ISIC_0061112,-0.03686589,6.9349847
ISIC_0061131,0.96445423,4.9426675
ISIC_0061141,1.2925656,5.2961335
ISIC_0061152,0.46834484,-0.12888749
ISIC_0061155,0.61604625,8.509818
ISIC_0061158,1.6933675,6.5299416
ISIC_0061159,0.33809298,6.6078734
ISIC_0061166,1.055763,3.127295
ISIC_0061183,1.1225886,1.3154598
ISIC_0061185,0.77116436,1.0746264
ISIC_0061188,-0.72737366,0.6965261
ISIC_0061189,1.8844174,5.5233274
ISIC_0061191,-0.41410267,1.562392
ISIC_0061194,0.17042014,8.943147
ISIC_0061195,1.5266535,0.6160224
ISIC_0061200,1.4860375,0.9704811
ISIC_0061224,2.572273,2.7605157
ISIC_0061231,0.74093974,0.28140688
ISIC_0061244,1.6619003,2.9236205
ISIC_0061250,2.5252857,6.702989
ISIC_0061252,0.94089293,5.7015705
ISIC_0061257,-1.371249,2.8841467
ISIC_0061261,1.1813811,0.6561814
ISIC_0061279,-0.27966908,9.500019
ISIC_0061281,0.95086414,5.4167175
ISIC_0061297,0.23988856,9.391644
ISIC_0061300,3.0451903,2.7421453
ISIC_0061315,2.4200513,2.0246828
ISIC_0061320,-1.5772803,3.9695272
ISIC_0061323,2.1251745,3.6006727
ISIC_0061333,1.9299037,4.0862656
ISIC_0061334,1.1682993,4.0728
ISIC_0061336,1.1325371,7.7894917
ISIC_0061345,0.43360332,6.021381
ISIC_0061355,1.4060637,5.129188
ISIC_0061359,0.062235966,-1.8847208
ISIC_0061362,-0.8976151,7.424355
ISIC_0061366,0.6643387,5.4372635
ISIC_0061369,0.774734,8.565047
ISIC_0061371,-1.5269847,5.9029064
ISIC_0061377,-1.0965905,2.3308167
ISIC_0061380,-1.6831006,1.7738906
ISIC_0061382,-0.53142077,0.325159
ISIC_0061393,0.91693854,3.0671332
ISIC_0061407,-0.31699938,0.3103229
ISIC_0061411,0.31297928,7.1216846
ISIC_0061418,1.5741854,2.1129653
ISIC_0061424,1.5843117,5.7278295
ISIC_0061432,-0.24158894,-0.01890182
ISIC_0061434,-0.7663923,0.3772617
ISIC_0061441,2.6613166,1.3192018
ISIC_0061446,-0.9550773,0.20971453
ISIC_0061447,3.2546437,3.7826304
ISIC_0061448,0.22854234,9.407644
ISIC_0061454,1.3322016,2.4967396
ISIC_0061463,-0.5115523,2.3477476
ISIC_0061466,1.3041421,8.921905
ISIC_0061469,-0.44663978,4.0923705
ISIC_0061475,0.8043993,0.55357134
ISIC_0061479,0.050597828,9.295281
ISIC_0061485,1.1636075,8.987843
ISIC_0061491,0.16152425,6.42892
ISIC_0061494,1.018855,5.3534207
ISIC_0061496,0.96418875,5.7309136
ISIC_0061502,1.3919445,5.806211
ISIC_0061508,2.527495,5.677381
ISIC_0061516,-0.44432995,2.8784523
ISIC_0061518,1.2833446,7.1087356
ISIC_0061520,-0.084990464,5.8851085
ISIC_0061529,1.2664495,4.149473
ISIC_0061532,-0.18972483,6.9200883
ISIC_0061533,1.1979079,9.372901
ISIC_0061547,0.8457542,6.424717
ISIC_0061549,1.1258726,5.7640615
ISIC_0061553,-0.04219174,1.3651272
ISIC_0061554,1.5188907,5.4503775
ISIC_0061556,0.87401336,7.2380495
ISIC_0061559,2.3370361,1.0437663
ISIC_0061566,1.3489172,1.0757489
ISIC_0061568,-0.24145617,0.8084969
ISIC_0061573,1.2298048,8.392083
ISIC_0061575,1.9282906,6.44026
ISIC_0061580,3.031323,3.6796978
ISIC_0061581,2.1765597,2.6385016
ISIC_0061583,1.8110129,0.48285875
ISIC_0061585,3.2711957,2.3465602
ISIC_0061592,-0.99667776,4.152307
ISIC_0061595,-0.67897725,0.070838705
ISIC_0061608,0.770561,0.96922725
ISIC_0061619,0.1857688,8.184602
ISIC_0061623,-0.7614922,0.75546324
ISIC_0061624,1.1898642,5.418694
ISIC_0061625,0.4991857,4.9711437
ISIC_0061629,3.2164547,3.6559346
ISIC_0061630,0.29552254,6.4665956
ISIC_0061633,0.9378898,4.4043527
ISIC_0061644,0.02070111,6.5729747
ISIC_0061656,0.6836152,3.3726006
ISIC_0061660,-0.35041428,0.31205705
ISIC_0061664,-1.5073667,2.739271
ISIC_0061670,0.31628245,0.8525872
ISIC_0061680,1.1479727,8.267374
ISIC_0061684,1.9065852,0.5716397
ISIC_0061685,1.0768363,2.4028394
ISIC_0061699,-1.2262616,2.9470627
ISIC_0061701,0.53017014,6.2887683
ISIC_0061705,3.3620086,2.3107228
ISIC_0061710,-0.21255316,3.8546145
ISIC_0061713,-0.0904551,2.0471523
ISIC_0061715,0.24684863,8.967664
ISIC_0061735,2.1041305,3.4158804
ISIC_0061741,-0.20225316,0.9310141
ISIC_0061756,-1.577134,2.7377663
ISIC_0061761,1.1359546,5.5020967
ISIC_0061770,1.2122905,8.987325
ISIC_0061773,0.9936426,5.2798357
ISIC_0061775,-1.1196607,4.846834
ISIC_0061782,1.6554861,6.4773693
ISIC_0061798,-1.1345496,6.1315985
ISIC_0061799,-0.08821603,4.917829
ISIC_0061812,2.3537555,3.7141593
ISIC_0061829,1.2792761,1.916722
ISIC_0061831,0.1833411,2.3210394
ISIC_0061833,-0.3145225,2.566639
ISIC_0061848,-0.2876731,-0.4649461
ISIC_0061870,0.8837807,2.937773
ISIC_0061880,3.5860903,2.4539392
ISIC_0061884,3.1814766,2.767646
ISIC_0061885,3.2205791,0.89026415
ISIC_0061886,1.1807865,6.75062
ISIC_0061890,2.704305,2.3079212
ISIC_0061894,0.46674865,9.453878
ISIC_0061895,-1.0669786,2.508683
ISIC_0061900,-1.1531023,0.988991
ISIC_0061911,-0.40637726,1.0685685
ISIC_0061912,1.0373029,3.1032422
ISIC_0061915,0.06148542,6.705021
ISIC_0061916,0.80964404,9.169027
ISIC_0061918,1.5129629,0.4666558
ISIC_0061922,0.5372531,-0.103333354
ISIC_0061926,2.3313217,5.0165305
ISIC_0061928,0.2326391,6.385739
ISIC_0061944,1.047992,5.9211335
ISIC_0061945,1.3189898,8.293867
ISIC_0061950,-1.5435332,2.7654579
ISIC_0061953,0.37092888,0.3425669
ISIC_0061954,-0.3390437,0.6343788
ISIC_0061969,0.8610851,3.3724248
ISIC_0061971,-0.16875716,2.67715
ISIC_0061982,1.1978371,6.9958725
ISIC_0062000,0.21948914,1.3987157
ISIC_0062005,0.6160975,-0.043951385
ISIC_0062010,0.98180443,5.3497677
ISIC_0062016,-1.2101272,4.818761
ISIC_0062031,-1.8172312,6.3090916
ISIC_0062042,0.85568213,3.49291
ISIC_0062063,2.5782738,2.0033004
ISIC_0062064,2.4972026,3.1147153
ISIC_0062077,2.0117948,4.318953
ISIC_0062084,0.022525076,2.0420659
ISIC_0062099,0.32771528,1.4914942
ISIC_0062102,-1.3173627,7.0411654
ISIC_0062103,0.41058645,9.363275
ISIC_0062111,0.7793202,-0.25970012
ISIC_0062112,0.9381094,5.071737
ISIC_0062114,-0.091579966,1.352101
ISIC_0062122,0.89196104,8.531049
ISIC_0062125,0.012148264,7.2460475
ISIC_0062133,-1.0630344,3.9927497
ISIC_0062138,0.18466412,4.793697
ISIC_0062149,2.51515,0.5501593
ISIC_0062152,1.0370649,5.06662
ISIC_0062154,0.5331614,9.6682205
ISIC_0062155,0.45693848,9.6227045
ISIC_0062158,3.218675,2.7193599
ISIC_0062160,0.9159789,1.7207471
ISIC_0062161,1.1862757,6.315262
ISIC_0062162,1.5909295,6.6893396
ISIC_0062163,-0.22503172,-0.18423061
ISIC_0062171,1.2389177,8.956682
ISIC_0062176,2.786081,1.5899944
ISIC_0062183,1.262836,7.057488
ISIC_0062203,0.09924058,7.317538
ISIC_0062206,0.9329794,8.360814
ISIC_0062208,1.147807,3.419489
ISIC_0062211,0.2917492,6.667563
ISIC_0062213,-1.1244515,4.912217
ISIC_0062220,-0.19938669,2.60863
ISIC_0062235,3.1215265,2.389712
ISIC_0062239,2.0309858,1.0034146
ISIC_0062241,1.2918901,1.1485527
ISIC_0062242,0.8839879,0.5644654
ISIC_0062248,0.10435074,1.9509512
ISIC_0062251,2.7454565,2.5830603
ISIC_0062256,0.18364587,8.239298
ISIC_0062260,-0.7356562,2.5561852
ISIC_0062266,-1.5170883,2.7659192
ISIC_0062269,-1.186313,4.9201665
ISIC_0062273,0.8118829,3.4527833
ISIC_0062280,1.3381002,4.728226
ISIC_0062286,2.5153556,6.705284
ISIC_0062296,2.2774153,5.5998206
ISIC_0062298,0.6016601,-0.18944673
ISIC_0062301,-0.1780795,2.3870125
ISIC_0062318,-0.9096246,0.64037186
ISIC_0062323,-0.04216856,-0.06368839
ISIC_0062325,-0.7521168,2.7571046
ISIC_0062340,-1.4988436,2.9133036
ISIC_0062350,1.3230815,6.003731
ISIC_0062359,-0.68445665,3.647603
ISIC_0062381,3.0469666,3.3522205
ISIC_0062382,2.7719965,2.1576173
ISIC_0062389,2.3435423,2.6674423
ISIC_0062401,-0.3526077,0.19508898
ISIC_0062407,1.4985477,6.5972633
ISIC_0062423,-0.1965236,6.8563933
ISIC_0062425,2.5461833,5.8842535
ISIC_0062434,1.1526823,-0.32952493
ISIC_0062447,-0.12547256,7.639134
ISIC_0062453,2.5990548,2.819397
ISIC_0062454,0.65200317,5.8915043
ISIC_0062457,-1.1266011,0.92458004
ISIC_0062458,1.0049292,8.424651
ISIC_0062463,-0.26857054,0.5958094
ISIC_0062468,3.361393,1.1037774
ISIC_0062471,0.11460041,3.1926506
ISIC_0062474,0.90574634,5.0345387
ISIC_0062477,0.17250912,1.1395314
ISIC_0062478,0.27478856,6.5309587
ISIC_0062481,3.25145,2.7754016
ISIC_0062497,1.0521678,6.779087
ISIC_0062505,0.4182388,1.5906868
ISIC_0062509,1.1318544,7.784656
ISIC_0062515,0.8830446,0.92597175
ISIC_0062517,0.31217733,1.2826115
ISIC_0062523,0.51513344,9.663516
ISIC_0062524,1.1209368,1.2530355
ISIC_0062525,2.4328828,5.858804
ISIC_0062530,2.982532,1.0969946
ISIC_0062531,-0.09323397,2.0994468
ISIC_0062536,0.9211044,4.1006103
ISIC_0062539,2.899557,2.7013252
ISIC_0062547,1.9496474,1.9732596
ISIC_0062551,0.28324404,0.6171441
ISIC_0062559,-0.114333436,7.918345
ISIC_0062562,0.9853604,9.095432
ISIC_0062589,1.1909306,7.16874
ISIC_0062596,-0.11753464,-0.1422411
ISIC_0062602,0.6058751,9.655088
ISIC_0062606,-0.07462657,1.075075
ISIC_0062626,1.3429114,0.5797429
ISIC_0062628,0.50383574,9.209465
ISIC_0062632,-1.1390389,3.0769615
ISIC_0062633,1.0434362,6.44292
ISIC_0062636,-0.21625684,4.7618127
ISIC_0062639,0.9237839,2.910748
ISIC_0062642,1.0760854,8.918318
ISIC_0062649,1.4145509,-0.82628757
ISIC_0062674,-1.1071347,1.1032888
ISIC_0062681,0.7364293,6.8490314
ISIC_0062684,-0.07030193,6.7943444
ISIC_0062688,1.534566,5.586161
ISIC_0062690,-1.3334624,4.675824
ISIC_0062700,-0.280818,1.1843294
ISIC_0062702,1.70068,6.5142365
ISIC_0062708,0.36868727,3.9562232
ISIC_0062709,1.9601923,4.050106
ISIC_0062712,0.52314335,8.462973
ISIC_0062716,0.7460056,8.111098
ISIC_0062721,-1.2273644,1.1822912
ISIC_0062723,0.86056435,4.1062126
ISIC_0062724,0.39650908,8.813822
ISIC_0062734,2.5681486,3.410128
ISIC_0062736,0.9916734,3.9530692
ISIC_0062762,0.8472856,2.83611
ISIC_0062765,0.23901118,2.317765
ISIC_0062770,3.6931417,2.37871
ISIC_0062780,1.3274038,4.805847
ISIC_0062792,0.98240185,0.58940214
ISIC_0062806,-1.16854,4.783506
ISIC_0062809,0.0010946768,7.31994
ISIC_0062816,1.2042117,9.470201
ISIC_0062821,0.49191037,9.056863
ISIC_0062827,-0.12411191,2.3395324
ISIC_0062832,-0.31708223,-0.36405605
ISIC_0062841,2.8529391,1.0118521
ISIC_0062844,0.66208696,6.632309
ISIC_0062869,1.1967348,6.5385804
ISIC_0062879,-0.9440658,4.68988
ISIC_0062891,2.4649985,4.955076
ISIC_0062912,2.4684129,4.012417
ISIC_0062922,0.12882133,0.7552014
ISIC_0062925,0.61698747,2.8146935
ISIC_0062935,0.06855164,0.56170315
ISIC_0062944,-1.1695124,4.718341
ISIC_0062948,0.41552868,6.3825703
ISIC_0062952,2.3623698,2.6399958
ISIC_0062954,-1.0073004,0.16283639
ISIC_0062957,3.376878,3.9070442
ISIC_0062970,1.0150653,2.5905619
ISIC_0062978,1.2661294,5.450876
ISIC_0062983,-0.21183434,3.8648922
ISIC_0062985,-1.1231194,0.95044976
ISIC_0062991,1.6894947,6.630484
ISIC_0062992,1.1195577,8.945709
ISIC_0062994,1.4833599,2.1264887
ISIC_0062998,-1.1600703,3.407306
ISIC_0063018,0.7428752,2.9723399
ISIC_0063026,1.5572823,0.9527899
ISIC_0063027,1.9523668,5.4508657
ISIC_0063032,1.2823838,8.974788
ISIC_0063046,-1.3447998,4.635807
ISIC_0063056,1.9677508,0.8059923
ISIC_0063058,2.084451,5.87545
ISIC_0063060,1.2449079,4.214648
ISIC_0063070,-0.26132062,4.0009427
ISIC_0063072,-1.4648397,2.8086252
ISIC_0063077,0.47028652,9.280166
ISIC_0063081,2.5818539,3.557943
ISIC_0063087,0.055526625,7.2209115
ISIC_0063102,1.1555892,7.1524963
ISIC_0063103,0.78454614,2.3272517
ISIC_0063109,-1.0857557,3.930616
ISIC_0063114,1.2122077,7.9717884
ISIC_0063124,3.4551682,2.590458
ISIC_0063125,0.16105168,8.167419
ISIC_0063130,3.5332444,2.170709
ISIC_0063131,0.99901414,5.6917906
ISIC_0063143,2.9415004,1.5411468
ISIC_0063148,-0.79576874,1.2326286
ISIC_0063151,0.3633166,-0.11364379
ISIC_0063168,0.80355835,2.8176231
ISIC_0063169,0.72096837,2.7807515
ISIC_0063172,2.8507035,3.5564897
ISIC_0063174,2.5270233,5.9460144
ISIC_0063180,0.499713,8.838931
ISIC_0063181,1.4003105,1.9904629
ISIC_0063182,2.2191043,2.898081
ISIC_0063190,3.1162553,0.5591593
ISIC_0063191,-0.1216601,3.0479
ISIC_0063198,1.1068575,1.241219
ISIC_0063202,0.96608627,2.5182555
ISIC_0063207,2.086516,0.60562664
ISIC_0063216,0.40329322,3.1719797
ISIC_0063222,1.212749,4.90414
ISIC_0063225,-0.016859133,3.0100245
ISIC_0063228,1.7935518,2.2213006
ISIC_0063233,1.9525121,4.7365627
ISIC_0063234,0.41052556,1.7291814
ISIC_0063240,1.7883554,2.04269
ISIC_0063241,1.9854348,2.5553403
ISIC_0063258,-1.3080819,7.002048
ISIC_0063264,-0.13162993,-0.16060427
ISIC_0063266,-0.70373553,4.38835
ISIC_0063268,1.8971685,4.1069264
ISIC_0063271,1.8713043,2.0367446
ISIC_0063288,1.3977584,4.968882
ISIC_0063292,0.25674796,-0.49095803
ISIC_0063300,-0.023997635,3.067208
ISIC_0063302,-0.81517726,-0.014934971
ISIC_0063305,-0.23978943,9.480995
ISIC_0063318,2.1475143,1.034016
ISIC_0063334,0.91349095,3.1075315
ISIC_0063345,-1.0034456,3.5332525
ISIC_0063349,-0.02586487,-0.24574131
ISIC_0063360,-1.5652215,3.4743583
ISIC_0063362,2.3165853,4.752666
ISIC_0063369,0.9733861,0.17430237
ISIC_0063373,0.13829544,9.292845
ISIC_0063392,0.21547738,3.437353
ISIC_0063394,3.0061054,1.9068167
ISIC_0063410,1.1298795,9.118301
ISIC_0063414,0.7406438,8.253465
ISIC_0063425,2.5581896,3.9927688
ISIC_0063437,1.8452462,4.2504635
ISIC_0063443,0.9902934,9.183879
ISIC_0063445,2.271992,4.7462015
ISIC_0063447,-0.72331154,1.1360737
ISIC_0063450,1.6420032,6.562175
ISIC_0063456,-0.02799494,2.132758
ISIC_0063464,1.7126633,6.5682325
ISIC_0063467,2.9809527,4.381337
ISIC_0063469,0.9967936,5.9634976
ISIC_0063470,-1.4240432,2.928397
ISIC_0063475,-0.070585154,2.1063266
ISIC_0063480,0.36324975,3.4202454
ISIC_0063481,-0.9219989,2.9099994
ISIC_0063493,1.3459195,0.73742276
ISIC_0063496,1.4574411,2.0461662
ISIC_0063505,1.3300447,1.0243264
ISIC_0063521,0.57748497,8.689147
ISIC_0063528,-0.16409,-0.40766388
ISIC_0063537,2.8846343,1.2365674
ISIC_0063541,-1.264495,1.0256586
ISIC_0063551,1.8302382,0.83118445
ISIC_0063566,2.201464,1.298526
ISIC_0063578,0.21404395,2.158563
ISIC_0063601,-0.08259608,7.3250003
ISIC_0063617,2.6995697,2.7810807
ISIC_0063623,1.755504,4.2069116
ISIC_0063625,0.918747,8.2076645
ISIC_0063634,3.0797586,2.8986123
ISIC_0063636,-0.8450794,0.16056998
ISIC_0063641,0.46966213,6.305557
ISIC_0063654,2.7482066,1.700695
ISIC_0063655,2.4857159,5.484789
ISIC_0063660,0.6959206,2.6486118
ISIC_0063664,1.2941258,2.446217
ISIC_0063675,-0.18521218,2.585146
ISIC_0063679,2.3752704,5.085547
ISIC_0063680,2.101102,2.4256449
ISIC_0063687,0.9344765,5.055746
ISIC_0063690,1.7393202,1.5604616
ISIC_0063691,1.193157,0.68724775
ISIC_0063692,-0.45709372,4.265786
ISIC_0063693,-0.091999836,-1.8828912
ISIC_0063695,0.5248315,9.652873
ISIC_0063704,0.8009698,8.62429
ISIC_0063715,0.39474028,2.7897444
ISIC_0063723,3.6549761,2.3149693
ISIC_0063724,-0.09582972,1.1515255
ISIC_0063727,-0.056800146,1.6369783
ISIC_0063732,-1.6346318,5.910011
ISIC_0063742,0.962961,1.5343083
ISIC_0063748,1.5726142,2.3229258
ISIC_0063750,1.5502217,6.6367393
ISIC_0063757,2.721412,4.8396754
ISIC_0063759,0.19888371,-0.25118247
ISIC_0063769,-0.9437955,2.3373704
ISIC_0063775,1.0744029,6.807767
ISIC_0063788,0.7341828,1.2945713
ISIC_0063793,-0.7079424,0.26198643
ISIC_0063795,-1.0544206,3.1916585
ISIC_0063811,0.04144429,2.168472
ISIC_0063824,1.6503952,6.0138154
ISIC_0063829,-0.7383216,4.074795
ISIC_0063830,-0.8099651,0.66816807
ISIC_0063839,0.34414628,1.2643521
ISIC_0063842,0.79510814,3.0004015
ISIC_0063845,2.8556428,2.8093288
ISIC_0063852,0.45457232,3.1098933
ISIC_0063870,2.4577317,2.2017903
ISIC_0063871,-0.9691008,0.24322915
ISIC_0063872,-0.03918235,7.2388463
ISIC_0063873,-0.8468743,0.21737555
ISIC_0063881,-0.8874129,0.6067954
ISIC_0063885,0.29397014,0.97668844
ISIC_0063887,0.6285659,6.827723
ISIC_0063897,1.4838724,1.7412682
ISIC_0063908,-0.78984416,2.7936747
ISIC_0063912,-0.15672046,7.4682393
ISIC_0063915,-0.12036013,1.6546082
ISIC_0063926,-1.2506148,3.1528428
ISIC_0063937,-0.61727494,1.1463224
ISIC_0063945,-0.998934,4.4813137
ISIC_0063946,1.9221683,4.138193
ISIC_0063950,0.9467685,6.719466
ISIC_0063958,0.4931071,5.5990005
ISIC_0063960,2.3577135,3.8927155
ISIC_0063973,1.0404938,5.524075
ISIC_0063980,-1.0171344,1.630758
ISIC_0063981,-0.21344426,6.646825
ISIC_0063988,0.5654042,2.9843044
ISIC_0064006,-0.8168123,7.5500894
ISIC_0064014,1.2911214,-0.06716729
ISIC_0064023,2.502583,0.43262082
ISIC_0064033,-0.8804095,3.289439
ISIC_0064034,0.27218664,0.255695
ISIC_0064054,1.7821645,6.3411975
ISIC_0064056,0.9516983,9.047161
ISIC_0064058,0.17293581,6.35903
ISIC_0064060,2.4669113,2.8155077
ISIC_0064062,4.3993096,0.7558921
ISIC_0064072,3.3425817,2.5862682
ISIC_0064073,1.4954354,2.8372052
ISIC_0064079,1.2398207,5.083824
ISIC_0064080,0.46819386,1.4302266
ISIC_0064082,1.7212887,1.5130295
ISIC_0064100,-0.24441485,0.3701357
ISIC_0064102,1.4604572,2.7849166
ISIC_0064110,1.4090651,5.9101377
ISIC_0064114,0.627067,8.502396
ISIC_0064116,3.0108085,3.3537662
ISIC_0064120,0.030550754,2.0614913
ISIC_0064122,-0.5177742,4.733367
ISIC_0064129,-0.36197633,4.4432383
ISIC_0064130,0.31798926,1.1483853
ISIC_0064134,-1.1648382,4.58192
ISIC_0064141,-1.1681727,4.8440776
ISIC_0064152,-0.89530087,0.04273899
ISIC_0064157,-0.023683239,1.4153996
ISIC_0064167,-0.057512015,1.57042
ISIC_0064174,1.1952238,6.0163803
ISIC_0064180,-0.061010737,-0.052752115
ISIC_0064195,2.5470107,5.943006
ISIC_0064201,0.4289112,9.292488
ISIC_0064204,-1.2884248,4.903087
ISIC_0064209,0.98549736,3.91688
ISIC_0064212,0.099724405,6.522688
ISIC_0064229,1.9804336,4.6826696
ISIC_0064240,1.0486219,6.8587413
ISIC_0064246,2.132201,1.4815964
ISIC_0064247,-0.15017682,2.094205
ISIC_0064261,2.6391573,2.8177042
ISIC_0064266,1.1989958,8.992277
ISIC_0064268,-0.9287625,1.1467484
ISIC_0064270,-0.7868673,0.6636994
ISIC_0064272,-0.8728345,2.8384893
ISIC_0064276,2.5046976,5.50838
ISIC_0064279,0.9423746,2.1555643
ISIC_0064281,0.45661792,0.32889682
ISIC_0064294,0.95147663,3.012127
ISIC_0064297,1.8304725,4.2487516
ISIC_0064298,2.576688,1.3300478
ISIC_0064307,0.4288952,1.5481046
ISIC_0064317,2.6176283,2.517294
ISIC_0064320,3.7021258,2.4451602
ISIC_0064321,-0.07388186,1.5930133
ISIC_0064328,2.7714682,1.814422
ISIC_0064337,2.3469555,4.4286814
ISIC_0064339,-0.22353917,3.842143
ISIC_0064344,1.7798302,3.1268454
ISIC_0064360,0.55996275,9.413285
ISIC_0064361,-0.4560172,1.0441086
ISIC_0064369,-0.18636553,0.5094413
ISIC_0064376,0.103441544,2.9823935
ISIC_0064393,1.3000189,3.235518
ISIC_0064406,0.81207246,9.502835
ISIC_0064411,-0.018197242,-0.2740341
ISIC_0064419,0.47556135,9.556796
ISIC_0064427,0.67392194,4.106166
ISIC_0064428,2.930218,1.4480363
ISIC_0064436,-0.4682708,1.4209803
ISIC_0064444,-0.36869052,6.5583143
ISIC_0064455,2.1282454,4.7024155
ISIC_0064463,2.1132123,5.3011518
ISIC_0064465,0.5419567,9.756223
ISIC_0064472,2.0810454,3.3124413
ISIC_0064476,2.5802357,2.7895079
ISIC_0064481,-0.6578377,3.039124
ISIC_0064483,-1.3621851,6.0923877
ISIC_0064498,-0.90820485,0.11828725
ISIC_0064507,0.08395094,8.570374
ISIC_0064515,1.9701437,2.4067285
ISIC_0064517,0.42533752,0.061583884
ISIC_0064530,0.68633133,6.254728
ISIC_0064531,-1.5058132,3.9697304
ISIC_0064534,-0.9828539,2.6604571
ISIC_0064538,1.2312783,7.240651
ISIC_0064550,0.2448006,3.1736658
ISIC_0064559,-0.008841034,2.3309948
ISIC_0064569,-1.2006402,3.875091
ISIC_0064575,0.5607308,6.6804767
ISIC_0064581,-0.6929108,1.3494873
ISIC_0064585,1.3747203,9.462098
ISIC_0064589,-0.930142,1.6133142
ISIC_0064592,0.9743493,6.8627605
ISIC_0064606,0.68291855,2.8071108
ISIC_0064611,1.113228,8.940968
ISIC_0064619,1.163353,0.51929176
ISIC_0064623,1.9720409,0.5753817
ISIC_0064632,1.2906178,5.7354984
ISIC_0064633,1.9950821,2.3407094
ISIC_0064645,-0.06520573,-0.047461588
ISIC_0064646,1.1870704,0.6046687
ISIC_0064656,3.6542535,2.2313306
ISIC_0064660,2.021977,3.9105363
ISIC_0064667,-1.7281474,6.107993
ISIC_0064668,1.0695405,2.323799
ISIC_0064672,1.1843479,6.251449
ISIC_0064676,0.43774426,9.0264635
ISIC_0064686,1.0639465,8.568085
ISIC_0064689,1.2956204,2.4285967
ISIC_0064692,0.8813285,8.579885
ISIC_0064693,2.5387368,5.951926
ISIC_0064694,0.22634938,6.874401
ISIC_0064721,0.5568538,9.470284
ISIC_0064730,-1.1449997,0.8529465
ISIC_0064732,0.88755214,9.091284
ISIC_0064739,0.63233316,2.3996663
ISIC_0064742,3.71431,2.3135886
ISIC_0064752,-0.44321045,6.499676
ISIC_0064759,-1.1290928,0.9417209
ISIC_0064784,1.7382299,2.2999566
ISIC_0064800,0.9024742,0.5118559
ISIC_0064804,1.2378564,8.071408
ISIC_0064816,0.4310668,6.037784
ISIC_0064821,0.9377459,5.307198
ISIC_0064822,-1.2732213,4.873193
ISIC_0064823,0.7509984,2.6719124
ISIC_0064825,1.0034392,5.8617697
ISIC_0064829,-0.11913043,5.8169236
ISIC_0064835,3.293645,2.7359107
ISIC_0064836,0.6938025,2.1433656
ISIC_0064840,2.4457624,4.9243703
ISIC_0064849,0.07874672,6.595637
ISIC_0064860,0.930363,3.5789597
ISIC_0064868,1.3846219,5.9437785
ISIC_0064874,3.1395688,3.7212634
ISIC_0064875,1.3634136,-0.15175368
ISIC_0064881,2.4491818,4.7769804
ISIC_0064887,0.8357846,7.153913
ISIC_0064905,-0.2514386,0.82295275
ISIC_0064907,0.067769326,1.5352324
ISIC_0064909,-0.9395621,0.36316133
ISIC_0064910,1.313972,5.809844
ISIC_0064919,-0.85611796,1.3538177
ISIC_0064921,1.0179479,6.52717
ISIC_0064925,-0.4060842,2.2077234
ISIC_0064926,-0.15728956,4.914502
ISIC_0064927,3.598983,0.14631426
ISIC_0064929,-1.2485243,4.9190784
ISIC_0064933,0.75931436,6.1370173
ISIC_0064936,2.6841733,5.2555437
ISIC_0064941,-0.4124075,2.2575667
ISIC_0064943,-1.0193783,3.815321
ISIC_0064949,-0.28970984,2.2922316
ISIC_0064965,1.4059913,6.920213
ISIC_0064982,0.5129237,9.115779
ISIC_0064983,-1.0313122,4.675727
ISIC_0064986,-1.0036443,4.323502
ISIC_0064990,-0.23763296,9.455626
ISIC_0064992,0.55193436,9.209601
ISIC_0064993,0.0357218,7.1636615
ISIC_0064997,1.2047976,9.00369
ISIC_0065001,1.9513841,4.0555706
ISIC_0065008,-0.33258438,0.597216
ISIC_0065013,0.6424529,2.6334445
ISIC_0065022,3.6878765,1.1008202
ISIC_0065023,0.1476846,2.0566075
ISIC_0065025,-0.8963115,4.5364532
ISIC_0065026,-0.73605484,7.5908804
ISIC_0065036,0.57811713,2.2804883
ISIC_0065039,3.043718,2.7696443
ISIC_0065046,1.1145968,6.8749657
ISIC_0065057,0.9703019,0.6887019
ISIC_0065059,-1.180962,0.91701114
ISIC_0065066,1.658076,1.9989936
ISIC_0065099,1.3983836,0.93662584
ISIC_0065100,1.2667018,6.6076074
ISIC_0065106,0.8059456,4.080784
ISIC_0065109,0.78901523,5.8383446
ISIC_0065128,0.8543727,2.4271872
ISIC_0065132,2.600474,5.0651503
ISIC_0065142,1.3681537,6.8928127
ISIC_0065159,0.8634624,4.0179977
ISIC_0065168,0.717689,2.8177822
ISIC_0065171,2.7148783,2.5657933
ISIC_0065173,0.2639126,8.769241
ISIC_0065186,-0.23900557,7.5284595
ISIC_0065191,0.42258352,0.729516
ISIC_0065192,1.3378198,1.9561023
ISIC_0065195,-1.0242937,4.5401216
ISIC_0065206,2.7761133,2.8257306
ISIC_0065210,2.534623,5.9566627
ISIC_0065213,-0.89028823,0.1491851
ISIC_0065215,0.19744407,1.4942075
ISIC_0065230,0.25515524,6.5899253
ISIC_0065235,2.4543004,5.643997
ISIC_0065236,1.269708,1.9327357
ISIC_0065248,1.1260396,9.467412
ISIC_0065253,1.8881627,4.0855036
ISIC_0065265,2.4179807,3.8188536
ISIC_0065267,-0.21527214,1.7010224
ISIC_0065278,2.3172817,2.575884
ISIC_0065283,1.4677202,1.8694171
ISIC_0065305,2.0797424,3.0379863
ISIC_0065307,-0.20361602,1.1389469
ISIC_0065311,-0.1535522,2.7715826
ISIC_0065313,0.061962407,2.966602
ISIC_0065315,0.3827647,8.749784
ISIC_0065341,3.433134,1.1439006
ISIC_0065347,0.2901888,2.3295736
ISIC_0065351,1.8078595,2.4270225
ISIC_0065363,-0.25745106,1.0312629
ISIC_0065367,-1.1768713,7.047683
ISIC_0065379,-1.2138238,0.90703243
ISIC_0065382,-0.53085893,0.5398494
ISIC_0065398,2.3048975,2.918929
ISIC_0065402,1.2103448,7.10828
ISIC_0065408,0.85753274,2.650006
ISIC_0065417,-0.07499453,7.779589
ISIC_0065431,1.0335879,5.510245
ISIC_0065434,1.3216022,4.391737
ISIC_0065443,2.7628438,1.7628495
ISIC_0065446,0.8778826,1.2671905
ISIC_0065448,1.0445044,2.2699063
ISIC_0065449,-0.9682213,3.2388878
ISIC_0065463,-0.4464575,0.08259299
ISIC_0065477,2.535205,1.3033518
ISIC_0065507,0.2208568,6.689328
ISIC_0065512,-0.8184526,-1.1678082
ISIC_0065513,1.6400529,5.962931
ISIC_0065516,1.1669371,2.688432
ISIC_0065518,2.8172674,4.5995793
ISIC_0065521,0.04690301,2.5122893
ISIC_0065523,-0.32515663,0.75282276
ISIC_0065525,1.5947094,2.2837489
ISIC_0065531,2.34982,2.5870783
ISIC_0065532,1.9592661,6.4386144
ISIC_0065533,0.45756984,6.60235
ISIC_0065535,-0.07447742,-0.03383986
ISIC_0065539,0.93054914,3.9597905
ISIC_0065571,1.3866938,2.1430655
ISIC_0065576,1.0249822,4.9000115
ISIC_0065577,2.484634,4.908375
ISIC_0065582,0.67850655,2.2333066
ISIC_0065590,2.9835248,2.765027
ISIC_0065597,0.30622342,3.281044
ISIC_0065598,2.8741055,3.5832844
ISIC_0065615,-0.37406853,2.5384555
ISIC_0065618,1.1902384,1.0720637
ISIC_0065622,-1.03394,0.6727554
ISIC_0065627,-1.042255,3.008834
ISIC_0065644,-1.0600622,1.3389254
ISIC_0065655,-0.088833146,-0.25556436
ISIC_0065658,0.91386503,1.2754198
ISIC_0065668,-1.14818,4.9046164
ISIC_0065671,1.7297219,5.419061
ISIC_0065675,2.229715,3.0939264
ISIC_0065694,0.53250813,9.667886
ISIC_0065697,0.15730046,1.7335377
ISIC_0065698,0.8849311,9.157764
ISIC_0065709,0.009719658,0.47667703
ISIC_0065714,0.78059906,3.0571375
ISIC_0065727,2.48539,0.43389985
ISIC_0065740,0.07633738,2.5310016
ISIC_0065742,3.714044,1.2727351
ISIC_0065746,-0.6489148,2.497846
ISIC_0065748,-0.83592474,7.659439
ISIC_0065760,0.16503999,5.8167543
ISIC_0065767,2.0564733,5.3328905
ISIC_0065774,0.25858846,1.4589998
ISIC_0065775,1.1422054,0.89459825
ISIC_0065781,2.9719431,4.142593
ISIC_0065786,0.20840213,7.1890664
ISIC_0065788,0.95548004,4.4084606
ISIC_0065801,0.35666296,8.792421
ISIC_0065806,0.5493683,0.6603916
ISIC_0065807,0.1157217,3.0918102
ISIC_0065813,1.7796241,1.7797407
ISIC_0065823,1.0954417,2.0181231
ISIC_0065825,-0.7818568,2.6275134
ISIC_0065843,1.1890453,8.757694
ISIC_0065853,1.1732631,8.45423
ISIC_0065858,-0.2928995,0.9765527
ISIC_0065869,1.1967593,8.257689
ISIC_0065870,2.8700926,2.8021324
ISIC_0065872,-1.7912942,-0.44397643
ISIC_0065889,2.3855429,4.1985397
ISIC_0065895,-0.15671515,4.831671
ISIC_0065904,2.7192452,1.0220729
ISIC_0065918,0.37648505,1.4671184
ISIC_0065927,1.9447552,6.1352415
ISIC_0065928,-0.63543785,0.39410543
ISIC_0065932,0.3880253,3.1705525
ISIC_0065943,-0.46663627,4.6154294
ISIC_0065944,1.4339614,5.691369
ISIC_0065945,1.2245582,9.502178
ISIC_0065961,2.2442148,3.5430682
ISIC_0065969,3.78516,1.3269547
ISIC_0065974,0.41228896,0.10208479
ISIC_0065997,-1.1233021,0.9215987
ISIC_0066001,1.4284382,0.43097398
ISIC_0066019,-0.7914265,1.2032647
ISIC_0066047,0.8721183,8.927256
ISIC_0066058,0.045414533,5.843397
ISIC_0066061,-0.75027585,0.5018513
ISIC_0066066,0.9366828,9.0108795
ISIC_0066069,1.1200713,0.14734136
ISIC_0066075,1.627792,6.103402
ISIC_0066085,2.9840589,2.8096347
ISIC_0066093,0.8137685,8.534787
ISIC_0066094,0.6974287,-0.067365184
ISIC_0066098,1.8242749,6.093538
ISIC_0066101,-1.0942514,6.2573614
ISIC_0066102,-0.100005955,0.39311203
ISIC_0066106,1.688787,2.087143
ISIC_0066109,2.367647,3.1944387
ISIC_0066116,3.3041272,0.9839676
ISIC_0066124,1.0487314,5.74402
ISIC_0066127,1.271228,6.427313
ISIC_0066136,2.3168008,5.6275663
ISIC_0066143,3.3430855,3.6199
ISIC_0066146,2.3119276,1.5607599
ISIC_0066154,-0.0298159,7.254087
ISIC_0066161,0.27162406,3.36235
ISIC_0066165,1.5790927,2.925997
ISIC_0066181,1.1537275,5.7843223
ISIC_0066185,-1.2212659,0.8950335
ISIC_0066191,0.9698837,9.023309
ISIC_0066200,0.14332779,2.5117686
ISIC_0066203,0.6114995,1.654881
ISIC_0066204,3.1694493,4.6342754
ISIC_0066209,3.2964282,2.3454716
ISIC_0066217,1.7720654,0.9873087
ISIC_0066226,-1.2318203,3.91782
ISIC_0066244,2.6495523,1.4772389
ISIC_0066289,2.4980729,2.7355661
ISIC_0066307,2.4877422,4.8970604
ISIC_0066308,-0.40375543,6.1556525
ISIC_0066316,3.2452765,2.7486792
ISIC_0066320,1.6987255,6.5445547
ISIC_0066325,-0.54918927,2.20056
ISIC_0066332,0.51038015,9.334392
ISIC_0066336,0.027244233,1.7106045
ISIC_0066338,1.6644595,6.592364
ISIC_0066350,-0.7836535,0.030027792
ISIC_0066352,0.17998819,8.237484
ISIC_0066358,0.46363947,3.5641847
ISIC_0066359,0.0555118,1.7686293
ISIC_0066375,0.2045493,3.3863707
ISIC_0066376,0.47272763,0.99519855
ISIC_0066378,-0.32959652,1.6741569
ISIC_0066379,2.6148918,1.3931707
ISIC_0066382,-0.22313598,0.48886326
ISIC_0066384,1.0637993,8.495214
ISIC_0066390,1.2711645,8.959819
ISIC_0066394,0.52021325,6.050617
ISIC_0066399,-0.8498344,0.08948545
ISIC_0066401,0.19101882,1.4969935
ISIC_0066403,1.834734,6.104369
ISIC_0066412,2.4336793,4.604715
ISIC_0066422,-1.5079874,5.9472513
ISIC_0066423,2.4378023,1.8414178
ISIC_0066426,-0.9583869,0.5686272
ISIC_0066428,1.2863053,6.9341335
ISIC_0066430,0.37324688,2.317962
ISIC_0066448,2.5304928,5.955966
ISIC_0066470,3.8262787,2.6858463
ISIC_0066476,1.0973446,7.8724375
ISIC_0066481,-0.26574382,7.784545
ISIC_0066483,0.9088005,1.2706314
ISIC_0066492,2.6136448,2.5467565
ISIC_0066497,-0.8435421,0.35935283
ISIC_0066499,2.1803699,4.6037264
ISIC_0066500,-0.13743322,-0.12631056
ISIC_0066505,-1.4069968,4.1309123
ISIC_0066506,1.0991493,5.9480715
ISIC_0066515,1.6375861,3.0707712
ISIC_0066516,-1.1677566,2.314277
ISIC_0066518,3.5253873,1.1695468
ISIC_0066519,0.72386473,9.664321
ISIC_0066520,-0.5572989,2.156442
ISIC_0066532,0.4835087,2.7924361
ISIC_0066533,-0.033899512,0.050261438
ISIC_0066535,0.8466351,6.1423526
ISIC_0066560,-0.45747676,2.5773878
ISIC_0066564,0.15144482,3.1956172
ISIC_0066568,1.1906958,7.099556
ISIC_0066588,2.4227276,4.7301183
ISIC_0066589,0.94169337,9.278671
ISIC_0066593,-0.536865,4.3091497
ISIC_0066603,0.50347215,1.3639357
ISIC_0066609,0.91541094,8.54601
ISIC_0066612,3.7288303,2.3623528
ISIC_0066613,-1.148201,4.550785
ISIC_0066626,2.641845,5.5328736
ISIC_0066627,-0.7370255,1.2595288
ISIC_0066629,-0.261923,9.472454
ISIC_0066631,0.5615194,2.4383569
ISIC_0066633,0.63205194,-0.11078271
ISIC_0066637,2.1626384,3.0799136
ISIC_0066649,-0.6910502,4.3398495
ISIC_0066650,2.1410558,3.153397
ISIC_0066662,0.2127382,6.450569
ISIC_0066671,-0.024626903,1.8456986
ISIC_0066678,2.4331567,2.8265622
ISIC_0066690,-0.35375473,5.1728644
ISIC_0066693,0.99845564,6.0197935
ISIC_0066710,0.57184464,2.1910655
ISIC_0066716,-0.43830356,6.599118
ISIC_0066722,0.10747399,0.7218119
ISIC_0066733,2.2205632,2.9139662
ISIC_0066744,0.39613652,3.5009756
ISIC_0066750,1.643661,1.7639655
ISIC_0066756,-0.13079272,0.77186626
ISIC_0066766,0.84959495,3.5495198
ISIC_0066767,2.0846717,4.683334
ISIC_0066769,1.7044417,2.090304
ISIC_0066776,-1.1354953,4.430736
ISIC_0066783,1.7603261,1.0579635
ISIC_0066792,-0.80436814,2.6646845
ISIC_0066802,0.11469841,6.614553
ISIC_0066811,-0.95667785,3.4390657
ISIC_0066815,-0.25017044,6.7192416
ISIC_0066844,2.1275218,1.3358847
ISIC_0066845,0.23130904,1.1204998
ISIC_0066848,0.4784667,9.612345
ISIC_0066854,1.1268843,6.2682247
ISIC_0066855,2.3244815,2.9646568
ISIC_0066860,1.9974703,4.6103086
ISIC_0066863,-0.52453536,0.21331856
ISIC_0066865,-1.0179846,3.5793848
ISIC_0066867,-0.3600758,2.5741105
ISIC_0066869,2.0164309,2.9866087
ISIC_0066882,0.7581042,2.5248592
ISIC_0066886,1.7239166,4.1652303
ISIC_0066907,2.5873666,5.493269
ISIC_0066910,-0.03806881,7.255663
ISIC_0066918,0.9742459,4.287998
ISIC_0066921,-0.23825471,5.4753685
ISIC_0066927,-1.0426353,3.0929806
ISIC_0066931,1.3404512,3.1240075
ISIC_0066933,0.27329633,6.731686
ISIC_0066935,-0.18981795,6.886126
ISIC_0066947,0.70109355,1.826479
ISIC_0066952,-1.146369,4.1803427
ISIC_0066969,-0.6942149,0.44288254
ISIC_0066977,1.2139858,5.041552
ISIC_0066994,0.25776032,6.7001295
ISIC_0067005,-0.20673,7.504954
ISIC_0067008,1.5351604,1.2819188
ISIC_0067009,2.517699,1.8146145
ISIC_0067054,4.113348,1.2222902
ISIC_0067062,-0.28397143,9.504744
ISIC_0067069,-0.3120095,0.09692051
ISIC_0067083,3.744708,0.94585353
ISIC_0067101,1.2470516,9.004013
ISIC_0067120,3.1986706,1.9047391
ISIC_0067126,1.4732958,1.7094544
ISIC_0067129,-1.5858675,2.9233603
ISIC_0067134,0.20550844,2.2369945
ISIC_0067151,-1.1578778,0.99577975
ISIC_0067159,2.1098318,3.3079362
ISIC_0067160,1.531251,1.9365844
ISIC_0067167,-0.04743781,-0.056732006
ISIC_0067171,0.84901863,7.315071
ISIC_0067188,2.9898684,4.8383837
ISIC_0067191,1.0174832,4.2438264
ISIC_0067193,0.43819317,3.229406
ISIC_0067194,1.3264372,-0.22571583
ISIC_0067197,0.11760212,0.030500418
ISIC_0067200,0.885215,8.19667
ISIC_0067202,2.7772422,2.0320084
ISIC_0067206,-1.7630115,-0.4864286
ISIC_0067208,0.6538304,2.6982238
ISIC_0067210,2.0037227,2.4059243
ISIC_0067225,-1.8728836,6.334282
ISIC_0067233,0.0049419235,9.274356
ISIC_0067235,2.8747773,2.8870997
ISIC_0067240,1.4243664,5.4375687
ISIC_0067248,-1.3499019,2.3810616
ISIC_0067253,3.0104086,3.7188203
ISIC_0067274,0.66309696,2.755278
ISIC_0067276,0.95088,0.615822
ISIC_0067284,0.6139728,8.767848
ISIC_0067308,1.0314965,8.515516
ISIC_0067317,2.3477514,4.247577
ISIC_0067318,1.9936475,3.8400917
ISIC_0067325,-0.066898726,-0.09642355
ISIC_0067333,0.9669805,4.1170287
ISIC_0067335,1.0990869,8.627662
ISIC_0067339,1.0161747,0.8660967
ISIC_0067347,0.6783932,6.3292017
ISIC_0067350,2.1713786,2.7940042
ISIC_0067353,-0.8311672,2.625093
ISIC_0067365,-1.1060016,4.052984
ISIC_0067367,0.15560362,0.63777995
ISIC_0067375,1.208933,7.6457353
ISIC_0067395,0.48079926,1.9338759
ISIC_0067404,0.7896106,2.3364744
ISIC_0067405,1.146824,2.4648213
ISIC_0067417,0.53599185,8.329189
ISIC_0067418,1.4202064,6.617032
ISIC_0067438,-0.077996165,0.29273182
ISIC_0067443,3.6226006,2.3111806
ISIC_0067452,0.06355987,7.100353
ISIC_0067458,3.42093,3.4572577
ISIC_0067460,-1.7006679,6.149969
ISIC_0067461,1.006156,5.0116215
ISIC_0067466,-0.75179154,7.582153
ISIC_0067485,0.9714136,1.5378937
ISIC_0067488,0.8624649,2.406846
ISIC_0067489,-0.22045504,1.6980596
ISIC_0067495,0.17829719,0.13975012
ISIC_0067502,3.1651413,1.3041457
ISIC_0067504,1.2904004,2.0317066
ISIC_0067510,-1.462392,4.4760423
ISIC_0067511,2.7975872,0.71242267
ISIC_0067513,-0.34819573,2.2184944
ISIC_0067515,-1.1050706,2.818472
ISIC_0067518,0.89291066,3.0876827
ISIC_0067521,2.1938775,2.8668063
ISIC_0067534,2.240487,2.786815
ISIC_0067536,-0.4917669,1.149266
ISIC_0067543,0.95386404,4.014933
ISIC_0067549,3.1030653,3.0856013
ISIC_0067553,-0.4162751,0.091431096
ISIC_0067564,0.9507849,-0.9998841
ISIC_0067565,2.4332998,5.6604695
ISIC_0067566,0.18576941,-0.031707764
ISIC_0067576,-1.1198553,3.3715374
ISIC_0067577,2.766224,3.9157991
ISIC_0067598,2.0914683,3.1958184
ISIC_0067601,0.62142086,2.8142455
ISIC_0067602,3.203778,3.7558577
ISIC_0067619,-1.8692287,6.3162346
ISIC_0067625,1.0856405,6.496867
ISIC_0067629,0.5758826,0.024888296
ISIC_0067630,-0.72632563,7.5044217
ISIC_0067636,0.7311037,3.4684541
ISIC_0067653,0.04185048,1.1969814
ISIC_0067655,-0.7773846,1.3362412
ISIC_0067667,-0.1990476,3.0659933
ISIC_0067671,1.7728359,5.9706597
ISIC_0067685,0.32179102,2.3595746
ISIC_0067689,-0.22188303,-0.20089814
ISIC_0067695,2.537541,2.7610328
ISIC_0067696,-0.7939914,2.5760646
ISIC_0067697,2.415026,1.7697074
ISIC_0067704,2.4006984,3.4977968
ISIC_0067711,-1.1475874,1.3157506
ISIC_0067716,1.8732134,6.2148542
ISIC_0067719,-0.3839294,2.6165714
ISIC_0067722,-0.9675889,5.0737734
ISIC_0067731,0.38636228,2.3126569
ISIC_0067733,2.492155,5.8138027
ISIC_0067743,0.18061326,0.529911
ISIC_0067747,2.030114,0.90441513
ISIC_0067756,1.2342811,9.002728
ISIC_0067757,-0.93007064,0.56403947
ISIC_0067758,-0.5858962,0.06768962
ISIC_0067776,1.2665821,8.954187
ISIC_0067782,-0.458226,2.276303
ISIC_0067789,0.9118145,2.8770955
ISIC_0067798,-1.0826002,0.785952
ISIC_0067804,1.2214427,2.762172
ISIC_0067805,0.34180728,-0.39012554
ISIC_0067808,1.2659246,3.8677654
ISIC_0067816,0.051244114,7.22034
ISIC_0067821,1.6526132,1.6916608
ISIC_0067825,-0.9075202,5.103999
ISIC_0067830,0.79826975,2.5264885
ISIC_0067831,-0.15844224,7.4766436
ISIC_0067836,0.86931884,7.2398443
ISIC_0067843,-0.38657016,3.8275626
ISIC_0067845,1.8344082,4.8500376
ISIC_0067847,-0.21627289,2.576138
ISIC_0067849,2.29668,3.1200955
ISIC_0067857,2.4416595,3.9260776
ISIC_0067873,0.39052862,3.11181
ISIC_0067885,0.9440685,1.1360165
ISIC_0067889,3.1486404,0.72481775
ISIC_0067890,-0.45537993,1.0062264
ISIC_0067891,1.5831293,3.0619736
ISIC_0067893,0.8736342,2.354104
ISIC_0067896,0.611234,9.683266
ISIC_0067897,-1.1784692,0.9086165
ISIC_0067902,1.1303136,3.9255967
ISIC_0067905,2.249724,3.0937786
ISIC_0067933,1.2614695,7.069256
ISIC_0067934,1.1421746,7.793616
ISIC_0067947,-0.7529469,1.2295247
ISIC_0067949,2.4121428,1.4871937
ISIC_0067952,-0.1346225,-0.040554468
ISIC_0067953,0.76461154,2.494924
ISIC_0067960,1.8788054,4.576531
ISIC_0067969,1.7168747,0.69781035
ISIC_0067972,2.6001046,3.7874887
ISIC_0067979,1.2416056,5.4903307
ISIC_0068000,1.4531777,0.873975
ISIC_0068003,-1.3311099,7.051866
ISIC_0068011,-1.168072,1.0243793
ISIC_0068012,0.6483124,-0.6532329
ISIC_0068013,0.6155163,1.3898838
ISIC_0068015,1.6670624,1.994156
ISIC_0068023,-1.0686285,3.0775504
ISIC_0068043,0.51521003,2.4793713
ISIC_0068048,0.93180823,1.4930624
ISIC_0068055,1.031536,5.720341
ISIC_0068060,3.257307,3.816614
ISIC_0068064,-0.17021696,7.480027
ISIC_0068069,-0.332586,4.7919183
ISIC_0068073,1.2261367,8.396847
ISIC_0068080,1.2438226,9.179937
ISIC_0068107,0.03890114,5.9210577
ISIC_0068114,-1.5388969,4.093491
ISIC_0068117,1.3098301,5.581855
ISIC_0068118,2.5007994,5.4342437
ISIC_0068119,0.5456968,9.435158
ISIC_0068121,-1.3008565,3.0000873
ISIC_0068128,0.9241428,1.5476882
ISIC_0068129,1.0942962,8.324267
ISIC_0068137,3.8293598,2.2118783
ISIC_0068143,-1.2780733,2.908322
ISIC_0068152,1.5456374,2.428032
ISIC_0068153,0.0623879,5.9912143
ISIC_0068164,0.9435329,8.526934
ISIC_0068166,2.1621435,5.2196784
ISIC_0068178,0.24337757,-0.17354877
ISIC_0068188,2.9732523,4.3978534
ISIC_0068189,0.29913136,0.6936714
ISIC_0068200,0.12568146,3.2870574
ISIC_0068202,3.946668,1.8572307
ISIC_0068206,0.97270024,8.5315895
ISIC_0068209,0.7554092,0.55822927
ISIC_0068211,-1.0545856,3.3288236
ISIC_0068218,-0.2786987,0.24911106
ISIC_0068227,0.40119866,0.7906125
ISIC_0068233,1.3647873,2.964376
ISIC_0068234,-0.73018384,7.6188836
ISIC_0068239,0.5706385,2.2144136
ISIC_0068247,0.25781783,2.4008331
ISIC_0068252,0.24647734,-0.21544334
ISIC_0068273,0.86642,8.222327
ISIC_0068275,-1.2971298,3.8122292
ISIC_0068276,-0.14757448,3.1584375
ISIC_0068282,2.7270074,2.914074
ISIC_0068290,2.337158,1.6239774
ISIC_0068291,2.5996246,3.1647794
ISIC_0068294,-0.6307177,0.5159838
ISIC_0068299,-0.3983704,7.679173
ISIC_0068303,-1.3725108,4.0823445
ISIC_0068315,-0.19067204,3.081749
ISIC_0068318,2.2092009,4.2462325
ISIC_0068321,-0.54037315,0.0529062
ISIC_0068331,1.27325,8.398444
ISIC_0068343,-1.6374782,4.1519575
ISIC_0068347,-1.2623554,3.128433
ISIC_0068382,3.2998397,2.715303
ISIC_0068383,-0.10390459,2.0032756
ISIC_0068385,1.2171199,8.643806
ISIC_0068393,1.0989313,6.5128026
ISIC_0068396,0.5082475,9.664819
ISIC_0068403,-1.07876,0.8831254
ISIC_0068407,1.0881779,2.1740026
ISIC_0068411,0.6398836,2.932304
ISIC_0068427,-0.16436148,1.6757524
ISIC_0068438,-0.35525,7.6386347
ISIC_0068452,3.3625882,3.8883939
ISIC_0068460,-0.6910625,-0.30744752
ISIC_0068463,1.1677208,8.675419
ISIC_0068465,2.8125913,2.0370426
ISIC_0068468,1.8216685,3.1104994
ISIC_0068488,-0.20064755,6.8970494
ISIC_0068513,2.1685135,1.7242677
ISIC_0068524,0.60663044,9.6377
ISIC_0068527,-0.12925705,1.915655
ISIC_0068528,3.005155,1.0181036
ISIC_0068537,1.803906,4.207108
ISIC_0068555,-0.10406096,2.189225
ISIC_0068560,1.9918526,2.9748774
ISIC_0068576,-1.2862896,4.8818407
ISIC_0068578,1.9768014,4.0599284
ISIC_0068581,0.4732111,-0.063149184
ISIC_0068583,2.7848547,3.435132
ISIC_0068584,0.86949664,6.082349
ISIC_0068586,1.5556555,0.27303177
ISIC_0068609,0.4971457,6.3590336
ISIC_0068614,-0.9443284,7.385282
ISIC_0068616,0.122964755,5.953948
ISIC_0068617,-0.7301287,3.1928277
ISIC_0068627,0.3855836,9.250517
ISIC_0068628,1.364687,0.39786294
ISIC_0068629,-0.807343,7.57475
ISIC_0068633,0.96240425,8.689304
ISIC_0068638,-0.6842234,0.26620704
ISIC_0068660,0.32197508,3.1972985
ISIC_0068682,1.9571849,3.0555475
ISIC_0068700,3.1796255,2.8071873
ISIC_0068715,-0.28182584,0.84757394
ISIC_0068717,1.2437031,8.905663
ISIC_0068721,-0.36354783,-0.21285316
ISIC_0068727,0.79040354,2.2261276
ISIC_0068730,0.84545726,6.641033
ISIC_0068744,-0.58778036,0.13942371
ISIC_0068747,1.3016636,2.076165
ISIC_0068759,-0.9522708,5.092105
ISIC_0068760,-0.041180905,0.9502146
ISIC_0068761,-0.5702543,0.32772237
ISIC_0068766,-0.48405385,4.047724
ISIC_0068776,0.6453053,8.48452
ISIC_0068778,-0.08581315,2.1471872
ISIC_0068800,0.5421474,9.641839
ISIC_0068808,0.94285774,5.6962028
ISIC_0068817,-1.1447365,2.1194394
ISIC_0068818,-0.10267039,-1.8965029
ISIC_0068819,-1.1780823,2.5693202
ISIC_0068840,1.0466282,6.770036
ISIC_0068850,1.2780005,5.7255344
ISIC_0068851,-0.03863361,7.1746235
ISIC_0068874,0.91586745,2.610886
ISIC_0068881,0.4373003,8.841802
ISIC_0068882,0.040743437,-0.25038034
ISIC_0068884,-1.079819,3.2673342
ISIC_0068895,0.062476717,0.11243289
ISIC_0068897,0.6822136,1.9765325
ISIC_0068900,-0.029721614,2.1580906
ISIC_0068905,-0.7725695,2.9542346
ISIC_0068907,-0.27523208,3.0643613
ISIC_0068911,0.03306064,0.6991675
ISIC_0068917,-1.5378754,3.4108264
ISIC_0068921,1.0825639,6.485521
ISIC_0068924,-0.49134773,-0.00046342862
ISIC_0068928,0.3382172,8.771146
ISIC_0068929,3.2342956,3.7608202
ISIC_0068931,-0.06164109,7.795489
ISIC_0068936,-0.795913,7.5794945
ISIC_0068941,0.16715743,9.197011
ISIC_0068961,0.8868888,8.585378
ISIC_0068962,0.012345276,9.341768
ISIC_0068966,2.1380181,3.0836499
ISIC_0068975,-1.2055559,4.817318
ISIC_0068979,1.0306498,5.501606
ISIC_0068981,2.861559,2.95883
ISIC_0068993,3.6535623,-0.8230801
ISIC_0069003,1.8647474,4.1475263
ISIC_0069008,-1.4692543,3.9780786
ISIC_0069024,1.0103759,4.466317
ISIC_0069028,1.1516982,2.1112583
ISIC_0069029,2.8656292,0.9630867
ISIC_0069042,3.0797033,2.7663608
ISIC_0069058,0.9159142,3.300752
ISIC_0069059,1.051955,3.8898673
ISIC_0069062,0.13691735,8.162292
ISIC_0069065,-0.14946213,7.477336
ISIC_0069068,3.6545975,1.1916572
ISIC_0069070,-0.06650029,-0.38811678
ISIC_0069072,2.1556602,2.1208143
ISIC_0069076,1.7027655,1.0130526
ISIC_0069077,3.3056712,4.711729
ISIC_0069091,1.290581,8.895495
ISIC_0069093,0.38225213,3.1172998
ISIC_0069102,2.1145823,5.6472588
ISIC_0069105,2.9665585,4.319558
ISIC_0069108,2.9490213,2.374055
ISIC_0069112,-0.70179766,0.27985656
ISIC_0069119,-0.78132725,2.5978694
ISIC_0069148,0.7718555,2.525774
ISIC_0069156,0.47205278,0.5621988
ISIC_0069158,2.7000446,1.5293094
ISIC_0069165,0.7650436,3.0188117
ISIC_0069167,2.4606779,5.6642413
ISIC_0069179,0.24374075,3.2616537
ISIC_0069192,0.36589274,1.2011571
ISIC_0069197,0.12339043,0.8235724
ISIC_0069199,-0.54184026,2.8184812
ISIC_0069204,1.3103473,8.526016
ISIC_0069210,1.4376715,1.9871224
ISIC_0069230,1.1776512,3.0837388
ISIC_0069238,1.2528694,9.024025
ISIC_0069245,0.4207963,0.7999316
ISIC_0069246,-0.35062864,3.429167
ISIC_0069248,-0.877015,0.40132022
ISIC_0069257,2.5331733,3.1049306
ISIC_0069262,-0.18150479,1.6935697
ISIC_0069264,0.2957283,2.824385
ISIC_0069267,0.52148014,9.490958
ISIC_0069273,2.8802505,3.563704
ISIC_0069277,-0.79568905,2.576968
ISIC_0069292,-0.0701275,0.0015509274
ISIC_0069293,-0.25605792,2.7966015
ISIC_0069315,0.9907141,9.036473
ISIC_0069358,1.0014666,2.3756447
ISIC_0069361,1.6328516,5.9466047
ISIC_0069365,2.2233658,0.97321546
ISIC_0069369,1.4420035,6.54168
ISIC_0069380,0.8266781,0.5525969
ISIC_0069385,3.2174776,2.8762395
ISIC_0069386,1.2174735,5.675419
ISIC_0069391,1.9480493,2.8723316
ISIC_0069395,2.5237982,5.627616
ISIC_0069402,2.650404,1.9051926
ISIC_0069411,-0.38476905,2.5346446
ISIC_0069416,0.99940354,9.118811
ISIC_0069432,-0.60381603,0.450812
ISIC_0069437,1.0074698,8.477088
ISIC_0069457,-0.5553546,4.4408226
ISIC_0069459,-0.04571259,-0.26420996
ISIC_0069466,1.3428283,4.362609
ISIC_0069473,-0.85155606,4.0481935
ISIC_0069475,3.4894888,1.1852915
ISIC_0069479,0.9603819,8.410582
ISIC_0069481,2.7645805,2.6865385
ISIC_0069488,2.9108915,3.5971098
ISIC_0069504,1.8441763,6.1724663
ISIC_0069508,-0.603214,0.06817501
ISIC_0069509,0.1595253,1.1348633
ISIC_0069511,0.89969015,3.7842731
ISIC_0069514,0.8532119,9.3071165
ISIC_0069515,2.424161,4.93251
ISIC_0069536,2.3167074,1.4571785
ISIC_0069540,-0.20326313,3.0849261
ISIC_0069573,-0.7202146,-0.6829728
ISIC_0069583,-1.2226726,4.8576446
ISIC_0069591,-0.18570642,1.3918674
ISIC_0069592,-1.8753572,6.3135033
ISIC_0069595,2.2577577,2.7582662
ISIC_0069617,1.2441139,2.4784229
ISIC_0069620,-0.15048394,2.0775902
ISIC_0069622,1.0692662,6.0997357
ISIC_0069624,0.8011382,8.352792
ISIC_0069626,1.9656037,5.412914
ISIC_0069635,0.08228946,5.98434
ISIC_0069638,0.60187054,6.2196465
ISIC_0069657,2.1627398,5.987425
ISIC_0069660,3.3404155,2.6174738
ISIC_0069668,0.25732994,1.3214118
ISIC_0069669,-1.5797619,3.165085
ISIC_0069671,-0.38568807,0.53751683
ISIC_0069705,0.52841955,-0.09192092
ISIC_0069727,1.8729751,1.9789755
ISIC_0069733,0.30730224,6.388247
ISIC_0069736,0.6508486,2.7382317
ISIC_0069743,2.4134114,2.838864
ISIC_0069747,2.613795,3.6466029
ISIC_0069775,0.89596885,8.402677
ISIC_0069791,0.028463267,-1.8601242
ISIC_0069810,-0.24539827,9.470069
ISIC_0069819,-0.009228844,2.208644
ISIC_0069821,1.4137063,5.178331
ISIC_0069833,3.187154,2.8635607
ISIC_0069841,1.2029189,2.1892557
ISIC_0069851,0.683506,8.540533
ISIC_0069859,-1.3069907,4.84496
ISIC_0069860,1.2448773,7.0158343
ISIC_0069864,1.4790576,-0.1250236
ISIC_0069873,0.526694,6.134563
ISIC_0069889,0.95353115,5.6462636
ISIC_0069891,1.8145461,1.9145721
ISIC_0069908,0.94959986,-0.3877902
ISIC_0069918,0.7396328,-0.5243769
ISIC_0069920,0.22002968,9.30519
ISIC_0069922,-0.6175318,4.2732253
ISIC_0069929,-1.1346241,0.8524117
ISIC_0069946,0.21871798,6.4140506
ISIC_0069951,-0.6602049,0.76222223
ISIC_0069958,0.8882708,8.949509
ISIC_0069967,2.2318392,2.7002814
ISIC_0069970,2.1226504,0.59137976
ISIC_0069977,1.0393306,8.655399
ISIC_0069984,1.0685432,-0.22065333
ISIC_0069986,0.11616545,6.3584666
ISIC_0069988,-0.38356903,7.6093864
ISIC_0069995,1.5500891,2.945694
ISIC_0070006,-1.2088981,0.87382525
ISIC_0070012,-0.973498,4.848808
ISIC_0070017,1.3416028,6.830996
ISIC_0070018,-1.3336055,7.0482607
ISIC_0070032,0.8468601,7.167881
ISIC_0070045,2.0882366,2.3964016
ISIC_0070049,0.84106874,5.4368944
ISIC_0070050,-0.45639974,0.1717582
ISIC_0070051,0.75426036,1.6812979
ISIC_0070061,1.889751,5.3792486
ISIC_0070068,0.4143709,0.9162121
ISIC_0070089,-0.26464346,9.500979
ISIC_0070092,2.3257499,2.6450777
ISIC_0070093,3.2644026,3.7900417
ISIC_0070095,-0.10170213,7.844015
ISIC_0070105,3.328589,4.6993723
ISIC_0070107,3.1221669,3.9470804
ISIC_0070108,-0.16363777,2.0383172
ISIC_0070109,-0.14902377,7.510295
ISIC_0070110,0.41786098,3.1068807
ISIC_0070114,0.28731647,1.8514465
ISIC_0070120,-1.1169703,1.0782697
ISIC_0070123,2.5584345,5.3768415
ISIC_0070129,2.2592943,3.262558
ISIC_0070137,-0.06607701,0.09065498
ISIC_0070139,0.5375858,2.008845
ISIC_0070141,-0.1645219,7.529364
ISIC_0070149,-1.7033583,1.706839
ISIC_0070170,-1.004564,4.824954
ISIC_0070172,3.3185825,1.899865
ISIC_0070207,0.13400541,6.7583947
ISIC_0070215,-0.59044456,0.020519273
ISIC_0070217,1.5354484,0.8776718
ISIC_0070220,0.26671755,9.314419
ISIC_0070227,0.92924887,4.041147
ISIC_0070235,-0.8181817,0.1239748
ISIC_0070248,0.26826134,3.5440233
ISIC_0070250,0.5058448,2.8533757
ISIC_0070253,1.9519099,2.13559
ISIC_0070262,0.6610885,8.385411
ISIC_0070274,1.2352813,2.1210947
ISIC_0070303,-1.0495319,3.554907
ISIC_0070308,1.4695827,1.8853003
ISIC_0070313,2.367729,2.8073704
ISIC_0070316,2.118069,5.4986143
ISIC_0070327,-0.92976683,4.5348897
ISIC_0070341,0.040859208,0.08948304
ISIC_0070342,-0.17854889,1.967609
ISIC_0070344,-0.13046435,7.58644
ISIC_0070347,1.3350383,5.711774
ISIC_0070351,1.7130395,2.001156
ISIC_0070352,1.9438622,3.1071448
ISIC_0070362,0.05419213,-1.8560172
ISIC_0070363,0.6463528,2.7211313
ISIC_0070366,-0.9530041,0.36376813
ISIC_0070371,-0.12195167,6.769232
ISIC_0070374,-0.9903237,6.0872583
ISIC_0070380,0.115190916,2.1558132
ISIC_0070387,1.3767365,6.5991955
ISIC_0070396,2.037828,3.1574683
ISIC_0070400,-1.5666615,2.805706
ISIC_0070403,2.114815,2.530678
ISIC_0070414,1.4929541,3.0734642
ISIC_0070419,3.4598792,1.9614108
ISIC_0070427,-0.9437841,1.7762947
ISIC_0070431,-0.23576638,7.6569943
ISIC_0070433,1.13858,2.855886
ISIC_0070435,0.3245661,2.424556
ISIC_0070439,0.17140514,3.4293904
ISIC_0070441,-1.62499,3.550157
ISIC_0070442,1.259691,4.8642435
ISIC_0070446,2.9443374,1.356352
ISIC_0070447,0.58103496,0.013983313
ISIC_0070454,2.65471,2.3134496
ISIC_0070465,0.468119,8.9358
ISIC_0070477,0.95047766,6.462146
ISIC_0070480,2.6285877,2.7938447
ISIC_0070489,2.2468138,1.3173679
ISIC_0070501,0.49691647,9.643064
ISIC_0070517,1.283994,9.561126
ISIC_0070520,2.795333,2.8230662
ISIC_0070521,2.8686595,1.0862194
ISIC_0070549,2.9701672,4.373576
ISIC_0070551,2.134296,2.5187926
ISIC_0070553,-1.2814338,4.885068
ISIC_0070566,0.7268275,6.7941117
ISIC_0070572,1.2366554,9.49496
ISIC_0070578,0.6903312,8.251309
ISIC_0070581,0.24509622,6.343808
ISIC_0070585,3.382488,3.5614939
ISIC_0070588,0.9362497,0.055867486
ISIC_0070593,2.3903763,3.8491642
ISIC_0070595,0.90832347,5.010796
ISIC_0070596,-1.2034631,0.9638444
ISIC_0070601,3.165005,3.6418812
ISIC_0070611,0.45510703,-0.12125822
ISIC_0070614,0.66322213,-0.019920979
ISIC_0070623,-0.356418,4.0403786
ISIC_0070629,1.2253287,5.9120216
ISIC_0070653,0.35074577,6.569848
ISIC_0070657,1.2071801,8.298137
ISIC_0070658,1.00013,8.400149
ISIC_0070666,1.3877798,2.5935683
ISIC_0070689,3.0803816,2.0960028
ISIC_0070702,0.3854613,3.1230974
ISIC_0070709,-0.48649096,3.257487
ISIC_0070710,-0.7685337,1.2776293
ISIC_0070711,1.9393883,3.8829985
ISIC_0070724,1.6984391,6.298439
ISIC_0070727,1.981987,0.4756108
ISIC_0070731,0.97586435,2.3899212
ISIC_0070743,0.9303192,5.566348
ISIC_0070745,1.064338,3.066124
ISIC_0070747,0.029172111,1.1349373
ISIC_0070752,0.8205294,1.3203003
ISIC_0070756,0.6541956,0.73907095
ISIC_0070778,1.2550102,0.7757588
ISIC_0070784,0.3212972,1.536689
ISIC_0070794,2.6012619,1.8768673
ISIC_0070799,2.3769832,2.3749332
ISIC_0070801,0.19187053,-0.1891195
ISIC_0070805,3.861328,2.3089943
ISIC_0070809,1.5777705,2.1513693
ISIC_0070814,1.7477837,2.9499621
ISIC_0070815,-1.8326561,6.3684936
ISIC_0070816,1.9008262,0.43501753
ISIC_0070822,1.2151845,3.2010686
ISIC_0070837,-1.4902081,4.0661945
ISIC_0070842,1.0098156,5.7274647
ISIC_0070846,-1.5500112,2.9525545
ISIC_0070852,1.9237624,5.4585586
ISIC_0070867,1.1860483,8.694603
ISIC_0070871,0.27030224,1.480941
ISIC_0070886,2.1573486,2.8189406
ISIC_0070888,-0.08848154,3.1046302
ISIC_0070910,-0.9909286,3.2025158
ISIC_0070913,1.1562028,8.513318
ISIC_0070916,0.34327912,6.3819118
ISIC_0070920,0.034255624,5.884497
ISIC_0070927,0.14899024,5.837538
ISIC_0070938,-0.5534051,0.10114264
ISIC_0070940,-0.31771198,1.7823123
ISIC_0070959,1.0209123,9.150054
ISIC_0070961,3.1103356,0.8271393
ISIC_0070973,3.307511,4.7567787
ISIC_0070974,1.1173768,9.016354
ISIC_0070976,2.131011,4.6392474
ISIC_0070984,-1.5510398,2.5887158
ISIC_0070990,-0.39255765,-0.4787355
ISIC_0070992,2.2616138,2.5897567
ISIC_0070998,2.9583502,0.44451585
ISIC_0071006,0.71913445,5.5184317
ISIC_0071012,0.54643816,2.6988482
ISIC_0071017,3.568249,2.4639714
ISIC_0071035,-0.6642778,0.22901258
ISIC_0071043,0.8871216,5.3586807
ISIC_0071045,0.4934207,2.5153053
ISIC_0071047,0.009745663,-0.034365963
ISIC_0071048,-0.12693256,2.1471603
ISIC_0071067,2.4587398,4.9175587
ISIC_0071069,-0.0734914,1.6328627
ISIC_0071074,-0.2533386,1.7207768
ISIC_0071089,0.14400071,0.33343688
ISIC_0071095,-0.5298646,0.5294642
ISIC_0071101,-1.6454136,4.15346
ISIC_0071109,-1.8447782,6.330754
ISIC_0071111,2.103045,1.767521
ISIC_0071119,1.7587124,2.151092
ISIC_0071122,0.503952,1.2450275
ISIC_0071124,2.1575797,2.571755
ISIC_0071132,0.5569933,1.6777759
ISIC_0071133,2.533027,2.893266
ISIC_0071134,-0.27611107,2.4214396
ISIC_0071137,0.85229623,3.9728484
ISIC_0071138,0.63136667,8.761618
ISIC_0071142,1.0833393,9.080161
ISIC_0071169,-0.39058995,6.124351
ISIC_0071176,1.9934958,4.6824512
ISIC_0071178,1.263309,5.7653046
ISIC_0071180,-0.5601939,2.3663342
ISIC_0071196,0.0036267797,9.349202
ISIC_0071208,-0.41435227,0.24429514
ISIC_0071215,0.13529369,-1.7682937
ISIC_0071218,1.223623,7.232467
ISIC_0071238,-0.22449782,9.465554
ISIC_0071240,2.1563432,2.9271183
ISIC_0071245,2.3355758,5.9532914
ISIC_0071253,0.92683554,5.480631
ISIC_0071257,3.3869889,1.1098142
ISIC_0071258,1.4256536,6.798341
ISIC_0071260,3.342826,3.8848445
ISIC_0071271,2.5251873,2.6712513
ISIC_0071289,0.17893335,1.2804728
ISIC_0071290,0.6126573,6.1791644
ISIC_0071303,0.6888501,2.400896
ISIC_0071311,0.19607107,8.203189
ISIC_0071315,1.2363065,8.9884615
ISIC_0071335,-1.120383,4.209407
ISIC_0071342,0.6527354,2.7570083
ISIC_0071346,0.91215706,8.220883
ISIC_0071357,-0.44672415,3.116679
ISIC_0071361,-0.5459845,2.6346016
ISIC_0071388,0.1736588,3.0315413
ISIC_0071392,1.0647347,6.4220357
ISIC_0071395,1.189852,7.043404
ISIC_0071401,-0.90230685,0.28848296
ISIC_0071404,1.2448418,1.3060138
ISIC_0071420,-0.1283473,7.432844
ISIC_0071430,3.3462014,1.393349
ISIC_0071431,0.6401499,5.897581
ISIC_0071443,1.5985074,2.872906
ISIC_0071458,1.6535488,2.427826
ISIC_0071470,1.6324484,6.54183
ISIC_0071476,1.0329576,6.3829255
ISIC_0071478,1.8218601,2.1739876
ISIC_0071528,1.4749179,0.5339188
ISIC_0071534,1.4116975,4.152661
ISIC_0071550,1.0285606,8.955419
ISIC_0071558,2.2955828,1.7805676
ISIC_0071559,2.2391357,2.5971003
ISIC_0071563,-1.6693814,3.511313
ISIC_0071568,0.8960995,2.4375796
ISIC_0071576,-0.102096565,-0.11431034
ISIC_0071579,1.5791229,2.9088347
ISIC_0071580,-0.713156,0.09412317
ISIC_0071583,0.025785914,7.1529937
ISIC_0071584,1.5336151,1.0924628
ISIC_0071586,2.6626098,5.0593743
ISIC_0071592,0.9058439,3.152958
ISIC_0071594,0.5711872,2.5514734
ISIC_0071596,3.0871494,2.9787548
ISIC_0071600,3.4289572,1.987724
ISIC_0071628,-0.95112795,3.984482
ISIC_0071632,2.2654269,4.7690215
ISIC_0071648,-0.08005631,6.723301
ISIC_0071651,0.6588496,8.2529335
ISIC_0071663,0.2640037,1.6875995
ISIC_0071666,2.9798167,3.4983068
ISIC_0071668,2.0712469,2.8622801
ISIC_0071673,-1.5824335,2.8178232
ISIC_0071678,-0.6225329,0.0030911635
ISIC_0071702,2.5461495,0.50316423
ISIC_0071707,-0.02824061,7.1478353
ISIC_0071713,-1.8454021,6.289637
ISIC_0071717,-0.25049546,1.0369459
ISIC_0071720,-1.6130296,4.2064333
ISIC_0071725,-0.1967565,1.2471141
ISIC_0071726,-0.39288437,-0.19224991
ISIC_0071740,-0.40907258,0.24021019
ISIC_0071765,-1.3759599,7.0030966
ISIC_0071766,-0.011307561,5.5445466
ISIC_0071767,-1.0678737,2.2285001
ISIC_0071774,0.16057718,1.4824799
ISIC_0071776,1.22938,7.2298098
ISIC_0071778,0.85936224,3.006545
ISIC_0071782,0.14409734,9.252202
ISIC_0071783,0.43627688,2.124027
ISIC_0071784,0.75708765,9.212709
ISIC_0071788,1.7271358,2.4792478
ISIC_0071797,-1.9173005,4.330146
ISIC_0071800,0.32837945,2.1223774
ISIC_0071806,2.4099414,1.7432566
ISIC_0071808,1.1498839,8.564153
ISIC_0071815,0.8910339,8.676643
ISIC_0071834,1.4520508,0.8571115
ISIC_0071857,0.72915745,9.07995
ISIC_0071865,1.1921389,8.334328
ISIC_0071869,2.4800823,1.6696095
ISIC_0071875,-1.0749354,6.1777196
ISIC_0071891,-0.6399333,2.9015186
ISIC_0071892,-0.09092901,1.5018682
ISIC_0071901,-0.09397228,0.9529556
ISIC_0071904,3.5593896,2.7310333
ISIC_0071906,1.4619474,0.94998384
ISIC_0071916,0.83296597,-0.107320465
ISIC_0071926,2.088477,4.708054
ISIC_0071931,0.9202571,2.3801925
ISIC_0071936,3.3645585,3.8893702
ISIC_0071939,3.3829513,3.90421
ISIC_0071944,-0.16173078,-0.004523261
ISIC_0071950,-0.10991418,1.3466448
ISIC_0071951,-0.08231195,2.9665477
ISIC_0071957,1.6928208,6.561888
ISIC_0071970,1.679124,2.9745626
ISIC_0071972,1.7639135,3.116093
ISIC_0071992,0.45108035,9.627586
ISIC_0071996,1.4506124,6.393331
ISIC_0071997,1.3192822,9.00595
ISIC_0072001,2.7538335,3.120438
ISIC_0072002,-0.7816397,7.487129
ISIC_0072003,1.28845,4.8208046
ISIC_0072004,-1.2584798,4.879656
ISIC_0072006,0.9872149,3.013441
ISIC_0072010,0.2549621,6.360504
ISIC_0072021,0.5544277,9.526985
ISIC_0072030,-0.55890566,-0.03950193
ISIC_0072032,0.36310402,1.0398291
ISIC_0072041,0.49996555,8.695786
ISIC_0072051,-0.23379774,-0.23829539
ISIC_0072061,-0.7001115,0.30889302
ISIC_0072063,0.1094689,1.937549
ISIC_0072065,3.0629327,2.9449093
ISIC_0072069,-0.7522443,2.7471986
ISIC_0072077,2.4388936,4.7365856
ISIC_0072078,0.81145674,2.147458
ISIC_0072087,-0.9178226,4.3713703
ISIC_0072090,-0.17971168,1.5847837
ISIC_0072099,0.0858175,8.531323
ISIC_0072101,1.1356535,3.4261549
ISIC_0072103,0.53344256,0.9069417
ISIC_0072109,-1.3354746,7.070819
ISIC_0072111,-1.1322649,4.9605193
ISIC_0072121,-0.09883233,1.7191231
ISIC_0072122,1.1365839,8.501769
ISIC_0072126,1.6911497,2.9920974
ISIC_0072142,1.1787275,7.1126933
ISIC_0072151,1.9435756,3.0353894
ISIC_0072154,1.7775999,4.9798627
ISIC_0072156,0.024494555,2.1668847
ISIC_0072157,2.7615743,3.9088063
ISIC_0072166,-0.27742055,9.495938
ISIC_0072173,0.3100287,1.9338467
ISIC_0072174,0.23345788,1.9352617
ISIC_0072178,0.012315654,4.648858
ISIC_0072182,0.027972704,2.34455
ISIC_0072188,2.057766,4.7131104
ISIC_0072195,3.0529606,3.7046568
ISIC_0072198,0.9797148,5.60665
ISIC_0072215,-0.5503172,-0.27943313
ISIC_0072218,0.70161486,5.439602
ISIC_0072223,-0.3617769,0.23624726
ISIC_0072226,3.2232082,3.7729948
ISIC_0072230,2.713062,5.3746376
ISIC_0072241,0.5661066,9.489179
ISIC_0072242,1.1931536,6.506073
ISIC_0072252,-1.4172169,4.6328754
ISIC_0072268,-1.3040357,3.8283772
ISIC_0072271,2.8942664,2.9717176
ISIC_0072279,0.9231463,8.532445
ISIC_0072280,2.9298124,3.3046818
ISIC_0072286,0.39464086,2.0247386
ISIC_0072287,0.90285665,8.122446
ISIC_0072294,3.6616094,2.3721924
ISIC_0072297,1.6401626,4.1879735
ISIC_0072299,2.3274026,4.738682
ISIC_0072301,2.655065,1.0486339
ISIC_0072315,-0.20856245,2.600361
ISIC_0072330,0.9986147,1.2235627
ISIC_0072339,0.9000127,8.479806
ISIC_0072344,0.24976946,6.587304
ISIC_0072348,2.2637162,1.7260687
ISIC_0072353,-1.1990783,2.3684154
ISIC_0072354,2.3542438,3.7502205
ISIC_0072358,1.2187768,8.996934
ISIC_0072360,-0.472843,6.5622654
ISIC_0072363,-1.606812,2.9792056
ISIC_0072369,0.049161863,3.0794559
ISIC_0072371,3.2997086,3.7011235
ISIC_0072374,3.4632192,0.8423161
ISIC_0072375,3.0561745,2.7534082
ISIC_0072377,1.700605,2.0829737
ISIC_0072380,0.021960936,1.6745166
ISIC_0072396,3.329966,4.716192
ISIC_0072401,-0.11802418,6.9940677
ISIC_0072405,-0.64080584,0.5534161
ISIC_0072411,1.2847662,9.051736
ISIC_0072415,-0.5734502,0.14415914
ISIC_0072422,1.2483789,0.5114363
ISIC_0072429,1.6446921,6.4546714
ISIC_0072437,0.19176993,0.072504796
ISIC_0072439,0.6852543,0.74825174
ISIC_0072440,3.7300527,-0.8222049
ISIC_0072441,1.1906284,2.1102552
ISIC_0072473,2.4951787,5.7749925
ISIC_0072482,1.0903437,9.127447
ISIC_0072494,0.846758,8.885298
ISIC_0072495,0.45896423,9.674798
ISIC_0072507,0.8793568,2.4657578
ISIC_0072508,3.0455515,4.610836
ISIC_0072516,-1.0096967,4.5933576
ISIC_0072522,0.54684013,8.45409
ISIC_0072523,0.21335512,0.0054102307
ISIC_0072531,-0.48118648,3.9336593
ISIC_0072534,0.09329012,8.551627
ISIC_0072535,1.7541268,0.9663919
ISIC_0072538,0.5318847,-0.06092449
ISIC_0072557,3.490838,1.1529158
ISIC_0072559,1.0702082,-0.3213524
ISIC_0072565,-0.49114347,2.7506258
ISIC_0072568,0.48868877,9.451519
ISIC_0072569,-0.64990664,0.092049494
ISIC_0072574,1.0764978,6.1607494
ISIC_0072585,1.708891,6.5545754
ISIC_0072586,1.3953998,6.8952756
ISIC_0072594,0.8871926,8.916231
ISIC_0072595,-1.2403905,4.820023
ISIC_0072612,-0.75426567,7.602892
ISIC_0072619,1.0991689,8.450468
ISIC_0072624,2.7135043,1.3417419
ISIC_0072626,1.17217,8.9681015
ISIC_0072631,1.5354165,2.9372158
ISIC_0072641,-0.4914417,-0.24575996
ISIC_0072642,3.0284991,4.519395
ISIC_0072653,-0.9437609,-0.16838376
ISIC_0072689,1.2729429,9.552414
ISIC_0072691,1.1150235,6.646407
ISIC_0072694,3.4570274,1.2146238
ISIC_0072705,0.6338532,2.8040583
ISIC_0072713,-0.12315872,1.7565114
ISIC_0072714,-0.59431857,4.3657155
ISIC_0072730,1.4324251,0.94713974
ISIC_0072733,-0.002983552,3.1020575
ISIC_0072738,0.69282824,-0.11259358
ISIC_0072743,0.9409269,3.475149
ISIC_0072747,-1.0966808,4.504286
ISIC_0072748,0.87955874,1.8977002
ISIC_0072753,0.69297355,6.9725842
ISIC_0072755,0.83005315,3.9121134
ISIC_0072758,0.98736465,5.8423066
ISIC_0072763,1.2841598,9.549552
ISIC_0072768,1.646095,5.963997
ISIC_0072773,2.059347,3.1207192
ISIC_0072780,0.65892833,0.26431715
ISIC_0072783,-1.0801468,4.8319087
ISIC_0072785,1.20814,9.450864
ISIC_0072793,2.123016,4.6517267
ISIC_0072799,0.56184846,9.612408
ISIC_0072820,0.5534234,9.610821
ISIC_0072824,-0.18818289,2.485609
ISIC_0072827,1.46519,1.7982491
ISIC_0072828,1.2142313,7.223373
ISIC_0072843,1.1169305,2.6601965
ISIC_0072844,0.8433627,8.610308
ISIC_0072845,0.04386175,6.3889875
ISIC_0072862,-0.13790484,7.5227666
ISIC_0072865,1.8429232,2.5103328
ISIC_0072872,0.7740007,6.137884
ISIC_0072876,2.155114,5.183185
ISIC_0072887,1.6204102,5.7010994
ISIC_0072889,-1.1779833,3.637757
ISIC_0072896,2.5441425,6.659848
ISIC_0072909,-1.4998609,1.2377723
ISIC_0072917,2.6501243,0.27405298
ISIC_0072923,-0.6050806,4.349472
ISIC_0072924,0.9136205,3.427125
ISIC_0072930,0.67587763,0.5373482
ISIC_0072939,-0.13582927,1.614962
ISIC_0072961,-0.5001992,1.7162731
ISIC_0072966,0.2287455,8.7772255
ISIC_0072968,0.18719882,0.81047195
ISIC_0072976,0.3981322,0.20756148
ISIC_0072977,-0.68336,2.8384302
ISIC_0072983,0.77970284,2.2094727
ISIC_0072985,3.579418,2.443376
ISIC_0072990,0.6935416,2.888168
ISIC_0072991,3.5600243,1.0855888
ISIC_0073007,1.4272629,-8.59979e-05
ISIC_0073016,-1.2315632,3.0697978
ISIC_0073018,-0.22900178,3.8431911
ISIC_0073038,0.9697517,9.190538
ISIC_0073044,3.0102398,3.6956635
ISIC_0073054,0.93011546,0.57199436
ISIC_0073065,2.2012622,4.7321925
ISIC_0073075,0.5327636,8.486211
ISIC_0073078,1.2224982,8.961698
ISIC_0073089,0.33402923,6.510064
ISIC_0073102,3.7370596,0.9604764
ISIC_0073119,2.6673975,3.3647747
ISIC_0073124,0.45955038,3.2388327
ISIC_0073127,-0.92951006,0.58095664
ISIC_0073134,1.161783,8.983275
ISIC_0073136,1.4799925,0.7791264
ISIC_0073143,2.5175886,5.9348884
ISIC_0073147,3.383429,3.5398836
ISIC_0073156,0.5188977,9.615642
ISIC_0073173,0.0118096685,5.97353
ISIC_0073190,0.8284151,8.408803
ISIC_0073191,0.90928036,4.3054795
ISIC_0073194,1.5310016,6.0671945
ISIC_0073203,0.8340631,1.9362049
ISIC_0073204,1.0022159,5.9919453
ISIC_0073218,1.6559613,4.432227
ISIC_0073227,1.6240208,5.3314366
ISIC_0073231,1.1781157,7.8155046
ISIC_0073237,0.8809413,2.1419554
ISIC_0073238,1.9433044,0.977681
ISIC_0073241,-1.3230381,7.0128293
ISIC_0073249,-0.760993,2.5747223
ISIC_3733653,3.8628886,-3.7353046
ISIC_8886139,-0.8569745,-8.127337
ISIC_9367522,-0.49026293,2.1784573
ISIC_4676270,4.3654227,-3.047967
ISIC_7546219,3.9286146,-2.8142548
ISIC_2883463,-1.1908381,-8.64371
ISIC_3203344,4.5290546,-0.92368144
ISIC_9585329,-1.0570346,-9.053616
ISIC_3963183,-1.0736281,-9.135966
ISIC_9828846,2.7086904,0.54783416
ISIC_3338629,-1.6380711,3.9224584
ISIC_3025889,-0.8216628,-8.540761
ISIC_7320371,3.2743905,-2.8897316
ISIC_1177153,-0.66367686,-9.215839
ISIC_5086349,3.9296834,-3.8167527
ISIC_6809586,3.8676028,1.8270916
ISIC_0681019,4.5079846,-1.0046132
ISIC_5272223,4.100515,-2.9494135
ISIC_8872158,4.504736,-3.5608532
ISIC_9353360,-0.8946847,-9.139934
ISIC_1116483,3.9332995,-3.8395016
ISIC_5343231,4.426714,-3.3756254
ISIC_1729223,3.7078197,-1.636376
ISIC_5797062,3.259578,-2.8609145
ISIC_3408231,3.8267398,-3.787665
ISIC_8379956,3.978137,-3.728855
ISIC_9900191,4.3819447,-2.693944
ISIC_7973598,-1.2637188,-8.602468
ISIC_0481105,4.4389195,-0.979158
ISIC_6096565,4.4025884,-3.3257744
ISIC_9677503,3.8393152,1.7604591
ISIC_6786198,4.243102,-2.7948544
ISIC_2750230,3.8409367,1.7375331
ISIC_7636412,4.4260325,-2.705524
ISIC_3335904,4.4495945,-2.5612035
ISIC_5224960,-0.98696464,-9.169014
ISIC_5426249,4.3193874,-2.6048243
ISIC_5795436,3.6500285,-2.76537
ISIC_4975524,3.9588158,-3.6436317
ISIC_2839742,3.8098707,-2.8210669
ISIC_6814727,4.3181896,-3.3718348
ISIC_9957368,4.116763,-3.813838
ISIC_9978107,-0.8057851,-8.053445
ISIC_1210011,3.5744514,-2.9584498
ISIC_1589997,4.175379,-3.628608
ISIC_4508878,3.1883836,-2.8719535
ISIC_6961503,3.403562,-2.78141
ISIC_4009870,-1.33561,-8.949572
ISIC_0645454,4.5643935,-3.3904212
ISIC_5747942,4.2760153,-2.8973699
ISIC_3561065,-1.2487614,-8.570826
ISIC_1177505,4.2269936,-3.4748914
ISIC_0457344,4.304025,0.791319
ISIC_7130929,4.4542923,-2.7964864
ISIC_7577395,4.5262127,-0.86887795
ISIC_1975042,3.9119015,1.7560228
ISIC_7410175,4.1569724,-2.8010483
ISIC_2979268,4.4365997,0.9919348
ISIC_0844312,-1.232225,-8.803636
ISIC_6300866,0.75419986,-0.18895158
ISIC_7457700,3.3016148,-2.895274
ISIC_5172576,3.246735,-2.8672936
ISIC_8990534,-1.2696031,-9.047443
ISIC_8692218,4.010902,-2.8876505
ISIC_3941123,3.5628562,-3.5894597
ISIC_7960321,4.4189754,-2.4841657
ISIC_8554769,3.311712,-2.923936
ISIC_8566006,4.305076,-2.6681137
ISIC_7693611,3.9037187,-3.0433788
ISIC_7724762,4.247784,-3.6046786
ISIC_7183212,4.407949,-2.6067114
ISIC_4916704,3.8533142,-3.768109
ISIC_8106899,4.598412,-3.4975717
ISIC_7503950,2.1390147,0.3066285
ISIC_4170698,3.4932551,1.9175663
ISIC_3993924,4.3804326,-3.4310367
ISIC_1255336,-0.9813355,-9.189664
ISIC_7353870,3.5828443,-2.9077528
ISIC_7327423,-1.0030466,-8.318795
ISIC_5719436,-1.3115524,-8.890736
ISIC_8882374,4.502487,-0.9127929
ISIC_4223155,4.470705,-3.0246356
ISIC_3996796,4.1657386,-2.1128387
ISIC_0639769,-0.93901485,-8.989133
ISIC_6450034,3.3006694,-2.8236117
ISIC_1948545,3.3714747,1.7585812
ISIC_9268487,-0.86779845,-8.2018
ISIC_4000481,4.0747943,-2.864536
ISIC_2535541,3.6210182,-3.60727
ISIC_9544832,3.3694084,-2.8410137
ISIC_5388184,4.0487647,-3.7768974
ISIC_5084113,3.7326627,-3.6746664
ISIC_4229473,4.5039444,-3.5749974
ISIC_2447578,4.231547,-2.6830618
ISIC_8008539,3.353262,-2.8834915
ISIC_6688417,4.4598565,-2.6233575
ISIC_9677559,4.6073656,-3.5778713
ISIC_0287325,4.5863376,-3.5732982
ISIC_8344285,4.132567,-2.9327834
ISIC_8943817,3.840045,-2.8184938
ISIC_2341309,4.478675,-0.8383774
ISIC_1460169,3.4036489,-2.6116993
ISIC_9006649,3.8237026,1.7742385
ISIC_3510420,4.5161624,-3.5893743
ISIC_2098553,4.154282,-2.9675977
ISIC_4359352,3.5651135,-3.569446
ISIC_4282399,4.2429943,-2.999236
ISIC_8839128,3.4802985,1.8376892
ISIC_3481499,4.2832623,-3.4987285
ISIC_9770677,4.2314625,-2.4177494
ISIC_2153686,-0.9583169,-9.220968
ISIC_5267208,-0.64255446,-9.178941
ISIC_1956504,-1.0973291,-8.826015
ISIC_6220625,-0.85753,-9.19752
ISIC_1157032,-1.2489483,-8.826573
ISIC_1605629,-0.6980591,-8.928928
ISIC_8672524,-1.1385974,-8.934296
ISIC_4597293,-0.8548727,-8.17068
ISIC_1484659,4.3115296,-2.5794923
ISIC_5425721,-0.8356642,-8.704863
ISIC_0502582,3.31177,-2.8926225
ISIC_6851408,3.7975528,-3.7697573
ISIC_0247330,3.3575668,-0.9502546
ISIC_5369000,-0.788449,-8.589129
ISIC_3944634,4.5099463,-0.87286997
ISIC_8527092,3.7291949,-2.6155202
ISIC_3265514,-1.1497368,-9.13693
ISIC_7080469,4.44698,-3.0789368
ISIC_6398669,4.2211094,-2.5761688
ISIC_2101624,4.1442933,-2.902105
ISIC_8951909,4.3535805,-2.4115143
ISIC_9729042,-0.9058966,-9.24287
ISIC_2072219,-0.9840969,-9.083898
ISIC_4619789,3.9959626,-3.7785814
ISIC_6348638,-1.1373541,-8.410572
ISIC_7748311,-0.9238427,-8.964531
ISIC_2823287,-0.8531415,-8.675355
ISIC_6541615,3.2848341,-2.8416696
ISIC_5247560,-0.9139195,-8.286855
ISIC_3343475,3.505813,-3.2030282
ISIC_8677053,4.382151,-2.581461
ISIC_4936662,4.3409247,-3.1058657
ISIC_8194835,4.4520364,-1.2406204
ISIC_4730066,4.3792925,-2.0145605
ISIC_2967024,3.3524225,-2.9160438
ISIC_4525317,3.5167756,1.9106256
ISIC_7785723,-1.3153026,-8.871652
ISIC_7181296,3.2571266,-2.912763
ISIC_7658729,4.367698,-2.678383
ISIC_0333091,-1.2401803,-8.882039
ISIC_6496370,4.6335897,-3.4977703
ISIC_1241817,3.6349359,-3.6171186
ISIC_2176112,-1.5803536,3.810037
ISIC_8615491,3.7131622,-3.7370288
ISIC_2822718,4.394051,-3.1494608
ISIC_2560699,4.234793,-3.5961626
ISIC_5352496,4.5433407,-0.94778126
ISIC_9048507,4.4199066,-3.014191
ISIC_7261174,-1.115925,-8.355225
ISIC_2685593,4.4470034,-3.6201437
ISIC_0961235,4.4915237,1.9672627
ISIC_7075474,4.393938,1.8837482
ISIC_0924427,-1.8074474,3.8863893
ISIC_3880022,3.1775796,-2.8977776
ISIC_9863642,-1.6766587,5.6882806
ISIC_8417873,3.8956406,-2.8795462
ISIC_8325226,-0.94031274,-9.173203
ISIC_5415761,3.2051144,-2.882586
ISIC_8497457,4.578598,-3.521168
ISIC_6811237,4.514729,-0.87094426
ISIC_5605645,3.960725,-3.5581057
ISIC_8859274,4.1074343,-3.663461
ISIC_0250839,-1.0521363,-8.444344
ISIC_7939816,-0.9628876,-8.682244
ISIC_7662910,3.6912956,-3.3971732
ISIC_6190621,3.7056847,1.7812251
ISIC_0588352,-1.1573894,-8.976484
ISIC_2841788,4.4802055,-3.5425782
ISIC_7101732,-1.3556377,-8.995396
ISIC_9910791,4.1262794,-2.887101
ISIC_4493482,3.7592158,-2.8458402
ISIC_9509757,4.0562534,-2.805048
ISIC_9053910,4.189676,-2.5689545
ISIC_2077116,4.3334236,-2.8288486
ISIC_1132496,3.2352827,-2.8948684
ISIC_4120174,4.1395206,-2.771611
ISIC_1009042,4.495264,-0.9517765
ISIC_3207651,3.2966306,-2.9310791
ISIC_2342769,-0.95491236,-8.839134
ISIC_3023646,-0.97933465,-8.879906
ISIC_0862745,3.9380023,-3.159425
ISIC_9556334,3.8035746,-2.8765306
ISIC_7079349,3.8323066,-2.9770951
ISIC_8002875,-1.4814836,5.744794
ISIC_6767569,-1.6823795,3.8012516
ISIC_4118006,4.303341,-2.7518418
ISIC_0911264,4.294337,-1.5682117
ISIC_8157654,3.9776194,-3.6331406
ISIC_6561111,3.9931684,-2.9709978
ISIC_4980656,3.9693322,-3.2254379
ISIC_7489564,3.6565146,-2.7580166
ISIC_1620401,4.295115,-3.251245
ISIC_0232101,-1.102298,-9.227812
ISIC_2668481,4.1998878,-3.6840773
ISIC_3253484,3.9790094,-3.713912
ISIC_6248008,4.2260237,-2.254631
ISIC_6784593,4.2189145,-0.91356766
ISIC_8281208,-0.92528623,-9.163893
ISIC_6927840,4.1945486,-2.5293705
ISIC_6496251,4.29255,-2.4908984
ISIC_8985109,4.2996545,1.717368
ISIC_3803651,4.4977565,0.50296444
ISIC_6056121,4.2123065,-2.6866825
ISIC_6228963,4.1356363,-3.6107697
ISIC_5581931,1.181827,-2.6997685
ISIC_7927525,4.46118,-3.1010818
ISIC_4653503,4.447223,-3.0079672
ISIC_4874581,2.243328,2.1674414
ISIC_2844539,4.3578744,-2.096846
ISIC_2071966,4.517402,-0.58866554
ISIC_1564663,3.8247547,1.8506002
ISIC_3450017,4.313118,-1.3910637
ISIC_0188432,4.48087,-3.5640948
ISIC_7936755,3.8390934,-2.7137928
ISIC_4408559,4.4250274,-1.1026458
ISIC_1037315,4.442902,-3.3298888
ISIC_5495413,4.3336496,-1.0407913
ISIC_0178428,4.4230866,-2.5019984
ISIC_2230091,-0.9531572,-9.114529
ISIC_2076526,4.459053,-1.0778692
ISIC_7346228,-1.8056774,4.1276536
ISIC_1630301,-1.0281512,-8.362318
ISIC_6255113,-1.008227,-8.7859335
ISIC_9821002,-0.73091185,-7.9629536
ISIC_6736963,4.531552,-1.0801884
ISIC_1068686,3.8743699,-3.3443162
ISIC_5867911,1.1720916,-1.5006831
ISIC_8381531,4.1417837,-2.8455398
ISIC_0599605,3.254056,-2.9459727
ISIC_0953317,3.283864,-2.9362235
ISIC_7100755,4.398032,-3.2821717
ISIC_5315062,4.115656,-2.8419006
ISIC_2609984,-1.1973602,-9.224558
ISIC_6398283,3.934364,-3.6101308
ISIC_1071355,4.037684,-2.8254457
ISIC_0533122,4.148803,-3.6290598
ISIC_2437633,4.2230077,-3.3702981
ISIC_2797353,-1.1019006,-9.283964
ISIC_4842587,4.0493765,-3.7404735
ISIC_7573463,3.1995897,-2.8832362
ISIC_5288393,1.567562,-1.6825306
ISIC_0585534,3.7579072,-3.74627
ISIC_8609756,-1.0191253,-9.150856
ISIC_5140952,-1.2088709,-8.7284775
ISIC_2105563,-1.1061817,-8.955228
ISIC_6625102,4.4188786,-2.6597066
ISIC_0337631,-1.2079945,-9.277584
ISIC_2766590,4.472083,-2.633175
ISIC_8372206,-0.7773876,-8.371243
ISIC_8632904,3.9685373,-3.2381463
ISIC_7949783,4.3968964,-1.8254629
ISIC_2979177,3.3548944,-2.881778
ISIC_6159600,4.2114787,-3.409373
ISIC_7064511,3.292048,-2.959296
ISIC_4961146,4.3137813,-3.1694481
ISIC_7889097,4.091557,-2.8160036
ISIC_5664695,4.171347,-2.8795319
ISIC_1124434,4.1212583,-3.7385075
ISIC_9980216,3.9784057,-2.7765422
ISIC_7070020,5.3530793,0.15274128
ISIC_6110888,0.23564851,-0.5363502
ISIC_8621568,5.0754504,0.6771481
ISIC_2033237,5.3364615,0.1681619
ISIC_5673518,4.921562,0.8724627
ISIC_6251753,5.067957,0.66296947
ISIC_9963177,5.184931,0.23046476
ISIC_2700320,4.9718533,0.7107809
ISIC_3084312,1.2456809,1.7960594
ISIC_6516710,5.00385,0.7731918
ISIC_6526489,4.8879676,0.6283451
ISIC_3965087,5.1562533,0.49380708
ISIC_6931277,4.0583024,0.8240728
ISIC_5505677,5.328108,0.18390575
ISIC_7536704,4.633676,0.9820264
ISIC_1569119,5.3363543,0.07586379
ISIC_8866651,5.3446116,0.16498123
ISIC_2528358,5.182037,0.32307664
ISIC_5129659,2.8530197,-0.07616924
ISIC_6125652,5.36312,0.09515652
ISIC_1356715,4.6819825,1.3632307
ISIC_0274382,5.1739283,0.470779
ISIC_4346693,2.6020684,1.2013351
ISIC_2720971,4.933624,0.8856233
ISIC_8702237,5.1217875,0.3017623
ISIC_6713432,4.982584,0.6166545
ISIC_2320481,5.338321,0.1632334
ISIC_1330008,4.7222695,0.30071175
ISIC_9785077,5.0411873,0.8146073
ISIC_3936223,1.6386516,1.8991485
ISIC_2377844,4.670268,1.3824437
ISIC_7371801,5.358443,0.15314393
ISIC_2883756,5.278289,0.27897114
ISIC_6512653,5.0799274,0.56877
ISIC_4469476,4.9712424,0.7636255
ISIC_7904829,5.2732177,0.26154596
ISIC_8564474,5.227631,0.30234826
ISIC_0833889,5.0469084,0.31023714
ISIC_2779036,5.234597,0.39867565
ISIC_6509682,4.967144,0.8027396
ISIC_0273046,5.1625423,0.42611375
ISIC_6966001,4.6774845,0.86995864
ISIC_1398333,4.9146576,0.63705313
ISIC_3969411,5.387343,0.10598558
ISIC_2481044,4.9751353,0.7634247
ISIC_3778192,5.192952,0.39261672
ISIC_1822797,4.8979254,0.968939
ISIC_8283552,5.0678897,0.25050792
ISIC_9000824,5.2929378,0.24724187
ISIC_9193127,4.96129,0.8747755
ISIC_9478088,0.36772218,-0.644287
ISIC_0149568,3.5436265,-0.83083916
ISIC_2607827,3.8464038,1.8970644
ISIC_9022005,3.5703194,-0.79892623
ISIC_9967383,3.8242445,1.9079145
ISIC_6539127,3.7053843,-0.6730744
ISIC_8355446,3.6549096,-0.3745436
ISIC_0207268,3.6974914,-0.39385307
ISIC_7545731,3.7833326,1.975677
ISIC_2561898,3.163079,-2.8664014
ISIC_6584579,3.5252993,-0.80102193
ISIC_6352565,3.514751,-0.8120828
ISIC_4439054,-1.5803938,1.3138531
ISIC_5565758,3.8054335,-0.3869883
ISIC_0703440,4.1826215,0.18323797
ISIC_2987613,-0.4092732,3.5845459
ISIC_0467617,3.7177231,-0.54471403
ISIC_7763042,4.363586,0.2696417
ISIC_7062201,-2.0086157,4.895781
ISIC_1449628,-1.0772685,5.937733
ISIC_6381819,-1.3720729,6.812706
ISIC_4810227,2.4373217,3.9254584
ISIC_9752088,2.4675548,0.19441386
ISIC_9456779,2.4037828,4.0147123
ISIC_0606244,0.6071895,-0.6652804
ISIC_9114248,5.0943036,0.753762
ISIC_0873174,4.6318564,0.66823214
ISIC_9345094,4.6840982,1.0657965
ISIC_2318474,2.467619,4.2016397
ISIC_2438481,-0.95439494,4.998436
ISIC_1440160,-0.89791864,4.924768
ISIC_4938994,2.1431918,-1.2425319
ISIC_3433909,0.44979617,-2.0089862
ISIC_5732201,2.4680204,-1.4725904
ISIC_7010755,0.67239875,-1.3418325
ISIC_9101762,1.116938,-0.9778057
ISIC_9312164,2.3170066,-0.8086982
ISIC_5847821,3.543072,-0.0028528783
ISIC_7293518,3.1303053,1.4042438
ISIC_8059429,15.501111,1.6558938
ISIC_4378189,0.40175822,-1.1659847
ISIC_1684127,3.0833123,1.6404481
ISIC_0969723,3.4727483,-0.41383475
ISIC_7372719,0.56361705,-1.362298
ISIC_6024335,15.358265,1.5089399
ISIC_5642824,0.475609,-1.3970715
ISIC_8231999,0.42750326,-1.6385245
ISIC_4967564,-0.9004899,-1.9185611
ISIC_1560324,-0.8082712,-1.892372
ISIC_6925729,0.6921404,-1.3500484
ISIC_5527224,0.5792522,-2.267529
ISIC_5258657,0.73884666,-1.5562239
ISIC_1959939,0.544792,-2.0577064
ISIC_6982386,2.6235077,-1.2131001
ISIC_9052500,0.51189953,-1.3992137
ISIC_4266533,3.5441048,-0.24814714
ISIC_4163686,2.9694223,-0.9295652
ISIC_5260050,0.3440677,-2.176842
ISIC_2900150,15.44622,1.5977725
ISIC_5533992,0.29736733,-0.79655915
ISIC_3570575,2.9868631,1.3709544
ISIC_0559335,3.4005585,-0.51836413
ISIC_7074321,1.1172816,-0.4413892
ISIC_3576876,0.34824902,-1.4094383
ISIC_0952472,-0.53393507,0.16816783
ISIC_2565206,-0.88218564,-1.9533541
ISIC_9593940,15.493128,1.6462493
ISIC_6971606,3.7432663,0.34058103
ISIC_2351999,0.18523186,-1.3002298
ISIC_5137933,0.5240982,4.595186
ISIC_8641097,0.35842177,-1.4043717
ISIC_1616031,3.7420342,0.036843587
ISIC_1698942,1.0199656,-1.9411649
ISIC_8011058,3.6568983,-0.28894904
ISIC_2272218,3.6690629,-0.069900386
ISIC_2412113,1.8578743,-1.382135
ISIC_0470699,0.3639706,-1.3321328
ISIC_3915890,0.29856387,-1.3908558
ISIC_4377208,2.4256413,-1.1275301
ISIC_1388552,15.489265,1.6431386
ISIC_2824922,2.9471376,1.4133093
ISIC_7520843,-0.9034292,-1.9473107
ISIC_1881133,4.247844,1.5970823
ISIC_8230318,0.23987204,-1.3634018
ISIC_5216586,0.72771513,-1.2424936
ISIC_2937642,15.473992,1.626267
ISIC_7626256,15.444682,1.5975275
ISIC_0272509,3.0930789,-0.86359096
ISIC_1654342,0.6350052,-1.4199408
ISIC_3738751,0.5337016,-1.3833165
ISIC_5044571,-0.90525085,-1.8993931
ISIC_6313487,0.6385471,-1.3865155
ISIC_3464344,1.7877831,-2.04019
ISIC_0528044,15.379828,1.530912
ISIC_2646829,0.29476923,-1.3541161
ISIC_8789051,0.69638747,-2.0432758
ISIC_2170268,15.348031,1.502774
ISIC_8249854,-0.631552,-1.7185904
ISIC_5539423,3.6886363,-0.69413704
ISIC_1110583,15.437262,1.5884004
ISIC_7205745,3.8972404,0.4130527
ISIC_6581411,0.4352974,-1.3993313
ISIC_0602633,-0.66775185,3.8984945
ISIC_9998682,0.5305102,-2.0146558
ISIC_3391427,3.5430658,-0.15356766
ISIC_9183084,0.46798635,-1.3765678
ISIC_8238755,3.6760998,-0.34758592
ISIC_4258047,2.8916516,1.3068496
ISIC_2200197,-0.87781435,-1.929238
ISIC_3301933,3.799757,-0.20468831
ISIC_7010159,1.2066137,-1.9128448
ISIC_7872595,15.401508,1.5522777
ISIC_7940557,15.375638,1.525994
ISIC_3435596,0.71676886,-1.3662269
ISIC_4968384,0.3147813,-1.3979291
ISIC_8009536,-0.5431174,-0.064749576
ISIC_9429943,3.5792685,-0.19644487
ISIC_8437493,0.29593813,-0.79273266
ISIC_3517311,-0.33223727,-1.1643912
ISIC_0662000,0.97490674,-0.0853402
ISIC_9199429,0.28602618,-2.089199
ISIC_5581297,3.6230514,-0.07147542
ISIC_2975580,0.6525508,-1.3140115
ISIC_6634951,2.0040417,-0.9471734
ISIC_4960784,15.403382,1.5540556
ISIC_4851366,0.6173011,-1.2517152
ISIC_2268341,0.06116158,-1.4704311
ISIC_1566428,0.3991537,-1.3826392
ISIC_4810142,1.8047941,-1.0597744
ISIC_1785627,3.676675,-0.21368097
ISIC_3016243,0.24970855,-1.3709677
ISIC_3817719,0.44645205,-2.0937824
ISIC_2974214,2.6456082,-1.0928828
ISIC_0456176,0.43857846,-1.4366887
ISIC_9038318,0.34113982,-1.1081841
ISIC_8470330,0.59417564,-1.421307
ISIC_9571842,0.39036795,-1.5056647
ISIC_2226191,2.8916907,1.3050833
ISIC_1752943,2.4474258,-1.5640212
ISIC_3436033,1.7680837,-2.2029266
ISIC_0286360,0.70812666,-1.1660655
ISIC_5667461,3.2334478,-0.6941371
ISIC_7253401,2.33813,-1.0683136
ISIC_7800750,2.135248,-1.2629285
ISIC_8167374,3.5852692,-0.12484349
ISIC_0504165,3.5162387,-0.2022338
ISIC_3065032,4.2503815,1.5911727
ISIC_2776906,15.4016485,1.5532594
ISIC_7265673,-0.8872485,-1.9353244
ISIC_7312977,1.613661,-0.5180777
ISIC_4425322,2.8951316,4.2306414
ISIC_1427578,0.4222438,-1.6742557
ISIC_9685931,3.5967038,-0.35690978
ISIC_2153401,3.6597526,-0.22140916
ISIC_2434588,0.38349518,-1.3744789
ISIC_8145348,1.9505255,-1.831582
ISIC_9210255,3.6645133,0.2618122
ISIC_2577849,3.9375978,0.36826968
ISIC_0779920,15.369408,1.519883
ISIC_6945634,15.422975,1.5738605
ISIC_5922588,0.8228618,2.4129853
ISIC_8263489,1.281782,-1.7872034
ISIC_4427247,-1.0664593,1.3283509
ISIC_6059520,2.9515111,1.3597982
ISIC_8737794,-0.5415052,-1.6494381
ISIC_1694285,3.6094635,-0.24652612
ISIC_8124900,3.5311134,-0.18994293
ISIC_3976496,15.425539,1.5768745
ISIC_9596721,0.55230844,-1.4399952
ISIC_4404772,1.1686774,-1.2047787
ISIC_1670692,-0.018331394,-0.2547899
ISIC_4905375,-0.61428493,-1.8343093
ISIC_6307097,3.5813484,-0.2883494
ISIC_7202197,0.3871219,-1.4073639
ISIC_8006211,15.391769,1.5423784
ISIC_1627619,0.2991422,-1.3622837
ISIC_7195248,-0.6800607,-1.7351834
ISIC_6278273,1.1709925,-0.90356714
ISIC_2637608,15.487948,1.640639
ISIC_0280912,2.7188182,-1.0201025
ISIC_7035246,0.8888555,1.2252018
ISIC_3475660,2.3743765,-1.1636183
ISIC_5585090,2.560689,-1.3535919
ISIC_0220438,2.0358198,-1.850458
ISIC_6392461,2.38545,-1.6075968
ISIC_2757355,0.49248934,-1.3962042
ISIC_1870415,3.1253166,1.2519165
ISIC_2697083,-0.5225783,-1.1209465
ISIC_0351666,1.4379315,-0.46386075
ISIC_6285925,3.2974386,1.4707975
ISIC_7614221,4.4492054,1.0830656
ISIC_2871230,3.3304646,-0.0026492255
ISIC_3399306,3.035962,1.1967645
ISIC_9164054,15.379537,1.5298873
ISIC_6555290,2.3071632,-1.0429091
ISIC_6089318,15.397196,1.5477111
ISIC_4425657,1.3123413,-0.96603465
ISIC_1023256,0.33713165,-1.3817062
ISIC_8397285,1.3266115,-1.130584
ISIC_3979826,3.0977504,1.6806135
ISIC_5776649,-0.9142598,-1.8930682
ISIC_2255411,5.246816,0.43092608
ISIC_2364150,3.567116,-2.682205
ISIC_1473522,5.0667315,0.69191855
ISIC_8207974,2.9388883,-0.23426935
ISIC_2525084,4.9727817,0.7683411
ISIC_6549364,4.165776,1.6074005
ISIC_6692344,4.910217,0.7774332
ISIC_3985031,5.154293,0.59094495
ISIC_0624498,3.8365164,0.73652965
ISIC_3244067,4.2658596,1.677242
ISIC_9001948,4.925944,0.598775
ISIC_8732757,4.996145,0.7206433
ISIC_1728564,1.2889912,-0.54875875
ISIC_2232442,2.8386066,-0.1774324
ISIC_0981639,4.921025,0.9948656
ISIC_6620377,3.0688598,-0.2131797
ISIC_1247683,3.2163944,0.067323685
ISIC_5046082,5.1308346,0.5983108
ISIC_5037784,5.2712474,0.35990927
ISIC_0744013,3.5301332,1.4567543
ISIC_9930189,4.8831286,0.87831384
ISIC_7961365,4.498295,1.5454893
ISIC_0489267,3.4229708,1.9473109
ISIC_9626843,3.1001713,-0.18314213
ISIC_7075768,5.215847,0.39810294
ISIC_7612992,2.9542866,-0.105200775
ISIC_2243107,4.7642107,1.2899029
ISIC_0647224,2.9423065,-0.048156347
ISIC_8485716,2.7772233,-0.42206904
ISIC_7914631,5.0601416,0.5241601
ISIC_5021861,3.2224324,-0.003932228
ISIC_7788318,0.85452145,3.2271771
ISIC_7680948,3.776706,0.5234214
ISIC_4590186,2.7863445,-0.5194573
ISIC_5167209,4.4021926,1.6328652
ISIC_5774484,5.2324576,0.36267313
ISIC_9754098,2.7507672,-0.5597225
ISIC_7460887,1.9664001,-0.49167922
ISIC_5747486,2.8631809,-0.3057046
ISIC_3440759,5.2700577,0.30558002
ISIC_5868291,0.48624796,-0.702653
ISIC_2126660,1.4396664,2.244497
ISIC_1231419,5.016763,0.8123619
ISIC_5829938,5.2064347,0.31443328
ISIC_7490240,4.7029757,1.4306875
ISIC_9583969,5.156469,0.4299802
ISIC_4230049,-1.4754325,-0.83057135
ISIC_6785680,5.0125594,0.51517653
ISIC_5147292,4.6540933,1.3437233
ISIC_6671773,2.393131,-0.642187
ISIC_7960869,4.7668595,1.2626384
ISIC_4982046,2.9458177,1.7162297
ISIC_5191344,3.1715388,-0.053159848
ISIC_1866770,5.17256,0.27093133
ISIC_3824206,2.9933708,-0.03862815
ISIC_4301916,4.972817,0.75877535
ISIC_4967586,4.888961,1.0209823
ISIC_1460932,4.710205,0.42463323
ISIC_7466678,4.9359307,0.7876158
ISIC_6841294,5.075981,0.77311486
ISIC_3469595,4.7673254,1.3273019
ISIC_2406492,2.9065897,-0.41461968
ISIC_3241636,5.2355256,0.43556517
ISIC_0914168,5.1665807,0.27126488
ISIC_0294150,2.8634949,-0.32454565
ISIC_1968421,4.9730024,0.78717047
ISIC_1486861,4.873505,0.81372654
ISIC_7218890,4.940728,0.8554179
ISIC_9000234,4.942089,0.77775687
ISIC_7098141,4.7865405,0.97239
ISIC_1706912,3.236794,1.7590767
ISIC_1412843,2.9586074,-0.434101
ISIC_9235283,5.229973,0.36707568
ISIC_5576354,5.2271934,0.31697527
ISIC_9286292,5.0488787,0.34565574
ISIC_2957732,4.970693,0.60903955
ISIC_4276255,5.124652,0.64987993
ISIC_5983500,5.1522026,0.41349375
ISIC_6535558,3.0486698,0.04804462
ISIC_0572205,4.753968,1.2356311
ISIC_0915404,4.7839427,1.2055737
ISIC_3412012,5.2508698,0.40383977
ISIC_7948290,4.5658665,1.3592101
ISIC_3883863,5.1858883,0.5435918
ISIC_4362713,4.156827,0.7105223
ISIC_5391758,2.7981224,-0.51796377
ISIC_5994923,1.7170585,2.8694713
ISIC_8617277,5.3063483,0.30215478
ISIC_8892236,2.9444354,-0.21707453
ISIC_6714082,2.7820766,-0.5150986
ISIC_7287303,5.184139,0.6157211
ISIC_8252406,-1.2439024,4.8114815
ISIC_2141237,5.2746325,0.22034292
ISIC_6695831,-1.2826514,0.19865434
ISIC_3909039,5.0037,0.84618735
ISIC_3895426,2.53702,3.6714606
ISIC_5434661,5.178759,0.43154976
ISIC_8724944,2.0909517,0.59073067
ISIC_7897925,4.834131,1.1484022
ISIC_3696488,1.4658532,2.180228
ISIC_1733178,4.747847,1.2355758
ISIC_3590167,4.5227275,1.46049
ISIC_8040024,4.6568613,1.2894005
ISIC_9941666,3.298688,1.833875
ISIC_3286186,2.8351138,0.0782812
ISIC_9547725,3.3111742,0.09409182
ISIC_5045600,4.7981453,0.82818246
ISIC_9676644,4.728868,1.2533528
ISIC_7844825,5.2101064,0.46168956
ISIC_6124481,4.6445713,1.402485
ISIC_7190243,4.7597146,0.8284772
ISIC_0327406,4.764755,1.273382
ISIC_2135474,2.7758405,-0.028498301
ISIC_5602826,-1.1890783,2.0371208
ISIC_3775417,3.0949526,-0.123870276
ISIC_8545949,0.34779593,1.6274915
ISIC_3642019,5.2533503,0.41509682
ISIC_7816675,4.809954,1.0026423
ISIC_0369831,-0.41895086,2.2859366
ISIC_3068885,1.5471272,2.1484065
ISIC_7880400,2.032344,-0.41274673
ISIC_3666967,2.4420297,3.8989236
ISIC_3159924,5.2615657,0.35270777
ISIC_4398011,3.268897,-1.3267338
ISIC_8838753,2.9870017,-0.3521285
ISIC_8027899,2.4195673,-0.2767887
ISIC_2837581,-0.70700544,4.254785
ISIC_5044438,4.6224465,1.3200485
ISIC_8493108,5.093443,0.46752018
ISIC_3446357,4.8227973,1.0746623
ISIC_9130157,2.8723834,-0.5265054
ISIC_6269166,0.5244098,-0.63035136
ISIC_0946787,4.743871,1.399284
ISIC_6904082,3.2761848,0.17328063
ISIC_1269448,5.1168227,0.549545
ISIC_8922893,4.6982036,1.3403318
ISIC_4619903,3.0142834,-0.18014349
ISIC_1330381,2.8510776,-0.54839003
ISIC_2724529,3.034839,-0.21141787
ISIC_8758404,4.7962484,1.3342708
ISIC_3028754,5.1765575,0.5238604
ISIC_8066110,4.846817,0.41573447
ISIC_9870885,4.6377816,1.3670411
ISIC_2916754,4.3118434,-2.5800786
ISIC_7349440,4.4023113,-3.3331552
ISIC_0186998,4.3740745,-3.1774993
ISIC_8821742,4.1101007,-2.828424
ISIC_6875745,4.0988736,-3.0859911
ISIC_6299036,4.508902,-3.5266058
ISIC_8436194,4.4320803,-3.3655448
ISIC_3094758,4.2452793,-3.649086
ISIC_3045939,4.080691,1.2508839
ISIC_4967361,4.0374804,-3.0257418
ISIC_8624049,4.44527,-2.3699682
ISIC_0353247,4.318884,-3.5055413
ISIC_2310935,4.2818594,-3.525711
ISIC_1558504,4.2972407,-3.0479672
ISIC_6366417,4.3576694,-2.6785853
ISIC_7462953,0.1896546,2.8140905
ISIC_3389695,4.5090046,-3.1124148
ISIC_0501108,-1.795534,3.9568837
ISIC_8708106,4.1499667,-3.6075494
ISIC_4347535,4.115794,-2.977293
ISIC_5620802,4.466749,-3.1387405
ISIC_4985027,4.2888713,-3.4825213
ISIC_9130035,3.997023,-3.7026274
ISIC_2757370,4.6072683,-3.572925
ISIC_1040820,3.61405,-3.6076057
ISIC_2144690,3.9524946,-3.6820016
ISIC_4633843,4.0891037,-2.8094442
ISIC_5015551,3.496535,-3.49375
ISIC_3750329,3.886478,-3.6779811
ISIC_5350216,4.528614,-1.0911733
ISIC_8806986,3.5024152,1.8589171
ISIC_5367118,4.2370806,-3.6240642
ISIC_5091996,4.442005,-2.9354703
ISIC_0429825,4.2841063,-3.4994857
ISIC_5449076,4.546868,-3.5653756
ISIC_6066292,3.3134856,-2.8595157
ISIC_8087949,3.924267,-3.7742255
ISIC_7899041,-0.52622443,3.902254
ISIC_9210086,-1.9211495,4.4221854
ISIC_2108849,-1.8952311,4.372485
ISIC_7453676,3.8419154,-2.9837153
ISIC_4813568,4.0745754,-3.5761545
ISIC_5762714,4.0053034,-3.8439598
ISIC_9254641,4.295171,-2.687328
ISIC_3281565,3.9448435,-3.7823713
ISIC_4177450,3.9623494,-3.7147794
ISIC_2128061,3.632188,2.5811708
ISIC_0855174,3.186085,-2.869764
ISIC_7898880,3.8254857,-3.7576323
ISIC_7110531,4.085856,-3.0406926
ISIC_0962121,3.6520898,-2.9741535
ISIC_7235128,4.2252097,-2.9749405
ISIC_2243756,3.9255679,-3.6425915
ISIC_1601532,1.3379555,-1.9129533
ISIC_1939413,3.199353,-2.8486927
ISIC_1343302,4.1909285,-3.3857882
ISIC_3666865,3.4635906,-2.9756463
ISIC_3331737,4.031097,-3.7208366
ISIC_1372928,4.606441,-3.512489
ISIC_1818238,3.1984494,-2.9698193
ISIC_9335652,4.2857866,-3.5818725
ISIC_2884038,4.0086956,-2.8972852
ISIC_5010212,3.9218159,1.7783227
ISIC_4207959,-0.60967684,4.3889303
ISIC_6184891,3.9146512,-3.8276877
ISIC_1685962,3.2153976,-2.8542879
ISIC_3690890,4.3364296,-3.392286
ISIC_4780727,3.9108052,-3.6371515
ISIC_5534730,3.9984982,-3.8149087
ISIC_6278558,4.3332796,-2.817087
ISIC_3147084,4.129588,-2.7115993
ISIC_5415749,4.1322074,-2.8814933
ISIC_7942881,4.264531,-3.6366913
ISIC_6646939,4.5008593,-1.0215755
ISIC_2818959,4.4603286,-3.4150543
ISIC_1338061,4.495088,-3.5952566
ISIC_5330187,3.2853346,-2.9224534
ISIC_2198823,4.4871683,-3.3021827
ISIC_4212546,4.494153,-3.5271184
ISIC_8138363,4.2200956,1.7073685
ISIC_8344345,4.246215,-3.4530542
ISIC_4781223,3.7502856,-3.4210212
ISIC_2957465,4.389611,-2.6184168
ISIC_9219356,4.358148,-2.7666252
ISIC_2850215,4.5925217,-3.601415
ISIC_3763984,4.4291754,-3.292962
ISIC_7839712,4.546473,-0.95692515
ISIC_0245720,4.0895615,-2.8832428
ISIC_3842916,4.4251027,-3.4647474
ISIC_8509219,3.9863112,-3.2399871
ISIC_3478473,3.8683057,-3.2405138
ISIC_2433965,4.27779,-3.4067256
ISIC_4464389,4.113132,-3.686235
ISIC_4699695,4.1650505,-2.9522948
ISIC_5864088,2.753277,0.56148535
ISIC_4510530,4.37976,-3.530013
ISIC_0990298,3.6749108,-3.3545122
ISIC_1605945,4.3843985,-3.546778
ISIC_9780632,4.3268538,-2.630051
ISIC_4953281,4.4956675,-3.3185725
ISIC_8073555,4.01888,-3.7517862
ISIC_4750271,4.4473677,-3.285563
ISIC_2185005,4.5006585,-3.2674594
ISIC_3174039,4.281522,-3.5313876
ISIC_0903411,3.8853877,-3.79134
ISIC_5820693,3.5672603,1.8599886
ISIC_1099075,4.5421457,-3.6193247
ISIC_9315775,-0.4469237,0.06371594
ISIC_2465799,1.9655713,0.6664495
ISIC_2814689,2.9390414,1.4203614
ISIC_5608178,1.8244962,-0.48512796
ISIC_6410859,4.4044,-3.6443403
ISIC_2513018,3.643644,-3.6055913
ISIC_5647607,-1.8986858,4.080221
ISIC_6004197,3.1689997,-2.8380575
ISIC_1694817,3.6521454,1.9446387
ISIC_8710108,3.8709402,-3.8493018
ISIC_1578878,3.8285666,-3.800312
ISIC_2867416,3.3349962,-2.876227
ISIC_1166740,4.1243634,-3.645092
ISIC_8961478,4.4792852,-3.1184084
ISIC_4691689,4.494263,-3.361362
ISIC_9517555,-1.5874068,3.1612182
ISIC_1699688,3.2671113,-2.9459066
ISIC_9786863,4.481281,-0.17051837
ISIC_7254359,4.3395634,-2.5780652
ISIC_0375034,4.4370217,-3.3363366
ISIC_8733345,4.377017,-3.1914277
ISIC_8671119,4.107754,-3.7964346
ISIC_2663597,3.8092844,-3.690559
ISIC_2448897,3.5687861,-3.5699453
ISIC_3740014,2.8487995,1.5056089
ISIC_8907509,3.5619397,-3.5910373
ISIC_5296963,4.447082,-3.242074
ISIC_5791954,4.4865966,-3.027959
ISIC_0346815,4.5287457,-3.541308
ISIC_0292899,4.5276213,-3.3755963
ISIC_7412327,4.341388,-3.596738
ISIC_5744196,4.443599,-3.0238528
ISIC_8708918,4.379156,-2.6049235
ISIC_3077674,4.4577107,-3.6519232
ISIC_6135643,3.7178116,-3.6891234
ISIC_9159477,3.9202347,-3.6638536
ISIC_8071637,4.414204,-3.3640184
ISIC_2003991,4.5017953,-3.4484308
ISIC_1814941,4.5322747,-3.5298927
ISIC_6427430,4.2768826,-3.1145422
ISIC_6959281,3.1909788,-2.8825428
ISIC_2757332,4.4378114,-3.3112414
ISIC_8308321,4.5896654,-3.593392
ISIC_1254469,4.5754156,-3.284352
ISIC_8856365,4.5683856,-3.6364963
ISIC_6556373,3.9406202,-3.535337
ISIC_8172822,3.999078,-3.8099585
ISIC_6620748,4.2999268,-3.3078833
ISIC_4223497,4.465074,-3.5313668
ISIC_8191057,4.663055,-3.6240673
ISIC_1693572,4.244668,-3.7193732
ISIC_2427899,3.693806,-3.5649257
ISIC_8907232,3.9463181,-3.8082867
ISIC_3162213,3.0616589,-2.613093
ISIC_0648545,4.1087356,-3.6966991
ISIC_0705477,4.3305564,-2.4357603
ISIC_6674797,3.9697917,-3.623573
ISIC_6099563,3.335894,-2.9015722
ISIC_2717192,4.326471,-3.5227158
ISIC_6369740,3.6135867,-3.0969224
ISIC_4615762,4.4217834,-2.561098
ISIC_8278458,3.9513376,-3.8244267
ISIC_2149878,4.449822,-2.6121633
ISIC_0080539,4.296447,-3.2907882
ISIC_2010889,4.544296,-3.3365557
ISIC_4097868,4.59738,-3.5685446
ISIC_0261253,4.481657,-3.5866492
ISIC_7747712,4.518143,-3.565326
ISIC_7399648,3.3564954,-2.8920245
ISIC_8256480,4.45254,-3.083822
ISIC_5156491,4.236714,-3.658972
ISIC_1850674,3.4758832,-2.8861637
ISIC_0202119,4.5500283,-3.2627344
ISIC_9572761,3.2272305,-2.9170632
ISIC_3323866,3.312266,-2.8180182
ISIC_1776777,4.472904,-3.644249
ISIC_0984817,3.7523694,-3.7891052
ISIC_1423737,4.5832577,-3.6148202
ISIC_9881460,4.5975323,-3.6135256
ISIC_7092052,3.8355758,-3.7957938
ISIC_6668093,4.2147985,-3.570872
ISIC_6119202,4.595305,-3.4323814
ISIC_7097931,4.0821614,-3.7602
ISIC_9274936,3.9366145,-3.8340092
ISIC_7809510,3.6362875,-3.512899
ISIC_9859873,4.605323,-3.563644
ISIC_7755096,4.420683,-2.818887
ISIC_3056854,3.6050062,-3.5982635
ISIC_9214649,4.02768,-3.848314
ISIC_6892286,4.485772,-3.2039406
ISIC_5646747,-0.30626252,4.471934
ISIC_8021816,-1.908077,4.845607
ISIC_5363974,-0.056508318,4.227241
ISIC_1908890,-0.08996342,4.3496313
ISIC_5771780,0.12132929,-0.39412585
ISIC_3719985,-0.3078536,5.5987773
ISIC_2594715,4.2324758,1.0889665
ISIC_9908866,4.230717,1.035044
ISIC_8172964,0.42897582,1.1324153
ISIC_9495622,-0.922072,5.95669
ISIC_6892280,-0.8679806,6.0001335
ISIC_6471282,2.0775912,3.0889668
ISIC_1635231,4.216334,0.99698305
ISIC_2339761,1.8133286,4.801102
ISIC_6707573,1.8252134,5.0125566
ISIC_5669463,-0.59979594,6.279726
ISIC_6912369,0.27683312,5.2353516
ISIC_3143079,-1.1254013,3.741165
ISIC_2068188,-1.5329634,5.600224
ISIC_7952870,4.2110615,1.0623592
ISIC_7683106,4.031709,0.9705488
ISIC_5286801,3.364517,-1.2904665
ISIC_7599710,1.0133891,7.8124146
ISIC_2966808,-0.3223589,3.75083
ISIC_1778959,1.3991655,0.651061
ISIC_1930795,4.255369,1.0041564
ISIC_4048896,2.1215985,3.225492
ISIC_9144329,0.57309866,6.5789833
ISIC_0750046,0.98224163,6.6440196
ISIC_2801005,3.5309176,1.1799146
ISIC_1297252,0.5159055,8.487385
ISIC_9337100,-0.7349229,2.5359764
ISIC_3192152,0.70753056,7.0117965
ISIC_4867646,2.5187082,4.7059655
ISIC_1077735,-0.2698964,4.8502946
ISIC_9951988,1.036846,6.3437424
ISIC_9187524,0.097327866,5.2957897
ISIC_8851514,-1.5275486,5.434974
ISIC_7376452,-1.2437258,2.7248046
ISIC_6090497,-1.5254906,5.4903765
ISIC_8671596,3.5278537,0.8253416
ISIC_6034442,3.728524,0.88171154
ISIC_0599463,0.47966334,4.495578
ISIC_5988562,0.5605888,6.6938076
ISIC_4957310,0.71631145,4.247315
ISIC_1753011,2.5095916,5.9044323
ISIC_9585033,-1.6776133,5.5188165
ISIC_1701883,-1.462619,5.6390276
ISIC_4092287,-1.1488698,5.8079653
ISIC_3796317,-1.2214024,5.794484
ISIC_8077139,-1.8513135,5.65232
ISIC_9907020,-1.7273747,5.5915785
ISIC_8400587,0.31753385,4.6754327
ISIC_1935227,0.41699612,4.5766864
ISIC_0542765,-0.7750855,5.6895137
ISIC_3030394,2.1220045,3.5176098
ISIC_7666432,-0.47470042,3.4967673
ISIC_7660163,0.28257903,4.657699
ISIC_8473293,0.7750847,4.9321165
ISIC_4572891,-0.042161696,4.8271656
ISIC_3033701,3.052944,3.1174164
ISIC_6126704,1.7138073,6.087511
ISIC_9876533,3.1064851,-2.7439978
ISIC_8792684,4.2584753,1.1133418
ISIC_2421565,0.6134616,6.8327904
ISIC_8902296,4.2254868,1.0377972
ISIC_5841971,2.4456782,3.5198405
ISIC_1813577,-0.8969961,2.92681
ISIC_1810807,1.2382053,2.8970509
ISIC_2367098,2.5998304,2.885893
ISIC_6563304,2.2040741,5.056537
ISIC_2505335,2.5301933,1.3920138
ISIC_3235131,1.9123151,1.0649923
ISIC_2153041,0.7775743,6.860022
ISIC_0202238,2.4197257,2.803512
ISIC_0638700,1.2064651,1.7570533
ISIC_7824315,0.13187414,4.746163
ISIC_5086721,0.892405,2.4766226
ISIC_7993345,0.3290782,2.7853885
ISIC_3110126,0.37841925,4.517473
ISIC_1301476,1.374156,2.8157086
ISIC_1047011,0.39256176,1.8501121
ISIC_4212047,0.44376782,4.4171624
ISIC_0168716,0.5488098,4.4888873
ISIC_3598192,0.292769,1.2323912
ISIC_0789191,3.0418873,3.2060869
ISIC_0255566,4.1671286,-2.5133018
ISIC_2079571,3.4345014,0.5642485
ISIC_2857128,2.4576633,1.1061376
ISIC_7338502,4.184279,-2.45902
ISIC_2574924,3.6174772,2.1013868
ISIC_3891136,3.9284613,1.6511526
ISIC_7239902,4.0015907,1.1246119
ISIC_3176105,-1.629675,5.368331
ISIC_2362051,0.32427618,1.9350107
ISIC_0799972,0.28387973,1.862366
ISIC_3491406,0.030617531,1.6722299
ISIC_8157239,0.32766423,1.8861625
ISIC_1000616,3.8818831,1.5537362
ISIC_5612133,2.6456811,5.1798854
ISIC_7085235,2.6385336,3.3260589
ISIC_1791643,0.702259,4.467188
ISIC_0959325,2.7155724,2.4070318
ISIC_5024302,-0.6746853,4.3736787
ISIC_4719387,2.1615493,4.929576
ISIC_7465137,3.2652328,3.761141
ISIC_2070728,2.554153,3.541087
ISIC_1642069,4.1513996,-2.8711371
ISIC_5481480,-0.6356774,2.6892014
ISIC_4407852,0.05212725,4.8864355
ISIC_1816965,0.0056790537,4.7966704
ISIC_2277714,4.176758,1.055479
ISIC_3381026,-1.6595353,5.5567045
ISIC_5610304,-1.7634345,5.5120087
ISIC_5033005,-0.520122,5.6658187
ISIC_2211948,2.7823029,3.1141999
ISIC_2212637,-1.5993426,5.5215335
ISIC_5704967,-1.714959,5.428982
ISIC_5862918,2.2119665,4.864422
ISIC_1262790,1.7754971,4.842904
ISIC_7541596,1.098376,0.7617832
ISIC_7373164,1.1254734,0.5911333
ISIC_8786983,2.9204223,1.5656406
ISIC_1452632,3.3684244,3.7187526
ISIC_2368449,3.8097298,-3.7074528
ISIC_9677008,4.279757,0.75895375
ISIC_6586433,15.413483,1.5642804
ISIC_9320992,15.375867,1.526263
ISIC_9176427,3.243461,2.277228
ISIC_7338073,15.456198,1.6082813
ISIC_1203272,15.4641695,1.6158425
ISIC_8253057,15.482436,1.6352433
ISIC_6578433,15.502853,1.6635836
ISIC_8173252,15.477772,1.632708
ISIC_5711232,15.464584,1.6159264
ISIC_6099785,15.390711,1.5414068
ISIC_8647315,3.452112,1.4989336
ISIC_7146293,15.472311,1.6304439
ISIC_7321503,3.0318007,1.7285273
ISIC_0587728,2.5660794,-1.6953591
ISIC_0274411,2.322184,-1.6232438
ISIC_5095180,15.483,1.6370436
ISIC_0616448,15.420845,1.57395
ISIC_5306850,15.401631,1.5519923
ISIC_3689252,15.488774,1.6440821
ISIC_8027280,2.7482975,-1.7673789
ISIC_9092169,15.385138,1.5357271
ISIC_9942350,3.3292556,1.5318562
ISIC_3275875,15.470417,1.6231587
ISIC_8348262,15.497953,1.6518967
ISIC_3736336,15.4712925,1.6227465
ISIC_2190396,2.739314,-1.7446976
ISIC_4547332,15.393425,1.5439377
ISIC_3783659,15.460359,1.6116146
ISIC_7594243,15.45928,1.6114753
ISIC_3622555,15.501941,1.6708715
ISIC_8040663,15.323214,1.4734304
ISIC_0961778,15.495413,1.647273
ISIC_9543045,15.491161,1.647823
ISIC_2468476,15.475685,1.6315842
ISIC_2772824,1.1295259,-1.2440687
ISIC_9928278,3.1994672,1.7219769
ISIC_6016537,0.5288784,-2.2294457
ISIC_6618014,15.420535,1.5721343
ISIC_4221304,15.43245,1.5836005
ISIC_4027194,3.6646385,-0.45992562
ISIC_6873657,2.6168268,-1.7521214
ISIC_7927389,15.4587145,1.6104485
ISIC_9051948,15.4145975,1.5650439
ISIC_8592733,15.475592,1.6328138
ISIC_6275817,15.416856,1.5680631
ISIC_6967412,15.396024,1.5465331
ISIC_3236033,3.3550694,4.7328606
ISIC_7429994,3.353204,4.731658
ISIC_8758983,3.3643026,4.7390504
ISIC_8651648,3.3565395,4.7392673
ISIC_7966639,0.28366736,2.0356584
ISIC_0133200,0.48425364,1.7256553
ISIC_9445977,2.7335663,0.8144699
ISIC_5648033,0.6639865,1.8981311
ISIC_7365059,4.514124,-3.191371
ISIC_2792717,3.177356,-2.8793879
ISIC_0851414,4.462021,-2.66627
ISIC_8999351,4.4517117,-2.639614
ISIC_6364782,3.1656127,-2.8514986
ISIC_6720909,3.0945852,-2.7262154
ISIC_8738186,4.4600773,-2.7208536
ISIC_1633321,3.1913655,-2.883464
ISIC_6683697,4.451192,-3.0141015
ISIC_8673290,2.1182961,-1.7841284
ISIC_4851185,1.362292,0.20774606
ISIC_7695263,1.9211498,-0.048393592
ISIC_7560933,3.9287581,-0.09397405
ISIC_3511086,3.8472626,1.1531473
ISIC_8685453,3.522891,0.601078
ISIC_4375866,2.8970153,0.91248643
ISIC_3698441,3.5910046,1.0305188
ISIC_6048752,3.978956,1.0918936
ISIC_6428004,3.1020947,0.92029005
ISIC_5019119,4.149992,1.0878414
ISIC_3268800,4.2068725,0.76286894
ISIC_2710427,3.9900293,1.271893
ISIC_9693456,2.7834096,-0.7159521
ISIC_6635963,3.8878222,0.81615543
ISIC_9174580,0.81356156,1.7445765
ISIC_3773277,1.9797217,0.11920893
ISIC_5253746,1.4089409,0.044850286
ISIC_2496140,3.6361926,0.9264309
ISIC_1909053,3.561635,0.41230392
ISIC_7643593,4.50174,0.83265936
ISIC_9434832,2.3732638,0.10871418
ISIC_9179044,3.2591975,-0.36218882
ISIC_0598073,1.4679779,0.92554903
ISIC_9239978,1.2084229,0.43815404
ISIC_1675975,4.1873007,0.93477684
ISIC_4349272,0.7970698,-0.08330718
ISIC_1729396,-0.66531825,4.2207613
ISIC_6596926,1.8618667,-0.349837
ISIC_5461210,3.994978,1.0720856
ISIC_3667052,2.517277,-0.61350274
ISIC_4703321,3.4881136,0.6787333
ISIC_6881589,4.0574446,0.06793014
ISIC_4467312,2.558524,0.5929174
ISIC_9399586,1.8202441,0.60808504
ISIC_3704603,1.2259805,-0.6848877
ISIC_4485467,1.1817319,0.2146007
ISIC_9141788,3.7672725,0.6984719
ISIC_3259871,1.8683035,-0.32645082
ISIC_5889858,2.8025982,0.9592933
ISIC_7334939,1.7708999,-0.12312826
ISIC_5541499,2.5031543,0.14627792
ISIC_3197211,1.5934167,1.5080533
ISIC_7472087,3.238614,0.93696165
ISIC_5892763,2.7936661,0.9655654
ISIC_5763228,4.011886,1.0554945
ISIC_3327928,3.3212776,0.9993781
ISIC_9596173,2.6266823,1.3662713
ISIC_3045480,3.7668993,0.9757504
ISIC_6044114,1.2555121,0.76409787
ISIC_8918247,3.96536,0.8193433
ISIC_6819805,1.3836029,0.9044816
ISIC_0450792,-0.59453195,4.1049247
ISIC_2879057,2.0197568,1.976449
ISIC_2222084,3.716619,1.2613093
ISIC_1916169,1.5096997,-1.5660022
ISIC_3320667,-0.55911124,2.4177449
ISIC_6046943,4.5971932,2.1674242
ISIC_8769047,3.6209729,1.0459831
ISIC_7303630,1.6508747,-0.16337106
ISIC_9266057,0.17151989,1.4286927
ISIC_7784876,0.98889005,0.19518518
ISIC_5531874,-1.025005,4.939989
ISIC_2867998,3.4396513,0.06228687
ISIC_0699088,1.9407582,-1.9742523
ISIC_6689453,-1.1500611,4.862442
ISIC_3807230,1.4792535,1.131073
ISIC_8416462,2.0554516,-0.14661592
ISIC_7922830,0.511918,2.052445
ISIC_0553265,1.3466057,0.58511406
ISIC_7640631,3.886501,0.4984202
ISIC_8350851,0.3408255,0.83160275
ISIC_1116303,1.8557085,2.0503514
ISIC_9179884,1.472529,0.09243681
ISIC_5785135,1.4170585,0.05829009
ISIC_9599992,1.7137157,0.591557
ISIC_9227283,3.284599,0.021581259
ISIC_8627581,1.3686421,-0.31761354
ISIC_6747251,1.8172507,-0.26313394
ISIC_8601570,2.641094,0.3388751
ISIC_0320008,4.2350254,0.93374306
ISIC_3204703,4.4588594,0.74675024
ISIC_2220505,2.1467206,0.42942247
ISIC_0823269,1.8465828,-2.1505623
ISIC_3670069,0.66544557,-0.75107723
ISIC_8488027,0.2981899,1.43532
ISIC_8961614,1.8528095,-0.16385919
ISIC_6993040,-0.06649235,1.4982579
ISIC_5714835,2.6887124,-1.4297593
ISIC_2843665,-0.60976493,4.1276016
ISIC_5182952,1.3803173,2.713538
ISIC_8026822,3.2684488,0.7022697
ISIC_1126401,1.5741352,1.0362138
ISIC_0651228,3.975652,1.0522314
ISIC_7638974,2.4046319,-1.6006638
ISIC_8593738,2.504072,0.09978889
ISIC_5452980,2.8377569,0.84067494
ISIC_9875364,3.462133,0.9968605
ISIC_9171793,4.0251346,1.4007565
ISIC_7682533,4.2688475,1.1481286
ISIC_5628874,3.1952782,-0.2419937
ISIC_8667960,1.4172329,0.02609862
ISIC_7657322,4.319462,1.3165998
ISIC_9866460,3.1636508,-0.09419155
ISIC_9820266,3.6826022,0.7447326
ISIC_2793180,3.2904737,0.39361674
ISIC_1201025,4.060223,1.0313277
ISIC_5144687,3.4980214,0.22009327
ISIC_1994166,0.26540247,1.4960634
ISIC_5511054,4.043122,1.149383
ISIC_9041525,3.7854447,0.58413124
ISIC_5745126,4.264031,0.84813035
ISIC_5442968,3.523137,-1.2703707
ISIC_5912360,3.3848555,0.50127846
ISIC_4482349,-0.06711105,1.5549762
ISIC_2179705,3.1534367,0.61390793
ISIC_7548342,3.6846445,1.1087286
ISIC_4235575,0.09356185,1.38352
ISIC_7851081,1.8633112,0.011690101
ISIC_8653825,2.3113756,2.0343344
ISIC_0831898,3.492191,-0.05410818
ISIC_2267440,1.6267537,-0.47255933
ISIC_7718206,1.0561944,0.34534478
ISIC_1490894,3.4341002,0.865939
ISIC_3933164,3.9711869,0.044998627
ISIC_3957660,1.6764163,0.44699708
ISIC_1264034,2.7528465,0.14750828
ISIC_8525826,2.4106312,0.5816444
ISIC_1454751,1.6591188,-1.3883806
ISIC_7170025,0.39767665,1.4860295
ISIC_3248418,0.45434487,2.799065
ISIC_4969277,-1.0356827,4.981527
ISIC_3665449,0.82015556,0.7305954
ISIC_7893518,1.7283411,-0.15363325
ISIC_4277953,4.409878,1.0484849
ISIC_7890222,1.8515795,-2.1044362
ISIC_4168419,3.9395769,0.9999389
ISIC_1970988,1.8517501,0.746315
ISIC_9895318,-1.4592739,1.6029581
ISIC_7045012,-1.256828,2.3858485
ISIC_6904950,0.7730886,-0.21675247
ISIC_4117748,-0.771104,4.073841
ISIC_8362681,3.5055861,0.6783784
ISIC_6833525,1.6232041,0.26794076
ISIC_1121888,0.37134206,-0.2950584
ISIC_3587674,1.8421001,-0.14764017
ISIC_0124902,3.948908,1.081405
ISIC_7808642,1.7440758,-0.012549426
ISIC_2305541,2.582341,-0.7552086
ISIC_5509679,1.0136358,-0.06422286
ISIC_8293325,-2.0230494,4.6486816
ISIC_6415722,0.18113291,2.7813644
ISIC_3677029,-0.25215307,4.039446
ISIC_4643793,-1.1263288,5.532462
ISIC_4064478,2.2073104,0.9253203
ISIC_6172037,1.4706435,5.1558166
ISIC_6210303,-1.9269947,5.435022
ISIC_2979795,-1.8713632,4.6276073
ISIC_2884112,-1.9370222,4.347599
ISIC_7356320,-0.08709056,4.166906
ISIC_7352298,-0.120001465,4.110567
ISIC_7545691,-2.0840268,5.2234883
ISIC_3108597,-2.0502026,3.7803955
ISIC_0715696,-1.0776033,5.779081
ISIC_7285359,-1.9568714,5.419573
ISIC_9505560,-0.26163894,4.043189
ISIC_5582910,-1.0476605,5.744165
ISIC_0140502,-0.8678126,3.5019836
ISIC_8688192,-1.0546649,5.769093
ISIC_2286443,-2.070308,5.174106
ISIC_0472123,-1.723231,4.5875325
ISIC_7317366,-0.12531334,4.1058474
ISIC_5391607,-0.20678903,4.0466313
ISIC_7854404,-1.1749448,4.637899
ISIC_3427218,-1.2888502,0.17568724
ISIC_5998475,-1.9071758,5.7060637
ISIC_5915244,2.5916817,1.8959521
ISIC_6603938,3.9960318,2.1058905
ISIC_2861132,0.89109015,2.4492836
ISIC_4210924,0.66236264,5.192776
ISIC_3412801,1.6336142,0.59064114
ISIC_4461272,0.1112101,4.5199313
ISIC_3541529,-1.045922,5.7148633
ISIC_9144852,-2.0939062,5.1472874
ISIC_4122691,0.5423265,3.7133954
ISIC_9096150,0.12565912,4.470239
ISIC_4408961,3.1085644,2.4504545
ISIC_1400695,2.3117158,1.1477305
ISIC_1876217,-1.1778004,5.6615357
ISIC_0393283,-0.69244576,5.1992803
ISIC_5224517,-1.4830873,3.7441626
ISIC_6269738,-2.0314984,5.3673425
ISIC_9602954,1.3499522,5.2791686
ISIC_4411858,0.51344484,3.7419858
ISIC_0508777,2.520671,5.8368235
ISIC_9668338,-0.42767194,3.7338908
ISIC_5920681,-1.9251875,5.670987
ISIC_7715671,2.3891814,0.6503319
ISIC_4775986,-2.0434184,3.8407862
ISIC_3578300,-0.14303821,4.1842513
ISIC_1483720,-2.054862,3.8274248
ISIC_3951937,-2.0291688,4.759527
ISIC_3522656,-0.10700559,3.6767538
ISIC_3249814,-1.880528,5.46949
ISIC_1977937,-1.9520379,5.3020983
ISIC_3559219,0.0790013,4.205767
ISIC_9724689,-0.2587384,3.3396835
ISIC_1192769,-1.1789181,5.623486
ISIC_4176718,-1.9224901,5.682662
ISIC_0558060,1.0199045,-0.96004635
ISIC_6666090,-0.74034566,7.1771636
ISIC_4412550,-0.099905886,4.20306
ISIC_7554287,-0.9356971,0.23551476
ISIC_8776516,-1.9496785,4.333623
ISIC_6038463,-0.2930526,4.033845
ISIC_5127249,-0.9872142,5.5215187
ISIC_6529350,-1.992154,4.6833324
ISIC_0323009,-1.9721977,5.4411974
ISIC_9678778,3.242713,1.7999583
ISIC_9420311,3.015934,0.00842265
ISIC_4005082,-2.0547056,4.737003
ISIC_5163263,-0.23773816,4.064126
ISIC_2204976,1.406801,4.828387
ISIC_1012044,0.16555737,4.263652
ISIC_0474387,-0.9613424,5.4666553
ISIC_2097603,-2.021237,5.3361564
ISIC_2337531,-0.6508233,2.1323617
ISIC_8498489,-1.8462112,5.4616356
ISIC_7081819,-1.9361826,4.3633413
ISIC_9842532,-1.9257351,5.439947
ISIC_0327070,0.11674074,4.421654
ISIC_9008372,-2.0144181,5.3824854
ISIC_3335354,-0.046908975,-0.17380467
ISIC_4981914,-1.9259834,5.454483
ISIC_9809482,0.78755075,6.5357704
ISIC_4839117,-0.9177745,3.5241504
ISIC_5752865,0.86855596,4.3136477
ISIC_9992492,3.0694237,-0.0113396235
ISIC_3544253,-2.1838226,5.082373
ISIC_3535003,0.049577024,4.842935
ISIC_7542458,0.10786075,4.419711
ISIC_5461797,-0.42113578,5.072943
ISIC_9728499,-1.6724285,4.3974833
ISIC_0450997,-2.0425737,5.281585
ISIC_4249493,3.4839206,2.1025136
ISIC_1234126,2.6722364,4.455333
ISIC_3035927,-0.97215754,4.4796243
ISIC_5658925,-1.037854,5.768974
ISIC_9800841,-2.056692,4.7680516
ISIC_2196575,-1.0483266,0.24718966
ISIC_1910468,1.9029682,5.1414914
ISIC_2619021,2.066358,0.6296334
ISIC_7146494,-0.038058296,4.164333
ISIC_5003828,-0.0958216,4.2150993
ISIC_5036772,-1.0160971,4.5132265
ISIC_0662485,-2.0506015,4.752027
ISIC_5089962,3.133664,0.043963
ISIC_9630889,-0.9810569,4.4508686
ISIC_2339295,-0.90059686,3.707626
ISIC_4688289,0.7632877,6.438275
ISIC_3545006,-2.0711503,3.794699
ISIC_3440239,-2.1619911,5.063681
ISIC_9381298,0.15097846,4.483985
ISIC_6012573,-0.10086083,4.1354322
ISIC_2556057,0.06878043,6.0216837
ISIC_4184681,-1.2703941,0.13915151
ISIC_8327076,1.4747632,4.8559093
ISIC_1320438,0.106831975,4.4067335
ISIC_6013467,-0.40113163,5.0396495
ISIC_2309271,-1.9914483,4.673585
ISIC_4746369,-1.1256119,3.0688858
ISIC_1822107,1.1036694,5.317101
ISIC_5289849,1.5489764,0.42960694
ISIC_6752882,-1.9931384,5.404459
ISIC_5863574,3.0268347,-0.011922325
ISIC_2863863,-2.0128083,4.624044
ISIC_9419633,-1.8908029,4.6104817
ISIC_4301676,2.5311859,5.854534
ISIC_4171657,0.16580565,5.983366
ISIC_0852832,-1.720937,4.2893443
ISIC_4907655,-1.9456488,4.3359094
ISIC_5281117,-2.121612,5.0754805
ISIC_8766402,-2.1162672,4.97612
ISIC_9233062,-1.0856532,5.780121
ISIC_2742711,-1.9103597,5.5294228
ISIC_5839875,-0.92930263,3.486705
ISIC_9641059,0.19414859,5.932667
ISIC_2558169,-2.1607912,5.076314
ISIC_0758444,-2.1285305,5.1106443
ISIC_0929180,0.4156199,5.657018
ISIC_4119530,0.047266506,4.7998686
ISIC_6931629,0.634788,5.052762
ISIC_6550602,-2.0607417,3.8514805
ISIC_8204363,2.2272234,0.82145363
ISIC_5356475,-0.9552271,5.530681
ISIC_5619562,-2.0740814,3.827487
ISIC_3544463,-1.7643875,5.540536
ISIC_8864678,-0.14069138,4.1466737
ISIC_4891117,-1.0687586,5.7720118
ISIC_5573077,0.054619975,4.6309505
ISIC_5418441,-2.0883763,5.2319365
ISIC_1271507,-2.0168827,5.390799
ISIC_1110743,-2.132049,5.0735188
ISIC_0404417,-0.81770164,4.0773015
ISIC_9323485,-1.2638052,0.1567283
ISIC_9432086,-1.235825,0.24224992
ISIC_4733114,-1.9736649,4.353082
ISIC_8423180,-0.7212316,5.2606454
ISIC_7423595,0.05290686,4.8076444
ISIC_5273210,-1.1498033,5.6322165
ISIC_6193654,-1.0348926,5.721701
ISIC_3635831,3.3569305,0.6052093
ISIC_9566132,-1.1228877,5.651065
ISIC_8225781,-1.0829332,5.632746
ISIC_0077281,0.02934652,4.808645
ISIC_7003002,-2.032203,4.6586785
ISIC_5292024,0.7952438,5.93283
ISIC_3540915,0.11595264,4.424922
ISIC_5082179,-1.9200389,5.4592886
ISIC_9485124,-0.23951088,4.072107
ISIC_0722605,-1.1833185,5.6691236
ISIC_5801650,2.7711864,4.26605
ISIC_0308880,-1.48813,3.7443595
ISIC_9317339,-1.109526,5.613327
ISIC_2425757,-0.079892546,4.171168
ISIC_8493254,-1.248826,0.03660545
ISIC_1968416,-0.9486598,3.613989
ISIC_4647281,-1.1169587,5.6278815
ISIC_5395518,0.04052072,4.820411
ISIC_8617353,-0.6256245,2.1169567
ISIC_1427295,-0.23565708,4.0656176
ISIC_7913874,1.6132932,5.0426636
ISIC_9662611,-2.1583362,5.10799
ISIC_4530856,-1.1748064,5.653504
ISIC_1235469,-0.4060802,5.023283
ISIC_2340958,-1.8590425,5.496673
ISIC_0151466,1.0700995,2.9689171
ISIC_3994385,-0.22333321,4.068499
ISIC_2000766,0.03701398,4.8035245
ISIC_9869190,-1.6810977,4.3694673
ISIC_8868249,-1.9228956,5.708534
ISIC_4352505,-0.0686215,4.175276
ISIC_2826181,-1.0459504,5.6318316
ISIC_4529513,-2.0412292,4.7938714
ISIC_8278782,-2.081067,4.784365
ISIC_2368188,-0.46311277,2.2224536
ISIC_1091442,-1.294644,0.15307547
ISIC_6378347,1.6813054,1.8704565
ISIC_1764844,-0.97626895,7.1723466
ISIC_7759222,-1.1404513,5.6608963
ISIC_1389226,-2.1644628,5.063071
ISIC_3046271,-0.6340887,5.1882234
ISIC_7713609,2.1312196,0.86671734
ISIC_9029938,-1.5587529,2.624852
ISIC_6410570,0.19802257,0.4220679
ISIC_9767305,0.15381046,6.147132
ISIC_7563950,-0.10735123,4.0787582
ISIC_6291375,0.639176,3.607967
ISIC_6850912,1.453779,5.1868973
ISIC_3476246,0.12846681,5.2354083
ISIC_4152922,3.9660544,0.41483444
ISIC_7473000,0.08179722,4.4767756
ISIC_6288607,-2.1008172,4.737994
ISIC_6321476,2.562053,2.1544294
ISIC_0269622,-2.1643357,5.046234
ISIC_8724412,-2.1641092,5.0944877
ISIC_3404294,3.9936419,0.3963616
ISIC_1056436,0.04889196,4.8159113
ISIC_8446478,-1.0497391,5.771069
ISIC_8278036,1.53168,4.928093
ISIC_2958480,0.04189574,4.850022
ISIC_8187734,-0.12711413,4.0118957
ISIC_8823228,-0.40566522,5.037025
ISIC_5699993,-0.09730556,4.2117186
ISIC_3137117,0.10256047,6.1204305
ISIC_2177103,-0.08283022,4.2036386
ISIC_7564517,-2.0168447,5.400185
ISIC_7000719,2.370256,0.44577682
ISIC_5709512,2.5463924,5.8253117
ISIC_7084754,-1.5075002,3.7835004
ISIC_1658397,-0.1482059,4.015897
ISIC_4868339,-1.9567243,4.351445
ISIC_7808341,-0.97643477,3.8130238
ISIC_3352464,0.039935984,4.706851
ISIC_6133338,0.117025465,4.4176826
ISIC_7899387,-1.0848331,5.742694
ISIC_5700648,-0.299891,4.092493
ISIC_5312996,4.332418,-2.8834352
ISIC_5423259,4.247702,2.264853
ISIC_7443971,4.397285,-3.1313112
