isic_id,umap_x,umap_y
ISIC_0000002,-5.385206,10.513724
ISIC_0000004,-4.086247,5.503541
ISIC_0000013,-1.0198961,5.5516286
ISIC_0000022,-5.258847,10.874379
ISIC_0000026,-4.277563,10.606704
ISIC_0000029,-5.4359994,9.373743
ISIC_0000030,-3.5087593,8.346905
ISIC_0000031,-3.8287835,5.581755
ISIC_0000035,-4.6882353,9.722108
ISIC_0000036,-3.7621484,7.8639903
ISIC_0000040,-5.576912,10.690073
ISIC_0000046,-5.381961,10.507475
ISIC_0000054,-1.0803267,5.015216
ISIC_0000056,-5.1673584,9.443233
ISIC_0000070,-6.0296974,10.764765
ISIC_0000076,-3.3807921,4.192694
ISIC_0000077,-5.2597876,10.410919
ISIC_0000078,-6.3546987,10.264098
ISIC_0000139,-4.3863235,11.289119
ISIC_0000140,-4.8399076,10.300504
ISIC_0000141,-4.1565886,9.980175
ISIC_0000142,-4.4177794,11.332688
ISIC_0000143,-4.2866597,10.841524
ISIC_0000144,-3.3640082,10.785346
ISIC_0000145,-5.5133314,9.381575
ISIC_0000146,-3.6455147,10.893168
ISIC_0000147,-4.80048,7.8166413
ISIC_0000148,-5.8667636,10.263659
ISIC_0000149,-5.2402186,9.6249275
ISIC_0000150,-5.09128,9.747378
ISIC_0000151,-3.5575037,7.882056
ISIC_0000152,-1.25261,5.460222
ISIC_0000153,-2.3728707,4.8113647
ISIC_0000154,-5.1495547,9.085907
ISIC_0000156,-4.9996705,10.069927
ISIC_0000157,-4.896404,11.189969
ISIC_0000158,-5.3144493,10.070165
ISIC_0000159,-4.664154,10.990301
ISIC_0000163,-4.2831035,10.342234
ISIC_0000165,-4.3444014,10.46391
ISIC_0000168,-5.484648,9.834853
ISIC_0000169,-5.469084,9.78635
ISIC_0000170,-4.5261483,10.448874
ISIC_0000172,-4.9072413,11.020246
ISIC_0000175,-4.5486703,11.07391
ISIC_0000176,-3.0754378,7.261392
ISIC_0000276,-3.5022902,11.000766
ISIC_0000277,-5.0679164,11.108797
ISIC_0000278,-2.8949337,4.6438417
ISIC_0000281,-4.266393,11.032827
ISIC_0000282,-4.17973,10.390042
ISIC_0000283,-4.5382757,10.383766
ISIC_0000287,-4.2478485,10.946632
ISIC_0000290,-2.247237,6.2637625
ISIC_0000291,-5.5560393,10.067902
ISIC_0000292,-2.3629823,4.98927
ISIC_0000294,-4.7623405,9.159109
ISIC_0000296,-4.352596,6.388534
ISIC_0000305,-5.7713246,8.488083
ISIC_0000390,-4.4328346,9.209939
ISIC_0000393,-5.8375645,9.508944
ISIC_0000394,-1.3492246,5.5295706
ISIC_0000395,-4.375275,7.920464
ISIC_0000398,-1.2753289,5.7926836
ISIC_0000399,-1.9537953,5.541278
ISIC_0000400,-2.5302858,3.7266855
ISIC_0000401,-2.9211054,3.570993
ISIC_0000402,-3.801391,5.3388963
ISIC_0000404,-1.5582814,5.3698525
ISIC_0000405,-4.970317,7.594903
ISIC_0000406,-5.155361,9.322795
ISIC_0000410,-6.1146793,10.058237
ISIC_0000411,-4.493194,8.406557
ISIC_0000412,-5.2325044,9.438362
ISIC_0000413,-4.9520493,9.128282
ISIC_0000414,-5.178113,9.263693
ISIC_0000415,-2.6501992,3.406503
ISIC_0000417,-3.508978,6.3266897
ISIC_0000420,-3.5322123,9.666674
ISIC_0000428,-3.1746624,4.8138723
ISIC_0000429,-4.0410895,6.3271403
ISIC_0000432,-5.9061146,8.935112
ISIC_0000434,-5.2706604,10.397254
ISIC_0000438,-2.6814651,5.733251
ISIC_0000440,-4.994061,7.9896693
ISIC_0000441,-4.24291,9.959997
ISIC_0000444,-5.157412,8.591393
ISIC_0000445,-6.365872,9.045277
ISIC_0000446,-5.4483733,8.751033
ISIC_0000450,-1.8944951,5.5988264
ISIC_0000459,-2.3637884,5.3540297
ISIC_0000462,-3.3614717,6.204298
ISIC_0000463,-5.7776656,9.448004
ISIC_0000466,-4.95059,9.394021
ISIC_0000469,-4.7174697,9.340594
ISIC_0000482,-4.2091174,11.277584
ISIC_0000484,-3.676801,5.8157907
ISIC_0000487,-4.1240172,5.4546165
ISIC_0000502,-5.4820137,8.045528
ISIC_0000511,-4.8038282,8.470835
ISIC_0000513,-4.558787,6.349027
ISIC_0000516,-4.1782374,6.088238
ISIC_0000517,-4.8917017,9.997659
ISIC_0000518,-4.998378,10.164283
ISIC_0000519,-5.2451487,9.5876465
ISIC_0000520,-5.396451,9.286728
ISIC_0000521,-4.391395,9.008816
ISIC_0000522,-3.7389152,4.4471536
ISIC_0000531,-4.1244392,10.208758
ISIC_0000533,-4.7295766,10.343891
ISIC_0000547,-2.5700328,5.2596817
ISIC_0000548,-2.7200704,4.392679
ISIC_0000549,-4.9350796,9.472692
ISIC_0000551,16.290466,1.3881264
ISIC_0000552,-1.0495348,5.1835747
ISIC_0000553,-1.3555465,5.903878
ISIC_0000554,-2.7738926,5.653711
ISIC_0000555,-5.365007,9.07824
ISIC_0001100,-2.9710274,8.265588
ISIC_0001101,-5.100629,9.401131
ISIC_0001102,-1.3263851,5.1073556
ISIC_0001103,-4.242637,10.4719715
ISIC_0001105,-6.3858814,10.461785
ISIC_0001106,-4.1115055,10.95787
ISIC_0001108,-2.6876874,4.2578335
ISIC_0001110,-1.2720917,4.847126
ISIC_0001116,-5.0602746,8.123293
ISIC_0001118,-4.308589,10.596921
ISIC_0001119,-6.5909104,10.011455
ISIC_0001121,-5.7336397,10.238539
ISIC_0001124,-2.0269513,5.415961
ISIC_0001125,-5.1080575,8.110888
ISIC_0001126,-5.503492,9.609307
ISIC_0001127,-4.1155105,6.359563
ISIC_0001128,-3.8545132,10.465166
ISIC_0001131,-3.6667666,5.1759143
ISIC_0001132,-2.6512547,5.0918155
ISIC_0001133,-3.7319841,9.188099
ISIC_0001134,-6.497248,10.304507
ISIC_0001135,-4.836805,11.133327
ISIC_0001137,-6.2614565,9.974741
ISIC_0001138,-4.506394,7.9219055
ISIC_0001140,-4.490166,11.063794
ISIC_0001141,-5.7267847,8.612408
ISIC_0001142,-4.6079116,9.18503
ISIC_0001143,-4.609217,9.016656
ISIC_0001148,-5.336652,9.904548
ISIC_0001151,-4.6980042,10.184993
ISIC_0001152,-1.7048814,4.4532585
ISIC_0001154,-2.897853,6.4274693
ISIC_0001157,-3.2677498,5.4942665
ISIC_0009868,-6.000859,9.233821
ISIC_0009882,16.178816,1.462409
ISIC_0009890,-4.824607,8.346629
ISIC_0009898,-3.8809223,9.95336
ISIC_0009905,-3.3001108,8.784739
ISIC_0009913,-3.6362848,5.709544
ISIC_0009916,-5.0263457,6.717839
ISIC_0009918,-3.215543,4.9269505
ISIC_0009924,-5.632992,8.071333
ISIC_0009927,-2.7603323,7.019155
ISIC_0009934,16.2029,1.4794683
ISIC_0009950,-4.065719,11.136353
ISIC_0009955,-6.1431103,9.646289
ISIC_0009960,-6.0206347,8.325871
ISIC_0009971,-6.362492,9.169415
ISIC_0009993,-4.6264052,11.23703
ISIC_0010000,-2.6404178,3.4274096
ISIC_0010007,-3.3588288,4.7372446
ISIC_0010011,-4.1674247,10.536136
ISIC_0010016,-6.463521,9.453666
ISIC_0010023,-4.292926,11.003907
ISIC_0010024,-6.05147,9.21078
ISIC_0010029,-5.2890716,9.350352
ISIC_0010034,-4.8212857,11.263335
ISIC_0010036,-4.639851,8.785506
ISIC_0010039,-5.3359194,8.804865
ISIC_0010049,-4.1772647,9.507243
ISIC_0010050,-4.535446,7.4899855
ISIC_0010054,-5.6250706,9.139752
ISIC_0010056,-2.9284964,5.4679933
ISIC_0010067,-3.862555,9.376129
ISIC_0010080,-4.792262,10.861241
ISIC_0010081,-2.484064,5.774814
ISIC_0010089,-6.2811184,10.14702
ISIC_0010094,-3.758228,10.918537
ISIC_0010106,-3.68076,6.817854
ISIC_0010119,-3.625997,7.8188195
ISIC_0010120,-2.4554493,5.724248
ISIC_0010131,-3.7487373,4.376456
ISIC_0010137,-2.5459921,6.8106813
ISIC_0010140,-4.1286225,10.057316
ISIC_0010145,-4.123375,11.162358
ISIC_0010148,-4.7412086,6.4437766
ISIC_0010162,-4.8019357,8.767511
ISIC_0010164,-4.6402764,6.3480554
ISIC_0010165,-2.9019904,4.381122
ISIC_0010171,-4.861981,10.436855
ISIC_0010174,-5.9790335,9.7369375
ISIC_0010189,16.315737,1.5348889
ISIC_0010194,-2.1362333,5.351964
ISIC_0010207,-4.0355263,7.98331
ISIC_0010208,-5.131115,9.315469
ISIC_0010210,-5.6429834,8.785272
ISIC_0010225,-5.850493,10.379075
ISIC_0010231,-5.117377,9.26663
ISIC_0010235,-1.1875309,5.5254793
ISIC_0010240,-3.8341613,9.149811
ISIC_0010241,-5.7352977,10.557968
ISIC_0010245,-3.0958078,5.092633
ISIC_0010251,-6.583151,10.206993
ISIC_0010265,-4.890429,9.953298
ISIC_0010271,-5.400022,7.3467636
ISIC_0010280,-6.202329,10.237837
ISIC_0010283,-4.1899667,11.196174
ISIC_0010288,-4.5446544,5.6970596
ISIC_0010295,-4.0470376,9.171454
ISIC_0010299,-5.209721,11.120998
ISIC_0010313,-5.7123694,10.7305
ISIC_0010319,-5.8203974,8.635902
ISIC_0010321,-5.112517,8.244532
ISIC_0010322,-3.0134075,4.1082377
ISIC_0010350,-4.33465,11.319318
ISIC_0010358,-3.61751,10.265197
ISIC_0010360,-4.9863973,11.2191
ISIC_0010364,-4.679378,10.671818
ISIC_0010366,-2.8596578,4.621519
ISIC_0010369,-3.2465615,6.9390087
ISIC_0010372,-4.5490704,10.823439
ISIC_0010380,-3.0056546,7.6308236
ISIC_0010392,16.316124,1.5005884
ISIC_0010393,-5.0117645,10.007369
ISIC_0010394,-4.2437434,10.569898
ISIC_0010396,-2.5980585,5.384257
ISIC_0010397,-4.1584573,10.45541
ISIC_0010398,-5.427004,9.864509
ISIC_0010400,-4.447453,10.616816
ISIC_0010401,-1.2353932,5.369183
ISIC_0010402,-2.173387,5.5211306
ISIC_0010407,-2.841375,4.405744
ISIC_0010410,-5.063482,9.336345
ISIC_0010413,-2.9421213,4.498755
ISIC_0010415,-4.1122665,5.9737687
ISIC_0010417,-3.9311442,4.2383704
ISIC_0010426,-4.9363394,8.445242
ISIC_0010432,-4.676102,10.658147
ISIC_0010441,-1.8713701,5.529067
ISIC_0010466,-5.9436994,9.583852
ISIC_0010468,-4.7996354,8.313586
ISIC_0010469,-2.4311557,5.1177883
ISIC_0010470,-3.2072947,6.546226
ISIC_0010476,-6.0428295,9.023145
ISIC_0010482,-3.929046,7.009512
ISIC_0010486,-2.9913523,4.244105
ISIC_0010495,-3.1485372,4.85084
ISIC_0010514,-3.4339018,9.493851
ISIC_0010527,-6.1904364,9.275536
ISIC_0010532,-4.6923275,7.0667906
ISIC_0010543,-4.698966,11.091325
ISIC_0010550,-3.5485713,4.0519505
ISIC_0010551,-4.6880283,7.7895494
ISIC_0010555,-3.4752018,5.0915956
ISIC_0010559,-1.327667,4.591553
ISIC_0010564,-4.4005203,7.371977
ISIC_0010576,-4.7094183,10.22439
ISIC_0010579,-5.0904503,7.8213453
ISIC_0010583,-2.9598618,4.611652
ISIC_0010587,-3.4154818,10.342561
ISIC_0010591,-4.603126,9.883973
ISIC_0010596,-1.723788,5.7520843
ISIC_0010597,-4.673658,10.231861
ISIC_0010608,-4.493815,6.8922
ISIC_0010609,-6.4829464,10.329031
ISIC_0010611,-2.4676256,4.855633
ISIC_0010631,-3.4993658,3.301589
ISIC_0010644,-4.437026,10.33451
ISIC_0010648,-3.891517,8.205895
ISIC_0010653,-4.168632,6.7663093
ISIC_0010655,-2.7824473,7.3261285
ISIC_0010707,-6.146885,9.22538
ISIC_0010714,-2.6537027,6.5163503
ISIC_0010723,-3.369482,7.13115
ISIC_0010728,16.301447,1.4123697
ISIC_0010729,-2.5563886,5.1143227
ISIC_0010741,-3.2134163,6.905272
ISIC_0010749,-4.359257,9.336656
ISIC_0010750,-4.9837565,9.356579
ISIC_0010757,-5.650385,10.361343
ISIC_0010759,-1.1459211,5.656643
ISIC_0010764,16.3597,1.4669167
ISIC_0010765,-6.0704675,9.129483
ISIC_0010766,-6.2293644,9.52421
ISIC_0010770,-5.713024,8.094456
ISIC_0010772,-4.4430285,8.96497
ISIC_0010777,-2.4940488,6.7848005
ISIC_0010782,-2.6692543,4.5559053
ISIC_0010784,-3.2000456,4.7499886
ISIC_0010785,-5.365162,10.592845
ISIC_0010789,-6.334566,9.562916
ISIC_0010790,-4.5955296,7.701578
ISIC_0010791,-5.2856064,7.5087123
ISIC_0010792,-3.7090473,8.252623
ISIC_0010803,-6.441018,8.988173
ISIC_0010808,-5.215843,10.421219
ISIC_0010809,-4.962859,9.226828
ISIC_0010810,-3.9953377,4.6908507
ISIC_0010834,-4.048082,10.670614
ISIC_0010852,-6.4850955,10.184151
ISIC_0010860,-3.9903836,11.039605
ISIC_0010862,-2.6070464,7.6608195
ISIC_0010863,-1.7121792,5.140163
ISIC_0010866,-2.7113676,3.4068706
ISIC_0010872,-3.252693,5.311474
ISIC_0010876,-4.821701,9.801107
ISIC_0010878,-6.1163125,8.983582
ISIC_0010883,-2.647662,7.3652434
ISIC_0010890,-4.108201,9.301197
ISIC_0010898,-4.5439334,5.682776
ISIC_0010900,-3.3006697,7.9432607
ISIC_0010912,-3.8251874,6.6392345
ISIC_0010917,-1.7012137,5.4954596
ISIC_0010923,-5.069699,9.985287
ISIC_0010938,16.325386,1.4468353
ISIC_0010942,-4.5250034,8.326378
ISIC_0010965,-3.304569,6.9725337
ISIC_0010971,-3.8933754,4.215712
ISIC_0010977,-5.2239614,9.818919
ISIC_0010978,-6.014351,8.678875
ISIC_0010979,-3.135275,4.4383144
ISIC_0010982,-4.6936135,9.563936
ISIC_0010993,-3.9010627,6.2462654
ISIC_0010995,-3.4630644,10.432878
ISIC_0011007,-3.5900252,3.736888
ISIC_0011012,-4.8525696,7.25617
ISIC_0011030,-2.8348742,7.5864973
ISIC_0011031,-5.674119,9.577972
ISIC_0011039,-2.8334575,4.2234592
ISIC_0011040,-2.5689077,6.9841843
ISIC_0011042,-4.195654,7.417506
ISIC_0011043,-3.5419984,4.4509583
ISIC_0011045,-5.003792,10.588019
ISIC_0011052,-3.2482815,4.403021
ISIC_0011057,-6.579819,10.089606
ISIC_0011077,-3.77184,5.1342597
ISIC_0011099,-3.9306881,9.958462
ISIC_0011118,-5.171615,8.283086
ISIC_0011122,-5.1163063,9.16677
ISIC_0011128,-4.4635735,8.224564
ISIC_0011130,-3.0209281,7.4982333
ISIC_0011132,-5.82695,8.588048
ISIC_0011135,-3.8247886,9.615865
ISIC_0011136,-5.8238034,9.417739
ISIC_0011137,-4.3913374,11.266777
ISIC_0011138,-4.181031,6.155143
ISIC_0011139,-5.1970625,6.953263
ISIC_0011140,-2.7521029,7.515975
ISIC_0011151,-4.928252,8.713674
ISIC_0011158,-3.7649422,4.4199862
ISIC_0011161,-3.4106352,6.6634274
ISIC_0011163,-5.948477,10.422725
ISIC_0011166,-4.2186856,7.7294717
ISIC_0011169,-3.8115141,10.395578
ISIC_0011176,-4.7719994,11.270365
ISIC_0011178,-3.077496,4.4905047
ISIC_0011181,-3.9708352,5.966712
ISIC_0011187,-2.4742868,5.319445
ISIC_0011193,-4.0410576,5.986733
ISIC_0011196,-4.1473083,9.730035
ISIC_0011209,-2.9424932,4.8796716
ISIC_0011238,-2.7732036,4.606017
ISIC_0011239,-2.8723826,4.2562213
ISIC_0011247,-2.4430747,5.8591337
ISIC_0011256,-3.116504,5.759176
ISIC_0011264,-4.606714,8.463402
ISIC_0011267,-2.683925,5.790999
ISIC_0011268,-4.3101964,9.333719
ISIC_0011269,-3.1948047,9.8148155
ISIC_0011273,-3.697152,5.6734943
ISIC_0011305,-5.986733,8.919347
ISIC_0011315,-3.2904797,7.5795116
ISIC_0011337,-5.639669,8.260108
ISIC_0011348,-5.1834865,9.496534
ISIC_0011350,-4.265768,8.399752
ISIC_0011356,-4.3035254,8.058857
ISIC_0011366,-4.918564,11.081205
ISIC_0011370,-2.716549,4.940216
ISIC_0011374,-4.5367603,8.929383
ISIC_0011375,-3.7872179,5.8786335
ISIC_0011381,-3.3937888,3.999939
ISIC_0011387,-4.4400454,9.091667
ISIC_0011388,-4.3974843,9.148559
ISIC_0011390,-2.5543747,4.7296443
ISIC_0011391,-4.0173693,7.5806932
ISIC_0011399,-3.1701884,4.8328147
ISIC_0011404,-1.6821715,5.607419
ISIC_0011405,-6.4570475,9.007714
ISIC_0011428,-4.834918,10.332766
ISIC_0011429,16.16012,1.4788105
ISIC_0011430,16.169817,1.472185
ISIC_0011434,-4.066792,7.8088017
ISIC_0011435,-3.7266152,7.4069653
ISIC_0011437,-4.964702,10.618404
ISIC_0011438,-4.1691656,9.188962
ISIC_0011439,-4.0754642,9.247382
ISIC_0011458,16.267918,1.6283095
ISIC_0011460,-3.437318,8.766369
ISIC_0011463,-4.648584,7.797742
ISIC_0011471,-4.330959,5.6490674
ISIC_0011474,-4.6249485,6.4455843
ISIC_0011480,-3.7773795,5.277091
ISIC_0011481,-6.3261085,8.852631
ISIC_0011482,-5.98097,9.94038
ISIC_0011483,-4.7501383,8.706486
ISIC_0011484,-5.2457175,10.041918
ISIC_0011485,-5.0339923,7.96698
ISIC_0011486,-6.293436,9.762825
ISIC_0011487,-2.537239,4.8333774
ISIC_0011488,-5.1422677,6.8728147
ISIC_0011489,-4.281693,8.928678
ISIC_0011490,-5.4004574,10.193328
ISIC_0011491,-4.654621,10.393847
ISIC_0011492,-1.2236992,4.630288
ISIC_0011493,-1.2744131,5.813742
ISIC_0011494,-5.122702,10.704521
ISIC_0011501,-2.7487772,4.437578
ISIC_0011503,-1.1849428,5.762658
ISIC_0011504,-5.596343,9.8797
ISIC_0011505,-1.7158237,5.0841455
ISIC_0011506,-1.3683413,4.9324684
ISIC_0011507,-4.907992,7.671849
ISIC_0011508,-4.983502,11.21617
ISIC_0011511,-1.4758179,5.5679355
ISIC_0011514,-1.550506,4.843366
ISIC_0011515,-1.3178117,5.412138
ISIC_0011516,-1.5821227,5.425033
ISIC_0011517,-1.4486636,4.822524
ISIC_0011518,-1.4777155,4.8380585
ISIC_0011519,-1.2886591,5.257533
ISIC_0011520,-5.079399,10.137602
ISIC_0011526,-5.349256,10.993631
ISIC_0011527,-2.683382,6.451405
ISIC_0011528,-2.68385,6.502384
ISIC_0011529,-2.6586862,6.468618
ISIC_0011530,-2.6501129,6.456255
ISIC_0011531,-2.6120398,6.6054525
ISIC_0011534,-5.453379,9.883362
ISIC_0011537,-4.694894,8.629414
ISIC_0011560,-1.8242712,5.663921
ISIC_0011566,-1.504828,4.8092203
ISIC_0011579,-2.1469498,5.1078753
ISIC_0011589,-2.157024,4.002769
ISIC_0011590,-2.066505,4.0463333
ISIC_0011591,-2.1441228,4.0213404
ISIC_0011594,-4.901254,8.572009
ISIC_0011610,-3.5022242,10.959529
ISIC_0011613,-5.4132285,8.754775
ISIC_0011614,-5.3575134,10.013986
ISIC_0011615,-5.4952736,9.522819
ISIC_0011616,-5.3645744,10.403305
ISIC_0011618,-2.6864362,3.427136
ISIC_0011628,-4.6836033,8.3918495
ISIC_0011649,-5.2737107,11.0337
ISIC_0011659,-1.2724127,5.043862
ISIC_0011684,-4.7803717,10.717967
ISIC_0011691,-5.243342,10.063185
ISIC_0011692,-3.0436404,8.971339
ISIC_0011693,-3.0164938,8.991382
ISIC_0011694,-5.466382,9.415646
ISIC_0011695,-3.0116746,8.985605
ISIC_0011696,-3.023292,8.984263
ISIC_0011697,-3.003811,8.984102
ISIC_0011698,-3.4322538,8.861202
ISIC_0011699,-3.1613739,8.804115
ISIC_0011700,-5.2753534,8.921226
ISIC_0011701,-3.0023897,8.98425
ISIC_0011702,-4.603416,6.415279
ISIC_0011703,-3.4731665,5.064923
ISIC_0011704,-3.0105217,8.989225
ISIC_0011709,-4.420247,9.939971
ISIC_0011710,-4.2860327,10.383926
ISIC_0011728,-1.0591329,5.4879675
ISIC_0011729,-5.0416093,11.1691265
ISIC_0011736,-2.8741937,4.809283
ISIC_0011743,-3.1383154,4.7642446
ISIC_0011744,-3.6789157,4.0660424
ISIC_0011758,-6.2009535,10.199642
ISIC_0011759,-6.2097344,10.18339
ISIC_0011764,-6.091432,9.980936
ISIC_0011770,-4.1280355,5.231207
ISIC_0011771,-2.9347835,3.582397
ISIC_0011772,-4.951792,6.710476
ISIC_0011773,-3.0837944,3.8961546
ISIC_0011774,-3.2210908,3.6645894
ISIC_0011778,-4.0502806,9.879446
ISIC_0011780,-5.9072266,8.486867
ISIC_0011782,-3.6778088,3.8413734
ISIC_0011794,-4.854142,6.357989
ISIC_0011797,-4.703769,11.258485
ISIC_0011798,-4.6909113,11.207188
ISIC_0011799,-4.1781545,11.191347
ISIC_0011801,-4.1724863,11.088077
ISIC_0011802,-4.12719,11.097592
ISIC_0011807,-6.29079,10.206605
ISIC_0011808,-6.2887826,10.168265
ISIC_0011811,-5.1219335,9.598503
ISIC_0011812,-5.2746096,9.627205
ISIC_0011845,-6.3200135,9.94305
ISIC_0011846,-6.3217793,9.992509
ISIC_0011857,-5.5274,9.995001
ISIC_0011858,-5.4938326,9.966103
ISIC_0011870,-6.10106,8.892165
ISIC_0011872,-1.1607667,5.7705026
ISIC_0011873,-1.1413873,5.4426613
ISIC_0011874,-1.0874019,5.444749
ISIC_0011875,-4.94681,9.256937
ISIC_0011876,-4.6767635,9.451072
ISIC_0011877,-1.0923963,4.838841
ISIC_0011878,-3.0468953,4.250696
ISIC_0011879,-5.147653,9.185051
ISIC_0011892,-4.7407007,11.176926
ISIC_0011895,-3.5563147,9.919638
ISIC_0011898,-4.6857705,9.004155
ISIC_0011904,16.255077,1.3979682
ISIC_0011921,-5.818042,9.967067
ISIC_0011922,-5.9072914,10.0285635
ISIC_0011923,-4.677075,6.502532
ISIC_0011930,-5.459012,9.512964
ISIC_0011931,-5.3229923,8.894131
ISIC_0011933,-2.6682668,4.562073
ISIC_0011943,-1.5747926,4.835539
ISIC_0011944,-5.7332587,9.3840065
ISIC_0011947,-5.276933,10.62628
ISIC_0011948,-5.2460837,10.5816
ISIC_0011949,-4.54346,10.192585
ISIC_0011950,-4.1392727,10.335672
ISIC_0011951,-4.967399,10.899611
ISIC_0011957,-5.5084515,10.410821
ISIC_0011958,-5.3078284,10.360113
ISIC_0011975,-3.522882,6.799357
ISIC_0011987,-6.3638234,9.495117
ISIC_0011996,-4.345071,10.357587
ISIC_0011998,-6.0686517,8.276454
ISIC_0012000,-2.544172,4.634872
ISIC_0012044,-2.444798,5.1946034
ISIC_0012047,-3.104208,5.203712
ISIC_0012048,-5.3858566,10.2427025
ISIC_0012049,-1.004452,5.128908
ISIC_0012060,-6.5853853,9.25651
ISIC_0012063,-3.5189352,8.646417
ISIC_0012066,-3.5242698,8.921821
ISIC_0012069,-3.5826194,8.863638
ISIC_0012081,-4.6062446,10.925538
ISIC_0012082,-4.7923055,11.161311
ISIC_0012083,-1.6064901,6.14214
ISIC_0012099,-2.4245362,5.9234667
ISIC_0012112,-3.53811,10.95038
ISIC_0012137,-2.6266158,6.555647
ISIC_0012151,-5.3229885,9.8473015
ISIC_0012208,-2.2748797,5.4287114
ISIC_0012258,-2.61983,4.870464
ISIC_0012270,-2.2065012,5.582978
ISIC_0012288,-2.605524,5.7619557
ISIC_0012290,-5.7198253,10.013597
ISIC_0012298,-5.159449,7.771822
ISIC_0012321,-5.900482,8.634228
ISIC_0012348,-3.2399898,5.996781
ISIC_0012356,-2.7725112,4.8175297
ISIC_0012369,-5.411161,8.19008
ISIC_0012382,-1.2440671,5.3633766
ISIC_0012391,-2.5887327,6.64895
ISIC_0012418,-2.2247903,5.4864273
ISIC_0012425,-1.34798,5.0951195
ISIC_0012434,-2.5529165,6.519468
ISIC_0012435,-2.5583544,6.6840596
ISIC_0012450,-1.9466145,6.188267
ISIC_0012471,-5.763902,9.791557
ISIC_0012472,-3.0112927,5.827337
ISIC_0012512,-2.4463468,6.4952445
ISIC_0012571,-3.0422556,4.8395348
ISIC_0012574,-5.913142,10.606903
ISIC_0012577,-3.2373116,3.7091556
ISIC_0012580,-4.4962826,9.896933
ISIC_0012592,-2.97892,7.029688
ISIC_0012595,-2.1267939,4.7865953
ISIC_0012610,-4.901881,9.289856
ISIC_0012633,-2.6606138,4.7707515
ISIC_0012678,-4.9490104,7.7231503
ISIC_0012701,-2.5408173,5.4522867
ISIC_0012756,-4.39563,11.115897
ISIC_0012758,-2.7743685,8.043471
ISIC_0012843,-3.5736854,10.970105
ISIC_0012887,-6.5380697,9.658422
ISIC_0012930,-4.269415,6.881952
ISIC_0012988,-2.3759413,6.085079
ISIC_0012989,-6.62796,9.678969
ISIC_0012990,-2.1761796,5.6340103
ISIC_0013072,-4.2205963,7.278541
ISIC_0013073,-2.3629508,4.869675
ISIC_0013079,-3.8891878,6.8422523
ISIC_0013141,-5.5168405,10.531577
ISIC_0013184,-4.2502737,11.07521
ISIC_0013198,-1.2753533,4.9685335
ISIC_0013232,-5.749279,8.962126
ISIC_0013242,-2.3179247,5.790522
ISIC_0013258,-4.425752,7.157233
ISIC_0013277,-6.232023,9.821081
ISIC_0013321,-1.8383161,4.207029
ISIC_0013334,-4.569796,10.589092
ISIC_0013359,-6.114188,9.093467
ISIC_0013365,-5.368009,9.806149
ISIC_0013374,-2.8359902,3.3895493
ISIC_0013411,16.271725,1.550269
ISIC_0013427,-2.26897,4.947886
ISIC_0013429,-2.184165,5.917216
ISIC_0013444,-2.1997995,5.541453
ISIC_0013455,-5.1523438,8.996683
ISIC_0013457,-4.1818066,11.073245
ISIC_0013459,-5.270438,8.072981
ISIC_0013460,-2.2719827,5.721793
ISIC_0013472,-3.8456867,6.5844736
ISIC_0013473,-5.6161885,8.54831
ISIC_0013490,-2.236048,5.9018517
ISIC_0013491,-5.786336,9.969928
ISIC_0013497,-2.857967,5.890869
ISIC_0013499,-2.6123288,6.9913473
ISIC_0013500,-2.9542787,5.918931
ISIC_0013501,-2.7488518,5.868264
ISIC_0013518,-5.8239064,8.333136
ISIC_0013525,-1.8709387,6.117294
ISIC_0013530,-4.6505766,6.412978
ISIC_0013548,-1.1775442,5.886357
ISIC_0013549,-2.2132692,5.841223
ISIC_0013565,-2.2437441,5.6496296
ISIC_0013567,-2.5848608,4.9334526
ISIC_0013572,-4.537041,6.2159214
ISIC_0013577,-3.9936194,6.492464
ISIC_0013578,-6.0319924,8.4077015
ISIC_0013579,-4.6298885,7.029134
ISIC_0013581,-5.47368,7.470558
ISIC_0013588,-2.540791,5.3121367
ISIC_0013594,-5.669788,10.058131
ISIC_0013606,-2.6932213,5.581989
ISIC_0013610,-4.011465,8.11465
ISIC_0013615,-2.8669329,6.4282966
ISIC_0013617,-3.7754438,10.625879
ISIC_0013618,-4.669181,9.488897
ISIC_0013626,-5.0871873,7.669476
ISIC_0013634,-6.0260773,8.476588
ISIC_0013636,-5.149491,8.531601
ISIC_0013639,-2.5509045,6.7935843
ISIC_0013646,-1.8521264,5.8339086
ISIC_0013651,-5.991312,9.712573
ISIC_0013652,-4.902765,8.945706
ISIC_0013663,-3.9991517,6.2913547
ISIC_0013671,-3.0019374,7.96964
ISIC_0013672,-3.2802048,7.4879746
ISIC_0013696,-2.6206286,5.7475357
ISIC_0013702,-3.4156091,7.8393784
ISIC_0013733,-4.538093,6.4674497
ISIC_0013736,-1.2570498,5.960345
ISIC_0013739,-2.725979,6.02345
ISIC_0013740,-2.9471014,5.2939014
ISIC_0013744,-5.9657564,8.643003
ISIC_0013762,-3.0253906,5.0621037
ISIC_0013766,-2.2746155,6.009607
ISIC_0013767,-5.769282,9.775994
ISIC_0013768,-5.8716993,8.490072
ISIC_0013769,-3.9232144,5.152667
ISIC_0013775,-4.409489,6.2289267
ISIC_0013777,-2.4237952,5.3311872
ISIC_0013783,-6.022116,8.632626
ISIC_0013813,-3.9944177,5.044771
ISIC_0013814,-4.2105227,7.8708253
ISIC_0013815,-2.6152494,5.8365574
ISIC_0013831,-6.2928967,9.1000805
ISIC_0013832,-5.8494344,7.839391
ISIC_0013833,-2.7159145,4.624106
ISIC_0013839,-1.5012696,4.8045225
ISIC_0013842,-2.6023047,6.241925
ISIC_0013844,-2.2983353,5.850582
ISIC_0013845,-2.6042132,5.8539724
ISIC_0013861,-4.621988,6.6718187
ISIC_0013865,-4.4106636,6.6457305
ISIC_0013867,-5.182377,7.8661346
ISIC_0013874,-4.902514,10.9547615
ISIC_0013908,-3.286776,7.173469
ISIC_0013917,-2.229258,5.784343
ISIC_0013936,-5.345504,7.1637993
ISIC_0013948,-3.5633988,7.3198156
ISIC_0013953,-4.937228,7.0715666
ISIC_0013969,-2.3019753,5.9894147
ISIC_0013972,-3.842327,5.7654657
ISIC_0013975,-2.2006526,5.42627
ISIC_0013984,-3.4894788,8.569899
ISIC_0013987,-4.605303,6.5419564
ISIC_0013988,-4.638293,6.4906383
ISIC_0013992,-2.217,5.560235
ISIC_0013995,-1.131089,5.0607724
ISIC_0013997,-1.7547317,5.480054
ISIC_0014013,-3.8658593,10.222565
ISIC_0014037,-2.7495334,4.964925
ISIC_0014044,-4.5242047,9.166794
ISIC_0014049,-2.1674979,5.4618587
ISIC_0014059,-2.6408648,6.814422
ISIC_0014061,-5.4674683,8.114819
ISIC_0014062,-2.8033261,5.7558303
ISIC_0014072,-4.6202517,6.593464
ISIC_0014076,-4.565975,6.2567363
ISIC_0014077,-4.9586015,8.440382
ISIC_0014079,-4.2209506,7.965128
ISIC_0014082,-4.353554,8.464478
ISIC_0014086,-5.7623067,9.780141
ISIC_0014088,-2.2558136,5.8760467
ISIC_0014091,-3.0143118,5.888199
ISIC_0014092,-2.2994423,5.5968447
ISIC_0014099,-2.9153664,8.360599
ISIC_0014103,-5.1642766,6.9243264
ISIC_0014108,-4.5596037,6.001395
ISIC_0014110,-6.18846,9.94858
ISIC_0014127,-2.888067,7.4581933
ISIC_0014129,-5.723621,8.623669
ISIC_0014132,-4.0674257,7.7120447
ISIC_0014133,-1.3825988,5.62204
ISIC_0014144,-2.5769353,5.896777
ISIC_0014148,-4.277936,8.043049
ISIC_0014151,-5.667294,9.749636
ISIC_0014156,-4.323386,6.52545
ISIC_0014157,-4.056065,6.659536
ISIC_0014160,-2.2827961,5.814065
ISIC_0014163,-6.0961456,9.295388
ISIC_0014165,-5.3592854,8.140355
ISIC_0014171,-5.138866,7.965884
ISIC_0014173,-4.9753633,8.107771
ISIC_0014181,-4.554866,8.271478
ISIC_0014183,-5.5510807,9.24334
ISIC_0014186,-2.8838499,6.6555595
ISIC_0014187,16.4845,1.6021959
ISIC_0014189,-4.871774,6.6935196
ISIC_0014190,-2.4683118,4.926514
ISIC_0014217,-6.044807,9.121542
ISIC_0014219,-6.1436505,9.13167
ISIC_0014222,-4.6587563,8.561901
ISIC_0014229,-2.6045814,6.431587
ISIC_0014233,-4.3789535,5.77188
ISIC_0014238,-2.5260797,6.630451
ISIC_0014249,-3.9977815,7.8038254
ISIC_0014270,-4.3293695,6.3877974
ISIC_0014284,-2.6418247,5.8257427
ISIC_0014288,-3.9043338,6.5093064
ISIC_0014289,-4.6783423,10.229815
ISIC_0014290,-2.2288816,5.8811827
ISIC_0014291,-2.5795534,6.7027917
ISIC_0014302,-4.325581,6.6233873
ISIC_0014308,-4.5149226,6.3432746
ISIC_0014316,-4.350777,7.202154
ISIC_0014319,-2.1945639,5.6166706
ISIC_0014324,-4.8369417,6.723245
ISIC_0014325,-5.567078,9.936506
ISIC_0014327,-5.120279,9.135967
ISIC_0014331,-5.4422464,8.503271
ISIC_0014336,-4.488521,6.837209
ISIC_0014337,-3.6963532,6.166006
ISIC_0014347,-5.385621,7.2200584
ISIC_0014349,-2.654261,6.379084
ISIC_0014357,-4.319179,7.647584
ISIC_0014360,-4.394303,5.6050034
ISIC_0014361,-2.6054416,6.4534054
ISIC_0014366,-5.8138494,9.722674
ISIC_0014369,-3.639394,9.274336
ISIC_0014372,-5.535386,8.516466
ISIC_0014377,16.404963,1.5566108
ISIC_0014385,-4.068368,5.592201
ISIC_0014395,-4.528069,8.244331
ISIC_0014400,-2.8835607,5.582596
ISIC_0014422,-4.5869713,6.3929
ISIC_0014423,-2.9788961,4.4241867
ISIC_0014428,-2.5047946,6.72758
ISIC_0014434,-5.4780774,7.8978744
ISIC_0014454,-5.7910094,8.190005
ISIC_0014476,-2.8051057,6.2883277
ISIC_0014478,-2.363079,5.031972
ISIC_0014480,-4.461934,6.638285
ISIC_0014486,-2.3591805,6.030023
ISIC_0014489,-2.857452,5.4082847
ISIC_0014501,-5.9208746,8.518387
ISIC_0014506,-6.025894,8.671088
ISIC_0014507,-3.733349,5.845084
ISIC_0014513,-2.1584918,5.7126517
ISIC_0014525,-2.765208,5.1522374
ISIC_0014527,-6.130349,9.915714
ISIC_0014541,-1.7934272,6.1571865
ISIC_0014543,-3.6509168,5.853064
ISIC_0014545,-2.619019,6.949576
ISIC_0014546,-6.1909204,9.157503
ISIC_0014548,-4.4783063,6.196742
ISIC_0014557,-5.2516885,8.090631
ISIC_0014558,-5.081858,8.380338
ISIC_0014559,-3.639882,6.178333
ISIC_0014663,16.219496,1.4494283
ISIC_0014666,-3.8945434,5.4092693
ISIC_0014671,-5.955655,10.5680485
ISIC_0014681,16.26271,1.4602449
ISIC_0014688,16.213583,1.4280207
ISIC_0014689,-1.5785049,5.608087
ISIC_0014690,-3.8589377,6.1554813
ISIC_0014703,-4.8186145,7.867253
ISIC_0014722,-5.082457,9.373162
ISIC_0014727,-4.5896072,6.409411
ISIC_0014766,-4.948464,10.032574
ISIC_0014772,-6.0421076,8.291882
ISIC_0014784,-0.9897598,5.183706
ISIC_0014788,-4.2947626,10.439756
ISIC_0014790,-2.8850687,3.714512
ISIC_0014795,-5.9296446,9.994915
ISIC_0014800,-5.8100195,8.495024
ISIC_0014809,-5.3238072,10.260589
ISIC_0014813,-4.383154,9.698162
ISIC_0014826,-2.3821745,4.8676906
ISIC_0014832,-6.24228,9.705475
ISIC_0014852,-4.4840903,6.0261946
ISIC_0014857,-5.170585,6.7879663
ISIC_0014858,-1.328777,5.9464855
ISIC_0014862,-5.2530136,9.170511
ISIC_0014864,-3.7032444,9.232703
ISIC_0014871,-1.01126,5.2566957
ISIC_0014872,-5.088839,6.892285
ISIC_0014873,-6.0275087,8.313199
ISIC_0014874,-5.1754637,6.9008865
ISIC_0014877,-4.7822695,11.165613
ISIC_0014880,-3.9775584,5.3573036
ISIC_0014883,-5.1470404,8.853666
ISIC_0014891,16.261957,1.4023488
ISIC_0014892,-4.3270497,7.155515
ISIC_0014893,-5.1510277,6.8918633
ISIC_0014897,-4.2659016,11.120715
ISIC_0014900,-1.6939789,5.5603476
ISIC_0014912,-2.3180187,4.86755
ISIC_0014918,-2.3365698,4.806579
ISIC_0014919,-4.4083343,8.762196
ISIC_0014920,-4.477972,10.669832
ISIC_0014924,-1.362878,5.16995
ISIC_0014928,-5.756381,10.414124
ISIC_0014931,-5.333512,10.257605
ISIC_0014935,-1.782991,4.4729066
ISIC_0014951,-5.169758,8.985302
ISIC_0014953,-4.680081,10.647736
ISIC_0014963,-1.2230271,5.51785
ISIC_0014970,-4.684972,10.203144
ISIC_0014975,-5.141691,6.946635
ISIC_0014979,-2.4156427,4.8325024
ISIC_0014980,16.281267,1.4580966
ISIC_0014982,-4.15389,9.427251
ISIC_0014983,-6.0503,8.2276325
ISIC_0014985,-3.8960836,6.687882
ISIC_0014987,-4.97642,7.16231
ISIC_0014999,-2.7008345,3.4344873
ISIC_0015004,-5.1373105,6.9201016
ISIC_0015005,-3.995016,6.483501
ISIC_0015041,-4.3942246,10.740066
ISIC_0015045,-5.078602,9.675871
ISIC_0015050,-3.20402,4.8834505
ISIC_0015065,-1.4851906,5.6641135
ISIC_0015067,-4.6439466,8.522114
ISIC_0015073,-4.117141,9.921037
ISIC_0015079,-5.4458165,10.299555
ISIC_0015082,-5.54254,9.960864
ISIC_0015083,-1.6813169,5.4768295
ISIC_0015088,-2.443227,3.8526883
ISIC_0015096,-1.5468106,5.660838
ISIC_0015106,-5.496529,10.198199
ISIC_0015109,-5.0909,10.618627
ISIC_0015114,-5.3619986,9.162502
ISIC_0015115,-4.535024,7.81069
ISIC_0015116,-5.1921434,11.181766
ISIC_0015119,-1.1602681,5.023562
ISIC_0015120,-4.720556,9.654068
ISIC_0015122,-6.184629,9.602047
ISIC_0015124,-5.4605064,10.976431
ISIC_0015127,-5.3202486,10.877693
ISIC_0015128,-4.433339,10.778071
ISIC_0015132,-1.0795304,4.9535456
ISIC_0015133,-3.7656426,9.714952
ISIC_0015136,-4.7820244,11.0907135
ISIC_0015141,-5.8565364,8.595718
ISIC_0015142,-5.0042925,10.089726
ISIC_0015143,-4.873506,10.235468
ISIC_0015145,-4.4129257,9.131784
ISIC_0015156,-5.9356055,8.438653
ISIC_0015163,-3.8305094,4.6697073
ISIC_0015166,-4.550826,9.247262
ISIC_0015167,-3.7188184,6.45543
ISIC_0015169,-5.253631,11.135535
ISIC_0015178,-1.1535664,4.818687
ISIC_0015180,-3.8549094,9.890504
ISIC_0015185,-4.7819333,7.485967
ISIC_0015189,-5.878042,10.323885
ISIC_0015190,-5.2720695,9.570464
ISIC_0015191,-4.4256487,7.8532166
ISIC_0015192,-6.270404,9.837044
ISIC_0015193,-4.4688945,9.098841
ISIC_0015194,-5.3266354,10.01841
ISIC_0015196,-3.4570303,3.9209254
ISIC_0015197,-3.3917596,4.0642896
ISIC_0015204,-4.9854293,8.17205
ISIC_0015205,-4.819618,8.79038
ISIC_0015206,-4.522064,7.0779433
ISIC_0015213,-4.5103817,7.8652005
ISIC_0015219,-5.392942,11.026892
ISIC_0015228,16.222078,1.7246556
ISIC_0015229,-4.555969,8.52888
ISIC_0015230,-1.9262937,4.8731437
ISIC_0015236,-3.8763552,4.4464846
ISIC_0015243,-1.7758396,4.754254
ISIC_0015246,-1.5431204,5.3432913
ISIC_0015248,-4.2488174,11.194434
ISIC_0015251,-5.608881,9.796701
ISIC_0015256,-5.002634,6.4354157
ISIC_0015266,-4.807544,8.794775
ISIC_0015277,-3.8770823,9.910565
ISIC_0015284,-4.609042,7.891859
ISIC_0015288,-3.5716267,4.4937296
ISIC_0015289,-2.8468606,3.6121104
ISIC_0015314,-3.3513043,5.271209
ISIC_0015316,-2.5114298,3.57252
ISIC_0015317,-5.9888263,10.46206
ISIC_0015318,-3.4870408,4.1749887
ISIC_0015332,-3.9530609,4.66614
ISIC_0015336,-5.353236,9.996809
ISIC_0015343,-4.989071,8.95924
ISIC_0015356,-4.137503,10.108599
ISIC_0015377,-2.7415104,6.9420185
ISIC_0015433,-3.2994874,3.820971
ISIC_0015434,-4.4787045,9.773809
ISIC_0015441,-2.8083732,5.0982447
ISIC_0015442,-3.2366662,3.8329024
ISIC_0015457,-4.707918,8.532443
ISIC_0015458,-4.939485,8.021169
ISIC_0015477,-4.4817963,10.690882
ISIC_0015503,-2.2477505,4.9827833
ISIC_0015508,16.255356,1.4220945
ISIC_0015514,-5.290468,9.7117
ISIC_0015517,-5.1352477,8.773802
ISIC_0015519,-5.485983,9.017244
ISIC_0015522,-6.2023067,9.704097
ISIC_0015523,-1.690439,5.6942835
ISIC_0015533,-2.9670181,3.7730143
ISIC_0015565,-6.331147,9.810049
ISIC_0015575,-5.861969,10.4671955
ISIC_0015595,-1.6987975,5.4778767
ISIC_0015608,-4.6893797,9.171387
ISIC_0015619,-3.603412,4.0246296
ISIC_0016080,-4.3241534,6.537803
ISIC_0016081,-3.5662818,8.72094
ISIC_0016082,-2.831118,8.21273
ISIC_0016084,-3.5392506,7.2606134
ISIC_0016085,-3.977372,7.8442016
ISIC_0016092,-2.9659195,8.442295
ISIC_0016094,-4.8582964,10.552876
ISIC_0016112,-4.449288,7.5952196
ISIC_0016114,-5.0765643,8.815467
ISIC_0016123,-5.8914566,9.145304
ISIC_0016127,-3.673542,7.88388
ISIC_0016128,-4.633237,11.195526
ISIC_0016131,-2.6237552,4.987327
ISIC_0016133,-4.026553,9.278131
ISIC_0016137,-4.803857,11.309686
ISIC_0016139,-4.0763297,7.5741873
ISIC_0016145,-3.2266963,10.606695
ISIC_0016153,-6.187624,9.160117
ISIC_0016161,-4.244674,7.9201093
ISIC_0016162,-2.9248667,8.375005
ISIC_0016438,-3.8549836,10.887448
ISIC_0016911,16.212482,1.3802302
ISIC_0017350,-5.2071733,11.057021
ISIC_0017399,-4.9737744,11.104938
ISIC_0017411,-1.2731533,4.953556
ISIC_0017414,-1.4356343,5.778331
ISIC_0017415,-4.289337,10.9959135
ISIC_0017422,-6.4593863,10.110166
ISIC_0017428,-5.493656,10.581752
ISIC_0017431,-6.506715,9.811473
ISIC_0017434,-4.3523674,9.054601
ISIC_0017436,-4.405321,9.273086
ISIC_0017443,-1.7620664,5.358187
ISIC_0017448,-4.758402,9.527518
ISIC_0017451,-1.7236658,4.863155
ISIC_0017453,-4.677785,11.109317
ISIC_0017455,-5.852709,10.552708
ISIC_0017460,-4.823561,9.691828
ISIC_0017485,-4.117198,10.827519
ISIC_0017486,-5.4648333,10.198288
ISIC_0017856,-1.0936129,5.61506
ISIC_0018039,-4.7775187,8.371481
ISIC_0018040,-1.1201665,5.5468187
ISIC_0019315,-2.9992387,5.439897
ISIC_0019334,-4.28706,10.803517
ISIC_0019335,-4.3451824,10.838284
ISIC_0019432,-5.479951,8.267955
ISIC_0020491,-5.571635,9.946846
ISIC_0020963,-4.9698634,7.7263646
ISIC_0020975,-4.8471494,8.735164
ISIC_0020977,-5.195756,9.275782
ISIC_0020978,-4.957124,10.180892
ISIC_0020985,-4.0096765,5.4524345
ISIC_0020986,-1.817064,4.2329025
ISIC_0020987,-2.7243543,5.2389293
ISIC_0020988,-4.071202,5.741328
ISIC_0020998,-2.5688047,3.6831872
ISIC_0021009,-2.1553144,4.081296
ISIC_0021020,-2.6797023,5.7331867
ISIC_0021094,16.25394,1.3903205
ISIC_0021095,-2.4038517,5.059805
ISIC_0021125,-3.2916565,4.8185725
ISIC_0021136,-3.4380298,4.3644853
ISIC_0021147,-2.5106356,3.7821498
ISIC_0021155,-3.603554,4.6658444
ISIC_0021162,-2.9821692,5.3596773
ISIC_0021166,-4.1141515,9.225128
ISIC_0021167,-2.4676933,5.2480235
ISIC_0021168,-4.25814,9.742789
ISIC_0021172,-2.8956745,3.7821693
ISIC_0021187,-3.972825,10.945787
ISIC_0021188,-6.357015,10.454455
ISIC_0021189,-6.532402,10.358169
ISIC_0021194,-3.2449167,4.9899826
ISIC_0021205,-2.4349787,4.790753
ISIC_0021271,-1.7592611,5.4307723
ISIC_0021282,-4.1534452,10.496877
ISIC_0021293,-1.7087568,5.4356666
ISIC_0021295,-4.252325,9.405775
ISIC_0021296,-3.471232,7.2354236
ISIC_0021297,-4.2375455,7.8507743
ISIC_0021328,-5.979348,9.447568
ISIC_0021329,-5.7448897,9.3870325
ISIC_0021330,-5.8388376,9.412642
ISIC_0021339,-3.9564695,5.9571805
ISIC_0021340,-2.5241282,4.2596207
ISIC_0021341,16.09005,1.6241877
ISIC_0021382,-3.0680058,5.029863
ISIC_0021383,-3.5306592,5.0827365
ISIC_0021384,16.141344,1.7581404
ISIC_0021390,-4.14539,7.287282
ISIC_0021391,16.366148,1.576637
ISIC_0021399,-5.435886,9.488668
ISIC_0021400,-5.5777783,8.494808
ISIC_0021401,-5.4769917,9.829657
ISIC_0021405,-5.569065,9.462876
ISIC_0021407,-5.685142,9.121045
ISIC_0021408,-5.6998734,9.685325
ISIC_0021426,-2.6047537,4.3653665
ISIC_0021427,-3.8276477,5.3895345
ISIC_0021428,-2.6328156,5.233901
ISIC_0021432,-4.4488335,10.102452
ISIC_0021434,-4.991186,10.316798
ISIC_0021435,-4.648457,10.120971
ISIC_0021439,-1.9131278,5.510923
ISIC_0021440,-3.1528463,5.5351844
ISIC_0021441,-3.8112204,6.83942
ISIC_0021442,-3.007306,4.2360983
ISIC_0021443,16.353752,1.4742308
ISIC_0021446,-4.309725,5.6125164
ISIC_0021473,-6.3331146,9.534465
ISIC_0021474,-5.571919,9.294541
ISIC_0021475,-4.998442,9.775981
ISIC_0021480,-6.0288634,10.248772
ISIC_0021481,-6.3071394,9.778628
ISIC_0021482,-6.241948,9.965931
ISIC_0021491,-4.276558,10.574238
ISIC_0021492,-4.825995,10.183622
ISIC_0021493,-5.0248814,7.17085
ISIC_0021497,-5.075255,9.018494
ISIC_0021498,-2.8393877,5.156879
ISIC_0021500,-5.360124,7.7007866
ISIC_0021530,-6.0137777,10.3919525
ISIC_0021531,-6.2385845,9.529027
ISIC_0021533,-6.152331,10.326072
ISIC_0021534,-3.8143208,9.73076
ISIC_0021535,-4.2837863,10.575924
ISIC_0021536,-4.6756063,10.823074
ISIC_0021542,-4.6134086,10.558001
ISIC_0021543,-4.033817,10.17154
ISIC_0021544,-4.0446596,8.486165
ISIC_0021611,-4.2091074,6.9841113
ISIC_0021622,-4.0195847,7.815587
ISIC_0021627,-3.441782,7.522825
ISIC_0021646,-5.986477,9.418663
ISIC_0021647,-3.2214105,6.56014
ISIC_0021648,-2.2673583,5.580267
ISIC_0021687,-3.6671348,6.707271
ISIC_0021688,-3.9650862,7.1266937
ISIC_0021689,-5.624635,10.233344
ISIC_0021706,-4.762202,11.295827
ISIC_0021708,-4.6405473,10.550669
ISIC_0021709,-4.9060745,11.2848425
ISIC_0021710,-3.7313762,6.3757973
ISIC_0021711,-3.451105,5.1352882
ISIC_0021713,-3.9593415,6.970338
ISIC_0021728,-3.6894433,5.7153187
ISIC_0021729,-3.4183488,5.6888714
ISIC_0021730,-4.6458282,7.668507
ISIC_0021745,-4.848448,11.203755
ISIC_0021746,-4.4676514,11.275904
ISIC_0021747,-5.273915,10.864519
ISIC_0021768,-5.6354003,8.138661
ISIC_0021770,-3.078344,8.571981
ISIC_0021771,-3.8425338,7.687021
ISIC_0021772,-4.9963408,10.0252075
ISIC_0021780,-4.501219,6.512098
ISIC_0021781,-6.5513115,10.258647
ISIC_0021782,-6.4527736,10.32996
ISIC_0021783,-3.572556,9.557279
ISIC_0021784,-6.5978208,10.188973
ISIC_0021785,-6.4723125,9.989803
ISIC_0021786,-6.1622334,10.365541
ISIC_0021787,-3.1722205,7.703992
ISIC_0021789,-4.5653687,11.074392
ISIC_0021800,-4.4321356,9.928413
ISIC_0021801,-4.2990036,6.72662
ISIC_0021802,-3.7479382,9.141947
ISIC_0021803,-4.310235,10.28816
ISIC_0021804,-4.723311,11.07803
ISIC_0021805,-1.2840879,4.8859334
ISIC_0021816,-4.4570546,5.7356195
ISIC_0021818,-2.6620467,5.46622
ISIC_0021819,-1.7015533,5.408175
ISIC_0021850,-4.08648,6.556556
ISIC_0021851,-5.9407372,8.876612
ISIC_0021896,-4.4836154,6.008502
ISIC_0021897,-5.449095,7.249807
ISIC_0021898,-5.672365,8.504776
ISIC_0021899,-5.243996,8.67066
ISIC_0021900,-4.651761,8.280647
ISIC_0021901,-4.9338236,8.442067
ISIC_0021908,-6.13271,9.962484
ISIC_0021917,-6.1278124,10.064774
ISIC_0021921,-4.5884542,8.583951
ISIC_0021925,-2.082309,4.163043
ISIC_0021926,-3.899895,8.596938
ISIC_0021927,-4.4729247,8.378542
ISIC_0021967,-6.287377,9.586312
ISIC_0021969,-6.1066313,9.463854
ISIC_0021970,-3.3454852,8.020024
ISIC_0021971,-6.155646,9.725109
ISIC_0021972,-6.1564827,9.638158
ISIC_0021973,-6.16406,9.58957
ISIC_0021974,-6.132777,9.538156
ISIC_0021975,-6.2763896,9.582639
ISIC_0021976,-6.3447003,9.71625
ISIC_0021977,-6.27484,9.563103
ISIC_0021978,-6.210576,9.53242
ISIC_0021979,-5.044352,9.352826
ISIC_0021980,-6.3913145,9.73941
ISIC_0021981,-6.3446245,9.732085
ISIC_0021985,-5.288338,9.396216
ISIC_0021996,-4.9430323,7.8531384
ISIC_0021997,-4.1373553,9.288891
ISIC_0022000,-4.322352,11.339191
ISIC_0022003,-4.9975,9.368124
ISIC_0022009,-3.0449939,4.726999
ISIC_0022010,-3.914413,4.744407
ISIC_0022011,-3.5956945,5.138903
ISIC_0022012,-3.6013417,5.094927
ISIC_0022013,-4.6357594,9.153954
ISIC_0022022,-5.049511,9.114535
ISIC_0022048,-3.8481376,6.6118603
ISIC_0022059,-4.6489305,7.7590184
ISIC_0022066,-5.6632996,8.38076
ISIC_0022067,-6.1548123,9.523655
ISIC_0022068,-2.9605348,4.4383373
ISIC_0022069,-6.093907,9.001844
ISIC_0022070,-4.551523,7.695496
ISIC_0022071,-5.8408394,10.153847
ISIC_0022073,-5.2452064,11.063559
ISIC_0022075,-2.6606185,4.059784
ISIC_0022076,-1.428734,4.77188
ISIC_0022077,-4.2805843,8.485325
ISIC_0022078,-4.7767887,7.8005266
ISIC_0022079,-4.7020373,8.473096
ISIC_0022080,-2.9043748,3.727665
ISIC_0022081,16.24553,1.5643733
ISIC_0022082,-2.6924846,5.7573996
ISIC_0022083,-6.1199856,9.456693
ISIC_0022102,-2.9953756,5.5043125
ISIC_0022113,-2.6585093,3.4056273
ISIC_0022123,-5.1859193,6.796194
ISIC_0022124,-2.730307,5.582675
ISIC_0022125,-2.0686536,5.5472116
ISIC_0022154,-4.7131004,9.305217
ISIC_0022155,-3.8681076,6.5936155
ISIC_0022156,-4.7819524,9.5315275
ISIC_0022157,-4.924567,7.567629
ISIC_0022180,-5.3389277,9.800091
ISIC_0022195,-6.424797,10.254701
ISIC_0022196,-4.296073,10.460434
ISIC_0022197,-6.3711405,10.119404
ISIC_0022198,-6.3386197,10.150524
ISIC_0022199,-6.4709806,9.01946
ISIC_0022245,-4.3167825,9.581419
ISIC_0022246,-3.5926833,10.043319
ISIC_0022254,-3.446399,5.685395
ISIC_0022255,-5.0258064,9.103536
ISIC_0022256,-4.072343,6.089941
ISIC_0022286,-6.0865793,9.628357
ISIC_0022304,-4.4397254,11.208775
ISIC_0022305,-4.314242,11.179986
ISIC_0022306,-4.309693,11.234205
ISIC_0022307,-4.4361005,11.222616
ISIC_0022308,-4.242435,11.13711
ISIC_0022311,-2.849208,4.1167107
ISIC_0022312,16.285223,1.3989401
ISIC_0022313,-3.006531,4.258424
ISIC_0022314,16.310469,1.3756384
ISIC_0022315,-2.9793806,3.834912
ISIC_0022316,-5.21559,6.964004
ISIC_0022317,-5.228241,6.954163
ISIC_0022318,-5.1660104,7.1554866
ISIC_0022319,-5.200675,6.9529057
ISIC_0022321,-5.3055773,7.2719088
ISIC_0022322,-5.25718,7.0046415
ISIC_0022327,-4.0818267,10.946202
ISIC_0022328,-4.474188,10.974976
ISIC_0022329,-3.9980562,10.74924
ISIC_0022330,-4.2348843,11.147819
ISIC_0022332,-4.306328,11.18004
ISIC_0022338,-6.3200216,10.005043
ISIC_0022339,-6.4646173,10.155876
ISIC_0022340,-6.211039,10.18327
ISIC_0022378,-3.1326506,4.0065007
ISIC_0022379,-2.8374653,4.136117
ISIC_0022380,-3.0442727,4.199888
ISIC_0022381,-2.5624597,6.8662558
ISIC_0022382,-3.7343833,7.7526894
ISIC_0022383,-2.6059911,7.0221195
ISIC_0022384,-6.1522646,8.481969
ISIC_0022385,-6.1133904,8.573631
ISIC_0022397,-3.3802383,4.9775805
ISIC_0022398,-3.8990972,5.363646
ISIC_0022399,-3.7562847,5.2179313
ISIC_0022437,-6.5484214,10.260707
ISIC_0022439,-5.88895,10.684031
ISIC_0022440,-6.405074,10.002028
ISIC_0022442,-6.430797,10.361273
ISIC_0022463,-3.8229306,5.495651
ISIC_0022474,-3.4314837,6.4109144
ISIC_0022570,-3.363098,9.633992
ISIC_0022571,-3.5494041,9.719733
ISIC_0022572,-5.0238204,10.703161
ISIC_0022573,-3.3698816,9.693511
ISIC_0022574,-4.988819,10.75008
ISIC_0022597,-5.0743194,9.31657
ISIC_0022601,-5.1048055,8.986373
ISIC_0022602,-5.0037074,9.255091
ISIC_0022603,-5.030063,9.301811
ISIC_0022604,-5.1183605,9.241762
ISIC_0022615,-3.8892014,7.179602
ISIC_0022616,-3.706336,5.2852077
ISIC_0022617,16.386707,1.5038574
ISIC_0022624,-4.445475,6.713735
ISIC_0022660,-5.390178,8.592566
ISIC_0022679,16.301678,1.4641074
ISIC_0022682,-3.2948384,5.0282726
ISIC_0022683,16.375414,1.5087688
ISIC_0022684,-4.4353952,7.5630436
ISIC_0022685,-3.892412,6.289582
ISIC_0022686,16.346226,1.4723012
ISIC_0022783,-4.03951,5.4939427
ISIC_0022793,-6.098584,10.397993
ISIC_0022794,-5.8455396,10.215125
ISIC_0022796,-6.0231266,10.278901
ISIC_0022797,-2.6312087,6.0995164
ISIC_0022798,-6.3340387,10.005111
ISIC_0022799,-3.1986818,7.8772693
ISIC_0022894,-2.685059,4.432289
ISIC_0023021,-3.050377,5.0106034
ISIC_0023022,-3.1511457,4.882729
ISIC_0023023,16.292116,1.396404
ISIC_0023025,-2.5441136,5.389929
ISIC_0023026,-3.4838066,4.3776503
ISIC_0023042,16.116766,1.72017
ISIC_0023043,-2.324009,4.724975
ISIC_0023044,16.092081,1.6676201
ISIC_0023045,-2.314854,4.625268
ISIC_0023047,-3.4939892,5.084407
ISIC_0023048,-1.4284675,4.3413434
ISIC_0023049,-4.151322,5.964972
ISIC_0023050,-1.9017993,5.0215125
ISIC_0023051,-3.511303,3.2856982
ISIC_0023052,-5.1298614,6.946324
ISIC_0023053,-4.811885,6.5625176
ISIC_0023054,-3.5152366,3.7193708
ISIC_0023103,-1.7885882,4.4941506
ISIC_0023104,-1.8098472,4.4255414
ISIC_0023105,-2.1529527,5.0650144
ISIC_0023106,-2.3637147,4.1540236
ISIC_0023107,-2.2154362,4.344448
ISIC_0023108,-2.3498077,4.0531325
ISIC_0023109,-1.7383883,4.541617
ISIC_0023110,-1.6725513,4.5611963
ISIC_0023111,-1.7622745,4.4503036
ISIC_0023116,-4.525257,6.1368074
ISIC_0023117,-3.9944894,6.39136
ISIC_0023119,-4.3886414,6.12738
ISIC_0023130,-2.0153918,4.328749
ISIC_0023131,-4.7447834,6.135701
ISIC_0023132,-2.8776848,3.5464175
ISIC_0023133,-1.2845036,5.898376
ISIC_0023161,-2.171882,5.325869
ISIC_0023163,-5.0521874,9.228608
ISIC_0023164,-5.349472,8.604727
ISIC_0023165,-4.5466256,6.3817105
ISIC_0023236,-5.3457136,8.242648
ISIC_0023262,-2.1510441,4.551129
ISIC_0023264,-2.3664923,4.0357957
ISIC_0023265,-3.2997308,5.784058
ISIC_0023266,-2.348416,4.042976
ISIC_0023267,-3.8927324,4.906424
ISIC_0023268,16.169765,1.4941951
ISIC_0023269,-2.6584935,4.0731134
ISIC_0023270,16.220308,1.4214468
ISIC_0023271,-4.468725,8.791841
ISIC_0023272,-2.985361,3.819195
ISIC_0023273,-1.734218,5.012026
ISIC_0023275,-3.1136563,4.092349
ISIC_0023276,-3.931038,4.4950814
ISIC_0023277,-4.254792,7.0781374
ISIC_0023278,-3.2305524,5.555146
ISIC_0023279,-3.8108099,4.2354136
ISIC_0023280,-3.268776,5.4721823
ISIC_0023281,-3.170325,3.857776
ISIC_0023282,-3.31872,4.490582
ISIC_0023283,-2.6354775,4.0418525
ISIC_0023284,-2.6841605,3.9454858
ISIC_0023286,16.325544,1.4553579
ISIC_0023287,-3.385505,5.798629
ISIC_0023288,16.098032,1.6355367
ISIC_0023289,-1.6427133,4.9994297
ISIC_0023290,16.109318,1.4861331
ISIC_0023291,16.14416,1.5851232
ISIC_0023292,-4.620978,8.888749
ISIC_0023293,16.106821,1.5130242
ISIC_0023294,-3.5646951,3.674736
ISIC_0023295,16.158356,1.4652646
ISIC_0023296,-4.644412,8.777561
ISIC_0023297,-3.1594212,4.8796782
ISIC_0023298,-3.5796068,8.304083
ISIC_0023299,-2.0391538,4.8137136
ISIC_0023300,-2.5662756,4.7434764
ISIC_0023301,-4.1717606,8.878884
ISIC_0023302,-1.3226197,4.6630316
ISIC_0023303,16.074825,1.5854515
ISIC_0023304,-4.6873455,10.240465
ISIC_0023305,-2.8056471,7.911447
ISIC_0023306,-4.311735,7.6076922
ISIC_0023307,-3.3716,3.7441351
ISIC_0023308,-3.7617073,6.3578253
ISIC_0023309,-4.692419,6.756524
ISIC_0023310,-4.8191934,6.381885
ISIC_0023311,-3.0158248,4.0413175
ISIC_0023312,-4.429161,8.838886
ISIC_0023313,-3.1451821,5.4850035
ISIC_0023314,16.27872,1.6368648
ISIC_0023315,-4.780265,7.9441857
ISIC_0023316,16.125114,1.6310357
ISIC_0023317,-4.9910717,6.511174
ISIC_0023318,-1.4964577,4.7579017
ISIC_0023320,-2.9841347,4.293935
ISIC_0023321,-3.569428,3.9277003
ISIC_0023322,-2.9405138,6.093985
ISIC_0023323,-3.1127596,4.814664
ISIC_0023324,-3.628084,6.5535502
ISIC_0023325,-4.425787,7.9534883
ISIC_0023326,-2.8027909,8.13996
ISIC_0023327,-3.6636038,8.176133
ISIC_0023328,-2.9688475,4.2467165
ISIC_0023329,-3.0032628,4.2965817
ISIC_0023331,-1.5241657,4.799338
ISIC_0023364,-4.6407337,7.806695
ISIC_0023365,-4.6354547,7.549691
ISIC_0023366,-4.86161,7.8828936
ISIC_0023367,-4.578699,6.899141
ISIC_0023368,-4.489316,6.915907
ISIC_0023369,-4.4716296,6.773005
ISIC_0023370,-3.5282767,6.3173366
ISIC_0023371,-4.708553,6.9664426
ISIC_0023372,-3.502502,6.305763
ISIC_0023374,-3.5079532,6.295961
ISIC_0023375,-4.5026374,6.816414
ISIC_0023376,-4.671557,6.8926234
ISIC_0023377,-4.702309,6.896486
ISIC_0023395,-4.750538,8.649998
ISIC_0023396,-3.483161,4.5666957
ISIC_0023397,-2.4353988,4.658037
ISIC_0023398,-2.4225237,4.694158
ISIC_0023399,-3.4927907,4.5541167
ISIC_0023427,-4.005549,6.618068
ISIC_0023438,-4.0991745,6.2996483
ISIC_0023458,-3.1408522,3.519975
ISIC_0023459,16.088549,1.7726617
ISIC_0023460,16.082346,1.784372
ISIC_0023461,-3.1047018,4.1483974
ISIC_0023462,-4.8430133,7.182187
ISIC_0023463,16.076044,1.8028504
ISIC_0023464,16.048725,1.8289932
ISIC_0023465,-3.8684347,7.6060543
ISIC_0023466,-4.6951113,5.8781986
ISIC_0023467,-3.9140975,4.694338
ISIC_0023469,-3.0066419,5.0790014
ISIC_0023482,-2.9275534,4.3864946
ISIC_0023483,-3.2295668,4.0320873
ISIC_0023484,-2.7662966,3.6606147
ISIC_0023485,-1.300486,4.9037733
ISIC_0023486,-3.0029497,3.9039114
ISIC_0023488,-2.6014977,3.7797348
ISIC_0023489,-2.9821904,4.841404
ISIC_0023490,-2.3032045,4.870893
ISIC_0023491,-3.2368944,6.703681
ISIC_0023492,-3.821063,5.474167
ISIC_0023493,-4.8589587,8.84311
ISIC_0023494,-2.924755,4.4144506
ISIC_0023495,-6.1846414,9.55936
ISIC_0023496,-6.1051636,9.925827
ISIC_0023497,-5.982592,10.110445
ISIC_0023500,-6.18886,9.771358
ISIC_0023502,-6.123287,9.882007
ISIC_0023503,-6.5315914,9.472588
ISIC_0023504,-3.159176,5.2404146
ISIC_0023505,-3.5484746,5.040216
ISIC_0023506,-1.6672084,4.660769
ISIC_0023507,16.331505,1.4143506
ISIC_0023508,-4.512926,8.2697
ISIC_0023509,16.2188,1.4314338
ISIC_0023511,-2.0547335,5.3959384
ISIC_0023512,-1.9341934,4.2619615
ISIC_0023513,-1.3789358,4.8810153
ISIC_0023514,-4.6452947,9.822042
ISIC_0023515,-2.47275,4.192455
ISIC_0023516,-1.6733779,4.9537683
ISIC_0023517,-1.6545496,4.3316836
ISIC_0023518,-1.3090199,4.8795857
ISIC_0023519,-4.6116853,9.2142935
ISIC_0023524,-2.8725803,3.7399347
ISIC_0023525,-5.3824325,10.035518
ISIC_0023526,-4.6754932,6.378133
ISIC_0023529,-3.7143736,4.409639
ISIC_0023530,-3.1787264,5.0368247
ISIC_0023531,-2.5234852,4.824228
ISIC_0023553,-4.0437355,7.8045382
ISIC_0023554,-4.044877,7.836332
ISIC_0023561,-5.0502996,6.7519927
ISIC_0023574,-5.1199064,10.1394415
ISIC_0023575,-4.9540186,10.07778
ISIC_0023594,-4.285322,6.8336406
ISIC_0023596,-2.3587122,5.467879
ISIC_0023597,-2.4059,5.5402255
ISIC_0023604,-3.7022784,9.1529665
ISIC_0023606,-3.776543,9.3262615
ISIC_0023608,-2.76913,7.649555
ISIC_0023620,-6.281074,10.238374
ISIC_0023631,-5.73988,9.594288
ISIC_0023634,-4.960501,8.184393
ISIC_0023635,-3.1332514,4.8284826
ISIC_0023636,-3.299203,6.0041747
ISIC_0023637,-3.969822,7.760104
ISIC_0023638,-4.9323754,8.472974
ISIC_0023639,-4.05696,4.6582623
ISIC_0023640,-4.193263,7.234628
ISIC_0023641,-5.875233,8.914704
ISIC_0023642,-1.3694295,5.361079
ISIC_0023643,-3.2021549,4.864542
ISIC_0023644,-5.982273,9.376664
ISIC_0023645,-5.898502,9.466246
ISIC_0023646,-3.6984696,4.585145
ISIC_0023647,16.353476,1.4756833
ISIC_0023648,-3.8883426,7.182049
ISIC_0023669,-5.666615,10.331241
ISIC_0023670,-5.3362813,10.4599285
ISIC_0023671,-6.6478634,9.962658
ISIC_0023675,-1.340624,5.4563565
ISIC_0023685,-3.2022998,4.538247
ISIC_0023705,-4.7210617,6.8720875
ISIC_0023706,-3.561528,5.307667
ISIC_0023707,-5.772621,7.921179
ISIC_0023708,-2.9915879,4.6034617
ISIC_0023711,-2.9136012,5.559288
ISIC_0023712,-5.9114184,9.488196
ISIC_0023744,-4.8037534,10.100231
ISIC_0023747,-4.395335,7.985314
ISIC_0023755,-5.194517,9.83618
ISIC_0023762,-3.5540817,3.931731
ISIC_0023763,-4.932687,7.897809
ISIC_0023764,-4.1921167,7.680899
ISIC_0023765,-6.4736156,9.027892
ISIC_0023766,-4.111936,7.475763
ISIC_0023767,-6.475056,9.041092
ISIC_0023769,-3.857119,9.781231
ISIC_0023770,-4.066078,9.833402
ISIC_0023771,-4.615306,10.052428
ISIC_0023786,-3.488224,6.4594564
ISIC_0023787,-4.108393,7.9052052
ISIC_0023806,-4.274024,7.2802796
ISIC_0023807,-4.0611725,7.888306
ISIC_0023808,-4.032501,6.647161
ISIC_0023809,-6.558827,10.146763
ISIC_0023811,-6.559886,10.259557
ISIC_0023812,-6.2551937,8.65378
ISIC_0023836,-3.539794,10.490854
ISIC_0023837,-6.082976,10.302809
ISIC_0023838,-3.6770782,7.754747
ISIC_0023839,-5.7098346,9.963568
ISIC_0023843,-5.94582,9.169727
ISIC_0023853,-5.4904246,9.30967
ISIC_0023854,-5.864393,9.592129
ISIC_0023855,-5.5129957,8.830228
ISIC_0023856,-4.332999,5.7381935
ISIC_0023890,-4.5778413,6.7788467
ISIC_0023891,-6.3849063,9.172709
ISIC_0023893,-5.6703615,10.370725
ISIC_0023900,-5.975425,9.376312
ISIC_0023901,-4.881057,10.916009
ISIC_0023902,-4.375484,10.540603
ISIC_0023903,-4.501516,8.112548
ISIC_0023923,-6.481914,9.609752
ISIC_0023924,-2.4756525,6.692783
ISIC_0023925,-2.5001285,6.5645065
ISIC_0024005,-4.9462523,9.521382
ISIC_0024015,-5.192683,9.595432
ISIC_0024016,-4.3646193,7.978515
ISIC_0024018,-5.350826,9.23436
ISIC_0024032,-3.7642765,5.9775343
ISIC_0024033,-2.7874668,4.0735807
ISIC_0024034,16.281063,1.5067776
ISIC_0024072,-1.9802039,5.508395
ISIC_0024083,-4.7956395,6.627167
ISIC_0024085,-5.6715035,7.6541953
ISIC_0024086,-3.6226034,5.8315396
ISIC_0024087,-2.9515657,4.5892267
ISIC_0024091,-1.4469689,5.846625
ISIC_0024095,-3.0586321,5.1002307
ISIC_0024096,16.275032,1.3935497
ISIC_0024097,-2.6212928,3.6588926
ISIC_0024108,-3.5403824,6.9788027
ISIC_0024109,-3.1986635,5.494291
ISIC_0024112,-2.7493832,4.5192327
ISIC_0024119,-2.4721737,5.2660675
ISIC_0024120,-2.380097,5.30803
ISIC_0024121,-1.439914,4.9006543
ISIC_0024193,-4.0211334,10.656275
ISIC_0024194,-4.0137167,10.52957
ISIC_0024195,-3.9389539,4.7093725
ISIC_0024313,-2.6483352,7.5667167
ISIC_0024315,-2.5519543,6.2292457
ISIC_0024351,-5.0677934,9.997882
ISIC_0024481,-5.94627,10.624834
ISIC_0024537,-5.2752724,10.468642
ISIC_0024546,-5.4848633,8.765198
ISIC_0024586,-6.5494823,10.174154
ISIC_0024624,-3.1579816,6.4760165
ISIC_0024644,-2.7962089,3.640572
ISIC_0024675,16.503748,1.6261294
ISIC_0024688,-6.0149083,9.140161
ISIC_0024733,-4.5449977,8.34768
ISIC_0024792,-0.9637677,5.0998573
ISIC_0024806,-1.7319561,5.305904
ISIC_0024865,-6.1085134,10.066439
ISIC_0024886,-3.576995,7.3939295
ISIC_0024898,-5.080642,10.2386055
ISIC_0024900,-5.270755,8.309308
ISIC_0024911,-6.5000954,10.234268
ISIC_0024918,-3.9366624,10.592769
ISIC_0024932,-5.651884,10.350452
ISIC_0024952,-4.3316393,11.239097
ISIC_0024972,-2.7665946,5.57431
ISIC_0025018,-2.2145097,6.315534
ISIC_0025035,-5.8905535,10.390827
ISIC_0025081,-3.2714884,8.810388
ISIC_0025085,-2.7913194,8.233784
ISIC_0025127,-1.286472,5.784091
ISIC_0025128,-3.1184242,7.8439727
ISIC_0025155,-3.1139028,6.330827
ISIC_0025219,-4.483856,10.512057
ISIC_0025235,-4.8113513,9.101168
ISIC_0025238,-6.492562,9.027779
ISIC_0025265,-6.5436907,10.162426
ISIC_0025316,-2.556861,7.255654
ISIC_0025409,-4.3291054,7.267094
ISIC_0025451,-4.5485477,10.6412325
ISIC_0025489,-5.081695,9.78934
ISIC_0025550,-6.2791815,10.054126
ISIC_0025573,-5.0981026,8.437025
ISIC_0025589,-4.4266257,7.324116
ISIC_0025592,-6.542113,10.276822
ISIC_0025603,-1.0953368,5.0422115
ISIC_0025611,-4.524415,10.253758
ISIC_0025663,-4.2606335,10.158281
ISIC_0025674,-4.009789,7.35255
ISIC_0025708,-4.158602,10.243853
ISIC_0025724,-6.496052,10.382759
ISIC_0025748,-5.263391,10.994317
ISIC_0025751,-4.5884404,10.146136
ISIC_0025766,-5.925859,9.238885
ISIC_0025783,-2.3372984,4.9064727
ISIC_0025791,-3.262418,8.75642
ISIC_0025832,-5.1422267,9.497301
ISIC_0025835,-5.7933946,10.602949
ISIC_0025891,-5.3337092,7.226266
ISIC_0025904,-3.5701673,9.400877
ISIC_0025941,-1.0764029,5.3471212
ISIC_0025963,16.016523,1.6987323
ISIC_0025964,-3.792681,7.447066
ISIC_0026009,-5.928213,9.027368
ISIC_0026081,-4.6957254,11.126996
ISIC_0026105,-5.1562285,10.414819
ISIC_0026113,-6.381924,10.49874
ISIC_0026115,-4.7593956,9.505775
ISIC_0026150,-2.4274096,6.8400817
ISIC_0026207,-3.5172682,3.2805727
ISIC_0026229,-3.8244703,9.484887
ISIC_0026236,-6.5756655,10.204227
ISIC_0026239,-4.6485796,11.186431
ISIC_0026247,-5.923259,7.9139194
ISIC_0026258,-6.0586147,10.394183
ISIC_0026296,-6.502297,9.256878
ISIC_0026314,-2.5301168,5.9248614
ISIC_0026352,-6.0647697,9.172789
ISIC_0026360,-6.2971854,10.132763
ISIC_0026475,-5.45636,10.528192
ISIC_0026506,-4.6964912,9.557322
ISIC_0026516,-6.5217104,9.9379835
ISIC_0026596,-6.1247287,8.79481
ISIC_0026604,-5.839614,8.750379
ISIC_0026622,-1.4123614,4.8484035
ISIC_0026694,-4.142916,10.180156
ISIC_0026746,-4.8099084,9.807801
ISIC_0026770,-4.478366,8.646583
ISIC_0026774,-5.392366,9.588631
ISIC_0026802,-4.662134,10.770879
ISIC_0026897,-4.083712,11.077734
ISIC_0026930,-5.0899935,10.425712
ISIC_0026954,-1.1430376,4.8659763
ISIC_0026963,-2.605101,6.20052
ISIC_0026993,-4.232166,10.917833
ISIC_0026996,-3.3990364,8.41901
ISIC_0027043,-3.52078,10.2456665
ISIC_0027089,-4.7704973,11.204752
ISIC_0027105,-5.2997785,10.3552
ISIC_0027125,-2.576135,6.265883
ISIC_0027171,16.135935,1.3935868
ISIC_0027174,-6.564206,9.609953
ISIC_0027260,-5.3460255,7.59901
ISIC_0027261,-3.0297368,6.073694
ISIC_0027263,-5.034239,6.856246
ISIC_0027282,-1.1860601,4.5613017
ISIC_0027327,-4.121323,10.739453
ISIC_0027359,-5.5879917,10.424153
ISIC_0027387,-5.2511764,9.2599535
ISIC_0027402,-3.6397748,7.6286287
ISIC_0027407,-1.2727805,4.8649473
ISIC_0027436,-4.7886095,10.269261
ISIC_0027480,-5.1980953,8.513396
ISIC_0027487,-6.5515957,10.0624895
ISIC_0027502,-4.6103272,6.459535
ISIC_0027507,-2.5994241,7.2386117
ISIC_0027517,-4.2684155,6.50772
ISIC_0027561,-4.849232,6.9725404
ISIC_0027604,-3.9172924,9.03964
ISIC_0027616,-1.0168344,5.047633
ISIC_0027620,-5.8249645,9.187428
ISIC_0027622,-1.463078,4.9887705
ISIC_0027659,-3.0242546,7.1208177
ISIC_0027693,-4.05537,9.938039
ISIC_0027769,-5.615251,8.431584
ISIC_0027793,-5.37426,10.129893
ISIC_0027797,-6.2773523,10.259066
ISIC_0027832,-6.0475044,10.269167
ISIC_0027863,-3.6783001,8.365003
ISIC_0027900,-4.451924,9.575461
ISIC_0027956,-5.4538317,9.192168
ISIC_0028003,16.265196,1.3512051
ISIC_0028017,-5.517281,10.589821
ISIC_0028022,-5.225358,8.847344
ISIC_0028029,-2.763242,7.4314766
ISIC_0028033,-5.0610905,10.804783
ISIC_0028041,-4.665601,7.4067745
ISIC_0028056,-6.192008,8.748211
ISIC_0028065,-4.4266763,10.1621475
ISIC_0028069,-3.1595092,6.4952908
ISIC_0028103,-2.7277431,4.534149
ISIC_0028109,-6.503047,9.525112
ISIC_0028215,-3.3140707,10.294079
ISIC_0028219,-4.489924,6.240473
ISIC_0028225,-5.7356772,10.628633
ISIC_0028306,-4.31177,10.171559
ISIC_0028325,-3.588376,7.5298595
ISIC_0028326,-4.7181745,7.4101324
ISIC_0028460,-2.9589694,7.23983
ISIC_0028467,-2.73754,8.052291
ISIC_0028489,-6.049475,10.188947
ISIC_0028493,-3.2916727,4.0723147
ISIC_0028537,-3.595981,9.680777
ISIC_0028565,-2.522448,6.1445613
ISIC_0028567,-4.111418,9.659223
ISIC_0028579,-5.952852,10.445391
ISIC_0028685,-3.738349,5.0349445
ISIC_0028696,-4.4210196,9.098708
ISIC_0028718,-1.310704,6.0609493
ISIC_0028760,-6.6043754,9.584314
ISIC_0028860,-2.0662634,5.30937
ISIC_0028901,-3.612206,7.6868873
ISIC_0028915,-4.09722,10.876912
ISIC_0028929,-2.5803556,3.5651133
ISIC_0028930,-6.252086,10.066933
ISIC_0028965,-1.2249575,5.2655287
ISIC_0029013,-2.5379634,7.0987725
ISIC_0029017,-3.0518625,7.934768
ISIC_0029028,-1.8450527,6.3335366
ISIC_0029033,16.23603,1.4170238
ISIC_0029056,-4.664838,10.769052
ISIC_0029170,-5.061023,8.691992
ISIC_0029242,-3.3802156,5.1803575
ISIC_0029272,-3.5167348,3.2669108
ISIC_0029318,-5.5195065,8.119527
ISIC_0029343,-2.278295,6.3234687
ISIC_0029397,-4.6982026,10.776019
ISIC_0029434,-4.1833825,9.850565
ISIC_0029480,-6.4501534,10.0823
ISIC_0029495,-6.2655635,10.039979
ISIC_0029513,-5.991577,9.747845
ISIC_0029538,-6.614517,10.047318
ISIC_0029570,-2.3539684,6.2819514
ISIC_0029571,-4.1279836,7.8060365
ISIC_0029606,-3.4065616,9.524503
ISIC_0029651,-5.017843,11.149131
ISIC_0029652,-4.27816,10.651196
ISIC_0029660,-4.521118,7.4557667
ISIC_0029698,-3.6696568,6.184949
ISIC_0029839,-4.8734016,11.25396
ISIC_0029859,-2.6119597,3.4285076
ISIC_0029885,-3.4301941,9.919865
ISIC_0029913,-4.1263075,7.40257
ISIC_0030002,-5.183739,9.735475
ISIC_0030034,-4.117541,7.3794584
ISIC_0030047,-5.828523,10.177559
ISIC_0030083,-4.1360736,8.426836
ISIC_0030089,-6.101543,10.625372
ISIC_0030122,-3.1597965,8.998335
ISIC_0030134,-5.2703323,9.345608
ISIC_0030171,-4.5019937,7.3866463
ISIC_0030183,-5.4374485,10.168617
ISIC_0030192,-2.8698668,5.4158063
ISIC_0030255,-2.3161757,5.9656343
ISIC_0030281,-6.556807,10.3357315
ISIC_0030356,-5.2222934,8.764615
ISIC_0030366,-4.9334307,9.850661
ISIC_0030391,-5.676558,10.5175905
ISIC_0030440,-6.644584,9.896695
ISIC_0030445,-3.374848,9.640601
ISIC_0030501,-2.599971,7.0209093
ISIC_0030507,-5.2323604,9.482574
ISIC_0030512,-4.8966403,11.15119
ISIC_0030521,-6.6474442,9.9448595
ISIC_0030539,-4.4629383,7.575659
ISIC_0030552,-6.593923,9.642006
ISIC_0030575,-6.051141,10.522433
ISIC_0030623,-6.0430446,10.553875
ISIC_0030653,-2.7875526,7.995138
ISIC_0030689,-5.879123,8.8426
ISIC_0030747,-4.864921,10.899634
ISIC_0030795,-1.1912165,5.752693
ISIC_0030818,-6.535861,9.682566
ISIC_0030828,-2.7169816,7.4997525
ISIC_0030898,-5.1917467,6.987905
ISIC_0030951,-1.4793373,4.7983956
ISIC_0031025,-4.1543255,10.452447
ISIC_0031034,-2.8156707,8.444864
ISIC_0031177,-5.411619,9.963136
ISIC_0031186,-5.361976,7.9749207
ISIC_0031189,-5.7435794,9.912523
ISIC_0031295,-1.1216301,4.9385843
ISIC_0031369,-4.128931,7.2510114
ISIC_0031386,-1.4701529,5.187139
ISIC_0031389,-5.3472805,9.660309
ISIC_0031406,-2.5634081,5.990557
ISIC_0031408,-4.863889,8.058687
ISIC_0031417,-6.3645763,9.974038
ISIC_0031498,-5.6803603,10.047168
ISIC_0031529,-5.3799267,10.208084
ISIC_0031545,-2.882346,8.555388
ISIC_0031557,-4.0819583,9.913567
ISIC_0031586,-3.622264,8.47827
ISIC_0031598,-4.527083,7.44025
ISIC_0031642,-4.876961,8.583393
ISIC_0031709,-3.487839,9.654311
ISIC_0031741,-3.03844,9.716685
ISIC_0031745,-5.993485,8.770421
ISIC_0031746,-5.496429,10.47925
ISIC_0031779,-5.455261,9.879891
ISIC_0031784,-3.7093525,10.230697
ISIC_0031821,-6.4447374,10.391665
ISIC_0031844,-5.330906,10.953575
ISIC_0031908,-1.6962142,4.8523808
ISIC_0031915,-5.3490257,9.022125
ISIC_0031953,-5.5702443,10.865937
ISIC_0031957,-5.6125827,10.357018
ISIC_0031958,-4.9105644,9.18268
ISIC_0031972,-4.7034373,8.863594
ISIC_0031977,-4.9035764,8.786461
ISIC_0031999,-4.6732845,8.696637
ISIC_0032019,-3.2372026,9.700714
ISIC_0032036,-3.699987,9.54553
ISIC_0032044,-5.5174704,9.837924
ISIC_0032046,-5.040786,7.402614
ISIC_0032095,-4.984701,11.105201
ISIC_0032098,-3.2317414,9.515777
ISIC_0032190,-1.9303596,4.142833
ISIC_0032204,-5.669241,10.508033
ISIC_0032219,-5.377056,9.997332
ISIC_0032232,-6.0247936,10.411502
ISIC_0032245,-5.6007204,8.806166
ISIC_0032287,-4.986546,6.81743
ISIC_0032313,-4.288039,10.323036
ISIC_0032425,-5.033253,9.256127
ISIC_0032433,-4.7289224,11.101923
ISIC_0032441,-6.0863857,10.364111
ISIC_0032450,-4.1298056,7.5897307
ISIC_0032462,-3.331848,7.7858124
ISIC_0032509,-4.572735,6.8033614
ISIC_0032517,-5.8841157,9.893939
ISIC_0032526,-4.472634,9.460076
ISIC_0032532,-4.5277557,11.278524
ISIC_0032533,-6.675747,10.146083
ISIC_0032544,16.412657,1.573816
ISIC_0032547,-4.935863,9.1777935
ISIC_0032550,-5.094385,11.143778
ISIC_0032552,-4.616374,10.1766405
ISIC_0032559,-3.4649763,10.489682
ISIC_0032569,-4.194074,9.068886
ISIC_0032592,-5.1922874,8.192328
ISIC_0032596,-5.3771324,10.652948
ISIC_0032598,-5.075286,10.968831
ISIC_0032602,-4.3261766,11.099262
ISIC_0032603,-6.6913195,10.11759
ISIC_0032610,-6.49257,10.135745
ISIC_0032617,-4.9466314,9.791764
ISIC_0032622,-4.320644,11.357704
ISIC_0032624,-6.174293,10.23988
ISIC_0032626,-5.075233,8.063267
ISIC_0032638,-3.9705126,11.052496
ISIC_0032645,-3.3826203,9.441576
ISIC_0032653,-6.5151305,10.332737
ISIC_0032656,-2.3331401,4.8322964
ISIC_0032662,-2.2493114,6.496343
ISIC_0032672,-5.449547,10.615134
ISIC_0032684,-4.0846195,11.062797
ISIC_0032685,-4.4232545,10.806392
ISIC_0032716,-3.7814436,10.778745
ISIC_0032718,-3.9663231,7.011101
ISIC_0032723,-5.9676976,10.332916
ISIC_0032724,-4.344607,10.9948635
ISIC_0032736,-5.4148307,8.346099
ISIC_0032750,-5.1156106,10.970712
ISIC_0032751,-4.155596,11.022655
ISIC_0032766,-6.091391,10.354132
ISIC_0032797,-6.1439815,9.757109
ISIC_0032807,-2.7575169,4.7515726
ISIC_0032810,-6.152311,9.763874
ISIC_0032836,-0.9602404,5.2592463
ISIC_0032841,-4.8846607,9.472942
ISIC_0032844,-2.716652,7.495658
ISIC_0032845,-4.6492906,11.367314
ISIC_0032847,-3.9372416,10.900249
ISIC_0032856,-5.4039764,10.5701
ISIC_0032862,-4.316035,11.047882
ISIC_0032869,-5.2516503,7.071672
ISIC_0032870,-1.6107112,5.377166
ISIC_0032875,-4.3307753,9.398373
ISIC_0032887,-4.006441,8.675736
ISIC_0032888,-3.953267,9.57863
ISIC_0032903,-4.7602863,9.548955
ISIC_0032917,-1.0844041,5.1053057
ISIC_0032921,-6.5120378,10.31165
ISIC_0032925,-6.008233,10.878204
ISIC_0032981,-5.654114,10.233109
ISIC_0032982,-4.222447,6.5455866
ISIC_0032984,-6.075605,9.480108
ISIC_0033017,-5.7037716,9.870132
ISIC_0033024,-3.16067,7.188152
ISIC_0033047,-4.078825,11.188364
ISIC_0033068,-5.901859,9.3625965
ISIC_0033081,-4.5448794,9.32857
ISIC_0033103,-3.883081,10.854352
ISIC_0033120,-6.4043264,9.882621
ISIC_0033125,-1.3584265,4.853896
ISIC_0033141,-3.857484,11.0470495
ISIC_0033152,-2.4361315,6.4859357
ISIC_0033166,-6.5991,10.269662
ISIC_0033171,-4.519114,7.406638
ISIC_0033174,-1.2759182,5.417569
ISIC_0033175,-6.7072735,9.706261
ISIC_0033180,-6.604812,10.104772
ISIC_0033186,16.059734,1.5701654
ISIC_0033193,-2.6309614,5.494051
ISIC_0033196,-5.6941223,10.506266
ISIC_0033216,-4.9890056,11.228383
ISIC_0033239,-3.8410642,7.4830985
ISIC_0033241,-3.5043068,3.3422174
ISIC_0033268,-5.976969,10.133729
ISIC_0033275,-6.620204,10.206736
ISIC_0033278,-4.4221096,9.761734
ISIC_0033279,-6.388558,10.383687
ISIC_0033300,-6.3754168,10.311839
ISIC_0033302,-4.5316715,11.352827
ISIC_0033304,-3.9639044,10.706341
ISIC_0033312,-2.925601,6.9239793
ISIC_0033317,-5.8764677,8.681498
ISIC_0033320,-6.392192,10.44166
ISIC_0033323,-3.501815,3.9449582
ISIC_0033333,-1.1976379,5.3086233
ISIC_0033336,-3.2717922,10.774244
ISIC_0033362,-4.7823606,10.563498
ISIC_0033368,-4.73536,10.60102
ISIC_0033369,-3.2691357,9.702326
ISIC_0033377,-2.5133126,7.03277
ISIC_0033387,-2.6658056,8.069452
ISIC_0033393,-4.484921,9.10113
ISIC_0033394,16.365602,1.5483347
ISIC_0033405,-3.443468,11.002221
ISIC_0033415,-4.8495665,10.3666525
ISIC_0033416,-3.9076726,9.364139
ISIC_0033424,-3.9038908,6.281762
ISIC_0033429,-6.3968015,8.881621
ISIC_0033432,-4.0662045,10.883817
ISIC_0033444,-6.3621197,9.699561
ISIC_0033452,-5.8605957,10.385302
ISIC_0033469,-4.8435426,10.010342
ISIC_0033470,-3.7458923,10.54802
ISIC_0033485,-5.942967,8.701703
ISIC_0033487,-2.0994804,4.5966444
ISIC_0033496,-4.478516,8.982281
ISIC_0033500,-1.6277903,5.2817535
ISIC_0033524,-5.5485535,8.132177
ISIC_0033534,-5.2541623,8.461154
ISIC_0033545,-3.4950774,3.3293586
ISIC_0033546,-5.721919,10.66202
ISIC_0033560,-6.369604,10.358792
ISIC_0033568,-4.861301,9.935037
ISIC_0033573,-3.534605,9.189277
ISIC_0033595,-5.9895854,9.228903
ISIC_0033603,-2.7721894,5.143399
ISIC_0033607,-2.0531015,5.802111
ISIC_0033612,-4.5796814,9.370019
ISIC_0033619,-4.082661,9.970534
ISIC_0033624,-1.2841054,4.9952826
ISIC_0033638,-3.0313966,6.6505895
ISIC_0033644,-6.412032,10.36674
ISIC_0033651,-4.4093046,11.3451605
ISIC_0033662,-4.765231,11.280352
ISIC_0033687,-6.638094,10.288861
ISIC_0033696,-1.5136915,6.1591907
ISIC_0033700,-1.1354656,5.8222246
ISIC_0033704,-4.210036,7.673141
ISIC_0033717,-2.3887005,6.9311986
ISIC_0033752,-5.046292,9.520042
ISIC_0033779,-6.325284,10.482632
ISIC_0033801,-4.82944,11.255779
ISIC_0033802,-4.336813,9.904748
ISIC_0033804,-5.739565,10.74841
ISIC_0033805,-2.638704,7.5660725
ISIC_0033813,-6.23524,8.774099
ISIC_0033819,-4.6467595,11.009039
ISIC_0033848,-1.0736805,5.213509
ISIC_0033871,-6.486699,8.974061
ISIC_0033872,-5.28369,10.979789
ISIC_0033881,-5.685308,8.355599
ISIC_0033883,-4.5355134,6.5014806
ISIC_0033886,-6.470527,9.270605
ISIC_0033893,-4.1629252,7.66008
ISIC_0033901,-6.662683,10.217938
ISIC_0033905,-5.483848,9.875487
ISIC_0033911,-4.782163,9.901737
ISIC_0033925,-4.533198,8.447309
ISIC_0033938,-2.8988361,8.58968
ISIC_0033946,-5.945903,9.903464
ISIC_0033956,-4.37628,9.901168
ISIC_0033957,-4.195181,10.864633
ISIC_0033962,-6.382743,10.329753
ISIC_0033968,-3.258429,9.998645
ISIC_0033975,-3.7865174,10.06478
ISIC_0033977,-1.0740128,4.95504
ISIC_0033980,-6.698027,10.093091
ISIC_0033981,-5.285566,10.675366
ISIC_0033985,-3.3892958,10.225294
ISIC_0033995,-5.9789257,10.721235
ISIC_0034002,-4.3103313,9.27526
ISIC_0034005,-6.284509,9.317381
ISIC_0034006,-4.476866,9.016745
ISIC_0034012,-2.5306845,5.1519127
ISIC_0034046,-4.8358045,10.78163
ISIC_0034048,-5.7548256,9.194367
ISIC_0034051,-2.7463024,8.304475
ISIC_0034052,-3.9011014,10.82839
ISIC_0034061,-6.6240063,10.232579
ISIC_0034064,-2.2589881,6.421669
ISIC_0034068,-4.611561,8.711428
ISIC_0034071,-4.1880174,9.872654
ISIC_0034076,-4.227936,10.38627
ISIC_0034085,-3.4251943,10.0462265
ISIC_0034094,-2.8967927,3.3486977
ISIC_0034100,-3.984839,8.140232
ISIC_0034104,-4.615482,11.318559
ISIC_0034107,-3.505982,8.335226
ISIC_0034117,-4.6782546,11.006167
ISIC_0034118,-6.3400493,10.417123
ISIC_0034120,-6.0979,10.684241
ISIC_0034134,-1.3017138,5.7501874
ISIC_0034140,-3.4471529,6.7985625
ISIC_0034145,-5.081048,10.342717
ISIC_0034150,-3.1447442,6.7958217
ISIC_0034172,-3.9862838,10.829512
ISIC_0034183,-0.9937297,4.975895
ISIC_0034205,-6.554619,10.33166
ISIC_0034211,-5.699056,10.073355
ISIC_0034222,-6.1618695,10.430157
ISIC_0034233,-4.355003,11.431673
ISIC_0034236,-1.5300078,5.638544
ISIC_0034246,-5.8149962,10.953834
ISIC_0034256,-5.102411,7.73617
ISIC_0034262,-2.7741249,7.5628643
ISIC_0034269,-5.448954,10.103373
ISIC_0034287,-4.0192623,11.206787
ISIC_0034289,-5.3559117,10.826981
ISIC_0034317,-2.8325744,8.281699
ISIC_0034343,-0.97685343,5.1095576
ISIC_0034398,-4.350234,9.978496
ISIC_0034446,-1.2607989,5.84211
ISIC_0034472,-3.8750505,7.1496243
ISIC_0034477,-4.724767,7.7000055
ISIC_0034482,-4.159297,10.974973
ISIC_0034492,-4.4634614,8.653548
ISIC_0034572,-4.519422,7.3436427
ISIC_0034605,-2.846161,8.342751
ISIC_0034630,-4.7226896,11.09813
ISIC_0034784,-4.8248096,9.634325
ISIC_0034873,-5.9456677,9.759252
ISIC_0034882,-4.2679105,10.778381
ISIC_0034904,-1.2551011,5.360616
ISIC_0034934,-4.085797,7.468177
ISIC_0034971,-1.0640974,4.902566
ISIC_0035000,-2.447653,5.5324244
ISIC_0035021,-4.613685,8.052011
ISIC_0035047,-3.4912624,4.4157963
ISIC_0035048,-2.6880436,7.191183
ISIC_0035070,-5.3522763,11.023729
ISIC_0035089,16.508665,1.6363114
ISIC_0035090,-3.8295326,4.1604247
ISIC_0035124,-5.3163476,10.76724
ISIC_0035224,-4.618257,7.5231514
ISIC_0035263,-3.810688,9.174762
ISIC_0035366,-4.674649,10.333662
ISIC_0035406,-2.2616844,6.0197463
ISIC_0035420,-4.527583,7.4034696
ISIC_0035459,-3.125743,5.5719514
ISIC_0035462,-2.546294,3.4828916
ISIC_0035486,-1.2313188,5.8051414
ISIC_0035636,-4.803012,8.427216
ISIC_0035640,-4.2108593,11.204481
ISIC_0035670,-6.016279,10.524179
ISIC_0035680,-2.5455225,7.3477507
ISIC_0035682,-5.301647,10.712248
ISIC_0035698,-4.639938,8.934204
ISIC_0035700,-1.0519836,5.374317
ISIC_0035705,-3.3241365,10.0804405
ISIC_0035708,-6.4442015,10.415625
ISIC_0035714,-3.1572132,9.771709
ISIC_0035719,-1.0345145,5.160106
ISIC_0035732,-3.3474505,10.280165
ISIC_0035747,-3.706572,8.475512
ISIC_0035764,-5.4100285,9.095828
ISIC_0035766,-4.8552566,10.522343
ISIC_0035767,-1.0744693,5.6750875
ISIC_0035794,-3.1755152,7.673594
ISIC_0035823,-5.3042054,10.975586
ISIC_0035825,-6.1012077,10.043354
ISIC_0035827,-4.5962167,10.806778
ISIC_0035846,-1.9369782,5.584672
ISIC_0035853,-2.4101996,6.328427
ISIC_0035854,-5.772698,9.337036
ISIC_0035868,-3.1971743,9.87266
ISIC_0035889,-4.468023,8.961866
ISIC_0035913,-4.069896,9.310378
ISIC_0035923,-3.2908046,10.758381
ISIC_0035929,-2.496345,4.4934716
ISIC_0035938,-3.4879155,5.677377
ISIC_0035964,-2.118319,5.3919115
ISIC_0035968,-4.360407,6.8730545
ISIC_0036005,-1.6268618,4.473078
ISIC_0036012,-5.054886,11.249951
ISIC_0036034,-5.0941205,11.0955305
ISIC_0036051,-3.6482496,9.457293
ISIC_0036057,-4.6907253,9.163198
ISIC_0036070,-4.5244713,9.489913
ISIC_0036073,-3.910942,6.275367
ISIC_0036075,-6.0676417,9.353879
ISIC_0036076,-3.5219815,3.2570488
ISIC_0036078,-4.941363,7.7215486
ISIC_0036079,-5.4217906,10.173593
ISIC_0036080,-6.129135,8.830549
ISIC_0036081,-2.4359968,6.499288
ISIC_0036083,-3.253126,6.6671057
ISIC_0036085,-1.7245704,6.0287156
ISIC_0036086,-4.4462123,6.1844945
ISIC_0036087,-3.8237507,10.274486
ISIC_0036088,-4.329964,6.7541056
ISIC_0036089,-2.659912,7.6567354
ISIC_0036090,-3.8677769,5.420779
ISIC_0036091,-4.0341835,9.952817
ISIC_0036092,-5.7354584,10.623931
ISIC_0036093,-6.646475,9.918402
ISIC_0036094,-3.8424146,6.322819
ISIC_0036095,-3.0087042,3.785415
ISIC_0036096,-3.889214,5.379701
ISIC_0036097,-4.8233404,11.052378
ISIC_0036098,-5.181404,7.182951
ISIC_0036099,-3.3758643,4.129387
ISIC_0036101,-5.8904805,9.829592
ISIC_0036102,-4.9307866,8.420485
ISIC_0036103,-2.791715,8.07778
ISIC_0036104,-6.533246,10.34162
ISIC_0036105,-3.4061656,4.3420634
ISIC_0036106,-4.0649014,10.945205
ISIC_0036107,-5.275873,8.329939
ISIC_0036108,-3.1596773,5.1645374
ISIC_0036109,-5.711496,8.289745
ISIC_0036110,-5.4709015,8.643169
ISIC_0036111,-4.130983,6.4611354
ISIC_0036112,-5.81555,10.471192
ISIC_0036113,-4.91803,9.177854
ISIC_0036114,-6.1133957,10.568239
ISIC_0036115,-5.0441914,10.843294
ISIC_0036116,-6.5895247,9.77423
ISIC_0036117,-5.2194657,10.316847
ISIC_0036118,-5.1286206,11.14825
ISIC_0036119,-6.546912,10.337067
ISIC_0036120,-3.1827724,6.0151
ISIC_0036121,-4.5392013,11.300499
ISIC_0036123,16.048378,1.7610703
ISIC_0036159,-4.9970713,11.050315
ISIC_0036258,-6.241643,9.921008
ISIC_0036260,-4.3828516,10.554745
ISIC_0036263,-4.950089,10.202413
ISIC_0036264,-2.5837677,5.1357093
ISIC_0036269,-1.8811761,4.1627784
ISIC_0036270,-4.2549286,6.1687837
ISIC_0036273,-2.4060662,4.995782
ISIC_0036274,-6.316048,10.164745
ISIC_0036275,-5.6737924,8.52617
ISIC_0036276,-2.7506585,3.9387991
ISIC_0036278,-5.4375124,9.989294
ISIC_0036279,-4.905939,11.272654
ISIC_0036280,-3.3552272,7.120241
ISIC_0036281,-6.6633697,9.991586
ISIC_0036282,-5.234014,9.852017
ISIC_0036284,-5.080462,6.887486
ISIC_0036285,-4.2512765,9.794756
ISIC_0036286,-3.165446,5.4856443
ISIC_0036287,-6.4911065,10.3712225
ISIC_0046224,-1.2641369,4.8882875
ISIC_0046225,-3.1253881,4.8789144
ISIC_0046242,-5.016403,6.838526
ISIC_0046305,-2.2430506,6.3569636
ISIC_0046315,-5.263846,10.693331
ISIC_0046322,-5.556639,10.997048
ISIC_0046323,-5.024629,9.713837
ISIC_0046331,-5.7684774,10.399702
ISIC_0046338,-4.5159693,10.450983
ISIC_0046343,-2.2263372,6.0322604
ISIC_0046344,-4.6164536,10.6526375
ISIC_0046345,-5.984729,10.811528
ISIC_0046361,-4.5768857,10.439743
ISIC_0046372,-5.2658443,9.508332
ISIC_0046383,-4.8111124,10.110031
ISIC_0046394,-3.2576025,6.2385526
ISIC_0046405,-4.8078017,7.3830566
ISIC_0046416,-1.6169044,4.840225
ISIC_0046422,-5.066403,10.334224
ISIC_0046427,-4.4336944,10.168161
ISIC_0046438,-4.078853,10.484954
ISIC_0046441,16.268353,1.4997548
ISIC_0046443,-3.9062018,8.99916
ISIC_0046449,-4.4669695,11.157054
ISIC_0046450,-3.6644197,11.078829
ISIC_0046458,-4.402823,11.342718
ISIC_0046471,-5.0424094,10.039594
ISIC_0046504,-4.76464,10.28783
ISIC_0046526,-2.4481022,6.421706
ISIC_0046548,-1.3924354,4.8870625
ISIC_0046560,-4.739489,8.399346
ISIC_0046571,-3.170492,5.7264585
ISIC_0046596,-1.0309583,5.029015
ISIC_0046597,-3.7186,10.331705
ISIC_0046609,-4.832319,10.5655365
ISIC_0046626,-5.2606697,7.9718475
ISIC_0046628,-4.4057674,9.459221
ISIC_0046633,-4.3178067,11.239034
ISIC_0046639,-1.4247128,6.074973
ISIC_0046640,-3.8224523,9.003322
ISIC_0046645,-1.2849692,5.4599867
ISIC_0046647,-4.350229,11.408186
ISIC_0046659,-4.877614,10.220298
ISIC_0046661,-2.5902176,3.6997871
ISIC_0046662,-5.3259845,9.686888
ISIC_0046664,-2.7449908,5.1271443
ISIC_0046667,-3.4558604,6.001007
ISIC_0046670,-4.3912444,10.98668
ISIC_0046671,-3.3674138,10.783122
ISIC_0046672,-4.046726,5.562199
ISIC_0046681,16.268843,1.4072092
ISIC_0046682,-3.4096928,5.389253
ISIC_0046683,-3.8113081,10.845324
ISIC_0046712,-3.838528,9.194609
ISIC_0046725,-4.823348,7.8311825
ISIC_0046773,-1.0927273,4.8826704
ISIC_0046820,-4.4668827,8.377117
ISIC_0046827,-3.4794867,7.746343
ISIC_0046828,-4.67252,10.252273
ISIC_0046834,-5.2317963,7.4800506
ISIC_0046900,-4.2123957,10.56381
ISIC_0046908,-4.5626345,10.352493
ISIC_0046917,-4.416902,10.750723
ISIC_0046921,-4.006193,11.00402
ISIC_0046932,-6.3903522,10.463984
ISIC_0046983,-3.3551314,7.705615
ISIC_0046985,-4.967926,10.453035
ISIC_0047003,-4.330159,8.513662
ISIC_0047004,-5.460914,9.175844
ISIC_0047008,-4.961838,8.531314
ISIC_0047022,-4.6951084,8.653916
ISIC_0047024,-1.5465395,4.886418
ISIC_0047031,-1.1828451,5.8004355
ISIC_0047033,-4.701794,7.0635805
ISIC_0053456,-3.8353076,4.110327
ISIC_0053469,-2.5590668,5.4374495
ISIC_0053470,-4.5386353,8.077952
ISIC_0053471,-3.6427026,7.7603154
ISIC_0053473,-3.6503878,4.9011335
ISIC_0053479,-4.1500635,6.817633
ISIC_0053485,-4.6925964,10.4987
ISIC_0053489,-3.0830543,7.504986
ISIC_0053491,-3.566052,5.3603396
ISIC_0053492,-1.0334471,4.9283857
ISIC_0053495,-3.3756604,10.023504
ISIC_0053503,16.357653,1.6519746
ISIC_0053507,-3.174023,9.435876
ISIC_0053508,-1.6654,4.7608466
ISIC_0053509,-3.285497,3.8598049
ISIC_0053510,-3.2761016,3.6970558
ISIC_0053512,-5.164178,6.5416207
ISIC_0053513,-2.8750825,6.5822744
ISIC_0053518,-3.8637044,4.183393
ISIC_0053520,-1.2144365,5.436488
ISIC_0053525,-3.2890823,9.738817
ISIC_0053531,-3.249677,9.961255
ISIC_0053533,-4.379114,8.227961
ISIC_0053541,-3.1514573,8.493774
ISIC_0053542,-4.050588,9.077521
ISIC_0053545,-2.648295,4.6710787
ISIC_0053570,-1.719428,5.1940064
ISIC_0053578,-3.868772,10.478051
ISIC_0053582,-3.0979154,5.913679
ISIC_0053589,-4.201645,9.7814865
ISIC_0053594,-5.0243516,7.280384
ISIC_0053603,-4.707276,10.26601
ISIC_0053611,-0.9690268,5.109137
ISIC_0053615,-1.1414692,5.203691
ISIC_0053617,-4.396989,7.874196
ISIC_0053620,16.148142,1.3669653
ISIC_0053632,-4.985444,6.4797325
ISIC_0053659,-6.467331,9.2481785
ISIC_0053660,-5.675701,9.014228
ISIC_0053667,-3.4298275,6.3694057
ISIC_0053674,-4.108903,6.766241
ISIC_0053691,-1.2807579,5.3210316
ISIC_0053698,-5.203511,8.142316
ISIC_0053699,-2.9855275,3.730495
ISIC_0053700,-4.2434597,11.3287735
ISIC_0053723,-5.14375,6.514868
ISIC_0053725,-6.013364,8.590239
ISIC_0053734,-2.627395,3.4958458
ISIC_0053740,-5.3744326,10.056583
ISIC_0053742,-2.7609448,4.9695606
ISIC_0053743,16.10395,1.6311438
ISIC_0053751,-5.966585,10.627013
ISIC_0053761,-4.026885,8.537872
ISIC_0053763,-3.0313516,6.411727
ISIC_0053765,-3.502513,5.064072
ISIC_0053766,-4.5868235,10.2744465
ISIC_0053774,-3.3647602,3.7296352
ISIC_0053784,16.305395,1.4982079
ISIC_0053787,-3.3406904,9.379019
ISIC_0053790,-3.7515793,5.646706
ISIC_0053791,-3.7136166,5.8495026
ISIC_0053796,-4.803488,6.397238
ISIC_0053801,-4.081216,10.802664
ISIC_0053810,-4.827099,6.5055504
ISIC_0053812,-3.5113642,3.2725785
ISIC_0053814,-3.2437043,3.9739497
ISIC_0053816,-2.7072966,6.7328815
ISIC_0053823,-6.396497,8.75709
ISIC_0053824,-3.2127416,3.733296
ISIC_0053827,-3.1211421,7.4070606
ISIC_0053828,-3.4028902,9.768697
ISIC_0053829,-1.057548,5.003133
ISIC_0053839,-2.1093822,5.1688104
ISIC_0053841,-6.084918,10.685956
ISIC_0053843,-3.2333353,6.366195
ISIC_0053846,-3.9368834,10.649995
ISIC_0053853,-3.8211012,4.352986
ISIC_0053891,-3.5349865,5.9492207
ISIC_0053893,-2.1641986,5.7884502
ISIC_0053904,16.229322,1.6799072
ISIC_0053909,-4.276683,5.791216
ISIC_0053912,-5.8081827,10.279528
ISIC_0053916,-1.6463473,4.694205
ISIC_0053923,-3.924611,10.423029
ISIC_0053925,-3.8653896,10.538001
ISIC_0053933,16.03208,1.7623558
ISIC_0053946,-4.911218,7.8387012
ISIC_0053960,-4.2061214,11.326286
ISIC_0053969,-3.0591261,6.0974455
ISIC_0053971,16.05952,1.7533637
ISIC_0053974,-5.0862484,7.4963903
ISIC_0053980,-3.4189832,4.356691
ISIC_0053981,-4.0401697,7.4204593
ISIC_0053996,-3.6171825,8.797989
ISIC_0054006,-4.356026,9.600521
ISIC_0054015,16.185703,1.3624324
ISIC_0054025,-4.8566885,11.230333
ISIC_0054032,-3.2656567,8.529446
ISIC_0054038,-5.471505,10.9385395
ISIC_0054043,-4.5145874,8.327072
ISIC_0054048,-1.646033,4.961268
ISIC_0054053,-4.912981,10.683307
ISIC_0054059,-1.9965227,5.19271
ISIC_0054061,-1.3106681,5.868365
ISIC_0054062,-3.850554,6.628675
ISIC_0054070,-4.185882,9.458131
ISIC_0054073,-3.765598,5.6167116
ISIC_0054078,-2.061095,5.0275865
ISIC_0054079,-3.6043258,10.882408
ISIC_0054080,-1.007591,5.3906026
ISIC_0054082,-2.9603393,5.715607
ISIC_0054085,-2.5584257,3.5291378
ISIC_0054090,-3.0178823,6.605201
ISIC_0054103,-1.2432889,5.725037
ISIC_0054106,-3.0923553,4.605259
ISIC_0054110,-5.905644,8.601535
ISIC_0054112,-3.5049722,10.148036
ISIC_0054117,-3.5308945,5.241412
ISIC_0054123,-3.878958,8.156184
ISIC_0054141,-4.4141603,6.6753893
ISIC_0054151,-2.8445406,4.3755317
ISIC_0054159,-3.3123286,7.1579137
ISIC_0054167,-1.3715723,4.9002132
ISIC_0054179,-2.6587207,4.9168663
ISIC_0054185,16.15357,1.4745296
ISIC_0054188,-4.2323813,10.891918
ISIC_0054193,-2.910102,5.9407263
ISIC_0054198,-2.685764,7.9575734
ISIC_0054205,-3.535704,4.81722
ISIC_0054213,-3.7021236,5.932767
ISIC_0054220,-3.135609,6.234636
ISIC_0054222,-4.879096,6.394027
ISIC_0054226,-4.4862137,10.039572
ISIC_0054229,-5.0651426,7.187739
ISIC_0054233,-3.353552,6.679833
ISIC_0054236,-3.787556,4.3434706
ISIC_0054239,16.316679,1.3715873
ISIC_0054244,-3.4096978,9.856263
ISIC_0054248,16.182898,1.3664356
ISIC_0054251,-3.9175098,9.341183
ISIC_0054254,-3.8038783,6.2082686
ISIC_0054264,16.086037,1.6652601
ISIC_0054274,-4.84789,9.825229
ISIC_0054284,-2.4298851,5.9519067
ISIC_0054287,-3.728464,10.162323
ISIC_0054292,-4.373986,9.041832
ISIC_0054296,-4.8538857,8.596815
ISIC_0054312,-4.3233976,9.024545
ISIC_0054314,-2.4442818,3.9766603
ISIC_0054317,-1.2074887,4.525904
ISIC_0054334,-3.1772754,7.0300837
ISIC_0054337,-4.888531,9.150135
ISIC_0054351,-3.8236187,6.906229
ISIC_0054355,-3.2177455,6.524469
ISIC_0054364,-3.3900628,10.4979315
ISIC_0054366,-6.2382717,10.355358
ISIC_0054371,16.366213,1.485543
ISIC_0054377,-5.4277143,8.733264
ISIC_0054379,-3.6267705,7.3009596
ISIC_0054384,-4.0731463,8.277173
ISIC_0054391,-2.3581083,5.991582
ISIC_0054399,-3.6435547,6.3470674
ISIC_0054410,-4.22745,7.8508706
ISIC_0054412,-4.088178,11.220809
ISIC_0054416,-2.4057174,5.4060793
ISIC_0054430,-5.3358226,8.517589
ISIC_0054444,-2.7806761,8.608409
ISIC_0054445,-2.608863,4.769938
ISIC_0054458,-4.8876915,8.1648855
ISIC_0054459,-1.2329761,5.9493866
ISIC_0054462,-2.5446815,3.718695
ISIC_0054464,-3.4881084,3.933374
ISIC_0054465,-2.3769393,4.9227114
ISIC_0054497,-1.0896139,4.8788595
ISIC_0054501,-3.0420997,6.0362773
ISIC_0054506,-4.088797,10.850269
ISIC_0054512,-4.238178,6.1874433
ISIC_0054516,-4.0303574,11.172521
ISIC_0054520,-4.680756,8.117465
ISIC_0054523,-4.7445083,7.4138412
ISIC_0054528,-5.042531,10.215561
ISIC_0054544,-2.7012746,3.7676346
ISIC_0054548,-2.9109368,5.1822877
ISIC_0054563,-4.9262776,9.435036
ISIC_0054568,-4.957936,10.51761
ISIC_0054574,-4.123414,8.493199
ISIC_0054599,16.195229,1.5276479
ISIC_0054612,16.197199,1.5662717
ISIC_0054618,-5.5111513,10.294368
ISIC_0054624,-5.0554447,10.774119
ISIC_0054625,-4.6818614,11.334112
ISIC_0054629,-5.2422657,9.7044325
ISIC_0054637,-1.596514,6.173073
ISIC_0054651,-4.8700256,10.69162
ISIC_0054661,-4.478886,11.069744
ISIC_0054663,-6.651591,10.010576
ISIC_0054670,-3.3497086,10.144718
ISIC_0054671,-4.569187,11.173146
ISIC_0054673,-3.7449896,10.247276
ISIC_0054677,-5.6311913,9.700514
ISIC_0054694,-4.190099,7.100802
ISIC_0054705,-1.2515695,4.8295155
ISIC_0054725,-2.7305124,8.113481
ISIC_0054728,-3.6991696,8.862956
ISIC_0054734,-4.264171,5.7648325
ISIC_0054744,-2.9975607,4.9454103
ISIC_0054747,-4.684484,11.34184
ISIC_0054748,-6.0453906,10.4304695
ISIC_0054756,-3.0807645,6.353765
ISIC_0054760,-3.1112328,6.4753947
ISIC_0054763,-2.9585578,3.8505695
ISIC_0054765,-4.554914,6.763549
ISIC_0054767,-4.3120303,8.922059
ISIC_0054770,-3.6447008,5.9905653
ISIC_0054777,-4.038442,10.282789
ISIC_0054787,-3.4617844,8.01216
ISIC_0054793,-2.6172907,5.8278255
ISIC_0054802,-2.9554324,3.8969798
ISIC_0054819,-4.561659,6.451656
ISIC_0054821,-4.0982494,11.164533
ISIC_0054825,16.339851,1.5810702
ISIC_0054827,16.467806,1.6426805
ISIC_0054842,-2.717124,3.7497792
ISIC_0054844,-3.449612,6.39265
ISIC_0054848,-3.5114,3.3022397
ISIC_0054851,-3.0922878,4.438696
ISIC_0054852,-2.6356733,6.114991
ISIC_0054853,-3.580695,3.8980365
ISIC_0054874,-1.197487,5.422204
ISIC_0054889,-3.377236,6.4532866
ISIC_0054892,-3.1319494,7.3762565
ISIC_0054894,-2.4999218,4.7381363
ISIC_0054902,-3.2826953,6.4667416
ISIC_0054904,-5.4882483,8.593573
ISIC_0054906,-2.574242,5.9952626
ISIC_0054912,-4.6120567,8.421516
ISIC_0054914,-3.0165591,7.1330705
ISIC_0054919,-2.7720864,5.062053
ISIC_0054936,-5.8178687,9.521494
ISIC_0054941,-3.3627083,10.113321
ISIC_0054961,-4.6138296,9.534383
ISIC_0054963,-3.8994982,10.090165
ISIC_0054969,-4.327046,8.56301
ISIC_0054970,-3.4009328,7.3901954
ISIC_0054971,-3.235382,10.075138
ISIC_0054973,-2.7402377,7.022956
ISIC_0054974,-3.9674456,7.5124083
ISIC_0054976,16.188772,1.3906062
ISIC_0054979,16.182178,1.6790301
ISIC_0054982,-4.070505,8.358988
ISIC_0054988,-3.3344789,5.73197
ISIC_0054995,-5.4102793,9.564504
ISIC_0055001,-4.3221965,8.914154
ISIC_0055002,-2.9499204,3.8258338
ISIC_0055022,-4.0190587,8.334213
ISIC_0055024,-6.6033053,10.244963
ISIC_0055031,-5.279467,7.995621
ISIC_0055039,-2.38083,5.2002516
ISIC_0055048,-4.2296596,8.267226
ISIC_0055051,-3.6300998,6.099193
ISIC_0055052,-3.7858636,9.787474
ISIC_0055054,-4.359099,9.114178
ISIC_0055056,-2.9401326,5.0877743
ISIC_0055062,-4.5391755,8.004281
ISIC_0055074,-4.8385825,10.990496
ISIC_0055079,-2.9938233,3.655899
ISIC_0055081,-6.1729527,9.223599
ISIC_0055086,-5.486329,10.165108
ISIC_0055087,-3.458053,4.8855004
ISIC_0055091,-4.1495376,8.346964
ISIC_0055110,-2.3225272,5.6140375
ISIC_0055136,-2.4655354,3.9143777
ISIC_0055141,-5.401452,10.490196
ISIC_0055143,-3.3029895,4.888713
ISIC_0055147,-3.4447935,10.529776
ISIC_0055156,-4.0187836,9.603236
ISIC_0055161,16.079906,1.6820042
ISIC_0055167,-2.6671715,7.500148
ISIC_0055175,-4.1519046,8.832128
ISIC_0055179,16.405016,1.5009056
ISIC_0055181,-2.6293185,4.5793376
ISIC_0055191,-3.2361379,9.518288
ISIC_0055193,-3.124564,8.267264
ISIC_0055202,-5.986272,10.410387
ISIC_0055205,-4.469561,8.693376
ISIC_0055208,-1.1574392,4.96519
ISIC_0055226,-3.068068,7.1618724
ISIC_0055227,-2.4313583,3.8494277
ISIC_0055236,-2.601168,5.261971
ISIC_0055241,-1.3606635,4.8623524
ISIC_0055246,-3.9665055,9.500136
ISIC_0055249,-3.9230084,7.699179
ISIC_0055264,-3.382183,9.537126
ISIC_0055265,-3.2477157,10.688241
ISIC_0055268,-3.197836,8.090828
ISIC_0055276,-3.4968007,3.3386822
ISIC_0055282,-4.676213,11.304943
ISIC_0055289,-3.8549385,10.172915
ISIC_0055293,-3.4976807,10.087884
ISIC_0055295,16.139145,1.6541821
ISIC_0055297,-3.426921,7.965434
ISIC_0055298,-3.157072,4.889371
ISIC_0055309,-6.31554,10.302936
ISIC_0055311,16.103123,1.4704058
ISIC_0055314,-2.8666143,5.9141855
ISIC_0055318,16.205772,1.5221646
ISIC_0055337,-3.5028334,3.2808666
ISIC_0055340,-4.261108,7.4688816
ISIC_0055344,-4.082693,9.888377
ISIC_0055355,-3.52296,3.630245
ISIC_0055359,-3.9484298,10.612948
ISIC_0055362,-2.939502,7.265863
ISIC_0055363,-4.483824,7.6737432
ISIC_0055367,-3.0228524,5.0071735
ISIC_0055380,-3.9941938,11.118719
ISIC_0055393,-2.953677,4.218238
ISIC_0055398,-3.6955094,3.9351478
ISIC_0055412,-1.7723879,5.294044
ISIC_0055417,-5.029111,8.013785
ISIC_0055419,-4.3534827,11.249667
ISIC_0055421,-3.4104607,3.7684565
ISIC_0055425,-1.5955563,4.693836
ISIC_0055438,-3.255239,9.974787
ISIC_0055440,-3.1697352,9.731615
ISIC_0055445,-5.9206023,10.708428
ISIC_0055451,-4.466858,11.334454
ISIC_0055453,-3.286364,5.6455455
ISIC_0055454,-3.7462387,7.154422
ISIC_0055462,-5.899139,8.65752
ISIC_0055464,-3.5946968,8.293581
ISIC_0055465,-3.587669,7.6453705
ISIC_0055467,-1.0499551,4.8594375
ISIC_0055474,-3.2190387,9.9505415
ISIC_0055492,-3.9438403,8.0191765
ISIC_0055496,-1.0767301,5.1009846
ISIC_0055500,16.171003,1.6369005
ISIC_0055503,-4.605003,9.818305
ISIC_0055511,-3.3796258,10.6630945
ISIC_0055513,-4.5104475,10.635221
ISIC_0055517,-4.7975564,9.468616
ISIC_0055518,-2.5502741,7.306551
ISIC_0055519,-2.6361904,4.6247478
ISIC_0055525,-2.0122983,5.067678
ISIC_0055527,-3.7897508,5.6527333
ISIC_0055528,-3.4645944,7.3365116
ISIC_0055543,-3.0224268,5.3939652
ISIC_0055546,-1.1792448,5.7335644
ISIC_0055550,-4.817598,11.27902
ISIC_0055562,-4.598949,8.396619
ISIC_0055570,-2.5365129,4.0387864
ISIC_0055572,-3.1953256,10.019246
ISIC_0055582,-4.940851,9.728947
ISIC_0055613,-5.107788,9.1413145
ISIC_0055616,-2.6222308,4.105241
ISIC_0055618,-3.7163856,10.087391
ISIC_0055622,-4.177099,6.18375
ISIC_0055623,-3.1608605,4.6675453
ISIC_0055624,-2.9081976,5.810209
ISIC_0055631,16.09448,1.6766142
ISIC_0055643,-1.9932469,4.761332
ISIC_0055659,-1.0607504,4.953303
ISIC_0055665,-3.8994455,8.80046
ISIC_0055680,-4.4767137,10.450063
ISIC_0055684,-4.8715224,8.243788
ISIC_0055688,-2.5432196,7.2400026
ISIC_0055690,-2.5736773,3.5163624
ISIC_0055699,16.171743,1.4116213
ISIC_0055701,-3.281599,5.4795313
ISIC_0055707,-3.7096312,4.61124
ISIC_0055709,-3.80284,8.959517
ISIC_0055714,-4.8053436,8.334008
ISIC_0055720,-5.330597,9.165192
ISIC_0055733,-3.5553193,4.3633146
ISIC_0055742,-4.1935472,7.4075913
ISIC_0055743,-2.6962564,3.3954976
ISIC_0055756,-4.926884,10.484737
ISIC_0055759,-3.7824712,4.503558
ISIC_0055764,-3.685979,6.4012623
ISIC_0055767,-2.6596315,5.796764
ISIC_0055771,-3.2243223,5.838921
ISIC_0055776,-6.0520988,9.071092
ISIC_0055780,-1.2371883,5.0686183
ISIC_0055781,-5.401653,9.848647
ISIC_0055783,-2.823387,8.433788
ISIC_0055788,-3.598392,7.7174597
ISIC_0055789,-3.8202546,4.5071535
ISIC_0055796,-2.8583338,4.6731634
ISIC_0055797,-4.152251,9.300334
ISIC_0055799,-2.536295,3.8242402
ISIC_0055802,-3.255139,4.177282
ISIC_0055818,-3.9937263,7.5288167
ISIC_0055820,-4.2737594,10.779291
ISIC_0055821,-4.6230893,10.679061
ISIC_0055825,-4.2154317,9.512254
ISIC_0055828,-1.2813854,5.2369103
ISIC_0055832,-3.0415719,4.831797
ISIC_0055840,-4.2033277,6.7484536
ISIC_0055841,-5.130447,11.195663
ISIC_0055854,-2.680455,4.5391574
ISIC_0055859,-2.9066672,5.7582917
ISIC_0055862,-1.4305074,4.9094048
ISIC_0055871,-3.7794533,10.086932
ISIC_0055876,-3.2039607,9.642977
ISIC_0055887,-3.4112644,7.543683
ISIC_0055892,-3.6945882,11.057348
ISIC_0055896,-2.9979153,3.6783354
ISIC_0055899,-1.4716213,4.982743
ISIC_0055900,-2.912288,3.6916654
ISIC_0055905,-3.7654586,4.3199363
ISIC_0055907,-1.1992388,5.065558
ISIC_0055911,-3.547337,9.057963
ISIC_0055930,-2.9034805,3.3723125
ISIC_0055931,-3.0694573,6.1739035
ISIC_0055937,-3.2176883,10.641847
ISIC_0055938,-4.4452615,8.988819
ISIC_0055953,-4.078309,7.367451
ISIC_0055954,16.391161,1.4340156
ISIC_0055960,-3.234451,5.8569317
ISIC_0055967,-2.491864,7.0773153
ISIC_0055984,-3.134918,4.3427005
ISIC_0055999,-2.8326602,8.26751
ISIC_0056001,-3.6578333,5.440019
ISIC_0056007,-4.2371926,11.154905
ISIC_0056017,-3.9584033,9.517025
ISIC_0056019,-3.2074647,6.847802
ISIC_0056036,-1.5768595,5.44502
ISIC_0056041,-3.8657613,8.187374
ISIC_0056044,-1.9128612,5.018494
ISIC_0056047,-3.7524042,4.376524
ISIC_0056050,-5.4429817,11.07057
ISIC_0056051,-2.2533417,6.2375383
ISIC_0056061,-3.5272636,3.2870426
ISIC_0056063,-3.2893174,10.07451
ISIC_0056079,16.213924,1.4417444
ISIC_0056089,-4.167632,9.658823
ISIC_0056092,-6.367787,10.145632
ISIC_0056105,-3.6804445,7.881717
ISIC_0056113,16.304611,1.3666724
ISIC_0056118,-4.870778,10.646659
ISIC_0056130,-3.1906943,7.027081
ISIC_0056133,-2.7271302,4.134526
ISIC_0056136,-4.148407,6.852547
ISIC_0056138,-4.4618936,11.2188835
ISIC_0056141,-6.6631308,10.005858
ISIC_0056145,-2.6996903,3.6747851
ISIC_0056152,-4.144801,11.200646
ISIC_0056156,-5.2768354,9.813255
ISIC_0056167,-4.2949176,9.53333
ISIC_0056170,-4.068863,11.160184
ISIC_0056181,-3.8613951,7.609954
ISIC_0056185,-3.0016086,4.271356
ISIC_0056186,16.116892,1.4196035
ISIC_0056190,-3.973127,5.595465
ISIC_0056192,-3.940417,8.151353
ISIC_0056201,-3.0621717,5.8867784
ISIC_0056202,-3.996116,9.360656
ISIC_0056210,-1.7508744,4.4986353
ISIC_0056214,-2.6744928,4.1133285
ISIC_0056217,-1.3379008,5.078628
ISIC_0056221,-3.8102965,9.183903
ISIC_0056225,-3.2828844,9.800408
ISIC_0056228,-5.4464636,10.467645
ISIC_0056232,-5.791704,10.195006
ISIC_0056247,-4.9602385,7.4500523
ISIC_0056261,-3.2323442,9.944387
ISIC_0056263,-1.1727227,5.848738
ISIC_0056269,-4.4925213,9.52268
ISIC_0056271,-3.6993098,10.91131
ISIC_0056283,-2.1211665,4.1136355
ISIC_0056292,-1.9217693,5.6346726
ISIC_0056298,-4.3026958,5.7704115
ISIC_0056309,-3.281229,10.442177
ISIC_0056319,16.506096,1.6262926
ISIC_0056330,-3.2884185,10.498527
ISIC_0056337,-3.9407098,4.309516
ISIC_0056345,-3.392953,4.131972
ISIC_0056347,-3.5815825,5.123781
ISIC_0056364,-1.7219174,5.7740293
ISIC_0056382,-3.1385303,5.776521
ISIC_0056389,-4.450954,8.734679
ISIC_0056392,-3.3539572,6.2587
ISIC_0056401,-1.2607903,5.1167536
ISIC_0056403,-3.0089302,6.227871
ISIC_0056413,-3.4579053,9.463903
ISIC_0056415,-5.8365374,10.475741
ISIC_0056422,-4.0131407,7.42878
ISIC_0056425,-3.5894387,9.183182
ISIC_0056428,-3.5220892,8.355848
ISIC_0056446,-4.2475657,10.082615
ISIC_0056447,-2.9497726,8.169046
ISIC_0056448,-6.198067,10.675596
ISIC_0056449,-3.757592,4.1567655
ISIC_0056454,-4.3984747,7.2505813
ISIC_0056479,-3.8887353,4.7271204
ISIC_0056481,-1.0015379,5.1804166
ISIC_0056483,-4.770463,9.819318
ISIC_0056487,-3.2954857,9.187166
ISIC_0056501,-3.422692,10.207087
ISIC_0056511,-3.5316567,7.978924
ISIC_0056525,-2.3774784,5.79994
ISIC_0056527,-2.61779,4.8768106
ISIC_0056531,-5.903825,8.300069
ISIC_0056546,-4.1742525,9.599889
ISIC_0056551,-2.8841996,7.7578053
ISIC_0056554,-3.9568853,7.1322775
ISIC_0056572,-2.9834886,5.860327
ISIC_0056573,-2.5277517,4.022777
ISIC_0056601,-1.0757179,4.8635035
ISIC_0056604,16.151144,1.6549596
ISIC_0056612,-2.8715498,3.9573958
ISIC_0056614,-4.806391,11.259706
ISIC_0056625,-4.3957195,7.772505
ISIC_0056626,-4.1042347,9.59371
ISIC_0056632,-4.060779,8.306631
ISIC_0056644,-4.7296453,6.49652
ISIC_0056652,-4.6558414,9.356241
ISIC_0056655,-3.522971,10.232727
ISIC_0056659,-3.4501932,3.9619765
ISIC_0056660,-3.31466,10.803293
ISIC_0056676,-3.891748,4.0812817
ISIC_0056677,-4.3761115,11.055287
ISIC_0056680,16.074007,1.6751071
ISIC_0056683,-6.478965,9.75081
ISIC_0056684,-3.1495683,5.747495
ISIC_0056688,-3.4754252,7.5968184
ISIC_0056692,-1.2054558,4.9455023
ISIC_0056710,-2.4479306,3.9348526
ISIC_0056717,-3.542385,3.8883245
ISIC_0056719,-3.1163025,8.047485
ISIC_0056723,-2.7184305,4.7939415
ISIC_0056725,-5.091137,9.403528
ISIC_0056728,16.078243,1.7917439
ISIC_0056729,-4.6355786,9.70409
ISIC_0056739,-4.9281273,10.061525
ISIC_0056740,-3.2690969,3.847588
ISIC_0056749,-3.5037403,10.275956
ISIC_0056750,-2.592644,3.805667
ISIC_0056751,-3.2507856,6.4374185
ISIC_0056753,-4.2530036,5.784059
ISIC_0056770,-4.811633,9.218298
ISIC_0056788,-4.127964,10.4462185
ISIC_0056790,-2.2582629,6.3669763
ISIC_0056796,-5.45452,10.923716
ISIC_0056800,-2.1927445,4.8256083
ISIC_0056806,-2.6059718,5.907099
ISIC_0056814,-3.962065,10.137316
ISIC_0056816,16.144938,1.4983681
ISIC_0056817,-3.5315604,7.133396
ISIC_0056819,-3.850458,10.120179
ISIC_0056820,-2.5745912,7.6521864
ISIC_0056844,-4.7488728,11.323939
ISIC_0056848,-4.323094,8.219567
ISIC_0056849,-3.4713845,10.965667
ISIC_0056851,-3.1372797,4.678972
ISIC_0056860,-3.8939104,8.988458
ISIC_0056863,-3.8521354,7.3921266
ISIC_0056871,-3.521837,10.797179
ISIC_0056876,-3.0789096,6.310734
ISIC_0056893,-4.025688,7.805777
ISIC_0056900,-4.908632,8.328459
ISIC_0056901,16.44403,1.5903327
ISIC_0056902,-4.833705,10.025123
ISIC_0056915,16.312138,1.6192446
ISIC_0056921,-5.336501,7.739328
ISIC_0056926,-3.3531888,9.497218
ISIC_0056938,-5.3108916,8.06515
ISIC_0056940,-6.483968,10.354685
ISIC_0056957,-2.9767647,5.5658193
ISIC_0056967,16.151812,1.4633131
ISIC_0056974,-4.3977103,6.7666287
ISIC_0056981,-4.8563685,7.210853
ISIC_0056984,-4.251941,10.451689
ISIC_0056988,-2.8652413,5.052917
ISIC_0056991,-4.4433355,11.254318
ISIC_0057001,-2.5655096,7.3366113
ISIC_0057003,-1.0133796,4.9002104
ISIC_0057015,-3.8031685,11.079231
ISIC_0057016,-3.2819793,8.72711
ISIC_0057019,-1.6173757,6.210329
ISIC_0057023,-5.9876432,10.680997
ISIC_0057025,-3.3182392,6.3392673
ISIC_0057027,-3.5705383,10.669597
ISIC_0057033,-4.175984,8.967146
ISIC_0057044,-2.5043766,4.415623
ISIC_0057045,-4.2734156,10.13797
ISIC_0057048,-1.7509491,5.434836
ISIC_0057067,-3.5283606,7.051201
ISIC_0057083,-3.730313,7.344194
ISIC_0057089,-4.0225825,10.593544
ISIC_0057113,-2.8729901,5.4481316
ISIC_0057141,-4.096741,10.932366
ISIC_0057147,-3.6722746,5.7764707
ISIC_0057148,-3.7642457,10.198081
ISIC_0057152,-4.9185815,10.377968
ISIC_0057154,-2.686368,4.347757
ISIC_0057155,-3.3526862,10.943451
ISIC_0057164,-4.914041,10.600379
ISIC_0057169,-6.073736,10.140609
ISIC_0057171,-3.9399323,7.550091
ISIC_0057172,-1.7518984,4.965469
ISIC_0057188,-3.7713525,10.2480755
ISIC_0057192,-2.51967,3.767604
ISIC_0057199,-1.4863905,6.1169252
ISIC_0057204,-2.6409113,6.2021866
ISIC_0057211,-1.9414355,6.26184
ISIC_0057234,-5.554045,10.338791
ISIC_0057235,-5.2202153,8.405691
ISIC_0057244,-4.2636347,10.294694
ISIC_0057252,-5.102474,9.935522
ISIC_0057257,-2.6268394,5.1470065
ISIC_0057286,-3.8833303,6.0539455
ISIC_0057302,16.08869,1.6098325
ISIC_0057306,-3.372146,8.697814
ISIC_0057307,-4.835686,11.033601
ISIC_0057313,-5.9553943,10.845012
ISIC_0057315,-4.6611643,10.290942
ISIC_0057317,-3.693424,8.270046
ISIC_0057323,-4.8498864,8.438432
ISIC_0057324,-1.8034618,5.090815
ISIC_0057328,-3.1962316,6.089578
ISIC_0057331,-3.0730782,6.303483
ISIC_0057338,-2.488768,4.858971
ISIC_0057344,-6.5672398,9.697036
ISIC_0057360,-1.8227289,4.9408135
ISIC_0057362,-3.5731091,8.009503
ISIC_0057370,-3.198297,7.6821194
ISIC_0057371,-5.843836,9.501388
ISIC_0057374,-3.3436592,9.899733
ISIC_0057390,-5.004567,7.090104
ISIC_0057395,-4.3757677,9.186535
ISIC_0057397,-1.5158341,6.1864386
ISIC_0057406,-4.3297462,8.713443
ISIC_0057408,-1.7520558,4.470276
ISIC_0057412,-5.813529,10.453191
ISIC_0057417,-1.7826685,4.6190524
ISIC_0057436,-3.5155494,7.498842
ISIC_0057450,-3.2369583,5.431078
ISIC_0057457,-4.9551353,8.403299
ISIC_0057462,-4.3039594,10.371156
ISIC_0057465,-2.7674477,6.442002
ISIC_0057482,-2.4938073,6.165572
ISIC_0057496,-4.407206,11.472085
ISIC_0057518,16.139473,1.7094884
ISIC_0057531,-4.124385,10.756987
ISIC_0057534,-5.7361894,10.618404
ISIC_0057535,-5.460605,8.067668
ISIC_0057539,-1.068743,5.1156864
ISIC_0057545,-3.4172025,5.1819787
ISIC_0057548,-4.8811326,7.7140365
ISIC_0057554,-5.0753746,10.092161
ISIC_0057556,16.141851,1.5132525
ISIC_0057557,-5.695006,9.71567
ISIC_0057558,16.214151,1.4916263
ISIC_0057559,-4.0559645,11.0314455
ISIC_0057577,-3.475046,3.370457
ISIC_0057591,-2.12778,5.616244
ISIC_0057593,-5.9406,9.177334
ISIC_0057594,-3.5242307,6.602792
ISIC_0057609,-3.372061,9.862
ISIC_0057611,-2.8273864,5.2671976
ISIC_0057615,-3.2238166,6.7705045
ISIC_0057617,-4.327899,5.3892307
ISIC_0057619,-3.6744454,3.9582298
ISIC_0057621,-5.2189546,6.598347
ISIC_0057634,-4.7895336,8.31236
ISIC_0057656,-1.1326181,4.864063
ISIC_0057661,-4.420305,11.346398
ISIC_0057668,-2.6578999,4.4677505
ISIC_0057672,-3.6396425,4.657795
ISIC_0057685,-5.154471,6.949336
ISIC_0057687,-1.9339619,5.5873175
ISIC_0057700,-1.5851523,6.242949
ISIC_0057702,-6.4733863,10.280459
ISIC_0057716,-4.74158,11.232348
ISIC_0057725,-3.7158532,5.7878613
ISIC_0057731,-3.874972,10.021816
ISIC_0057734,-4.368851,8.707488
ISIC_0057736,-4.881911,8.565453
ISIC_0057744,-3.6821713,5.1014304
ISIC_0057747,-5.095936,8.070273
ISIC_0057753,-3.0094063,8.764119
ISIC_0057759,-4.082974,10.930896
ISIC_0057762,-3.2829711,9.391943
ISIC_0057769,-4.159265,11.24558
ISIC_0057771,-2.8724802,3.3963726
ISIC_0057782,-5.807284,8.176274
ISIC_0057783,-1.8943555,5.7852015
ISIC_0057787,-3.2297914,4.7264533
ISIC_0057791,-3.440826,5.0950904
ISIC_0057808,-2.6457899,4.1290655
ISIC_0057815,-3.548875,6.7024584
ISIC_0057821,-4.389133,7.5500813
ISIC_0057828,-2.0562017,4.951273
ISIC_0057838,-3.3451822,6.7846
ISIC_0057841,-4.5951166,8.494626
ISIC_0057844,-4.0809255,10.4402
ISIC_0057848,-3.865793,4.197335
ISIC_0057851,-3.2947974,9.658491
ISIC_0057864,-2.433294,5.4704556
ISIC_0057870,-3.0764956,6.07512
ISIC_0057881,-3.675355,10.936072
ISIC_0057891,-4.0972724,7.0298324
ISIC_0057898,-1.093111,5.5967603
ISIC_0057900,-2.929886,3.9849882
ISIC_0057913,-3.3373852,10.724667
ISIC_0057914,-2.7039447,6.5295672
ISIC_0057921,-5.0416436,9.226709
ISIC_0057936,-5.1534896,7.3015985
ISIC_0057938,-3.986056,10.681403
ISIC_0057939,-4.303128,8.892527
ISIC_0057947,-5.1119604,6.4797564
ISIC_0057949,-5.426499,8.628415
ISIC_0057953,-3.3926404,7.316618
ISIC_0057960,-4.84247,10.680699
ISIC_0057968,-5.125438,10.632946
ISIC_0057973,-5.575079,8.552401
ISIC_0057974,-3.3524365,5.7040677
ISIC_0057976,-2.0209687,4.15085
ISIC_0057978,-1.4679203,5.1269593
ISIC_0057980,-3.1385837,4.470579
ISIC_0057996,-3.3750014,6.9249864
ISIC_0057999,-6.042072,10.323109
ISIC_0058000,-2.9244142,3.480669
ISIC_0058003,-2.8220341,8.095207
ISIC_0058007,-5.145269,8.59566
ISIC_0058010,-3.598509,3.6237009
ISIC_0058015,-2.5997238,5.1859236
ISIC_0058016,-5.1316156,10.636919
ISIC_0058021,-2.7950995,5.933656
ISIC_0058024,-5.008196,10.936939
ISIC_0058028,-4.600457,9.001878
ISIC_0058033,-2.3684328,5.1466885
ISIC_0058040,-3.854038,9.238737
ISIC_0058046,-5.79604,10.515436
ISIC_0058047,-3.4554183,8.157192
ISIC_0058050,-2.6335983,3.3697233
ISIC_0058059,-4.3983307,6.932078
ISIC_0058075,-3.8111808,8.78703
ISIC_0058081,-2.9350665,7.6818533
ISIC_0058096,-3.3168378,4.385381
ISIC_0058097,-4.881185,8.210862
ISIC_0058098,-3.8061204,11.175073
ISIC_0058115,-4.1171904,7.3907127
ISIC_0058118,-4.7970424,8.722557
ISIC_0058125,-4.18703,9.826514
ISIC_0058126,16.035664,1.7639897
ISIC_0058127,-1.3911287,4.8894124
ISIC_0058135,-4.527701,10.969903
ISIC_0058136,-5.5151286,9.446779
ISIC_0058138,-3.546106,9.4542265
ISIC_0058151,-5.1812572,10.620347
ISIC_0058154,-2.8725727,4.1008906
ISIC_0058164,-4.45043,7.709
ISIC_0058168,-2.6414304,5.1626344
ISIC_0058170,-4.9737067,7.601274
ISIC_0058173,-3.052491,6.0709314
ISIC_0058176,-1.4573356,5.129815
ISIC_0058181,-5.167545,10.212394
ISIC_0058204,-4.2192507,8.734715
ISIC_0058206,-2.5585256,6.6551266
ISIC_0058214,16.263268,1.4378964
ISIC_0058218,-2.5646162,6.09369
ISIC_0058229,-2.1291409,5.7957277
ISIC_0058237,-2.0994592,4.2772894
ISIC_0058245,-2.5252876,3.568195
ISIC_0058249,-4.28067,10.77528
ISIC_0058255,-4.430866,7.494827
ISIC_0058270,-3.0806003,3.672368
ISIC_0058281,-2.96015,5.3470607
ISIC_0058282,-1.1916178,5.11385
ISIC_0058284,-4.928173,7.0536838
ISIC_0058285,-1.2696073,5.671104
ISIC_0058298,-3.498725,6.250275
ISIC_0058301,-2.565013,3.8574846
ISIC_0058307,-2.7411497,3.3650486
ISIC_0058308,-5.030722,10.7351265
ISIC_0058315,-5.2349524,6.554459
ISIC_0058319,-3.3564508,4.4522805
ISIC_0058321,-1.1251302,5.0445147
ISIC_0058331,-4.9344487,10.1424
ISIC_0058332,-1.199117,4.5437336
ISIC_0058334,-4.7087374,6.267715
ISIC_0058341,-3.4696217,9.539663
ISIC_0058344,-5.4637246,9.943229
ISIC_0058346,-5.7749367,10.657533
ISIC_0058354,-4.498386,11.268213
ISIC_0058368,-2.9119334,3.5256267
ISIC_0058376,-4.398822,6.1193833
ISIC_0058383,-1.0827643,5.6126227
ISIC_0058391,-4.9825997,8.530753
ISIC_0058399,-3.192992,7.3996406
ISIC_0058407,-4.7309184,8.906845
ISIC_0058408,-4.4221954,9.238013
ISIC_0058418,-1.039977,4.8698654
ISIC_0058425,-2.686916,3.3795269
ISIC_0058426,-4.0811534,10.669184
ISIC_0058428,-4.9924145,11.169458
ISIC_0058432,-3.1510117,5.063227
ISIC_0058439,-4.400109,11.327739
ISIC_0058457,-4.779065,7.2042027
ISIC_0058458,-3.3132308,4.2381077
ISIC_0058475,-3.582554,6.537772
ISIC_0058492,-2.6543138,3.5176988
ISIC_0058496,-5.069691,10.669555
ISIC_0058501,-5.056426,10.816161
ISIC_0058503,-3.7187965,5.8286834
ISIC_0058504,-3.2205575,7.8068776
ISIC_0058508,-3.8039906,9.716201
ISIC_0058513,-3.099653,7.400495
ISIC_0058526,-3.6641312,9.604093
ISIC_0058528,-3.5150552,5.088484
ISIC_0058544,-4.215127,10.735184
ISIC_0058548,-4.1594234,9.4632845
ISIC_0058550,-3.2597666,7.62745
ISIC_0058559,-1.683464,4.709036
ISIC_0058569,-2.2013798,4.093773
ISIC_0058577,-4.325879,10.191724
ISIC_0058580,-3.504821,9.452117
ISIC_0058597,-3.6763833,10.415227
ISIC_0058599,-3.1795182,6.9724894
ISIC_0058607,-5.023806,9.264039
ISIC_0058612,-3.809289,4.2325892
ISIC_0058617,-3.3108523,9.567694
ISIC_0058621,-3.6861598,6.394202
ISIC_0058625,-4.095647,11.195859
ISIC_0058629,-3.979137,4.71791
ISIC_0058630,-2.7535138,5.8554506
ISIC_0058643,-4.728732,11.037857
ISIC_0058645,-3.2846134,10.060902
ISIC_0058648,-5.046602,9.284271
ISIC_0058649,-2.9408467,3.487957
ISIC_0058655,-4.2537622,6.654651
ISIC_0058658,-5.059326,9.802662
ISIC_0058663,-2.6417396,3.5603907
ISIC_0058666,-3.6237216,8.266262
ISIC_0058675,-3.6442847,6.9177427
ISIC_0058676,-4.237764,7.915337
ISIC_0058697,-4.147086,11.331261
ISIC_0058708,-1.1315696,4.803799
ISIC_0058713,-1.8772426,6.394565
ISIC_0058716,-4.3688393,6.5349097
ISIC_0058721,-3.9289665,4.3276415
ISIC_0058723,-4.5952797,11.37135
ISIC_0058732,-1.5102111,4.485224
ISIC_0058734,-3.716104,10.426422
ISIC_0058743,-4.647627,9.146715
ISIC_0058753,-1.7405936,4.4621987
ISIC_0058757,-4.6248827,10.153956
ISIC_0058763,-2.8306012,6.5192165
ISIC_0058768,-1.534198,4.775854
ISIC_0058770,-3.085038,7.377761
ISIC_0058773,-3.3396485,6.6267996
ISIC_0058781,-3.2755585,6.8622885
ISIC_0058786,-1.8174698,5.107016
ISIC_0058790,-2.4941468,6.651025
ISIC_0058791,-4.152315,7.5736847
ISIC_0058792,-4.2293553,9.772601
ISIC_0058794,-4.6530657,7.496441
ISIC_0058798,-3.4713113,10.968729
ISIC_0058807,-5.3707495,8.674781
ISIC_0058818,-0.9590033,5.1556077
ISIC_0058836,-5.684057,9.640894
ISIC_0058838,16.172155,1.529644
ISIC_0058840,-3.5324697,9.684254
ISIC_0058851,-2.731092,7.905929
ISIC_0058858,-3.5956075,7.7951956
ISIC_0058862,-1.5413315,5.1071315
ISIC_0058863,-2.7203712,5.7548714
ISIC_0058866,-3.6319556,7.062732
ISIC_0058875,-5.5378065,10.944926
ISIC_0058877,-3.7475698,9.222398
ISIC_0058880,-4.5270953,11.050057
ISIC_0058881,-5.0479994,6.7976055
ISIC_0058887,-4.023426,10.788573
ISIC_0058918,-2.7748148,4.8913474
ISIC_0058926,-5.38583,10.651102
ISIC_0058931,16.423084,1.5860355
ISIC_0058947,-3.9330978,4.200595
ISIC_0058957,-3.5554953,8.008643
ISIC_0058959,-3.7106464,7.721365
ISIC_0059005,-3.6078708,10.288105
ISIC_0059023,-3.5566797,10.880391
ISIC_0059026,-3.120809,6.68145
ISIC_0059027,-2.7099144,5.1531725
ISIC_0059029,-3.8734446,9.981924
ISIC_0059037,-2.9295595,3.3603432
ISIC_0059042,-3.4966657,7.087733
ISIC_0059052,-4.5725546,11.385872
ISIC_0059065,-3.8721135,8.66699
ISIC_0059066,-6.38099,10.546543
ISIC_0059074,-4.849225,9.958773
ISIC_0059076,-3.5346842,3.8117335
ISIC_0059077,-2.8572001,3.6152148
ISIC_0059079,-3.9699895,9.189305
ISIC_0059082,-4.93302,7.9208417
ISIC_0059085,-3.5920365,4.9793158
ISIC_0059089,-5.0491004,7.3773794
ISIC_0059090,-4.647766,11.205384
ISIC_0059092,-3.3028688,9.474954
ISIC_0059093,-4.264894,10.547899
ISIC_0059103,-3.6938396,3.646342
ISIC_0059104,-4.733955,6.8929534
ISIC_0059123,-5.5338874,9.876669
ISIC_0059137,-2.8168592,5.544476
ISIC_0059138,-3.9754837,4.822894
ISIC_0059140,-5.3180065,10.114201
ISIC_0059141,-4.8859873,8.078033
ISIC_0059147,-3.4102604,3.6204412
ISIC_0059148,-3.5213923,4.604315
ISIC_0059160,-6.4714036,9.851886
ISIC_0059165,-5.2499285,10.81977
ISIC_0059169,-4.42593,8.525372
ISIC_0059170,-3.291165,7.367559
ISIC_0059171,-4.9071307,10.568515
ISIC_0059178,-2.6448112,3.3816624
ISIC_0059188,-5.298389,9.206257
ISIC_0059202,-3.0569632,7.370126
ISIC_0059209,16.460945,1.5464618
ISIC_0059219,-6.266901,9.7471895
ISIC_0059232,16.13681,1.7351397
ISIC_0059237,-3.2182899,9.25403
ISIC_0059253,-5.709413,10.793331
ISIC_0059264,-4.7318916,9.855436
ISIC_0059269,-3.6541157,3.621218
ISIC_0059270,-3.5760324,7.094109
ISIC_0059272,-3.4346433,3.889418
ISIC_0059273,-3.5236104,10.188891
ISIC_0059284,-1.6417742,5.3848004
ISIC_0059294,-5.4484816,11.119484
ISIC_0059313,-5.1794734,6.529016
ISIC_0059314,-3.3025556,9.762973
ISIC_0059315,-3.791436,6.871305
ISIC_0059316,-1.7518681,4.3143153
ISIC_0059318,-5.8885183,10.461708
ISIC_0059325,-4.830169,8.577888
ISIC_0059330,-1.4894373,4.7963142
ISIC_0059336,-4.102847,9.321778
ISIC_0059343,-2.9977376,7.2863917
ISIC_0059345,-4.980255,10.771045
ISIC_0059346,-3.385896,6.810861
ISIC_0059349,-3.918356,9.753812
ISIC_0059350,-6.233634,10.657088
ISIC_0059353,-3.5570304,9.317709
ISIC_0059361,-6.070974,10.5211735
ISIC_0059369,-4.204307,8.365974
ISIC_0059375,-3.932599,7.3716664
ISIC_0059382,-3.3654187,7.3322034
ISIC_0059386,-4.7838545,7.178389
ISIC_0059387,-4.6996093,9.741868
ISIC_0059398,-4.654148,11.314815
ISIC_0059411,-3.6337917,8.737558
ISIC_0059415,-3.814164,10.568867
ISIC_0059420,-4.986164,7.0108423
ISIC_0059421,-3.2936947,9.853136
ISIC_0059423,-2.3539116,6.62385
ISIC_0059424,-2.5651088,3.5487084
ISIC_0059435,-3.9279022,10.342704
ISIC_0059444,-5.3273835,11.0717
ISIC_0059446,-4.041566,8.637679
ISIC_0059450,-2.150587,4.010664
ISIC_0059473,-3.2737536,8.272987
ISIC_0059478,-3.8257086,8.683482
ISIC_0059482,-3.1996782,9.792808
ISIC_0059486,-4.1589546,7.510273
ISIC_0059493,-3.3300984,4.835888
ISIC_0059506,-3.9986925,4.8783016
ISIC_0059511,-4.0698643,11.281927
ISIC_0059512,-4.8186865,10.961003
ISIC_0059521,-1.7718235,4.3017554
ISIC_0059523,-4.628739,5.8828225
ISIC_0059525,-3.467429,8.111854
ISIC_0059538,-3.2457526,9.841539
ISIC_0059541,-3.788285,6.6343613
ISIC_0059547,-4.1664076,8.0279875
ISIC_0059551,-6.281488,9.260571
ISIC_0059554,16.41595,1.4346489
ISIC_0059568,-2.6070385,5.83927
ISIC_0059569,-4.822289,11.121714
ISIC_0059593,-4.042444,10.572562
ISIC_0059595,-1.67315,6.1681604
ISIC_0059597,-4.319502,8.901141
ISIC_0059601,-3.5502312,9.845138
ISIC_0059605,-1.1351734,5.232721
ISIC_0059608,-6.225174,10.413529
ISIC_0059611,-2.6890583,5.398601
ISIC_0059628,-3.6660383,7.815665
ISIC_0059631,-4.0514383,10.87473
ISIC_0059632,-5.320722,10.152643
ISIC_0059646,-5.1446958,6.4742837
ISIC_0059668,-4.7602205,11.200023
ISIC_0059669,-2.521325,3.6778696
ISIC_0059671,-2.1749308,5.0229297
ISIC_0059686,-5.483566,9.6634445
ISIC_0059703,-6.0299587,10.667921
ISIC_0059707,-3.3472843,10.491625
ISIC_0059708,-3.6489193,6.1055446
ISIC_0059738,-2.7845914,4.4846187
ISIC_0059739,-2.3175998,5.0933375
ISIC_0059747,-3.850522,4.051104
ISIC_0059750,-2.416364,4.2246103
ISIC_0059757,-4.525132,11.31658
ISIC_0059763,-4.047889,9.991343
ISIC_0059764,-1.514888,5.1476874
ISIC_0059768,-4.137717,8.533787
ISIC_0059770,-4.2233653,10.2594185
ISIC_0059773,-2.618726,7.2427063
ISIC_0059774,16.4852,1.6308326
ISIC_0059777,-3.3891284,10.38773
ISIC_0059785,-5.8400526,8.676285
ISIC_0059786,-5.064792,8.20389
ISIC_0059794,-2.948005,4.5450897
ISIC_0059804,-3.780859,3.9863276
ISIC_0059808,-3.6993108,8.3029375
ISIC_0059809,-2.7585533,7.7310963
ISIC_0059810,-5.926123,8.604149
ISIC_0059814,-3.461366,4.343689
ISIC_0059816,-3.2433226,5.3302813
ISIC_0059830,-4.4512324,6.741365
ISIC_0059832,-5.5018125,8.983399
ISIC_0059838,-4.939976,6.4110994
ISIC_0059840,-4.62247,11.140848
ISIC_0059855,-3.5523171,3.894446
ISIC_0059859,-4.247826,10.294706
ISIC_0059866,-2.0277176,5.552916
ISIC_0059869,-4.8958464,9.864347
ISIC_0059879,-2.6760676,6.5344086
ISIC_0059881,-3.7890785,6.915584
ISIC_0059884,-3.264834,5.139045
ISIC_0059890,-2.2774162,5.7780485
ISIC_0059891,-3.421178,9.680987
ISIC_0059892,-3.3983467,9.599316
ISIC_0059897,-2.7204628,5.06429
ISIC_0059904,-1.587088,5.0074863
ISIC_0059905,-3.7426631,6.7617726
ISIC_0059919,16.02474,1.7526654
ISIC_0059941,-3.1358762,6.202646
ISIC_0059948,-1.2218851,5.3146176
ISIC_0059957,-3.916505,10.987439
ISIC_0059958,-4.3178988,9.25234
ISIC_0059974,-4.8699856,10.098519
ISIC_0059978,-3.7273092,7.207758
ISIC_0059987,-1.0802431,5.192824
ISIC_0059992,-3.755867,5.7653093
ISIC_0060015,-3.7600613,10.696864
ISIC_0060022,-3.0584831,5.0996876
ISIC_0060032,-2.5247009,3.8220503
ISIC_0060033,-4.301024,11.191893
ISIC_0060094,-1.188305,5.1374526
ISIC_0060096,-3.3517275,10.955378
ISIC_0060099,-2.2408526,4.8636165
ISIC_0060104,-4.366838,10.662956
ISIC_0060114,-3.29832,10.048209
ISIC_0060118,-4.458386,9.969175
ISIC_0060140,-3.479182,10.719835
ISIC_0060143,-3.6855896,6.9187455
ISIC_0060147,-3.5163083,9.992568
ISIC_0060150,-3.797495,7.7829475
ISIC_0060153,-3.4381168,10.522278
ISIC_0060154,-3.4137619,10.495771
ISIC_0060155,16.259396,1.5966805
ISIC_0060159,-5.0277443,11.132401
ISIC_0060181,-3.8912501,4.3763194
ISIC_0060194,-3.8641925,4.156381
ISIC_0060197,-4.4999228,7.097914
ISIC_0060201,-2.591276,6.240102
ISIC_0060212,-4.323805,8.801858
ISIC_0060216,-2.6049051,5.855546
ISIC_0060218,-4.381046,8.997543
ISIC_0060219,-1.1833006,5.3657174
ISIC_0060222,-1.6908443,5.8187575
ISIC_0060224,-1.6763003,4.6656094
ISIC_0060233,-3.626834,9.879937
ISIC_0060238,16.307878,1.5741569
ISIC_0060239,-3.238275,9.901014
ISIC_0060244,16.32105,1.4824517
ISIC_0060248,-4.020417,9.573589
ISIC_0060266,-2.149712,4.4265747
ISIC_0060270,-3.5471873,3.3028069
ISIC_0060281,-5.8351665,10.28393
ISIC_0060297,-1.214522,4.6284175
ISIC_0060307,-3.2477808,6.6186624
ISIC_0060308,-3.1552172,6.842867
ISIC_0060313,16.456806,1.518699
ISIC_0060315,-1.0094112,4.956212
ISIC_0060326,-5.249366,9.732618
ISIC_0060340,-2.4656923,4.3661585
ISIC_0060341,-4.331901,8.488752
ISIC_0060342,16.393494,1.5843136
ISIC_0060355,-4.8929954,10.839396
ISIC_0060367,-3.5925794,5.647266
ISIC_0060376,-3.221851,6.280027
ISIC_0060377,-2.5374603,5.1235127
ISIC_0060380,-5.144657,8.701637
ISIC_0060386,-1.2562752,5.4614234
ISIC_0060393,-4.024193,6.706816
ISIC_0060397,-3.4221303,6.3115196
ISIC_0060399,-4.2494807,7.873974
ISIC_0060403,-5.863827,10.415273
ISIC_0060428,-2.4339182,6.425985
ISIC_0060446,16.094927,1.5554817
ISIC_0060456,-6.230814,10.625281
ISIC_0060459,-3.6881096,5.985982
ISIC_0060465,-4.988664,10.192267
ISIC_0060487,-3.0864947,6.2114105
ISIC_0060495,-4.5630717,11.114927
ISIC_0060507,-6.044941,9.55605
ISIC_0060508,-4.0837603,10.537056
ISIC_0060510,-4.780865,9.860455
ISIC_0060511,-5.0216694,10.709063
ISIC_0060525,-3.6621742,9.133626
ISIC_0060526,-2.7599275,5.8406157
ISIC_0060528,-3.687103,10.128386
ISIC_0060537,16.162113,1.473404
ISIC_0060538,-4.762165,8.584897
ISIC_0060548,-1.5148833,4.7723565
ISIC_0060555,-1.7281252,5.1287394
ISIC_0060556,-5.183646,7.564273
ISIC_0060559,-3.6650975,7.4054337
ISIC_0060577,-3.5325036,7.851055
ISIC_0060583,-1.7630426,4.742886
ISIC_0060585,-3.5380054,3.298891
ISIC_0060586,-5.9078684,10.892934
ISIC_0060589,-4.8673396,7.8869834
ISIC_0060597,-1.866136,5.278114
ISIC_0060610,-4.261329,10.84527
ISIC_0060616,-4.67111,11.405005
ISIC_0060624,-3.9475663,8.425508
ISIC_0060629,-4.2750144,10.556527
ISIC_0060630,-4.5021763,9.726187
ISIC_0060654,-2.5843623,5.069232
ISIC_0060660,-6.549438,9.544636
ISIC_0060665,-4.470786,9.990801
ISIC_0060671,-4.1115055,7.501946
ISIC_0060672,-3.718455,5.523738
ISIC_0060676,-2.9368377,3.7221863
ISIC_0060679,-5.5403295,10.872483
ISIC_0060681,-3.9360328,8.640769
ISIC_0060693,-4.575167,8.150137
ISIC_0060698,-2.94392,5.536529
ISIC_0060700,-3.7153707,7.076173
ISIC_0060713,-2.480174,4.9133277
ISIC_0060717,-1.674049,4.6481643
ISIC_0060718,-4.608143,6.5299783
ISIC_0060727,-3.2547777,6.632866
ISIC_0060728,-3.311666,10.2310505
ISIC_0060736,-2.6846294,3.4390864
ISIC_0060741,-3.598273,7.6892304
ISIC_0060744,-6.2311444,9.745953
ISIC_0060751,-2.9736722,3.9441597
ISIC_0060752,-3.7593873,6.4303317
ISIC_0060760,-3.986497,10.560322
ISIC_0060764,-3.9188426,10.528569
ISIC_0060773,-2.6813135,4.346537
ISIC_0060795,-3.7254755,8.425166
ISIC_0060799,-4.4356213,11.344472
ISIC_0060827,-5.22656,6.5567813
ISIC_0060829,-2.9044902,6.052811
ISIC_0060832,-4.0656447,9.335089
ISIC_0060834,-3.4249215,6.3461394
ISIC_0060836,16.315203,1.5785085
ISIC_0060845,-2.9644945,6.05551
ISIC_0060873,-2.7844658,3.9829829
ISIC_0060883,-5.079062,6.470742
ISIC_0060886,-3.023501,5.034485
ISIC_0060892,-3.7808018,7.088391
ISIC_0060893,-4.367503,7.999745
ISIC_0060897,-3.4401484,10.795818
ISIC_0060898,-2.924319,5.1257124
ISIC_0060911,-3.2999256,7.9255905
ISIC_0060916,-2.8687692,4.092792
ISIC_0060934,-4.174208,7.6241717
ISIC_0060936,-4.737637,10.229708
ISIC_0060937,-3.7206423,7.53618
ISIC_0060946,-2.6484401,6.1852746
ISIC_0060949,-3.6242902,9.830333
ISIC_0060955,-3.8926895,4.663731
ISIC_0060965,-3.755084,6.236413
ISIC_0060967,-3.4764082,8.298362
ISIC_0060968,-3.2280056,9.965467
ISIC_0060969,-3.8744051,4.11865
ISIC_0060971,-4.844887,7.898504
ISIC_0060972,-3.423739,7.2668624
ISIC_0060978,-3.8397074,11.011058
ISIC_0060979,-3.3922014,8.217831
ISIC_0060994,16.267365,1.469814
ISIC_0060999,-4.698228,11.338555
ISIC_0061001,-3.452902,3.7150571
ISIC_0061002,-4.060554,10.789272
ISIC_0061003,-5.32477,9.773009
ISIC_0061006,-5.891122,10.299789
ISIC_0061008,16.170235,1.4125428
ISIC_0061011,-3.0548887,5.3578377
ISIC_0061021,-3.4780023,10.971278
ISIC_0061025,-3.1185303,5.607737
ISIC_0061029,-3.5362635,10.998984
ISIC_0061031,-1.5285639,5.7694893
ISIC_0061032,-3.8642225,6.829187
ISIC_0061034,-3.2057638,4.7572947
ISIC_0061045,-4.0875506,10.045976
ISIC_0061049,-2.5956583,4.6614594
ISIC_0061052,-5.3860455,10.093902
ISIC_0061060,-3.0276375,5.13822
ISIC_0061066,-1.0107253,5.216605
ISIC_0061067,-3.6882336,8.119651
ISIC_0061070,-1.5920347,5.6178575
ISIC_0061075,-1.9405085,5.6923704
ISIC_0061077,-4.866446,8.8062315
ISIC_0061078,-3.0275006,6.312632
ISIC_0061079,-3.1299446,3.7321007
ISIC_0061085,-3.46837,8.666489
ISIC_0061104,-3.1524484,3.7848687
ISIC_0061108,-4.348871,11.122322
ISIC_0061112,-4.9505334,7.487606
ISIC_0061131,-4.4318905,11.055007
ISIC_0061141,-3.880332,10.738108
ISIC_0061152,-5.555635,9.872056
ISIC_0061155,-3.0769522,7.407293
ISIC_0061158,-5.967463,10.540361
ISIC_0061159,16.19175,1.5647078
ISIC_0061166,-4.0904646,7.210786
ISIC_0061183,-4.3998895,9.183654
ISIC_0061185,-5.36894,9.959236
ISIC_0061188,-3.9050415,4.560593
ISIC_0061189,-2.9613585,7.3041043
ISIC_0061191,-4.2862473,7.969165
ISIC_0061194,16.387897,1.6599966
ISIC_0061195,-3.7639222,4.593698
ISIC_0061200,-3.5038772,6.061913
ISIC_0061224,-3.2657278,9.894926
ISIC_0061231,-4.9955144,10.773148
ISIC_0061244,-3.8267133,10.668813
ISIC_0061250,-3.6119347,8.475604
ISIC_0061252,-3.8966773,7.143268
ISIC_0061257,-5.4033647,7.7301803
ISIC_0061261,-4.2538996,8.429632
ISIC_0061279,-2.7742245,3.34405
ISIC_0061281,-4.6234837,10.412645
ISIC_0061297,-5.017308,7.588815
ISIC_0061300,-3.3812416,10.039308
ISIC_0061315,-2.5521228,6.146482
ISIC_0061320,-3.050596,6.9089804
ISIC_0061323,-4.732999,8.688112
ISIC_0061333,-6.2441664,10.298337
ISIC_0061334,-5.043584,9.849481
ISIC_0061336,-3.3682404,6.2121453
ISIC_0061345,-3.4896688,10.906582
ISIC_0061355,-5.767462,10.1394415
ISIC_0061359,-4.32574,8.523762
ISIC_0061362,-2.7933762,5.368139
ISIC_0061366,16.152363,1.3988149
ISIC_0061369,-2.9725902,7.37826
ISIC_0061371,-3.8922076,7.9508996
ISIC_0061377,-3.833834,4.083028
ISIC_0061380,-2.366784,3.8115063
ISIC_0061382,-2.8295817,4.3170204
ISIC_0061393,-2.8736668,4.7430096
ISIC_0061407,-3.4083092,3.9599283
ISIC_0061411,-3.108154,6.500807
ISIC_0061418,-2.7394876,3.8691463
ISIC_0061424,-4.553473,7.686888
ISIC_0061432,-4.2005963,9.118287
ISIC_0061434,-2.8115149,4.4958653
ISIC_0061441,-1.1054215,4.9085407
ISIC_0061446,-1.2614833,4.579923
ISIC_0061447,-3.5692286,9.93275
ISIC_0061448,-3.4040263,5.046736
ISIC_0061454,-3.888795,4.2444153
ISIC_0061463,-2.9662127,3.7042096
ISIC_0061466,-3.1023908,6.0210676
ISIC_0061469,-2.766208,3.664751
ISIC_0061475,-3.5351546,6.0233827
ISIC_0061479,-3.343651,10.772304
ISIC_0061485,-3.1706917,5.505809
ISIC_0061491,16.079233,1.6953965
ISIC_0061494,-4.231727,9.374402
ISIC_0061496,-2.814667,6.3912907
ISIC_0061502,-6.041118,9.315479
ISIC_0061508,-6.6218143,9.648866
ISIC_0061516,-2.444883,5.576006
ISIC_0061518,-6.2514734,10.629571
ISIC_0061520,-2.6429176,6.1392603
ISIC_0061529,-5.6763515,10.708432
ISIC_0061532,-1.3688345,4.828357
ISIC_0061533,-4.5384116,10.949696
ISIC_0061547,-2.7581527,4.264769
ISIC_0061549,-3.7844481,9.54531
ISIC_0061553,-4.2520247,7.9415817
ISIC_0061554,-5.4732795,8.306702
ISIC_0061556,-2.58158,4.7755322
ISIC_0061559,-4.5213866,7.6011987
ISIC_0061566,-3.575628,9.486208
ISIC_0061568,-1.8613473,5.2865796
ISIC_0061573,-3.000365,7.2852736
ISIC_0061575,-2.588978,7.2894387
ISIC_0061580,-4.9145327,7.362056
ISIC_0061581,-4.727488,7.800982
ISIC_0061583,-4.670876,10.539289
ISIC_0061585,-5.7572355,9.552879
ISIC_0061592,-3.4223545,3.6055892
ISIC_0061595,-2.759759,3.6426816
ISIC_0061608,-3.5151875,5.0112324
ISIC_0061619,16.52171,1.6517962
ISIC_0061623,-2.7362902,3.4870586
ISIC_0061624,-3.4307554,9.301669
ISIC_0061625,-2.6313162,6.1987386
ISIC_0061629,-4.7227955,11.28813
ISIC_0061630,16.287992,1.575106
ISIC_0061633,-4.207677,7.357019
ISIC_0061644,-3.934267,4.7233253
ISIC_0061656,-4.4685245,10.417129
ISIC_0061660,-0.95345426,5.20475
ISIC_0061664,16.011662,1.771833
ISIC_0061670,-4.418792,8.878742
ISIC_0061680,-5.0486193,8.642523
ISIC_0061684,16.252756,1.3567346
ISIC_0061685,-5.1735487,10.050662
ISIC_0061699,-4.3820424,7.404775
ISIC_0061701,-3.4177706,6.4998894
ISIC_0061705,-2.7090492,8.27096
ISIC_0061710,-1.1801318,4.539121
ISIC_0061713,-1.4573951,5.914502
ISIC_0061715,-2.9277537,4.110383
ISIC_0061735,-6.4339547,10.361148
ISIC_0061741,-1.530387,4.4905486
ISIC_0061756,16.092808,1.6691543
ISIC_0061761,-2.4044383,4.94643
ISIC_0061770,-3.3047552,6.4609065
ISIC_0061773,-4.208899,9.5616045
ISIC_0061775,-3.6599278,10.166524
ISIC_0061782,-3.4140928,10.538838
ISIC_0061798,-2.7167344,4.572658
ISIC_0061799,-3.7582028,11.052604
ISIC_0061812,-5.3530116,11.22748
ISIC_0061829,-1.2395123,4.7519145
ISIC_0061831,-2.295236,5.093587
ISIC_0061833,-4.4475894,8.9692335
ISIC_0061848,-1.1662089,4.613166
ISIC_0061870,-4.7598414,7.4372354
ISIC_0061880,-3.318758,9.677179
ISIC_0061884,-4.0756836,10.579626
ISIC_0061885,-3.5230303,9.656249
ISIC_0061886,-3.804957,10.681879
ISIC_0061890,-2.5791543,6.190711
ISIC_0061894,-4.061872,10.038432
ISIC_0061895,-2.7834177,3.5662901
ISIC_0061900,-2.78109,6.921151
ISIC_0061911,-3.0462978,5.6732974
ISIC_0061912,-5.621002,8.946722
ISIC_0061915,-5.0591655,8.149424
ISIC_0061916,-3.3904712,10.1754675
ISIC_0061918,-4.4218383,9.589679
ISIC_0061922,-1.1866357,4.5895343
ISIC_0061926,-5.943951,10.569671
ISIC_0061928,-2.5485916,3.6360126
ISIC_0061944,-3.8555164,7.0350556
ISIC_0061945,-5.386949,10.316059
ISIC_0061950,16.096361,1.6740173
ISIC_0061953,-2.1749585,5.1506085
ISIC_0061954,-1.9324073,4.9150033
ISIC_0061969,-2.6156988,4.1506643
ISIC_0061971,-4.724143,9.425445
ISIC_0061982,-2.9680712,6.4260645
ISIC_0062000,-4.1853,8.677499
ISIC_0062005,-4.952729,9.666045
ISIC_0062010,-6.0345726,8.768536
ISIC_0062016,-6.0283375,9.284564
ISIC_0062031,-3.6934955,5.1795654
ISIC_0062042,-1.0288953,4.8968177
ISIC_0062063,-5.0815454,10.640105
ISIC_0062064,-4.9194474,9.43014
ISIC_0062077,-6.5364876,10.274843
ISIC_0062084,-3.466811,7.9153447
ISIC_0062099,-1.1782646,5.540082
ISIC_0062102,-2.9626613,4.6447215
ISIC_0062103,-4.052327,6.3550525
ISIC_0062111,-3.4972997,8.347355
ISIC_0062112,16.272755,1.3817382
ISIC_0062114,-3.72785,6.5535636
ISIC_0062122,-4.168568,8.152712
ISIC_0062125,-3.527929,6.722829
ISIC_0062133,-3.6065357,9.263852
ISIC_0062138,-2.9787304,5.1071644
ISIC_0062149,-4.471133,9.082454
ISIC_0062152,-4.051837,7.0317283
ISIC_0062154,-4.3029623,8.961464
ISIC_0062155,-4.7933087,8.059108
ISIC_0062158,-3.769322,10.259186
ISIC_0062160,16.07355,1.5364667
ISIC_0062161,-4.4409637,11.38938
ISIC_0062162,-2.5750628,5.9898667
ISIC_0062163,16.202002,1.4843128
ISIC_0062171,-4.5523996,8.758353
ISIC_0062176,-1.1767642,5.80879
ISIC_0062183,-2.3603296,6.4738097
ISIC_0062203,-3.516231,3.9181266
ISIC_0062206,-2.9810302,4.963852
ISIC_0062208,-5.276069,9.397067
ISIC_0062211,-2.291042,6.271212
ISIC_0062213,-3.5232792,9.082787
ISIC_0062220,-4.348355,8.007812
ISIC_0062235,-3.3506088,9.878242
ISIC_0062239,-1.1037139,4.9308844
ISIC_0062241,-4.025113,8.678133
ISIC_0062242,-3.3725,4.649346
ISIC_0062248,-2.364395,5.1248918
ISIC_0062251,-3.7768927,10.692357
ISIC_0062256,-3.1078267,8.103496
ISIC_0062260,16.349129,1.6233895
ISIC_0062266,-2.683595,3.6345613
ISIC_0062269,-3.2855532,9.961083
ISIC_0062273,-5.2957535,7.7896442
ISIC_0062280,-4.003635,7.2247767
ISIC_0062286,-3.6406944,10.383635
ISIC_0062296,-3.0971253,7.7096004
ISIC_0062298,-1.0419304,5.171323
ISIC_0062301,-4.818888,11.241806
ISIC_0062318,-2.7154305,3.53998
ISIC_0062323,-4.237297,7.239849
ISIC_0062325,-2.2405698,4.4786997
ISIC_0062340,-1.8071187,4.301394
ISIC_0062350,-3.3482118,9.3526325
ISIC_0062359,-3.9361265,8.968665
ISIC_0062381,-3.0969412,9.690965
ISIC_0062382,-5.15438,10.572028
ISIC_0062389,-3.5384026,9.202616
ISIC_0062401,-1.1715991,5.174231
ISIC_0062407,-4.0696845,11.310144
ISIC_0062423,-3.4427693,6.391966
ISIC_0062425,-5.176235,10.864621
ISIC_0062434,-2.0648026,4.1710978
ISIC_0062447,-3.320547,3.6900713
ISIC_0062453,-4.572249,10.326477
ISIC_0062454,-3.710431,11.111317
ISIC_0062457,-3.3973682,4.962149
ISIC_0062458,-4.4264016,10.320688
ISIC_0062463,-3.15758,5.289023
ISIC_0062468,-4.412697,9.262125
ISIC_0062471,-3.4708197,6.956655
ISIC_0062474,-4.9362884,8.913511
ISIC_0062477,-3.1554146,3.4543645
ISIC_0062478,-1.9129128,4.635218
ISIC_0062481,-3.0374725,9.228056
ISIC_0062497,-3.3936431,9.565211
ISIC_0062505,-1.4844095,5.599096
ISIC_0062509,-3.7718296,9.700685
ISIC_0062515,-1.1722257,5.679121
ISIC_0062517,-4.5071063,9.476059
ISIC_0062523,-5.455958,9.339106
ISIC_0062524,-5.262091,10.037224
ISIC_0062525,-5.263457,10.997656
ISIC_0062530,-4.820565,9.864148
ISIC_0062531,-4.460336,10.200523
ISIC_0062536,-4.261205,8.077849
ISIC_0062539,-4.736708,9.623709
ISIC_0062547,-2.6412313,3.403101
ISIC_0062551,-1.2288879,5.076469
ISIC_0062559,-3.2664866,8.467812
ISIC_0062562,-4.3305826,8.873988
ISIC_0062589,-3.5695221,7.644083
ISIC_0062596,-3.2300308,3.5398674
ISIC_0062602,-3.286835,4.4759903
ISIC_0062606,-2.536531,3.8566697
ISIC_0062626,-1.2297472,4.8675313
ISIC_0062628,-5.4683943,7.4528174
ISIC_0062632,-2.1615336,4.0264883
ISIC_0062633,-3.1071453,6.2507606
ISIC_0062636,-3.5854099,10.008676
ISIC_0062639,-4.4039164,11.365794
ISIC_0062642,-4.0200458,8.710558
ISIC_0062649,-2.1970668,5.6725354
ISIC_0062674,-3.5081136,4.3119745
ISIC_0062681,-3.5640805,6.185484
ISIC_0062684,-2.8165364,5.532249
ISIC_0062688,-3.1935964,4.6838
ISIC_0062690,-4.6927433,9.50441
ISIC_0062700,-3.583361,5.915876
ISIC_0062702,-2.5982003,7.422372
ISIC_0062708,-1.2578701,4.9295964
ISIC_0062709,-3.0671608,5.1255107
ISIC_0062712,-4.884224,9.387098
ISIC_0062716,-4.9269276,7.5542746
ISIC_0062721,-3.071207,4.5458064
ISIC_0062723,-3.6813583,7.4907136
ISIC_0062724,-3.8461144,5.5114727
ISIC_0062734,-2.4635067,6.1540403
ISIC_0062736,-3.863185,5.5286894
ISIC_0062762,-4.5260277,11.275041
ISIC_0062765,-2.588546,5.220805
ISIC_0062770,-3.7014387,10.042205
ISIC_0062780,-4.4165616,8.518568
ISIC_0062792,16.41391,1.5382048
ISIC_0062806,-2.167764,5.5784163
ISIC_0062809,16.459301,1.6314689
ISIC_0062816,-3.719741,7.7256346
ISIC_0062821,-3.0710163,7.766774
ISIC_0062827,-4.806579,11.270229
ISIC_0062832,-1.1307784,5.1561575
ISIC_0062841,-3.1845436,4.32462
ISIC_0062844,16.297697,1.619648
ISIC_0062869,-2.8758643,7.567786
ISIC_0062879,16.246471,1.6030993
ISIC_0062891,-2.5607407,6.00343
ISIC_0062912,-2.9945278,9.200351
ISIC_0062922,-2.482041,3.5744538
ISIC_0062925,-4.3905697,9.1733675
ISIC_0062935,-2.7883315,3.4295695
ISIC_0062944,-4.407403,9.420082
ISIC_0062948,-3.2542834,5.8900332
ISIC_0062952,-4.5350227,10.209656
ISIC_0062954,16.076986,1.6274124
ISIC_0062957,-5.42778,8.139759
ISIC_0062970,-5.303998,10.866537
ISIC_0062978,-3.1893241,5.318829
ISIC_0062983,-2.9018147,6.2884736
ISIC_0062985,-2.8324962,3.6710823
ISIC_0062991,-6.4853806,10.480384
ISIC_0062992,-4.5637913,7.7089806
ISIC_0062994,-4.060443,7.910894
ISIC_0062998,-3.5927293,5.539049
ISIC_0063018,-4.298471,10.292311
ISIC_0063026,-4.6183743,9.816337
ISIC_0063027,-6.269286,10.149543
ISIC_0063032,-4.875297,7.7878995
ISIC_0063046,-3.4320962,10.643273
ISIC_0063056,-5.0418086,10.791813
ISIC_0063058,-4.233458,7.7622194
ISIC_0063060,-5.5432286,9.865738
ISIC_0063070,-5.1453958,8.5523205
ISIC_0063072,16.035826,1.7346293
ISIC_0063077,-2.5729444,5.985667
ISIC_0063081,-6.0513287,10.47558
ISIC_0063087,-4.2478685,5.3383865
ISIC_0063102,-2.8856666,7.5571856
ISIC_0063103,-5.9124455,10.466638
ISIC_0063109,-3.6046815,6.957009
ISIC_0063114,-3.5377197,5.9928484
ISIC_0063124,-3.2883527,9.94644
ISIC_0063125,-3.9069934,7.324664
ISIC_0063130,-5.165003,7.858956
ISIC_0063131,-4.97488,9.9949045
ISIC_0063143,-1.547685,4.691928
ISIC_0063148,-2.3113909,3.871952
ISIC_0063151,-1.2311639,5.7477436
ISIC_0063168,-5.0600553,10.979088
ISIC_0063169,-3.7921932,9.273712
ISIC_0063172,-3.030871,8.421673
ISIC_0063174,-1.5732147,5.6563435
ISIC_0063180,-4.808682,11.247505
ISIC_0063181,-3.6738925,10.422482
ISIC_0063182,-3.7237754,7.4680696
ISIC_0063190,-4.2499437,11.253807
ISIC_0063191,-3.6652722,11.048657
ISIC_0063198,-4.5131273,7.7249055
ISIC_0063202,-4.737968,11.295641
ISIC_0063207,-3.849696,9.990225
ISIC_0063216,-1.7106974,6.319548
ISIC_0063222,-4.0343904,9.831253
ISIC_0063225,-2.7780042,6.44124
ISIC_0063228,-5.608932,8.926829
ISIC_0063233,-4.1577125,5.919811
ISIC_0063234,-2.9559467,6.991711
ISIC_0063240,-3.405424,10.22035
ISIC_0063241,-4.6926584,11.205588
ISIC_0063258,-2.1146874,4.782619
ISIC_0063264,-1.0231763,5.0021057
ISIC_0063266,-3.5316758,8.253351
ISIC_0063268,-4.0303383,9.4709835
ISIC_0063271,-3.214081,4.895651
ISIC_0063288,-5.212791,7.935369
ISIC_0063292,-1.0742968,4.876108
ISIC_0063300,-3.6502743,8.546705
ISIC_0063302,-2.0470102,4.2280354
ISIC_0063305,-2.5098736,4.630492
ISIC_0063318,-1.4151099,5.5064945
ISIC_0063334,-2.5308604,4.9287395
ISIC_0063345,-4.532089,7.313713
ISIC_0063349,-2.2994475,4.8201985
ISIC_0063360,-3.3623192,6.62117
ISIC_0063362,-3.8752348,6.302517
ISIC_0063369,-4.5789013,9.340568
ISIC_0063373,-3.2407284,6.237679
ISIC_0063392,16.29776,1.5428272
ISIC_0063394,-4.4947543,7.4547853
ISIC_0063410,16.100494,1.6620748
ISIC_0063414,-3.712248,7.4298763
ISIC_0063425,-3.401034,10.28601
ISIC_0063437,-2.5031617,4.4859066
ISIC_0063443,-4.5651155,7.769491
ISIC_0063445,-2.983693,7.025041
ISIC_0063447,-2.4044275,3.9574833
ISIC_0063450,-3.834305,6.9342933
ISIC_0063456,-1.376753,5.2814555
ISIC_0063464,-3.3268454,5.145975
ISIC_0063467,-5.0025926,11.26231
ISIC_0063469,-2.9775286,5.612226
ISIC_0063470,-3.5287519,3.93085
ISIC_0063475,-1.6127539,4.8091216
ISIC_0063480,-3.3268383,6.318626
ISIC_0063481,-3.7668245,9.565336
ISIC_0063493,16.281485,1.4031553
ISIC_0063496,-3.6490705,9.303494
ISIC_0063505,16.288172,1.5863401
ISIC_0063521,-2.857494,7.03735
ISIC_0063528,-1.6410706,5.5042615
ISIC_0063537,-1.5515317,5.1748257
ISIC_0063541,-1.6985625,4.316758
ISIC_0063551,-1.3990204,5.3283644
ISIC_0063566,-2.9369802,3.9538202
ISIC_0063578,-3.8266006,7.788414
ISIC_0063601,-3.488737,7.781694
ISIC_0063617,-4.0951805,11.283112
ISIC_0063623,-3.2748098,4.303454
ISIC_0063625,-3.0929255,6.9409637
ISIC_0063634,-4.176087,11.137066
ISIC_0063636,-3.579051,3.7014904
ISIC_0063641,-1.5918276,5.171253
ISIC_0063654,-5.1293707,10.309938
ISIC_0063655,-5.170967,7.073075
ISIC_0063660,-3.6317384,9.715725
ISIC_0063664,-4.7740335,11.333506
ISIC_0063675,-2.9482586,5.3920083
ISIC_0063679,-3.6290987,9.918982
ISIC_0063680,-3.9945192,6.5249996
ISIC_0063687,-4.8143997,7.6776752
ISIC_0063690,-2.5844042,3.45088
ISIC_0063691,-3.9952564,7.952197
ISIC_0063692,-1.6344929,4.7503104
ISIC_0063693,-4.501691,7.7230477
ISIC_0063695,-4.5292315,9.118642
ISIC_0063704,-3.546079,10.95158
ISIC_0063715,-4.166183,11.285964
ISIC_0063723,-3.7682028,9.430282
ISIC_0063724,-2.8093238,5.661451
ISIC_0063727,-3.87043,7.400455
ISIC_0063732,-3.1623988,6.6712627
ISIC_0063742,-3.110499,7.3893423
ISIC_0063748,-4.64174,9.209039
ISIC_0063750,-3.3483996,10.082328
ISIC_0063757,16.49404,1.6088009
ISIC_0063759,-3.5865319,7.102216
ISIC_0063769,16.10322,1.5197521
ISIC_0063775,-4.5035653,10.045229
ISIC_0063788,-4.396489,10.784579
ISIC_0063793,-3.0541942,4.5831304
ISIC_0063795,16.018494,1.7720132
ISIC_0063811,-2.6556852,3.477367
ISIC_0063824,-3.4199638,10.982891
ISIC_0063829,-4.2000456,8.18547
ISIC_0063830,16.19553,1.4629625
ISIC_0063839,-3.9666245,9.046863
ISIC_0063842,-3.9417279,9.005722
ISIC_0063845,-5.013331,11.408432
ISIC_0063852,-4.3442764,10.404679
ISIC_0063870,-5.8371325,10.419532
ISIC_0063871,-2.6803725,4.446737
ISIC_0063872,-3.9904466,7.892028
ISIC_0063873,-1.5619131,5.2930307
ISIC_0063881,-2.6358967,3.5276918
ISIC_0063885,-2.8415015,5.542905
ISIC_0063887,16.047876,1.5747792
ISIC_0063897,16.174952,1.6313455
ISIC_0063908,-4.7706695,6.343656
ISIC_0063912,16.331972,1.6216216
ISIC_0063915,-4.016995,6.971053
ISIC_0063926,-4.9181857,9.56743
ISIC_0063937,-3.2743928,6.9171157
ISIC_0063945,-3.5647068,7.1607733
ISIC_0063946,-4.0762167,7.4693084
ISIC_0063950,-4.5236793,11.248379
ISIC_0063958,-2.7267125,3.5991518
ISIC_0063960,-4.8007317,11.292327
ISIC_0063973,-4.413774,10.46909
ISIC_0063980,-3.3993275,5.787956
ISIC_0063981,-3.1045408,8.107041
ISIC_0063988,-3.9507616,10.526851
ISIC_0064006,-3.033859,5.728447
ISIC_0064014,-4.892088,10.953072
ISIC_0064023,-5.0256543,10.593584
ISIC_0064033,-3.2458751,10.660381
ISIC_0064034,-3.3580213,6.547036
ISIC_0064054,-3.771571,10.504783
ISIC_0064056,-3.559878,10.241431
ISIC_0064058,-3.6737719,7.117601
ISIC_0064060,-6.0761456,10.595069
ISIC_0064062,-4.3803997,8.983371
ISIC_0064072,-4.205279,10.760023
ISIC_0064073,-3.9633086,10.49387
ISIC_0064079,-4.1673746,11.276161
ISIC_0064080,-4.2693563,9.668368
ISIC_0064082,-4.401943,9.163007
ISIC_0064100,-4.3391204,5.945399
ISIC_0064102,-4.7611594,9.736102
ISIC_0064110,-3.799963,10.407014
ISIC_0064114,-4.120397,8.410788
ISIC_0064116,-6.700291,10.328749
ISIC_0064120,-3.5698159,8.632666
ISIC_0064122,-3.9432244,4.9025803
ISIC_0064129,-4.0311766,4.7859735
ISIC_0064130,-4.9694295,9.0981655
ISIC_0064134,-2.8935356,5.9511237
ISIC_0064141,-5.7280965,9.453224
ISIC_0064152,-3.6387732,3.760158
ISIC_0064157,16.174086,1.5138977
ISIC_0064167,-2.329199,4.3481636
ISIC_0064174,-4.9599614,8.067086
ISIC_0064180,-1.2180432,4.735053
ISIC_0064195,-2.8465245,3.3645325
ISIC_0064201,-2.7170851,8.028436
ISIC_0064204,-3.5292163,10.760345
ISIC_0064209,-4.036321,5.7837987
ISIC_0064212,16.096373,1.686658
ISIC_0064229,-4.5836883,7.33858
ISIC_0064240,-3.3023362,6.8719993
ISIC_0064246,-1.2829404,5.023811
ISIC_0064247,-2.6113517,3.4493139
ISIC_0064261,-4.9934344,10.6845045
ISIC_0064266,-4.8375573,9.744491
ISIC_0064268,-4.382782,8.061389
ISIC_0064270,-1.175105,4.6517344
ISIC_0064272,-4.045438,10.047838
ISIC_0064276,-6.5730042,9.678552
ISIC_0064279,-3.8636107,10.273057
ISIC_0064281,-1.2745459,5.9652805
ISIC_0064294,-4.03667,6.317386
ISIC_0064297,-3.137517,4.015194
ISIC_0064298,-4.456395,7.6608267
ISIC_0064307,-4.2139564,10.090264
ISIC_0064317,-3.7147846,10.3947935
ISIC_0064320,-6.252078,10.256691
ISIC_0064321,16.381756,1.6186293
ISIC_0064328,-4.44407,7.5297847
ISIC_0064337,-5.9423265,10.561393
ISIC_0064339,-2.854358,6.3539004
ISIC_0064344,-4.2806277,11.009277
ISIC_0064360,-5.9666286,8.9779005
ISIC_0064361,-5.0946546,7.1361237
ISIC_0064369,16.172377,1.322096
ISIC_0064376,-2.4617467,5.236097
ISIC_0064393,-5.6697693,9.589644
ISIC_0064406,-5.851114,8.559747
ISIC_0064411,-1.2992713,5.679446
ISIC_0064419,-2.6911156,6.2528343
ISIC_0064427,-1.58427,5.3250732
ISIC_0064428,-2.1149676,4.275507
ISIC_0064436,-1.6051259,5.5439353
ISIC_0064444,-3.2966158,6.647399
ISIC_0064455,-5.769608,10.32705
ISIC_0064463,-5.4004664,10.446342
ISIC_0064465,-4.937121,9.854161
ISIC_0064472,-3.3533366,10.044878
ISIC_0064476,-4.6259055,11.13129
ISIC_0064481,-3.4564543,10.49517
ISIC_0064483,-3.8559241,5.541667
ISIC_0064498,-1.1725901,5.0441256
ISIC_0064507,-3.980635,6.6913548
ISIC_0064515,-1.4002701,5.874833
ISIC_0064517,-3.5886905,8.820913
ISIC_0064530,-3.2782388,6.918855
ISIC_0064531,-3.9292722,4.425026
ISIC_0064534,-1.8271897,6.1096516
ISIC_0064538,-4.5124288,7.587325
ISIC_0064550,-3.937437,9.331691
ISIC_0064559,-5.5485535,8.24894
ISIC_0064569,-3.201295,5.4503484
ISIC_0064575,-3.2707543,5.9386444
ISIC_0064581,-1.9580702,5.010204
ISIC_0064585,-2.3859382,6.785678
ISIC_0064589,-1.9072354,4.4324775
ISIC_0064592,-3.9522076,11.240847
ISIC_0064606,-4.022634,9.98433
ISIC_0064611,-3.6182451,10.240977
ISIC_0064619,-2.574167,3.4897041
ISIC_0064623,-5.1590242,10.670365
ISIC_0064632,-2.762532,7.689871
ISIC_0064633,-1.2792064,5.5452185
ISIC_0064645,-2.3508832,4.5943785
ISIC_0064646,-2.6292782,3.5333796
ISIC_0064656,-3.4165823,10.163746
ISIC_0064660,-5.320348,8.15658
ISIC_0064667,-3.119445,7.3834887
ISIC_0064668,-4.4924684,8.607717
ISIC_0064672,-2.8518674,7.5816607
ISIC_0064676,-3.563475,7.4345007
ISIC_0064686,-3.285586,9.280877
ISIC_0064689,-2.8383925,6.3615794
ISIC_0064692,-3.6206152,11.010778
ISIC_0064693,-5.019734,9.864487
ISIC_0064694,-3.4686103,10.846288
ISIC_0064721,-3.831603,5.4678726
ISIC_0064730,-2.6117232,3.5510633
ISIC_0064732,-4.003294,10.748029
ISIC_0064739,-4.1921206,8.436733
ISIC_0064742,-3.0854976,4.8450685
ISIC_0064752,-4.4758744,8.576044
ISIC_0064759,-2.9725423,3.598478
ISIC_0064784,-4.7132344,8.437858
ISIC_0064800,-3.7191598,3.8498464
ISIC_0064804,-4.728198,11.338607
ISIC_0064816,-3.3195834,5.0291715
ISIC_0064821,-4.3068852,7.9638433
ISIC_0064822,-3.6777194,10.707002
ISIC_0064823,-4.8404365,9.91761
ISIC_0064825,-4.218225,7.0263176
ISIC_0064829,-4.03662,9.907553
ISIC_0064835,-3.7305188,7.560185
ISIC_0064836,-4.421772,8.395022
ISIC_0064840,-3.7976663,6.897643
ISIC_0064849,-5.058394,6.8433137
ISIC_0064860,-3.8284085,9.876869
ISIC_0064868,-2.8785295,7.4742723
ISIC_0064874,-3.6845844,10.26647
ISIC_0064875,-1.0978745,4.8419547
ISIC_0064881,-3.556089,9.656735
ISIC_0064887,-3.2953339,5.849313
ISIC_0064905,16.201433,1.447302
ISIC_0064907,-1.3130064,5.191188
ISIC_0064909,-3.453436,6.0761294
ISIC_0064910,16.382261,1.4573098
ISIC_0064919,-4.878454,6.389086
ISIC_0064921,-2.8975897,6.579164
ISIC_0064925,16.168083,1.4183633
ISIC_0064926,-3.7712793,11.112711
ISIC_0064927,-3.989061,10.532631
ISIC_0064929,-3.24635,9.698834
ISIC_0064933,-4.797062,9.569484
ISIC_0064936,-4.9544735,11.38041
ISIC_0064941,-3.463747,3.567223
ISIC_0064943,-2.5199168,5.9793253
ISIC_0064949,16.029785,1.7269238
ISIC_0064965,-5.9170523,10.3988
ISIC_0064982,-2.7097015,8.099214
ISIC_0064983,-2.5506344,5.29921
ISIC_0064986,-4.3612876,7.595899
ISIC_0064990,-3.0761137,6.018819
ISIC_0064992,-3.9207656,5.938858
ISIC_0064993,-3.659834,7.5047393
ISIC_0064997,-4.568238,11.036369
ISIC_0065001,-2.883288,7.1989503
ISIC_0065008,16.14438,1.424169
ISIC_0065013,-4.772333,10.316806
ISIC_0065022,-5.19556,7.50454
ISIC_0065023,-4.360954,9.291908
ISIC_0065025,-2.0608845,5.1230316
ISIC_0065026,-4.146915,6.7841225
ISIC_0065036,-4.4040008,8.748161
ISIC_0065039,-3.6912527,7.6774797
ISIC_0065046,-4.6260734,9.39046
ISIC_0065057,-2.4847534,3.6508093
ISIC_0065059,16.05375,1.6341641
ISIC_0065066,-1.0292552,5.686085
ISIC_0065099,-2.7796173,4.1325526
ISIC_0065100,-4.7677903,8.750856
ISIC_0065106,-4.3185477,8.442311
ISIC_0065109,-5.0535455,9.826296
ISIC_0065128,-5.078622,10.372332
ISIC_0065132,-4.401322,7.23397
ISIC_0065142,-2.9931228,6.534153
ISIC_0065159,16.235085,1.4466894
ISIC_0065168,-2.8632867,4.9734797
ISIC_0065171,-3.64516,7.970805
ISIC_0065173,-3.7486062,5.6458554
ISIC_0065186,-2.7723813,5.9050474
ISIC_0065191,-2.5328481,3.569583
ISIC_0065192,-2.656072,6.438679
ISIC_0065195,-1.5113976,5.0259085
ISIC_0065206,-2.5531166,6.1555023
ISIC_0065210,-5.975281,9.541964
ISIC_0065213,-2.6124578,3.518164
ISIC_0065215,-2.862703,3.3601816
ISIC_0065230,-4.2005525,8.989618
ISIC_0065235,-4.064416,8.07121
ISIC_0065236,-1.1056126,4.7747746
ISIC_0065248,-4.4981074,10.923286
ISIC_0065253,-5.2664313,9.658678
ISIC_0065265,-6.486884,9.670763
ISIC_0065267,-2.7627103,4.0079827
ISIC_0065278,-5.678495,9.398584
ISIC_0065283,-1.358371,5.0938077
ISIC_0065305,-5.6785097,10.695457
ISIC_0065307,-3.8863497,4.1382
ISIC_0065311,-3.0480611,6.339262
ISIC_0065313,-2.9345686,6.354254
ISIC_0065315,-2.6508741,3.7411406
ISIC_0065341,-1.9171097,5.5146956
ISIC_0065347,-5.2026076,10.897424
ISIC_0065351,-3.4428878,8.050952
ISIC_0065363,-2.5217357,4.2915
ISIC_0065367,-3.5258412,6.9674172
ISIC_0065379,-1.2207031,5.3170247
ISIC_0065382,-4.4140816,6.715441
ISIC_0065398,-3.8707078,7.523886
ISIC_0065402,-2.6311738,7.0635557
ISIC_0065408,-3.9274826,10.804432
ISIC_0065417,-2.0125747,4.717149
ISIC_0065431,-3.7948377,9.191314
ISIC_0065434,-5.9697328,8.941446
ISIC_0065443,-1.2769729,5.4362016
ISIC_0065446,-4.4365244,10.84691
ISIC_0065448,-4.375216,8.527489
ISIC_0065449,-1.4590749,6.1306286
ISIC_0065463,-0.9956807,4.9957113
ISIC_0065477,-4.4861264,11.416034
ISIC_0065507,-3.2805808,9.490169
ISIC_0065512,16.166323,1.5426265
ISIC_0065513,-3.3301482,10.972337
ISIC_0065516,-4.561067,8.610744
ISIC_0065518,-5.200502,10.710985
ISIC_0065521,-4.0174775,7.331557
ISIC_0065523,-2.0342503,4.3004613
ISIC_0065525,-4.8392024,9.205489
ISIC_0065531,-2.5807629,7.37275
ISIC_0065532,-2.927306,8.431301
ISIC_0065533,-4.115209,11.4044
ISIC_0065535,-1.1645297,4.7920685
ISIC_0065539,-1.1913214,5.0419493
ISIC_0065571,-4.984299,10.1714945
ISIC_0065576,-4.5078692,8.190558
ISIC_0065577,-3.6349154,7.4616218
ISIC_0065582,-1.1211175,4.9546523
ISIC_0065590,-2.97169,9.016305
ISIC_0065597,-4.507019,7.7392936
ISIC_0065598,-5.698014,10.8722105
ISIC_0065615,-4.8066196,10.142964
ISIC_0065618,-5.259304,11.096445
ISIC_0065622,-1.2467159,5.3711634
ISIC_0065627,-3.2907622,6.4236717
ISIC_0065644,-3.0479488,3.757367
ISIC_0065655,-2.6491988,5.128146
ISIC_0065658,-2.9386234,4.6873155
ISIC_0065668,-2.2803752,6.305322
ISIC_0065671,-3.955481,8.835072
ISIC_0065675,-5.016472,9.941121
ISIC_0065694,-4.902557,10.499898
ISIC_0065697,-1.1390259,5.767995
ISIC_0065698,-3.9011364,8.739759
ISIC_0065709,-3.526062,5.9902115
ISIC_0065714,-4.300628,10.327688
ISIC_0065727,-3.9491987,10.054211
ISIC_0065740,-3.8439696,8.726375
ISIC_0065742,-3.878953,7.049487
ISIC_0065746,-4.0287976,10.222199
ISIC_0065748,-5.180601,6.527079
ISIC_0065760,-1.071112,4.974017
ISIC_0065767,-3.7884033,6.942532
ISIC_0065774,-3.8860505,4.871236
ISIC_0065775,-4.38573,9.286429
ISIC_0065781,-2.7261384,7.8061075
ISIC_0065786,-2.914278,5.430005
ISIC_0065788,-3.22774,6.6983805
ISIC_0065801,-5.266172,7.9684367
ISIC_0065806,16.2938,1.3720609
ISIC_0065807,-4.8731284,9.8052845
ISIC_0065813,-3.9502413,4.9054933
ISIC_0065823,-4.7346177,9.870114
ISIC_0065825,-3.1773384,5.921466
ISIC_0065843,-4.6257954,6.8407927
ISIC_0065853,-4.5366664,10.736285
ISIC_0065858,-1.8008608,5.075309
ISIC_0065869,-2.9185176,7.0306773
ISIC_0065870,-3.7245333,7.6368337
ISIC_0065872,-1.0708928,5.6718516
ISIC_0065889,-4.8690443,9.215257
ISIC_0065895,-4.566668,8.606527
ISIC_0065904,-2.5375552,3.534207
ISIC_0065918,-4.1810203,7.8788323
ISIC_0065927,-3.0021682,6.9382186
ISIC_0065928,-5.2715015,7.5536695
ISIC_0065932,-4.1930914,8.494466
ISIC_0065943,-3.3445706,7.3426375
ISIC_0065944,-4.382429,6.863368
ISIC_0065945,-2.5279772,7.5688615
ISIC_0065961,-3.7055464,5.929117
ISIC_0065969,-1.1498939,5.1888
ISIC_0065974,-2.544758,3.724433
ISIC_0065997,-2.76812,3.5709724
ISIC_0066001,-4.2172647,7.7214036
ISIC_0066019,-2.6967294,5.200187
ISIC_0066047,-4.438465,11.343269
ISIC_0066058,-2.3858433,4.435667
ISIC_0066061,-1.3232557,5.270515
ISIC_0066066,-5.0534496,7.120138
ISIC_0066069,-4.6952033,9.238504
ISIC_0066075,-2.758929,8.005861
ISIC_0066085,-3.3140163,9.140688
ISIC_0066093,-2.8827024,5.5757904
ISIC_0066094,-1.1178484,5.6621833
ISIC_0066098,-2.7745743,5.8419213
ISIC_0066101,-5.1285486,7.179972
ISIC_0066102,-2.5959496,3.5154195
ISIC_0066106,-4.7225523,11.153064
ISIC_0066109,-3.7688358,9.495758
ISIC_0066116,-3.9255803,10.365621
ISIC_0066124,-3.30015,6.446648
ISIC_0066127,-4.897771,11.109749
ISIC_0066136,-6.041084,10.537573
ISIC_0066143,-3.1779113,9.935501
ISIC_0066146,-1.768417,5.091632
ISIC_0066154,-5.5886946,8.2257185
ISIC_0066161,-3.8024657,5.0461974
ISIC_0066165,-6.145891,10.650812
ISIC_0066181,16.515423,1.5517728
ISIC_0066185,16.048813,1.8132122
ISIC_0066191,-4.0553484,10.668758
ISIC_0066200,-4.3170476,9.845646
ISIC_0066203,-1.7376238,4.830524
ISIC_0066204,-3.8149614,6.9320765
ISIC_0066209,-6.0002227,10.388753
ISIC_0066217,-4.5932302,10.623957
ISIC_0066226,-3.426616,6.0393076
ISIC_0066244,-1.2228682,5.8398876
ISIC_0066289,-3.4216673,7.6686525
ISIC_0066307,-3.7978034,7.4617214
ISIC_0066308,-3.2150676,10.642881
ISIC_0066316,-1.448114,5.2485137
ISIC_0066320,-3.3313706,9.638933
ISIC_0066325,-3.214912,4.0165167
ISIC_0066332,-3.0731225,7.375944
ISIC_0066336,-4.4467845,8.98212
ISIC_0066338,-3.1934452,9.906615
ISIC_0066350,-1.9840705,4.0850906
ISIC_0066352,-3.1349385,8.27625
ISIC_0066358,-4.9946833,7.6873116
ISIC_0066359,-3.0779521,6.055145
ISIC_0066375,16.27543,1.5858331
ISIC_0066376,-5.030571,10.087648
ISIC_0066378,-2.2107136,4.647017
ISIC_0066379,-4.9936347,10.425515
ISIC_0066382,-1.5823869,4.5851717
ISIC_0066384,-3.4854043,7.558377
ISIC_0066390,-3.3177865,6.5487876
ISIC_0066394,-3.383574,4.9511566
ISIC_0066399,-2.55496,3.5382285
ISIC_0066401,-4.046539,8.577463
ISIC_0066403,-3.430434,7.317448
ISIC_0066412,-3.7799475,10.488783
ISIC_0066422,-4.282672,5.819555
ISIC_0066423,-5.023544,11.111658
ISIC_0066426,-1.0685307,5.2559104
ISIC_0066428,-2.9885254,5.829262
ISIC_0066430,16.316607,1.3685341
ISIC_0066448,-1.4647762,6.1093273
ISIC_0066470,-3.264882,8.288928
ISIC_0066476,-5.4972587,9.71577
ISIC_0066481,-3.1029577,5.5598927
ISIC_0066483,-3.2034194,5.9853044
ISIC_0066492,-5.454975,10.954987
ISIC_0066497,-2.6217725,3.5656602
ISIC_0066499,-4.4577518,6.6763315
ISIC_0066500,-2.7988615,3.3698423
ISIC_0066505,-3.5355313,3.7335956
ISIC_0066506,-4.9101067,9.485169
ISIC_0066515,-2.8586857,3.9114294
ISIC_0066516,16.12867,1.6624095
ISIC_0066518,-3.6326525,10.547732
ISIC_0066519,-3.2426016,7.674172
ISIC_0066520,-4.91691,8.380073
ISIC_0066532,-4.158492,10.912888
ISIC_0066533,-2.9162369,5.5907993
ISIC_0066535,-2.7376933,6.081198
ISIC_0066560,-4.801072,8.698838
ISIC_0066564,-3.6631348,9.259494
ISIC_0066568,-3.0525153,7.3691177
ISIC_0066588,-3.1699014,9.935644
ISIC_0066589,-5.415622,10.763863
ISIC_0066593,-4.28391,7.3752956
ISIC_0066603,-1.4654504,5.124016
ISIC_0066609,-4.772189,8.932445
ISIC_0066612,-5.478739,10.9715395
ISIC_0066613,-3.7974672,5.5868635
ISIC_0066626,-5.034004,11.294096
ISIC_0066627,-1.8652612,5.182527
ISIC_0066629,-3.706723,5.807413
ISIC_0066631,-4.7662945,10.651898
ISIC_0066633,-1.3298043,4.742156
ISIC_0066637,-4.6519175,6.8753185
ISIC_0066649,-3.4003074,4.534519
ISIC_0066650,-6.121411,10.217453
ISIC_0066662,-3.4662094,6.745745
ISIC_0066671,-3.1188962,6.35332
ISIC_0066678,-3.252394,9.919725
ISIC_0066690,-1.9858814,4.751444
ISIC_0066693,-3.19952,4.758515
ISIC_0066710,-4.117128,9.224171
ISIC_0066716,-3.815382,7.5085244
ISIC_0066722,-2.9179184,3.771591
ISIC_0066733,-5.266868,11.231326
ISIC_0066744,-2.641857,4.393611
ISIC_0066750,-1.0306796,4.993979
ISIC_0066756,-5.7759356,9.34893
ISIC_0066766,-4.0006104,5.9025407
ISIC_0066767,-3.3903682,7.4736705
ISIC_0066769,-3.1187415,6.606034
ISIC_0066776,-4.8496313,8.667864
ISIC_0066783,-4.348277,8.928456
ISIC_0066792,-4.095915,8.364874
ISIC_0066802,-4.0096254,4.8427334
ISIC_0066811,-1.4252511,6.117705
ISIC_0066815,-3.9268541,4.153575
ISIC_0066844,-3.4357326,6.573196
ISIC_0066845,-4.03228,8.789496
ISIC_0066848,-3.950109,8.7298565
ISIC_0066854,-2.9148598,7.8621593
ISIC_0066855,-3.252786,9.976442
ISIC_0066860,-3.5755365,9.164302
ISIC_0066863,-5.802634,8.184956
ISIC_0066865,-3.4125206,5.376955
ISIC_0066867,-5.212875,8.626235
ISIC_0066869,-2.770815,3.7861009
ISIC_0066882,-5.217081,10.42062
ISIC_0066886,-3.6221783,8.323221
ISIC_0066907,-2.5010715,7.020418
ISIC_0066910,-2.4309907,4.635694
ISIC_0066918,-5.297931,9.855004
ISIC_0066921,-1.8392218,6.3033056
ISIC_0066927,-1.2129885,4.503781
ISIC_0066931,-3.3050923,5.774582
ISIC_0066933,-3.2704756,9.279067
ISIC_0066935,-3.0988808,5.7025914
ISIC_0066947,-2.8813412,3.3382583
ISIC_0066952,-2.7805564,5.625998
ISIC_0066969,-4.945068,6.9410152
ISIC_0066977,-3.2668486,6.239331
ISIC_0066994,-3.2697756,9.548419
ISIC_0067005,-2.9202943,6.0067744
ISIC_0067008,-4.6439986,10.969939
ISIC_0067009,-5.085887,11.218282
ISIC_0067054,-4.1051607,10.749714
ISIC_0067062,-3.477778,6.9173098
ISIC_0067069,-1.9576511,4.110665
ISIC_0067083,-3.4541004,9.912729
ISIC_0067101,-3.0911427,5.4150543
ISIC_0067120,-5.2802873,10.69285
ISIC_0067126,16.06264,1.6623836
ISIC_0067129,-2.484891,3.7720706
ISIC_0067134,-4.519118,8.037005
ISIC_0067151,-3.3243842,5.5925145
ISIC_0067159,-2.5485973,7.343016
ISIC_0067160,-1.4082594,5.1665845
ISIC_0067167,-1.7414911,5.9020586
ISIC_0067171,-6.132717,9.151051
ISIC_0067188,-2.835904,7.924428
ISIC_0067191,-4.3742537,5.491115
ISIC_0067193,-3.6747894,8.251338
ISIC_0067194,-3.0670104,9.079577
ISIC_0067197,16.19279,1.3913012
ISIC_0067200,-3.7784944,7.822245
ISIC_0067202,-4.6300297,9.816578
ISIC_0067206,-1.061697,5.6645074
ISIC_0067208,-2.8859653,5.4699917
ISIC_0067210,-1.4369997,6.154739
ISIC_0067225,-5.1392198,6.4809875
ISIC_0067233,-3.1764827,5.548668
ISIC_0067235,-5.754268,10.671052
ISIC_0067240,-5.7684627,8.226688
ISIC_0067248,-3.218634,5.330287
ISIC_0067253,-5.3561883,8.301532
ISIC_0067274,-5.4906926,10.193073
ISIC_0067276,-2.0625145,5.625474
ISIC_0067284,-5.7656813,8.083723
ISIC_0067308,-3.048566,7.459671
ISIC_0067317,-3.3121674,9.751382
ISIC_0067318,-6.503334,9.713066
ISIC_0067325,16.085146,1.7501663
ISIC_0067333,-3.5946035,6.37101
ISIC_0067335,-3.1075957,5.582189
ISIC_0067339,-3.1479256,6.950532
ISIC_0067347,-2.652478,4.8084254
ISIC_0067350,-2.6839979,7.0261683
ISIC_0067353,-4.7822046,8.255817
ISIC_0067365,-2.6597235,3.471876
ISIC_0067367,-2.437247,4.147239
ISIC_0067375,-3.075375,7.677661
ISIC_0067395,-4.2083426,9.489833
ISIC_0067404,-3.345684,7.681792
ISIC_0067405,-3.7475674,8.845049
ISIC_0067417,-5.433453,9.753358
ISIC_0067418,-4.1201277,11.404325
ISIC_0067438,-3.3074734,5.6906514
ISIC_0067443,-3.7670186,9.381282
ISIC_0067452,-3.5437105,6.902332
ISIC_0067458,-2.8583624,8.136224
ISIC_0067460,-4.497124,7.578602
ISIC_0067461,-3.1633987,4.3891773
ISIC_0067466,-3.3923607,6.3329687
ISIC_0067485,-3.2831943,7.5802393
ISIC_0067488,-4.6956396,9.982998
ISIC_0067489,-1.7735461,5.4280024
ISIC_0067495,-5.1249375,9.503264
ISIC_0067502,-5.0191927,9.147855
ISIC_0067504,16.277277,1.355193
ISIC_0067510,-4.147975,7.8597956
ISIC_0067511,-2.7000544,3.462788
ISIC_0067513,16.144855,1.4295927
ISIC_0067515,-5.039361,8.091405
ISIC_0067518,-3.2613215,6.466199
ISIC_0067521,-3.967338,11.193621
ISIC_0067534,-3.6375663,9.555945
ISIC_0067536,-3.1019034,6.1190414
ISIC_0067543,-3.9358084,7.007085
ISIC_0067549,-3.73265,10.408612
ISIC_0067553,-1.1041759,4.739999
ISIC_0067564,-1.9242914,5.4212003
ISIC_0067565,-5.0020165,10.515624
ISIC_0067566,-1.179102,5.3005233
ISIC_0067576,-4.831363,10.736845
ISIC_0067577,-5.5431676,11.086878
ISIC_0067598,-5.9700165,10.593353
ISIC_0067601,-4.300179,10.958292
ISIC_0067602,-3.5889728,9.843073
ISIC_0067619,-5.1635623,6.5311174
ISIC_0067625,-3.783716,6.5994177
ISIC_0067629,-1.8551776,5.626013
ISIC_0067630,-2.9387147,9.7883415
ISIC_0067636,-1.6093855,5.3502493
ISIC_0067653,-2.34406,5.4475245
ISIC_0067655,-1.169544,5.837827
ISIC_0067667,-1.6257962,4.6622934
ISIC_0067671,-4.0666513,6.624815
ISIC_0067685,-1.8715667,5.395176
ISIC_0067689,-1.2037587,4.8318324
ISIC_0067695,-3.2943707,9.760332
ISIC_0067696,-4.7910957,8.826942
ISIC_0067697,-5.1962476,11.071855
ISIC_0067704,-5.4291797,10.453128
ISIC_0067711,-3.4028823,3.6269403
ISIC_0067716,-2.6784375,7.645952
ISIC_0067719,-2.5551634,5.99977
ISIC_0067722,-4.2072716,5.653105
ISIC_0067731,-4.530965,10.562242
ISIC_0067733,-3.6594355,6.3168306
ISIC_0067743,-5.3593426,9.545813
ISIC_0067747,-3.646201,3.843625
ISIC_0067756,-4.5855327,9.758316
ISIC_0067757,-2.6019044,3.4393096
ISIC_0067758,-2.5913272,4.2212863
ISIC_0067776,-3.5638566,3.9450567
ISIC_0067782,16.059958,1.6672095
ISIC_0067789,-4.6570215,11.174008
ISIC_0067798,-3.4093664,4.013877
ISIC_0067804,-3.9107018,10.806321
ISIC_0067805,-4.0522647,7.6368375
ISIC_0067808,-4.7917066,10.567767
ISIC_0067816,-4.2225204,5.866419
ISIC_0067821,-3.3673475,6.145963
ISIC_0067825,-5.051775,8.127148
ISIC_0067830,-3.645749,4.960876
ISIC_0067831,-4.1578484,8.47589
ISIC_0067836,-3.2798386,5.4665613
ISIC_0067843,-4.7903385,8.659121
ISIC_0067845,-5.922714,8.290896
ISIC_0067847,-2.9962792,5.5344777
ISIC_0067849,-6.107736,10.357136
ISIC_0067857,-4.6815248,11.179123
ISIC_0067873,-5.129698,9.10436
ISIC_0067885,-3.5472503,9.043337
ISIC_0067889,-4.087149,10.909067
ISIC_0067890,-3.5373936,3.3058763
ISIC_0067891,-4.044263,10.93133
ISIC_0067893,-3.294495,6.7115726
ISIC_0067896,-4.270648,7.1801934
ISIC_0067897,-3.1056998,4.4781113
ISIC_0067902,-3.889051,4.1269493
ISIC_0067905,-3.4530096,8.899746
ISIC_0067933,-3.6201434,10.345143
ISIC_0067934,-4.302506,6.047523
ISIC_0067947,-1.9346617,5.009059
ISIC_0067949,-1.2664458,5.1651735
ISIC_0067952,-4.3052397,7.794049
ISIC_0067953,-5.121519,10.66136
ISIC_0067960,-3.3291574,10.025513
ISIC_0067969,-3.4309404,8.622769
ISIC_0067972,-3.3848903,10.271727
ISIC_0067979,-5.196687,8.664208
ISIC_0068000,-3.90047,4.327787
ISIC_0068003,-1.0505346,4.9582925
ISIC_0068011,-2.9788113,5.4302573
ISIC_0068012,-3.4926307,8.339034
ISIC_0068013,-4.424692,9.155434
ISIC_0068015,-3.2849786,7.594465
ISIC_0068023,-4.168569,5.741356
ISIC_0068043,-4.4391494,10.456965
ISIC_0068048,-4.1000733,7.665671
ISIC_0068055,-5.446044,8.466808
ISIC_0068060,-3.5442157,9.887202
ISIC_0068064,-4.4460673,6.602828
ISIC_0068069,-2.8633022,5.371844
ISIC_0068073,-3.9705987,7.141626
ISIC_0068080,-3.1073234,4.7061653
ISIC_0068107,-3.9956064,4.5926695
ISIC_0068114,-2.5013392,6.24341
ISIC_0068117,-3.784713,8.839322
ISIC_0068118,-5.006273,11.353096
ISIC_0068119,-3.798078,7.9944353
ISIC_0068121,-3.9739377,4.849648
ISIC_0068128,-2.5904174,6.488829
ISIC_0068129,-5.2365026,10.227055
ISIC_0068137,-3.9022112,9.301757
ISIC_0068143,-2.8097785,5.965222
ISIC_0068152,-3.4223785,7.3577275
ISIC_0068153,-4.028125,4.82531
ISIC_0068164,-3.3216507,6.6486278
ISIC_0068166,-5.4544034,10.488258
ISIC_0068178,-2.9925137,3.682215
ISIC_0068188,-5.0181575,11.275107
ISIC_0068189,-1.1351887,5.015099
ISIC_0068200,-3.96962,9.235002
ISIC_0068202,-5.9346304,10.576518
ISIC_0068206,16.245615,1.6849594
ISIC_0068209,-1.1862737,5.176017
ISIC_0068211,-3.62299,7.9912148
ISIC_0068218,-3.6641958,3.7701843
ISIC_0068227,-1.2977654,5.9534783
ISIC_0068233,-5.711188,10.369262
ISIC_0068234,-2.796853,4.8682485
ISIC_0068239,-5.1068516,10.454808
ISIC_0068247,-4.8696175,7.9154396
ISIC_0068252,-5.756082,9.323626
ISIC_0068273,-3.4411528,8.040572
ISIC_0068275,-3.3680441,6.7295513
ISIC_0068276,-2.5243478,4.9124146
ISIC_0068282,-6.23182,9.521442
ISIC_0068290,-1.2120626,4.519833
ISIC_0068291,-3.733696,8.073066
ISIC_0068294,16.15718,1.6862656
ISIC_0068299,-3.1560493,8.850621
ISIC_0068303,-3.4849863,3.3071506
ISIC_0068315,-4.664598,8.30061
ISIC_0068318,-2.9356947,8.626347
ISIC_0068321,-5.2930813,7.8396444
ISIC_0068331,-4.7625585,11.333113
ISIC_0068343,16.092466,1.7713602
ISIC_0068347,-5.3351893,7.939869
ISIC_0068382,-3.3540907,9.717746
ISIC_0068383,-3.4728842,8.245248
ISIC_0068385,-4.915502,9.93221
ISIC_0068393,-4.6411276,6.476225
ISIC_0068396,-3.378052,6.05464
ISIC_0068403,-3.6881592,3.5266335
ISIC_0068407,-4.6186867,10.014973
ISIC_0068411,-4.3938375,11.323705
ISIC_0068427,-4.5422764,10.194846
ISIC_0068438,-3.5301104,10.91952
ISIC_0068452,-5.4228396,8.124253
ISIC_0068460,-2.4809542,4.501958
ISIC_0068463,16.34392,1.6511247
ISIC_0068465,-4.719479,10.823077
ISIC_0068468,-3.8783524,10.536312
ISIC_0068488,-2.9504602,4.765541
ISIC_0068513,-5.9221945,10.2575
ISIC_0068524,-4.077744,9.253683
ISIC_0068527,-3.9028683,6.3279986
ISIC_0068528,-4.484208,11.294256
ISIC_0068537,-2.5168846,4.6360173
ISIC_0068555,-4.0767856,9.932906
ISIC_0068560,-4.122449,10.770781
ISIC_0068576,-3.483298,10.212731
ISIC_0068578,-3.9679363,9.366581
ISIC_0068581,-3.4667907,8.662454
ISIC_0068583,-2.641642,7.635008
ISIC_0068584,-1.1715655,4.7808194
ISIC_0068586,-4.7874637,11.124359
ISIC_0068609,16.292973,1.5392988
ISIC_0068614,16.063936,1.802153
ISIC_0068616,-3.3088238,6.406613
ISIC_0068617,-2.3591776,4.702741
ISIC_0068627,-4.2198772,8.6514635
ISIC_0068628,-4.2074385,7.9366674
ISIC_0068629,-3.49256,6.3682737
ISIC_0068633,-6.0536637,10.477384
ISIC_0068638,-3.922947,7.095188
ISIC_0068660,-4.5704803,9.3537855
ISIC_0068682,-5.6922207,10.5883045
ISIC_0068700,-3.3795233,9.88758
ISIC_0068715,16.194447,1.6623904
ISIC_0068717,-5.306371,9.443585
ISIC_0068721,-1.6644096,4.8802495
ISIC_0068727,-4.904682,8.354434
ISIC_0068730,-4.513236,11.414318
ISIC_0068744,-4.417718,9.000853
ISIC_0068747,-3.3942745,5.8938756
ISIC_0068759,-1.7523681,4.7918663
ISIC_0068760,-4.7023654,8.79077
ISIC_0068761,-1.9144838,4.9673443
ISIC_0068766,-5.0184517,8.160599
ISIC_0068776,-2.431295,6.828044
ISIC_0068778,-1.4898661,5.804162
ISIC_0068800,-2.6459436,6.5786824
ISIC_0068808,-4.894863,10.477585
ISIC_0068817,-2.7473962,3.504482
ISIC_0068818,16.17878,1.6357545
ISIC_0068819,-4.8970084,7.5409164
ISIC_0068840,-4.504378,11.113614
ISIC_0068850,-3.169513,7.4925942
ISIC_0068851,-6.494828,9.869396
ISIC_0068874,-4.9139214,10.96311
ISIC_0068881,-4.0681024,8.913139
ISIC_0068882,-3.2769997,3.883494
ISIC_0068884,-4.5581255,10.690711
ISIC_0068895,-1.0600783,5.2909355
ISIC_0068897,-3.0802724,6.996765
ISIC_0068900,-2.943988,6.381953
ISIC_0068905,-1.1221956,4.880352
ISIC_0068907,-4.91357,7.5780025
ISIC_0068911,-5.587723,8.25003
ISIC_0068917,-3.8253174,4.357057
ISIC_0068921,-4.3260045,5.9960876
ISIC_0068924,-1.0555314,5.0003314
ISIC_0068928,-5.2462296,8.785575
ISIC_0068929,-3.516298,9.904218
ISIC_0068931,-2.8894484,4.7197447
ISIC_0068936,-3.1014826,5.6854563
ISIC_0068941,-3.1930172,6.102173
ISIC_0068961,-5.0612426,8.3177595
ISIC_0068962,-4.924458,6.409954
ISIC_0068966,-4.8146834,9.89189
ISIC_0068975,-3.7458997,10.257119
ISIC_0068979,-3.0913851,5.615466
ISIC_0068981,-3.5981245,9.952732
ISIC_0068993,-2.685197,7.39884
ISIC_0069003,-4.0650415,7.430602
ISIC_0069008,-4.2308736,7.927714
ISIC_0069024,-2.4915645,5.1705565
ISIC_0069028,-3.0272577,4.835631
ISIC_0069029,-2.9251306,8.024692
ISIC_0069042,-4.4425707,11.055433
ISIC_0069058,-3.1211588,5.416225
ISIC_0069059,-3.9980636,10.446296
ISIC_0069062,-3.497993,6.5502367
ISIC_0069065,-3.018037,7.024523
ISIC_0069068,-1.7460288,4.952593
ISIC_0069070,-5.720357,9.370703
ISIC_0069072,-4.424968,11.396807
ISIC_0069076,-4.558153,10.680992
ISIC_0069077,-2.4067557,6.0349293
ISIC_0069091,-3.2275605,5.316834
ISIC_0069093,-5.095077,11.026758
ISIC_0069102,-2.827466,8.23379
ISIC_0069105,-4.8663883,11.004167
ISIC_0069108,-2.0959167,5.836546
ISIC_0069112,-1.1962935,4.683606
ISIC_0069119,-3.4647396,10.8766365
ISIC_0069148,-4.8063245,10.377802
ISIC_0069156,-3.6578124,3.6791866
ISIC_0069158,-4.1490245,9.709441
ISIC_0069165,-3.4472694,4.3238635
ISIC_0069167,-4.975481,10.453594
ISIC_0069179,-4.550256,10.41407
ISIC_0069192,-3.9039721,4.915002
ISIC_0069197,-3.277048,8.0538645
ISIC_0069199,-4.3825016,9.521019
ISIC_0069204,-3.5197396,10.143726
ISIC_0069210,-2.6475031,6.0305614
ISIC_0069230,-2.564789,4.9724174
ISIC_0069238,-3.5411298,5.3416
ISIC_0069245,-2.719493,4.866511
ISIC_0069246,-3.930332,6.844563
ISIC_0069248,-3.3161216,4.2752333
ISIC_0069257,-6.0835414,10.064059
ISIC_0069262,-4.1884704,6.775181
ISIC_0069264,-3.121427,5.678428
ISIC_0069267,-2.8520975,7.149489
ISIC_0069273,-5.117248,7.7704864
ISIC_0069277,-2.2219572,4.632079
ISIC_0069292,-3.960887,7.595747
ISIC_0069293,-2.0439098,5.2554126
ISIC_0069315,-3.4721994,10.220986
ISIC_0069358,-4.22194,8.007302
ISIC_0069361,-3.3588574,10.979181
ISIC_0069365,-4.04098,8.301063
ISIC_0069369,-6.052788,10.508963
ISIC_0069380,-5.077112,7.5996985
ISIC_0069385,-5.6670504,10.697587
ISIC_0069386,-3.5774784,8.448955
ISIC_0069391,-2.7282517,3.3333588
ISIC_0069395,-4.578161,8.420211
ISIC_0069402,-3.8104846,6.2237906
ISIC_0069411,-3.3870072,7.4610972
ISIC_0069416,-4.69315,10.376029
ISIC_0069432,-3.512168,3.8706756
ISIC_0069437,-3.6386304,11.028056
ISIC_0069457,-2.675989,4.166257
ISIC_0069459,16.191328,1.3992604
ISIC_0069466,-6.046856,8.953779
ISIC_0069473,-3.9398797,6.086122
ISIC_0069475,-3.5926125,10.460087
ISIC_0069479,-3.2237113,7.2789893
ISIC_0069481,-4.7091594,10.378012
ISIC_0069488,-3.62188,9.600712
ISIC_0069504,-3.448747,10.441245
ISIC_0069508,-3.504432,8.651921
ISIC_0069509,-5.387214,9.627338
ISIC_0069511,-2.8317044,6.850263
ISIC_0069514,-5.0627165,8.100067
ISIC_0069515,-4.550706,6.339147
ISIC_0069536,-4.3767586,9.037082
ISIC_0069540,-2.9863079,4.404448
ISIC_0069573,-2.3811398,4.53159
ISIC_0069583,-5.7844114,9.353073
ISIC_0069591,-3.6628103,3.6932955
ISIC_0069592,-3.5398185,3.6446092
ISIC_0069595,-4.2629604,8.197798
ISIC_0069617,-5.842385,10.378381
ISIC_0069620,16.164318,1.5140545
ISIC_0069622,-4.714912,9.123982
ISIC_0069624,-2.808475,7.107352
ISIC_0069626,-3.212031,9.957556
ISIC_0069635,-2.5097609,4.3457594
ISIC_0069638,-3.9619708,7.019898
ISIC_0069657,-4.2142806,7.832539
ISIC_0069660,-3.7518973,10.5080185
ISIC_0069668,-3.448513,7.3891325
ISIC_0069669,-3.216898,10.544566
ISIC_0069671,16.208174,1.5813893
ISIC_0069705,-3.3354156,9.164703
ISIC_0069727,-3.2922275,5.8311443
ISIC_0069733,-3.3936362,5.0561767
ISIC_0069736,-2.5549242,5.580044
ISIC_0069743,-3.9687173,11.112905
ISIC_0069747,-6.331571,10.27728
ISIC_0069775,-4.946906,7.4984374
ISIC_0069791,-3.627053,5.858531
ISIC_0069810,-2.9145138,3.6634338
ISIC_0069819,-3.5459898,4.461602
ISIC_0069821,-3.9611166,10.925756
ISIC_0069833,-4.183535,11.139658
ISIC_0069841,-4.0742044,8.2379875
ISIC_0069851,-6.207404,10.523157
ISIC_0069859,-4.7392597,6.436202
ISIC_0069860,-5.481709,9.649151
ISIC_0069864,-0.95987403,4.926283
ISIC_0069873,-3.8598914,10.359483
ISIC_0069889,-4.7528887,10.574534
ISIC_0069891,-4.1162276,9.759249
ISIC_0069908,-4.711814,10.5697565
ISIC_0069918,-5.0011,10.751834
ISIC_0069920,-3.2593412,4.387379
ISIC_0069922,-3.2108712,6.283522
ISIC_0069929,-3.8447936,7.0236883
ISIC_0069946,-3.015623,6.2355514
ISIC_0069951,-3.9283426,5.448451
ISIC_0069958,-4.096957,10.120504
ISIC_0069967,-4.765684,8.89059
ISIC_0069970,-3.0659163,3.4180684
ISIC_0069977,-5.471277,9.638567
ISIC_0069984,-0.9188966,5.047405
ISIC_0069986,-3.5756783,3.7147245
ISIC_0069988,-3.1228077,5.6419134
ISIC_0069995,-4.1693425,10.571779
ISIC_0070006,-3.7695036,5.006759
ISIC_0070012,-3.2773032,6.071315
ISIC_0070017,-5.910825,10.792852
ISIC_0070018,-1.1869142,5.8545303
ISIC_0070032,-4.9107,8.850825
ISIC_0070045,-4.5370045,11.379433
ISIC_0070049,-1.3500766,5.228591
ISIC_0070050,-3.0397196,3.375843
ISIC_0070051,16.322485,1.594159
ISIC_0070061,-3.1854656,9.936941
ISIC_0070068,-3.4559898,4.4976816
ISIC_0070089,-3.9346569,5.24062
ISIC_0070092,-5.0834646,8.655353
ISIC_0070093,-3.6064663,9.861819
ISIC_0070095,-4.555943,7.7231255
ISIC_0070105,-2.3224392,6.3920436
ISIC_0070107,-1.8234035,5.302785
ISIC_0070108,16.351517,1.5573952
ISIC_0070109,-3.7966087,4.301885
ISIC_0070110,-4.942385,10.518119
ISIC_0070114,-4.048963,7.0505958
ISIC_0070120,-2.802422,4.479407
ISIC_0070123,-6.0661907,10.537128
ISIC_0070129,-3.9889905,10.089012
ISIC_0070137,-1.0657611,5.604574
ISIC_0070139,-2.5286813,5.389602
ISIC_0070141,-2.6251724,5.9397197
ISIC_0070149,-3.277041,5.0089536
ISIC_0070170,-3.5939484,4.5850377
ISIC_0070172,-6.48079,9.310924
ISIC_0070207,-3.166027,6.328933
ISIC_0070215,-2.9072835,6.9609513
ISIC_0070217,-3.8945289,4.121628
ISIC_0070220,-3.668458,6.561243
ISIC_0070227,-2.828556,6.350097
ISIC_0070235,-3.9117935,6.827546
ISIC_0070248,16.33003,1.6643459
ISIC_0070250,-4.047252,10.873273
ISIC_0070253,-3.2087321,6.8486104
ISIC_0070262,-3.5583549,10.220185
ISIC_0070274,-4.376699,8.688329
ISIC_0070303,-4.689776,7.206939
ISIC_0070308,-1.3332833,5.117904
ISIC_0070313,-4.2475576,10.3321085
ISIC_0070316,-3.5898376,7.6010394
ISIC_0070327,-3.329112,6.066086
ISIC_0070341,-3.470523,3.8573792
ISIC_0070342,-2.5506465,3.48983
ISIC_0070344,-3.0922284,5.840688
ISIC_0070347,-2.838192,7.567934
ISIC_0070351,-3.3321607,7.500596
ISIC_0070352,-5.4899564,10.684479
ISIC_0070362,-3.4124584,7.5152016
ISIC_0070363,-3.958205,9.299292
ISIC_0070366,-1.2966908,4.452768
ISIC_0070371,-3.0138104,5.3012476
ISIC_0070374,-3.513258,4.1394544
ISIC_0070380,-4.792978,8.650822
ISIC_0070387,-3.308711,10.337936
ISIC_0070396,-4.1288958,10.803374
ISIC_0070400,-1.5447087,4.937184
ISIC_0070403,-1.2468722,5.4399734
ISIC_0070414,-4.0105014,11.115277
ISIC_0070419,-3.8186736,4.864256
ISIC_0070427,-3.7513893,5.652777
ISIC_0070431,16.46239,1.6658864
ISIC_0070433,-5.2830167,9.735092
ISIC_0070435,-5.1942906,9.362212
ISIC_0070439,-3.8205926,4.226777
ISIC_0070441,-2.9240143,3.993323
ISIC_0070442,-4.63932,8.724431
ISIC_0070446,-3.2126417,4.107578
ISIC_0070447,-1.8473158,6.149615
ISIC_0070454,-3.2414095,4.1919103
ISIC_0070465,-2.8076246,6.7089024
ISIC_0070477,-3.3358538,5.2082777
ISIC_0070480,-4.425619,10.39058
ISIC_0070489,-3.2240345,3.9442558
ISIC_0070501,-3.7591567,10.998042
ISIC_0070517,-2.597746,7.6902604
ISIC_0070520,-3.8132424,7.8223333
ISIC_0070521,-2.6747627,4.552509
ISIC_0070549,-5.0201178,11.280872
ISIC_0070551,-5.506782,10.834162
ISIC_0070553,-5.892762,10.867985
ISIC_0070566,-3.518002,10.247271
ISIC_0070572,-2.6396112,7.741011
ISIC_0070578,-3.7631748,8.372594
ISIC_0070581,-4.9055214,7.348779
ISIC_0070585,-3.1520827,9.877386
ISIC_0070588,-4.0758576,9.412917
ISIC_0070593,-4.768712,11.275546
ISIC_0070595,-4.060125,8.581236
ISIC_0070596,-3.6091282,6.5895944
ISIC_0070601,-5.5601687,10.826799
ISIC_0070611,-4.4487967,9.096677
ISIC_0070614,-3.5112915,3.2969549
ISIC_0070623,-5.1781034,8.528023
ISIC_0070629,-3.9445677,7.474639
ISIC_0070653,-4.0216117,11.3631115
ISIC_0070657,-3.2757607,6.6791973
ISIC_0070658,-3.873563,8.667119
ISIC_0070666,-4.861081,11.442002
ISIC_0070689,-5.210098,11.205061
ISIC_0070702,-4.0424237,9.673097
ISIC_0070709,-4.1134534,8.963118
ISIC_0070710,-1.0115117,4.9483333
ISIC_0070711,-5.8071647,10.249655
ISIC_0070724,-3.889316,4.232708
ISIC_0070727,-5.900326,9.662525
ISIC_0070731,-2.8068216,6.181272
ISIC_0070743,-3.4844065,6.645202
ISIC_0070745,-1.2834572,4.7079463
ISIC_0070747,-1.2480018,5.2431703
ISIC_0070752,-5.0288887,10.398702
ISIC_0070756,-1.8829963,4.206261
ISIC_0070778,-4.2557907,8.854889
ISIC_0070784,-4.4817834,8.401771
ISIC_0070794,-5.010336,11.190988
ISIC_0070799,-4.6974826,11.3132105
ISIC_0070801,-3.6193218,6.9837947
ISIC_0070805,-2.9115152,8.512589
ISIC_0070809,-5.2592516,10.0267725
ISIC_0070814,-4.874746,9.033168
ISIC_0070815,-1.1612486,4.59594
ISIC_0070816,-2.8828535,5.1362824
ISIC_0070822,-5.5795107,9.605388
ISIC_0070837,-2.2062569,4.4892716
ISIC_0070842,-4.7512703,8.014018
ISIC_0070846,-3.4240375,4.6703205
ISIC_0070852,-5.476024,10.528435
ISIC_0070867,-5.7766433,9.14194
ISIC_0070871,-4.6223626,8.4984255
ISIC_0070886,-2.454218,5.488246
ISIC_0070888,-3.9594238,6.416222
ISIC_0070910,-4.1535907,10.474517
ISIC_0070913,-2.6840892,5.8481083
ISIC_0070916,-4.0552387,10.843643
ISIC_0070920,-2.8928106,5.305417
ISIC_0070927,-3.8196294,7.38055
ISIC_0070938,-1.5962508,4.8192716
ISIC_0070940,-3.598506,3.635736
ISIC_0070959,-4.1266093,8.725638
ISIC_0070961,-3.3099701,10.101063
ISIC_0070973,-6.5886097,9.72281
ISIC_0070974,-4.6464915,10.988399
ISIC_0070976,-2.6750693,7.2852054
ISIC_0070984,-3.3787298,3.6408534
ISIC_0070990,-3.8940017,6.7656827
ISIC_0070992,-4.775944,10.033725
ISIC_0070998,-4.2365003,10.246281
ISIC_0071006,-3.4877014,7.34726
ISIC_0071012,-4.5930433,6.2821493
ISIC_0071017,-5.4159846,11.028524
ISIC_0071035,-1.3382361,4.6972804
ISIC_0071043,-3.7767823,8.866157
ISIC_0071045,-1.2456743,5.041586
ISIC_0071047,16.172,1.4585797
ISIC_0071048,-4.047594,9.962029
ISIC_0071067,-3.6094465,7.1025286
ISIC_0071069,-3.85536,5.658233
ISIC_0071074,-2.882154,4.5940795
ISIC_0071089,-2.2628636,4.93915
ISIC_0071095,-1.2119215,4.760295
ISIC_0071101,-3.512292,3.2731357
ISIC_0071109,-5.175233,6.5266433
ISIC_0071111,-3.4547544,7.916042
ISIC_0071119,-3.2810867,6.018291
ISIC_0071122,-4.915079,11.155163
ISIC_0071124,-4.801621,11.319791
ISIC_0071132,-1.1416743,5.0635805
ISIC_0071133,-4.742228,9.915551
ISIC_0071134,-3.874197,4.117591
ISIC_0071137,-2.5632908,5.2089443
ISIC_0071138,-3.3221078,6.5325575
ISIC_0071142,-1.7883811,6.0581927
ISIC_0071169,-3.2241461,10.647092
ISIC_0071176,-4.6481,7.297465
ISIC_0071178,-3.8787196,9.363685
ISIC_0071180,-4.2482533,8.097659
ISIC_0071196,-4.9743323,6.433217
ISIC_0071208,-5.6908793,8.581941
ISIC_0071215,-3.5149953,7.505627
ISIC_0071218,-3.7303119,6.24126
ISIC_0071238,-3.5610974,7.121497
ISIC_0071240,-5.3054934,11.040467
ISIC_0071245,-6.185173,10.568962
ISIC_0071253,-2.6201034,4.9799066
ISIC_0071257,-1.5079815,5.4295936
ISIC_0071258,-3.0899665,6.6387005
ISIC_0071260,-4.0223727,7.1784067
ISIC_0071271,-5.024819,10.723933
ISIC_0071289,-5.1389008,8.835216
ISIC_0071290,-3.7077577,8.155601
ISIC_0071303,-4.3671155,8.357682
ISIC_0071311,-3.767989,7.3081274
ISIC_0071315,-5.3840947,9.67248
ISIC_0071335,-4.782118,8.390902
ISIC_0071342,-3.5914173,3.5890374
ISIC_0071346,-2.5579877,6.0391192
ISIC_0071357,-3.7980886,5.528753
ISIC_0071361,-3.6191573,3.5413682
ISIC_0071388,-4.277198,8.065313
ISIC_0071392,-5.1694384,10.470184
ISIC_0071395,-3.7305143,6.04341
ISIC_0071401,-2.5342355,4.005077
ISIC_0071404,-5.3342977,11.145225
ISIC_0071420,-3.4677892,8.312361
ISIC_0071430,-5.2272463,10.628905
ISIC_0071431,-3.74816,11.157701
ISIC_0071443,-4.538643,11.405349
ISIC_0071458,-4.306797,11.306343
ISIC_0071470,-4.355248,7.5861936
ISIC_0071476,-2.5345287,6.0537925
ISIC_0071478,-4.1182213,10.583866
ISIC_0071528,16.165586,1.5208411
ISIC_0071534,-5.784673,10.572866
ISIC_0071550,-4.8422585,11.378442
ISIC_0071558,-4.8681006,10.458126
ISIC_0071559,-3.6154625,9.181094
ISIC_0071563,-3.9663255,6.7005553
ISIC_0071568,-3.5985796,6.9865584
ISIC_0071576,-1.5512025,4.820338
ISIC_0071579,-3.8691351,10.807077
ISIC_0071580,-2.079751,4.1257124
ISIC_0071583,-3.5170422,7.3653464
ISIC_0071584,-4.194935,10.244344
ISIC_0071586,-5.1930356,10.689193
ISIC_0071592,-2.097153,5.65072
ISIC_0071594,-4.9121284,8.888142
ISIC_0071596,-4.101666,11.216714
ISIC_0071600,-3.669296,4.5482903
ISIC_0071628,-1.370444,4.3653235
ISIC_0071632,-3.9446769,8.741788
ISIC_0071648,-3.2196982,6.6958556
ISIC_0071651,-3.683792,8.802895
ISIC_0071663,16.180428,1.4093326
ISIC_0071666,-3.6298695,7.5828986
ISIC_0071668,-3.9497156,11.005022
ISIC_0071673,-3.1754723,3.727917
ISIC_0071678,-1.1150287,4.8912187
ISIC_0071702,-4.301351,9.203851
ISIC_0071707,-4.3578653,8.887116
ISIC_0071713,-4.801338,6.237617
ISIC_0071717,-2.8168988,3.9192543
ISIC_0071720,-3.1818898,6.7653985
ISIC_0071725,-1.4241256,4.948968
ISIC_0071726,-3.4175415,4.160096
ISIC_0071740,-2.7562356,4.6574574
ISIC_0071765,-5.183382,6.5395327
ISIC_0071766,-3.3980334,10.148088
ISIC_0071767,-5.1945834,6.999492
ISIC_0071774,-3.539855,8.4185295
ISIC_0071776,-4.1161942,8.22745
ISIC_0071778,-4.487652,11.343809
ISIC_0071782,-4.181293,8.187085
ISIC_0071783,-4.2332926,9.541834
ISIC_0071784,-3.3651686,10.209818
ISIC_0071788,-4.4439054,9.335356
ISIC_0071797,-4.1611223,8.146048
ISIC_0071800,-2.891893,5.747016
ISIC_0071806,-5.2179923,10.96055
ISIC_0071808,-3.3550172,8.237793
ISIC_0071815,-3.7687225,11.064298
ISIC_0071834,-3.8607297,9.51846
ISIC_0071857,-3.4285936,10.568276
ISIC_0071865,-3.229003,7.7225823
ISIC_0071869,-2.3367276,5.2357745
ISIC_0071875,-3.6271203,4.2953916
ISIC_0071891,-1.6583956,5.0343843
ISIC_0071892,-1.1262763,5.469023
ISIC_0071901,-3.6274817,6.616164
ISIC_0071904,-3.3693407,10.21063
ISIC_0071906,-3.4538937,8.322171
ISIC_0071916,-4.6672416,10.415582
ISIC_0071926,-2.6813436,6.586537
ISIC_0071931,-4.3384914,9.655893
ISIC_0071936,-1.8550515,4.240415
ISIC_0071939,-5.4065614,8.120422
ISIC_0071944,-3.0829191,4.775111
ISIC_0071950,16.382404,1.4702815
ISIC_0071951,-2.8398268,5.280864
ISIC_0071957,-6.4899435,9.297061
ISIC_0071970,-3.6888316,10.80406
ISIC_0071972,-3.8719487,10.895053
ISIC_0071992,-4.5635757,10.650519
ISIC_0071996,-4.8728867,9.531455
ISIC_0071997,-3.5947843,5.2020125
ISIC_0072001,-3.487295,10.000125
ISIC_0072002,-4.334949,8.612053
ISIC_0072003,-4.891545,8.9207535
ISIC_0072004,-5.8832383,10.894375
ISIC_0072006,-5.3044004,8.471093
ISIC_0072010,-4.093524,7.267279
ISIC_0072021,-3.8830802,4.326509
ISIC_0072030,-4.870221,9.105061
ISIC_0072032,-4.177777,9.89682
ISIC_0072041,-6.014099,10.018375
ISIC_0072051,16.099401,1.5434339
ISIC_0072061,-3.2992415,6.017344
ISIC_0072063,16.391024,1.5867345
ISIC_0072065,-6.2840266,10.479155
ISIC_0072069,-1.4591936,5.4513555
ISIC_0072077,-3.6573787,7.79581
ISIC_0072078,-4.6581845,10.81736
ISIC_0072087,-3.0467963,4.741135
ISIC_0072090,-1.8806914,5.3920703
ISIC_0072099,-3.165714,5.566283
ISIC_0072101,-5.281317,8.936363
ISIC_0072103,-3.8976922,4.252576
ISIC_0072109,-5.180341,6.519961
ISIC_0072111,-2.7513359,6.6794806
ISIC_0072121,-4.200409,8.090141
ISIC_0072122,-3.143471,5.829177
ISIC_0072126,-3.6670573,10.780063
ISIC_0072142,-4.7061634,10.693891
ISIC_0072151,-3.8244488,10.485091
ISIC_0072154,-4.753366,11.084404
ISIC_0072156,-3.6179423,7.8702087
ISIC_0072157,-3.3836763,10.0354
ISIC_0072166,-3.451601,5.1847663
ISIC_0072173,-4.784295,8.820223
ISIC_0072174,-4.5302863,8.587735
ISIC_0072178,-4.521364,10.477452
ISIC_0072182,-4.5951877,9.958969
ISIC_0072188,-3.2750216,9.870934
ISIC_0072195,-5.2263722,7.5994077
ISIC_0072198,-4.5463243,9.944111
ISIC_0072215,-1.1603373,4.594956
ISIC_0072218,16.076918,1.6520249
ISIC_0072223,-1.1818298,5.4271436
ISIC_0072226,-3.5387971,9.911817
ISIC_0072230,-2.7270749,7.390804
ISIC_0072241,-3.9654717,5.5446954
ISIC_0072242,-4.9443254,11.139022
ISIC_0072252,-3.903759,11.008979
ISIC_0072268,-4.3282886,7.5570283
ISIC_0072271,-6.387932,10.401248
ISIC_0072279,-4.310341,10.443848
ISIC_0072280,-6.5651913,10.384792
ISIC_0072286,-5.6099358,9.759884
ISIC_0072287,-5.565999,8.032198
ISIC_0072294,-3.2936833,8.333405
ISIC_0072297,-2.5554829,7.0596795
ISIC_0072299,-3.4501557,10.20745
ISIC_0072301,-4.8444963,8.0016365
ISIC_0072315,16.228323,1.5250025
ISIC_0072330,-2.8611634,4.9540296
ISIC_0072339,16.40582,1.6003312
ISIC_0072344,-3.3918383,5.466475
ISIC_0072348,-4.822905,10.373512
ISIC_0072353,16.038532,1.7322212
ISIC_0072354,-4.847866,8.894051
ISIC_0072358,-4.3936224,5.7789836
ISIC_0072360,-3.5639627,6.953879
ISIC_0072363,16.096685,1.7199173
ISIC_0072369,-4.050054,9.736147
ISIC_0072371,-4.9948864,8.326818
ISIC_0072374,-4.0768523,10.942811
ISIC_0072375,-3.4616818,10.106172
ISIC_0072377,-5.166478,11.058977
ISIC_0072380,-4.5976334,9.03828
ISIC_0072396,-5.506554,7.7120886
ISIC_0072401,-1.614805,4.8065743
ISIC_0072405,-2.8439152,5.2320933
ISIC_0072411,-3.2889745,5.515034
ISIC_0072415,-3.268548,3.9735174
ISIC_0072422,-3.2155004,4.042931
ISIC_0072429,-2.5276237,7.5971456
ISIC_0072437,-2.8692262,5.4087214
ISIC_0072439,-2.5248811,5.1234646
ISIC_0072440,-2.6272988,7.2425065
ISIC_0072441,-4.454679,11.2364855
ISIC_0072473,-3.6683588,6.3476915
ISIC_0072482,-5.512231,9.410836
ISIC_0072494,-4.1655664,10.319205
ISIC_0072495,-5.103046,8.611122
ISIC_0072507,-5.5381484,10.241281
ISIC_0072508,-3.5129833,10.011096
ISIC_0072516,-3.9559374,6.790421
ISIC_0072522,-6.3937645,9.745202
ISIC_0072523,-5.5124664,8.1394205
ISIC_0072531,-3.820577,5.593599
ISIC_0072534,16.161646,1.7900684
ISIC_0072535,-4.632524,10.6933
ISIC_0072538,-4.5188694,8.935324
ISIC_0072557,-2.5538037,4.0660453
ISIC_0072559,-5.212142,9.008316
ISIC_0072565,-3.9066055,9.042336
ISIC_0072568,-3.61707,9.310259
ISIC_0072569,-3.2852473,3.7050755
ISIC_0072574,-3.1926737,6.999458
ISIC_0072585,-6.1578026,10.312225
ISIC_0072586,-2.489017,4.358464
ISIC_0072594,-5.136294,9.096944
ISIC_0072595,-3.865445,10.306479
ISIC_0072612,-2.5138428,3.5685165
ISIC_0072619,-2.7103984,6.8520894
ISIC_0072624,-2.7406454,3.379239
ISIC_0072626,-6.0618286,9.095618
ISIC_0072631,-4.426151,11.351148
ISIC_0072641,-4.548716,5.852814
ISIC_0072642,-5.0262136,11.292218
ISIC_0072653,-3.2894475,3.975081
ISIC_0072689,-2.7316175,8.044337
ISIC_0072691,-5.4213676,10.902466
ISIC_0072694,-1.5064743,5.8279243
ISIC_0072705,-4.277852,8.948763
ISIC_0072713,-4.2416563,7.900701
ISIC_0072714,-3.0316665,3.8859286
ISIC_0072730,-2.6157994,6.088606
ISIC_0072733,-3.900863,8.290608
ISIC_0072738,-1.4090053,6.232798
ISIC_0072743,-3.8089144,4.2610354
ISIC_0072747,-4.0791097,6.387686
ISIC_0072748,-1.5385002,5.0520277
ISIC_0072753,-3.1663215,6.1960087
ISIC_0072755,-3.835078,9.902555
ISIC_0072758,-4.526951,6.974603
ISIC_0072763,-2.6552694,7.871528
ISIC_0072768,-3.327696,10.987725
ISIC_0072773,-4.3272095,6.6417108
ISIC_0072780,-4.181998,9.545538
ISIC_0072783,-3.675213,10.249366
ISIC_0072785,-4.461936,10.972883
ISIC_0072793,-2.847278,8.115201
ISIC_0072799,-3.9779758,9.562647
ISIC_0072820,-3.8089347,6.657538
ISIC_0072824,16.242186,1.5098374
ISIC_0072827,-3.7645617,7.036738
ISIC_0072828,-5.1881337,6.934831
ISIC_0072843,-3.8605204,10.67382
ISIC_0072844,-4.6275234,8.34386
ISIC_0072845,-3.939559,4.3507724
ISIC_0072862,-1.9758477,4.8265886
ISIC_0072865,-3.290105,8.278854
ISIC_0072872,-4.932755,8.421051
ISIC_0072876,-3.570846,8.141168
ISIC_0072887,-3.230249,6.640283
ISIC_0072889,-1.30896,5.107235
ISIC_0072896,-3.446914,8.130133
ISIC_0072909,-2.3748794,3.9381742
ISIC_0072917,-4.2944384,8.801279
ISIC_0072923,-2.9785256,3.9787235
ISIC_0072924,-4.748655,10.1757345
ISIC_0072930,-1.4884506,6.1724763
ISIC_0072939,-5.078357,7.084617
ISIC_0072961,-2.9592056,5.448598
ISIC_0072966,-4.726377,8.530913
ISIC_0072968,-5.1572666,7.2162604
ISIC_0072976,16.186287,1.4082882
ISIC_0072977,-2.4735684,5.562973
ISIC_0072983,-4.1814427,8.098221
ISIC_0072985,-6.355582,10.4183855
ISIC_0072990,-4.8446693,10.596223
ISIC_0072991,-4.564769,9.078591
ISIC_0073007,-0.9879154,5.247486
ISIC_0073016,16.001144,1.7507426
ISIC_0073018,-1.1727921,4.552533
ISIC_0073038,-4.2769547,8.778233
ISIC_0073044,-2.7133558,6.3158426
ISIC_0073054,-2.5916152,5.0949216
ISIC_0073065,-3.6011128,8.173081
ISIC_0073075,-3.1302464,9.666024
ISIC_0073078,-1.1471968,5.0394945
ISIC_0073089,-2.8993802,4.713203
ISIC_0073102,-6.3744035,10.378975
ISIC_0073119,-3.687215,6.673034
ISIC_0073124,-1.6687527,4.498675
ISIC_0073127,16.116291,1.4110496
ISIC_0073134,-1.6229311,5.179078
ISIC_0073136,-5.0521336,9.694632
ISIC_0073143,-1.4659284,5.652792
ISIC_0073147,-3.160066,9.908253
ISIC_0073156,-2.6792474,7.448716
ISIC_0073173,-3.161115,7.463
ISIC_0073190,-3.3590884,6.499413
ISIC_0073191,-2.430193,5.294927
ISIC_0073194,-2.8777373,7.934339
ISIC_0073203,-4.555956,11.300688
ISIC_0073204,-3.709705,7.0602517
ISIC_0073218,-3.6573815,8.465901
ISIC_0073227,-5.239922,10.388178
ISIC_0073231,-5.5893774,8.972713
ISIC_0073237,-2.9254746,3.336109
ISIC_0073238,-4.52646,9.4788885
ISIC_0073241,-3.462476,3.5186865
ISIC_0073249,-3.054724,4.0034785
ISIC_3733653,-5.413533,9.412066
ISIC_8886139,-2.0079782,6.16236
ISIC_9367522,-3.8296707,7.0340543
ISIC_4676270,-3.7512586,7.169606
ISIC_7546219,-5.2326064,6.935154
ISIC_2883463,-5.5652103,9.744932
ISIC_3203344,-2.539945,7.4425025
ISIC_9585329,-5.3722787,8.090647
ISIC_3963183,-4.7796507,7.6706667
ISIC_9828846,-5.07298,7.8560047
ISIC_3338629,-2.6279461,7.3690834
ISIC_3025889,-5.848821,9.45981
ISIC_7320371,-3.1839943,6.4805226
ISIC_1177153,-2.3201144,4.9961815
ISIC_5086349,-3.9293423,5.3625813
ISIC_6809586,-3.0824018,8.449527
ISIC_0681019,-2.970958,6.755632
ISIC_5272223,-6.234699,9.059396
ISIC_8872158,-2.79876,4.936028
ISIC_9353360,-6.0502367,8.713767
ISIC_1116483,16.382277,1.6002797
ISIC_5343231,-4.625398,6.36226
ISIC_1729223,-5.142345,7.682387
ISIC_5797062,-6.5110736,9.483452
ISIC_3408231,-5.5134263,8.474377
ISIC_8379956,-5.378113,7.863016
ISIC_9900191,-2.6456208,5.8065457
ISIC_7973598,-2.9010308,6.291378
ISIC_0481105,-5.5682497,8.498581
ISIC_6096565,-4.287825,7.235742
ISIC_9677503,-4.1609745,10.205085
ISIC_6786198,-2.703159,7.332871
ISIC_2750230,-2.5084026,5.622145
ISIC_7636412,-2.6503735,6.514707
ISIC_3335904,-4.8833585,7.1493077
ISIC_5224960,-1.7991589,6.167591
ISIC_5426249,-4.527313,6.039241
ISIC_5795436,-3.2455945,7.723934
ISIC_4975524,16.380949,1.5103753
ISIC_2839742,-3.887539,4.315787
ISIC_6814727,-4.8437753,8.75566
ISIC_9957368,-2.8469014,7.375733
ISIC_9978107,-3.8283513,6.3517456
ISIC_1210011,-5.908955,7.9259796
ISIC_1589997,16.487492,1.4662015
ISIC_4508878,-6.3570538,9.394186
ISIC_6961503,-6.398545,8.975639
ISIC_4009870,-4.495328,6.7369094
ISIC_0645454,-6.208622,9.195869
ISIC_5747942,-6.2637095,8.727002
ISIC_3561065,-2.2278411,5.698185
ISIC_1177505,-5.646421,7.8833013
ISIC_0457344,-5.9840484,10.527095
ISIC_7130929,-6.1559486,9.223962
ISIC_7577395,-2.7238173,6.303714
ISIC_1975042,-2.4112053,5.937413
ISIC_7410175,16.457607,1.5276275
ISIC_2979268,-6.3687882,8.8161125
ISIC_0844312,-3.933987,5.907665
ISIC_6300866,-2.6687002,5.3064623
ISIC_7457700,-2.6828508,7.115819
ISIC_5172576,-6.284858,8.448742
ISIC_8990534,-4.251907,8.342187
ISIC_8692218,-5.851221,8.794678
ISIC_3941123,-4.3517084,7.8721843
ISIC_7960321,-5.3658476,9.191692
ISIC_8554769,-2.7706227,4.9739757
ISIC_8566006,-2.655708,7.6023445
ISIC_7693611,-6.3610573,9.410701
ISIC_7724762,-4.821548,7.2121377
ISIC_7183212,-5.3710012,8.133713
ISIC_4916704,-3.6826031,6.4299693
ISIC_8106899,-5.692512,8.384116
ISIC_7503950,-4.2752166,6.5380926
ISIC_4170698,-6.458823,9.198515
ISIC_3993924,-6.248404,9.495286
ISIC_1255336,-5.359752,8.734784
ISIC_7353870,-5.453857,7.854441
ISIC_7327423,-2.0973206,5.5474553
ISIC_5719436,-2.406473,5.8861523
ISIC_8882374,-6.3257213,9.772071
ISIC_4223155,-5.8586144,7.8111577
ISIC_3996796,-4.3073654,10.2930355
ISIC_0639769,-4.2755,7.944581
ISIC_6450034,-6.4972277,9.598839
ISIC_1948545,-5.7765007,8.403673
ISIC_9268487,-3.4536881,7.7411876
ISIC_4000481,-6.368476,8.967161
ISIC_2535541,-5.4813805,9.532818
ISIC_9544832,-2.592084,6.6955886
ISIC_5388184,-4.01783,5.2786756
ISIC_5084113,-5.2313595,6.9224577
ISIC_4229473,-6.0848575,8.770223
ISIC_2447578,-3.7907221,5.257649
ISIC_8008539,-5.1336923,7.283842
ISIC_6688417,-6.0376225,8.446214
ISIC_9677559,-6.445603,9.451535
ISIC_0287325,-6.1665177,8.92932
ISIC_8344285,-3.6660743,5.0435877
ISIC_8943817,-3.151652,4.797743
ISIC_2341309,-4.9358373,7.502684
ISIC_1460169,-3.0036166,5.1240225
ISIC_9006649,-3.3132544,4.8815365
ISIC_3510420,-5.5144596,7.8931303
ISIC_2098553,-5.085356,8.137881
ISIC_4359352,-5.298033,7.435299
ISIC_4282399,-4.1586823,6.042494
ISIC_8839128,-3.6729312,6.3396125
ISIC_3481499,-4.478751,6.1572146
ISIC_9770677,-3.0828798,4.4824815
ISIC_2153686,-4.6359057,8.980698
ISIC_5267208,-3.8109472,5.704533
ISIC_1956504,-5.4709945,7.4385676
ISIC_6220625,-3.9696848,7.2447896
ISIC_1157032,-4.9650097,8.892237
ISIC_1605629,-5.8904815,8.499363
ISIC_8672524,-4.6453857,8.075366
ISIC_4597293,-6.298823,9.494062
ISIC_1484659,-2.5962224,5.883665
ISIC_5425721,-3.315485,7.6741915
ISIC_0502582,-3.4935036,5.5616126
ISIC_6851408,-3.6524448,7.6222568
ISIC_0247330,-5.483063,10.523128
ISIC_5369000,-4.849706,7.6759033
ISIC_3944634,-5.887983,10.369934
ISIC_8527092,-5.723565,8.435212
ISIC_3265514,-4.4269805,6.6455235
ISIC_7080469,-2.3998199,5.9401298
ISIC_6398669,-4.9055715,7.2508698
ISIC_2101624,-2.7127275,6.624009
ISIC_8951909,-6.271135,9.957988
ISIC_9729042,-5.7061477,9.9381075
ISIC_2072219,-2.2863634,6.0235724
ISIC_4619789,-4.93923,8.886191
ISIC_6348638,-2.8507502,7.6435337
ISIC_7748311,-2.2148745,5.7840943
ISIC_2823287,-5.4074655,7.5346727
ISIC_6541615,-6.2624135,8.27725
ISIC_5247560,-4.936349,8.35901
ISIC_3343475,-3.785841,6.0321813
ISIC_8677053,-6.174414,8.835045
ISIC_4936662,-5.79763,8.1929
ISIC_8194835,-6.4488645,9.374857
ISIC_4730066,-6.571055,10.183722
ISIC_2967024,-6.0769486,10.118198
ISIC_4525317,-6.2722244,8.459925
ISIC_7785723,-2.1461825,5.548004
ISIC_7181296,-6.2488966,8.543688
ISIC_7658729,-6.4811673,9.449964
ISIC_0333091,-3.6482277,9.270609
ISIC_6496370,-5.6495585,8.1607
ISIC_1241817,-4.002108,7.5450907
ISIC_2176112,-5.4598217,9.309566
ISIC_8615491,-5.9769106,9.440032
ISIC_2822718,-3.8492413,7.357493
ISIC_2560699,-5.3923235,9.457681
ISIC_5352496,-6.48548,9.361758
ISIC_9048507,-6.0353413,8.051098
ISIC_7261174,-5.5316176,10.012519
ISIC_2685593,-3.041835,4.0312724
ISIC_0961235,-6.6604457,10.247923
ISIC_7075474,-6.7289653,9.864881
ISIC_0924427,-3.8867803,7.153472
ISIC_3880022,-6.2367,8.956971
ISIC_9863642,-2.9193842,5.6401143
ISIC_8417873,-4.6442966,7.2512517
ISIC_8325226,-4.386629,5.594466
ISIC_5415761,-6.4307775,9.662375
ISIC_8497457,-6.1577306,8.837671
ISIC_6811237,-6.061333,9.980805
ISIC_5605645,-5.3806925,8.132352
ISIC_8859274,-3.081823,4.17034
ISIC_0250839,-4.4715667,6.2191486
ISIC_7939816,-3.7210693,5.7624674
ISIC_7662910,-5.3960447,9.450712
ISIC_6190621,-5.540477,8.666784
ISIC_0588352,-2.178279,5.584699
ISIC_2841788,-6.033756,9.483304
ISIC_7101732,-4.786871,10.149923
ISIC_9910791,-5.98153,8.944494
ISIC_4493482,-2.3271453,5.420944
ISIC_9509757,-5.6624484,8.455343
ISIC_9053910,-6.1850657,9.353268
ISIC_2077116,-6.308372,8.996284
ISIC_1132496,-4.4154377,6.1121793
ISIC_4120174,16.434654,1.5269108
ISIC_1009042,-5.959424,10.194792
ISIC_3207651,-6.0246615,9.872601
ISIC_2342769,-5.490643,8.45686
ISIC_3023646,-4.470126,5.739656
ISIC_0862745,-3.594446,5.3278856
ISIC_9556334,-2.9073453,5.007314
ISIC_7079349,-6.108363,8.490263
ISIC_8002875,-4.0360007,6.312242
ISIC_6767569,-2.6897058,5.175531
ISIC_4118006,-6.410634,9.47287
ISIC_0911264,-2.6309886,7.7345476
ISIC_8157654,-4.973502,7.4788294
ISIC_6561111,-5.919674,9.193268
ISIC_4980656,-4.2077594,8.678005
ISIC_7489564,-5.939249,8.90983
ISIC_1620401,-6.4410357,9.79255
ISIC_0232101,-1.8454949,5.9489536
ISIC_2668481,-5.7746363,9.953919
ISIC_3253484,-4.2638984,10.490725
ISIC_6248008,-3.479396,6.0498343
ISIC_6784593,-4.1591234,10.372565
ISIC_8281208,-5.8898315,10.021862
ISIC_6927840,-5.9218807,8.543881
ISIC_6496251,-6.185663,8.557172
ISIC_8985109,-6.2690425,8.231891
ISIC_3803651,-5.6705117,7.7987843
ISIC_6056121,-4.2899094,10.507989
ISIC_6228963,-4.399428,5.798352
ISIC_5581931,-5.612952,9.322173
ISIC_7927525,-6.30989,9.666053
ISIC_4653503,-6.497515,9.808727
ISIC_4874581,-2.7417052,7.2525225
ISIC_2844539,-2.4926772,5.2081814
ISIC_2071966,-5.2519617,8.316589
ISIC_1564663,-6.6338468,10.120735
ISIC_3450017,-6.0828137,8.636681
ISIC_0188432,-5.7221384,7.954101
ISIC_7936755,-3.2087283,8.187933
ISIC_4408559,-2.6877859,5.2277746
ISIC_1037315,-5.906061,8.681774
ISIC_5495413,-6.591773,10.26148
ISIC_0178428,-6.001356,8.394999
ISIC_2230091,-2.1699386,5.8021507
ISIC_2076526,-6.4571476,9.828741
ISIC_7346228,-3.9485085,4.3529916
ISIC_1630301,-2.2947006,6.3101797
ISIC_6255113,-3.836598,5.9741464
ISIC_9821002,-1.5046479,4.8758206
ISIC_6736963,-5.315429,7.994559
ISIC_1068686,-5.80876,8.125656
ISIC_5867911,-2.9073243,4.0754433
ISIC_8381531,-6.146239,9.247567
ISIC_0599605,-6.5101385,9.762885
ISIC_0953317,-5.636729,8.636847
ISIC_7100755,-4.5545,10.20935
ISIC_5315062,-6.3036456,8.965819
ISIC_2609984,-2.530992,6.963894
ISIC_6398283,-6.066738,8.96191
ISIC_1071355,-3.8921406,6.7663255
ISIC_0533122,-4.361959,7.696641
ISIC_2437633,-5.27297,7.9244637
ISIC_2797353,-3.8240664,5.8492327
ISIC_4842587,-5.8965545,9.877072
ISIC_7573463,-6.399287,8.852763
ISIC_5288393,-4.517287,6.138276
ISIC_0585534,-3.8641727,7.2522902
ISIC_8609756,-1.3538313,5.170689
ISIC_5140952,-2.425652,5.996745
ISIC_2105563,-2.4282782,5.4238973
ISIC_6625102,-4.9341593,7.852512
ISIC_0337631,-3.8321962,5.982102
ISIC_2766590,-6.1383104,9.388026
ISIC_8372206,-2.799143,5.2003045
ISIC_8632904,-5.5602355,7.72388
ISIC_7949783,-3.3543315,7.785631
ISIC_2979177,-4.5660167,8.138897
ISIC_6159600,-3.3483284,4.2611074
ISIC_7064511,-3.1530948,5.8158426
ISIC_4961146,-2.7461834,5.8774786
ISIC_7889097,-2.5473504,7.684311
ISIC_5664695,-2.7469215,5.7810707
ISIC_1124434,-3.760553,7.5926948
ISIC_9980216,-2.705335,5.5515337
ISIC_7070020,-5.4965158,9.817367
ISIC_6110888,-2.5229545,3.5482094
ISIC_8621568,-2.024558,5.5312247
ISIC_2033237,-3.767344,5.5208306
ISIC_5673518,-2.816178,4.922664
ISIC_6251753,-5.850293,9.427132
ISIC_9963177,-4.930606,10.261108
ISIC_2700320,-4.856294,10.948002
ISIC_3084312,-5.9634438,9.824717
ISIC_6516710,-4.2633824,11.0867
ISIC_6526489,-4.0777235,9.28919
ISIC_3965087,-5.170299,9.985771
ISIC_6931277,-5.6491694,8.621191
ISIC_5505677,-5.4601912,9.758359
ISIC_7536704,-4.254653,11.404649
ISIC_1569119,-3.1410046,4.657353
ISIC_8866651,-1.186749,5.920015
ISIC_2528358,-4.1777334,6.494496
ISIC_5129659,-5.2823787,10.270524
ISIC_6125652,-5.020098,7.4725184
ISIC_1356715,-4.4932423,6.19332
ISIC_0274382,-0.9598137,5.1429973
ISIC_4346693,-5.527721,7.5723004
ISIC_2720971,-6.323153,9.154639
ISIC_8702237,-5.3369117,7.1993036
ISIC_6713432,-5.2055798,10.082387
ISIC_2320481,-5.800209,8.749211
ISIC_1330008,-2.5251985,7.1066794
ISIC_9785077,-4.5318394,7.9462748
ISIC_3936223,-5.613755,8.494909
ISIC_2377844,-2.5510256,6.617291
ISIC_7371801,-1.3157955,6.080513
ISIC_2883756,-2.7694297,4.9318166
ISIC_6512653,-4.393669,7.97454
ISIC_4469476,-5.259765,10.187146
ISIC_7904829,-1.141934,5.819915
ISIC_8564474,-1.8638659,5.6829042
ISIC_0833889,-5.0918446,9.865473
ISIC_2779036,-4.666133,6.554453
ISIC_6509682,-2.02897,5.2239003
ISIC_0273046,-6.0551915,9.247433
ISIC_6966001,-4.4980154,11.210949
ISIC_1398333,-4.303483,10.3522835
ISIC_3969411,-2.705438,4.5125747
ISIC_2481044,-4.366873,11.038548
ISIC_3778192,-3.435182,4.4084005
ISIC_1822797,-5.0536695,10.744366
ISIC_8283552,-2.494352,4.535764
ISIC_9000824,-4.723553,6.1184773
ISIC_9193127,-4.864136,6.871946
ISIC_9478088,-4.5525284,5.717096
ISIC_0149568,-3.6962268,5.066849
ISIC_2607827,-4.1989355,6.279169
ISIC_9022005,-3.7104046,5.0428686
ISIC_9967383,-4.1776943,6.2203045
ISIC_6539127,-2.7428868,5.5872717
ISIC_8355446,-6.11818,8.382757
ISIC_0207268,-2.704777,7.510842
ISIC_7545731,-6.2448735,8.211565
ISIC_2561898,-5.292776,7.498877
ISIC_6584579,-4.601374,6.528416
ISIC_6352565,-4.615038,6.5179644
ISIC_4439054,-3.0172503,6.1606297
ISIC_5565758,-3.4729307,7.6324205
ISIC_0703440,-6.334097,8.950833
ISIC_2987613,-3.4653127,10.953495
ISIC_0467617,-4.475132,5.9916105
ISIC_7763042,-2.4298842,6.748327
ISIC_7062201,-5.677812,8.663798
ISIC_1449628,-3.9525769,5.3744855
ISIC_6381819,-3.1858025,9.490324
ISIC_4810227,-4.9557405,11.130061
ISIC_9752088,-4.759504,9.450864
ISIC_9456779,-4.576829,10.256469
ISIC_0606244,-1.6174959,4.416425
ISIC_9114248,-5.048179,9.518669
ISIC_0873174,-4.2038884,11.077838
ISIC_9345094,-5.8787,8.399939
ISIC_2318474,-4.0455894,10.316073
ISIC_2438481,-2.7580101,5.4694543
ISIC_1440160,-4.141291,6.621259
ISIC_4938994,-4.418781,6.1464195
ISIC_3433909,-3.0459929,6.16213
ISIC_5732201,-3.5054617,8.815873
ISIC_7010755,-1.1804762,5.5396204
ISIC_9101762,-5.143877,9.531033
ISIC_9312164,-4.9240055,7.0406175
ISIC_5847821,-4.438407,8.097253
ISIC_7293518,-6.600761,9.134701
ISIC_8059429,-3.6915514,7.618077
ISIC_4378189,-2.7267704,4.490214
ISIC_1684127,-6.1192846,9.908641
ISIC_0969723,-2.6901321,5.8238974
ISIC_7372719,16.281977,1.422425
ISIC_6024335,-4.5257053,9.85531
ISIC_5642824,-1.2561654,4.9161487
ISIC_8231999,16.344639,1.5182508
ISIC_4967564,-1.5969503,5.529759
ISIC_1560324,16.351824,1.4491473
ISIC_6925729,-2.9850082,6.2805767
ISIC_5527224,-2.7508285,6.8975067
ISIC_5258657,-4.534304,8.173548
ISIC_1959939,16.302242,1.3883871
ISIC_6982386,-3.1716597,8.797564
ISIC_9052500,-4.504219,8.06055
ISIC_4266533,-6.059964,9.95506
ISIC_4163686,-2.7574944,5.227122
ISIC_5260050,-1.7069362,6.190686
ISIC_2900150,-2.475909,4.974124
ISIC_5533992,-2.5661788,4.932575
ISIC_3570575,-6.242407,9.763185
ISIC_0559335,-1.256445,5.3470354
ISIC_7074321,-1.8047688,5.3665476
ISIC_3576876,-2.4287515,5.2748885
ISIC_0952472,16.258245,1.4498562
ISIC_2565206,-4.675491,6.472282
ISIC_9593940,-2.7974298,5.6057014
ISIC_6971606,-3.961989,10.693864
ISIC_2351999,-4.624094,5.9891863
ISIC_5137933,-2.5193079,5.2217765
ISIC_8641097,16.243158,1.4844368
ISIC_1616031,-3.3695035,8.748637
ISIC_1698942,-5.49809,8.314233
ISIC_8011058,-3.549994,5.696078
ISIC_2272218,-2.5935836,7.214584
ISIC_2412113,-2.737848,7.2579303
ISIC_0470699,-4.4033294,6.630799
ISIC_3915890,-2.356714,3.952982
ISIC_4377208,-4.7070723,6.7413316
ISIC_1388552,-3.7055326,6.530346
ISIC_2824922,-6.2848163,9.908944
ISIC_7520843,-2.3300846,6.4337974
ISIC_1881133,-2.7735522,6.247771
ISIC_8230318,-5.5304737,8.354514
ISIC_5216586,-4.5900006,8.973891
ISIC_2937642,-2.5306249,5.9039783
ISIC_7626256,-2.5045052,6.343416
ISIC_0272509,-3.5338445,4.088217
ISIC_1654342,-3.703776,10.635888
ISIC_3738751,-1.3440305,4.8555694
ISIC_5044571,-1.6670579,4.8717546
ISIC_6313487,-5.4539237,9.942689
ISIC_3464344,-5.811903,8.64088
ISIC_0528044,-2.989068,7.3114038
ISIC_2646829,-4.2648554,6.301322
ISIC_8789051,-5.131162,9.203839
ISIC_2170268,-5.0130615,7.656294
ISIC_8249854,-4.5635214,6.3536544
ISIC_5539423,-5.2909455,11.049792
ISIC_1110583,-2.8217504,7.8474965
ISIC_7205745,-4.9813275,8.107992
ISIC_6581411,-3.8275511,6.0783453
ISIC_0602633,-1.832903,5.4479427
ISIC_9998682,-2.7847457,4.358756
ISIC_3391427,-2.2009158,5.7449656
ISIC_9183084,-4.5641165,9.629117
ISIC_8238755,-5.8143034,10.233751
ISIC_4258047,-4.4232926,6.807428
ISIC_2200197,-6.3657327,9.438755
ISIC_3301933,-3.7461789,10.442235
ISIC_7010159,-4.493181,8.241387
ISIC_7872595,-3.7246616,6.752844
ISIC_7940557,-3.0167649,6.4643154
ISIC_3435596,-2.7886643,7.04656
ISIC_4968384,-2.776196,4.200365
ISIC_8009536,16.271715,1.5427067
ISIC_9429943,-5.9299684,10.185393
ISIC_8437493,-1.528437,6.0474668
ISIC_3517311,-2.3252213,4.864695
ISIC_0662000,-5.1341815,9.212123
ISIC_9199429,-2.6360843,3.499369
ISIC_5581297,-3.6155753,7.4042883
ISIC_2975580,-1.4191674,4.885803
ISIC_6634951,-3.332501,7.901022
ISIC_4960784,-3.1195095,5.23853
ISIC_4851366,-2.7508533,4.6290545
ISIC_2268341,-4.743838,6.124475
ISIC_1566428,-4.9375153,9.7897415
ISIC_4810142,-4.3047233,6.523826
ISIC_1785627,-1.4915828,5.9787855
ISIC_3016243,-2.288324,5.183808
ISIC_3817719,-1.4181602,5.0819416
ISIC_2974214,-4.698286,7.2907653
ISIC_0456176,-2.4417236,4.5503626
ISIC_9038318,-1.8754452,4.5117807
ISIC_8470330,-3.921963,7.1848893
ISIC_9571842,-2.9152577,4.209881
ISIC_2226191,-1.1169513,4.8013425
ISIC_1752943,-3.2752092,7.8085413
ISIC_3436033,-3.3830273,6.8159413
ISIC_0286360,-4.044714,7.8068366
ISIC_5667461,-3.0831702,4.827778
ISIC_7253401,-2.685116,8.086826
ISIC_7800750,-4.9841413,8.693356
ISIC_8167374,-2.8392441,7.992171
ISIC_0504165,-3.9215548,9.721991
ISIC_3065032,-4.295567,5.9400296
ISIC_2776906,-5.7639256,10.418106
ISIC_7265673,-3.6717694,4.3867254
ISIC_7312977,-5.4592214,10.620512
ISIC_4425322,-2.6674173,7.4691267
ISIC_1427578,-3.1078873,4.5707626
ISIC_9685931,-2.62637,7.2658815
ISIC_2153401,-1.6440879,5.459473
ISIC_2434588,-2.1570792,4.3057075
ISIC_8145348,-4.3565598,7.832744
ISIC_9210255,-3.598863,3.627991
ISIC_2577849,-2.2383735,6.1841645
ISIC_0779920,-5.8636174,10.402567
ISIC_6945634,-2.5829349,5.8491845
ISIC_5922588,-4.1076174,9.2482
ISIC_8263489,-5.318758,8.724242
ISIC_4427247,16.048513,1.6323581
ISIC_6059520,-2.806326,7.5236464
ISIC_8737794,-5.3511767,7.0131173
ISIC_1694285,-2.472216,4.6793623
ISIC_8124900,-4.509011,8.83044
ISIC_3976496,-3.1405642,5.6067743
ISIC_9596721,-5.0773377,7.187263
ISIC_4404772,-5.761732,7.934504
ISIC_1670692,-1.8318224,4.2635446
ISIC_4905375,-6.0668793,8.295011
ISIC_6307097,-2.4636486,6.546351
ISIC_7202197,-5.6462474,10.195826
ISIC_8006211,-3.8488142,6.7017403
ISIC_1627619,-2.482337,4.8038073
ISIC_7195248,-5.7758317,8.458773
ISIC_6278273,-2.7262623,3.7758865
ISIC_2637608,-2.6622167,3.7786574
ISIC_0280912,-1.7920393,4.4003134
ISIC_7035246,-1.0901126,5.142403
ISIC_3475660,-5.6761074,10.134464
ISIC_5585090,-6.116586,8.346547
ISIC_0220438,-3.0582607,7.429989
ISIC_6392461,-2.6296515,7.526687
ISIC_2757355,-4.1682076,6.6896167
ISIC_1870415,-6.2059093,8.379557
ISIC_2697083,-2.7035892,5.575226
ISIC_0351666,-5.361255,7.911931
ISIC_6285925,-4.416658,6.5940514
ISIC_7614221,-1.3329155,6.003618
ISIC_2871230,-3.9202104,4.2110586
ISIC_3399306,-5.9756336,8.117098
ISIC_9164054,-5.44226,7.8044043
ISIC_6555290,-6.119333,8.209803
ISIC_6089318,-5.0468235,7.4726253
ISIC_4425657,-4.5583363,6.5392246
ISIC_1023256,-5.437251,8.575059
ISIC_8397285,-6.3628697,10.257937
ISIC_3979826,-6.2606654,9.870048
ISIC_5776649,-2.366687,5.2371964
ISIC_2255411,-6.107402,9.434467
ISIC_2364150,-6.1402235,9.022475
ISIC_1473522,-4.429846,10.611017
ISIC_8207974,-5.239386,11.033732
ISIC_2525084,-1.0279295,5.1853557
ISIC_6549364,-5.53974,10.670524
ISIC_6692344,-6.488326,9.614404
ISIC_3985031,-1.3266093,5.739527
ISIC_0624498,-4.8816338,9.653336
ISIC_3244067,-5.2882037,7.9212666
ISIC_9001948,-4.015934,10.422096
ISIC_8732757,-3.9304361,9.043416
ISIC_1728564,-4.0649533,7.3789554
ISIC_2232442,-6.36369,8.799003
ISIC_0981639,-5.476099,10.278062
ISIC_6620377,-5.876928,10.586474
ISIC_1247683,-4.1178718,6.127957
ISIC_5046082,-5.121755,11.089561
ISIC_5037784,-6.032812,8.673581
ISIC_0744013,16.321909,1.4577324
ISIC_9930189,-5.9139323,9.867407
ISIC_7961365,-6.6342115,10.051482
ISIC_0489267,-5.683037,10.37287
ISIC_9626843,-5.5359178,9.5995865
ISIC_7075768,-1.3832543,5.820153
ISIC_7612992,-3.6141067,10.462969
ISIC_2243107,-5.0092,7.6351604
ISIC_0647224,-3.8283315,10.80925
ISIC_8485716,-4.3807554,11.355197
ISIC_7914631,-6.3851504,8.988359
ISIC_5021861,-2.6240687,7.5132837
ISIC_7788318,-4.1011047,9.925205
ISIC_7680948,-5.231277,9.92166
ISIC_4590186,-5.31034,8.227481
ISIC_5167209,-2.8696227,7.6401954
ISIC_5774484,-5.2274013,10.141487
ISIC_9754098,-5.4300375,9.91868
ISIC_7460887,-1.0282383,4.964797
ISIC_5747486,-4.802383,8.335229
ISIC_3440759,16.402594,1.5467217
ISIC_5868291,-6.026707,9.763738
ISIC_2126660,-5.6841,9.28233
ISIC_1231419,-3.8784022,8.970023
ISIC_5829938,-1.2584966,6.0175176
ISIC_7490240,-6.5724,9.854335
ISIC_9583969,-2.007955,5.0743957
ISIC_4230049,-2.1293516,4.603526
ISIC_6785680,-5.1457953,8.137043
ISIC_5147292,-2.6090274,7.512031
ISIC_6671773,-4.6223044,8.909108
ISIC_7960869,-6.0155945,9.2059765
ISIC_4982046,16.40136,1.5349206
ISIC_5191344,-5.2475514,10.431101
ISIC_1866770,-5.052529,7.0624685
ISIC_3824206,-4.457249,11.378369
ISIC_4301916,-6.0141034,9.652004
ISIC_4967586,-4.788514,6.801347
ISIC_1460932,-4.513489,6.1851788
ISIC_7466678,-5.1517334,7.3500576
ISIC_6841294,-1.199901,5.892246
ISIC_3469595,-6.0335507,10.407396
ISIC_2406492,-3.4721656,8.943754
ISIC_3241636,-5.7925224,9.233603
ISIC_0914168,-3.659972,4.9453273
ISIC_0294150,-4.365226,9.772228
ISIC_1968421,-3.8869321,7.7861094
ISIC_1486861,-5.174518,9.699703
ISIC_7218890,-5.635983,8.257886
ISIC_9000234,-2.6058342,7.5555353
ISIC_7098141,-4.2888126,10.088912
ISIC_1706912,-5.547454,10.750058
ISIC_1412843,-6.415163,10.276786
ISIC_9235283,-2.1117647,4.205049
ISIC_5576354,-5.443675,9.985396
ISIC_9286292,-1.2147814,5.6352906
ISIC_2957732,-4.3507414,6.763483
ISIC_4276255,-1.2567879,6.044202
ISIC_5983500,-4.6368413,10.787376
ISIC_6535558,-4.1056113,11.160047
ISIC_0572205,-5.3928957,11.057239
ISIC_0915404,-5.680131,10.314881
ISIC_3412012,-5.949961,9.703478
ISIC_7948290,-4.568676,6.5153675
ISIC_3883863,-5.6872063,10.678939
ISIC_4362713,-4.7829843,9.466631
ISIC_5391758,-5.525208,10.723757
ISIC_5994923,-4.624326,11.221494
ISIC_8617277,-6.0721855,9.17428
ISIC_8892236,-4.213139,11.098147
ISIC_6714082,-2.5555634,7.279237
ISIC_7287303,-4.820997,9.421235
ISIC_8252406,-4.4237742,10.315499
ISIC_2141237,-1.3402619,6.112647
ISIC_6695831,-1.6718394,4.312367
ISIC_3909039,-6.344792,9.578769
ISIC_3895426,-3.6649687,11.089138
ISIC_5434661,-5.6168485,8.30362
ISIC_8724944,-5.8673825,9.830463
ISIC_7897925,-4.7289643,11.149131
ISIC_3696488,-4.444558,8.964488
ISIC_1733178,-3.9950817,10.651957
ISIC_3590167,-4.7537336,6.8417907
ISIC_8040024,-5.5461545,10.705114
ISIC_9941666,-5.444721,10.697616
ISIC_3286186,-1.0948164,5.542944
ISIC_9547725,-3.8961518,5.75026
ISIC_5045600,-5.5738707,9.330353
ISIC_9676644,-6.0075145,10.172881
ISIC_7844825,-5.486692,10.951737
ISIC_6124481,-3.7463372,10.026161
ISIC_7190243,-5.604852,10.249998
ISIC_0327406,-5.217598,9.895328
ISIC_2135474,-5.035877,10.971353
ISIC_5602826,-1.2470171,4.481932
ISIC_3775417,-6.3559384,10.116296
ISIC_8545949,-3.51599,3.2491367
ISIC_3642019,-1.2209959,6.0769434
ISIC_7816675,-4.4045606,7.688807
ISIC_0369831,-4.4860153,9.272063
ISIC_3068885,-1.5095516,4.5627165
ISIC_7880400,-1.7928464,4.837658
ISIC_3666967,-4.205357,11.302395
ISIC_3159924,-6.0279746,9.7399645
ISIC_4398011,-4.6167607,6.5094867
ISIC_8838753,-2.7581184,8.056747
ISIC_8027899,-4.047565,10.994163
ISIC_2837581,-4.479919,5.910473
ISIC_5044438,-5.089629,8.448356
ISIC_8493108,-5.9747734,8.759171
ISIC_3446357,-5.5164294,9.384797
ISIC_9130157,-2.4582055,6.9497247
ISIC_6269166,-6.0935335,9.009924
ISIC_0946787,-2.4778378,7.1491523
ISIC_6904082,-5.5082693,10.826558
ISIC_1269448,-5.603883,9.582062
ISIC_8922893,-5.130469,10.088196
ISIC_4619903,-4.152165,10.939294
ISIC_1330381,-4.1538143,10.351605
ISIC_2724529,-5.0772743,11.112952
ISIC_8758404,-3.9397006,10.106916
ISIC_3028754,-5.4275713,11.021252
ISIC_8066110,-2.161508,5.526907
ISIC_9870885,-6.4708056,9.277014
ISIC_2916754,-6.1227036,9.227459
ISIC_7349440,-2.582569,6.7356625
ISIC_0186998,-6.3980265,8.949882
ISIC_8821742,-6.0072846,8.941099
ISIC_6875745,-3.552867,4.4651394
ISIC_6299036,-6.338474,9.331548
ISIC_8436194,-2.9755375,6.2440224
ISIC_3094758,-2.2544937,5.4199686
ISIC_3045939,-5.188939,7.8604364
ISIC_4967361,-4.6203527,6.2278137
ISIC_8624049,-6.3398795,9.507079
ISIC_0353247,-2.7322855,6.1732817
ISIC_2310935,-3.518692,4.365733
ISIC_1558504,-5.4768515,7.7668557
ISIC_6366417,-6.026851,8.947699
ISIC_7462953,-4.292309,11.154501
ISIC_3389695,-6.1327977,8.755747
ISIC_0501108,-5.2284546,9.577699
ISIC_8708106,-5.4716473,8.234256
ISIC_4347535,-5.67749,7.7347665
ISIC_5620802,-6.3588085,8.786692
ISIC_4985027,-3.0757728,6.654176
ISIC_9130035,-3.7175035,5.8015404
ISIC_2757370,-6.261791,9.028001
ISIC_1040820,-3.1543508,5.594097
ISIC_2144690,-2.6214495,6.0614824
ISIC_4633843,-2.5893905,5.8266134
ISIC_5015551,-4.66126,8.332523
ISIC_3750329,-5.0209537,7.9181614
ISIC_5350216,-6.4686704,9.251632
ISIC_8806986,-3.4293487,4.931854
ISIC_5367118,-4.528323,6.160457
ISIC_5091996,-6.061296,8.6950035
ISIC_0429825,-2.4974632,6.381796
ISIC_5449076,-6.131567,8.986256
ISIC_6066292,-4.16695,7.5490136
ISIC_8087949,-3.314716,5.5125027
ISIC_7899041,-3.8010416,6.121104
ISIC_9210086,-3.2444954,6.93441
ISIC_2108849,-2.2660625,5.7134542
ISIC_7453676,-4.7241426,8.479856
ISIC_4813568,-3.1770878,4.784577
ISIC_5762714,-5.961176,9.715957
ISIC_9254641,-6.334203,9.359596
ISIC_3281565,-2.8078856,6.3853292
ISIC_4177450,-6.060136,8.484683
ISIC_2128061,-5.1882586,7.3577466
ISIC_0855174,-5.703066,7.541958
ISIC_7898880,-4.9631104,8.318069
ISIC_7110531,-1.4808183,4.8996296
ISIC_0962121,-5.71318,7.864803
ISIC_7235128,-5.670675,7.783667
ISIC_2243756,-5.7164755,7.5966263
ISIC_1601532,-5.7007594,8.493458
ISIC_1939413,-5.1313148,8.287292
ISIC_1343302,-6.300737,9.293546
ISIC_3666865,-4.4928303,7.0471296
ISIC_3331737,-2.838331,5.57815
ISIC_1372928,-6.0362926,8.649342
ISIC_1818238,-6.511682,9.258067
ISIC_9335652,-5.3325567,9.501559
ISIC_2884038,-5.189002,7.338282
ISIC_5010212,-4.0204043,7.499771
ISIC_4207959,-2.8369033,5.5721164
ISIC_6184891,-6.0023785,8.561628
ISIC_1685962,-6.3572097,8.624532
ISIC_3690890,-6.147318,9.12344
ISIC_4780727,-3.0935454,4.8073363
ISIC_5534730,-6.1526155,8.980884
ISIC_6278558,-4.3849773,7.679521
ISIC_3147084,-5.7779846,9.102709
ISIC_5415749,-3.816863,4.3108954
ISIC_7942881,-3.541058,5.267973
ISIC_6646939,-6.3608165,8.831164
ISIC_2818959,16.35192,1.4066901
ISIC_1338061,-6.298142,9.456138
ISIC_5330187,-5.9708047,8.037289
ISIC_2198823,-5.8689084,8.527969
ISIC_4212546,-3.0902681,4.810983
ISIC_8138363,-6.6712527,9.567097
ISIC_8344345,-6.2666855,9.073859
ISIC_4781223,-6.2686434,8.484274
ISIC_2957465,-6.3138776,9.115621
ISIC_9219356,-6.3689404,9.150223
ISIC_2850215,-6.115368,9.225759
ISIC_3763984,-2.5057983,4.9071236
ISIC_7839712,-2.6894372,7.312384
ISIC_0245720,-3.733913,4.922949
ISIC_3842916,-4.6558785,7.2658167
ISIC_8509219,-5.4613414,9.293277
ISIC_3478473,-6.542025,9.749321
ISIC_2433965,-6.323304,9.220804
ISIC_4464389,-5.944202,8.92772
ISIC_4699695,-2.7796292,6.598517
ISIC_5864088,-3.9205763,6.479048
ISIC_4510530,-6.1195326,9.12382
ISIC_0990298,-6.2965713,9.425793
ISIC_1605945,-5.9415765,9.245791
ISIC_9780632,-6.268398,9.4021
ISIC_4953281,-2.6643586,5.821869
ISIC_8073555,-3.875097,4.525574
ISIC_4750271,-4.628919,6.2196026
ISIC_2185005,-3.7072928,6.554038
ISIC_3174039,-6.325344,8.86758
ISIC_0903411,-4.6247115,7.945168
ISIC_5820693,-6.6610007,9.527612
ISIC_1099075,-6.1429486,8.770477
ISIC_9315775,-1.1278878,5.371208
ISIC_2465799,16.229116,1.4300925
ISIC_2814689,-5.528389,9.656182
ISIC_5608178,-4.7972617,8.708894
ISIC_6410859,-5.692135,8.214705
ISIC_2513018,-4.657018,7.845047
ISIC_5647607,-3.0879285,5.8149123
ISIC_6004197,-6.2146645,8.313754
ISIC_1694817,-2.644818,5.925754
ISIC_8710108,-6.0039825,9.285381
ISIC_1578878,-5.3879504,8.483396
ISIC_2867416,-3.0758488,6.600449
ISIC_1166740,-4.4717383,6.559833
ISIC_8961478,-6.167508,9.37781
ISIC_4691689,-6.3093233,9.30485
ISIC_9517555,-4.986027,7.418423
ISIC_1699688,-6.358692,9.140443
ISIC_9786863,-5.25106,7.060666
ISIC_7254359,-3.9339678,6.6773496
ISIC_0375034,-5.695424,10.22832
ISIC_8733345,-6.257268,9.334884
ISIC_8671119,-3.376824,7.6438193
ISIC_2663597,-3.2812796,6.3446827
ISIC_2448897,-5.255477,8.397361
ISIC_3740014,-2.2621636,5.5111012
ISIC_8907509,-3.8677533,4.236876
ISIC_5296963,-5.4057064,7.1376367
ISIC_5791954,-6.5945234,10.329343
ISIC_0346815,-6.150418,9.240655
ISIC_0292899,-4.5335283,6.2667294
ISIC_7412327,-6.0318284,9.915514
ISIC_5744196,-5.9561667,10.026287
ISIC_8708918,-5.28542,7.637096
ISIC_3077674,-5.9925737,8.553495
ISIC_6135643,16.418556,1.5974331
ISIC_9159477,-4.5787477,10.01484
ISIC_8071637,-6.399962,9.022816
ISIC_2003991,-6.4047523,8.986331
ISIC_1814941,-6.321313,8.848536
ISIC_6427430,-6.417326,9.372481
ISIC_6959281,-6.5537963,9.162631
ISIC_2757332,-2.912707,3.6009169
ISIC_8308321,-4.732761,6.588801
ISIC_1254469,-6.131425,8.605727
ISIC_8856365,-5.5255017,8.539651
ISIC_6556373,-5.8410935,8.652128
ISIC_8172822,-6.052761,9.463957
ISIC_6620748,-2.5183,7.5228834
ISIC_4223497,-4.066798,6.558336
ISIC_8191057,-6.3401904,8.835746
ISIC_1693572,-5.3065243,8.995982
ISIC_2427899,-4.2226624,5.9571495
ISIC_8907232,-6.0047307,9.339866
ISIC_3162213,-2.6851943,5.748418
ISIC_0648545,-6.1251936,8.756844
ISIC_0705477,-3.6297863,7.709009
ISIC_6674797,-6.205968,8.931175
ISIC_6099563,-4.5532274,7.8564186
ISIC_2717192,-4.580704,6.53715
ISIC_6369740,-6.102944,8.701802
ISIC_4615762,-6.532701,9.02345
ISIC_8278458,-2.7665908,6.013509
ISIC_2149878,-5.9749985,9.386195
ISIC_0080539,-6.2340727,8.843649
ISIC_2010889,-6.4228024,8.9871025
ISIC_4097868,-6.21601,8.842396
ISIC_0261253,-5.4044104,7.171603
ISIC_7747712,-6.1389246,8.937371
ISIC_7399648,-5.9373093,8.300399
ISIC_8256480,-5.6326685,8.253892
ISIC_5156491,-5.779946,8.521209
ISIC_1850674,-6.311556,8.649853
ISIC_0202119,-5.809641,8.18515
ISIC_9572761,-6.114466,8.239716
ISIC_3323866,-6.2004385,8.292405
ISIC_1776777,-6.250326,9.805722
ISIC_0984817,-3.826294,6.9321747
ISIC_1423737,-5.6233416,8.121857
ISIC_9881460,-6.0041685,8.633139
ISIC_7092052,-6.141632,9.09929
ISIC_6668093,-4.431977,5.9535675
ISIC_6119202,-6.1673846,9.357801
ISIC_7097931,-6.2665334,9.606041
ISIC_9274936,-4.528521,6.4013305
ISIC_7809510,-5.9563575,9.628395
ISIC_9859873,-6.353369,8.878588
ISIC_7755096,-3.7771547,7.307492
ISIC_3056854,-4.1150393,7.326176
ISIC_9214649,-3.3143291,7.3525248
ISIC_6892286,-6.302555,8.638332
ISIC_5646747,-3.5024104,6.9584203
ISIC_8021816,-3.2356324,8.572279
ISIC_5363974,-4.1784034,8.023907
ISIC_1908890,-4.736871,9.246449
ISIC_5771780,-3.5143745,3.2779167
ISIC_3719985,-2.1691322,4.046696
ISIC_2594715,-3.8937297,10.673717
ISIC_9908866,-4.016318,10.674864
ISIC_8172964,-4.302742,11.394256
ISIC_9495622,-3.1267393,5.973988
ISIC_6892280,-3.1009185,5.4968424
ISIC_6471282,-2.5341547,6.934368
ISIC_1635231,-3.8296351,10.682762
ISIC_2339761,-3.0366821,7.968161
ISIC_6707573,-2.7666843,5.3640637
ISIC_5669463,-3.4807293,10.937929
ISIC_6912369,-4.0795283,8.516205
ISIC_3143079,-4.046323,4.9158506
ISIC_2068188,-3.2181287,6.324701
ISIC_7952870,-3.7883613,10.373402
ISIC_7683106,-3.363258,10.621386
ISIC_5286801,-3.6085896,8.129321
ISIC_7599710,-3.5158634,8.40858
ISIC_2966808,-3.448477,9.423064
ISIC_1778959,-4.4591045,11.439174
ISIC_1930795,-5.8187714,8.724961
ISIC_4048896,-2.996497,7.184693
ISIC_9144329,-3.1511254,6.303947
ISIC_0750046,-3.2405336,10.550906
ISIC_2801005,-4.474203,11.393349
ISIC_1297252,-3.2098193,10.198639
ISIC_9337100,-1.4912236,6.186814
ISIC_3192152,-4.9820704,10.137432
ISIC_4867646,-2.5655024,7.2206635
ISIC_1077735,-3.6854665,11.01669
ISIC_9951988,-2.514092,7.288037
ISIC_9187524,-2.8559754,7.266557
ISIC_8851514,-3.5404236,4.7201147
ISIC_7376452,-3.198601,6.0686
ISIC_6090497,-4.2026243,7.7165337
ISIC_8671596,-4.2367163,11.282826
ISIC_6034442,-4.479869,11.42257
ISIC_0599463,-1.5803086,6.191629
ISIC_5988562,-3.3399973,10.915899
ISIC_4957310,-4.9763327,10.983031
ISIC_1753011,-3.149707,4.7123775
ISIC_9585033,-3.1149068,4.2165127
ISIC_1701883,-3.1746063,4.788919
ISIC_4092287,-2.5298958,4.4793053
ISIC_3796317,-4.5284004,7.458936
ISIC_8077139,-6.268384,9.2338295
ISIC_9907020,-3.1751668,6.179882
ISIC_8400587,-5.6292524,8.631469
ISIC_1935227,-3.4511762,7.3649807
ISIC_0542765,-3.350035,10.97837
ISIC_3030394,-5.084315,10.47343
ISIC_7666432,-3.3158853,10.627363
ISIC_7660163,-3.8705628,8.688699
ISIC_8473293,-4.6690974,8.573057
ISIC_4572891,-3.346258,10.313952
ISIC_3033701,-3.2430184,8.056106
ISIC_6126704,-3.244898,6.453712
ISIC_9876533,-5.14586,8.680479
ISIC_8792684,-2.8395948,8.275988
ISIC_2421565,-4.991514,11.33658
ISIC_8902296,-1.1046149,5.4162917
ISIC_5841971,-4.760049,10.995614
ISIC_1813577,-4.1684613,6.207389
ISIC_1810807,-3.7146103,7.0235276
ISIC_2367098,-2.6341498,7.977519
ISIC_6563304,-2.5695586,5.9735193
ISIC_2505335,-5.148579,10.632903
ISIC_3235131,-6.162609,9.710082
ISIC_2153041,16.452126,1.6397775
ISIC_0202238,-4.974599,9.11694
ISIC_0638700,-3.8623657,8.301084
ISIC_7824315,-3.2443156,7.1634936
ISIC_5086721,-5.1625476,9.38675
ISIC_7993345,-3.654913,10.968055
ISIC_3110126,-5.3954225,10.609087
ISIC_1301476,-3.4275472,8.42365
ISIC_1047011,-3.5499592,6.108912
ISIC_4212047,16.277758,1.4059186
ISIC_0168716,-3.150584,4.4255376
ISIC_3598192,-5.298616,10.34309
ISIC_0789191,-4.204074,10.115682
ISIC_0255566,-3.3462763,7.906038
ISIC_2079571,-3.3916357,3.342135
ISIC_2857128,-4.5240817,9.827744
ISIC_7338502,-3.004004,7.4328766
ISIC_2574924,-3.3642282,10.31109
ISIC_3891136,-5.8767667,9.875388
ISIC_7239902,-4.5268397,11.427971
ISIC_3176105,-3.3255002,4.7140474
ISIC_2362051,-3.1509707,6.632196
ISIC_0799972,-3.0651495,5.518348
ISIC_3491406,-2.0840974,5.693706
ISIC_8157239,-4.519243,7.723233
ISIC_1000616,-2.695301,8.111191
ISIC_5612133,-3.1865394,6.4082127
ISIC_7085235,-4.552343,8.574503
ISIC_1791643,-5.330193,10.390286
ISIC_0959325,-3.2283192,9.949075
ISIC_5024302,-4.2746253,8.123896
ISIC_4719387,-2.5322251,7.2353044
ISIC_7465137,-5.8141727,10.802528
ISIC_2070728,-4.265494,10.224764
ISIC_1642069,-3.079795,6.508246
ISIC_5481480,-5.70605,9.673744
ISIC_4407852,-3.3160465,6.2340117
ISIC_1816965,16.490915,1.6093868
ISIC_2277714,-3.4471784,10.010702
ISIC_3381026,-2.5708144,3.6944802
ISIC_5610304,-3.7584965,5.7345757
ISIC_5033005,-3.5199604,10.911551
ISIC_2211948,-4.30034,10.836234
ISIC_2212637,-3.557164,7.0975575
ISIC_5704967,-3.7078028,5.988173
ISIC_5862918,-4.085542,8.772563
ISIC_1262790,-2.7571805,4.357454
ISIC_7541596,-3.9883628,8.799504
ISIC_7373164,-3.0404477,4.206034
ISIC_8786983,-5.447931,9.923838
ISIC_1452632,-2.9407861,7.205432
ISIC_2368449,-2.5167372,3.5442822
ISIC_9677008,-3.9094772,10.813382
ISIC_6586433,16.478693,1.5776764
ISIC_9320992,-3.148245,6.6813536
ISIC_9176427,-2.4926846,6.290452
ISIC_7338073,-2.7546804,7.5542817
ISIC_1203272,-2.5908678,7.5989003
ISIC_8253057,-6.493275,9.441987
ISIC_6578433,-4.120992,6.119125
ISIC_8173252,-2.553451,5.8523803
ISIC_5711232,-5.0166802,9.296306
ISIC_6099785,-2.579958,5.9229817
ISIC_8647315,-2.425046,6.360923
ISIC_7146293,-2.6796336,5.660392
ISIC_7321503,-3.6465263,7.7760563
ISIC_0587728,-2.5382867,5.9656596
ISIC_0274411,-5.035095,8.6753645
ISIC_5095180,-3.9152753,7.6818724
ISIC_0616448,-2.606733,5.8475323
ISIC_5306850,-5.917386,10.439135
ISIC_3689252,16.53066,1.6588992
ISIC_8027280,-2.4960701,6.340021
ISIC_9092169,-3.5853708,7.9904027
ISIC_9942350,-3.8953292,4.065123
ISIC_3275875,-6.496696,9.510181
ISIC_8348262,-3.1254063,6.4288754
ISIC_3736336,-3.374728,7.5573883
ISIC_2190396,-2.4963017,5.8925924
ISIC_4547332,-2.6139235,6.7557306
ISIC_3783659,-6.0746684,9.645411
ISIC_7594243,-2.5442784,6.0077653
ISIC_3622555,-2.5007408,6.855298
ISIC_8040663,-4.3591957,5.899245
ISIC_0961778,-3.6681921,7.246088
ISIC_9543045,-5.5673213,10.9123125
ISIC_2468476,16.475246,1.585124
ISIC_2772824,-4.3244495,6.285715
ISIC_9928278,-6.2055125,8.116629
ISIC_6016537,-3.82654,5.7287207
ISIC_6618014,-2.9204297,5.0149713
ISIC_4221304,-2.8417013,6.903565
ISIC_4027194,16.50112,1.5872424
ISIC_6873657,-5.8443246,7.826917
ISIC_7927389,-2.9994435,5.5578327
ISIC_9051948,-5.3728952,9.10975
ISIC_8592733,-2.6053813,5.852329
ISIC_6275817,-2.5789154,5.9452314
ISIC_6967412,-3.9342935,4.1718216
ISIC_3236033,-2.576307,6.682794
ISIC_7429994,-2.5767817,6.6702137
ISIC_8758983,-2.3985362,5.49159
ISIC_8651648,-6.685083,9.704459
ISIC_7966639,-4.5250826,9.107249
ISIC_0133200,-4.93816,9.699395
ISIC_9445977,-4.9207397,9.570603
ISIC_5648033,-5.161013,9.681684
ISIC_7365059,-6.3501024,9.970527
ISIC_2792717,-6.5519075,9.6492405
ISIC_0851414,-6.054008,8.761101
ISIC_8999351,-6.1267176,8.99637
ISIC_6364782,-6.2849274,8.272347
ISIC_6720909,-6.5618377,9.079636
ISIC_8738186,-4.28546,7.2581162
ISIC_1633321,-6.493462,9.2345495
ISIC_6683697,-6.129312,9.291082
ISIC_8673290,-4.7207894,6.1033945
ISIC_4851185,-3.369602,4.4544106
ISIC_7695263,-1.1420367,5.7896543
ISIC_7560933,-5.3490973,10.905216
ISIC_3511086,-4.2921734,8.263469
ISIC_8685453,-2.8615859,7.8846235
ISIC_4375866,-2.2143745,4.5907917
ISIC_3698441,-1.0668329,4.9647346
ISIC_6048752,-4.9342103,10.005279
ISIC_6428004,-1.3164096,4.8316717
ISIC_5019119,-6.313462,10.433379
ISIC_3268800,-5.8865323,9.104904
ISIC_2710427,-5.465915,9.546788
ISIC_9693456,-3.5948691,6.3099155
ISIC_6635963,-3.594118,10.498122
ISIC_9174580,16.510466,1.6517053
ISIC_3773277,-4.5160313,10.321516
ISIC_5253746,-4.252698,10.246835
ISIC_2496140,-4.5356774,11.288582
ISIC_1909053,-1.1443356,5.359555
ISIC_7643593,-4.6581197,11.394308
ISIC_9434832,-4.771625,10.131678
ISIC_9179044,-4.474894,9.801786
ISIC_0598073,-3.7848349,3.8357685
ISIC_9239978,-5.1571584,8.979128
ISIC_1675975,-2.7982109,5.581623
ISIC_4349272,-4.166758,7.715021
ISIC_1729396,-5.715172,9.767481
ISIC_6596926,-5.0518575,7.409741
ISIC_5461210,-4.6345267,11.006353
ISIC_3667052,-5.671764,10.0546875
ISIC_4703321,-6.002189,10.653274
ISIC_6881589,-1.9287716,5.7238455
ISIC_4467312,-4.1885705,9.801842
ISIC_9399586,-1.1828243,4.813859
ISIC_3704603,-4.741922,10.559719
ISIC_4485467,-1.1066505,5.7419343
ISIC_9141788,-0.9403738,5.040038
ISIC_3259871,-4.6728473,7.701859
ISIC_5889858,16.417381,1.6765317
ISIC_7334939,-5.354654,9.905684
ISIC_5541499,-1.2153621,4.5329747
ISIC_3197211,-5.3772783,9.886093
ISIC_7472087,-5.0227776,10.544382
ISIC_5892763,-3.8514743,7.56118
ISIC_5763228,16.033926,1.6502064
ISIC_3327928,-4.6628675,8.802232
ISIC_9596173,-4.394408,9.251926
ISIC_3045480,-2.2382898,5.9994173
ISIC_6044114,-4.4756746,8.346332
ISIC_8918247,-4.571018,9.858944
ISIC_6819805,-3.5572221,8.36914
ISIC_0450792,-5.807058,7.914199
ISIC_2879057,-4.2142906,7.8619823
ISIC_2222084,-4.8597484,6.9618764
ISIC_1916169,-5.0872383,10.318589
ISIC_3320667,-5.374797,9.794413
ISIC_6046943,-5.9623966,9.498489
ISIC_8769047,-4.848353,8.758101
ISIC_7303630,-4.3698635,8.894394
ISIC_9266057,-5.4753065,8.953972
ISIC_7784876,-4.414283,9.017866
ISIC_5531874,-6.300854,9.359062
ISIC_2867998,-5.109079,9.854025
ISIC_0699088,-3.9188411,8.032989
ISIC_6689453,-3.4864995,5.665559
ISIC_3807230,-2.6045392,3.4973087
ISIC_8416462,-2.7576745,8.105293
ISIC_7922830,-3.4186845,10.847877
ISIC_0553265,-4.9372883,10.062283
ISIC_7640631,-4.3768177,9.177219
ISIC_8350851,-4.6991568,11.0646305
ISIC_1116303,-5.174473,7.3870134
ISIC_9179884,-4.9941726,10.141113
ISIC_5785135,-3.0592787,5.409886
ISIC_9599992,-1.2230524,5.629053
ISIC_9227283,-5.296094,7.2212358
ISIC_8627581,-4.692581,10.658277
ISIC_6747251,-4.273003,9.692681
ISIC_8601570,-1.1256365,5.728386
ISIC_0320008,-1.0694705,5.4767556
ISIC_3204703,-5.1362214,10.554828
ISIC_2220505,-4.1338177,7.4479556
ISIC_0823269,-6.172828,9.108485
ISIC_3670069,-4.86537,10.29186
ISIC_8488027,-4.191468,9.761734
ISIC_8961614,-2.8861814,6.8669295
ISIC_6993040,-4.0843406,7.6513715
ISIC_5714835,-4.1764503,9.360315
ISIC_2843665,-3.7453074,8.342482
ISIC_5182952,-4.951114,9.724386
ISIC_8026822,-4.6879883,10.5891075
ISIC_1126401,-3.9139662,10.826566
ISIC_0651228,-6.481969,10.048606
ISIC_7638974,-5.3694453,10.712518
ISIC_8593738,-4.520024,9.149807
ISIC_5452980,-2.7555547,5.0897365
ISIC_9875364,-5.4286675,9.890687
ISIC_9171793,-5.1087475,10.300807
ISIC_7682533,-6.227307,8.8723135
ISIC_5628874,-1.2981169,5.714237
ISIC_8667960,-4.6714864,10.300445
ISIC_7657322,-5.3452363,8.032263
ISIC_9866460,-3.7849646,8.552441
ISIC_9820266,-1.0677328,5.7534804
ISIC_2793180,-4.409423,9.065796
ISIC_1201025,-4.876784,9.530793
ISIC_5144687,-5.00851,8.566407
ISIC_1994166,-4.9039645,9.907258
ISIC_5511054,-2.2504108,6.4230156
ISIC_9041525,-3.4645538,9.502715
ISIC_5745126,-1.2078006,5.12006
ISIC_5442968,-4.0159955,5.9796076
ISIC_5912360,-1.1085113,4.8773665
ISIC_4482349,-5.104657,8.638547
ISIC_2179705,-1.2593528,5.3667116
ISIC_7548342,-4.5945954,11.273427
ISIC_4235575,16.3525,1.5283643
ISIC_7851081,-4.570936,10.234245
ISIC_8653825,-3.4790478,4.34123
ISIC_0831898,-4.6424456,11.044802
ISIC_2267440,-5.161857,9.537612
ISIC_7718206,16.234194,1.5403228
ISIC_1490894,-1.0230864,5.4952903
ISIC_3933164,-3.6184263,9.591116
ISIC_3957660,-4.5009136,9.294953
ISIC_1264034,-1.0984429,4.9202952
ISIC_8525826,-0.9533086,5.0306344
ISIC_1454751,-2.8038797,8.658188
ISIC_7170025,-4.9350805,10.819391
ISIC_3248418,-3.5189042,10.962068
ISIC_4969277,-3.456768,4.3138714
ISIC_3665449,-4.310304,9.507291
ISIC_7893518,-1.581567,4.996339
ISIC_4277953,-5.3901634,10.479344
ISIC_7890222,-2.9275064,4.5891886
ISIC_4168419,-4.7805943,7.8618274
ISIC_1970988,-2.4828017,5.872087
ISIC_9895318,-4.4783893,9.587926
ISIC_7045012,-0.9359408,5.0300436
ISIC_6904950,-4.4192157,7.63608
ISIC_4117748,-3.35227,6.219919
ISIC_8362681,-4.1513224,9.033572
ISIC_6833525,-1.0548042,5.1017056
ISIC_1121888,-4.5124636,9.424972
ISIC_3587674,-4.8168817,10.53384
ISIC_0124902,-5.306405,9.237829
ISIC_7808642,-5.040689,9.60161
ISIC_2305541,-4.323887,11.183645
ISIC_5509679,-5.4479833,9.833662
ISIC_8293325,-4.008563,4.681249
ISIC_6415722,-4.3536587,11.091697
ISIC_3677029,-1.6398093,5.6979017
ISIC_4643793,-2.85845,3.672071
ISIC_4064478,-3.4408872,3.6769352
ISIC_6172037,-4.028166,9.862484
ISIC_6210303,-4.622706,7.546137
ISIC_2979795,-1.7070813,4.3307514
ISIC_2884112,-5.7587433,7.8438616
ISIC_7356320,16.421612,1.6437788
ISIC_7352298,16.390608,1.6600597
ISIC_7545691,-2.9028459,3.679794
ISIC_3108597,-2.95568,4.4405565
ISIC_0715696,-2.726618,8.0408745
ISIC_7285359,-4.1375456,9.1186
ISIC_9505560,-4.0568194,8.622603
ISIC_5582910,-2.5775766,7.7509036
ISIC_0140502,-4.1342216,7.476546
ISIC_8688192,-2.751824,8.091905
ISIC_2286443,-4.1645207,9.08946
ISIC_0472123,-3.1740682,4.121917
ISIC_7317366,-3.3920293,4.678208
ISIC_5391607,-4.7887435,8.703463
ISIC_7854404,-3.9659235,4.479483
ISIC_3427218,-4.1482615,5.243422
ISIC_5998475,-2.8091726,7.1225443
ISIC_5915244,-3.6137795,10.475644
ISIC_6603938,-5.627389,10.604349
ISIC_2861132,-4.1821957,7.3765635
ISIC_4210924,-3.6501005,5.0673285
ISIC_3412801,-2.4647899,5.158385
ISIC_4461272,-3.0380898,3.653841
ISIC_3541529,-3.765621,11.116143
ISIC_9144852,-3.8052642,5.821383
ISIC_4122691,-4.231538,7.5202317
ISIC_9096150,-2.410662,4.116468
ISIC_4408961,-4.3509073,8.352226
ISIC_1400695,-1.9274377,4.7496557
ISIC_1876217,-4.7053065,7.1658683
ISIC_0393283,-3.440011,5.5167294
ISIC_5224517,-2.164438,4.7795954
ISIC_6269738,-4.7704525,7.987256
ISIC_9602954,-4.851501,6.2786164
ISIC_4411858,-4.9447074,7.5794044
ISIC_0508777,-5.682819,8.428616
ISIC_9668338,-3.5910304,11.037167
ISIC_5920681,-2.8024113,7.2122674
ISIC_7715671,-3.1299584,4.364554
ISIC_4775986,-3.4973438,3.6802835
ISIC_3578300,-3.1467235,4.3384733
ISIC_1483720,-4.0505147,4.577965
ISIC_3951937,-3.163206,4.774133
ISIC_3522656,-4.050317,5.777942
ISIC_3249814,-3.9487984,5.1721864
ISIC_1977937,-4.538428,7.5860386
ISIC_3559219,-4.998625,7.385517
ISIC_9724689,-1.938126,4.1240683
ISIC_1192769,-5.0818615,7.3942018
ISIC_4176718,-2.8469954,7.21432
ISIC_0558060,-6.047205,9.781038
ISIC_6666090,-3.2255528,10.57045
ISIC_4412550,-3.392333,5.091955
ISIC_7554287,-4.040493,6.2474523
ISIC_8776516,-5.7452807,7.9388313
ISIC_6038463,-5.3746233,8.626878
ISIC_5127249,-2.9101515,3.5522742
ISIC_6529350,-4.1299443,5.1252527
ISIC_0323009,-3.583258,11.007636
ISIC_9678778,-4.487379,11.343351
ISIC_9420311,-5.3035474,8.763988
ISIC_4005082,-3.2795565,4.783549
ISIC_5163263,-4.9305544,7.9023914
ISIC_2204976,-4.4771347,11.275992
ISIC_1012044,-4.847401,7.6310854
ISIC_0474387,-2.9463916,3.648383
ISIC_2097603,-4.939703,7.1929574
ISIC_2337531,-2.5793374,3.7205083
ISIC_8498489,-3.223853,10.65077
ISIC_7081819,-5.7439995,7.819889
ISIC_9842532,-3.981143,5.184606
ISIC_0327070,-3.6078482,5.252005
ISIC_9008372,-4.8521132,7.980563
ISIC_3335354,-4.461016,10.932944
ISIC_4981914,-4.4105067,8.080932
ISIC_9809482,-3.3389819,6.4482155
ISIC_4839117,-4.2808743,5.750074
ISIC_5752865,-1.8339809,4.4709544
ISIC_9992492,-3.8634503,10.903336
ISIC_3544253,-3.4803898,5.126487
ISIC_3535003,-2.7150917,6.9326334
ISIC_7542458,-4.1286316,8.664341
ISIC_5461797,-2.1608791,3.9931753
ISIC_9728499,-2.6351354,3.515622
ISIC_0450997,-4.055345,6.2732744
ISIC_4249493,-5.0166163,11.31804
ISIC_1234126,-2.5956085,7.624768
ISIC_3035927,-3.2647977,3.685607
ISIC_5658925,-3.912195,7.722088
ISIC_9800841,-2.786382,5.591532
ISIC_2196575,-3.5037317,5.500162
ISIC_1910468,-3.6426692,10.204729
ISIC_2619021,-3.5017507,3.307164
ISIC_7146494,-3.2246444,5.623799
ISIC_5003828,-4.9520864,7.8938756
ISIC_5036772,-1.4110872,4.422287
ISIC_0662485,-2.9829767,5.182444
ISIC_5089962,-4.1155105,6.1173925
ISIC_9630889,-2.0865765,5.686844
ISIC_2339295,-5.0970044,9.18557
ISIC_4688289,-3.4526298,6.661551
ISIC_3545006,-4.9749355,7.8749714
ISIC_3440239,-3.1523452,4.6615195
ISIC_9381298,-3.9389925,4.855578
ISIC_6012573,-3.560526,5.717823
ISIC_2556057,-4.812174,8.167276
ISIC_4184681,-1.7522048,4.330589
ISIC_8327076,-4.4742465,11.3167095
ISIC_1320438,-3.5563533,5.1820097
ISIC_6013467,16.50181,1.6147819
ISIC_2309271,-4.150524,5.1073704
ISIC_4746369,-4.449728,9.1335745
ISIC_1822107,-3.843084,4.212236
ISIC_5289849,-2.6242616,3.956063
ISIC_6752882,-4.1053867,9.156809
ISIC_5863574,-5.3518248,8.696676
ISIC_2863863,-4.044217,4.5833116
ISIC_9419633,-1.6661443,4.388426
ISIC_4301676,-5.8362575,8.342483
ISIC_4171657,-3.3441947,10.731221
ISIC_0852832,-2.72243,4.07616
ISIC_4907655,-5.7606115,7.903345
ISIC_5281117,-3.7806532,5.009371
ISIC_8766402,-4.2869062,6.5287313
ISIC_9233062,-2.4886665,7.5624714
ISIC_2742711,-3.5024533,10.907882
ISIC_5839875,-5.1086407,7.6475234
ISIC_9641059,-3.3272169,10.797088
ISIC_2558169,-2.5129795,3.5324178
ISIC_0758444,-3.796598,5.0027
ISIC_0929180,16.281952,1.6000669
ISIC_4119530,-3.219153,5.3233895
ISIC_6931629,16.27706,1.4276066
ISIC_6550602,-3.9924147,4.4622355
ISIC_8204363,-6.0542197,9.729514
ISIC_5356475,-1.2808005,4.445351
ISIC_5619562,-4.283438,5.78454
ISIC_3544463,-3.6927483,7.544526
ISIC_8864678,-4.5959735,5.797412
ISIC_4891117,-2.7017276,8.1865635
ISIC_5573077,-3.7423785,5.2798557
ISIC_5418441,-2.875829,3.6865866
ISIC_1271507,-4.8279386,8.055355
ISIC_1110743,16.078201,1.7232457
ISIC_0404417,-2.881945,3.328188
ISIC_9323485,-4.281665,8.636037
ISIC_9432086,-4.2360168,7.808778
ISIC_4733114,-3.8232899,7.3874664
ISIC_8423180,-4.3050723,7.9491277
ISIC_7423595,-2.7058496,5.7630687
ISIC_5273210,-4.6344013,7.1833878
ISIC_6193654,-3.7898123,11.148017
ISIC_3635831,-1.2799332,5.31816
ISIC_9566132,-4.6709895,7.2261353
ISIC_8225781,-6.376506,9.505143
ISIC_0077281,-2.6533132,5.7933364
ISIC_7003002,-4.0040655,4.503481
ISIC_5292024,-3.0103369,3.9423807
ISIC_3540915,-4.0088496,4.9207864
ISIC_5082179,-4.024839,5.1806912
ISIC_9485124,-4.7852297,8.6456995
ISIC_0722605,-5.0645714,7.3957195
ISIC_5801650,-2.5931914,7.6382356
ISIC_0308880,-3.24511,5.2931914
ISIC_9317339,-3.6396074,6.522242
ISIC_2425757,-3.358349,4.9762235
ISIC_8493254,-2.8874614,4.286508
ISIC_1968416,-3.9780438,5.689976
ISIC_4647281,-4.748869,7.1866474
ISIC_5395518,-1.2950608,4.7937527
ISIC_8617353,-5.1566586,6.9459305
ISIC_1427295,-4.944871,8.841127
ISIC_7913874,-4.5836587,11.244266
ISIC_9662611,-3.1777928,4.6576962
ISIC_4530856,-5.097198,7.4335704
ISIC_1235469,-5.1127105,7.619107
ISIC_2340958,-3.8063343,7.461852
ISIC_0151466,-5.0890107,11.20729
ISIC_3994385,-4.9465055,7.834435
ISIC_2000766,-2.7780066,6.950286
ISIC_9869190,-3.1950865,4.4314365
ISIC_8868249,-2.853837,7.3517685
ISIC_4352505,-2.688243,5.86679
ISIC_2826181,-6.3232822,9.564652
ISIC_4529513,16.063112,1.7515514
ISIC_8278782,-3.153824,6.2129188
ISIC_2368188,-1.1431593,5.936693
ISIC_1091442,-4.4089427,6.5588098
ISIC_6378347,-4.614275,9.231865
ISIC_1764844,-3.474789,6.1344156
ISIC_7759222,-3.9676871,8.287857
ISIC_1389226,-2.6194258,3.4195268
ISIC_3046271,-3.1822655,4.7036457
ISIC_7713609,-2.5593755,3.9992778
ISIC_9029938,-1.8965454,4.5515656
ISIC_6410570,-2.6538038,4.550812
ISIC_9767305,-4.9333367,8.371979
ISIC_7563950,-3.5366325,3.860228
ISIC_6291375,-4.9046454,7.8482647
ISIC_6850912,-4.73613,9.662093
ISIC_3476246,-5.1268888,8.6941595
ISIC_4152922,-3.7424629,10.508937
ISIC_7473000,-2.2609677,4.1370378
ISIC_6288607,-3.1945128,6.1283665
ISIC_6321476,-3.7165806,10.575482
ISIC_0269622,-5.99259,8.988924
ISIC_8724412,16.085758,1.7114018
ISIC_3404294,-3.6738362,10.572226
ISIC_1056436,-2.7538707,6.9601893
ISIC_8446478,-2.514923,7.421126
ISIC_8278036,-4.6003695,11.276527
ISIC_2958480,-2.7282386,6.936694
ISIC_8187734,-3.7853255,3.9207673
ISIC_8823228,-3.374942,6.022164
ISIC_5699993,-3.8155708,3.870128
ISIC_3137117,-4.75075,8.432583
ISIC_2177103,-4.5750947,10.268692
ISIC_7564517,-4.814012,8.170805
ISIC_7000719,-2.8552394,3.7493296
ISIC_5709512,-5.812348,8.460141
ISIC_7084754,-4.8054338,8.229969
ISIC_1658397,-4.529662,7.821277
ISIC_4868339,-5.7454467,7.7750382
ISIC_7808341,-2.9725862,6.0053215
ISIC_3352464,-3.8076284,5.2143245
ISIC_6133338,-4.83927,7.7240834
ISIC_7899387,-2.7394757,7.9543557
ISIC_5700648,-3.1931326,6.4076843
ISIC_5312996,-6.301385,9.713189
ISIC_5423259,-5.2204313,7.854663
ISIC_7443971,-2.7106774,7.283496
