isic_id,cluster_label
ISIC_0000002,0
ISIC_0000004,0
ISIC_0000013,0
ISIC_0000022,0
ISIC_0000026,0
ISIC_0000029,0
ISIC_0000030,0
ISIC_0000031,0
ISIC_0000035,0
ISIC_0000036,0
ISIC_0000040,0
ISIC_0000046,0
ISIC_0000054,0
ISIC_0000056,0
ISIC_0000070,0
ISIC_0000076,0
ISIC_0000077,0
ISIC_0000078,0
ISIC_0000139,0
ISIC_0000140,0
ISIC_0000141,0
ISIC_0000142,0
ISIC_0000143,0
ISIC_0000144,0
ISIC_0000145,0
ISIC_0000146,0
ISIC_0000147,0
ISIC_0000148,0
ISIC_0000149,0
ISIC_0000150,0
ISIC_0000151,0
ISIC_0000152,0
ISIC_0000153,0
ISIC_0000154,0
ISIC_0000156,0
ISIC_0000157,0
ISIC_0000158,0
ISIC_0000159,0
ISIC_0000163,0
ISIC_0000165,0
ISIC_0000168,0
ISIC_0000169,0
ISIC_0000170,0
ISIC_0000172,0
ISIC_0000175,0
ISIC_0000176,0
ISIC_0000276,0
ISIC_0000277,0
ISIC_0000278,0
ISIC_0000281,0
ISIC_0000282,0
ISIC_0000283,0
ISIC_0000287,0
ISIC_0000290,0
ISIC_0000291,0
ISIC_0000292,0
ISIC_0000294,0
ISIC_0000296,0
ISIC_0000305,0
ISIC_0000390,0
ISIC_0000393,0
ISIC_0000394,0
ISIC_0000395,0
ISIC_0000398,0
ISIC_0000399,0
ISIC_0000400,0
ISIC_0000401,0
ISIC_0000402,0
ISIC_0000404,0
ISIC_0000405,0
ISIC_0000406,0
ISIC_0000410,0
ISIC_0000411,0
ISIC_0000412,0
ISIC_0000413,0
ISIC_0000414,0
ISIC_0000415,0
ISIC_0000417,0
ISIC_0000420,0
ISIC_0000428,0
ISIC_0000429,0
ISIC_0000432,0
ISIC_0000434,0
ISIC_0000438,0
ISIC_0000440,0
ISIC_0000441,0
ISIC_0000444,0
ISIC_0000445,0
ISIC_0000446,0
ISIC_0000450,0
ISIC_0000459,2
ISIC_0000462,0
ISIC_0000463,2
ISIC_0000466,0
ISIC_0000469,0
ISIC_0000482,0
ISIC_0000484,0
ISIC_0000487,1
ISIC_0000502,0
ISIC_0000511,0
ISIC_0000513,0
ISIC_0000516,0
ISIC_0000517,0
ISIC_0000518,0
ISIC_0000519,0
ISIC_0000520,0
ISIC_0000521,0
ISIC_0000522,0
ISIC_0000531,1
ISIC_0000533,0
ISIC_0000547,0
ISIC_0000548,0
ISIC_0000549,0
ISIC_0000551,0
ISIC_0000552,0
ISIC_0000553,0
ISIC_0000554,0
ISIC_0000555,0
ISIC_0001100,0
ISIC_0001101,0
ISIC_0001102,0
ISIC_0001103,0
ISIC_0001104,0
ISIC_0001105,0
ISIC_0001106,0
ISIC_0001107,0
ISIC_0001108,0
ISIC_0001109,0
ISIC_0001110,0
ISIC_0001111,1
ISIC_0001113,1
ISIC_0001114,0
ISIC_0001116,0
ISIC_0001117,1
ISIC_0001118,0
ISIC_0001119,0
ISIC_0001120,0
ISIC_0001121,0
ISIC_0001122,1
ISIC_0001123,0
ISIC_0001124,0
ISIC_0001125,0
ISIC_0001126,0
ISIC_0001127,0
ISIC_0001128,0
ISIC_0001130,1
ISIC_0001131,0
ISIC_0001132,0
ISIC_0001133,0
ISIC_0001134,0
ISIC_0001135,0
ISIC_0001136,0
ISIC_0001137,0
ISIC_0001138,0
ISIC_0001139,0
ISIC_0001140,0
ISIC_0001141,0
ISIC_0001142,0
ISIC_0001143,0
ISIC_0001144,0
ISIC_0001145,0
ISIC_0001146,0
ISIC_0001147,0
ISIC_0001148,0
ISIC_0001149,0
ISIC_0001150,0
ISIC_0001151,0
ISIC_0001152,0
ISIC_0001153,0
ISIC_0001154,0
ISIC_0001155,0
ISIC_0001156,1
ISIC_0001157,0
ISIC_0001158,1
ISIC_0001159,0
ISIC_0009868,0
ISIC_0009869,0
ISIC_0009870,0
ISIC_0009871,0
ISIC_0009872,0
ISIC_0009873,0
ISIC_0009874,0
ISIC_0009875,0
ISIC_0009877,0
ISIC_0009878,0
ISIC_0009879,0
ISIC_0009880,0
ISIC_0009881,0
ISIC_0009882,0
ISIC_0009884,0
ISIC_0009890,0
ISIC_0009891,0
ISIC_0009895,0
ISIC_0009896,0
ISIC_0009898,0
ISIC_0009900,0
ISIC_0009905,0
ISIC_0009906,0
ISIC_0009912,0
ISIC_0009913,0
ISIC_0009914,0
ISIC_0009915,0
ISIC_0009916,0
ISIC_0009918,0
ISIC_0009919,0
ISIC_0009920,0
ISIC_0009921,0
ISIC_0009924,0
ISIC_0009926,0
ISIC_0009927,0
ISIC_0009928,0
ISIC_0009934,0
ISIC_0009935,0
ISIC_0009936,0
ISIC_0009937,0
ISIC_0009938,0
ISIC_0009940,0
ISIC_0009941,0
ISIC_0009943,0
ISIC_0009945,0
ISIC_0009949,0
ISIC_0009950,0
ISIC_0009951,0
ISIC_0009955,0
ISIC_0009957,0
ISIC_0009958,0
ISIC_0009960,0
ISIC_0009961,0
ISIC_0009963,0
ISIC_0009964,0
ISIC_0009965,0
ISIC_0009966,0
ISIC_0009967,0
ISIC_0009968,0
ISIC_0009969,0
ISIC_0009970,0
ISIC_0009971,0
ISIC_0009973,0
ISIC_0009975,0
ISIC_0009976,0
ISIC_0009981,0
ISIC_0009982,0
ISIC_0009983,0
ISIC_0009986,0
ISIC_0009987,0
ISIC_0009988,0
ISIC_0009990,0
ISIC_0009993,0
ISIC_0009997,0
ISIC_0009998,0
ISIC_0009999,0
ISIC_0010000,0
ISIC_0010002,0
ISIC_0010007,0
ISIC_0010008,0
ISIC_0010011,0
ISIC_0010012,0
ISIC_0010013,0
ISIC_0010014,0
ISIC_0010016,0
ISIC_0010018,0
ISIC_0010019,0
ISIC_0010020,0
ISIC_0010021,0
ISIC_0010023,0
ISIC_0010024,0
ISIC_0010026,0
ISIC_0010028,0
ISIC_0010029,0
ISIC_0010030,0
ISIC_0010031,0
ISIC_0010032,0
ISIC_0010034,0
ISIC_0010036,0
ISIC_0010037,0
ISIC_0010038,0
ISIC_0010039,0
ISIC_0010040,0
ISIC_0010042,0
ISIC_0010043,0
ISIC_0010044,0
ISIC_0010045,0
ISIC_0010046,0
ISIC_0010049,0
ISIC_0010050,0
ISIC_0010053,0
ISIC_0010054,0
ISIC_0010055,0
ISIC_0010056,0
ISIC_0010057,0
ISIC_0010058,0
ISIC_0010059,0
ISIC_0010060,0
ISIC_0010061,0
ISIC_0010064,0
ISIC_0010066,0
ISIC_0010067,0
ISIC_0010070,0
ISIC_0010072,0
ISIC_0010073,0
ISIC_0010074,0
ISIC_0010075,0
ISIC_0010077,0
ISIC_0010079,0
ISIC_0010080,0
ISIC_0010081,0
ISIC_0010082,0
ISIC_0010087,0
ISIC_0010088,0
ISIC_0010089,0
ISIC_0010092,0
ISIC_0010094,0
ISIC_0010098,0
ISIC_0010099,0
ISIC_0010100,0
ISIC_0010101,0
ISIC_0010102,0
ISIC_0010104,0
ISIC_0010105,0
ISIC_0010106,0
ISIC_0010107,0
ISIC_0010110,0
ISIC_0010115,0
ISIC_0010116,0
ISIC_0010117,0
ISIC_0010118,0
ISIC_0010119,0
ISIC_0010120,0
ISIC_0010121,0
ISIC_0010124,0
ISIC_0010127,0
ISIC_0010130,0
ISIC_0010131,0
ISIC_0010136,0
ISIC_0010137,0
ISIC_0010138,0
ISIC_0010140,0
ISIC_0010142,0
ISIC_0010144,0
ISIC_0010145,0
ISIC_0010146,0
ISIC_0010147,0
ISIC_0010148,0
ISIC_0010159,0
ISIC_0010160,0
ISIC_0010161,0
ISIC_0010162,0
ISIC_0010164,0
ISIC_0010165,0
ISIC_0010167,0
ISIC_0010168,0
ISIC_0010171,0
ISIC_0010174,0
ISIC_0010178,0
ISIC_0010179,0
ISIC_0010182,0
ISIC_0010183,0
ISIC_0010184,0
ISIC_0010185,0
ISIC_0010186,0
ISIC_0010189,0
ISIC_0010191,0
ISIC_0010194,0
ISIC_0010196,0
ISIC_0010197,0
ISIC_0010198,0
ISIC_0010200,0
ISIC_0010204,0
ISIC_0010205,0
ISIC_0010206,0
ISIC_0010207,0
ISIC_0010208,0
ISIC_0010210,0
ISIC_0010212,0
ISIC_0010219,0
ISIC_0010220,0
ISIC_0010221,0
ISIC_0010225,0
ISIC_0010226,0
ISIC_0010231,0
ISIC_0010234,0
ISIC_0010235,0
ISIC_0010236,0
ISIC_0010237,0
ISIC_0010239,0
ISIC_0010240,0
ISIC_0010241,0
ISIC_0010243,0
ISIC_0010244,0
ISIC_0010245,0
ISIC_0010246,0
ISIC_0010247,0
ISIC_0010248,0
ISIC_0010250,0
ISIC_0010251,0
ISIC_0010252,0
ISIC_0010257,0
ISIC_0010258,0
ISIC_0010261,0
ISIC_0010262,0
ISIC_0010263,0
ISIC_0010264,0
ISIC_0010265,0
ISIC_0010268,0
ISIC_0010269,0
ISIC_0010270,0
ISIC_0010271,0
ISIC_0010273,0
ISIC_0010280,0
ISIC_0010283,0
ISIC_0010287,0
ISIC_0010288,0
ISIC_0010294,0
ISIC_0010295,0
ISIC_0010296,0
ISIC_0010297,0
ISIC_0010298,0
ISIC_0010299,0
ISIC_0010300,0
ISIC_0010303,0
ISIC_0010311,0
ISIC_0010313,0
ISIC_0010318,0
ISIC_0010319,0
ISIC_0010321,0
ISIC_0010322,0
ISIC_0010324,0
ISIC_0010327,0
ISIC_0010328,0
ISIC_0010330,0
ISIC_0010332,0
ISIC_0010336,0
ISIC_0010340,0
ISIC_0010342,0
ISIC_0010343,0
ISIC_0010344,0
ISIC_0010345,0
ISIC_0010346,0
ISIC_0010347,0
ISIC_0010348,0
ISIC_0010350,0
ISIC_0010351,0
ISIC_0010352,0
ISIC_0010357,0
ISIC_0010358,0
ISIC_0010360,0
ISIC_0010362,0
ISIC_0010364,0
ISIC_0010365,0
ISIC_0010366,0
ISIC_0010367,0
ISIC_0010368,0
ISIC_0010369,0
ISIC_0010371,0
ISIC_0010372,0
ISIC_0010373,0
ISIC_0010375,0
ISIC_0010380,0
ISIC_0010382,0
ISIC_0010383,0
ISIC_0010386,0
ISIC_0010389,0
ISIC_0010392,0
ISIC_0010393,0
ISIC_0010394,0
ISIC_0010396,0
ISIC_0010397,0
ISIC_0010398,0
ISIC_0010400,0
ISIC_0010401,0
ISIC_0010402,0
ISIC_0010403,0
ISIC_0010405,0
ISIC_0010407,0
ISIC_0010409,0
ISIC_0010410,0
ISIC_0010412,0
ISIC_0010413,0
ISIC_0010415,0
ISIC_0010417,0
ISIC_0010418,0
ISIC_0010419,0
ISIC_0010420,0
ISIC_0010421,0
ISIC_0010424,0
ISIC_0010425,0
ISIC_0010426,0
ISIC_0010427,0
ISIC_0010428,0
ISIC_0010430,0
ISIC_0010431,0
ISIC_0010432,0
ISIC_0010433,0
ISIC_0010434,0
ISIC_0010435,0
ISIC_0010439,0
ISIC_0010440,0
ISIC_0010441,0
ISIC_0010442,0
ISIC_0010443,0
ISIC_0010446,0
ISIC_0010447,0
ISIC_0010448,0
ISIC_0010449,0
ISIC_0010456,0
ISIC_0010461,0
ISIC_0010462,0
ISIC_0010463,0
ISIC_0010465,0
ISIC_0010466,0
ISIC_0010467,0
ISIC_0010468,0
ISIC_0010469,0
ISIC_0010470,0
ISIC_0010473,0
ISIC_0010475,0
ISIC_0010476,0
ISIC_0010477,0
ISIC_0010480,0
ISIC_0010482,0
ISIC_0010483,0
ISIC_0010484,0
ISIC_0010486,0
ISIC_0010487,0
ISIC_0010488,0
ISIC_0010489,0
ISIC_0010490,0
ISIC_0010495,0
ISIC_0010497,0
ISIC_0010498,0
ISIC_0010500,0
ISIC_0010501,0
ISIC_0010504,0
ISIC_0010505,0
ISIC_0010506,0
ISIC_0010507,0
ISIC_0010508,0
ISIC_0010509,0
ISIC_0010510,0
ISIC_0010512,0
ISIC_0010513,0
ISIC_0010514,0
ISIC_0010515,0
ISIC_0010518,0
ISIC_0010519,0
ISIC_0010520,0
ISIC_0010524,0
ISIC_0010527,0
ISIC_0010528,0
ISIC_0010532,0
ISIC_0010535,0
ISIC_0010542,0
ISIC_0010543,0
ISIC_0010544,0
ISIC_0010547,0
ISIC_0010549,0
ISIC_0010550,0
ISIC_0010551,0
ISIC_0010555,0
ISIC_0010556,0
ISIC_0010557,0
ISIC_0010558,0
ISIC_0010559,0
ISIC_0010562,0
ISIC_0010563,0
ISIC_0010564,0
ISIC_0010565,0
ISIC_0010567,0
ISIC_0010568,0
ISIC_0010569,0
ISIC_0010573,0
ISIC_0010574,0
ISIC_0010575,0
ISIC_0010576,0
ISIC_0010577,0
ISIC_0010579,0
ISIC_0010581,0
ISIC_0010582,0
ISIC_0010583,0
ISIC_0010586,0
ISIC_0010587,0
ISIC_0010589,0
ISIC_0010590,0
ISIC_0010591,0
ISIC_0010592,0
ISIC_0010593,0
ISIC_0010596,0
ISIC_0010597,0
ISIC_0010598,0
ISIC_0010601,0
ISIC_0010603,0
ISIC_0010604,0
ISIC_0010605,0
ISIC_0010606,0
ISIC_0010607,0
ISIC_0010608,0
ISIC_0010609,0
ISIC_0010611,0
ISIC_0010612,0
ISIC_0010613,0
ISIC_0010617,0
ISIC_0010618,0
ISIC_0010619,0
ISIC_0010623,0
ISIC_0010624,0
ISIC_0010627,0
ISIC_0010631,0
ISIC_0010633,0
ISIC_0010634,0
ISIC_0010637,0
ISIC_0010638,0
ISIC_0010639,0
ISIC_0010640,0
ISIC_0010641,0
ISIC_0010644,0
ISIC_0010645,0
ISIC_0010646,0
ISIC_0010648,0
ISIC_0010651,0
ISIC_0010653,0
ISIC_0010654,0
ISIC_0010655,0
ISIC_0010656,0
ISIC_0010658,0
ISIC_0010659,0
ISIC_0010660,0
ISIC_0010661,0
ISIC_0010665,0
ISIC_0010666,0
ISIC_0010667,0
ISIC_0010668,0
ISIC_0010669,0
ISIC_0010671,0
ISIC_0010673,0
ISIC_0010674,0
ISIC_0010675,0
ISIC_0010676,0
ISIC_0010677,0
ISIC_0010678,0
ISIC_0010679,0
ISIC_0010681,0
ISIC_0010682,0
ISIC_0010683,0
ISIC_0010684,0
ISIC_0010687,0
ISIC_0010688,0
ISIC_0010692,0
ISIC_0010693,0
ISIC_0010695,0
ISIC_0010697,0
ISIC_0010700,0
ISIC_0010701,0
ISIC_0010702,0
ISIC_0010703,0
ISIC_0010704,0
ISIC_0010705,0
ISIC_0010706,0
ISIC_0010707,0
ISIC_0010708,0
ISIC_0010709,0
ISIC_0010714,0
ISIC_0010715,0
ISIC_0010716,0
ISIC_0010721,0
ISIC_0010722,0
ISIC_0010723,0
ISIC_0010724,0
ISIC_0010725,0
ISIC_0010726,0
ISIC_0010728,0
ISIC_0010729,0
ISIC_0010733,0
ISIC_0010734,0
ISIC_0010739,0
ISIC_0010740,0
ISIC_0010741,0
ISIC_0010742,0
ISIC_0010743,0
ISIC_0010747,0
ISIC_0010748,0
ISIC_0010749,0
ISIC_0010750,0
ISIC_0010755,0
ISIC_0010756,0
ISIC_0010757,0
ISIC_0010759,0
ISIC_0010760,0
ISIC_0010762,0
ISIC_0010764,0
ISIC_0010765,0
ISIC_0010766,0
ISIC_0010770,0
ISIC_0010772,0
ISIC_0010773,0
ISIC_0010776,0
ISIC_0010777,0
ISIC_0010779,0
ISIC_0010780,0
ISIC_0010781,0
ISIC_0010782,0
ISIC_0010784,0
ISIC_0010785,0
ISIC_0010786,0
ISIC_0010789,0
ISIC_0010790,0
ISIC_0010791,0
ISIC_0010792,0
ISIC_0010795,0
ISIC_0010798,0
ISIC_0010802,0
ISIC_0010803,0
ISIC_0010804,0
ISIC_0010808,0
ISIC_0010809,0
ISIC_0010810,0
ISIC_0010811,0
ISIC_0010814,0
ISIC_0010815,0
ISIC_0010818,0
ISIC_0010819,0
ISIC_0010820,0
ISIC_0010821,0
ISIC_0010822,0
ISIC_0010823,0
ISIC_0010825,0
ISIC_0010828,0
ISIC_0010830,0
ISIC_0010831,0
ISIC_0010834,0
ISIC_0010846,0
ISIC_0010852,0
ISIC_0010853,0
ISIC_0010854,0
ISIC_0010856,0
ISIC_0010857,0
ISIC_0010858,0
ISIC_0010860,0
ISIC_0010862,0
ISIC_0010863,0
ISIC_0010865,0
ISIC_0010866,0
ISIC_0010868,0
ISIC_0010869,0
ISIC_0010870,0
ISIC_0010872,0
ISIC_0010875,0
ISIC_0010876,0
ISIC_0010877,0
ISIC_0010878,0
ISIC_0010883,0
ISIC_0010887,0
ISIC_0010888,0
ISIC_0010889,0
ISIC_0010890,0
ISIC_0010891,0
ISIC_0010892,0
ISIC_0010894,0
ISIC_0010897,0
ISIC_0010898,0
ISIC_0010900,0
ISIC_0010902,0
ISIC_0010903,0
ISIC_0010907,0
ISIC_0010911,0
ISIC_0010912,0
ISIC_0010916,0
ISIC_0010917,0
ISIC_0010918,0
ISIC_0010919,0
ISIC_0010920,0
ISIC_0010923,0
ISIC_0010924,0
ISIC_0010926,0
ISIC_0010927,0
ISIC_0010929,0
ISIC_0010930,0
ISIC_0010931,0
ISIC_0010933,0
ISIC_0010937,0
ISIC_0010938,0
ISIC_0010942,0
ISIC_0010943,0
ISIC_0010944,0
ISIC_0010946,0
ISIC_0010947,0
ISIC_0010950,0
ISIC_0010951,0
ISIC_0010952,0
ISIC_0010954,0
ISIC_0010955,0
ISIC_0010956,0
ISIC_0010957,0
ISIC_0010958,0
ISIC_0010959,0
ISIC_0010960,0
ISIC_0010963,0
ISIC_0010964,0
ISIC_0010965,0
ISIC_0010968,0
ISIC_0010970,0
ISIC_0010971,0
ISIC_0010973,0
ISIC_0010974,0
ISIC_0010976,0
ISIC_0010977,0
ISIC_0010978,0
ISIC_0010979,0
ISIC_0010981,0
ISIC_0010982,0
ISIC_0010983,0
ISIC_0010984,0
ISIC_0010989,0
ISIC_0010991,0
ISIC_0010992,0
ISIC_0010993,0
ISIC_0010994,0
ISIC_0010995,0
ISIC_0010996,0
ISIC_0010997,0
ISIC_0010998,0
ISIC_0011000,0
ISIC_0011001,0
ISIC_0011002,0
ISIC_0011003,0
ISIC_0011004,0
ISIC_0011005,0
ISIC_0011006,0
ISIC_0011007,0
ISIC_0011012,0
ISIC_0011014,0
ISIC_0011015,0
ISIC_0011016,0
ISIC_0011017,0
ISIC_0011020,0
ISIC_0011021,0
ISIC_0011022,0
ISIC_0011023,0
ISIC_0011025,0
ISIC_0011027,0
ISIC_0011030,0
ISIC_0011031,0
ISIC_0011038,0
ISIC_0011039,0
ISIC_0011040,0
ISIC_0011042,0
ISIC_0011043,0
ISIC_0011045,0
ISIC_0011047,0
ISIC_0011048,0
ISIC_0011049,0
ISIC_0011050,0
ISIC_0011052,0
ISIC_0011055,0
ISIC_0011057,0
ISIC_0011058,0
ISIC_0011060,0
ISIC_0011062,0
ISIC_0011073,0
ISIC_0011076,0
ISIC_0011077,0
ISIC_0011078,0
ISIC_0011079,0
ISIC_0011082,0
ISIC_0011084,0
ISIC_0011087,0
ISIC_0011089,0
ISIC_0011090,0
ISIC_0011096,0
ISIC_0011097,0
ISIC_0011099,0
ISIC_0011101,0
ISIC_0011102,0
ISIC_0011105,0
ISIC_0011109,0
ISIC_0011110,0
ISIC_0011113,0
ISIC_0011114,0
ISIC_0011115,0
ISIC_0011116,0
ISIC_0011117,0
ISIC_0011118,0
ISIC_0011122,0
ISIC_0011124,0
ISIC_0011127,0
ISIC_0011128,0
ISIC_0011129,0
ISIC_0011130,0
ISIC_0011131,0
ISIC_0011132,0
ISIC_0011133,0
ISIC_0011135,0
ISIC_0011136,0
ISIC_0011137,0
ISIC_0011138,0
ISIC_0011139,0
ISIC_0011140,0
ISIC_0011141,0
ISIC_0011143,0
ISIC_0011148,0
ISIC_0011151,0
ISIC_0011153,0
ISIC_0011154,0
ISIC_0011156,0
ISIC_0011157,0
ISIC_0011158,0
ISIC_0011161,0
ISIC_0011162,0
ISIC_0011163,0
ISIC_0011164,0
ISIC_0011165,0
ISIC_0011166,0
ISIC_0011169,0
ISIC_0011170,0
ISIC_0011171,0
ISIC_0011172,0
ISIC_0011173,0
ISIC_0011176,0
ISIC_0011178,0
ISIC_0011179,0
ISIC_0011181,0
ISIC_0011182,0
ISIC_0011183,0
ISIC_0011184,0
ISIC_0011187,0
ISIC_0011190,0
ISIC_0011191,0
ISIC_0011192,0
ISIC_0011193,0
ISIC_0011195,0
ISIC_0011196,0
ISIC_0011197,0
ISIC_0011198,0
ISIC_0011201,0
ISIC_0011204,0
ISIC_0011205,0
ISIC_0011207,0
ISIC_0011208,0
ISIC_0011209,0
ISIC_0011211,0
ISIC_0011212,0
ISIC_0011213,0
ISIC_0011215,0
ISIC_0011216,0
ISIC_0011217,0
ISIC_0011220,0
ISIC_0011221,0
ISIC_0011222,0
ISIC_0011223,0
ISIC_0011224,0
ISIC_0011225,0
ISIC_0011227,0
ISIC_0011230,0
ISIC_0011232,0
ISIC_0011233,0
ISIC_0011234,0
ISIC_0011235,0
ISIC_0011236,0
ISIC_0011237,0
ISIC_0011238,0
ISIC_0011239,0
ISIC_0011240,0
ISIC_0011241,0
ISIC_0011243,0
ISIC_0011245,0
ISIC_0011247,0
ISIC_0011248,0
ISIC_0011249,0
ISIC_0011250,0
ISIC_0011251,0
ISIC_0011254,0
ISIC_0011255,0
ISIC_0011256,0
ISIC_0011258,0
ISIC_0011259,0
ISIC_0011261,0
ISIC_0011262,0
ISIC_0011263,0
ISIC_0011264,0
ISIC_0011265,0
ISIC_0011267,0
ISIC_0011268,0
ISIC_0011269,0
ISIC_0011272,0
ISIC_0011273,0
ISIC_0011275,0
ISIC_0011282,0
ISIC_0011284,0
ISIC_0011287,0
ISIC_0011290,0
ISIC_0011291,0
ISIC_0011293,0
ISIC_0011294,0
ISIC_0011296,0
ISIC_0011299,0
ISIC_0011301,0
ISIC_0011305,0
ISIC_0011306,0
ISIC_0011310,0
ISIC_0011314,0
ISIC_0011315,0
ISIC_0011317,0
ISIC_0011320,0
ISIC_0011321,0
ISIC_0011322,0
ISIC_0011323,0
ISIC_0011324,0
ISIC_0011330,0
ISIC_0011335,0
ISIC_0011336,0
ISIC_0011337,0
ISIC_0011338,0
ISIC_0011341,0
ISIC_0011342,0
ISIC_0011343,0
ISIC_0011345,0
ISIC_0011346,0
ISIC_0011348,0
ISIC_0011350,0
ISIC_0011352,0
ISIC_0011356,0
ISIC_0011362,0
ISIC_0011363,0
ISIC_0011366,0
ISIC_0011367,0
ISIC_0011370,0
ISIC_0011373,0
ISIC_0011374,0
ISIC_0011375,0
ISIC_0011376,0
ISIC_0011378,0
ISIC_0011379,0
ISIC_0011381,0
ISIC_0011382,0
ISIC_0011383,0
ISIC_0011387,0
ISIC_0011388,0
ISIC_0011389,0
ISIC_0011390,0
ISIC_0011391,0
ISIC_0011394,0
ISIC_0011395,0
ISIC_0011397,0
ISIC_0011399,0
ISIC_0011400,0
ISIC_0011403,0
ISIC_0011404,0
ISIC_0011405,0
ISIC_0011406,0
ISIC_0011408,0
ISIC_0011410,0
ISIC_0011412,0
ISIC_0011414,0
ISIC_0011416,0
ISIC_0011420,0
ISIC_0011428,0
ISIC_0011429,0
ISIC_0011430,0
ISIC_0011431,0
ISIC_0011432,0
ISIC_0011433,0
ISIC_0011434,0
ISIC_0011435,0
ISIC_0011437,0
ISIC_0011438,0
ISIC_0011439,0
ISIC_0011440,0
ISIC_0011450,0
ISIC_0011451,0
ISIC_0011454,0
ISIC_0011456,0
ISIC_0011458,0
ISIC_0011460,0
ISIC_0011463,0
ISIC_0011464,0
ISIC_0011467,0
ISIC_0011468,0
ISIC_0011471,0
ISIC_0011474,0
ISIC_0011477,0
ISIC_0011478,0
ISIC_0011479,0
ISIC_0011480,0
ISIC_0011481,0
ISIC_0011482,0
ISIC_0011483,0
ISIC_0011484,0
ISIC_0011485,0
ISIC_0011486,0
ISIC_0011487,0
ISIC_0011488,0
ISIC_0011489,0
ISIC_0011490,0
ISIC_0011491,0
ISIC_0011492,0
ISIC_0011493,0
ISIC_0011494,0
ISIC_0011501,0
ISIC_0011503,0
ISIC_0011504,0
ISIC_0011505,0
ISIC_0011506,0
ISIC_0011507,0
ISIC_0011508,0
ISIC_0011511,0
ISIC_0011514,0
ISIC_0011515,0
ISIC_0011516,0
ISIC_0011517,0
ISIC_0011518,0
ISIC_0011519,0
ISIC_0011520,0
ISIC_0011525,0
ISIC_0011526,0
ISIC_0011527,0
ISIC_0011528,0
ISIC_0011529,0
ISIC_0011530,0
ISIC_0011531,0
ISIC_0011533,0
ISIC_0011534,0
ISIC_0011535,0
ISIC_0011536,0
ISIC_0011537,0
ISIC_0011538,0
ISIC_0011544,0
ISIC_0011545,0
ISIC_0011546,0
ISIC_0011547,0
ISIC_0011552,0
ISIC_0011554,0
ISIC_0011555,0
ISIC_0011559,0
ISIC_0011560,0
ISIC_0011561,0
ISIC_0011563,0
ISIC_0011564,0
ISIC_0011565,0
ISIC_0011566,0
ISIC_0011567,0
ISIC_0011568,0
ISIC_0011571,0
ISIC_0011572,0
ISIC_0011575,0
ISIC_0011576,0
ISIC_0011579,0
ISIC_0011580,0
ISIC_0011584,0
ISIC_0011585,0
ISIC_0011588,0
ISIC_0011589,0
ISIC_0011590,0
ISIC_0011591,0
ISIC_0011594,0
ISIC_0011595,0
ISIC_0011599,0
ISIC_0011601,0
ISIC_0011602,0
ISIC_0011605,0
ISIC_0011609,0
ISIC_0011610,0
ISIC_0011611,0
ISIC_0011612,0
ISIC_0011613,0
ISIC_0011614,0
ISIC_0011615,0
ISIC_0011616,0
ISIC_0011618,0
ISIC_0011619,0
ISIC_0011620,0
ISIC_0011622,0
ISIC_0011626,0
ISIC_0011627,0
ISIC_0011628,0
ISIC_0011630,0
ISIC_0011632,1
ISIC_0011633,0
ISIC_0011634,0
ISIC_0011635,0
ISIC_0011636,0
ISIC_0011639,0
ISIC_0011640,0
ISIC_0011641,0
ISIC_0011642,0
ISIC_0011643,0
ISIC_0011644,0
ISIC_0011646,0
ISIC_0011647,0
ISIC_0011648,0
ISIC_0011649,0
ISIC_0011650,0
ISIC_0011651,0
ISIC_0011652,0
ISIC_0011655,0
ISIC_0011656,0
ISIC_0011659,0
ISIC_0011663,0
ISIC_0011664,0
ISIC_0011665,0
ISIC_0011666,0
ISIC_0011667,0
ISIC_0011669,0
ISIC_0011670,0
ISIC_0011672,0
ISIC_0011674,0
ISIC_0011675,0
ISIC_0011676,0
ISIC_0011677,0
ISIC_0011678,0
ISIC_0011679,0
ISIC_0011684,0
ISIC_0011685,0
ISIC_0011686,0
ISIC_0011689,0
ISIC_0011690,0
ISIC_0011691,0
ISIC_0011692,0
ISIC_0011693,0
ISIC_0011694,0
ISIC_0011695,0
ISIC_0011696,0
ISIC_0011697,0
ISIC_0011698,0
ISIC_0011699,0
ISIC_0011700,0
ISIC_0011701,0
ISIC_0011702,0
ISIC_0011703,0
ISIC_0011704,0
ISIC_0011705,0
ISIC_0011707,0
ISIC_0011708,0
ISIC_0011709,0
ISIC_0011710,0
ISIC_0011715,0
ISIC_0011717,0
ISIC_0011718,0
ISIC_0011719,0
ISIC_0011720,0
ISIC_0011721,0
ISIC_0011722,0
ISIC_0011726,0
ISIC_0011727,0
ISIC_0011728,0
ISIC_0011729,0
ISIC_0011730,0
ISIC_0011731,0
ISIC_0011732,0
ISIC_0011733,0
ISIC_0011734,0
ISIC_0011736,0
ISIC_0011737,0
ISIC_0011738,0
ISIC_0011739,0
ISIC_0011740,0
ISIC_0011741,0
ISIC_0011742,0
ISIC_0011743,0
ISIC_0011744,0
ISIC_0011746,0
ISIC_0011748,0
ISIC_0011750,0
ISIC_0011751,0
ISIC_0011757,0
ISIC_0011758,0
ISIC_0011759,0
ISIC_0011761,0
ISIC_0011762,0
ISIC_0011763,0
ISIC_0011764,0
ISIC_0011768,0
ISIC_0011769,0
ISIC_0011770,0
ISIC_0011771,0
ISIC_0011772,0
ISIC_0011773,0
ISIC_0011774,0
ISIC_0011777,0
ISIC_0011778,0
ISIC_0011779,0
ISIC_0011780,0
ISIC_0011782,0
ISIC_0011783,0
ISIC_0011784,0
ISIC_0011785,0
ISIC_0011787,0
ISIC_0011788,0
ISIC_0011791,0
ISIC_0011792,0
ISIC_0011794,0
ISIC_0011797,0
ISIC_0011798,0
ISIC_0011799,0
ISIC_0011800,0
ISIC_0011801,0
ISIC_0011802,0
ISIC_0011803,0
ISIC_0011804,0
ISIC_0011805,0
ISIC_0011807,0
ISIC_0011808,0
ISIC_0011809,1
ISIC_0011810,0
ISIC_0011811,0
ISIC_0011812,0
ISIC_0011814,0
ISIC_0011822,0
ISIC_0011823,0
ISIC_0011824,0
ISIC_0011826,0
ISIC_0011827,0
ISIC_0011829,0
ISIC_0011830,0
ISIC_0011831,0
ISIC_0011832,0
ISIC_0011835,0
ISIC_0011836,0
ISIC_0011837,0
ISIC_0011838,0
ISIC_0011839,0
ISIC_0011840,0
ISIC_0011841,1
ISIC_0011845,0
ISIC_0011846,0
ISIC_0011847,0
ISIC_0011848,0
ISIC_0011853,0
ISIC_0011855,0
ISIC_0011856,0
ISIC_0011857,0
ISIC_0011858,0
ISIC_0011864,0
ISIC_0011865,0
ISIC_0011867,0
ISIC_0011868,0
ISIC_0011869,0
ISIC_0011870,0
ISIC_0011872,0
ISIC_0011873,0
ISIC_0011874,0
ISIC_0011875,0
ISIC_0011876,0
ISIC_0011877,0
ISIC_0011878,0
ISIC_0011879,0
ISIC_0011880,0
ISIC_0011881,0
ISIC_0011883,0
ISIC_0011884,0
ISIC_0011885,0
ISIC_0011886,0
ISIC_0011888,0
ISIC_0011892,0
ISIC_0011893,0
ISIC_0011895,0
ISIC_0011896,0
ISIC_0011898,0
ISIC_0011899,0
ISIC_0011900,0
ISIC_0011904,0
ISIC_0011905,0
ISIC_0011906,0
ISIC_0011908,0
ISIC_0011909,0
ISIC_0011910,0
ISIC_0011911,0
ISIC_0011912,0
ISIC_0011913,0
ISIC_0011914,0
ISIC_0011915,0
ISIC_0011916,0
ISIC_0011917,0
ISIC_0011918,0
ISIC_0011919,0
ISIC_0011920,0
ISIC_0011921,0
ISIC_0011922,0
ISIC_0011923,0
ISIC_0011924,0
ISIC_0011925,0
ISIC_0011926,0
ISIC_0011927,0
ISIC_0011928,0
ISIC_0011930,0
ISIC_0011931,0
ISIC_0011932,0
ISIC_0011933,0
ISIC_0011934,0
ISIC_0011935,0
ISIC_0011938,0
ISIC_0011939,0
ISIC_0011940,0
ISIC_0011943,0
ISIC_0011944,0
ISIC_0011945,0
ISIC_0011946,0
ISIC_0011947,0
ISIC_0011948,0
ISIC_0011949,0
ISIC_0011950,0
ISIC_0011951,0
ISIC_0011952,0
ISIC_0011953,0
ISIC_0011956,0
ISIC_0011957,0
ISIC_0011958,0
ISIC_0011959,0
ISIC_0011960,0
ISIC_0011961,0
ISIC_0011962,0
ISIC_0011963,0
ISIC_0011964,0
ISIC_0011965,0
ISIC_0011968,0
ISIC_0011969,0
ISIC_0011972,0
ISIC_0011975,0
ISIC_0011976,0
ISIC_0011977,0
ISIC_0011978,0
ISIC_0011979,0
ISIC_0011980,0
ISIC_0011981,0
ISIC_0011982,0
ISIC_0011984,0
ISIC_0011987,0
ISIC_0011988,0
ISIC_0011990,0
ISIC_0011991,0
ISIC_0011992,0
ISIC_0011995,0
ISIC_0011996,0
ISIC_0011998,0
ISIC_0012000,0
ISIC_0012001,0
ISIC_0012002,0
ISIC_0012005,0
ISIC_0012006,0
ISIC_0012007,0
ISIC_0012009,0
ISIC_0012013,0
ISIC_0012021,0
ISIC_0012022,0
ISIC_0012024,0
ISIC_0012029,0
ISIC_0012030,0
ISIC_0012031,0
ISIC_0012032,0
ISIC_0012033,0
ISIC_0012034,0
ISIC_0012035,0
ISIC_0012039,0
ISIC_0012040,0
ISIC_0012041,0
ISIC_0012042,0
ISIC_0012044,0
ISIC_0012047,0
ISIC_0012048,0
ISIC_0012049,0
ISIC_0012050,0
ISIC_0012051,0
ISIC_0012052,0
ISIC_0012053,0
ISIC_0012058,0
ISIC_0012059,0
ISIC_0012060,0
ISIC_0012061,0
ISIC_0012062,0
ISIC_0012063,0
ISIC_0012066,0
ISIC_0012069,0
ISIC_0012075,0
ISIC_0012078,0
ISIC_0012079,0
ISIC_0012080,0
ISIC_0012081,0
ISIC_0012082,0
ISIC_0012083,0
ISIC_0012085,0
ISIC_0012086,1
ISIC_0012087,1
ISIC_0012088,1
ISIC_0012089,1
ISIC_0012090,1
ISIC_0012091,1
ISIC_0012092,1
ISIC_0012093,1
ISIC_0012094,2
ISIC_0012095,2
ISIC_0012096,2
ISIC_0012097,1
ISIC_0012099,1
ISIC_0012102,1
ISIC_0012103,1
ISIC_0012104,1
ISIC_0012105,1
ISIC_0012108,1
ISIC_0012109,1
ISIC_0012112,1
ISIC_0012113,1
ISIC_0012114,1
ISIC_0012115,1
ISIC_0012116,1
ISIC_0012117,1
ISIC_0012118,1
ISIC_0012119,1
ISIC_0012122,2
ISIC_0012123,2
ISIC_0012126,2
ISIC_0012128,2
ISIC_0012129,2
ISIC_0012130,2
ISIC_0012131,2
ISIC_0012133,2
ISIC_0012134,2
ISIC_0012135,2
ISIC_0012136,2
ISIC_0012137,2
ISIC_0012138,2
ISIC_0012139,2
ISIC_0012140,2
ISIC_0012141,2
ISIC_0012143,2
ISIC_0012144,2
ISIC_0012145,2
ISIC_0012146,2
ISIC_0012150,2
ISIC_0012151,2
ISIC_0012152,2
ISIC_0012154,2
ISIC_0012155,2
ISIC_0012156,2
ISIC_0012158,2
ISIC_0012159,2
ISIC_0012160,2
ISIC_0012162,2
ISIC_0012163,2
ISIC_0012164,2
ISIC_0012165,2
ISIC_0012166,2
ISIC_0012168,2
ISIC_0012170,2
ISIC_0012171,2
ISIC_0012172,-1
ISIC_0012173,2
ISIC_0012175,2
ISIC_0012176,2
ISIC_0012177,2
ISIC_0012179,0
ISIC_0012180,2
ISIC_0012181,2
ISIC_0012182,2
ISIC_0012184,1
ISIC_0012185,1
ISIC_0012188,2
ISIC_0012189,2
ISIC_0012190,2
ISIC_0012192,2
ISIC_0012194,2
ISIC_0012195,2
ISIC_0012196,2
ISIC_0012198,1
ISIC_0012199,2
ISIC_0012201,2
ISIC_0012203,2
ISIC_0012205,2
ISIC_0012206,2
ISIC_0012208,2
ISIC_0012209,0
ISIC_0012210,2
ISIC_0012211,2
ISIC_0012212,2
ISIC_0012213,2
ISIC_0012214,2
ISIC_0012215,2
ISIC_0012216,2
ISIC_0012217,2
ISIC_0012218,2
ISIC_0012219,1
ISIC_0012220,2
ISIC_0012221,2
ISIC_0012222,2
ISIC_0012223,1
ISIC_0012225,1
ISIC_0012226,1
ISIC_0012227,1
ISIC_0012228,1
ISIC_0012230,1
ISIC_0012232,1
ISIC_0012233,1
ISIC_0012235,1
ISIC_0012236,1
ISIC_0012237,1
ISIC_0012238,1
ISIC_0012239,1
ISIC_0012240,1
ISIC_0012241,1
ISIC_0012242,1
ISIC_0012243,1
ISIC_0012244,2
ISIC_0012245,1
ISIC_0012246,1
ISIC_0012248,2
ISIC_0012251,2
ISIC_0012252,2
ISIC_0012253,2
ISIC_0012254,1
ISIC_0012255,2
ISIC_0012256,1
ISIC_0012257,2
ISIC_0012258,2
ISIC_0012259,2
ISIC_0012260,1
ISIC_0012261,1
ISIC_0012262,1
ISIC_0012263,1
ISIC_0012265,1
ISIC_0012266,2
ISIC_0012267,1
ISIC_0012268,1
ISIC_0012269,1
ISIC_0012270,1
ISIC_0012271,1
ISIC_0012272,1
ISIC_0012273,2
ISIC_0012274,2
ISIC_0012275,1
ISIC_0012276,2
ISIC_0012279,1
ISIC_0012280,2
ISIC_0012281,2
ISIC_0012282,1
ISIC_0012284,2
ISIC_0012288,1
ISIC_0012289,1
ISIC_0012290,1
ISIC_0012291,1
ISIC_0012292,2
ISIC_0012294,2
ISIC_0012298,2
ISIC_0012299,2
ISIC_0012301,2
ISIC_0012302,1
ISIC_0012303,2
ISIC_0012305,0
ISIC_0012306,2
ISIC_0012308,2
ISIC_0012309,1
ISIC_0012310,2
ISIC_0012311,2
ISIC_0012312,1
ISIC_0012313,2
ISIC_0012315,1
ISIC_0012316,2
ISIC_0012317,2
ISIC_0012318,1
ISIC_0012319,1
ISIC_0012320,2
ISIC_0012321,2
ISIC_0012322,1
ISIC_0012325,2
ISIC_0012327,2
ISIC_0012328,1
ISIC_0012329,1
ISIC_0012332,1
ISIC_0012333,1
ISIC_0012334,2
ISIC_0012335,2
ISIC_0012336,1
ISIC_0012337,2
ISIC_0012338,2
ISIC_0012340,1
ISIC_0012341,2
ISIC_0012344,1
ISIC_0012346,2
ISIC_0012347,2
ISIC_0012348,2
ISIC_0012353,2
ISIC_0012355,2
ISIC_0012356,2
ISIC_0012357,2
ISIC_0012358,2
ISIC_0012359,2
ISIC_0012360,2
ISIC_0012361,2
ISIC_0012362,1
ISIC_0012363,1
ISIC_0012364,2
ISIC_0012366,1
ISIC_0012367,2
ISIC_0012369,2
ISIC_0012370,2
ISIC_0012373,1
ISIC_0012374,1
ISIC_0012375,2
ISIC_0012376,1
ISIC_0012378,2
ISIC_0012379,2
ISIC_0012380,2
ISIC_0012382,2
ISIC_0012383,1
ISIC_0012384,1
ISIC_0012385,1
ISIC_0012386,2
ISIC_0012389,1
ISIC_0012390,2
ISIC_0012391,2
ISIC_0012392,2
ISIC_0012397,2
ISIC_0012400,1
ISIC_0012402,2
ISIC_0012404,1
ISIC_0012405,1
ISIC_0012406,2
ISIC_0012407,2
ISIC_0012408,2
ISIC_0012410,1
ISIC_0012413,2
ISIC_0012414,1
ISIC_0012415,2
ISIC_0012416,1
ISIC_0012417,1
ISIC_0012418,1
ISIC_0012420,2
ISIC_0012421,1
ISIC_0012422,1
ISIC_0012423,2
ISIC_0012424,2
ISIC_0012425,1
ISIC_0012426,2
ISIC_0012427,2
ISIC_0012428,1
ISIC_0012429,0
ISIC_0012431,1
ISIC_0012434,2
ISIC_0012435,2
ISIC_0012436,2
ISIC_0012438,2
ISIC_0012439,1
ISIC_0012440,1
ISIC_0012441,2
ISIC_0012444,2
ISIC_0012445,1
ISIC_0012446,1
ISIC_0012448,2
ISIC_0012450,1
ISIC_0012451,1
ISIC_0012452,2
ISIC_0012453,2
ISIC_0012454,2
ISIC_0012456,1
ISIC_0012457,1
ISIC_0012458,2
ISIC_0012459,2
ISIC_0012460,2
ISIC_0012461,2
ISIC_0012463,1
ISIC_0012466,1
ISIC_0012467,1
ISIC_0012468,1
ISIC_0012469,1
ISIC_0012470,1
ISIC_0012471,1
ISIC_0012472,1
ISIC_0012473,1
ISIC_0012474,1
ISIC_0012475,1
ISIC_0012476,1
ISIC_0012477,1
ISIC_0012478,1
ISIC_0012479,1
ISIC_0012480,1
ISIC_0012481,1
ISIC_0012482,1
ISIC_0012484,1
ISIC_0012485,1
ISIC_0012486,1
ISIC_0012488,1
ISIC_0012489,1
ISIC_0012490,1
ISIC_0012491,1
ISIC_0012492,1
ISIC_0012493,1
ISIC_0012494,1
ISIC_0012495,1
ISIC_0012496,1
ISIC_0012497,1
ISIC_0012500,1
ISIC_0012502,1
ISIC_0012503,1
ISIC_0012504,1
ISIC_0012505,1
ISIC_0012506,1
ISIC_0012507,1
ISIC_0012508,1
ISIC_0012509,1
ISIC_0012510,1
ISIC_0012511,1
ISIC_0012512,1
ISIC_0012513,1
ISIC_0012514,1
ISIC_0012515,1
ISIC_0012516,1
ISIC_0012517,1
ISIC_0012518,1
ISIC_0012519,1
ISIC_0012521,1
ISIC_0012522,1
ISIC_0012523,1
ISIC_0012524,1
ISIC_0012525,1
ISIC_0012526,1
ISIC_0012527,1
ISIC_0012528,1
ISIC_0012529,1
ISIC_0012530,1
ISIC_0012531,1
ISIC_0012533,1
ISIC_0012534,1
ISIC_0012535,1
ISIC_0012537,1
ISIC_0012538,1
ISIC_0012539,1
ISIC_0012541,1
ISIC_0012542,1
ISIC_0012544,1
ISIC_0012550,1
ISIC_0012551,1
ISIC_0012553,0
ISIC_0012554,0
ISIC_0012557,0
ISIC_0012558,0
ISIC_0012559,0
ISIC_0012563,0
ISIC_0012564,0
ISIC_0012565,0
ISIC_0012567,0
ISIC_0012568,0
ISIC_0012569,0
ISIC_0012571,0
ISIC_0012574,0
ISIC_0012575,0
ISIC_0012576,0
ISIC_0012577,0
ISIC_0012579,0
ISIC_0012580,0
ISIC_0012583,0
ISIC_0012587,0
ISIC_0012588,0
ISIC_0012589,0
ISIC_0012591,0
ISIC_0012592,0
ISIC_0012595,0
ISIC_0012596,0
ISIC_0012597,0
ISIC_0012599,0
ISIC_0012602,0
ISIC_0012603,0
ISIC_0012610,0
ISIC_0012613,0
ISIC_0012618,0
ISIC_0012619,0
ISIC_0012620,0
ISIC_0012625,0
ISIC_0012626,0
ISIC_0012628,0
ISIC_0012632,0
ISIC_0012633,0
ISIC_0012634,0
ISIC_0012635,0
ISIC_0012636,0
ISIC_0012638,0
ISIC_0012641,0
ISIC_0012642,0
ISIC_0012643,0
ISIC_0012644,0
ISIC_0012645,0
ISIC_0012648,0
ISIC_0012649,0
ISIC_0012650,0
ISIC_0012651,0
ISIC_0012652,0
ISIC_0012653,1
ISIC_0012654,1
ISIC_0012655,2
ISIC_0012656,2
ISIC_0012657,2
ISIC_0012658,2
ISIC_0012659,2
ISIC_0012660,2
ISIC_0012662,2
ISIC_0012663,2
ISIC_0012664,2
ISIC_0012665,2
ISIC_0012666,2
ISIC_0012668,2
ISIC_0012669,2
ISIC_0012670,1
ISIC_0012671,2
ISIC_0012672,2
ISIC_0012673,2
ISIC_0012674,2
ISIC_0012675,2
ISIC_0012676,2
ISIC_0012677,2
ISIC_0012678,2
ISIC_0012679,2
ISIC_0012680,2
ISIC_0012681,2
ISIC_0012682,2
ISIC_0012683,2
ISIC_0012684,2
ISIC_0012685,2
ISIC_0012686,2
ISIC_0012687,2
ISIC_0012688,2
ISIC_0012689,2
ISIC_0012690,2
ISIC_0012691,2
ISIC_0012692,2
ISIC_0012695,2
ISIC_0012697,2
ISIC_0012699,2
ISIC_0012700,2
ISIC_0012701,2
ISIC_0012702,2
ISIC_0012703,2
ISIC_0012704,2
ISIC_0012708,1
ISIC_0012709,2
ISIC_0012710,2
ISIC_0012711,2
ISIC_0012712,2
ISIC_0012713,2
ISIC_0012718,2
ISIC_0012719,2
ISIC_0012720,2
ISIC_0012721,2
ISIC_0012723,2
ISIC_0012725,2
ISIC_0012726,1
ISIC_0012728,1
ISIC_0012729,1
ISIC_0012730,1
ISIC_0012731,2
ISIC_0012732,2
ISIC_0012733,2
ISIC_0012734,2
ISIC_0012735,2
ISIC_0012736,2
ISIC_0012737,2
ISIC_0012739,2
ISIC_0012740,2
ISIC_0012741,1
ISIC_0012742,2
ISIC_0012744,2
ISIC_0012746,2
ISIC_0012753,1
ISIC_0012756,1
ISIC_0012757,1
ISIC_0012758,0
ISIC_0012760,1
ISIC_0012761,1
ISIC_0012762,1
ISIC_0012763,1
ISIC_0012764,1
ISIC_0012765,1
ISIC_0012766,1
ISIC_0012767,1
ISIC_0012770,1
ISIC_0012772,1
ISIC_0012773,1
ISIC_0012777,2
ISIC_0012779,1
ISIC_0012780,1
ISIC_0012781,1
ISIC_0012785,1
ISIC_0012786,1
ISIC_0012787,1
ISIC_0012788,1
ISIC_0012789,2
ISIC_0012792,2
ISIC_0012793,2
ISIC_0012794,2
ISIC_0012795,2
ISIC_0012797,1
ISIC_0012798,1
ISIC_0012799,1
ISIC_0012801,2
ISIC_0012802,2
ISIC_0012803,1
ISIC_0012804,1
ISIC_0012806,1
ISIC_0012807,1
ISIC_0012809,2
ISIC_0012810,1
ISIC_0012811,0
ISIC_0012813,1
ISIC_0012814,1
ISIC_0012815,1
ISIC_0012816,1
ISIC_0012817,1
ISIC_0012819,1
ISIC_0012820,1
ISIC_0012823,1
ISIC_0012825,1
ISIC_0012826,1
ISIC_0012827,1
ISIC_0012828,1
ISIC_0012830,1
ISIC_0012832,1
ISIC_0012833,1
ISIC_0012834,1
ISIC_0012835,1
ISIC_0012836,1
ISIC_0012837,1
ISIC_0012838,1
ISIC_0012840,1
ISIC_0012841,1
ISIC_0012842,1
ISIC_0012843,1
ISIC_0012844,1
ISIC_0012845,1
ISIC_0012846,1
ISIC_0012847,1
ISIC_0012848,1
ISIC_0012849,1
ISIC_0012850,1
ISIC_0012851,1
ISIC_0012855,1
ISIC_0012856,1
ISIC_0012861,1
ISIC_0012863,1
ISIC_0012865,1
ISIC_0012866,1
ISIC_0012867,1
ISIC_0012868,1
ISIC_0012869,1
ISIC_0012870,1
ISIC_0012871,1
ISIC_0012872,1
ISIC_0012873,1
ISIC_0012874,1
ISIC_0012875,1
ISIC_0012876,1
ISIC_0012877,1
ISIC_0012878,1
ISIC_0012879,1
ISIC_0012880,1
ISIC_0012883,1
ISIC_0012884,1
ISIC_0012886,1
ISIC_0012887,1
ISIC_0012888,1
ISIC_0012889,1
ISIC_0012890,1
ISIC_0012891,1
ISIC_0012892,1
ISIC_0012893,1
ISIC_0012894,1
ISIC_0012896,1
ISIC_0012897,1
ISIC_0012898,1
ISIC_0012900,1
ISIC_0012901,1
ISIC_0012902,1
ISIC_0012903,1
ISIC_0012904,1
ISIC_0012905,1
ISIC_0012907,1
ISIC_0012908,1
ISIC_0012909,1
ISIC_0012911,1
ISIC_0012912,1
ISIC_0012913,1
ISIC_0012914,2
ISIC_0012915,2
ISIC_0012916,2
ISIC_0012917,0
ISIC_0012918,1
ISIC_0012919,2
ISIC_0012923,2
ISIC_0012925,1
ISIC_0012930,2
ISIC_0012931,0
ISIC_0012932,1
ISIC_0012935,2
ISIC_0012938,2
ISIC_0012939,2
ISIC_0012940,1
ISIC_0012942,2
ISIC_0012944,1
ISIC_0012948,2
ISIC_0012949,2
ISIC_0012950,1
ISIC_0012954,0
ISIC_0012955,1
ISIC_0012956,1
ISIC_0012958,1
ISIC_0012959,1
ISIC_0012960,2
ISIC_0012961,2
ISIC_0012962,2
ISIC_0012963,2
ISIC_0012964,2
ISIC_0012965,2
ISIC_0012966,0
ISIC_0012967,2
ISIC_0012968,1
ISIC_0012971,2
ISIC_0012973,1
ISIC_0012974,1
ISIC_0012975,1
ISIC_0012976,2
ISIC_0012977,2
ISIC_0012978,2
ISIC_0012979,2
ISIC_0012981,1
ISIC_0012982,2
ISIC_0012984,1
ISIC_0012985,0
ISIC_0012987,1
ISIC_0012988,2
ISIC_0012989,1
ISIC_0012990,2
ISIC_0012992,1
ISIC_0012993,1
ISIC_0012995,2
ISIC_0012996,2
ISIC_0012997,2
ISIC_0012998,1
ISIC_0012999,1
ISIC_0013000,1
ISIC_0013001,1
ISIC_0013003,2
ISIC_0013004,2
ISIC_0013006,1
ISIC_0013007,2
ISIC_0013008,2
ISIC_0013009,1
ISIC_0013010,2
ISIC_0013011,2
ISIC_0013012,2
ISIC_0013013,1
ISIC_0013014,1
ISIC_0013015,2
ISIC_0013017,1
ISIC_0013018,1
ISIC_0013019,2
ISIC_0013021,2
ISIC_0013022,1
ISIC_0013023,2
ISIC_0013025,1
ISIC_0013026,1
ISIC_0013027,1
ISIC_0013028,1
ISIC_0013029,1
ISIC_0013031,2
ISIC_0013032,2
ISIC_0013033,2
ISIC_0013036,2
ISIC_0013037,1
ISIC_0013039,1
ISIC_0013040,2
ISIC_0013044,1
ISIC_0013045,1
ISIC_0013047,2
ISIC_0013048,1
ISIC_0013049,2
ISIC_0013050,1
ISIC_0013051,1
ISIC_0013052,2
ISIC_0013053,1
ISIC_0013054,1
ISIC_0013055,1
ISIC_0013056,1
ISIC_0013057,2
ISIC_0013059,1
ISIC_0013060,1
ISIC_0013061,1
ISIC_0013062,1
ISIC_0013063,1
ISIC_0013066,1
ISIC_0013067,1
ISIC_0013068,1
ISIC_0013069,1
ISIC_0013070,2
ISIC_0013071,2
ISIC_0013072,2
ISIC_0013073,2
ISIC_0013074,2
ISIC_0013075,2
ISIC_0013076,2
ISIC_0013077,2
ISIC_0013079,2
ISIC_0013080,0
ISIC_0013082,2
ISIC_0013083,2
ISIC_0013084,2
ISIC_0013085,2
ISIC_0013086,2
ISIC_0013087,2
ISIC_0013088,2
ISIC_0013089,1
ISIC_0013090,2
ISIC_0013092,2
ISIC_0013094,2
ISIC_0013095,2
ISIC_0013096,2
ISIC_0013097,2
ISIC_0013099,2
ISIC_0013102,0
ISIC_0013103,2
ISIC_0013104,1
ISIC_0013105,2
ISIC_0013106,2
ISIC_0013107,2
ISIC_0013109,2
ISIC_0013110,2
ISIC_0013111,2
ISIC_0013113,2
ISIC_0013114,2
ISIC_0013115,2
ISIC_0013116,1
ISIC_0013117,2
ISIC_0013118,2
ISIC_0013119,2
ISIC_0013121,2
ISIC_0013122,2
ISIC_0013124,1
ISIC_0013125,1
ISIC_0013126,1
ISIC_0013127,2
ISIC_0013128,1
ISIC_0013129,2
ISIC_0013130,1
ISIC_0013131,1
ISIC_0013132,2
ISIC_0013133,0
ISIC_0013134,1
ISIC_0013135,1
ISIC_0013140,1
ISIC_0013141,2
ISIC_0013142,1
ISIC_0013143,2
ISIC_0013145,2
ISIC_0013146,2
ISIC_0013148,2
ISIC_0013150,2
ISIC_0013153,2
ISIC_0013154,1
ISIC_0013155,1
ISIC_0013156,2
ISIC_0013158,2
ISIC_0013163,2
ISIC_0013164,1
ISIC_0013165,1
ISIC_0013167,1
ISIC_0013169,2
ISIC_0013173,1
ISIC_0013174,2
ISIC_0013176,2
ISIC_0013180,1
ISIC_0013181,2
ISIC_0013183,2
ISIC_0013184,1
ISIC_0013185,2
ISIC_0013187,2
ISIC_0013188,2
ISIC_0013190,1
ISIC_0013191,2
ISIC_0013192,2
ISIC_0013195,2
ISIC_0013196,2
ISIC_0013197,2
ISIC_0013198,2
ISIC_0013200,2
ISIC_0013201,2
ISIC_0013202,1
ISIC_0013203,2
ISIC_0013204,2
ISIC_0013205,2
ISIC_0013206,2
ISIC_0013208,2
ISIC_0013212,2
ISIC_0013214,2
ISIC_0013215,2
ISIC_0013216,1
ISIC_0013217,1
ISIC_0013218,1
ISIC_0013219,2
ISIC_0013220,2
ISIC_0013221,2
ISIC_0013222,2
ISIC_0013223,2
ISIC_0013224,1
ISIC_0013226,0
ISIC_0013227,1
ISIC_0013229,1
ISIC_0013230,2
ISIC_0013231,1
ISIC_0013232,2
ISIC_0013233,2
ISIC_0013235,2
ISIC_0013237,2
ISIC_0013238,1
ISIC_0013241,1
ISIC_0013242,1
ISIC_0013244,2
ISIC_0013245,1
ISIC_0013246,2
ISIC_0013248,2
ISIC_0013250,0
ISIC_0013251,1
ISIC_0013252,1
ISIC_0013255,2
ISIC_0013256,2
ISIC_0013257,1
ISIC_0013258,2
ISIC_0013259,1
ISIC_0013260,1
ISIC_0013263,0
ISIC_0013264,1
ISIC_0013265,1
ISIC_0013266,2
ISIC_0013267,1
ISIC_0013269,2
ISIC_0013270,1
ISIC_0013271,2
ISIC_0013272,1
ISIC_0013273,1
ISIC_0013274,1
ISIC_0013275,1
ISIC_0013276,1
ISIC_0013277,1
ISIC_0013278,2
ISIC_0013279,2
ISIC_0013281,2
ISIC_0013282,1
ISIC_0013283,2
ISIC_0013285,1
ISIC_0013286,1
ISIC_0013287,2
ISIC_0013288,1
ISIC_0013289,2
ISIC_0013290,1
ISIC_0013291,1
ISIC_0013292,1
ISIC_0013293,1
ISIC_0013294,1
ISIC_0013295,1
ISIC_0013302,2
ISIC_0013303,1
ISIC_0013304,1
ISIC_0013305,1
ISIC_0013306,2
ISIC_0013307,2
ISIC_0013308,2
ISIC_0013309,2
ISIC_0013311,1
ISIC_0013312,1
ISIC_0013314,2
ISIC_0013317,1
ISIC_0013318,1
ISIC_0013319,1
ISIC_0013320,1
ISIC_0013321,1
ISIC_0013325,1
ISIC_0013329,2
ISIC_0013330,2
ISIC_0013331,1
ISIC_0013332,1
ISIC_0013333,1
ISIC_0013334,1
ISIC_0013335,2
ISIC_0013337,2
ISIC_0013338,1
ISIC_0013339,1
ISIC_0013340,1
ISIC_0013342,1
ISIC_0013344,1
ISIC_0013345,1
ISIC_0013346,1
ISIC_0013347,1
ISIC_0013349,1
ISIC_0013350,1
ISIC_0013352,1
ISIC_0013353,1
ISIC_0013355,1
ISIC_0013356,2
ISIC_0013357,1
ISIC_0013358,1
ISIC_0013359,1
ISIC_0013360,2
ISIC_0013361,1
ISIC_0013362,2
ISIC_0013363,2
ISIC_0013364,1
ISIC_0013365,1
ISIC_0013366,1
ISIC_0013369,1
ISIC_0013370,1
ISIC_0013371,1
ISIC_0013372,1
ISIC_0013373,1
ISIC_0013374,2
ISIC_0013375,1
ISIC_0013377,2
ISIC_0013378,2
ISIC_0013379,1
ISIC_0013380,1
ISIC_0013381,2
ISIC_0013383,2
ISIC_0013385,1
ISIC_0013386,1
ISIC_0013388,1
ISIC_0013389,1
ISIC_0013391,1
ISIC_0013392,1
ISIC_0013393,1
ISIC_0013394,1
ISIC_0013395,1
ISIC_0013396,1
ISIC_0013397,1
ISIC_0013398,1
ISIC_0013400,1
ISIC_0013401,1
ISIC_0013403,1
ISIC_0013405,2
ISIC_0013406,1
ISIC_0013407,1
ISIC_0013408,1
ISIC_0013409,-1
ISIC_0013410,2
ISIC_0013411,0
ISIC_0013413,2
ISIC_0013416,1
ISIC_0013417,1
ISIC_0013419,1
ISIC_0013421,1
ISIC_0013422,1
ISIC_0013423,1
ISIC_0013424,1
ISIC_0013425,1
ISIC_0013426,1
ISIC_0013427,1
ISIC_0013428,1
ISIC_0013429,1
ISIC_0013430,1
ISIC_0013432,1
ISIC_0013433,1
ISIC_0013434,1
ISIC_0013435,1
ISIC_0013436,1
ISIC_0013437,1
ISIC_0013438,1
ISIC_0013441,1
ISIC_0013442,1
ISIC_0013444,1
ISIC_0013447,2
ISIC_0013448,2
ISIC_0013449,1
ISIC_0013450,1
ISIC_0013452,1
ISIC_0013453,1
ISIC_0013454,1
ISIC_0013455,1
ISIC_0013456,1
ISIC_0013457,1
ISIC_0013458,1
ISIC_0013459,1
ISIC_0013460,1
ISIC_0013462,1
ISIC_0013463,1
ISIC_0013465,1
ISIC_0013466,1
ISIC_0013469,2
ISIC_0013470,1
ISIC_0013471,1
ISIC_0013472,1
ISIC_0013473,1
ISIC_0013474,0
ISIC_0013476,1
ISIC_0013477,1
ISIC_0013478,1
ISIC_0013479,1
ISIC_0013480,1
ISIC_0013481,1
ISIC_0013484,2
ISIC_0013486,2
ISIC_0013487,2
ISIC_0013490,1
ISIC_0013491,1
ISIC_0013492,2
ISIC_0013493,1
ISIC_0013494,1
ISIC_0013495,1
ISIC_0013497,1
ISIC_0013498,1
ISIC_0013499,1
ISIC_0013500,1
ISIC_0013501,1
ISIC_0013502,1
ISIC_0013503,1
ISIC_0013504,1
ISIC_0013505,1
ISIC_0013506,1
ISIC_0013508,1
ISIC_0013509,1
ISIC_0013511,2
ISIC_0013512,2
ISIC_0013514,1
ISIC_0013515,1
ISIC_0013516,1
ISIC_0013517,1
ISIC_0013518,1
ISIC_0013524,2
ISIC_0013525,2
ISIC_0013526,2
ISIC_0013528,1
ISIC_0013529,1
ISIC_0013530,1
ISIC_0013531,1
ISIC_0013532,1
ISIC_0013533,1
ISIC_0013538,1
ISIC_0013539,2
ISIC_0013540,1
ISIC_0013541,1
ISIC_0013542,1
ISIC_0013543,1
ISIC_0013544,1
ISIC_0013545,2
ISIC_0013546,2
ISIC_0013547,2
ISIC_0013548,1
ISIC_0013549,1
ISIC_0013554,1
ISIC_0013555,1
ISIC_0013558,1
ISIC_0013559,1
ISIC_0013564,1
ISIC_0013565,1
ISIC_0013567,1
ISIC_0013568,2
ISIC_0013570,2
ISIC_0013571,2
ISIC_0013572,2
ISIC_0013574,1
ISIC_0013575,1
ISIC_0013576,1
ISIC_0013577,1
ISIC_0013578,1
ISIC_0013579,1
ISIC_0013580,1
ISIC_0013581,2
ISIC_0013582,1
ISIC_0013583,1
ISIC_0013584,1
ISIC_0013585,1
ISIC_0013586,1
ISIC_0013587,1
ISIC_0013588,1
ISIC_0013589,1
ISIC_0013590,1
ISIC_0013591,1
ISIC_0013592,1
ISIC_0013594,1
ISIC_0013595,2
ISIC_0013596,2
ISIC_0013597,2
ISIC_0013598,2
ISIC_0013599,1
ISIC_0013600,1
ISIC_0013601,1
ISIC_0013602,1
ISIC_0013603,1
ISIC_0013604,2
ISIC_0013605,2
ISIC_0013606,1
ISIC_0013607,2
ISIC_0013610,2
ISIC_0013611,2
ISIC_0013613,2
ISIC_0013614,1
ISIC_0013615,1
ISIC_0013616,1
ISIC_0013617,1
ISIC_0013618,1
ISIC_0013619,1
ISIC_0013620,1
ISIC_0013621,1
ISIC_0013622,1
ISIC_0013623,1
ISIC_0013624,1
ISIC_0013625,1
ISIC_0013626,1
ISIC_0013627,1
ISIC_0013628,2
ISIC_0013632,2
ISIC_0013633,2
ISIC_0013634,1
ISIC_0013636,1
ISIC_0013637,1
ISIC_0013639,1
ISIC_0013641,1
ISIC_0013643,1
ISIC_0013646,2
ISIC_0013649,1
ISIC_0013651,1
ISIC_0013652,2
ISIC_0013655,1
ISIC_0013656,1
ISIC_0013657,1
ISIC_0013658,1
ISIC_0013660,1
ISIC_0013661,1
ISIC_0013662,1
ISIC_0013663,2
ISIC_0013664,2
ISIC_0013666,1
ISIC_0013667,1
ISIC_0013668,0
ISIC_0013670,1
ISIC_0013671,1
ISIC_0013672,1
ISIC_0013673,1
ISIC_0013675,1
ISIC_0013676,2
ISIC_0013680,1
ISIC_0013682,2
ISIC_0013683,2
ISIC_0013686,2
ISIC_0013687,2
ISIC_0013688,1
ISIC_0013689,1
ISIC_0013690,1
ISIC_0013692,1
ISIC_0013693,1
ISIC_0013695,1
ISIC_0013696,1
ISIC_0013697,1
ISIC_0013699,1
ISIC_0013700,2
ISIC_0013701,2
ISIC_0013702,1
ISIC_0013704,1
ISIC_0013707,1
ISIC_0013708,1
ISIC_0013712,1
ISIC_0013713,1
ISIC_0013714,1
ISIC_0013715,1
ISIC_0013716,1
ISIC_0013718,1
ISIC_0013719,2
ISIC_0013720,1
ISIC_0013723,2
ISIC_0013724,2
ISIC_0013725,2
ISIC_0013729,1
ISIC_0013730,1
ISIC_0013731,1
ISIC_0013732,1
ISIC_0013733,1
ISIC_0013734,1
ISIC_0013735,1
ISIC_0013736,1
ISIC_0013737,1
ISIC_0013738,1
ISIC_0013739,2
ISIC_0013740,2
ISIC_0013742,2
ISIC_0013743,2
ISIC_0013744,2
ISIC_0013746,1
ISIC_0013747,1
ISIC_0013748,1
ISIC_0013749,1
ISIC_0013752,1
ISIC_0013755,1
ISIC_0013758,1
ISIC_0013762,1
ISIC_0013765,1
ISIC_0013766,1
ISIC_0013767,1
ISIC_0013768,1
ISIC_0013769,1
ISIC_0013770,2
ISIC_0013771,1
ISIC_0013772,0
ISIC_0013773,1
ISIC_0013774,1
ISIC_0013775,1
ISIC_0013777,1
ISIC_0013778,1
ISIC_0013779,2
ISIC_0013780,1
ISIC_0013781,2
ISIC_0013782,1
ISIC_0013783,2
ISIC_0013786,2
ISIC_0013789,2
ISIC_0013792,2
ISIC_0013793,2
ISIC_0013794,2
ISIC_0013795,2
ISIC_0013796,2
ISIC_0013797,1
ISIC_0013798,1
ISIC_0013799,2
ISIC_0013800,2
ISIC_0013801,1
ISIC_0013802,1
ISIC_0013803,2
ISIC_0013804,2
ISIC_0013805,1
ISIC_0013806,1
ISIC_0013807,1
ISIC_0013808,1
ISIC_0013809,1
ISIC_0013810,2
ISIC_0013811,1
ISIC_0013813,1
ISIC_0013814,1
ISIC_0013815,1
ISIC_0013817,1
ISIC_0013820,1
ISIC_0013822,1
ISIC_0013824,2
ISIC_0013825,2
ISIC_0013826,2
ISIC_0013829,0
ISIC_0013830,1
ISIC_0013831,2
ISIC_0013832,1
ISIC_0013833,1
ISIC_0013835,1
ISIC_0013836,1
ISIC_0013837,2
ISIC_0013839,2
ISIC_0013841,1
ISIC_0013842,1
ISIC_0013843,1
ISIC_0013844,2
ISIC_0013845,2
ISIC_0013846,1
ISIC_0013848,1
ISIC_0013849,1
ISIC_0013850,1
ISIC_0013852,1
ISIC_0013853,1
ISIC_0013854,1
ISIC_0013857,1
ISIC_0013858,1
ISIC_0013859,1
ISIC_0013860,1
ISIC_0013861,1
ISIC_0013862,1
ISIC_0013863,2
ISIC_0013864,1
ISIC_0013865,1
ISIC_0013867,1
ISIC_0013869,1
ISIC_0013870,1
ISIC_0013872,2
ISIC_0013874,1
ISIC_0013876,1
ISIC_0013877,1
ISIC_0013879,1
ISIC_0013883,1
ISIC_0013886,1
ISIC_0013887,2
ISIC_0013888,1
ISIC_0013890,1
ISIC_0013891,1
ISIC_0013892,1
ISIC_0013893,1
ISIC_0013894,1
ISIC_0013895,1
ISIC_0013896,1
ISIC_0013897,1
ISIC_0013898,1
ISIC_0013900,1
ISIC_0013901,2
ISIC_0013904,1
ISIC_0013905,2
ISIC_0013906,2
ISIC_0013907,2
ISIC_0013908,2
ISIC_0013909,2
ISIC_0013911,2
ISIC_0013912,2
ISIC_0013914,1
ISIC_0013915,1
ISIC_0013916,2
ISIC_0013917,2
ISIC_0013918,2
ISIC_0013920,1
ISIC_0013921,1
ISIC_0013922,1
ISIC_0013924,1
ISIC_0013926,1
ISIC_0013927,1
ISIC_0013928,1
ISIC_0013929,1
ISIC_0013930,1
ISIC_0013931,1
ISIC_0013933,1
ISIC_0013935,1
ISIC_0013936,2
ISIC_0013937,2
ISIC_0013938,1
ISIC_0013940,1
ISIC_0013942,1
ISIC_0013943,1
ISIC_0013945,1
ISIC_0013946,1
ISIC_0013947,1
ISIC_0013948,2
ISIC_0013951,0
ISIC_0013953,1
ISIC_0013954,1
ISIC_0013956,1
ISIC_0013957,1
ISIC_0013959,1
ISIC_0013960,2
ISIC_0013961,1
ISIC_0013962,1
ISIC_0013963,1
ISIC_0013964,1
ISIC_0013966,2
ISIC_0013968,1
ISIC_0013969,1
ISIC_0013970,1
ISIC_0013971,2
ISIC_0013972,1
ISIC_0013973,2
ISIC_0013974,1
ISIC_0013975,2
ISIC_0013976,2
ISIC_0013978,1
ISIC_0013979,1
ISIC_0013980,1
ISIC_0013981,1
ISIC_0013982,1
ISIC_0013984,2
ISIC_0013987,2
ISIC_0013988,2
ISIC_0013989,1
ISIC_0013990,1
ISIC_0013991,1
ISIC_0013992,1
ISIC_0013995,1
ISIC_0013996,1
ISIC_0013997,1
ISIC_0013998,1
ISIC_0013999,1
ISIC_0014000,1
ISIC_0014001,1
ISIC_0014002,1
ISIC_0014005,1
ISIC_0014009,1
ISIC_0014010,1
ISIC_0014011,1
ISIC_0014013,1
ISIC_0014014,1
ISIC_0014018,1
ISIC_0014019,2
ISIC_0014020,2
ISIC_0014021,2
ISIC_0014023,2
ISIC_0014024,2
ISIC_0014025,1
ISIC_0014026,1
ISIC_0014028,1
ISIC_0014029,2
ISIC_0014030,2
ISIC_0014031,1
ISIC_0014032,1
ISIC_0014033,1
ISIC_0014034,1
ISIC_0014035,2
ISIC_0014037,1
ISIC_0014038,1
ISIC_0014039,1
ISIC_0014040,1
ISIC_0014041,1
ISIC_0014042,1
ISIC_0014043,1
ISIC_0014044,1
ISIC_0014045,1
ISIC_0014046,1
ISIC_0014047,1
ISIC_0014049,2
ISIC_0014050,2
ISIC_0014051,2
ISIC_0014052,2
ISIC_0014053,1
ISIC_0014055,2
ISIC_0014056,1
ISIC_0014057,2
ISIC_0014058,2
ISIC_0014059,1
ISIC_0014061,1
ISIC_0014062,1
ISIC_0014064,2
ISIC_0014066,1
ISIC_0014067,1
ISIC_0014068,1
ISIC_0014069,1
ISIC_0014070,1
ISIC_0014071,1
ISIC_0014072,1
ISIC_0014073,1
ISIC_0014074,1
ISIC_0014075,1
ISIC_0014076,1
ISIC_0014077,1
ISIC_0014078,1
ISIC_0014079,0
ISIC_0014080,1
ISIC_0014081,1
ISIC_0014082,1
ISIC_0014083,1
ISIC_0014084,1
ISIC_0014086,1
ISIC_0014087,1
ISIC_0014088,1
ISIC_0014089,1
ISIC_0014090,1
ISIC_0014091,1
ISIC_0014092,1
ISIC_0014093,2
ISIC_0014094,2
ISIC_0014095,1
ISIC_0014096,1
ISIC_0014097,1
ISIC_0014098,1
ISIC_0014099,1
ISIC_0014100,1
ISIC_0014103,1
ISIC_0014104,1
ISIC_0014106,1
ISIC_0014107,1
ISIC_0014108,1
ISIC_0014109,1
ISIC_0014110,1
ISIC_0014113,1
ISIC_0014116,1
ISIC_0014117,1
ISIC_0014120,1
ISIC_0014121,1
ISIC_0014122,1
ISIC_0014123,1
ISIC_0014124,1
ISIC_0014125,1
ISIC_0014126,1
ISIC_0014127,1
ISIC_0014129,1
ISIC_0014131,1
ISIC_0014132,1
ISIC_0014133,1
ISIC_0014135,1
ISIC_0014137,1
ISIC_0014138,1
ISIC_0014139,1
ISIC_0014140,1
ISIC_0014141,1
ISIC_0014144,1
ISIC_0014145,1
ISIC_0014146,1
ISIC_0014148,1
ISIC_0014149,1
ISIC_0014150,1
ISIC_0014151,1
ISIC_0014152,1
ISIC_0014155,1
ISIC_0014156,1
ISIC_0014157,1
ISIC_0014158,1
ISIC_0014160,1
ISIC_0014161,1
ISIC_0014162,1
ISIC_0014163,1
ISIC_0014164,1
ISIC_0014165,1
ISIC_0014166,1
ISIC_0014167,1
ISIC_0014169,1
ISIC_0014171,1
ISIC_0014172,1
ISIC_0014173,1
ISIC_0014174,1
ISIC_0014175,1
ISIC_0014176,1
ISIC_0014177,1
ISIC_0014178,1
ISIC_0014179,1
ISIC_0014180,1
ISIC_0014181,1
ISIC_0014182,1
ISIC_0014183,1
ISIC_0014184,1
ISIC_0014185,1
ISIC_0014186,1
ISIC_0014187,1
ISIC_0014188,1
ISIC_0014189,1
ISIC_0014190,1
ISIC_0014191,1
ISIC_0014193,1
ISIC_0014195,1
ISIC_0014196,1
ISIC_0014197,1
ISIC_0014198,1
ISIC_0014199,1
ISIC_0014200,1
ISIC_0014205,1
ISIC_0014207,1
ISIC_0014209,1
ISIC_0014210,1
ISIC_0014211,1
ISIC_0014212,1
ISIC_0014213,1
ISIC_0014216,1
ISIC_0014217,1
ISIC_0014218,1
ISIC_0014219,1
ISIC_0014222,0
ISIC_0014223,1
ISIC_0014224,1
ISIC_0014225,1
ISIC_0014227,1
ISIC_0014228,1
ISIC_0014229,1
ISIC_0014230,1
ISIC_0014232,1
ISIC_0014233,1
ISIC_0014234,1
ISIC_0014237,1
ISIC_0014238,1
ISIC_0014239,1
ISIC_0014240,1
ISIC_0014241,1
ISIC_0014243,1
ISIC_0014244,1
ISIC_0014245,1
ISIC_0014246,1
ISIC_0014247,1
ISIC_0014248,1
ISIC_0014249,1
ISIC_0014251,1
ISIC_0014252,1
ISIC_0014253,1
ISIC_0014261,1
ISIC_0014262,1
ISIC_0014263,1
ISIC_0014264,1
ISIC_0014265,1
ISIC_0014266,1
ISIC_0014267,1
ISIC_0014270,1
ISIC_0014271,1
ISIC_0014272,1
ISIC_0014273,1
ISIC_0014274,1
ISIC_0014275,1
ISIC_0014276,1
ISIC_0014277,1
ISIC_0014278,1
ISIC_0014279,1
ISIC_0014281,1
ISIC_0014282,1
ISIC_0014283,1
ISIC_0014284,1
ISIC_0014285,1
ISIC_0014286,1
ISIC_0014288,1
ISIC_0014289,1
ISIC_0014290,0
ISIC_0014291,1
ISIC_0014297,1
ISIC_0014298,1
ISIC_0014299,1
ISIC_0014300,1
ISIC_0014302,1
ISIC_0014303,1
ISIC_0014306,1
ISIC_0014307,1
ISIC_0014308,1
ISIC_0014309,1
ISIC_0014310,1
ISIC_0014311,1
ISIC_0014312,1
ISIC_0014314,1
ISIC_0014315,1
ISIC_0014316,1
ISIC_0014317,1
ISIC_0014318,1
ISIC_0014319,1
ISIC_0014321,1
ISIC_0014323,1
ISIC_0014324,1
ISIC_0014325,1
ISIC_0014326,1
ISIC_0014327,1
ISIC_0014328,1
ISIC_0014329,1
ISIC_0014331,1
ISIC_0014332,1
ISIC_0014333,1
ISIC_0014334,1
ISIC_0014336,1
ISIC_0014337,1
ISIC_0014339,1
ISIC_0014340,1
ISIC_0014341,1
ISIC_0014343,1
ISIC_0014344,1
ISIC_0014345,1
ISIC_0014346,1
ISIC_0014347,1
ISIC_0014349,1
ISIC_0014351,1
ISIC_0014352,1
ISIC_0014353,1
ISIC_0014354,1
ISIC_0014355,1
ISIC_0014357,1
ISIC_0014358,1
ISIC_0014360,1
ISIC_0014361,1
ISIC_0014362,1
ISIC_0014363,1
ISIC_0014365,1
ISIC_0014366,1
ISIC_0014367,1
ISIC_0014369,1
ISIC_0014370,1
ISIC_0014371,1
ISIC_0014372,1
ISIC_0014373,1
ISIC_0014374,1
ISIC_0014375,1
ISIC_0014377,1
ISIC_0014378,1
ISIC_0014379,1
ISIC_0014380,1
ISIC_0014382,1
ISIC_0014385,1
ISIC_0014386,1
ISIC_0014387,1
ISIC_0014388,1
ISIC_0014389,1
ISIC_0014390,1
ISIC_0014391,1
ISIC_0014392,0
ISIC_0014395,1
ISIC_0014397,1
ISIC_0014399,1
ISIC_0014400,1
ISIC_0014401,1
ISIC_0014402,1
ISIC_0014403,1
ISIC_0014404,1
ISIC_0014405,1
ISIC_0014406,1
ISIC_0014408,1
ISIC_0014409,1
ISIC_0014412,1
ISIC_0014413,1
ISIC_0014414,1
ISIC_0014415,1
ISIC_0014416,0
ISIC_0014417,1
ISIC_0014418,1
ISIC_0014419,1
ISIC_0014422,1
ISIC_0014423,1
ISIC_0014424,1
ISIC_0014425,1
ISIC_0014426,1
ISIC_0014427,1
ISIC_0014428,1
ISIC_0014429,1
ISIC_0014430,1
ISIC_0014431,1
ISIC_0014432,1
ISIC_0014433,1
ISIC_0014434,1
ISIC_0014437,1
ISIC_0014438,0
ISIC_0014439,1
ISIC_0014440,1
ISIC_0014441,1
ISIC_0014442,1
ISIC_0014445,1
ISIC_0014446,1
ISIC_0014447,1
ISIC_0014448,1
ISIC_0014450,1
ISIC_0014451,1
ISIC_0014452,1
ISIC_0014453,1
ISIC_0014454,1
ISIC_0014457,1
ISIC_0014458,1
ISIC_0014459,1
ISIC_0014460,1
ISIC_0014463,1
ISIC_0014465,1
ISIC_0014466,1
ISIC_0014469,1
ISIC_0014470,1
ISIC_0014471,1
ISIC_0014473,1
ISIC_0014474,1
ISIC_0014475,1
ISIC_0014476,1
ISIC_0014477,1
ISIC_0014478,1
ISIC_0014479,1
ISIC_0014480,1
ISIC_0014481,1
ISIC_0014482,1
ISIC_0014483,1
ISIC_0014484,1
ISIC_0014486,1
ISIC_0014487,1
ISIC_0014489,1
ISIC_0014490,2
ISIC_0014491,2
ISIC_0014492,1
ISIC_0014494,1
ISIC_0014495,1
ISIC_0014496,1
ISIC_0014498,1
ISIC_0014499,1
ISIC_0014500,1
ISIC_0014501,1
ISIC_0014502,2
ISIC_0014504,1
ISIC_0014505,1
ISIC_0014506,1
ISIC_0014507,1
ISIC_0014509,1
ISIC_0014510,1
ISIC_0014511,1
ISIC_0014512,1
ISIC_0014513,1
ISIC_0014515,1
ISIC_0014516,1
ISIC_0014519,1
ISIC_0014520,1
ISIC_0014522,1
ISIC_0014524,1
ISIC_0014525,1
ISIC_0014526,1
ISIC_0014527,1
ISIC_0014529,1
ISIC_0014533,1
ISIC_0014534,1
ISIC_0014535,1
ISIC_0014536,1
ISIC_0014537,1
ISIC_0014539,1
ISIC_0014540,1
ISIC_0014541,1
ISIC_0014543,1
ISIC_0014544,1
ISIC_0014545,1
ISIC_0014546,1
ISIC_0014547,1
ISIC_0014548,1
ISIC_0014549,1
ISIC_0014552,1
ISIC_0014554,1
ISIC_0014555,1
ISIC_0014556,1
ISIC_0014557,1
ISIC_0014558,1
ISIC_0014559,1
ISIC_0014561,1
ISIC_0014564,1
ISIC_0014565,1
ISIC_0014657,0
ISIC_0014659,0
ISIC_0014660,0
ISIC_0014661,0
ISIC_0014663,0
ISIC_0014664,0
ISIC_0014665,0
ISIC_0014666,0
ISIC_0014667,0
ISIC_0014668,0
ISIC_0014669,0
ISIC_0014671,0
ISIC_0014675,0
ISIC_0014676,0
ISIC_0014677,0
ISIC_0014678,0
ISIC_0014679,0
ISIC_0014680,0
ISIC_0014681,0
ISIC_0014682,0
ISIC_0014683,0
ISIC_0014684,0
ISIC_0014685,0
ISIC_0014686,0
ISIC_0014688,0
ISIC_0014689,0
ISIC_0014690,0
ISIC_0014691,0
ISIC_0014692,0
ISIC_0014693,0
ISIC_0014694,0
ISIC_0014696,0
ISIC_0014697,0
ISIC_0014698,0
ISIC_0014699,0
ISIC_0014700,0
ISIC_0014701,0
ISIC_0014702,0
ISIC_0014703,0
ISIC_0014706,0
ISIC_0014707,0
ISIC_0014709,0
ISIC_0014710,0
ISIC_0014711,0
ISIC_0014712,0
ISIC_0014713,0
ISIC_0014714,0
ISIC_0014715,0
ISIC_0014716,0
ISIC_0014717,0
ISIC_0014718,0
ISIC_0014720,0
ISIC_0014721,0
ISIC_0014722,0
ISIC_0014723,0
ISIC_0014724,0
ISIC_0014725,0
ISIC_0014726,0
ISIC_0014727,0
ISIC_0014728,0
ISIC_0014729,0
ISIC_0014730,0
ISIC_0014731,0
ISIC_0014732,0
ISIC_0014733,0
ISIC_0014734,0
ISIC_0014738,0
ISIC_0014740,0
ISIC_0014742,0
ISIC_0014743,0
ISIC_0014744,0
ISIC_0014746,0
ISIC_0014747,0
ISIC_0014749,0
ISIC_0014752,0
ISIC_0014753,0
ISIC_0014754,0
ISIC_0014755,0
ISIC_0014756,0
ISIC_0014759,0
ISIC_0014760,0
ISIC_0014761,0
ISIC_0014762,0
ISIC_0014763,0
ISIC_0014765,0
ISIC_0014766,0
ISIC_0014767,0
ISIC_0014768,0
ISIC_0014769,0
ISIC_0014770,0
ISIC_0014771,0
ISIC_0014772,0
ISIC_0014773,0
ISIC_0014774,0
ISIC_0014776,0
ISIC_0014778,0
ISIC_0014779,0
ISIC_0014782,0
ISIC_0014783,0
ISIC_0014784,0
ISIC_0014785,0
ISIC_0014786,0
ISIC_0014787,0
ISIC_0014788,0
ISIC_0014789,0
ISIC_0014790,0
ISIC_0014791,0
ISIC_0014793,0
ISIC_0014794,0
ISIC_0014795,0
ISIC_0014796,0
ISIC_0014797,0
ISIC_0014798,0
ISIC_0014800,0
ISIC_0014801,0
ISIC_0014802,0
ISIC_0014803,0
ISIC_0014804,0
ISIC_0014805,0
ISIC_0014806,0
ISIC_0014807,0
ISIC_0014808,0
ISIC_0014809,0
ISIC_0014810,0
ISIC_0014811,0
ISIC_0014812,0
ISIC_0014813,0
ISIC_0014814,0
ISIC_0014815,0
ISIC_0014818,0
ISIC_0014819,0
ISIC_0014820,0
ISIC_0014821,0
ISIC_0014822,0
ISIC_0014823,0
ISIC_0014824,0
ISIC_0014825,0
ISIC_0014826,0
ISIC_0014827,0
ISIC_0014829,0
ISIC_0014830,0
ISIC_0014831,0
ISIC_0014832,0
ISIC_0014833,0
ISIC_0014834,0
ISIC_0014835,0
ISIC_0014836,0
ISIC_0014838,0
ISIC_0014839,0
ISIC_0014840,0
ISIC_0014841,0
ISIC_0014842,0
ISIC_0014843,0
ISIC_0014844,0
ISIC_0014845,0
ISIC_0014846,0
ISIC_0014847,0
ISIC_0014849,0
ISIC_0014850,0
ISIC_0014851,0
ISIC_0014852,0
ISIC_0014855,0
ISIC_0014857,0
ISIC_0014858,0
ISIC_0014860,0
ISIC_0014861,0
ISIC_0014862,0
ISIC_0014863,0
ISIC_0014864,0
ISIC_0014865,0
ISIC_0014866,0
ISIC_0014867,0
ISIC_0014868,0
ISIC_0014869,0
ISIC_0014871,0
ISIC_0014872,0
ISIC_0014873,0
ISIC_0014874,0
ISIC_0014875,0
ISIC_0014876,0
ISIC_0014877,0
ISIC_0014878,0
ISIC_0014879,0
ISIC_0014880,0
ISIC_0014881,0
ISIC_0014882,0
ISIC_0014883,0
ISIC_0014884,0
ISIC_0014885,0
ISIC_0014886,0
ISIC_0014887,0
ISIC_0014888,0
ISIC_0014890,0
ISIC_0014891,0
ISIC_0014892,0
ISIC_0014893,0
ISIC_0014894,0
ISIC_0014895,0
ISIC_0014896,0
ISIC_0014897,0
ISIC_0014898,0
ISIC_0014899,0
ISIC_0014900,0
ISIC_0014901,0
ISIC_0014902,0
ISIC_0014903,0
ISIC_0014904,0
ISIC_0014907,0
ISIC_0014909,0
ISIC_0014910,0
ISIC_0014911,0
ISIC_0014912,0
ISIC_0014913,0
ISIC_0014914,0
ISIC_0014916,0
ISIC_0014917,0
ISIC_0014918,0
ISIC_0014919,0
ISIC_0014920,0
ISIC_0014924,0
ISIC_0014925,0
ISIC_0014926,0
ISIC_0014928,0
ISIC_0014931,0
ISIC_0014935,0
ISIC_0014939,0
ISIC_0014942,0
ISIC_0014943,0
ISIC_0014944,0
ISIC_0014949,0
ISIC_0014951,0
ISIC_0014953,0
ISIC_0014955,0
ISIC_0014957,0
ISIC_0014959,0
ISIC_0014960,0
ISIC_0014962,0
ISIC_0014963,0
ISIC_0014964,0
ISIC_0014965,0
ISIC_0014966,0
ISIC_0014967,0
ISIC_0014968,0
ISIC_0014970,0
ISIC_0014971,0
ISIC_0014972,0
ISIC_0014973,0
ISIC_0014974,0
ISIC_0014975,0
ISIC_0014976,0
ISIC_0014977,0
ISIC_0014979,0
ISIC_0014980,0
ISIC_0014981,0
ISIC_0014982,0
ISIC_0014983,0
ISIC_0014984,0
ISIC_0014985,0
ISIC_0014986,0
ISIC_0014987,0
ISIC_0014988,0
ISIC_0014989,0
ISIC_0014991,0
ISIC_0014992,0
ISIC_0014994,0
ISIC_0014995,0
ISIC_0014997,0
ISIC_0014998,0
ISIC_0014999,0
ISIC_0015000,0
ISIC_0015001,0
ISIC_0015002,0
ISIC_0015003,0
ISIC_0015004,0
ISIC_0015005,0
ISIC_0015006,0
ISIC_0015007,0
ISIC_0015008,0
ISIC_0015009,0
ISIC_0015010,0
ISIC_0015011,0
ISIC_0015012,0
ISIC_0015013,0
ISIC_0015014,0
ISIC_0015015,0
ISIC_0015016,0
ISIC_0015018,0
ISIC_0015019,0
ISIC_0015020,0
ISIC_0015021,0
ISIC_0015022,0
ISIC_0015023,0
ISIC_0015026,0
ISIC_0015027,0
ISIC_0015029,0
ISIC_0015030,0
ISIC_0015032,0
ISIC_0015034,0
ISIC_0015036,0
ISIC_0015037,0
ISIC_0015038,0
ISIC_0015040,0
ISIC_0015041,0
ISIC_0015042,0
ISIC_0015043,0
ISIC_0015044,0
ISIC_0015045,0
ISIC_0015049,0
ISIC_0015050,0
ISIC_0015051,0
ISIC_0015052,0
ISIC_0015053,0
ISIC_0015054,0
ISIC_0015055,0
ISIC_0015056,0
ISIC_0015057,0
ISIC_0015060,0
ISIC_0015062,0
ISIC_0015063,0
ISIC_0015064,0
ISIC_0015065,0
ISIC_0015066,0
ISIC_0015067,0
ISIC_0015068,0
ISIC_0015070,0
ISIC_0015073,0
ISIC_0015074,0
ISIC_0015079,0
ISIC_0015081,0
ISIC_0015082,0
ISIC_0015083,0
ISIC_0015084,0
ISIC_0015085,0
ISIC_0015088,0
ISIC_0015090,0
ISIC_0015096,0
ISIC_0015097,0
ISIC_0015102,0
ISIC_0015104,0
ISIC_0015106,0
ISIC_0015108,0
ISIC_0015109,0
ISIC_0015112,0
ISIC_0015114,0
ISIC_0015115,0
ISIC_0015116,0
ISIC_0015118,0
ISIC_0015119,0
ISIC_0015120,0
ISIC_0015122,0
ISIC_0015124,0
ISIC_0015126,0
ISIC_0015127,0
ISIC_0015128,0
ISIC_0015132,0
ISIC_0015133,0
ISIC_0015136,0
ISIC_0015138,0
ISIC_0015140,0
ISIC_0015141,0
ISIC_0015142,0
ISIC_0015143,0
ISIC_0015144,0
ISIC_0015145,0
ISIC_0015146,0
ISIC_0015147,0
ISIC_0015148,0
ISIC_0015149,0
ISIC_0015150,0
ISIC_0015151,0
ISIC_0015152,0
ISIC_0015153,0
ISIC_0015154,0
ISIC_0015155,0
ISIC_0015156,0
ISIC_0015157,0
ISIC_0015158,0
ISIC_0015160,0
ISIC_0015161,0
ISIC_0015163,0
ISIC_0015164,0
ISIC_0015165,0
ISIC_0015166,0
ISIC_0015167,0
ISIC_0015168,0
ISIC_0015169,0
ISIC_0015170,0
ISIC_0015171,0
ISIC_0015172,0
ISIC_0015173,0
ISIC_0015174,0
ISIC_0015175,0
ISIC_0015176,0
ISIC_0015177,0
ISIC_0015178,0
ISIC_0015179,0
ISIC_0015180,0
ISIC_0015181,0
ISIC_0015183,0
ISIC_0015184,0
ISIC_0015185,0
ISIC_0015186,0
ISIC_0015187,0
ISIC_0015188,0
ISIC_0015189,0
ISIC_0015190,0
ISIC_0015191,0
ISIC_0015192,0
ISIC_0015193,0
ISIC_0015194,0
ISIC_0015196,0
ISIC_0015197,0
ISIC_0015199,0
ISIC_0015203,0
ISIC_0015204,0
ISIC_0015205,0
ISIC_0015206,0
ISIC_0015207,0
ISIC_0015208,0
ISIC_0015209,0
ISIC_0015210,0
ISIC_0015211,0
ISIC_0015212,0
ISIC_0015213,0
ISIC_0015215,0
ISIC_0015216,0
ISIC_0015218,0
ISIC_0015219,0
ISIC_0015220,0
ISIC_0015221,0
ISIC_0015222,0
ISIC_0015223,0
ISIC_0015224,0
ISIC_0015225,0
ISIC_0015226,0
ISIC_0015227,0
ISIC_0015228,0
ISIC_0015229,0
ISIC_0015230,0
ISIC_0015232,0
ISIC_0015233,0
ISIC_0015234,0
ISIC_0015236,0
ISIC_0015238,0
ISIC_0015241,0
ISIC_0015243,0
ISIC_0015244,0
ISIC_0015245,0
ISIC_0015246,0
ISIC_0015248,0
ISIC_0015249,0
ISIC_0015250,0
ISIC_0015251,0
ISIC_0015254,0
ISIC_0015255,0
ISIC_0015256,0
ISIC_0015258,0
ISIC_0015261,0
ISIC_0015262,0
ISIC_0015265,0
ISIC_0015266,0
ISIC_0015268,0
ISIC_0015269,0
ISIC_0015270,0
ISIC_0015271,0
ISIC_0015272,0
ISIC_0015274,0
ISIC_0015275,0
ISIC_0015276,0
ISIC_0015277,0
ISIC_0015278,0
ISIC_0015279,0
ISIC_0015281,0
ISIC_0015282,0
ISIC_0015283,0
ISIC_0015284,0
ISIC_0015285,0
ISIC_0015286,0
ISIC_0015288,0
ISIC_0015289,0
ISIC_0015291,0
ISIC_0015292,0
ISIC_0015296,0
ISIC_0015305,0
ISIC_0015309,0
ISIC_0015310,0
ISIC_0015314,0
ISIC_0015315,0
ISIC_0015316,0
ISIC_0015317,0
ISIC_0015318,0
ISIC_0015319,0
ISIC_0015321,0
ISIC_0015322,0
ISIC_0015325,0
ISIC_0015327,0
ISIC_0015332,1
ISIC_0015336,0
ISIC_0015337,0
ISIC_0015340,0
ISIC_0015342,0
ISIC_0015343,0
ISIC_0015344,0
ISIC_0015346,0
ISIC_0015348,0
ISIC_0015351,0
ISIC_0015353,0
ISIC_0015354,0
ISIC_0015356,0
ISIC_0015357,0
ISIC_0015358,0
ISIC_0015361,0
ISIC_0015363,1
ISIC_0015366,0
ISIC_0015367,0
ISIC_0015368,0
ISIC_0015369,0
ISIC_0015372,0
ISIC_0015373,0
ISIC_0015375,0
ISIC_0015376,0
ISIC_0015377,0
ISIC_0015378,0
ISIC_0015379,0
ISIC_0015382,0
ISIC_0015385,0
ISIC_0015387,0
ISIC_0015392,0
ISIC_0015393,0
ISIC_0015396,0
ISIC_0015398,0
ISIC_0015399,0
ISIC_0015400,0
ISIC_0015402,0
ISIC_0015403,0
ISIC_0015404,0
ISIC_0015405,0
ISIC_0015408,0
ISIC_0015411,0
ISIC_0015412,0
ISIC_0015414,0
ISIC_0015415,0
ISIC_0015417,0
ISIC_0015418,0
ISIC_0015419,0
ISIC_0015420,0
ISIC_0015421,0
ISIC_0015423,0
ISIC_0015424,0
ISIC_0015426,0
ISIC_0015427,0
ISIC_0015428,0
ISIC_0015429,0
ISIC_0015430,0
ISIC_0015431,0
ISIC_0015432,0
ISIC_0015433,0
ISIC_0015434,0
ISIC_0015435,0
ISIC_0015438,0
ISIC_0015439,0
ISIC_0015440,0
ISIC_0015441,0
ISIC_0015442,0
ISIC_0015443,0
ISIC_0015444,0
ISIC_0015445,0
ISIC_0015447,0
ISIC_0015454,0
ISIC_0015455,0
ISIC_0015457,0
ISIC_0015458,0
ISIC_0015463,0
ISIC_0015464,0
ISIC_0015465,0
ISIC_0015466,0
ISIC_0015470,0
ISIC_0015471,0
ISIC_0015473,0
ISIC_0015474,0
ISIC_0015477,0
ISIC_0015479,0
ISIC_0015480,0
ISIC_0015481,0
ISIC_0015482,0
ISIC_0015483,0
ISIC_0015486,0
ISIC_0015487,0
ISIC_0015488,0
ISIC_0015490,0
ISIC_0015491,0
ISIC_0015494,0
ISIC_0015495,0
ISIC_0015496,0
ISIC_0015498,0
ISIC_0015500,0
ISIC_0015501,0
ISIC_0015502,0
ISIC_0015503,0
ISIC_0015504,0
ISIC_0015505,0
ISIC_0015507,0
ISIC_0015508,0
ISIC_0015509,0
ISIC_0015510,0
ISIC_0015512,0
ISIC_0015514,0
ISIC_0015517,0
ISIC_0015519,0
ISIC_0015521,0
ISIC_0015522,0
ISIC_0015523,0
ISIC_0015525,0
ISIC_0015528,0
ISIC_0015529,0
ISIC_0015533,0
ISIC_0015534,0
ISIC_0015535,0
ISIC_0015536,0
ISIC_0015537,0
ISIC_0015538,0
ISIC_0015539,0
ISIC_0015541,0
ISIC_0015544,0
ISIC_0015545,0
ISIC_0015547,0
ISIC_0015550,0
ISIC_0015551,0
ISIC_0015552,0
ISIC_0015553,0
ISIC_0015558,0
ISIC_0015559,0
ISIC_0015560,0
ISIC_0015562,0
ISIC_0015564,0
ISIC_0015565,0
ISIC_0015566,0
ISIC_0015567,0
ISIC_0015569,0
ISIC_0015570,0
ISIC_0015573,0
ISIC_0015574,0
ISIC_0015575,0
ISIC_0015578,0
ISIC_0015579,0
ISIC_0015580,0
ISIC_0015581,0
ISIC_0015582,0
ISIC_0015584,0
ISIC_0015585,0
ISIC_0015586,0
ISIC_0015588,0
ISIC_0015589,0
ISIC_0015590,0
ISIC_0015591,0
ISIC_0015592,0
ISIC_0015595,0
ISIC_0015597,0
ISIC_0015598,0
ISIC_0015599,0
ISIC_0015600,0
ISIC_0015601,0
ISIC_0015603,0
ISIC_0015605,0
ISIC_0015607,0
ISIC_0015608,0
ISIC_0015609,0
ISIC_0015610,0
ISIC_0015611,0
ISIC_0015612,0
ISIC_0015613,0
ISIC_0015614,0
ISIC_0015615,0
ISIC_0015617,0
ISIC_0015619,1
ISIC_0015620,0
ISIC_0015621,0
ISIC_0015622,0
ISIC_0015624,0
ISIC_0015625,0
ISIC_0015626,0
ISIC_0015627,0
ISIC_0015629,0
ISIC_0015633,0
ISIC_0015634,0
ISIC_0015635,0
ISIC_0015636,0
ISIC_0015637,0
ISIC_0015638,0
ISIC_0015639,0
ISIC_0015640,0
ISIC_0015641,0
ISIC_0015642,0
ISIC_0015645,0
ISIC_0015646,0
ISIC_0015647,0
ISIC_0015936,1
ISIC_0015938,2
ISIC_0015939,2
ISIC_0015940,2
ISIC_0015941,2
ISIC_0015942,2
ISIC_0015943,2
ISIC_0015944,2
ISIC_0015945,2
ISIC_0015946,2
ISIC_0015947,2
ISIC_0015948,2
ISIC_0015949,2
ISIC_0015950,2
ISIC_0015951,2
ISIC_0015952,2
ISIC_0015954,1
ISIC_0015955,1
ISIC_0015956,1
ISIC_0015957,1
ISIC_0015958,1
ISIC_0015959,1
ISIC_0015960,2
ISIC_0015961,1
ISIC_0015962,1
ISIC_0015963,1
ISIC_0015965,1
ISIC_0015966,1
ISIC_0015968,1
ISIC_0015971,2
ISIC_0015972,1
ISIC_0015973,0
ISIC_0015975,2
ISIC_0015976,2
ISIC_0015977,1
ISIC_0015979,2
ISIC_0015980,2
ISIC_0015981,2
ISIC_0015982,2
ISIC_0015983,1
ISIC_0015984,1
ISIC_0015985,1
ISIC_0015986,2
ISIC_0015987,2
ISIC_0015988,2
ISIC_0015989,2
ISIC_0015990,2
ISIC_0015991,2
ISIC_0015992,1
ISIC_0015993,2
ISIC_0015994,1
ISIC_0015995,2
ISIC_0015996,2
ISIC_0015997,1
ISIC_0015998,1
ISIC_0015999,2
ISIC_0016000,1
ISIC_0016001,2
ISIC_0016002,2
ISIC_0016003,2
ISIC_0016004,1
ISIC_0016005,1
ISIC_0016007,1
ISIC_0016008,1
ISIC_0016009,1
ISIC_0016010,1
ISIC_0016011,1
ISIC_0016012,2
ISIC_0016013,2
ISIC_0016014,2
ISIC_0016015,2
ISIC_0016016,1
ISIC_0016017,1
ISIC_0016018,1
ISIC_0016021,1
ISIC_0016022,1
ISIC_0016023,1
ISIC_0016024,1
ISIC_0016025,2
ISIC_0016026,2
ISIC_0016027,1
ISIC_0016028,1
ISIC_0016029,1
ISIC_0016030,1
ISIC_0016031,1
ISIC_0016032,1
ISIC_0016033,1
ISIC_0016034,2
ISIC_0016035,2
ISIC_0016036,2
ISIC_0016037,1
ISIC_0016038,2
ISIC_0016039,2
ISIC_0016040,2
ISIC_0016042,1
ISIC_0016043,1
ISIC_0016044,0
ISIC_0016045,1
ISIC_0016046,2
ISIC_0016047,1
ISIC_0016048,1
ISIC_0016049,1
ISIC_0016050,1
ISIC_0016051,1
ISIC_0016052,1
ISIC_0016053,1
ISIC_0016054,1
ISIC_0016056,1
ISIC_0016057,1
ISIC_0016059,1
ISIC_0016060,1
ISIC_0016061,1
ISIC_0016062,1
ISIC_0016063,1
ISIC_0016064,1
ISIC_0016065,1
ISIC_0016066,1
ISIC_0016067,1
ISIC_0016068,1
ISIC_0016069,1
ISIC_0016071,2
ISIC_0016072,1
ISIC_0016080,1
ISIC_0016081,2
ISIC_0016082,2
ISIC_0016084,2
ISIC_0016085,1
ISIC_0016092,2
ISIC_0016094,0
ISIC_0016103,2
ISIC_0016105,1
ISIC_0016112,1
ISIC_0016114,0
ISIC_0016123,1
ISIC_0016127,2
ISIC_0016128,0
ISIC_0016131,2
ISIC_0016133,2
ISIC_0016137,1
ISIC_0016139,1
ISIC_0016143,0
ISIC_0016145,1
ISIC_0016153,1
ISIC_0016161,1
ISIC_0016162,1
ISIC_0016438,0
ISIC_0016911,0
ISIC_0017350,0
ISIC_0017399,0
ISIC_0017411,0
ISIC_0017414,0
ISIC_0017415,0
ISIC_0017422,0
ISIC_0017428,0
ISIC_0017431,0
ISIC_0017434,0
ISIC_0017436,0
ISIC_0017443,0
ISIC_0017448,0
ISIC_0017451,0
ISIC_0017453,0
ISIC_0017455,0
ISIC_0017460,0
ISIC_0017485,0
ISIC_0017486,0
ISIC_0017856,0
ISIC_0018039,0
ISIC_0018040,0
ISIC_0018109,0
ISIC_0018179,0
ISIC_0018989,0
ISIC_0019092,0
ISIC_0019315,0
ISIC_0019334,0
ISIC_0019335,0
ISIC_0019432,0
ISIC_0019902,0
ISIC_0019903,0
ISIC_0019970,0
ISIC_0020479,0
ISIC_0020491,0
ISIC_0020663,0
ISIC_0020951,0
ISIC_0020952,0
ISIC_0020953,0
ISIC_0020954,0
ISIC_0020955,0
ISIC_0020956,0
ISIC_0020957,0
ISIC_0020958,0
ISIC_0020959,0
ISIC_0020960,0
ISIC_0020961,0
ISIC_0020962,0
ISIC_0020963,0
ISIC_0020964,0
ISIC_0020965,0
ISIC_0020966,0
ISIC_0020967,0
ISIC_0020968,0
ISIC_0020969,1
ISIC_0020970,0
ISIC_0020971,0
ISIC_0020972,0
ISIC_0020973,0
ISIC_0020974,0
ISIC_0020975,0
ISIC_0020976,0
ISIC_0020977,0
ISIC_0020978,0
ISIC_0020979,0
ISIC_0020980,0
ISIC_0020981,0
ISIC_0020982,0
ISIC_0020983,0
ISIC_0020984,0
ISIC_0020985,0
ISIC_0020986,0
ISIC_0020987,0
ISIC_0020988,0
ISIC_0020989,0
ISIC_0020990,0
ISIC_0020991,0
ISIC_0020992,0
ISIC_0020993,0
ISIC_0020994,0
ISIC_0020995,0
ISIC_0020996,0
ISIC_0020997,0
ISIC_0020998,0
ISIC_0020999,0
ISIC_0021000,0
ISIC_0021001,0
ISIC_0021002,0
ISIC_0021003,0
ISIC_0021004,0
ISIC_0021005,0
ISIC_0021006,0
ISIC_0021007,0
ISIC_0021008,0
ISIC_0021009,0
ISIC_0021010,0
ISIC_0021011,0
ISIC_0021012,0
ISIC_0021013,0
ISIC_0021014,0
ISIC_0021015,0
ISIC_0021016,0
ISIC_0021017,0
ISIC_0021018,0
ISIC_0021019,0
ISIC_0021020,0
ISIC_0021021,0
ISIC_0021028,0
ISIC_0021029,0
ISIC_0021030,0
ISIC_0021032,0
ISIC_0021033,0
ISIC_0021034,0
ISIC_0021035,0
ISIC_0021036,0
ISIC_0021037,0
ISIC_0021039,0
ISIC_0021040,0
ISIC_0021041,0
ISIC_0021042,0
ISIC_0021043,0
ISIC_0021044,0
ISIC_0021045,0
ISIC_0021046,0
ISIC_0021048,0
ISIC_0021049,0
ISIC_0021050,0
ISIC_0021051,0
ISIC_0021052,0
ISIC_0021053,0
ISIC_0021054,0
ISIC_0021055,0
ISIC_0021056,0
ISIC_0021057,0
ISIC_0021058,0
ISIC_0021059,0
ISIC_0021060,0
ISIC_0021061,0
ISIC_0021062,0
ISIC_0021063,0
ISIC_0021064,0
ISIC_0021065,0
ISIC_0021066,0
ISIC_0021067,0
ISIC_0021068,0
ISIC_0021069,0
ISIC_0021070,0
ISIC_0021071,0
ISIC_0021072,0
ISIC_0021073,0
ISIC_0021074,0
ISIC_0021075,0
ISIC_0021076,0
ISIC_0021077,0
ISIC_0021078,0
ISIC_0021079,0
ISIC_0021080,0
ISIC_0021081,0
ISIC_0021082,0
ISIC_0021083,0
ISIC_0021084,0
ISIC_0021085,0
ISIC_0021086,0
ISIC_0021087,0
ISIC_0021088,0
ISIC_0021089,0
ISIC_0021090,0
ISIC_0021091,0
ISIC_0021092,0
ISIC_0021094,0
ISIC_0021095,0
ISIC_0021099,0
ISIC_0021100,0
ISIC_0021101,0
ISIC_0021102,0
ISIC_0021103,0
ISIC_0021104,0
ISIC_0021105,0
ISIC_0021106,0
ISIC_0021107,0
ISIC_0021108,0
ISIC_0021109,0
ISIC_0021110,0
ISIC_0021111,0
ISIC_0021112,0
ISIC_0021113,0
ISIC_0021114,0
ISIC_0021115,0
ISIC_0021116,0
ISIC_0021117,0
ISIC_0021118,0
ISIC_0021119,0
ISIC_0021120,0
ISIC_0021121,0
ISIC_0021122,0
ISIC_0021123,0
ISIC_0021124,0
ISIC_0021125,0
ISIC_0021132,0
ISIC_0021133,0
ISIC_0021134,0
ISIC_0021135,0
ISIC_0021136,0
ISIC_0021137,0
ISIC_0021138,0
ISIC_0021139,0
ISIC_0021140,0
ISIC_0021141,0
ISIC_0021147,0
ISIC_0021149,0
ISIC_0021150,0
ISIC_0021151,0
ISIC_0021152,0
ISIC_0021153,0
ISIC_0021154,0
ISIC_0021155,0
ISIC_0021156,0
ISIC_0021157,0
ISIC_0021158,0
ISIC_0021159,0
ISIC_0021160,0
ISIC_0021161,0
ISIC_0021162,0
ISIC_0021163,0
ISIC_0021164,0
ISIC_0021165,0
ISIC_0021166,0
ISIC_0021167,0
ISIC_0021168,0
ISIC_0021169,0
ISIC_0021170,0
ISIC_0021171,0
ISIC_0021172,0
ISIC_0021173,0
ISIC_0021174,0
ISIC_0021175,0
ISIC_0021176,0
ISIC_0021187,0
ISIC_0021188,0
ISIC_0021189,0
ISIC_0021190,0
ISIC_0021191,0
ISIC_0021192,0
ISIC_0021193,0
ISIC_0021194,0
ISIC_0021195,0
ISIC_0021196,0
ISIC_0021197,0
ISIC_0021198,0
ISIC_0021199,0
ISIC_0021200,0
ISIC_0021201,0
ISIC_0021202,0
ISIC_0021203,0
ISIC_0021204,0
ISIC_0021205,0
ISIC_0021206,0
ISIC_0021207,0
ISIC_0021208,0
ISIC_0021209,0
ISIC_0021210,0
ISIC_0021214,0
ISIC_0021215,0
ISIC_0021216,0
ISIC_0021221,0
ISIC_0021224,0
ISIC_0021225,0
ISIC_0021226,0
ISIC_0021227,0
ISIC_0021228,0
ISIC_0021229,0
ISIC_0021230,0
ISIC_0021231,0
ISIC_0021232,0
ISIC_0021233,0
ISIC_0021234,0
ISIC_0021235,0
ISIC_0021236,0
ISIC_0021237,0
ISIC_0021238,0
ISIC_0021239,0
ISIC_0021240,0
ISIC_0021241,0
ISIC_0021242,0
ISIC_0021243,0
ISIC_0021244,0
ISIC_0021245,0
ISIC_0021246,0
ISIC_0021250,0
ISIC_0021251,0
ISIC_0021252,0
ISIC_0021253,0
ISIC_0021254,0
ISIC_0021255,0
ISIC_0021256,0
ISIC_0021257,0
ISIC_0021258,0
ISIC_0021259,0
ISIC_0021260,0
ISIC_0021261,0
ISIC_0021262,0
ISIC_0021263,0
ISIC_0021264,0
ISIC_0021265,0
ISIC_0021266,0
ISIC_0021267,0
ISIC_0021268,0
ISIC_0021269,0
ISIC_0021270,0
ISIC_0021271,0
ISIC_0021272,0
ISIC_0021273,0
ISIC_0021274,0
ISIC_0021278,0
ISIC_0021279,0
ISIC_0021280,0
ISIC_0021281,0
ISIC_0021282,0
ISIC_0021283,0
ISIC_0021284,0
ISIC_0021285,0
ISIC_0021286,0
ISIC_0021287,0
ISIC_0021288,0
ISIC_0021289,0
ISIC_0021290,0
ISIC_0021291,0
ISIC_0021292,0
ISIC_0021293,0
ISIC_0021294,0
ISIC_0021295,0
ISIC_0021296,0
ISIC_0021297,0
ISIC_0021301,0
ISIC_0021302,0
ISIC_0021303,0
ISIC_0021304,0
ISIC_0021305,0
ISIC_0021306,0
ISIC_0021307,0
ISIC_0021314,0
ISIC_0021315,0
ISIC_0021316,0
ISIC_0021317,0
ISIC_0021318,0
ISIC_0021319,0
ISIC_0021320,0
ISIC_0021321,0
ISIC_0021322,0
ISIC_0021323,0
ISIC_0021324,0
ISIC_0021325,0
ISIC_0021326,0
ISIC_0021327,0
ISIC_0021328,0
ISIC_0021329,0
ISIC_0021330,0
ISIC_0021331,0
ISIC_0021332,0
ISIC_0021333,0
ISIC_0021334,0
ISIC_0021335,0
ISIC_0021336,0
ISIC_0021337,0
ISIC_0021338,0
ISIC_0021339,0
ISIC_0021340,0
ISIC_0021341,0
ISIC_0021342,0
ISIC_0021343,0
ISIC_0021344,0
ISIC_0021345,0
ISIC_0021346,0
ISIC_0021347,0
ISIC_0021348,0
ISIC_0021349,0
ISIC_0021353,0
ISIC_0021354,0
ISIC_0021355,0
ISIC_0021356,0
ISIC_0021357,0
ISIC_0021358,0
ISIC_0021359,0
ISIC_0021360,0
ISIC_0021366,0
ISIC_0021371,0
ISIC_0021372,0
ISIC_0021373,0
ISIC_0021374,0
ISIC_0021378,0
ISIC_0021379,0
ISIC_0021380,0
ISIC_0021381,0
ISIC_0021382,0
ISIC_0021383,0
ISIC_0021384,0
ISIC_0021385,0
ISIC_0021386,0
ISIC_0021387,0
ISIC_0021388,0
ISIC_0021390,0
ISIC_0021391,0
ISIC_0021392,0
ISIC_0021393,0
ISIC_0021394,0
ISIC_0021395,0
ISIC_0021396,0
ISIC_0021397,0
ISIC_0021398,0
ISIC_0021399,0
ISIC_0021400,0
ISIC_0021401,0
ISIC_0021402,0
ISIC_0021403,0
ISIC_0021404,0
ISIC_0021405,0
ISIC_0021406,0
ISIC_0021407,0
ISIC_0021408,0
ISIC_0021409,0
ISIC_0021410,0
ISIC_0021411,0
ISIC_0021412,0
ISIC_0021413,0
ISIC_0021414,0
ISIC_0021415,0
ISIC_0021422,0
ISIC_0021423,0
ISIC_0021424,0
ISIC_0021426,0
ISIC_0021427,0
ISIC_0021428,0
ISIC_0021429,0
ISIC_0021430,0
ISIC_0021431,0
ISIC_0021432,0
ISIC_0021434,0
ISIC_0021435,0
ISIC_0021436,0
ISIC_0021437,0
ISIC_0021438,0
ISIC_0021439,0
ISIC_0021440,0
ISIC_0021441,0
ISIC_0021442,0
ISIC_0021443,0
ISIC_0021446,0
ISIC_0021447,0
ISIC_0021448,0
ISIC_0021449,0
ISIC_0021453,0
ISIC_0021454,0
ISIC_0021455,0
ISIC_0021457,0
ISIC_0021458,0
ISIC_0021459,0
ISIC_0021466,0
ISIC_0021468,0
ISIC_0021469,0
ISIC_0021473,0
ISIC_0021474,0
ISIC_0021475,0
ISIC_0021477,0
ISIC_0021478,0
ISIC_0021479,0
ISIC_0021480,0
ISIC_0021481,0
ISIC_0021482,0
ISIC_0021483,0
ISIC_0021484,0
ISIC_0021485,0
ISIC_0021486,0
ISIC_0021487,0
ISIC_0021488,0
ISIC_0021489,0
ISIC_0021490,0
ISIC_0021491,0
ISIC_0021492,0
ISIC_0021493,0
ISIC_0021494,0
ISIC_0021495,0
ISIC_0021496,0
ISIC_0021497,0
ISIC_0021498,0
ISIC_0021499,0
ISIC_0021500,0
ISIC_0021501,0
ISIC_0021502,0
ISIC_0021503,0
ISIC_0021504,0
ISIC_0021505,0
ISIC_0021506,0
ISIC_0021507,0
ISIC_0021508,0
ISIC_0021509,0
ISIC_0021510,0
ISIC_0021511,0
ISIC_0021512,0
ISIC_0021513,0
ISIC_0021514,0
ISIC_0021515,0
ISIC_0021516,0
ISIC_0021517,0
ISIC_0021518,0
ISIC_0021519,0
ISIC_0021520,0
ISIC_0021521,0
ISIC_0021522,0
ISIC_0021523,0
ISIC_0021524,0
ISIC_0021525,0
ISIC_0021526,0
ISIC_0021527,0
ISIC_0021528,0
ISIC_0021529,0
ISIC_0021530,0
ISIC_0021531,0
ISIC_0021532,0
ISIC_0021533,0
ISIC_0021534,0
ISIC_0021535,0
ISIC_0021536,0
ISIC_0021537,0
ISIC_0021538,0
ISIC_0021539,0
ISIC_0021541,0
ISIC_0021542,0
ISIC_0021543,0
ISIC_0021544,0
ISIC_0021545,0
ISIC_0021546,0
ISIC_0021547,0
ISIC_0021548,0
ISIC_0021549,0
ISIC_0021550,0
ISIC_0021551,0
ISIC_0021552,0
ISIC_0021553,0
ISIC_0021554,0
ISIC_0021555,0
ISIC_0021556,0
ISIC_0021557,0
ISIC_0021558,0
ISIC_0021559,0
ISIC_0021560,0
ISIC_0021563,0
ISIC_0021565,0
ISIC_0021566,0
ISIC_0021567,0
ISIC_0021571,0
ISIC_0021572,0
ISIC_0021573,0
ISIC_0021574,0
ISIC_0021575,0
ISIC_0021576,0
ISIC_0021577,0
ISIC_0021578,0
ISIC_0021579,0
ISIC_0021580,0
ISIC_0021581,0
ISIC_0021582,0
ISIC_0021583,0
ISIC_0021584,0
ISIC_0021585,0
ISIC_0021586,0
ISIC_0021587,0
ISIC_0021588,0
ISIC_0021589,0
ISIC_0021590,0
ISIC_0021591,0
ISIC_0021592,0
ISIC_0021593,0
ISIC_0021594,0
ISIC_0021595,0
ISIC_0021596,0
ISIC_0021597,0
ISIC_0021598,0
ISIC_0021599,0
ISIC_0021600,0
ISIC_0021601,0
ISIC_0021602,0
ISIC_0021603,0
ISIC_0021604,0
ISIC_0021605,0
ISIC_0021606,0
ISIC_0021607,0
ISIC_0021608,0
ISIC_0021611,0
ISIC_0021613,0
ISIC_0021614,0
ISIC_0021615,0
ISIC_0021622,0
ISIC_0021623,0
ISIC_0021624,0
ISIC_0021625,0
ISIC_0021627,0
ISIC_0021631,0
ISIC_0021632,0
ISIC_0021633,0
ISIC_0021634,0
ISIC_0021635,0
ISIC_0021636,0
ISIC_0021637,0
ISIC_0021638,0
ISIC_0021639,0
ISIC_0021640,0
ISIC_0021641,0
ISIC_0021642,0
ISIC_0021643,0
ISIC_0021644,0
ISIC_0021645,0
ISIC_0021646,0
ISIC_0021647,0
ISIC_0021648,0
ISIC_0021649,0
ISIC_0021650,0
ISIC_0021651,0
ISIC_0021652,0
ISIC_0021653,0
ISIC_0021654,0
ISIC_0021655,0
ISIC_0021662,0
ISIC_0021663,0
ISIC_0021664,0
ISIC_0021665,0
ISIC_0021669,0
ISIC_0021670,0
ISIC_0021671,0
ISIC_0021672,0
ISIC_0021673,0
ISIC_0021674,0
ISIC_0021675,0
ISIC_0021676,0
ISIC_0021677,0
ISIC_0021678,0
ISIC_0021679,0
ISIC_0021680,0
ISIC_0021681,0
ISIC_0021682,0
ISIC_0021686,0
ISIC_0021687,0
ISIC_0021688,0
ISIC_0021689,0
ISIC_0021690,0
ISIC_0021691,0
ISIC_0021692,0
ISIC_0021693,0
ISIC_0021694,0
ISIC_0021695,0
ISIC_0021696,0
ISIC_0021697,0
ISIC_0021698,0
ISIC_0021699,0
ISIC_0021700,0
ISIC_0021701,0
ISIC_0021702,0
ISIC_0021704,0
ISIC_0021705,0
ISIC_0021706,0
ISIC_0021707,0
ISIC_0021708,0
ISIC_0021709,0
ISIC_0021710,0
ISIC_0021711,0
ISIC_0021712,0
ISIC_0021713,0
ISIC_0021714,0
ISIC_0021715,0
ISIC_0021716,0
ISIC_0021717,0
ISIC_0021718,0
ISIC_0021719,0
ISIC_0021720,0
ISIC_0021721,0
ISIC_0021722,0
ISIC_0021723,0
ISIC_0021724,0
ISIC_0021725,0
ISIC_0021726,0
ISIC_0021727,0
ISIC_0021728,0
ISIC_0021729,0
ISIC_0021730,0
ISIC_0021731,0
ISIC_0021732,0
ISIC_0021733,0
ISIC_0021734,0
ISIC_0021735,0
ISIC_0021736,0
ISIC_0021737,0
ISIC_0021738,0
ISIC_0021739,0
ISIC_0021740,0
ISIC_0021741,0
ISIC_0021742,0
ISIC_0021743,0
ISIC_0021744,0
ISIC_0021745,0
ISIC_0021746,0
ISIC_0021747,0
ISIC_0021748,0
ISIC_0021749,0
ISIC_0021750,0
ISIC_0021751,0
ISIC_0021752,0
ISIC_0021753,0
ISIC_0021754,0
ISIC_0021755,0
ISIC_0021756,0
ISIC_0021757,0
ISIC_0021758,0
ISIC_0021762,0
ISIC_0021763,0
ISIC_0021764,0
ISIC_0021765,0
ISIC_0021766,0
ISIC_0021767,0
ISIC_0021768,0
ISIC_0021769,0
ISIC_0021770,0
ISIC_0021771,0
ISIC_0021772,0
ISIC_0021777,0
ISIC_0021780,0
ISIC_0021781,0
ISIC_0021782,0
ISIC_0021783,0
ISIC_0021784,0
ISIC_0021785,0
ISIC_0021786,0
ISIC_0021787,0
ISIC_0021788,0
ISIC_0021789,0
ISIC_0021790,0
ISIC_0021791,0
ISIC_0021792,0
ISIC_0021796,0
ISIC_0021797,0
ISIC_0021798,0
ISIC_0021799,0
ISIC_0021800,0
ISIC_0021801,0
ISIC_0021802,0
ISIC_0021803,0
ISIC_0021804,0
ISIC_0021805,0
ISIC_0021806,0
ISIC_0021807,0
ISIC_0021808,0
ISIC_0021809,0
ISIC_0021810,0
ISIC_0021811,0
ISIC_0021812,0
ISIC_0021814,0
ISIC_0021815,0
ISIC_0021816,0
ISIC_0021817,0
ISIC_0021818,0
ISIC_0021819,0
ISIC_0021821,0
ISIC_0021822,0
ISIC_0021823,0
ISIC_0021824,0
ISIC_0021828,0
ISIC_0021829,0
ISIC_0021830,0
ISIC_0021831,0
ISIC_0021832,0
ISIC_0021833,0
ISIC_0021834,0
ISIC_0021835,0
ISIC_0021836,0
ISIC_0021837,0
ISIC_0021838,0
ISIC_0021842,0
ISIC_0021843,0
ISIC_0021844,0
ISIC_0021845,0
ISIC_0021846,0
ISIC_0021847,0
ISIC_0021848,0
ISIC_0021849,0
ISIC_0021850,0
ISIC_0021851,0
ISIC_0021852,0
ISIC_0021853,0
ISIC_0021854,0
ISIC_0021855,0
ISIC_0021856,0
ISIC_0021857,0
ISIC_0021858,0
ISIC_0021859,0
ISIC_0021860,0
ISIC_0021861,0
ISIC_0021862,0
ISIC_0021863,0
ISIC_0021864,0
ISIC_0021865,0
ISIC_0021867,0
ISIC_0021873,0
ISIC_0021874,0
ISIC_0021875,0
ISIC_0021876,0
ISIC_0021880,0
ISIC_0021881,0
ISIC_0021882,0
ISIC_0021883,0
ISIC_0021884,0
ISIC_0021885,0
ISIC_0021886,0
ISIC_0021887,0
ISIC_0021891,0
ISIC_0021892,0
ISIC_0021893,0
ISIC_0021894,0
ISIC_0021896,0
ISIC_0021897,0
ISIC_0021898,0
ISIC_0021899,0
ISIC_0021900,0
ISIC_0021901,0
ISIC_0021902,0
ISIC_0021903,0
ISIC_0021904,0
ISIC_0021905,0
ISIC_0021906,0
ISIC_0021907,0
ISIC_0021908,0
ISIC_0021909,0
ISIC_0021910,0
ISIC_0021911,0
ISIC_0021912,0
ISIC_0021913,0
ISIC_0021914,0
ISIC_0021915,0
ISIC_0021916,0
ISIC_0021917,0
ISIC_0021918,0
ISIC_0021919,0
ISIC_0021920,0
ISIC_0021921,0
ISIC_0021922,0
ISIC_0021923,0
ISIC_0021924,0
ISIC_0021925,0
ISIC_0021926,0
ISIC_0021927,0
ISIC_0021928,0
ISIC_0021929,0
ISIC_0021930,0
ISIC_0021931,0
ISIC_0021932,0
ISIC_0021933,0
ISIC_0021934,0
ISIC_0021935,0
ISIC_0021936,0
ISIC_0021942,0
ISIC_0021943,0
ISIC_0021944,0
ISIC_0021945,0
ISIC_0021946,0
ISIC_0021947,0
ISIC_0021948,0
ISIC_0021949,0
ISIC_0021950,0
ISIC_0021954,0
ISIC_0021959,0
ISIC_0021960,0
ISIC_0021961,0
ISIC_0021962,0
ISIC_0021963,0
ISIC_0021964,0
ISIC_0021965,0
ISIC_0021966,0
ISIC_0021967,0
ISIC_0021968,0
ISIC_0021969,0
ISIC_0021970,0
ISIC_0021971,0
ISIC_0021972,0
ISIC_0021973,0
ISIC_0021974,0
ISIC_0021975,0
ISIC_0021976,0
ISIC_0021977,0
ISIC_0021978,0
ISIC_0021979,0
ISIC_0021980,0
ISIC_0021981,0
ISIC_0021982,0
ISIC_0021983,0
ISIC_0021984,0
ISIC_0021985,0
ISIC_0021986,0
ISIC_0021987,0
ISIC_0021988,0
ISIC_0021989,0
ISIC_0021990,0
ISIC_0021991,0
ISIC_0021992,0
ISIC_0021993,0
ISIC_0021994,0
ISIC_0021995,0
ISIC_0021996,0
ISIC_0021997,0
ISIC_0021998,0
ISIC_0021999,0
ISIC_0022000,0
ISIC_0022001,0
ISIC_0022002,0
ISIC_0022003,0
ISIC_0022004,0
ISIC_0022005,0
ISIC_0022008,0
ISIC_0022009,0
ISIC_0022010,0
ISIC_0022011,0
ISIC_0022012,0
ISIC_0022013,0
ISIC_0022014,0
ISIC_0022015,0
ISIC_0022016,0
ISIC_0022018,0
ISIC_0022019,0
ISIC_0022020,0
ISIC_0022021,0
ISIC_0022022,0
ISIC_0022039,0
ISIC_0022040,0
ISIC_0022041,0
ISIC_0022042,0
ISIC_0022043,0
ISIC_0022044,0
ISIC_0022045,0
ISIC_0022046,0
ISIC_0022047,0
ISIC_0022048,0
ISIC_0022050,0
ISIC_0022051,0
ISIC_0022052,0
ISIC_0022053,0
ISIC_0022059,0
ISIC_0022066,0
ISIC_0022067,0
ISIC_0022068,0
ISIC_0022069,0
ISIC_0022070,0
ISIC_0022071,0
ISIC_0022073,0
ISIC_0022074,0
ISIC_0022075,0
ISIC_0022076,0
ISIC_0022077,0
ISIC_0022078,0
ISIC_0022079,0
ISIC_0022080,0
ISIC_0022081,0
ISIC_0022082,0
ISIC_0022083,0
ISIC_0022085,0
ISIC_0022086,0
ISIC_0022089,0
ISIC_0022090,0
ISIC_0022092,0
ISIC_0022093,0
ISIC_0022094,0
ISIC_0022095,0
ISIC_0022096,0
ISIC_0022097,0
ISIC_0022102,0
ISIC_0022103,0
ISIC_0022104,0
ISIC_0022105,0
ISIC_0022106,0
ISIC_0022107,0
ISIC_0022108,0
ISIC_0022109,0
ISIC_0022110,0
ISIC_0022113,0
ISIC_0022114,0
ISIC_0022120,0
ISIC_0022121,0
ISIC_0022122,0
ISIC_0022123,0
ISIC_0022124,0
ISIC_0022125,0
ISIC_0022126,0
ISIC_0022127,0
ISIC_0022128,0
ISIC_0022129,0
ISIC_0022130,0
ISIC_0022131,0
ISIC_0022132,0
ISIC_0022133,0
ISIC_0022134,0
ISIC_0022135,0
ISIC_0022136,0
ISIC_0022137,0
ISIC_0022138,0
ISIC_0022139,0
ISIC_0022140,0
ISIC_0022141,0
ISIC_0022142,0
ISIC_0022143,0
ISIC_0022144,0
ISIC_0022145,0
ISIC_0022146,0
ISIC_0022147,0
ISIC_0022148,0
ISIC_0022149,0
ISIC_0022150,0
ISIC_0022151,0
ISIC_0022152,0
ISIC_0022153,0
ISIC_0022154,0
ISIC_0022155,0
ISIC_0022156,0
ISIC_0022157,0
ISIC_0022158,0
ISIC_0022162,0
ISIC_0022164,0
ISIC_0022165,0
ISIC_0022166,0
ISIC_0022167,0
ISIC_0022168,0
ISIC_0022169,0
ISIC_0022170,0
ISIC_0022171,0
ISIC_0022172,0
ISIC_0022173,0
ISIC_0022174,0
ISIC_0022175,0
ISIC_0022176,0
ISIC_0022177,0
ISIC_0022178,0
ISIC_0022179,0
ISIC_0022180,0
ISIC_0022181,0
ISIC_0022182,0
ISIC_0022183,0
ISIC_0022184,0
ISIC_0022185,0
ISIC_0022186,0
ISIC_0022187,0
ISIC_0022188,0
ISIC_0022189,0
ISIC_0022190,0
ISIC_0022191,0
ISIC_0022192,0
ISIC_0022193,0
ISIC_0022194,0
ISIC_0022195,0
ISIC_0022196,0
ISIC_0022197,0
ISIC_0022198,0
ISIC_0022199,0
ISIC_0022200,0
ISIC_0022201,0
ISIC_0022202,0
ISIC_0022203,0
ISIC_0022208,0
ISIC_0022209,0
ISIC_0022210,0
ISIC_0022211,0
ISIC_0022212,0
ISIC_0022213,0
ISIC_0022215,0
ISIC_0022216,0
ISIC_0022217,0
ISIC_0022218,0
ISIC_0022224,0
ISIC_0022225,0
ISIC_0022226,0
ISIC_0022227,0
ISIC_0022228,0
ISIC_0022229,0
ISIC_0022230,0
ISIC_0022231,0
ISIC_0022232,0
ISIC_0022233,0
ISIC_0022234,0
ISIC_0022235,0
ISIC_0022236,0
ISIC_0022237,0
ISIC_0022238,0
ISIC_0022239,0
ISIC_0022240,0
ISIC_0022241,0
ISIC_0022242,0
ISIC_0022243,0
ISIC_0022244,0
ISIC_0022245,0
ISIC_0022246,0
ISIC_0022247,0
ISIC_0022248,0
ISIC_0022249,0
ISIC_0022250,0
ISIC_0022251,0
ISIC_0022252,0
ISIC_0022253,0
ISIC_0022254,0
ISIC_0022255,0
ISIC_0022256,0
ISIC_0022257,0
ISIC_0022261,0
ISIC_0022264,0
ISIC_0022266,0
ISIC_0022267,0
ISIC_0022268,0
ISIC_0022269,0
ISIC_0022270,0
ISIC_0022271,0
ISIC_0022272,0
ISIC_0022273,0
ISIC_0022274,0
ISIC_0022275,0
ISIC_0022276,0
ISIC_0022277,0
ISIC_0022278,0
ISIC_0022282,0
ISIC_0022283,0
ISIC_0022284,0
ISIC_0022285,0
ISIC_0022286,0
ISIC_0022288,0
ISIC_0022289,0
ISIC_0022290,0
ISIC_0022291,0
ISIC_0022292,0
ISIC_0022293,0
ISIC_0022294,0
ISIC_0022295,0
ISIC_0022296,0
ISIC_0022297,0
ISIC_0022299,0
ISIC_0022300,0
ISIC_0022301,0
ISIC_0022302,0
ISIC_0022303,0
ISIC_0022304,0
ISIC_0022305,0
ISIC_0022306,0
ISIC_0022307,0
ISIC_0022308,0
ISIC_0022310,0
ISIC_0022311,0
ISIC_0022312,0
ISIC_0022313,0
ISIC_0022314,0
ISIC_0022315,0
ISIC_0022316,0
ISIC_0022317,0
ISIC_0022318,0
ISIC_0022319,0
ISIC_0022320,0
ISIC_0022321,0
ISIC_0022322,0
ISIC_0022323,0
ISIC_0022324,0
ISIC_0022325,0
ISIC_0022326,0
ISIC_0022327,0
ISIC_0022328,0
ISIC_0022329,0
ISIC_0022330,0
ISIC_0022331,0
ISIC_0022332,0
ISIC_0022333,0
ISIC_0022334,0
ISIC_0022335,0
ISIC_0022336,0
ISIC_0022337,0
ISIC_0022338,0
ISIC_0022339,0
ISIC_0022340,0
ISIC_0022342,0
ISIC_0022343,0
ISIC_0022344,0
ISIC_0022345,0
ISIC_0022346,0
ISIC_0022347,0
ISIC_0022348,0
ISIC_0022349,0
ISIC_0022350,0
ISIC_0022351,0
ISIC_0022353,0
ISIC_0022354,0
ISIC_0022355,0
ISIC_0022356,0
ISIC_0022357,0
ISIC_0022358,0
ISIC_0022359,0
ISIC_0022360,0
ISIC_0022361,0
ISIC_0022362,0
ISIC_0022363,0
ISIC_0022364,0
ISIC_0022365,0
ISIC_0022366,0
ISIC_0022367,0
ISIC_0022368,0
ISIC_0022369,0
ISIC_0022370,0
ISIC_0022371,0
ISIC_0022372,0
ISIC_0022373,0
ISIC_0022374,0
ISIC_0022376,0
ISIC_0022377,0
ISIC_0022378,0
ISIC_0022379,0
ISIC_0022380,0
ISIC_0022381,0
ISIC_0022382,0
ISIC_0022383,0
ISIC_0022384,0
ISIC_0022385,0
ISIC_0022387,0
ISIC_0022390,0
ISIC_0022391,0
ISIC_0022392,0
ISIC_0022393,0
ISIC_0022394,0
ISIC_0022395,0
ISIC_0022397,0
ISIC_0022398,0
ISIC_0022399,0
ISIC_0022402,0
ISIC_0022408,0
ISIC_0022409,0
ISIC_0022410,0
ISIC_0022411,0
ISIC_0022412,0
ISIC_0022413,0
ISIC_0022414,0
ISIC_0022416,0
ISIC_0022417,0
ISIC_0022418,0
ISIC_0022419,0
ISIC_0022420,0
ISIC_0022421,0
ISIC_0022422,0
ISIC_0022423,0
ISIC_0022424,0
ISIC_0022425,0
ISIC_0022429,0
ISIC_0022430,0
ISIC_0022431,0
ISIC_0022432,0
ISIC_0022433,0
ISIC_0022434,0
ISIC_0022435,0
ISIC_0022436,0
ISIC_0022437,0
ISIC_0022439,0
ISIC_0022440,0
ISIC_0022441,0
ISIC_0022442,0
ISIC_0022443,0
ISIC_0022444,0
ISIC_0022445,0
ISIC_0022446,0
ISIC_0022447,0
ISIC_0022448,0
ISIC_0022450,0
ISIC_0022451,0
ISIC_0022452,0
ISIC_0022453,0
ISIC_0022455,0
ISIC_0022456,0
ISIC_0022459,0
ISIC_0022460,0
ISIC_0022461,0
ISIC_0022462,0
ISIC_0022463,0
ISIC_0022465,0
ISIC_0022467,0
ISIC_0022468,0
ISIC_0022469,0
ISIC_0022471,0
ISIC_0022472,0
ISIC_0022473,0
ISIC_0022474,0
ISIC_0022475,0
ISIC_0022476,0
ISIC_0022477,0
ISIC_0022480,0
ISIC_0022481,0
ISIC_0022482,0
ISIC_0022483,0
ISIC_0022484,0
ISIC_0022487,0
ISIC_0022488,0
ISIC_0022490,0
ISIC_0022491,0
ISIC_0022492,0
ISIC_0022493,0
ISIC_0022494,0
ISIC_0022495,0
ISIC_0022497,0
ISIC_0022521,0
ISIC_0022522,0
ISIC_0022523,0
ISIC_0022524,0
ISIC_0022525,0
ISIC_0022528,0
ISIC_0022530,0
ISIC_0022531,0
ISIC_0022535,0
ISIC_0022536,0
ISIC_0022538,0
ISIC_0022540,0
ISIC_0022542,0
ISIC_0022543,0
ISIC_0022545,0
ISIC_0022548,0
ISIC_0022549,0
ISIC_0022551,0
ISIC_0022552,0
ISIC_0022553,0
ISIC_0022554,0
ISIC_0022555,0
ISIC_0022556,0
ISIC_0022557,0
ISIC_0022559,0
ISIC_0022561,0
ISIC_0022562,0
ISIC_0022563,0
ISIC_0022564,0
ISIC_0022566,0
ISIC_0022570,0
ISIC_0022571,0
ISIC_0022572,0
ISIC_0022573,0
ISIC_0022574,0
ISIC_0022575,0
ISIC_0022577,0
ISIC_0022578,0
ISIC_0022579,0
ISIC_0022580,0
ISIC_0022581,0
ISIC_0022582,0
ISIC_0022583,0
ISIC_0022584,0
ISIC_0022588,0
ISIC_0022589,0
ISIC_0022590,0
ISIC_0022591,0
ISIC_0022592,0
ISIC_0022593,0
ISIC_0022594,0
ISIC_0022596,0
ISIC_0022597,0
ISIC_0022598,0
ISIC_0022601,0
ISIC_0022602,0
ISIC_0022603,0
ISIC_0022604,0
ISIC_0022608,0
ISIC_0022609,0
ISIC_0022611,0
ISIC_0022612,0
ISIC_0022613,0
ISIC_0022614,0
ISIC_0022615,0
ISIC_0022616,0
ISIC_0022617,0
ISIC_0022618,0
ISIC_0022624,0
ISIC_0022625,0
ISIC_0022627,0
ISIC_0022631,0
ISIC_0022632,0
ISIC_0022633,0
ISIC_0022634,0
ISIC_0022635,0
ISIC_0022636,0
ISIC_0022637,0
ISIC_0022638,0
ISIC_0022639,0
ISIC_0022640,0
ISIC_0022641,0
ISIC_0022642,0
ISIC_0022643,0
ISIC_0022646,0
ISIC_0022649,0
ISIC_0022650,0
ISIC_0022651,0
ISIC_0022652,0
ISIC_0022653,0
ISIC_0022654,0
ISIC_0022655,0
ISIC_0022656,0
ISIC_0022657,0
ISIC_0022658,0
ISIC_0022659,0
ISIC_0022660,0
ISIC_0022668,0
ISIC_0022671,0
ISIC_0022672,0
ISIC_0022673,0
ISIC_0022674,0
ISIC_0022675,0
ISIC_0022676,0
ISIC_0022677,0
ISIC_0022678,0
ISIC_0022679,0
ISIC_0022680,0
ISIC_0022681,0
ISIC_0022682,0
ISIC_0022683,0
ISIC_0022684,0
ISIC_0022685,0
ISIC_0022686,0
ISIC_0022687,0
ISIC_0022688,0
ISIC_0022689,0
ISIC_0022690,0
ISIC_0022691,0
ISIC_0022692,0
ISIC_0022693,0
ISIC_0022694,0
ISIC_0022695,0
ISIC_0022696,0
ISIC_0022697,0
ISIC_0022698,0
ISIC_0022699,0
ISIC_0022700,0
ISIC_0022701,0
ISIC_0022702,0
ISIC_0022703,0
ISIC_0022704,0
ISIC_0022705,0
ISIC_0022706,0
ISIC_0022707,0
ISIC_0022708,0
ISIC_0022709,0
ISIC_0022710,0
ISIC_0022711,0
ISIC_0022712,0
ISIC_0022713,0
ISIC_0022716,0
ISIC_0022720,0
ISIC_0022721,0
ISIC_0022722,0
ISIC_0022723,0
ISIC_0022724,0
ISIC_0022727,0
ISIC_0022735,0
ISIC_0022736,0
ISIC_0022737,0
ISIC_0022738,0
ISIC_0022739,0
ISIC_0022740,0
ISIC_0022741,0
ISIC_0022742,0
ISIC_0022743,0
ISIC_0022747,0
ISIC_0022748,0
ISIC_0022749,0
ISIC_0022750,0
ISIC_0022752,0
ISIC_0022753,0
ISIC_0022754,0
ISIC_0022755,0
ISIC_0022756,0
ISIC_0022757,0
ISIC_0022758,0
ISIC_0022759,0
ISIC_0022761,0
ISIC_0022762,0
ISIC_0022763,0
ISIC_0022764,0
ISIC_0022765,0
ISIC_0022766,0
ISIC_0022767,0
ISIC_0022768,0
ISIC_0022769,0
ISIC_0022770,0
ISIC_0022772,0
ISIC_0022773,0
ISIC_0022774,0
ISIC_0022775,0
ISIC_0022776,0
ISIC_0022777,0
ISIC_0022778,0
ISIC_0022779,0
ISIC_0022780,0
ISIC_0022781,0
ISIC_0022782,0
ISIC_0022783,0
ISIC_0022785,0
ISIC_0022786,0
ISIC_0022791,0
ISIC_0022792,0
ISIC_0022793,0
ISIC_0022794,0
ISIC_0022795,0
ISIC_0022796,0
ISIC_0022797,0
ISIC_0022798,0
ISIC_0022799,0
ISIC_0022800,0
ISIC_0022801,0
ISIC_0022802,0
ISIC_0022803,0
ISIC_0022804,0
ISIC_0022805,0
ISIC_0022806,0
ISIC_0022807,0
ISIC_0022808,0
ISIC_0022809,0
ISIC_0022810,0
ISIC_0022811,0
ISIC_0022812,0
ISIC_0022813,0
ISIC_0022814,0
ISIC_0022815,0
ISIC_0022816,0
ISIC_0022817,0
ISIC_0022818,0
ISIC_0022819,0
ISIC_0022820,0
ISIC_0022821,0
ISIC_0022822,0
ISIC_0022823,0
ISIC_0022824,0
ISIC_0022825,0
ISIC_0022826,0
ISIC_0022827,0
ISIC_0022828,0
ISIC_0022829,0
ISIC_0022830,0
ISIC_0022831,0
ISIC_0022832,0
ISIC_0022833,0
ISIC_0022834,0
ISIC_0022835,0
ISIC_0022836,0
ISIC_0022837,0
ISIC_0022838,0
ISIC_0022839,0
ISIC_0022841,0
ISIC_0022842,0
ISIC_0022843,0
ISIC_0022844,0
ISIC_0022845,0
ISIC_0022846,0
ISIC_0022847,0
ISIC_0022848,0
ISIC_0022849,0
ISIC_0022850,0
ISIC_0022851,0
ISIC_0022852,0
ISIC_0022853,0
ISIC_0022854,0
ISIC_0022855,0
ISIC_0022856,0
ISIC_0022857,0
ISIC_0022858,0
ISIC_0022859,0
ISIC_0022860,0
ISIC_0022861,0
ISIC_0022862,0
ISIC_0022863,0
ISIC_0022864,0
ISIC_0022865,0
ISIC_0022866,0
ISIC_0022867,0
ISIC_0022868,0
ISIC_0022869,0
ISIC_0022870,0
ISIC_0022871,0
ISIC_0022872,0
ISIC_0022873,0
ISIC_0022874,0
ISIC_0022875,0
ISIC_0022877,0
ISIC_0022878,0
ISIC_0022879,0
ISIC_0022880,0
ISIC_0022881,0
ISIC_0022882,0
ISIC_0022883,0
ISIC_0022884,0
ISIC_0022885,0
ISIC_0022886,0
ISIC_0022888,0
ISIC_0022889,0
ISIC_0022890,0
ISIC_0022891,0
ISIC_0022892,0
ISIC_0022893,0
ISIC_0022894,0
ISIC_0022895,0
ISIC_0022896,0
ISIC_0022897,0
ISIC_0022898,0
ISIC_0022899,0
ISIC_0022900,0
ISIC_0022901,0
ISIC_0022902,0
ISIC_0022903,0
ISIC_0022904,0
ISIC_0022905,0
ISIC_0022906,0
ISIC_0022907,0
ISIC_0022908,0
ISIC_0022909,0
ISIC_0022910,0
ISIC_0022911,0
ISIC_0022912,0
ISIC_0022913,0
ISIC_0022914,0
ISIC_0022915,0
ISIC_0022916,0
ISIC_0022917,0
ISIC_0022918,0
ISIC_0022919,0
ISIC_0022920,0
ISIC_0022921,0
ISIC_0022922,0
ISIC_0022923,0
ISIC_0022924,0
ISIC_0022925,0
ISIC_0022926,0
ISIC_0022927,0
ISIC_0022928,0
ISIC_0022929,0
ISIC_0022930,0
ISIC_0022931,0
ISIC_0022932,0
ISIC_0022933,0
ISIC_0022934,0
ISIC_0022935,0
ISIC_0022936,0
ISIC_0022937,0
ISIC_0022938,0
ISIC_0022940,0
ISIC_0022941,0
ISIC_0022942,0
ISIC_0022943,0
ISIC_0022944,0
ISIC_0022945,0
ISIC_0022946,0
ISIC_0022947,0
ISIC_0022948,0
ISIC_0022949,0
ISIC_0022951,0
ISIC_0022952,0
ISIC_0022953,0
ISIC_0022954,0
ISIC_0022955,0
ISIC_0022956,0
ISIC_0022957,0
ISIC_0022958,0
ISIC_0022959,0
ISIC_0022960,0
ISIC_0022961,0
ISIC_0022962,0
ISIC_0022963,0
ISIC_0022964,0
ISIC_0022965,0
ISIC_0022966,0
ISIC_0022967,0
ISIC_0022968,0
ISIC_0022969,0
ISIC_0022970,0
ISIC_0022971,0
ISIC_0022972,0
ISIC_0022973,0
ISIC_0022974,0
ISIC_0022975,0
ISIC_0022976,0
ISIC_0022977,0
ISIC_0022978,0
ISIC_0022979,0
ISIC_0022980,0
ISIC_0022981,0
ISIC_0022982,0
ISIC_0022983,0
ISIC_0022984,0
ISIC_0022985,0
ISIC_0022986,0
ISIC_0022989,0
ISIC_0022991,0
ISIC_0022992,0
ISIC_0022993,0
ISIC_0022994,0
ISIC_0022995,0
ISIC_0022996,0
ISIC_0022997,0
ISIC_0022998,0
ISIC_0022999,0
ISIC_0023000,0
ISIC_0023001,0
ISIC_0023003,0
ISIC_0023004,0
ISIC_0023005,0
ISIC_0023006,0
ISIC_0023007,0
ISIC_0023008,0
ISIC_0023009,0
ISIC_0023010,0
ISIC_0023011,0
ISIC_0023013,0
ISIC_0023021,0
ISIC_0023022,0
ISIC_0023023,0
ISIC_0023024,0
ISIC_0023025,0
ISIC_0023026,0
ISIC_0023027,0
ISIC_0023028,0
ISIC_0023029,0
ISIC_0023030,0
ISIC_0023031,0
ISIC_0023035,0
ISIC_0023037,0
ISIC_0023038,0
ISIC_0023039,0
ISIC_0023040,0
ISIC_0023041,0
ISIC_0023042,0
ISIC_0023043,0
ISIC_0023044,0
ISIC_0023045,0
ISIC_0023046,0
ISIC_0023047,0
ISIC_0023048,0
ISIC_0023049,0
ISIC_0023050,0
ISIC_0023051,0
ISIC_0023052,0
ISIC_0023053,0
ISIC_0023054,0
ISIC_0023055,0
ISIC_0023056,0
ISIC_0023057,0
ISIC_0023058,0
ISIC_0023059,0
ISIC_0023060,0
ISIC_0023061,0
ISIC_0023062,0
ISIC_0023063,0
ISIC_0023064,0
ISIC_0023065,0
ISIC_0023066,0
ISIC_0023067,0
ISIC_0023068,0
ISIC_0023069,0
ISIC_0023070,0
ISIC_0023071,0
ISIC_0023072,0
ISIC_0023073,0
ISIC_0023074,0
ISIC_0023075,0
ISIC_0023076,0
ISIC_0023077,0
ISIC_0023078,0
ISIC_0023079,0
ISIC_0023080,0
ISIC_0023081,0
ISIC_0023090,0
ISIC_0023091,0
ISIC_0023092,0
ISIC_0023093,0
ISIC_0023094,0
ISIC_0023095,0
ISIC_0023098,0
ISIC_0023099,0
ISIC_0023101,0
ISIC_0023103,0
ISIC_0023104,0
ISIC_0023105,0
ISIC_0023106,0
ISIC_0023107,0
ISIC_0023108,0
ISIC_0023109,0
ISIC_0023110,0
ISIC_0023111,0
ISIC_0023112,0
ISIC_0023113,0
ISIC_0023114,0
ISIC_0023115,0
ISIC_0023116,0
ISIC_0023117,0
ISIC_0023119,0
ISIC_0023120,0
ISIC_0023121,0
ISIC_0023122,0
ISIC_0023124,0
ISIC_0023125,0
ISIC_0023126,0
ISIC_0023127,0
ISIC_0023129,0
ISIC_0023130,0
ISIC_0023131,0
ISIC_0023132,0
ISIC_0023133,0
ISIC_0023134,0
ISIC_0023135,0
ISIC_0023136,0
ISIC_0023137,0
ISIC_0023138,0
ISIC_0023139,0
ISIC_0023140,0
ISIC_0023141,0
ISIC_0023142,0
ISIC_0023143,0
ISIC_0023144,0
ISIC_0023145,0
ISIC_0023146,0
ISIC_0023147,0
ISIC_0023148,0
ISIC_0023149,0
ISIC_0023150,0
ISIC_0023151,0
ISIC_0023152,0
ISIC_0023153,0
ISIC_0023154,0
ISIC_0023155,0
ISIC_0023156,0
ISIC_0023157,0
ISIC_0023158,0
ISIC_0023161,0
ISIC_0023163,0
ISIC_0023164,0
ISIC_0023165,0
ISIC_0023167,0
ISIC_0023169,0
ISIC_0023171,0
ISIC_0023172,0
ISIC_0023173,0
ISIC_0023174,0
ISIC_0023175,0
ISIC_0023179,0
ISIC_0023182,0
ISIC_0023183,0
ISIC_0023184,0
ISIC_0023185,0
ISIC_0023186,0
ISIC_0023187,0
ISIC_0023189,0
ISIC_0023190,0
ISIC_0023191,0
ISIC_0023192,0
ISIC_0023193,0
ISIC_0023194,0
ISIC_0023195,0
ISIC_0023196,0
ISIC_0023197,0
ISIC_0023198,0
ISIC_0023199,0
ISIC_0023200,0
ISIC_0023201,0
ISIC_0023202,0
ISIC_0023203,0
ISIC_0023204,0
ISIC_0023205,0
ISIC_0023206,0
ISIC_0023207,0
ISIC_0023208,0
ISIC_0023209,0
ISIC_0023210,0
ISIC_0023211,0
ISIC_0023212,0
ISIC_0023213,0
ISIC_0023214,0
ISIC_0023215,0
ISIC_0023216,0
ISIC_0023217,0
ISIC_0023218,0
ISIC_0023220,0
ISIC_0023221,0
ISIC_0023222,0
ISIC_0023223,0
ISIC_0023224,0
ISIC_0023225,0
ISIC_0023226,0
ISIC_0023227,0
ISIC_0023228,0
ISIC_0023229,0
ISIC_0023231,0
ISIC_0023232,0
ISIC_0023233,0
ISIC_0023234,0
ISIC_0023235,0
ISIC_0023236,0
ISIC_0023237,0
ISIC_0023238,0
ISIC_0023242,0
ISIC_0023243,0
ISIC_0023246,0
ISIC_0023247,0
ISIC_0023248,0
ISIC_0023249,0
ISIC_0023250,0
ISIC_0023251,0
ISIC_0023252,0
ISIC_0023253,0
ISIC_0023254,0
ISIC_0023255,0
ISIC_0023256,0
ISIC_0023257,0
ISIC_0023258,0
ISIC_0023259,0
ISIC_0023260,0
ISIC_0023261,0
ISIC_0023262,0
ISIC_0023263,0
ISIC_0023264,0
ISIC_0023265,0
ISIC_0023266,0
ISIC_0023267,0
ISIC_0023268,0
ISIC_0023269,0
ISIC_0023270,0
ISIC_0023271,0
ISIC_0023272,0
ISIC_0023273,0
ISIC_0023274,0
ISIC_0023275,0
ISIC_0023276,0
ISIC_0023277,0
ISIC_0023278,0
ISIC_0023279,0
ISIC_0023280,0
ISIC_0023281,0
ISIC_0023282,0
ISIC_0023283,0
ISIC_0023284,0
ISIC_0023285,0
ISIC_0023286,0
ISIC_0023287,0
ISIC_0023288,0
ISIC_0023289,0
ISIC_0023290,0
ISIC_0023291,0
ISIC_0023292,0
ISIC_0023293,0
ISIC_0023294,0
ISIC_0023295,0
ISIC_0023296,0
ISIC_0023297,0
ISIC_0023298,0
ISIC_0023299,0
ISIC_0023300,0
ISIC_0023301,0
ISIC_0023302,0
ISIC_0023303,0
ISIC_0023304,0
ISIC_0023305,0
ISIC_0023306,0
ISIC_0023307,0
ISIC_0023308,0
ISIC_0023309,0
ISIC_0023310,0
ISIC_0023311,0
ISIC_0023312,0
ISIC_0023313,0
ISIC_0023314,0
ISIC_0023315,0
ISIC_0023316,0
ISIC_0023317,0
ISIC_0023318,0
ISIC_0023320,0
ISIC_0023321,0
ISIC_0023322,0
ISIC_0023323,0
ISIC_0023324,0
ISIC_0023325,0
ISIC_0023326,0
ISIC_0023327,0
ISIC_0023328,0
ISIC_0023329,0
ISIC_0023331,0
ISIC_0023332,0
ISIC_0023342,0
ISIC_0023343,0
ISIC_0023344,0
ISIC_0023345,0
ISIC_0023346,0
ISIC_0023347,0
ISIC_0023348,0
ISIC_0023349,0
ISIC_0023350,0
ISIC_0023351,0
ISIC_0023353,0
ISIC_0023354,0
ISIC_0023355,0
ISIC_0023356,0
ISIC_0023357,0
ISIC_0023358,0
ISIC_0023359,0
ISIC_0023360,0
ISIC_0023361,0
ISIC_0023362,0
ISIC_0023364,0
ISIC_0023365,0
ISIC_0023366,0
ISIC_0023367,0
ISIC_0023368,0
ISIC_0023369,0
ISIC_0023370,0
ISIC_0023371,0
ISIC_0023372,0
ISIC_0023374,0
ISIC_0023375,0
ISIC_0023376,0
ISIC_0023377,0
ISIC_0023380,0
ISIC_0023381,0
ISIC_0023382,0
ISIC_0023383,0
ISIC_0023385,0
ISIC_0023386,0
ISIC_0023387,0
ISIC_0023388,0
ISIC_0023389,0
ISIC_0023390,0
ISIC_0023393,0
ISIC_0023394,0
ISIC_0023395,0
ISIC_0023396,0
ISIC_0023397,0
ISIC_0023398,0
ISIC_0023399,0
ISIC_0023405,0
ISIC_0023416,0
ISIC_0023427,0
ISIC_0023438,0
ISIC_0023449,0
ISIC_0023457,0
ISIC_0023458,0
ISIC_0023459,0
ISIC_0023460,0
ISIC_0023461,0
ISIC_0023462,0
ISIC_0023463,0
ISIC_0023464,0
ISIC_0023465,0
ISIC_0023466,0
ISIC_0023467,0
ISIC_0023468,0
ISIC_0023469,0
ISIC_0023470,0
ISIC_0023471,0
ISIC_0023472,0
ISIC_0023473,0
ISIC_0023474,0
ISIC_0023475,0
ISIC_0023476,0
ISIC_0023477,0
ISIC_0023478,0
ISIC_0023479,0
ISIC_0023482,0
ISIC_0023483,0
ISIC_0023484,0
ISIC_0023485,0
ISIC_0023486,0
ISIC_0023487,0
ISIC_0023488,0
ISIC_0023489,0
ISIC_0023490,0
ISIC_0023491,0
ISIC_0023492,0
ISIC_0023493,0
ISIC_0023494,0
ISIC_0023495,0
ISIC_0023496,0
ISIC_0023497,0
ISIC_0023498,0
ISIC_0023499,0
ISIC_0023500,0
ISIC_0023502,0
ISIC_0023503,0
ISIC_0023504,0
ISIC_0023505,0
ISIC_0023506,0
ISIC_0023507,0
ISIC_0023508,0
ISIC_0023509,0
ISIC_0023511,0
ISIC_0023512,0
ISIC_0023513,0
ISIC_0023514,0
ISIC_0023515,0
ISIC_0023516,0
ISIC_0023517,0
ISIC_0023518,0
ISIC_0023519,0
ISIC_0023522,0
ISIC_0023523,0
ISIC_0023524,0
ISIC_0023525,0
ISIC_0023526,0
ISIC_0023527,0
ISIC_0023529,0
ISIC_0023530,0
ISIC_0023531,0
ISIC_0023532,0
ISIC_0023533,0
ISIC_0023534,0
ISIC_0023535,0
ISIC_0023536,0
ISIC_0023537,0
ISIC_0023538,0
ISIC_0023539,0
ISIC_0023540,0
ISIC_0023541,0
ISIC_0023542,0
ISIC_0023543,0
ISIC_0023545,0
ISIC_0023547,0
ISIC_0023548,0
ISIC_0023549,0
ISIC_0023550,0
ISIC_0023551,0
ISIC_0023552,0
ISIC_0023553,0
ISIC_0023554,0
ISIC_0023555,0
ISIC_0023556,0
ISIC_0023558,0
ISIC_0023559,0
ISIC_0023560,0
ISIC_0023561,0
ISIC_0023566,0
ISIC_0023567,0
ISIC_0023568,0
ISIC_0023569,0
ISIC_0023572,0
ISIC_0023573,0
ISIC_0023574,0
ISIC_0023575,0
ISIC_0023577,0
ISIC_0023578,0
ISIC_0023579,0
ISIC_0023580,0
ISIC_0023581,0
ISIC_0023587,0
ISIC_0023590,0
ISIC_0023591,0
ISIC_0023594,0
ISIC_0023596,0
ISIC_0023597,0
ISIC_0023604,0
ISIC_0023606,0
ISIC_0023607,0
ISIC_0023608,0
ISIC_0023609,0
ISIC_0023610,0
ISIC_0023611,0
ISIC_0023612,0
ISIC_0023613,0
ISIC_0023619,0
ISIC_0023620,0
ISIC_0023624,0
ISIC_0023625,0
ISIC_0023626,0
ISIC_0023627,0
ISIC_0023628,0
ISIC_0023629,0
ISIC_0023630,0
ISIC_0023631,0
ISIC_0023632,0
ISIC_0023633,0
ISIC_0023634,0
ISIC_0023635,0
ISIC_0023636,0
ISIC_0023637,0
ISIC_0023638,0
ISIC_0023639,0
ISIC_0023640,0
ISIC_0023641,0
ISIC_0023642,0
ISIC_0023643,0
ISIC_0023644,0
ISIC_0023645,0
ISIC_0023646,0
ISIC_0023647,0
ISIC_0023648,0
ISIC_0023652,0
ISIC_0023653,0
ISIC_0023654,0
ISIC_0023655,0
ISIC_0023656,0
ISIC_0023657,0
ISIC_0023658,0
ISIC_0023664,0
ISIC_0023669,0
ISIC_0023670,0
ISIC_0023671,0
ISIC_0023672,0
ISIC_0023673,0
ISIC_0023675,0
ISIC_0023676,0
ISIC_0023677,0
ISIC_0023678,0
ISIC_0023679,0
ISIC_0023680,0
ISIC_0023681,0
ISIC_0023682,0
ISIC_0023683,0
ISIC_0023684,0
ISIC_0023685,0
ISIC_0023686,0
ISIC_0023687,0
ISIC_0023688,0
ISIC_0023689,0
ISIC_0023690,0
ISIC_0023691,0
ISIC_0023692,0
ISIC_0023693,0
ISIC_0023694,0
ISIC_0023695,0
ISIC_0023696,0
ISIC_0023697,0
ISIC_0023698,0
ISIC_0023701,0
ISIC_0023702,0
ISIC_0023704,0
ISIC_0023705,0
ISIC_0023706,0
ISIC_0023707,0
ISIC_0023708,0
ISIC_0023709,0
ISIC_0023710,0
ISIC_0023711,0
ISIC_0023712,0
ISIC_0023713,0
ISIC_0023714,0
ISIC_0023715,0
ISIC_0023716,0
ISIC_0023718,0
ISIC_0023719,0
ISIC_0023722,0
ISIC_0023723,0
ISIC_0023724,0
ISIC_0023728,0
ISIC_0023729,0
ISIC_0023731,0
ISIC_0023738,0
ISIC_0023739,0
ISIC_0023740,0
ISIC_0023744,0
ISIC_0023745,0
ISIC_0023746,0
ISIC_0023747,0
ISIC_0023751,0
ISIC_0023752,0
ISIC_0023753,0
ISIC_0023755,0
ISIC_0023761,0
ISIC_0023762,0
ISIC_0023763,0
ISIC_0023764,0
ISIC_0023765,0
ISIC_0023766,0
ISIC_0023767,0
ISIC_0023768,0
ISIC_0023769,0
ISIC_0023770,0
ISIC_0023771,0
ISIC_0023772,0
ISIC_0023773,0
ISIC_0023774,0
ISIC_0023775,0
ISIC_0023776,0
ISIC_0023777,0
ISIC_0023778,0
ISIC_0023779,0
ISIC_0023780,0
ISIC_0023781,0
ISIC_0023782,0
ISIC_0023783,0
ISIC_0023784,0
ISIC_0023786,0
ISIC_0023787,0
ISIC_0023788,0
ISIC_0023789,0
ISIC_0023790,0
ISIC_0023791,0
ISIC_0023792,0
ISIC_0023793,0
ISIC_0023794,0
ISIC_0023798,0
ISIC_0023799,0
ISIC_0023800,0
ISIC_0023801,0
ISIC_0023802,0
ISIC_0023803,0
ISIC_0023804,0
ISIC_0023805,0
ISIC_0023806,0
ISIC_0023807,0
ISIC_0023808,0
ISIC_0023809,0
ISIC_0023810,0
ISIC_0023811,0
ISIC_0023812,0
ISIC_0023813,0
ISIC_0023814,0
ISIC_0023815,0
ISIC_0023816,0
ISIC_0023817,0
ISIC_0023818,0
ISIC_0023821,0
ISIC_0023823,0
ISIC_0023824,0
ISIC_0023825,0
ISIC_0023829,0
ISIC_0023830,0
ISIC_0023831,0
ISIC_0023832,0
ISIC_0023833,0
ISIC_0023834,0
ISIC_0023835,0
ISIC_0023836,0
ISIC_0023837,0
ISIC_0023838,0
ISIC_0023839,0
ISIC_0023840,0
ISIC_0023841,0
ISIC_0023842,0
ISIC_0023843,0
ISIC_0023844,0
ISIC_0023845,0
ISIC_0023846,0
ISIC_0023847,0
ISIC_0023848,0
ISIC_0023849,0
ISIC_0023850,0
ISIC_0023851,0
ISIC_0023852,0
ISIC_0023853,0
ISIC_0023854,0
ISIC_0023855,0
ISIC_0023856,0
ISIC_0023857,0
ISIC_0023858,0
ISIC_0023859,0
ISIC_0023860,0
ISIC_0023861,0
ISIC_0023862,0
ISIC_0023863,0
ISIC_0023864,0
ISIC_0023865,0
ISIC_0023866,0
ISIC_0023867,0
ISIC_0023868,0
ISIC_0023869,0
ISIC_0023870,0
ISIC_0023871,0
ISIC_0023872,0
ISIC_0023876,0
ISIC_0023877,0
ISIC_0023878,0
ISIC_0023879,0
ISIC_0023883,0
ISIC_0023884,0
ISIC_0023885,0
ISIC_0023886,0
ISIC_0023887,0
ISIC_0023888,0
ISIC_0023889,0
ISIC_0023890,0
ISIC_0023891,0
ISIC_0023892,0
ISIC_0023893,0
ISIC_0023894,0
ISIC_0023895,0
ISIC_0023896,0
ISIC_0023897,0
ISIC_0023898,0
ISIC_0023899,0
ISIC_0023900,0
ISIC_0023901,0
ISIC_0023902,0
ISIC_0023903,0
ISIC_0023904,0
ISIC_0023905,0
ISIC_0023906,0
ISIC_0023907,0
ISIC_0023908,0
ISIC_0023909,0
ISIC_0023910,0
ISIC_0023911,0
ISIC_0023912,0
ISIC_0023913,0
ISIC_0023915,0
ISIC_0023917,0
ISIC_0023918,0
ISIC_0023919,0
ISIC_0023920,0
ISIC_0023921,0
ISIC_0023922,0
ISIC_0023923,0
ISIC_0023924,0
ISIC_0023925,0
ISIC_0023926,0
ISIC_0023927,0
ISIC_0023928,0
ISIC_0023929,0
ISIC_0023930,0
ISIC_0023931,0
ISIC_0023932,0
ISIC_0023933,0
ISIC_0023934,0
ISIC_0023935,0
ISIC_0023936,0
ISIC_0023937,0
ISIC_0023938,0
ISIC_0023939,0
ISIC_0023940,0
ISIC_0023941,0
ISIC_0023942,0
ISIC_0023946,0
ISIC_0023947,0
ISIC_0023948,0
ISIC_0023949,0
ISIC_0023950,0
ISIC_0023951,0
ISIC_0023952,0
ISIC_0023953,0
ISIC_0023965,0
ISIC_0023966,0
ISIC_0023967,0
ISIC_0023971,0
ISIC_0023972,0
ISIC_0023973,0
ISIC_0023974,0
ISIC_0023976,0
ISIC_0023977,0
ISIC_0023978,0
ISIC_0023979,0
ISIC_0023980,0
ISIC_0023981,0
ISIC_0023982,0
ISIC_0023984,0
ISIC_0023986,0
ISIC_0023987,0
ISIC_0023988,0
ISIC_0023989,0
ISIC_0023990,0
ISIC_0023991,0
ISIC_0023992,0
ISIC_0023993,0
ISIC_0023995,0
ISIC_0023996,0
ISIC_0023997,0
ISIC_0023998,0
ISIC_0023999,0
ISIC_0024000,0
ISIC_0024001,0
ISIC_0024002,0
ISIC_0024003,0
ISIC_0024004,0
ISIC_0024005,0
ISIC_0024006,0
ISIC_0024007,0
ISIC_0024008,0
ISIC_0024009,0
ISIC_0024010,0
ISIC_0024011,0
ISIC_0024012,0
ISIC_0024013,0
ISIC_0024014,0
ISIC_0024015,0
ISIC_0024016,0
ISIC_0024017,0
ISIC_0024018,0
ISIC_0024019,0
ISIC_0024020,0
ISIC_0024021,0
ISIC_0024025,0
ISIC_0024026,0
ISIC_0024027,0
ISIC_0024028,0
ISIC_0024029,0
ISIC_0024030,0
ISIC_0024031,0
ISIC_0024032,0
ISIC_0024033,0
ISIC_0024034,0
ISIC_0024035,0
ISIC_0024036,0
ISIC_0024037,0
ISIC_0024038,0
ISIC_0024039,0
ISIC_0024040,0
ISIC_0024041,0
ISIC_0024042,0
ISIC_0024043,0
ISIC_0024044,0
ISIC_0024048,0
ISIC_0024049,0
ISIC_0024050,0
ISIC_0024051,0
ISIC_0024052,0
ISIC_0024053,0
ISIC_0024054,0
ISIC_0024055,0
ISIC_0024056,0
ISIC_0024057,0
ISIC_0024058,0
ISIC_0024059,0
ISIC_0024060,0
ISIC_0024061,0
ISIC_0024062,0
ISIC_0024063,0
ISIC_0024064,0
ISIC_0024065,0
ISIC_0024066,0
ISIC_0024067,0
ISIC_0024068,0
ISIC_0024069,0
ISIC_0024070,0
ISIC_0024071,0
ISIC_0024072,0
ISIC_0024073,0
ISIC_0024074,0
ISIC_0024075,0
ISIC_0024076,0
ISIC_0024077,0
ISIC_0024078,0
ISIC_0024079,0
ISIC_0024080,0
ISIC_0024081,0
ISIC_0024082,0
ISIC_0024083,0
ISIC_0024084,0
ISIC_0024085,0
ISIC_0024086,0
ISIC_0024087,0
ISIC_0024091,0
ISIC_0024092,0
ISIC_0024093,0
ISIC_0024094,0
ISIC_0024095,0
ISIC_0024096,0
ISIC_0024097,0
ISIC_0024098,0
ISIC_0024099,0
ISIC_0024100,0
ISIC_0024101,0
ISIC_0024102,0
ISIC_0024103,0
ISIC_0024104,0
ISIC_0024105,0
ISIC_0024106,0
ISIC_0024107,0
ISIC_0024108,0
ISIC_0024109,0
ISIC_0024110,0
ISIC_0024111,0
ISIC_0024112,0
ISIC_0024113,0
ISIC_0024114,0
ISIC_0024115,0
ISIC_0024116,0
ISIC_0024117,0
ISIC_0024118,0
ISIC_0024119,0
ISIC_0024120,0
ISIC_0024121,0
ISIC_0024122,0
ISIC_0024123,0
ISIC_0024124,0
ISIC_0024125,0
ISIC_0024129,0
ISIC_0024130,0
ISIC_0024131,0
ISIC_0024132,0
ISIC_0024134,0
ISIC_0024135,0
ISIC_0024136,0
ISIC_0024137,0
ISIC_0024138,0
ISIC_0024139,0
ISIC_0024140,0
ISIC_0024141,0
ISIC_0024143,0
ISIC_0024144,0
ISIC_0024145,0
ISIC_0024146,0
ISIC_0024147,0
ISIC_0024148,0
ISIC_0024149,0
ISIC_0024150,0
ISIC_0024151,0
ISIC_0024153,0
ISIC_0024154,0
ISIC_0024155,0
ISIC_0024156,0
ISIC_0024157,0
ISIC_0024158,0
ISIC_0024159,0
ISIC_0024160,0
ISIC_0024161,0
ISIC_0024162,0
ISIC_0024163,0
ISIC_0024164,0
ISIC_0024165,0
ISIC_0024168,0
ISIC_0024173,0
ISIC_0024174,0
ISIC_0024175,0
ISIC_0024176,0
ISIC_0024177,0
ISIC_0024178,0
ISIC_0024179,0
ISIC_0024180,0
ISIC_0024181,0
ISIC_0024182,0
ISIC_0024183,0
ISIC_0024184,0
ISIC_0024185,0
ISIC_0024186,0
ISIC_0024187,0
ISIC_0024188,0
ISIC_0024189,0
ISIC_0024190,0
ISIC_0024191,0
ISIC_0024192,0
ISIC_0024193,0
ISIC_0024194,0
ISIC_0024195,0
ISIC_0024196,0
ISIC_0024312,0
ISIC_0024313,0
ISIC_0024314,0
ISIC_0024315,0
ISIC_0024317,0
ISIC_0024324,0
ISIC_0024329,0
ISIC_0024331,0
ISIC_0024332,0
ISIC_0024338,0
ISIC_0024345,0
ISIC_0024351,0
ISIC_0024352,0
ISIC_0024355,0
ISIC_0024356,0
ISIC_0024363,0
ISIC_0024366,0
ISIC_0024371,0
ISIC_0024377,0
ISIC_0024378,0
ISIC_0024380,0
ISIC_0024406,0
ISIC_0024412,0
ISIC_0024416,0
ISIC_0024418,0
ISIC_0024422,0
ISIC_0024425,0
ISIC_0024428,0
ISIC_0024436,0
ISIC_0024441,0
ISIC_0024443,0
ISIC_0024445,0
ISIC_0024447,0
ISIC_0024448,0
ISIC_0024452,0
ISIC_0024454,0
ISIC_0024461,0
ISIC_0024463,0
ISIC_0024471,0
ISIC_0024472,0
ISIC_0024477,0
ISIC_0024480,0
ISIC_0024481,0
ISIC_0024494,0
ISIC_0024495,0
ISIC_0024497,0
ISIC_0024503,0
ISIC_0024505,0
ISIC_0024511,0
ISIC_0024514,0
ISIC_0024522,0
ISIC_0024524,0
ISIC_0024537,0
ISIC_0024546,0
ISIC_0024560,0
ISIC_0024561,0
ISIC_0024564,0
ISIC_0024572,0
ISIC_0024573,0
ISIC_0024578,0
ISIC_0024579,0
ISIC_0024582,0
ISIC_0024586,0
ISIC_0024590,0
ISIC_0024594,0
ISIC_0024595,0
ISIC_0024596,0
ISIC_0024597,0
ISIC_0024599,0
ISIC_0024612,0
ISIC_0024615,0
ISIC_0024618,0
ISIC_0024620,0
ISIC_0024624,0
ISIC_0024632,0
ISIC_0024635,0
ISIC_0024642,0
ISIC_0024644,0
ISIC_0024646,0
ISIC_0024657,0
ISIC_0024658,0
ISIC_0024664,0
ISIC_0024665,0
ISIC_0024673,0
ISIC_0024675,0
ISIC_0024676,0
ISIC_0024680,0
ISIC_0024688,0
ISIC_0024704,0
ISIC_0024708,0
ISIC_0024709,0
ISIC_0024710,0
ISIC_0024721,0
ISIC_0024723,0
ISIC_0024730,0
ISIC_0024733,0
ISIC_0024740,0
ISIC_0024741,0
ISIC_0024743,0
ISIC_0024748,0
ISIC_0024753,0
ISIC_0024758,0
ISIC_0024761,0
ISIC_0024771,0
ISIC_0024772,0
ISIC_0024777,0
ISIC_0024781,0
ISIC_0024784,0
ISIC_0024786,0
ISIC_0024787,0
ISIC_0024789,0
ISIC_0024790,0
ISIC_0024792,0
ISIC_0024798,0
ISIC_0024799,0
ISIC_0024806,0
ISIC_0024808,0
ISIC_0024824,0
ISIC_0024831,0
ISIC_0024833,0
ISIC_0024836,0
ISIC_0024837,0
ISIC_0024842,0
ISIC_0024846,0
ISIC_0024855,0
ISIC_0024865,0
ISIC_0024869,0
ISIC_0024876,0
ISIC_0024882,0
ISIC_0024883,0
ISIC_0024885,0
ISIC_0024886,0
ISIC_0024897,0
ISIC_0024898,0
ISIC_0024900,0
ISIC_0024906,0
ISIC_0024907,0
ISIC_0024911,0
ISIC_0024916,0
ISIC_0024918,0
ISIC_0024922,0
ISIC_0024923,0
ISIC_0024924,0
ISIC_0024925,0
ISIC_0024926,0
ISIC_0024931,0
ISIC_0024932,0
ISIC_0024933,0
ISIC_0024941,0
ISIC_0024946,0
ISIC_0024947,0
ISIC_0024949,0
ISIC_0024952,0
ISIC_0024959,0
ISIC_0024969,0
ISIC_0024972,0
ISIC_0024982,0
ISIC_0024984,0
ISIC_0024986,0
ISIC_0024995,0
ISIC_0024996,0
ISIC_0024997,0
ISIC_0024998,0
ISIC_0025000,0
ISIC_0025009,0
ISIC_0025016,0
ISIC_0025018,0
ISIC_0025019,0
ISIC_0025027,0
ISIC_0025029,0
ISIC_0025031,0
ISIC_0025033,0
ISIC_0025035,0
ISIC_0025039,0
ISIC_0025040,0
ISIC_0025046,0
ISIC_0025051,0
ISIC_0025064,0
ISIC_0025066,0
ISIC_0025073,0
ISIC_0025074,0
ISIC_0025076,0
ISIC_0025081,0
ISIC_0025085,0
ISIC_0025088,0
ISIC_0025089,0
ISIC_0025094,0
ISIC_0025099,0
ISIC_0025102,0
ISIC_0025106,0
ISIC_0025108,0
ISIC_0025112,0
ISIC_0025113,0
ISIC_0025117,0
ISIC_0025118,0
ISIC_0025123,0
ISIC_0025127,0
ISIC_0025128,0
ISIC_0025129,0
ISIC_0025148,0
ISIC_0025149,0
ISIC_0025152,0
ISIC_0025154,0
ISIC_0025155,0
ISIC_0025156,0
ISIC_0025157,0
ISIC_0025158,0
ISIC_0025165,0
ISIC_0025171,0
ISIC_0025172,0
ISIC_0025173,0
ISIC_0025177,0
ISIC_0025178,0
ISIC_0025179,0
ISIC_0025181,0
ISIC_0025182,0
ISIC_0025184,0
ISIC_0025196,0
ISIC_0025198,0
ISIC_0025199,0
ISIC_0025219,0
ISIC_0025225,0
ISIC_0025226,0
ISIC_0025228,0
ISIC_0025235,0
ISIC_0025237,0
ISIC_0025238,0
ISIC_0025239,0
ISIC_0025243,0
ISIC_0025247,0
ISIC_0025254,0
ISIC_0025261,0
ISIC_0025264,0
ISIC_0025265,0
ISIC_0025275,0
ISIC_0025276,0
ISIC_0025285,0
ISIC_0025286,0
ISIC_0025289,0
ISIC_0025295,0
ISIC_0025299,0
ISIC_0025300,0
ISIC_0025301,0
ISIC_0025302,0
ISIC_0025309,0
ISIC_0025310,0
ISIC_0025316,0
ISIC_0025319,0
ISIC_0025322,0
ISIC_0025327,0
ISIC_0025335,0
ISIC_0025336,0
ISIC_0025341,0
ISIC_0025346,0
ISIC_0025358,0
ISIC_0025362,0
ISIC_0025367,0
ISIC_0025372,0
ISIC_0025381,0
ISIC_0025383,0
ISIC_0025396,0
ISIC_0025400,0
ISIC_0025409,0
ISIC_0025410,0
ISIC_0025419,0
ISIC_0025424,0
ISIC_0025428,0
ISIC_0025433,0
ISIC_0025436,0
ISIC_0025447,0
ISIC_0025451,0
ISIC_0025456,0
ISIC_0025458,0
ISIC_0025463,0
ISIC_0025471,0
ISIC_0025477,0
ISIC_0025488,0
ISIC_0025489,0
ISIC_0025492,0
ISIC_0025504,0
ISIC_0025505,0
ISIC_0025506,0
ISIC_0025509,0
ISIC_0025510,0
ISIC_0025513,0
ISIC_0025517,0
ISIC_0025518,0
ISIC_0025525,0
ISIC_0025533,0
ISIC_0025541,0
ISIC_0025545,0
ISIC_0025547,0
ISIC_0025548,0
ISIC_0025550,0
ISIC_0025555,0
ISIC_0025563,0
ISIC_0025568,0
ISIC_0025571,0
ISIC_0025573,0
ISIC_0025575,0
ISIC_0025577,0
ISIC_0025579,0
ISIC_0025587,0
ISIC_0025588,0
ISIC_0025589,0
ISIC_0025592,0
ISIC_0025597,0
ISIC_0025598,0
ISIC_0025601,0
ISIC_0025603,0
ISIC_0025605,0
ISIC_0025610,0
ISIC_0025611,0
ISIC_0025621,0
ISIC_0025627,0
ISIC_0025630,0
ISIC_0025631,0
ISIC_0025638,0
ISIC_0025640,0
ISIC_0025641,0
ISIC_0025642,0
ISIC_0025644,0
ISIC_0025650,0
ISIC_0025655,0
ISIC_0025657,0
ISIC_0025662,0
ISIC_0025663,0
ISIC_0025665,0
ISIC_0025667,0
ISIC_0025668,0
ISIC_0025671,0
ISIC_0025674,0
ISIC_0025683,0
ISIC_0025687,0
ISIC_0025689,0
ISIC_0025691,0
ISIC_0025693,0
ISIC_0025699,0
ISIC_0025700,0
ISIC_0025702,0
ISIC_0025708,0
ISIC_0025711,0
ISIC_0025713,0
ISIC_0025724,0
ISIC_0025730,0
ISIC_0025731,0
ISIC_0025735,0
ISIC_0025742,0
ISIC_0025746,0
ISIC_0025748,0
ISIC_0025751,0
ISIC_0025759,0
ISIC_0025763,0
ISIC_0025766,0
ISIC_0025767,0
ISIC_0025769,1
ISIC_0025777,0
ISIC_0025781,0
ISIC_0025783,0
ISIC_0025784,0
ISIC_0025786,0
ISIC_0025789,0
ISIC_0025790,0
ISIC_0025791,0
ISIC_0025793,0
ISIC_0025798,0
ISIC_0025799,0
ISIC_0025805,0
ISIC_0025808,0
ISIC_0025809,0
ISIC_0025811,0
ISIC_0025812,0
ISIC_0025818,0
ISIC_0025824,0
ISIC_0025826,0
ISIC_0025831,0
ISIC_0025832,0
ISIC_0025835,0
ISIC_0025836,0
ISIC_0025840,0
ISIC_0025842,0
ISIC_0025846,0
ISIC_0025847,0
ISIC_0025850,0
ISIC_0025855,0
ISIC_0025869,0
ISIC_0025870,0
ISIC_0025871,0
ISIC_0025876,0
ISIC_0025891,0
ISIC_0025892,0
ISIC_0025899,0
ISIC_0025902,0
ISIC_0025904,0
ISIC_0025905,0
ISIC_0025906,0
ISIC_0025907,0
ISIC_0025909,0
ISIC_0025915,0
ISIC_0025918,0
ISIC_0025926,0
ISIC_0025928,0
ISIC_0025936,0
ISIC_0025937,0
ISIC_0025938,0
ISIC_0025939,0
ISIC_0025941,0
ISIC_0025942,0
ISIC_0025943,0
ISIC_0025946,0
ISIC_0025950,0
ISIC_0025954,0
ISIC_0025957,0
ISIC_0025958,0
ISIC_0025959,0
ISIC_0025963,0
ISIC_0025964,0
ISIC_0025967,0
ISIC_0025969,0
ISIC_0025970,0
ISIC_0025971,0
ISIC_0025973,0
ISIC_0025978,0
ISIC_0025983,0
ISIC_0025984,0
ISIC_0025986,0
ISIC_0025989,0
ISIC_0026006,0
ISIC_0026008,0
ISIC_0026009,0
ISIC_0026012,0
ISIC_0026017,0
ISIC_0026018,0
ISIC_0026022,0
ISIC_0026023,0
ISIC_0026027,0
ISIC_0026028,0
ISIC_0026029,0
ISIC_0026030,0
ISIC_0026040,0
ISIC_0026043,0
ISIC_0026044,0
ISIC_0026048,0
ISIC_0026053,0
ISIC_0026055,0
ISIC_0026071,0
ISIC_0026072,0
ISIC_0026074,0
ISIC_0026076,0
ISIC_0026080,0
ISIC_0026081,0
ISIC_0026084,0
ISIC_0026090,0
ISIC_0026091,0
ISIC_0026096,0
ISIC_0026100,0
ISIC_0026101,0
ISIC_0026105,0
ISIC_0026107,0
ISIC_0026108,0
ISIC_0026111,0
ISIC_0026113,0
ISIC_0026115,0
ISIC_0026117,0
ISIC_0026118,0
ISIC_0026124,0
ISIC_0026133,0
ISIC_0026138,0
ISIC_0026140,0
ISIC_0026142,0
ISIC_0026148,0
ISIC_0026150,0
ISIC_0026151,0
ISIC_0026153,0
ISIC_0026157,0
ISIC_0026159,0
ISIC_0026179,0
ISIC_0026192,0
ISIC_0026203,0
ISIC_0026206,0
ISIC_0026207,0
ISIC_0026213,0
ISIC_0026216,0
ISIC_0026217,0
ISIC_0026219,0
ISIC_0026222,0
ISIC_0026223,0
ISIC_0026226,0
ISIC_0026229,0
ISIC_0026230,0
ISIC_0026231,0
ISIC_0026236,0
ISIC_0026237,0
ISIC_0026239,0
ISIC_0026247,0
ISIC_0026251,0
ISIC_0026258,0
ISIC_0026260,0
ISIC_0026272,0
ISIC_0026275,0
ISIC_0026290,0
ISIC_0026293,0
ISIC_0026296,0
ISIC_0026297,0
ISIC_0026314,0
ISIC_0026316,0
ISIC_0026323,0
ISIC_0026324,0
ISIC_0026329,0
ISIC_0026330,0
ISIC_0026337,0
ISIC_0026341,0
ISIC_0026346,0
ISIC_0026347,0
ISIC_0026348,0
ISIC_0026350,0
ISIC_0026352,0
ISIC_0026360,0
ISIC_0026365,0
ISIC_0026376,0
ISIC_0026382,0
ISIC_0026384,0
ISIC_0026388,0
ISIC_0026389,0
ISIC_0026395,0
ISIC_0026398,0
ISIC_0026401,0
ISIC_0026404,0
ISIC_0026406,0
ISIC_0026421,0
ISIC_0026427,0
ISIC_0026429,0
ISIC_0026432,0
ISIC_0026433,0
ISIC_0026443,0
ISIC_0026444,0
ISIC_0026445,0
ISIC_0026452,0
ISIC_0026453,0
ISIC_0026466,0
ISIC_0026475,0
ISIC_0026477,0
ISIC_0026481,0
ISIC_0026487,0
ISIC_0026488,0
ISIC_0026494,0
ISIC_0026497,0
ISIC_0026501,0
ISIC_0026502,0
ISIC_0026506,0
ISIC_0026513,0
ISIC_0026516,0
ISIC_0026519,0
ISIC_0026526,0
ISIC_0026528,0
ISIC_0026541,0
ISIC_0026549,0
ISIC_0026551,0
ISIC_0026552,0
ISIC_0026553,0
ISIC_0026554,0
ISIC_0026559,0
ISIC_0026560,0
ISIC_0026561,0
ISIC_0026569,0
ISIC_0026573,0
ISIC_0026577,0
ISIC_0026580,0
ISIC_0026581,0
ISIC_0026592,0
ISIC_0026596,0
ISIC_0026600,0
ISIC_0026604,0
ISIC_0026606,0
ISIC_0026607,0
ISIC_0026608,0
ISIC_0026611,0
ISIC_0026618,0
ISIC_0026622,0
ISIC_0026633,0
ISIC_0026637,0
ISIC_0026644,0
ISIC_0026650,0
ISIC_0026658,0
ISIC_0026665,0
ISIC_0026666,0
ISIC_0026670,0
ISIC_0026671,0
ISIC_0026672,0
ISIC_0026674,0
ISIC_0026692,0
ISIC_0026694,0
ISIC_0026698,0
ISIC_0026711,0
ISIC_0026712,0
ISIC_0026714,0
ISIC_0026716,0
ISIC_0026720,0
ISIC_0026726,0
ISIC_0026728,0
ISIC_0026730,0
ISIC_0026737,0
ISIC_0026741,0
ISIC_0026743,0
ISIC_0026744,0
ISIC_0026746,0
ISIC_0026751,0
ISIC_0026752,0
ISIC_0026753,0
ISIC_0026759,0
ISIC_0026766,0
ISIC_0026770,0
ISIC_0026774,0
ISIC_0026777,0
ISIC_0026781,0
ISIC_0026782,0
ISIC_0026789,0
ISIC_0026794,0
ISIC_0026795,0
ISIC_0026802,0
ISIC_0026804,0
ISIC_0026805,0
ISIC_0026809,0
ISIC_0026810,0
ISIC_0026818,0
ISIC_0026819,0
ISIC_0026825,0
ISIC_0026826,0
ISIC_0026827,0
ISIC_0026829,0
ISIC_0026831,0
ISIC_0026839,0
ISIC_0026843,0
ISIC_0026844,0
ISIC_0026852,0
ISIC_0026855,0
ISIC_0026866,0
ISIC_0026869,0
ISIC_0026871,0
ISIC_0026874,0
ISIC_0026883,0
ISIC_0026885,0
ISIC_0026887,0
ISIC_0026888,0
ISIC_0026895,0
ISIC_0026897,0
ISIC_0026901,0
ISIC_0026902,0
ISIC_0026911,0
ISIC_0026922,0
ISIC_0026923,0
ISIC_0026930,0
ISIC_0026934,0
ISIC_0026940,0
ISIC_0026954,0
ISIC_0026956,0
ISIC_0026957,0
ISIC_0026963,0
ISIC_0026968,0
ISIC_0026970,0
ISIC_0026974,0
ISIC_0026979,0
ISIC_0026987,0
ISIC_0026991,0
ISIC_0026993,0
ISIC_0026996,0
ISIC_0027002,0
ISIC_0027004,0
ISIC_0027007,0
ISIC_0027018,0
ISIC_0027023,0
ISIC_0027024,0
ISIC_0027034,0
ISIC_0027036,0
ISIC_0027037,0
ISIC_0027038,0
ISIC_0027040,0
ISIC_0027043,0
ISIC_0027047,0
ISIC_0027049,0
ISIC_0027051,0
ISIC_0027053,0
ISIC_0027058,0
ISIC_0027062,0
ISIC_0027086,0
ISIC_0027087,0
ISIC_0027089,0
ISIC_0027091,0
ISIC_0027093,0
ISIC_0027094,0
ISIC_0027098,0
ISIC_0027099,0
ISIC_0027105,0
ISIC_0027112,0
ISIC_0027113,0
ISIC_0027114,0
ISIC_0027118,0
ISIC_0027120,0
ISIC_0027125,0
ISIC_0027127,0
ISIC_0027129,0
ISIC_0027135,0
ISIC_0027137,0
ISIC_0027146,0
ISIC_0027147,0
ISIC_0027151,0
ISIC_0027152,0
ISIC_0027171,0
ISIC_0027174,0
ISIC_0027175,0
ISIC_0027181,0
ISIC_0027183,0
ISIC_0027184,0
ISIC_0027192,0
ISIC_0027197,0
ISIC_0027201,0
ISIC_0027203,0
ISIC_0027208,0
ISIC_0027209,0
ISIC_0027213,0
ISIC_0027218,0
ISIC_0027235,0
ISIC_0027236,0
ISIC_0027240,0
ISIC_0027244,0
ISIC_0027249,0
ISIC_0027250,0
ISIC_0027255,0
ISIC_0027260,0
ISIC_0027261,0
ISIC_0027262,0
ISIC_0027263,0
ISIC_0027264,0
ISIC_0027271,0
ISIC_0027282,0
ISIC_0027284,0
ISIC_0027285,0
ISIC_0027287,0
ISIC_0027293,0
ISIC_0027294,0
ISIC_0027298,0
ISIC_0027305,0
ISIC_0027312,0
ISIC_0027323,0
ISIC_0027327,0
ISIC_0027334,0
ISIC_0027343,0
ISIC_0027351,0
ISIC_0027355,0
ISIC_0027358,0
ISIC_0027359,0
ISIC_0027361,0
ISIC_0027371,0
ISIC_0027374,0
ISIC_0027379,0
ISIC_0027382,0
ISIC_0027387,0
ISIC_0027390,0
ISIC_0027392,0
ISIC_0027394,0
ISIC_0027397,0
ISIC_0027398,0
ISIC_0027402,0
ISIC_0027403,0
ISIC_0027407,0
ISIC_0027408,0
ISIC_0027412,0
ISIC_0027427,0
ISIC_0027432,0
ISIC_0027436,0
ISIC_0027437,0
ISIC_0027444,0
ISIC_0027451,0
ISIC_0027455,0
ISIC_0027458,0
ISIC_0027461,0
ISIC_0027462,0
ISIC_0027466,0
ISIC_0027468,0
ISIC_0027469,0
ISIC_0027470,0
ISIC_0027471,0
ISIC_0027473,0
ISIC_0027475,0
ISIC_0027478,0
ISIC_0027480,0
ISIC_0027486,0
ISIC_0027487,0
ISIC_0027497,0
ISIC_0027498,0
ISIC_0027501,0
ISIC_0027502,0
ISIC_0027503,0
ISIC_0027506,0
ISIC_0027507,0
ISIC_0027510,0
ISIC_0027512,0
ISIC_0027513,0
ISIC_0027514,0
ISIC_0027517,0
ISIC_0027519,0
ISIC_0027525,0
ISIC_0027529,0
ISIC_0027530,0
ISIC_0027533,0
ISIC_0027535,0
ISIC_0027537,0
ISIC_0027538,0
ISIC_0027540,0
ISIC_0027546,0
ISIC_0027548,0
ISIC_0027561,0
ISIC_0027562,0
ISIC_0027568,0
ISIC_0027569,0
ISIC_0027571,0
ISIC_0027574,0
ISIC_0027580,0
ISIC_0027595,0
ISIC_0027596,0
ISIC_0027601,0
ISIC_0027604,0
ISIC_0027613,0
ISIC_0027614,0
ISIC_0027616,0
ISIC_0027620,0
ISIC_0027622,0
ISIC_0027627,0
ISIC_0027639,0
ISIC_0027643,0
ISIC_0027644,0
ISIC_0027645,0
ISIC_0027648,0
ISIC_0027654,0
ISIC_0027658,0
ISIC_0027659,0
ISIC_0027671,0
ISIC_0027675,0
ISIC_0027677,0
ISIC_0027679,0
ISIC_0027684,0
ISIC_0027688,0
ISIC_0027693,0
ISIC_0027697,0
ISIC_0027706,0
ISIC_0027709,0
ISIC_0027711,0
ISIC_0027718,0
ISIC_0027719,0
ISIC_0027734,0
ISIC_0027738,0
ISIC_0027739,0
ISIC_0027744,0
ISIC_0027751,0
ISIC_0027753,0
ISIC_0027756,0
ISIC_0027757,0
ISIC_0027759,0
ISIC_0027766,0
ISIC_0027769,0
ISIC_0027771,0
ISIC_0027772,0
ISIC_0027780,0
ISIC_0027783,0
ISIC_0027788,0
ISIC_0027789,0
ISIC_0027793,0
ISIC_0027796,0
ISIC_0027797,0
ISIC_0027798,0
ISIC_0027800,0
ISIC_0027801,0
ISIC_0027802,0
ISIC_0027812,0
ISIC_0027814,0
ISIC_0027819,0
ISIC_0027825,0
ISIC_0027828,0
ISIC_0027829,0
ISIC_0027832,0
ISIC_0027839,0
ISIC_0027840,0
ISIC_0027846,0
ISIC_0027847,0
ISIC_0027848,0
ISIC_0027849,0
ISIC_0027851,0
ISIC_0027852,0
ISIC_0027855,0
ISIC_0027859,0
ISIC_0027863,0
ISIC_0027873,0
ISIC_0027874,0
ISIC_0027876,0
ISIC_0027878,0
ISIC_0027883,0
ISIC_0027884,0
ISIC_0027889,0
ISIC_0027897,0
ISIC_0027900,0
ISIC_0027907,0
ISIC_0027908,0
ISIC_0027911,0
ISIC_0027915,0
ISIC_0027922,0
ISIC_0027925,0
ISIC_0027928,0
ISIC_0027931,0
ISIC_0027933,0
ISIC_0027942,0
ISIC_0027945,0
ISIC_0027953,0
ISIC_0027956,0
ISIC_0027957,0
ISIC_0027959,0
ISIC_0027960,0
ISIC_0027963,0
ISIC_0027966,0
ISIC_0027967,0
ISIC_0027969,0
ISIC_0027976,0
ISIC_0027978,0
ISIC_0027982,0
ISIC_0027988,0
ISIC_0027991,0
ISIC_0027997,0
ISIC_0027999,0
ISIC_0028003,0
ISIC_0028009,0
ISIC_0028015,0
ISIC_0028016,0
ISIC_0028017,0
ISIC_0028020,0
ISIC_0028022,0
ISIC_0028029,0
ISIC_0028033,0
ISIC_0028041,0
ISIC_0028045,0
ISIC_0028050,0
ISIC_0028056,0
ISIC_0028059,0
ISIC_0028065,0
ISIC_0028069,0
ISIC_0028080,0
ISIC_0028084,0
ISIC_0028085,0
ISIC_0028095,0
ISIC_0028098,0
ISIC_0028100,0
ISIC_0028103,0
ISIC_0028106,0
ISIC_0028109,0
ISIC_0028110,0
ISIC_0028118,0
ISIC_0028120,0
ISIC_0028122,0
ISIC_0028130,0
ISIC_0028131,0
ISIC_0028132,0
ISIC_0028135,0
ISIC_0028139,0
ISIC_0028141,0
ISIC_0028145,0
ISIC_0028151,0
ISIC_0028154,0
ISIC_0028158,0
ISIC_0028159,0
ISIC_0028166,0
ISIC_0028167,0
ISIC_0028168,0
ISIC_0028179,0
ISIC_0028183,0
ISIC_0028190,0
ISIC_0028195,0
ISIC_0028197,0
ISIC_0028205,0
ISIC_0028212,0
ISIC_0028215,0
ISIC_0028216,0
ISIC_0028219,0
ISIC_0028223,0
ISIC_0028225,0
ISIC_0028226,0
ISIC_0028232,0
ISIC_0028236,0
ISIC_0028238,0
ISIC_0028243,0
ISIC_0028276,0
ISIC_0028280,0
ISIC_0028281,0
ISIC_0028283,0
ISIC_0028287,0
ISIC_0028290,0
ISIC_0028303,0
ISIC_0028305,0
ISIC_0028306,0
ISIC_0028307,0
ISIC_0028308,0
ISIC_0028316,0
ISIC_0028323,0
ISIC_0028325,0
ISIC_0028326,0
ISIC_0028329,0
ISIC_0028332,0
ISIC_0028335,0
ISIC_0028344,0
ISIC_0028346,0
ISIC_0028350,0
ISIC_0028355,0
ISIC_0028358,0
ISIC_0028360,0
ISIC_0028364,0
ISIC_0028367,0
ISIC_0028368,0
ISIC_0028371,0
ISIC_0028373,0
ISIC_0028378,0
ISIC_0028385,0
ISIC_0028388,0
ISIC_0028389,0
ISIC_0028393,0
ISIC_0028401,0
ISIC_0028404,0
ISIC_0028408,0
ISIC_0028413,0
ISIC_0028420,0
ISIC_0028423,0
ISIC_0028429,0
ISIC_0028430,0
ISIC_0028436,0
ISIC_0028441,0
ISIC_0028450,0
ISIC_0028453,0
ISIC_0028457,0
ISIC_0028460,0
ISIC_0028461,0
ISIC_0028464,0
ISIC_0028467,0
ISIC_0028468,0
ISIC_0028472,0
ISIC_0028473,0
ISIC_0028478,0
ISIC_0028484,0
ISIC_0028486,0
ISIC_0028488,0
ISIC_0028489,0
ISIC_0028493,0
ISIC_0028499,0
ISIC_0028500,0
ISIC_0028504,0
ISIC_0028509,0
ISIC_0028510,0
ISIC_0028511,0
ISIC_0028513,0
ISIC_0028524,0
ISIC_0028527,0
ISIC_0028528,0
ISIC_0028529,0
ISIC_0028534,0
ISIC_0028537,0
ISIC_0028542,0
ISIC_0028550,0
ISIC_0028551,0
ISIC_0028556,0
ISIC_0028557,0
ISIC_0028558,0
ISIC_0028559,0
ISIC_0028560,0
ISIC_0028565,0
ISIC_0028567,0
ISIC_0028568,0
ISIC_0028576,0
ISIC_0028577,0
ISIC_0028579,0
ISIC_0028580,0
ISIC_0028589,0
ISIC_0028592,0
ISIC_0028598,0
ISIC_0028599,0
ISIC_0028602,0
ISIC_0028607,0
ISIC_0028608,0
ISIC_0028611,0
ISIC_0028619,0
ISIC_0028621,0
ISIC_0028633,0
ISIC_0028643,0
ISIC_0028644,0
ISIC_0028646,0
ISIC_0028648,0
ISIC_0028652,0
ISIC_0028653,0
ISIC_0028656,0
ISIC_0028670,0
ISIC_0028671,0
ISIC_0028673,0
ISIC_0028675,0
ISIC_0028678,0
ISIC_0028684,0
ISIC_0028685,0
ISIC_0028686,0
ISIC_0028687,0
ISIC_0028692,0
ISIC_0028693,0
ISIC_0028696,0
ISIC_0028698,0
ISIC_0028701,0
ISIC_0028715,0
ISIC_0028718,0
ISIC_0028723,0
ISIC_0028728,0
ISIC_0028736,0
ISIC_0028739,0
ISIC_0028744,0
ISIC_0028749,0
ISIC_0028755,0
ISIC_0028757,0
ISIC_0028759,0
ISIC_0028760,0
ISIC_0028761,0
ISIC_0028763,0
ISIC_0028765,0
ISIC_0028767,0
ISIC_0028780,0
ISIC_0028787,0
ISIC_0028791,0
ISIC_0028792,0
ISIC_0028793,0
ISIC_0028795,0
ISIC_0028803,0
ISIC_0028807,0
ISIC_0028808,0
ISIC_0028809,0
ISIC_0028810,0
ISIC_0028814,0
ISIC_0028815,0
ISIC_0028818,0
ISIC_0028823,0
ISIC_0028830,0
ISIC_0028831,0
ISIC_0028843,0
ISIC_0028849,0
ISIC_0028851,0
ISIC_0028856,0
ISIC_0028857,0
ISIC_0028858,0
ISIC_0028859,0
ISIC_0028860,0
ISIC_0028865,0
ISIC_0028868,0
ISIC_0028871,0
ISIC_0028873,0
ISIC_0028874,0
ISIC_0028877,0
ISIC_0028881,0
ISIC_0028882,0
ISIC_0028901,0
ISIC_0028905,0
ISIC_0028915,0
ISIC_0028918,0
ISIC_0028920,0
ISIC_0028923,0
ISIC_0028928,0
ISIC_0028929,0
ISIC_0028930,0
ISIC_0028931,0
ISIC_0028947,0
ISIC_0028957,0
ISIC_0028960,0
ISIC_0028961,0
ISIC_0028963,0
ISIC_0028965,0
ISIC_0028966,0
ISIC_0028971,0
ISIC_0028973,0
ISIC_0028978,0
ISIC_0028980,0
ISIC_0028982,0
ISIC_0028987,0
ISIC_0028989,0
ISIC_0028993,0
ISIC_0028995,0
ISIC_0029001,0
ISIC_0029003,0
ISIC_0029013,0
ISIC_0029017,0
ISIC_0029018,0
ISIC_0029027,0
ISIC_0029028,0
ISIC_0029029,0
ISIC_0029032,0
ISIC_0029033,0
ISIC_0029039,0
ISIC_0029040,0
ISIC_0029043,0
ISIC_0029045,0
ISIC_0029046,0
ISIC_0029049,0
ISIC_0029056,0
ISIC_0029059,0
ISIC_0029060,0
ISIC_0029067,0
ISIC_0029068,0
ISIC_0029072,0
ISIC_0029079,0
ISIC_0029080,0
ISIC_0029082,0
ISIC_0029083,0
ISIC_0029104,0
ISIC_0029108,0
ISIC_0029119,0
ISIC_0029126,0
ISIC_0029138,0
ISIC_0029141,0
ISIC_0029147,0
ISIC_0029160,0
ISIC_0029169,0
ISIC_0029170,0
ISIC_0029176,0
ISIC_0029179,0
ISIC_0029182,0
ISIC_0029183,0
ISIC_0029187,0
ISIC_0029188,0
ISIC_0029190,0
ISIC_0029191,0
ISIC_0029192,0
ISIC_0029194,0
ISIC_0029196,0
ISIC_0029197,0
ISIC_0029203,0
ISIC_0029214,0
ISIC_0029220,0
ISIC_0029223,0
ISIC_0029230,0
ISIC_0029242,0
ISIC_0029252,0
ISIC_0029254,0
ISIC_0029263,0
ISIC_0029268,0
ISIC_0029269,0
ISIC_0029272,0
ISIC_0029277,0
ISIC_0029278,0
ISIC_0029286,0
ISIC_0029289,0
ISIC_0029291,0
ISIC_0029296,0
ISIC_0029298,0
ISIC_0029301,0
ISIC_0029302,0
ISIC_0029306,0
ISIC_0029308,0
ISIC_0029311,0
ISIC_0029313,0
ISIC_0029315,0
ISIC_0029318,0
ISIC_0029323,0
ISIC_0029331,0
ISIC_0029332,0
ISIC_0029337,0
ISIC_0029342,0
ISIC_0029343,0
ISIC_0029344,0
ISIC_0029349,0
ISIC_0029352,0
ISIC_0029357,0
ISIC_0029359,0
ISIC_0029362,0
ISIC_0029369,0
ISIC_0029371,0
ISIC_0029384,0
ISIC_0029389,0
ISIC_0029390,0
ISIC_0029391,0
ISIC_0029396,0
ISIC_0029397,0
ISIC_0029402,0
ISIC_0029409,0
ISIC_0029418,0
ISIC_0029422,0
ISIC_0029430,0
ISIC_0029432,0
ISIC_0029434,0
ISIC_0029435,0
ISIC_0029443,0
ISIC_0029457,0
ISIC_0029462,0
ISIC_0029465,0
ISIC_0029470,0
ISIC_0029475,0
ISIC_0029479,0
ISIC_0029480,0
ISIC_0029488,0
ISIC_0029489,0
ISIC_0029493,0
ISIC_0029495,0
ISIC_0029504,0
ISIC_0029513,0
ISIC_0029524,0
ISIC_0029528,0
ISIC_0029533,0
ISIC_0029534,0
ISIC_0029538,0
ISIC_0029539,0
ISIC_0029541,0
ISIC_0029543,0
ISIC_0029544,0
ISIC_0029545,0
ISIC_0029549,0
ISIC_0029553,0
ISIC_0029554,0
ISIC_0029557,0
ISIC_0029559,0
ISIC_0029560,0
ISIC_0029564,0
ISIC_0029567,0
ISIC_0029568,0
ISIC_0029570,0
ISIC_0029571,0
ISIC_0029577,0
ISIC_0029580,0
ISIC_0029582,0
ISIC_0029585,0
ISIC_0029588,0
ISIC_0029597,0
ISIC_0029598,0
ISIC_0029600,0
ISIC_0029602,0
ISIC_0029606,0
ISIC_0029610,0
ISIC_0029612,0
ISIC_0029614,0
ISIC_0029615,0
ISIC_0029617,0
ISIC_0029627,0
ISIC_0029636,0
ISIC_0029638,0
ISIC_0029641,0
ISIC_0029644,0
ISIC_0029645,0
ISIC_0029651,0
ISIC_0029652,0
ISIC_0029654,0
ISIC_0029655,0
ISIC_0029656,0
ISIC_0029660,0
ISIC_0029662,0
ISIC_0029665,0
ISIC_0029667,0
ISIC_0029669,0
ISIC_0029671,0
ISIC_0029674,0
ISIC_0029678,0
ISIC_0029680,0
ISIC_0029687,0
ISIC_0029693,0
ISIC_0029696,0
ISIC_0029698,0
ISIC_0029719,0
ISIC_0029720,0
ISIC_0029725,0
ISIC_0029728,0
ISIC_0029733,0
ISIC_0029735,0
ISIC_0029745,0
ISIC_0029746,0
ISIC_0029747,0
ISIC_0029749,0
ISIC_0029752,0
ISIC_0029755,0
ISIC_0029756,0
ISIC_0029771,0
ISIC_0029776,0
ISIC_0029781,0
ISIC_0029783,0
ISIC_0029790,0
ISIC_0029792,0
ISIC_0029803,0
ISIC_0029805,0
ISIC_0029810,0
ISIC_0029811,0
ISIC_0029812,0
ISIC_0029825,0
ISIC_0029827,0
ISIC_0029830,0
ISIC_0029831,0
ISIC_0029833,0
ISIC_0029839,0
ISIC_0029841,0
ISIC_0029845,0
ISIC_0029846,0
ISIC_0029847,0
ISIC_0029854,0
ISIC_0029855,0
ISIC_0029856,0
ISIC_0029857,0
ISIC_0029859,0
ISIC_0029861,0
ISIC_0029862,0
ISIC_0029865,0
ISIC_0029878,0
ISIC_0029885,0
ISIC_0029894,0
ISIC_0029898,0
ISIC_0029899,0
ISIC_0029902,0
ISIC_0029905,0
ISIC_0029912,0
ISIC_0029913,0
ISIC_0029915,0
ISIC_0029917,0
ISIC_0029926,0
ISIC_0029938,0
ISIC_0029945,0
ISIC_0029951,0
ISIC_0029962,0
ISIC_0029963,0
ISIC_0029967,0
ISIC_0029975,0
ISIC_0029976,0
ISIC_0029983,0
ISIC_0029991,0
ISIC_0030002,0
ISIC_0030005,0
ISIC_0030007,0
ISIC_0030008,0
ISIC_0030021,0
ISIC_0030023,0
ISIC_0030034,0
ISIC_0030036,0
ISIC_0030039,0
ISIC_0030047,0
ISIC_0030053,0
ISIC_0030058,0
ISIC_0030061,0
ISIC_0030063,0
ISIC_0030064,0
ISIC_0030069,0
ISIC_0030074,0
ISIC_0030081,0
ISIC_0030082,0
ISIC_0030083,0
ISIC_0030089,0
ISIC_0030094,0
ISIC_0030096,0
ISIC_0030105,0
ISIC_0030114,0
ISIC_0030117,0
ISIC_0030122,0
ISIC_0030134,0
ISIC_0030138,0
ISIC_0030139,0
ISIC_0030140,0
ISIC_0030159,0
ISIC_0030171,0
ISIC_0030172,0
ISIC_0030175,0
ISIC_0030176,0
ISIC_0030177,0
ISIC_0030180,0
ISIC_0030181,0
ISIC_0030183,0
ISIC_0030184,0
ISIC_0030191,0
ISIC_0030192,0
ISIC_0030198,0
ISIC_0030209,0
ISIC_0030210,0
ISIC_0030227,0
ISIC_0030230,0
ISIC_0030245,0
ISIC_0030247,0
ISIC_0030249,0
ISIC_0030251,0
ISIC_0030253,0
ISIC_0030255,0
ISIC_0030260,0
ISIC_0030261,0
ISIC_0030263,0
ISIC_0030272,0
ISIC_0030279,0
ISIC_0030281,0
ISIC_0030303,0
ISIC_0030311,0
ISIC_0030312,0
ISIC_0030313,0
ISIC_0030314,0
ISIC_0030318,0
ISIC_0030321,0
ISIC_0030326,0
ISIC_0030328,0
ISIC_0030329,0
ISIC_0030334,0
ISIC_0030335,0
ISIC_0030339,0
ISIC_0030340,0
ISIC_0030346,0
ISIC_0030349,0
ISIC_0030350,0
ISIC_0030352,0
ISIC_0030354,0
ISIC_0030355,0
ISIC_0030356,0
ISIC_0030366,0
ISIC_0030370,0
ISIC_0030371,0
ISIC_0030372,0
ISIC_0030387,0
ISIC_0030391,0
ISIC_0030396,0
ISIC_0030397,0
ISIC_0030403,0
ISIC_0030406,0
ISIC_0030422,0
ISIC_0030425,0
ISIC_0030426,0
ISIC_0030429,0
ISIC_0030434,0
ISIC_0030440,0
ISIC_0030445,0
ISIC_0030447,0
ISIC_0030456,0
ISIC_0030458,0
ISIC_0030459,0
ISIC_0030462,0
ISIC_0030464,0
ISIC_0030492,0
ISIC_0030501,0
ISIC_0030507,0
ISIC_0030508,0
ISIC_0030512,0
ISIC_0030514,0
ISIC_0030520,0
ISIC_0030521,0
ISIC_0030525,0
ISIC_0030526,0
ISIC_0030533,0
ISIC_0030534,0
ISIC_0030535,0
ISIC_0030539,0
ISIC_0030542,0
ISIC_0030546,0
ISIC_0030549,0
ISIC_0030552,0
ISIC_0030553,0
ISIC_0030561,0
ISIC_0030565,0
ISIC_0030575,0
ISIC_0030579,0
ISIC_0030581,0
ISIC_0030582,0
ISIC_0030591,0
ISIC_0030592,0
ISIC_0030593,0
ISIC_0030597,0
ISIC_0030598,0
ISIC_0030607,0
ISIC_0030615,0
ISIC_0030620,0
ISIC_0030621,0
ISIC_0030623,0
ISIC_0030629,0
ISIC_0030635,0
ISIC_0030636,0
ISIC_0030639,0
ISIC_0030644,0
ISIC_0030649,0
ISIC_0030652,0
ISIC_0030653,0
ISIC_0030654,0
ISIC_0030659,0
ISIC_0030663,0
ISIC_0030664,0
ISIC_0030666,0
ISIC_0030672,0
ISIC_0030674,0
ISIC_0030675,0
ISIC_0030683,0
ISIC_0030688,0
ISIC_0030689,0
ISIC_0030690,0
ISIC_0030694,0
ISIC_0030697,0
ISIC_0030698,0
ISIC_0030700,0
ISIC_0030706,0
ISIC_0030709,0
ISIC_0030712,0
ISIC_0030730,0
ISIC_0030732,0
ISIC_0030733,0
ISIC_0030740,0
ISIC_0030741,0
ISIC_0030744,0
ISIC_0030746,0
ISIC_0030747,0
ISIC_0030757,0
ISIC_0030765,0
ISIC_0030773,0
ISIC_0030778,0
ISIC_0030786,0
ISIC_0030790,0
ISIC_0030792,0
ISIC_0030795,0
ISIC_0030796,0
ISIC_0030802,0
ISIC_0030806,0
ISIC_0030809,0
ISIC_0030810,0
ISIC_0030813,0
ISIC_0030816,0
ISIC_0030817,0
ISIC_0030818,0
ISIC_0030822,0
ISIC_0030828,0
ISIC_0030829,0
ISIC_0030833,0
ISIC_0030845,0
ISIC_0030847,0
ISIC_0030849,0
ISIC_0030851,0
ISIC_0030852,0
ISIC_0030856,0
ISIC_0030858,0
ISIC_0030859,0
ISIC_0030874,0
ISIC_0030876,0
ISIC_0030892,0
ISIC_0030898,0
ISIC_0030912,0
ISIC_0030914,0
ISIC_0030919,0
ISIC_0030922,0
ISIC_0030923,0
ISIC_0030926,0
ISIC_0030930,0
ISIC_0030937,0
ISIC_0030942,0
ISIC_0030945,0
ISIC_0030951,0
ISIC_0030953,0
ISIC_0030954,0
ISIC_0030960,0
ISIC_0030964,0
ISIC_0030967,0
ISIC_0030979,0
ISIC_0030980,0
ISIC_0030981,0
ISIC_0030988,0
ISIC_0030990,0
ISIC_0031000,0
ISIC_0031002,0
ISIC_0031011,0
ISIC_0031012,0
ISIC_0031014,0
ISIC_0031015,0
ISIC_0031016,0
ISIC_0031017,0
ISIC_0031019,0
ISIC_0031025,0
ISIC_0031029,0
ISIC_0031034,0
ISIC_0031037,0
ISIC_0031039,0
ISIC_0031040,0
ISIC_0031042,0
ISIC_0031045,0
ISIC_0031048,0
ISIC_0031049,0
ISIC_0031056,0
ISIC_0031059,0
ISIC_0031062,0
ISIC_0031064,0
ISIC_0031070,0
ISIC_0031078,0
ISIC_0031079,0
ISIC_0031080,0
ISIC_0031081,0
ISIC_0031085,0
ISIC_0031107,0
ISIC_0031108,0
ISIC_0031113,0
ISIC_0031121,0
ISIC_0031122,0
ISIC_0031126,0
ISIC_0031134,0
ISIC_0031140,0
ISIC_0031142,0
ISIC_0031145,0
ISIC_0031154,0
ISIC_0031158,0
ISIC_0031160,0
ISIC_0031166,0
ISIC_0031168,0
ISIC_0031169,0
ISIC_0031171,0
ISIC_0031177,0
ISIC_0031178,0
ISIC_0031181,0
ISIC_0031186,0
ISIC_0031189,0
ISIC_0031194,0
ISIC_0031204,0
ISIC_0031212,0
ISIC_0031221,0
ISIC_0031236,0
ISIC_0031247,0
ISIC_0031249,0
ISIC_0031258,0
ISIC_0031261,0
ISIC_0031268,0
ISIC_0031272,0
ISIC_0031278,0
ISIC_0031281,0
ISIC_0031284,0
ISIC_0031285,0
ISIC_0031287,0
ISIC_0031290,0
ISIC_0031293,0
ISIC_0031295,0
ISIC_0031298,0
ISIC_0031302,0
ISIC_0031306,0
ISIC_0031314,0
ISIC_0031318,0
ISIC_0031326,0
ISIC_0031337,0
ISIC_0031344,0
ISIC_0031351,0
ISIC_0031358,0
ISIC_0031363,0
ISIC_0031366,0
ISIC_0031369,0
ISIC_0031378,0
ISIC_0031379,0
ISIC_0031380,0
ISIC_0031381,0
ISIC_0031384,0
ISIC_0031385,0
ISIC_0031386,0
ISIC_0031389,0
ISIC_0031399,0
ISIC_0031400,0
ISIC_0031404,0
ISIC_0031406,0
ISIC_0031408,0
ISIC_0031412,0
ISIC_0031413,0
ISIC_0031417,0
ISIC_0031418,0
ISIC_0031421,0
ISIC_0031431,0
ISIC_0031435,0
ISIC_0031440,0
ISIC_0031442,0
ISIC_0031447,0
ISIC_0031451,0
ISIC_0031457,0
ISIC_0031459,0
ISIC_0031460,0
ISIC_0031464,0
ISIC_0031466,0
ISIC_0031468,0
ISIC_0031470,0
ISIC_0031474,0
ISIC_0031476,0
ISIC_0031482,0
ISIC_0031483,0
ISIC_0031485,0
ISIC_0031489,0
ISIC_0031496,0
ISIC_0031498,0
ISIC_0031501,0
ISIC_0031513,0
ISIC_0031515,0
ISIC_0031518,0
ISIC_0031519,0
ISIC_0031520,0
ISIC_0031526,0
ISIC_0031529,0
ISIC_0031541,0
ISIC_0031545,0
ISIC_0031546,0
ISIC_0031552,0
ISIC_0031555,0
ISIC_0031557,0
ISIC_0031560,0
ISIC_0031563,0
ISIC_0031567,0
ISIC_0031580,0
ISIC_0031583,0
ISIC_0031586,0
ISIC_0031594,0
ISIC_0031598,0
ISIC_0031599,0
ISIC_0031609,0
ISIC_0031611,0
ISIC_0031613,0
ISIC_0031617,0
ISIC_0031618,0
ISIC_0031621,0
ISIC_0031622,0
ISIC_0031629,0
ISIC_0031642,0
ISIC_0031644,0
ISIC_0031645,0
ISIC_0031646,0
ISIC_0031650,0
ISIC_0031651,0
ISIC_0031659,0
ISIC_0031660,0
ISIC_0031662,0
ISIC_0031663,0
ISIC_0031667,0
ISIC_0031672,0
ISIC_0031676,0
ISIC_0031681,0
ISIC_0031694,0
ISIC_0031698,0
ISIC_0031705,0
ISIC_0031707,0
ISIC_0031709,0
ISIC_0031710,0
ISIC_0031712,0
ISIC_0031713,0
ISIC_0031716,0
ISIC_0031720,0
ISIC_0031721,0
ISIC_0031725,0
ISIC_0031728,0
ISIC_0031733,0
ISIC_0031741,0
ISIC_0031742,0
ISIC_0031745,0
ISIC_0031746,0
ISIC_0031749,0
ISIC_0031753,0
ISIC_0031754,0
ISIC_0031762,0
ISIC_0031766,0
ISIC_0031770,0
ISIC_0031779,0
ISIC_0031784,0
ISIC_0031794,0
ISIC_0031798,0
ISIC_0031802,0
ISIC_0031806,0
ISIC_0031808,0
ISIC_0031809,0
ISIC_0031813,0
ISIC_0031817,0
ISIC_0031821,0
ISIC_0031822,0
ISIC_0031827,0
ISIC_0031838,0
ISIC_0031844,0
ISIC_0031857,0
ISIC_0031866,0
ISIC_0031871,0
ISIC_0031874,0
ISIC_0031876,0
ISIC_0031883,0
ISIC_0031887,0
ISIC_0031889,0
ISIC_0031894,0
ISIC_0031908,0
ISIC_0031915,0
ISIC_0031917,0
ISIC_0031923,0
ISIC_0031924,0
ISIC_0031925,0
ISIC_0031932,0
ISIC_0031933,0
ISIC_0031937,0
ISIC_0031940,0
ISIC_0031951,0
ISIC_0031953,0
ISIC_0031956,0
ISIC_0031957,0
ISIC_0031958,0
ISIC_0031959,0
ISIC_0031960,0
ISIC_0031965,0
ISIC_0031971,0
ISIC_0031972,0
ISIC_0031975,0
ISIC_0031977,0
ISIC_0031981,0
ISIC_0031982,0
ISIC_0031984,0
ISIC_0031988,0
ISIC_0031999,0
ISIC_0032003,0
ISIC_0032006,0
ISIC_0032007,0
ISIC_0032015,0
ISIC_0032019,0
ISIC_0032022,0
ISIC_0032023,0
ISIC_0032024,0
ISIC_0032027,0
ISIC_0032029,0
ISIC_0032030,0
ISIC_0032034,0
ISIC_0032036,0
ISIC_0032043,0
ISIC_0032044,0
ISIC_0032045,0
ISIC_0032046,0
ISIC_0032047,0
ISIC_0032055,0
ISIC_0032065,0
ISIC_0032074,0
ISIC_0032078,0
ISIC_0032082,0
ISIC_0032086,0
ISIC_0032090,0
ISIC_0032092,0
ISIC_0032095,0
ISIC_0032098,0
ISIC_0032109,0
ISIC_0032112,0
ISIC_0032125,0
ISIC_0032128,0
ISIC_0032132,0
ISIC_0032136,0
ISIC_0032138,0
ISIC_0032140,0
ISIC_0032141,0
ISIC_0032144,0
ISIC_0032145,0
ISIC_0032148,0
ISIC_0032150,0
ISIC_0032151,0
ISIC_0032154,0
ISIC_0032157,0
ISIC_0032158,0
ISIC_0032163,0
ISIC_0032174,0
ISIC_0032175,0
ISIC_0032181,0
ISIC_0032185,0
ISIC_0032190,0
ISIC_0032195,0
ISIC_0032203,0
ISIC_0032204,0
ISIC_0032219,0
ISIC_0032222,0
ISIC_0032225,0
ISIC_0032232,0
ISIC_0032233,0
ISIC_0032236,0
ISIC_0032242,0
ISIC_0032245,0
ISIC_0032251,0
ISIC_0032253,0
ISIC_0032274,0
ISIC_0032278,0
ISIC_0032279,0
ISIC_0032283,0
ISIC_0032284,0
ISIC_0032287,0
ISIC_0032290,0
ISIC_0032300,0
ISIC_0032302,0
ISIC_0032304,0
ISIC_0032310,0
ISIC_0032313,0
ISIC_0032314,0
ISIC_0032334,0
ISIC_0032338,0
ISIC_0032340,0
ISIC_0032341,0
ISIC_0032342,0
ISIC_0032344,0
ISIC_0032347,0
ISIC_0032355,0
ISIC_0032356,0
ISIC_0032362,0
ISIC_0032363,0
ISIC_0032364,0
ISIC_0032365,0
ISIC_0032368,0
ISIC_0032374,0
ISIC_0032375,0
ISIC_0032380,0
ISIC_0032384,0
ISIC_0032397,0
ISIC_0032405,0
ISIC_0032407,0
ISIC_0032414,0
ISIC_0032415,0
ISIC_0032421,0
ISIC_0032423,0
ISIC_0032425,0
ISIC_0032427,0
ISIC_0032428,0
ISIC_0032429,0
ISIC_0032433,0
ISIC_0032436,0
ISIC_0032441,0
ISIC_0032450,0
ISIC_0032459,0
ISIC_0032461,0
ISIC_0032462,0
ISIC_0032463,0
ISIC_0032468,0
ISIC_0032474,0
ISIC_0032482,0
ISIC_0032489,0
ISIC_0032494,0
ISIC_0032496,0
ISIC_0032508,0
ISIC_0032509,0
ISIC_0032512,0
ISIC_0032515,0
ISIC_0032517,0
ISIC_0032519,0
ISIC_0032520,0
ISIC_0032524,0
ISIC_0032525,0
ISIC_0032526,0
ISIC_0032527,0
ISIC_0032529,0
ISIC_0032532,0
ISIC_0032533,0
ISIC_0032540,0
ISIC_0032541,0
ISIC_0032544,0
ISIC_0032546,0
ISIC_0032547,0
ISIC_0032548,0
ISIC_0032550,0
ISIC_0032551,0
ISIC_0032552,0
ISIC_0032556,0
ISIC_0032558,0
ISIC_0032559,0
ISIC_0032561,0
ISIC_0032563,0
ISIC_0032566,0
ISIC_0032568,0
ISIC_0032569,0
ISIC_0032574,0
ISIC_0032579,0
ISIC_0032581,0
ISIC_0032582,0
ISIC_0032584,0
ISIC_0032585,0
ISIC_0032587,0
ISIC_0032590,0
ISIC_0032592,0
ISIC_0032593,0
ISIC_0032594,0
ISIC_0032595,0
ISIC_0032596,0
ISIC_0032598,0
ISIC_0032599,0
ISIC_0032601,0
ISIC_0032602,0
ISIC_0032603,0
ISIC_0032605,0
ISIC_0032609,0
ISIC_0032610,0
ISIC_0032612,0
ISIC_0032615,0
ISIC_0032617,0
ISIC_0032619,0
ISIC_0032620,0
ISIC_0032621,0
ISIC_0032622,0
ISIC_0032623,0
ISIC_0032624,0
ISIC_0032625,0
ISIC_0032626,0
ISIC_0032628,0
ISIC_0032633,0
ISIC_0032638,0
ISIC_0032639,0
ISIC_0032640,0
ISIC_0032641,0
ISIC_0032642,0
ISIC_0032644,0
ISIC_0032645,0
ISIC_0032648,0
ISIC_0032649,0
ISIC_0032650,0
ISIC_0032651,0
ISIC_0032652,0
ISIC_0032653,0
ISIC_0032656,0
ISIC_0032657,0
ISIC_0032660,0
ISIC_0032661,0
ISIC_0032662,0
ISIC_0032663,0
ISIC_0032664,0
ISIC_0032665,0
ISIC_0032666,0
ISIC_0032667,0
ISIC_0032668,0
ISIC_0032669,0
ISIC_0032670,0
ISIC_0032671,0
ISIC_0032672,0
ISIC_0032673,0
ISIC_0032677,0
ISIC_0032679,0
ISIC_0032680,0
ISIC_0032683,0
ISIC_0032684,0
ISIC_0032685,0
ISIC_0032689,0
ISIC_0032691,0
ISIC_0032700,0
ISIC_0032701,0
ISIC_0032702,0
ISIC_0032705,0
ISIC_0032707,0
ISIC_0032708,0
ISIC_0032710,0
ISIC_0032711,0
ISIC_0032713,0
ISIC_0032714,0
ISIC_0032716,0
ISIC_0032717,0
ISIC_0032718,0
ISIC_0032723,0
ISIC_0032724,0
ISIC_0032727,0
ISIC_0032728,0
ISIC_0032729,0
ISIC_0032732,0
ISIC_0032735,0
ISIC_0032736,0
ISIC_0032737,0
ISIC_0032739,0
ISIC_0032742,0
ISIC_0032747,0
ISIC_0032750,0
ISIC_0032751,0
ISIC_0032752,0
ISIC_0032754,0
ISIC_0032755,0
ISIC_0032756,0
ISIC_0032757,0
ISIC_0032758,0
ISIC_0032760,0
ISIC_0032761,0
ISIC_0032762,0
ISIC_0032766,0
ISIC_0032767,0
ISIC_0032768,0
ISIC_0032769,0
ISIC_0032770,0
ISIC_0032771,0
ISIC_0032772,0
ISIC_0032777,0
ISIC_0032778,0
ISIC_0032779,0
ISIC_0032780,0
ISIC_0032781,0
ISIC_0032784,0
ISIC_0032785,0
ISIC_0032786,0
ISIC_0032787,0
ISIC_0032788,0
ISIC_0032792,0
ISIC_0032795,0
ISIC_0032797,0
ISIC_0032799,0
ISIC_0032802,0
ISIC_0032807,0
ISIC_0032810,0
ISIC_0032811,0
ISIC_0032815,0
ISIC_0032817,0
ISIC_0032820,0
ISIC_0032821,0
ISIC_0032822,0
ISIC_0032825,0
ISIC_0032829,0
ISIC_0032832,0
ISIC_0032834,0
ISIC_0032836,0
ISIC_0032838,0
ISIC_0032841,0
ISIC_0032844,0
ISIC_0032845,0
ISIC_0032846,0
ISIC_0032847,0
ISIC_0032850,0
ISIC_0032851,0
ISIC_0032856,0
ISIC_0032857,0
ISIC_0032858,0
ISIC_0032859,0
ISIC_0032861,0
ISIC_0032862,0
ISIC_0032863,0
ISIC_0032864,0
ISIC_0032865,0
ISIC_0032869,0
ISIC_0032870,0
ISIC_0032871,0
ISIC_0032874,0
ISIC_0032875,0
ISIC_0032882,0
ISIC_0032883,0
ISIC_0032884,0
ISIC_0032885,0
ISIC_0032886,0
ISIC_0032887,0
ISIC_0032888,0
ISIC_0032891,0
ISIC_0032893,0
ISIC_0032895,0
ISIC_0032896,0
ISIC_0032897,0
ISIC_0032899,0
ISIC_0032901,0
ISIC_0032902,0
ISIC_0032903,0
ISIC_0032906,0
ISIC_0032908,0
ISIC_0032909,0
ISIC_0032911,0
ISIC_0032916,0
ISIC_0032917,0
ISIC_0032920,0
ISIC_0032921,0
ISIC_0032924,0
ISIC_0032925,0
ISIC_0032928,0
ISIC_0032941,0
ISIC_0032944,0
ISIC_0032946,0
ISIC_0032948,0
ISIC_0032950,0
ISIC_0032952,0
ISIC_0032953,0
ISIC_0032954,0
ISIC_0032957,0
ISIC_0032959,0
ISIC_0032961,0
ISIC_0032962,0
ISIC_0032964,0
ISIC_0032966,0
ISIC_0032969,0
ISIC_0032971,0
ISIC_0032977,0
ISIC_0032980,0
ISIC_0032981,0
ISIC_0032982,0
ISIC_0032984,0
ISIC_0032986,0
ISIC_0032989,0
ISIC_0032990,0
ISIC_0032991,0
ISIC_0032995,0
ISIC_0032998,0
ISIC_0032999,0
ISIC_0033002,0
ISIC_0033003,0
ISIC_0033006,0
ISIC_0033007,0
ISIC_0033009,0
ISIC_0033010,0
ISIC_0033012,0
ISIC_0033016,0
ISIC_0033017,0
ISIC_0033018,0
ISIC_0033019,0
ISIC_0033020,0
ISIC_0033024,0
ISIC_0033026,0
ISIC_0033030,0
ISIC_0033033,0
ISIC_0033035,0
ISIC_0033036,0
ISIC_0033041,0
ISIC_0033046,0
ISIC_0033047,0
ISIC_0033048,0
ISIC_0033052,0
ISIC_0033054,0
ISIC_0033057,0
ISIC_0033058,0
ISIC_0033059,0
ISIC_0033067,0
ISIC_0033068,0
ISIC_0033069,0
ISIC_0033070,0
ISIC_0033071,0
ISIC_0033075,0
ISIC_0033076,0
ISIC_0033077,0
ISIC_0033081,0
ISIC_0033083,0
ISIC_0033085,0
ISIC_0033087,0
ISIC_0033091,0
ISIC_0033093,0
ISIC_0033094,0
ISIC_0033097,0
ISIC_0033103,0
ISIC_0033104,0
ISIC_0033106,0
ISIC_0033107,0
ISIC_0033108,0
ISIC_0033109,0
ISIC_0033113,0
ISIC_0033115,0
ISIC_0033116,0
ISIC_0033119,0
ISIC_0033120,0
ISIC_0033121,0
ISIC_0033125,0
ISIC_0033126,0
ISIC_0033128,0
ISIC_0033133,0
ISIC_0033134,0
ISIC_0033136,0
ISIC_0033137,0
ISIC_0033138,0
ISIC_0033141,0
ISIC_0033145,0
ISIC_0033147,0
ISIC_0033148,0
ISIC_0033150,0
ISIC_0033152,0
ISIC_0033153,0
ISIC_0033155,0
ISIC_0033157,0
ISIC_0033160,0
ISIC_0033163,0
ISIC_0033165,0
ISIC_0033166,0
ISIC_0033167,0
ISIC_0033170,0
ISIC_0033171,0
ISIC_0033174,0
ISIC_0033175,0
ISIC_0033179,0
ISIC_0033180,0
ISIC_0033181,0
ISIC_0033182,0
ISIC_0033186,0
ISIC_0033189,0
ISIC_0033191,0
ISIC_0033193,0
ISIC_0033194,0
ISIC_0033196,0
ISIC_0033201,0
ISIC_0033202,0
ISIC_0033205,0
ISIC_0033207,0
ISIC_0033210,0
ISIC_0033212,0
ISIC_0033213,0
ISIC_0033214,0
ISIC_0033215,0
ISIC_0033216,0
ISIC_0033218,0
ISIC_0033220,0
ISIC_0033221,0
ISIC_0033222,0
ISIC_0033227,0
ISIC_0033229,0
ISIC_0033231,0
ISIC_0033233,0
ISIC_0033236,0
ISIC_0033237,0
ISIC_0033239,0
ISIC_0033241,0
ISIC_0033242,0
ISIC_0033243,0
ISIC_0033244,0
ISIC_0033248,0
ISIC_0033249,0
ISIC_0033250,0
ISIC_0033251,0
ISIC_0033252,0
ISIC_0033253,0
ISIC_0033255,0
ISIC_0033259,0
ISIC_0033262,0
ISIC_0033263,0
ISIC_0033264,0
ISIC_0033265,0
ISIC_0033268,0
ISIC_0033273,0
ISIC_0033275,0
ISIC_0033276,0
ISIC_0033278,0
ISIC_0033279,0
ISIC_0033280,0
ISIC_0033281,0
ISIC_0033282,0
ISIC_0033283,0
ISIC_0033284,0
ISIC_0033285,0
ISIC_0033288,0
ISIC_0033291,0
ISIC_0033292,0
ISIC_0033294,0
ISIC_0033296,0
ISIC_0033297,0
ISIC_0033298,0
ISIC_0033300,0
ISIC_0033302,0
ISIC_0033303,0
ISIC_0033304,0
ISIC_0033311,0
ISIC_0033312,0
ISIC_0033315,0
ISIC_0033316,0
ISIC_0033317,0
ISIC_0033318,0
ISIC_0033320,0
ISIC_0033323,0
ISIC_0033326,0
ISIC_0033327,0
ISIC_0033328,0
ISIC_0033333,0
ISIC_0033334,0
ISIC_0033336,0
ISIC_0033339,0
ISIC_0033340,0
ISIC_0033342,0
ISIC_0033345,0
ISIC_0033347,0
ISIC_0033348,0
ISIC_0033350,0
ISIC_0033351,0
ISIC_0033352,0
ISIC_0033354,0
ISIC_0033356,0
ISIC_0033357,0
ISIC_0033359,0
ISIC_0033361,0
ISIC_0033362,0
ISIC_0033363,0
ISIC_0033365,0
ISIC_0033368,0
ISIC_0033369,0
ISIC_0033370,0
ISIC_0033371,0
ISIC_0033376,0
ISIC_0033377,0
ISIC_0033378,0
ISIC_0033382,0
ISIC_0033384,0
ISIC_0033386,0
ISIC_0033387,0
ISIC_0033388,0
ISIC_0033389,0
ISIC_0033390,0
ISIC_0033393,0
ISIC_0033394,0
ISIC_0033396,0
ISIC_0033398,0
ISIC_0033400,0
ISIC_0033403,0
ISIC_0033404,0
ISIC_0033405,0
ISIC_0033407,0
ISIC_0033408,0
ISIC_0033409,0
ISIC_0033411,0
ISIC_0033412,0
ISIC_0033415,0
ISIC_0033416,0
ISIC_0033423,0
ISIC_0033424,0
ISIC_0033427,0
ISIC_0033429,0
ISIC_0033430,0
ISIC_0033432,0
ISIC_0033435,0
ISIC_0033439,0
ISIC_0033441,0
ISIC_0033443,0
ISIC_0033444,0
ISIC_0033447,0
ISIC_0033448,0
ISIC_0033451,0
ISIC_0033452,0
ISIC_0033459,0
ISIC_0033462,0
ISIC_0033463,0
ISIC_0033466,0
ISIC_0033469,0
ISIC_0033470,0
ISIC_0033475,0
ISIC_0033478,0
ISIC_0033482,0
ISIC_0033485,0
ISIC_0033486,0
ISIC_0033487,0
ISIC_0033492,0
ISIC_0033496,0
ISIC_0033497,0
ISIC_0033500,0
ISIC_0033501,0
ISIC_0033503,0
ISIC_0033504,0
ISIC_0033505,0
ISIC_0033506,0
ISIC_0033510,0
ISIC_0033511,0
ISIC_0033512,0
ISIC_0033513,0
ISIC_0033514,0
ISIC_0033516,0
ISIC_0033517,0
ISIC_0033519,0
ISIC_0033521,0
ISIC_0033524,0
ISIC_0033525,0
ISIC_0033527,0
ISIC_0033529,0
ISIC_0033530,0
ISIC_0033532,0
ISIC_0033534,0
ISIC_0033541,0
ISIC_0033544,0
ISIC_0033545,0
ISIC_0033546,0
ISIC_0033547,0
ISIC_0033548,0
ISIC_0033549,0
ISIC_0033551,0
ISIC_0033552,0
ISIC_0033555,0
ISIC_0033557,0
ISIC_0033558,0
ISIC_0033560,0
ISIC_0033561,0
ISIC_0033563,0
ISIC_0033566,0
ISIC_0033568,0
ISIC_0033571,0
ISIC_0033573,0
ISIC_0033574,0
ISIC_0033576,0
ISIC_0033579,0
ISIC_0033580,0
ISIC_0033590,0
ISIC_0033595,0
ISIC_0033598,0
ISIC_0033599,0
ISIC_0033600,0
ISIC_0033601,0
ISIC_0033603,0
ISIC_0033605,0
ISIC_0033606,0
ISIC_0033607,0
ISIC_0033609,0
ISIC_0033610,0
ISIC_0033612,0
ISIC_0033613,0
ISIC_0033618,0
ISIC_0033619,0
ISIC_0033621,0
ISIC_0033624,0
ISIC_0033625,0
ISIC_0033635,0
ISIC_0033637,0
ISIC_0033638,0
ISIC_0033639,0
ISIC_0033640,0
ISIC_0033641,0
ISIC_0033642,0
ISIC_0033644,0
ISIC_0033645,0
ISIC_0033649,0
ISIC_0033650,0
ISIC_0033651,0
ISIC_0033652,0
ISIC_0033657,0
ISIC_0033658,0
ISIC_0033661,0
ISIC_0033662,0
ISIC_0033664,0
ISIC_0033665,0
ISIC_0033666,0
ISIC_0033667,0
ISIC_0033671,0
ISIC_0033672,0
ISIC_0033673,0
ISIC_0033674,0
ISIC_0033675,0
ISIC_0033677,0
ISIC_0033680,0
ISIC_0033683,0
ISIC_0033684,0
ISIC_0033686,0
ISIC_0033687,0
ISIC_0033691,0
ISIC_0033694,0
ISIC_0033696,0
ISIC_0033698,0
ISIC_0033699,0
ISIC_0033700,0
ISIC_0033702,0
ISIC_0033704,0
ISIC_0033706,0
ISIC_0033707,0
ISIC_0033709,0
ISIC_0033711,0
ISIC_0033712,0
ISIC_0033714,0
ISIC_0033715,0
ISIC_0033716,0
ISIC_0033717,0
ISIC_0033718,0
ISIC_0033719,0
ISIC_0033720,0
ISIC_0033721,0
ISIC_0033723,0
ISIC_0033724,0
ISIC_0033726,0
ISIC_0033727,0
ISIC_0033729,0
ISIC_0033731,0
ISIC_0033734,0
ISIC_0033736,0
ISIC_0033737,0
ISIC_0033739,0
ISIC_0033740,0
ISIC_0033743,0
ISIC_0033744,0
ISIC_0033745,0
ISIC_0033747,0
ISIC_0033752,0
ISIC_0033755,0
ISIC_0033756,0
ISIC_0033757,0
ISIC_0033758,0
ISIC_0033761,0
ISIC_0033763,0
ISIC_0033767,0
ISIC_0033768,0
ISIC_0033769,0
ISIC_0033770,0
ISIC_0033771,0
ISIC_0033774,0
ISIC_0033775,0
ISIC_0033778,0
ISIC_0033779,0
ISIC_0033786,0
ISIC_0033787,0
ISIC_0033788,0
ISIC_0033790,0
ISIC_0033792,0
ISIC_0033793,0
ISIC_0033794,0
ISIC_0033795,0
ISIC_0033796,0
ISIC_0033799,0
ISIC_0033800,0
ISIC_0033801,0
ISIC_0033802,0
ISIC_0033803,0
ISIC_0033804,0
ISIC_0033805,0
ISIC_0033811,0
ISIC_0033813,0
ISIC_0033815,0
ISIC_0033816,0
ISIC_0033818,0
ISIC_0033819,0
ISIC_0033822,0
ISIC_0033823,0
ISIC_0033824,0
ISIC_0033827,0
ISIC_0033828,0
ISIC_0033830,0
ISIC_0033833,0
ISIC_0033835,0
ISIC_0033836,0
ISIC_0033837,0
ISIC_0033838,0
ISIC_0033840,0
ISIC_0033845,0
ISIC_0033846,0
ISIC_0033848,0
ISIC_0033849,0
ISIC_0033852,0
ISIC_0033862,0
ISIC_0033864,0
ISIC_0033867,0
ISIC_0033868,0
ISIC_0033869,0
ISIC_0033871,0
ISIC_0033872,0
ISIC_0033876,0
ISIC_0033880,0
ISIC_0033881,0
ISIC_0033883,0
ISIC_0033886,0
ISIC_0033887,0
ISIC_0033893,0
ISIC_0033894,0
ISIC_0033897,0
ISIC_0033899,0
ISIC_0033900,0
ISIC_0033901,0
ISIC_0033904,0
ISIC_0033905,0
ISIC_0033908,0
ISIC_0033910,0
ISIC_0033911,0
ISIC_0033912,0
ISIC_0033914,0
ISIC_0033915,0
ISIC_0033917,0
ISIC_0033919,0
ISIC_0033920,0
ISIC_0033921,0
ISIC_0033922,0
ISIC_0033923,0
ISIC_0033925,0
ISIC_0033926,0
ISIC_0033927,0
ISIC_0033929,0
ISIC_0033930,0
ISIC_0033932,0
ISIC_0033933,0
ISIC_0033935,0
ISIC_0033936,0
ISIC_0033937,0
ISIC_0033938,0
ISIC_0033939,0
ISIC_0033940,0
ISIC_0033941,0
ISIC_0033944,0
ISIC_0033946,0
ISIC_0033948,0
ISIC_0033950,0
ISIC_0033954,0
ISIC_0033955,0
ISIC_0033956,0
ISIC_0033957,0
ISIC_0033960,0
ISIC_0033961,0
ISIC_0033962,0
ISIC_0033963,0
ISIC_0033965,0
ISIC_0033966,0
ISIC_0033968,0
ISIC_0033971,0
ISIC_0033973,0
ISIC_0033974,0
ISIC_0033975,0
ISIC_0033976,0
ISIC_0033977,0
ISIC_0033980,0
ISIC_0033981,0
ISIC_0033984,0
ISIC_0033985,0
ISIC_0033988,0
ISIC_0033989,0
ISIC_0033992,0
ISIC_0033993,0
ISIC_0033994,0
ISIC_0033995,0
ISIC_0033996,0
ISIC_0033998,0
ISIC_0034002,0
ISIC_0034004,0
ISIC_0034005,0
ISIC_0034006,0
ISIC_0034008,0
ISIC_0034009,0
ISIC_0034011,0
ISIC_0034012,0
ISIC_0034013,0
ISIC_0034014,0
ISIC_0034015,0
ISIC_0034017,0
ISIC_0034020,0
ISIC_0034021,0
ISIC_0034023,0
ISIC_0034025,0
ISIC_0034029,0
ISIC_0034030,0
ISIC_0034032,0
ISIC_0034035,0
ISIC_0034037,0
ISIC_0034038,0
ISIC_0034039,0
ISIC_0034041,0
ISIC_0034042,0
ISIC_0034044,0
ISIC_0034046,0
ISIC_0034048,0
ISIC_0034051,0
ISIC_0034052,0
ISIC_0034056,0
ISIC_0034060,0
ISIC_0034061,0
ISIC_0034064,0
ISIC_0034067,0
ISIC_0034068,0
ISIC_0034069,0
ISIC_0034070,0
ISIC_0034071,0
ISIC_0034073,0
ISIC_0034076,0
ISIC_0034077,0
ISIC_0034078,0
ISIC_0034079,0
ISIC_0034083,0
ISIC_0034084,0
ISIC_0034085,0
ISIC_0034088,0
ISIC_0034090,0
ISIC_0034093,0
ISIC_0034094,0
ISIC_0034095,0
ISIC_0034096,0
ISIC_0034097,0
ISIC_0034099,0
ISIC_0034100,0
ISIC_0034102,0
ISIC_0034103,0
ISIC_0034104,0
ISIC_0034105,0
ISIC_0034107,0
ISIC_0034108,0
ISIC_0034109,0
ISIC_0034112,0
ISIC_0034113,0
ISIC_0034116,0
ISIC_0034117,0
ISIC_0034118,0
ISIC_0034120,0
ISIC_0034121,0
ISIC_0034122,0
ISIC_0034124,0
ISIC_0034125,0
ISIC_0034128,0
ISIC_0034129,0
ISIC_0034131,0
ISIC_0034133,0
ISIC_0034134,0
ISIC_0034137,0
ISIC_0034138,0
ISIC_0034139,0
ISIC_0034140,0
ISIC_0034143,0
ISIC_0034145,0
ISIC_0034148,0
ISIC_0034149,0
ISIC_0034150,0
ISIC_0034152,0
ISIC_0034153,0
ISIC_0034156,0
ISIC_0034157,0
ISIC_0034158,0
ISIC_0034160,0
ISIC_0034161,0
ISIC_0034166,0
ISIC_0034168,0
ISIC_0034169,0
ISIC_0034171,0
ISIC_0034172,0
ISIC_0034176,0
ISIC_0034178,0
ISIC_0034179,0
ISIC_0034183,0
ISIC_0034184,0
ISIC_0034190,0
ISIC_0034191,0
ISIC_0034194,0
ISIC_0034198,0
ISIC_0034199,0
ISIC_0034201,0
ISIC_0034203,0
ISIC_0034205,0
ISIC_0034206,0
ISIC_0034207,0
ISIC_0034210,0
ISIC_0034211,0
ISIC_0034213,0
ISIC_0034215,0
ISIC_0034217,0
ISIC_0034220,0
ISIC_0034222,0
ISIC_0034223,0
ISIC_0034224,0
ISIC_0034225,0
ISIC_0034226,0
ISIC_0034227,0
ISIC_0034230,0
ISIC_0034232,0
ISIC_0034233,0
ISIC_0034236,0
ISIC_0034237,0
ISIC_0034241,0
ISIC_0034245,0
ISIC_0034246,0
ISIC_0034247,0
ISIC_0034251,0
ISIC_0034255,0
ISIC_0034256,0
ISIC_0034257,0
ISIC_0034258,0
ISIC_0034261,0
ISIC_0034262,0
ISIC_0034264,0
ISIC_0034267,0
ISIC_0034268,0
ISIC_0034269,0
ISIC_0034271,0
ISIC_0034272,0
ISIC_0034281,0
ISIC_0034282,0
ISIC_0034286,0
ISIC_0034287,0
ISIC_0034288,0
ISIC_0034289,0
ISIC_0034290,0
ISIC_0034292,0
ISIC_0034293,0
ISIC_0034297,0
ISIC_0034298,0
ISIC_0034300,0
ISIC_0034301,0
ISIC_0034304,0
ISIC_0034305,0
ISIC_0034306,0
ISIC_0034307,0
ISIC_0034308,0
ISIC_0034310,0
ISIC_0034314,0
ISIC_0034317,0
ISIC_0034318,0
ISIC_0034319,0
ISIC_0034332,0
ISIC_0034333,0
ISIC_0034335,0
ISIC_0034338,0
ISIC_0034341,0
ISIC_0034343,0
ISIC_0034344,0
ISIC_0034355,0
ISIC_0034361,0
ISIC_0034368,0
ISIC_0034378,0
ISIC_0034379,0
ISIC_0034383,0
ISIC_0034387,0
ISIC_0034392,0
ISIC_0034393,0
ISIC_0034395,0
ISIC_0034396,0
ISIC_0034398,0
ISIC_0034402,0
ISIC_0034405,0
ISIC_0034406,0
ISIC_0034409,0
ISIC_0034410,0
ISIC_0034425,0
ISIC_0034427,0
ISIC_0034434,0
ISIC_0034436,0
ISIC_0034437,0
ISIC_0034443,0
ISIC_0034446,0
ISIC_0034449,0
ISIC_0034450,0
ISIC_0034452,0
ISIC_0034456,0
ISIC_0034464,0
ISIC_0034468,0
ISIC_0034469,0
ISIC_0034472,0
ISIC_0034474,0
ISIC_0034477,0
ISIC_0034478,0
ISIC_0034482,0
ISIC_0034488,0
ISIC_0034491,0
ISIC_0034492,0
ISIC_0034493,0
ISIC_0034495,0
ISIC_0034496,0
ISIC_0034498,0
ISIC_0034499,0
ISIC_0034502,0
ISIC_0034503,0
ISIC_0034506,0
ISIC_0034510,0
ISIC_0034511,0
ISIC_0034513,0
ISIC_0034522,0
ISIC_0034523,0
ISIC_0034525,0
ISIC_0034537,0
ISIC_0034539,0
ISIC_0034544,0
ISIC_0034545,0
ISIC_0034552,0
ISIC_0034554,0
ISIC_0034558,0
ISIC_0034565,0
ISIC_0034569,0
ISIC_0034570,0
ISIC_0034572,0
ISIC_0034577,0
ISIC_0034583,0
ISIC_0034591,0
ISIC_0034596,0
ISIC_0034598,0
ISIC_0034603,0
ISIC_0034605,0
ISIC_0034612,0
ISIC_0034617,0
ISIC_0034618,0
ISIC_0034621,0
ISIC_0034629,0
ISIC_0034630,0
ISIC_0034632,0
ISIC_0034635,0
ISIC_0034637,0
ISIC_0034661,0
ISIC_0034665,0
ISIC_0034666,0
ISIC_0034670,0
ISIC_0034672,0
ISIC_0034674,0
ISIC_0034679,0
ISIC_0034692,0
ISIC_0034697,0
ISIC_0034705,0
ISIC_0034712,0
ISIC_0034717,0
ISIC_0034718,0
ISIC_0034719,0
ISIC_0034720,0
ISIC_0034723,0
ISIC_0034724,0
ISIC_0034727,0
ISIC_0034730,0
ISIC_0034731,0
ISIC_0034732,0
ISIC_0034736,0
ISIC_0034746,0
ISIC_0034749,0
ISIC_0034751,0
ISIC_0034755,0
ISIC_0034758,0
ISIC_0034767,0
ISIC_0034773,0
ISIC_0034784,0
ISIC_0034785,0
ISIC_0034786,0
ISIC_0034791,0
ISIC_0034792,0
ISIC_0034797,0
ISIC_0034813,0
ISIC_0034815,0
ISIC_0034818,0
ISIC_0034833,0
ISIC_0034840,0
ISIC_0034856,0
ISIC_0034861,0
ISIC_0034864,0
ISIC_0034870,0
ISIC_0034873,0
ISIC_0034879,0
ISIC_0034882,0
ISIC_0034884,0
ISIC_0034885,0
ISIC_0034901,0
ISIC_0034904,0
ISIC_0034906,0
ISIC_0034907,0
ISIC_0034910,0
ISIC_0034914,0
ISIC_0034915,0
ISIC_0034921,0
ISIC_0034925,0
ISIC_0034931,0
ISIC_0034932,0
ISIC_0034934,0
ISIC_0034935,0
ISIC_0034936,0
ISIC_0034941,0
ISIC_0034944,0
ISIC_0034946,0
ISIC_0034952,0
ISIC_0034966,0
ISIC_0034967,0
ISIC_0034971,0
ISIC_0034993,0
ISIC_0034994,0
ISIC_0035000,0
ISIC_0035008,0
ISIC_0035009,0
ISIC_0035021,0
ISIC_0035023,0
ISIC_0035026,0
ISIC_0035029,0
ISIC_0035035,0
ISIC_0035038,0
ISIC_0035041,0
ISIC_0035042,0
ISIC_0035044,0
ISIC_0035046,0
ISIC_0035047,0
ISIC_0035048,0
ISIC_0035059,0
ISIC_0035063,0
ISIC_0035067,0
ISIC_0035070,0
ISIC_0035089,0
ISIC_0035090,0
ISIC_0035091,0
ISIC_0035092,0
ISIC_0035095,0
ISIC_0035097,0
ISIC_0035100,0
ISIC_0035105,0
ISIC_0035109,0
ISIC_0035112,0
ISIC_0035117,0
ISIC_0035119,0
ISIC_0035124,0
ISIC_0035132,0
ISIC_0035133,0
ISIC_0035137,0
ISIC_0035142,0
ISIC_0035148,0
ISIC_0035150,0
ISIC_0035156,0
ISIC_0035166,0
ISIC_0035170,0
ISIC_0035179,0
ISIC_0035186,0
ISIC_0035187,0
ISIC_0035213,0
ISIC_0035217,0
ISIC_0035224,0
ISIC_0035225,0
ISIC_0035235,0
ISIC_0035241,0
ISIC_0035245,0
ISIC_0035259,0
ISIC_0035262,0
ISIC_0035263,0
ISIC_0035265,0
ISIC_0035276,0
ISIC_0035277,0
ISIC_0035284,0
ISIC_0035302,0
ISIC_0035317,0
ISIC_0035318,0
ISIC_0035321,0
ISIC_0035322,0
ISIC_0035324,0
ISIC_0035331,0
ISIC_0035332,0
ISIC_0035336,0
ISIC_0035343,0
ISIC_0035355,0
ISIC_0035356,0
ISIC_0035366,0
ISIC_0035368,0
ISIC_0035370,0
ISIC_0035373,0
ISIC_0035381,0
ISIC_0035389,0
ISIC_0035399,0
ISIC_0035403,0
ISIC_0035406,0
ISIC_0035415,0
ISIC_0035418,0
ISIC_0035419,0
ISIC_0035420,0
ISIC_0035425,0
ISIC_0035433,0
ISIC_0035436,0
ISIC_0035441,0
ISIC_0035443,0
ISIC_0035444,0
ISIC_0035446,0
ISIC_0035458,0
ISIC_0035459,0
ISIC_0035462,0
ISIC_0035465,0
ISIC_0035468,0
ISIC_0035474,0
ISIC_0035481,0
ISIC_0035485,0
ISIC_0035486,0
ISIC_0035487,0
ISIC_0035493,0
ISIC_0035504,0
ISIC_0035515,0
ISIC_0035516,0
ISIC_0035518,0
ISIC_0035521,0
ISIC_0035527,0
ISIC_0035528,0
ISIC_0035538,0
ISIC_0035543,0
ISIC_0035545,0
ISIC_0035553,0
ISIC_0035554,0
ISIC_0035555,0
ISIC_0035557,0
ISIC_0035571,0
ISIC_0035581,0
ISIC_0035583,0
ISIC_0035588,0
ISIC_0035589,0
ISIC_0035592,0
ISIC_0035597,0
ISIC_0035608,0
ISIC_0035631,0
ISIC_0035634,0
ISIC_0035636,0
ISIC_0035640,0
ISIC_0035641,0
ISIC_0035642,0
ISIC_0035646,0
ISIC_0035648,0
ISIC_0035656,0
ISIC_0035657,0
ISIC_0035659,0
ISIC_0035665,0
ISIC_0035667,0
ISIC_0035670,0
ISIC_0035671,0
ISIC_0035673,0
ISIC_0035674,0
ISIC_0035676,0
ISIC_0035677,0
ISIC_0035680,0
ISIC_0035681,0
ISIC_0035682,0
ISIC_0035683,0
ISIC_0035684,0
ISIC_0035687,0
ISIC_0035689,0
ISIC_0035695,0
ISIC_0035698,0
ISIC_0035700,0
ISIC_0035702,0
ISIC_0035703,0
ISIC_0035705,0
ISIC_0035706,0
ISIC_0035708,0
ISIC_0035710,0
ISIC_0035714,0
ISIC_0035716,0
ISIC_0035719,0
ISIC_0035722,0
ISIC_0035723,0
ISIC_0035726,0
ISIC_0035727,0
ISIC_0035731,0
ISIC_0035732,0
ISIC_0035733,0
ISIC_0035738,0
ISIC_0035739,0
ISIC_0035740,0
ISIC_0035746,0
ISIC_0035747,0
ISIC_0035749,0
ISIC_0035750,0
ISIC_0035752,0
ISIC_0035758,0
ISIC_0035760,0
ISIC_0035761,0
ISIC_0035762,0
ISIC_0035764,0
ISIC_0035766,0
ISIC_0035767,0
ISIC_0035770,0
ISIC_0035773,0
ISIC_0035774,0
ISIC_0035777,0
ISIC_0035781,0
ISIC_0035790,0
ISIC_0035791,0
ISIC_0035792,0
ISIC_0035794,0
ISIC_0035797,0
ISIC_0035801,0
ISIC_0035804,0
ISIC_0035805,0
ISIC_0035806,0
ISIC_0035811,0
ISIC_0035812,0
ISIC_0035815,0
ISIC_0035822,0
ISIC_0035823,0
ISIC_0035824,0
ISIC_0035825,0
ISIC_0035827,0
ISIC_0035828,0
ISIC_0035832,0
ISIC_0035836,0
ISIC_0035838,0
ISIC_0035839,0
ISIC_0035841,0
ISIC_0035842,0
ISIC_0035846,0
ISIC_0035849,0
ISIC_0035850,0
ISIC_0035851,0
ISIC_0035853,0
ISIC_0035854,0
ISIC_0035855,0
ISIC_0035856,0
ISIC_0035858,0
ISIC_0035859,0
ISIC_0035861,0
ISIC_0035864,0
ISIC_0035866,0
ISIC_0035867,0
ISIC_0035868,0
ISIC_0035870,0
ISIC_0035879,0
ISIC_0035885,0
ISIC_0035889,0
ISIC_0035891,0
ISIC_0035892,0
ISIC_0035893,0
ISIC_0035898,0
ISIC_0035901,0
ISIC_0035903,0
ISIC_0035904,0
ISIC_0035907,0
ISIC_0035913,0
ISIC_0035916,0
ISIC_0035917,0
ISIC_0035921,0
ISIC_0035923,0
ISIC_0035927,0
ISIC_0035929,0
ISIC_0035933,0
ISIC_0035937,0
ISIC_0035938,0
ISIC_0035939,0
ISIC_0035941,0
ISIC_0035948,0
ISIC_0035949,0
ISIC_0035951,0
ISIC_0035954,0
ISIC_0035961,0
ISIC_0035962,0
ISIC_0035963,0
ISIC_0035964,0
ISIC_0035966,0
ISIC_0035967,0
ISIC_0035968,0
ISIC_0035971,0
ISIC_0035974,0
ISIC_0035975,0
ISIC_0035976,0
ISIC_0035978,0
ISIC_0035980,0
ISIC_0035985,0
ISIC_0035993,0
ISIC_0035994,0
ISIC_0035999,0
ISIC_0036001,0
ISIC_0036002,0
ISIC_0036004,0
ISIC_0036005,0
ISIC_0036009,0
ISIC_0036010,0
ISIC_0036012,0
ISIC_0036016,0
ISIC_0036020,0
ISIC_0036021,0
ISIC_0036034,0
ISIC_0036038,0
ISIC_0036039,0
ISIC_0036044,0
ISIC_0036047,0
ISIC_0036049,0
ISIC_0036051,0
ISIC_0036052,0
ISIC_0036053,0
ISIC_0036057,0
ISIC_0036058,0
ISIC_0036064,0
ISIC_0036070,0
ISIC_0036073,0
ISIC_0036075,0
ISIC_0036076,0
ISIC_0036078,0
ISIC_0036079,0
ISIC_0036080,0
ISIC_0036081,0
ISIC_0036083,0
ISIC_0036085,0
ISIC_0036086,0
ISIC_0036087,0
ISIC_0036088,0
ISIC_0036089,0
ISIC_0036090,0
ISIC_0036091,0
ISIC_0036092,0
ISIC_0036093,0
ISIC_0036094,0
ISIC_0036095,0
ISIC_0036096,0
ISIC_0036097,0
ISIC_0036098,0
ISIC_0036099,0
ISIC_0036101,0
ISIC_0036102,0
ISIC_0036103,0
ISIC_0036104,0
ISIC_0036105,0
ISIC_0036106,0
ISIC_0036107,0
ISIC_0036108,0
ISIC_0036109,0
ISIC_0036110,0
ISIC_0036111,0
ISIC_0036112,0
ISIC_0036113,0
ISIC_0036114,0
ISIC_0036115,0
ISIC_0036116,0
ISIC_0036117,0
ISIC_0036118,0
ISIC_0036119,0
ISIC_0036120,0
ISIC_0036121,0
ISIC_0036123,0
ISIC_0036159,0
ISIC_0036258,0
ISIC_0036260,0
ISIC_0036263,0
ISIC_0036264,0
ISIC_0036269,0
ISIC_0036270,0
ISIC_0036273,0
ISIC_0036274,0
ISIC_0036275,0
ISIC_0036276,0
ISIC_0036278,0
ISIC_0036279,0
ISIC_0036280,0
ISIC_0036281,0
ISIC_0036282,0
ISIC_0036284,0
ISIC_0036285,0
ISIC_0036286,0
ISIC_0036287,0
ISIC_0046222,0
ISIC_0046223,0
ISIC_0046224,0
ISIC_0046225,0
ISIC_0046240,1
ISIC_0046242,0
ISIC_0046261,0
ISIC_0046294,0
ISIC_0046305,0
ISIC_0046315,0
ISIC_0046316,0
ISIC_0046322,0
ISIC_0046323,0
ISIC_0046331,0
ISIC_0046338,0
ISIC_0046343,0
ISIC_0046344,0
ISIC_0046345,0
ISIC_0046353,0
ISIC_0046361,0
ISIC_0046372,0
ISIC_0046383,0
ISIC_0046394,0
ISIC_0046405,0
ISIC_0046416,0
ISIC_0046422,0
ISIC_0046427,0
ISIC_0046429,0
ISIC_0046438,0
ISIC_0046441,0
ISIC_0046443,0
ISIC_0046449,0
ISIC_0046450,0
ISIC_0046458,0
ISIC_0046471,0
ISIC_0046493,0
ISIC_0046504,0
ISIC_0046526,0
ISIC_0046537,0
ISIC_0046548,0
ISIC_0046560,0
ISIC_0046571,0
ISIC_0046582,0
ISIC_0046593,0
ISIC_0046596,0
ISIC_0046597,0
ISIC_0046609,0
ISIC_0046615,0
ISIC_0046626,0
ISIC_0046628,0
ISIC_0046631,0
ISIC_0046633,0
ISIC_0046639,0
ISIC_0046640,0
ISIC_0046645,0
ISIC_0046647,0
ISIC_0046659,0
ISIC_0046661,0
ISIC_0046662,0
ISIC_0046664,0
ISIC_0046667,0
ISIC_0046670,0
ISIC_0046671,0
ISIC_0046672,0
ISIC_0046681,0
ISIC_0046682,0
ISIC_0046683,0
ISIC_0046693,0
ISIC_0046712,0
ISIC_0046725,0
ISIC_0046729,0
ISIC_0046732,0
ISIC_0046740,0
ISIC_0046744,0
ISIC_0046756,0
ISIC_0046773,0
ISIC_0046784,0
ISIC_0046811,0
ISIC_0046812,0
ISIC_0046820,0
ISIC_0046823,0
ISIC_0046827,0
ISIC_0046828,0
ISIC_0046834,0
ISIC_0046898,0
ISIC_0046900,0
ISIC_0046908,0
ISIC_0046917,0
ISIC_0046918,0
ISIC_0046921,0
ISIC_0046922,0
ISIC_0046932,0
ISIC_0046983,0
ISIC_0046985,0
ISIC_0047002,0
ISIC_0047003,0
ISIC_0047004,0
ISIC_0047008,0
ISIC_0047022,0
ISIC_0047024,0
ISIC_0047031,0
ISIC_0047033,0
ISIC_0053456,0
ISIC_0053457,0
ISIC_0053458,0
ISIC_0053459,0
ISIC_0053469,0
ISIC_0053470,0
ISIC_0053471,0
ISIC_0053472,0
ISIC_0053473,0
ISIC_0053474,0
ISIC_0053475,0
ISIC_0053478,0
ISIC_0053479,0
ISIC_0053482,0
ISIC_0053485,0
ISIC_0053487,0
ISIC_0053489,0
ISIC_0053491,0
ISIC_0053492,0
ISIC_0053495,0
ISIC_0053499,0
ISIC_0053500,0
ISIC_0053503,0
ISIC_0053504,0
ISIC_0053505,0
ISIC_0053506,0
ISIC_0053507,0
ISIC_0053508,0
ISIC_0053509,0
ISIC_0053510,0
ISIC_0053512,0
ISIC_0053513,0
ISIC_0053515,0
ISIC_0053518,0
ISIC_0053519,0
ISIC_0053520,0
ISIC_0053521,0
ISIC_0053522,0
ISIC_0053525,0
ISIC_0053526,0
ISIC_0053527,0
ISIC_0053528,0
ISIC_0053530,0
ISIC_0053531,0
ISIC_0053533,0
ISIC_0053537,0
ISIC_0053538,0
ISIC_0053539,0
ISIC_0053540,0
ISIC_0053541,0
ISIC_0053542,0
ISIC_0053543,0
ISIC_0053545,0
ISIC_0053546,0
ISIC_0053549,0
ISIC_0053550,0
ISIC_0053558,0
ISIC_0053559,0
ISIC_0053560,0
ISIC_0053561,0
ISIC_0053563,0
ISIC_0053564,0
ISIC_0053565,0
ISIC_0053566,0
ISIC_0053567,0
ISIC_0053568,0
ISIC_0053569,0
ISIC_0053570,0
ISIC_0053571,0
ISIC_0053574,0
ISIC_0053578,0
ISIC_0053579,0
ISIC_0053581,0
ISIC_0053582,0
ISIC_0053584,0
ISIC_0053589,0
ISIC_0053591,0
ISIC_0053593,0
ISIC_0053594,0
ISIC_0053596,0
ISIC_0053597,0
ISIC_0053602,0
ISIC_0053603,0
ISIC_0053609,0
ISIC_0053610,0
ISIC_0053611,0
ISIC_0053612,0
ISIC_0053613,0
ISIC_0053615,0
ISIC_0053617,0
ISIC_0053618,0
ISIC_0053619,0
ISIC_0053620,0
ISIC_0053621,0
ISIC_0053623,0
ISIC_0053626,0
ISIC_0053627,0
ISIC_0053629,0
ISIC_0053631,0
ISIC_0053632,0
ISIC_0053634,0
ISIC_0053637,0
ISIC_0053642,0
ISIC_0053647,0
ISIC_0053648,0
ISIC_0053649,0
ISIC_0053651,0
ISIC_0053652,0
ISIC_0053654,0
ISIC_0053657,0
ISIC_0053659,0
ISIC_0053660,0
ISIC_0053664,0
ISIC_0053665,0
ISIC_0053667,0
ISIC_0053668,0
ISIC_0053669,0
ISIC_0053673,0
ISIC_0053674,0
ISIC_0053675,0
ISIC_0053677,0
ISIC_0053678,0
ISIC_0053679,0
ISIC_0053680,0
ISIC_0053681,0
ISIC_0053682,0
ISIC_0053684,0
ISIC_0053685,0
ISIC_0053688,0
ISIC_0053691,0
ISIC_0053692,0
ISIC_0053693,0
ISIC_0053695,0
ISIC_0053696,0
ISIC_0053698,0
ISIC_0053699,0
ISIC_0053700,0
ISIC_0053704,0
ISIC_0053706,0
ISIC_0053708,0
ISIC_0053710,0
ISIC_0053712,0
ISIC_0053713,0
ISIC_0053715,0
ISIC_0053716,0
ISIC_0053719,0
ISIC_0053723,0
ISIC_0053725,0
ISIC_0053729,0
ISIC_0053731,0
ISIC_0053732,0
ISIC_0053733,0
ISIC_0053734,0
ISIC_0053736,0
ISIC_0053740,0
ISIC_0053742,0
ISIC_0053743,0
ISIC_0053748,0
ISIC_0053751,0
ISIC_0053752,0
ISIC_0053753,0
ISIC_0053754,0
ISIC_0053755,0
ISIC_0053756,0
ISIC_0053757,0
ISIC_0053761,0
ISIC_0053762,0
ISIC_0053763,0
ISIC_0053765,0
ISIC_0053766,0
ISIC_0053768,0
ISIC_0053769,0
ISIC_0053772,0
ISIC_0053774,0
ISIC_0053775,0
ISIC_0053781,0
ISIC_0053782,0
ISIC_0053783,0
ISIC_0053784,0
ISIC_0053785,0
ISIC_0053787,0
ISIC_0053790,0
ISIC_0053791,0
ISIC_0053793,0
ISIC_0053796,0
ISIC_0053797,0
ISIC_0053798,0
ISIC_0053801,0
ISIC_0053803,0
ISIC_0053809,0
ISIC_0053810,0
ISIC_0053812,0
ISIC_0053814,0
ISIC_0053816,0
ISIC_0053818,0
ISIC_0053819,0
ISIC_0053823,0
ISIC_0053824,0
ISIC_0053827,0
ISIC_0053828,0
ISIC_0053829,0
ISIC_0053830,0
ISIC_0053831,0
ISIC_0053833,0
ISIC_0053835,0
ISIC_0053836,0
ISIC_0053837,0
ISIC_0053839,0
ISIC_0053840,0
ISIC_0053841,0
ISIC_0053842,0
ISIC_0053843,0
ISIC_0053844,0
ISIC_0053845,0
ISIC_0053846,0
ISIC_0053851,0
ISIC_0053852,0
ISIC_0053853,0
ISIC_0053857,0
ISIC_0053858,0
ISIC_0053861,0
ISIC_0053863,0
ISIC_0053865,0
ISIC_0053866,0
ISIC_0053867,0
ISIC_0053868,0
ISIC_0053873,0
ISIC_0053876,0
ISIC_0053878,0
ISIC_0053879,0
ISIC_0053880,0
ISIC_0053881,0
ISIC_0053883,0
ISIC_0053888,0
ISIC_0053890,0
ISIC_0053891,0
ISIC_0053892,0
ISIC_0053893,0
ISIC_0053895,0
ISIC_0053899,0
ISIC_0053900,0
ISIC_0053902,0
ISIC_0053904,0
ISIC_0053905,0
ISIC_0053906,0
ISIC_0053909,0
ISIC_0053912,0
ISIC_0053913,0
ISIC_0053914,0
ISIC_0053915,0
ISIC_0053916,0
ISIC_0053917,0
ISIC_0053920,0
ISIC_0053922,0
ISIC_0053923,0
ISIC_0053924,0
ISIC_0053925,0
ISIC_0053929,0
ISIC_0053931,0
ISIC_0053933,0
ISIC_0053934,0
ISIC_0053935,0
ISIC_0053936,0
ISIC_0053937,0
ISIC_0053939,0
ISIC_0053940,0
ISIC_0053942,0
ISIC_0053943,0
ISIC_0053944,0
ISIC_0053946,0
ISIC_0053948,0
ISIC_0053951,0
ISIC_0053952,0
ISIC_0053954,0
ISIC_0053956,0
ISIC_0053957,0
ISIC_0053959,0
ISIC_0053960,0
ISIC_0053965,0
ISIC_0053967,0
ISIC_0053968,0
ISIC_0053969,0
ISIC_0053971,0
ISIC_0053974,0
ISIC_0053975,0
ISIC_0053976,0
ISIC_0053980,0
ISIC_0053981,0
ISIC_0053982,0
ISIC_0053983,0
ISIC_0053984,0
ISIC_0053986,0
ISIC_0053987,0
ISIC_0053988,0
ISIC_0053989,0
ISIC_0053990,0
ISIC_0053991,0
ISIC_0053993,0
ISIC_0053996,0
ISIC_0053998,0
ISIC_0054002,0
ISIC_0054004,0
ISIC_0054006,0
ISIC_0054007,0
ISIC_0054008,0
ISIC_0054011,0
ISIC_0054012,0
ISIC_0054013,0
ISIC_0054015,0
ISIC_0054017,0
ISIC_0054018,0
ISIC_0054019,0
ISIC_0054022,0
ISIC_0054025,0
ISIC_0054027,0
ISIC_0054031,0
ISIC_0054032,0
ISIC_0054033,0
ISIC_0054036,0
ISIC_0054037,0
ISIC_0054038,0
ISIC_0054039,0
ISIC_0054041,0
ISIC_0054042,0
ISIC_0054043,0
ISIC_0054044,0
ISIC_0054045,0
ISIC_0054046,0
ISIC_0054048,0
ISIC_0054053,0
ISIC_0054054,0
ISIC_0054055,0
ISIC_0054056,0
ISIC_0054057,0
ISIC_0054058,0
ISIC_0054059,0
ISIC_0054061,0
ISIC_0054062,0
ISIC_0054063,0
ISIC_0054064,0
ISIC_0054065,0
ISIC_0054066,0
ISIC_0054067,0
ISIC_0054069,0
ISIC_0054070,0
ISIC_0054071,0
ISIC_0054073,0
ISIC_0054074,0
ISIC_0054078,0
ISIC_0054079,0
ISIC_0054080,0
ISIC_0054081,0
ISIC_0054082,0
ISIC_0054083,0
ISIC_0054085,0
ISIC_0054088,0
ISIC_0054090,0
ISIC_0054094,0
ISIC_0054095,0
ISIC_0054098,0
ISIC_0054103,0
ISIC_0054104,0
ISIC_0054105,0
ISIC_0054106,0
ISIC_0054107,0
ISIC_0054110,0
ISIC_0054112,0
ISIC_0054113,0
ISIC_0054114,0
ISIC_0054115,0
ISIC_0054116,0
ISIC_0054117,0
ISIC_0054119,0
ISIC_0054120,0
ISIC_0054121,0
ISIC_0054122,0
ISIC_0054123,0
ISIC_0054126,0
ISIC_0054135,0
ISIC_0054137,0
ISIC_0054139,0
ISIC_0054140,0
ISIC_0054141,0
ISIC_0054142,0
ISIC_0054144,0
ISIC_0054148,0
ISIC_0054149,0
ISIC_0054150,0
ISIC_0054151,0
ISIC_0054156,0
ISIC_0054157,0
ISIC_0054158,0
ISIC_0054159,0
ISIC_0054161,0
ISIC_0054163,0
ISIC_0054165,0
ISIC_0054167,0
ISIC_0054169,0
ISIC_0054170,0
ISIC_0054171,0
ISIC_0054172,0
ISIC_0054174,0
ISIC_0054176,0
ISIC_0054179,0
ISIC_0054181,0
ISIC_0054183,0
ISIC_0054184,0
ISIC_0054185,0
ISIC_0054186,0
ISIC_0054187,0
ISIC_0054188,0
ISIC_0054189,0
ISIC_0054192,0
ISIC_0054193,0
ISIC_0054197,0
ISIC_0054198,0
ISIC_0054200,0
ISIC_0054201,0
ISIC_0054202,0
ISIC_0054205,0
ISIC_0054207,0
ISIC_0054209,0
ISIC_0054211,0
ISIC_0054212,0
ISIC_0054213,0
ISIC_0054214,0
ISIC_0054220,0
ISIC_0054221,0
ISIC_0054222,0
ISIC_0054223,0
ISIC_0054226,0
ISIC_0054229,0
ISIC_0054230,0
ISIC_0054231,0
ISIC_0054233,0
ISIC_0054235,0
ISIC_0054236,0
ISIC_0054237,0
ISIC_0054238,0
ISIC_0054239,0
ISIC_0054241,0
ISIC_0054244,0
ISIC_0054247,0
ISIC_0054248,0
ISIC_0054249,0
ISIC_0054251,0
ISIC_0054253,0
ISIC_0054254,0
ISIC_0054255,0
ISIC_0054256,0
ISIC_0054258,0
ISIC_0054260,0
ISIC_0054261,0
ISIC_0054264,0
ISIC_0054265,0
ISIC_0054269,0
ISIC_0054271,0
ISIC_0054272,0
ISIC_0054273,0
ISIC_0054274,0
ISIC_0054275,0
ISIC_0054277,0
ISIC_0054280,0
ISIC_0054281,0
ISIC_0054284,0
ISIC_0054287,0
ISIC_0054291,0
ISIC_0054292,0
ISIC_0054296,0
ISIC_0054297,0
ISIC_0054298,0
ISIC_0054299,0
ISIC_0054304,0
ISIC_0054306,0
ISIC_0054307,0
ISIC_0054310,0
ISIC_0054312,0
ISIC_0054313,0
ISIC_0054314,0
ISIC_0054315,0
ISIC_0054316,0
ISIC_0054317,0
ISIC_0054318,0
ISIC_0054322,0
ISIC_0054324,0
ISIC_0054325,0
ISIC_0054327,0
ISIC_0054328,0
ISIC_0054333,0
ISIC_0054334,0
ISIC_0054336,0
ISIC_0054337,0
ISIC_0054339,0
ISIC_0054342,0
ISIC_0054343,0
ISIC_0054344,0
ISIC_0054346,0
ISIC_0054347,0
ISIC_0054351,0
ISIC_0054352,0
ISIC_0054353,0
ISIC_0054354,0
ISIC_0054355,0
ISIC_0054357,0
ISIC_0054358,0
ISIC_0054359,0
ISIC_0054364,0
ISIC_0054365,0
ISIC_0054366,0
ISIC_0054369,0
ISIC_0054371,0
ISIC_0054375,0
ISIC_0054376,0
ISIC_0054377,0
ISIC_0054378,0
ISIC_0054379,0
ISIC_0054381,0
ISIC_0054383,0
ISIC_0054384,0
ISIC_0054387,0
ISIC_0054390,0
ISIC_0054391,0
ISIC_0054392,0
ISIC_0054393,0
ISIC_0054397,0
ISIC_0054398,0
ISIC_0054399,0
ISIC_0054400,0
ISIC_0054401,0
ISIC_0054403,0
ISIC_0054408,0
ISIC_0054410,0
ISIC_0054412,0
ISIC_0054413,0
ISIC_0054414,0
ISIC_0054416,0
ISIC_0054417,0
ISIC_0054418,0
ISIC_0054422,0
ISIC_0054423,0
ISIC_0054424,0
ISIC_0054430,0
ISIC_0054432,0
ISIC_0054433,0
ISIC_0054435,0
ISIC_0054436,0
ISIC_0054437,0
ISIC_0054439,0
ISIC_0054440,0
ISIC_0054442,0
ISIC_0054443,0
ISIC_0054444,0
ISIC_0054445,0
ISIC_0054446,0
ISIC_0054448,0
ISIC_0054450,0
ISIC_0054454,0
ISIC_0054456,0
ISIC_0054458,0
ISIC_0054459,0
ISIC_0054462,0
ISIC_0054464,0
ISIC_0054465,0
ISIC_0054466,0
ISIC_0054467,0
ISIC_0054468,0
ISIC_0054472,0
ISIC_0054477,0
ISIC_0054478,0
ISIC_0054480,0
ISIC_0054483,0
ISIC_0054484,0
ISIC_0054486,0
ISIC_0054488,0
ISIC_0054491,0
ISIC_0054493,0
ISIC_0054495,0
ISIC_0054497,0
ISIC_0054498,0
ISIC_0054501,0
ISIC_0054504,0
ISIC_0054506,0
ISIC_0054507,0
ISIC_0054510,0
ISIC_0054512,0
ISIC_0054515,0
ISIC_0054516,0
ISIC_0054517,0
ISIC_0054518,0
ISIC_0054520,0
ISIC_0054522,0
ISIC_0054523,0
ISIC_0054524,0
ISIC_0054525,0
ISIC_0054528,0
ISIC_0054530,0
ISIC_0054531,0
ISIC_0054533,0
ISIC_0054535,0
ISIC_0054539,0
ISIC_0054542,0
ISIC_0054543,0
ISIC_0054544,0
ISIC_0054545,0
ISIC_0054547,0
ISIC_0054548,0
ISIC_0054549,0
ISIC_0054552,0
ISIC_0054554,0
ISIC_0054555,0
ISIC_0054556,0
ISIC_0054559,0
ISIC_0054562,0
ISIC_0054563,0
ISIC_0054564,0
ISIC_0054565,0
ISIC_0054566,0
ISIC_0054568,0
ISIC_0054569,0
ISIC_0054572,0
ISIC_0054574,0
ISIC_0054575,0
ISIC_0054576,0
ISIC_0054580,0
ISIC_0054582,0
ISIC_0054583,0
ISIC_0054584,0
ISIC_0054588,0
ISIC_0054591,0
ISIC_0054592,0
ISIC_0054593,0
ISIC_0054594,0
ISIC_0054595,0
ISIC_0054596,0
ISIC_0054597,0
ISIC_0054598,0
ISIC_0054599,0
ISIC_0054606,0
ISIC_0054607,0
ISIC_0054608,0
ISIC_0054612,0
ISIC_0054618,0
ISIC_0054620,0
ISIC_0054621,0
ISIC_0054623,0
ISIC_0054624,0
ISIC_0054625,0
ISIC_0054629,0
ISIC_0054630,0
ISIC_0054631,0
ISIC_0054632,0
ISIC_0054633,0
ISIC_0054634,0
ISIC_0054635,0
ISIC_0054637,0
ISIC_0054639,0
ISIC_0054640,0
ISIC_0054641,0
ISIC_0054643,0
ISIC_0054644,0
ISIC_0054647,0
ISIC_0054650,0
ISIC_0054651,0
ISIC_0054652,0
ISIC_0054653,0
ISIC_0054655,0
ISIC_0054656,0
ISIC_0054657,0
ISIC_0054658,0
ISIC_0054660,0
ISIC_0054661,0
ISIC_0054662,0
ISIC_0054663,0
ISIC_0054665,0
ISIC_0054666,0
ISIC_0054668,0
ISIC_0054669,0
ISIC_0054670,0
ISIC_0054671,0
ISIC_0054673,0
ISIC_0054677,0
ISIC_0054682,0
ISIC_0054685,0
ISIC_0054687,0
ISIC_0054689,0
ISIC_0054690,0
ISIC_0054693,0
ISIC_0054694,0
ISIC_0054695,0
ISIC_0054696,0
ISIC_0054697,0
ISIC_0054701,0
ISIC_0054702,0
ISIC_0054703,0
ISIC_0054704,0
ISIC_0054705,0
ISIC_0054714,0
ISIC_0054715,0
ISIC_0054717,0
ISIC_0054718,0
ISIC_0054719,0
ISIC_0054722,0
ISIC_0054723,0
ISIC_0054725,0
ISIC_0054726,0
ISIC_0054727,0
ISIC_0054728,0
ISIC_0054731,0
ISIC_0054732,0
ISIC_0054734,0
ISIC_0054737,0
ISIC_0054738,0
ISIC_0054739,0
ISIC_0054741,0
ISIC_0054744,0
ISIC_0054746,0
ISIC_0054747,0
ISIC_0054748,0
ISIC_0054749,0
ISIC_0054751,0
ISIC_0054754,0
ISIC_0054756,0
ISIC_0054758,0
ISIC_0054759,0
ISIC_0054760,0
ISIC_0054763,0
ISIC_0054765,0
ISIC_0054767,0
ISIC_0054770,0
ISIC_0054772,0
ISIC_0054773,0
ISIC_0054777,0
ISIC_0054779,0
ISIC_0054783,0
ISIC_0054787,0
ISIC_0054789,0
ISIC_0054790,0
ISIC_0054792,0
ISIC_0054793,0
ISIC_0054797,0
ISIC_0054798,0
ISIC_0054799,0
ISIC_0054800,0
ISIC_0054802,0
ISIC_0054803,0
ISIC_0054809,0
ISIC_0054810,0
ISIC_0054813,0
ISIC_0054814,0
ISIC_0054815,0
ISIC_0054817,0
ISIC_0054819,0
ISIC_0054820,0
ISIC_0054821,0
ISIC_0054823,0
ISIC_0054825,0
ISIC_0054827,0
ISIC_0054830,0
ISIC_0054834,0
ISIC_0054835,0
ISIC_0054836,0
ISIC_0054838,0
ISIC_0054840,0
ISIC_0054841,0
ISIC_0054842,0
ISIC_0054843,0
ISIC_0054844,0
ISIC_0054845,0
ISIC_0054848,0
ISIC_0054849,0
ISIC_0054851,0
ISIC_0054852,0
ISIC_0054853,0
ISIC_0054854,0
ISIC_0054855,0
ISIC_0054861,0
ISIC_0054865,0
ISIC_0054866,0
ISIC_0054867,0
ISIC_0054869,0
ISIC_0054871,0
ISIC_0054873,0
ISIC_0054874,0
ISIC_0054877,0
ISIC_0054884,0
ISIC_0054887,0
ISIC_0054888,0
ISIC_0054889,0
ISIC_0054892,0
ISIC_0054893,0
ISIC_0054894,0
ISIC_0054895,0
ISIC_0054896,0
ISIC_0054897,0
ISIC_0054899,0
ISIC_0054900,0
ISIC_0054901,0
ISIC_0054902,0
ISIC_0054904,0
ISIC_0054905,0
ISIC_0054906,0
ISIC_0054907,0
ISIC_0054908,0
ISIC_0054910,0
ISIC_0054912,0
ISIC_0054913,0
ISIC_0054914,0
ISIC_0054918,0
ISIC_0054919,0
ISIC_0054921,0
ISIC_0054923,0
ISIC_0054924,0
ISIC_0054925,0
ISIC_0054928,0
ISIC_0054929,0
ISIC_0054930,0
ISIC_0054935,0
ISIC_0054936,0
ISIC_0054937,0
ISIC_0054938,0
ISIC_0054939,0
ISIC_0054940,0
ISIC_0054941,0
ISIC_0054942,0
ISIC_0054947,0
ISIC_0054948,0
ISIC_0054949,0
ISIC_0054951,0
ISIC_0054958,0
ISIC_0054959,0
ISIC_0054961,0
ISIC_0054963,0
ISIC_0054964,0
ISIC_0054969,0
ISIC_0054970,0
ISIC_0054971,0
ISIC_0054972,0
ISIC_0054973,0
ISIC_0054974,0
ISIC_0054975,0
ISIC_0054976,0
ISIC_0054977,0
ISIC_0054979,0
ISIC_0054980,0
ISIC_0054981,0
ISIC_0054982,0
ISIC_0054983,0
ISIC_0054986,0
ISIC_0054988,0
ISIC_0054990,0
ISIC_0054993,0
ISIC_0054995,0
ISIC_0055001,0
ISIC_0055002,0
ISIC_0055004,0
ISIC_0055010,0
ISIC_0055016,0
ISIC_0055019,0
ISIC_0055021,0
ISIC_0055022,0
ISIC_0055024,0
ISIC_0055025,0
ISIC_0055027,0
ISIC_0055031,0
ISIC_0055032,0
ISIC_0055035,0
ISIC_0055036,0
ISIC_0055037,0
ISIC_0055038,0
ISIC_0055039,0
ISIC_0055042,0
ISIC_0055044,0
ISIC_0055047,0
ISIC_0055048,0
ISIC_0055050,0
ISIC_0055051,0
ISIC_0055052,0
ISIC_0055054,0
ISIC_0055056,0
ISIC_0055058,0
ISIC_0055060,0
ISIC_0055061,0
ISIC_0055062,0
ISIC_0055063,0
ISIC_0055064,0
ISIC_0055065,0
ISIC_0055067,0
ISIC_0055068,0
ISIC_0055072,0
ISIC_0055073,0
ISIC_0055074,0
ISIC_0055075,0
ISIC_0055079,0
ISIC_0055081,0
ISIC_0055083,0
ISIC_0055085,0
ISIC_0055086,0
ISIC_0055087,0
ISIC_0055089,0
ISIC_0055090,0
ISIC_0055091,0
ISIC_0055098,0
ISIC_0055099,0
ISIC_0055102,0
ISIC_0055107,0
ISIC_0055109,0
ISIC_0055110,0
ISIC_0055111,0
ISIC_0055112,0
ISIC_0055114,0
ISIC_0055116,0
ISIC_0055121,0
ISIC_0055122,0
ISIC_0055124,0
ISIC_0055125,0
ISIC_0055130,0
ISIC_0055131,0
ISIC_0055133,0
ISIC_0055135,0
ISIC_0055136,0
ISIC_0055141,0
ISIC_0055143,0
ISIC_0055146,0
ISIC_0055147,0
ISIC_0055150,0
ISIC_0055151,0
ISIC_0055152,0
ISIC_0055154,0
ISIC_0055156,0
ISIC_0055159,0
ISIC_0055161,0
ISIC_0055164,0
ISIC_0055166,0
ISIC_0055167,0
ISIC_0055174,0
ISIC_0055175,0
ISIC_0055179,0
ISIC_0055180,0
ISIC_0055181,0
ISIC_0055182,0
ISIC_0055183,0
ISIC_0055184,0
ISIC_0055185,0
ISIC_0055186,0
ISIC_0055187,0
ISIC_0055188,0
ISIC_0055189,0
ISIC_0055191,0
ISIC_0055193,0
ISIC_0055194,0
ISIC_0055195,0
ISIC_0055197,0
ISIC_0055199,0
ISIC_0055201,0
ISIC_0055202,0
ISIC_0055204,0
ISIC_0055205,0
ISIC_0055207,0
ISIC_0055208,0
ISIC_0055212,0
ISIC_0055214,0
ISIC_0055217,0
ISIC_0055223,0
ISIC_0055224,0
ISIC_0055225,0
ISIC_0055226,0
ISIC_0055227,0
ISIC_0055232,0
ISIC_0055234,0
ISIC_0055235,0
ISIC_0055236,0
ISIC_0055240,0
ISIC_0055241,0
ISIC_0055242,0
ISIC_0055243,0
ISIC_0055245,0
ISIC_0055246,0
ISIC_0055248,0
ISIC_0055249,0
ISIC_0055250,0
ISIC_0055251,0
ISIC_0055256,0
ISIC_0055257,0
ISIC_0055258,0
ISIC_0055259,0
ISIC_0055261,0
ISIC_0055262,0
ISIC_0055263,0
ISIC_0055264,0
ISIC_0055265,0
ISIC_0055266,0
ISIC_0055268,0
ISIC_0055269,0
ISIC_0055270,0
ISIC_0055271,0
ISIC_0055273,0
ISIC_0055274,0
ISIC_0055276,0
ISIC_0055282,0
ISIC_0055283,0
ISIC_0055289,0
ISIC_0055291,0
ISIC_0055293,0
ISIC_0055294,0
ISIC_0055295,0
ISIC_0055297,0
ISIC_0055298,0
ISIC_0055302,0
ISIC_0055305,0
ISIC_0055307,0
ISIC_0055308,0
ISIC_0055309,0
ISIC_0055311,0
ISIC_0055312,0
ISIC_0055314,0
ISIC_0055318,0
ISIC_0055319,0
ISIC_0055320,0
ISIC_0055321,0
ISIC_0055322,0
ISIC_0055325,0
ISIC_0055328,0
ISIC_0055329,0
ISIC_0055330,0
ISIC_0055331,0
ISIC_0055332,0
ISIC_0055337,0
ISIC_0055338,0
ISIC_0055340,0
ISIC_0055344,0
ISIC_0055346,0
ISIC_0055347,0
ISIC_0055349,0
ISIC_0055351,0
ISIC_0055353,0
ISIC_0055355,0
ISIC_0055356,0
ISIC_0055359,0
ISIC_0055362,0
ISIC_0055363,0
ISIC_0055364,0
ISIC_0055365,0
ISIC_0055367,0
ISIC_0055368,0
ISIC_0055369,0
ISIC_0055371,0
ISIC_0055375,0
ISIC_0055380,0
ISIC_0055381,0
ISIC_0055382,0
ISIC_0055385,0
ISIC_0055387,0
ISIC_0055388,0
ISIC_0055389,0
ISIC_0055390,0
ISIC_0055391,0
ISIC_0055392,0
ISIC_0055393,0
ISIC_0055394,0
ISIC_0055395,0
ISIC_0055397,0
ISIC_0055398,0
ISIC_0055401,0
ISIC_0055406,0
ISIC_0055409,0
ISIC_0055410,0
ISIC_0055412,0
ISIC_0055414,0
ISIC_0055415,0
ISIC_0055416,0
ISIC_0055417,0
ISIC_0055418,0
ISIC_0055419,0
ISIC_0055420,0
ISIC_0055421,0
ISIC_0055423,0
ISIC_0055425,0
ISIC_0055426,0
ISIC_0055429,0
ISIC_0055431,0
ISIC_0055437,0
ISIC_0055438,0
ISIC_0055440,0
ISIC_0055444,0
ISIC_0055445,0
ISIC_0055449,0
ISIC_0055451,0
ISIC_0055452,0
ISIC_0055453,0
ISIC_0055454,0
ISIC_0055455,0
ISIC_0055461,0
ISIC_0055462,0
ISIC_0055464,0
ISIC_0055465,0
ISIC_0055467,0
ISIC_0055469,0
ISIC_0055471,0
ISIC_0055472,0
ISIC_0055474,0
ISIC_0055475,0
ISIC_0055476,0
ISIC_0055477,0
ISIC_0055478,0
ISIC_0055483,0
ISIC_0055486,0
ISIC_0055492,0
ISIC_0055493,0
ISIC_0055494,0
ISIC_0055496,0
ISIC_0055497,0
ISIC_0055500,0
ISIC_0055501,0
ISIC_0055503,0
ISIC_0055504,0
ISIC_0055507,0
ISIC_0055510,0
ISIC_0055511,0
ISIC_0055513,0
ISIC_0055517,0
ISIC_0055518,0
ISIC_0055519,0
ISIC_0055520,0
ISIC_0055525,0
ISIC_0055527,0
ISIC_0055528,0
ISIC_0055529,0
ISIC_0055534,0
ISIC_0055543,0
ISIC_0055546,0
ISIC_0055547,0
ISIC_0055548,0
ISIC_0055550,0
ISIC_0055551,0
ISIC_0055552,0
ISIC_0055553,0
ISIC_0055554,0
ISIC_0055557,0
ISIC_0055559,0
ISIC_0055560,0
ISIC_0055561,0
ISIC_0055562,0
ISIC_0055566,0
ISIC_0055567,0
ISIC_0055569,0
ISIC_0055570,0
ISIC_0055571,0
ISIC_0055572,0
ISIC_0055578,0
ISIC_0055579,0
ISIC_0055582,0
ISIC_0055584,0
ISIC_0055586,0
ISIC_0055590,0
ISIC_0055591,0
ISIC_0055592,0
ISIC_0055593,0
ISIC_0055596,0
ISIC_0055601,0
ISIC_0055602,0
ISIC_0055603,0
ISIC_0055604,0
ISIC_0055606,0
ISIC_0055608,0
ISIC_0055609,0
ISIC_0055613,0
ISIC_0055616,0
ISIC_0055618,0
ISIC_0055619,0
ISIC_0055621,0
ISIC_0055622,0
ISIC_0055623,0
ISIC_0055624,0
ISIC_0055625,0
ISIC_0055626,0
ISIC_0055631,0
ISIC_0055635,0
ISIC_0055636,0
ISIC_0055640,0
ISIC_0055641,0
ISIC_0055643,0
ISIC_0055647,0
ISIC_0055649,0
ISIC_0055659,0
ISIC_0055661,0
ISIC_0055665,0
ISIC_0055667,0
ISIC_0055669,0
ISIC_0055671,0
ISIC_0055673,0
ISIC_0055679,0
ISIC_0055680,0
ISIC_0055682,0
ISIC_0055684,0
ISIC_0055685,0
ISIC_0055688,0
ISIC_0055689,0
ISIC_0055690,0
ISIC_0055691,0
ISIC_0055692,0
ISIC_0055695,0
ISIC_0055696,0
ISIC_0055698,0
ISIC_0055699,0
ISIC_0055700,0
ISIC_0055701,0
ISIC_0055703,0
ISIC_0055705,0
ISIC_0055706,0
ISIC_0055707,0
ISIC_0055708,0
ISIC_0055709,0
ISIC_0055711,0
ISIC_0055712,0
ISIC_0055714,0
ISIC_0055717,0
ISIC_0055720,0
ISIC_0055722,0
ISIC_0055723,0
ISIC_0055724,0
ISIC_0055729,0
ISIC_0055730,0
ISIC_0055731,0
ISIC_0055732,0
ISIC_0055733,0
ISIC_0055735,0
ISIC_0055737,0
ISIC_0055738,0
ISIC_0055742,0
ISIC_0055743,0
ISIC_0055744,0
ISIC_0055748,0
ISIC_0055749,0
ISIC_0055751,0
ISIC_0055753,0
ISIC_0055755,0
ISIC_0055756,0
ISIC_0055758,0
ISIC_0055759,0
ISIC_0055761,0
ISIC_0055762,0
ISIC_0055764,0
ISIC_0055766,0
ISIC_0055767,0
ISIC_0055768,0
ISIC_0055771,0
ISIC_0055773,0
ISIC_0055774,0
ISIC_0055775,0
ISIC_0055776,0
ISIC_0055778,0
ISIC_0055779,0
ISIC_0055780,0
ISIC_0055781,0
ISIC_0055783,0
ISIC_0055788,0
ISIC_0055789,0
ISIC_0055790,0
ISIC_0055791,0
ISIC_0055792,0
ISIC_0055796,0
ISIC_0055797,0
ISIC_0055799,0
ISIC_0055800,0
ISIC_0055802,0
ISIC_0055807,0
ISIC_0055809,0
ISIC_0055811,0
ISIC_0055812,0
ISIC_0055813,0
ISIC_0055814,0
ISIC_0055816,0
ISIC_0055818,0
ISIC_0055819,0
ISIC_0055820,0
ISIC_0055821,0
ISIC_0055822,0
ISIC_0055825,0
ISIC_0055828,0
ISIC_0055829,0
ISIC_0055830,0
ISIC_0055832,0
ISIC_0055833,0
ISIC_0055834,0
ISIC_0055838,0
ISIC_0055840,0
ISIC_0055841,0
ISIC_0055844,0
ISIC_0055851,0
ISIC_0055853,0
ISIC_0055854,0
ISIC_0055859,0
ISIC_0055860,0
ISIC_0055862,0
ISIC_0055863,0
ISIC_0055864,0
ISIC_0055865,0
ISIC_0055867,0
ISIC_0055870,0
ISIC_0055871,0
ISIC_0055874,0
ISIC_0055875,0
ISIC_0055876,0
ISIC_0055877,0
ISIC_0055882,0
ISIC_0055883,0
ISIC_0055885,0
ISIC_0055886,0
ISIC_0055887,0
ISIC_0055888,0
ISIC_0055889,0
ISIC_0055890,0
ISIC_0055892,0
ISIC_0055895,0
ISIC_0055896,0
ISIC_0055897,0
ISIC_0055899,0
ISIC_0055900,0
ISIC_0055904,0
ISIC_0055905,0
ISIC_0055906,0
ISIC_0055907,0
ISIC_0055908,0
ISIC_0055910,0
ISIC_0055911,0
ISIC_0055912,0
ISIC_0055913,0
ISIC_0055916,0
ISIC_0055917,0
ISIC_0055920,0
ISIC_0055923,0
ISIC_0055925,0
ISIC_0055926,0
ISIC_0055927,0
ISIC_0055930,0
ISIC_0055931,0
ISIC_0055935,0
ISIC_0055936,0
ISIC_0055937,0
ISIC_0055938,0
ISIC_0055939,0
ISIC_0055942,0
ISIC_0055943,0
ISIC_0055944,0
ISIC_0055949,0
ISIC_0055951,0
ISIC_0055953,0
ISIC_0055954,0
ISIC_0055955,0
ISIC_0055956,0
ISIC_0055958,0
ISIC_0055960,0
ISIC_0055961,0
ISIC_0055963,0
ISIC_0055966,0
ISIC_0055967,0
ISIC_0055969,0
ISIC_0055974,0
ISIC_0055977,0
ISIC_0055979,0
ISIC_0055981,0
ISIC_0055982,0
ISIC_0055983,0
ISIC_0055984,0
ISIC_0055985,0
ISIC_0055986,0
ISIC_0055987,0
ISIC_0055988,0
ISIC_0055989,0
ISIC_0055990,0
ISIC_0055993,0
ISIC_0055997,0
ISIC_0055999,0
ISIC_0056001,0
ISIC_0056002,0
ISIC_0056005,0
ISIC_0056007,0
ISIC_0056008,0
ISIC_0056009,0
ISIC_0056011,0
ISIC_0056013,0
ISIC_0056014,0
ISIC_0056016,0
ISIC_0056017,0
ISIC_0056019,0
ISIC_0056020,0
ISIC_0056024,0
ISIC_0056026,0
ISIC_0056027,0
ISIC_0056029,0
ISIC_0056033,0
ISIC_0056035,0
ISIC_0056036,0
ISIC_0056037,0
ISIC_0056038,0
ISIC_0056039,0
ISIC_0056040,0
ISIC_0056041,0
ISIC_0056044,0
ISIC_0056045,0
ISIC_0056047,0
ISIC_0056049,0
ISIC_0056050,0
ISIC_0056051,0
ISIC_0056052,0
ISIC_0056053,0
ISIC_0056054,0
ISIC_0056055,0
ISIC_0056058,0
ISIC_0056059,0
ISIC_0056061,0
ISIC_0056063,0
ISIC_0056064,0
ISIC_0056065,0
ISIC_0056068,0
ISIC_0056071,0
ISIC_0056073,0
ISIC_0056074,0
ISIC_0056077,0
ISIC_0056078,0
ISIC_0056079,0
ISIC_0056082,0
ISIC_0056083,0
ISIC_0056085,0
ISIC_0056088,0
ISIC_0056089,0
ISIC_0056092,0
ISIC_0056094,0
ISIC_0056095,0
ISIC_0056097,0
ISIC_0056099,0
ISIC_0056101,0
ISIC_0056103,0
ISIC_0056105,0
ISIC_0056106,0
ISIC_0056107,0
ISIC_0056108,0
ISIC_0056109,0
ISIC_0056110,0
ISIC_0056111,0
ISIC_0056112,0
ISIC_0056113,0
ISIC_0056114,0
ISIC_0056117,0
ISIC_0056118,0
ISIC_0056122,0
ISIC_0056124,0
ISIC_0056126,0
ISIC_0056129,0
ISIC_0056130,0
ISIC_0056132,0
ISIC_0056133,0
ISIC_0056136,0
ISIC_0056138,0
ISIC_0056139,0
ISIC_0056141,0
ISIC_0056142,0
ISIC_0056145,0
ISIC_0056146,0
ISIC_0056147,0
ISIC_0056149,0
ISIC_0056150,0
ISIC_0056151,0
ISIC_0056152,0
ISIC_0056154,0
ISIC_0056155,0
ISIC_0056156,0
ISIC_0056157,0
ISIC_0056165,0
ISIC_0056166,0
ISIC_0056167,0
ISIC_0056168,0
ISIC_0056170,0
ISIC_0056172,0
ISIC_0056173,0
ISIC_0056176,0
ISIC_0056177,0
ISIC_0056178,0
ISIC_0056180,0
ISIC_0056181,0
ISIC_0056182,0
ISIC_0056185,0
ISIC_0056186,0
ISIC_0056187,0
ISIC_0056188,0
ISIC_0056189,0
ISIC_0056190,0
ISIC_0056192,0
ISIC_0056194,0
ISIC_0056195,0
ISIC_0056196,0
ISIC_0056201,0
ISIC_0056202,0
ISIC_0056203,0
ISIC_0056205,0
ISIC_0056206,0
ISIC_0056207,0
ISIC_0056210,0
ISIC_0056211,0
ISIC_0056212,0
ISIC_0056213,0
ISIC_0056214,0
ISIC_0056217,0
ISIC_0056219,0
ISIC_0056220,0
ISIC_0056221,0
ISIC_0056222,0
ISIC_0056225,0
ISIC_0056228,0
ISIC_0056229,0
ISIC_0056232,0
ISIC_0056234,0
ISIC_0056235,0
ISIC_0056236,0
ISIC_0056239,0
ISIC_0056241,0
ISIC_0056247,0
ISIC_0056248,0
ISIC_0056251,0
ISIC_0056252,0
ISIC_0056253,0
ISIC_0056255,0
ISIC_0056256,0
ISIC_0056258,0
ISIC_0056259,0
ISIC_0056260,0
ISIC_0056261,0
ISIC_0056263,0
ISIC_0056265,0
ISIC_0056269,0
ISIC_0056270,0
ISIC_0056271,0
ISIC_0056273,0
ISIC_0056274,0
ISIC_0056275,0
ISIC_0056276,0
ISIC_0056278,0
ISIC_0056280,0
ISIC_0056281,0
ISIC_0056282,0
ISIC_0056283,0
ISIC_0056284,0
ISIC_0056286,0
ISIC_0056287,0
ISIC_0056291,0
ISIC_0056292,0
ISIC_0056295,0
ISIC_0056298,0
ISIC_0056302,0
ISIC_0056304,0
ISIC_0056305,0
ISIC_0056306,0
ISIC_0056308,0
ISIC_0056309,0
ISIC_0056310,0
ISIC_0056311,0
ISIC_0056312,0
ISIC_0056313,0
ISIC_0056314,0
ISIC_0056315,0
ISIC_0056317,0
ISIC_0056319,0
ISIC_0056321,0
ISIC_0056323,0
ISIC_0056325,0
ISIC_0056329,0
ISIC_0056330,0
ISIC_0056331,0
ISIC_0056333,0
ISIC_0056334,0
ISIC_0056335,0
ISIC_0056336,0
ISIC_0056337,0
ISIC_0056338,0
ISIC_0056339,0
ISIC_0056340,0
ISIC_0056342,0
ISIC_0056344,0
ISIC_0056345,0
ISIC_0056347,0
ISIC_0056348,0
ISIC_0056354,0
ISIC_0056356,0
ISIC_0056357,0
ISIC_0056359,0
ISIC_0056362,0
ISIC_0056364,0
ISIC_0056365,0
ISIC_0056368,0
ISIC_0056369,0
ISIC_0056370,0
ISIC_0056372,0
ISIC_0056373,0
ISIC_0056379,0
ISIC_0056381,0
ISIC_0056382,0
ISIC_0056387,0
ISIC_0056389,0
ISIC_0056391,0
ISIC_0056392,0
ISIC_0056395,0
ISIC_0056396,0
ISIC_0056397,0
ISIC_0056399,0
ISIC_0056400,0
ISIC_0056401,0
ISIC_0056403,0
ISIC_0056404,0
ISIC_0056405,0
ISIC_0056410,0
ISIC_0056412,0
ISIC_0056413,0
ISIC_0056415,0
ISIC_0056419,0
ISIC_0056422,0
ISIC_0056424,0
ISIC_0056425,0
ISIC_0056426,0
ISIC_0056428,0
ISIC_0056431,0
ISIC_0056434,0
ISIC_0056437,0
ISIC_0056438,0
ISIC_0056439,0
ISIC_0056441,0
ISIC_0056443,0
ISIC_0056444,0
ISIC_0056445,0
ISIC_0056446,0
ISIC_0056447,0
ISIC_0056448,0
ISIC_0056449,0
ISIC_0056451,0
ISIC_0056453,0
ISIC_0056454,0
ISIC_0056456,0
ISIC_0056459,0
ISIC_0056460,0
ISIC_0056467,0
ISIC_0056468,0
ISIC_0056469,0
ISIC_0056470,0
ISIC_0056472,0
ISIC_0056476,0
ISIC_0056479,0
ISIC_0056481,0
ISIC_0056483,0
ISIC_0056486,0
ISIC_0056487,0
ISIC_0056490,0
ISIC_0056493,0
ISIC_0056495,0
ISIC_0056497,0
ISIC_0056498,0
ISIC_0056499,0
ISIC_0056500,0
ISIC_0056501,0
ISIC_0056502,0
ISIC_0056503,0
ISIC_0056506,0
ISIC_0056508,0
ISIC_0056509,0
ISIC_0056510,0
ISIC_0056511,0
ISIC_0056514,0
ISIC_0056515,0
ISIC_0056516,0
ISIC_0056518,0
ISIC_0056519,0
ISIC_0056520,0
ISIC_0056522,0
ISIC_0056523,0
ISIC_0056525,0
ISIC_0056527,0
ISIC_0056529,0
ISIC_0056531,0
ISIC_0056533,0
ISIC_0056534,0
ISIC_0056536,0
ISIC_0056540,0
ISIC_0056542,0
ISIC_0056544,0
ISIC_0056545,0
ISIC_0056546,0
ISIC_0056547,0
ISIC_0056549,0
ISIC_0056550,0
ISIC_0056551,0
ISIC_0056552,0
ISIC_0056554,0
ISIC_0056555,0
ISIC_0056556,0
ISIC_0056563,0
ISIC_0056565,0
ISIC_0056569,0
ISIC_0056570,0
ISIC_0056572,0
ISIC_0056573,0
ISIC_0056575,0
ISIC_0056577,0
ISIC_0056578,0
ISIC_0056580,0
ISIC_0056581,0
ISIC_0056582,0
ISIC_0056583,0
ISIC_0056585,0
ISIC_0056588,0
ISIC_0056591,0
ISIC_0056593,0
ISIC_0056594,0
ISIC_0056599,0
ISIC_0056601,0
ISIC_0056602,0
ISIC_0056603,0
ISIC_0056604,0
ISIC_0056605,0
ISIC_0056607,0
ISIC_0056609,0
ISIC_0056610,0
ISIC_0056611,0
ISIC_0056612,0
ISIC_0056614,0
ISIC_0056618,0
ISIC_0056619,0
ISIC_0056622,0
ISIC_0056623,0
ISIC_0056624,0
ISIC_0056625,0
ISIC_0056626,0
ISIC_0056629,0
ISIC_0056630,0
ISIC_0056631,0
ISIC_0056632,0
ISIC_0056633,0
ISIC_0056635,0
ISIC_0056636,0
ISIC_0056643,0
ISIC_0056644,0
ISIC_0056646,0
ISIC_0056647,0
ISIC_0056649,0
ISIC_0056651,0
ISIC_0056652,0
ISIC_0056655,0
ISIC_0056659,0
ISIC_0056660,0
ISIC_0056662,0
ISIC_0056665,0
ISIC_0056666,0
ISIC_0056671,0
ISIC_0056672,0
ISIC_0056673,0
ISIC_0056674,0
ISIC_0056675,0
ISIC_0056676,0
ISIC_0056677,0
ISIC_0056678,0
ISIC_0056680,0
ISIC_0056681,0
ISIC_0056682,0
ISIC_0056683,0
ISIC_0056684,0
ISIC_0056688,0
ISIC_0056691,0
ISIC_0056692,0
ISIC_0056693,0
ISIC_0056695,0
ISIC_0056696,0
ISIC_0056697,0
ISIC_0056705,0
ISIC_0056710,0
ISIC_0056711,0
ISIC_0056713,0
ISIC_0056714,0
ISIC_0056717,0
ISIC_0056718,0
ISIC_0056719,0
ISIC_0056723,0
ISIC_0056724,0
ISIC_0056725,0
ISIC_0056727,0
ISIC_0056728,0
ISIC_0056729,0
ISIC_0056730,0
ISIC_0056731,0
ISIC_0056734,0
ISIC_0056736,0
ISIC_0056739,0
ISIC_0056740,0
ISIC_0056742,0
ISIC_0056745,0
ISIC_0056747,0
ISIC_0056749,0
ISIC_0056750,0
ISIC_0056751,0
ISIC_0056753,0
ISIC_0056757,0
ISIC_0056761,0
ISIC_0056762,0
ISIC_0056765,0
ISIC_0056766,0
ISIC_0056767,0
ISIC_0056770,0
ISIC_0056773,0
ISIC_0056775,0
ISIC_0056779,0
ISIC_0056780,0
ISIC_0056783,0
ISIC_0056784,0
ISIC_0056787,0
ISIC_0056788,0
ISIC_0056790,0
ISIC_0056791,0
ISIC_0056794,0
ISIC_0056795,0
ISIC_0056796,0
ISIC_0056798,0
ISIC_0056800,0
ISIC_0056806,0
ISIC_0056808,0
ISIC_0056809,0
ISIC_0056810,0
ISIC_0056811,0
ISIC_0056812,0
ISIC_0056813,0
ISIC_0056814,0
ISIC_0056816,0
ISIC_0056817,0
ISIC_0056818,0
ISIC_0056819,0
ISIC_0056820,0
ISIC_0056821,0
ISIC_0056824,0
ISIC_0056826,0
ISIC_0056827,0
ISIC_0056828,0
ISIC_0056829,0
ISIC_0056830,0
ISIC_0056831,0
ISIC_0056834,0
ISIC_0056835,0
ISIC_0056838,0
ISIC_0056840,0
ISIC_0056841,0
ISIC_0056844,0
ISIC_0056846,0
ISIC_0056848,0
ISIC_0056849,0
ISIC_0056850,0
ISIC_0056851,0
ISIC_0056854,0
ISIC_0056856,0
ISIC_0056857,0
ISIC_0056858,0
ISIC_0056860,0
ISIC_0056861,0
ISIC_0056863,0
ISIC_0056865,0
ISIC_0056866,0
ISIC_0056867,0
ISIC_0056869,0
ISIC_0056870,0
ISIC_0056871,0
ISIC_0056874,0
ISIC_0056875,0
ISIC_0056876,0
ISIC_0056878,0
ISIC_0056881,0
ISIC_0056882,0
ISIC_0056883,0
ISIC_0056884,0
ISIC_0056886,0
ISIC_0056887,0
ISIC_0056888,0
ISIC_0056890,0
ISIC_0056891,0
ISIC_0056893,0
ISIC_0056899,0
ISIC_0056900,0
ISIC_0056901,0
ISIC_0056902,0
ISIC_0056903,0
ISIC_0056906,0
ISIC_0056908,0
ISIC_0056909,0
ISIC_0056911,0
ISIC_0056913,0
ISIC_0056915,0
ISIC_0056916,0
ISIC_0056917,0
ISIC_0056918,0
ISIC_0056920,0
ISIC_0056921,0
ISIC_0056924,0
ISIC_0056925,0
ISIC_0056926,0
ISIC_0056927,0
ISIC_0056929,0
ISIC_0056930,0
ISIC_0056933,0
ISIC_0056938,0
ISIC_0056939,0
ISIC_0056940,0
ISIC_0056941,0
ISIC_0056942,0
ISIC_0056943,0
ISIC_0056945,0
ISIC_0056946,0
ISIC_0056947,0
ISIC_0056949,0
ISIC_0056951,0
ISIC_0056953,0
ISIC_0056957,0
ISIC_0056958,0
ISIC_0056963,0
ISIC_0056964,0
ISIC_0056965,0
ISIC_0056966,0
ISIC_0056967,0
ISIC_0056973,0
ISIC_0056974,0
ISIC_0056978,0
ISIC_0056980,0
ISIC_0056981,0
ISIC_0056982,0
ISIC_0056984,0
ISIC_0056986,0
ISIC_0056987,0
ISIC_0056988,0
ISIC_0056990,0
ISIC_0056991,0
ISIC_0056992,0
ISIC_0056993,0
ISIC_0056994,0
ISIC_0056997,0
ISIC_0056999,0
ISIC_0057001,0
ISIC_0057002,0
ISIC_0057003,0
ISIC_0057004,0
ISIC_0057006,0
ISIC_0057008,0
ISIC_0057010,0
ISIC_0057014,0
ISIC_0057015,0
ISIC_0057016,0
ISIC_0057017,0
ISIC_0057019,0
ISIC_0057023,0
ISIC_0057024,0
ISIC_0057025,0
ISIC_0057026,0
ISIC_0057027,0
ISIC_0057030,0
ISIC_0057031,0
ISIC_0057033,0
ISIC_0057034,0
ISIC_0057035,0
ISIC_0057036,0
ISIC_0057038,0
ISIC_0057039,0
ISIC_0057040,0
ISIC_0057041,0
ISIC_0057043,0
ISIC_0057044,0
ISIC_0057045,0
ISIC_0057046,0
ISIC_0057048,0
ISIC_0057050,0
ISIC_0057052,0
ISIC_0057055,0
ISIC_0057056,0
ISIC_0057057,0
ISIC_0057060,0
ISIC_0057062,0
ISIC_0057063,0
ISIC_0057067,0
ISIC_0057068,0
ISIC_0057070,0
ISIC_0057071,0
ISIC_0057072,0
ISIC_0057073,0
ISIC_0057074,0
ISIC_0057075,0
ISIC_0057076,0
ISIC_0057080,0
ISIC_0057083,0
ISIC_0057087,0
ISIC_0057089,0
ISIC_0057090,0
ISIC_0057095,0
ISIC_0057096,0
ISIC_0057100,0
ISIC_0057101,0
ISIC_0057102,0
ISIC_0057104,0
ISIC_0057106,0
ISIC_0057108,0
ISIC_0057112,0
ISIC_0057113,0
ISIC_0057114,0
ISIC_0057115,0
ISIC_0057116,0
ISIC_0057117,0
ISIC_0057121,0
ISIC_0057129,0
ISIC_0057131,0
ISIC_0057132,0
ISIC_0057134,0
ISIC_0057136,0
ISIC_0057141,0
ISIC_0057144,0
ISIC_0057147,0
ISIC_0057148,0
ISIC_0057150,0
ISIC_0057152,0
ISIC_0057153,0
ISIC_0057154,0
ISIC_0057155,0
ISIC_0057157,0
ISIC_0057160,0
ISIC_0057161,0
ISIC_0057163,0
ISIC_0057164,0
ISIC_0057166,0
ISIC_0057167,0
ISIC_0057168,0
ISIC_0057169,0
ISIC_0057171,0
ISIC_0057172,0
ISIC_0057177,0
ISIC_0057178,0
ISIC_0057179,0
ISIC_0057186,0
ISIC_0057188,0
ISIC_0057192,0
ISIC_0057193,0
ISIC_0057195,0
ISIC_0057197,0
ISIC_0057198,0
ISIC_0057199,0
ISIC_0057201,0
ISIC_0057202,0
ISIC_0057204,0
ISIC_0057206,0
ISIC_0057211,0
ISIC_0057214,0
ISIC_0057216,0
ISIC_0057219,0
ISIC_0057224,0
ISIC_0057225,0
ISIC_0057228,0
ISIC_0057233,0
ISIC_0057234,0
ISIC_0057235,0
ISIC_0057237,0
ISIC_0057239,0
ISIC_0057242,0
ISIC_0057244,0
ISIC_0057247,0
ISIC_0057250,0
ISIC_0057252,0
ISIC_0057256,0
ISIC_0057257,0
ISIC_0057260,0
ISIC_0057262,0
ISIC_0057264,0
ISIC_0057267,0
ISIC_0057269,0
ISIC_0057273,0
ISIC_0057274,0
ISIC_0057275,0
ISIC_0057277,0
ISIC_0057278,0
ISIC_0057279,0
ISIC_0057282,0
ISIC_0057283,0
ISIC_0057284,0
ISIC_0057286,0
ISIC_0057288,0
ISIC_0057289,0
ISIC_0057290,0
ISIC_0057292,0
ISIC_0057293,0
ISIC_0057294,0
ISIC_0057300,0
ISIC_0057302,0
ISIC_0057304,0
ISIC_0057306,0
ISIC_0057307,0
ISIC_0057308,0
ISIC_0057310,0
ISIC_0057312,0
ISIC_0057313,0
ISIC_0057314,0
ISIC_0057315,0
ISIC_0057316,0
ISIC_0057317,0
ISIC_0057318,0
ISIC_0057323,0
ISIC_0057324,0
ISIC_0057328,0
ISIC_0057329,0
ISIC_0057331,0
ISIC_0057332,0
ISIC_0057333,0
ISIC_0057334,0
ISIC_0057336,0
ISIC_0057337,0
ISIC_0057338,0
ISIC_0057339,0
ISIC_0057340,0
ISIC_0057342,0
ISIC_0057343,0
ISIC_0057344,0
ISIC_0057345,0
ISIC_0057346,0
ISIC_0057347,0
ISIC_0057351,0
ISIC_0057352,0
ISIC_0057353,0
ISIC_0057355,0
ISIC_0057356,0
ISIC_0057357,0
ISIC_0057358,0
ISIC_0057359,0
ISIC_0057360,0
ISIC_0057361,0
ISIC_0057362,0
ISIC_0057365,0
ISIC_0057370,0
ISIC_0057371,0
ISIC_0057372,0
ISIC_0057374,0
ISIC_0057380,0
ISIC_0057384,0
ISIC_0057385,0
ISIC_0057387,0
ISIC_0057388,0
ISIC_0057390,0
ISIC_0057392,0
ISIC_0057393,0
ISIC_0057394,0
ISIC_0057395,0
ISIC_0057397,0
ISIC_0057398,0
ISIC_0057400,0
ISIC_0057404,0
ISIC_0057405,0
ISIC_0057406,0
ISIC_0057407,0
ISIC_0057408,0
ISIC_0057409,0
ISIC_0057412,0
ISIC_0057413,0
ISIC_0057414,0
ISIC_0057415,0
ISIC_0057417,0
ISIC_0057418,0
ISIC_0057421,0
ISIC_0057423,0
ISIC_0057426,0
ISIC_0057429,0
ISIC_0057430,0
ISIC_0057431,0
ISIC_0057433,0
ISIC_0057434,0
ISIC_0057436,0
ISIC_0057437,0
ISIC_0057439,0
ISIC_0057442,0
ISIC_0057444,0
ISIC_0057446,0
ISIC_0057449,0
ISIC_0057450,0
ISIC_0057455,0
ISIC_0057456,0
ISIC_0057457,0
ISIC_0057458,0
ISIC_0057460,0
ISIC_0057462,0
ISIC_0057465,0
ISIC_0057468,0
ISIC_0057471,0
ISIC_0057472,0
ISIC_0057474,0
ISIC_0057480,0
ISIC_0057482,0
ISIC_0057483,0
ISIC_0057484,0
ISIC_0057486,0
ISIC_0057487,0
ISIC_0057489,0
ISIC_0057492,0
ISIC_0057496,0
ISIC_0057497,0
ISIC_0057499,0
ISIC_0057500,0
ISIC_0057503,0
ISIC_0057504,0
ISIC_0057506,0
ISIC_0057508,0
ISIC_0057510,0
ISIC_0057511,0
ISIC_0057513,0
ISIC_0057514,0
ISIC_0057516,0
ISIC_0057517,0
ISIC_0057518,0
ISIC_0057520,0
ISIC_0057522,0
ISIC_0057526,0
ISIC_0057527,0
ISIC_0057528,0
ISIC_0057531,0
ISIC_0057533,0
ISIC_0057534,0
ISIC_0057535,0
ISIC_0057537,0
ISIC_0057538,0
ISIC_0057539,0
ISIC_0057542,0
ISIC_0057544,0
ISIC_0057545,0
ISIC_0057548,0
ISIC_0057551,0
ISIC_0057553,0
ISIC_0057554,0
ISIC_0057556,0
ISIC_0057557,0
ISIC_0057558,0
ISIC_0057559,0
ISIC_0057560,0
ISIC_0057562,0
ISIC_0057566,0
ISIC_0057567,0
ISIC_0057569,0
ISIC_0057570,0
ISIC_0057571,0
ISIC_0057572,0
ISIC_0057574,0
ISIC_0057576,0
ISIC_0057577,0
ISIC_0057578,0
ISIC_0057579,0
ISIC_0057580,0
ISIC_0057582,0
ISIC_0057584,0
ISIC_0057587,0
ISIC_0057589,0
ISIC_0057591,0
ISIC_0057593,0
ISIC_0057594,0
ISIC_0057600,0
ISIC_0057604,0
ISIC_0057606,0
ISIC_0057607,0
ISIC_0057609,0
ISIC_0057610,0
ISIC_0057611,0
ISIC_0057615,0
ISIC_0057616,0
ISIC_0057617,0
ISIC_0057619,0
ISIC_0057621,0
ISIC_0057622,0
ISIC_0057623,0
ISIC_0057627,0
ISIC_0057633,0
ISIC_0057634,0
ISIC_0057635,0
ISIC_0057638,0
ISIC_0057639,0
ISIC_0057642,0
ISIC_0057648,0
ISIC_0057649,0
ISIC_0057652,0
ISIC_0057654,0
ISIC_0057656,0
ISIC_0057657,0
ISIC_0057658,0
ISIC_0057661,0
ISIC_0057662,0
ISIC_0057666,0
ISIC_0057668,0
ISIC_0057669,0
ISIC_0057670,0
ISIC_0057671,0
ISIC_0057672,0
ISIC_0057674,0
ISIC_0057679,0
ISIC_0057680,0
ISIC_0057681,0
ISIC_0057685,0
ISIC_0057687,0
ISIC_0057690,0
ISIC_0057691,0
ISIC_0057693,0
ISIC_0057694,0
ISIC_0057696,0
ISIC_0057700,0
ISIC_0057702,0
ISIC_0057711,0
ISIC_0057713,0
ISIC_0057714,0
ISIC_0057715,0
ISIC_0057716,0
ISIC_0057717,0
ISIC_0057718,0
ISIC_0057722,0
ISIC_0057724,0
ISIC_0057725,0
ISIC_0057731,0
ISIC_0057732,0
ISIC_0057734,0
ISIC_0057735,0
ISIC_0057736,0
ISIC_0057737,0
ISIC_0057738,0
ISIC_0057739,0
ISIC_0057743,0
ISIC_0057744,0
ISIC_0057745,0
ISIC_0057747,0
ISIC_0057748,0
ISIC_0057750,0
ISIC_0057751,0
ISIC_0057752,0
ISIC_0057753,0
ISIC_0057755,0
ISIC_0057757,0
ISIC_0057758,0
ISIC_0057759,0
ISIC_0057762,0
ISIC_0057768,0
ISIC_0057769,0
ISIC_0057771,0
ISIC_0057774,0
ISIC_0057777,0
ISIC_0057778,0
ISIC_0057782,0
ISIC_0057783,0
ISIC_0057784,0
ISIC_0057785,0
ISIC_0057787,0
ISIC_0057790,0
ISIC_0057791,0
ISIC_0057792,0
ISIC_0057794,0
ISIC_0057798,0
ISIC_0057802,0
ISIC_0057803,0
ISIC_0057805,0
ISIC_0057806,0
ISIC_0057808,0
ISIC_0057810,0
ISIC_0057811,0
ISIC_0057812,0
ISIC_0057813,0
ISIC_0057815,0
ISIC_0057816,0
ISIC_0057817,0
ISIC_0057818,0
ISIC_0057821,0
ISIC_0057824,0
ISIC_0057826,0
ISIC_0057827,0
ISIC_0057828,0
ISIC_0057829,0
ISIC_0057832,0
ISIC_0057838,0
ISIC_0057841,0
ISIC_0057843,0
ISIC_0057844,0
ISIC_0057848,0
ISIC_0057850,0
ISIC_0057851,0
ISIC_0057854,0
ISIC_0057858,0
ISIC_0057859,0
ISIC_0057860,0
ISIC_0057863,0
ISIC_0057864,0
ISIC_0057868,0
ISIC_0057869,0
ISIC_0057870,0
ISIC_0057873,0
ISIC_0057877,0
ISIC_0057879,0
ISIC_0057881,0
ISIC_0057882,0
ISIC_0057885,0
ISIC_0057891,0
ISIC_0057893,0
ISIC_0057897,0
ISIC_0057898,0
ISIC_0057899,0
ISIC_0057900,0
ISIC_0057901,0
ISIC_0057902,0
ISIC_0057905,0
ISIC_0057909,0
ISIC_0057910,0
ISIC_0057911,0
ISIC_0057913,0
ISIC_0057914,0
ISIC_0057921,0
ISIC_0057923,0
ISIC_0057924,0
ISIC_0057928,0
ISIC_0057929,0
ISIC_0057930,0
ISIC_0057931,0
ISIC_0057932,0
ISIC_0057935,0
ISIC_0057936,0
ISIC_0057937,0
ISIC_0057938,0
ISIC_0057939,0
ISIC_0057940,0
ISIC_0057941,0
ISIC_0057942,0
ISIC_0057943,0
ISIC_0057946,0
ISIC_0057947,0
ISIC_0057949,0
ISIC_0057953,0
ISIC_0057954,0
ISIC_0057955,0
ISIC_0057957,0
ISIC_0057959,0
ISIC_0057960,0
ISIC_0057962,0
ISIC_0057965,0
ISIC_0057967,0
ISIC_0057968,0
ISIC_0057970,0
ISIC_0057973,0
ISIC_0057974,0
ISIC_0057975,0
ISIC_0057976,0
ISIC_0057977,0
ISIC_0057978,0
ISIC_0057979,0
ISIC_0057980,0
ISIC_0057981,0
ISIC_0057985,0
ISIC_0057986,0
ISIC_0057987,0
ISIC_0057991,0
ISIC_0057996,0
ISIC_0057998,0
ISIC_0057999,0
ISIC_0058000,0
ISIC_0058003,0
ISIC_0058005,0
ISIC_0058006,0
ISIC_0058007,0
ISIC_0058008,0
ISIC_0058009,0
ISIC_0058010,0
ISIC_0058011,0
ISIC_0058012,0
ISIC_0058014,0
ISIC_0058015,0
ISIC_0058016,0
ISIC_0058018,0
ISIC_0058020,0
ISIC_0058021,0
ISIC_0058023,0
ISIC_0058024,0
ISIC_0058025,0
ISIC_0058027,0
ISIC_0058028,0
ISIC_0058033,0
ISIC_0058034,0
ISIC_0058037,0
ISIC_0058038,0
ISIC_0058039,0
ISIC_0058040,0
ISIC_0058041,0
ISIC_0058043,0
ISIC_0058044,0
ISIC_0058046,0
ISIC_0058047,0
ISIC_0058049,0
ISIC_0058050,0
ISIC_0058051,0
ISIC_0058054,0
ISIC_0058058,0
ISIC_0058059,0
ISIC_0058060,0
ISIC_0058065,0
ISIC_0058067,0
ISIC_0058072,0
ISIC_0058073,0
ISIC_0058074,0
ISIC_0058075,0
ISIC_0058078,0
ISIC_0058081,0
ISIC_0058083,0
ISIC_0058084,0
ISIC_0058090,0
ISIC_0058092,0
ISIC_0058094,0
ISIC_0058096,0
ISIC_0058097,0
ISIC_0058098,0
ISIC_0058099,0
ISIC_0058102,0
ISIC_0058103,0
ISIC_0058104,0
ISIC_0058105,0
ISIC_0058106,0
ISIC_0058108,0
ISIC_0058109,0
ISIC_0058111,0
ISIC_0058114,0
ISIC_0058115,0
ISIC_0058116,0
ISIC_0058117,0
ISIC_0058118,0
ISIC_0058119,0
ISIC_0058120,0
ISIC_0058122,0
ISIC_0058124,0
ISIC_0058125,0
ISIC_0058126,0
ISIC_0058127,0
ISIC_0058128,0
ISIC_0058129,0
ISIC_0058130,0
ISIC_0058132,0
ISIC_0058135,0
ISIC_0058136,0
ISIC_0058137,0
ISIC_0058138,0
ISIC_0058141,0
ISIC_0058142,0
ISIC_0058143,0
ISIC_0058144,0
ISIC_0058145,0
ISIC_0058147,0
ISIC_0058148,0
ISIC_0058150,0
ISIC_0058151,0
ISIC_0058152,0
ISIC_0058154,0
ISIC_0058155,0
ISIC_0058158,0
ISIC_0058164,0
ISIC_0058165,0
ISIC_0058166,0
ISIC_0058168,0
ISIC_0058169,0
ISIC_0058170,0
ISIC_0058171,0
ISIC_0058173,0
ISIC_0058176,0
ISIC_0058178,0
ISIC_0058181,0
ISIC_0058185,0
ISIC_0058186,0
ISIC_0058187,0
ISIC_0058188,0
ISIC_0058191,0
ISIC_0058194,0
ISIC_0058195,0
ISIC_0058197,0
ISIC_0058199,0
ISIC_0058203,0
ISIC_0058204,0
ISIC_0058206,0
ISIC_0058208,0
ISIC_0058212,0
ISIC_0058214,0
ISIC_0058215,0
ISIC_0058217,0
ISIC_0058218,0
ISIC_0058220,0
ISIC_0058222,0
ISIC_0058227,0
ISIC_0058228,0
ISIC_0058229,0
ISIC_0058231,0
ISIC_0058232,0
ISIC_0058235,0
ISIC_0058236,0
ISIC_0058237,0
ISIC_0058239,0
ISIC_0058240,0
ISIC_0058241,0
ISIC_0058242,0
ISIC_0058244,0
ISIC_0058245,0
ISIC_0058246,0
ISIC_0058248,0
ISIC_0058249,0
ISIC_0058251,0
ISIC_0058252,0
ISIC_0058254,0
ISIC_0058255,0
ISIC_0058257,0
ISIC_0058261,0
ISIC_0058268,0
ISIC_0058270,0
ISIC_0058272,0
ISIC_0058273,0
ISIC_0058274,0
ISIC_0058276,0
ISIC_0058277,0
ISIC_0058281,0
ISIC_0058282,0
ISIC_0058284,0
ISIC_0058285,0
ISIC_0058288,0
ISIC_0058292,0
ISIC_0058295,0
ISIC_0058296,0
ISIC_0058298,0
ISIC_0058299,0
ISIC_0058301,0
ISIC_0058306,0
ISIC_0058307,0
ISIC_0058308,0
ISIC_0058314,0
ISIC_0058315,0
ISIC_0058317,0
ISIC_0058318,0
ISIC_0058319,0
ISIC_0058320,0
ISIC_0058321,0
ISIC_0058323,0
ISIC_0058324,0
ISIC_0058327,0
ISIC_0058328,0
ISIC_0058330,0
ISIC_0058331,0
ISIC_0058332,0
ISIC_0058334,0
ISIC_0058337,0
ISIC_0058339,0
ISIC_0058340,0
ISIC_0058341,0
ISIC_0058342,0
ISIC_0058344,0
ISIC_0058346,0
ISIC_0058350,0
ISIC_0058352,0
ISIC_0058354,0
ISIC_0058355,0
ISIC_0058359,0
ISIC_0058360,0
ISIC_0058361,0
ISIC_0058368,0
ISIC_0058370,0
ISIC_0058372,0
ISIC_0058374,0
ISIC_0058375,0
ISIC_0058376,0
ISIC_0058377,0
ISIC_0058379,0
ISIC_0058382,0
ISIC_0058383,0
ISIC_0058384,0
ISIC_0058385,0
ISIC_0058386,0
ISIC_0058387,0
ISIC_0058388,0
ISIC_0058390,0
ISIC_0058391,0
ISIC_0058392,0
ISIC_0058395,0
ISIC_0058397,0
ISIC_0058399,0
ISIC_0058401,0
ISIC_0058404,0
ISIC_0058406,0
ISIC_0058407,0
ISIC_0058408,0
ISIC_0058412,0
ISIC_0058415,0
ISIC_0058416,0
ISIC_0058417,0
ISIC_0058418,0
ISIC_0058420,0
ISIC_0058421,0
ISIC_0058425,0
ISIC_0058426,0
ISIC_0058427,0
ISIC_0058428,0
ISIC_0058429,0
ISIC_0058430,0
ISIC_0058431,0
ISIC_0058432,0
ISIC_0058434,0
ISIC_0058435,0
ISIC_0058439,0
ISIC_0058443,0
ISIC_0058444,0
ISIC_0058446,0
ISIC_0058451,0
ISIC_0058452,0
ISIC_0058457,0
ISIC_0058458,0
ISIC_0058459,0
ISIC_0058461,0
ISIC_0058462,0
ISIC_0058464,0
ISIC_0058468,0
ISIC_0058469,0
ISIC_0058474,0
ISIC_0058475,0
ISIC_0058476,0
ISIC_0058478,0
ISIC_0058481,0
ISIC_0058483,0
ISIC_0058485,0
ISIC_0058486,0
ISIC_0058487,0
ISIC_0058492,0
ISIC_0058494,0
ISIC_0058495,0
ISIC_0058496,0
ISIC_0058497,0
ISIC_0058499,0
ISIC_0058500,0
ISIC_0058501,0
ISIC_0058503,0
ISIC_0058504,0
ISIC_0058505,0
ISIC_0058506,0
ISIC_0058507,0
ISIC_0058508,0
ISIC_0058513,0
ISIC_0058514,0
ISIC_0058515,0
ISIC_0058520,0
ISIC_0058523,0
ISIC_0058525,0
ISIC_0058526,0
ISIC_0058527,0
ISIC_0058528,0
ISIC_0058530,0
ISIC_0058532,0
ISIC_0058533,0
ISIC_0058538,0
ISIC_0058539,0
ISIC_0058543,0
ISIC_0058544,0
ISIC_0058546,0
ISIC_0058548,0
ISIC_0058549,0
ISIC_0058550,0
ISIC_0058552,0
ISIC_0058555,0
ISIC_0058556,0
ISIC_0058559,0
ISIC_0058560,0
ISIC_0058566,0
ISIC_0058567,0
ISIC_0058568,0
ISIC_0058569,0
ISIC_0058570,0
ISIC_0058571,0
ISIC_0058572,0
ISIC_0058573,0
ISIC_0058574,0
ISIC_0058577,0
ISIC_0058580,0
ISIC_0058582,0
ISIC_0058584,0
ISIC_0058585,0
ISIC_0058586,0
ISIC_0058587,0
ISIC_0058589,0
ISIC_0058590,0
ISIC_0058591,0
ISIC_0058592,0
ISIC_0058594,0
ISIC_0058597,0
ISIC_0058598,0
ISIC_0058599,0
ISIC_0058603,0
ISIC_0058604,0
ISIC_0058607,0
ISIC_0058612,0
ISIC_0058617,0
ISIC_0058618,0
ISIC_0058621,0
ISIC_0058622,0
ISIC_0058623,0
ISIC_0058624,0
ISIC_0058625,0
ISIC_0058629,0
ISIC_0058630,0
ISIC_0058633,0
ISIC_0058636,0
ISIC_0058637,0
ISIC_0058639,0
ISIC_0058640,0
ISIC_0058641,0
ISIC_0058642,0
ISIC_0058643,0
ISIC_0058645,0
ISIC_0058646,0
ISIC_0058648,0
ISIC_0058649,0
ISIC_0058651,0
ISIC_0058652,0
ISIC_0058654,0
ISIC_0058655,0
ISIC_0058656,0
ISIC_0058657,0
ISIC_0058658,0
ISIC_0058659,0
ISIC_0058661,0
ISIC_0058662,0
ISIC_0058663,0
ISIC_0058664,0
ISIC_0058666,0
ISIC_0058668,0
ISIC_0058670,0
ISIC_0058673,0
ISIC_0058675,0
ISIC_0058676,0
ISIC_0058679,0
ISIC_0058680,0
ISIC_0058681,0
ISIC_0058684,0
ISIC_0058689,0
ISIC_0058690,0
ISIC_0058691,0
ISIC_0058692,0
ISIC_0058693,0
ISIC_0058694,0
ISIC_0058697,0
ISIC_0058700,0
ISIC_0058701,0
ISIC_0058703,0
ISIC_0058704,0
ISIC_0058707,0
ISIC_0058708,0
ISIC_0058709,0
ISIC_0058710,0
ISIC_0058711,0
ISIC_0058713,0
ISIC_0058714,0
ISIC_0058716,0
ISIC_0058717,0
ISIC_0058719,0
ISIC_0058721,0
ISIC_0058723,0
ISIC_0058729,0
ISIC_0058731,0
ISIC_0058732,0
ISIC_0058734,0
ISIC_0058736,0
ISIC_0058738,0
ISIC_0058743,0
ISIC_0058744,0
ISIC_0058745,0
ISIC_0058746,0
ISIC_0058747,0
ISIC_0058748,0
ISIC_0058749,0
ISIC_0058750,0
ISIC_0058753,0
ISIC_0058755,0
ISIC_0058756,0
ISIC_0058757,0
ISIC_0058758,0
ISIC_0058760,0
ISIC_0058762,0
ISIC_0058763,0
ISIC_0058764,0
ISIC_0058767,0
ISIC_0058768,0
ISIC_0058769,0
ISIC_0058770,0
ISIC_0058772,0
ISIC_0058773,0
ISIC_0058775,0
ISIC_0058776,0
ISIC_0058777,0
ISIC_0058778,0
ISIC_0058780,0
ISIC_0058781,0
ISIC_0058784,0
ISIC_0058786,0
ISIC_0058787,0
ISIC_0058790,0
ISIC_0058791,0
ISIC_0058792,0
ISIC_0058794,0
ISIC_0058797,0
ISIC_0058798,0
ISIC_0058800,0
ISIC_0058803,0
ISIC_0058804,0
ISIC_0058805,0
ISIC_0058806,0
ISIC_0058807,0
ISIC_0058811,0
ISIC_0058814,0
ISIC_0058815,0
ISIC_0058816,0
ISIC_0058818,0
ISIC_0058819,0
ISIC_0058826,0
ISIC_0058827,0
ISIC_0058829,0
ISIC_0058833,0
ISIC_0058836,0
ISIC_0058838,0
ISIC_0058840,0
ISIC_0058843,0
ISIC_0058847,0
ISIC_0058848,0
ISIC_0058849,0
ISIC_0058850,0
ISIC_0058851,0
ISIC_0058856,0
ISIC_0058858,0
ISIC_0058862,0
ISIC_0058863,0
ISIC_0058865,0
ISIC_0058866,0
ISIC_0058867,0
ISIC_0058868,0
ISIC_0058869,0
ISIC_0058870,0
ISIC_0058871,0
ISIC_0058872,0
ISIC_0058875,0
ISIC_0058877,0
ISIC_0058878,0
ISIC_0058879,0
ISIC_0058880,0
ISIC_0058881,0
ISIC_0058882,0
ISIC_0058883,0
ISIC_0058884,0
ISIC_0058885,0
ISIC_0058887,0
ISIC_0058890,0
ISIC_0058891,0
ISIC_0058892,0
ISIC_0058893,0
ISIC_0058896,0
ISIC_0058897,0
ISIC_0058903,0
ISIC_0058904,0
ISIC_0058905,0
ISIC_0058906,0
ISIC_0058913,0
ISIC_0058915,0
ISIC_0058918,0
ISIC_0058920,0
ISIC_0058923,0
ISIC_0058924,0
ISIC_0058926,0
ISIC_0058927,0
ISIC_0058928,0
ISIC_0058929,0
ISIC_0058931,0
ISIC_0058936,0
ISIC_0058939,0
ISIC_0058944,0
ISIC_0058946,0
ISIC_0058947,0
ISIC_0058950,0
ISIC_0058951,0
ISIC_0058952,0
ISIC_0058954,0
ISIC_0058956,0
ISIC_0058957,0
ISIC_0058958,0
ISIC_0058959,0
ISIC_0058964,0
ISIC_0058966,0
ISIC_0058967,0
ISIC_0058971,0
ISIC_0058972,0
ISIC_0058976,0
ISIC_0058978,0
ISIC_0058979,0
ISIC_0058982,0
ISIC_0058987,0
ISIC_0058988,0
ISIC_0058989,0
ISIC_0058990,0
ISIC_0058991,0
ISIC_0058993,0
ISIC_0058994,0
ISIC_0058995,0
ISIC_0058996,0
ISIC_0058997,0
ISIC_0058998,0
ISIC_0059000,0
ISIC_0059002,0
ISIC_0059005,0
ISIC_0059006,0
ISIC_0059007,0
ISIC_0059008,0
ISIC_0059009,0
ISIC_0059010,0
ISIC_0059011,0
ISIC_0059012,0
ISIC_0059013,0
ISIC_0059014,0
ISIC_0059015,0
ISIC_0059017,0
ISIC_0059018,0
ISIC_0059019,0
ISIC_0059020,0
ISIC_0059022,0
ISIC_0059023,0
ISIC_0059024,0
ISIC_0059025,0
ISIC_0059026,0
ISIC_0059027,0
ISIC_0059029,0
ISIC_0059030,0
ISIC_0059033,0
ISIC_0059034,0
ISIC_0059036,0
ISIC_0059037,0
ISIC_0059041,0
ISIC_0059042,0
ISIC_0059043,0
ISIC_0059045,0
ISIC_0059049,0
ISIC_0059050,0
ISIC_0059052,0
ISIC_0059055,0
ISIC_0059058,0
ISIC_0059062,0
ISIC_0059064,0
ISIC_0059065,0
ISIC_0059066,0
ISIC_0059068,0
ISIC_0059071,0
ISIC_0059072,0
ISIC_0059074,0
ISIC_0059075,0
ISIC_0059076,0
ISIC_0059077,0
ISIC_0059078,0
ISIC_0059079,0
ISIC_0059080,0
ISIC_0059081,0
ISIC_0059082,0
ISIC_0059085,0
ISIC_0059087,0
ISIC_0059088,0
ISIC_0059089,0
ISIC_0059090,0
ISIC_0059091,0
ISIC_0059092,0
ISIC_0059093,0
ISIC_0059094,0
ISIC_0059095,0
ISIC_0059096,0
ISIC_0059099,0
ISIC_0059100,0
ISIC_0059101,0
ISIC_0059102,0
ISIC_0059103,0
ISIC_0059104,0
ISIC_0059106,0
ISIC_0059108,0
ISIC_0059111,0
ISIC_0059113,0
ISIC_0059114,0
ISIC_0059115,0
ISIC_0059116,0
ISIC_0059121,0
ISIC_0059123,0
ISIC_0059126,0
ISIC_0059128,0
ISIC_0059130,0
ISIC_0059132,0
ISIC_0059134,0
ISIC_0059135,0
ISIC_0059137,0
ISIC_0059138,0
ISIC_0059139,0
ISIC_0059140,0
ISIC_0059141,0
ISIC_0059145,0
ISIC_0059146,0
ISIC_0059147,0
ISIC_0059148,0
ISIC_0059149,0
ISIC_0059151,0
ISIC_0059152,0
ISIC_0059153,0
ISIC_0059155,0
ISIC_0059158,0
ISIC_0059159,0
ISIC_0059160,0
ISIC_0059163,0
ISIC_0059164,0
ISIC_0059165,0
ISIC_0059167,0
ISIC_0059169,0
ISIC_0059170,0
ISIC_0059171,0
ISIC_0059176,0
ISIC_0059177,0
ISIC_0059178,0
ISIC_0059179,0
ISIC_0059180,0
ISIC_0059182,0
ISIC_0059188,0
ISIC_0059193,0
ISIC_0059195,0
ISIC_0059198,0
ISIC_0059199,0
ISIC_0059200,0
ISIC_0059201,0
ISIC_0059202,0
ISIC_0059203,0
ISIC_0059205,0
ISIC_0059207,0
ISIC_0059208,0
ISIC_0059209,0
ISIC_0059213,0
ISIC_0059214,0
ISIC_0059217,0
ISIC_0059219,0
ISIC_0059220,0
ISIC_0059221,0
ISIC_0059223,0
ISIC_0059224,0
ISIC_0059226,0
ISIC_0059228,0
ISIC_0059230,0
ISIC_0059231,0
ISIC_0059232,0
ISIC_0059236,0
ISIC_0059237,0
ISIC_0059239,0
ISIC_0059240,0
ISIC_0059241,0
ISIC_0059242,0
ISIC_0059243,0
ISIC_0059246,0
ISIC_0059250,0
ISIC_0059253,0
ISIC_0059257,0
ISIC_0059258,0
ISIC_0059264,0
ISIC_0059265,0
ISIC_0059266,0
ISIC_0059267,0
ISIC_0059268,0
ISIC_0059269,0
ISIC_0059270,0
ISIC_0059272,0
ISIC_0059273,0
ISIC_0059275,0
ISIC_0059276,0
ISIC_0059277,0
ISIC_0059284,0
ISIC_0059285,0
ISIC_0059289,0
ISIC_0059292,0
ISIC_0059294,0
ISIC_0059299,0
ISIC_0059305,0
ISIC_0059308,0
ISIC_0059313,0
ISIC_0059314,0
ISIC_0059315,0
ISIC_0059316,0
ISIC_0059317,0
ISIC_0059318,0
ISIC_0059320,0
ISIC_0059322,0
ISIC_0059323,0
ISIC_0059325,0
ISIC_0059329,0
ISIC_0059330,0
ISIC_0059332,0
ISIC_0059334,0
ISIC_0059336,0
ISIC_0059337,0
ISIC_0059338,0
ISIC_0059340,0
ISIC_0059341,0
ISIC_0059342,0
ISIC_0059343,0
ISIC_0059344,0
ISIC_0059345,0
ISIC_0059346,0
ISIC_0059347,0
ISIC_0059348,0
ISIC_0059349,0
ISIC_0059350,0
ISIC_0059352,0
ISIC_0059353,0
ISIC_0059354,0
ISIC_0059359,0
ISIC_0059361,0
ISIC_0059363,0
ISIC_0059364,0
ISIC_0059366,0
ISIC_0059367,0
ISIC_0059368,0
ISIC_0059369,0
ISIC_0059375,0
ISIC_0059376,0
ISIC_0059378,0
ISIC_0059379,0
ISIC_0059381,0
ISIC_0059382,0
ISIC_0059383,0
ISIC_0059386,0
ISIC_0059387,0
ISIC_0059388,0
ISIC_0059389,0
ISIC_0059390,0
ISIC_0059393,0
ISIC_0059394,0
ISIC_0059396,0
ISIC_0059398,0
ISIC_0059402,0
ISIC_0059403,0
ISIC_0059405,0
ISIC_0059407,0
ISIC_0059408,0
ISIC_0059411,0
ISIC_0059415,0
ISIC_0059416,0
ISIC_0059419,0
ISIC_0059420,0
ISIC_0059421,0
ISIC_0059423,0
ISIC_0059424,0
ISIC_0059429,0
ISIC_0059432,0
ISIC_0059435,0
ISIC_0059438,0
ISIC_0059441,0
ISIC_0059444,0
ISIC_0059446,0
ISIC_0059447,0
ISIC_0059450,0
ISIC_0059451,0
ISIC_0059452,0
ISIC_0059453,0
ISIC_0059454,0
ISIC_0059455,0
ISIC_0059456,0
ISIC_0059458,0
ISIC_0059460,0
ISIC_0059461,0
ISIC_0059464,0
ISIC_0059466,0
ISIC_0059468,0
ISIC_0059471,0
ISIC_0059473,0
ISIC_0059474,0
ISIC_0059476,0
ISIC_0059477,0
ISIC_0059478,0
ISIC_0059482,0
ISIC_0059485,0
ISIC_0059486,0
ISIC_0059487,0
ISIC_0059493,0
ISIC_0059494,0
ISIC_0059501,0
ISIC_0059502,0
ISIC_0059504,0
ISIC_0059505,0
ISIC_0059506,0
ISIC_0059509,0
ISIC_0059511,0
ISIC_0059512,0
ISIC_0059515,0
ISIC_0059516,0
ISIC_0059517,0
ISIC_0059519,0
ISIC_0059520,0
ISIC_0059521,0
ISIC_0059522,0
ISIC_0059523,0
ISIC_0059524,0
ISIC_0059525,0
ISIC_0059526,0
ISIC_0059528,0
ISIC_0059529,0
ISIC_0059534,0
ISIC_0059535,0
ISIC_0059537,0
ISIC_0059538,0
ISIC_0059541,0
ISIC_0059543,0
ISIC_0059544,0
ISIC_0059546,0
ISIC_0059547,0
ISIC_0059548,0
ISIC_0059551,0
ISIC_0059552,0
ISIC_0059553,0
ISIC_0059554,0
ISIC_0059558,0
ISIC_0059559,0
ISIC_0059561,0
ISIC_0059565,0
ISIC_0059566,0
ISIC_0059567,0
ISIC_0059568,0
ISIC_0059569,0
ISIC_0059571,0
ISIC_0059577,0
ISIC_0059578,0
ISIC_0059580,0
ISIC_0059581,0
ISIC_0059583,0
ISIC_0059587,0
ISIC_0059588,0
ISIC_0059591,0
ISIC_0059592,0
ISIC_0059593,0
ISIC_0059595,0
ISIC_0059597,0
ISIC_0059598,0
ISIC_0059599,0
ISIC_0059600,0
ISIC_0059601,0
ISIC_0059602,0
ISIC_0059605,0
ISIC_0059606,0
ISIC_0059608,0
ISIC_0059609,0
ISIC_0059610,0
ISIC_0059611,0
ISIC_0059614,0
ISIC_0059617,0
ISIC_0059618,0
ISIC_0059620,0
ISIC_0059623,0
ISIC_0059624,0
ISIC_0059625,0
ISIC_0059626,0
ISIC_0059627,0
ISIC_0059628,0
ISIC_0059630,0
ISIC_0059631,0
ISIC_0059632,0
ISIC_0059633,0
ISIC_0059635,0
ISIC_0059637,0
ISIC_0059638,0
ISIC_0059642,0
ISIC_0059643,0
ISIC_0059644,0
ISIC_0059646,0
ISIC_0059648,0
ISIC_0059649,0
ISIC_0059650,0
ISIC_0059654,0
ISIC_0059656,0
ISIC_0059658,0
ISIC_0059659,0
ISIC_0059660,0
ISIC_0059661,0
ISIC_0059662,0
ISIC_0059663,0
ISIC_0059668,0
ISIC_0059669,0
ISIC_0059670,0
ISIC_0059671,0
ISIC_0059673,0
ISIC_0059677,0
ISIC_0059680,0
ISIC_0059682,0
ISIC_0059685,0
ISIC_0059686,0
ISIC_0059687,0
ISIC_0059688,0
ISIC_0059689,0
ISIC_0059691,0
ISIC_0059693,0
ISIC_0059695,0
ISIC_0059696,0
ISIC_0059698,0
ISIC_0059700,0
ISIC_0059701,0
ISIC_0059703,0
ISIC_0059704,0
ISIC_0059705,0
ISIC_0059707,0
ISIC_0059708,0
ISIC_0059709,0
ISIC_0059710,0
ISIC_0059711,0
ISIC_0059713,0
ISIC_0059714,0
ISIC_0059716,0
ISIC_0059717,0
ISIC_0059719,0
ISIC_0059721,0
ISIC_0059722,0
ISIC_0059724,0
ISIC_0059725,0
ISIC_0059726,0
ISIC_0059729,0
ISIC_0059731,0
ISIC_0059735,0
ISIC_0059736,0
ISIC_0059738,0
ISIC_0059739,0
ISIC_0059741,0
ISIC_0059742,0
ISIC_0059743,0
ISIC_0059745,0
ISIC_0059746,0
ISIC_0059747,0
ISIC_0059749,0
ISIC_0059750,0
ISIC_0059751,0
ISIC_0059752,0
ISIC_0059753,0
ISIC_0059755,0
ISIC_0059756,0
ISIC_0059757,0
ISIC_0059760,0
ISIC_0059761,0
ISIC_0059762,0
ISIC_0059763,0
ISIC_0059764,0
ISIC_0059768,0
ISIC_0059770,0
ISIC_0059771,0
ISIC_0059772,0
ISIC_0059773,0
ISIC_0059774,0
ISIC_0059776,0
ISIC_0059777,0
ISIC_0059778,0
ISIC_0059780,0
ISIC_0059781,0
ISIC_0059782,0
ISIC_0059785,0
ISIC_0059786,0
ISIC_0059787,0
ISIC_0059788,0
ISIC_0059789,0
ISIC_0059790,0
ISIC_0059791,0
ISIC_0059792,0
ISIC_0059793,0
ISIC_0059794,0
ISIC_0059796,0
ISIC_0059797,0
ISIC_0059801,0
ISIC_0059802,0
ISIC_0059803,0
ISIC_0059804,0
ISIC_0059805,0
ISIC_0059807,0
ISIC_0059808,0
ISIC_0059809,0
ISIC_0059810,0
ISIC_0059812,0
ISIC_0059813,0
ISIC_0059814,0
ISIC_0059816,0
ISIC_0059820,0
ISIC_0059821,0
ISIC_0059823,0
ISIC_0059824,0
ISIC_0059826,0
ISIC_0059827,0
ISIC_0059828,0
ISIC_0059830,0
ISIC_0059832,0
ISIC_0059834,0
ISIC_0059835,0
ISIC_0059838,0
ISIC_0059840,0
ISIC_0059843,0
ISIC_0059844,0
ISIC_0059847,0
ISIC_0059849,0
ISIC_0059854,0
ISIC_0059855,0
ISIC_0059857,0
ISIC_0059859,0
ISIC_0059860,0
ISIC_0059861,0
ISIC_0059862,0
ISIC_0059863,0
ISIC_0059865,0
ISIC_0059866,0
ISIC_0059869,0
ISIC_0059870,0
ISIC_0059873,0
ISIC_0059874,0
ISIC_0059875,0
ISIC_0059876,0
ISIC_0059879,0
ISIC_0059881,0
ISIC_0059884,0
ISIC_0059886,0
ISIC_0059888,0
ISIC_0059889,0
ISIC_0059890,0
ISIC_0059891,0
ISIC_0059892,0
ISIC_0059894,0
ISIC_0059897,0
ISIC_0059899,0
ISIC_0059904,0
ISIC_0059905,0
ISIC_0059906,0
ISIC_0059907,0
ISIC_0059910,0
ISIC_0059911,0
ISIC_0059912,0
ISIC_0059913,0
ISIC_0059917,0
ISIC_0059918,0
ISIC_0059919,0
ISIC_0059920,0
ISIC_0059922,0
ISIC_0059923,0
ISIC_0059925,0
ISIC_0059926,0
ISIC_0059927,0
ISIC_0059928,0
ISIC_0059930,0
ISIC_0059932,0
ISIC_0059933,0
ISIC_0059937,0
ISIC_0059938,0
ISIC_0059939,0
ISIC_0059940,0
ISIC_0059941,0
ISIC_0059944,0
ISIC_0059948,0
ISIC_0059950,0
ISIC_0059952,0
ISIC_0059953,0
ISIC_0059957,0
ISIC_0059958,0
ISIC_0059959,0
ISIC_0059960,0
ISIC_0059961,0
ISIC_0059968,0
ISIC_0059973,0
ISIC_0059974,0
ISIC_0059975,0
ISIC_0059978,0
ISIC_0059984,0
ISIC_0059985,0
ISIC_0059986,0
ISIC_0059987,0
ISIC_0059988,0
ISIC_0059992,0
ISIC_0059995,0
ISIC_0059996,0
ISIC_0059997,0
ISIC_0059999,0
ISIC_0060001,0
ISIC_0060002,0
ISIC_0060003,0
ISIC_0060009,0
ISIC_0060014,0
ISIC_0060015,0
ISIC_0060018,0
ISIC_0060019,0
ISIC_0060020,0
ISIC_0060022,0
ISIC_0060024,0
ISIC_0060026,0
ISIC_0060028,0
ISIC_0060029,0
ISIC_0060030,0
ISIC_0060032,0
ISIC_0060033,0
ISIC_0060034,0
ISIC_0060035,0
ISIC_0060036,0
ISIC_0060038,0
ISIC_0060039,0
ISIC_0060040,0
ISIC_0060041,0
ISIC_0060043,0
ISIC_0060044,0
ISIC_0060045,0
ISIC_0060046,0
ISIC_0060048,0
ISIC_0060057,0
ISIC_0060059,0
ISIC_0060060,0
ISIC_0060061,0
ISIC_0060062,0
ISIC_0060063,0
ISIC_0060064,0
ISIC_0060065,0
ISIC_0060067,0
ISIC_0060073,0
ISIC_0060077,0
ISIC_0060078,0
ISIC_0060081,0
ISIC_0060082,0
ISIC_0060083,0
ISIC_0060085,0
ISIC_0060086,0
ISIC_0060093,0
ISIC_0060094,0
ISIC_0060095,0
ISIC_0060096,0
ISIC_0060098,0
ISIC_0060099,0
ISIC_0060100,0
ISIC_0060101,0
ISIC_0060104,0
ISIC_0060106,0
ISIC_0060109,0
ISIC_0060114,0
ISIC_0060118,0
ISIC_0060120,0
ISIC_0060122,0
ISIC_0060123,0
ISIC_0060124,0
ISIC_0060129,0
ISIC_0060130,0
ISIC_0060131,0
ISIC_0060133,0
ISIC_0060134,0
ISIC_0060135,0
ISIC_0060136,0
ISIC_0060137,0
ISIC_0060138,0
ISIC_0060139,0
ISIC_0060140,0
ISIC_0060141,0
ISIC_0060143,0
ISIC_0060144,0
ISIC_0060145,0
ISIC_0060147,0
ISIC_0060149,0
ISIC_0060150,0
ISIC_0060153,0
ISIC_0060154,0
ISIC_0060155,0
ISIC_0060157,0
ISIC_0060159,0
ISIC_0060161,0
ISIC_0060162,0
ISIC_0060164,0
ISIC_0060168,0
ISIC_0060169,0
ISIC_0060170,0
ISIC_0060171,0
ISIC_0060173,0
ISIC_0060174,0
ISIC_0060178,0
ISIC_0060180,0
ISIC_0060181,0
ISIC_0060182,0
ISIC_0060187,0
ISIC_0060188,0
ISIC_0060189,0
ISIC_0060190,0
ISIC_0060191,0
ISIC_0060194,0
ISIC_0060195,0
ISIC_0060197,0
ISIC_0060198,0
ISIC_0060200,0
ISIC_0060201,0
ISIC_0060202,0
ISIC_0060203,0
ISIC_0060205,0
ISIC_0060208,0
ISIC_0060209,0
ISIC_0060212,0
ISIC_0060213,0
ISIC_0060214,0
ISIC_0060216,0
ISIC_0060217,0
ISIC_0060218,0
ISIC_0060219,0
ISIC_0060220,0
ISIC_0060222,0
ISIC_0060223,0
ISIC_0060224,0
ISIC_0060230,0
ISIC_0060233,0
ISIC_0060235,0
ISIC_0060236,0
ISIC_0060238,0
ISIC_0060239,0
ISIC_0060240,0
ISIC_0060242,0
ISIC_0060243,0
ISIC_0060244,0
ISIC_0060248,0
ISIC_0060250,0
ISIC_0060251,0
ISIC_0060254,0
ISIC_0060257,0
ISIC_0060261,0
ISIC_0060262,0
ISIC_0060264,0
ISIC_0060266,0
ISIC_0060270,0
ISIC_0060276,0
ISIC_0060279,0
ISIC_0060280,0
ISIC_0060281,0
ISIC_0060285,0
ISIC_0060286,0
ISIC_0060287,0
ISIC_0060288,0
ISIC_0060289,0
ISIC_0060290,0
ISIC_0060294,0
ISIC_0060295,0
ISIC_0060297,0
ISIC_0060298,0
ISIC_0060302,0
ISIC_0060303,0
ISIC_0060305,0
ISIC_0060306,0
ISIC_0060307,0
ISIC_0060308,0
ISIC_0060309,0
ISIC_0060310,0
ISIC_0060311,0
ISIC_0060312,0
ISIC_0060313,0
ISIC_0060314,0
ISIC_0060315,0
ISIC_0060325,0
ISIC_0060326,0
ISIC_0060327,0
ISIC_0060332,0
ISIC_0060336,0
ISIC_0060337,0
ISIC_0060338,0
ISIC_0060339,0
ISIC_0060340,0
ISIC_0060341,0
ISIC_0060342,0
ISIC_0060343,0
ISIC_0060346,0
ISIC_0060347,0
ISIC_0060348,0
ISIC_0060349,0
ISIC_0060351,0
ISIC_0060352,0
ISIC_0060354,0
ISIC_0060355,0
ISIC_0060356,0
ISIC_0060358,0
ISIC_0060359,0
ISIC_0060360,0
ISIC_0060365,0
ISIC_0060366,0
ISIC_0060367,0
ISIC_0060368,0
ISIC_0060371,0
ISIC_0060372,0
ISIC_0060373,0
ISIC_0060374,0
ISIC_0060376,0
ISIC_0060377,0
ISIC_0060378,0
ISIC_0060380,0
ISIC_0060381,0
ISIC_0060382,0
ISIC_0060386,0
ISIC_0060388,0
ISIC_0060392,0
ISIC_0060393,0
ISIC_0060394,0
ISIC_0060396,0
ISIC_0060397,0
ISIC_0060398,0
ISIC_0060399,0
ISIC_0060400,0
ISIC_0060401,0
ISIC_0060402,0
ISIC_0060403,0
ISIC_0060407,0
ISIC_0060409,0
ISIC_0060414,0
ISIC_0060419,0
ISIC_0060421,0
ISIC_0060422,0
ISIC_0060427,0
ISIC_0060428,0
ISIC_0060429,0
ISIC_0060430,0
ISIC_0060432,0
ISIC_0060434,0
ISIC_0060438,0
ISIC_0060441,0
ISIC_0060443,0
ISIC_0060444,0
ISIC_0060446,0
ISIC_0060447,0
ISIC_0060448,0
ISIC_0060449,0
ISIC_0060450,0
ISIC_0060455,0
ISIC_0060456,0
ISIC_0060457,0
ISIC_0060458,0
ISIC_0060459,0
ISIC_0060461,0
ISIC_0060463,0
ISIC_0060465,0
ISIC_0060467,0
ISIC_0060468,0
ISIC_0060470,0
ISIC_0060471,0
ISIC_0060473,0
ISIC_0060475,0
ISIC_0060478,0
ISIC_0060480,0
ISIC_0060482,0
ISIC_0060483,0
ISIC_0060485,0
ISIC_0060486,0
ISIC_0060487,0
ISIC_0060488,0
ISIC_0060489,0
ISIC_0060490,0
ISIC_0060492,0
ISIC_0060493,0
ISIC_0060494,0
ISIC_0060495,0
ISIC_0060496,0
ISIC_0060497,0
ISIC_0060500,0
ISIC_0060504,0
ISIC_0060507,0
ISIC_0060508,0
ISIC_0060510,0
ISIC_0060511,0
ISIC_0060514,0
ISIC_0060516,0
ISIC_0060518,0
ISIC_0060522,0
ISIC_0060525,0
ISIC_0060526,0
ISIC_0060528,0
ISIC_0060530,0
ISIC_0060532,0
ISIC_0060534,0
ISIC_0060536,0
ISIC_0060537,0
ISIC_0060538,0
ISIC_0060539,0
ISIC_0060542,0
ISIC_0060544,0
ISIC_0060546,0
ISIC_0060548,0
ISIC_0060549,0
ISIC_0060550,0
ISIC_0060555,0
ISIC_0060556,0
ISIC_0060557,0
ISIC_0060559,0
ISIC_0060560,0
ISIC_0060573,0
ISIC_0060574,0
ISIC_0060576,0
ISIC_0060577,0
ISIC_0060579,0
ISIC_0060580,0
ISIC_0060581,0
ISIC_0060583,0
ISIC_0060585,0
ISIC_0060586,0
ISIC_0060588,0
ISIC_0060589,0
ISIC_0060590,0
ISIC_0060591,0
ISIC_0060593,0
ISIC_0060594,0
ISIC_0060595,0
ISIC_0060597,0
ISIC_0060599,0
ISIC_0060600,0
ISIC_0060603,0
ISIC_0060605,0
ISIC_0060606,0
ISIC_0060607,0
ISIC_0060608,0
ISIC_0060610,0
ISIC_0060612,0
ISIC_0060613,0
ISIC_0060614,0
ISIC_0060615,0
ISIC_0060616,0
ISIC_0060618,0
ISIC_0060620,0
ISIC_0060622,0
ISIC_0060623,0
ISIC_0060624,0
ISIC_0060625,0
ISIC_0060626,0
ISIC_0060627,0
ISIC_0060628,0
ISIC_0060629,0
ISIC_0060630,0
ISIC_0060631,0
ISIC_0060635,0
ISIC_0060637,0
ISIC_0060640,0
ISIC_0060641,0
ISIC_0060645,0
ISIC_0060646,0
ISIC_0060647,0
ISIC_0060651,0
ISIC_0060654,0
ISIC_0060657,0
ISIC_0060660,0
ISIC_0060662,0
ISIC_0060663,0
ISIC_0060665,0
ISIC_0060667,0
ISIC_0060668,0
ISIC_0060669,0
ISIC_0060671,0
ISIC_0060672,0
ISIC_0060673,0
ISIC_0060676,0
ISIC_0060678,0
ISIC_0060679,0
ISIC_0060680,0
ISIC_0060681,0
ISIC_0060682,0
ISIC_0060683,0
ISIC_0060684,0
ISIC_0060687,0
ISIC_0060688,0
ISIC_0060690,0
ISIC_0060693,0
ISIC_0060694,0
ISIC_0060695,0
ISIC_0060697,0
ISIC_0060698,0
ISIC_0060700,0
ISIC_0060701,0
ISIC_0060704,0
ISIC_0060705,0
ISIC_0060706,0
ISIC_0060709,0
ISIC_0060711,0
ISIC_0060713,0
ISIC_0060714,0
ISIC_0060715,0
ISIC_0060716,0
ISIC_0060717,0
ISIC_0060718,0
ISIC_0060721,0
ISIC_0060724,0
ISIC_0060727,0
ISIC_0060728,0
ISIC_0060729,0
ISIC_0060730,0
ISIC_0060732,0
ISIC_0060733,0
ISIC_0060736,0
ISIC_0060738,0
ISIC_0060739,0
ISIC_0060740,0
ISIC_0060741,0
ISIC_0060743,0
ISIC_0060744,0
ISIC_0060746,0
ISIC_0060747,0
ISIC_0060748,0
ISIC_0060750,0
ISIC_0060751,0
ISIC_0060752,0
ISIC_0060753,0
ISIC_0060754,0
ISIC_0060760,0
ISIC_0060761,0
ISIC_0060763,0
ISIC_0060764,0
ISIC_0060771,0
ISIC_0060773,0
ISIC_0060774,0
ISIC_0060775,0
ISIC_0060777,0
ISIC_0060779,0
ISIC_0060781,0
ISIC_0060784,0
ISIC_0060786,0
ISIC_0060788,0
ISIC_0060789,0
ISIC_0060791,0
ISIC_0060793,0
ISIC_0060794,0
ISIC_0060795,0
ISIC_0060799,0
ISIC_0060801,0
ISIC_0060802,0
ISIC_0060803,0
ISIC_0060807,0
ISIC_0060809,0
ISIC_0060810,0
ISIC_0060811,0
ISIC_0060813,0
ISIC_0060818,0
ISIC_0060820,0
ISIC_0060823,0
ISIC_0060827,0
ISIC_0060828,0
ISIC_0060829,0
ISIC_0060830,0
ISIC_0060831,0
ISIC_0060832,0
ISIC_0060834,0
ISIC_0060835,0
ISIC_0060836,0
ISIC_0060838,0
ISIC_0060842,0
ISIC_0060845,0
ISIC_0060846,0
ISIC_0060847,0
ISIC_0060848,0
ISIC_0060850,0
ISIC_0060855,0
ISIC_0060857,0
ISIC_0060858,0
ISIC_0060860,0
ISIC_0060862,0
ISIC_0060863,0
ISIC_0060864,0
ISIC_0060866,0
ISIC_0060869,0
ISIC_0060870,0
ISIC_0060871,0
ISIC_0060873,0
ISIC_0060874,0
ISIC_0060876,0
ISIC_0060880,0
ISIC_0060881,0
ISIC_0060882,0
ISIC_0060883,0
ISIC_0060886,0
ISIC_0060887,0
ISIC_0060888,0
ISIC_0060890,0
ISIC_0060892,0
ISIC_0060893,0
ISIC_0060894,0
ISIC_0060897,0
ISIC_0060898,0
ISIC_0060899,0
ISIC_0060900,0
ISIC_0060901,0
ISIC_0060902,0
ISIC_0060903,0
ISIC_0060904,0
ISIC_0060905,0
ISIC_0060906,0
ISIC_0060907,0
ISIC_0060908,0
ISIC_0060909,0
ISIC_0060910,0
ISIC_0060911,0
ISIC_0060914,0
ISIC_0060915,0
ISIC_0060916,0
ISIC_0060919,0
ISIC_0060922,0
ISIC_0060923,0
ISIC_0060924,0
ISIC_0060925,0
ISIC_0060931,0
ISIC_0060933,0
ISIC_0060934,0
ISIC_0060935,0
ISIC_0060936,0
ISIC_0060937,0
ISIC_0060938,0
ISIC_0060939,0
ISIC_0060943,0
ISIC_0060944,0
ISIC_0060946,0
ISIC_0060947,0
ISIC_0060949,0
ISIC_0060950,0
ISIC_0060951,0
ISIC_0060954,0
ISIC_0060955,0
ISIC_0060956,0
ISIC_0060958,0
ISIC_0060960,0
ISIC_0060964,0
ISIC_0060965,0
ISIC_0060967,0
ISIC_0060968,0
ISIC_0060969,0
ISIC_0060970,0
ISIC_0060971,0
ISIC_0060972,0
ISIC_0060973,0
ISIC_0060974,0
ISIC_0060978,0
ISIC_0060979,0
ISIC_0060981,0
ISIC_0060983,0
ISIC_0060984,0
ISIC_0060987,0
ISIC_0060989,0
ISIC_0060994,0
ISIC_0060995,0
ISIC_0060999,0
ISIC_0061001,0
ISIC_0061002,0
ISIC_0061003,0
ISIC_0061004,0
ISIC_0061005,0
ISIC_0061006,0
ISIC_0061007,0
ISIC_0061008,0
ISIC_0061011,0
ISIC_0061014,0
ISIC_0061016,0
ISIC_0061017,0
ISIC_0061020,0
ISIC_0061021,0
ISIC_0061022,0
ISIC_0061025,0
ISIC_0061026,0
ISIC_0061027,0
ISIC_0061029,0
ISIC_0061031,0
ISIC_0061032,0
ISIC_0061034,0
ISIC_0061035,0
ISIC_0061037,0
ISIC_0061039,0
ISIC_0061041,0
ISIC_0061043,0
ISIC_0061044,0
ISIC_0061045,0
ISIC_0061047,0
ISIC_0061049,0
ISIC_0061051,0
ISIC_0061052,0
ISIC_0061054,0
ISIC_0061055,0
ISIC_0061056,0
ISIC_0061059,0
ISIC_0061060,0
ISIC_0061061,0
ISIC_0061062,0
ISIC_0061063,0
ISIC_0061066,0
ISIC_0061067,0
ISIC_0061068,0
ISIC_0061069,0
ISIC_0061070,0
ISIC_0061072,0
ISIC_0061074,0
ISIC_0061075,0
ISIC_0061076,0
ISIC_0061077,0
ISIC_0061078,0
ISIC_0061079,0
ISIC_0061081,0
ISIC_0061082,0
ISIC_0061085,0
ISIC_0061087,0
ISIC_0061089,0
ISIC_0061095,0
ISIC_0061096,0
ISIC_0061097,0
ISIC_0061100,0
ISIC_0061101,0
ISIC_0061102,0
ISIC_0061104,0
ISIC_0061105,0
ISIC_0061107,0
ISIC_0061108,0
ISIC_0061109,0
ISIC_0061111,0
ISIC_0061112,0
ISIC_0061119,0
ISIC_0061124,0
ISIC_0061131,0
ISIC_0061133,0
ISIC_0061135,0
ISIC_0061137,0
ISIC_0061141,0
ISIC_0061142,0
ISIC_0061143,0
ISIC_0061148,0
ISIC_0061152,0
ISIC_0061154,0
ISIC_0061155,0
ISIC_0061157,0
ISIC_0061158,0
ISIC_0061159,0
ISIC_0061166,0
ISIC_0061167,0
ISIC_0061170,0
ISIC_0061171,0
ISIC_0061173,0
ISIC_0061174,0
ISIC_0061175,0
ISIC_0061177,0
ISIC_0061178,0
ISIC_0061179,0
ISIC_0061182,0
ISIC_0061183,0
ISIC_0061185,0
ISIC_0061186,0
ISIC_0061187,0
ISIC_0061188,0
ISIC_0061189,0
ISIC_0061191,0
ISIC_0061193,0
ISIC_0061194,0
ISIC_0061195,0
ISIC_0061197,0
ISIC_0061199,0
ISIC_0061200,0
ISIC_0061202,0
ISIC_0061203,0
ISIC_0061206,0
ISIC_0061207,0
ISIC_0061210,0
ISIC_0061212,0
ISIC_0061213,0
ISIC_0061214,0
ISIC_0061219,0
ISIC_0061221,0
ISIC_0061224,0
ISIC_0061225,0
ISIC_0061226,0
ISIC_0061228,0
ISIC_0061230,0
ISIC_0061231,0
ISIC_0061234,0
ISIC_0061236,0
ISIC_0061238,0
ISIC_0061239,0
ISIC_0061240,0
ISIC_0061242,0
ISIC_0061244,0
ISIC_0061247,0
ISIC_0061248,0
ISIC_0061249,0
ISIC_0061250,0
ISIC_0061251,0
ISIC_0061252,0
ISIC_0061254,0
ISIC_0061255,0
ISIC_0061257,0
ISIC_0061259,0
ISIC_0061261,0
ISIC_0061263,0
ISIC_0061269,0
ISIC_0061270,0
ISIC_0061273,0
ISIC_0061279,0
ISIC_0061281,0
ISIC_0061284,0
ISIC_0061285,0
ISIC_0061286,0
ISIC_0061287,0
ISIC_0061289,0
ISIC_0061290,0
ISIC_0061291,0
ISIC_0061296,0
ISIC_0061297,0
ISIC_0061298,0
ISIC_0061300,0
ISIC_0061301,0
ISIC_0061302,0
ISIC_0061303,0
ISIC_0061305,0
ISIC_0061315,0
ISIC_0061317,0
ISIC_0061320,0
ISIC_0061321,0
ISIC_0061323,0
ISIC_0061324,0
ISIC_0061326,0
ISIC_0061327,0
ISIC_0061328,0
ISIC_0061330,0
ISIC_0061331,0
ISIC_0061332,0
ISIC_0061333,0
ISIC_0061334,0
ISIC_0061335,0
ISIC_0061336,0
ISIC_0061338,0
ISIC_0061341,0
ISIC_0061343,0
ISIC_0061344,0
ISIC_0061345,0
ISIC_0061346,0
ISIC_0061348,0
ISIC_0061349,0
ISIC_0061350,0
ISIC_0061354,0
ISIC_0061355,0
ISIC_0061359,0
ISIC_0061361,0
ISIC_0061362,0
ISIC_0061363,0
ISIC_0061366,0
ISIC_0061367,0
ISIC_0061369,0
ISIC_0061370,0
ISIC_0061371,0
ISIC_0061372,0
ISIC_0061374,0
ISIC_0061375,0
ISIC_0061376,0
ISIC_0061377,0
ISIC_0061380,0
ISIC_0061382,0
ISIC_0061383,0
ISIC_0061385,0
ISIC_0061387,0
ISIC_0061388,0
ISIC_0061390,0
ISIC_0061391,0
ISIC_0061393,0
ISIC_0061394,0
ISIC_0061395,0
ISIC_0061397,0
ISIC_0061398,0
ISIC_0061400,0
ISIC_0061401,0
ISIC_0061405,0
ISIC_0061407,0
ISIC_0061409,0
ISIC_0061410,0
ISIC_0061411,0
ISIC_0061413,0
ISIC_0061414,0
ISIC_0061416,0
ISIC_0061418,0
ISIC_0061419,0
ISIC_0061421,0
ISIC_0061422,0
ISIC_0061424,0
ISIC_0061430,0
ISIC_0061431,0
ISIC_0061432,0
ISIC_0061433,0
ISIC_0061434,0
ISIC_0061436,0
ISIC_0061439,0
ISIC_0061441,0
ISIC_0061442,0
ISIC_0061445,0
ISIC_0061446,0
ISIC_0061447,0
ISIC_0061448,0
ISIC_0061450,0
ISIC_0061452,0
ISIC_0061454,0
ISIC_0061457,0
ISIC_0061462,0
ISIC_0061463,0
ISIC_0061464,0
ISIC_0061466,0
ISIC_0061469,0
ISIC_0061470,0
ISIC_0061472,0
ISIC_0061474,0
ISIC_0061475,0
ISIC_0061478,0
ISIC_0061479,0
ISIC_0061481,0
ISIC_0061483,0
ISIC_0061484,0
ISIC_0061485,0
ISIC_0061488,0
ISIC_0061491,0
ISIC_0061493,0
ISIC_0061494,0
ISIC_0061496,0
ISIC_0061499,0
ISIC_0061501,0
ISIC_0061502,0
ISIC_0061504,0
ISIC_0061505,0
ISIC_0061506,0
ISIC_0061508,0
ISIC_0061511,0
ISIC_0061512,0
ISIC_0061515,0
ISIC_0061516,0
ISIC_0061518,0
ISIC_0061520,0
ISIC_0061521,0
ISIC_0061524,0
ISIC_0061525,0
ISIC_0061526,0
ISIC_0061529,0
ISIC_0061532,0
ISIC_0061533,0
ISIC_0061535,0
ISIC_0061538,0
ISIC_0061541,0
ISIC_0061543,0
ISIC_0061545,0
ISIC_0061547,0
ISIC_0061549,0
ISIC_0061551,0
ISIC_0061553,0
ISIC_0061554,0
ISIC_0061555,0
ISIC_0061556,0
ISIC_0061558,0
ISIC_0061559,0
ISIC_0061560,0
ISIC_0061564,0
ISIC_0061565,0
ISIC_0061566,0
ISIC_0061568,0
ISIC_0061571,0
ISIC_0061573,0
ISIC_0061574,0
ISIC_0061575,0
ISIC_0061578,0
ISIC_0061579,0
ISIC_0061580,0
ISIC_0061581,0
ISIC_0061583,0
ISIC_0061585,0
ISIC_0061587,0
ISIC_0061588,0
ISIC_0061592,0
ISIC_0061593,0
ISIC_0061595,0
ISIC_0061596,0
ISIC_0061598,0
ISIC_0061599,0
ISIC_0061600,0
ISIC_0061601,0
ISIC_0061603,0
ISIC_0061607,0
ISIC_0061608,0
ISIC_0061613,0
ISIC_0061615,0
ISIC_0061617,0
ISIC_0061618,0
ISIC_0061619,0
ISIC_0061620,0
ISIC_0061621,0
ISIC_0061623,0
ISIC_0061624,0
ISIC_0061625,0
ISIC_0061628,0
ISIC_0061629,0
ISIC_0061630,0
ISIC_0061632,0
ISIC_0061633,0
ISIC_0061637,0
ISIC_0061639,0
ISIC_0061641,0
ISIC_0061642,0
ISIC_0061644,0
ISIC_0061646,0
ISIC_0061648,0
ISIC_0061650,0
ISIC_0061651,0
ISIC_0061652,0
ISIC_0061655,0
ISIC_0061656,0
ISIC_0061657,0
ISIC_0061658,0
ISIC_0061660,0
ISIC_0061661,0
ISIC_0061663,0
ISIC_0061664,0
ISIC_0061666,0
ISIC_0061667,0
ISIC_0061668,0
ISIC_0061670,0
ISIC_0061671,0
ISIC_0061673,0
ISIC_0061675,0
ISIC_0061680,0
ISIC_0061681,0
ISIC_0061684,0
ISIC_0061685,0
ISIC_0061687,0
ISIC_0061690,0
ISIC_0061691,0
ISIC_0061697,0
ISIC_0061699,0
ISIC_0061701,0
ISIC_0061702,0
ISIC_0061705,0
ISIC_0061706,0
ISIC_0061708,0
ISIC_0061710,0
ISIC_0061713,0
ISIC_0061715,0
ISIC_0061717,0
ISIC_0061719,0
ISIC_0061721,0
ISIC_0061723,0
ISIC_0061726,0
ISIC_0061728,0
ISIC_0061730,0
ISIC_0061732,0
ISIC_0061735,0
ISIC_0061736,0
ISIC_0061737,0
ISIC_0061738,0
ISIC_0061739,0
ISIC_0061741,0
ISIC_0061742,0
ISIC_0061744,0
ISIC_0061746,0
ISIC_0061747,0
ISIC_0061748,0
ISIC_0061749,0
ISIC_0061752,0
ISIC_0061756,0
ISIC_0061757,0
ISIC_0061758,0
ISIC_0061759,0
ISIC_0061761,0
ISIC_0061764,0
ISIC_0061765,0
ISIC_0061766,0
ISIC_0061769,0
ISIC_0061770,0
ISIC_0061773,0
ISIC_0061774,0
ISIC_0061775,0
ISIC_0061776,0
ISIC_0061779,0
ISIC_0061782,0
ISIC_0061783,0
ISIC_0061784,0
ISIC_0061786,0
ISIC_0061787,0
ISIC_0061790,0
ISIC_0061792,0
ISIC_0061793,0
ISIC_0061794,0
ISIC_0061795,0
ISIC_0061796,0
ISIC_0061797,0
ISIC_0061798,0
ISIC_0061799,0
ISIC_0061800,0
ISIC_0061802,0
ISIC_0061804,0
ISIC_0061808,0
ISIC_0061812,0
ISIC_0061816,0
ISIC_0061817,0
ISIC_0061818,0
ISIC_0061819,0
ISIC_0061820,0
ISIC_0061821,0
ISIC_0061822,0
ISIC_0061829,0
ISIC_0061831,0
ISIC_0061832,0
ISIC_0061833,0
ISIC_0061836,0
ISIC_0061837,0
ISIC_0061838,0
ISIC_0061840,0
ISIC_0061842,0
ISIC_0061844,0
ISIC_0061845,0
ISIC_0061846,0
ISIC_0061847,0
ISIC_0061848,0
ISIC_0061851,0
ISIC_0061852,0
ISIC_0061859,0
ISIC_0061863,0
ISIC_0061865,0
ISIC_0061867,0
ISIC_0061868,0
ISIC_0061870,0
ISIC_0061871,0
ISIC_0061873,0
ISIC_0061874,0
ISIC_0061877,0
ISIC_0061879,0
ISIC_0061880,0
ISIC_0061884,0
ISIC_0061885,0
ISIC_0061886,0
ISIC_0061887,0
ISIC_0061889,0
ISIC_0061890,0
ISIC_0061891,0
ISIC_0061892,0
ISIC_0061894,0
ISIC_0061895,0
ISIC_0061896,0
ISIC_0061899,0
ISIC_0061900,0
ISIC_0061902,0
ISIC_0061903,0
ISIC_0061906,0
ISIC_0061907,0
ISIC_0061909,0
ISIC_0061911,0
ISIC_0061912,0
ISIC_0061913,0
ISIC_0061915,0
ISIC_0061916,0
ISIC_0061918,0
ISIC_0061919,0
ISIC_0061922,0
ISIC_0061924,0
ISIC_0061925,0
ISIC_0061926,0
ISIC_0061927,0
ISIC_0061928,0
ISIC_0061932,0
ISIC_0061933,0
ISIC_0061934,0
ISIC_0061937,0
ISIC_0061942,0
ISIC_0061944,0
ISIC_0061945,0
ISIC_0061946,0
ISIC_0061947,0
ISIC_0061950,0
ISIC_0061953,0
ISIC_0061954,0
ISIC_0061955,0
ISIC_0061957,0
ISIC_0061959,0
ISIC_0061961,0
ISIC_0061962,0
ISIC_0061964,0
ISIC_0061968,0
ISIC_0061969,0
ISIC_0061971,0
ISIC_0061979,0
ISIC_0061980,0
ISIC_0061981,0
ISIC_0061982,0
ISIC_0061985,0
ISIC_0061986,0
ISIC_0061987,0
ISIC_0061988,0
ISIC_0061989,0
ISIC_0061993,0
ISIC_0061995,0
ISIC_0061996,0
ISIC_0061998,0
ISIC_0061999,0
ISIC_0062000,0
ISIC_0062003,0
ISIC_0062004,0
ISIC_0062005,0
ISIC_0062007,0
ISIC_0062010,0
ISIC_0062012,0
ISIC_0062013,0
ISIC_0062016,0
ISIC_0062017,0
ISIC_0062018,0
ISIC_0062021,0
ISIC_0062027,0
ISIC_0062030,0
ISIC_0062031,0
ISIC_0062032,0
ISIC_0062033,0
ISIC_0062034,0
ISIC_0062039,0
ISIC_0062042,0
ISIC_0062043,0
ISIC_0062044,0
ISIC_0062050,0
ISIC_0062051,0
ISIC_0062057,0
ISIC_0062059,0
ISIC_0062060,0
ISIC_0062063,0
ISIC_0062064,0
ISIC_0062066,0
ISIC_0062067,0
ISIC_0062068,0
ISIC_0062072,0
ISIC_0062076,0
ISIC_0062077,0
ISIC_0062078,0
ISIC_0062079,0
ISIC_0062080,0
ISIC_0062082,0
ISIC_0062084,0
ISIC_0062086,0
ISIC_0062088,0
ISIC_0062090,0
ISIC_0062091,0
ISIC_0062093,0
ISIC_0062094,0
ISIC_0062095,0
ISIC_0062096,0
ISIC_0062097,0
ISIC_0062099,0
ISIC_0062102,0
ISIC_0062103,0
ISIC_0062104,0
ISIC_0062106,0
ISIC_0062107,0
ISIC_0062109,0
ISIC_0062111,0
ISIC_0062112,0
ISIC_0062114,0
ISIC_0062116,0
ISIC_0062117,0
ISIC_0062120,0
ISIC_0062121,0
ISIC_0062122,0
ISIC_0062124,0
ISIC_0062125,0
ISIC_0062127,0
ISIC_0062130,0
ISIC_0062133,0
ISIC_0062138,0
ISIC_0062139,0
ISIC_0062142,0
ISIC_0062144,0
ISIC_0062146,0
ISIC_0062148,0
ISIC_0062149,0
ISIC_0062151,0
ISIC_0062152,0
ISIC_0062154,0
ISIC_0062155,0
ISIC_0062156,0
ISIC_0062157,0
ISIC_0062158,0
ISIC_0062159,0
ISIC_0062160,0
ISIC_0062161,0
ISIC_0062162,0
ISIC_0062163,0
ISIC_0062164,0
ISIC_0062165,0
ISIC_0062167,0
ISIC_0062168,0
ISIC_0062171,0
ISIC_0062174,0
ISIC_0062175,0
ISIC_0062176,0
ISIC_0062178,0
ISIC_0062179,0
ISIC_0062180,0
ISIC_0062182,0
ISIC_0062183,0
ISIC_0062184,0
ISIC_0062187,0
ISIC_0062192,0
ISIC_0062193,0
ISIC_0062195,0
ISIC_0062198,0
ISIC_0062199,0
ISIC_0062200,0
ISIC_0062201,0
ISIC_0062203,0
ISIC_0062205,0
ISIC_0062206,0
ISIC_0062207,0
ISIC_0062208,0
ISIC_0062209,0
ISIC_0062210,0
ISIC_0062211,0
ISIC_0062213,0
ISIC_0062216,0
ISIC_0062217,0
ISIC_0062218,0
ISIC_0062220,0
ISIC_0062226,0
ISIC_0062230,0
ISIC_0062231,0
ISIC_0062232,0
ISIC_0062235,0
ISIC_0062237,0
ISIC_0062238,0
ISIC_0062239,0
ISIC_0062240,0
ISIC_0062241,0
ISIC_0062242,0
ISIC_0062243,0
ISIC_0062245,0
ISIC_0062246,0
ISIC_0062248,0
ISIC_0062249,0
ISIC_0062250,0
ISIC_0062251,0
ISIC_0062252,0
ISIC_0062254,0
ISIC_0062255,0
ISIC_0062256,0
ISIC_0062258,0
ISIC_0062260,0
ISIC_0062261,0
ISIC_0062262,0
ISIC_0062265,0
ISIC_0062266,0
ISIC_0062268,0
ISIC_0062269,0
ISIC_0062271,0
ISIC_0062273,0
ISIC_0062274,0
ISIC_0062275,0
ISIC_0062279,0
ISIC_0062280,0
ISIC_0062281,0
ISIC_0062282,0
ISIC_0062286,0
ISIC_0062287,0
ISIC_0062293,0
ISIC_0062294,0
ISIC_0062295,0
ISIC_0062296,0
ISIC_0062298,0
ISIC_0062300,0
ISIC_0062301,0
ISIC_0062303,0
ISIC_0062304,0
ISIC_0062307,0
ISIC_0062310,0
ISIC_0062311,0
ISIC_0062315,0
ISIC_0062317,0
ISIC_0062318,0
ISIC_0062321,0
ISIC_0062322,0
ISIC_0062323,0
ISIC_0062325,0
ISIC_0062327,0
ISIC_0062330,0
ISIC_0062332,0
ISIC_0062333,0
ISIC_0062336,0
ISIC_0062337,0
ISIC_0062340,0
ISIC_0062342,0
ISIC_0062343,0
ISIC_0062346,0
ISIC_0062348,0
ISIC_0062349,0
ISIC_0062350,0
ISIC_0062351,0
ISIC_0062352,0
ISIC_0062353,0
ISIC_0062354,0
ISIC_0062355,0
ISIC_0062356,0
ISIC_0062357,0
ISIC_0062358,0
ISIC_0062359,0
ISIC_0062360,0
ISIC_0062362,0
ISIC_0062363,0
ISIC_0062366,0
ISIC_0062370,0
ISIC_0062371,0
ISIC_0062374,0
ISIC_0062378,0
ISIC_0062379,0
ISIC_0062381,0
ISIC_0062382,0
ISIC_0062383,0
ISIC_0062387,0
ISIC_0062388,0
ISIC_0062389,0
ISIC_0062391,0
ISIC_0062394,0
ISIC_0062395,0
ISIC_0062399,0
ISIC_0062400,0
ISIC_0062401,0
ISIC_0062402,0
ISIC_0062404,0
ISIC_0062407,0
ISIC_0062409,0
ISIC_0062410,0
ISIC_0062411,0
ISIC_0062418,0
ISIC_0062421,0
ISIC_0062423,0
ISIC_0062424,0
ISIC_0062425,0
ISIC_0062426,0
ISIC_0062430,0
ISIC_0062432,0
ISIC_0062434,0
ISIC_0062435,0
ISIC_0062436,0
ISIC_0062437,0
ISIC_0062438,0
ISIC_0062439,0
ISIC_0062441,0
ISIC_0062444,0
ISIC_0062447,0
ISIC_0062448,0
ISIC_0062449,0
ISIC_0062450,0
ISIC_0062451,0
ISIC_0062453,0
ISIC_0062454,0
ISIC_0062457,0
ISIC_0062458,0
ISIC_0062461,0
ISIC_0062463,0
ISIC_0062465,0
ISIC_0062466,0
ISIC_0062468,0
ISIC_0062470,0
ISIC_0062471,0
ISIC_0062473,0
ISIC_0062474,0
ISIC_0062475,0
ISIC_0062477,0
ISIC_0062478,0
ISIC_0062479,0
ISIC_0062480,0
ISIC_0062481,0
ISIC_0062482,0
ISIC_0062483,0
ISIC_0062484,0
ISIC_0062486,0
ISIC_0062490,0
ISIC_0062493,0
ISIC_0062495,0
ISIC_0062496,0
ISIC_0062497,0
ISIC_0062498,0
ISIC_0062500,0
ISIC_0062501,0
ISIC_0062502,0
ISIC_0062503,0
ISIC_0062504,0
ISIC_0062505,0
ISIC_0062509,0
ISIC_0062511,0
ISIC_0062513,0
ISIC_0062515,0
ISIC_0062516,0
ISIC_0062517,0
ISIC_0062518,0
ISIC_0062519,0
ISIC_0062521,0
ISIC_0062523,0
ISIC_0062524,0
ISIC_0062525,0
ISIC_0062527,0
ISIC_0062528,0
ISIC_0062530,0
ISIC_0062531,0
ISIC_0062532,0
ISIC_0062535,0
ISIC_0062536,0
ISIC_0062537,0
ISIC_0062538,0
ISIC_0062539,0
ISIC_0062540,0
ISIC_0062543,0
ISIC_0062544,0
ISIC_0062546,0
ISIC_0062547,0
ISIC_0062551,0
ISIC_0062554,0
ISIC_0062555,0
ISIC_0062557,0
ISIC_0062558,0
ISIC_0062559,0
ISIC_0062560,0
ISIC_0062561,0
ISIC_0062562,0
ISIC_0062563,0
ISIC_0062568,0
ISIC_0062569,0
ISIC_0062577,0
ISIC_0062579,0
ISIC_0062581,0
ISIC_0062585,0
ISIC_0062586,0
ISIC_0062588,0
ISIC_0062589,0
ISIC_0062591,0
ISIC_0062596,0
ISIC_0062598,0
ISIC_0062602,0
ISIC_0062605,0
ISIC_0062606,0
ISIC_0062611,0
ISIC_0062612,0
ISIC_0062615,0
ISIC_0062616,0
ISIC_0062620,0
ISIC_0062622,0
ISIC_0062626,0
ISIC_0062628,0
ISIC_0062629,0
ISIC_0062630,0
ISIC_0062631,0
ISIC_0062632,0
ISIC_0062633,0
ISIC_0062634,0
ISIC_0062636,0
ISIC_0062637,0
ISIC_0062639,0
ISIC_0062641,0
ISIC_0062642,0
ISIC_0062645,0
ISIC_0062646,0
ISIC_0062647,0
ISIC_0062649,0
ISIC_0062650,0
ISIC_0062651,0
ISIC_0062654,0
ISIC_0062656,0
ISIC_0062657,0
ISIC_0062659,0
ISIC_0062660,0
ISIC_0062662,0
ISIC_0062664,0
ISIC_0062666,0
ISIC_0062671,0
ISIC_0062674,0
ISIC_0062676,0
ISIC_0062679,0
ISIC_0062681,0
ISIC_0062684,0
ISIC_0062685,0
ISIC_0062687,0
ISIC_0062688,0
ISIC_0062689,0
ISIC_0062690,0
ISIC_0062695,0
ISIC_0062697,0
ISIC_0062698,0
ISIC_0062700,0
ISIC_0062701,0
ISIC_0062702,0
ISIC_0062703,0
ISIC_0062704,0
ISIC_0062705,0
ISIC_0062706,0
ISIC_0062708,0
ISIC_0062709,0
ISIC_0062710,0
ISIC_0062711,0
ISIC_0062712,0
ISIC_0062715,0
ISIC_0062716,0
ISIC_0062717,0
ISIC_0062718,0
ISIC_0062721,0
ISIC_0062722,0
ISIC_0062723,0
ISIC_0062724,0
ISIC_0062726,0
ISIC_0062727,0
ISIC_0062728,0
ISIC_0062729,0
ISIC_0062730,0
ISIC_0062731,0
ISIC_0062733,0
ISIC_0062734,0
ISIC_0062735,0
ISIC_0062736,0
ISIC_0062738,0
ISIC_0062741,0
ISIC_0062742,0
ISIC_0062744,0
ISIC_0062745,0
ISIC_0062747,0
ISIC_0062748,0
ISIC_0062750,0
ISIC_0062752,0
ISIC_0062753,0
ISIC_0062754,0
ISIC_0062758,0
ISIC_0062760,0
ISIC_0062762,0
ISIC_0062764,0
ISIC_0062765,0
ISIC_0062768,0
ISIC_0062770,0
ISIC_0062773,0
ISIC_0062779,0
ISIC_0062780,0
ISIC_0062782,0
ISIC_0062784,0
ISIC_0062787,0
ISIC_0062789,0
ISIC_0062790,0
ISIC_0062792,0
ISIC_0062795,0
ISIC_0062803,0
ISIC_0062804,0
ISIC_0062806,0
ISIC_0062807,0
ISIC_0062809,0
ISIC_0062812,0
ISIC_0062814,0
ISIC_0062815,0
ISIC_0062816,0
ISIC_0062817,0
ISIC_0062818,0
ISIC_0062819,0
ISIC_0062821,0
ISIC_0062822,0
ISIC_0062824,0
ISIC_0062825,0
ISIC_0062827,0
ISIC_0062828,0
ISIC_0062830,0
ISIC_0062832,0
ISIC_0062834,0
ISIC_0062837,0
ISIC_0062841,0
ISIC_0062844,0
ISIC_0062845,0
ISIC_0062847,0
ISIC_0062851,0
ISIC_0062861,0
ISIC_0062867,0
ISIC_0062869,0
ISIC_0062870,0
ISIC_0062872,0
ISIC_0062873,0
ISIC_0062875,0
ISIC_0062877,0
ISIC_0062879,0
ISIC_0062884,0
ISIC_0062885,0
ISIC_0062888,0
ISIC_0062891,0
ISIC_0062893,0
ISIC_0062895,0
ISIC_0062899,0
ISIC_0062903,0
ISIC_0062904,0
ISIC_0062905,0
ISIC_0062906,0
ISIC_0062911,0
ISIC_0062912,0
ISIC_0062913,0
ISIC_0062915,0
ISIC_0062922,0
ISIC_0062924,0
ISIC_0062925,0
ISIC_0062926,0
ISIC_0062927,0
ISIC_0062928,0
ISIC_0062929,0
ISIC_0062933,0
ISIC_0062935,0
ISIC_0062936,0
ISIC_0062937,0
ISIC_0062938,0
ISIC_0062940,0
ISIC_0062941,0
ISIC_0062943,0
ISIC_0062944,0
ISIC_0062945,0
ISIC_0062946,0
ISIC_0062948,0
ISIC_0062950,0
ISIC_0062952,0
ISIC_0062954,0
ISIC_0062955,0
ISIC_0062956,0
ISIC_0062957,0
ISIC_0062959,0
ISIC_0062960,0
ISIC_0062961,0
ISIC_0062962,0
ISIC_0062963,0
ISIC_0062964,0
ISIC_0062966,0
ISIC_0062970,0
ISIC_0062971,0
ISIC_0062973,0
ISIC_0062978,0
ISIC_0062979,0
ISIC_0062983,0
ISIC_0062984,0
ISIC_0062985,0
ISIC_0062986,0
ISIC_0062989,0
ISIC_0062991,0
ISIC_0062992,0
ISIC_0062993,0
ISIC_0062994,0
ISIC_0062998,0
ISIC_0062999,0
ISIC_0063000,0
ISIC_0063003,0
ISIC_0063004,0
ISIC_0063005,0
ISIC_0063007,0
ISIC_0063018,0
ISIC_0063019,0
ISIC_0063025,0
ISIC_0063026,0
ISIC_0063027,0
ISIC_0063031,0
ISIC_0063032,0
ISIC_0063033,0
ISIC_0063035,0
ISIC_0063036,0
ISIC_0063038,0
ISIC_0063039,0
ISIC_0063040,0
ISIC_0063041,0
ISIC_0063045,0
ISIC_0063046,0
ISIC_0063047,0
ISIC_0063048,0
ISIC_0063051,0
ISIC_0063052,0
ISIC_0063053,0
ISIC_0063056,0
ISIC_0063057,0
ISIC_0063058,0
ISIC_0063060,0
ISIC_0063063,0
ISIC_0063066,0
ISIC_0063068,0
ISIC_0063069,0
ISIC_0063070,0
ISIC_0063072,0
ISIC_0063074,0
ISIC_0063075,0
ISIC_0063076,0
ISIC_0063077,0
ISIC_0063079,0
ISIC_0063081,0
ISIC_0063082,0
ISIC_0063083,0
ISIC_0063084,0
ISIC_0063085,0
ISIC_0063087,0
ISIC_0063088,0
ISIC_0063090,0
ISIC_0063091,0
ISIC_0063092,0
ISIC_0063099,0
ISIC_0063101,0
ISIC_0063102,0
ISIC_0063103,0
ISIC_0063109,0
ISIC_0063113,0
ISIC_0063114,0
ISIC_0063115,0
ISIC_0063121,0
ISIC_0063124,0
ISIC_0063125,0
ISIC_0063128,0
ISIC_0063129,0
ISIC_0063130,0
ISIC_0063131,0
ISIC_0063132,0
ISIC_0063134,0
ISIC_0063136,0
ISIC_0063143,0
ISIC_0063144,0
ISIC_0063146,0
ISIC_0063148,0
ISIC_0063149,0
ISIC_0063150,0
ISIC_0063151,0
ISIC_0063155,0
ISIC_0063156,0
ISIC_0063159,0
ISIC_0063163,0
ISIC_0063166,0
ISIC_0063168,0
ISIC_0063169,0
ISIC_0063170,0
ISIC_0063172,0
ISIC_0063173,0
ISIC_0063174,0
ISIC_0063175,0
ISIC_0063180,0
ISIC_0063181,0
ISIC_0063182,0
ISIC_0063187,0
ISIC_0063190,0
ISIC_0063191,0
ISIC_0063192,0
ISIC_0063196,0
ISIC_0063197,0
ISIC_0063198,0
ISIC_0063199,0
ISIC_0063200,0
ISIC_0063202,0
ISIC_0063204,0
ISIC_0063205,0
ISIC_0063206,0
ISIC_0063207,0
ISIC_0063209,0
ISIC_0063211,0
ISIC_0063213,0
ISIC_0063214,0
ISIC_0063216,0
ISIC_0063219,0
ISIC_0063221,0
ISIC_0063222,0
ISIC_0063224,0
ISIC_0063225,0
ISIC_0063227,0
ISIC_0063228,0
ISIC_0063230,0
ISIC_0063231,0
ISIC_0063232,0
ISIC_0063233,0
ISIC_0063234,0
ISIC_0063236,0
ISIC_0063240,0
ISIC_0063241,0
ISIC_0063244,0
ISIC_0063250,0
ISIC_0063252,0
ISIC_0063254,0
ISIC_0063255,0
ISIC_0063257,0
ISIC_0063258,0
ISIC_0063262,0
ISIC_0063264,0
ISIC_0063265,0
ISIC_0063266,0
ISIC_0063268,0
ISIC_0063269,0
ISIC_0063271,0
ISIC_0063272,0
ISIC_0063275,0
ISIC_0063276,0
ISIC_0063280,0
ISIC_0063281,0
ISIC_0063282,0
ISIC_0063283,0
ISIC_0063286,0
ISIC_0063288,0
ISIC_0063290,0
ISIC_0063292,0
ISIC_0063293,0
ISIC_0063294,0
ISIC_0063298,0
ISIC_0063299,0
ISIC_0063300,0
ISIC_0063301,0
ISIC_0063302,0
ISIC_0063303,0
ISIC_0063305,0
ISIC_0063308,0
ISIC_0063310,0
ISIC_0063311,0
ISIC_0063313,0
ISIC_0063316,0
ISIC_0063318,0
ISIC_0063320,0
ISIC_0063321,0
ISIC_0063326,0
ISIC_0063330,0
ISIC_0063331,0
ISIC_0063333,0
ISIC_0063334,0
ISIC_0063335,0
ISIC_0063336,0
ISIC_0063337,0
ISIC_0063338,0
ISIC_0063342,0
ISIC_0063345,0
ISIC_0063346,0
ISIC_0063349,0
ISIC_0063355,0
ISIC_0063359,0
ISIC_0063360,0
ISIC_0063361,0
ISIC_0063362,0
ISIC_0063365,0
ISIC_0063368,0
ISIC_0063369,0
ISIC_0063371,0
ISIC_0063373,0
ISIC_0063375,0
ISIC_0063377,0
ISIC_0063378,0
ISIC_0063382,0
ISIC_0063386,0
ISIC_0063388,0
ISIC_0063389,0
ISIC_0063390,0
ISIC_0063392,0
ISIC_0063393,0
ISIC_0063394,0
ISIC_0063395,0
ISIC_0063399,0
ISIC_0063400,0
ISIC_0063401,0
ISIC_0063406,0
ISIC_0063408,0
ISIC_0063410,0
ISIC_0063413,0
ISIC_0063414,0
ISIC_0063416,0
ISIC_0063417,0
ISIC_0063419,0
ISIC_0063422,0
ISIC_0063425,0
ISIC_0063427,0
ISIC_0063430,0
ISIC_0063435,0
ISIC_0063437,0
ISIC_0063442,0
ISIC_0063443,0
ISIC_0063444,0
ISIC_0063445,0
ISIC_0063447,0
ISIC_0063450,0
ISIC_0063451,0
ISIC_0063452,0
ISIC_0063453,0
ISIC_0063456,0
ISIC_0063460,0
ISIC_0063462,0
ISIC_0063464,0
ISIC_0063465,0
ISIC_0063467,0
ISIC_0063469,0
ISIC_0063470,0
ISIC_0063471,0
ISIC_0063473,0
ISIC_0063474,0
ISIC_0063475,0
ISIC_0063476,0
ISIC_0063477,0
ISIC_0063479,0
ISIC_0063480,0
ISIC_0063481,0
ISIC_0063483,0
ISIC_0063484,0
ISIC_0063485,0
ISIC_0063486,0
ISIC_0063490,0
ISIC_0063491,0
ISIC_0063493,0
ISIC_0063495,0
ISIC_0063496,0
ISIC_0063497,0
ISIC_0063499,0
ISIC_0063500,0
ISIC_0063503,0
ISIC_0063504,0
ISIC_0063505,0
ISIC_0063512,0
ISIC_0063513,0
ISIC_0063514,0
ISIC_0063515,0
ISIC_0063516,0
ISIC_0063518,0
ISIC_0063519,0
ISIC_0063521,0
ISIC_0063524,0
ISIC_0063525,0
ISIC_0063526,0
ISIC_0063527,0
ISIC_0063528,0
ISIC_0063529,0
ISIC_0063532,0
ISIC_0063533,0
ISIC_0063534,0
ISIC_0063537,0
ISIC_0063541,0
ISIC_0063542,0
ISIC_0063544,0
ISIC_0063545,0
ISIC_0063546,0
ISIC_0063549,0
ISIC_0063551,0
ISIC_0063557,0
ISIC_0063559,0
ISIC_0063560,0
ISIC_0063561,0
ISIC_0063562,0
ISIC_0063563,0
ISIC_0063564,0
ISIC_0063565,0
ISIC_0063566,0
ISIC_0063569,0
ISIC_0063570,0
ISIC_0063572,0
ISIC_0063575,0
ISIC_0063577,0
ISIC_0063578,0
ISIC_0063581,0
ISIC_0063582,0
ISIC_0063583,0
ISIC_0063586,0
ISIC_0063587,0
ISIC_0063588,0
ISIC_0063589,0
ISIC_0063593,0
ISIC_0063594,0
ISIC_0063596,0
ISIC_0063599,0
ISIC_0063601,0
ISIC_0063602,0
ISIC_0063603,0
ISIC_0063608,0
ISIC_0063610,0
ISIC_0063614,0
ISIC_0063617,0
ISIC_0063618,0
ISIC_0063619,0
ISIC_0063620,0
ISIC_0063621,0
ISIC_0063622,0
ISIC_0063623,0
ISIC_0063625,0
ISIC_0063626,0
ISIC_0063628,0
ISIC_0063631,0
ISIC_0063633,0
ISIC_0063634,0
ISIC_0063636,0
ISIC_0063640,0
ISIC_0063641,0
ISIC_0063642,0
ISIC_0063646,0
ISIC_0063649,0
ISIC_0063650,0
ISIC_0063651,0
ISIC_0063654,0
ISIC_0063655,0
ISIC_0063656,0
ISIC_0063660,0
ISIC_0063661,0
ISIC_0063663,0
ISIC_0063664,0
ISIC_0063667,0
ISIC_0063668,0
ISIC_0063669,0
ISIC_0063670,0
ISIC_0063671,0
ISIC_0063672,0
ISIC_0063674,0
ISIC_0063675,0
ISIC_0063676,0
ISIC_0063679,0
ISIC_0063680,0
ISIC_0063681,0
ISIC_0063682,0
ISIC_0063683,0
ISIC_0063687,0
ISIC_0063690,0
ISIC_0063691,0
ISIC_0063692,0
ISIC_0063693,0
ISIC_0063694,0
ISIC_0063695,0
ISIC_0063698,0
ISIC_0063700,0
ISIC_0063702,0
ISIC_0063704,0
ISIC_0063711,0
ISIC_0063714,0
ISIC_0063715,0
ISIC_0063719,0
ISIC_0063720,0
ISIC_0063722,0
ISIC_0063723,0
ISIC_0063724,0
ISIC_0063726,0
ISIC_0063727,0
ISIC_0063728,0
ISIC_0063730,0
ISIC_0063731,0
ISIC_0063732,0
ISIC_0063733,0
ISIC_0063734,0
ISIC_0063736,0
ISIC_0063742,0
ISIC_0063744,0
ISIC_0063745,0
ISIC_0063746,0
ISIC_0063747,0
ISIC_0063748,0
ISIC_0063749,0
ISIC_0063750,0
ISIC_0063754,0
ISIC_0063757,0
ISIC_0063759,0
ISIC_0063763,0
ISIC_0063765,0
ISIC_0063769,0
ISIC_0063775,0
ISIC_0063778,0
ISIC_0063779,0
ISIC_0063782,0
ISIC_0063783,0
ISIC_0063784,0
ISIC_0063787,0
ISIC_0063788,0
ISIC_0063789,0
ISIC_0063791,0
ISIC_0063793,0
ISIC_0063794,0
ISIC_0063795,0
ISIC_0063798,0
ISIC_0063799,0
ISIC_0063802,0
ISIC_0063804,0
ISIC_0063808,0
ISIC_0063809,0
ISIC_0063811,0
ISIC_0063814,0
ISIC_0063816,0
ISIC_0063817,0
ISIC_0063822,0
ISIC_0063823,0
ISIC_0063824,0
ISIC_0063827,0
ISIC_0063829,0
ISIC_0063830,0
ISIC_0063831,0
ISIC_0063832,0
ISIC_0063834,0
ISIC_0063838,0
ISIC_0063839,0
ISIC_0063842,0
ISIC_0063844,0
ISIC_0063845,0
ISIC_0063846,0
ISIC_0063848,0
ISIC_0063849,0
ISIC_0063850,0
ISIC_0063852,0
ISIC_0063853,0
ISIC_0063854,0
ISIC_0063855,0
ISIC_0063856,0
ISIC_0063857,0
ISIC_0063858,0
ISIC_0063859,0
ISIC_0063860,0
ISIC_0063861,0
ISIC_0063863,0
ISIC_0063865,0
ISIC_0063867,0
ISIC_0063868,0
ISIC_0063869,0
ISIC_0063870,0
ISIC_0063871,0
ISIC_0063872,0
ISIC_0063873,0
ISIC_0063875,0
ISIC_0063876,0
ISIC_0063878,0
ISIC_0063879,0
ISIC_0063881,0
ISIC_0063882,0
ISIC_0063883,0
ISIC_0063884,0
ISIC_0063885,0
ISIC_0063887,0
ISIC_0063889,0
ISIC_0063890,0
ISIC_0063892,0
ISIC_0063894,0
ISIC_0063895,0
ISIC_0063896,0
ISIC_0063897,0
ISIC_0063898,0
ISIC_0063900,0
ISIC_0063901,0
ISIC_0063902,0
ISIC_0063903,0
ISIC_0063905,0
ISIC_0063906,0
ISIC_0063908,0
ISIC_0063912,0
ISIC_0063914,0
ISIC_0063915,0
ISIC_0063921,0
ISIC_0063925,0
ISIC_0063926,0
ISIC_0063931,0
ISIC_0063933,0
ISIC_0063934,0
ISIC_0063935,0
ISIC_0063937,0
ISIC_0063940,0
ISIC_0063942,0
ISIC_0063943,0
ISIC_0063944,0
ISIC_0063945,0
ISIC_0063946,0
ISIC_0063947,0
ISIC_0063949,0
ISIC_0063950,0
ISIC_0063951,0
ISIC_0063956,0
ISIC_0063957,0
ISIC_0063958,0
ISIC_0063960,0
ISIC_0063962,0
ISIC_0063963,0
ISIC_0063964,0
ISIC_0063965,0
ISIC_0063966,0
ISIC_0063967,0
ISIC_0063970,0
ISIC_0063973,0
ISIC_0063975,0
ISIC_0063979,0
ISIC_0063980,0
ISIC_0063981,0
ISIC_0063982,0
ISIC_0063988,0
ISIC_0063990,0
ISIC_0063993,0
ISIC_0063994,0
ISIC_0063997,0
ISIC_0063999,0
ISIC_0064003,0
ISIC_0064005,0
ISIC_0064006,0
ISIC_0064008,0
ISIC_0064009,0
ISIC_0064013,0
ISIC_0064014,0
ISIC_0064016,0
ISIC_0064018,0
ISIC_0064019,0
ISIC_0064020,0
ISIC_0064021,0
ISIC_0064022,0
ISIC_0064023,0
ISIC_0064028,0
ISIC_0064029,0
ISIC_0064030,0
ISIC_0064031,0
ISIC_0064033,0
ISIC_0064034,0
ISIC_0064038,0
ISIC_0064044,0
ISIC_0064047,0
ISIC_0064048,0
ISIC_0064052,0
ISIC_0064053,0
ISIC_0064054,0
ISIC_0064055,0
ISIC_0064056,0
ISIC_0064057,0
ISIC_0064058,0
ISIC_0064060,0
ISIC_0064062,0
ISIC_0064064,0
ISIC_0064067,0
ISIC_0064071,0
ISIC_0064072,0
ISIC_0064073,0
ISIC_0064077,0
ISIC_0064079,0
ISIC_0064080,0
ISIC_0064082,0
ISIC_0064083,0
ISIC_0064084,0
ISIC_0064090,0
ISIC_0064091,0
ISIC_0064095,0
ISIC_0064096,0
ISIC_0064097,0
ISIC_0064098,0
ISIC_0064100,0
ISIC_0064101,0
ISIC_0064102,0
ISIC_0064103,0
ISIC_0064106,0
ISIC_0064108,0
ISIC_0064110,0
ISIC_0064112,0
ISIC_0064114,0
ISIC_0064115,0
ISIC_0064116,0
ISIC_0064120,0
ISIC_0064122,0
ISIC_0064124,0
ISIC_0064128,0
ISIC_0064129,0
ISIC_0064130,0
ISIC_0064132,0
ISIC_0064134,0
ISIC_0064136,0
ISIC_0064137,0
ISIC_0064139,0
ISIC_0064141,0
ISIC_0064142,0
ISIC_0064150,0
ISIC_0064151,0
ISIC_0064152,0
ISIC_0064153,0
ISIC_0064156,0
ISIC_0064157,0
ISIC_0064160,0
ISIC_0064162,0
ISIC_0064163,0
ISIC_0064165,0
ISIC_0064167,0
ISIC_0064169,0
ISIC_0064174,0
ISIC_0064178,0
ISIC_0064180,0
ISIC_0064181,0
ISIC_0064183,0
ISIC_0064186,0
ISIC_0064187,0
ISIC_0064188,0
ISIC_0064189,0
ISIC_0064191,0
ISIC_0064195,0
ISIC_0064196,0
ISIC_0064197,0
ISIC_0064198,0
ISIC_0064200,0
ISIC_0064201,0
ISIC_0064202,0
ISIC_0064203,0
ISIC_0064204,0
ISIC_0064205,0
ISIC_0064209,0
ISIC_0064210,0
ISIC_0064211,0
ISIC_0064212,0
ISIC_0064214,0
ISIC_0064217,0
ISIC_0064218,0
ISIC_0064219,0
ISIC_0064220,0
ISIC_0064222,0
ISIC_0064223,0
ISIC_0064224,0
ISIC_0064226,0
ISIC_0064229,0
ISIC_0064231,0
ISIC_0064232,0
ISIC_0064233,0
ISIC_0064235,0
ISIC_0064236,0
ISIC_0064237,0
ISIC_0064238,0
ISIC_0064239,0
ISIC_0064240,0
ISIC_0064242,0
ISIC_0064243,0
ISIC_0064244,0
ISIC_0064245,0
ISIC_0064246,0
ISIC_0064247,0
ISIC_0064248,0
ISIC_0064250,0
ISIC_0064259,0
ISIC_0064261,0
ISIC_0064262,0
ISIC_0064263,0
ISIC_0064266,0
ISIC_0064268,0
ISIC_0064269,0
ISIC_0064270,0
ISIC_0064271,0
ISIC_0064272,0
ISIC_0064274,0
ISIC_0064276,0
ISIC_0064279,0
ISIC_0064280,0
ISIC_0064281,0
ISIC_0064284,0
ISIC_0064286,0
ISIC_0064288,0
ISIC_0064291,0
ISIC_0064292,0
ISIC_0064293,0
ISIC_0064294,0
ISIC_0064295,0
ISIC_0064297,0
ISIC_0064298,0
ISIC_0064300,0
ISIC_0064303,0
ISIC_0064304,0
ISIC_0064305,0
ISIC_0064307,0
ISIC_0064313,0
ISIC_0064317,0
ISIC_0064318,0
ISIC_0064320,0
ISIC_0064321,0
ISIC_0064322,0
ISIC_0064324,0
ISIC_0064326,0
ISIC_0064328,0
ISIC_0064329,0
ISIC_0064330,0
ISIC_0064335,0
ISIC_0064337,0
ISIC_0064338,0
ISIC_0064339,0
ISIC_0064340,0
ISIC_0064343,0
ISIC_0064344,0
ISIC_0064346,0
ISIC_0064347,0
ISIC_0064352,0
ISIC_0064353,0
ISIC_0064354,0
ISIC_0064356,0
ISIC_0064357,0
ISIC_0064358,0
ISIC_0064359,0
ISIC_0064360,0
ISIC_0064361,0
ISIC_0064362,0
ISIC_0064364,0
ISIC_0064368,0
ISIC_0064369,0
ISIC_0064370,0
ISIC_0064371,0
ISIC_0064373,0
ISIC_0064376,0
ISIC_0064377,0
ISIC_0064384,0
ISIC_0064385,0
ISIC_0064388,0
ISIC_0064389,0
ISIC_0064392,0
ISIC_0064393,0
ISIC_0064394,0
ISIC_0064397,0
ISIC_0064399,0
ISIC_0064401,0
ISIC_0064403,0
ISIC_0064405,0
ISIC_0064406,0
ISIC_0064407,0
ISIC_0064408,0
ISIC_0064410,0
ISIC_0064411,0
ISIC_0064412,0
ISIC_0064414,0
ISIC_0064417,0
ISIC_0064418,0
ISIC_0064419,0
ISIC_0064421,0
ISIC_0064422,0
ISIC_0064424,0
ISIC_0064425,0
ISIC_0064427,0
ISIC_0064428,0
ISIC_0064430,0
ISIC_0064432,0
ISIC_0064436,0
ISIC_0064437,0
ISIC_0064439,0
ISIC_0064440,0
ISIC_0064443,0
ISIC_0064444,0
ISIC_0064446,0
ISIC_0064451,0
ISIC_0064452,0
ISIC_0064455,0
ISIC_0064456,0
ISIC_0064461,0
ISIC_0064463,0
ISIC_0064465,0
ISIC_0064466,0
ISIC_0064468,0
ISIC_0064471,0
ISIC_0064472,0
ISIC_0064474,0
ISIC_0064475,0
ISIC_0064476,0
ISIC_0064478,0
ISIC_0064479,0
ISIC_0064480,0
ISIC_0064481,0
ISIC_0064482,0
ISIC_0064483,0
ISIC_0064484,0
ISIC_0064485,0
ISIC_0064487,0
ISIC_0064488,0
ISIC_0064491,0
ISIC_0064495,0
ISIC_0064496,0
ISIC_0064498,0
ISIC_0064501,0
ISIC_0064506,0
ISIC_0064507,0
ISIC_0064512,0
ISIC_0064513,0
ISIC_0064515,0
ISIC_0064516,0
ISIC_0064517,0
ISIC_0064522,0
ISIC_0064526,0
ISIC_0064528,0
ISIC_0064530,0
ISIC_0064531,0
ISIC_0064534,0
ISIC_0064537,0
ISIC_0064538,0
ISIC_0064540,0
ISIC_0064541,0
ISIC_0064543,0
ISIC_0064544,0
ISIC_0064546,0
ISIC_0064548,0
ISIC_0064550,0
ISIC_0064553,0
ISIC_0064555,0
ISIC_0064556,0
ISIC_0064557,0
ISIC_0064559,0
ISIC_0064561,0
ISIC_0064567,0
ISIC_0064569,0
ISIC_0064570,0
ISIC_0064572,0
ISIC_0064573,0
ISIC_0064574,0
ISIC_0064575,0
ISIC_0064576,0
ISIC_0064579,0
ISIC_0064581,0
ISIC_0064582,0
ISIC_0064584,0
ISIC_0064585,0
ISIC_0064588,0
ISIC_0064589,0
ISIC_0064590,0
ISIC_0064592,0
ISIC_0064593,0
ISIC_0064594,0
ISIC_0064597,0
ISIC_0064598,0
ISIC_0064599,0
ISIC_0064606,0
ISIC_0064609,0
ISIC_0064610,0
ISIC_0064611,0
ISIC_0064612,0
ISIC_0064613,0
ISIC_0064615,0
ISIC_0064617,0
ISIC_0064618,0
ISIC_0064619,0
ISIC_0064620,0
ISIC_0064623,0
ISIC_0064626,0
ISIC_0064629,0
ISIC_0064630,0
ISIC_0064631,0
ISIC_0064632,0
ISIC_0064633,0
ISIC_0064634,0
ISIC_0064636,0
ISIC_0064637,0
ISIC_0064638,0
ISIC_0064639,0
ISIC_0064640,0
ISIC_0064642,0
ISIC_0064643,0
ISIC_0064644,0
ISIC_0064645,0
ISIC_0064646,0
ISIC_0064648,0
ISIC_0064649,0
ISIC_0064652,0
ISIC_0064655,0
ISIC_0064656,0
ISIC_0064658,0
ISIC_0064659,0
ISIC_0064660,0
ISIC_0064661,0
ISIC_0064664,0
ISIC_0064666,0
ISIC_0064667,0
ISIC_0064668,0
ISIC_0064670,0
ISIC_0064671,0
ISIC_0064672,0
ISIC_0064675,0
ISIC_0064676,0
ISIC_0064685,0
ISIC_0064686,0
ISIC_0064687,0
ISIC_0064688,0
ISIC_0064689,0
ISIC_0064690,0
ISIC_0064691,0
ISIC_0064692,0
ISIC_0064693,0
ISIC_0064694,0
ISIC_0064696,0
ISIC_0064697,0
ISIC_0064698,0
ISIC_0064699,0
ISIC_0064700,0
ISIC_0064707,0
ISIC_0064708,0
ISIC_0064709,0
ISIC_0064711,0
ISIC_0064718,0
ISIC_0064721,0
ISIC_0064722,0
ISIC_0064723,0
ISIC_0064725,0
ISIC_0064728,0
ISIC_0064729,0
ISIC_0064730,0
ISIC_0064731,0
ISIC_0064732,0
ISIC_0064737,0
ISIC_0064739,0
ISIC_0064742,0
ISIC_0064744,0
ISIC_0064747,0
ISIC_0064748,0
ISIC_0064750,0
ISIC_0064751,0
ISIC_0064752,0
ISIC_0064753,0
ISIC_0064757,0
ISIC_0064758,0
ISIC_0064759,0
ISIC_0064760,0
ISIC_0064763,0
ISIC_0064767,0
ISIC_0064769,0
ISIC_0064770,0
ISIC_0064772,0
ISIC_0064773,0
ISIC_0064774,0
ISIC_0064779,0
ISIC_0064784,0
ISIC_0064789,0
ISIC_0064797,0
ISIC_0064798,0
ISIC_0064799,0
ISIC_0064800,0
ISIC_0064801,0
ISIC_0064802,0
ISIC_0064804,0
ISIC_0064805,0
ISIC_0064806,0
ISIC_0064808,0
ISIC_0064811,0
ISIC_0064813,0
ISIC_0064814,0
ISIC_0064816,0
ISIC_0064817,0
ISIC_0064819,0
ISIC_0064820,0
ISIC_0064821,0
ISIC_0064822,0
ISIC_0064823,0
ISIC_0064824,0
ISIC_0064825,0
ISIC_0064826,0
ISIC_0064829,0
ISIC_0064830,0
ISIC_0064832,0
ISIC_0064833,0
ISIC_0064835,0
ISIC_0064836,0
ISIC_0064837,0
ISIC_0064840,0
ISIC_0064841,0
ISIC_0064843,0
ISIC_0064845,0
ISIC_0064849,0
ISIC_0064850,0
ISIC_0064854,0
ISIC_0064855,0
ISIC_0064858,0
ISIC_0064859,0
ISIC_0064860,0
ISIC_0064864,0
ISIC_0064865,0
ISIC_0064866,0
ISIC_0064867,0
ISIC_0064868,0
ISIC_0064869,0
ISIC_0064873,0
ISIC_0064874,0
ISIC_0064875,0
ISIC_0064879,0
ISIC_0064881,0
ISIC_0064882,0
ISIC_0064884,0
ISIC_0064886,0
ISIC_0064887,0
ISIC_0064889,0
ISIC_0064890,0
ISIC_0064893,0
ISIC_0064894,0
ISIC_0064895,0
ISIC_0064896,0
ISIC_0064898,0
ISIC_0064899,0
ISIC_0064900,0
ISIC_0064901,0
ISIC_0064903,0
ISIC_0064905,0
ISIC_0064906,0
ISIC_0064907,0
ISIC_0064908,0
ISIC_0064909,0
ISIC_0064910,0
ISIC_0064911,0
ISIC_0064913,0
ISIC_0064915,0
ISIC_0064918,0
ISIC_0064919,0
ISIC_0064920,0
ISIC_0064921,0
ISIC_0064925,0
ISIC_0064926,0
ISIC_0064927,0
ISIC_0064928,0
ISIC_0064929,0
ISIC_0064931,0
ISIC_0064932,0
ISIC_0064933,0
ISIC_0064936,0
ISIC_0064937,0
ISIC_0064938,0
ISIC_0064941,0
ISIC_0064943,0
ISIC_0064947,0
ISIC_0064948,0
ISIC_0064949,0
ISIC_0064951,0
ISIC_0064952,0
ISIC_0064954,0
ISIC_0064955,0
ISIC_0064956,0
ISIC_0064962,0
ISIC_0064964,0
ISIC_0064965,0
ISIC_0064967,0
ISIC_0064970,0
ISIC_0064971,0
ISIC_0064972,0
ISIC_0064977,0
ISIC_0064979,0
ISIC_0064981,0
ISIC_0064982,0
ISIC_0064983,0
ISIC_0064985,0
ISIC_0064986,0
ISIC_0064988,0
ISIC_0064990,0
ISIC_0064992,0
ISIC_0064993,0
ISIC_0064997,0
ISIC_0064998,0
ISIC_0065001,0
ISIC_0065003,0
ISIC_0065004,0
ISIC_0065005,0
ISIC_0065008,0
ISIC_0065009,0
ISIC_0065013,0
ISIC_0065016,0
ISIC_0065017,0
ISIC_0065018,0
ISIC_0065021,0
ISIC_0065022,0
ISIC_0065023,0
ISIC_0065024,0
ISIC_0065025,0
ISIC_0065026,0
ISIC_0065027,0
ISIC_0065028,0
ISIC_0065032,0
ISIC_0065033,0
ISIC_0065035,0
ISIC_0065036,0
ISIC_0065037,0
ISIC_0065038,0
ISIC_0065039,0
ISIC_0065040,0
ISIC_0065042,0
ISIC_0065044,0
ISIC_0065046,0
ISIC_0065047,0
ISIC_0065048,0
ISIC_0065050,0
ISIC_0065052,0
ISIC_0065053,0
ISIC_0065054,0
ISIC_0065056,0
ISIC_0065057,0
ISIC_0065058,0
ISIC_0065059,0
ISIC_0065061,0
ISIC_0065063,0
ISIC_0065065,0
ISIC_0065066,0
ISIC_0065067,0
ISIC_0065070,0
ISIC_0065071,0
ISIC_0065073,0
ISIC_0065074,0
ISIC_0065075,0
ISIC_0065078,0
ISIC_0065080,0
ISIC_0065082,0
ISIC_0065083,0
ISIC_0065084,0
ISIC_0065085,0
ISIC_0065095,0
ISIC_0065098,0
ISIC_0065099,0
ISIC_0065100,0
ISIC_0065101,0
ISIC_0065102,0
ISIC_0065104,0
ISIC_0065105,0
ISIC_0065106,0
ISIC_0065108,0
ISIC_0065109,0
ISIC_0065111,0
ISIC_0065113,0
ISIC_0065115,0
ISIC_0065116,0
ISIC_0065118,0
ISIC_0065120,0
ISIC_0065126,0
ISIC_0065127,0
ISIC_0065128,0
ISIC_0065132,0
ISIC_0065135,0
ISIC_0065136,0
ISIC_0065137,0
ISIC_0065139,0
ISIC_0065140,0
ISIC_0065141,0
ISIC_0065142,0
ISIC_0065143,0
ISIC_0065144,0
ISIC_0065145,0
ISIC_0065148,0
ISIC_0065150,0
ISIC_0065151,0
ISIC_0065153,0
ISIC_0065157,0
ISIC_0065158,0
ISIC_0065159,0
ISIC_0065160,0
ISIC_0065164,0
ISIC_0065166,0
ISIC_0065167,0
ISIC_0065168,0
ISIC_0065169,0
ISIC_0065170,0
ISIC_0065171,0
ISIC_0065173,0
ISIC_0065174,0
ISIC_0065178,0
ISIC_0065182,0
ISIC_0065183,0
ISIC_0065184,0
ISIC_0065185,0
ISIC_0065186,0
ISIC_0065187,0
ISIC_0065188,0
ISIC_0065191,0
ISIC_0065192,0
ISIC_0065193,0
ISIC_0065194,0
ISIC_0065195,0
ISIC_0065199,0
ISIC_0065204,0
ISIC_0065205,0
ISIC_0065206,0
ISIC_0065207,0
ISIC_0065210,0
ISIC_0065212,0
ISIC_0065213,0
ISIC_0065215,0
ISIC_0065219,0
ISIC_0065222,0
ISIC_0065225,0
ISIC_0065226,0
ISIC_0065230,0
ISIC_0065231,0
ISIC_0065232,0
ISIC_0065235,0
ISIC_0065236,0
ISIC_0065237,0
ISIC_0065239,0
ISIC_0065241,0
ISIC_0065245,0
ISIC_0065248,0
ISIC_0065249,0
ISIC_0065250,0
ISIC_0065251,0
ISIC_0065253,0
ISIC_0065254,0
ISIC_0065255,0
ISIC_0065256,0
ISIC_0065260,0
ISIC_0065261,0
ISIC_0065264,0
ISIC_0065265,0
ISIC_0065267,0
ISIC_0065268,0
ISIC_0065270,0
ISIC_0065271,0
ISIC_0065272,0
ISIC_0065273,0
ISIC_0065274,0
ISIC_0065278,0
ISIC_0065281,0
ISIC_0065282,0
ISIC_0065283,0
ISIC_0065284,0
ISIC_0065285,0
ISIC_0065287,0
ISIC_0065289,0
ISIC_0065293,0
ISIC_0065294,0
ISIC_0065297,0
ISIC_0065298,0
ISIC_0065299,0
ISIC_0065301,0
ISIC_0065304,0
ISIC_0065305,0
ISIC_0065306,0
ISIC_0065307,0
ISIC_0065308,0
ISIC_0065311,0
ISIC_0065312,0
ISIC_0065313,0
ISIC_0065315,0
ISIC_0065320,0
ISIC_0065322,0
ISIC_0065323,0
ISIC_0065325,0
ISIC_0065328,0
ISIC_0065330,0
ISIC_0065331,0
ISIC_0065333,0
ISIC_0065334,0
ISIC_0065335,0
ISIC_0065337,0
ISIC_0065341,0
ISIC_0065344,0
ISIC_0065345,0
ISIC_0065347,0
ISIC_0065351,0
ISIC_0065354,0
ISIC_0065355,0
ISIC_0065357,0
ISIC_0065358,0
ISIC_0065361,0
ISIC_0065362,0
ISIC_0065363,0
ISIC_0065366,0
ISIC_0065367,0
ISIC_0065370,0
ISIC_0065371,0
ISIC_0065373,0
ISIC_0065376,0
ISIC_0065379,0
ISIC_0065382,0
ISIC_0065383,0
ISIC_0065388,0
ISIC_0065390,0
ISIC_0065392,0
ISIC_0065393,0
ISIC_0065394,0
ISIC_0065395,0
ISIC_0065398,0
ISIC_0065399,0
ISIC_0065401,0
ISIC_0065402,0
ISIC_0065403,0
ISIC_0065404,0
ISIC_0065405,0
ISIC_0065406,0
ISIC_0065407,0
ISIC_0065408,0
ISIC_0065415,0
ISIC_0065417,0
ISIC_0065422,0
ISIC_0065425,0
ISIC_0065429,0
ISIC_0065430,0
ISIC_0065431,0
ISIC_0065432,0
ISIC_0065434,0
ISIC_0065435,0
ISIC_0065436,0
ISIC_0065437,0
ISIC_0065438,0
ISIC_0065440,0
ISIC_0065441,0
ISIC_0065443,0
ISIC_0065444,0
ISIC_0065445,0
ISIC_0065446,0
ISIC_0065447,0
ISIC_0065448,0
ISIC_0065449,0
ISIC_0065452,0
ISIC_0065453,0
ISIC_0065457,0
ISIC_0065459,0
ISIC_0065460,0
ISIC_0065463,0
ISIC_0065467,0
ISIC_0065470,0
ISIC_0065472,0
ISIC_0065475,0
ISIC_0065476,0
ISIC_0065477,0
ISIC_0065478,0
ISIC_0065479,0
ISIC_0065480,0
ISIC_0065481,0
ISIC_0065482,0
ISIC_0065483,0
ISIC_0065484,0
ISIC_0065486,0
ISIC_0065489,0
ISIC_0065493,0
ISIC_0065495,0
ISIC_0065498,0
ISIC_0065502,0
ISIC_0065504,0
ISIC_0065505,0
ISIC_0065506,0
ISIC_0065507,0
ISIC_0065508,0
ISIC_0065509,0
ISIC_0065512,0
ISIC_0065513,0
ISIC_0065515,0
ISIC_0065516,0
ISIC_0065517,0
ISIC_0065518,0
ISIC_0065519,0
ISIC_0065521,0
ISIC_0065523,0
ISIC_0065525,0
ISIC_0065526,0
ISIC_0065528,0
ISIC_0065529,0
ISIC_0065530,0
ISIC_0065531,0
ISIC_0065532,0
ISIC_0065533,0
ISIC_0065534,0
ISIC_0065535,0
ISIC_0065539,0
ISIC_0065540,0
ISIC_0065541,0
ISIC_0065542,0
ISIC_0065544,0
ISIC_0065545,0
ISIC_0065546,0
ISIC_0065548,0
ISIC_0065549,0
ISIC_0065551,0
ISIC_0065554,0
ISIC_0065555,0
ISIC_0065556,0
ISIC_0065557,0
ISIC_0065561,0
ISIC_0065564,0
ISIC_0065565,0
ISIC_0065567,0
ISIC_0065570,0
ISIC_0065571,0
ISIC_0065575,0
ISIC_0065576,0
ISIC_0065577,0
ISIC_0065579,0
ISIC_0065582,0
ISIC_0065584,0
ISIC_0065586,0
ISIC_0065587,0
ISIC_0065589,0
ISIC_0065590,0
ISIC_0065591,0
ISIC_0065592,0
ISIC_0065593,0
ISIC_0065594,0
ISIC_0065596,0
ISIC_0065597,0
ISIC_0065598,0
ISIC_0065600,0
ISIC_0065601,0
ISIC_0065602,0
ISIC_0065604,0
ISIC_0065607,0
ISIC_0065614,0
ISIC_0065615,0
ISIC_0065618,0
ISIC_0065622,0
ISIC_0065627,0
ISIC_0065628,0
ISIC_0065630,0
ISIC_0065631,0
ISIC_0065634,0
ISIC_0065635,0
ISIC_0065636,0
ISIC_0065640,0
ISIC_0065643,0
ISIC_0065644,0
ISIC_0065647,0
ISIC_0065649,0
ISIC_0065654,0
ISIC_0065655,0
ISIC_0065658,0
ISIC_0065660,0
ISIC_0065662,0
ISIC_0065664,0
ISIC_0065665,0
ISIC_0065666,0
ISIC_0065668,0
ISIC_0065670,0
ISIC_0065671,0
ISIC_0065675,0
ISIC_0065678,0
ISIC_0065686,0
ISIC_0065687,0
ISIC_0065688,0
ISIC_0065691,0
ISIC_0065693,0
ISIC_0065694,0
ISIC_0065697,0
ISIC_0065698,0
ISIC_0065700,0
ISIC_0065703,0
ISIC_0065706,0
ISIC_0065709,0
ISIC_0065710,0
ISIC_0065714,0
ISIC_0065716,0
ISIC_0065718,0
ISIC_0065719,0
ISIC_0065721,0
ISIC_0065724,0
ISIC_0065725,0
ISIC_0065727,0
ISIC_0065729,0
ISIC_0065732,0
ISIC_0065736,0
ISIC_0065737,0
ISIC_0065739,0
ISIC_0065740,0
ISIC_0065741,0
ISIC_0065742,0
ISIC_0065743,0
ISIC_0065745,0
ISIC_0065746,0
ISIC_0065747,0
ISIC_0065748,0
ISIC_0065751,0
ISIC_0065752,0
ISIC_0065753,0
ISIC_0065757,0
ISIC_0065758,0
ISIC_0065760,0
ISIC_0065767,0
ISIC_0065770,0
ISIC_0065771,0
ISIC_0065772,0
ISIC_0065773,0
ISIC_0065774,0
ISIC_0065775,0
ISIC_0065777,0
ISIC_0065778,0
ISIC_0065779,0
ISIC_0065780,0
ISIC_0065781,0
ISIC_0065783,0
ISIC_0065785,0
ISIC_0065786,0
ISIC_0065787,0
ISIC_0065788,0
ISIC_0065789,0
ISIC_0065790,0
ISIC_0065791,0
ISIC_0065792,0
ISIC_0065793,0
ISIC_0065794,0
ISIC_0065796,0
ISIC_0065797,0
ISIC_0065799,0
ISIC_0065801,0
ISIC_0065802,0
ISIC_0065804,0
ISIC_0065805,0
ISIC_0065806,0
ISIC_0065807,0
ISIC_0065808,0
ISIC_0065809,0
ISIC_0065811,0
ISIC_0065813,0
ISIC_0065816,0
ISIC_0065818,0
ISIC_0065819,0
ISIC_0065820,0
ISIC_0065821,0
ISIC_0065823,0
ISIC_0065825,0
ISIC_0065827,0
ISIC_0065828,0
ISIC_0065830,0
ISIC_0065832,0
ISIC_0065834,0
ISIC_0065835,0
ISIC_0065837,0
ISIC_0065838,0
ISIC_0065839,0
ISIC_0065840,0
ISIC_0065841,0
ISIC_0065842,0
ISIC_0065843,0
ISIC_0065848,0
ISIC_0065849,0
ISIC_0065851,0
ISIC_0065853,0
ISIC_0065854,0
ISIC_0065857,0
ISIC_0065858,0
ISIC_0065861,0
ISIC_0065862,0
ISIC_0065866,0
ISIC_0065869,0
ISIC_0065870,0
ISIC_0065871,0
ISIC_0065872,0
ISIC_0065873,0
ISIC_0065874,0
ISIC_0065876,0
ISIC_0065877,0
ISIC_0065880,0
ISIC_0065881,0
ISIC_0065882,0
ISIC_0065885,0
ISIC_0065887,0
ISIC_0065888,0
ISIC_0065889,0
ISIC_0065890,0
ISIC_0065892,0
ISIC_0065894,0
ISIC_0065895,0
ISIC_0065902,0
ISIC_0065904,0
ISIC_0065907,0
ISIC_0065908,0
ISIC_0065910,0
ISIC_0065917,0
ISIC_0065918,0
ISIC_0065919,0
ISIC_0065920,0
ISIC_0065922,0
ISIC_0065923,0
ISIC_0065925,0
ISIC_0065927,0
ISIC_0065928,0
ISIC_0065932,0
ISIC_0065936,0
ISIC_0065939,0
ISIC_0065941,0
ISIC_0065942,0
ISIC_0065943,0
ISIC_0065944,0
ISIC_0065945,0
ISIC_0065948,0
ISIC_0065949,0
ISIC_0065952,0
ISIC_0065953,0
ISIC_0065955,0
ISIC_0065961,0
ISIC_0065962,0
ISIC_0065963,0
ISIC_0065966,0
ISIC_0065969,0
ISIC_0065972,0
ISIC_0065974,0
ISIC_0065981,0
ISIC_0065982,0
ISIC_0065986,0
ISIC_0065987,0
ISIC_0065990,0
ISIC_0065991,0
ISIC_0065994,0
ISIC_0065995,0
ISIC_0065996,0
ISIC_0065997,0
ISIC_0065999,0
ISIC_0066001,0
ISIC_0066002,0
ISIC_0066004,0
ISIC_0066005,0
ISIC_0066006,0
ISIC_0066007,0
ISIC_0066009,0
ISIC_0066010,0
ISIC_0066011,0
ISIC_0066012,0
ISIC_0066013,0
ISIC_0066014,0
ISIC_0066019,0
ISIC_0066020,0
ISIC_0066021,0
ISIC_0066024,0
ISIC_0066028,0
ISIC_0066029,0
ISIC_0066030,0
ISIC_0066032,0
ISIC_0066033,0
ISIC_0066034,0
ISIC_0066036,0
ISIC_0066040,0
ISIC_0066042,0
ISIC_0066043,0
ISIC_0066044,0
ISIC_0066045,0
ISIC_0066047,0
ISIC_0066050,0
ISIC_0066051,0
ISIC_0066053,0
ISIC_0066057,0
ISIC_0066058,0
ISIC_0066061,0
ISIC_0066063,0
ISIC_0066065,0
ISIC_0066066,0
ISIC_0066068,0
ISIC_0066069,0
ISIC_0066070,0
ISIC_0066071,0
ISIC_0066075,0
ISIC_0066080,0
ISIC_0066082,0
ISIC_0066085,0
ISIC_0066088,0
ISIC_0066090,0
ISIC_0066092,0
ISIC_0066093,0
ISIC_0066094,0
ISIC_0066096,0
ISIC_0066098,0
ISIC_0066099,0
ISIC_0066101,0
ISIC_0066102,0
ISIC_0066106,0
ISIC_0066107,0
ISIC_0066108,0
ISIC_0066109,0
ISIC_0066110,0
ISIC_0066111,0
ISIC_0066112,0
ISIC_0066113,0
ISIC_0066115,0
ISIC_0066116,0
ISIC_0066118,0
ISIC_0066119,0
ISIC_0066120,0
ISIC_0066121,0
ISIC_0066123,0
ISIC_0066124,0
ISIC_0066125,0
ISIC_0066127,0
ISIC_0066128,0
ISIC_0066129,0
ISIC_0066130,0
ISIC_0066131,0
ISIC_0066132,0
ISIC_0066136,0
ISIC_0066137,0
ISIC_0066142,0
ISIC_0066143,0
ISIC_0066144,0
ISIC_0066146,0
ISIC_0066151,0
ISIC_0066152,0
ISIC_0066154,0
ISIC_0066155,0
ISIC_0066158,0
ISIC_0066159,0
ISIC_0066161,0
ISIC_0066165,0
ISIC_0066167,0
ISIC_0066168,0
ISIC_0066169,0
ISIC_0066172,0
ISIC_0066180,0
ISIC_0066181,0
ISIC_0066184,0
ISIC_0066185,0
ISIC_0066186,0
ISIC_0066190,0
ISIC_0066191,0
ISIC_0066193,0
ISIC_0066196,0
ISIC_0066197,0
ISIC_0066200,0
ISIC_0066201,0
ISIC_0066202,0
ISIC_0066203,0
ISIC_0066204,0
ISIC_0066206,0
ISIC_0066209,0
ISIC_0066210,0
ISIC_0066211,0
ISIC_0066215,0
ISIC_0066216,0
ISIC_0066217,0
ISIC_0066218,0
ISIC_0066221,0
ISIC_0066222,0
ISIC_0066223,0
ISIC_0066224,0
ISIC_0066226,0
ISIC_0066227,0
ISIC_0066232,0
ISIC_0066233,0
ISIC_0066236,0
ISIC_0066238,0
ISIC_0066242,0
ISIC_0066244,0
ISIC_0066245,0
ISIC_0066247,0
ISIC_0066249,0
ISIC_0066250,0
ISIC_0066252,0
ISIC_0066256,0
ISIC_0066258,0
ISIC_0066259,0
ISIC_0066261,0
ISIC_0066265,0
ISIC_0066269,0
ISIC_0066273,0
ISIC_0066275,0
ISIC_0066278,0
ISIC_0066279,0
ISIC_0066282,0
ISIC_0066283,0
ISIC_0066285,0
ISIC_0066289,0
ISIC_0066290,0
ISIC_0066292,0
ISIC_0066293,0
ISIC_0066294,0
ISIC_0066295,0
ISIC_0066299,0
ISIC_0066300,0
ISIC_0066301,0
ISIC_0066303,0
ISIC_0066307,0
ISIC_0066308,0
ISIC_0066311,0
ISIC_0066312,0
ISIC_0066313,0
ISIC_0066314,0
ISIC_0066316,0
ISIC_0066318,0
ISIC_0066320,0
ISIC_0066321,0
ISIC_0066325,0
ISIC_0066326,0
ISIC_0066329,0
ISIC_0066331,0
ISIC_0066332,0
ISIC_0066336,0
ISIC_0066338,0
ISIC_0066340,0
ISIC_0066342,0
ISIC_0066346,0
ISIC_0066350,0
ISIC_0066352,0
ISIC_0066356,0
ISIC_0066357,0
ISIC_0066358,0
ISIC_0066359,0
ISIC_0066362,0
ISIC_0066363,0
ISIC_0066366,0
ISIC_0066368,0
ISIC_0066369,0
ISIC_0066370,0
ISIC_0066371,0
ISIC_0066374,0
ISIC_0066375,0
ISIC_0066376,0
ISIC_0066377,0
ISIC_0066378,0
ISIC_0066379,0
ISIC_0066382,0
ISIC_0066384,0
ISIC_0066387,0
ISIC_0066389,0
ISIC_0066390,0
ISIC_0066392,0
ISIC_0066393,0
ISIC_0066394,0
ISIC_0066395,0
ISIC_0066396,0
ISIC_0066397,0
ISIC_0066399,0
ISIC_0066401,0
ISIC_0066403,0
ISIC_0066405,0
ISIC_0066406,0
ISIC_0066411,0
ISIC_0066412,0
ISIC_0066413,0
ISIC_0066414,0
ISIC_0066415,0
ISIC_0066416,0
ISIC_0066419,0
ISIC_0066420,0
ISIC_0066422,0
ISIC_0066423,0
ISIC_0066426,0
ISIC_0066427,0
ISIC_0066428,0
ISIC_0066430,0
ISIC_0066431,0
ISIC_0066434,0
ISIC_0066440,0
ISIC_0066441,0
ISIC_0066442,0
ISIC_0066443,0
ISIC_0066444,0
ISIC_0066448,0
ISIC_0066449,0
ISIC_0066450,0
ISIC_0066452,0
ISIC_0066453,0
ISIC_0066455,0
ISIC_0066456,0
ISIC_0066457,0
ISIC_0066459,0
ISIC_0066460,0
ISIC_0066462,0
ISIC_0066464,0
ISIC_0066467,0
ISIC_0066469,0
ISIC_0066470,0
ISIC_0066472,0
ISIC_0066473,0
ISIC_0066475,0
ISIC_0066476,0
ISIC_0066478,0
ISIC_0066479,0
ISIC_0066481,0
ISIC_0066482,0
ISIC_0066483,0
ISIC_0066484,0
ISIC_0066486,0
ISIC_0066487,0
ISIC_0066488,0
ISIC_0066489,0
ISIC_0066491,0
ISIC_0066492,0
ISIC_0066493,0
ISIC_0066495,0
ISIC_0066497,0
ISIC_0066499,0
ISIC_0066500,0
ISIC_0066501,0
ISIC_0066503,0
ISIC_0066505,0
ISIC_0066506,0
ISIC_0066507,0
ISIC_0066508,0
ISIC_0066509,0
ISIC_0066510,0
ISIC_0066512,0
ISIC_0066513,0
ISIC_0066515,0
ISIC_0066516,0
ISIC_0066517,0
ISIC_0066518,0
ISIC_0066519,0
ISIC_0066520,0
ISIC_0066521,0
ISIC_0066522,0
ISIC_0066524,0
ISIC_0066525,0
ISIC_0066528,0
ISIC_0066529,0
ISIC_0066531,0
ISIC_0066532,0
ISIC_0066533,0
ISIC_0066534,0
ISIC_0066535,0
ISIC_0066538,0
ISIC_0066539,0
ISIC_0066540,0
ISIC_0066541,0
ISIC_0066542,0
ISIC_0066547,0
ISIC_0066549,0
ISIC_0066555,0
ISIC_0066557,0
ISIC_0066560,0
ISIC_0066561,0
ISIC_0066562,0
ISIC_0066563,0
ISIC_0066564,0
ISIC_0066566,0
ISIC_0066567,0
ISIC_0066568,0
ISIC_0066570,0
ISIC_0066572,0
ISIC_0066574,0
ISIC_0066575,0
ISIC_0066580,0
ISIC_0066583,0
ISIC_0066585,0
ISIC_0066587,0
ISIC_0066588,0
ISIC_0066589,0
ISIC_0066592,0
ISIC_0066593,0
ISIC_0066594,0
ISIC_0066597,0
ISIC_0066598,0
ISIC_0066603,0
ISIC_0066604,0
ISIC_0066607,0
ISIC_0066608,0
ISIC_0066609,0
ISIC_0066612,0
ISIC_0066613,0
ISIC_0066614,0
ISIC_0066617,0
ISIC_0066621,0
ISIC_0066625,0
ISIC_0066626,0
ISIC_0066627,0
ISIC_0066629,0
ISIC_0066630,0
ISIC_0066631,0
ISIC_0066633,0
ISIC_0066634,0
ISIC_0066636,0
ISIC_0066637,0
ISIC_0066641,0
ISIC_0066646,0
ISIC_0066648,0
ISIC_0066649,0
ISIC_0066650,0
ISIC_0066653,0
ISIC_0066654,0
ISIC_0066655,0
ISIC_0066657,0
ISIC_0066662,0
ISIC_0066664,0
ISIC_0066668,0
ISIC_0066671,0
ISIC_0066672,0
ISIC_0066673,0
ISIC_0066674,0
ISIC_0066678,0
ISIC_0066679,0
ISIC_0066682,0
ISIC_0066684,0
ISIC_0066686,0
ISIC_0066688,0
ISIC_0066690,0
ISIC_0066693,0
ISIC_0066694,0
ISIC_0066695,0
ISIC_0066696,0
ISIC_0066697,0
ISIC_0066698,0
ISIC_0066701,0
ISIC_0066702,0
ISIC_0066704,0
ISIC_0066705,0
ISIC_0066707,0
ISIC_0066710,0
ISIC_0066713,0
ISIC_0066714,0
ISIC_0066716,0
ISIC_0066717,0
ISIC_0066718,0
ISIC_0066721,0
ISIC_0066722,0
ISIC_0066724,0
ISIC_0066727,0
ISIC_0066728,0
ISIC_0066733,0
ISIC_0066735,0
ISIC_0066736,0
ISIC_0066738,0
ISIC_0066742,0
ISIC_0066744,0
ISIC_0066748,0
ISIC_0066750,0
ISIC_0066751,0
ISIC_0066754,0
ISIC_0066756,0
ISIC_0066758,0
ISIC_0066759,0
ISIC_0066761,0
ISIC_0066762,0
ISIC_0066766,0
ISIC_0066767,0
ISIC_0066768,0
ISIC_0066769,0
ISIC_0066773,0
ISIC_0066776,0
ISIC_0066778,0
ISIC_0066780,0
ISIC_0066781,0
ISIC_0066782,0
ISIC_0066783,0
ISIC_0066784,0
ISIC_0066786,0
ISIC_0066787,0
ISIC_0066792,0
ISIC_0066795,0
ISIC_0066797,0
ISIC_0066798,0
ISIC_0066799,0
ISIC_0066800,0
ISIC_0066802,0
ISIC_0066803,0
ISIC_0066804,0
ISIC_0066805,0
ISIC_0066811,0
ISIC_0066814,0
ISIC_0066815,0
ISIC_0066816,0
ISIC_0066819,0
ISIC_0066822,0
ISIC_0066823,0
ISIC_0066825,0
ISIC_0066826,0
ISIC_0066829,0
ISIC_0066830,0
ISIC_0066831,0
ISIC_0066832,0
ISIC_0066833,0
ISIC_0066834,0
ISIC_0066835,0
ISIC_0066838,0
ISIC_0066840,0
ISIC_0066841,0
ISIC_0066842,0
ISIC_0066843,0
ISIC_0066844,0
ISIC_0066845,0
ISIC_0066848,0
ISIC_0066850,0
ISIC_0066851,0
ISIC_0066853,0
ISIC_0066854,0
ISIC_0066855,0
ISIC_0066856,0
ISIC_0066857,0
ISIC_0066858,0
ISIC_0066859,0
ISIC_0066860,0
ISIC_0066861,0
ISIC_0066863,0
ISIC_0066864,0
ISIC_0066865,0
ISIC_0066867,0
ISIC_0066868,0
ISIC_0066869,0
ISIC_0066870,0
ISIC_0066873,0
ISIC_0066875,0
ISIC_0066876,0
ISIC_0066879,0
ISIC_0066880,0
ISIC_0066881,0
ISIC_0066882,0
ISIC_0066883,0
ISIC_0066885,0
ISIC_0066886,0
ISIC_0066891,0
ISIC_0066895,0
ISIC_0066898,0
ISIC_0066899,0
ISIC_0066901,0
ISIC_0066903,0
ISIC_0066907,0
ISIC_0066908,0
ISIC_0066909,0
ISIC_0066910,0
ISIC_0066916,0
ISIC_0066918,0
ISIC_0066919,0
ISIC_0066920,0
ISIC_0066921,0
ISIC_0066922,0
ISIC_0066924,0
ISIC_0066925,0
ISIC_0066926,0
ISIC_0066927,0
ISIC_0066930,0
ISIC_0066931,0
ISIC_0066932,0
ISIC_0066933,0
ISIC_0066934,0
ISIC_0066935,0
ISIC_0066936,0
ISIC_0066937,0
ISIC_0066940,0
ISIC_0066941,0
ISIC_0066943,0
ISIC_0066945,0
ISIC_0066947,0
ISIC_0066949,0
ISIC_0066951,0
ISIC_0066952,0
ISIC_0066954,0
ISIC_0066957,0
ISIC_0066960,0
ISIC_0066961,0
ISIC_0066963,0
ISIC_0066965,0
ISIC_0066967,0
ISIC_0066968,0
ISIC_0066969,0
ISIC_0066970,0
ISIC_0066972,0
ISIC_0066973,0
ISIC_0066977,0
ISIC_0066978,0
ISIC_0066979,0
ISIC_0066980,0
ISIC_0066983,0
ISIC_0066985,0
ISIC_0066990,0
ISIC_0066994,0
ISIC_0066997,0
ISIC_0066998,0
ISIC_0066999,0
ISIC_0067000,0
ISIC_0067002,0
ISIC_0067005,0
ISIC_0067008,0
ISIC_0067009,0
ISIC_0067011,0
ISIC_0067015,0
ISIC_0067020,0
ISIC_0067021,0
ISIC_0067023,0
ISIC_0067024,0
ISIC_0067025,0
ISIC_0067026,0
ISIC_0067033,0
ISIC_0067038,0
ISIC_0067039,0
ISIC_0067041,0
ISIC_0067042,0
ISIC_0067044,0
ISIC_0067046,0
ISIC_0067047,0
ISIC_0067049,0
ISIC_0067050,0
ISIC_0067051,0
ISIC_0067052,0
ISIC_0067054,0
ISIC_0067055,0
ISIC_0067056,0
ISIC_0067057,0
ISIC_0067061,0
ISIC_0067062,0
ISIC_0067064,0
ISIC_0067065,0
ISIC_0067066,0
ISIC_0067068,0
ISIC_0067069,0
ISIC_0067071,0
ISIC_0067072,0
ISIC_0067073,0
ISIC_0067074,0
ISIC_0067076,0
ISIC_0067078,0
ISIC_0067080,0
ISIC_0067082,0
ISIC_0067083,0
ISIC_0067089,0
ISIC_0067090,0
ISIC_0067091,0
ISIC_0067092,0
ISIC_0067093,0
ISIC_0067094,0
ISIC_0067098,0
ISIC_0067100,0
ISIC_0067101,0
ISIC_0067105,0
ISIC_0067110,0
ISIC_0067114,0
ISIC_0067115,0
ISIC_0067120,0
ISIC_0067121,0
ISIC_0067122,0
ISIC_0067124,0
ISIC_0067126,0
ISIC_0067129,0
ISIC_0067130,0
ISIC_0067131,0
ISIC_0067134,0
ISIC_0067135,0
ISIC_0067138,0
ISIC_0067140,0
ISIC_0067141,0
ISIC_0067146,0
ISIC_0067148,0
ISIC_0067150,0
ISIC_0067151,0
ISIC_0067153,0
ISIC_0067156,0
ISIC_0067157,0
ISIC_0067158,0
ISIC_0067159,0
ISIC_0067160,0
ISIC_0067163,0
ISIC_0067165,0
ISIC_0067167,0
ISIC_0067168,0
ISIC_0067171,0
ISIC_0067172,0
ISIC_0067173,0
ISIC_0067174,0
ISIC_0067175,0
ISIC_0067176,0
ISIC_0067177,0
ISIC_0067178,0
ISIC_0067185,0
ISIC_0067186,0
ISIC_0067188,0
ISIC_0067191,0
ISIC_0067193,0
ISIC_0067194,0
ISIC_0067196,0
ISIC_0067197,0
ISIC_0067198,0
ISIC_0067200,0
ISIC_0067201,0
ISIC_0067202,0
ISIC_0067204,0
ISIC_0067206,0
ISIC_0067208,0
ISIC_0067210,0
ISIC_0067211,0
ISIC_0067214,0
ISIC_0067217,0
ISIC_0067220,0
ISIC_0067222,0
ISIC_0067225,0
ISIC_0067226,0
ISIC_0067227,0
ISIC_0067228,0
ISIC_0067232,0
ISIC_0067233,0
ISIC_0067234,0
ISIC_0067235,0
ISIC_0067236,0
ISIC_0067237,0
ISIC_0067240,0
ISIC_0067246,0
ISIC_0067248,0
ISIC_0067249,0
ISIC_0067250,0
ISIC_0067251,0
ISIC_0067252,0
ISIC_0067253,0
ISIC_0067254,0
ISIC_0067256,0
ISIC_0067257,0
ISIC_0067258,0
ISIC_0067261,0
ISIC_0067262,0
ISIC_0067264,0
ISIC_0067265,0
ISIC_0067267,0
ISIC_0067268,0
ISIC_0067269,0
ISIC_0067272,0
ISIC_0067274,0
ISIC_0067276,0
ISIC_0067277,0
ISIC_0067278,0
ISIC_0067280,0
ISIC_0067282,0
ISIC_0067284,0
ISIC_0067286,0
ISIC_0067291,0
ISIC_0067294,0
ISIC_0067295,0
ISIC_0067300,0
ISIC_0067301,0
ISIC_0067302,0
ISIC_0067303,0
ISIC_0067304,0
ISIC_0067305,0
ISIC_0067308,0
ISIC_0067311,0
ISIC_0067312,0
ISIC_0067314,0
ISIC_0067316,0
ISIC_0067317,0
ISIC_0067318,0
ISIC_0067321,0
ISIC_0067323,0
ISIC_0067325,0
ISIC_0067327,0
ISIC_0067329,0
ISIC_0067331,0
ISIC_0067333,0
ISIC_0067334,0
ISIC_0067335,0
ISIC_0067337,0
ISIC_0067338,0
ISIC_0067339,0
ISIC_0067340,0
ISIC_0067341,0
ISIC_0067342,0
ISIC_0067344,0
ISIC_0067345,0
ISIC_0067346,0
ISIC_0067347,0
ISIC_0067348,0
ISIC_0067349,0
ISIC_0067350,0
ISIC_0067353,0
ISIC_0067356,0
ISIC_0067357,0
ISIC_0067358,0
ISIC_0067362,0
ISIC_0067364,0
ISIC_0067365,0
ISIC_0067367,0
ISIC_0067369,0
ISIC_0067370,0
ISIC_0067371,0
ISIC_0067373,0
ISIC_0067374,0
ISIC_0067375,0
ISIC_0067376,0
ISIC_0067377,0
ISIC_0067378,0
ISIC_0067379,0
ISIC_0067384,0
ISIC_0067385,0
ISIC_0067386,0
ISIC_0067387,0
ISIC_0067388,0
ISIC_0067390,0
ISIC_0067393,0
ISIC_0067395,0
ISIC_0067397,0
ISIC_0067398,0
ISIC_0067400,0
ISIC_0067401,0
ISIC_0067403,0
ISIC_0067404,0
ISIC_0067405,0
ISIC_0067408,0
ISIC_0067409,0
ISIC_0067410,0
ISIC_0067411,0
ISIC_0067412,0
ISIC_0067414,0
ISIC_0067417,0
ISIC_0067418,0
ISIC_0067419,0
ISIC_0067421,0
ISIC_0067423,0
ISIC_0067424,0
ISIC_0067427,0
ISIC_0067428,0
ISIC_0067429,0
ISIC_0067430,0
ISIC_0067431,0
ISIC_0067432,0
ISIC_0067433,0
ISIC_0067436,0
ISIC_0067438,0
ISIC_0067439,0
ISIC_0067442,0
ISIC_0067443,0
ISIC_0067444,0
ISIC_0067445,0
ISIC_0067447,0
ISIC_0067448,0
ISIC_0067449,0
ISIC_0067450,0
ISIC_0067452,0
ISIC_0067454,0
ISIC_0067457,0
ISIC_0067458,0
ISIC_0067460,0
ISIC_0067461,0
ISIC_0067464,0
ISIC_0067466,0
ISIC_0067467,0
ISIC_0067468,0
ISIC_0067470,0
ISIC_0067474,0
ISIC_0067478,0
ISIC_0067479,0
ISIC_0067480,0
ISIC_0067481,0
ISIC_0067485,0
ISIC_0067488,0
ISIC_0067489,0
ISIC_0067490,0
ISIC_0067492,0
ISIC_0067493,0
ISIC_0067494,0
ISIC_0067495,0
ISIC_0067497,0
ISIC_0067498,0
ISIC_0067499,0
ISIC_0067502,0
ISIC_0067503,0
ISIC_0067504,0
ISIC_0067508,0
ISIC_0067510,0
ISIC_0067511,0
ISIC_0067513,0
ISIC_0067514,0
ISIC_0067515,0
ISIC_0067517,0
ISIC_0067518,0
ISIC_0067521,0
ISIC_0067527,0
ISIC_0067529,0
ISIC_0067531,0
ISIC_0067532,0
ISIC_0067533,0
ISIC_0067534,0
ISIC_0067536,0
ISIC_0067538,0
ISIC_0067541,0
ISIC_0067543,0
ISIC_0067544,0
ISIC_0067546,0
ISIC_0067549,0
ISIC_0067551,0
ISIC_0067553,0
ISIC_0067554,0
ISIC_0067562,0
ISIC_0067564,0
ISIC_0067565,0
ISIC_0067566,0
ISIC_0067569,0
ISIC_0067570,0
ISIC_0067576,0
ISIC_0067577,0
ISIC_0067578,0
ISIC_0067581,0
ISIC_0067584,0
ISIC_0067586,0
ISIC_0067587,0
ISIC_0067588,0
ISIC_0067590,0
ISIC_0067591,0
ISIC_0067592,0
ISIC_0067594,0
ISIC_0067598,0
ISIC_0067600,0
ISIC_0067601,0
ISIC_0067602,0
ISIC_0067603,0
ISIC_0067604,0
ISIC_0067605,0
ISIC_0067607,0
ISIC_0067608,0
ISIC_0067612,0
ISIC_0067618,0
ISIC_0067619,0
ISIC_0067620,0
ISIC_0067623,0
ISIC_0067624,0
ISIC_0067625,0
ISIC_0067626,0
ISIC_0067629,0
ISIC_0067630,0
ISIC_0067631,0
ISIC_0067632,0
ISIC_0067633,0
ISIC_0067634,0
ISIC_0067635,0
ISIC_0067636,0
ISIC_0067638,0
ISIC_0067643,0
ISIC_0067644,0
ISIC_0067646,0
ISIC_0067647,0
ISIC_0067648,0
ISIC_0067652,0
ISIC_0067653,0
ISIC_0067655,0
ISIC_0067656,0
ISIC_0067657,0
ISIC_0067658,0
ISIC_0067660,0
ISIC_0067661,0
ISIC_0067662,0
ISIC_0067663,0
ISIC_0067665,0
ISIC_0067667,0
ISIC_0067670,0
ISIC_0067671,0
ISIC_0067674,0
ISIC_0067677,0
ISIC_0067679,0
ISIC_0067682,0
ISIC_0067683,0
ISIC_0067685,0
ISIC_0067689,0
ISIC_0067691,0
ISIC_0067693,0
ISIC_0067695,0
ISIC_0067696,0
ISIC_0067697,0
ISIC_0067698,0
ISIC_0067700,0
ISIC_0067704,0
ISIC_0067705,0
ISIC_0067706,0
ISIC_0067707,0
ISIC_0067708,0
ISIC_0067709,0
ISIC_0067710,0
ISIC_0067711,0
ISIC_0067712,0
ISIC_0067715,0
ISIC_0067716,0
ISIC_0067719,0
ISIC_0067722,0
ISIC_0067723,0
ISIC_0067725,0
ISIC_0067727,0
ISIC_0067728,0
ISIC_0067730,0
ISIC_0067731,0
ISIC_0067733,0
ISIC_0067734,0
ISIC_0067736,0
ISIC_0067739,0
ISIC_0067740,0
ISIC_0067743,0
ISIC_0067745,0
ISIC_0067747,0
ISIC_0067750,0
ISIC_0067753,0
ISIC_0067754,0
ISIC_0067755,0
ISIC_0067756,0
ISIC_0067757,0
ISIC_0067758,0
ISIC_0067759,0
ISIC_0067760,0
ISIC_0067762,0
ISIC_0067765,0
ISIC_0067766,0
ISIC_0067770,0
ISIC_0067771,0
ISIC_0067773,0
ISIC_0067774,0
ISIC_0067775,0
ISIC_0067776,0
ISIC_0067778,0
ISIC_0067782,0
ISIC_0067783,0
ISIC_0067787,0
ISIC_0067789,0
ISIC_0067790,0
ISIC_0067794,0
ISIC_0067796,0
ISIC_0067797,0
ISIC_0067798,0
ISIC_0067800,0
ISIC_0067803,0
ISIC_0067804,0
ISIC_0067805,0
ISIC_0067808,0
ISIC_0067810,0
ISIC_0067811,0
ISIC_0067812,0
ISIC_0067816,0
ISIC_0067818,0
ISIC_0067819,0
ISIC_0067821,0
ISIC_0067822,0
ISIC_0067823,0
ISIC_0067824,0
ISIC_0067825,0
ISIC_0067826,0
ISIC_0067827,0
ISIC_0067830,0
ISIC_0067831,0
ISIC_0067833,0
ISIC_0067835,0
ISIC_0067836,0
ISIC_0067840,0
ISIC_0067841,0
ISIC_0067842,0
ISIC_0067843,0
ISIC_0067844,0
ISIC_0067845,0
ISIC_0067847,0
ISIC_0067849,0
ISIC_0067850,0
ISIC_0067851,0
ISIC_0067857,0
ISIC_0067858,0
ISIC_0067859,0
ISIC_0067863,0
ISIC_0067864,0
ISIC_0067866,0
ISIC_0067867,0
ISIC_0067868,0
ISIC_0067869,0
ISIC_0067870,0
ISIC_0067873,0
ISIC_0067874,0
ISIC_0067876,0
ISIC_0067882,0
ISIC_0067883,0
ISIC_0067885,0
ISIC_0067887,0
ISIC_0067889,0
ISIC_0067890,0
ISIC_0067891,0
ISIC_0067892,0
ISIC_0067893,0
ISIC_0067894,0
ISIC_0067895,0
ISIC_0067896,0
ISIC_0067897,0
ISIC_0067900,0
ISIC_0067902,0
ISIC_0067904,0
ISIC_0067905,0
ISIC_0067907,0
ISIC_0067909,0
ISIC_0067910,0
ISIC_0067912,0
ISIC_0067916,0
ISIC_0067921,0
ISIC_0067922,0
ISIC_0067925,0
ISIC_0067926,0
ISIC_0067929,0
ISIC_0067933,0
ISIC_0067934,0
ISIC_0067938,0
ISIC_0067941,0
ISIC_0067944,0
ISIC_0067945,0
ISIC_0067947,0
ISIC_0067948,0
ISIC_0067949,0
ISIC_0067951,0
ISIC_0067952,0
ISIC_0067953,0
ISIC_0067954,0
ISIC_0067955,0
ISIC_0067957,0
ISIC_0067960,0
ISIC_0067961,0
ISIC_0067967,0
ISIC_0067968,0
ISIC_0067969,0
ISIC_0067970,0
ISIC_0067971,0
ISIC_0067972,0
ISIC_0067973,0
ISIC_0067974,0
ISIC_0067975,0
ISIC_0067976,0
ISIC_0067977,0
ISIC_0067979,0
ISIC_0067980,0
ISIC_0067982,0
ISIC_0067983,0
ISIC_0067986,0
ISIC_0067988,0
ISIC_0067989,0
ISIC_0067990,0
ISIC_0067991,0
ISIC_0067996,0
ISIC_0068000,0
ISIC_0068001,0
ISIC_0068003,0
ISIC_0068007,0
ISIC_0068009,0
ISIC_0068010,0
ISIC_0068011,0
ISIC_0068012,0
ISIC_0068013,0
ISIC_0068014,0
ISIC_0068015,0
ISIC_0068017,0
ISIC_0068019,0
ISIC_0068021,0
ISIC_0068022,0
ISIC_0068023,0
ISIC_0068024,0
ISIC_0068025,0
ISIC_0068028,0
ISIC_0068030,0
ISIC_0068031,0
ISIC_0068032,0
ISIC_0068033,0
ISIC_0068039,0
ISIC_0068040,0
ISIC_0068041,0
ISIC_0068042,0
ISIC_0068043,0
ISIC_0068044,0
ISIC_0068047,0
ISIC_0068048,0
ISIC_0068052,0
ISIC_0068055,0
ISIC_0068060,0
ISIC_0068061,0
ISIC_0068064,0
ISIC_0068065,0
ISIC_0068067,0
ISIC_0068068,0
ISIC_0068069,0
ISIC_0068072,0
ISIC_0068073,0
ISIC_0068077,0
ISIC_0068078,0
ISIC_0068080,0
ISIC_0068081,0
ISIC_0068082,0
ISIC_0068086,0
ISIC_0068087,0
ISIC_0068088,0
ISIC_0068091,0
ISIC_0068092,0
ISIC_0068095,0
ISIC_0068097,0
ISIC_0068101,0
ISIC_0068102,0
ISIC_0068103,0
ISIC_0068104,0
ISIC_0068105,0
ISIC_0068107,0
ISIC_0068109,0
ISIC_0068110,0
ISIC_0068111,0
ISIC_0068112,0
ISIC_0068113,0
ISIC_0068114,0
ISIC_0068117,0
ISIC_0068118,0
ISIC_0068119,0
ISIC_0068121,0
ISIC_0068126,0
ISIC_0068128,0
ISIC_0068129,0
ISIC_0068130,0
ISIC_0068134,0
ISIC_0068136,0
ISIC_0068137,0
ISIC_0068138,0
ISIC_0068140,0
ISIC_0068141,0
ISIC_0068142,0
ISIC_0068143,0
ISIC_0068144,0
ISIC_0068147,0
ISIC_0068148,0
ISIC_0068149,0
ISIC_0068151,0
ISIC_0068152,0
ISIC_0068153,0
ISIC_0068155,0
ISIC_0068156,0
ISIC_0068158,0
ISIC_0068160,0
ISIC_0068161,0
ISIC_0068162,0
ISIC_0068163,0
ISIC_0068164,0
ISIC_0068166,0
ISIC_0068168,0
ISIC_0068169,0
ISIC_0068170,0
ISIC_0068171,0
ISIC_0068172,0
ISIC_0068173,0
ISIC_0068174,0
ISIC_0068177,0
ISIC_0068178,0
ISIC_0068179,0
ISIC_0068184,0
ISIC_0068185,0
ISIC_0068186,0
ISIC_0068187,0
ISIC_0068188,0
ISIC_0068189,0
ISIC_0068193,0
ISIC_0068194,0
ISIC_0068195,0
ISIC_0068197,0
ISIC_0068200,0
ISIC_0068202,0
ISIC_0068203,0
ISIC_0068204,0
ISIC_0068206,0
ISIC_0068208,0
ISIC_0068209,0
ISIC_0068210,0
ISIC_0068211,0
ISIC_0068215,0
ISIC_0068218,0
ISIC_0068223,0
ISIC_0068224,0
ISIC_0068225,0
ISIC_0068227,0
ISIC_0068229,0
ISIC_0068230,0
ISIC_0068232,0
ISIC_0068233,0
ISIC_0068234,0
ISIC_0068235,0
ISIC_0068239,0
ISIC_0068240,0
ISIC_0068242,0
ISIC_0068245,0
ISIC_0068246,0
ISIC_0068247,0
ISIC_0068248,0
ISIC_0068249,0
ISIC_0068251,0
ISIC_0068252,0
ISIC_0068254,0
ISIC_0068256,0
ISIC_0068260,0
ISIC_0068261,0
ISIC_0068263,0
ISIC_0068264,0
ISIC_0068265,0
ISIC_0068266,0
ISIC_0068268,0
ISIC_0068269,0
ISIC_0068270,0
ISIC_0068271,0
ISIC_0068273,0
ISIC_0068274,0
ISIC_0068275,0
ISIC_0068276,0
ISIC_0068282,0
ISIC_0068286,0
ISIC_0068287,0
ISIC_0068290,0
ISIC_0068291,0
ISIC_0068294,0
ISIC_0068299,0
ISIC_0068302,0
ISIC_0068303,0
ISIC_0068304,0
ISIC_0068305,0
ISIC_0068306,0
ISIC_0068313,0
ISIC_0068314,0
ISIC_0068315,0
ISIC_0068316,0
ISIC_0068318,0
ISIC_0068319,0
ISIC_0068321,0
ISIC_0068322,0
ISIC_0068325,0
ISIC_0068327,0
ISIC_0068328,0
ISIC_0068329,0
ISIC_0068330,0
ISIC_0068331,0
ISIC_0068334,0
ISIC_0068335,0
ISIC_0068337,0
ISIC_0068338,0
ISIC_0068339,0
ISIC_0068340,0
ISIC_0068341,0
ISIC_0068343,0
ISIC_0068344,0
ISIC_0068345,0
ISIC_0068346,0
ISIC_0068347,0
ISIC_0068352,0
ISIC_0068353,0
ISIC_0068355,0
ISIC_0068358,0
ISIC_0068361,0
ISIC_0068364,0
ISIC_0068367,0
ISIC_0068369,0
ISIC_0068370,0
ISIC_0068372,0
ISIC_0068373,0
ISIC_0068374,0
ISIC_0068376,0
ISIC_0068377,0
ISIC_0068380,0
ISIC_0068382,0
ISIC_0068383,0
ISIC_0068385,0
ISIC_0068386,0
ISIC_0068388,0
ISIC_0068389,0
ISIC_0068390,0
ISIC_0068391,0
ISIC_0068392,0
ISIC_0068393,0
ISIC_0068395,0
ISIC_0068396,0
ISIC_0068397,0
ISIC_0068398,0
ISIC_0068400,0
ISIC_0068402,0
ISIC_0068403,0
ISIC_0068407,0
ISIC_0068408,0
ISIC_0068409,0
ISIC_0068411,0
ISIC_0068414,0
ISIC_0068415,0
ISIC_0068419,0
ISIC_0068422,0
ISIC_0068423,0
ISIC_0068426,0
ISIC_0068427,0
ISIC_0068429,0
ISIC_0068430,0
ISIC_0068432,0
ISIC_0068434,0
ISIC_0068438,0
ISIC_0068440,0
ISIC_0068445,0
ISIC_0068446,0
ISIC_0068447,0
ISIC_0068448,0
ISIC_0068450,0
ISIC_0068452,0
ISIC_0068453,0
ISIC_0068454,0
ISIC_0068457,0
ISIC_0068458,0
ISIC_0068459,0
ISIC_0068460,0
ISIC_0068461,0
ISIC_0068462,0
ISIC_0068463,0
ISIC_0068464,0
ISIC_0068465,0
ISIC_0068466,0
ISIC_0068468,0
ISIC_0068473,0
ISIC_0068475,0
ISIC_0068476,0
ISIC_0068479,0
ISIC_0068480,0
ISIC_0068481,0
ISIC_0068482,0
ISIC_0068485,0
ISIC_0068486,0
ISIC_0068487,0
ISIC_0068488,0
ISIC_0068489,0
ISIC_0068494,0
ISIC_0068498,0
ISIC_0068499,0
ISIC_0068503,0
ISIC_0068505,0
ISIC_0068507,0
ISIC_0068508,0
ISIC_0068510,0
ISIC_0068513,0
ISIC_0068517,0
ISIC_0068521,0
ISIC_0068522,0
ISIC_0068523,0
ISIC_0068524,0
ISIC_0068525,0
ISIC_0068527,0
ISIC_0068528,0
ISIC_0068529,0
ISIC_0068531,0
ISIC_0068536,0
ISIC_0068537,0
ISIC_0068538,0
ISIC_0068539,0
ISIC_0068540,0
ISIC_0068543,0
ISIC_0068544,0
ISIC_0068546,0
ISIC_0068547,0
ISIC_0068550,0
ISIC_0068552,0
ISIC_0068555,0
ISIC_0068556,0
ISIC_0068559,0
ISIC_0068560,0
ISIC_0068562,0
ISIC_0068563,0
ISIC_0068566,0
ISIC_0068567,0
ISIC_0068569,0
ISIC_0068570,0
ISIC_0068571,0
ISIC_0068572,0
ISIC_0068575,0
ISIC_0068576,0
ISIC_0068578,0
ISIC_0068581,0
ISIC_0068582,0
ISIC_0068583,0
ISIC_0068584,0
ISIC_0068585,0
ISIC_0068586,0
ISIC_0068587,0
ISIC_0068589,0
ISIC_0068590,0
ISIC_0068594,0
ISIC_0068595,0
ISIC_0068597,0
ISIC_0068598,0
ISIC_0068600,0
ISIC_0068602,0
ISIC_0068603,0
ISIC_0068604,0
ISIC_0068607,0
ISIC_0068609,0
ISIC_0068610,0
ISIC_0068613,0
ISIC_0068614,0
ISIC_0068615,0
ISIC_0068616,0
ISIC_0068617,0
ISIC_0068618,0
ISIC_0068619,0
ISIC_0068620,0
ISIC_0068623,0
ISIC_0068625,0
ISIC_0068627,0
ISIC_0068628,1
ISIC_0068629,0
ISIC_0068630,0
ISIC_0068632,0
ISIC_0068633,0
ISIC_0068634,0
ISIC_0068635,0
ISIC_0068636,0
ISIC_0068638,0
ISIC_0068639,0
ISIC_0068644,0
ISIC_0068647,0
ISIC_0068648,0
ISIC_0068650,0
ISIC_0068651,0
ISIC_0068652,0
ISIC_0068653,0
ISIC_0068654,0
ISIC_0068655,0
ISIC_0068656,0
ISIC_0068657,0
ISIC_0068659,0
ISIC_0068660,0
ISIC_0068664,0
ISIC_0068666,0
ISIC_0068667,0
ISIC_0068669,0
ISIC_0068672,0
ISIC_0068674,0
ISIC_0068675,0
ISIC_0068676,0
ISIC_0068678,0
ISIC_0068681,0
ISIC_0068682,0
ISIC_0068684,0
ISIC_0068687,0
ISIC_0068688,0
ISIC_0068690,0
ISIC_0068691,0
ISIC_0068693,0
ISIC_0068694,0
ISIC_0068697,0
ISIC_0068698,0
ISIC_0068700,0
ISIC_0068703,0
ISIC_0068707,0
ISIC_0068709,0
ISIC_0068710,0
ISIC_0068711,0
ISIC_0068712,0
ISIC_0068714,0
ISIC_0068715,0
ISIC_0068716,0
ISIC_0068717,0
ISIC_0068718,0
ISIC_0068721,0
ISIC_0068722,0
ISIC_0068724,0
ISIC_0068727,0
ISIC_0068729,0
ISIC_0068730,0
ISIC_0068740,0
ISIC_0068741,0
ISIC_0068742,0
ISIC_0068744,0
ISIC_0068746,0
ISIC_0068747,0
ISIC_0068748,0
ISIC_0068750,0
ISIC_0068751,0
ISIC_0068752,0
ISIC_0068756,0
ISIC_0068758,0
ISIC_0068759,0
ISIC_0068760,0
ISIC_0068761,0
ISIC_0068764,0
ISIC_0068765,0
ISIC_0068766,0
ISIC_0068767,0
ISIC_0068771,0
ISIC_0068772,0
ISIC_0068776,0
ISIC_0068777,0
ISIC_0068778,0
ISIC_0068779,0
ISIC_0068783,0
ISIC_0068784,0
ISIC_0068788,0
ISIC_0068790,0
ISIC_0068792,0
ISIC_0068793,0
ISIC_0068794,0
ISIC_0068795,0
ISIC_0068796,0
ISIC_0068800,0
ISIC_0068803,0
ISIC_0068807,0
ISIC_0068808,0
ISIC_0068809,0
ISIC_0068810,0
ISIC_0068812,0
ISIC_0068817,0
ISIC_0068818,0
ISIC_0068819,0
ISIC_0068821,0
ISIC_0068823,0
ISIC_0068827,0
ISIC_0068832,0
ISIC_0068837,0
ISIC_0068840,0
ISIC_0068842,0
ISIC_0068843,0
ISIC_0068848,0
ISIC_0068849,0
ISIC_0068850,0
ISIC_0068851,0
ISIC_0068852,0
ISIC_0068853,0
ISIC_0068854,0
ISIC_0068855,0
ISIC_0068856,0
ISIC_0068858,0
ISIC_0068859,0
ISIC_0068861,0
ISIC_0068863,0
ISIC_0068865,0
ISIC_0068866,0
ISIC_0068874,0
ISIC_0068878,0
ISIC_0068879,0
ISIC_0068881,0
ISIC_0068882,0
ISIC_0068883,0
ISIC_0068884,0
ISIC_0068885,0
ISIC_0068888,0
ISIC_0068890,0
ISIC_0068892,0
ISIC_0068893,0
ISIC_0068895,0
ISIC_0068897,0
ISIC_0068898,0
ISIC_0068900,0
ISIC_0068905,0
ISIC_0068906,0
ISIC_0068907,0
ISIC_0068909,0
ISIC_0068911,0
ISIC_0068915,0
ISIC_0068917,0
ISIC_0068919,0
ISIC_0068920,0
ISIC_0068921,0
ISIC_0068924,0
ISIC_0068927,0
ISIC_0068928,0
ISIC_0068929,0
ISIC_0068930,0
ISIC_0068931,0
ISIC_0068933,0
ISIC_0068936,0
ISIC_0068938,0
ISIC_0068939,0
ISIC_0068941,0
ISIC_0068942,0
ISIC_0068943,0
ISIC_0068944,0
ISIC_0068945,0
ISIC_0068948,0
ISIC_0068949,0
ISIC_0068952,0
ISIC_0068954,0
ISIC_0068955,0
ISIC_0068957,0
ISIC_0068958,0
ISIC_0068959,0
ISIC_0068961,0
ISIC_0068962,0
ISIC_0068964,0
ISIC_0068966,0
ISIC_0068967,0
ISIC_0068968,0
ISIC_0068973,0
ISIC_0068975,0
ISIC_0068977,0
ISIC_0068979,0
ISIC_0068981,0
ISIC_0068982,0
ISIC_0068987,0
ISIC_0068989,0
ISIC_0068991,0
ISIC_0068992,0
ISIC_0068993,0
ISIC_0068996,0
ISIC_0069000,0
ISIC_0069002,0
ISIC_0069003,0
ISIC_0069004,0
ISIC_0069007,0
ISIC_0069008,0
ISIC_0069009,0
ISIC_0069010,0
ISIC_0069011,0
ISIC_0069013,0
ISIC_0069014,0
ISIC_0069015,0
ISIC_0069016,0
ISIC_0069017,0
ISIC_0069020,0
ISIC_0069021,0
ISIC_0069024,0
ISIC_0069025,0
ISIC_0069026,0
ISIC_0069027,0
ISIC_0069028,0
ISIC_0069029,0
ISIC_0069032,0
ISIC_0069033,0
ISIC_0069034,0
ISIC_0069035,0
ISIC_0069037,0
ISIC_0069038,0
ISIC_0069040,0
ISIC_0069042,0
ISIC_0069043,0
ISIC_0069047,0
ISIC_0069050,0
ISIC_0069052,0
ISIC_0069054,0
ISIC_0069055,0
ISIC_0069056,0
ISIC_0069057,0
ISIC_0069058,0
ISIC_0069059,0
ISIC_0069062,0
ISIC_0069065,0
ISIC_0069067,0
ISIC_0069068,0
ISIC_0069069,0
ISIC_0069070,0
ISIC_0069072,0
ISIC_0069073,0
ISIC_0069076,0
ISIC_0069077,0
ISIC_0069078,0
ISIC_0069080,0
ISIC_0069082,0
ISIC_0069083,0
ISIC_0069085,0
ISIC_0069086,0
ISIC_0069088,0
ISIC_0069090,0
ISIC_0069091,0
ISIC_0069093,0
ISIC_0069099,0
ISIC_0069102,0
ISIC_0069105,0
ISIC_0069108,0
ISIC_0069109,0
ISIC_0069110,0
ISIC_0069111,0
ISIC_0069112,0
ISIC_0069115,0
ISIC_0069118,0
ISIC_0069119,0
ISIC_0069120,0
ISIC_0069121,0
ISIC_0069122,0
ISIC_0069124,0
ISIC_0069125,0
ISIC_0069126,0
ISIC_0069129,0
ISIC_0069132,0
ISIC_0069133,0
ISIC_0069134,0
ISIC_0069136,0
ISIC_0069137,0
ISIC_0069141,0
ISIC_0069144,0
ISIC_0069145,0
ISIC_0069148,0
ISIC_0069150,0
ISIC_0069152,0
ISIC_0069153,0
ISIC_0069156,0
ISIC_0069157,0
ISIC_0069158,0
ISIC_0069159,0
ISIC_0069161,0
ISIC_0069163,0
ISIC_0069165,0
ISIC_0069167,0
ISIC_0069168,0
ISIC_0069172,0
ISIC_0069173,0
ISIC_0069174,0
ISIC_0069175,0
ISIC_0069178,0
ISIC_0069179,0
ISIC_0069180,0
ISIC_0069181,0
ISIC_0069185,0
ISIC_0069186,0
ISIC_0069187,0
ISIC_0069189,0
ISIC_0069190,0
ISIC_0069191,0
ISIC_0069192,0
ISIC_0069195,0
ISIC_0069197,0
ISIC_0069199,0
ISIC_0069201,0
ISIC_0069202,0
ISIC_0069203,0
ISIC_0069204,0
ISIC_0069205,0
ISIC_0069206,0
ISIC_0069209,0
ISIC_0069210,0
ISIC_0069211,0
ISIC_0069212,0
ISIC_0069213,0
ISIC_0069215,0
ISIC_0069219,0
ISIC_0069220,0
ISIC_0069221,0
ISIC_0069222,0
ISIC_0069224,0
ISIC_0069225,0
ISIC_0069228,0
ISIC_0069229,0
ISIC_0069230,0
ISIC_0069231,0
ISIC_0069235,0
ISIC_0069236,0
ISIC_0069238,0
ISIC_0069240,0
ISIC_0069243,0
ISIC_0069244,0
ISIC_0069245,0
ISIC_0069246,0
ISIC_0069247,0
ISIC_0069248,0
ISIC_0069252,0
ISIC_0069255,0
ISIC_0069257,0
ISIC_0069261,0
ISIC_0069262,0
ISIC_0069263,0
ISIC_0069264,0
ISIC_0069265,0
ISIC_0069266,0
ISIC_0069267,0
ISIC_0069270,0
ISIC_0069271,0
ISIC_0069273,0
ISIC_0069274,0
ISIC_0069277,0
ISIC_0069278,0
ISIC_0069280,0
ISIC_0069282,0
ISIC_0069287,0
ISIC_0069288,0
ISIC_0069292,0
ISIC_0069293,0
ISIC_0069294,0
ISIC_0069295,0
ISIC_0069296,0
ISIC_0069301,0
ISIC_0069303,0
ISIC_0069304,0
ISIC_0069306,0
ISIC_0069309,0
ISIC_0069312,0
ISIC_0069315,0
ISIC_0069316,0
ISIC_0069319,0
ISIC_0069320,0
ISIC_0069321,0
ISIC_0069322,0
ISIC_0069323,0
ISIC_0069329,0
ISIC_0069330,0
ISIC_0069331,0
ISIC_0069332,0
ISIC_0069334,0
ISIC_0069335,0
ISIC_0069337,0
ISIC_0069339,0
ISIC_0069342,0
ISIC_0069343,0
ISIC_0069344,0
ISIC_0069345,0
ISIC_0069350,0
ISIC_0069351,0
ISIC_0069354,0
ISIC_0069355,0
ISIC_0069357,0
ISIC_0069358,0
ISIC_0069359,0
ISIC_0069361,0
ISIC_0069362,0
ISIC_0069363,0
ISIC_0069365,0
ISIC_0069366,0
ISIC_0069367,0
ISIC_0069369,0
ISIC_0069374,0
ISIC_0069376,0
ISIC_0069379,0
ISIC_0069380,0
ISIC_0069382,0
ISIC_0069385,0
ISIC_0069386,0
ISIC_0069388,0
ISIC_0069389,0
ISIC_0069390,0
ISIC_0069391,0
ISIC_0069392,0
ISIC_0069394,0
ISIC_0069395,0
ISIC_0069396,0
ISIC_0069398,0
ISIC_0069402,0
ISIC_0069403,0
ISIC_0069407,0
ISIC_0069408,0
ISIC_0069411,0
ISIC_0069412,0
ISIC_0069415,0
ISIC_0069416,0
ISIC_0069418,0
ISIC_0069419,0
ISIC_0069421,0
ISIC_0069422,0
ISIC_0069424,0
ISIC_0069427,0
ISIC_0069428,0
ISIC_0069431,0
ISIC_0069432,0
ISIC_0069433,0
ISIC_0069434,0
ISIC_0069435,0
ISIC_0069437,0
ISIC_0069438,0
ISIC_0069442,0
ISIC_0069443,0
ISIC_0069446,0
ISIC_0069447,0
ISIC_0069449,0
ISIC_0069453,0
ISIC_0069454,0
ISIC_0069457,0
ISIC_0069458,0
ISIC_0069459,0
ISIC_0069460,0
ISIC_0069461,0
ISIC_0069462,0
ISIC_0069466,0
ISIC_0069467,0
ISIC_0069469,0
ISIC_0069473,0
ISIC_0069474,0
ISIC_0069475,0
ISIC_0069479,0
ISIC_0069481,0
ISIC_0069484,0
ISIC_0069485,0
ISIC_0069487,0
ISIC_0069488,0
ISIC_0069490,0
ISIC_0069492,0
ISIC_0069493,0
ISIC_0069494,0
ISIC_0069497,0
ISIC_0069502,0
ISIC_0069503,0
ISIC_0069504,0
ISIC_0069505,0
ISIC_0069506,0
ISIC_0069508,0
ISIC_0069509,0
ISIC_0069510,0
ISIC_0069511,0
ISIC_0069513,0
ISIC_0069514,0
ISIC_0069515,0
ISIC_0069518,0
ISIC_0069519,0
ISIC_0069521,0
ISIC_0069522,0
ISIC_0069524,0
ISIC_0069527,0
ISIC_0069528,0
ISIC_0069529,0
ISIC_0069530,0
ISIC_0069532,0
ISIC_0069534,0
ISIC_0069535,0
ISIC_0069536,0
ISIC_0069537,0
ISIC_0069540,0
ISIC_0069544,0
ISIC_0069548,0
ISIC_0069553,0
ISIC_0069554,0
ISIC_0069555,0
ISIC_0069559,0
ISIC_0069562,0
ISIC_0069564,0
ISIC_0069565,0
ISIC_0069566,0
ISIC_0069568,0
ISIC_0069569,0
ISIC_0069570,0
ISIC_0069571,0
ISIC_0069572,0
ISIC_0069573,0
ISIC_0069574,0
ISIC_0069575,0
ISIC_0069581,0
ISIC_0069583,0
ISIC_0069584,0
ISIC_0069588,0
ISIC_0069589,0
ISIC_0069590,0
ISIC_0069591,0
ISIC_0069592,0
ISIC_0069595,0
ISIC_0069596,0
ISIC_0069603,0
ISIC_0069608,0
ISIC_0069610,0
ISIC_0069611,0
ISIC_0069616,0
ISIC_0069617,0
ISIC_0069620,0
ISIC_0069621,0
ISIC_0069622,0
ISIC_0069623,0
ISIC_0069624,0
ISIC_0069626,0
ISIC_0069628,0
ISIC_0069629,0
ISIC_0069630,0
ISIC_0069632,0
ISIC_0069633,0
ISIC_0069635,0
ISIC_0069636,0
ISIC_0069638,0
ISIC_0069640,0
ISIC_0069641,0
ISIC_0069642,0
ISIC_0069643,0
ISIC_0069645,0
ISIC_0069646,0
ISIC_0069647,0
ISIC_0069648,0
ISIC_0069649,0
ISIC_0069650,0
ISIC_0069652,0
ISIC_0069653,0
ISIC_0069654,0
ISIC_0069657,0
ISIC_0069659,0
ISIC_0069660,0
ISIC_0069663,0
ISIC_0069665,0
ISIC_0069668,0
ISIC_0069669,0
ISIC_0069671,0
ISIC_0069672,0
ISIC_0069673,0
ISIC_0069676,0
ISIC_0069679,0
ISIC_0069682,0
ISIC_0069683,0
ISIC_0069685,0
ISIC_0069686,0
ISIC_0069687,0
ISIC_0069688,0
ISIC_0069693,0
ISIC_0069695,0
ISIC_0069697,0
ISIC_0069698,0
ISIC_0069700,0
ISIC_0069701,0
ISIC_0069703,0
ISIC_0069704,0
ISIC_0069705,0
ISIC_0069709,0
ISIC_0069712,0
ISIC_0069713,0
ISIC_0069714,0
ISIC_0069715,0
ISIC_0069719,0
ISIC_0069721,0
ISIC_0069722,0
ISIC_0069727,0
ISIC_0069731,0
ISIC_0069732,0
ISIC_0069733,0
ISIC_0069734,0
ISIC_0069735,0
ISIC_0069736,0
ISIC_0069738,0
ISIC_0069739,0
ISIC_0069740,0
ISIC_0069743,0
ISIC_0069746,0
ISIC_0069747,0
ISIC_0069749,0
ISIC_0069752,0
ISIC_0069754,0
ISIC_0069755,0
ISIC_0069756,0
ISIC_0069758,0
ISIC_0069759,0
ISIC_0069760,0
ISIC_0069764,0
ISIC_0069765,0
ISIC_0069767,0
ISIC_0069768,0
ISIC_0069769,0
ISIC_0069774,0
ISIC_0069775,0
ISIC_0069778,0
ISIC_0069783,0
ISIC_0069785,0
ISIC_0069789,0
ISIC_0069791,0
ISIC_0069793,0
ISIC_0069794,0
ISIC_0069796,0
ISIC_0069797,0
ISIC_0069800,0
ISIC_0069802,0
ISIC_0069804,0
ISIC_0069805,0
ISIC_0069806,0
ISIC_0069807,0
ISIC_0069810,0
ISIC_0069811,0
ISIC_0069813,0
ISIC_0069814,0
ISIC_0069817,0
ISIC_0069818,0
ISIC_0069819,0
ISIC_0069820,0
ISIC_0069821,0
ISIC_0069823,0
ISIC_0069824,0
ISIC_0069826,0
ISIC_0069828,0
ISIC_0069831,0
ISIC_0069833,0
ISIC_0069834,0
ISIC_0069835,0
ISIC_0069837,0
ISIC_0069838,0
ISIC_0069839,0
ISIC_0069840,0
ISIC_0069841,0
ISIC_0069842,0
ISIC_0069844,0
ISIC_0069851,0
ISIC_0069856,0
ISIC_0069859,0
ISIC_0069860,0
ISIC_0069862,0
ISIC_0069864,0
ISIC_0069866,0
ISIC_0069868,0
ISIC_0069869,0
ISIC_0069871,0
ISIC_0069873,0
ISIC_0069876,0
ISIC_0069877,0
ISIC_0069880,0
ISIC_0069881,0
ISIC_0069883,0
ISIC_0069885,0
ISIC_0069886,0
ISIC_0069887,0
ISIC_0069888,0
ISIC_0069889,0
ISIC_0069891,0
ISIC_0069893,0
ISIC_0069896,0
ISIC_0069897,0
ISIC_0069898,0
ISIC_0069899,0
ISIC_0069901,0
ISIC_0069904,0
ISIC_0069905,0
ISIC_0069906,0
ISIC_0069907,0
ISIC_0069908,0
ISIC_0069910,0
ISIC_0069911,0
ISIC_0069913,0
ISIC_0069914,0
ISIC_0069916,0
ISIC_0069918,0
ISIC_0069920,0
ISIC_0069922,0
ISIC_0069923,0
ISIC_0069924,0
ISIC_0069925,0
ISIC_0069926,0
ISIC_0069928,0
ISIC_0069929,0
ISIC_0069930,0
ISIC_0069931,0
ISIC_0069934,0
ISIC_0069935,0
ISIC_0069936,0
ISIC_0069937,0
ISIC_0069939,0
ISIC_0069942,0
ISIC_0069943,0
ISIC_0069944,0
ISIC_0069945,0
ISIC_0069946,0
ISIC_0069947,0
ISIC_0069951,0
ISIC_0069952,0
ISIC_0069953,0
ISIC_0069955,0
ISIC_0069958,0
ISIC_0069959,0
ISIC_0069961,0
ISIC_0069966,0
ISIC_0069967,0
ISIC_0069970,0
ISIC_0069971,0
ISIC_0069972,0
ISIC_0069974,0
ISIC_0069977,0
ISIC_0069978,0
ISIC_0069979,0
ISIC_0069981,0
ISIC_0069984,0
ISIC_0069986,0
ISIC_0069988,0
ISIC_0069992,0
ISIC_0069994,0
ISIC_0069995,0
ISIC_0069996,0
ISIC_0070003,0
ISIC_0070005,0
ISIC_0070006,0
ISIC_0070007,0
ISIC_0070011,0
ISIC_0070012,0
ISIC_0070016,0
ISIC_0070017,0
ISIC_0070018,0
ISIC_0070019,0
ISIC_0070021,0
ISIC_0070023,0
ISIC_0070025,0
ISIC_0070026,0
ISIC_0070027,0
ISIC_0070029,0
ISIC_0070030,0
ISIC_0070032,0
ISIC_0070033,0
ISIC_0070038,0
ISIC_0070040,0
ISIC_0070041,0
ISIC_0070044,0
ISIC_0070045,0
ISIC_0070049,0
ISIC_0070050,0
ISIC_0070051,0
ISIC_0070053,0
ISIC_0070056,0
ISIC_0070057,0
ISIC_0070061,0
ISIC_0070062,0
ISIC_0070068,0
ISIC_0070069,0
ISIC_0070073,0
ISIC_0070077,0
ISIC_0070079,0
ISIC_0070080,0
ISIC_0070081,0
ISIC_0070082,0
ISIC_0070085,0
ISIC_0070086,0
ISIC_0070087,0
ISIC_0070089,0
ISIC_0070090,0
ISIC_0070092,0
ISIC_0070093,0
ISIC_0070095,0
ISIC_0070096,0
ISIC_0070101,0
ISIC_0070102,0
ISIC_0070104,0
ISIC_0070105,0
ISIC_0070107,0
ISIC_0070108,0
ISIC_0070109,0
ISIC_0070110,0
ISIC_0070114,0
ISIC_0070117,0
ISIC_0070120,0
ISIC_0070122,0
ISIC_0070123,0
ISIC_0070125,0
ISIC_0070127,0
ISIC_0070128,0
ISIC_0070129,0
ISIC_0070130,0
ISIC_0070131,0
ISIC_0070132,0
ISIC_0070137,0
ISIC_0070138,0
ISIC_0070139,0
ISIC_0070141,0
ISIC_0070145,0
ISIC_0070146,0
ISIC_0070147,0
ISIC_0070148,0
ISIC_0070149,0
ISIC_0070150,0
ISIC_0070153,0
ISIC_0070154,0
ISIC_0070155,0
ISIC_0070157,0
ISIC_0070162,0
ISIC_0070164,0
ISIC_0070165,0
ISIC_0070169,0
ISIC_0070170,0
ISIC_0070171,0
ISIC_0070172,0
ISIC_0070173,0
ISIC_0070179,0
ISIC_0070181,0
ISIC_0070184,0
ISIC_0070186,0
ISIC_0070197,0
ISIC_0070201,0
ISIC_0070202,0
ISIC_0070204,0
ISIC_0070207,0
ISIC_0070210,0
ISIC_0070212,0
ISIC_0070213,0
ISIC_0070215,0
ISIC_0070216,0
ISIC_0070217,0
ISIC_0070218,0
ISIC_0070219,0
ISIC_0070220,0
ISIC_0070224,0
ISIC_0070226,0
ISIC_0070227,0
ISIC_0070228,0
ISIC_0070230,0
ISIC_0070232,0
ISIC_0070233,0
ISIC_0070235,0
ISIC_0070236,0
ISIC_0070237,0
ISIC_0070239,0
ISIC_0070240,0
ISIC_0070243,0
ISIC_0070244,0
ISIC_0070245,0
ISIC_0070247,0
ISIC_0070248,0
ISIC_0070250,0
ISIC_0070252,0
ISIC_0070253,0
ISIC_0070254,0
ISIC_0070256,0
ISIC_0070259,0
ISIC_0070260,0
ISIC_0070262,0
ISIC_0070264,0
ISIC_0070267,0
ISIC_0070271,0
ISIC_0070272,0
ISIC_0070273,0
ISIC_0070274,0
ISIC_0070276,0
ISIC_0070284,0
ISIC_0070286,0
ISIC_0070287,0
ISIC_0070288,0
ISIC_0070292,0
ISIC_0070294,0
ISIC_0070295,0
ISIC_0070298,0
ISIC_0070299,0
ISIC_0070300,0
ISIC_0070301,0
ISIC_0070303,0
ISIC_0070304,0
ISIC_0070305,0
ISIC_0070306,0
ISIC_0070307,0
ISIC_0070308,0
ISIC_0070309,0
ISIC_0070311,0
ISIC_0070312,0
ISIC_0070313,0
ISIC_0070315,0
ISIC_0070316,0
ISIC_0070318,0
ISIC_0070319,0
ISIC_0070320,0
ISIC_0070321,0
ISIC_0070322,0
ISIC_0070325,0
ISIC_0070327,0
ISIC_0070328,0
ISIC_0070331,0
ISIC_0070338,0
ISIC_0070340,0
ISIC_0070341,0
ISIC_0070342,0
ISIC_0070344,0
ISIC_0070345,0
ISIC_0070347,0
ISIC_0070349,0
ISIC_0070350,0
ISIC_0070351,0
ISIC_0070352,0
ISIC_0070353,0
ISIC_0070358,0
ISIC_0070360,0
ISIC_0070361,0
ISIC_0070362,0
ISIC_0070363,0
ISIC_0070366,0
ISIC_0070367,0
ISIC_0070368,0
ISIC_0070371,0
ISIC_0070373,0
ISIC_0070374,0
ISIC_0070375,0
ISIC_0070376,0
ISIC_0070377,0
ISIC_0070380,0
ISIC_0070381,0
ISIC_0070382,0
ISIC_0070383,0
ISIC_0070386,0
ISIC_0070387,0
ISIC_0070390,0
ISIC_0070396,0
ISIC_0070399,0
ISIC_0070400,0
ISIC_0070403,0
ISIC_0070404,0
ISIC_0070407,0
ISIC_0070413,0
ISIC_0070414,0
ISIC_0070415,0
ISIC_0070419,0
ISIC_0070421,0
ISIC_0070425,0
ISIC_0070427,0
ISIC_0070430,0
ISIC_0070431,0
ISIC_0070433,0
ISIC_0070434,0
ISIC_0070435,0
ISIC_0070437,0
ISIC_0070439,0
ISIC_0070440,0
ISIC_0070441,0
ISIC_0070442,0
ISIC_0070443,0
ISIC_0070445,0
ISIC_0070446,0
ISIC_0070447,0
ISIC_0070448,0
ISIC_0070451,0
ISIC_0070452,0
ISIC_0070453,0
ISIC_0070454,0
ISIC_0070456,0
ISIC_0070457,0
ISIC_0070461,0
ISIC_0070462,0
ISIC_0070465,0
ISIC_0070466,0
ISIC_0070472,0
ISIC_0070473,0
ISIC_0070476,0
ISIC_0070477,0
ISIC_0070478,0
ISIC_0070480,0
ISIC_0070485,0
ISIC_0070487,0
ISIC_0070489,0
ISIC_0070490,0
ISIC_0070491,0
ISIC_0070492,0
ISIC_0070493,0
ISIC_0070495,0
ISIC_0070496,0
ISIC_0070501,0
ISIC_0070502,0
ISIC_0070503,0
ISIC_0070504,0
ISIC_0070505,0
ISIC_0070506,0
ISIC_0070507,0
ISIC_0070508,0
ISIC_0070510,0
ISIC_0070511,0
ISIC_0070513,0
ISIC_0070515,0
ISIC_0070517,0
ISIC_0070519,0
ISIC_0070520,0
ISIC_0070521,0
ISIC_0070522,0
ISIC_0070524,0
ISIC_0070525,0
ISIC_0070527,0
ISIC_0070528,0
ISIC_0070529,0
ISIC_0070532,0
ISIC_0070533,0
ISIC_0070534,0
ISIC_0070537,0
ISIC_0070538,0
ISIC_0070539,0
ISIC_0070540,0
ISIC_0070542,0
ISIC_0070544,0
ISIC_0070546,0
ISIC_0070549,0
ISIC_0070550,0
ISIC_0070551,0
ISIC_0070552,0
ISIC_0070553,0
ISIC_0070557,0
ISIC_0070560,0
ISIC_0070562,0
ISIC_0070565,0
ISIC_0070566,0
ISIC_0070572,0
ISIC_0070575,0
ISIC_0070576,0
ISIC_0070577,0
ISIC_0070578,0
ISIC_0070579,0
ISIC_0070580,0
ISIC_0070581,0
ISIC_0070585,0
ISIC_0070587,0
ISIC_0070588,0
ISIC_0070589,0
ISIC_0070590,0
ISIC_0070592,0
ISIC_0070593,0
ISIC_0070595,0
ISIC_0070596,0
ISIC_0070597,0
ISIC_0070598,0
ISIC_0070600,0
ISIC_0070601,0
ISIC_0070602,0
ISIC_0070606,0
ISIC_0070607,0
ISIC_0070608,0
ISIC_0070609,0
ISIC_0070610,0
ISIC_0070611,0
ISIC_0070612,0
ISIC_0070614,0
ISIC_0070618,0
ISIC_0070619,0
ISIC_0070623,0
ISIC_0070624,0
ISIC_0070625,0
ISIC_0070626,0
ISIC_0070629,0
ISIC_0070631,0
ISIC_0070634,0
ISIC_0070638,0
ISIC_0070640,0
ISIC_0070641,0
ISIC_0070642,0
ISIC_0070644,0
ISIC_0070646,0
ISIC_0070647,0
ISIC_0070651,0
ISIC_0070652,0
ISIC_0070653,0
ISIC_0070656,0
ISIC_0070657,0
ISIC_0070658,0
ISIC_0070659,0
ISIC_0070661,0
ISIC_0070662,0
ISIC_0070663,0
ISIC_0070665,0
ISIC_0070666,0
ISIC_0070667,0
ISIC_0070669,0
ISIC_0070671,0
ISIC_0070672,0
ISIC_0070673,0
ISIC_0070676,0
ISIC_0070678,0
ISIC_0070679,0
ISIC_0070682,0
ISIC_0070683,0
ISIC_0070685,0
ISIC_0070687,0
ISIC_0070688,0
ISIC_0070689,0
ISIC_0070690,0
ISIC_0070691,0
ISIC_0070692,0
ISIC_0070694,0
ISIC_0070696,0
ISIC_0070698,0
ISIC_0070700,0
ISIC_0070701,0
ISIC_0070702,0
ISIC_0070705,0
ISIC_0070709,0
ISIC_0070710,0
ISIC_0070711,0
ISIC_0070715,0
ISIC_0070717,0
ISIC_0070718,0
ISIC_0070719,0
ISIC_0070722,0
ISIC_0070724,0
ISIC_0070727,0
ISIC_0070729,0
ISIC_0070730,0
ISIC_0070731,0
ISIC_0070732,0
ISIC_0070733,0
ISIC_0070734,0
ISIC_0070735,0
ISIC_0070736,0
ISIC_0070737,0
ISIC_0070739,0
ISIC_0070741,0
ISIC_0070742,0
ISIC_0070743,0
ISIC_0070744,0
ISIC_0070745,0
ISIC_0070747,0
ISIC_0070748,0
ISIC_0070749,0
ISIC_0070751,0
ISIC_0070752,0
ISIC_0070754,0
ISIC_0070756,0
ISIC_0070761,0
ISIC_0070763,0
ISIC_0070764,0
ISIC_0070765,0
ISIC_0070766,0
ISIC_0070770,0
ISIC_0070771,0
ISIC_0070773,0
ISIC_0070774,0
ISIC_0070778,0
ISIC_0070780,0
ISIC_0070781,0
ISIC_0070784,0
ISIC_0070785,0
ISIC_0070786,0
ISIC_0070787,0
ISIC_0070790,0
ISIC_0070791,0
ISIC_0070794,0
ISIC_0070796,0
ISIC_0070799,0
ISIC_0070800,0
ISIC_0070801,0
ISIC_0070802,0
ISIC_0070805,0
ISIC_0070806,0
ISIC_0070807,0
ISIC_0070808,0
ISIC_0070809,0
ISIC_0070814,0
ISIC_0070815,0
ISIC_0070816,0
ISIC_0070818,0
ISIC_0070819,0
ISIC_0070822,0
ISIC_0070824,0
ISIC_0070825,0
ISIC_0070827,0
ISIC_0070829,0
ISIC_0070831,0
ISIC_0070832,0
ISIC_0070833,0
ISIC_0070834,0
ISIC_0070836,0
ISIC_0070837,0
ISIC_0070838,0
ISIC_0070840,0
ISIC_0070842,0
ISIC_0070844,0
ISIC_0070846,0
ISIC_0070847,0
ISIC_0070850,0
ISIC_0070852,0
ISIC_0070857,0
ISIC_0070858,0
ISIC_0070863,0
ISIC_0070867,0
ISIC_0070868,0
ISIC_0070869,0
ISIC_0070870,0
ISIC_0070871,0
ISIC_0070875,0
ISIC_0070883,0
ISIC_0070885,0
ISIC_0070886,0
ISIC_0070887,0
ISIC_0070888,0
ISIC_0070889,0
ISIC_0070891,0
ISIC_0070893,0
ISIC_0070895,0
ISIC_0070900,0
ISIC_0070902,0
ISIC_0070903,0
ISIC_0070907,0
ISIC_0070910,0
ISIC_0070911,0
ISIC_0070913,0
ISIC_0070916,0
ISIC_0070918,0
ISIC_0070920,0
ISIC_0070922,0
ISIC_0070924,0
ISIC_0070925,0
ISIC_0070927,0
ISIC_0070930,0
ISIC_0070935,0
ISIC_0070937,0
ISIC_0070938,0
ISIC_0070940,0
ISIC_0070941,0
ISIC_0070945,0
ISIC_0070949,0
ISIC_0070950,0
ISIC_0070951,0
ISIC_0070953,0
ISIC_0070954,0
ISIC_0070955,0
ISIC_0070958,0
ISIC_0070959,0
ISIC_0070961,0
ISIC_0070964,0
ISIC_0070966,0
ISIC_0070967,0
ISIC_0070969,0
ISIC_0070970,0
ISIC_0070973,0
ISIC_0070974,0
ISIC_0070976,0
ISIC_0070979,0
ISIC_0070980,0
ISIC_0070981,0
ISIC_0070983,0
ISIC_0070984,0
ISIC_0070987,0
ISIC_0070988,0
ISIC_0070989,0
ISIC_0070990,0
ISIC_0070992,0
ISIC_0070993,0
ISIC_0070994,0
ISIC_0070995,0
ISIC_0070998,0
ISIC_0071001,0
ISIC_0071004,0
ISIC_0071005,0
ISIC_0071006,0
ISIC_0071007,0
ISIC_0071008,0
ISIC_0071010,0
ISIC_0071011,0
ISIC_0071012,0
ISIC_0071013,0
ISIC_0071017,0
ISIC_0071020,0
ISIC_0071021,0
ISIC_0071023,0
ISIC_0071026,0
ISIC_0071028,0
ISIC_0071030,0
ISIC_0071032,0
ISIC_0071033,0
ISIC_0071034,0
ISIC_0071035,0
ISIC_0071038,0
ISIC_0071039,0
ISIC_0071043,0
ISIC_0071045,0
ISIC_0071046,0
ISIC_0071047,0
ISIC_0071048,0
ISIC_0071053,0
ISIC_0071058,0
ISIC_0071063,0
ISIC_0071067,0
ISIC_0071068,0
ISIC_0071069,0
ISIC_0071071,0
ISIC_0071074,0
ISIC_0071076,0
ISIC_0071077,0
ISIC_0071078,0
ISIC_0071079,0
ISIC_0071080,0
ISIC_0071081,0
ISIC_0071082,0
ISIC_0071085,0
ISIC_0071087,0
ISIC_0071088,0
ISIC_0071089,0
ISIC_0071093,0
ISIC_0071095,0
ISIC_0071097,0
ISIC_0071099,0
ISIC_0071101,0
ISIC_0071102,0
ISIC_0071103,0
ISIC_0071105,0
ISIC_0071108,0
ISIC_0071109,0
ISIC_0071110,0
ISIC_0071111,0
ISIC_0071113,0
ISIC_0071114,0
ISIC_0071116,0
ISIC_0071119,0
ISIC_0071122,0
ISIC_0071123,0
ISIC_0071124,0
ISIC_0071126,0
ISIC_0071127,0
ISIC_0071129,0
ISIC_0071132,0
ISIC_0071133,0
ISIC_0071134,0
ISIC_0071137,0
ISIC_0071138,0
ISIC_0071142,0
ISIC_0071143,0
ISIC_0071144,0
ISIC_0071147,0
ISIC_0071149,0
ISIC_0071151,0
ISIC_0071152,0
ISIC_0071156,0
ISIC_0071157,0
ISIC_0071159,0
ISIC_0071163,0
ISIC_0071164,0
ISIC_0071165,0
ISIC_0071166,0
ISIC_0071169,0
ISIC_0071170,0
ISIC_0071171,0
ISIC_0071172,0
ISIC_0071176,0
ISIC_0071177,0
ISIC_0071178,0
ISIC_0071180,0
ISIC_0071181,0
ISIC_0071182,0
ISIC_0071185,0
ISIC_0071188,0
ISIC_0071194,0
ISIC_0071195,0
ISIC_0071196,0
ISIC_0071198,0
ISIC_0071199,0
ISIC_0071202,0
ISIC_0071207,0
ISIC_0071208,0
ISIC_0071212,0
ISIC_0071215,0
ISIC_0071216,0
ISIC_0071218,0
ISIC_0071221,0
ISIC_0071222,0
ISIC_0071223,0
ISIC_0071230,0
ISIC_0071233,0
ISIC_0071235,0
ISIC_0071236,0
ISIC_0071237,0
ISIC_0071238,0
ISIC_0071240,0
ISIC_0071241,0
ISIC_0071242,0
ISIC_0071245,0
ISIC_0071248,0
ISIC_0071250,0
ISIC_0071253,0
ISIC_0071255,0
ISIC_0071257,0
ISIC_0071258,0
ISIC_0071259,0
ISIC_0071260,0
ISIC_0071261,0
ISIC_0071262,0
ISIC_0071266,0
ISIC_0071269,0
ISIC_0071270,0
ISIC_0071271,0
ISIC_0071274,0
ISIC_0071281,0
ISIC_0071283,0
ISIC_0071284,0
ISIC_0071285,0
ISIC_0071286,0
ISIC_0071287,0
ISIC_0071289,0
ISIC_0071290,0
ISIC_0071291,0
ISIC_0071292,0
ISIC_0071294,0
ISIC_0071295,0
ISIC_0071296,0
ISIC_0071297,0
ISIC_0071299,0
ISIC_0071300,0
ISIC_0071301,0
ISIC_0071302,0
ISIC_0071303,0
ISIC_0071304,0
ISIC_0071305,0
ISIC_0071308,0
ISIC_0071311,0
ISIC_0071315,0
ISIC_0071317,0
ISIC_0071320,0
ISIC_0071323,0
ISIC_0071326,0
ISIC_0071327,0
ISIC_0071329,0
ISIC_0071331,0
ISIC_0071332,0
ISIC_0071333,0
ISIC_0071334,0
ISIC_0071335,0
ISIC_0071338,0
ISIC_0071342,0
ISIC_0071343,0
ISIC_0071345,0
ISIC_0071346,0
ISIC_0071347,0
ISIC_0071351,0
ISIC_0071355,0
ISIC_0071356,0
ISIC_0071357,0
ISIC_0071358,0
ISIC_0071361,0
ISIC_0071365,0
ISIC_0071366,0
ISIC_0071369,0
ISIC_0071372,0
ISIC_0071374,0
ISIC_0071375,0
ISIC_0071377,0
ISIC_0071384,0
ISIC_0071385,0
ISIC_0071388,0
ISIC_0071392,0
ISIC_0071395,0
ISIC_0071397,0
ISIC_0071398,0
ISIC_0071399,0
ISIC_0071400,0
ISIC_0071401,0
ISIC_0071402,0
ISIC_0071403,0
ISIC_0071404,0
ISIC_0071407,0
ISIC_0071410,0
ISIC_0071411,0
ISIC_0071417,0
ISIC_0071418,0
ISIC_0071420,0
ISIC_0071421,0
ISIC_0071422,0
ISIC_0071424,0
ISIC_0071426,0
ISIC_0071428,0
ISIC_0071430,0
ISIC_0071431,0
ISIC_0071432,0
ISIC_0071433,0
ISIC_0071437,0
ISIC_0071438,0
ISIC_0071440,0
ISIC_0071443,0
ISIC_0071444,0
ISIC_0071446,0
ISIC_0071447,0
ISIC_0071448,0
ISIC_0071449,0
ISIC_0071450,0
ISIC_0071452,0
ISIC_0071454,0
ISIC_0071456,0
ISIC_0071458,0
ISIC_0071459,0
ISIC_0071460,0
ISIC_0071461,0
ISIC_0071464,0
ISIC_0071466,0
ISIC_0071467,0
ISIC_0071469,0
ISIC_0071470,0
ISIC_0071476,0
ISIC_0071478,0
ISIC_0071479,0
ISIC_0071483,0
ISIC_0071485,0
ISIC_0071488,0
ISIC_0071489,0
ISIC_0071490,0
ISIC_0071491,0
ISIC_0071493,0
ISIC_0071497,0
ISIC_0071499,0
ISIC_0071500,0
ISIC_0071502,0
ISIC_0071506,0
ISIC_0071508,0
ISIC_0071512,0
ISIC_0071514,0
ISIC_0071515,0
ISIC_0071516,0
ISIC_0071518,0
ISIC_0071519,0
ISIC_0071523,0
ISIC_0071524,0
ISIC_0071525,0
ISIC_0071526,0
ISIC_0071528,0
ISIC_0071529,0
ISIC_0071531,0
ISIC_0071533,0
ISIC_0071534,0
ISIC_0071539,0
ISIC_0071545,0
ISIC_0071546,0
ISIC_0071548,0
ISIC_0071550,0
ISIC_0071551,0
ISIC_0071552,0
ISIC_0071554,0
ISIC_0071556,0
ISIC_0071558,0
ISIC_0071559,0
ISIC_0071560,0
ISIC_0071561,0
ISIC_0071563,0
ISIC_0071564,0
ISIC_0071565,0
ISIC_0071567,0
ISIC_0071568,0
ISIC_0071572,0
ISIC_0071573,0
ISIC_0071576,0
ISIC_0071579,0
ISIC_0071580,0
ISIC_0071583,0
ISIC_0071584,0
ISIC_0071586,0
ISIC_0071589,0
ISIC_0071592,0
ISIC_0071594,0
ISIC_0071595,0
ISIC_0071596,0
ISIC_0071597,0
ISIC_0071599,0
ISIC_0071600,0
ISIC_0071602,0
ISIC_0071604,0
ISIC_0071609,0
ISIC_0071618,0
ISIC_0071619,0
ISIC_0071622,0
ISIC_0071625,0
ISIC_0071627,0
ISIC_0071628,0
ISIC_0071630,0
ISIC_0071631,0
ISIC_0071632,0
ISIC_0071635,0
ISIC_0071637,0
ISIC_0071639,0
ISIC_0071645,0
ISIC_0071646,0
ISIC_0071648,0
ISIC_0071650,0
ISIC_0071651,0
ISIC_0071654,0
ISIC_0071655,0
ISIC_0071658,0
ISIC_0071659,0
ISIC_0071661,0
ISIC_0071662,0
ISIC_0071663,0
ISIC_0071664,0
ISIC_0071666,0
ISIC_0071667,0
ISIC_0071668,0
ISIC_0071669,0
ISIC_0071670,0
ISIC_0071673,0
ISIC_0071674,0
ISIC_0071678,0
ISIC_0071679,0
ISIC_0071684,0
ISIC_0071687,0
ISIC_0071690,0
ISIC_0071692,0
ISIC_0071694,0
ISIC_0071696,0
ISIC_0071697,0
ISIC_0071701,0
ISIC_0071702,0
ISIC_0071707,0
ISIC_0071708,0
ISIC_0071711,0
ISIC_0071713,0
ISIC_0071714,0
ISIC_0071715,0
ISIC_0071716,0
ISIC_0071717,0
ISIC_0071718,0
ISIC_0071719,0
ISIC_0071720,0
ISIC_0071724,0
ISIC_0071725,0
ISIC_0071726,0
ISIC_0071727,0
ISIC_0071730,0
ISIC_0071731,0
ISIC_0071733,0
ISIC_0071735,0
ISIC_0071738,0
ISIC_0071740,0
ISIC_0071742,0
ISIC_0071747,0
ISIC_0071749,0
ISIC_0071750,0
ISIC_0071751,0
ISIC_0071752,0
ISIC_0071753,0
ISIC_0071755,0
ISIC_0071756,0
ISIC_0071757,0
ISIC_0071758,0
ISIC_0071759,0
ISIC_0071760,0
ISIC_0071762,0
ISIC_0071763,0
ISIC_0071765,0
ISIC_0071766,0
ISIC_0071767,0
ISIC_0071772,0
ISIC_0071773,0
ISIC_0071774,0
ISIC_0071776,0
ISIC_0071778,0
ISIC_0071779,0
ISIC_0071782,0
ISIC_0071783,0
ISIC_0071784,0
ISIC_0071788,0
ISIC_0071789,0
ISIC_0071792,0
ISIC_0071794,0
ISIC_0071795,0
ISIC_0071796,0
ISIC_0071797,0
ISIC_0071800,0
ISIC_0071805,0
ISIC_0071806,0
ISIC_0071807,0
ISIC_0071808,0
ISIC_0071809,0
ISIC_0071814,0
ISIC_0071815,0
ISIC_0071822,0
ISIC_0071824,0
ISIC_0071828,0
ISIC_0071831,0
ISIC_0071832,0
ISIC_0071834,0
ISIC_0071835,0
ISIC_0071836,0
ISIC_0071837,0
ISIC_0071840,0
ISIC_0071841,0
ISIC_0071846,0
ISIC_0071848,0
ISIC_0071849,0
ISIC_0071855,0
ISIC_0071857,0
ISIC_0071858,0
ISIC_0071859,0
ISIC_0071860,0
ISIC_0071864,0
ISIC_0071865,0
ISIC_0071866,0
ISIC_0071867,0
ISIC_0071868,0
ISIC_0071869,0
ISIC_0071871,0
ISIC_0071872,0
ISIC_0071874,0
ISIC_0071875,0
ISIC_0071877,0
ISIC_0071880,0
ISIC_0071882,0
ISIC_0071883,0
ISIC_0071884,0
ISIC_0071885,0
ISIC_0071886,0
ISIC_0071887,0
ISIC_0071891,0
ISIC_0071892,0
ISIC_0071893,0
ISIC_0071896,0
ISIC_0071897,0
ISIC_0071898,0
ISIC_0071899,0
ISIC_0071901,0
ISIC_0071902,0
ISIC_0071904,0
ISIC_0071905,0
ISIC_0071906,0
ISIC_0071909,0
ISIC_0071914,0
ISIC_0071916,0
ISIC_0071919,0
ISIC_0071920,0
ISIC_0071923,0
ISIC_0071925,0
ISIC_0071926,0
ISIC_0071930,0
ISIC_0071931,0
ISIC_0071935,0
ISIC_0071936,0
ISIC_0071939,0
ISIC_0071941,0
ISIC_0071942,0
ISIC_0071944,0
ISIC_0071945,0
ISIC_0071946,0
ISIC_0071948,0
ISIC_0071949,0
ISIC_0071950,0
ISIC_0071951,0
ISIC_0071953,0
ISIC_0071954,0
ISIC_0071955,0
ISIC_0071957,0
ISIC_0071961,0
ISIC_0071967,0
ISIC_0071968,0
ISIC_0071969,0
ISIC_0071970,0
ISIC_0071972,0
ISIC_0071973,0
ISIC_0071976,0
ISIC_0071982,0
ISIC_0071984,0
ISIC_0071985,0
ISIC_0071986,0
ISIC_0071987,0
ISIC_0071989,0
ISIC_0071991,0
ISIC_0071992,0
ISIC_0071994,0
ISIC_0071996,0
ISIC_0071997,0
ISIC_0071998,0
ISIC_0071999,0
ISIC_0072000,0
ISIC_0072001,0
ISIC_0072002,0
ISIC_0072003,0
ISIC_0072004,0
ISIC_0072005,0
ISIC_0072006,0
ISIC_0072007,0
ISIC_0072010,0
ISIC_0072011,0
ISIC_0072013,0
ISIC_0072016,0
ISIC_0072018,0
ISIC_0072020,0
ISIC_0072021,0
ISIC_0072022,0
ISIC_0072023,0
ISIC_0072024,0
ISIC_0072026,0
ISIC_0072029,0
ISIC_0072030,0
ISIC_0072031,0
ISIC_0072032,0
ISIC_0072034,0
ISIC_0072035,0
ISIC_0072037,0
ISIC_0072041,0
ISIC_0072043,0
ISIC_0072045,0
ISIC_0072047,0
ISIC_0072048,0
ISIC_0072049,0
ISIC_0072050,0
ISIC_0072051,0
ISIC_0072052,0
ISIC_0072054,0
ISIC_0072057,0
ISIC_0072058,0
ISIC_0072061,0
ISIC_0072063,0
ISIC_0072065,0
ISIC_0072066,0
ISIC_0072067,0
ISIC_0072069,0
ISIC_0072070,0
ISIC_0072072,0
ISIC_0072074,0
ISIC_0072075,0
ISIC_0072077,0
ISIC_0072078,0
ISIC_0072080,0
ISIC_0072081,0
ISIC_0072083,0
ISIC_0072084,0
ISIC_0072085,0
ISIC_0072086,0
ISIC_0072087,0
ISIC_0072090,0
ISIC_0072091,0
ISIC_0072094,0
ISIC_0072095,0
ISIC_0072096,0
ISIC_0072097,0
ISIC_0072099,0
ISIC_0072100,0
ISIC_0072101,0
ISIC_0072102,0
ISIC_0072103,0
ISIC_0072105,0
ISIC_0072107,0
ISIC_0072108,0
ISIC_0072109,0
ISIC_0072111,0
ISIC_0072114,0
ISIC_0072116,0
ISIC_0072117,0
ISIC_0072120,0
ISIC_0072121,0
ISIC_0072122,0
ISIC_0072123,0
ISIC_0072124,0
ISIC_0072125,0
ISIC_0072126,0
ISIC_0072127,0
ISIC_0072129,0
ISIC_0072130,0
ISIC_0072131,0
ISIC_0072133,0
ISIC_0072135,0
ISIC_0072138,0
ISIC_0072139,0
ISIC_0072140,0
ISIC_0072141,0
ISIC_0072142,0
ISIC_0072144,0
ISIC_0072145,0
ISIC_0072149,0
ISIC_0072151,0
ISIC_0072153,0
ISIC_0072154,0
ISIC_0072156,0
ISIC_0072157,0
ISIC_0072160,0
ISIC_0072161,0
ISIC_0072164,0
ISIC_0072165,0
ISIC_0072166,0
ISIC_0072167,0
ISIC_0072172,0
ISIC_0072173,0
ISIC_0072174,0
ISIC_0072176,0
ISIC_0072178,0
ISIC_0072180,0
ISIC_0072182,0
ISIC_0072184,0
ISIC_0072185,0
ISIC_0072186,0
ISIC_0072188,0
ISIC_0072190,0
ISIC_0072191,0
ISIC_0072192,0
ISIC_0072193,0
ISIC_0072195,0
ISIC_0072198,0
ISIC_0072201,0
ISIC_0072203,0
ISIC_0072205,0
ISIC_0072206,0
ISIC_0072207,0
ISIC_0072208,0
ISIC_0072210,0
ISIC_0072211,0
ISIC_0072215,0
ISIC_0072216,0
ISIC_0072217,0
ISIC_0072218,0
ISIC_0072219,0
ISIC_0072221,0
ISIC_0072223,0
ISIC_0072224,0
ISIC_0072226,0
ISIC_0072229,0
ISIC_0072230,0
ISIC_0072231,0
ISIC_0072236,0
ISIC_0072238,0
ISIC_0072239,0
ISIC_0072241,0
ISIC_0072242,0
ISIC_0072244,0
ISIC_0072246,0
ISIC_0072250,0
ISIC_0072251,0
ISIC_0072252,0
ISIC_0072255,0
ISIC_0072257,0
ISIC_0072259,0
ISIC_0072260,0
ISIC_0072262,0
ISIC_0072263,0
ISIC_0072265,0
ISIC_0072268,0
ISIC_0072269,0
ISIC_0072270,0
ISIC_0072271,0
ISIC_0072272,0
ISIC_0072279,0
ISIC_0072280,0
ISIC_0072284,0
ISIC_0072286,0
ISIC_0072287,0
ISIC_0072290,0
ISIC_0072293,0
ISIC_0072294,0
ISIC_0072297,0
ISIC_0072298,0
ISIC_0072299,0
ISIC_0072301,0
ISIC_0072306,0
ISIC_0072308,0
ISIC_0072309,0
ISIC_0072310,0
ISIC_0072312,0
ISIC_0072313,0
ISIC_0072314,0
ISIC_0072315,0
ISIC_0072324,0
ISIC_0072325,0
ISIC_0072327,0
ISIC_0072328,0
ISIC_0072329,0
ISIC_0072330,0
ISIC_0072331,0
ISIC_0072334,0
ISIC_0072335,0
ISIC_0072339,0
ISIC_0072342,0
ISIC_0072344,0
ISIC_0072347,0
ISIC_0072348,0
ISIC_0072353,0
ISIC_0072354,0
ISIC_0072355,0
ISIC_0072356,0
ISIC_0072358,0
ISIC_0072359,0
ISIC_0072360,0
ISIC_0072361,0
ISIC_0072363,0
ISIC_0072368,0
ISIC_0072369,0
ISIC_0072370,0
ISIC_0072371,0
ISIC_0072374,0
ISIC_0072375,0
ISIC_0072376,0
ISIC_0072377,0
ISIC_0072380,0
ISIC_0072381,0
ISIC_0072385,0
ISIC_0072388,0
ISIC_0072392,0
ISIC_0072394,0
ISIC_0072395,0
ISIC_0072396,0
ISIC_0072400,0
ISIC_0072401,0
ISIC_0072403,0
ISIC_0072404,0
ISIC_0072405,0
ISIC_0072406,0
ISIC_0072408,0
ISIC_0072410,0
ISIC_0072411,0
ISIC_0072414,0
ISIC_0072415,0
ISIC_0072422,0
ISIC_0072423,0
ISIC_0072427,0
ISIC_0072428,0
ISIC_0072429,0
ISIC_0072431,0
ISIC_0072433,0
ISIC_0072434,0
ISIC_0072437,0
ISIC_0072439,0
ISIC_0072440,0
ISIC_0072441,0
ISIC_0072444,0
ISIC_0072445,0
ISIC_0072451,0
ISIC_0072453,0
ISIC_0072455,0
ISIC_0072457,0
ISIC_0072458,0
ISIC_0072462,0
ISIC_0072463,0
ISIC_0072464,0
ISIC_0072471,0
ISIC_0072472,0
ISIC_0072473,0
ISIC_0072474,0
ISIC_0072476,0
ISIC_0072477,0
ISIC_0072480,0
ISIC_0072482,0
ISIC_0072485,0
ISIC_0072488,0
ISIC_0072491,0
ISIC_0072492,0
ISIC_0072494,0
ISIC_0072495,0
ISIC_0072497,0
ISIC_0072499,0
ISIC_0072500,0
ISIC_0072502,0
ISIC_0072503,0
ISIC_0072504,0
ISIC_0072505,0
ISIC_0072506,0
ISIC_0072507,0
ISIC_0072508,0
ISIC_0072511,0
ISIC_0072512,0
ISIC_0072514,0
ISIC_0072515,0
ISIC_0072516,0
ISIC_0072518,0
ISIC_0072519,0
ISIC_0072520,0
ISIC_0072522,0
ISIC_0072523,0
ISIC_0072524,0
ISIC_0072526,0
ISIC_0072527,0
ISIC_0072528,0
ISIC_0072529,0
ISIC_0072530,0
ISIC_0072531,0
ISIC_0072532,0
ISIC_0072533,0
ISIC_0072534,0
ISIC_0072535,0
ISIC_0072538,0
ISIC_0072540,0
ISIC_0072543,0
ISIC_0072545,0
ISIC_0072548,0
ISIC_0072549,0
ISIC_0072552,0
ISIC_0072555,0
ISIC_0072556,0
ISIC_0072557,0
ISIC_0072559,0
ISIC_0072565,0
ISIC_0072567,0
ISIC_0072568,0
ISIC_0072569,0
ISIC_0072570,0
ISIC_0072572,0
ISIC_0072574,0
ISIC_0072578,0
ISIC_0072579,0
ISIC_0072581,0
ISIC_0072585,0
ISIC_0072586,0
ISIC_0072587,0
ISIC_0072590,0
ISIC_0072593,0
ISIC_0072594,0
ISIC_0072595,0
ISIC_0072598,0
ISIC_0072599,0
ISIC_0072602,0
ISIC_0072604,0
ISIC_0072608,0
ISIC_0072609,0
ISIC_0072610,0
ISIC_0072611,0
ISIC_0072612,0
ISIC_0072613,0
ISIC_0072614,0
ISIC_0072619,0
ISIC_0072621,0
ISIC_0072622,0
ISIC_0072623,0
ISIC_0072624,0
ISIC_0072625,0
ISIC_0072626,0
ISIC_0072628,0
ISIC_0072630,0
ISIC_0072631,0
ISIC_0072632,0
ISIC_0072633,0
ISIC_0072635,0
ISIC_0072638,0
ISIC_0072641,0
ISIC_0072642,0
ISIC_0072649,0
ISIC_0072652,0
ISIC_0072653,0
ISIC_0072656,0
ISIC_0072657,0
ISIC_0072659,0
ISIC_0072661,0
ISIC_0072663,0
ISIC_0072665,0
ISIC_0072666,0
ISIC_0072668,0
ISIC_0072669,0
ISIC_0072671,0
ISIC_0072675,0
ISIC_0072676,0
ISIC_0072679,0
ISIC_0072683,0
ISIC_0072687,0
ISIC_0072688,0
ISIC_0072689,0
ISIC_0072690,0
ISIC_0072691,0
ISIC_0072692,0
ISIC_0072694,0
ISIC_0072697,0
ISIC_0072698,0
ISIC_0072701,0
ISIC_0072705,0
ISIC_0072708,0
ISIC_0072711,0
ISIC_0072712,0
ISIC_0072713,0
ISIC_0072714,0
ISIC_0072715,0
ISIC_0072717,0
ISIC_0072719,0
ISIC_0072721,0
ISIC_0072722,0
ISIC_0072726,0
ISIC_0072727,0
ISIC_0072729,0
ISIC_0072730,0
ISIC_0072731,0
ISIC_0072732,0
ISIC_0072733,0
ISIC_0072735,0
ISIC_0072738,0
ISIC_0072740,0
ISIC_0072741,0
ISIC_0072742,0
ISIC_0072743,0
ISIC_0072746,0
ISIC_0072747,0
ISIC_0072748,0
ISIC_0072749,0
ISIC_0072750,0
ISIC_0072753,0
ISIC_0072754,0
ISIC_0072755,0
ISIC_0072758,0
ISIC_0072759,0
ISIC_0072761,0
ISIC_0072762,0
ISIC_0072763,0
ISIC_0072764,0
ISIC_0072766,0
ISIC_0072767,0
ISIC_0072768,0
ISIC_0072771,0
ISIC_0072772,0
ISIC_0072773,0
ISIC_0072774,0
ISIC_0072776,0
ISIC_0072777,0
ISIC_0072779,0
ISIC_0072780,0
ISIC_0072781,0
ISIC_0072783,0
ISIC_0072784,0
ISIC_0072785,0
ISIC_0072788,0
ISIC_0072792,0
ISIC_0072793,0
ISIC_0072794,0
ISIC_0072795,0
ISIC_0072799,0
ISIC_0072800,0
ISIC_0072802,0
ISIC_0072806,0
ISIC_0072807,0
ISIC_0072808,0
ISIC_0072809,0
ISIC_0072813,0
ISIC_0072814,0
ISIC_0072815,0
ISIC_0072816,0
ISIC_0072818,0
ISIC_0072820,0
ISIC_0072821,0
ISIC_0072824,0
ISIC_0072827,0
ISIC_0072828,0
ISIC_0072829,0
ISIC_0072830,0
ISIC_0072831,0
ISIC_0072832,0
ISIC_0072833,0
ISIC_0072835,0
ISIC_0072837,0
ISIC_0072838,0
ISIC_0072841,0
ISIC_0072842,0
ISIC_0072843,0
ISIC_0072844,0
ISIC_0072845,0
ISIC_0072846,0
ISIC_0072848,0
ISIC_0072849,0
ISIC_0072850,0
ISIC_0072851,0
ISIC_0072852,0
ISIC_0072854,0
ISIC_0072855,0
ISIC_0072860,0
ISIC_0072861,0
ISIC_0072862,0
ISIC_0072864,0
ISIC_0072865,0
ISIC_0072866,0
ISIC_0072867,0
ISIC_0072870,0
ISIC_0072871,0
ISIC_0072872,0
ISIC_0072875,0
ISIC_0072876,0
ISIC_0072877,0
ISIC_0072878,0
ISIC_0072879,0
ISIC_0072882,0
ISIC_0072885,0
ISIC_0072887,0
ISIC_0072889,0
ISIC_0072891,0
ISIC_0072893,0
ISIC_0072894,0
ISIC_0072895,0
ISIC_0072896,0
ISIC_0072898,0
ISIC_0072900,0
ISIC_0072902,0
ISIC_0072903,0
ISIC_0072904,0
ISIC_0072907,0
ISIC_0072909,0
ISIC_0072911,0
ISIC_0072913,0
ISIC_0072914,0
ISIC_0072916,0
ISIC_0072917,0
ISIC_0072918,0
ISIC_0072923,0
ISIC_0072924,0
ISIC_0072929,0
ISIC_0072930,0
ISIC_0072931,0
ISIC_0072933,0
ISIC_0072934,0
ISIC_0072935,0
ISIC_0072936,0
ISIC_0072939,0
ISIC_0072943,0
ISIC_0072944,0
ISIC_0072945,0
ISIC_0072946,0
ISIC_0072947,0
ISIC_0072957,0
ISIC_0072959,0
ISIC_0072960,0
ISIC_0072961,0
ISIC_0072963,0
ISIC_0072966,0
ISIC_0072967,0
ISIC_0072968,0
ISIC_0072969,0
ISIC_0072972,0
ISIC_0072973,0
ISIC_0072974,0
ISIC_0072976,0
ISIC_0072977,0
ISIC_0072979,0
ISIC_0072982,0
ISIC_0072983,0
ISIC_0072984,0
ISIC_0072985,0
ISIC_0072986,0
ISIC_0072987,0
ISIC_0072988,0
ISIC_0072990,0
ISIC_0072991,0
ISIC_0072993,0
ISIC_0072994,0
ISIC_0072995,0
ISIC_0072996,0
ISIC_0072998,0
ISIC_0072999,0
ISIC_0073002,0
ISIC_0073003,0
ISIC_0073004,0
ISIC_0073005,0
ISIC_0073007,0
ISIC_0073008,0
ISIC_0073009,0
ISIC_0073011,0
ISIC_0073016,0
ISIC_0073018,0
ISIC_0073019,0
ISIC_0073020,0
ISIC_0073022,0
ISIC_0073023,0
ISIC_0073025,0
ISIC_0073027,0
ISIC_0073028,0
ISIC_0073030,0
ISIC_0073033,0
ISIC_0073038,0
ISIC_0073040,0
ISIC_0073042,0
ISIC_0073044,0
ISIC_0073045,0
ISIC_0073047,0
ISIC_0073049,0
ISIC_0073054,0
ISIC_0073056,0
ISIC_0073057,0
ISIC_0073058,0
ISIC_0073060,0
ISIC_0073061,0
ISIC_0073063,0
ISIC_0073065,0
ISIC_0073066,0
ISIC_0073068,0
ISIC_0073069,0
ISIC_0073071,0
ISIC_0073072,0
ISIC_0073075,0
ISIC_0073077,0
ISIC_0073078,0
ISIC_0073079,0
ISIC_0073080,0
ISIC_0073081,0
ISIC_0073082,0
ISIC_0073084,0
ISIC_0073086,0
ISIC_0073088,0
ISIC_0073089,0
ISIC_0073090,0
ISIC_0073091,0
ISIC_0073096,0
ISIC_0073100,0
ISIC_0073102,0
ISIC_0073103,0
ISIC_0073104,0
ISIC_0073105,0
ISIC_0073108,0
ISIC_0073109,0
ISIC_0073112,0
ISIC_0073113,0
ISIC_0073114,0
ISIC_0073116,0
ISIC_0073118,0
ISIC_0073119,0
ISIC_0073123,0
ISIC_0073124,0
ISIC_0073125,0
ISIC_0073127,0
ISIC_0073128,0
ISIC_0073130,0
ISIC_0073131,0
ISIC_0073133,0
ISIC_0073134,0
ISIC_0073135,0
ISIC_0073136,0
ISIC_0073139,0
ISIC_0073140,0
ISIC_0073143,0
ISIC_0073144,0
ISIC_0073147,0
ISIC_0073148,0
ISIC_0073149,0
ISIC_0073150,0
ISIC_0073151,0
ISIC_0073152,0
ISIC_0073154,0
ISIC_0073156,0
ISIC_0073157,0
ISIC_0073159,0
ISIC_0073161,0
ISIC_0073163,0
ISIC_0073165,0
ISIC_0073169,0
ISIC_0073170,0
ISIC_0073171,0
ISIC_0073172,0
ISIC_0073173,0
ISIC_0073174,0
ISIC_0073177,0
ISIC_0073182,0
ISIC_0073183,0
ISIC_0073185,0
ISIC_0073187,0
ISIC_0073188,0
ISIC_0073189,0
ISIC_0073190,0
ISIC_0073191,0
ISIC_0073192,0
ISIC_0073193,0
ISIC_0073194,0
ISIC_0073195,0
ISIC_0073196,0
ISIC_0073197,0
ISIC_0073199,0
ISIC_0073200,0
ISIC_0073201,0
ISIC_0073202,0
ISIC_0073203,0
ISIC_0073204,0
ISIC_0073205,0
ISIC_0073208,0
ISIC_0073214,0
ISIC_0073218,0
ISIC_0073220,0
ISIC_0073221,0
ISIC_0073222,0
ISIC_0073223,0
ISIC_0073225,0
ISIC_0073226,0
ISIC_0073227,0
ISIC_0073228,0
ISIC_0073229,0
ISIC_0073231,0
ISIC_0073232,0
ISIC_0073234,0
ISIC_0073235,0
ISIC_0073237,0
ISIC_0073238,0
ISIC_0073240,0
ISIC_0073241,0
ISIC_0073243,0
ISIC_0073245,0
ISIC_0073246,0
ISIC_0073248,0
ISIC_0073249,0
ISIC_0073251,0
ISIC_0073254,0
ISIC_2811886,0
ISIC_0192893,0
ISIC_3966761,0
ISIC_7323249,0
ISIC_3733653,0
ISIC_4207079,1
ISIC_6534791,0
ISIC_4952227,0
ISIC_8295306,0
ISIC_9082696,0
ISIC_1230738,0
ISIC_3065175,0
ISIC_2199969,0
ISIC_6814478,0
ISIC_0344052,0
ISIC_0493653,0
ISIC_7035517,0
ISIC_2211136,0
ISIC_1008321,0
ISIC_3832462,0
ISIC_0624783,0
ISIC_8847503,0
ISIC_2803072,0
ISIC_8886139,1
ISIC_0808861,0
ISIC_3724889,1
ISIC_2290433,1
ISIC_9109293,0
ISIC_9151820,0
ISIC_3182083,0
ISIC_2177135,1
ISIC_7788266,1
ISIC_4707779,1
ISIC_6331731,1
ISIC_1149469,0
ISIC_3445801,0
ISIC_4939497,0
ISIC_9367522,0
ISIC_5695185,0
ISIC_1412976,0
ISIC_8733176,0
ISIC_3249625,0
ISIC_6295805,0
ISIC_2409179,0
ISIC_2694332,0
ISIC_5874097,0
ISIC_0178741,0
ISIC_7133530,0
ISIC_6051029,0
ISIC_7652731,0
ISIC_0685898,0
ISIC_4676270,0
ISIC_6393708,0
ISIC_6821008,0
ISIC_1467583,1
ISIC_7560157,1
ISIC_3387713,0
ISIC_4015288,0
ISIC_7731447,0
ISIC_3879564,0
ISIC_7546219,0
ISIC_1156392,0
ISIC_1452059,0
ISIC_4528136,0
ISIC_1750424,1
ISIC_8279558,1
ISIC_8018856,0
ISIC_0828120,0
ISIC_5573695,0
ISIC_5357781,0
ISIC_8079008,0
ISIC_3384989,0
ISIC_6501973,0
ISIC_2464369,0
ISIC_3768327,0
ISIC_9142737,0
ISIC_9362634,0
ISIC_5143609,0
ISIC_4375150,0
ISIC_6983482,0
ISIC_2883463,1
ISIC_2101968,0
ISIC_8894528,1
ISIC_5855004,1
ISIC_3485981,0
ISIC_0743090,0
ISIC_5997266,0
ISIC_5472470,0
ISIC_5408436,0
ISIC_3301814,0
ISIC_3804339,0
ISIC_9790934,0
ISIC_3379289,0
ISIC_3203344,0
ISIC_4673844,0
ISIC_9585329,1
ISIC_7764660,0
ISIC_3963183,1
ISIC_7321960,0
ISIC_8380039,0
ISIC_0526705,0
ISIC_9828846,0
ISIC_3338629,0
ISIC_8633132,1
ISIC_3025889,1
ISIC_7320371,0
ISIC_9360610,0
ISIC_7200676,0
ISIC_1645567,0
ISIC_1177153,1
ISIC_5086349,0
ISIC_4317478,1
ISIC_2956783,0
ISIC_5850457,0
ISIC_5106902,0
ISIC_2033980,0
ISIC_3825943,1
ISIC_8545097,0
ISIC_0275783,0
ISIC_0914968,0
ISIC_8058783,0
ISIC_6809586,0
ISIC_8793953,0
ISIC_9168966,0
ISIC_0681019,0
ISIC_5272223,0
ISIC_2710887,0
ISIC_1589136,0
ISIC_6200040,0
ISIC_3877413,0
ISIC_9492000,0
ISIC_3073605,0
ISIC_6293227,0
ISIC_3143650,1
ISIC_3285892,0
ISIC_1270091,0
ISIC_2457108,0
ISIC_7081220,0
ISIC_1322621,1
ISIC_8872158,0
ISIC_8266469,0
ISIC_9353360,1
ISIC_4046072,0
ISIC_2761622,1
ISIC_7167759,0
ISIC_0493786,0
ISIC_9496738,0
ISIC_8503192,0
ISIC_7365615,0
ISIC_2798100,0
ISIC_4552035,0
ISIC_5356775,0
ISIC_0303421,0
ISIC_2602794,0
ISIC_5856859,0
ISIC_1116483,0
ISIC_2605118,0
ISIC_6296285,0
ISIC_7010626,0
ISIC_3581674,0
ISIC_2790630,0
ISIC_3608401,0
ISIC_4896088,0
ISIC_5343231,0
ISIC_1078823,0
ISIC_0904712,1
ISIC_6129538,0
ISIC_6289619,0
ISIC_2466295,0
ISIC_8889975,0
ISIC_5689730,0
ISIC_3069511,0
ISIC_3548408,0
ISIC_3895185,0
ISIC_5238910,0
ISIC_8086499,0
ISIC_1729223,0
ISIC_3167092,0
ISIC_0477201,0
ISIC_1405454,0
ISIC_5797062,0
ISIC_9829781,0
ISIC_1080647,0
ISIC_3408231,0
ISIC_7867320,0
ISIC_7400819,0
ISIC_8379956,0
ISIC_8276999,0
ISIC_0956407,0
ISIC_6478823,0
ISIC_1845331,0
ISIC_5818405,0
ISIC_6828354,0
ISIC_1007680,1
ISIC_5692444,0
ISIC_5008110,1
ISIC_1287491,0
ISIC_2597678,1
ISIC_9900191,0
ISIC_6785041,1
ISIC_7039745,1
ISIC_9150236,0
ISIC_9014393,0
ISIC_5989151,0
ISIC_7394862,0
ISIC_7189099,0
ISIC_1240189,0
ISIC_0316826,1
ISIC_0933821,0
ISIC_1085285,0
ISIC_3161358,0
ISIC_2573712,1
ISIC_5789263,1
ISIC_7973598,1
ISIC_5832792,0
ISIC_9177435,0
ISIC_1656201,0
ISIC_4111788,0
ISIC_5981219,0
ISIC_0481105,0
ISIC_6096565,0
ISIC_2922450,0
ISIC_3945700,0
ISIC_9677503,0
ISIC_6786198,0
ISIC_2750230,0
ISIC_6863507,0
ISIC_8767904,1
ISIC_7636412,0
ISIC_8267340,0
ISIC_3335904,0
ISIC_0746818,0
ISIC_5224960,1
ISIC_5702422,0
ISIC_5426249,0
ISIC_8857430,0
ISIC_5795436,0
ISIC_3182801,0
ISIC_8731126,0
ISIC_4975524,0
ISIC_2839742,0
ISIC_4773462,1
ISIC_6814727,0
ISIC_6184616,0
ISIC_9957368,0
ISIC_9698871,1
ISIC_8280147,0
ISIC_9462823,0
ISIC_1353051,0
ISIC_3251405,0
ISIC_7194471,0
ISIC_6023795,1
ISIC_0274625,0
ISIC_9574591,0
ISIC_9978107,1
ISIC_0936377,0
ISIC_4470148,0
ISIC_1842338,0
ISIC_9537778,0
ISIC_1632378,0
ISIC_8740695,1
ISIC_5771994,2
ISIC_7351614,0
ISIC_6041385,0
ISIC_6315030,2
ISIC_0592946,0
ISIC_2474275,0
ISIC_9626654,0
ISIC_3648148,0
ISIC_3116777,0
ISIC_3919941,0
ISIC_0410311,0
ISIC_7388369,0
ISIC_2683271,0
ISIC_8131464,0
ISIC_2222091,0
ISIC_3742633,0
ISIC_4100532,0
ISIC_2885968,0
ISIC_1210011,0
ISIC_1589997,0
ISIC_4508878,0
ISIC_9728805,0
ISIC_4628573,0
ISIC_3594380,0
ISIC_8211041,0
ISIC_8137345,0
ISIC_8223110,0
ISIC_2902504,0
ISIC_8236943,1
ISIC_6961503,0
ISIC_4361854,0
ISIC_5770437,0
ISIC_6470589,0
ISIC_9540352,0
ISIC_4009870,1
ISIC_0160455,0
ISIC_1464862,1
ISIC_1436572,0
ISIC_3586669,0
ISIC_6019539,1
ISIC_5346936,0
ISIC_5635961,0
ISIC_0340256,0
ISIC_1578194,0
ISIC_5958657,1
ISIC_0645454,0
ISIC_4675065,0
ISIC_5747942,0
ISIC_3561065,1
ISIC_1177505,0
ISIC_5250589,0
ISIC_2454082,0
ISIC_1786309,1
ISIC_0457344,0
ISIC_8693147,0
ISIC_3884221,0
ISIC_6817405,0
ISIC_9141038,0
ISIC_1017159,0
ISIC_0523247,0
ISIC_2798950,0
ISIC_5998513,0
ISIC_7130929,0
ISIC_5714201,0
ISIC_6529890,1
ISIC_4443776,1
ISIC_0460170,0
ISIC_8149637,0
ISIC_5889500,0
ISIC_9940478,0
ISIC_1086280,0
ISIC_9506089,0
ISIC_7394850,0
ISIC_7251830,0
ISIC_7744928,0
ISIC_0671119,0
ISIC_5183234,0
ISIC_5539445,0
ISIC_0890639,1
ISIC_4471395,0
ISIC_4616381,0
ISIC_8971137,0
ISIC_7577395,0
ISIC_1975042,0
ISIC_6352997,0
ISIC_0430904,0
ISIC_6674202,0
ISIC_8661226,0
ISIC_7410175,0
ISIC_3875647,0
ISIC_9105386,0
ISIC_5098309,0
ISIC_4545112,0
ISIC_2979268,0
ISIC_1203254,0
ISIC_7348651,0
ISIC_7408392,0
ISIC_9280399,1
ISIC_1929320,0
ISIC_6974497,0
ISIC_4761090,0
ISIC_1205053,0
ISIC_0239635,0
ISIC_2705044,0
ISIC_1624776,0
ISIC_0820559,0
ISIC_1649410,0
ISIC_1823006,0
ISIC_6019120,0
ISIC_6587979,0
ISIC_7187577,0
ISIC_0844312,1
ISIC_2283151,1
ISIC_3450029,0
ISIC_5509459,0
ISIC_9002130,0
ISIC_1268457,0
ISIC_0738067,0
ISIC_6300866,0
ISIC_0896427,0
ISIC_1247763,0
ISIC_5061591,1
ISIC_7457700,0
ISIC_5172576,0
ISIC_2242712,0
ISIC_8990534,1
ISIC_2752919,0
ISIC_8692218,0
ISIC_3941123,0
ISIC_7960321,0
ISIC_8554769,0
ISIC_9552986,0
ISIC_4846741,0
ISIC_8566006,0
ISIC_7693611,0
ISIC_5457826,0
ISIC_0420477,0
ISIC_8231704,0
ISIC_8357133,0
ISIC_3310849,0
ISIC_5327976,0
ISIC_1632949,0
ISIC_7574101,0
ISIC_0394802,0
ISIC_9211310,0
ISIC_9169910,0
ISIC_0451155,0
ISIC_5485142,0
ISIC_7145266,0
ISIC_0702317,0
ISIC_3556753,0
ISIC_0156772,0
ISIC_7724762,0
ISIC_9189897,0
ISIC_7230713,0
ISIC_3669954,1
ISIC_8429099,0
ISIC_8287528,0
ISIC_2922381,0
ISIC_4365093,0
ISIC_5182820,0
ISIC_7183212,0
ISIC_4419720,0
ISIC_4916704,0
ISIC_8106899,0
ISIC_6703027,0
ISIC_9936937,1
ISIC_2285264,1
ISIC_7165819,0
ISIC_7503950,0
ISIC_4170698,0
ISIC_3213484,0
ISIC_7888517,0
ISIC_3378318,0
ISIC_2266450,1
ISIC_7134169,0
ISIC_9540703,0
ISIC_6345354,0
ISIC_3993924,0
ISIC_1255336,1
ISIC_1684107,0
ISIC_9876779,0
ISIC_9345892,0
ISIC_6232156,0
ISIC_5144082,0
ISIC_7353870,0
ISIC_5872609,0
ISIC_5679779,0
ISIC_0708011,0
ISIC_1918027,0
ISIC_7327423,1
ISIC_3115397,1
ISIC_5712969,0
ISIC_9568052,1
ISIC_8234611,0
ISIC_5719436,1
ISIC_8705729,1
ISIC_0694037,0
ISIC_4646202,0
ISIC_6971343,0
ISIC_3717102,0
ISIC_3622055,0
ISIC_8882374,0
ISIC_2704082,0
ISIC_6634524,0
ISIC_3673079,0
ISIC_3717977,0
ISIC_1337534,0
ISIC_4429406,0
ISIC_6712494,0
ISIC_4620906,0
ISIC_1404148,0
ISIC_9891119,0
ISIC_7108282,0
ISIC_7750788,0
ISIC_1536126,0
ISIC_5314606,0
ISIC_8246244,0
ISIC_6522875,0
ISIC_1300891,0
ISIC_7743124,0
ISIC_2647453,0
ISIC_1357166,0
ISIC_6352858,0
ISIC_5289026,0
ISIC_8425893,0
ISIC_4223155,0
ISIC_6411939,0
ISIC_8969855,0
ISIC_2943089,0
ISIC_3160291,0
ISIC_2267276,0
ISIC_6549798,0
ISIC_6234013,0
ISIC_2377804,0
ISIC_3996796,0
ISIC_0639769,1
ISIC_6450034,0
ISIC_1948545,0
ISIC_2601107,0
ISIC_0316484,0
ISIC_5369680,0
ISIC_1983776,0
ISIC_0945202,0
ISIC_9268487,1
ISIC_6018905,0
ISIC_6625253,0
ISIC_5594342,0
ISIC_7945791,0
ISIC_7977757,0
ISIC_3157385,0
ISIC_6627142,1
ISIC_4000481,0
ISIC_5118254,0
ISIC_3773083,0
ISIC_2535541,0
ISIC_9544832,0
ISIC_7575644,1
ISIC_1685833,0
ISIC_5388184,0
ISIC_5084113,0
ISIC_4891204,0
ISIC_4229473,0
ISIC_9811367,0
ISIC_4013189,0
ISIC_7934896,0
ISIC_1836687,0
ISIC_7907495,0
ISIC_4514456,0
ISIC_2447578,0
ISIC_7267098,0
ISIC_2559545,0
ISIC_7835852,0
ISIC_4181217,0
ISIC_3663431,0
ISIC_4836901,0
ISIC_0185177,0
ISIC_8008539,0
ISIC_7296865,0
ISIC_6379790,0
ISIC_6688417,0
ISIC_9677559,0
ISIC_4744679,0
ISIC_0287325,0
ISIC_4627066,0
ISIC_8344285,0
ISIC_4343422,0
ISIC_8943817,0
ISIC_2341309,0
ISIC_1460169,0
ISIC_9006649,0
ISIC_1033188,0
ISIC_3510420,0
ISIC_2098553,0
ISIC_4359352,0
ISIC_4282399,0
ISIC_8839128,0
ISIC_3481499,0
ISIC_3539380,0
ISIC_4783637,0
ISIC_4712151,0
ISIC_4345168,0
ISIC_7325881,0
ISIC_0882619,0
ISIC_1088190,0
ISIC_0549791,0
ISIC_3769211,0
ISIC_1414247,0
ISIC_8172419,0
ISIC_4639874,0
ISIC_2781088,0
ISIC_9770677,0
ISIC_2153686,1
ISIC_9006160,1
ISIC_5267208,1
ISIC_1956504,1
ISIC_9284203,1
ISIC_2947742,0
ISIC_6220625,1
ISIC_1157032,1
ISIC_1605629,1
ISIC_8672524,1
ISIC_8173513,0
ISIC_3330773,0
ISIC_6225486,1
ISIC_3519747,0
ISIC_4597293,1
ISIC_3021712,1
ISIC_1748718,0
ISIC_1484659,0
ISIC_5544367,0
ISIC_7172893,0
ISIC_3416324,0
ISIC_5425721,1
ISIC_5464206,0
ISIC_0502582,0
ISIC_6851408,0
ISIC_9711252,0
ISIC_1772759,0
ISIC_6189828,0
ISIC_5291129,0
ISIC_0247330,0
ISIC_5369000,1
ISIC_6336781,0
ISIC_3944634,0
ISIC_2727016,1
ISIC_8527092,0
ISIC_7115931,0
ISIC_6854168,0
ISIC_4548483,0
ISIC_9111388,0
ISIC_3265514,1
ISIC_7080469,0
ISIC_8858877,0
ISIC_0951438,0
ISIC_6398669,0
ISIC_1637536,0
ISIC_2101624,0
ISIC_7264689,0
ISIC_3575814,1
ISIC_3506189,0
ISIC_4300625,0
ISIC_0587027,1
ISIC_9760396,0
ISIC_8131838,1
ISIC_0495887,1
ISIC_5891752,1
ISIC_0082785,1
ISIC_3784911,0
ISIC_7508527,0
ISIC_8951909,0
ISIC_7749589,0
ISIC_8390111,0
ISIC_8734128,0
ISIC_5131138,0
ISIC_5605916,0
ISIC_5105824,0
ISIC_1879385,0
ISIC_9729042,1
ISIC_9553857,0
ISIC_4480540,0
ISIC_2880938,0
ISIC_3242898,0
ISIC_6918302,0
ISIC_9773404,0
ISIC_7855286,0
ISIC_2072219,1
ISIC_3716686,0
ISIC_3822815,0
ISIC_4619789,0
ISIC_2736340,1
ISIC_6348638,1
ISIC_7982020,0
ISIC_5717763,0
ISIC_9274776,1
ISIC_7748311,1
ISIC_2823287,1
ISIC_6541615,0
ISIC_7658533,1
ISIC_1488598,0
ISIC_0780259,0
ISIC_8618156,0
ISIC_4288522,0
ISIC_2983437,0
ISIC_5247560,1
ISIC_3343475,0
ISIC_7785457,0
ISIC_1533487,0
ISIC_2272001,0
ISIC_9343272,0
ISIC_8618676,0
ISIC_5194092,0
ISIC_1339609,0
ISIC_6132521,0
ISIC_1537627,0
ISIC_4320065,0
ISIC_8677053,0
ISIC_4735706,0
ISIC_4936662,0
ISIC_6370792,0
ISIC_1669403,0
ISIC_1500934,1
ISIC_8194835,0
ISIC_8324787,0
ISIC_4730066,0
ISIC_1233104,1
ISIC_2967024,0
ISIC_1891515,0
ISIC_2509046,0
ISIC_0660782,1
ISIC_7761552,1
ISIC_9866896,1
ISIC_0894381,0
ISIC_3521251,1
ISIC_4525317,0
ISIC_6709150,0
ISIC_7785723,1
ISIC_8451130,0
ISIC_3450983,0
ISIC_1650233,0
ISIC_7181296,0
ISIC_4857711,1
ISIC_9308624,1
ISIC_2172628,1
ISIC_7658729,0
ISIC_9821590,0
ISIC_3631216,0
ISIC_3752905,0
ISIC_2397373,0
ISIC_9525930,0
ISIC_8340426,0
ISIC_4354857,0
ISIC_3117505,1
ISIC_6078205,1
ISIC_1412137,0
ISIC_5918279,0
ISIC_7160082,1
ISIC_4045323,0
ISIC_5490004,0
ISIC_0333091,1
ISIC_8074114,0
ISIC_4918621,0
ISIC_5787278,0
ISIC_6496370,0
ISIC_4672749,0
ISIC_2738630,0
ISIC_0909402,0
ISIC_8712921,0
ISIC_9117335,0
ISIC_4388706,0
ISIC_1641637,1
ISIC_2053045,0
ISIC_1861580,0
ISIC_4894802,0
ISIC_6771825,0
ISIC_3885041,0
ISIC_1241817,0
ISIC_4374944,0
ISIC_2176112,0
ISIC_8465152,1
ISIC_7876737,0
ISIC_6305442,0
ISIC_6319742,0
ISIC_3689266,0
ISIC_8615491,0
ISIC_2502377,0
ISIC_5349205,0
ISIC_2057990,0
ISIC_9282097,0
ISIC_0809377,0
ISIC_9528336,0
ISIC_7587095,0
ISIC_2822718,0
ISIC_3396790,0
ISIC_9235862,0
ISIC_8727047,0
ISIC_5423741,0
ISIC_2560699,0
ISIC_7578283,0
ISIC_6154102,0
ISIC_8632387,0
ISIC_5352496,0
ISIC_4416068,0
ISIC_6434344,0
ISIC_6562435,0
ISIC_9511982,0
ISIC_2073666,0
ISIC_8659007,0
ISIC_4529168,0
ISIC_9825836,0
ISIC_2347774,0
ISIC_4634217,0
ISIC_2111943,0
ISIC_3199719,0
ISIC_1561927,0
ISIC_2024384,0
ISIC_9048507,0
ISIC_2086525,0
ISIC_2529848,0
ISIC_2901680,0
ISIC_4380623,0
ISIC_0933647,0
ISIC_4429297,0
ISIC_2041385,0
ISIC_6041185,0
ISIC_8223466,0
ISIC_0674662,0
ISIC_2741716,0
ISIC_5573611,0
ISIC_4691314,0
ISIC_7261174,1
ISIC_8754972,0
ISIC_5634573,1
ISIC_2685593,0
ISIC_1593260,0
ISIC_6931024,0
ISIC_6416127,0
ISIC_0961235,0
ISIC_7075474,0
ISIC_5722465,0
ISIC_0924427,0
ISIC_4432898,1
ISIC_7987416,0
ISIC_3880022,0
ISIC_7345857,0
ISIC_9863642,0
ISIC_6596403,1
ISIC_8417873,0
ISIC_8325226,1
ISIC_1407049,0
ISIC_5415761,0
ISIC_9636881,0
ISIC_9276442,0
ISIC_8497457,0
ISIC_6217184,1
ISIC_6811237,0
ISIC_6562871,0
ISIC_3432947,0
ISIC_7168654,0
ISIC_5605645,0
ISIC_0238872,0
ISIC_8851901,0
ISIC_6098213,1
ISIC_8859274,0
ISIC_6768479,0
ISIC_8033490,0
ISIC_6138020,0
ISIC_1897994,0
ISIC_9469079,0
ISIC_7441957,0
ISIC_7592920,0
ISIC_8299428,0
ISIC_2385847,0
ISIC_2352598,0
ISIC_6731294,0
ISIC_8883894,0
ISIC_0250839,1
ISIC_7939816,1
ISIC_8380421,0
ISIC_7357436,0
ISIC_7662910,0
ISIC_6190621,0
ISIC_0588352,1
ISIC_2841788,0
ISIC_4235197,0
ISIC_7836684,1
ISIC_0810894,0
ISIC_2976936,0
ISIC_7743612,0
ISIC_7101732,1
ISIC_0961888,1
ISIC_8652341,1
ISIC_9910791,0
ISIC_4493482,0
ISIC_9509757,0
ISIC_1242543,0
ISIC_9053910,0
ISIC_2077116,0
ISIC_5807899,0
ISIC_6473784,0
ISIC_9455280,0
ISIC_7046888,0
ISIC_1293199,0
ISIC_0394664,0
ISIC_7964735,0
ISIC_5909403,0
ISIC_1132496,0
ISIC_7866488,0
ISIC_3145600,0
ISIC_1785976,0
ISIC_0538042,0
ISIC_1470642,0
ISIC_5565053,0
ISIC_6690051,0
ISIC_4890586,1
ISIC_2117677,1
ISIC_4120174,0
ISIC_1009042,0
ISIC_3207651,0
ISIC_5185580,0
ISIC_3264605,0
ISIC_1686113,0
ISIC_2244719,0
ISIC_0389955,0
ISIC_9965174,1
ISIC_7956211,0
ISIC_5802893,0
ISIC_7179756,0
ISIC_2342769,1
ISIC_0383804,0
ISIC_9221004,1
ISIC_6810183,0
ISIC_5402119,1
ISIC_9952575,0
ISIC_1075054,0
ISIC_2269075,0
ISIC_7311296,1
ISIC_9481406,0
ISIC_1017377,0
ISIC_3023646,1
ISIC_0862745,0
ISIC_7918608,0
ISIC_3522554,0
ISIC_7603831,0
ISIC_9556334,0
ISIC_5576241,0
ISIC_7079349,0
ISIC_6433084,0
ISIC_1740430,0
ISIC_1667579,0
ISIC_1932488,0
ISIC_8279476,0
ISIC_6968683,0
ISIC_5103342,0
ISIC_5469457,0
ISIC_2985753,0
ISIC_8002875,0
ISIC_0281631,0
ISIC_2876194,0
ISIC_5399828,0
ISIC_4205013,0
ISIC_2641026,0
ISIC_8795038,0
ISIC_7255551,0
ISIC_5987590,0
ISIC_1965344,0
ISIC_3676029,0
ISIC_2781714,0
ISIC_1109667,0
ISIC_4497032,0
ISIC_0995838,0
ISIC_7914964,0
ISIC_9535018,0
ISIC_5657310,0
ISIC_4409740,0
ISIC_0173213,0
ISIC_6767569,0
ISIC_0171983,0
ISIC_5077664,1
ISIC_5177353,1
ISIC_9975949,0
ISIC_3210830,0
ISIC_3729615,0
ISIC_4103984,0
ISIC_1807379,0
ISIC_1867801,0
ISIC_4298420,0
ISIC_1562512,0
ISIC_7009636,0
ISIC_1030252,0
ISIC_4118006,0
ISIC_6228536,1
ISIC_0911264,0
ISIC_7833008,1
ISIC_2474406,0
ISIC_8157654,0
ISIC_6561111,0
ISIC_4980656,0
ISIC_8814735,0
ISIC_7489564,0
ISIC_7500420,0
ISIC_6847618,1
ISIC_1497121,0
ISIC_1620401,0
ISIC_2150997,1
ISIC_9756079,0
ISIC_8650269,0
ISIC_0156642,0
ISIC_0232101,1
ISIC_2668481,0
ISIC_2365917,1
ISIC_3253484,0
ISIC_1859522,0
ISIC_8122480,0
ISIC_4784251,0
ISIC_5747907,0
ISIC_1830939,0
ISIC_9407352,0
ISIC_5971127,0
ISIC_1092675,0
ISIC_5538169,0
ISIC_0204994,0
ISIC_4919503,1
ISIC_9883879,0
ISIC_6029052,1
ISIC_9565194,0
ISIC_6461484,0
ISIC_6248008,0
ISIC_3430492,0
ISIC_6784593,0
ISIC_0163110,0
ISIC_8281208,1
ISIC_6927840,0
ISIC_8001976,0
ISIC_8628639,1
ISIC_7819707,0
ISIC_6496251,0
ISIC_9103289,0
ISIC_8985109,0
ISIC_5755210,0
ISIC_6729594,0
ISIC_1292006,0
ISIC_9327290,0
ISIC_5470777,0
ISIC_3803651,0
ISIC_5520837,0
ISIC_5683180,0
ISIC_8537801,0
ISIC_3964848,0
ISIC_7740004,0
ISIC_9806554,0
ISIC_6056121,0
ISIC_4891233,0
ISIC_1442601,0
ISIC_2760625,0
ISIC_6441975,0
ISIC_9658175,0
ISIC_9880572,0
ISIC_4591134,0
ISIC_3624727,0
ISIC_1995421,0
ISIC_7020654,0
ISIC_9787314,0
ISIC_2479346,0
ISIC_7716941,0
ISIC_4085041,0
ISIC_2996964,0
ISIC_8225405,0
ISIC_7989840,0
ISIC_9391983,0
ISIC_6727968,0
ISIC_3821169,0
ISIC_4505831,0
ISIC_2594596,0
ISIC_8675566,0
ISIC_9499185,0
ISIC_1254526,0
ISIC_6228963,0
ISIC_6446825,0
ISIC_7194695,0
ISIC_5581931,0
ISIC_4364153,0
ISIC_7927525,0
ISIC_4653503,0
ISIC_6555039,1
ISIC_2071418,0
ISIC_4874581,0
ISIC_2844539,0
ISIC_2071966,0
ISIC_1564663,0
ISIC_7127226,0
ISIC_2589886,0
ISIC_3450017,0
ISIC_8059373,0
ISIC_8188175,0
ISIC_0188432,0
ISIC_3403329,1
ISIC_7769213,0
ISIC_5703303,0
ISIC_7936755,0
ISIC_2768800,0
ISIC_2093167,0
ISIC_8068826,0
ISIC_4227640,0
ISIC_0497721,0
ISIC_4408559,0
ISIC_2488468,0
ISIC_3701563,0
ISIC_2687175,0
ISIC_8725993,0
ISIC_1037315,0
ISIC_5495413,0
ISIC_0178428,0
ISIC_2230091,1
ISIC_2076526,0
ISIC_5116301,0
ISIC_5302330,0
ISIC_3026023,1
ISIC_6804655,1
ISIC_7346228,0
ISIC_6320012,0
ISIC_1630301,1
ISIC_6255113,1
ISIC_0237636,0
ISIC_3668276,0
ISIC_5420979,0
ISIC_1303488,0
ISIC_7465205,0
ISIC_6320717,0
ISIC_3286597,1
ISIC_9448629,1
ISIC_1561068,1
ISIC_5789952,0
ISIC_4575967,0
ISIC_6637633,0
ISIC_3635644,0
ISIC_5552385,0
ISIC_9648812,0
ISIC_6473449,1
ISIC_9821002,1
ISIC_6736963,0
ISIC_6165518,0
ISIC_8045557,0
ISIC_2854416,0
ISIC_0333589,0
ISIC_9628370,0
ISIC_1603509,0
ISIC_4764654,1
ISIC_5993356,1
ISIC_7087676,0
ISIC_0754586,0
ISIC_3610783,0
ISIC_1068686,0
ISIC_5867911,0
ISIC_7541564,0
ISIC_8381531,0
ISIC_0599605,0
ISIC_0653308,0
ISIC_5644364,1
ISIC_8472701,1
ISIC_3257455,1
ISIC_5932704,0
ISIC_8300326,1
ISIC_0788453,0
ISIC_6893147,0
ISIC_0953317,0
ISIC_1613289,0
ISIC_7100755,0
ISIC_0851556,0
ISIC_5315062,0
ISIC_3597870,0
ISIC_4399176,0
ISIC_8684658,0
ISIC_8651294,0
ISIC_0666481,0
ISIC_2609984,1
ISIC_0234140,0
ISIC_8669067,0
ISIC_3456094,0
ISIC_5864390,0
ISIC_6398283,0
ISIC_1071355,0
ISIC_0533122,0
ISIC_2437633,0
ISIC_5829749,0
ISIC_5136612,1
ISIC_9626070,0
ISIC_2797353,1
ISIC_4842587,0
ISIC_7573463,0
ISIC_5197483,0
ISIC_9318322,0
ISIC_2329722,0
ISIC_6477960,0
ISIC_9192465,0
ISIC_8477641,0
ISIC_1367005,0
ISIC_0385415,0
ISIC_0802693,0
ISIC_5172440,0
ISIC_5288393,0
ISIC_3405704,0
ISIC_0585534,0
ISIC_2958724,0
ISIC_9918495,1
ISIC_2250635,0
ISIC_1103955,0
ISIC_8609756,1
ISIC_5140952,1
ISIC_2492245,1
ISIC_2105563,1
ISIC_4636434,0
ISIC_9997614,0
ISIC_9626110,0
ISIC_2988993,0
ISIC_6413890,0
ISIC_6625102,0
ISIC_0337631,1
ISIC_6876691,0
ISIC_2766590,0
ISIC_8372206,1
ISIC_8632904,0
ISIC_0216447,0
ISIC_7949783,0
ISIC_2979177,0
ISIC_8345288,0
ISIC_1889076,0
ISIC_6159600,0
ISIC_7064511,0
ISIC_1274198,0
ISIC_3646060,0
ISIC_3409440,0
ISIC_1973815,1
ISIC_4099287,1
ISIC_4961146,0
ISIC_7889097,0
ISIC_5664695,0
ISIC_1651006,0
ISIC_2974420,0
ISIC_3086392,0
ISIC_0633831,0
ISIC_1124434,0
ISIC_2263660,0
ISIC_1553968,0
ISIC_6813763,0
ISIC_0749073,0
ISIC_3753916,0
ISIC_9980216,0
ISIC_9547337,0
ISIC_0166988,0
ISIC_7070020,0
ISIC_4737672,0
ISIC_6110888,0
ISIC_8621568,0
ISIC_7684290,0
ISIC_2033237,0
ISIC_1106851,0
ISIC_5673518,0
ISIC_9781886,0
ISIC_6251753,0
ISIC_9963177,0
ISIC_9962388,0
ISIC_2985724,0
ISIC_9467877,0
ISIC_2700320,0
ISIC_3084312,0
ISIC_1200846,0
ISIC_1162288,0
ISIC_6516710,0
ISIC_6526489,0
ISIC_3428523,0
ISIC_3965087,0
ISIC_0890398,0
ISIC_6931277,0
ISIC_5164319,0
ISIC_3176566,0
ISIC_5505677,0
ISIC_1642210,0
ISIC_5340305,0
ISIC_5327658,0
ISIC_1602561,0
ISIC_7536704,0
ISIC_8130168,0
ISIC_7468407,0
ISIC_9977219,0
ISIC_0770814,0
ISIC_5388371,0
ISIC_1569119,0
ISIC_8699846,0
ISIC_7547609,0
ISIC_5609883,0
ISIC_8866651,0
ISIC_2528358,0
ISIC_5129659,0
ISIC_0611629,0
ISIC_1733995,0
ISIC_8142461,0
ISIC_2412426,0
ISIC_6125652,0
ISIC_1356715,0
ISIC_0274382,0
ISIC_4346693,0
ISIC_9000901,0
ISIC_2720971,0
ISIC_8702237,0
ISIC_6713432,0
ISIC_2320481,0
ISIC_1887647,0
ISIC_1330008,0
ISIC_9785077,0
ISIC_9482842,0
ISIC_3936223,0
ISIC_9185624,0
ISIC_5626995,0
ISIC_2377844,0
ISIC_7371801,0
ISIC_2883756,0
ISIC_6512653,0
ISIC_4469476,0
ISIC_6110788,0
ISIC_7904829,0
ISIC_8564474,0
ISIC_0833889,0
ISIC_2779036,0
ISIC_6509682,0
ISIC_0273046,0
ISIC_3331853,0
ISIC_0801281,0
ISIC_6966001,0
ISIC_3249158,0
ISIC_6964033,0
ISIC_1398333,0
ISIC_8823366,0
ISIC_3969411,0
ISIC_2287032,0
ISIC_2481044,0
ISIC_4347161,0
ISIC_3778192,0
ISIC_1822797,0
ISIC_8283552,0
ISIC_6937025,0
ISIC_9000824,0
ISIC_9193127,0
ISIC_6400232,0
ISIC_9478088,0
ISIC_4427596,0
ISIC_9975957,0
ISIC_3319411,0
ISIC_1685653,0
ISIC_9087738,0
ISIC_3302777,0
ISIC_9784104,0
ISIC_6546903,0
ISIC_5646514,0
ISIC_8432957,0
ISIC_6687799,0
ISIC_0236510,0
ISIC_7633322,0
ISIC_4785358,0
ISIC_7216585,0
ISIC_1731411,0
ISIC_6538399,0
ISIC_4839104,0
ISIC_5544848,0
ISIC_2317322,0
ISIC_6885016,0
ISIC_1992621,0
ISIC_0938864,0
ISIC_1859641,0
ISIC_4025587,0
ISIC_4130540,0
ISIC_8026339,0
ISIC_2281090,0
ISIC_9861674,0
ISIC_7023656,0
ISIC_2892069,0
ISIC_6555093,0
ISIC_9144769,0
ISIC_8363791,0
ISIC_9114776,0
ISIC_9645937,0
ISIC_3052085,0
ISIC_6689310,0
ISIC_5185780,0
ISIC_0149568,0
ISIC_2607827,0
ISIC_9432244,0
ISIC_7528783,0
ISIC_2817101,0
ISIC_9022005,0
ISIC_9967383,0
ISIC_0715702,0
ISIC_8639448,0
ISIC_1394029,0
ISIC_2875622,0
ISIC_3251486,0
ISIC_2059481,0
ISIC_2970409,0
ISIC_2546644,0
ISIC_4827270,0
ISIC_2323273,0
ISIC_6539127,0
ISIC_9358630,0
ISIC_7960172,0
ISIC_6340529,0
ISIC_0547934,0
ISIC_6102502,0
ISIC_4887403,0
ISIC_2382612,0
ISIC_2123159,0
ISIC_9206499,0
ISIC_0562430,0
ISIC_3033120,0
ISIC_1486076,0
ISIC_2975553,0
ISIC_8355446,0
ISIC_0565046,0
ISIC_2074649,0
ISIC_7421719,0
ISIC_5679678,0
ISIC_0207268,0
ISIC_1051595,0
ISIC_1275188,0
ISIC_6571026,0
ISIC_6332480,0
ISIC_7586457,0
ISIC_0924701,0
ISIC_4270738,0
ISIC_2812732,0
ISIC_2778113,0
ISIC_3288502,0
ISIC_0755331,0
ISIC_7661590,0
ISIC_9063854,0
ISIC_7545731,0
ISIC_2561898,0
ISIC_1808628,0
ISIC_2671817,0
ISIC_1196376,0
ISIC_4390313,0
ISIC_2939230,0
ISIC_6584579,0
ISIC_2642187,0
ISIC_6352565,0
ISIC_5708658,0
ISIC_8085925,0
ISIC_2631302,0
ISIC_0668739,0
ISIC_1413366,0
ISIC_4973809,0
ISIC_2457132,0
ISIC_3888054,0
ISIC_4439054,0
ISIC_2772581,0
ISIC_7611850,0
ISIC_8976374,0
ISIC_5565758,0
ISIC_0703440,0
ISIC_3668920,0
ISIC_1948821,0
ISIC_7343496,0
ISIC_7006530,0
ISIC_3203435,0
ISIC_4100970,0
ISIC_8649055,0
ISIC_7070088,0
ISIC_3175789,0
ISIC_5511356,0
ISIC_9342419,0
ISIC_3599125,0
ISIC_1598039,0
ISIC_1574020,0
ISIC_6272501,0
ISIC_8430165,0
ISIC_0641371,0
ISIC_2788286,0
ISIC_6020087,0
ISIC_8814398,0
ISIC_2987613,0
ISIC_0467617,0
ISIC_7096946,0
ISIC_3429014,0
ISIC_4606646,0
ISIC_3594764,0
ISIC_7726675,0
ISIC_6440420,0
ISIC_0592552,0
ISIC_7763042,0
ISIC_6552718,0
ISIC_4026806,0
ISIC_1904481,0
ISIC_9546061,0
ISIC_2334275,0
ISIC_1506954,0
ISIC_1384413,0
ISIC_5435863,0
ISIC_1348539,0
ISIC_5365537,0
ISIC_7094911,0
ISIC_1786585,0
ISIC_8757174,0
ISIC_1685257,0
ISIC_2449103,0
ISIC_5194334,0
ISIC_7062201,0
ISIC_1449628,0
ISIC_6381819,0
ISIC_4810227,0
ISIC_9752088,0
ISIC_9456779,0
ISIC_0606244,0
ISIC_9114248,0
ISIC_0873174,0
ISIC_9345094,0
ISIC_2318474,0
ISIC_2438481,0
ISIC_1440160,0
ISIC_2251334,0
ISIC_0559101,0
ISIC_6816081,0
ISIC_4068636,0
ISIC_6511141,0
ISIC_4938994,0
ISIC_3433909,0
ISIC_5732201,0
ISIC_4814164,0
ISIC_7010755,0
ISIC_9101762,0
ISIC_9312164,0
ISIC_9132494,0
ISIC_4883407,0
ISIC_8538920,0
ISIC_0612624,0
ISIC_6833905,0
ISIC_2623707,0
ISIC_9323659,0
ISIC_5847821,0
ISIC_7050773,0
ISIC_7293518,0
ISIC_1195354,0
ISIC_8059429,0
ISIC_4378189,0
ISIC_6739241,0
ISIC_8051791,0
ISIC_1684127,0
ISIC_0969723,0
ISIC_8878967,0
ISIC_1665944,0
ISIC_7372719,0
ISIC_6640981,0
ISIC_6024335,0
ISIC_8285361,0
ISIC_5642824,0
ISIC_8231999,0
ISIC_9797578,0
ISIC_5970460,0
ISIC_8085467,0
ISIC_1732527,0
ISIC_6205965,0
ISIC_4568001,0
ISIC_4967564,0
ISIC_1560324,0
ISIC_8583322,0
ISIC_6289765,0
ISIC_7132534,0
ISIC_2685681,0
ISIC_4881841,0
ISIC_6925729,0
ISIC_3521744,0
ISIC_5527224,0
ISIC_5258657,0
ISIC_1959939,0
ISIC_8041953,0
ISIC_3456207,0
ISIC_0809845,0
ISIC_2195832,0
ISIC_8284051,0
ISIC_7670737,0
ISIC_2205007,0
ISIC_2172532,0
ISIC_1492455,0
ISIC_6598283,0
ISIC_6982386,0
ISIC_9052500,0
ISIC_4266533,0
ISIC_5969724,0
ISIC_4163686,0
ISIC_5260050,0
ISIC_2900150,0
ISIC_5533992,0
ISIC_1779443,0
ISIC_3570575,0
ISIC_0559335,0
ISIC_8246523,0
ISIC_7074321,0
ISIC_5882629,0
ISIC_8786539,0
ISIC_1852500,0
ISIC_3576876,0
ISIC_8363069,0
ISIC_4355229,0
ISIC_9016941,0
ISIC_0952472,0
ISIC_9262161,0
ISIC_6416533,0
ISIC_7843804,0
ISIC_6805686,0
ISIC_2565206,0
ISIC_9593940,0
ISIC_6971606,0
ISIC_2351999,0
ISIC_7236809,0
ISIC_0248114,0
ISIC_7847294,0
ISIC_9526877,0
ISIC_5137933,0
ISIC_4443545,0
ISIC_0384107,0
ISIC_7929262,0
ISIC_3795397,0
ISIC_8641097,0
ISIC_7445157,0
ISIC_1616031,0
ISIC_1698942,0
ISIC_8011058,0
ISIC_1486154,0
ISIC_2272218,0
ISIC_2412113,0
ISIC_9944931,0
ISIC_1727295,0
ISIC_0470699,0
ISIC_3801938,0
ISIC_3915890,0
ISIC_8965323,0
ISIC_4377208,0
ISIC_1388552,0
ISIC_2824922,0
ISIC_3994631,0
ISIC_7520843,0
ISIC_5071046,0
ISIC_1643439,0
ISIC_1881133,0
ISIC_1667159,0
ISIC_2428554,0
ISIC_8230318,0
ISIC_5216586,0
ISIC_2937642,0
ISIC_7797595,0
ISIC_5268669,0
ISIC_7626256,0
ISIC_0272509,0
ISIC_9704624,0
ISIC_6641007,0
ISIC_5550366,0
ISIC_1654342,0
ISIC_3451688,0
ISIC_5719183,0
ISIC_3738751,0
ISIC_5044571,0
ISIC_6313487,0
ISIC_9598453,0
ISIC_3464344,0
ISIC_6231450,0
ISIC_0528044,0
ISIC_2646829,0
ISIC_8789051,0
ISIC_8648734,0
ISIC_1836410,0
ISIC_2170268,0
ISIC_9514450,0
ISIC_8043823,0
ISIC_9884312,0
ISIC_8249854,0
ISIC_5679290,0
ISIC_5539423,0
ISIC_0719366,0
ISIC_1110583,0
ISIC_5943385,0
ISIC_8419210,0
ISIC_0996873,0
ISIC_3704157,0
ISIC_7205745,0
ISIC_3947143,0
ISIC_6581411,0
ISIC_3465766,0
ISIC_0602633,0
ISIC_5060576,0
ISIC_4055354,0
ISIC_9998682,0
ISIC_3391427,0
ISIC_5491443,0
ISIC_7035368,0
ISIC_3587744,0
ISIC_9183084,0
ISIC_8238755,0
ISIC_4258047,0
ISIC_8578525,0
ISIC_4214570,0
ISIC_2200197,0
ISIC_3301933,0
ISIC_9299316,0
ISIC_6467369,0
ISIC_4267177,0
ISIC_5033871,0
ISIC_7901662,0
ISIC_0947409,0
ISIC_0361529,0
ISIC_0937261,0
ISIC_7010159,0
ISIC_7872595,0
ISIC_7940557,0
ISIC_4090965,0
ISIC_3971018,0
ISIC_3435596,0
ISIC_9719597,0
ISIC_4968384,0
ISIC_6985838,0
ISIC_6794899,0
ISIC_8768857,0
ISIC_3689236,0
ISIC_1048895,0
ISIC_8009536,0
ISIC_3105463,0
ISIC_9429943,0
ISIC_8437493,0
ISIC_3517311,0
ISIC_5215191,0
ISIC_0771788,0
ISIC_0662000,0
ISIC_9922430,0
ISIC_9199429,0
ISIC_5581297,0
ISIC_4950321,0
ISIC_2975580,0
ISIC_3971465,0
ISIC_6634951,0
ISIC_0803850,0
ISIC_2903756,0
ISIC_3393442,0
ISIC_7451381,0
ISIC_2697910,0
ISIC_4960784,0
ISIC_2048015,0
ISIC_4851366,0
ISIC_2268341,0
ISIC_4828943,0
ISIC_1566428,0
ISIC_4810142,0
ISIC_1785627,0
ISIC_5962903,0
ISIC_3087371,0
ISIC_1979473,0
ISIC_3016243,0
ISIC_4964804,0
ISIC_6470698,0
ISIC_8270405,0
ISIC_3817719,0
ISIC_1202656,0
ISIC_2974214,0
ISIC_0456176,0
ISIC_9038318,0
ISIC_8733507,0
ISIC_8361472,0
ISIC_5386105,0
ISIC_8470330,0
ISIC_2203306,0
ISIC_9571842,0
ISIC_2226191,0
ISIC_6107184,0
ISIC_1752943,0
ISIC_1294368,0
ISIC_3436033,0
ISIC_0286360,0
ISIC_5958409,0
ISIC_5667461,0
ISIC_7028320,0
ISIC_5608711,0
ISIC_2801139,0
ISIC_7253401,0
ISIC_7800750,0
ISIC_8167374,0
ISIC_0504165,0
ISIC_3065032,0
ISIC_2400515,0
ISIC_2776906,0
ISIC_2838960,0
ISIC_5408967,0
ISIC_7265673,0
ISIC_8581330,0
ISIC_6594555,0
ISIC_7312977,0
ISIC_5454664,0
ISIC_4425322,0
ISIC_1427578,0
ISIC_9685931,0
ISIC_4870183,0
ISIC_2153401,0
ISIC_2434588,0
ISIC_3575926,0
ISIC_8145348,0
ISIC_9812693,0
ISIC_5981857,0
ISIC_9210255,0
ISIC_1358441,0
ISIC_2743708,0
ISIC_0683986,0
ISIC_9088976,0
ISIC_1447559,0
ISIC_0298274,0
ISIC_9855343,0
ISIC_2577849,0
ISIC_5407240,0
ISIC_0779920,0
ISIC_1315068,0
ISIC_6945634,0
ISIC_5922588,0
ISIC_2350747,0
ISIC_2102371,0
ISIC_8263489,0
ISIC_4427247,0
ISIC_4037228,0
ISIC_6059520,0
ISIC_9028131,0
ISIC_3637224,0
ISIC_8737794,0
ISIC_1694285,0
ISIC_8124900,0
ISIC_8780369,0
ISIC_9819127,0
ISIC_5097951,0
ISIC_3976496,0
ISIC_9596721,0
ISIC_4404772,0
ISIC_5814177,0
ISIC_1670692,0
ISIC_2246150,0
ISIC_5370367,0
ISIC_5678849,0
ISIC_1875012,0
ISIC_1733359,0
ISIC_0477793,0
ISIC_6441489,0
ISIC_8033318,0
ISIC_2371734,0
ISIC_2846402,0
ISIC_7685237,0
ISIC_7418664,0
ISIC_4905375,0
ISIC_2409103,0
ISIC_6307097,0
ISIC_9622423,0
ISIC_6285376,0
ISIC_7202197,0
ISIC_5537985,0
ISIC_5613297,0
ISIC_8006211,0
ISIC_4575527,0
ISIC_1043313,0
ISIC_6512384,0
ISIC_7941289,0
ISIC_1627619,0
ISIC_0519386,0
ISIC_9451161,0
ISIC_5403880,0
ISIC_7195248,0
ISIC_7138875,0
ISIC_6278273,0
ISIC_2637608,0
ISIC_0280912,0
ISIC_8381313,0
ISIC_1386874,0
ISIC_7035246,0
ISIC_5824220,0
ISIC_7637844,0
ISIC_3475660,0
ISIC_5585090,0
ISIC_1964724,0
ISIC_0220438,0
ISIC_6392461,0
ISIC_2757355,0
ISIC_1870415,0
ISIC_2697083,0
ISIC_0351666,0
ISIC_6931468,0
ISIC_0694033,0
ISIC_6285925,0
ISIC_7614221,0
ISIC_2871230,0
ISIC_3399306,0
ISIC_9164054,0
ISIC_4655939,0
ISIC_6555290,0
ISIC_5225355,0
ISIC_8054626,0
ISIC_4354896,0
ISIC_7358293,0
ISIC_1884425,0
ISIC_6089318,0
ISIC_4425657,0
ISIC_1023256,0
ISIC_4909462,0
ISIC_5397969,0
ISIC_0343061,0
ISIC_8483008,0
ISIC_4520704,0
ISIC_8397285,0
ISIC_0227038,0
ISIC_3979826,0
ISIC_5776649,0
ISIC_2512303,0
ISIC_0178235,0
ISIC_2255411,0
ISIC_2364150,0
ISIC_1473522,0
ISIC_8207974,0
ISIC_2525084,0
ISIC_6549364,0
ISIC_6692344,0
ISIC_3985031,0
ISIC_0624498,0
ISIC_3244067,0
ISIC_9001948,0
ISIC_8732757,0
ISIC_1728564,0
ISIC_2232442,0
ISIC_0981639,0
ISIC_6620377,0
ISIC_1247683,0
ISIC_5046082,0
ISIC_5037784,0
ISIC_0744013,0
ISIC_9930189,0
ISIC_7961365,0
ISIC_0489267,0
ISIC_9626843,0
ISIC_7075768,0
ISIC_7612992,0
ISIC_2243107,0
ISIC_0647224,0
ISIC_8485716,0
ISIC_7914631,0
ISIC_5021861,0
ISIC_7788318,0
ISIC_7680948,0
ISIC_4590186,0
ISIC_5167209,0
ISIC_5774484,0
ISIC_9754098,0
ISIC_7460887,0
ISIC_5747486,0
ISIC_3440759,0
ISIC_5868291,0
ISIC_2126660,0
ISIC_1231419,0
ISIC_5829938,0
ISIC_7490240,0
ISIC_9583969,0
ISIC_4230049,0
ISIC_6785680,0
ISIC_5147292,0
ISIC_6671773,0
ISIC_7960869,0
ISIC_4982046,0
ISIC_5191344,0
ISIC_1866770,0
ISIC_3824206,0
ISIC_4301916,0
ISIC_4967586,0
ISIC_1460932,0
ISIC_7466678,0
ISIC_6841294,0
ISIC_3469595,0
ISIC_2406492,0
ISIC_3241636,0
ISIC_0914168,0
ISIC_0294150,0
ISIC_1968421,0
ISIC_1486861,0
ISIC_7218890,0
ISIC_9000234,0
ISIC_7098141,0
ISIC_1706912,0
ISIC_1412843,0
ISIC_9235283,0
ISIC_5576354,0
ISIC_9286292,0
ISIC_2957732,0
ISIC_4276255,0
ISIC_5983500,0
ISIC_6535558,0
ISIC_0572205,0
ISIC_0915404,0
ISIC_3412012,0
ISIC_7948290,0
ISIC_3883863,0
ISIC_4362713,0
ISIC_5391758,0
ISIC_5994923,0
ISIC_8617277,0
ISIC_8892236,0
ISIC_6714082,0
ISIC_7287303,0
ISIC_8252406,0
ISIC_2141237,0
ISIC_6695831,0
ISIC_3909039,0
ISIC_3895426,0
ISIC_5434661,0
ISIC_8724944,0
ISIC_7897925,0
ISIC_3696488,0
ISIC_1733178,0
ISIC_3590167,0
ISIC_8040024,0
ISIC_9941666,0
ISIC_3286186,0
ISIC_9547725,0
ISIC_5045600,0
ISIC_9676644,0
ISIC_7844825,0
ISIC_6124481,0
ISIC_7190243,0
ISIC_0327406,0
ISIC_2135474,0
ISIC_5602826,0
ISIC_3775417,0
ISIC_8545949,0
ISIC_3642019,0
ISIC_7816675,0
ISIC_0369831,0
ISIC_3068885,0
ISIC_7880400,0
ISIC_3666967,0
ISIC_3159924,0
ISIC_4398011,0
ISIC_8838753,0
ISIC_8027899,0
ISIC_2837581,0
ISIC_5044438,0
ISIC_8493108,0
ISIC_3446357,0
ISIC_9130157,0
ISIC_6269166,0
ISIC_0946787,0
ISIC_6904082,0
ISIC_1269448,0
ISIC_8922893,0
ISIC_4619903,0
ISIC_1330381,0
ISIC_2724529,0
ISIC_8758404,0
ISIC_3028754,0
ISIC_8066110,0
ISIC_9870885,0
ISIC_5337236,0
ISIC_4629662,0
ISIC_6949373,0
ISIC_5364599,0
ISIC_2916754,0
ISIC_9183913,0
ISIC_2102374,0
ISIC_9690971,0
ISIC_7765349,0
ISIC_6650334,0
ISIC_1406759,0
ISIC_8645393,0
ISIC_6999149,0
ISIC_7273804,0
ISIC_6472700,0
ISIC_9357335,0
ISIC_9870600,0
ISIC_3493343,0
ISIC_2614015,0
ISIC_9543704,0
ISIC_5336791,0
ISIC_5784659,0
ISIC_8427534,0
ISIC_5277926,0
ISIC_7349440,0
ISIC_0186998,0
ISIC_1160972,0
ISIC_6596655,0
ISIC_1966992,0
ISIC_0602893,0
ISIC_9699426,0
ISIC_6217950,0
ISIC_9927015,0
ISIC_0925325,0
ISIC_0249688,0
ISIC_7922659,0
ISIC_1493992,0
ISIC_1146051,0
ISIC_9899364,0
ISIC_1742207,0
ISIC_6256967,0
ISIC_6303895,0
ISIC_8821742,0
ISIC_4411089,0
ISIC_4965308,0
ISIC_1330850,0
ISIC_6589548,0
ISIC_8298139,0
ISIC_3125124,0
ISIC_7659537,0
ISIC_8023672,0
ISIC_0799487,0
ISIC_4117448,0
ISIC_5729818,0
ISIC_0875614,0
ISIC_3179153,0
ISIC_0401647,0
ISIC_2702619,0
ISIC_4160844,0
ISIC_6875745,0
ISIC_5847334,0
ISIC_0587266,0
ISIC_6299036,0
ISIC_1028374,0
ISIC_0992261,0
ISIC_7683429,0
ISIC_8711662,0
ISIC_5843614,0
ISIC_0525932,0
ISIC_1001430,0
ISIC_6240570,0
ISIC_0651512,0
ISIC_1437062,0
ISIC_8436194,0
ISIC_3094758,0
ISIC_9196954,0
ISIC_3045939,0
ISIC_2344163,0
ISIC_2599634,0
ISIC_8838144,0
ISIC_4967361,0
ISIC_5145385,0
ISIC_5356349,0
ISIC_2693316,0
ISIC_5324644,0
ISIC_3519679,0
ISIC_7803822,0
ISIC_3961887,0
ISIC_2986485,0
ISIC_1585971,0
ISIC_1960009,0
ISIC_7143489,0
ISIC_3757004,0
ISIC_1496469,0
ISIC_1884970,0
ISIC_1578885,1
ISIC_3711801,0
ISIC_9643462,0
ISIC_3112053,0
ISIC_1384793,0
ISIC_5847182,0
ISIC_7126708,0
ISIC_4524488,0
ISIC_7126269,0
ISIC_5430595,0
ISIC_6852638,0
ISIC_3905170,0
ISIC_8624049,0
ISIC_8871930,0
ISIC_9401172,0
ISIC_5209280,0
ISIC_8212790,0
ISIC_7268223,0
ISIC_4646206,0
ISIC_1126550,0
ISIC_0591484,0
ISIC_5635819,0
ISIC_6604352,0
ISIC_8872225,0
ISIC_6098021,0
ISIC_2548833,0
ISIC_6603948,0
ISIC_9438037,0
ISIC_4865307,0
ISIC_1607865,0
ISIC_0567265,0
ISIC_0862350,0
ISIC_3040722,0
ISIC_6288741,0
ISIC_8897775,0
ISIC_6405019,0
ISIC_0353247,0
ISIC_4223923,0
ISIC_3001197,0
ISIC_7383685,0
ISIC_8535481,0
ISIC_9311922,0
ISIC_7323448,0
ISIC_6897540,0
ISIC_7820852,0
ISIC_1936297,0
ISIC_9465773,0
ISIC_2310935,0
ISIC_6710054,0
ISIC_3557527,0
ISIC_1558504,0
ISIC_1949126,0
ISIC_3579423,0
ISIC_2508280,0
ISIC_6289926,0
ISIC_1839246,0
ISIC_0709809,0
ISIC_1298339,0
ISIC_3718172,0
ISIC_8582111,0
ISIC_0645477,0
ISIC_3401800,0
ISIC_7837335,0
ISIC_5597363,0
ISIC_7751373,0
ISIC_2663709,0
ISIC_2271767,0
ISIC_6046720,0
ISIC_3850265,0
ISIC_7031405,0
ISIC_5557949,0
ISIC_0051799,0
ISIC_6080966,0
ISIC_6366417,0
ISIC_8568000,0
ISIC_2954389,0
ISIC_2808223,0
ISIC_4573039,0
ISIC_4753959,0
ISIC_3471297,0
ISIC_0592761,0
ISIC_8625813,0
ISIC_0555938,0
ISIC_4818378,0
ISIC_6016668,0
ISIC_0565639,0
ISIC_9531992,0
ISIC_8061603,0
ISIC_7462953,0
ISIC_7917197,0
ISIC_4093917,0
ISIC_7410963,0
ISIC_5257528,0
ISIC_8412624,0
ISIC_0552701,0
ISIC_2489767,0
ISIC_7714994,0
ISIC_5094969,0
ISIC_7241668,0
ISIC_3389695,0
ISIC_6644377,0
ISIC_6701634,0
ISIC_7476613,0
ISIC_6969292,0
ISIC_7109857,0
ISIC_4459528,0
ISIC_1789897,0
ISIC_5909577,0
ISIC_4983958,0
ISIC_5619717,0
ISIC_2277806,0
ISIC_3903680,0
ISIC_1860707,0
ISIC_7979899,0
ISIC_3714766,0
ISIC_3335505,0
ISIC_9535192,0
ISIC_7484771,0
ISIC_2274046,0
ISIC_7481964,0
ISIC_7437913,0
ISIC_2436560,0
ISIC_2201020,0
ISIC_3222339,0
ISIC_4092548,0
ISIC_6457212,0
ISIC_9696015,0
ISIC_6041443,0
ISIC_6686330,0
ISIC_7569242,0
ISIC_1636427,0
ISIC_2899773,0
ISIC_8103152,0
ISIC_8815430,0
ISIC_8708893,0
ISIC_0081584,0
ISIC_4353888,0
ISIC_7826735,0
ISIC_0905367,0
ISIC_7252263,0
ISIC_4738295,0
ISIC_9076510,0
ISIC_8288855,0
ISIC_0501108,0
ISIC_4308751,0
ISIC_0669355,0
ISIC_8708106,0
ISIC_7078388,0
ISIC_5383422,0
ISIC_8080515,0
ISIC_7683745,0
ISIC_2783936,0
ISIC_7175579,0
ISIC_7191988,0
ISIC_4477663,0
ISIC_8598119,0
ISIC_0453394,0
ISIC_6113814,0
ISIC_1571132,0
ISIC_0457683,0
ISIC_8653978,0
ISIC_4506056,0
ISIC_6866262,0
ISIC_7347156,0
ISIC_3303974,0
ISIC_0517084,0
ISIC_6647306,0
ISIC_6364763,0
ISIC_4347535,0
ISIC_1907322,0
ISIC_5620802,0
ISIC_1546367,0
ISIC_5991850,0
ISIC_8464434,0
ISIC_8035687,0
ISIC_6780662,0
ISIC_0760717,0
ISIC_0737161,0
ISIC_5743254,0
ISIC_4720110,0
ISIC_6444362,0
ISIC_3444126,0
ISIC_2750724,0
ISIC_4532010,0
ISIC_0767110,0
ISIC_6534578,0
ISIC_8752021,0
ISIC_4985027,0
ISIC_3962990,0
ISIC_0371997,0
ISIC_1277350,0
ISIC_5369138,0
ISIC_9130035,0
ISIC_9007400,0
ISIC_4990737,0
ISIC_0777975,0
ISIC_4950279,0
ISIC_1259169,0
ISIC_8732565,0
ISIC_8591741,0
ISIC_4464310,0
ISIC_0423655,0
ISIC_9641799,0
ISIC_4330588,0
ISIC_6713972,0
ISIC_2757370,0
ISIC_7993120,0
ISIC_8390159,0
ISIC_5123057,0
ISIC_6744732,0
ISIC_4130156,0
ISIC_4560389,0
ISIC_5347969,0
ISIC_6761840,0
ISIC_8997516,0
ISIC_4630013,0
ISIC_1040820,0
ISIC_7466175,0
ISIC_5544398,0
ISIC_7328646,0
ISIC_2144690,0
ISIC_7384432,0
ISIC_0545679,0
ISIC_4633843,0
ISIC_2626164,0
ISIC_8198928,0
ISIC_5015551,0
ISIC_8002685,0
ISIC_6060942,0
ISIC_3924603,0
ISIC_4019372,0
ISIC_6516395,0
ISIC_1863725,0
ISIC_3750329,0
ISIC_1431969,0
ISIC_7830960,0
ISIC_5350216,0
ISIC_4687340,0
ISIC_6867242,0
ISIC_8600962,0
ISIC_9905625,0
ISIC_1099767,0
ISIC_1689823,0
ISIC_8806986,0
ISIC_4718049,0
ISIC_5076357,0
ISIC_2166645,0
ISIC_5038394,0
ISIC_9437700,0
ISIC_5367118,0
ISIC_7898061,0
ISIC_5091996,0
ISIC_9384946,0
ISIC_1833509,0
ISIC_8636116,0
ISIC_8863344,0
ISIC_1752997,0
ISIC_1421963,0
ISIC_8560106,0
ISIC_7783826,0
ISIC_5771732,0
ISIC_9750445,0
ISIC_7109491,0
ISIC_0429825,0
ISIC_5909161,0
ISIC_8877949,0
ISIC_5449076,0
ISIC_5740807,0
ISIC_6066292,0
ISIC_5592362,0
ISIC_5123323,0
ISIC_7969855,0
ISIC_9603768,0
ISIC_9094343,0
ISIC_2393912,0
ISIC_8795050,0
ISIC_8458339,0
ISIC_6425262,0
ISIC_2283057,0
ISIC_8087949,0
ISIC_7883190,0
ISIC_8014228,0
ISIC_8937746,0
ISIC_7899041,0
ISIC_0446437,0
ISIC_4439689,0
ISIC_5095052,0
ISIC_0972869,0
ISIC_6794479,0
ISIC_3406437,0
ISIC_9210086,0
ISIC_2108849,0
ISIC_1176074,0
ISIC_6733658,0
ISIC_7875640,0
ISIC_6384448,0
ISIC_0399142,0
ISIC_6667219,0
ISIC_7453676,0
ISIC_5907979,0
ISIC_8431340,0
ISIC_6494787,0
ISIC_4813568,0
ISIC_4730582,0
ISIC_1797052,0
ISIC_5857357,0
ISIC_7096885,0
ISIC_6770608,0
ISIC_3127359,0
ISIC_3136432,0
ISIC_1365352,0
ISIC_7014017,0
ISIC_6186510,0
ISIC_5359186,0
ISIC_3182500,0
ISIC_5762714,0
ISIC_5642041,0
ISIC_8190955,0
ISIC_4974868,0
ISIC_7705774,0
ISIC_9545547,0
ISIC_8947891,0
ISIC_2975167,0
ISIC_6951477,0
ISIC_6821074,0
ISIC_4714276,0
ISIC_9304776,0
ISIC_7781907,0
ISIC_9927486,0
ISIC_6604109,0
ISIC_8563029,0
ISIC_7408991,0
ISIC_9254641,0
ISIC_3621643,0
ISIC_9324976,0
ISIC_3281565,0
ISIC_7362828,0
ISIC_9091604,0
ISIC_4842908,0
ISIC_6548523,0
ISIC_7183651,0
ISIC_0464707,0
ISIC_9725795,0
ISIC_8381252,0
ISIC_8586456,0
ISIC_3206883,0
ISIC_6212874,0
ISIC_4310717,0
ISIC_7221969,0
ISIC_8291849,0
ISIC_1071783,0
ISIC_1547095,0
ISIC_3488179,0
ISIC_3877564,0
ISIC_8079352,0
ISIC_2402187,0
ISIC_3133338,0
ISIC_6086066,0
ISIC_4173993,0
ISIC_2944098,0
ISIC_4177450,0
ISIC_2294973,0
ISIC_4727454,0
ISIC_5882472,0
ISIC_9961567,0
ISIC_0786784,0
ISIC_0259780,0
ISIC_5539279,0
ISIC_2128061,0
ISIC_8705318,0
ISIC_7852467,0
ISIC_0855174,0
ISIC_7961039,0
ISIC_3233147,0
ISIC_5727282,0
ISIC_6432255,0
ISIC_9185856,0
ISIC_1429504,0
ISIC_9154716,0
ISIC_0224332,0
ISIC_3378080,0
ISIC_5663517,0
ISIC_5299587,0
ISIC_9353578,0
ISIC_9017207,0
ISIC_6243656,0
ISIC_1089173,0
ISIC_9122199,0
ISIC_5475653,0
ISIC_7898880,0
ISIC_2788756,0
ISIC_3160599,0
ISIC_7110531,0
ISIC_4914689,0
ISIC_6015221,0
ISIC_2227940,0
ISIC_7904757,0
ISIC_5930265,0
ISIC_7589290,0
ISIC_5810696,0
ISIC_8263857,0
ISIC_1990155,0
ISIC_9452568,0
ISIC_9568217,0
ISIC_0604571,0
ISIC_9187590,0
ISIC_7895545,0
ISIC_0962121,0
ISIC_9819334,0
ISIC_1626681,0
ISIC_5889844,0
ISIC_2099850,0
ISIC_0489982,0
ISIC_8200265,0
ISIC_7235128,0
ISIC_6134155,0
ISIC_9101387,0
ISIC_6498094,0
ISIC_9048840,0
ISIC_3180213,0
ISIC_3429725,0
ISIC_4212284,0
ISIC_2290284,0
ISIC_2243756,0
ISIC_4886164,0
ISIC_7414188,0
ISIC_4743199,0
ISIC_6946803,0
ISIC_6342190,0
ISIC_1601532,0
ISIC_0103730,0
ISIC_8370088,0
ISIC_9380414,0
ISIC_4393640,0
ISIC_1838042,0
ISIC_8672974,0
ISIC_6494694,0
ISIC_1939413,0
ISIC_7917871,0
ISIC_1343302,0
ISIC_8135931,0
ISIC_1962844,0
ISIC_4568425,0
ISIC_7381816,0
ISIC_7914731,0
ISIC_5918908,0
ISIC_5344574,0
ISIC_9074326,0
ISIC_7556680,0
ISIC_6347003,0
ISIC_5208168,0
ISIC_4279516,0
ISIC_0112457,0
ISIC_8826496,0
ISIC_4276647,0
ISIC_0140720,0
ISIC_9323064,0
ISIC_3666865,0
ISIC_9879802,0
ISIC_3331737,0
ISIC_9241446,0
ISIC_3848912,0
ISIC_1856063,0
ISIC_6473915,0
ISIC_3458204,0
ISIC_0218137,0
ISIC_6890961,0
ISIC_3236918,0
ISIC_9045599,0
ISIC_5208776,0
ISIC_3626576,0
ISIC_8083744,0
ISIC_5959935,0
ISIC_7508477,0
ISIC_1372928,0
ISIC_9746722,0
ISIC_6708112,0
ISIC_4066892,0
ISIC_4240225,0
ISIC_9611124,0
ISIC_0443195,0
ISIC_1469532,0
ISIC_3360646,0
ISIC_2869606,0
ISIC_1479692,0
ISIC_7633204,0
ISIC_0191276,0
ISIC_3341159,0
ISIC_6013008,0
ISIC_2623420,0
ISIC_0939958,0
ISIC_7196573,0
ISIC_4492754,0
ISIC_6915882,0
ISIC_2046445,0
ISIC_0478979,0
ISIC_6343626,0
ISIC_3811339,0
ISIC_1926807,0
ISIC_6523645,0
ISIC_8541813,0
ISIC_0322660,0
ISIC_7651745,0
ISIC_7747998,0
ISIC_3642877,0
ISIC_2785362,0
ISIC_1214018,0
ISIC_5716967,0
ISIC_4328860,0
ISIC_5153848,0
ISIC_7968881,0
ISIC_0717152,0
ISIC_0473709,0
ISIC_1534969,0
ISIC_6115208,0
ISIC_6379594,0
ISIC_6012370,0
ISIC_2996240,0
ISIC_2056422,0
ISIC_1818238,0
ISIC_6033409,0
ISIC_4839743,0
ISIC_6827665,0
ISIC_6368918,0
ISIC_9335652,0
ISIC_2365013,0
ISIC_8502689,0
ISIC_2884038,0
ISIC_7078501,0
ISIC_9432999,0
ISIC_5010212,0
ISIC_7260982,0
ISIC_9886430,0
ISIC_8375567,0
ISIC_9260193,0
ISIC_4207959,0
ISIC_8913309,0
ISIC_6184891,0
ISIC_5777510,0
ISIC_7679270,0
ISIC_1685962,0
ISIC_5970162,0
ISIC_0612638,0
ISIC_8152966,0
ISIC_6396310,0
ISIC_6667632,0
ISIC_7166827,0
ISIC_6409522,0
ISIC_5926550,0
ISIC_5449421,0
ISIC_1364900,0
ISIC_1510540,0
ISIC_8939957,0
ISIC_5420096,0
ISIC_2851842,0
ISIC_9444659,0
ISIC_3690890,0
ISIC_6433929,0
ISIC_4780727,0
ISIC_1819418,0
ISIC_5534730,0
ISIC_8197653,0
ISIC_9141817,0
ISIC_6770353,0
ISIC_4951213,0
ISIC_7303073,0
ISIC_2451137,0
ISIC_7880127,0
ISIC_2246574,0
ISIC_4187627,0
ISIC_1357686,0
ISIC_1957594,0
ISIC_8329541,0
ISIC_4524099,0
ISIC_1411589,0
ISIC_9415945,0
ISIC_6278558,0
ISIC_4923819,0
ISIC_6871942,0
ISIC_3147084,0
ISIC_5237059,0
ISIC_4292710,0
ISIC_5734408,0
ISIC_0494909,0
ISIC_5176486,0
ISIC_4522439,0
ISIC_3751090,0
ISIC_4914130,0
ISIC_9862922,0
ISIC_4106362,0
ISIC_2030042,0
ISIC_5415749,0
ISIC_5268446,0
ISIC_7942881,0
ISIC_4448486,0
ISIC_1205301,0
ISIC_8040068,0
ISIC_0601638,0
ISIC_7460002,0
ISIC_6393048,0
ISIC_7981712,0
ISIC_5858111,0
ISIC_1359589,0
ISIC_3758049,0
ISIC_7429270,0
ISIC_5523865,0
ISIC_8468832,0
ISIC_9069120,0
ISIC_4143480,0
ISIC_5382111,0
ISIC_6284312,0
ISIC_0295083,0
ISIC_9348198,0
ISIC_2557960,0
ISIC_6646939,0
ISIC_9476244,0
ISIC_2818959,0
ISIC_9772863,0
ISIC_5934354,0
ISIC_8468455,0
ISIC_1241834,0
ISIC_3356154,0
ISIC_5814432,0
ISIC_5652749,0
ISIC_3882211,0
ISIC_3632567,0
ISIC_7137230,0
ISIC_2080318,0
ISIC_6889402,0
ISIC_8903875,0
ISIC_6174918,0
ISIC_0104911,0
ISIC_1338061,0
ISIC_8581475,0
ISIC_8994087,0
ISIC_6095734,0
ISIC_4292480,0
ISIC_2563568,0
ISIC_6460536,0
ISIC_2202831,0
ISIC_2444283,0
ISIC_2877445,0
ISIC_3825167,0
ISIC_8901133,0
ISIC_5553268,0
ISIC_6128367,0
ISIC_8502411,0
ISIC_5849354,0
ISIC_9957272,0
ISIC_8062902,0
ISIC_0289271,0
ISIC_7102039,0
ISIC_8869929,0
ISIC_8124910,0
ISIC_5733808,0
ISIC_4174867,0
ISIC_3771248,0
ISIC_4247737,0
ISIC_0668612,0
ISIC_0280376,0
ISIC_8813701,0
ISIC_9744305,0
ISIC_2283509,0
ISIC_7171032,0
ISIC_5330187,0
ISIC_1214159,0
ISIC_9251640,0
ISIC_7710386,0
ISIC_7090336,0
ISIC_2599541,0
ISIC_8319867,0
ISIC_6591815,0
ISIC_1027132,0
ISIC_2010209,0
ISIC_4598375,0
ISIC_6073897,0
ISIC_7540782,0
ISIC_2198823,0
ISIC_2138419,0
ISIC_9660623,0
ISIC_8415868,0
ISIC_1953852,0
ISIC_5425768,0
ISIC_1003059,0
ISIC_3487175,0
ISIC_4782596,0
ISIC_4738071,0
ISIC_8900920,0
ISIC_3363819,0
ISIC_5571430,0
ISIC_4196059,0
ISIC_2399526,0
ISIC_0437036,0
ISIC_1601635,0
ISIC_0632983,0
ISIC_0865706,0
ISIC_7133618,0
ISIC_2410708,0
ISIC_6106060,0
ISIC_4212546,0
ISIC_4281796,0
ISIC_5045552,0
ISIC_8596479,0
ISIC_9963174,0
ISIC_0084117,0
ISIC_8138363,0
ISIC_8712559,0
ISIC_0082704,0
ISIC_3956421,0
ISIC_4769243,0
ISIC_6532815,0
ISIC_0706692,0
ISIC_1919749,0
ISIC_8980141,0
ISIC_7154536,0
ISIC_9654132,0
ISIC_9787166,0
ISIC_7324950,0
ISIC_7925908,0
ISIC_8010397,0
ISIC_9256811,0
ISIC_5957970,0
ISIC_1085658,0
ISIC_4320764,0
ISIC_1426969,0
ISIC_8344345,0
ISIC_6382790,0
ISIC_3148886,0
ISIC_7476070,0
ISIC_4781223,0
ISIC_3943279,0
ISIC_7218916,0
ISIC_0198315,0
ISIC_2007396,0
ISIC_0119296,0
ISIC_6883317,0
ISIC_2957465,0
ISIC_0702665,0
ISIC_8988016,0
ISIC_6163789,0
ISIC_5838895,0
ISIC_4684692,0
ISIC_6179369,0
ISIC_2381635,0
ISIC_7779198,0
ISIC_9152603,0
ISIC_4535409,0
ISIC_9219356,0
ISIC_3466430,0
ISIC_2782072,0
ISIC_2850215,0
ISIC_6049882,0
ISIC_6939823,0
ISIC_5127003,0
ISIC_0126191,0
ISIC_9358012,0
ISIC_7654194,0
ISIC_4548593,0
ISIC_8842001,0
ISIC_2810420,0
ISIC_7674295,0
ISIC_5406780,0
ISIC_4134230,0
ISIC_2139839,0
ISIC_7083060,0
ISIC_6711611,0
ISIC_0327790,0
ISIC_7732458,0
ISIC_8790255,0
ISIC_1933101,0
ISIC_3763984,0
ISIC_7839712,0
ISIC_3862113,0
ISIC_0245720,0
ISIC_5063476,0
ISIC_9487340,0
ISIC_6283716,0
ISIC_9060583,0
ISIC_8495841,0
ISIC_0357905,0
ISIC_9327577,0
ISIC_6065363,0
ISIC_1758247,0
ISIC_8899684,0
ISIC_7118325,0
ISIC_7510790,0
ISIC_5274586,0
ISIC_5264073,0
ISIC_1450057,0
ISIC_1208163,0
ISIC_4684662,0
ISIC_1327512,0
ISIC_1253099,0
ISIC_3321936,0
ISIC_3577187,0
ISIC_3842916,0
ISIC_9156630,0
ISIC_4384072,0
ISIC_3871225,0
ISIC_8509219,0
ISIC_5328915,0
ISIC_8611644,0
ISIC_8813982,0
ISIC_3478473,0
ISIC_5643047,0
ISIC_4817275,1
ISIC_8892662,0
ISIC_0605858,0
ISIC_2512593,0
ISIC_2433965,0
ISIC_5168763,0
ISIC_7797655,0
ISIC_8694075,0
ISIC_4464389,0
ISIC_7697150,0
ISIC_4011833,0
ISIC_2687067,0
ISIC_0416709,0
ISIC_7797007,0
ISIC_2576220,0
ISIC_3846854,0
ISIC_8472933,0
ISIC_6091412,0
ISIC_4699695,0
ISIC_3691992,0
ISIC_5426068,0
ISIC_5864088,0
ISIC_2721975,0
ISIC_1212149,0
ISIC_4510530,0
ISIC_8723509,0
ISIC_0222050,0
ISIC_0990298,0
ISIC_3188100,0
ISIC_2187659,0
ISIC_6466831,0
ISIC_4993277,0
ISIC_4734240,0
ISIC_8339416,0
ISIC_1605945,0
ISIC_0178317,0
ISIC_5685440,0
ISIC_7784603,0
ISIC_3186272,0
ISIC_8115943,0
ISIC_3083366,0
ISIC_2041690,0
ISIC_0223461,0
ISIC_9377882,0
ISIC_4901785,0
ISIC_2939439,0
ISIC_9229959,0
ISIC_0265494,0
ISIC_6677145,0
ISIC_6844482,0
ISIC_0376071,0
ISIC_7264353,0
ISIC_5046410,0
ISIC_4640181,0
ISIC_9780632,0
ISIC_6128404,0
ISIC_7380754,0
ISIC_9377355,0
ISIC_4953281,0
ISIC_0783513,0
ISIC_7373609,0
ISIC_4878461,0
ISIC_1475363,0
ISIC_6392253,0
ISIC_2869677,0
ISIC_4618923,0
ISIC_0536439,0
ISIC_0839447,0
ISIC_3393031,0
ISIC_7265115,0
ISIC_1585410,0
ISIC_8073555,0
ISIC_5601104,0
ISIC_5849266,0
ISIC_8244535,0
ISIC_1634173,0
ISIC_5330829,0
ISIC_3037830,0
ISIC_0314083,0
ISIC_6688890,0
ISIC_6736120,0
ISIC_8923373,0
ISIC_5789867,0
ISIC_8168701,0
ISIC_6393624,0
ISIC_6989261,0
ISIC_8012699,0
ISIC_2126277,0
ISIC_0520674,0
ISIC_9830189,0
ISIC_6948176,0
ISIC_3977025,0
ISIC_9007375,0
ISIC_0101540,0
ISIC_8423078,0
ISIC_4750271,0
ISIC_2288288,0
ISIC_1332092,0
ISIC_2003288,0
ISIC_5227026,0
ISIC_7155969,0
ISIC_2880255,0
ISIC_0444602,0
ISIC_0310134,0
ISIC_8514630,0
ISIC_0749853,0
ISIC_4854971,0
ISIC_2671471,0
ISIC_2775779,0
ISIC_2195258,0
ISIC_4947304,0
ISIC_7078944,0
ISIC_8400705,0
ISIC_9108366,0
ISIC_7011923,0
ISIC_0470037,0
ISIC_5078271,0
ISIC_2444391,0
ISIC_4338709,0
ISIC_4163590,0
ISIC_5566735,0
ISIC_2857760,0
ISIC_8583441,0
ISIC_9485600,0
ISIC_4938914,0
ISIC_1217200,0
ISIC_2185005,0
ISIC_3174039,0
ISIC_4010917,0
ISIC_9262654,0
ISIC_0903411,0
ISIC_5623138,0
ISIC_5820693,0
ISIC_1099075,0
ISIC_7634311,0
ISIC_2801456,0
ISIC_9860255,0
ISIC_2538175,0
ISIC_8830487,0
ISIC_4281336,0
ISIC_6536532,0
ISIC_6793293,0
ISIC_5798015,0
ISIC_9269907,0
ISIC_5753291,0
ISIC_9010543,0
ISIC_9536802,0
ISIC_7261379,0
ISIC_7744063,0
ISIC_5659872,0
ISIC_7495808,0
ISIC_4341651,0
ISIC_0916205,0
ISIC_7603455,0
ISIC_2756237,0
ISIC_0597218,0
ISIC_3934294,0
ISIC_8711280,0
ISIC_9315775,0
ISIC_2465799,0
ISIC_2814689,0
ISIC_5608178,0
ISIC_6410859,0
ISIC_8481515,0
ISIC_5140656,0
ISIC_1244418,0
ISIC_5549257,0
ISIC_3467133,0
ISIC_0211399,0
ISIC_3596982,0
ISIC_4581400,0
ISIC_2625894,0
ISIC_2513018,0
ISIC_5548532,0
ISIC_4138044,0
ISIC_5647607,0
ISIC_4203917,0
ISIC_6004197,0
ISIC_5336115,0
ISIC_9595194,0
ISIC_9354524,0
ISIC_1017188,0
ISIC_8879477,0
ISIC_4032749,0
ISIC_4733754,0
ISIC_0503442,0
ISIC_2645357,0
ISIC_1019322,0
ISIC_8850421,0
ISIC_1279356,0
ISIC_2382511,0
ISIC_5241686,0
ISIC_7859727,0
ISIC_5531260,0
ISIC_3640764,0
ISIC_7581139,0
ISIC_7376567,0
ISIC_0437256,0
ISIC_6767333,0
ISIC_7277494,0
ISIC_3332716,0
ISIC_2728309,0
ISIC_9527402,0
ISIC_2712615,0
ISIC_5133582,0
ISIC_1694817,0
ISIC_4850167,0
ISIC_3868516,0
ISIC_3987802,0
ISIC_5991710,0
ISIC_1147165,0
ISIC_8710108,0
ISIC_1578878,0
ISIC_1216542,0
ISIC_1089722,0
ISIC_8662803,0
ISIC_4595996,0
ISIC_5577211,0
ISIC_2867416,0
ISIC_0808203,0
ISIC_7609412,0
ISIC_3568067,0
ISIC_7783047,0
ISIC_9779834,0
ISIC_2005634,0
ISIC_2398564,0
ISIC_7022381,0
ISIC_9699383,0
ISIC_7149190,0
ISIC_1791886,0
ISIC_4491903,0
ISIC_0639571,0
ISIC_4263628,0
ISIC_1166740,0
ISIC_0495210,0
ISIC_9076331,0
ISIC_8961478,0
ISIC_4691689,0
ISIC_1581537,0
ISIC_5063454,0
ISIC_9517555,0
ISIC_7081248,0
ISIC_8425957,0
ISIC_1699688,0
ISIC_6825567,0
ISIC_9786863,0
ISIC_5556327,0
ISIC_1546866,0
ISIC_2140551,0
ISIC_8457787,0
ISIC_2078543,0
ISIC_3314382,0
ISIC_2237022,0
ISIC_1901340,0
ISIC_9313458,0
ISIC_1380829,0
ISIC_9606863,0
ISIC_1789103,0
ISIC_0310853,0
ISIC_4852295,0
ISIC_6751710,0
ISIC_7254359,0
ISIC_8587544,0
ISIC_5377242,0
ISIC_7376121,0
ISIC_0375034,0
ISIC_8733345,0
ISIC_8671119,0
ISIC_3785008,0
ISIC_1118807,0
ISIC_2663597,0
ISIC_6634325,0
ISIC_9072639,0
ISIC_5212679,0
ISIC_2448897,0
ISIC_4534665,0
ISIC_9603587,0
ISIC_7576198,0
ISIC_3740014,0
ISIC_4473151,0
ISIC_7747165,0
ISIC_3060145,0
ISIC_8761348,0
ISIC_4676341,0
ISIC_0345607,0
ISIC_4438786,0
ISIC_5858622,0
ISIC_5012399,0
ISIC_3783915,0
ISIC_3326332,0
ISIC_2238901,0
ISIC_8907509,0
ISIC_3031536,0
ISIC_9315277,0
ISIC_8088770,0
ISIC_9201946,0
ISIC_9799448,0
ISIC_3210973,0
ISIC_9128550,0
ISIC_6590224,0
ISIC_8141769,0
ISIC_6808448,0
ISIC_1403411,0
ISIC_1576116,0
ISIC_1708591,0
ISIC_5296963,0
ISIC_2976456,0
ISIC_9071073,0
ISIC_4955345,0
ISIC_2712088,0
ISIC_0820400,0
ISIC_4891461,0
ISIC_7275519,0
ISIC_3883666,0
ISIC_7509096,0
ISIC_1204130,0
ISIC_9431118,0
ISIC_4596521,0
ISIC_8152488,0
ISIC_4313479,0
ISIC_5390060,0
ISIC_5791954,0
ISIC_0346815,0
ISIC_4432308,0
ISIC_9363532,0
ISIC_0558656,0
ISIC_0292899,0
ISIC_7553497,0
ISIC_5309897,0
ISIC_7412327,0
ISIC_8476096,0
ISIC_1097830,0
ISIC_0928328,0
ISIC_8387580,0
ISIC_3069695,0
ISIC_8633461,0
ISIC_1705827,0
ISIC_2504585,0
ISIC_5744196,0
ISIC_8708918,0
ISIC_8176952,0
ISIC_5383985,0
ISIC_5080908,0
ISIC_7622188,0
ISIC_2256819,0
ISIC_4522789,0
ISIC_3058414,0
ISIC_1951839,0
ISIC_3077674,0
ISIC_6823020,0
ISIC_2144549,0
ISIC_6135643,0
ISIC_3157754,0
ISIC_4713713,0
ISIC_4760917,0
ISIC_6059858,0
ISIC_2829582,0
ISIC_4270993,0
ISIC_6434212,0
ISIC_6008220,0
ISIC_3807635,0
ISIC_3875865,0
ISIC_9159477,0
ISIC_5564843,0
ISIC_7052280,0
ISIC_4854995,0
ISIC_8071637,0
ISIC_5809901,0
ISIC_0773886,0
ISIC_1136731,0
ISIC_2003991,0
ISIC_1814941,0
ISIC_0923581,0
ISIC_4722397,0
ISIC_9729661,0
ISIC_6427430,0
ISIC_6959281,0
ISIC_4438982,0
ISIC_2418276,0
ISIC_2757332,0
ISIC_1071362,0
ISIC_6414435,0
ISIC_2891360,0
ISIC_0134155,0
ISIC_3591834,0
ISIC_7044973,0
ISIC_4724569,0
ISIC_0806140,0
ISIC_5493841,0
ISIC_3430886,0
ISIC_3958338,0
ISIC_0686366,0
ISIC_7336507,0
ISIC_9599761,0
ISIC_8308321,0
ISIC_0807504,0
ISIC_1254469,0
ISIC_9876659,0
ISIC_9705935,0
ISIC_7564065,0
ISIC_8856365,0
ISIC_5314945,0
ISIC_5891587,0
ISIC_0324472,0
ISIC_2806230,0
ISIC_2343627,0
ISIC_6556373,0
ISIC_4355015,0
ISIC_8172822,0
ISIC_1467266,0
ISIC_4438999,0
ISIC_6620748,0
ISIC_1942883,0
ISIC_8430738,0
ISIC_4223497,0
ISIC_8245615,0
ISIC_1780008,0
ISIC_8191057,0
ISIC_3305055,0
ISIC_9829086,0
ISIC_7565477,0
ISIC_1693572,0
ISIC_1652988,0
ISIC_1620821,0
ISIC_2427899,0
ISIC_6473085,0
ISIC_8907232,0
ISIC_7723219,0
ISIC_5671218,0
ISIC_9088073,0
ISIC_3162213,0
ISIC_0648545,0
ISIC_5651765,0
ISIC_7021797,0
ISIC_7482924,0
ISIC_0901635,0
ISIC_8609084,0
ISIC_3640326,0
ISIC_1718882,0
ISIC_6295235,0
ISIC_0098024,0
ISIC_2540746,0
ISIC_0665750,0
ISIC_4216320,0
ISIC_5683310,0
ISIC_0705477,0
ISIC_6674797,0
ISIC_6099563,0
ISIC_8510848,0
ISIC_9330230,0
ISIC_2738580,0
ISIC_4787531,0
ISIC_2717192,0
ISIC_6369740,0
ISIC_2454870,0
ISIC_9689764,0
ISIC_5626834,0
ISIC_3450746,0
ISIC_3594441,0
ISIC_1236175,0
ISIC_8438639,0
ISIC_3410585,0
ISIC_9812976,0
ISIC_4263716,0
ISIC_4487501,0
ISIC_1204654,0
ISIC_9631113,0
ISIC_5841709,0
ISIC_2358324,0
ISIC_5358568,0
ISIC_6453546,0
ISIC_3654052,0
ISIC_8082800,0
ISIC_8644015,0
ISIC_5490257,0
ISIC_4141315,0
ISIC_4615762,0
ISIC_8278458,0
ISIC_2149878,0
ISIC_6356149,0
ISIC_8233338,0
ISIC_8692144,0
ISIC_7486585,0
ISIC_0614911,0
ISIC_2948772,0
ISIC_0080539,0
ISIC_2010889,0
ISIC_4534593,0
ISIC_1498757,0
ISIC_9881690,0
ISIC_9733868,0
ISIC_5206639,0
ISIC_1736524,0
ISIC_3573097,0
ISIC_3364243,0
ISIC_6066990,0
ISIC_4731257,0
ISIC_0131983,0
ISIC_3425517,0
ISIC_7575957,0
ISIC_9179066,0
ISIC_7230249,0
ISIC_6119036,0
ISIC_4097868,0
ISIC_4094938,0
ISIC_0261253,0
ISIC_7747712,0
ISIC_9596388,0
ISIC_1569258,0
ISIC_2703002,0
ISIC_5438964,0
ISIC_9312051,0
ISIC_2530060,0
ISIC_1540369,0
ISIC_7203426,0
ISIC_7043369,0
ISIC_2431690,0
ISIC_0475038,0
ISIC_9430639,0
ISIC_7170340,0
ISIC_0464270,0
ISIC_0582421,0
ISIC_8069559,0
ISIC_7944238,0
ISIC_1007406,0
ISIC_7399648,0
ISIC_4449211,0
ISIC_8256480,0
ISIC_5156491,0
ISIC_2194390,0
ISIC_8579352,0
ISIC_1358080,0
ISIC_7680185,0
ISIC_9111281,0
ISIC_3477573,0
ISIC_2030748,0
ISIC_3565564,0
ISIC_6285871,0
ISIC_8576765,0
ISIC_3685033,0
ISIC_6821316,0
ISIC_0908291,0
ISIC_1850674,0
ISIC_4835535,0
ISIC_0202119,0
ISIC_0968773,0
ISIC_9595615,0
ISIC_9229047,0
ISIC_7252283,0
ISIC_1112228,0
ISIC_2789443,0
ISIC_6813281,0
ISIC_1617848,0
ISIC_0991761,0
ISIC_9572761,0
ISIC_8671159,0
ISIC_4602463,0
ISIC_3654066,0
ISIC_7044414,0
ISIC_1789206,0
ISIC_3323866,0
ISIC_1776777,0
ISIC_9676056,0
ISIC_8044265,0
ISIC_1626055,0
ISIC_0510774,0
ISIC_5753627,0
ISIC_4810485,0
ISIC_0848012,0
ISIC_5367687,0
ISIC_1940620,0
ISIC_5003606,0
ISIC_1406434,0
ISIC_4470346,0
ISIC_9345697,0
ISIC_0390071,0
ISIC_4848011,0
ISIC_6616555,0
ISIC_5638751,0
ISIC_9406755,0
ISIC_3815982,0
ISIC_0984817,0
ISIC_9262713,0
ISIC_6279341,0
ISIC_1406593,0
ISIC_2355721,0
ISIC_5649739,0
ISIC_6397087,0
ISIC_4454075,0
ISIC_0155910,0
ISIC_8320240,0
ISIC_4974820,0
ISIC_7461616,0
ISIC_9810784,0
ISIC_1423737,0
ISIC_3526376,0
ISIC_9881460,0
ISIC_7092052,0
ISIC_6668093,0
ISIC_0498990,0
ISIC_7299650,0
ISIC_4403481,0
ISIC_9565804,0
ISIC_4485499,0
ISIC_7175690,0
ISIC_9918922,0
ISIC_3563953,0
ISIC_9007451,0
ISIC_6730858,0
ISIC_0178370,0
ISIC_4457091,0
ISIC_3751908,0
ISIC_0465400,0
ISIC_7559316,0
ISIC_3339372,0
ISIC_0283070,0
ISIC_7549843,0
ISIC_7428306,0
ISIC_4511704,0
ISIC_5176677,0
ISIC_2206284,0
ISIC_7246266,0
ISIC_7064613,0
ISIC_3992319,0
ISIC_6981855,0
ISIC_5926017,0
ISIC_2304572,0
ISIC_1635827,0
ISIC_3567510,0
ISIC_9859134,0
ISIC_6900593,0
ISIC_7316506,0
ISIC_6119202,0
ISIC_3206521,0
ISIC_5386182,0
ISIC_5905688,0
ISIC_2559263,0
ISIC_7097931,0
ISIC_6377613,0
ISIC_9274936,0
ISIC_2256331,0
ISIC_7809510,0
ISIC_0743395,0
ISIC_1822966,0
ISIC_8622942,0
ISIC_9038840,0
ISIC_5484708,0
ISIC_5855767,0
ISIC_5809270,0
ISIC_7166430,0
ISIC_8645184,0
ISIC_6165660,0
ISIC_6190427,0
ISIC_6721526,0
ISIC_9859873,0
ISIC_0900188,0
ISIC_0429987,0
ISIC_3199142,0
ISIC_7755096,0
ISIC_4708741,0
ISIC_6594866,0
ISIC_9301005,0
ISIC_3056854,0
ISIC_9381247,0
ISIC_6688399,0
ISIC_9214649,0
ISIC_3678711,0
ISIC_1033970,0
ISIC_6892286,0
ISIC_2443008,0
ISIC_3622379,0
ISIC_7874486,0
ISIC_9314666,0
ISIC_4385084,0
ISIC_5646747,0
ISIC_8021816,0
ISIC_5363974,0
ISIC_1908890,0
ISIC_2314763,0
ISIC_9907628,0
ISIC_9743746,0
ISIC_2892864,0
ISIC_6911134,0
ISIC_2553643,0
ISIC_1906502,0
ISIC_7697103,0
ISIC_2391775,0
ISIC_9611196,0
ISIC_4926587,0
ISIC_4515080,0
ISIC_0820482,0
ISIC_2535067,0
ISIC_0656566,0
ISIC_6085014,0
ISIC_7346994,0
ISIC_1542632,0
ISIC_2134696,0
ISIC_5718895,0
ISIC_1609875,0
ISIC_8224838,0
ISIC_0889265,0
ISIC_5516918,0
ISIC_9229628,0
ISIC_3553101,0
ISIC_6604083,0
ISIC_1985159,0
ISIC_9663992,0
ISIC_3333078,0
ISIC_9841598,0
ISIC_3541262,0
ISIC_0483611,0
ISIC_8097683,0
ISIC_9870670,0
ISIC_8986575,0
ISIC_0853333,0
ISIC_9323828,0
ISIC_2463938,0
ISIC_5771780,0
ISIC_7221222,0
ISIC_5843101,0
ISIC_1267080,0
ISIC_3760884,0
ISIC_3102961,0
ISIC_2060578,0
ISIC_6364866,0
ISIC_3271069,0
ISIC_4886694,0
ISIC_5189439,0
ISIC_3275416,0
ISIC_7378130,0
ISIC_0388469,0
ISIC_5733031,0
ISIC_3125036,0
ISIC_7903404,0
ISIC_7444626,0
ISIC_3743174,0
ISIC_3719985,0
ISIC_7586374,0
ISIC_9071060,0
ISIC_8160405,0
ISIC_9276265,0
ISIC_6248396,0
ISIC_5172790,0
ISIC_3002927,0
ISIC_5232077,0
ISIC_5307259,0
ISIC_3433035,0
ISIC_2594715,0
ISIC_9908866,0
ISIC_8172964,0
ISIC_9021203,0
ISIC_3124231,0
ISIC_6886000,0
ISIC_1858813,0
ISIC_2233551,0
ISIC_9495622,0
ISIC_6892280,0
ISIC_7656000,0
ISIC_6026692,0
ISIC_4292551,0
ISIC_7078727,0
ISIC_5135425,0
ISIC_9003833,0
ISIC_4589863,0
ISIC_6471282,0
ISIC_1635231,0
ISIC_5470538,0
ISIC_5487025,0
ISIC_9777827,0
ISIC_6861284,0
ISIC_1255828,0
ISIC_6135076,0
ISIC_9605390,0
ISIC_2339761,0
ISIC_6707573,0
ISIC_0718694,0
ISIC_3983413,0
ISIC_8917750,0
ISIC_2871326,0
ISIC_7224952,0
ISIC_5669463,0
ISIC_0211882,0
ISIC_9700037,0
ISIC_6912369,0
ISIC_6970728,0
ISIC_5506127,0
ISIC_3143079,0
ISIC_2068188,0
ISIC_0789847,0
ISIC_6611750,0
ISIC_1328183,0
ISIC_4690178,0
ISIC_9163137,0
ISIC_6885409,0
ISIC_5854879,0
ISIC_7952870,0
ISIC_1000868,0
ISIC_7716885,0
ISIC_9782748,0
ISIC_3011033,0
ISIC_5131286,0
ISIC_4146888,0
ISIC_9349247,0
ISIC_7683106,0
ISIC_2032139,0
ISIC_8386678,0
ISIC_7254040,0
ISIC_8319588,0
ISIC_8706734,0
ISIC_3992341,0
ISIC_9532969,0
ISIC_6442663,0
ISIC_5877775,0
ISIC_9275875,0
ISIC_2525721,0
ISIC_8056469,0
ISIC_8829983,0
ISIC_1596930,0
ISIC_2000035,0
ISIC_0692300,0
ISIC_5286801,0
ISIC_2480502,0
ISIC_0928255,0
ISIC_4919062,0
ISIC_2210618,0
ISIC_6669306,0
ISIC_7599710,0
ISIC_9026520,0
ISIC_2966808,0
ISIC_1778959,0
ISIC_7758839,0
ISIC_1930795,0
ISIC_9116328,0
ISIC_0400309,0
ISIC_5237045,0
ISIC_2608686,0
ISIC_2836241,0
ISIC_4048896,0
ISIC_9144329,0
ISIC_0750046,0
ISIC_2801005,0
ISIC_1297252,0
ISIC_9337100,0
ISIC_3192152,0
ISIC_4867646,0
ISIC_1077735,0
ISIC_9951988,0
ISIC_7737773,0
ISIC_5070010,0
ISIC_9187524,0
ISIC_8851514,0
ISIC_7376452,0
ISIC_6090497,0
ISIC_8671596,0
ISIC_0086914,0
ISIC_6034442,0
ISIC_3344632,0
ISIC_4441641,0
ISIC_6043099,0
ISIC_1842966,0
ISIC_0599463,0
ISIC_5988562,0
ISIC_2564940,0
ISIC_4957310,0
ISIC_1753011,0
ISIC_9585033,0
ISIC_1701883,0
ISIC_5206657,0
ISIC_9801717,0
ISIC_5595591,0
ISIC_8799134,0
ISIC_4092287,0
ISIC_3796317,0
ISIC_8077139,0
ISIC_9907020,0
ISIC_8400587,0
ISIC_1935227,0
ISIC_0526911,0
ISIC_0542765,0
ISIC_3030394,0
ISIC_1980790,0
ISIC_3028898,0
ISIC_8327495,0
ISIC_5882793,0
ISIC_8007904,0
ISIC_7666432,0
ISIC_7660163,0
ISIC_7738029,0
ISIC_9579068,0
ISIC_0900341,0
ISIC_4932163,0
ISIC_8220302,0
ISIC_2869797,0
ISIC_5634599,0
ISIC_6998964,0
ISIC_5140276,0
ISIC_1714225,0
ISIC_7903695,0
ISIC_7752332,0
ISIC_9759583,0
ISIC_8902611,0
ISIC_6357401,0
ISIC_3204657,0
ISIC_7164903,0
ISIC_4947108,0
ISIC_6775574,0
ISIC_0088904,0
ISIC_8473293,0
ISIC_4572891,0
ISIC_3033701,0
ISIC_0333412,0
ISIC_0225097,0
ISIC_7022116,0
ISIC_4542236,0
ISIC_0404097,0
ISIC_8954688,0
ISIC_3830607,0
ISIC_6126704,0
ISIC_9876533,0
ISIC_1516153,0
ISIC_2061233,0
ISIC_9120796,0
ISIC_1588157,0
ISIC_9333062,0
ISIC_7076637,0
ISIC_1935605,0
ISIC_8792684,0
ISIC_2421565,0
ISIC_9417047,0
ISIC_8925463,0
ISIC_6050113,0
ISIC_6813711,0
ISIC_0331449,0
ISIC_2283090,0
ISIC_6585351,0
ISIC_9766934,0
ISIC_3839522,0
ISIC_4716453,0
ISIC_3304758,0
ISIC_2943379,0
ISIC_9420341,0
ISIC_2627758,0
ISIC_0371179,0
ISIC_1195561,0
ISIC_3438618,0
ISIC_8927080,0
ISIC_9930788,0
ISIC_3143299,0
ISIC_8614870,0
ISIC_5759661,0
ISIC_5555131,0
ISIC_1606343,0
ISIC_6524286,0
ISIC_3844971,0
ISIC_9214111,0
ISIC_3131925,0
ISIC_3397588,0
ISIC_8760682,0
ISIC_8902296,0
ISIC_7150949,0
ISIC_9309212,0
ISIC_6128833,0
ISIC_5373632,0
ISIC_5841971,0
ISIC_8233814,0
ISIC_1813577,0
ISIC_7993515,0
ISIC_1810807,0
ISIC_6200169,0
ISIC_6926022,0
ISIC_7753429,0
ISIC_7771190,0
ISIC_2287405,0
ISIC_2367098,0
ISIC_4910630,0
ISIC_6487305,0
ISIC_1709695,0
ISIC_2425218,0
ISIC_6479781,0
ISIC_9977122,0
ISIC_5727659,0
ISIC_6563304,0
ISIC_2505335,0
ISIC_0151137,0
ISIC_6119111,0
ISIC_5644234,0
ISIC_1075553,0
ISIC_7368264,0
ISIC_5000172,0
ISIC_3235131,0
ISIC_2732077,0
ISIC_3088921,0
ISIC_0662865,0
ISIC_2153041,0
ISIC_0408926,0
ISIC_0202238,0
ISIC_5264466,0
ISIC_0630968,0
ISIC_9464094,0
ISIC_1936429,0
ISIC_3298946,0
ISIC_0638700,0
ISIC_9999251,0
ISIC_2122607,0
ISIC_8102884,0
ISIC_8577193,0
ISIC_3249490,0
ISIC_9188672,0
ISIC_4486613,0
ISIC_6486288,0
ISIC_8194745,0
ISIC_3566586,0
ISIC_5086151,0
ISIC_2642164,0
ISIC_4514316,0
ISIC_8906116,0
ISIC_9721167,0
ISIC_6994675,0
ISIC_7824315,0
ISIC_8852229,0
ISIC_1707031,0
ISIC_8348187,0
ISIC_5086721,0
ISIC_3906318,0
ISIC_6428520,0
ISIC_8453583,0
ISIC_3504002,0
ISIC_9573206,0
ISIC_8941944,0
ISIC_6297688,0
ISIC_8502375,0
ISIC_8519085,0
ISIC_0501192,0
ISIC_8272399,0
ISIC_0437776,0
ISIC_8614156,0
ISIC_1480519,0
ISIC_4828029,0
ISIC_6348247,0
ISIC_3570858,0
ISIC_0377055,0
ISIC_8133882,0
ISIC_5290918,0
ISIC_7993345,0
ISIC_4125711,0
ISIC_2017112,0
ISIC_1061847,0
ISIC_1400723,0
ISIC_3951375,0
ISIC_2401042,0
ISIC_6885294,0
ISIC_7388524,0
ISIC_3110126,0
ISIC_4679083,0
ISIC_2387381,0
ISIC_0588796,0
ISIC_9248617,0
ISIC_3684951,0
ISIC_0993014,0
ISIC_9010344,0
ISIC_9444427,0
ISIC_2856850,0
ISIC_4331030,0
ISIC_1301476,0
ISIC_8802195,0
ISIC_3209410,0
ISIC_9314356,0
ISIC_1047011,0
ISIC_4212047,0
ISIC_0168716,0
ISIC_0342851,0
ISIC_4185946,0
ISIC_0848988,0
ISIC_0135184,0
ISIC_3598192,0
ISIC_7547877,0
ISIC_9104374,0
ISIC_8408331,0
ISIC_7709870,0
ISIC_9138658,0
ISIC_9416204,0
ISIC_4918794,0
ISIC_7474602,0
ISIC_1388529,0
ISIC_1595622,0
ISIC_7653833,0
ISIC_1315058,0
ISIC_7330612,0
ISIC_8201369,0
ISIC_5017483,0
ISIC_8412921,0
ISIC_9353595,0
ISIC_0570235,0
ISIC_0789191,0
ISIC_4906990,0
ISIC_0143790,0
ISIC_0255566,0
ISIC_5989162,0
ISIC_2000497,0
ISIC_2079571,0
ISIC_2710069,0
ISIC_8728477,0
ISIC_2857128,0
ISIC_3639272,0
ISIC_7242294,0
ISIC_0234964,0
ISIC_9351344,0
ISIC_1773269,0
ISIC_3332799,0
ISIC_5159406,0
ISIC_7338502,0
ISIC_5227868,0
ISIC_3619132,0
ISIC_2293513,0
ISIC_3053413,0
ISIC_2574924,0
ISIC_5113624,0
ISIC_7058949,0
ISIC_2602043,0
ISIC_4141548,0
ISIC_3891136,0
ISIC_4627848,0
ISIC_2003612,0
ISIC_6653614,0
ISIC_0521708,0
ISIC_3271387,0
ISIC_2113665,0
ISIC_5513102,0
ISIC_1667487,0
ISIC_7154868,0
ISIC_8559763,0
ISIC_7239902,0
ISIC_7835312,0
ISIC_4794233,0
ISIC_5783705,0
ISIC_5618299,0
ISIC_3176105,0
ISIC_2362051,0
ISIC_0799972,0
ISIC_3491406,0
ISIC_8157239,0
ISIC_7854366,0
ISIC_7908827,0
ISIC_1613057,0
ISIC_1000616,0
ISIC_5612133,0
ISIC_8470466,0
ISIC_7952844,0
ISIC_7663270,0
ISIC_7085235,0
ISIC_7550648,0
ISIC_4343221,0
ISIC_4301851,0
ISIC_7485597,0
ISIC_2031479,0
ISIC_1791643,0
ISIC_4976736,0
ISIC_2700225,0
ISIC_0959325,0
ISIC_3885770,0
ISIC_5024302,0
ISIC_1091339,0
ISIC_1962816,0
ISIC_4711209,0
ISIC_7410617,0
ISIC_5529430,0
ISIC_0898734,0
ISIC_1859657,0
ISIC_4750998,0
ISIC_3894866,0
ISIC_5007109,0
ISIC_5036479,0
ISIC_0579124,0
ISIC_6824249,0
ISIC_9706840,0
ISIC_4719387,0
ISIC_7934367,0
ISIC_8035370,0
ISIC_3932849,0
ISIC_7739038,0
ISIC_2228720,0
ISIC_7597095,0
ISIC_7465137,0
ISIC_6713497,0
ISIC_9074861,0
ISIC_4462757,0
ISIC_6284148,0
ISIC_5164664,0
ISIC_3139747,0
ISIC_9200533,0
ISIC_9476229,0
ISIC_4679927,0
ISIC_1760258,0
ISIC_2070728,0
ISIC_0426193,0
ISIC_7560813,0
ISIC_7481097,0
ISIC_9078177,0
ISIC_3073256,0
ISIC_1642069,0
ISIC_5746105,0
ISIC_5481480,0
ISIC_1241693,0
ISIC_3749849,0
ISIC_8150058,0
ISIC_0115851,0
ISIC_7439706,0
ISIC_6253779,0
ISIC_5521474,0
ISIC_4407852,0
ISIC_1816965,0
ISIC_5794546,0
ISIC_2277714,0
ISIC_3381026,0
ISIC_5610304,0
ISIC_1541229,0
ISIC_5033005,0
ISIC_2211948,0
ISIC_8384844,0
ISIC_6478713,0
ISIC_6119596,0
ISIC_6037786,0
ISIC_2317385,0
ISIC_8540289,0
ISIC_6426979,0
ISIC_8880006,0
ISIC_2212637,0
ISIC_5704967,0
ISIC_5862918,0
ISIC_0413031,0
ISIC_1907579,0
ISIC_1497097,0
ISIC_1262790,0
ISIC_6727830,0
ISIC_7541596,0
ISIC_7373164,0
ISIC_8786983,0
ISIC_1195906,0
ISIC_6263512,0
ISIC_5583449,0
ISIC_6231941,0
ISIC_7105580,0
ISIC_8810984,0
ISIC_9211210,0
ISIC_8995601,0
ISIC_1452632,0
ISIC_2368449,0
ISIC_4407081,0
ISIC_3130146,0
ISIC_8788296,0
ISIC_6800726,0
ISIC_4695565,0
ISIC_9677008,0
ISIC_0781856,0
ISIC_9235204,0
ISIC_1061502,0
ISIC_6586433,0
ISIC_0573528,0
ISIC_9320992,0
ISIC_7506827,0
ISIC_6943045,0
ISIC_2492497,0
ISIC_9176427,0
ISIC_7208595,0
ISIC_8184620,0
ISIC_0920647,0
ISIC_7338073,0
ISIC_1203272,0
ISIC_8253057,0
ISIC_6578433,0
ISIC_5588785,0
ISIC_4424751,0
ISIC_6345126,0
ISIC_2710921,0
ISIC_1871611,0
ISIC_2582340,0
ISIC_7029137,0
ISIC_4030656,0
ISIC_8173252,0
ISIC_7596708,0
ISIC_9786001,0
ISIC_0515784,0
ISIC_5412404,0
ISIC_1539931,0
ISIC_5711232,0
ISIC_1151359,0
ISIC_7297749,0
ISIC_9208445,0
ISIC_2291941,0
ISIC_1724126,0
ISIC_6356718,0
ISIC_3685603,0
ISIC_9767720,0
ISIC_0125986,0
ISIC_6099785,0
ISIC_5540569,0
ISIC_9323742,0
ISIC_4883295,0
ISIC_3716952,0
ISIC_9480044,0
ISIC_9930718,0
ISIC_7720196,0
ISIC_4709088,0
ISIC_5851414,0
ISIC_5112138,0
ISIC_8647315,0
ISIC_2411322,0
ISIC_7146293,0
ISIC_7321503,0
ISIC_0587728,0
ISIC_9598230,0
ISIC_6978674,0
ISIC_0274411,0
ISIC_5095180,0
ISIC_0616448,0
ISIC_5306850,0
ISIC_3689252,0
ISIC_8027280,0
ISIC_9092169,0
ISIC_0914259,0
ISIC_8546532,0
ISIC_7645523,0
ISIC_0524746,0
ISIC_9942350,0
ISIC_3275875,0
ISIC_1049431,0
ISIC_8348262,0
ISIC_9754236,0
ISIC_1117631,0
ISIC_3736336,0
ISIC_0874555,0
ISIC_7046235,0
ISIC_8493136,0
ISIC_8979439,0
ISIC_3821765,0
ISIC_2190396,0
ISIC_3957649,0
ISIC_4858225,0
ISIC_8601948,0
ISIC_8368342,0
ISIC_2593673,0
ISIC_7021147,0
ISIC_9141085,0
ISIC_7253650,0
ISIC_1636416,0
ISIC_8271856,0
ISIC_1317150,0
ISIC_4292976,0
ISIC_4334691,0
ISIC_6577694,0
ISIC_6086907,0
ISIC_3138977,0
ISIC_1871813,0
ISIC_4728712,0
ISIC_1436751,0
ISIC_4547332,0
ISIC_3783659,0
ISIC_7594243,0
ISIC_3622555,0
ISIC_8040663,0
ISIC_0961778,0
ISIC_9543045,0
ISIC_2468476,0
ISIC_2772824,0
ISIC_9928278,0
ISIC_6016537,0
ISIC_6618014,0
ISIC_4221304,0
ISIC_4027194,0
ISIC_6873657,0
ISIC_7927389,0
ISIC_9051948,0
ISIC_8592733,0
ISIC_6275817,0
ISIC_6967412,0
ISIC_1025836,0
ISIC_0279409,0
ISIC_0824456,0
ISIC_4472511,0
ISIC_0903884,0
ISIC_9407707,0
ISIC_7113803,0
ISIC_7236219,0
ISIC_1305756,0
ISIC_4272002,0
ISIC_1429148,0
ISIC_4013918,0
ISIC_0713051,0
ISIC_4606481,0
ISIC_2066771,0
ISIC_6606948,0
ISIC_1374285,0
ISIC_4228597,0
ISIC_6750918,0
ISIC_7438059,0
ISIC_9839388,0
ISIC_6592460,0
ISIC_6302391,0
ISIC_2391700,0
ISIC_7923455,0
ISIC_0541300,0
ISIC_3509538,0
ISIC_7181502,0
ISIC_4225850,0
ISIC_5686516,0
ISIC_6850942,0
ISIC_1076045,0
ISIC_9875748,0
ISIC_4850723,0
ISIC_3047602,0
ISIC_4566332,0
ISIC_5932445,0
ISIC_5052576,0
ISIC_0953304,0
ISIC_5282032,0
ISIC_3236033,0
ISIC_7429994,0
ISIC_8758983,0
ISIC_8651648,0
ISIC_1854469,0
ISIC_7634292,0
ISIC_7239603,0
ISIC_4782434,0
ISIC_6318585,0
ISIC_8918715,0
ISIC_0661614,0
ISIC_6143889,0
ISIC_8217257,0
ISIC_1505481,0
ISIC_6297458,0
ISIC_7244154,0
ISIC_7640611,0
ISIC_4321130,0
ISIC_7904727,0
ISIC_6028493,0
ISIC_1611739,0
ISIC_4957591,0
ISIC_3921348,0
ISIC_1862120,0
ISIC_7234184,0
ISIC_1929324,0
ISIC_1258837,0
ISIC_5532287,0
ISIC_3773956,0
ISIC_3645283,0
ISIC_9783201,0
ISIC_2004394,0
ISIC_6935680,0
ISIC_8808737,0
ISIC_6192308,0
ISIC_3934907,0
ISIC_5873333,0
ISIC_8949821,0
ISIC_1462703,0
ISIC_4903157,0
ISIC_6890182,0
ISIC_6183942,0
ISIC_3160491,0
ISIC_1581300,0
ISIC_0191937,0
ISIC_1931032,0
ISIC_2848679,0
ISIC_0896789,0
ISIC_6946258,0
ISIC_3037941,0
ISIC_1506953,0
ISIC_3847611,0
ISIC_5144315,0
ISIC_1055578,0
ISIC_2287565,0
ISIC_7139205,0
ISIC_5309744,0
ISIC_3320717,0
ISIC_7966639,0
ISIC_0133200,0
ISIC_9445977,0
ISIC_5648033,0
ISIC_6985763,0
ISIC_3831079,0
ISIC_8181345,0
ISIC_5088064,0
ISIC_9923238,0
ISIC_0509436,0
ISIC_2691236,0
ISIC_7365059,0
ISIC_2792717,0
ISIC_6202682,0
ISIC_0851414,0
ISIC_8999351,0
ISIC_6364782,0
ISIC_6720909,0
ISIC_8738186,0
ISIC_1633321,0
ISIC_6683697,0
ISIC_0977979,0
ISIC_0085644,0
ISIC_3371433,0
ISIC_9545174,0
ISIC_8568104,0
ISIC_1648650,0
ISIC_0469776,0
ISIC_7559201,0
ISIC_8008482,0
ISIC_7965372,0
ISIC_8810868,0
ISIC_7153501,0
ISIC_2175735,0
ISIC_5089274,0
ISIC_4581129,0
ISIC_6306620,0
ISIC_8673290,0
ISIC_9471648,0
ISIC_8922165,0
ISIC_6093126,0
ISIC_4083158,0
ISIC_6368798,0
ISIC_7917060,0
ISIC_4853537,0
ISIC_9199020,0
ISIC_0583409,0
ISIC_8606881,0
ISIC_4597469,0
ISIC_2118620,0
ISIC_4209803,0
ISIC_7630309,0
ISIC_5836740,0
ISIC_2944495,0
ISIC_7806816,0
ISIC_5553849,0
ISIC_6693050,0
ISIC_9390963,0
ISIC_4599000,0
ISIC_8312363,0
ISIC_9020314,0
ISIC_5398617,0
ISIC_1953687,0
ISIC_0597607,0
ISIC_4914433,0
ISIC_5275192,0
ISIC_6417102,0
ISIC_5997924,0
ISIC_3395616,0
ISIC_1009475,0
ISIC_8534089,0
ISIC_2119364,0
ISIC_2526104,0
ISIC_1323177,0
ISIC_8366863,0
ISIC_4851411,0
ISIC_3558339,0
ISIC_3184893,0
ISIC_9142036,0
ISIC_7537434,0
ISIC_4851185,0
ISIC_0625197,0
ISIC_3807348,0
ISIC_7854881,0
ISIC_4929586,0
ISIC_3873824,0
ISIC_0467628,0
ISIC_4168673,0
ISIC_9399711,0
ISIC_4311703,0
ISIC_9507615,0
ISIC_7695263,0
ISIC_3210379,0
ISIC_5352383,0
ISIC_9543842,0
ISIC_3275406,0
ISIC_9422230,0
ISIC_4174672,0
ISIC_2970971,0
ISIC_0510537,0
ISIC_5767646,0
ISIC_4406973,0
ISIC_2482447,0
ISIC_4683265,0
ISIC_5027796,0
ISIC_5567599,0
ISIC_5987390,0
ISIC_7560933,0
ISIC_8430655,0
ISIC_4613268,0
ISIC_3022005,0
ISIC_3727735,0
ISIC_3511086,0
ISIC_4536103,0
ISIC_8685453,0
ISIC_5517161,0
ISIC_7771236,0
ISIC_5197331,0
ISIC_8294897,0
ISIC_0289289,0
ISIC_4571498,0
ISIC_6730946,0
ISIC_1302258,0
ISIC_3708334,0
ISIC_7034620,0
ISIC_7991773,0
ISIC_6469847,0
ISIC_2054940,0
ISIC_2625621,0
ISIC_4375866,0
ISIC_1090300,0
ISIC_5480309,0
ISIC_3372353,0
ISIC_5883189,0
ISIC_4360620,0
ISIC_8564627,0
ISIC_7974196,0
ISIC_8274863,0
ISIC_3129117,0
ISIC_3185277,0
ISIC_4876540,0
ISIC_4180324,0
ISIC_1326309,0
ISIC_9153724,0
ISIC_6639957,0
ISIC_7939416,0
ISIC_8251123,0
ISIC_6707935,0
ISIC_3698441,0
ISIC_8491813,0
ISIC_6272354,0
ISIC_1462492,0
ISIC_7878714,0
ISIC_4090560,0
ISIC_6712916,0
ISIC_9560548,0
ISIC_2846167,0
ISIC_2818418,0
ISIC_2996665,0
ISIC_5643547,0
ISIC_3721391,0
ISIC_0745953,0
ISIC_8846554,0
ISIC_3302093,0
ISIC_3945160,0
ISIC_7615308,0
ISIC_8995161,0
ISIC_4347789,0
ISIC_6838890,0
ISIC_1002134,0
ISIC_7855982,0
ISIC_1992759,0
ISIC_3658597,0
ISIC_3211851,0
ISIC_9639067,0
ISIC_9900027,0
ISIC_4189363,0
ISIC_2035169,0
ISIC_8646399,0
ISIC_2893311,0
ISIC_7345682,0
ISIC_2673443,0
ISIC_3049767,0
ISIC_8810920,0
ISIC_8377707,0
ISIC_2567983,0
ISIC_5475721,0
ISIC_6405078,0
ISIC_4155558,0
ISIC_5773512,0
ISIC_5175946,0
ISIC_4523106,0
ISIC_6420151,0
ISIC_2886495,0
ISIC_4163384,0
ISIC_9232517,0
ISIC_0106322,0
ISIC_4955572,0
ISIC_7139452,0
ISIC_4872496,0
ISIC_3770337,0
ISIC_2700220,0
ISIC_2252215,0
ISIC_6943256,0
ISIC_5792555,0
ISIC_3851477,0
ISIC_8134181,0
ISIC_5304804,0
ISIC_1695711,0
ISIC_0890975,0
ISIC_0154826,0
ISIC_9262459,0
ISIC_0796884,0
ISIC_0960754,0
ISIC_5645559,0
ISIC_8723719,0
ISIC_6048752,0
ISIC_4051514,0
ISIC_2456679,0
ISIC_6757914,0
ISIC_7987042,0
ISIC_7744790,0
ISIC_8365405,0
ISIC_1804844,0
ISIC_2508643,0
ISIC_6428004,0
ISIC_2353638,0
ISIC_0376752,0
ISIC_0637655,0
ISIC_8704436,0
ISIC_6415417,0
ISIC_2228341,0
ISIC_3537131,0
ISIC_0933237,0
ISIC_5294377,0
ISIC_3762115,0
ISIC_2090929,0
ISIC_3229589,0
ISIC_1738383,0
ISIC_9864702,0
ISIC_8823892,0
ISIC_4891974,0
ISIC_8420285,0
ISIC_5019119,0
ISIC_0979570,0
ISIC_7265211,0
ISIC_4954192,0
ISIC_5006235,0
ISIC_2237025,0
ISIC_3268800,0
ISIC_0310449,0
ISIC_8880596,0
ISIC_7282695,0
ISIC_0908255,0
ISIC_3105211,0
ISIC_5180185,0
ISIC_9274292,0
ISIC_8684482,0
ISIC_7251638,0
ISIC_9231306,0
ISIC_6114177,0
ISIC_6451701,0
ISIC_2710427,0
ISIC_5897869,0
ISIC_0513969,0
ISIC_1252883,0
ISIC_6638547,0
ISIC_0146278,0
ISIC_2996843,0
ISIC_8168496,0
ISIC_9693456,0
ISIC_0971123,0
ISIC_4807163,0
ISIC_0695322,0
ISIC_8274376,0
ISIC_3151108,0
ISIC_5213643,0
ISIC_9255841,0
ISIC_4566874,0
ISIC_1177251,0
ISIC_5116668,0
ISIC_6635963,0
ISIC_6780966,0
ISIC_8699706,0
ISIC_4113429,0
ISIC_7668414,0
ISIC_4378484,0
ISIC_3974488,0
ISIC_6280109,0
ISIC_9174580,0
ISIC_0519768,0
ISIC_5352626,0
ISIC_4736865,0
ISIC_1322802,0
ISIC_8260534,0
ISIC_4943472,0
ISIC_5715959,0
ISIC_7464537,0
ISIC_2393561,0
ISIC_2465599,0
ISIC_4988567,0
ISIC_1505022,0
ISIC_4668008,0
ISIC_1649554,0
ISIC_5876786,0
ISIC_3432012,0
ISIC_1222720,0
ISIC_3997102,0
ISIC_1652393,0
ISIC_5685120,0
ISIC_6765536,0
ISIC_1455660,0
ISIC_8019366,0
ISIC_5272574,0
ISIC_8236388,0
ISIC_1667014,0
ISIC_2603915,0
ISIC_9613721,0
ISIC_7206020,0
ISIC_6580622,0
ISIC_4027141,0
ISIC_3034439,0
ISIC_1128748,0
ISIC_4964694,0
ISIC_7993222,0
ISIC_0805951,0
ISIC_7298601,0
ISIC_1163815,0
ISIC_3773277,0
ISIC_3913255,0
ISIC_3032983,0
ISIC_3720143,0
ISIC_0376931,0
ISIC_5711940,0
ISIC_0562738,0
ISIC_3791559,0
ISIC_3365241,0
ISIC_3678654,0
ISIC_5253746,0
ISIC_1631620,0
ISIC_1170330,0
ISIC_5834421,0
ISIC_6934396,0
ISIC_1094830,0
ISIC_4596353,0
ISIC_4909505,0
ISIC_1600135,0
ISIC_3540431,0
ISIC_7319361,0
ISIC_7216810,0
ISIC_4386519,0
ISIC_8554900,0
ISIC_7692464,0
ISIC_0802543,0
ISIC_5217075,0
ISIC_7821150,0
ISIC_2832853,0
ISIC_3974904,0
ISIC_7256008,0
ISIC_5597650,0
ISIC_4604978,0
ISIC_6545015,0
ISIC_2496140,0
ISIC_9925307,0
ISIC_8551756,0
ISIC_2822341,0
ISIC_1909053,0
ISIC_2255098,0
ISIC_5562336,0
ISIC_9649323,0
ISIC_8614640,0
ISIC_2745537,0
ISIC_1582241,0
ISIC_0161474,0
ISIC_5246923,0
ISIC_1279652,0
ISIC_5159139,0
ISIC_7413595,0
ISIC_6277878,0
ISIC_7242284,0
ISIC_2475811,0
ISIC_1906798,0
ISIC_5597278,0
ISIC_4308587,0
ISIC_8271684,0
ISIC_7460585,0
ISIC_7643593,0
ISIC_0283929,0
ISIC_4608930,0
ISIC_1715773,0
ISIC_1997951,0
ISIC_6835241,0
ISIC_4196278,0
ISIC_5191763,0
ISIC_4927149,0
ISIC_4224743,0
ISIC_4984773,0
ISIC_1393721,0
ISIC_0489440,0
ISIC_3766990,0
ISIC_4389754,0
ISIC_4444955,0
ISIC_6072797,0
ISIC_6653595,0
ISIC_7085591,0
ISIC_9434832,0
ISIC_8701104,0
ISIC_4905823,0
ISIC_7289001,0
ISIC_0991616,0
ISIC_0467500,0
ISIC_6121019,0
ISIC_1817508,0
ISIC_5935086,0
ISIC_5874846,0
ISIC_2426257,0
ISIC_1460320,0
ISIC_2031349,0
ISIC_4411067,0
ISIC_4573444,0
ISIC_7826908,0
ISIC_8668985,0
ISIC_9179044,0
ISIC_8180214,0
ISIC_2590426,0
ISIC_3769180,0
ISIC_7238849,0
ISIC_8517056,0
ISIC_1757189,0
ISIC_1866476,0
ISIC_0518723,0
ISIC_1364975,0
ISIC_1195811,0
ISIC_0598073,0
ISIC_2594634,0
ISIC_5313254,0
ISIC_9239978,0
ISIC_6678187,0
ISIC_1430231,0
ISIC_1987185,0
ISIC_6956876,0
ISIC_6651888,0
ISIC_7527742,0
ISIC_7677568,0
ISIC_0490468,0
ISIC_5434141,0
ISIC_3032522,0
ISIC_6360071,0
ISIC_4607582,0
ISIC_8186630,0
ISIC_1291833,0
ISIC_0666405,0
ISIC_1436009,0
ISIC_1675975,0
ISIC_3717176,0
ISIC_7987908,0
ISIC_7074302,0
ISIC_8356776,0
ISIC_9961570,0
ISIC_3069767,0
ISIC_4020367,0
ISIC_0096543,0
ISIC_0411397,0
ISIC_7939427,0
ISIC_8035327,0
ISIC_9663937,0
ISIC_3187907,0
ISIC_5493908,0
ISIC_2765997,0
ISIC_1639468,0
ISIC_1174739,0
ISIC_5624559,0
ISIC_0346352,0
ISIC_1335894,0
ISIC_6045854,0
ISIC_4315074,0
ISIC_3668445,0
ISIC_8372465,0
ISIC_5224246,0
ISIC_6327414,0
ISIC_4384547,0
ISIC_7904505,0
ISIC_4425251,0
ISIC_9586937,0
ISIC_9597152,0
ISIC_7507238,0
ISIC_1484276,0
ISIC_2832798,0
ISIC_3881677,0
ISIC_2167653,0
ISIC_3275271,0
ISIC_1156729,0
ISIC_6884836,0
ISIC_0666575,0
ISIC_1309626,0
ISIC_4959784,0
ISIC_9156154,0
ISIC_3722799,0
ISIC_6915298,0
ISIC_4325605,0
ISIC_4951972,0
ISIC_1780213,0
ISIC_9893445,0
ISIC_4198312,0
ISIC_5142210,0
ISIC_6898183,0
ISIC_9287993,0
ISIC_8934759,0
ISIC_8450508,0
ISIC_7582667,0
ISIC_7292116,0
ISIC_4637440,0
ISIC_1319737,0
ISIC_4799293,0
ISIC_9206516,0
ISIC_9845346,0
ISIC_6176939,0
ISIC_4875335,0
ISIC_9892179,0
ISIC_2110451,0
ISIC_8109519,0
ISIC_0163776,0
ISIC_8714957,0
ISIC_7514787,0
ISIC_7377119,0
ISIC_6901642,0
ISIC_4842466,0
ISIC_2907780,0
ISIC_9256618,0
ISIC_0823112,0
ISIC_3730239,0
ISIC_5128796,0
ISIC_2068038,0
ISIC_1664514,0
ISIC_9215935,0
ISIC_7302180,0
ISIC_8943375,0
ISIC_4358907,0
ISIC_7510898,0
ISIC_3861977,0
ISIC_1124077,0
ISIC_9594679,0
ISIC_6747902,0
ISIC_3442836,0
ISIC_5761944,0
ISIC_0644098,0
ISIC_7278817,0
ISIC_1595455,0
ISIC_7989453,0
ISIC_6735110,0
ISIC_0731364,0
ISIC_9696099,0
ISIC_4349272,0
ISIC_0532349,0
ISIC_7711626,0
ISIC_2666138,0
ISIC_1643848,0
ISIC_8268192,0
ISIC_1903516,0
ISIC_1658137,0
ISIC_9304429,0
ISIC_5702669,0
ISIC_6115749,0
ISIC_1305247,0
ISIC_8873365,0
ISIC_1729396,0
ISIC_2671356,0
ISIC_5063002,0
ISIC_1592988,0
ISIC_4957929,0
ISIC_7209964,0
ISIC_0387211,0
ISIC_3824264,0
ISIC_6843700,0
ISIC_4483583,0
ISIC_2556147,0
ISIC_9521441,0
ISIC_6602302,0
ISIC_1895471,0
ISIC_4486341,0
ISIC_6596926,0
ISIC_9778651,0
ISIC_1806373,0
ISIC_6719081,0
ISIC_8695042,0
ISIC_1570827,0
ISIC_7425846,0
ISIC_2866719,0
ISIC_4370676,0
ISIC_0703618,0
ISIC_4426257,0
ISIC_6279832,0
ISIC_3926968,0
ISIC_7374190,0
ISIC_1505378,0
ISIC_0950495,0
ISIC_0159874,0
ISIC_8870441,0
ISIC_5363218,0
ISIC_1970706,0
ISIC_4913500,0
ISIC_5461210,0
ISIC_6989617,0
ISIC_7567589,0
ISIC_8457619,0
ISIC_6416950,0
ISIC_7464071,0
ISIC_5085980,0
ISIC_0233827,0
ISIC_0497851,0
ISIC_7458610,0
ISIC_2378626,0
ISIC_3667052,0
ISIC_7030953,0
ISIC_8559278,0
ISIC_3236056,0
ISIC_2288200,0
ISIC_0411803,0
ISIC_1833069,0
ISIC_6417205,0
ISIC_9140116,0
ISIC_7979271,0
ISIC_2087207,0
ISIC_4963201,0
ISIC_1794713,0
ISIC_8438291,0
ISIC_2134211,0
ISIC_3789914,0
ISIC_2621619,0
ISIC_9823894,0
ISIC_5233296,0
ISIC_4043651,0
ISIC_2627411,0
ISIC_6461356,0
ISIC_1085792,0
ISIC_9688065,0
ISIC_2973118,0
ISIC_0813000,0
ISIC_0082638,0
ISIC_1606726,0
ISIC_5842460,0
ISIC_4842886,0
ISIC_2098382,0
ISIC_4423752,0
ISIC_5777416,0
ISIC_2020398,0
ISIC_3961718,0
ISIC_5378143,0
ISIC_6895079,0
ISIC_1816917,0
ISIC_4703321,0
ISIC_8331574,0
ISIC_2567274,0
ISIC_8500794,0
ISIC_1670166,0
ISIC_5930303,0
ISIC_2149064,0
ISIC_9007301,0
ISIC_7713646,0
ISIC_1940214,0
ISIC_8421484,0
ISIC_0899069,0
ISIC_8121619,0
ISIC_5469285,0
ISIC_9661702,0
ISIC_3654837,0
ISIC_8400472,0
ISIC_0849075,0
ISIC_6881589,0
ISIC_2305246,0
ISIC_2565230,0
ISIC_4467312,0
ISIC_4388573,0
ISIC_9719634,0
ISIC_6092124,0
ISIC_0265421,0
ISIC_1718630,0
ISIC_9569749,0
ISIC_6645684,0
ISIC_7379628,0
ISIC_9399586,0
ISIC_7888447,0
ISIC_8353499,0
ISIC_9891275,0
ISIC_7902747,0
ISIC_3175755,0
ISIC_0811514,0
ISIC_7677176,0
ISIC_5901436,0
ISIC_9521548,0
ISIC_5693691,0
ISIC_3704603,0
ISIC_4485467,0
ISIC_6664237,0
ISIC_8309358,0
ISIC_9314416,0
ISIC_3993701,0
ISIC_4622192,0
ISIC_3341226,0
ISIC_9669577,0
ISIC_0715287,0
ISIC_1929529,0
ISIC_1962329,0
ISIC_0368554,0
ISIC_5310763,0
ISIC_9141788,0
ISIC_5049585,0
ISIC_7480455,0
ISIC_8690116,0
ISIC_4056904,0
ISIC_3715127,0
ISIC_0690986,0
ISIC_5169938,0
ISIC_9916112,0
ISIC_7702191,0
ISIC_2116783,0
ISIC_9512388,0
ISIC_7119882,0
ISIC_4022483,0
ISIC_3983224,0
ISIC_3259871,0
ISIC_1938835,0
ISIC_2459668,0
ISIC_9035644,0
ISIC_6612848,0
ISIC_2764511,0
ISIC_7936557,0
ISIC_9278360,0
ISIC_1799338,0
ISIC_9756878,0
ISIC_8612060,0
ISIC_3201692,0
ISIC_5889858,0
ISIC_4823638,0
ISIC_9290704,0
ISIC_3691801,0
ISIC_5998955,0
ISIC_1309001,0
ISIC_1373637,0
ISIC_0502738,0
ISIC_0601743,0
ISIC_4471113,0
ISIC_9966733,0
ISIC_2298923,0
ISIC_6418734,0
ISIC_2731701,0
ISIC_1142211,0
ISIC_1069722,0
ISIC_7101909,0
ISIC_7334939,0
ISIC_1171368,0
ISIC_5207549,0
ISIC_1620077,0
ISIC_0617272,0
ISIC_7977103,0
ISIC_1070485,0
ISIC_8385396,0
ISIC_8787301,0
ISIC_5541499,0
ISIC_4546388,0
ISIC_2146381,0
ISIC_0612261,0
ISIC_1770277,0
ISIC_0215803,0
ISIC_0282178,0
ISIC_7188705,0
ISIC_6353654,0
ISIC_0097262,0
ISIC_3197211,0
ISIC_4632123,0
ISIC_3430609,0
ISIC_6933070,0
ISIC_1146954,0
ISIC_6074237,0
ISIC_5754710,0
ISIC_3344319,0
ISIC_9572075,0
ISIC_5543919,0
ISIC_6717455,0
ISIC_4416938,0
ISIC_7925520,0
ISIC_5962154,0
ISIC_7588660,0
ISIC_7105876,0
ISIC_4113553,0
ISIC_9650544,0
ISIC_3302986,0
ISIC_3064112,0
ISIC_5837451,0
ISIC_6827974,0
ISIC_9187182,0
ISIC_2464882,0
ISIC_8180766,0
ISIC_9297268,0
ISIC_6202224,0
ISIC_6583245,0
ISIC_2770352,0
ISIC_8431346,0
ISIC_8942026,0
ISIC_4141321,0
ISIC_1502467,0
ISIC_4976629,0
ISIC_5953259,0
ISIC_4827917,0
ISIC_9333834,0
ISIC_5893482,0
ISIC_1099402,0
ISIC_0073863,0
ISIC_8292872,0
ISIC_4416373,0
ISIC_5696465,0
ISIC_4148971,0
ISIC_9501706,0
ISIC_4082454,0
ISIC_9268464,0
ISIC_6640040,0
ISIC_5274972,0
ISIC_7472087,0
ISIC_9677476,0
ISIC_3284879,0
ISIC_3918888,0
ISIC_6389005,0
ISIC_2036804,0
ISIC_6455558,0
ISIC_2288348,0
ISIC_1472958,0
ISIC_3157648,0
ISIC_1473683,0
ISIC_6025998,0
ISIC_7531601,0
ISIC_7541188,0
ISIC_9875123,0
ISIC_2370968,0
ISIC_2059259,0
ISIC_7200132,0
ISIC_4765663,0
ISIC_6320048,0
ISIC_6622403,0
ISIC_5787999,0
ISIC_2613076,0
ISIC_4598485,0
ISIC_5892763,0
ISIC_7325617,0
ISIC_5607139,0
ISIC_3826101,0
ISIC_8500215,0
ISIC_7860232,0
ISIC_4400687,0
ISIC_2340494,0
ISIC_6910029,0
ISIC_2014865,0
ISIC_3892538,0
ISIC_9001368,0
ISIC_9992648,0
ISIC_2525369,0
ISIC_4607649,0
ISIC_0897372,0
ISIC_8731964,0
ISIC_6428254,0
ISIC_3003010,0
ISIC_8463837,0
ISIC_8177696,0
ISIC_4753918,0
ISIC_1276558,0
ISIC_8545164,0
ISIC_8696381,0
ISIC_5567558,0
ISIC_0645934,0
ISIC_7632279,0
ISIC_4795806,0
ISIC_9188713,0
ISIC_8240527,0
ISIC_1385452,0
ISIC_3050487,0
ISIC_7782700,0
ISIC_2628667,0
ISIC_6288293,0
ISIC_1658566,0
ISIC_8906358,0
ISIC_5763228,0
ISIC_0119243,0
ISIC_7234241,0
ISIC_2521142,0
ISIC_1025100,0
ISIC_2880667,0
ISIC_0167803,0
ISIC_8698177,0
ISIC_9216609,0
ISIC_9643914,0
ISIC_5164646,0
ISIC_3173642,0
ISIC_3782736,0
ISIC_5714368,0
ISIC_3015606,0
ISIC_1830722,0
ISIC_1509648,0
ISIC_3062370,0
ISIC_7335595,0
ISIC_2471655,0
ISIC_4737695,0
ISIC_5171808,0
ISIC_6626242,0
ISIC_5129863,0
ISIC_9598621,0
ISIC_1490956,0
ISIC_9994191,0
ISIC_8056101,0
ISIC_0805994,0
ISIC_5266605,0
ISIC_9447530,0
ISIC_4679707,0
ISIC_0852575,0
ISIC_9896977,0
ISIC_7938939,0
ISIC_6212964,0
ISIC_8969175,0
ISIC_5960820,0
ISIC_1528651,0
ISIC_0968530,0
ISIC_4093606,0
ISIC_2084190,0
ISIC_2484661,0
ISIC_4660700,0
ISIC_4958589,0
ISIC_1325383,0
ISIC_3627294,0
ISIC_9137740,0
ISIC_9971064,0
ISIC_7827973,0
ISIC_4969084,0
ISIC_8565474,0
ISIC_2977980,0
ISIC_3967417,0
ISIC_3346679,0
ISIC_7206588,0
ISIC_0836815,0
ISIC_7808755,0
ISIC_1793316,0
ISIC_8650160,0
ISIC_0844469,0
ISIC_1831934,0
ISIC_6747832,0
ISIC_4225552,0
ISIC_2695360,0
ISIC_9451191,0
ISIC_9989889,0
ISIC_8096488,0
ISIC_7196937,0
ISIC_1342857,0
ISIC_3538568,0
ISIC_6348068,0
ISIC_0197274,0
ISIC_8334167,0
ISIC_1409004,0
ISIC_1064824,0
ISIC_7308563,0
ISIC_6356372,0
ISIC_9501753,0
ISIC_6241508,0
ISIC_3327928,0
ISIC_2020122,0
ISIC_2314682,0
ISIC_6685424,0
ISIC_3902522,0
ISIC_3223440,0
ISIC_2733454,0
ISIC_1408695,0
ISIC_8381606,0
ISIC_5399025,0
ISIC_6349110,0
ISIC_2722338,0
ISIC_1151008,0
ISIC_2755460,0
ISIC_9596173,0
ISIC_3045480,0
ISIC_2202736,0
ISIC_4964428,0
ISIC_2925746,0
ISIC_4213914,0
ISIC_1044266,0
ISIC_1217127,0
ISIC_1241916,0
ISIC_1815891,0
ISIC_7974869,0
ISIC_8708228,0
ISIC_1073412,0
ISIC_9945604,0
ISIC_8313343,0
ISIC_6999728,0
ISIC_4216162,0
ISIC_0767613,0
ISIC_0773145,0
ISIC_3783885,0
ISIC_0770132,0
ISIC_5841896,0
ISIC_3425683,0
ISIC_7110025,0
ISIC_9408905,0
ISIC_6693138,0
ISIC_9627594,0
ISIC_6044114,0
ISIC_2775534,0
ISIC_9427744,0
ISIC_8558562,0
ISIC_9992299,0
ISIC_8718627,0
ISIC_8755727,0
ISIC_4912510,0
ISIC_6312254,0
ISIC_8327585,0
ISIC_2973605,0
ISIC_6167270,0
ISIC_9411450,0
ISIC_8918247,0
ISIC_6953221,0
ISIC_0495769,0
ISIC_2449691,0
ISIC_7154038,0
ISIC_3050024,0
ISIC_3322515,0
ISIC_7326842,0
ISIC_2868896,0
ISIC_7890093,0
ISIC_3594638,0
ISIC_3593419,0
ISIC_0620394,0
ISIC_0379668,0
ISIC_9572021,0
ISIC_5503515,0
ISIC_5938313,0
ISIC_5766997,0
ISIC_2272478,0
ISIC_5973129,0
ISIC_7504308,0
ISIC_7245189,0
ISIC_6819805,0
ISIC_0573471,0
ISIC_9979190,0
ISIC_1303477,0
ISIC_1244447,0
ISIC_3352589,0
ISIC_0174755,0
ISIC_3427526,0
ISIC_0450792,0
ISIC_8609184,0
ISIC_6248808,0
ISIC_7983538,0
ISIC_1594005,0
ISIC_0477999,0
ISIC_7813760,0
ISIC_4905525,0
ISIC_2879057,0
ISIC_0307669,0
ISIC_6875407,0
ISIC_9912332,0
ISIC_0880783,0
ISIC_1222561,0
ISIC_5831158,0
ISIC_3888868,0
ISIC_4565417,0
ISIC_9175575,0
ISIC_6691035,0
ISIC_3302562,0
ISIC_8541956,0
ISIC_6938441,0
ISIC_4503581,0
ISIC_1668550,0
ISIC_8981300,0
ISIC_7101608,0
ISIC_0684071,0
ISIC_8391328,0
ISIC_2094021,0
ISIC_9736851,0
ISIC_9242872,0
ISIC_7939848,0
ISIC_0361189,0
ISIC_6271290,0
ISIC_4427207,0
ISIC_1734487,0
ISIC_1146594,0
ISIC_1446269,0
ISIC_2222084,0
ISIC_7461810,0
ISIC_6190757,0
ISIC_4840056,0
ISIC_8410820,0
ISIC_9317670,0
ISIC_5296244,0
ISIC_6590580,0
ISIC_4281031,0
ISIC_6952094,0
ISIC_8332020,0
ISIC_6781208,0
ISIC_3518193,0
ISIC_5539676,0
ISIC_2024217,0
ISIC_5997052,0
ISIC_1018753,0
ISIC_0809407,0
ISIC_6394582,0
ISIC_3628532,0
ISIC_1076265,0
ISIC_9275120,0
ISIC_2568976,0
ISIC_2399021,0
ISIC_3831165,0
ISIC_6615782,0
ISIC_3251714,0
ISIC_1623104,0
ISIC_9468404,0
ISIC_2905836,0
ISIC_6435029,0
ISIC_1763947,0
ISIC_8759215,0
ISIC_2972596,0
ISIC_9348273,0
ISIC_1916169,0
ISIC_6600475,0
ISIC_6484641,0
ISIC_5903611,0
ISIC_8528570,0
ISIC_6775663,0
ISIC_1580681,0
ISIC_4345756,0
ISIC_9862532,0
ISIC_5372934,0
ISIC_2205154,0
ISIC_7774908,0
ISIC_0181316,0
ISIC_3277305,0
ISIC_4847052,0
ISIC_6845294,0
ISIC_3320667,0
ISIC_4939357,0
ISIC_6101727,0
ISIC_1428490,0
ISIC_2506667,0
ISIC_6755281,0
ISIC_3981430,0
ISIC_3869104,0
ISIC_3783849,0
ISIC_9153141,0
ISIC_4409610,0
ISIC_2307453,0
ISIC_6046943,0
ISIC_1176025,0
ISIC_1482437,0
ISIC_6119517,0
ISIC_3088358,0
ISIC_6297733,0
ISIC_7215858,0
ISIC_1571470,0
ISIC_8707635,0
ISIC_2846004,0
ISIC_2821063,0
ISIC_4588970,0
ISIC_8769047,0
ISIC_6089148,0
ISIC_1427974,0
ISIC_3934861,0
ISIC_1552276,0
ISIC_3494719,0
ISIC_4700918,0
ISIC_0722347,0
ISIC_1998166,0
ISIC_7009394,0
ISIC_5386166,0
ISIC_7303630,0
ISIC_3215995,0
ISIC_5093195,0
ISIC_8145727,0
ISIC_1258360,0
ISIC_0924335,0
ISIC_5362779,0
ISIC_5804674,0
ISIC_3612044,0
ISIC_6297552,0
ISIC_8031107,0
ISIC_5958284,0
ISIC_0188950,0
ISIC_7693768,0
ISIC_5863762,0
ISIC_9266057,0
ISIC_9479710,0
ISIC_4470805,0
ISIC_7784876,0
ISIC_3942613,0
ISIC_5780488,0
ISIC_4330964,0
ISIC_9104095,0
ISIC_0095743,0
ISIC_8945633,0
ISIC_8613265,0
ISIC_8710450,0
ISIC_9982272,0
ISIC_7308323,0
ISIC_1701968,0
ISIC_2232926,0
ISIC_8647858,0
ISIC_6990939,0
ISIC_9927174,0
ISIC_9931935,0
ISIC_6958882,0
ISIC_7647712,0
ISIC_2593023,0
ISIC_9987696,0
ISIC_7305201,0
ISIC_8079552,0
ISIC_3917176,0
ISIC_5026774,0
ISIC_5531874,0
ISIC_7997862,0
ISIC_7729052,0
ISIC_5925562,0
ISIC_0487104,0
ISIC_4236187,0
ISIC_4971008,0
ISIC_0190959,0
ISIC_3730545,0
ISIC_4363100,0
ISIC_6873786,0
ISIC_8450877,0
ISIC_9460959,0
ISIC_9350105,0
ISIC_7171875,0
ISIC_8436376,0
ISIC_7584393,0
ISIC_2867998,0
ISIC_4934707,0
ISIC_3477335,0
ISIC_1663532,0
ISIC_2961437,0
ISIC_1964200,0
ISIC_0699088,0
ISIC_8318126,0
ISIC_8191999,0
ISIC_6938646,0
ISIC_3473807,0
ISIC_3247057,0
ISIC_0356038,0
ISIC_2533333,0
ISIC_8790878,0
ISIC_0700335,0
ISIC_8897741,0
ISIC_8410933,0
ISIC_2864613,0
ISIC_2216126,0
ISIC_2873988,0
ISIC_4626097,0
ISIC_3187803,0
ISIC_4770621,0
ISIC_2422166,0
ISIC_6689453,0
ISIC_8668491,0
ISIC_2601363,0
ISIC_2328520,0
ISIC_0153376,0
ISIC_0768895,0
ISIC_1761597,0
ISIC_3685267,0
ISIC_5605573,0
ISIC_6936920,0
ISIC_8385616,0
ISIC_3727371,0
ISIC_8840511,0
ISIC_5665171,0
ISIC_8573497,0
ISIC_5372884,0
ISIC_5428941,0
ISIC_1414380,0
ISIC_3627147,0
ISIC_0323748,0
ISIC_3024690,0
ISIC_6522135,0
ISIC_2748624,0
ISIC_3202131,0
ISIC_2334974,0
ISIC_4204876,0
ISIC_6897010,0
ISIC_3807230,0
ISIC_1692214,0
ISIC_8416462,0
ISIC_3083384,0
ISIC_4763505,0
ISIC_4429544,0
ISIC_3022261,0
ISIC_4034626,0
ISIC_0871073,0
ISIC_4584962,0
ISIC_8528718,0
ISIC_6337323,0
ISIC_1689523,0
ISIC_2230159,0
ISIC_9532049,0
ISIC_7922830,0
ISIC_5873094,0
ISIC_8805390,0
ISIC_3737700,0
ISIC_8649350,0
ISIC_6213875,0
ISIC_1307470,0
ISIC_1379351,0
ISIC_5145664,0
ISIC_6039074,0
ISIC_2321009,0
ISIC_9824186,0
ISIC_6384870,0
ISIC_9710909,0
ISIC_1430481,0
ISIC_1006415,0
ISIC_0553265,0
ISIC_7008068,0
ISIC_6614498,0
ISIC_4938829,0
ISIC_1890330,0
ISIC_1549163,0
ISIC_1272616,0
ISIC_4376280,0
ISIC_7640631,0
ISIC_5044856,0
ISIC_0292393,0
ISIC_2883712,0
ISIC_2552716,0
ISIC_6550801,0
ISIC_4378485,0
ISIC_1840506,0
ISIC_2324920,0
ISIC_5509823,0
ISIC_3469837,0
ISIC_3374597,0
ISIC_1548274,0
ISIC_2778083,0
ISIC_7272721,0
ISIC_6538645,0
ISIC_0838227,0
ISIC_9467983,0
ISIC_6822533,0
ISIC_5997076,0
ISIC_9587078,0
ISIC_8350851,0
ISIC_1135159,0
ISIC_8483047,0
ISIC_5828606,0
ISIC_7176466,0
ISIC_1718501,0
ISIC_4328393,0
ISIC_2554103,0
ISIC_5027597,0
ISIC_1116303,0
ISIC_6558326,0
ISIC_6129735,0
ISIC_1832787,0
ISIC_3401124,0
ISIC_4049057,0
ISIC_9179884,0
ISIC_6846051,0
ISIC_8025582,0
ISIC_5078639,0
ISIC_8745129,0
ISIC_3313166,0
ISIC_8052859,0
ISIC_4640009,0
ISIC_3917002,0
ISIC_5439956,0
ISIC_5164012,0
ISIC_9612446,0
ISIC_8426219,0
ISIC_8288141,0
ISIC_2524673,0
ISIC_1495576,0
ISIC_5055083,0
ISIC_9018696,0
ISIC_1199167,0
ISIC_5944362,0
ISIC_7365593,0
ISIC_7284546,0
ISIC_5054970,0
ISIC_8857322,0
ISIC_2046323,0
ISIC_3265817,0
ISIC_2580974,0
ISIC_7340333,0
ISIC_2311853,0
ISIC_3794620,0
ISIC_2747596,0
ISIC_3959713,0
ISIC_2839614,0
ISIC_2857248,0
ISIC_5785135,0
ISIC_2093906,0
ISIC_0208357,0
ISIC_1860202,0
ISIC_9599992,0
ISIC_3479083,0
ISIC_7003219,0
ISIC_3317643,0
ISIC_6949754,0
ISIC_2334810,0
ISIC_0124081,0
ISIC_3152857,0
ISIC_4148797,0
ISIC_0204389,0
ISIC_7929528,0
ISIC_7727795,0
ISIC_3414486,0
ISIC_3063817,0
ISIC_0858555,0
ISIC_0317094,0
ISIC_4935816,0
ISIC_7029533,0
ISIC_0077054,0
ISIC_1510512,0
ISIC_2527161,0
ISIC_1080345,0
ISIC_7520217,0
ISIC_6367091,0
ISIC_3362890,0
ISIC_0230087,0
ISIC_8808076,0
ISIC_1329019,0
ISIC_5239106,0
ISIC_2735511,0
ISIC_8356711,0
ISIC_0268984,0
ISIC_8097741,0
ISIC_3897686,0
ISIC_3909654,0
ISIC_8439407,0
ISIC_8470224,0
ISIC_2973607,0
ISIC_8544988,0
ISIC_7915016,0
ISIC_6532286,0
ISIC_1416314,0
ISIC_4771678,0
ISIC_1285909,0
ISIC_7555988,0
ISIC_2021070,0
ISIC_9750600,0
ISIC_0772256,0
ISIC_3020882,0
ISIC_9227283,0
ISIC_6590195,0
ISIC_9025095,0
ISIC_0539206,0
ISIC_8627581,0
ISIC_4218589,0
ISIC_2170617,0
ISIC_5064090,0
ISIC_9700218,0
ISIC_4171839,0
ISIC_4887943,0
ISIC_5634823,0
ISIC_5293815,0
ISIC_3201153,0
ISIC_7436712,0
ISIC_4038238,0
ISIC_4609417,0
ISIC_2391545,0
ISIC_6747251,0
ISIC_1010358,0
ISIC_9875968,0
ISIC_1796015,0
ISIC_2973033,0
ISIC_6993481,0
ISIC_1135697,0
ISIC_1656295,0
ISIC_5052804,0
ISIC_8601570,0
ISIC_4973062,0
ISIC_3539795,0
ISIC_0320008,0
ISIC_6210274,0
ISIC_3772519,0
ISIC_3853000,0
ISIC_4262185,0
ISIC_3138874,0
ISIC_3204703,0
ISIC_2127883,0
ISIC_4310441,0
ISIC_3250692,0
ISIC_4272095,0
ISIC_2522593,0
ISIC_8951479,0
ISIC_4845560,0
ISIC_9204844,0
ISIC_9365663,0
ISIC_9666538,0
ISIC_3155654,0
ISIC_2025971,0
ISIC_5298476,0
ISIC_7799504,0
ISIC_6162714,0
ISIC_6866299,0
ISIC_9816264,0
ISIC_6315760,0
ISIC_9138708,0
ISIC_1574997,0
ISIC_7954970,0
ISIC_9159246,0
ISIC_5344273,0
ISIC_5787263,0
ISIC_6715416,0
ISIC_9060041,0
ISIC_0676527,0
ISIC_2516006,0
ISIC_6023245,0
ISIC_1206880,0
ISIC_6503533,0
ISIC_6272878,0
ISIC_7953190,0
ISIC_3822340,0
ISIC_0866932,0
ISIC_9668533,0
ISIC_2220505,0
ISIC_0865713,0
ISIC_5297462,0
ISIC_6421085,0
ISIC_5350161,0
ISIC_2247564,0
ISIC_4314742,0
ISIC_4538438,0
ISIC_6176256,0
ISIC_1982635,0
ISIC_9853363,0
ISIC_5873586,0
ISIC_6133264,0
ISIC_5378716,0
ISIC_6720006,0
ISIC_6500642,0
ISIC_9553909,0
ISIC_7818562,0
ISIC_7243195,0
ISIC_9791119,0
ISIC_0893723,0
ISIC_3501503,0
ISIC_8944107,0
ISIC_5426572,0
ISIC_3265547,0
ISIC_0823269,0
ISIC_6935679,0
ISIC_8154140,0
ISIC_3644082,0
ISIC_5832081,0
ISIC_6287939,0
ISIC_5385783,0
ISIC_2505856,0
ISIC_9181159,0
ISIC_1536397,0
ISIC_3670069,0
ISIC_5311382,0
ISIC_1999475,0
ISIC_5232516,0
ISIC_5819591,0
ISIC_3009842,0
ISIC_5989590,0
ISIC_6773668,0
ISIC_1621625,0
ISIC_8754259,0
ISIC_1370640,0
ISIC_1375082,0
ISIC_6005871,0
ISIC_3861361,0
ISIC_4957526,0
ISIC_2655730,0
ISIC_8159052,0
ISIC_1217694,0
ISIC_6171588,0
ISIC_0950510,0
ISIC_4680765,0
ISIC_5255131,0
ISIC_8488027,0
ISIC_1683911,0
ISIC_1969306,0
ISIC_7562678,0
ISIC_6875256,0
ISIC_8361691,0
ISIC_1477798,0
ISIC_2183795,0
ISIC_4780938,0
ISIC_2803954,0
ISIC_7876616,0
ISIC_6045266,0
ISIC_8976041,0
ISIC_5972709,0
ISIC_5993206,0
ISIC_8505283,0
ISIC_9841903,0
ISIC_5979125,0
ISIC_2642475,0
ISIC_1069165,0
ISIC_5062776,0
ISIC_8961614,0
ISIC_6976701,0
ISIC_7805735,0
ISIC_9403836,0
ISIC_9570959,0
ISIC_3483103,0
ISIC_7949818,0
ISIC_4338535,0
ISIC_6508139,0
ISIC_8368960,0
ISIC_6993040,0
ISIC_5745809,0
ISIC_8260085,0
ISIC_4983893,0
ISIC_9849120,0
ISIC_5867806,0
ISIC_6748152,0
ISIC_8448006,0
ISIC_4649816,0
ISIC_3539413,0
ISIC_4410078,0
ISIC_4337693,0
ISIC_5714835,0
ISIC_8759947,0
ISIC_1675475,0
ISIC_4062304,0
ISIC_1800713,0
ISIC_2432981,0
ISIC_5174728,0
ISIC_5698613,0
ISIC_3513821,0
ISIC_1845537,0
ISIC_2950662,0
ISIC_4497730,0
ISIC_9569670,0
ISIC_6374674,0
ISIC_8614302,0
ISIC_4554471,0
ISIC_3410251,0
ISIC_1636355,0
ISIC_1091566,0
ISIC_1346867,0
ISIC_5814193,0
ISIC_6698922,0
ISIC_8413819,0
ISIC_6881361,0
ISIC_8285958,0
ISIC_7646698,0
ISIC_4252694,0
ISIC_8657995,0
ISIC_4191930,0
ISIC_5990006,0
ISIC_4686711,0
ISIC_5634198,0
ISIC_8621381,0
ISIC_0350119,0
ISIC_6945898,0
ISIC_2106139,0
ISIC_1607224,0
ISIC_2843665,0
ISIC_3094215,0
ISIC_4722294,0
ISIC_9227362,0
ISIC_4523525,0
ISIC_3148471,0
ISIC_1544622,0
ISIC_5270147,0
ISIC_3120412,0
ISIC_1595205,0
ISIC_0076255,0
ISIC_1119886,0
ISIC_7805699,0
ISIC_2283635,0
ISIC_0815023,0
ISIC_8572463,0
ISIC_5182952,0
ISIC_8026822,0
ISIC_9390664,0
ISIC_8072870,0
ISIC_1126401,0
ISIC_8612251,0
ISIC_1327315,0
ISIC_9802157,0
ISIC_3420236,0
ISIC_1255149,0
ISIC_9546309,0
ISIC_5841767,0
ISIC_7907324,0
ISIC_9445672,0
ISIC_3163093,0
ISIC_0646544,0
ISIC_6391693,0
ISIC_5552683,0
ISIC_3792868,0
ISIC_7451740,0
ISIC_0651228,0
ISIC_3088033,0
ISIC_9987719,0
ISIC_6168277,0
ISIC_7521530,0
ISIC_8543046,0
ISIC_6454913,0
ISIC_5306085,0
ISIC_2030005,0
ISIC_0783408,0
ISIC_3197377,0
ISIC_1517003,0
ISIC_4564958,0
ISIC_8191013,0
ISIC_7018101,0
ISIC_5826969,0
ISIC_5185179,0
ISIC_4380028,0
ISIC_2833179,0
ISIC_8254014,0
ISIC_6358411,0
ISIC_9132204,0
ISIC_4463160,0
ISIC_3487034,0
ISIC_4757447,0
ISIC_3822722,0
ISIC_0387826,0
ISIC_1061716,0
ISIC_1749046,0
ISIC_9571862,0
ISIC_4045574,0
ISIC_0698052,0
ISIC_2651140,0
ISIC_0970615,0
ISIC_1874410,0
ISIC_4792565,0
ISIC_5967889,0
ISIC_5772488,0
ISIC_9766600,0
ISIC_7126369,0
ISIC_8054499,0
ISIC_5550212,0
ISIC_5638742,0
ISIC_4061154,0
ISIC_9140582,0
ISIC_2991167,0
ISIC_1341677,0
ISIC_5792872,0
ISIC_7619664,0
ISIC_0979678,0
ISIC_3047578,0
ISIC_1179992,0
ISIC_7507858,0
ISIC_5235518,0
ISIC_4901933,0
ISIC_9356329,0
ISIC_5022439,0
ISIC_7227216,0
ISIC_5555712,0
ISIC_1132361,0
ISIC_3836648,0
ISIC_2616471,0
ISIC_6611061,0
ISIC_0613695,0
ISIC_9642724,0
ISIC_8577350,0
ISIC_3042456,0
ISIC_5018463,0
ISIC_1225678,0
ISIC_9558332,0
ISIC_0835030,0
ISIC_4473773,0
ISIC_8255125,0
ISIC_7638974,0
ISIC_2264421,0
ISIC_1832093,0
ISIC_8593738,0
ISIC_7775074,0
ISIC_7351010,0
ISIC_9232753,0
ISIC_0378725,0
ISIC_7132196,0
ISIC_7546221,0
ISIC_1133187,0
ISIC_3938095,0
ISIC_2020975,0
ISIC_3774225,0
ISIC_9490906,0
ISIC_1102101,0
ISIC_8274052,0
ISIC_1828562,0
ISIC_8344886,0
ISIC_9757709,0
ISIC_0935658,0
ISIC_7363608,0
ISIC_4494886,0
ISIC_4413011,0
ISIC_4265106,0
ISIC_8322623,0
ISIC_1347581,0
ISIC_9002119,0
ISIC_2214376,0
ISIC_2174727,0
ISIC_6250586,0
ISIC_8726132,0
ISIC_6327728,0
ISIC_8513973,0
ISIC_2029702,0
ISIC_0444953,0
ISIC_7264785,0
ISIC_3002045,0
ISIC_5129541,0
ISIC_5949139,0
ISIC_0101955,0
ISIC_6167789,0
ISIC_9468437,0
ISIC_5216960,0
ISIC_0913648,0
ISIC_8556393,0
ISIC_2751556,0
ISIC_4345273,0
ISIC_8615296,0
ISIC_3472228,0
ISIC_0138914,0
ISIC_7110687,0
ISIC_5452980,0
ISIC_9710618,0
ISIC_4932148,0
ISIC_2205902,0
ISIC_3741929,0
ISIC_7486855,0
ISIC_3365437,0
ISIC_7623387,0
ISIC_2989365,0
ISIC_0857448,0
ISIC_2669811,0
ISIC_0796805,0
ISIC_9875364,0
ISIC_3526427,0
ISIC_5033470,0
ISIC_0383910,0
ISIC_6252442,0
ISIC_3585759,0
ISIC_9171793,0
ISIC_5723091,0
ISIC_9103397,0
ISIC_9099090,0
ISIC_5529223,0
ISIC_2847750,0
ISIC_5472264,0
ISIC_9093424,0
ISIC_1927934,0
ISIC_0892888,0
ISIC_4943359,0
ISIC_3360235,0
ISIC_1625882,0
ISIC_2501467,0
ISIC_2410311,0
ISIC_2153011,0
ISIC_2323901,0
ISIC_9796777,0
ISIC_2961262,0
ISIC_7016834,0
ISIC_5804522,0
ISIC_9157592,0
ISIC_0155053,0
ISIC_5268767,0
ISIC_3866655,0
ISIC_0115985,0
ISIC_6325623,0
ISIC_8446431,0
ISIC_3063587,0
ISIC_7441024,0
ISIC_3631183,0
ISIC_9216457,0
ISIC_5923153,0
ISIC_8976859,0
ISIC_4215075,0
ISIC_6344855,0
ISIC_0758242,0
ISIC_7395485,0
ISIC_6355154,0
ISIC_9506376,0
ISIC_5728294,0
ISIC_1242474,0
ISIC_2921430,0
ISIC_1642723,0
ISIC_4542004,0
ISIC_6788333,0
ISIC_3298166,0
ISIC_3460141,0
ISIC_3824162,0
ISIC_2515747,0
ISIC_9404018,0
ISIC_5249321,0
ISIC_0528949,0
ISIC_0958977,0
ISIC_9886748,0
ISIC_5042253,0
ISIC_9353865,0
ISIC_7682533,0
ISIC_9064266,0
ISIC_5628874,0
ISIC_0817051,0
ISIC_4325233,0
ISIC_0220890,0
ISIC_7843146,0
ISIC_8667960,0
ISIC_7030907,0
ISIC_6005450,0
ISIC_0187220,0
ISIC_6221556,0
ISIC_4482209,0
ISIC_7657322,0
ISIC_1420953,0
ISIC_9866460,0
ISIC_8355069,0
ISIC_7367155,0
ISIC_7943939,0
ISIC_9820266,0
ISIC_3235332,0
ISIC_4796147,0
ISIC_3735182,0
ISIC_5017355,0
ISIC_2190119,0
ISIC_4728787,0
ISIC_5836698,0
ISIC_2793180,0
ISIC_7610657,0
ISIC_2650547,0
ISIC_0835458,0
ISIC_8952365,0
ISIC_0097302,0
ISIC_2038875,0
ISIC_5350286,0
ISIC_2824759,0
ISIC_2205187,0
ISIC_8839205,0
ISIC_3658823,0
ISIC_2410902,0
ISIC_7788766,0
ISIC_1201025,0
ISIC_6730312,0
ISIC_2472012,0
ISIC_5124607,0
ISIC_7319186,0
ISIC_7901805,0
ISIC_8699233,0
ISIC_9161612,0
ISIC_8509634,0
ISIC_9706117,0
ISIC_0479656,0
ISIC_2376934,0
ISIC_1111101,0
ISIC_8032507,0
ISIC_3846262,0
ISIC_7251011,0
ISIC_2054960,0
ISIC_5686739,0
ISIC_9497415,0
ISIC_8143135,0
ISIC_9071975,0
ISIC_4548759,0
ISIC_0393134,0
ISIC_2490728,0
ISIC_5144687,0
ISIC_5090480,0
ISIC_8402813,0
ISIC_8285845,0
ISIC_8678969,0
ISIC_7982443,0
ISIC_4224540,0
ISIC_8744116,0
ISIC_8040056,0
ISIC_4585749,0
ISIC_6357740,0
ISIC_8943527,0
ISIC_8766762,0
ISIC_0289550,0
ISIC_7629062,0
ISIC_7883260,0
ISIC_9685758,0
ISIC_1994166,0
ISIC_5246161,0
ISIC_2740604,0
ISIC_7473131,0
ISIC_4886295,0
ISIC_5707695,0
ISIC_7973098,0
ISIC_9896561,0
ISIC_7882504,0
ISIC_7916653,0
ISIC_1966383,0
ISIC_5321479,0
ISIC_8667734,0
ISIC_1457973,0
ISIC_0369681,0
ISIC_1720500,0
ISIC_5511054,0
ISIC_7391014,0
ISIC_1156133,0
ISIC_4278930,0
ISIC_7307945,0
ISIC_1464471,0
ISIC_2683795,0
ISIC_0694740,0
ISIC_2612910,0
ISIC_1241018,0
ISIC_1064441,0
ISIC_9351886,0
ISIC_2740122,0
ISIC_7208631,0
ISIC_0370218,0
ISIC_0310855,0
ISIC_9041525,0
ISIC_1215920,0
ISIC_2146757,0
ISIC_5745126,0
ISIC_3587898,0
ISIC_8712502,0
ISIC_9250781,0
ISIC_4080973,0
ISIC_1959902,0
ISIC_4156628,0
ISIC_6070426,0
ISIC_9561756,0
ISIC_8370666,0
ISIC_3547942,0
ISIC_0650927,0
ISIC_6582004,0
ISIC_7838537,0
ISIC_5179024,0
ISIC_7261525,0
ISIC_8468152,0
ISIC_8193005,0
ISIC_9218783,0
ISIC_5442968,0
ISIC_8023105,0
ISIC_8152761,0
ISIC_4583761,0
ISIC_5686692,0
ISIC_5912360,0
ISIC_4252005,0
ISIC_5271791,0
ISIC_0743555,0
ISIC_0632001,0
ISIC_3596524,0
ISIC_5963071,0
ISIC_1191996,0
ISIC_3799953,0
ISIC_6569850,0
ISIC_1420747,0
ISIC_7083773,0
ISIC_1284470,0
ISIC_5728052,0
ISIC_8260850,0
ISIC_7189526,0
ISIC_5194644,0
ISIC_2366596,0
ISIC_9867644,0
ISIC_6488682,0
ISIC_1154162,0
ISIC_4485409,0
ISIC_3259414,0
ISIC_1701846,0
ISIC_3675396,0
ISIC_5419605,0
ISIC_3408779,0
ISIC_3457455,0
ISIC_4820255,0
ISIC_9995871,0
ISIC_7806895,0
ISIC_2763588,0
ISIC_1464557,0
ISIC_3011551,0
ISIC_6672065,0
ISIC_3780652,0
ISIC_5242235,0
ISIC_9051937,0
ISIC_7733305,0
ISIC_3965502,0
ISIC_2212095,0
ISIC_6333987,0
ISIC_5996846,0
ISIC_6239365,0
ISIC_6409368,0
ISIC_8392439,0
ISIC_7645103,0
ISIC_1901212,0
ISIC_2546925,0
ISIC_4482349,0
ISIC_4307237,0
ISIC_4492759,0
ISIC_3488397,0
ISIC_9472474,0
ISIC_2826846,0
ISIC_2918081,0
ISIC_2179705,0
ISIC_8229493,0
ISIC_1419820,0
ISIC_9978058,0
ISIC_6028688,0
ISIC_7072857,0
ISIC_4517401,0
ISIC_4889822,0
ISIC_5678147,0
ISIC_8603109,0
ISIC_3507614,0
ISIC_8038497,0
ISIC_8981897,0
ISIC_2866672,0
ISIC_8675305,0
ISIC_0755088,0
ISIC_7548342,0
ISIC_7828331,0
ISIC_3122147,0
ISIC_9890254,0
ISIC_7876083,0
ISIC_3540482,0
ISIC_1149850,0
ISIC_6484938,0
ISIC_9250721,0
ISIC_1550198,0
ISIC_3527498,0
ISIC_4733429,0
ISIC_7297776,0
ISIC_3995849,0
ISIC_8325963,0
ISIC_2160854,0
ISIC_0818540,0
ISIC_7868177,0
ISIC_3836165,0
ISIC_4138489,0
ISIC_4235575,0
ISIC_7851081,0
ISIC_2335025,0
ISIC_7793572,0
ISIC_1205427,0
ISIC_2054135,0
ISIC_2754845,0
ISIC_0929356,0
ISIC_6759359,0
ISIC_9014235,0
ISIC_6469024,0
ISIC_3504270,0
ISIC_8653825,0
ISIC_0525463,0
ISIC_1818416,0
ISIC_1597752,0
ISIC_1063001,0
ISIC_9560618,0
ISIC_2633032,0
ISIC_1655136,0
ISIC_8433656,0
ISIC_5891194,0
ISIC_4351882,0
ISIC_1078763,0
ISIC_8953643,0
ISIC_2485182,0
ISIC_6771998,0
ISIC_3372650,0
ISIC_3334573,0
ISIC_1081140,0
ISIC_5679759,0
ISIC_0508629,0
ISIC_4158219,0
ISIC_1746893,0
ISIC_5092515,0
ISIC_4613924,0
ISIC_0499739,0
ISIC_7665103,0
ISIC_5659521,0
ISIC_7274523,0
ISIC_0831898,0
ISIC_8060479,0
ISIC_0670265,0
ISIC_8627295,0
ISIC_2267440,0
ISIC_7718206,0
ISIC_0743648,0
ISIC_3033732,0
ISIC_6423450,0
ISIC_8939939,0
ISIC_2744993,0
ISIC_7490723,0
ISIC_6373409,0
ISIC_1490894,0
ISIC_1255858,0
ISIC_5315833,0
ISIC_3933164,0
ISIC_2013192,0
ISIC_9774801,0
ISIC_8703792,0
ISIC_2384953,0
ISIC_6043649,0
ISIC_7778161,0
ISIC_3957660,0
ISIC_9474028,0
ISIC_8618352,0
ISIC_2377324,0
ISIC_3147082,0
ISIC_0983974,0
ISIC_9030826,0
ISIC_1264034,0
ISIC_9415992,0
ISIC_1310746,0
ISIC_0951274,0
ISIC_1947192,0
ISIC_8525826,0
ISIC_1472142,0
ISIC_6852771,0
ISIC_8914963,0
ISIC_3637593,0
ISIC_7424370,0
ISIC_8945348,0
ISIC_2769033,0
ISIC_9821910,0
ISIC_7116014,0
ISIC_5279946,0
ISIC_7858765,0
ISIC_3420179,0
ISIC_5835110,0
ISIC_8843537,0
ISIC_1901457,0
ISIC_0571049,0
ISIC_2175811,0
ISIC_0082674,0
ISIC_4281048,0
ISIC_7962171,0
ISIC_8006314,0
ISIC_9886654,0
ISIC_9424882,0
ISIC_1587160,0
ISIC_9178763,0
ISIC_6825359,0
ISIC_8662604,0
ISIC_8695455,0
ISIC_1816373,0
ISIC_1454751,0
ISIC_1317686,0
ISIC_0772652,0
ISIC_0822220,0
ISIC_5022731,0
ISIC_9038494,0
ISIC_7241253,0
ISIC_5185588,0
ISIC_7330944,0
ISIC_7945457,0
ISIC_3943135,0
ISIC_4480326,0
ISIC_7170025,0
ISIC_3852630,0
ISIC_6278944,0
ISIC_3399647,0
ISIC_8133623,0
ISIC_9451867,0
ISIC_3248418,0
ISIC_3862963,0
ISIC_8776679,0
ISIC_3837734,0
ISIC_8830166,0
ISIC_2470660,0
ISIC_0855454,0
ISIC_6603451,0
ISIC_5484742,0
ISIC_0197527,0
ISIC_4605939,0
ISIC_1344833,0
ISIC_5517500,0
ISIC_8894857,0
ISIC_4204828,0
ISIC_1320525,0
ISIC_1894633,0
ISIC_3599799,0
ISIC_1472934,0
ISIC_8541890,0
ISIC_2747022,0
ISIC_4969277,0
ISIC_2861892,0
ISIC_3364269,0
ISIC_1602614,0
ISIC_0561102,0
ISIC_0825152,0
ISIC_7902320,0
ISIC_5402488,0
ISIC_5616230,0
ISIC_0282454,0
ISIC_8472225,0
ISIC_6936754,0
ISIC_3468250,0
ISIC_0078190,0
ISIC_4325688,0
ISIC_8314749,0
ISIC_1465204,0
ISIC_2380041,0
ISIC_6347418,0
ISIC_1453805,0
ISIC_7116818,0
ISIC_0392480,0
ISIC_9147502,0
ISIC_1810342,0
ISIC_3023437,0
ISIC_5415740,0
ISIC_1741197,0
ISIC_2571626,0
ISIC_8860235,0
ISIC_8068926,0
ISIC_4807554,0
ISIC_1207350,0
ISIC_6141356,0
ISIC_3088055,0
ISIC_4419306,0
ISIC_6704813,0
ISIC_3317755,0
ISIC_5157183,0
ISIC_2564687,0
ISIC_3445231,0
ISIC_9163561,0
ISIC_3869200,0
ISIC_3665449,0
ISIC_4499650,0
ISIC_0500110,0
ISIC_6429343,0
ISIC_8561066,0
ISIC_4275458,0
ISIC_4232474,0
ISIC_8495426,0
ISIC_8812260,0
ISIC_5447057,0
ISIC_7893518,0
ISIC_7819126,0
ISIC_7193606,0
ISIC_0867027,0
ISIC_3788989,0
ISIC_6907436,0
ISIC_0909697,0
ISIC_5595298,0
ISIC_4277953,0
ISIC_0918357,0
ISIC_0761359,0
ISIC_7230569,0
ISIC_4599594,0
ISIC_1176980,0
ISIC_7716315,0
ISIC_6795963,0
ISIC_5765413,0
ISIC_1166088,0
ISIC_7890222,0
ISIC_1502836,0
ISIC_0605910,0
ISIC_3585425,0
ISIC_2597603,0
ISIC_6642031,0
ISIC_4168419,0
ISIC_0141634,0
ISIC_1970988,0
ISIC_0786326,0
ISIC_6076269,0
ISIC_8103067,0
ISIC_6999928,0
ISIC_2001379,0
ISIC_2713587,0
ISIC_9195108,0
ISIC_1536385,0
ISIC_0408084,0
ISIC_1612482,0
ISIC_7889425,0
ISIC_2590498,0
ISIC_8904796,0
ISIC_2231864,0
ISIC_0442849,0
ISIC_0314216,0
ISIC_2427256,0
ISIC_9721840,0
ISIC_1721507,0
ISIC_6177577,0
ISIC_1234193,0
ISIC_7009788,0
ISIC_0461566,0
ISIC_9084534,0
ISIC_9640662,0
ISIC_4955912,0
ISIC_9895318,0
ISIC_2501939,0
ISIC_6347753,0
ISIC_3526708,0
ISIC_3280000,0
ISIC_7045012,0
ISIC_2323653,0
ISIC_3050416,0
ISIC_6714325,0
ISIC_0628522,0
ISIC_9426065,0
ISIC_8837131,0
ISIC_8584528,0
ISIC_8027200,0
ISIC_8776361,0
ISIC_7806262,0
ISIC_6616937,0
ISIC_7710765,0
ISIC_9521117,0
ISIC_2796878,0
ISIC_8324594,0
ISIC_5200686,0
ISIC_6354001,0
ISIC_6221334,0
ISIC_5728121,0
ISIC_4465960,0
ISIC_7531562,0
ISIC_2485009,0
ISIC_9973864,0
ISIC_0319894,0
ISIC_6195604,0
ISIC_4230181,0
ISIC_6457249,0
ISIC_3103756,0
ISIC_7061593,0
ISIC_5427398,0
ISIC_6558065,0
ISIC_0657679,0
ISIC_6904950,0
ISIC_0426131,0
ISIC_8114137,0
ISIC_1594291,0
ISIC_4117748,0
ISIC_1115156,0
ISIC_9212173,0
ISIC_8362681,0
ISIC_3545744,0
ISIC_3357576,0
ISIC_7047621,0
ISIC_5604357,0
ISIC_5548095,0
ISIC_8021500,0
ISIC_9280729,0
ISIC_9255133,0
ISIC_2312468,0
ISIC_1579405,0
ISIC_8302743,0
ISIC_1028789,0
ISIC_3127974,0
ISIC_9790773,0
ISIC_6833525,0
ISIC_5107821,0
ISIC_4391227,0
ISIC_7467595,0
ISIC_4132905,0
ISIC_0512725,0
ISIC_5818083,0
ISIC_3267363,0
ISIC_8251827,0
ISIC_1121888,0
ISIC_3587674,0
ISIC_6254946,0
ISIC_8738126,0
ISIC_1099345,0
ISIC_5901264,0
ISIC_1069584,0
ISIC_6402943,0
ISIC_0835682,0
ISIC_6940173,0
ISIC_6138103,0
ISIC_4489686,0
ISIC_0497911,0
ISIC_3676018,0
ISIC_7149626,0
ISIC_3394938,0
ISIC_7592017,0
ISIC_6785657,0
ISIC_9207099,0
ISIC_5511950,0
ISIC_2090799,0
ISIC_2372269,0
ISIC_0124902,0
ISIC_5000414,0
ISIC_2525497,0
ISIC_8183159,0
ISIC_4662348,0
ISIC_5953692,0
ISIC_1635697,0
ISIC_7394783,0
ISIC_1261731,0
ISIC_7201198,0
ISIC_3905088,0
ISIC_9648773,0
ISIC_0103392,0
ISIC_2309647,0
ISIC_4013307,0
ISIC_4877797,0
ISIC_7808642,0
ISIC_6791466,0
ISIC_8558850,0
ISIC_8253705,0
ISIC_5587236,0
ISIC_5795242,0
ISIC_7401818,0
ISIC_3813726,0
ISIC_6330968,0
ISIC_7105949,0
ISIC_8206552,0
ISIC_6003134,0
ISIC_5981777,0
ISIC_2907125,0
ISIC_7523078,0
ISIC_1541840,0
ISIC_5056247,0
ISIC_0422017,0
ISIC_2305541,0
ISIC_3023055,0
ISIC_1424974,0
ISIC_0150748,0
ISIC_0373682,0
ISIC_0454029,0
ISIC_2383380,0
ISIC_3317235,0
ISIC_1182747,0
ISIC_4671582,0
ISIC_2202352,0
ISIC_9824409,0
ISIC_5509679,0
ISIC_1844015,0
ISIC_1657319,0
ISIC_0974866,0
ISIC_4833123,0
ISIC_1169219,0
ISIC_1740962,0
ISIC_1421371,0
ISIC_6401647,0
ISIC_2056374,0
ISIC_8572753,0
ISIC_8293325,0
ISIC_6415722,0
ISIC_3677029,0
ISIC_4643793,0
ISIC_4548652,0
ISIC_7066863,0
ISIC_5618408,0
ISIC_0133540,0
ISIC_0743525,0
ISIC_4696563,0
ISIC_2988685,0
ISIC_1695287,0
ISIC_4501209,0
ISIC_6717895,0
ISIC_4064478,0
ISIC_6050812,0
ISIC_5539772,0
ISIC_2445392,0
ISIC_2966991,0
ISIC_9828778,0
ISIC_0970198,0
ISIC_1894658,0
ISIC_6172037,0
ISIC_6210303,0
ISIC_2660462,0
ISIC_2979795,0
ISIC_2884112,0
ISIC_7356320,0
ISIC_7094047,0
ISIC_9363200,0
ISIC_6091899,0
ISIC_3178252,0
ISIC_7352298,0
ISIC_2670072,0
ISIC_7545691,0
ISIC_2680228,0
ISIC_3108597,0
ISIC_4825124,0
ISIC_0715696,0
ISIC_7285359,0
ISIC_9505560,0
ISIC_6076884,0
ISIC_5582910,0
ISIC_0140502,0
ISIC_5052574,0
ISIC_0987602,0
ISIC_7499217,0
ISIC_7225359,0
ISIC_8688192,0
ISIC_2659670,0
ISIC_2286443,0
ISIC_9466574,0
ISIC_3689495,0
ISIC_5983237,0
ISIC_1951948,0
ISIC_9036874,0
ISIC_8251806,0
ISIC_1476556,0
ISIC_0472123,0
ISIC_7780591,0
ISIC_0314443,0
ISIC_5488083,0
ISIC_5391275,0
ISIC_8687150,0
ISIC_8077756,0
ISIC_7317366,0
ISIC_2045644,0
ISIC_3653458,0
ISIC_5391607,0
ISIC_2597490,0
ISIC_5953122,0
ISIC_6396573,0
ISIC_7854404,0
ISIC_6986529,0
ISIC_4225348,0
ISIC_3427218,0
ISIC_5998475,0
ISIC_3396446,0
ISIC_5915244,0
ISIC_6603938,0
ISIC_4065678,0
ISIC_6328989,0
ISIC_2861132,0
ISIC_2875912,0
ISIC_4210924,0
ISIC_1578657,0
ISIC_8926243,0
ISIC_4988790,0
ISIC_0726365,0
ISIC_7476246,0
ISIC_3412801,0
ISIC_0270235,0
ISIC_6964109,0
ISIC_0141628,0
ISIC_4461272,0
ISIC_3541529,0
ISIC_6694574,0
ISIC_9144852,0
ISIC_6678623,0
ISIC_8300316,0
ISIC_3932658,0
ISIC_5146222,0
ISIC_8449467,0
ISIC_3444748,0
ISIC_4122691,0
ISIC_9096150,0
ISIC_9929697,0
ISIC_7783923,0
ISIC_3527851,0
ISIC_5762660,0
ISIC_2087724,0
ISIC_4408961,0
ISIC_9611431,0
ISIC_1400695,0
ISIC_9463016,0
ISIC_9066522,0
ISIC_1876217,0
ISIC_5987532,0
ISIC_9209794,0
ISIC_5844760,0
ISIC_5471297,0
ISIC_0393283,0
ISIC_5224517,0
ISIC_6269738,0
ISIC_4168973,0
ISIC_9602954,0
ISIC_2469656,0
ISIC_3761079,0
ISIC_4411858,0
ISIC_5482952,0
ISIC_0508777,0
ISIC_9668338,0
ISIC_4530146,0
ISIC_7799913,0
ISIC_5920681,0
ISIC_7715671,0
ISIC_9562811,0
ISIC_4775986,0
ISIC_3695748,0
ISIC_2075995,0
ISIC_6082641,0
ISIC_0090064,0
ISIC_9843982,0
ISIC_4923885,0
ISIC_1984329,0
ISIC_0934836,0
ISIC_9530114,0
ISIC_6501680,0
ISIC_3578300,0
ISIC_1483720,0
ISIC_1471044,0
ISIC_2635685,0
ISIC_3951937,0
ISIC_9793851,0
ISIC_7362032,0
ISIC_6958284,0
ISIC_7245211,0
ISIC_3522656,0
ISIC_4636597,0
ISIC_7130047,0
ISIC_5100608,0
ISIC_6759321,0
ISIC_3249814,0
ISIC_7111001,0
ISIC_5414324,0
ISIC_7149974,0
ISIC_9975373,0
ISIC_1190215,0
ISIC_9846766,0
ISIC_4191059,0
ISIC_5876031,0
ISIC_1977937,0
ISIC_8277807,0
ISIC_9166630,0
ISIC_7609238,0
ISIC_7611455,0
ISIC_3559219,0
ISIC_9724689,0
ISIC_3708844,0
ISIC_1192769,0
ISIC_0414395,0
ISIC_9887028,0
ISIC_4176718,0
ISIC_0558060,0
ISIC_2818208,0
ISIC_6666090,0
ISIC_7769284,0
ISIC_7924480,0
ISIC_4412550,0
ISIC_7554287,0
ISIC_7515286,0
ISIC_6578304,0
ISIC_2428007,0
ISIC_9455315,0
ISIC_8776516,0
ISIC_7223458,0
ISIC_6038463,0
ISIC_7545605,0
ISIC_4915612,0
ISIC_5127249,0
ISIC_9448458,0
ISIC_6529350,0
ISIC_0301115,0
ISIC_9289706,0
ISIC_0323009,0
ISIC_0286349,0
ISIC_1731824,0
ISIC_0525571,0
ISIC_9678778,0
ISIC_4382959,0
ISIC_2178775,0
ISIC_9420311,0
ISIC_3860048,0
ISIC_4005082,0
ISIC_5163263,0
ISIC_2204976,0
ISIC_5508180,0
ISIC_1413940,0
ISIC_1012044,0
ISIC_0474387,0
ISIC_7815791,0
ISIC_4767415,0
ISIC_3257887,0
ISIC_7914705,0
ISIC_2097603,0
ISIC_7486495,0
ISIC_2387536,0
ISIC_6660718,0
ISIC_2337531,0
ISIC_2558175,0
ISIC_8498489,0
ISIC_7081819,0
ISIC_1026553,0
ISIC_6393853,0
ISIC_9434021,0
ISIC_7364830,0
ISIC_7172714,0
ISIC_9842532,0
ISIC_0327070,0
ISIC_4017161,0
ISIC_4899943,0
ISIC_9008372,0
ISIC_3335354,0
ISIC_4592629,0
ISIC_4981914,0
ISIC_0447268,0
ISIC_9809482,0
ISIC_8935455,0
ISIC_2174921,0
ISIC_4839117,0
ISIC_7700643,0
ISIC_4630015,0
ISIC_3280213,0
ISIC_5752865,0
ISIC_2055804,0
ISIC_2062299,0
ISIC_1128758,0
ISIC_1127882,0
ISIC_8413072,0
ISIC_3213573,0
ISIC_2478999,0
ISIC_0471800,0
ISIC_6180331,0
ISIC_9992492,0
ISIC_3544253,0
ISIC_6430136,0
ISIC_0418242,0
ISIC_9911529,0
ISIC_3535003,0
ISIC_9856289,0
ISIC_3798662,0
ISIC_7542458,0
ISIC_8676090,0
ISIC_5461797,0
ISIC_9728499,0
ISIC_7727157,0
ISIC_2017208,0
ISIC_1486357,0
ISIC_5833213,0
ISIC_8966929,0
ISIC_0450997,0
ISIC_4249493,0
ISIC_1234126,0
ISIC_3035927,0
ISIC_3862827,0
ISIC_6054238,0
ISIC_5658925,0
ISIC_9800841,0
ISIC_2196575,0
ISIC_1910468,0
ISIC_8367725,0
ISIC_9657085,0
ISIC_5063234,0
ISIC_2619021,0
ISIC_2466293,0
ISIC_7146494,0
ISIC_4312167,0
ISIC_5003828,0
ISIC_5036772,0
ISIC_0662485,0
ISIC_5089962,0
ISIC_7305295,0
ISIC_6847612,0
ISIC_3804948,0
ISIC_3613578,0
ISIC_6592054,0
ISIC_6710809,0
ISIC_9630889,0
ISIC_8985111,0
ISIC_2339295,0
ISIC_9440222,0
ISIC_5887865,0
ISIC_0569474,0
ISIC_4688289,0
ISIC_3545006,0
ISIC_0085966,0
ISIC_3440239,0
ISIC_9381298,0
ISIC_2329065,0
ISIC_6012573,0
ISIC_2753542,0
ISIC_2556057,0
ISIC_4184681,0
ISIC_0120745,0
ISIC_2598120,0
ISIC_8516079,0
ISIC_3812301,0
ISIC_8327076,0
ISIC_1320438,0
ISIC_6246605,0
ISIC_6013467,0
ISIC_2309271,0
ISIC_4746369,0
ISIC_1822107,0
ISIC_8966203,0
ISIC_5306572,0
ISIC_5289849,0
ISIC_3426109,0
ISIC_2612284,0
ISIC_7291225,0
ISIC_0365884,0
ISIC_6752882,0
ISIC_5863574,0
ISIC_9913295,0
ISIC_6411350,0
ISIC_1365717,0
ISIC_2863863,0
ISIC_6186826,0
ISIC_9419633,0
ISIC_7286972,0
ISIC_8948128,0
ISIC_4416549,0
ISIC_7672536,0
ISIC_0176013,0
ISIC_4301676,0
ISIC_7968364,0
ISIC_7610069,0
ISIC_4171657,0
ISIC_0852832,0
ISIC_9123483,0
ISIC_4907655,0
ISIC_5281117,0
ISIC_8292824,0
ISIC_1249996,0
ISIC_8534983,0
ISIC_3835019,0
ISIC_6203356,0
ISIC_6363269,0
ISIC_8766402,0
ISIC_9233062,0
ISIC_2742711,0
ISIC_9006636,0
ISIC_1988083,0
ISIC_5839875,0
ISIC_9641059,0
ISIC_4944873,0
ISIC_4792052,0
ISIC_9831391,0
ISIC_2251057,0
ISIC_4352655,0
ISIC_2606455,0
ISIC_7161236,0
ISIC_8437793,0
ISIC_4237923,0
ISIC_2558169,0
ISIC_0758444,0
ISIC_0929180,0
ISIC_4119530,0
ISIC_9192887,0
ISIC_6931629,0
ISIC_6550602,0
ISIC_4462992,0
ISIC_5901669,0
ISIC_8204363,0
ISIC_2209492,0
ISIC_8309986,0
ISIC_9855822,0
ISIC_3093609,0
ISIC_2516474,0
ISIC_5356475,0
ISIC_2664924,0
ISIC_9868120,0
ISIC_5619562,0
ISIC_3544463,0
ISIC_8864678,0
ISIC_4891117,0
ISIC_7778028,0
ISIC_5944573,0
ISIC_8294755,0
ISIC_1103028,0
ISIC_3530639,0
ISIC_5573077,0
ISIC_5418441,0
ISIC_1271507,0
ISIC_1110743,0
ISIC_0404417,0
ISIC_9323485,0
ISIC_7749755,0
ISIC_8233495,0
ISIC_4788827,0
ISIC_9432086,0
ISIC_3593749,0
ISIC_4733114,0
ISIC_8423180,0
ISIC_7423595,0
ISIC_1675423,0
ISIC_5273210,0
ISIC_6193654,0
ISIC_2102112,0
ISIC_3635831,0
ISIC_9566132,0
ISIC_8225781,0
ISIC_4832326,0
ISIC_0077281,0
ISIC_2031017,0
ISIC_9308533,0
ISIC_2743472,0
ISIC_9446964,0
ISIC_7948490,0
ISIC_0953948,0
ISIC_7003002,0
ISIC_5292024,0
ISIC_3540915,0
ISIC_9903841,0
ISIC_1168111,0
ISIC_4880344,0
ISIC_5082179,0
ISIC_8543265,0
ISIC_9485124,0
ISIC_9990467,0
ISIC_6719617,0
ISIC_0722605,0
ISIC_5801650,0
ISIC_0308880,0
ISIC_9317339,0
ISIC_2308270,0
ISIC_7236534,0
ISIC_4034402,0
ISIC_2425757,0
ISIC_9908856,0
ISIC_8493254,0
ISIC_1968416,0
ISIC_3326731,0
ISIC_3868752,0
ISIC_4647281,0
ISIC_5395518,0
ISIC_8617353,0
ISIC_9579567,0
ISIC_5332092,0
ISIC_6594675,0
ISIC_1427295,0
ISIC_4815107,0
ISIC_4302657,0
ISIC_0644869,0
ISIC_9139176,0
ISIC_7913874,0
ISIC_9662611,0
ISIC_4530856,0
ISIC_3782632,0
ISIC_4357079,0
ISIC_1235469,0
ISIC_3339484,0
ISIC_1233339,0
ISIC_0890863,0
ISIC_7232860,0
ISIC_8961497,0
ISIC_6570532,0
ISIC_6247834,0
ISIC_3658337,0
ISIC_2340958,0
ISIC_0151466,0
ISIC_4025784,0
ISIC_6854351,0
ISIC_1525010,0
ISIC_1689236,0
ISIC_8018117,0
ISIC_0210094,0
ISIC_2231836,0
ISIC_0976116,0
ISIC_8167435,0
ISIC_5357035,0
ISIC_7841432,0
ISIC_8306915,0
ISIC_7156304,0
ISIC_4094685,0
ISIC_3994385,0
ISIC_0656025,0
ISIC_2000766,0
ISIC_4578182,0
ISIC_2461072,0
ISIC_6900170,0
ISIC_9869190,0
ISIC_6737962,0
ISIC_7280849,0
ISIC_9407484,0
ISIC_8868249,0
ISIC_4352505,0
ISIC_2826181,0
ISIC_4529513,0
ISIC_8278782,0
ISIC_2368188,0
ISIC_4746643,0
ISIC_0893405,0
ISIC_6656398,0
ISIC_1091442,0
ISIC_1438169,0
ISIC_9142529,0
ISIC_6378347,0
ISIC_8798134,0
ISIC_9682141,0
ISIC_3901294,0
ISIC_9299131,0
ISIC_6996365,0
ISIC_1445607,0
ISIC_1764844,0
ISIC_1004025,0
ISIC_7759222,0
ISIC_1389226,0
ISIC_3957383,0
ISIC_3046271,0
ISIC_6031056,0
ISIC_7713609,0
ISIC_9029938,0
ISIC_6410570,0
ISIC_5745207,0
ISIC_7876588,0
ISIC_9767305,0
ISIC_6094288,0
ISIC_0532254,0
ISIC_4261366,0
ISIC_0267339,0
ISIC_2806073,0
ISIC_3276282,0
ISIC_7563950,0
ISIC_9649666,0
ISIC_6291375,0
ISIC_9112039,0
ISIC_8293155,0
ISIC_8870711,0
ISIC_6850912,0
ISIC_0123308,0
ISIC_1181619,0
ISIC_0254967,0
ISIC_3476246,0
ISIC_7810406,0
ISIC_4152922,0
ISIC_6335341,0
ISIC_7473000,0
ISIC_2831520,0
ISIC_6288607,0
ISIC_5862923,0
ISIC_6606939,0
ISIC_8937402,0
ISIC_3575256,0
ISIC_8758773,0
ISIC_6321476,0
ISIC_4183475,0
ISIC_0269622,0
ISIC_3440067,0
ISIC_5806711,0
ISIC_3617996,0
ISIC_4777247,0
ISIC_0213289,0
ISIC_7883488,0
ISIC_3664224,0
ISIC_5458588,0
ISIC_8724412,0
ISIC_9404249,0
ISIC_3404294,0
ISIC_1056436,0
ISIC_8446478,0
ISIC_8589329,0
ISIC_8444175,0
ISIC_8278036,0
ISIC_2958480,0
ISIC_9359119,0
ISIC_8747214,0
ISIC_6617546,0
ISIC_3910283,0
ISIC_6754779,0
ISIC_8187734,0
ISIC_3428463,0
ISIC_5255416,0
ISIC_0256938,0
ISIC_8823228,0
ISIC_5699993,0
ISIC_4622147,0
ISIC_3137117,0
ISIC_8571894,0
ISIC_3729715,0
ISIC_8271370,0
ISIC_2177103,0
ISIC_7564517,0
ISIC_3201541,0
ISIC_2667302,0
ISIC_7963944,0
ISIC_7000719,0
ISIC_6708523,0
ISIC_7724517,0
ISIC_9112608,0
ISIC_7513346,0
ISIC_7983228,0
ISIC_5709512,0
ISIC_6207450,0
ISIC_9020089,0
ISIC_6262553,0
ISIC_3047459,0
ISIC_7084754,0
ISIC_1658397,0
ISIC_6160027,0
ISIC_4868339,0
ISIC_3920557,0
ISIC_9596928,0
ISIC_2559064,0
ISIC_9679163,0
ISIC_0887416,0
ISIC_9036239,0
ISIC_3738966,0
ISIC_7808341,0
ISIC_8642438,0
ISIC_3352464,0
ISIC_6133338,0
ISIC_7899387,0
ISIC_2088656,0
ISIC_2327788,0
ISIC_9573406,0
ISIC_1464567,0
ISIC_6088615,1
ISIC_4458593,1
ISIC_3397948,0
ISIC_9413831,1
ISIC_5954593,0
ISIC_7262547,0
ISIC_8384098,2
ISIC_5608281,0
ISIC_7986462,0
ISIC_3191609,1
ISIC_0407770,0
ISIC_3740523,1
ISIC_5700648,0
ISIC_8434118,0
ISIC_5312996,0
ISIC_9154271,0
ISIC_6537724,0
ISIC_4665992,0
ISIC_5423259,0
ISIC_2665399,2
ISIC_8028606,0
ISIC_7621123,0
ISIC_9464639,0
ISIC_0220083,0
ISIC_3527721,0
ISIC_6249262,0
ISIC_0159191,0
ISIC_4893375,0
ISIC_7325772,0
ISIC_4673058,0
ISIC_7443971,0
ISIC_7211977,0
ISIC_4440233,0
ISIC_5765688,0
