isic_id,umap_x,umap_y
ISIC_0000002,7.5608,14.745655
ISIC_0000004,7.822591,10.954755
ISIC_0000013,8.727851,14.313213
ISIC_0000022,4.572985,14.667783
ISIC_0000026,7.099269,14.957529
ISIC_0000029,7.6865244,13.912852
ISIC_0000030,3.2828817,12.187316
ISIC_0000031,5.0738797,12.430379
ISIC_0000035,6.9980526,13.620757
ISIC_0000036,5.927584,14.489038
ISIC_0000040,4.155707,13.516779
ISIC_0000046,6.9892974,14.6959
ISIC_0000054,7.796372,15.118757
ISIC_0000056,8.376492,15.643949
ISIC_0000070,2.3252704,13.74414
ISIC_0000076,7.645101,11.023689
ISIC_0000077,5.632049,13.883901
ISIC_0000078,3.987115,14.550773
ISIC_0000139,7.328156,13.436295
ISIC_0000140,4.6367335,14.61754
ISIC_0000141,8.091808,14.590359
ISIC_0000142,7.7735066,11.940728
ISIC_0000143,5.283142,13.771042
ISIC_0000144,7.702026,11.008708
ISIC_0000145,4.314089,13.141008
ISIC_0000146,7.4023056,10.965987
ISIC_0000147,7.956377,10.886798
ISIC_0000148,4.86142,15.193933
ISIC_0000149,4.0309157,12.661688
ISIC_0000150,3.4988227,12.308898
ISIC_0000151,1.7497716,12.999025
ISIC_0000152,3.9978306,12.552811
ISIC_0000153,7.483944,14.27706
ISIC_0000154,2.3762357,12.491937
ISIC_0000156,4.0354204,12.421457
ISIC_0000157,6.0348196,16.268126
ISIC_0000158,5.295006,13.022881
ISIC_0000159,4.50832,12.402343
ISIC_0000163,3.0584111,13.276462
ISIC_0000165,4.038146,12.918175
ISIC_0000168,7.553261,15.970347
ISIC_0000169,7.235361,14.38295
ISIC_0000170,4.113959,15.879349
ISIC_0000172,7.9708347,14.760343
ISIC_0000175,7.1911063,13.4935255
ISIC_0000176,4.1797476,13.0360775
ISIC_0000276,7.322532,11.23078
ISIC_0000277,5.219765,14.649106
ISIC_0000278,6.542102,12.90599
ISIC_0000281,4.4846015,13.894976
ISIC_0000282,5.987343,10.623327
ISIC_0000283,4.3862715,14.169502
ISIC_0000287,2.9436383,13.065408
ISIC_0000290,8.258513,11.623311
ISIC_0000291,3.9096308,12.833432
ISIC_0000292,5.9689307,12.937062
ISIC_0000294,5.829886,14.062817
ISIC_0000296,5.703048,12.979026
ISIC_0000305,7.7309546,14.111827
ISIC_0000390,7.9089503,12.308659
ISIC_0000393,6.608232,16.226465
ISIC_0000394,6.678175,14.645787
ISIC_0000395,3.7353683,12.783207
ISIC_0000398,8.122369,15.702023
ISIC_0000399,7.052369,14.948132
ISIC_0000400,6.6571555,15.947742
ISIC_0000401,7.5189705,13.184482
ISIC_0000402,6.5002275,16.355185
ISIC_0000404,8.411599,15.059577
ISIC_0000405,6.151631,12.207736
ISIC_0000406,6.899625,14.976578
ISIC_0000410,4.9565988,14.580733
ISIC_0000411,6.7009854,12.480011
ISIC_0000412,5.1873317,13.662498
ISIC_0000413,6.977768,14.915791
ISIC_0000414,5.7538896,13.103816
ISIC_0000415,7.33744,14.328699
ISIC_0000417,8.023247,14.092839
ISIC_0000420,3.5946286,13.8471985
ISIC_0000428,7.438724,15.329159
ISIC_0000429,8.159835,10.863682
ISIC_0000432,6.819291,15.18242
ISIC_0000434,3.644337,12.951641
ISIC_0000438,6.6610456,15.0483465
ISIC_0000440,6.237422,12.478021
ISIC_0000441,5.797007,14.336878
ISIC_0000444,5.0285378,12.9886055
ISIC_0000445,2.354688,13.118362
ISIC_0000446,5.8697386,13.238717
ISIC_0000450,7.9058137,15.193582
ISIC_0000459,5.792198,14.1070175
ISIC_0000462,6.605177,15.036776
ISIC_0000463,4.64627,16.367302
ISIC_0000466,8.452014,15.122787
ISIC_0000469,7.9101524,14.826242
ISIC_0000482,8.611455,14.973916
ISIC_0000484,7.183386,15.132081
ISIC_0000487,7.559399,14.535903
ISIC_0000502,5.678448,14.944122
ISIC_0000511,8.11194,15.543853
ISIC_0000513,8.350178,15.003588
ISIC_0000516,3.3168197,12.188466
ISIC_0000517,7.193341,14.9186945
ISIC_0000518,5.376854,16.493204
ISIC_0000519,7.663701,15.120461
ISIC_0000520,5.680859,13.049635
ISIC_0000521,4.488801,12.416752
ISIC_0000522,4.9764256,14.228487
ISIC_0000531,4.063322,13.383512
ISIC_0000533,4.7941637,13.411261
ISIC_0000547,7.280796,15.133677
ISIC_0000548,6.221847,13.437703
ISIC_0000549,6.757967,14.1343775
ISIC_0000551,7.7836246,15.654432
ISIC_0000552,8.436191,15.001964
ISIC_0000553,6.503883,14.117681
ISIC_0000554,6.4304757,14.450001
ISIC_0000555,2.9475157,14.11354
ISIC_0001100,2.8161242,12.868784
ISIC_0001101,6.266534,14.732606
ISIC_0001102,4.8491197,12.462105
ISIC_0001103,3.9665742,13.838368
ISIC_0001105,1.9397781,13.622773
ISIC_0001106,4.3985014,14.803016
ISIC_0001108,8.919364,12.666077
ISIC_0001110,5.8739405,16.670969
ISIC_0001116,6.5043373,14.975919
ISIC_0001118,8.498351,15.008643
ISIC_0001119,1.8057995,14.500218
ISIC_0001121,2.7592769,12.333383
ISIC_0001124,7.0616193,14.922658
ISIC_0001125,8.014965,10.885969
ISIC_0001126,2.8155499,14.562947
ISIC_0001127,8.063822,14.450389
ISIC_0001128,2.3957698,13.7662735
ISIC_0001131,3.9385238,15.981976
ISIC_0001132,5.52811,11.643084
ISIC_0001133,7.7206054,11.4332485
ISIC_0001134,2.1468031,12.763016
ISIC_0001135,7.1953516,13.503753
ISIC_0001137,6.0273304,16.336033
ISIC_0001138,6.4944787,12.735457
ISIC_0001140,3.8864582,12.203794
ISIC_0001141,6.205431,15.343083
ISIC_0001142,5.0307093,12.407444
ISIC_0001143,7.0828977,14.82946
ISIC_0001148,7.927302,15.136261
ISIC_0001151,5.049123,14.3476515
ISIC_0001152,6.6907506,11.415079
ISIC_0001154,7.466732,12.521524
ISIC_0001157,5.126893,12.572827
ISIC_0009868,4.4003444,13.145831
ISIC_0009882,8.466141,15.134134
ISIC_0009890,7.1049843,14.891145
ISIC_0009898,4.3043494,13.288412
ISIC_0009905,2.1755564,13.107972
ISIC_0009913,6.5162888,16.206596
ISIC_0009916,7.1988473,12.942952
ISIC_0009918,6.9980793,11.206293
ISIC_0009924,6.129804,13.544204
ISIC_0009927,2.3969731,12.973696
ISIC_0009934,8.158237,13.152765
ISIC_0009950,2.09713,13.601191
ISIC_0009955,1.9925258,13.299414
ISIC_0009960,2.2927146,12.543574
ISIC_0009971,4.0377436,14.429503
ISIC_0009993,7.20814,15.769348
ISIC_0010000,5.6005545,13.198545
ISIC_0010007,7.203664,13.183694
ISIC_0010011,2.5531926,13.571869
ISIC_0010016,2.3010378,12.905141
ISIC_0010023,3.8328204,12.230393
ISIC_0010024,5.0533385,13.248933
ISIC_0010029,4.18746,13.1895275
ISIC_0010034,4.387548,12.501599
ISIC_0010036,8.204416,15.017714
ISIC_0010039,5.304388,13.772402
ISIC_0010049,6.1642685,13.673283
ISIC_0010050,6.228616,12.96278
ISIC_0010054,5.62726,15.894139
ISIC_0010056,7.5471997,13.340585
ISIC_0010067,5.247434,13.731482
ISIC_0010080,4.632061,12.973274
ISIC_0010081,7.102582,12.573169
ISIC_0010089,2.5836384,13.429026
ISIC_0010094,3.3483763,12.584308
ISIC_0010106,6.488453,15.739836
ISIC_0010119,2.3246694,12.382647
ISIC_0010120,8.527595,12.304774
ISIC_0010131,6.654218,11.535329
ISIC_0010137,1.9660244,14.117754
ISIC_0010140,8.475403,13.900165
ISIC_0010145,4.8675957,14.958573
ISIC_0010148,7.8955226,15.413555
ISIC_0010162,7.49099,12.701851
ISIC_0010164,6.26532,12.747966
ISIC_0010165,7.2727146,14.249726
ISIC_0010171,4.488068,16.326864
ISIC_0010174,2.427221,14.553042
ISIC_0010189,7.096385,13.491913
ISIC_0010194,7.2984233,15.21921
ISIC_0010207,6.7785773,12.173054
ISIC_0010208,5.5499015,12.710181
ISIC_0010210,4.6981487,16.139593
ISIC_0010225,4.23096,14.722259
ISIC_0010231,6.4124756,14.688537
ISIC_0010235,8.491008,14.629506
ISIC_0010240,5.6863914,14.407576
ISIC_0010241,4.9329324,14.947492
ISIC_0010245,6.677698,11.4095745
ISIC_0010251,3.4235682,14.268482
ISIC_0010265,5.9227405,14.785802
ISIC_0010271,6.291358,14.597783
ISIC_0010280,3.9334812,14.53088
ISIC_0010283,3.0341332,12.201983
ISIC_0010288,4.4806304,16.369797
ISIC_0010295,8.202455,13.210974
ISIC_0010299,3.4342585,14.579123
ISIC_0010313,2.78346,13.285536
ISIC_0010319,2.3657775,14.125457
ISIC_0010321,5.937164,14.164702
ISIC_0010322,7.641844,12.465114
ISIC_0010350,4.6751943,13.814928
ISIC_0010358,3.6015418,14.65446
ISIC_0010360,2.6542404,13.625988
ISIC_0010364,2.8026774,13.827072
ISIC_0010366,5.993239,14.239705
ISIC_0010369,6.807402,14.054916
ISIC_0010372,5.060317,12.946862
ISIC_0010380,3.050204,14.734504
ISIC_0010392,7.9266963,13.697424
ISIC_0010393,6.069898,13.229956
ISIC_0010394,5.2045646,13.166683
ISIC_0010396,7.8277364,15.491144
ISIC_0010397,4.192654,14.707636
ISIC_0010398,4.6959662,12.596153
ISIC_0010400,7.402506,12.8357525
ISIC_0010401,8.0901,13.96511
ISIC_0010402,5.588651,14.695868
ISIC_0010407,7.3057837,15.233972
ISIC_0010410,4.098609,12.335273
ISIC_0010413,7.9002223,13.110776
ISIC_0010415,6.4160895,14.880345
ISIC_0010417,7.8262014,15.565429
ISIC_0010426,5.2468514,13.447682
ISIC_0010432,7.5042686,13.2825
ISIC_0010441,2.2727332,14.092895
ISIC_0010466,3.9931974,14.630326
ISIC_0010468,6.658985,15.138288
ISIC_0010469,7.6642284,15.513613
ISIC_0010470,5.0871205,11.965455
ISIC_0010476,3.729269,13.310147
ISIC_0010482,7.04137,12.898171
ISIC_0010486,6.9317856,15.644781
ISIC_0010495,5.382311,13.069547
ISIC_0010514,4.20645,14.26198
ISIC_0010527,5.06117,13.143958
ISIC_0010532,4.029961,12.876397
ISIC_0010543,4.446399,12.466869
ISIC_0010550,8.136344,14.27194
ISIC_0010551,6.2292423,12.971875
ISIC_0010555,4.398967,14.638611
ISIC_0010559,7.8057346,10.205384
ISIC_0010564,7.938134,13.757975
ISIC_0010576,4.1516137,12.351065
ISIC_0010579,6.7497983,13.31002
ISIC_0010583,7.353621,15.281448
ISIC_0010587,4.0125475,14.462733
ISIC_0010591,5.2814765,13.199821
ISIC_0010596,6.4780416,16.1815
ISIC_0010597,7.46683,13.121725
ISIC_0010608,5.9176946,16.051762
ISIC_0010609,3.0141277,13.817555
ISIC_0010611,4.127489,13.080644
ISIC_0010631,8.8292885,14.986589
ISIC_0010644,3.680619,13.924136
ISIC_0010648,3.9377003,13.73782
ISIC_0010653,3.628009,12.304828
ISIC_0010655,6.7541595,12.192199
ISIC_0010707,4.080125,12.699613
ISIC_0010714,8.386009,12.98083
ISIC_0010723,7.2601213,15.723116
ISIC_0010728,6.8313003,15.053522
ISIC_0010729,5.8175488,13.0629835
ISIC_0010741,4.7195854,12.860575
ISIC_0010749,4.8603296,13.792539
ISIC_0010750,6.8063507,14.681773
ISIC_0010757,2.8141265,13.241294
ISIC_0010759,8.277512,14.195001
ISIC_0010764,6.105,14.368228
ISIC_0010765,4.4755898,12.78224
ISIC_0010766,2.3454404,12.328567
ISIC_0010770,2.6792302,12.239808
ISIC_0010772,2.4996397,14.644417
ISIC_0010777,1.8511307,13.901761
ISIC_0010782,5.7604704,14.236441
ISIC_0010784,6.225459,15.210066
ISIC_0010785,5.7632513,14.249233
ISIC_0010789,5.687259,16.14046
ISIC_0010790,6.406526,12.734637
ISIC_0010791,4.988249,13.940258
ISIC_0010792,6.7083564,12.742876
ISIC_0010803,2.89142,13.681856
ISIC_0010808,4.5008793,15.12758
ISIC_0010809,6.3669996,13.0755825
ISIC_0010810,7.263086,11.354811
ISIC_0010834,2.431338,12.943384
ISIC_0010852,2.8626013,13.411644
ISIC_0010860,1.9257686,13.506982
ISIC_0010862,4.24999,14.691793
ISIC_0010863,8.048869,14.574682
ISIC_0010866,7.818406,15.293775
ISIC_0010872,7.6142793,15.12839
ISIC_0010876,4.7604036,13.832679
ISIC_0010878,6.172482,14.806474
ISIC_0010883,4.3534417,14.633331
ISIC_0010890,7.0999227,12.439012
ISIC_0010898,2.7081375,12.667953
ISIC_0010900,2.7573576,14.460553
ISIC_0010912,5.8494124,15.234656
ISIC_0010917,7.4820514,15.501907
ISIC_0010923,3.8056288,13.497139
ISIC_0010938,6.6469417,14.654517
ISIC_0010942,7.658757,10.970239
ISIC_0010965,8.453621,14.168745
ISIC_0010971,6.837761,15.539606
ISIC_0010977,4.46825,13.814017
ISIC_0010978,3.7402334,13.05687
ISIC_0010979,6.7975373,13.6667
ISIC_0010982,7.359945,12.461786
ISIC_0010993,6.3048735,12.829329
ISIC_0010995,3.9895012,12.030875
ISIC_0011007,8.267421,11.970597
ISIC_0011012,2.9072347,14.174361
ISIC_0011030,4.7249374,15.290806
ISIC_0011031,6.1697874,16.328611
ISIC_0011039,7.6822715,14.99582
ISIC_0011040,3.551437,14.318023
ISIC_0011042,6.6718063,12.698267
ISIC_0011043,4.4442463,12.013615
ISIC_0011045,6.8082924,15.136842
ISIC_0011052,6.8714967,13.8603115
ISIC_0011057,2.0502634,12.863455
ISIC_0011077,5.714332,12.530625
ISIC_0011099,1.8578805,13.40707
ISIC_0011118,3.2696483,12.887423
ISIC_0011122,7.243062,15.436199
ISIC_0011128,6.806363,12.701257
ISIC_0011130,6.9646487,15.855736
ISIC_0011132,4.8390307,15.167945
ISIC_0011135,2.0153189,13.171519
ISIC_0011136,5.4662943,13.101149
ISIC_0011137,6.747583,14.91196
ISIC_0011138,6.9815083,13.374883
ISIC_0011139,6.2681813,13.569987
ISIC_0011140,1.9361591,12.975991
ISIC_0011151,6.9636183,14.417653
ISIC_0011158,6.1715145,14.639551
ISIC_0011161,4.633511,12.490394
ISIC_0011163,2.1709313,12.975021
ISIC_0011166,6.0486517,12.99055
ISIC_0011169,1.7605596,14.214342
ISIC_0011176,3.430895,12.5156145
ISIC_0011178,7.4313364,12.712283
ISIC_0011181,7.201135,13.1569395
ISIC_0011187,4.5566254,12.554503
ISIC_0011193,4.38342,14.532961
ISIC_0011196,5.927482,13.895928
ISIC_0011209,5.210299,16.24377
ISIC_0011238,3.3215907,14.173375
ISIC_0011239,6.515987,13.220449
ISIC_0011247,7.8131413,14.956345
ISIC_0011256,2.376789,13.876525
ISIC_0011264,6.7604814,12.382707
ISIC_0011267,4.3745,14.321128
ISIC_0011268,8.367438,12.850078
ISIC_0011269,2.9007905,12.759696
ISIC_0011273,6.6478558,14.832475
ISIC_0011305,4.157432,12.711915
ISIC_0011315,6.8559284,15.818334
ISIC_0011337,6.8101344,15.753415
ISIC_0011348,8.205886,14.397664
ISIC_0011350,8.377345,14.463367
ISIC_0011356,8.485995,13.690043
ISIC_0011366,4.427558,12.444144
ISIC_0011370,6.776935,14.719381
ISIC_0011374,8.438854,14.170169
ISIC_0011375,7.6604886,13.078674
ISIC_0011381,9.03075,13.135394
ISIC_0011387,8.357921,15.202683
ISIC_0011388,5.8101344,12.242766
ISIC_0011390,7.452723,15.78366
ISIC_0011391,7.8564434,10.309083
ISIC_0011399,6.6511545,15.936148
ISIC_0011404,6.141534,16.744856
ISIC_0011405,4.354367,16.48148
ISIC_0011428,5.569859,16.544313
ISIC_0011429,8.7993555,13.351782
ISIC_0011430,8.751612,13.484905
ISIC_0011434,8.7646885,14.467135
ISIC_0011435,8.792627,14.5759325
ISIC_0011437,4.6649013,13.962722
ISIC_0011438,8.345404,14.468274
ISIC_0011439,8.3003025,14.584594
ISIC_0011458,5.437916,15.738164
ISIC_0011460,7.028338,14.810632
ISIC_0011463,7.8043528,13.960217
ISIC_0011471,5.535786,16.488394
ISIC_0011474,4.5907297,12.832414
ISIC_0011480,7.6062202,15.79842
ISIC_0011481,1.7393428,14.2882
ISIC_0011482,4.823109,16.318542
ISIC_0011483,8.094693,14.194113
ISIC_0011484,7.8403535,14.16105
ISIC_0011485,5.8163934,16.680357
ISIC_0011486,4.974058,16.498978
ISIC_0011487,5.8102393,16.689905
ISIC_0011488,7.3178973,15.083695
ISIC_0011489,5.4670343,16.538136
ISIC_0011490,6.453265,14.550833
ISIC_0011491,8.133157,13.8564
ISIC_0011492,4.550322,12.490742
ISIC_0011493,7.546786,16.127872
ISIC_0011494,5.6699333,16.65812
ISIC_0011501,6.168314,16.558868
ISIC_0011503,8.436878,14.203386
ISIC_0011504,5.4188123,16.357738
ISIC_0011505,8.597638,14.981833
ISIC_0011506,8.558685,14.881077
ISIC_0011507,8.779864,14.364759
ISIC_0011508,8.850731,14.392772
ISIC_0011511,7.6606593,13.8603
ISIC_0011514,7.268101,14.587158
ISIC_0011515,6.5119815,16.520445
ISIC_0011516,6.6459885,16.470095
ISIC_0011517,6.1421766,16.33905
ISIC_0011518,6.242515,16.31274
ISIC_0011519,6.3624578,16.347763
ISIC_0011520,7.834086,13.561701
ISIC_0011526,6.1434245,16.22904
ISIC_0011527,6.7789783,11.80652
ISIC_0011528,6.774922,11.824067
ISIC_0011529,6.7971907,11.800996
ISIC_0011530,6.8053894,11.842392
ISIC_0011531,6.7795286,11.841806
ISIC_0011534,7.4188914,15.994691
ISIC_0011537,8.279399,13.977096
ISIC_0011560,6.2891583,15.096395
ISIC_0011566,6.301013,16.70018
ISIC_0011579,5.5478754,16.476244
ISIC_0011589,5.1842637,14.978629
ISIC_0011590,5.3366594,14.935776
ISIC_0011591,5.1135316,14.781303
ISIC_0011594,8.280903,13.824474
ISIC_0011610,6.618585,11.341686
ISIC_0011613,8.568335,14.134627
ISIC_0011614,8.412223,13.863033
ISIC_0011615,8.555607,14.104309
ISIC_0011616,8.483618,14.045587
ISIC_0011618,7.908373,11.625843
ISIC_0011628,7.174553,12.514914
ISIC_0011649,4.8396487,16.625225
ISIC_0011659,6.558246,16.695568
ISIC_0011684,3.959292,12.829918
ISIC_0011691,6.3007774,16.39323
ISIC_0011692,8.534013,14.364607
ISIC_0011693,8.5893135,14.342692
ISIC_0011694,8.837716,14.492136
ISIC_0011695,8.482355,14.304933
ISIC_0011696,8.640229,14.233341
ISIC_0011697,8.565389,14.329579
ISIC_0011698,8.665284,14.099364
ISIC_0011699,8.567789,14.264453
ISIC_0011700,8.787636,14.402141
ISIC_0011701,8.541561,14.30564
ISIC_0011702,8.813303,14.489826
ISIC_0011703,8.852058,14.464561
ISIC_0011704,8.600887,14.2943
ISIC_0011709,8.209858,14.376811
ISIC_0011710,8.261749,14.345069
ISIC_0011728,7.894891,15.4595785
ISIC_0011729,6.0567274,16.266586
ISIC_0011736,7.0690045,12.845402
ISIC_0011743,7.643959,15.196978
ISIC_0011744,7.641509,15.395189
ISIC_0011758,5.912536,16.940628
ISIC_0011759,5.929654,16.986553
ISIC_0011764,5.937359,15.586778
ISIC_0011770,4.927332,16.328104
ISIC_0011771,4.970103,16.312078
ISIC_0011772,4.1444244,15.922896
ISIC_0011773,5.610713,16.52319
ISIC_0011774,5.5140104,16.561499
ISIC_0011778,7.21435,12.472275
ISIC_0011780,6.3414974,13.928198
ISIC_0011782,8.392275,14.729081
ISIC_0011794,7.373119,15.780134
ISIC_0011797,8.595286,14.445878
ISIC_0011798,8.634215,14.535549
ISIC_0011799,8.512972,14.472413
ISIC_0011801,5.1002254,15.027984
ISIC_0011802,5.057918,15.035075
ISIC_0011807,5.788745,16.933449
ISIC_0011808,5.8273535,16.98177
ISIC_0011811,6.3361773,16.125618
ISIC_0011812,6.440894,16.029203
ISIC_0011845,5.928208,16.951416
ISIC_0011846,5.93703,16.98658
ISIC_0011857,7.604845,14.574512
ISIC_0011858,7.576974,14.486556
ISIC_0011870,6.5670147,14.927935
ISIC_0011872,9.081727,14.596055
ISIC_0011873,9.067107,14.554008
ISIC_0011874,9.088445,14.598982
ISIC_0011875,9.085183,14.585167
ISIC_0011876,9.093675,14.592811
ISIC_0011877,9.158089,14.568823
ISIC_0011878,9.18643,14.577169
ISIC_0011879,9.122635,14.560511
ISIC_0011892,8.802587,14.269372
ISIC_0011895,5.233766,16.027023
ISIC_0011898,6.644703,13.815637
ISIC_0011904,8.186683,14.457795
ISIC_0011921,5.3287992,16.571554
ISIC_0011922,5.390222,16.603022
ISIC_0011923,2.0916657,14.153417
ISIC_0011930,7.808965,14.014221
ISIC_0011931,7.7484145,14.356201
ISIC_0011933,7.6272492,14.538602
ISIC_0011943,4.2615247,12.589241
ISIC_0011944,4.4600043,12.577394
ISIC_0011947,5.3550205,16.562992
ISIC_0011948,5.5333986,16.584038
ISIC_0011949,5.5855722,16.487213
ISIC_0011950,5.43405,16.479822
ISIC_0011951,5.4787564,16.470905
ISIC_0011957,7.624789,13.681666
ISIC_0011958,8.107657,14.665597
ISIC_0011975,7.5754423,13.819167
ISIC_0011987,6.1333923,16.779362
ISIC_0011996,5.109476,12.488752
ISIC_0011998,6.1682053,16.509037
ISIC_0012000,6.810977,14.617088
ISIC_0012044,7.228298,14.835555
ISIC_0012047,8.104537,14.825528
ISIC_0012048,6.0041385,15.580351
ISIC_0012049,8.439146,11.974627
ISIC_0012060,5.840997,16.74562
ISIC_0012063,7.9930525,14.166837
ISIC_0012066,7.897281,14.253357
ISIC_0012069,7.8811755,14.211196
ISIC_0012081,8.55486,14.365313
ISIC_0012082,5.0308166,16.30074
ISIC_0012083,7.589325,12.350885
ISIC_0012099,3.018013,13.527531
ISIC_0012112,2.6673012,14.185879
ISIC_0012137,4.215295,13.827457
ISIC_0012151,4.731054,15.281744
ISIC_0012208,2.9670146,13.7242365
ISIC_0012258,3.7622015,12.9791
ISIC_0012270,2.145701,13.089798
ISIC_0012288,1.8926542,14.176612
ISIC_0012290,4.9665723,12.554453
ISIC_0012298,2.645835,11.7362
ISIC_0012321,5.520549,15.17864
ISIC_0012348,2.535702,12.311379
ISIC_0012356,4.951629,12.887643
ISIC_0012369,3.7628388,13.2426195
ISIC_0012382,1.7574288,13.95854
ISIC_0012391,4.862603,14.209249
ISIC_0012418,5.0612965,14.721185
ISIC_0012425,2.2134163,12.892624
ISIC_0012434,2.5418348,12.974709
ISIC_0012435,4.607216,15.108929
ISIC_0012450,1.7161595,13.96261
ISIC_0012471,5.342919,15.037617
ISIC_0012472,7.094667,10.895922
ISIC_0012512,5.834077,16.145964
ISIC_0012571,5.1960616,12.997445
ISIC_0012574,3.8198724,14.662785
ISIC_0012577,4.190045,12.294742
ISIC_0012580,4.3182287,12.577324
ISIC_0012592,3.9081137,13.466971
ISIC_0012595,7.184009,12.602345
ISIC_0012610,5.219507,13.2346115
ISIC_0012633,4.3657556,12.418264
ISIC_0012678,7.393111,12.768316
ISIC_0012701,4.45738,13.453954
ISIC_0012756,5.0937366,14.004168
ISIC_0012758,3.3019142,13.844096
ISIC_0012843,2.6650815,14.150854
ISIC_0012887,2.4394019,14.293017
ISIC_0012930,5.5076456,15.065603
ISIC_0012988,2.6568267,13.94299
ISIC_0012989,2.4650211,14.275944
ISIC_0012990,2.57327,14.101754
ISIC_0013072,5.7124553,14.894004
ISIC_0013073,5.834007,15.411726
ISIC_0013079,5.816126,15.019936
ISIC_0013141,3.8636594,15.995871
ISIC_0013184,5.0910916,14.071246
ISIC_0013198,5.5457873,14.688101
ISIC_0013232,5.9102845,15.499339
ISIC_0013242,5.328367,14.752491
ISIC_0013258,4.612953,16.447918
ISIC_0013277,2.1531181,14.650693
ISIC_0013321,6.094306,10.7401285
ISIC_0013334,7.7544,10.565905
ISIC_0013359,6.577381,15.300418
ISIC_0013365,4.784931,14.199305
ISIC_0013374,7.7922773,14.268397
ISIC_0013411,7.534742,13.201376
ISIC_0013427,7.656399,15.503831
ISIC_0013429,2.3349798,14.082329
ISIC_0013444,2.138676,13.094016
ISIC_0013455,6.073828,14.517657
ISIC_0013457,3.247503,12.650858
ISIC_0013459,4.8273273,12.3232
ISIC_0013460,2.185257,13.06541
ISIC_0013472,3.4973874,13.450918
ISIC_0013473,7.313696,14.560432
ISIC_0013490,2.632743,14.160467
ISIC_0013491,3.323281,13.617346
ISIC_0013497,6.176608,13.683082
ISIC_0013499,4.7941475,14.126745
ISIC_0013500,2.9246988,14.294994
ISIC_0013501,2.3799207,14.373555
ISIC_0013518,5.791828,14.346345
ISIC_0013525,2.2014403,12.837095
ISIC_0013530,5.609351,14.913454
ISIC_0013548,3.2032387,12.539855
ISIC_0013549,7.7029114,12.629204
ISIC_0013565,3.2095144,12.794877
ISIC_0013567,6.2601485,14.212056
ISIC_0013572,2.2427764,14.481958
ISIC_0013577,5.7927494,14.528968
ISIC_0013578,3.4024024,13.091506
ISIC_0013579,5.4737096,14.418804
ISIC_0013581,4.23669,13.041715
ISIC_0013588,3.3266754,12.437976
ISIC_0013594,4.876117,12.482256
ISIC_0013606,5.4206667,14.677485
ISIC_0013610,4.1012073,13.533993
ISIC_0013615,2.1002054,13.1732435
ISIC_0013617,5.15366,13.740012
ISIC_0013618,4.6382437,13.294367
ISIC_0013626,5.3793583,12.9067745
ISIC_0013634,5.508456,15.040052
ISIC_0013636,3.6690402,13.787058
ISIC_0013639,3.1730165,13.410287
ISIC_0013646,1.9365989,12.68174
ISIC_0013651,2.3024085,14.072511
ISIC_0013652,3.2010963,12.868675
ISIC_0013663,5.729337,14.738416
ISIC_0013671,2.5505407,13.766798
ISIC_0013672,3.1318858,13.453617
ISIC_0013696,4.5326552,16.371378
ISIC_0013702,2.0424218,14.524965
ISIC_0013733,5.4295487,15.086038
ISIC_0013736,4.4408526,16.33943
ISIC_0013739,5.074865,13.326986
ISIC_0013740,6.1037717,12.4847355
ISIC_0013744,5.5338626,15.1720085
ISIC_0013762,6.623407,14.632506
ISIC_0013766,3.3174646,13.688013
ISIC_0013767,5.500885,15.185094
ISIC_0013768,5.559326,15.337092
ISIC_0013769,5.123188,16.400084
ISIC_0013775,2.6510835,13.600703
ISIC_0013777,5.4852333,14.85937
ISIC_0013783,6.7896852,15.473605
ISIC_0013813,7.0957456,12.944701
ISIC_0013814,6.8463097,12.757395
ISIC_0013815,4.132744,14.273103
ISIC_0013831,2.4513223,13.074267
ISIC_0013832,5.771976,14.847867
ISIC_0013833,5.79284,14.777557
ISIC_0013839,2.9371164,13.508134
ISIC_0013842,3.2662036,13.388166
ISIC_0013844,4.4273987,13.712974
ISIC_0013845,3.6581151,13.116236
ISIC_0013861,7.28727,15.177168
ISIC_0013865,4.50721,14.575897
ISIC_0013867,3.3817701,12.814628
ISIC_0013874,4.667359,13.506265
ISIC_0013908,5.189877,14.814923
ISIC_0013917,3.4785714,13.286728
ISIC_0013936,1.8718442,14.1772785
ISIC_0013948,2.301579,14.00701
ISIC_0013953,2.6614285,13.865921
ISIC_0013969,2.729873,13.009157
ISIC_0013972,5.8919725,15.670778
ISIC_0013975,7.448283,12.598166
ISIC_0013984,7.0300794,14.046088
ISIC_0013987,5.5395217,14.8621645
ISIC_0013988,5.5622168,14.605514
ISIC_0013992,5.011181,14.712
ISIC_0013995,5.862673,16.14801
ISIC_0013997,4.9130387,14.655864
ISIC_0014013,3.7127357,13.700237
ISIC_0014037,7.837461,10.1335945
ISIC_0014044,5.298924,14.419751
ISIC_0014049,4.9087095,13.643101
ISIC_0014059,2.3514435,12.660774
ISIC_0014061,3.6261861,13.569404
ISIC_0014062,3.9420288,13.213689
ISIC_0014072,7.4238553,13.976333
ISIC_0014076,4.256876,15.800555
ISIC_0014077,4.6960363,16.179201
ISIC_0014079,6.1255317,12.20987
ISIC_0014082,6.7472367,14.514335
ISIC_0014086,5.3849077,15.044536
ISIC_0014088,3.392102,13.435171
ISIC_0014091,7.1265855,10.908929
ISIC_0014092,1.9187973,12.717478
ISIC_0014099,7.5704856,10.929297
ISIC_0014103,3.7551498,13.4366
ISIC_0014108,3.4381106,13.964146
ISIC_0014110,5.910151,14.620793
ISIC_0014127,4.569625,15.091705
ISIC_0014129,5.5075827,15.186032
ISIC_0014132,5.28154,12.246371
ISIC_0014133,4.9263144,16.364502
ISIC_0014144,3.948504,13.868374
ISIC_0014148,5.456845,12.311754
ISIC_0014151,5.998341,15.445753
ISIC_0014156,3.9794538,13.447146
ISIC_0014157,5.45731,15.585791
ISIC_0014160,4.1548853,14.355056
ISIC_0014163,2.4741817,14.631838
ISIC_0014165,5.527907,15.205136
ISIC_0014171,2.8385391,12.817461
ISIC_0014173,6.9192615,11.162712
ISIC_0014181,5.625908,15.241563
ISIC_0014183,6.2403154,15.240774
ISIC_0014186,2.6927269,14.028821
ISIC_0014187,3.4888918,13.402689
ISIC_0014189,6.522323,11.557343
ISIC_0014190,4.6902966,13.577826
ISIC_0014217,6.2577963,15.627213
ISIC_0014219,6.1376224,14.387943
ISIC_0014222,6.0286155,12.161169
ISIC_0014229,3.5902188,13.895055
ISIC_0014233,7.950571,12.096618
ISIC_0014238,3.5636365,13.784267
ISIC_0014249,5.3257613,14.417703
ISIC_0014270,2.0068603,12.508823
ISIC_0014284,2.350301,12.985047
ISIC_0014288,4.3571353,13.109427
ISIC_0014289,4.7215023,13.408235
ISIC_0014290,1.8025202,13.640948
ISIC_0014291,2.0938601,13.452203
ISIC_0014302,4.949476,14.728209
ISIC_0014308,5.6430073,14.431366
ISIC_0014316,3.706376,13.660742
ISIC_0014319,5.409457,13.922598
ISIC_0014324,4.4561543,12.010204
ISIC_0014325,5.733038,14.945002
ISIC_0014327,3.9711382,13.11985
ISIC_0014331,7.081862,12.92668
ISIC_0014336,6.160066,12.280692
ISIC_0014337,7.0793214,13.090001
ISIC_0014347,5.3497424,14.147742
ISIC_0014349,4.523281,14.422743
ISIC_0014357,6.3013916,12.277344
ISIC_0014360,3.7500124,13.598435
ISIC_0014361,1.918553,14.175583
ISIC_0014366,2.1485054,13.334326
ISIC_0014369,3.6177635,13.961786
ISIC_0014372,5.3018856,14.055618
ISIC_0014377,4.08617,13.160272
ISIC_0014385,6.880398,12.364546
ISIC_0014395,6.9606557,13.103208
ISIC_0014400,1.9678276,12.515595
ISIC_0014422,5.6978493,14.151914
ISIC_0014423,3.8138752,13.320715
ISIC_0014428,1.8520659,12.720508
ISIC_0014434,5.2847686,13.912043
ISIC_0014454,5.8495245,14.245982
ISIC_0014476,2.4448311,14.714289
ISIC_0014478,5.72902,15.337014
ISIC_0014480,4.761106,14.479406
ISIC_0014486,4.7289286,14.63466
ISIC_0014489,5.4206038,13.947603
ISIC_0014501,5.50731,15.16402
ISIC_0014506,5.8120966,13.537645
ISIC_0014507,3.911142,13.727324
ISIC_0014513,2.6334946,13.349312
ISIC_0014525,5.297159,16.203678
ISIC_0014527,5.2674274,15.905823
ISIC_0014541,5.9080486,15.632079
ISIC_0014543,3.7477026,13.660877
ISIC_0014545,2.0007167,12.722516
ISIC_0014546,5.6302238,14.343817
ISIC_0014548,3.3664336,13.096844
ISIC_0014557,4.117493,13.083428
ISIC_0014558,5.790441,14.117334
ISIC_0014559,5.2422748,16.13405
ISIC_0014663,7.5263543,14.569765
ISIC_0014666,7.0467463,13.672167
ISIC_0014671,5.877701,16.976044
ISIC_0014681,7.869871,13.639939
ISIC_0014688,6.37875,16.701536
ISIC_0014689,5.9883327,16.82147
ISIC_0014690,6.244281,16.77144
ISIC_0014703,7.665412,14.06137
ISIC_0014722,6.5565815,16.505508
ISIC_0014727,4.352135,16.501642
ISIC_0014766,6.455316,16.481943
ISIC_0014772,6.317874,16.3249
ISIC_0014784,8.444035,11.871329
ISIC_0014788,8.4691515,15.031406
ISIC_0014790,8.469347,11.970877
ISIC_0014795,5.284511,16.332037
ISIC_0014800,7.070942,15.096007
ISIC_0014809,7.520395,14.421092
ISIC_0014813,3.2677708,13.41548
ISIC_0014826,8.599748,15.18576
ISIC_0014832,5.7453027,16.699606
ISIC_0014852,8.352008,13.5355425
ISIC_0014857,7.0299945,15.382681
ISIC_0014858,6.5519075,13.821183
ISIC_0014862,7.631167,15.993964
ISIC_0014864,6.969808,11.431865
ISIC_0014871,8.129429,15.27505
ISIC_0014872,4.822051,15.945375
ISIC_0014873,6.1974354,16.532513
ISIC_0014874,6.2828565,16.738619
ISIC_0014877,8.623965,14.333583
ISIC_0014880,7.3009777,13.151675
ISIC_0014883,8.096118,14.279811
ISIC_0014891,5.989052,16.39396
ISIC_0014892,6.1283946,16.648094
ISIC_0014893,6.252178,16.700802
ISIC_0014897,5.2262754,15.246806
ISIC_0014900,5.654358,15.933335
ISIC_0014912,7.7743335,13.447287
ISIC_0014918,4.223436,16.395342
ISIC_0014919,3.8310516,11.987696
ISIC_0014920,3.8754702,14.568082
ISIC_0014924,5.2924075,16.47073
ISIC_0014928,3.4878914,14.208648
ISIC_0014931,5.5979695,16.570347
ISIC_0014935,7.712273,15.5905
ISIC_0014951,7.2567534,14.938788
ISIC_0014953,5.6082425,16.715862
ISIC_0014963,8.531599,14.961721
ISIC_0014970,8.575035,14.3431635
ISIC_0014975,7.1218457,12.42612
ISIC_0014979,5.6774926,16.732862
ISIC_0014980,5.798358,16.758156
ISIC_0014982,7.711932,13.729241
ISIC_0014983,5.329439,16.478842
ISIC_0014985,7.541228,12.308325
ISIC_0014987,6.1993604,15.811149
ISIC_0014999,5.9348435,13.513168
ISIC_0015004,5.7258763,16.720806
ISIC_0015005,7.689895,15.817354
ISIC_0015041,4.1387105,12.669522
ISIC_0015045,6.3779187,15.98409
ISIC_0015050,6.903234,15.765314
ISIC_0015065,6.745238,16.630623
ISIC_0015067,7.086408,12.565619
ISIC_0015073,7.690334,13.401835
ISIC_0015079,6.6993475,15.118906
ISIC_0015082,7.9269056,14.860057
ISIC_0015083,5.4755206,11.773546
ISIC_0015088,7.586602,15.577756
ISIC_0015096,5.704303,16.543102
ISIC_0015106,6.952596,11.41692
ISIC_0015109,5.7518973,16.556908
ISIC_0015114,7.454492,14.968554
ISIC_0015115,6.102561,16.254156
ISIC_0015116,4.4511986,16.32218
ISIC_0015119,7.731261,13.611978
ISIC_0015120,7.738978,13.674041
ISIC_0015122,4.0964837,16.322313
ISIC_0015124,5.234876,16.499943
ISIC_0015127,5.915708,15.501244
ISIC_0015128,4.666588,12.597462
ISIC_0015132,8.104957,13.557334
ISIC_0015133,4.089077,16.295473
ISIC_0015136,7.7939534,15.158866
ISIC_0015141,6.1110115,16.355928
ISIC_0015142,4.921186,12.690884
ISIC_0015143,7.8407693,13.731366
ISIC_0015145,8.087344,14.951611
ISIC_0015156,6.7296424,15.432992
ISIC_0015163,6.2698646,16.708578
ISIC_0015166,8.960766,14.536085
ISIC_0015167,6.6967573,11.488568
ISIC_0015169,5.34356,16.576838
ISIC_0015178,6.9963074,12.372944
ISIC_0015180,7.320743,12.401302
ISIC_0015185,6.9572935,11.370696
ISIC_0015189,6.0931497,16.068369
ISIC_0015190,7.446847,16.036871
ISIC_0015191,6.055927,16.640215
ISIC_0015192,5.777799,16.892609
ISIC_0015193,8.53845,15.494924
ISIC_0015194,7.9525146,14.095127
ISIC_0015196,6.2900434,11.242094
ISIC_0015197,6.321877,11.21963
ISIC_0015204,5.3052163,16.310143
ISIC_0015205,8.168092,14.270874
ISIC_0015206,7.5072412,15.894534
ISIC_0015213,8.274409,13.636439
ISIC_0015219,6.1686635,16.339792
ISIC_0015228,7.0178685,10.571381
ISIC_0015229,8.390794,14.01389
ISIC_0015230,5.5493736,16.437275
ISIC_0015236,6.734941,15.690042
ISIC_0015243,6.339382,16.0768
ISIC_0015246,8.4783535,15.030897
ISIC_0015248,8.566457,14.394198
ISIC_0015251,7.6668963,14.47887
ISIC_0015256,8.0989895,12.543833
ISIC_0015266,8.003451,13.60967
ISIC_0015277,8.170629,14.254267
ISIC_0015284,7.3364882,11.033974
ISIC_0015288,7.4180717,15.741264
ISIC_0015289,7.8533344,15.045432
ISIC_0015314,5.6760178,16.780695
ISIC_0015316,4.3125615,16.38437
ISIC_0015317,5.875076,16.98131
ISIC_0015318,5.692818,13.57762
ISIC_0015332,6.9540915,11.249722
ISIC_0015336,8.045636,14.05505
ISIC_0015343,7.574593,13.706056
ISIC_0015356,7.696944,13.346402
ISIC_0015377,7.3897676,13.329493
ISIC_0015433,8.473648,14.876072
ISIC_0015434,2.8911843,13.140118
ISIC_0015441,6.855407,15.8015
ISIC_0015442,5.941796,17.00251
ISIC_0015457,7.6023583,11.490195
ISIC_0015458,7.4622498,11.373582
ISIC_0015477,8.220419,14.114753
ISIC_0015503,8.5329075,15.168621
ISIC_0015508,7.6362557,13.502375
ISIC_0015514,8.174168,14.133491
ISIC_0015517,2.9604182,12.403887
ISIC_0015519,2.9941738,12.463298
ISIC_0015522,5.7737303,16.751232
ISIC_0015523,7.073891,14.766734
ISIC_0015533,5.9917393,16.799377
ISIC_0015565,4.1873527,16.392431
ISIC_0015575,5.9048605,16.995092
ISIC_0015595,7.264355,11.289934
ISIC_0015608,8.649128,14.221995
ISIC_0015619,7.073726,11.48497
ISIC_0016080,4.010773,13.466953
ISIC_0016081,5.3094697,14.698445
ISIC_0016082,2.6255023,13.05669
ISIC_0016084,2.3231895,14.037793
ISIC_0016085,5.2757816,14.451716
ISIC_0016092,2.6925066,13.182091
ISIC_0016094,2.6997168,14.361836
ISIC_0016112,5.48328,15.319453
ISIC_0016114,3.3944623,12.8743925
ISIC_0016123,8.138768,14.1880045
ISIC_0016127,3.7810426,13.617848
ISIC_0016128,8.186896,12.477603
ISIC_0016131,2.680064,14.0810585
ISIC_0016133,3.677457,12.518712
ISIC_0016137,5.107484,14.411145
ISIC_0016139,1.7974483,14.420686
ISIC_0016145,7.2178364,11.282852
ISIC_0016153,5.6099453,14.293952
ISIC_0016161,6.754854,14.388454
ISIC_0016162,7.5798583,10.920791
ISIC_0016438,3.9091218,14.597021
ISIC_0016911,8.2952,15.594917
ISIC_0017350,3.8285887,15.518429
ISIC_0017399,8.254744,14.35965
ISIC_0017411,7.528368,15.306856
ISIC_0017414,6.1746807,13.813529
ISIC_0017415,3.942498,14.215506
ISIC_0017422,4.2524843,14.714082
ISIC_0017428,8.334037,14.922963
ISIC_0017431,2.5805023,12.40542
ISIC_0017434,8.713172,14.045019
ISIC_0017436,7.816009,13.566518
ISIC_0017443,4.4148707,12.590656
ISIC_0017448,8.8707905,14.61711
ISIC_0017451,6.3688483,14.212749
ISIC_0017453,4.480015,12.313026
ISIC_0017455,2.9435706,12.345847
ISIC_0017460,8.458602,14.133926
ISIC_0017485,4.9884753,13.900231
ISIC_0017486,4.665392,14.750239
ISIC_0017856,8.188423,15.457054
ISIC_0018039,7.196229,16.260473
ISIC_0018040,8.4391165,15.507016
ISIC_0019315,7.1155524,15.046515
ISIC_0019334,4.9884863,13.661401
ISIC_0019335,4.4501433,12.822794
ISIC_0019432,7.05829,14.976261
ISIC_0020491,7.01171,15.188623
ISIC_0020963,5.5640016,12.696689
ISIC_0020975,7.407467,14.960193
ISIC_0020977,7.19251,15.105172
ISIC_0020978,6.2353387,14.177335
ISIC_0020985,6.4794974,13.909204
ISIC_0020986,6.3657236,13.620609
ISIC_0020987,6.46242,12.317832
ISIC_0020988,6.879699,13.080498
ISIC_0020998,7.735683,13.140168
ISIC_0021009,6.761512,12.365197
ISIC_0021020,7.5697274,13.212502
ISIC_0021094,7.773992,15.2244835
ISIC_0021095,7.9851804,14.806245
ISIC_0021125,6.6939864,15.979849
ISIC_0021136,7.097215,14.502307
ISIC_0021147,6.609912,16.008497
ISIC_0021155,6.9699283,14.88845
ISIC_0021162,6.5724187,15.934635
ISIC_0021166,7.141507,12.454271
ISIC_0021167,7.2710204,12.443277
ISIC_0021168,7.2233562,12.455576
ISIC_0021172,2.4165468,14.575013
ISIC_0021187,2.3430493,13.613053
ISIC_0021188,1.9408624,13.700428
ISIC_0021189,1.7608356,13.657772
ISIC_0021194,6.4765067,16.36161
ISIC_0021205,4.577789,15.889734
ISIC_0021271,8.228538,15.433178
ISIC_0021282,6.155842,11.905519
ISIC_0021293,8.327953,15.082749
ISIC_0021295,6.09938,13.629536
ISIC_0021296,6.6387663,14.531945
ISIC_0021297,6.230979,13.901664
ISIC_0021328,6.055054,14.401417
ISIC_0021329,6.2718916,14.534394
ISIC_0021330,4.038613,12.7507105
ISIC_0021339,9.032708,12.623992
ISIC_0021340,8.819109,12.625703
ISIC_0021341,9.062689,12.464747
ISIC_0021382,6.288403,10.682278
ISIC_0021383,6.1750855,10.746928
ISIC_0021384,6.2027144,10.696436
ISIC_0021390,4.409149,16.284605
ISIC_0021391,3.7816806,16.015846
ISIC_0021399,4.3518524,13.253122
ISIC_0021400,2.6984832,12.442926
ISIC_0021401,3.4305432,12.442952
ISIC_0021405,6.6203194,16.295595
ISIC_0021407,6.668172,16.336134
ISIC_0021408,4.6857886,15.835903
ISIC_0021426,6.952088,14.349671
ISIC_0021427,6.843692,14.854648
ISIC_0021428,6.0322933,12.687836
ISIC_0021432,7.6942434,12.064628
ISIC_0021434,7.3619547,12.383003
ISIC_0021435,7.0883284,12.219372
ISIC_0021439,7.034393,15.467834
ISIC_0021440,6.811437,15.233054
ISIC_0021441,5.130945,11.743856
ISIC_0021442,6.9803147,15.537483
ISIC_0021443,6.6182995,14.487786
ISIC_0021446,6.58395,14.592859
ISIC_0021473,5.8668537,16.238775
ISIC_0021474,5.459647,16.18355
ISIC_0021475,5.7390203,16.42977
ISIC_0021480,4.4862075,16.263231
ISIC_0021481,4.4568744,16.268106
ISIC_0021482,4.427707,16.18406
ISIC_0021491,3.6061583,12.338427
ISIC_0021492,3.703448,12.384107
ISIC_0021493,5.305525,13.01169
ISIC_0021497,6.540469,12.467524
ISIC_0021498,5.1252446,12.896688
ISIC_0021500,6.6151576,12.361772
ISIC_0021530,2.31134,12.833147
ISIC_0021531,2.2682045,12.9274845
ISIC_0021533,1.9104469,12.708667
ISIC_0021534,2.0277057,13.18292
ISIC_0021535,3.8205743,12.392764
ISIC_0021536,4.007795,12.406937
ISIC_0021542,7.3815937,12.627805
ISIC_0021543,6.5360436,12.424928
ISIC_0021544,6.7480164,12.0602
ISIC_0021611,6.9178615,15.303466
ISIC_0021622,6.9087024,15.00699
ISIC_0021627,5.677125,13.168281
ISIC_0021646,4.9706097,13.311747
ISIC_0021647,4.3618793,13.421271
ISIC_0021648,4.875163,13.188288
ISIC_0021687,5.4094286,14.734605
ISIC_0021688,5.957361,15.158164
ISIC_0021689,5.7180505,13.360294
ISIC_0021706,3.440228,12.478857
ISIC_0021708,2.9938824,12.260433
ISIC_0021709,3.577537,12.328318
ISIC_0021710,5.655237,10.783628
ISIC_0021711,7.013728,14.413489
ISIC_0021713,5.868476,13.769536
ISIC_0021728,6.6519938,14.720951
ISIC_0021729,6.7226152,14.49261
ISIC_0021730,6.412494,13.450823
ISIC_0021745,4.399078,12.522657
ISIC_0021746,4.586779,12.863213
ISIC_0021747,5.4054127,13.489889
ISIC_0021768,6.1949415,14.486205
ISIC_0021770,3.9480555,13.233985
ISIC_0021771,4.098915,13.729654
ISIC_0021772,5.719953,14.168136
ISIC_0021780,2.391253,12.640353
ISIC_0021781,3.4957817,13.625766
ISIC_0021782,5.110023,13.263967
ISIC_0021783,2.2827466,12.754622
ISIC_0021784,2.247901,12.795927
ISIC_0021785,1.820126,12.702967
ISIC_0021786,3.8876395,14.418705
ISIC_0021787,4.1902456,14.010586
ISIC_0021789,3.0608501,13.025595
ISIC_0021800,2.116617,13.064433
ISIC_0021801,2.3404408,13.027467
ISIC_0021802,3.910531,12.911614
ISIC_0021803,3.070108,12.844346
ISIC_0021804,2.8354301,12.652462
ISIC_0021805,6.995462,13.055419
ISIC_0021816,4.872305,12.366315
ISIC_0021818,6.0104246,15.181641
ISIC_0021819,5.5303226,12.919749
ISIC_0021850,4.093772,12.3930025
ISIC_0021851,4.0143943,13.336397
ISIC_0021896,7.168732,14.283285
ISIC_0021897,7.354934,14.706445
ISIC_0021898,4.833361,16.194115
ISIC_0021899,6.0468187,11.778091
ISIC_0021900,2.0902085,12.520113
ISIC_0021901,5.7039876,11.791538
ISIC_0021908,1.9175171,13.248611
ISIC_0021917,4.6860027,14.473792
ISIC_0021921,6.4079676,12.268035
ISIC_0021925,6.4398828,12.31586
ISIC_0021926,6.3434324,12.35232
ISIC_0021927,6.7307944,12.520836
ISIC_0021967,2.714455,12.273117
ISIC_0021969,3.950603,12.805821
ISIC_0021970,2.1845362,12.3055
ISIC_0021971,2.4794965,12.129235
ISIC_0021972,2.667875,12.126568
ISIC_0021973,2.8169124,12.20666
ISIC_0021974,2.681286,12.193301
ISIC_0021975,2.448642,12.1545105
ISIC_0021976,2.4627557,12.159717
ISIC_0021977,2.403528,12.128758
ISIC_0021978,2.669343,12.223674
ISIC_0021979,4.123715,12.793847
ISIC_0021980,2.5165408,12.174114
ISIC_0021981,2.538503,12.172923
ISIC_0021985,5.2666774,13.867333
ISIC_0021996,4.4049764,13.1882715
ISIC_0021997,5.201788,14.258718
ISIC_0022000,4.7377777,13.773062
ISIC_0022003,6.8134584,14.74262
ISIC_0022009,5.8830485,13.638899
ISIC_0022010,5.7409806,13.066428
ISIC_0022011,4.4555454,15.676785
ISIC_0022012,4.5003524,15.704097
ISIC_0022013,6.765593,14.548027
ISIC_0022022,6.988683,14.9081135
ISIC_0022048,6.7204595,15.000775
ISIC_0022059,7.2048993,13.016174
ISIC_0022066,3.4403317,13.8898735
ISIC_0022067,5.7512712,15.754031
ISIC_0022068,5.9637256,15.984791
ISIC_0022069,3.7792091,13.457393
ISIC_0022070,6.5121303,14.082626
ISIC_0022071,3.4198153,13.972588
ISIC_0022073,3.16156,14.341343
ISIC_0022075,8.922788,12.797886
ISIC_0022076,8.989116,12.638916
ISIC_0022077,8.962569,12.491205
ISIC_0022078,9.03339,12.625601
ISIC_0022079,8.935858,12.48687
ISIC_0022080,6.145368,11.091636
ISIC_0022081,7.218343,16.239052
ISIC_0022082,8.693937,12.563627
ISIC_0022083,5.725532,12.961779
ISIC_0022102,7.292769,14.293692
ISIC_0022113,7.299672,14.363057
ISIC_0022123,7.94516,15.351114
ISIC_0022124,7.2700973,14.511819
ISIC_0022125,7.6977386,15.419533
ISIC_0022154,7.144193,12.354391
ISIC_0022155,6.699096,12.621178
ISIC_0022156,7.340884,12.398005
ISIC_0022157,6.376477,12.491136
ISIC_0022180,2.5303335,12.208302
ISIC_0022195,3.868989,14.607533
ISIC_0022196,3.896264,14.527527
ISIC_0022197,3.7678313,14.21384
ISIC_0022198,3.82361,14.394402
ISIC_0022199,2.1381812,12.697106
ISIC_0022245,5.7053905,16.113598
ISIC_0022246,5.232208,15.584498
ISIC_0022254,7.0025077,15.325283
ISIC_0022255,6.6494684,13.060975
ISIC_0022256,4.41815,12.194628
ISIC_0022286,2.393031,12.281062
ISIC_0022304,6.303795,15.223253
ISIC_0022305,6.538706,15.059758
ISIC_0022306,6.9688945,14.9685755
ISIC_0022307,6.4870796,15.176458
ISIC_0022308,3.556279,12.611687
ISIC_0022311,6.733171,13.02518
ISIC_0022312,7.146944,13.373441
ISIC_0022313,6.641711,12.736273
ISIC_0022314,6.884218,13.112099
ISIC_0022315,6.7117095,12.881805
ISIC_0022316,6.060203,13.784787
ISIC_0022317,6.4072175,13.641926
ISIC_0022318,4.762448,12.415256
ISIC_0022319,5.9362955,13.73825
ISIC_0022321,5.919074,13.624016
ISIC_0022322,5.982524,12.611165
ISIC_0022327,3.568809,12.233766
ISIC_0022328,4.159332,12.125125
ISIC_0022329,3.0834198,12.2699995
ISIC_0022330,3.6778255,12.219302
ISIC_0022332,3.9848316,12.206982
ISIC_0022338,2.2717135,13.025098
ISIC_0022339,3.23629,13.629258
ISIC_0022340,3.696639,14.27314
ISIC_0022378,7.5389934,15.149048
ISIC_0022379,7.68879,14.981076
ISIC_0022380,7.009934,15.443051
ISIC_0022381,4.0445504,14.438078
ISIC_0022382,1.9667195,13.182219
ISIC_0022383,4.038267,14.615445
ISIC_0022384,3.954587,14.439133
ISIC_0022385,3.262564,13.917265
ISIC_0022397,7.4410214,13.702761
ISIC_0022398,6.5228863,12.646019
ISIC_0022399,6.336229,12.632571
ISIC_0022437,2.1700642,13.52255
ISIC_0022439,3.758606,14.592975
ISIC_0022440,1.8836918,13.54513
ISIC_0022442,1.8218571,13.493274
ISIC_0022463,8.228626,13.407375
ISIC_0022474,7.961008,14.036135
ISIC_0022570,5.2401233,13.596039
ISIC_0022571,6.319549,14.577709
ISIC_0022572,7.1119623,15.351212
ISIC_0022573,5.554692,13.898666
ISIC_0022574,5.689923,13.775877
ISIC_0022597,8.111165,14.960284
ISIC_0022601,8.198008,15.082721
ISIC_0022602,8.196211,15.06169
ISIC_0022603,8.174543,14.755308
ISIC_0022604,8.126002,14.98395
ISIC_0022615,6.710559,13.551224
ISIC_0022616,6.456957,13.579694
ISIC_0022617,6.6241455,12.590769
ISIC_0022624,2.5366826,12.888573
ISIC_0022660,7.459235,15.492702
ISIC_0022679,6.718168,16.015717
ISIC_0022682,5.3283014,15.942607
ISIC_0022683,5.2572904,15.960679
ISIC_0022684,5.4440856,16.02811
ISIC_0022685,4.680342,15.701761
ISIC_0022686,5.3104234,16.006618
ISIC_0022783,6.6843896,16.139366
ISIC_0022793,4.2204685,14.635045
ISIC_0022794,4.943814,14.727951
ISIC_0022796,4.890843,14.596939
ISIC_0022797,2.8568664,12.869953
ISIC_0022798,2.1011617,13.124135
ISIC_0022799,3.508136,12.795987
ISIC_0022894,6.6981854,16.119003
ISIC_0023021,7.819955,15.542522
ISIC_0023022,7.166376,13.333685
ISIC_0023023,7.245616,13.361961
ISIC_0023025,7.800336,15.525889
ISIC_0023026,7.0224204,13.0496855
ISIC_0023042,8.278075,11.030865
ISIC_0023043,7.5283732,12.141428
ISIC_0023044,8.896542,12.813728
ISIC_0023045,7.997366,13.0607815
ISIC_0023047,8.158239,13.000746
ISIC_0023048,6.6645555,16.053547
ISIC_0023049,7.935411,14.340081
ISIC_0023050,7.690006,12.066657
ISIC_0023051,7.367227,11.963528
ISIC_0023052,7.982152,10.727685
ISIC_0023053,6.7946663,16.057796
ISIC_0023054,8.546447,12.962128
ISIC_0023103,6.688857,11.40518
ISIC_0023104,6.6940875,11.398326
ISIC_0023105,6.674019,11.4187975
ISIC_0023106,6.6827197,11.445586
ISIC_0023107,6.621559,11.381968
ISIC_0023108,6.7119946,11.403521
ISIC_0023109,6.6397543,11.428523
ISIC_0023110,6.6861806,11.4378195
ISIC_0023111,6.6772747,11.463448
ISIC_0023116,7.2420964,12.9360695
ISIC_0023117,7.177893,12.93671
ISIC_0023119,7.236739,12.959179
ISIC_0023130,7.46034,9.591212
ISIC_0023131,7.4751196,9.567719
ISIC_0023132,7.4271636,9.595944
ISIC_0023133,7.4526067,9.578147
ISIC_0023161,4.5530376,12.564496
ISIC_0023163,6.680529,14.180552
ISIC_0023164,6.415317,14.095152
ISIC_0023165,4.704748,12.546801
ISIC_0023236,4.618598,13.054715
ISIC_0023262,7.4131184,12.489231
ISIC_0023264,8.984702,12.801756
ISIC_0023265,8.885687,12.799276
ISIC_0023266,9.008081,12.820427
ISIC_0023267,8.842462,12.580969
ISIC_0023268,8.98067,12.745617
ISIC_0023269,6.6644893,13.036259
ISIC_0023270,8.673824,12.9104185
ISIC_0023271,8.5802555,12.824344
ISIC_0023272,9.094968,12.752053
ISIC_0023273,9.086388,12.85193
ISIC_0023275,9.101825,12.485139
ISIC_0023276,6.9204407,11.753504
ISIC_0023277,7.2310133,11.394551
ISIC_0023278,8.409092,13.053856
ISIC_0023279,8.372359,12.925533
ISIC_0023280,9.119475,12.768291
ISIC_0023281,6.309549,13.373886
ISIC_0023282,8.094373,12.846476
ISIC_0023283,6.5224934,13.029677
ISIC_0023284,9.143429,12.524852
ISIC_0023286,6.3005385,13.429559
ISIC_0023287,9.107131,12.458105
ISIC_0023288,9.105751,12.42713
ISIC_0023289,9.004286,12.762927
ISIC_0023290,9.029902,12.785655
ISIC_0023291,9.141718,12.468724
ISIC_0023292,8.9300585,12.453256
ISIC_0023293,8.944783,12.731933
ISIC_0023294,9.001929,12.682456
ISIC_0023295,8.779731,12.829251
ISIC_0023296,8.91469,12.529528
ISIC_0023297,7.5099826,15.248521
ISIC_0023298,8.909589,12.721832
ISIC_0023299,8.945655,12.775393
ISIC_0023300,6.4721527,14.108408
ISIC_0023301,8.444341,12.853931
ISIC_0023302,2.2712004,12.257573
ISIC_0023303,9.003546,12.502482
ISIC_0023304,8.783526,12.903893
ISIC_0023305,8.066744,12.041881
ISIC_0023306,8.284325,12.7927065
ISIC_0023307,8.898653,12.740671
ISIC_0023308,6.3951674,12.325142
ISIC_0023309,9.035444,12.50481
ISIC_0023310,8.773408,12.71113
ISIC_0023311,8.867019,12.718516
ISIC_0023312,8.786555,12.756152
ISIC_0023313,6.0540886,12.792665
ISIC_0023314,6.672861,12.1384
ISIC_0023315,9.06728,12.328989
ISIC_0023316,8.943365,12.539385
ISIC_0023317,8.498902,12.516369
ISIC_0023318,6.6415625,14.423286
ISIC_0023320,8.915393,12.76039
ISIC_0023321,9.003296,12.697064
ISIC_0023322,8.901165,12.699101
ISIC_0023323,6.372376,14.14893
ISIC_0023324,8.772566,12.60178
ISIC_0023325,6.633067,12.909961
ISIC_0023326,7.3310666,11.23107
ISIC_0023327,8.786198,12.8022375
ISIC_0023328,8.925751,12.757175
ISIC_0023329,8.923983,12.7293215
ISIC_0023331,8.836529,12.633958
ISIC_0023364,6.560292,16.105097
ISIC_0023365,6.76836,15.955208
ISIC_0023366,6.6435614,15.873575
ISIC_0023367,6.668471,16.184778
ISIC_0023368,6.779107,16.18905
ISIC_0023369,6.6974187,16.095638
ISIC_0023370,2.3066902,14.757373
ISIC_0023371,2.288891,14.742358
ISIC_0023372,2.2191324,14.746392
ISIC_0023374,2.2702208,14.737287
ISIC_0023375,2.2576077,14.733367
ISIC_0023376,2.2283745,14.740724
ISIC_0023377,2.2342517,14.715769
ISIC_0023395,4.017874,12.240874
ISIC_0023396,5.5803337,12.672886
ISIC_0023397,5.354485,12.579396
ISIC_0023398,5.5692596,12.621789
ISIC_0023399,5.6579986,12.755172
ISIC_0023427,8.322516,10.967884
ISIC_0023438,8.224645,10.8831415
ISIC_0023458,7.512687,9.614869
ISIC_0023459,7.5244827,9.545492
ISIC_0023460,7.700023,10.018526
ISIC_0023461,7.6995254,9.991462
ISIC_0023462,6.890764,9.602708
ISIC_0023463,6.994143,9.561571
ISIC_0023464,7.0090065,9.557758
ISIC_0023465,7.547105,9.841122
ISIC_0023466,7.517908,9.631564
ISIC_0023467,7.5326157,9.831817
ISIC_0023469,7.593752,9.879987
ISIC_0023482,2.9253337,14.213565
ISIC_0023483,6.7605214,12.919805
ISIC_0023484,5.0513773,11.476019
ISIC_0023485,7.154122,13.455776
ISIC_0023486,6.7317657,13.143659
ISIC_0023488,4.983687,11.528939
ISIC_0023489,6.5793986,12.995023
ISIC_0023490,6.10363,12.056837
ISIC_0023491,5.976589,12.12305
ISIC_0023492,7.21789,13.245866
ISIC_0023493,6.906322,12.391504
ISIC_0023494,6.818301,12.224681
ISIC_0023495,5.7341657,14.936455
ISIC_0023496,5.944017,14.870493
ISIC_0023497,4.1493397,13.134409
ISIC_0023500,4.333967,13.258429
ISIC_0023502,5.3908014,12.502035
ISIC_0023503,4.8442903,16.636023
ISIC_0023504,6.704848,15.164263
ISIC_0023505,7.2309737,15.684931
ISIC_0023506,7.159106,15.621601
ISIC_0023507,7.275591,15.530668
ISIC_0023508,6.0508304,14.187506
ISIC_0023509,7.3003883,15.708535
ISIC_0023511,7.3436117,15.571431
ISIC_0023512,7.330718,15.920065
ISIC_0023513,7.334283,15.670871
ISIC_0023514,7.6013436,14.289507
ISIC_0023515,7.160783,15.784524
ISIC_0023516,7.295506,15.618992
ISIC_0023517,7.386558,16.186487
ISIC_0023518,7.3720183,15.695279
ISIC_0023519,6.9079413,13.60372
ISIC_0023524,5.93208,15.912307
ISIC_0023525,5.725091,15.912714
ISIC_0023526,5.7724676,15.846757
ISIC_0023529,7.0974483,12.650777
ISIC_0023530,7.2424374,12.67841
ISIC_0023531,7.249056,12.823721
ISIC_0023553,5.8608174,15.916178
ISIC_0023554,5.8303843,15.86778
ISIC_0023561,7.1319494,14.3149605
ISIC_0023574,6.185068,14.374977
ISIC_0023575,6.603078,14.78437
ISIC_0023594,4.9032702,14.838483
ISIC_0023596,4.961053,14.811983
ISIC_0023597,4.530018,14.324525
ISIC_0023604,3.2970212,12.291513
ISIC_0023606,3.3312721,12.354652
ISIC_0023608,4.7956133,15.259347
ISIC_0023620,4.786257,15.447898
ISIC_0023631,5.865191,16.25184
ISIC_0023634,7.4842277,10.121895
ISIC_0023635,7.498042,10.038062
ISIC_0023636,7.941983,10.320079
ISIC_0023637,7.7961383,10.255652
ISIC_0023638,7.4918604,10.04666
ISIC_0023639,7.543004,10.072516
ISIC_0023640,7.0530214,10.005026
ISIC_0023641,7.1299763,9.933273
ISIC_0023642,6.408265,16.073792
ISIC_0023643,7.3594666,10.070075
ISIC_0023644,7.300132,10.02769
ISIC_0023645,7.188493,9.984413
ISIC_0023646,6.7357388,14.784524
ISIC_0023647,6.771594,14.574843
ISIC_0023648,5.9497647,13.376167
ISIC_0023669,3.655707,13.491447
ISIC_0023670,3.713988,13.022836
ISIC_0023671,1.9845217,12.600937
ISIC_0023675,6.542553,14.663915
ISIC_0023685,5.617945,12.794307
ISIC_0023705,4.523496,16.322325
ISIC_0023706,3.9104197,15.967377
ISIC_0023707,3.9467196,15.957811
ISIC_0023708,4.6010737,16.426767
ISIC_0023711,6.7692175,15.763878
ISIC_0023712,7.723065,14.820057
ISIC_0023744,4.130335,13.497305
ISIC_0023747,3.664567,12.675774
ISIC_0023755,2.24395,12.898358
ISIC_0023762,6.738086,12.784696
ISIC_0023763,6.2446833,12.516602
ISIC_0023764,6.129229,12.2690115
ISIC_0023765,1.7823855,13.992013
ISIC_0023766,1.8728224,14.137316
ISIC_0023767,2.827265,14.357338
ISIC_0023769,4.102732,13.417028
ISIC_0023770,5.4533324,14.059553
ISIC_0023771,4.158168,12.98358
ISIC_0023786,7.3752594,12.62839
ISIC_0023787,6.435118,12.178005
ISIC_0023806,6.3148046,12.964438
ISIC_0023807,4.874004,12.826855
ISIC_0023808,4.1925435,12.7917
ISIC_0023809,1.9709517,12.946091
ISIC_0023811,2.0615473,12.712893
ISIC_0023812,1.997481,12.981525
ISIC_0023836,4.2392306,11.8807
ISIC_0023837,4.513778,13.984716
ISIC_0023838,4.3049216,13.861794
ISIC_0023839,5.2869053,13.578999
ISIC_0023843,4.2659965,12.993629
ISIC_0023853,5.727656,13.099289
ISIC_0023854,4.808246,13.444673
ISIC_0023855,5.9440055,13.346185
ISIC_0023856,5.88971,12.964848
ISIC_0023890,4.006243,14.402233
ISIC_0023891,4.0365224,14.393886
ISIC_0023893,5.937359,15.753757
ISIC_0023900,2.4550633,13.269326
ISIC_0023901,4.366764,12.913615
ISIC_0023902,4.6080503,13.769197
ISIC_0023903,7.5046635,13.917601
ISIC_0023923,4.060741,16.356909
ISIC_0023924,4.362083,16.584198
ISIC_0023925,1.7806168,14.228153
ISIC_0024005,7.7340546,14.627427
ISIC_0024015,7.735721,15.162985
ISIC_0024016,7.988976,15.213067
ISIC_0024018,5.5285916,12.869435
ISIC_0024032,6.637357,15.937428
ISIC_0024033,6.6744256,16.065891
ISIC_0024034,6.642777,15.903959
ISIC_0024072,6.9441333,14.691572
ISIC_0024083,7.20948,14.709511
ISIC_0024085,6.109696,14.409051
ISIC_0024086,6.460254,14.359568
ISIC_0024087,4.9037905,11.807261
ISIC_0024091,6.874261,14.5805235
ISIC_0024095,7.384575,14.070002
ISIC_0024096,7.329921,13.804972
ISIC_0024097,7.3908916,13.791604
ISIC_0024108,4.743212,12.54119
ISIC_0024109,5.1805105,12.666946
ISIC_0024112,4.9539824,12.426882
ISIC_0024119,6.18896,13.159106
ISIC_0024120,8.008523,15.055328
ISIC_0024121,7.9709115,12.632877
ISIC_0024193,2.907116,12.766641
ISIC_0024194,2.6869028,12.792571
ISIC_0024195,1.8888412,13.165319
ISIC_0024313,3.8529007,14.493866
ISIC_0024315,1.779954,13.389484
ISIC_0024351,8.375694,15.4660635
ISIC_0024481,2.4411268,12.659713
ISIC_0024537,5.305491,15.434739
ISIC_0024546,7.4303946,14.636513
ISIC_0024586,2.2160604,13.395438
ISIC_0024624,2.2742472,12.623296
ISIC_0024644,7.025177,14.88495
ISIC_0024675,2.9658537,13.422666
ISIC_0024688,8.108055,14.925213
ISIC_0024733,6.2461014,14.177838
ISIC_0024792,7.973824,15.191598
ISIC_0024806,7.9645696,15.569626
ISIC_0024865,2.0580986,14.046551
ISIC_0024886,5.8792157,12.64093
ISIC_0024898,8.776977,14.670146
ISIC_0024900,7.6857247,14.938463
ISIC_0024911,4.4216266,14.194145
ISIC_0024918,4.059137,14.806722
ISIC_0024932,5.3846917,15.260379
ISIC_0024952,7.7960253,13.740669
ISIC_0024972,6.8257313,10.410046
ISIC_0025018,1.9594154,13.984305
ISIC_0025035,3.8356624,13.562089
ISIC_0025081,2.1289098,12.79262
ISIC_0025085,4.349239,13.675719
ISIC_0025127,7.5568686,15.799873
ISIC_0025128,4.0112004,14.332978
ISIC_0025155,5.6155186,14.160512
ISIC_0025219,3.6174169,12.487459
ISIC_0025235,8.390043,15.485498
ISIC_0025238,4.6955643,15.077211
ISIC_0025265,2.1968029,12.6585045
ISIC_0025316,2.7600274,12.730769
ISIC_0025409,7.245656,13.142915
ISIC_0025451,6.7227387,10.400232
ISIC_0025489,8.45951,15.000103
ISIC_0025550,5.8363185,15.437621
ISIC_0025573,7.079198,15.9885645
ISIC_0025589,2.0744262,12.698341
ISIC_0025592,2.0856721,13.712328
ISIC_0025603,7.8062534,14.895599
ISIC_0025611,5.7959957,15.183575
ISIC_0025663,7.6104293,15.541385
ISIC_0025674,6.7380753,12.463374
ISIC_0025708,8.112332,13.241899
ISIC_0025724,3.4362683,14.028897
ISIC_0025748,5.305158,14.636752
ISIC_0025751,7.9416165,14.69615
ISIC_0025766,7.587689,15.241243
ISIC_0025783,8.030639,15.260327
ISIC_0025791,4.7303367,13.904875
ISIC_0025832,8.199538,15.338932
ISIC_0025835,3.4023178,13.615611
ISIC_0025891,2.2110624,13.517175
ISIC_0025904,2.436845,12.578221
ISIC_0025941,7.9191456,15.389208
ISIC_0025963,8.353084,11.485416
ISIC_0025964,2.1926563,13.448674
ISIC_0026009,6.733469,14.711749
ISIC_0026081,8.417318,15.149889
ISIC_0026105,6.7451935,15.363701
ISIC_0026113,2.0439181,12.980982
ISIC_0026115,6.7933407,13.15397
ISIC_0026150,1.8967981,13.153252
ISIC_0026207,8.863041,14.551139
ISIC_0026229,7.3638315,10.90094
ISIC_0026236,3.6006444,14.371359
ISIC_0026239,8.191604,15.411833
ISIC_0026247,2.5337336,12.837517
ISIC_0026258,6.5810995,15.491624
ISIC_0026296,2.0914347,14.058411
ISIC_0026314,2.7754233,13.08157
ISIC_0026352,8.148534,14.91182
ISIC_0026360,2.3227067,14.328006
ISIC_0026475,6.104075,15.544581
ISIC_0026506,8.709734,15.222727
ISIC_0026516,3.0942724,14.176214
ISIC_0026596,2.343911,14.057605
ISIC_0026604,7.4740715,13.280206
ISIC_0026622,7.020768,12.720872
ISIC_0026694,8.0254345,14.307388
ISIC_0026746,6.525667,15.56804
ISIC_0026770,8.934965,14.656726
ISIC_0026774,7.9767246,15.299039
ISIC_0026802,8.767119,14.785338
ISIC_0026897,7.248876,13.618803
ISIC_0026930,8.121669,15.3973055
ISIC_0026954,7.601643,15.4017935
ISIC_0026963,2.1264672,12.407616
ISIC_0026993,3.701655,12.230757
ISIC_0026996,2.0152812,13.046364
ISIC_0027043,4.715251,15.457446
ISIC_0027089,8.164895,15.493754
ISIC_0027105,6.578722,16.164476
ISIC_0027125,4.7435117,14.1994095
ISIC_0027171,8.918977,14.59087
ISIC_0027174,2.4165819,13.979144
ISIC_0027260,3.5465639,13.517865
ISIC_0027261,6.808582,10.365099
ISIC_0027263,4.446307,12.6910515
ISIC_0027282,7.6974015,14.882576
ISIC_0027327,2.7263484,13.164258
ISIC_0027359,4.186637,13.22763
ISIC_0027387,5.6313086,15.97094
ISIC_0027402,4.0999866,13.676353
ISIC_0027407,7.8528824,15.562606
ISIC_0027436,6.1902337,12.306535
ISIC_0027480,6.593891,12.349633
ISIC_0027487,1.9884263,12.637326
ISIC_0027502,4.894938,15.088139
ISIC_0027507,4.4707046,14.423395
ISIC_0027517,7.1471205,13.112477
ISIC_0027561,7.196916,15.430301
ISIC_0027604,5.665377,12.910263
ISIC_0027616,7.3270555,11.687146
ISIC_0027620,8.0797825,14.807609
ISIC_0027622,8.729279,14.758122
ISIC_0027659,3.736453,13.501459
ISIC_0027693,7.556084,14.485522
ISIC_0027769,4.045451,14.366018
ISIC_0027793,6.4949193,14.42311
ISIC_0027797,4.3364763,14.670148
ISIC_0027832,6.1112313,15.963232
ISIC_0027863,7.5726166,15.292945
ISIC_0027900,5.5498767,14.662479
ISIC_0027956,7.8932776,15.13672
ISIC_0028003,8.063978,15.251378
ISIC_0028017,6.0103254,15.425471
ISIC_0028022,7.4534945,14.682658
ISIC_0028029,2.6848164,12.942041
ISIC_0028033,6.977194,14.992672
ISIC_0028041,2.1740327,12.656274
ISIC_0028056,2.3919535,14.073787
ISIC_0028065,7.0984626,15.769089
ISIC_0028069,2.1417258,13.4499855
ISIC_0028103,6.7936144,14.926658
ISIC_0028109,2.736783,14.088835
ISIC_0028215,6.2934036,11.296081
ISIC_0028219,3.427622,13.9381695
ISIC_0028225,5.4027977,14.338137
ISIC_0028306,5.3510776,15.369341
ISIC_0028325,3.5607216,13.88792
ISIC_0028326,2.0647037,12.579272
ISIC_0028460,7.2993207,15.506994
ISIC_0028467,4.29465,13.496917
ISIC_0028489,4.1501694,14.648527
ISIC_0028493,6.8508425,15.000387
ISIC_0028537,5.45624,14.047213
ISIC_0028565,2.1665611,12.874516
ISIC_0028567,5.534196,10.674928
ISIC_0028579,1.835018,13.287476
ISIC_0028685,6.616573,14.698807
ISIC_0028696,7.5041733,16.059584
ISIC_0028718,8.497897,15.465507
ISIC_0028760,1.9857035,13.319244
ISIC_0028860,7.291965,15.57171
ISIC_0028901,6.769013,10.3451
ISIC_0028915,3.6736152,12.695909
ISIC_0028929,7.7593293,15.773727
ISIC_0028930,4.0564456,13.81687
ISIC_0028965,8.504113,13.1249075
ISIC_0029013,2.123673,13.701576
ISIC_0029017,3.2627542,13.556494
ISIC_0029028,6.7984657,13.834513
ISIC_0029033,7.537977,15.556952
ISIC_0029056,8.881987,14.377012
ISIC_0029170,5.5402884,10.697726
ISIC_0029242,4.822668,12.644303
ISIC_0029272,8.354764,14.616905
ISIC_0029318,7.5917263,15.662954
ISIC_0029343,1.7886797,14.383167
ISIC_0029397,8.274933,15.110816
ISIC_0029434,7.739412,13.39701
ISIC_0029480,5.2569466,15.336754
ISIC_0029495,5.0581036,14.282978
ISIC_0029513,3.5657337,12.992593
ISIC_0029538,2.4122126,12.454012
ISIC_0029570,4.9765086,15.222038
ISIC_0029571,1.999595,12.795385
ISIC_0029606,3.6132746,14.008714
ISIC_0029651,4.6688104,12.733316
ISIC_0029652,5.2397113,14.954373
ISIC_0029660,2.077659,12.512913
ISIC_0029698,8.190104,14.34555
ISIC_0029839,7.0200343,15.586737
ISIC_0029859,7.714944,14.458482
ISIC_0029885,5.49948,14.062161
ISIC_0029913,1.9755461,12.562304
ISIC_0030002,8.410841,15.361986
ISIC_0030034,7.677794,12.125935
ISIC_0030047,6.1162868,15.448438
ISIC_0030083,8.334283,14.408288
ISIC_0030089,2.5984228,12.857595
ISIC_0030122,6.4007187,13.074978
ISIC_0030134,6.0381527,12.702756
ISIC_0030171,3.4170072,14.241098
ISIC_0030183,6.595994,16.316305
ISIC_0030192,7.529524,15.003629
ISIC_0030255,2.7662406,12.939796
ISIC_0030281,2.1278489,12.583216
ISIC_0030356,8.614897,14.520472
ISIC_0030366,6.3507786,14.152687
ISIC_0030391,4.1656466,14.690777
ISIC_0030440,1.8516216,12.994498
ISIC_0030445,2.574878,12.317439
ISIC_0030501,6.3819776,13.647655
ISIC_0030507,7.4310093,15.69575
ISIC_0030512,6.7600174,15.084285
ISIC_0030521,2.1103692,12.555831
ISIC_0030539,2.911395,12.107852
ISIC_0030552,2.8400753,14.273173
ISIC_0030575,4.361929,16.241446
ISIC_0030623,2.2123377,13.413619
ISIC_0030653,4.227087,14.683577
ISIC_0030689,5.8420324,13.685828
ISIC_0030747,5.7500916,16.348312
ISIC_0030795,8.311761,15.527424
ISIC_0030818,3.1990788,13.544559
ISIC_0030828,3.9978914,13.738036
ISIC_0030898,2.5911338,12.650307
ISIC_0030951,7.866155,15.423724
ISIC_0031025,4.2651834,13.056173
ISIC_0031034,4.8363986,14.05027
ISIC_0031177,5.002266,14.094525
ISIC_0031186,7.16367,13.233769
ISIC_0031189,3.7248366,13.100406
ISIC_0031295,6.460084,13.270184
ISIC_0031369,4.391432,12.844814
ISIC_0031386,7.3794794,15.269287
ISIC_0031389,7.4920278,15.216527
ISIC_0031406,2.174288,13.35037
ISIC_0031408,6.3604417,12.936147
ISIC_0031417,4.1412973,14.895413
ISIC_0031498,7.956709,14.677811
ISIC_0031529,8.177036,15.683102
ISIC_0031545,2.9219303,13.116416
ISIC_0031557,7.0774913,14.429417
ISIC_0031586,5.5537305,13.435554
ISIC_0031598,2.0016165,12.682665
ISIC_0031642,8.252199,14.515869
ISIC_0031709,7.8009243,15.584819
ISIC_0031741,4.1395817,14.467432
ISIC_0031745,3.9434388,14.402866
ISIC_0031746,6.150147,15.3377075
ISIC_0031779,4.636757,11.993443
ISIC_0031784,2.715351,11.691931
ISIC_0031821,4.1316657,14.67692
ISIC_0031844,5.1075077,14.427289
ISIC_0031908,8.668252,15.000165
ISIC_0031915,7.5609236,15.59444
ISIC_0031953,2.1931088,13.6904955
ISIC_0031957,7.20266,14.937757
ISIC_0031958,4.919038,13.2308
ISIC_0031972,6.848948,12.560312
ISIC_0031977,6.849434,14.035379
ISIC_0031999,5.900007,14.2251005
ISIC_0032019,2.2335198,12.322743
ISIC_0032036,6.1531568,13.791591
ISIC_0032044,4.8129067,12.692007
ISIC_0032046,2.5727217,14.488996
ISIC_0032095,7.0578523,15.105922
ISIC_0032098,6.757395,10.37914
ISIC_0032190,7.2254777,12.657633
ISIC_0032204,6.622888,15.239686
ISIC_0032219,4.1095366,12.3607235
ISIC_0032232,7.6734867,12.749224
ISIC_0032245,6.3351088,16.144709
ISIC_0032287,3.7759566,13.992342
ISIC_0032313,8.47898,13.546673
ISIC_0032425,8.324047,15.552
ISIC_0032433,6.081791,12.677183
ISIC_0032441,2.668969,14.160413
ISIC_0032450,7.1282787,12.03029
ISIC_0032462,5.5538435,15.379791
ISIC_0032509,2.6802223,11.764368
ISIC_0032517,3.3402307,12.6964035
ISIC_0032526,8.931951,14.713995
ISIC_0032532,4.7634306,12.819411
ISIC_0032533,1.7843263,13.313048
ISIC_0032544,4.214963,12.535075
ISIC_0032547,4.6504364,12.408638
ISIC_0032550,2.2432706,13.281137
ISIC_0032552,8.911677,14.88341
ISIC_0032559,3.0982265,12.300328
ISIC_0032569,5.429267,16.297112
ISIC_0032592,8.030245,10.386491
ISIC_0032596,3.1104808,14.181996
ISIC_0032598,2.4226897,12.569037
ISIC_0032602,4.69316,12.473057
ISIC_0032603,1.7879672,14.230433
ISIC_0032610,1.9047897,13.748734
ISIC_0032617,6.1459527,13.184173
ISIC_0032622,7.91357,13.102298
ISIC_0032624,2.8768084,13.455701
ISIC_0032626,7.435728,11.262731
ISIC_0032638,4.246856,13.388105
ISIC_0032645,6.214228,11.6803875
ISIC_0032653,4.336042,14.667619
ISIC_0032656,7.888511,10.440039
ISIC_0032662,2.994528,12.800931
ISIC_0032672,6.4027624,14.897317
ISIC_0032684,4.1914763,13.798167
ISIC_0032685,7.1382947,11.808121
ISIC_0032716,2.197311,12.993118
ISIC_0032718,5.912363,14.210588
ISIC_0032723,3.3718798,14.501172
ISIC_0032724,3.0344467,12.2451515
ISIC_0032736,6.187343,14.565483
ISIC_0032750,7.4040556,15.213543
ISIC_0032751,3.6101837,14.006416
ISIC_0032766,2.4505248,12.500004
ISIC_0032797,3.32198,14.115807
ISIC_0032807,5.506832,12.836649
ISIC_0032810,2.052908,13.45056
ISIC_0032836,8.819,15.025629
ISIC_0032841,3.7501566,12.481471
ISIC_0032844,3.0154479,13.368914
ISIC_0032845,7.828846,14.821895
ISIC_0032847,2.6973922,13.017125
ISIC_0032856,4.747565,14.899676
ISIC_0032862,7.6702614,11.087112
ISIC_0032869,6.555904,14.820801
ISIC_0032870,6.8930664,14.846499
ISIC_0032875,7.5011306,15.786004
ISIC_0032887,3.847858,14.873763
ISIC_0032888,7.5396676,13.424382
ISIC_0032903,2.97416,12.124891
ISIC_0032917,8.906617,14.559224
ISIC_0032921,2.9400449,14.062914
ISIC_0032925,2.6123013,12.641089
ISIC_0032981,6.409097,15.568635
ISIC_0032982,3.033765,13.759544
ISIC_0032984,3.5413861,13.226806
ISIC_0033017,6.805635,13.472836
ISIC_0033024,2.711095,11.72394
ISIC_0033047,7.1613526,13.458397
ISIC_0033068,6.462365,12.83517
ISIC_0033081,8.896236,14.720487
ISIC_0033103,7.093072,11.627994
ISIC_0033120,3.9009144,14.260706
ISIC_0033125,5.622984,16.018734
ISIC_0033141,3.2424104,12.33505
ISIC_0033152,3.6274507,14.460542
ISIC_0033166,3.4008656,14.2890005
ISIC_0033171,2.1485367,12.590666
ISIC_0033174,8.099007,13.251932
ISIC_0033175,1.9829977,14.246474
ISIC_0033180,2.49063,12.400648
ISIC_0033186,8.980937,14.050654
ISIC_0033193,8.023853,15.248973
ISIC_0033196,4.203516,14.609146
ISIC_0033216,5.58012,14.670596
ISIC_0033239,2.2491086,12.507928
ISIC_0033241,7.4764433,14.682693
ISIC_0033268,3.8438616,13.537719
ISIC_0033275,2.112231,12.565116
ISIC_0033278,5.9222746,13.2181
ISIC_0033279,3.780899,14.789022
ISIC_0033300,2.8821044,13.037883
ISIC_0033302,8.344487,13.304243
ISIC_0033304,2.902025,12.203577
ISIC_0033312,2.7039127,14.139624
ISIC_0033317,4.1286507,14.16756
ISIC_0033320,3.5189164,14.5310755
ISIC_0033323,7.2871532,11.8972645
ISIC_0033333,8.476769,13.265819
ISIC_0033336,2.2768366,14.440456
ISIC_0033362,8.733078,14.791083
ISIC_0033368,8.446311,15.600999
ISIC_0033369,3.5432765,14.802603
ISIC_0033377,3.5678668,13.882369
ISIC_0033387,3.4993362,14.467407
ISIC_0033393,7.964799,14.825545
ISIC_0033394,7.824769,13.749874
ISIC_0033405,7.107091,10.676706
ISIC_0033415,5.369677,12.3119
ISIC_0033416,4.6266713,13.137429
ISIC_0033424,5.0018425,12.617369
ISIC_0033429,4.3788443,15.048556
ISIC_0033432,3.9624052,15.05985
ISIC_0033444,2.4500344,13.782135
ISIC_0033452,3.143171,12.75968
ISIC_0033469,6.932098,12.198519
ISIC_0033470,4.1930823,14.558539
ISIC_0033485,2.2318382,14.305588
ISIC_0033487,8.319537,10.933827
ISIC_0033496,4.875069,12.651934
ISIC_0033500,7.849987,14.114879
ISIC_0033524,6.4755487,14.953076
ISIC_0033534,7.7694693,11.559904
ISIC_0033545,7.8167553,15.876852
ISIC_0033546,3.0420868,12.486611
ISIC_0033560,3.802037,14.443051
ISIC_0033568,8.481825,15.024006
ISIC_0033573,4.3950653,12.6028
ISIC_0033595,4.1356773,14.165964
ISIC_0033603,7.805357,11.931933
ISIC_0033607,4.015311,14.538407
ISIC_0033612,8.937285,14.548102
ISIC_0033619,7.591219,11.942768
ISIC_0033624,6.502554,16.261932
ISIC_0033638,2.7356536,12.778912
ISIC_0033644,2.6398373,12.496224
ISIC_0033651,4.224165,12.155497
ISIC_0033662,7.81493,14.645938
ISIC_0033687,1.7638671,13.590336
ISIC_0033696,7.855216,11.158334
ISIC_0033700,6.994826,13.650899
ISIC_0033704,8.249611,14.596847
ISIC_0033717,3.074903,12.9964905
ISIC_0033752,4.4969926,12.352225
ISIC_0033779,2.4954507,13.373957
ISIC_0033801,7.926074,14.591107
ISIC_0033802,8.521311,14.073954
ISIC_0033804,3.4743838,13.505285
ISIC_0033805,3.7005126,14.293986
ISIC_0033813,2.260456,13.584286
ISIC_0033819,4.094368,12.4775
ISIC_0033848,8.354709,13.834036
ISIC_0033871,1.8450716,14.37806
ISIC_0033872,5.149416,13.27089
ISIC_0033881,3.4588234,12.978117
ISIC_0033883,6.401818,15.520928
ISIC_0033886,2.114558,14.19427
ISIC_0033893,8.483186,14.555819
ISIC_0033901,2.225518,12.5893135
ISIC_0033905,7.4853816,14.734257
ISIC_0033911,7.202376,14.124826
ISIC_0033925,8.368084,11.11585
ISIC_0033938,2.0524857,12.617238
ISIC_0033946,2.8135402,14.456124
ISIC_0033956,6.3805537,13.3546715
ISIC_0033957,3.8383288,12.585445
ISIC_0033962,2.4912233,12.31832
ISIC_0033968,2.2047143,13.598183
ISIC_0033975,5.0480747,14.914221
ISIC_0033977,5.1907144,12.655459
ISIC_0033980,1.713617,13.384845
ISIC_0033981,5.185556,13.891503
ISIC_0033985,2.371594,12.4517975
ISIC_0033995,4.2629795,14.654865
ISIC_0034002,5.1442914,12.692552
ISIC_0034005,5.5953894,10.718171
ISIC_0034006,8.075675,11.274875
ISIC_0034012,6.727725,16.140667
ISIC_0034046,4.1745553,12.980189
ISIC_0034048,3.6002316,13.62458
ISIC_0034051,4.1982737,13.623374
ISIC_0034052,2.6367297,12.377223
ISIC_0034061,1.9243186,12.678552
ISIC_0034064,2.1223373,14.234028
ISIC_0034068,7.159454,14.241617
ISIC_0034071,7.289207,13.644461
ISIC_0034076,7.5863256,15.113415
ISIC_0034085,2.3169756,13.435229
ISIC_0034094,8.812956,13.949167
ISIC_0034100,6.231744,13.017535
ISIC_0034104,3.5338507,12.220467
ISIC_0034107,6.7216616,15.809531
ISIC_0034117,5.162197,12.43825
ISIC_0034118,2.8198316,13.503898
ISIC_0034120,3.280946,12.869054
ISIC_0034134,7.3549795,12.195869
ISIC_0034140,5.952293,12.30027
ISIC_0034145,8.221112,15.540449
ISIC_0034150,4.437921,14.978822
ISIC_0034172,2.7075613,13.464696
ISIC_0034183,8.868447,15.111497
ISIC_0034205,3.7791634,14.415263
ISIC_0034211,3.9409006,13.633234
ISIC_0034222,2.3892334,14.208706
ISIC_0034233,7.255974,13.639135
ISIC_0034236,8.497614,15.055155
ISIC_0034246,3.8723955,14.168205
ISIC_0034256,5.414754,12.655773
ISIC_0034262,6.5398536,11.443782
ISIC_0034269,4.5561457,13.358488
ISIC_0034287,6.3516593,11.432269
ISIC_0034289,2.195098,12.697118
ISIC_0034317,3.2044373,13.015601
ISIC_0034343,8.38502,13.550821
ISIC_0034398,5.8717976,14.6158905
ISIC_0034446,7.5576897,14.391865
ISIC_0034472,6.6797047,15.376733
ISIC_0034477,2.0246744,13.465203
ISIC_0034482,2.9482403,12.192633
ISIC_0034492,6.278078,14.19988
ISIC_0034572,2.4974747,12.736374
ISIC_0034605,3.6083426,13.491629
ISIC_0034630,8.789273,14.019761
ISIC_0034784,7.995608,15.468456
ISIC_0034873,4.804734,14.255461
ISIC_0034882,3.8369844,12.882377
ISIC_0034904,7.768247,15.4858675
ISIC_0034934,6.736773,10.375044
ISIC_0034971,8.548419,13.850461
ISIC_0035000,6.598879,15.55756
ISIC_0035021,8.480447,14.968345
ISIC_0035047,7.440381,14.817698
ISIC_0035048,6.3548903,13.121279
ISIC_0035070,5.2627892,16.4804
ISIC_0035089,2.0522876,12.626452
ISIC_0035090,3.0079262,13.631353
ISIC_0035124,4.1456037,12.959627
ISIC_0035224,2.7485504,13.398874
ISIC_0035263,4.023764,12.937113
ISIC_0035366,4.8469515,15.154779
ISIC_0035406,2.0702224,12.658689
ISIC_0035420,2.1268916,12.676799
ISIC_0035459,8.287508,13.42816
ISIC_0035462,8.339338,15.071236
ISIC_0035486,8.477333,13.255979
ISIC_0035636,5.2881365,16.486366
ISIC_0035640,7.00149,14.947697
ISIC_0035670,2.2443485,13.448423
ISIC_0035680,2.686897,11.764838
ISIC_0035682,2.4235961,13.159696
ISIC_0035698,5.9612584,12.704026
ISIC_0035700,8.494534,15.37978
ISIC_0035705,2.7859457,12.3511915
ISIC_0035708,2.099475,14.368483
ISIC_0035714,2.7421536,11.75737
ISIC_0035719,8.4452095,15.391139
ISIC_0035732,2.12707,13.542145
ISIC_0035747,2.832034,13.204864
ISIC_0035764,7.211464,15.79219
ISIC_0035766,2.2189813,12.8992
ISIC_0035767,5.6429935,11.697633
ISIC_0035794,3.4196541,12.711207
ISIC_0035823,3.6089191,12.894729
ISIC_0035825,3.9616728,14.481769
ISIC_0035827,6.038245,16.255196
ISIC_0035846,4.718755,13.332975
ISIC_0035853,3.6854444,14.575203
ISIC_0035854,6.8870707,14.00188
ISIC_0035868,2.4819424,12.241968
ISIC_0035889,8.165372,12.660661
ISIC_0035913,4.6834254,14.340943
ISIC_0035923,7.682793,11.163591
ISIC_0035929,6.421259,10.018257
ISIC_0035938,2.440937,11.706672
ISIC_0035964,4.8953457,15.449827
ISIC_0035968,4.2063127,13.398168
ISIC_0036005,6.5513387,9.790172
ISIC_0036012,2.7339993,14.521697
ISIC_0036034,7.530701,14.682369
ISIC_0036051,3.6570144,12.501917
ISIC_0036057,7.680786,14.144326
ISIC_0036070,2.1230326,12.419857
ISIC_0036073,4.646098,15.7141905
ISIC_0036075,2.7745237,12.4696045
ISIC_0036076,7.8693423,14.561903
ISIC_0036078,9.046234,12.650074
ISIC_0036079,4.678044,13.671644
ISIC_0036080,3.6898105,13.031564
ISIC_0036081,7.1093864,12.56355
ISIC_0036083,5.2350836,12.92079
ISIC_0036085,8.317544,15.641624
ISIC_0036086,6.6033564,12.842188
ISIC_0036087,5.100719,13.046588
ISIC_0036088,1.9512354,13.052934
ISIC_0036089,1.9639235,13.176217
ISIC_0036090,6.4276876,13.656357
ISIC_0036091,3.0157182,12.915314
ISIC_0036092,4.231808,14.157375
ISIC_0036093,1.7792369,14.508536
ISIC_0036094,6.8213806,12.685922
ISIC_0036095,6.712416,12.90013
ISIC_0036096,6.1648493,13.000887
ISIC_0036097,7.0530434,13.583885
ISIC_0036098,2.5264456,14.384799
ISIC_0036099,6.473585,13.691308
ISIC_0036101,2.6776347,13.360443
ISIC_0036102,5.751033,11.818637
ISIC_0036103,5.453086,15.421634
ISIC_0036104,2.7636676,13.895939
ISIC_0036105,6.4678807,12.638493
ISIC_0036106,3.5324502,12.202688
ISIC_0036107,6.6654496,12.594501
ISIC_0036108,6.212931,14.463382
ISIC_0036109,4.3198566,12.789496
ISIC_0036110,6.3672304,15.217986
ISIC_0036111,5.713722,16.74942
ISIC_0036112,2.1461933,12.9254265
ISIC_0036113,5.7158365,12.534211
ISIC_0036114,1.7146274,13.425645
ISIC_0036115,6.158232,13.858146
ISIC_0036116,1.9407227,12.652321
ISIC_0036117,4.7842445,13.722058
ISIC_0036118,3.7664144,14.855819
ISIC_0036119,3.0757902,13.923808
ISIC_0036120,5.0248427,12.489292
ISIC_0036121,3.3868818,12.222164
ISIC_0036123,8.048931,11.070338
ISIC_0036159,7.703782,12.0267315
ISIC_0036258,1.9339298,13.453684
ISIC_0036260,6.149694,11.81054
ISIC_0036263,3.7192836,12.456398
ISIC_0036264,5.9789863,12.666038
ISIC_0036269,6.3662415,13.650479
ISIC_0036270,6.66763,16.18066
ISIC_0036273,7.9240203,14.7859535
ISIC_0036274,4.806609,15.340363
ISIC_0036275,2.5626304,12.352342
ISIC_0036276,6.671261,16.028248
ISIC_0036278,2.6789973,13.2351885
ISIC_0036279,3.5212705,12.29929
ISIC_0036280,6.586818,14.629435
ISIC_0036281,2.048949,12.517905
ISIC_0036282,2.1598728,13.062051
ISIC_0036284,5.8414493,12.798978
ISIC_0036285,7.253661,12.451549
ISIC_0036286,6.8004355,15.375006
ISIC_0036287,1.8743402,13.713979
ISIC_0046224,8.356985,13.738105
ISIC_0046225,8.8076725,14.771236
ISIC_0046242,7.563261,13.756553
ISIC_0046305,3.5520065,14.405315
ISIC_0046315,6.8622565,15.093533
ISIC_0046322,2.3695247,13.401316
ISIC_0046323,8.575775,14.369551
ISIC_0046331,3.7766497,14.583867
ISIC_0046338,4.7528706,13.119514
ISIC_0046343,2.383107,12.4432535
ISIC_0046344,8.209222,13.274452
ISIC_0046345,3.9924328,14.609469
ISIC_0046361,7.808608,12.111007
ISIC_0046372,8.091531,14.051859
ISIC_0046383,8.13275,12.907431
ISIC_0046394,7.5351567,10.9185295
ISIC_0046405,1.9815049,13.497636
ISIC_0046416,7.6231985,13.094664
ISIC_0046422,8.117933,15.321641
ISIC_0046427,8.358612,15.033665
ISIC_0046438,4.140187,13.9840975
ISIC_0046441,8.34904,13.322018
ISIC_0046443,3.629557,13.5260725
ISIC_0046449,7.925195,12.095831
ISIC_0046450,7.431083,11.146331
ISIC_0046458,5.050888,12.149945
ISIC_0046471,4.064321,12.394413
ISIC_0046504,8.573875,13.914637
ISIC_0046526,8.43549,11.184879
ISIC_0046548,7.6960106,15.367311
ISIC_0046560,6.833215,15.790441
ISIC_0046571,3.145417,12.25806
ISIC_0046596,8.263294,14.243528
ISIC_0046597,4.5540605,14.853774
ISIC_0046609,6.43834,12.77869
ISIC_0046626,7.7216654,10.981472
ISIC_0046628,8.44338,14.310175
ISIC_0046633,3.5751321,12.656989
ISIC_0046639,7.2007875,14.214717
ISIC_0046640,6.3094816,16.29386
ISIC_0046645,5.2559566,12.457823
ISIC_0046647,7.6017365,12.9609785
ISIC_0046659,7.201572,13.488468
ISIC_0046661,8.377703,12.713741
ISIC_0046662,7.538182,11.08987
ISIC_0046664,7.4301057,11.663971
ISIC_0046667,7.8369174,11.656702
ISIC_0046670,4.596316,13.258223
ISIC_0046671,6.73297,11.234729
ISIC_0046672,8.219359,14.749158
ISIC_0046681,7.151007,14.91616
ISIC_0046682,8.326893,11.124185
ISIC_0046683,3.0299785,12.83998
ISIC_0046712,4.0730596,13.007052
ISIC_0046725,5.6608815,11.539743
ISIC_0046773,7.461526,11.872015
ISIC_0046820,4.2061286,15.556631
ISIC_0046827,7.9082174,11.031306
ISIC_0046828,4.397995,12.979771
ISIC_0046834,5.959328,11.4831705
ISIC_0046900,4.6376605,13.85367
ISIC_0046908,6.9690375,13.733672
ISIC_0046917,7.9882827,12.526373
ISIC_0046921,7.7575703,13.647053
ISIC_0046932,3.6713142,14.560821
ISIC_0046983,5.1501102,15.991392
ISIC_0046985,8.37076,14.848292
ISIC_0047003,2.3270802,12.849478
ISIC_0047004,8.565263,14.836425
ISIC_0047008,8.1354265,12.164752
ISIC_0047022,8.027858,12.39914
ISIC_0047024,8.07944,14.576036
ISIC_0047031,8.407012,14.229221
ISIC_0047033,7.813147,11.808788
ISIC_0053456,8.196526,13.704371
ISIC_0053469,2.483492,14.468556
ISIC_0053470,5.8017297,13.67919
ISIC_0053471,8.034569,11.968604
ISIC_0053473,6.1698527,12.584856
ISIC_0053479,5.9460025,10.174981
ISIC_0053485,4.260147,12.962816
ISIC_0053489,6.82408,13.274359
ISIC_0053491,6.0575686,12.630843
ISIC_0053492,8.5458765,15.521263
ISIC_0053495,2.8962727,11.757736
ISIC_0053503,3.8982773,15.187904
ISIC_0053507,1.9046134,12.69457
ISIC_0053508,7.630721,10.659434
ISIC_0053509,6.251417,10.115164
ISIC_0053510,6.8249,15.519921
ISIC_0053512,7.433943,9.551806
ISIC_0053513,4.6453805,15.124707
ISIC_0053518,7.811065,15.500657
ISIC_0053520,6.4825816,14.790764
ISIC_0053525,2.721077,11.914782
ISIC_0053531,2.3466518,13.495287
ISIC_0053533,5.1985307,13.420559
ISIC_0053541,6.3011975,10.665545
ISIC_0053542,8.122538,11.954982
ISIC_0053545,4.6244583,12.643672
ISIC_0053570,8.795675,13.683111
ISIC_0053578,7.425345,15.348078
ISIC_0053582,8.358942,13.630815
ISIC_0053589,7.5153646,13.123894
ISIC_0053594,7.643423,10.552909
ISIC_0053603,8.00736,14.812883
ISIC_0053611,7.8988423,15.826573
ISIC_0053615,8.432805,13.524029
ISIC_0053617,6.509638,14.124337
ISIC_0053620,9.210775,14.7287035
ISIC_0053632,5.6538258,13.237493
ISIC_0053659,1.7843602,14.540809
ISIC_0053660,2.6095223,13.555252
ISIC_0053667,5.9226565,12.724014
ISIC_0053674,5.0725904,14.369951
ISIC_0053691,6.7997494,14.723705
ISIC_0053698,7.720924,10.688346
ISIC_0053699,6.2266707,10.34802
ISIC_0053700,5.8954973,14.663011
ISIC_0053723,7.389137,9.558573
ISIC_0053725,4.178437,13.218902
ISIC_0053734,8.459879,12.170785
ISIC_0053740,5.3335805,14.212431
ISIC_0053742,4.4673767,12.419032
ISIC_0053743,8.842051,13.515399
ISIC_0053751,1.7854706,14.457272
ISIC_0053761,7.4694114,12.620278
ISIC_0053763,3.830559,14.288961
ISIC_0053765,6.374297,16.062239
ISIC_0053766,4.9612627,16.31133
ISIC_0053774,7.860131,13.784285
ISIC_0053784,6.4388866,12.188502
ISIC_0053787,2.920219,13.594231
ISIC_0053790,6.0978003,11.99655
ISIC_0053791,5.870266,11.99906
ISIC_0053796,5.5605783,10.581308
ISIC_0053801,3.7934277,12.841381
ISIC_0053810,6.460809,14.526983
ISIC_0053812,7.4000516,9.847746
ISIC_0053814,8.48754,12.576828
ISIC_0053816,2.568904,11.735683
ISIC_0053823,1.8288885,14.533368
ISIC_0053824,8.582488,12.669437
ISIC_0053827,3.8617733,13.528377
ISIC_0053828,2.9040332,13.470903
ISIC_0053829,5.2205067,13.295503
ISIC_0053839,5.0236335,12.049163
ISIC_0053841,3.3903928,13.566
ISIC_0053843,4.5674744,12.168188
ISIC_0053846,5.4908886,12.253698
ISIC_0053853,5.8464956,15.837653
ISIC_0053891,4.954104,12.934939
ISIC_0053893,1.945705,12.825024
ISIC_0053904,6.742105,10.829895
ISIC_0053909,4.357679,12.502523
ISIC_0053912,4.9343762,14.210978
ISIC_0053916,6.0575533,11.047706
ISIC_0053923,7.8352184,13.145165
ISIC_0053925,2.6778705,13.158489
ISIC_0053933,7.7043114,10.419216
ISIC_0053946,6.080634,10.883796
ISIC_0053960,4.6440344,13.770002
ISIC_0053969,7.828704,11.318586
ISIC_0053971,8.124676,11.171869
ISIC_0053974,7.30044,11.141133
ISIC_0053980,3.4135501,13.040934
ISIC_0053981,6.251982,12.010903
ISIC_0053996,6.72476,14.943722
ISIC_0054006,5.373878,13.982704
ISIC_0054015,7.9090347,15.251582
ISIC_0054025,4.6643586,13.897468
ISIC_0054032,3.8028054,13.267535
ISIC_0054038,1.9370159,13.325313
ISIC_0054043,7.8533673,15.621892
ISIC_0054048,8.625145,13.809106
ISIC_0054053,3.1296694,12.385913
ISIC_0054059,8.26611,14.478558
ISIC_0054061,8.251539,13.516639
ISIC_0054062,6.0661664,14.916308
ISIC_0054070,6.055933,14.779271
ISIC_0054073,5.9532576,11.934506
ISIC_0054078,6.027118,14.984727
ISIC_0054079,5.2689896,13.5008955
ISIC_0054080,8.788503,15.288798
ISIC_0054082,7.879509,11.696817
ISIC_0054085,4.429547,12.507966
ISIC_0054090,1.7724006,12.883001
ISIC_0054103,8.226171,11.064869
ISIC_0054106,7.937201,10.40874
ISIC_0054110,4.478761,14.248042
ISIC_0054112,2.772081,13.594297
ISIC_0054117,8.28964,12.206695
ISIC_0054123,6.893192,10.26172
ISIC_0054141,5.9354954,10.21422
ISIC_0054151,5.7884407,10.586161
ISIC_0054159,5.749229,12.258274
ISIC_0054167,5.7474537,14.880471
ISIC_0054179,6.0329523,14.896482
ISIC_0054185,8.942581,14.190386
ISIC_0054188,4.0532117,14.278759
ISIC_0054193,2.346577,11.757383
ISIC_0054198,2.0711977,13.584233
ISIC_0054205,2.4007895,11.709103
ISIC_0054213,5.221868,11.97794
ISIC_0054220,8.575899,11.469522
ISIC_0054222,8.588834,12.798408
ISIC_0054226,5.462326,13.554568
ISIC_0054229,2.2385423,14.711575
ISIC_0054233,8.695598,11.820156
ISIC_0054236,6.0307274,14.784513
ISIC_0054239,7.416554,14.400083
ISIC_0054244,7.97168,15.189798
ISIC_0054248,8.03593,15.710617
ISIC_0054251,8.040526,12.732517
ISIC_0054254,2.8684301,13.967736
ISIC_0054264,8.652686,13.068876
ISIC_0054274,7.439439,12.755675
ISIC_0054284,3.685247,14.079572
ISIC_0054287,7.7400823,11.716825
ISIC_0054292,8.81766,15.283455
ISIC_0054296,8.363202,14.089426
ISIC_0054312,8.775719,15.314078
ISIC_0054314,5.9215856,10.708021
ISIC_0054317,3.2640276,12.247222
ISIC_0054334,8.510112,11.287906
ISIC_0054337,5.6683726,14.519052
ISIC_0054351,3.6360188,15.087221
ISIC_0054355,7.026375,12.15315
ISIC_0054364,6.816546,11.288715
ISIC_0054366,3.0852113,13.640702
ISIC_0054371,6.1044717,14.20643
ISIC_0054377,6.4227757,12.496753
ISIC_0054379,8.224425,10.576519
ISIC_0054384,7.683222,12.851525
ISIC_0054391,3.156964,13.935423
ISIC_0054399,6.2443676,13.990515
ISIC_0054410,3.9198928,15.878086
ISIC_0054412,7.2211947,14.107149
ISIC_0054416,8.077044,13.266289
ISIC_0054430,3.7254946,13.048974
ISIC_0054444,3.0071092,12.611737
ISIC_0054445,6.945033,14.103243
ISIC_0054458,4.583764,16.045893
ISIC_0054459,7.175243,15.819379
ISIC_0054462,5.5362134,12.709462
ISIC_0054464,4.4502597,15.762256
ISIC_0054465,5.159135,12.0091095
ISIC_0054497,7.6922245,13.594871
ISIC_0054501,8.299214,11.840639
ISIC_0054506,4.242244,13.341494
ISIC_0054512,8.370399,12.499144
ISIC_0054516,3.0286796,12.303652
ISIC_0054520,6.566049,12.943361
ISIC_0054523,7.3981605,11.506455
ISIC_0054528,5.4335012,14.0761795
ISIC_0054544,8.507395,11.285337
ISIC_0054548,5.773789,15.323775
ISIC_0054563,7.5025954,14.490379
ISIC_0054568,7.363792,14.666984
ISIC_0054574,5.6137176,13.79958
ISIC_0054599,6.750288,11.438532
ISIC_0054612,6.6575003,14.394262
ISIC_0054618,3.069019,13.974517
ISIC_0054624,6.693764,14.82643
ISIC_0054625,4.8171773,13.937815
ISIC_0054629,5.2783523,14.253509
ISIC_0054637,5.663986,13.209048
ISIC_0054651,7.386904,13.966969
ISIC_0054661,8.138571,11.997117
ISIC_0054663,1.8128617,14.565619
ISIC_0054670,2.307701,13.380595
ISIC_0054671,8.412491,15.571049
ISIC_0054673,3.1251957,11.87002
ISIC_0054677,5.6464696,14.940192
ISIC_0054694,7.859248,12.82886
ISIC_0054705,8.619909,14.651742
ISIC_0054725,4.3839393,13.977568
ISIC_0054728,4.2249618,12.608573
ISIC_0054734,5.986477,10.6963415
ISIC_0054744,8.910629,14.43791
ISIC_0054747,8.167917,13.556474
ISIC_0054748,4.848379,13.838164
ISIC_0054756,3.214776,15.064509
ISIC_0054760,7.871079,14.103744
ISIC_0054763,8.707637,11.591867
ISIC_0054765,2.7615798,12.75941
ISIC_0054767,8.339185,15.206162
ISIC_0054770,8.731512,11.744776
ISIC_0054777,4.1627493,12.922982
ISIC_0054787,2.730204,12.807627
ISIC_0054793,7.605938,12.716384
ISIC_0054802,8.700411,11.619124
ISIC_0054819,8.235619,14.307429
ISIC_0054821,5.370168,14.295543
ISIC_0054825,5.921639,13.177163
ISIC_0054827,2.3346515,11.674994
ISIC_0054842,5.9062986,12.709761
ISIC_0054844,6.292862,12.169108
ISIC_0054848,8.283356,14.95061
ISIC_0054851,5.5386047,11.572909
ISIC_0054852,3.1393058,15.091347
ISIC_0054853,8.844194,14.714065
ISIC_0054874,8.606924,13.549165
ISIC_0054889,5.8954196,10.938393
ISIC_0054892,4.9982457,13.988099
ISIC_0054894,3.4448988,12.736867
ISIC_0054902,7.78302,10.171704
ISIC_0054904,4.3478312,15.601021
ISIC_0054906,5.6428294,12.388874
ISIC_0054912,7.263766,10.409367
ISIC_0054914,7.6620007,14.003215
ISIC_0054919,8.036852,11.20092
ISIC_0054936,6.5985637,13.683281
ISIC_0054941,2.575148,13.176613
ISIC_0054961,8.104179,11.476293
ISIC_0054963,3.162221,13.901455
ISIC_0054969,4.3826637,13.11466
ISIC_0054970,8.082297,10.629944
ISIC_0054971,2.3480353,13.18433
ISIC_0054973,1.8031307,12.476675
ISIC_0054974,4.86476,15.004104
ISIC_0054976,8.530727,14.908439
ISIC_0054979,8.481769,11.607949
ISIC_0054982,8.57156,14.104981
ISIC_0054988,8.745458,14.144406
ISIC_0054995,6.752011,14.048381
ISIC_0055001,5.9332757,13.380549
ISIC_0055002,2.367795,11.755872
ISIC_0055022,4.328047,12.5214405
ISIC_0055024,1.8328454,12.775796
ISIC_0055031,1.0666152,13.541224
ISIC_0055039,7.581702,15.307645
ISIC_0055048,5.6582146,11.031785
ISIC_0055051,6.599148,12.373063
ISIC_0055052,5.7822995,14.709738
ISIC_0055054,8.832694,15.279443
ISIC_0055056,3.8526783,12.94735
ISIC_0055062,7.1322618,11.853453
ISIC_0055074,5.804359,14.955265
ISIC_0055079,7.722428,15.168597
ISIC_0055081,6.0094275,14.96425
ISIC_0055086,5.2849855,14.549868
ISIC_0055087,7.811068,12.995194
ISIC_0055091,7.869796,13.689665
ISIC_0055110,8.321506,11.712437
ISIC_0055136,9.016547,13.697752
ISIC_0055141,3.5543804,12.852935
ISIC_0055143,5.806388,13.274482
ISIC_0055147,2.9518292,12.43582
ISIC_0055156,4.468109,13.382754
ISIC_0055161,8.387473,11.812416
ISIC_0055167,3.6026819,14.0954485
ISIC_0055175,7.075626,11.825813
ISIC_0055179,5.783274,13.8282795
ISIC_0055181,6.5864496,16.625944
ISIC_0055191,2.0194905,12.6811905
ISIC_0055193,2.0265877,13.928606
ISIC_0055202,2.5762646,12.955588
ISIC_0055205,6.4227448,12.267522
ISIC_0055208,6.9982247,14.266546
ISIC_0055226,5.5437255,10.630587
ISIC_0055227,6.145161,14.787787
ISIC_0055236,8.225665,11.247131
ISIC_0055241,8.246215,13.606118
ISIC_0055246,8.139306,15.259938
ISIC_0055249,5.7656593,14.634297
ISIC_0055264,5.0701685,14.366105
ISIC_0055265,7.662564,10.931563
ISIC_0055268,7.643833,9.875829
ISIC_0055276,6.088223,16.722198
ISIC_0055282,3.6978688,13.878938
ISIC_0055289,6.7566648,13.45093
ISIC_0055293,7.667131,11.526483
ISIC_0055295,8.060387,11.906069
ISIC_0055297,5.2901144,14.590788
ISIC_0055298,5.9532804,13.336003
ISIC_0055309,5.49305,12.427679
ISIC_0055311,8.5035305,13.77209
ISIC_0055314,6.3393784,10.249141
ISIC_0055318,8.03189,13.86095
ISIC_0055337,9.004565,14.228762
ISIC_0055340,4.8894095,14.645433
ISIC_0055344,3.9833045,13.393108
ISIC_0055355,6.536116,14.544549
ISIC_0055359,4.5502744,14.507371
ISIC_0055362,2.35717,13.08315
ISIC_0055363,7.473435,11.868728
ISIC_0055367,6.428623,13.573268
ISIC_0055380,7.165855,14.046166
ISIC_0055393,6.2873936,14.981058
ISIC_0055398,8.00951,10.759791
ISIC_0055412,8.2163105,12.771287
ISIC_0055417,5.7732763,12.992322
ISIC_0055419,8.1213255,13.850722
ISIC_0055421,6.0004463,15.761907
ISIC_0055425,6.093081,13.489921
ISIC_0055438,3.7718842,14.351564
ISIC_0055440,1.8039088,13.934741
ISIC_0055445,1.8576738,13.118906
ISIC_0055451,4.63982,13.0476675
ISIC_0055453,8.49089,12.304826
ISIC_0055454,5.8112216,13.051252
ISIC_0055462,6.3096986,15.265398
ISIC_0055464,5.8126674,12.635729
ISIC_0055465,4.30625,15.7592
ISIC_0055467,9.046517,13.418473
ISIC_0055474,2.3956053,14.132603
ISIC_0055492,6.160772,12.149398
ISIC_0055496,8.4119835,13.750514
ISIC_0055500,8.106715,11.558428
ISIC_0055503,6.201495,13.395209
ISIC_0055511,4.101102,12.244397
ISIC_0055513,3.8958359,15.552227
ISIC_0055517,6.717651,13.788884
ISIC_0055518,2.200412,13.132046
ISIC_0055519,7.025407,14.894834
ISIC_0055525,6.701095,12.496564
ISIC_0055527,7.4547405,16.118748
ISIC_0055528,4.1527286,12.147441
ISIC_0055543,7.57141,12.8712845
ISIC_0055546,7.61255,13.946501
ISIC_0055550,3.3554826,12.877786
ISIC_0055562,8.297222,15.620349
ISIC_0055570,7.2492623,16.288286
ISIC_0055572,8.332615,11.84989
ISIC_0055582,4.697905,12.318406
ISIC_0055613,6.957057,10.868272
ISIC_0055616,7.7362757,10.863804
ISIC_0055618,8.103565,12.76565
ISIC_0055622,6.1254053,14.695045
ISIC_0055623,6.414983,13.322048
ISIC_0055624,7.8872895,15.376892
ISIC_0055631,8.460281,12.302343
ISIC_0055643,5.778748,10.339567
ISIC_0055659,8.363695,13.593253
ISIC_0055665,5.9655294,13.439161
ISIC_0055680,2.4270089,14.328311
ISIC_0055684,6.436593,16.168173
ISIC_0055688,2.3171775,12.894781
ISIC_0055690,4.7763057,12.7408905
ISIC_0055699,8.140084,15.221103
ISIC_0055701,6.1729927,14.742658
ISIC_0055707,8.171583,12.335387
ISIC_0055709,6.0173607,13.227807
ISIC_0055714,3.5053217,13.31238
ISIC_0055720,6.8561506,13.747037
ISIC_0055733,5.128364,12.821949
ISIC_0055742,5.5400195,14.2827425
ISIC_0055743,6.8435993,12.705123
ISIC_0055756,7.695304,14.265645
ISIC_0055759,5.8759193,10.34149
ISIC_0055764,3.4532106,12.958799
ISIC_0055767,8.491291,11.247751
ISIC_0055771,5.949008,13.892803
ISIC_0055776,6.5830965,14.415161
ISIC_0055780,6.2426205,16.348873
ISIC_0055781,4.7310534,13.299447
ISIC_0055783,2.9754162,13.324769
ISIC_0055788,3.7363942,13.839829
ISIC_0055789,8.032257,10.444572
ISIC_0055796,7.6590924,15.84311
ISIC_0055797,5.598548,14.598359
ISIC_0055799,6.8917174,11.913325
ISIC_0055802,5.402762,12.018276
ISIC_0055818,5.667317,14.146276
ISIC_0055820,6.3465576,14.226613
ISIC_0055821,5.4033155,12.113848
ISIC_0055825,5.2819457,11.8400135
ISIC_0055828,8.46178,14.341153
ISIC_0055832,8.749594,14.615228
ISIC_0055840,5.890702,10.237384
ISIC_0055841,3.969535,15.7064295
ISIC_0055854,8.365802,11.911232
ISIC_0055859,6.436782,10.2705145
ISIC_0055862,8.843589,13.350479
ISIC_0055871,2.6216543,13.150178
ISIC_0055876,3.8864148,13.974718
ISIC_0055887,3.5943224,13.856666
ISIC_0055892,4.9404716,13.804644
ISIC_0055896,8.318076,12.351202
ISIC_0055899,7.9116864,11.6669235
ISIC_0055900,8.124181,10.567863
ISIC_0055905,8.879692,14.184981
ISIC_0055907,8.28282,13.541926
ISIC_0055911,2.1596098,13.367369
ISIC_0055930,8.077634,13.523426
ISIC_0055931,4.7641835,13.543645
ISIC_0055937,7.918132,11.36692
ISIC_0055938,6.7224436,14.223638
ISIC_0055953,6.701662,13.442588
ISIC_0055954,6.3375115,13.636821
ISIC_0055960,6.7411036,12.173732
ISIC_0055967,4.367097,14.243771
ISIC_0055984,7.160451,13.8179455
ISIC_0055999,6.6678762,11.013816
ISIC_0056001,8.090388,10.991246
ISIC_0056007,3.0006459,12.4241
ISIC_0056017,6.947141,14.915245
ISIC_0056019,7.9129977,14.284226
ISIC_0056036,7.9036193,15.240184
ISIC_0056041,1.9927564,13.280741
ISIC_0056044,8.189049,11.601227
ISIC_0056047,8.914882,14.225376
ISIC_0056050,3.7858367,15.170896
ISIC_0056051,4.112482,13.710524
ISIC_0056061,8.588245,14.475177
ISIC_0056063,2.362989,14.121295
ISIC_0056079,8.258148,12.986099
ISIC_0056089,7.6777077,15.026997
ISIC_0056092,4.6684546,13.94009
ISIC_0056105,7.5961223,13.978405
ISIC_0056113,7.022806,15.579321
ISIC_0056118,6.11247,14.222147
ISIC_0056130,8.485203,11.289178
ISIC_0056133,7.296984,14.621498
ISIC_0056136,6.282405,15.332851
ISIC_0056138,4.1529317,15.816325
ISIC_0056141,1.8861161,14.646453
ISIC_0056145,7.3259473,14.803859
ISIC_0056152,2.463007,13.058507
ISIC_0056156,2.470189,13.191386
ISIC_0056167,3.460916,12.897095
ISIC_0056170,2.7655725,13.048821
ISIC_0056181,6.824926,16.213888
ISIC_0056185,6.709996,15.69511
ISIC_0056186,8.863067,14.895279
ISIC_0056190,6.4065385,14.27312
ISIC_0056192,6.614346,13.368761
ISIC_0056201,6.247513,10.117221
ISIC_0056202,8.197815,14.965686
ISIC_0056210,7.340094,12.935023
ISIC_0056214,6.6558127,10.68988
ISIC_0056217,8.049247,13.680903
ISIC_0056221,6.4163566,13.960223
ISIC_0056225,2.6751897,11.832289
ISIC_0056228,4.2289133,12.802166
ISIC_0056232,7.7171855,15.02462
ISIC_0056247,3.8746197,13.793181
ISIC_0056261,3.7007017,13.802416
ISIC_0056263,8.557207,12.050987
ISIC_0056269,7.281559,12.000445
ISIC_0056271,7.5314074,11.386445
ISIC_0056283,6.6123657,16.720095
ISIC_0056292,5.5162783,14.440139
ISIC_0056298,8.334257,13.371031
ISIC_0056309,7.727715,10.886137
ISIC_0056319,3.3000236,13.945641
ISIC_0056330,7.535949,10.964199
ISIC_0056337,6.214751,14.679013
ISIC_0056345,6.1686187,14.660927
ISIC_0056347,7.5578017,12.864668
ISIC_0056364,7.948677,13.327802
ISIC_0056382,8.187806,11.999297
ISIC_0056389,7.2877684,14.589009
ISIC_0056392,7.4393616,11.334961
ISIC_0056401,8.164999,11.919507
ISIC_0056403,7.529004,11.633139
ISIC_0056413,5.544606,10.679076
ISIC_0056415,5.352593,14.751741
ISIC_0056422,6.996877,14.11671
ISIC_0056425,3.5011096,14.059377
ISIC_0056428,7.633419,14.85798
ISIC_0056446,7.0248976,14.153658
ISIC_0056447,3.1991503,13.587575
ISIC_0056448,3.868037,13.834157
ISIC_0056449,8.515901,12.075043
ISIC_0056454,5.704626,14.762178
ISIC_0056479,8.895051,12.283933
ISIC_0056481,8.058366,15.566019
ISIC_0056483,7.483738,14.543609
ISIC_0056487,1.9964266,13.71384
ISIC_0056501,2.9247108,13.957557
ISIC_0056511,4.1950226,14.157408
ISIC_0056525,7.704393,15.813053
ISIC_0056527,8.262679,11.0271225
ISIC_0056531,3.514798,13.806029
ISIC_0056546,7.958981,15.302459
ISIC_0056551,6.649185,11.008324
ISIC_0056554,5.0307307,12.188686
ISIC_0056572,6.335569,12.997792
ISIC_0056573,8.755261,13.614141
ISIC_0056601,7.774983,15.339908
ISIC_0056604,6.0658092,16.227274
ISIC_0056612,8.902231,13.346956
ISIC_0056614,5.8977823,14.641268
ISIC_0056625,6.817774,12.951136
ISIC_0056626,8.6417265,13.205994
ISIC_0056632,7.8280015,12.8907795
ISIC_0056644,1.8759011,14.457299
ISIC_0056652,4.471696,14.056885
ISIC_0056655,6.221827,11.209306
ISIC_0056659,6.292823,12.079442
ISIC_0056660,7.015618,11.037267
ISIC_0056676,6.340985,9.929326
ISIC_0056677,3.7500455,12.27371
ISIC_0056680,8.205037,11.971085
ISIC_0056683,2.6834927,12.556072
ISIC_0056684,5.975841,10.730219
ISIC_0056688,8.109568,11.891511
ISIC_0056692,5.749567,16.668127
ISIC_0056710,5.9286494,12.637243
ISIC_0056717,8.582211,11.406928
ISIC_0056719,6.2100782,10.568221
ISIC_0056723,5.4193273,12.08189
ISIC_0056725,7.2114205,12.871433
ISIC_0056728,7.407335,9.934715
ISIC_0056729,5.3316593,13.298908
ISIC_0056739,7.8193917,12.949154
ISIC_0056740,8.653813,13.527804
ISIC_0056749,6.028538,12.821116
ISIC_0056750,6.7439027,12.346754
ISIC_0056751,6.3053923,13.4053955
ISIC_0056753,6.0225296,10.72646
ISIC_0056770,4.7117767,12.801309
ISIC_0056788,7.6830807,12.6223955
ISIC_0056790,3.9858012,13.901543
ISIC_0056796,4.325431,14.600449
ISIC_0056800,8.716773,11.696916
ISIC_0056806,6.208924,15.087973
ISIC_0056814,1.3593185,13.462542
ISIC_0056816,6.967113,16.578989
ISIC_0056817,6.264159,13.312321
ISIC_0056819,6.815798,13.4223995
ISIC_0056820,2.4441643,12.213091
ISIC_0056844,5.038889,14.628001
ISIC_0056848,5.844382,12.727343
ISIC_0056849,7.1322694,11.036505
ISIC_0056851,8.611927,12.658648
ISIC_0056860,7.6851506,11.509527
ISIC_0056863,5.3197007,13.486182
ISIC_0056871,7.968077,11.678653
ISIC_0056876,6.254721,12.136689
ISIC_0056893,6.3400917,14.661497
ISIC_0056900,3.7024996,12.2260685
ISIC_0056901,4.698313,12.134078
ISIC_0056902,7.957518,14.540112
ISIC_0056915,5.2897897,13.113431
ISIC_0056921,4.979769,16.182535
ISIC_0056926,5.8637342,15.111016
ISIC_0056938,3.7401786,13.137383
ISIC_0056940,3.2500157,13.551053
ISIC_0056957,7.129512,11.430927
ISIC_0056967,7.8633046,15.7518215
ISIC_0056974,5.6819625,10.551487
ISIC_0056981,2.5476294,15.087132
ISIC_0056984,7.672914,14.843634
ISIC_0056988,7.711538,11.395432
ISIC_0056991,7.1468787,14.45318
ISIC_0057001,2.6556032,13.444984
ISIC_0057003,7.905068,15.624434
ISIC_0057015,6.9964914,11.689897
ISIC_0057016,4.371917,13.869607
ISIC_0057019,8.498814,14.682452
ISIC_0057023,3.3762624,13.9061165
ISIC_0057025,6.1440916,11.922513
ISIC_0057027,8.016408,11.737799
ISIC_0057033,5.146435,14.299668
ISIC_0057044,8.585981,12.647471
ISIC_0057045,8.235573,14.486699
ISIC_0057048,8.760804,13.294495
ISIC_0057067,8.090346,10.509614
ISIC_0057083,2.5123322,14.177186
ISIC_0057089,4.9644933,14.428413
ISIC_0057113,5.5374594,10.714206
ISIC_0057141,4.455266,13.272095
ISIC_0057147,6.124646,12.29995
ISIC_0057148,2.1535418,14.467276
ISIC_0057152,7.1078873,13.6957245
ISIC_0057154,8.970966,13.208642
ISIC_0057155,7.02589,11.073558
ISIC_0057164,4.053577,16.137022
ISIC_0057169,3.4756303,13.280538
ISIC_0057171,7.605234,13.670344
ISIC_0057172,8.102889,13.877284
ISIC_0057188,2.4678364,14.552906
ISIC_0057192,2.696393,12.412405
ISIC_0057199,8.302135,14.247822
ISIC_0057204,4.503228,14.279133
ISIC_0057211,8.723689,11.95457
ISIC_0057234,5.3093643,14.530352
ISIC_0057235,5.546172,13.65429
ISIC_0057244,7.7765155,14.230058
ISIC_0057252,6.577735,14.745022
ISIC_0057257,6.6026187,12.01965
ISIC_0057286,8.938246,13.263183
ISIC_0057302,8.264753,12.508576
ISIC_0057306,3.2817814,12.9640045
ISIC_0057307,3.1128597,13.391575
ISIC_0057313,6.630117,11.872169
ISIC_0057315,5.7821455,13.714591
ISIC_0057317,6.6017556,14.11682
ISIC_0057323,6.136588,13.469552
ISIC_0057324,8.591694,12.235607
ISIC_0057328,8.652745,11.593646
ISIC_0057331,8.095019,10.57747
ISIC_0057338,6.7839313,12.291338
ISIC_0057344,1.7605902,14.26801
ISIC_0057360,7.3921742,15.200926
ISIC_0057362,5.197993,14.670041
ISIC_0057370,4.7996063,15.62548
ISIC_0057371,4.958005,16.098045
ISIC_0057374,2.5528958,13.218303
ISIC_0057390,6.4277864,13.466634
ISIC_0057395,6.247439,13.377342
ISIC_0057397,7.519716,14.227751
ISIC_0057406,7.8612404,11.512764
ISIC_0057408,6.3062825,15.27588
ISIC_0057412,5.4779425,12.351257
ISIC_0057417,7.922018,10.7754345
ISIC_0057436,3.206915,13.646648
ISIC_0057450,8.048881,10.649876
ISIC_0057457,6.8539762,12.15183
ISIC_0057462,8.382832,15.045997
ISIC_0057465,2.763565,13.79399
ISIC_0057482,1.761804,12.822398
ISIC_0057496,7.7652307,13.11608
ISIC_0057518,8.006379,11.514153
ISIC_0057531,2.2277,12.486067
ISIC_0057534,5.7054386,15.242477
ISIC_0057535,6.0416512,13.614154
ISIC_0057539,6.6321845,15.60645
ISIC_0057545,7.51502,15.624998
ISIC_0057548,5.7964053,13.563655
ISIC_0057554,5.352126,15.502283
ISIC_0057556,8.88993,14.173703
ISIC_0057557,1.9955046,14.562177
ISIC_0057558,7.799825,14.179377
ISIC_0057559,7.9505134,14.228802
ISIC_0057577,8.392235,14.642933
ISIC_0057591,7.651285,15.225882
ISIC_0057593,4.10052,13.162851
ISIC_0057594,6.30692,13.120688
ISIC_0057609,2.1637714,12.605597
ISIC_0057611,6.337236,14.6072035
ISIC_0057615,8.856511,13.155458
ISIC_0057617,6.381771,12.093202
ISIC_0057619,5.8517504,14.364275
ISIC_0057621,7.501827,9.534942
ISIC_0057634,6.732804,10.437079
ISIC_0057656,8.401879,15.403865
ISIC_0057661,8.321272,12.015855
ISIC_0057668,8.211906,11.407183
ISIC_0057672,9.06017,12.963758
ISIC_0057685,7.4937453,10.378813
ISIC_0057687,6.01422,10.689746
ISIC_0057700,7.38672,14.847572
ISIC_0057702,3.7970085,14.289732
ISIC_0057716,3.1053646,12.654673
ISIC_0057725,8.388179,11.4136715
ISIC_0057731,1.287394,13.494959
ISIC_0057734,6.7492647,14.453684
ISIC_0057736,6.4009356,16.563894
ISIC_0057744,5.2674093,12.853907
ISIC_0057747,5.822539,13.892737
ISIC_0057753,2.7808855,13.531733
ISIC_0057759,4.405622,13.998862
ISIC_0057762,4.970683,13.950167
ISIC_0057769,3.2580338,12.427086
ISIC_0057771,6.8680143,11.390285
ISIC_0057782,3.0795448,13.934042
ISIC_0057783,3.1328807,13.828168
ISIC_0057787,8.905598,14.225898
ISIC_0057791,8.373446,12.010742
ISIC_0057808,5.807879,15.01434
ISIC_0057815,6.7964063,14.538509
ISIC_0057821,7.1494875,10.368353
ISIC_0057828,8.564473,12.774211
ISIC_0057838,7.4659343,11.223889
ISIC_0057841,7.9986453,14.57857
ISIC_0057844,8.076082,11.875293
ISIC_0057848,6.173531,12.148988
ISIC_0057851,8.371088,11.865385
ISIC_0057864,2.0258613,13.364569
ISIC_0057870,7.08071,12.530865
ISIC_0057881,7.5817957,11.526068
ISIC_0057891,2.2118542,11.849868
ISIC_0057898,5.4972854,15.839624
ISIC_0057900,8.619157,15.268715
ISIC_0057913,7.9188957,11.092788
ISIC_0057914,2.9499354,13.880252
ISIC_0057921,8.043397,15.406983
ISIC_0057936,7.122547,14.4210205
ISIC_0057938,8.25482,12.222722
ISIC_0057939,8.116027,12.58262
ISIC_0057947,7.356223,9.589418
ISIC_0057949,4.9918823,13.490211
ISIC_0057953,7.5566807,15.7358675
ISIC_0057960,5.9662447,14.691521
ISIC_0057968,6.5565906,15.374384
ISIC_0057973,3.2579114,15.123215
ISIC_0057974,8.405164,12.550586
ISIC_0057976,5.7711544,10.563904
ISIC_0057978,6.4714727,14.20724
ISIC_0057980,6.5779605,10.653315
ISIC_0057996,6.3234086,12.716572
ISIC_0057999,5.0025115,14.505887
ISIC_0058000,5.6497335,12.658925
ISIC_0058003,7.7791734,11.412428
ISIC_0058007,5.517962,14.120011
ISIC_0058010,7.575657,14.629049
ISIC_0058015,7.8346457,14.832262
ISIC_0058016,4.179975,16.028225
ISIC_0058021,6.397796,10.3668585
ISIC_0058024,5.4137464,16.105627
ISIC_0058028,7.2831764,10.975885
ISIC_0058033,8.158071,13.825696
ISIC_0058040,4.2039638,13.98201
ISIC_0058046,1.8587646,13.015854
ISIC_0058047,6.133618,11.954824
ISIC_0058050,8.435148,15.092199
ISIC_0058059,4.9955745,11.953219
ISIC_0058075,5.568956,13.173009
ISIC_0058081,1.8116084,14.576434
ISIC_0058096,8.167241,11.581166
ISIC_0058097,4.8773518,16.021229
ISIC_0058098,4.5494394,11.66003
ISIC_0058115,6.4276567,14.254775
ISIC_0058118,3.9122927,15.666434
ISIC_0058125,4.971183,13.331699
ISIC_0058126,8.067798,10.608559
ISIC_0058127,8.167986,13.62066
ISIC_0058135,4.803622,14.307898
ISIC_0058136,5.729121,14.674762
ISIC_0058138,6.8142776,14.058067
ISIC_0058151,5.821342,14.892953
ISIC_0058154,6.5017157,14.233168
ISIC_0058164,6.909912,14.029576
ISIC_0058168,5.427001,16.413158
ISIC_0058170,6.7308393,12.525669
ISIC_0058173,8.079094,13.923479
ISIC_0058176,6.5330334,16.647001
ISIC_0058181,8.709102,15.230005
ISIC_0058204,6.337179,13.0524645
ISIC_0058206,2.4804282,12.276486
ISIC_0058214,7.6978464,15.390043
ISIC_0058218,5.799993,12.366743
ISIC_0058229,2.5924911,12.995886
ISIC_0058237,7.698265,16.026178
ISIC_0058245,9.379663,14.793477
ISIC_0058249,5.900704,13.483963
ISIC_0058255,1.7584206,14.481748
ISIC_0058270,6.6296377,12.121478
ISIC_0058281,8.602518,13.6172905
ISIC_0058282,1.859297,12.85242
ISIC_0058284,6.6855383,10.462545
ISIC_0058285,9.332848,14.8839245
ISIC_0058298,7.1981006,15.706524
ISIC_0058301,3.5403192,12.953012
ISIC_0058307,6.5604377,15.205064
ISIC_0058308,7.7027597,14.307531
ISIC_0058315,7.224659,9.557292
ISIC_0058319,7.6998787,11.965909
ISIC_0058321,7.9379473,14.810968
ISIC_0058331,8.296256,15.374271
ISIC_0058332,7.4899197,14.56889
ISIC_0058334,8.404129,12.317177
ISIC_0058341,3.6915257,13.5568285
ISIC_0058344,7.076758,15.339784
ISIC_0058346,2.263304,12.562654
ISIC_0058354,5.9614315,13.298062
ISIC_0058368,8.392281,11.377855
ISIC_0058376,4.605991,15.680507
ISIC_0058383,9.076684,13.918733
ISIC_0058391,8.005104,14.754937
ISIC_0058399,3.7084024,13.846778
ISIC_0058407,5.709269,12.891797
ISIC_0058408,7.9820266,15.641228
ISIC_0058418,8.586293,15.545761
ISIC_0058425,9.349444,14.817044
ISIC_0058426,4.4844475,13.302365
ISIC_0058428,4.517823,13.619494
ISIC_0058432,6.986191,16.059822
ISIC_0058439,5.9147625,14.652098
ISIC_0058457,8.076039,11.079147
ISIC_0058458,7.509544,11.896765
ISIC_0058475,2.8512187,13.970741
ISIC_0058492,8.949754,13.173703
ISIC_0058496,5.701846,15.86034
ISIC_0058501,4.382606,16.102999
ISIC_0058503,6.2361445,12.133158
ISIC_0058504,2.7009213,13.428906
ISIC_0058508,7.403919,11.584994
ISIC_0058513,8.55291,11.670099
ISIC_0058526,6.0035996,15.300014
ISIC_0058528,7.121205,14.0698395
ISIC_0058544,5.7617073,14.990062
ISIC_0058548,5.485346,11.358027
ISIC_0058550,5.7272925,16.434376
ISIC_0058559,7.4323845,11.205873
ISIC_0058569,8.0402775,15.627957
ISIC_0058577,5.572612,14.627916
ISIC_0058580,5.560107,10.668493
ISIC_0058597,3.0293963,13.046211
ISIC_0058599,8.18651,13.184285
ISIC_0058607,7.4156213,14.406207
ISIC_0058612,6.733288,15.0361395
ISIC_0058617,5.9890375,12.586616
ISIC_0058621,7.4672017,11.56409
ISIC_0058625,3.2598765,12.522886
ISIC_0058629,8.3175335,10.957262
ISIC_0058630,5.842894,10.546293
ISIC_0058643,7.409141,14.117929
ISIC_0058645,3.0047538,13.390954
ISIC_0058648,7.9973087,11.614341
ISIC_0058649,5.9943933,12.590455
ISIC_0058655,5.916331,10.235014
ISIC_0058658,8.449888,15.5859785
ISIC_0058663,8.820136,13.695763
ISIC_0058666,7.393255,11.975427
ISIC_0058675,4.048714,14.037198
ISIC_0058676,7.977001,13.389952
ISIC_0058697,6.9734216,13.564211
ISIC_0058708,8.586861,15.134708
ISIC_0058713,8.009527,13.327461
ISIC_0058716,2.531928,12.298179
ISIC_0058721,8.172576,10.547162
ISIC_0058723,7.3019967,14.150732
ISIC_0058732,2.6183615,11.648422
ISIC_0058734,7.4690886,14.42638
ISIC_0058743,4.5237665,11.728973
ISIC_0058753,6.672074,10.237673
ISIC_0058757,7.662928,14.032431
ISIC_0058763,6.4462004,13.795997
ISIC_0058768,4.39947,15.979556
ISIC_0058770,8.744364,11.589457
ISIC_0058773,3.2532244,12.7403345
ISIC_0058781,6.8662395,9.674131
ISIC_0058786,8.294335,11.844784
ISIC_0058790,4.381361,14.184607
ISIC_0058791,6.240504,13.336509
ISIC_0058792,6.1606646,13.144578
ISIC_0058794,5.165456,13.251514
ISIC_0058798,7.6318007,11.058114
ISIC_0058807,6.139878,15.150284
ISIC_0058818,4.8585167,12.2265415
ISIC_0058836,5.002831,15.635631
ISIC_0058838,6.4648914,16.734615
ISIC_0058840,3.8964617,15.759782
ISIC_0058851,2.708334,14.519378
ISIC_0058858,4.8152056,13.760522
ISIC_0058862,7.6670814,14.688939
ISIC_0058863,3.7722533,13.260431
ISIC_0058866,7.7960005,10.356071
ISIC_0058875,2.0665462,13.811904
ISIC_0058877,6.391791,16.231367
ISIC_0058880,4.8701086,14.296698
ISIC_0058881,7.911602,11.108159
ISIC_0058887,5.3941865,12.241382
ISIC_0058918,7.043044,12.103757
ISIC_0058926,4.182141,14.355328
ISIC_0058931,5.927928,12.641811
ISIC_0058947,3.972786,12.490315
ISIC_0058957,3.284617,12.946045
ISIC_0058959,2.3009906,12.866892
ISIC_0059005,1.8529205,13.763709
ISIC_0059023,6.285974,10.609406
ISIC_0059026,7.079098,12.152794
ISIC_0059027,8.558722,11.593026
ISIC_0059029,7.8856735,14.285873
ISIC_0059037,8.54063,15.409452
ISIC_0059042,5.386525,13.4921875
ISIC_0059052,5.788909,14.618247
ISIC_0059065,6.238784,12.475635
ISIC_0059066,2.711466,13.391982
ISIC_0059074,5.1622114,12.372091
ISIC_0059076,7.2776966,16.287506
ISIC_0059077,6.294826,12.156651
ISIC_0059079,8.241918,13.093174
ISIC_0059082,8.348077,11.261272
ISIC_0059085,6.2439656,12.973828
ISIC_0059089,4.3054237,15.575542
ISIC_0059090,5.5008554,13.411195
ISIC_0059092,5.5777473,14.657565
ISIC_0059093,7.8756757,14.774906
ISIC_0059103,6.374376,15.286235
ISIC_0059104,7.175585,10.372515
ISIC_0059123,4.4791107,14.548237
ISIC_0059137,5.250164,13.346061
ISIC_0059138,8.245471,10.989948
ISIC_0059140,7.730593,14.244527
ISIC_0059141,4.7551293,13.105399
ISIC_0059147,7.7260923,10.341814
ISIC_0059148,3.419548,12.396229
ISIC_0059160,2.3665671,12.189128
ISIC_0059165,6.595935,14.703267
ISIC_0059169,5.693602,14.294384
ISIC_0059170,4.6241097,15.145383
ISIC_0059171,4.268916,13.147078
ISIC_0059178,7.6876583,15.910713
ISIC_0059188,7.8556767,14.632889
ISIC_0059202,4.648673,14.601641
ISIC_0059209,3.9699652,14.176564
ISIC_0059219,2.2764902,14.624198
ISIC_0059232,6.814294,10.856633
ISIC_0059237,3.831447,14.097058
ISIC_0059253,4.2598014,13.651221
ISIC_0059264,7.321899,12.556253
ISIC_0059269,7.141557,16.144686
ISIC_0059270,6.8740225,9.64523
ISIC_0059272,8.933606,13.445421
ISIC_0059273,7.3447495,11.241664
ISIC_0059284,4.257818,12.398949
ISIC_0059294,1.9494882,13.208072
ISIC_0059313,7.100218,9.57206
ISIC_0059314,3.0571516,12.541254
ISIC_0059315,5.7331824,14.700658
ISIC_0059316,9.069075,12.586184
ISIC_0059318,5.205983,14.818826
ISIC_0059325,7.330189,13.330727
ISIC_0059330,5.193071,16.485355
ISIC_0059336,7.917358,11.386236
ISIC_0059343,4.836179,13.900179
ISIC_0059345,7.2802286,13.490692
ISIC_0059346,6.748286,10.2347355
ISIC_0059349,8.100527,15.177373
ISIC_0059350,3.6822393,13.692027
ISIC_0059353,4.0447106,12.618342
ISIC_0059361,2.9633043,14.199437
ISIC_0059369,7.218499,11.336297
ISIC_0059375,5.7902822,12.274996
ISIC_0059382,7.9664927,12.040692
ISIC_0059386,7.185033,10.820758
ISIC_0059387,7.398272,12.675079
ISIC_0059398,5.5159206,14.599812
ISIC_0059411,8.1980095,15.271368
ISIC_0059415,3.9002135,13.257863
ISIC_0059420,7.801536,10.387892
ISIC_0059421,1.914097,14.038358
ISIC_0059423,2.7320745,13.639519
ISIC_0059424,6.2558107,16.210653
ISIC_0059435,3.6830542,12.393431
ISIC_0059444,5.0874586,13.628268
ISIC_0059446,8.23879,12.041574
ISIC_0059450,6.44855,10.788287
ISIC_0059473,5.134993,13.800175
ISIC_0059478,7.636051,14.685507
ISIC_0059482,4.5211663,15.125236
ISIC_0059486,7.6569896,10.906217
ISIC_0059493,3.2616205,15.127142
ISIC_0059506,6.750012,10.687176
ISIC_0059511,2.1689134,13.7002735
ISIC_0059512,4.62289,12.954265
ISIC_0059521,9.069808,12.73967
ISIC_0059523,3.641738,13.016797
ISIC_0059525,4.1654263,14.929268
ISIC_0059538,3.088003,12.766091
ISIC_0059541,5.93102,10.663462
ISIC_0059547,6.315183,14.621788
ISIC_0059551,5.1255283,16.313576
ISIC_0059554,6.2376823,13.605073
ISIC_0059568,2.8646493,13.983912
ISIC_0059569,5.473877,16.46536
ISIC_0059593,3.325888,13.015978
ISIC_0059595,2.6218817,12.367501
ISIC_0059597,6.519639,14.346389
ISIC_0059601,3.6626935,12.74107
ISIC_0059605,7.785464,12.820298
ISIC_0059608,4.9178233,14.283956
ISIC_0059611,6.678164,11.518204
ISIC_0059628,4.253723,13.351614
ISIC_0059631,6.3041625,10.05413
ISIC_0059632,7.7162256,15.474527
ISIC_0059646,7.42664,9.563573
ISIC_0059668,5.839708,14.590574
ISIC_0059669,6.8418064,16.611584
ISIC_0059671,7.7339563,15.659003
ISIC_0059686,4.730113,13.190907
ISIC_0059703,2.7804263,13.801873
ISIC_0059707,7.0891027,11.073306
ISIC_0059708,5.829409,13.071292
ISIC_0059738,5.1327763,11.932343
ISIC_0059739,7.8112497,11.456978
ISIC_0059747,8.073856,13.474211
ISIC_0059750,6.225558,15.005885
ISIC_0059757,4.6270404,13.865157
ISIC_0059763,7.915183,14.641586
ISIC_0059764,8.417345,11.463219
ISIC_0059768,6.872663,12.36309
ISIC_0059770,8.304838,14.596007
ISIC_0059773,3.0933192,13.490176
ISIC_0059774,2.9584982,12.588656
ISIC_0059777,2.8687878,13.059692
ISIC_0059785,4.396495,13.803662
ISIC_0059786,1.6835732,13.768101
ISIC_0059794,7.1843243,14.895209
ISIC_0059804,7.215774,14.582914
ISIC_0059808,6.8175344,12.342674
ISIC_0059809,2.3691726,11.757858
ISIC_0059810,7.9417157,15.585643
ISIC_0059814,5.5909677,14.294641
ISIC_0059816,8.716533,11.474903
ISIC_0059830,5.7363443,10.521374
ISIC_0059832,7.2954497,13.786043
ISIC_0059838,8.199261,13.046441
ISIC_0059840,8.429877,15.614714
ISIC_0059855,8.768072,13.383998
ISIC_0059859,2.5030918,12.774439
ISIC_0059866,7.705464,14.228901
ISIC_0059869,5.2440023,13.045029
ISIC_0059879,1.7336931,13.835621
ISIC_0059881,6.746356,10.255775
ISIC_0059884,6.3255715,9.965618
ISIC_0059890,3.968963,13.666481
ISIC_0059891,5.8373175,14.204297
ISIC_0059892,4.5119467,12.328315
ISIC_0059897,5.111437,13.886963
ISIC_0059904,7.0523767,15.272459
ISIC_0059905,6.215893,12.077188
ISIC_0059919,8.027539,10.819976
ISIC_0059941,6.467496,12.35472
ISIC_0059948,6.8768935,14.27668
ISIC_0059957,4.322267,13.9824
ISIC_0059958,8.666981,15.136269
ISIC_0059974,6.7233186,14.0376425
ISIC_0059978,7.714514,11.359595
ISIC_0059987,7.9664106,13.272678
ISIC_0059992,6.75463,12.135959
ISIC_0060015,7.827209,14.393313
ISIC_0060022,6.167313,13.596002
ISIC_0060032,5.1068625,13.8681
ISIC_0060033,6.602813,14.611158
ISIC_0060094,9.288346,14.847898
ISIC_0060096,6.941499,11.0293865
ISIC_0060099,6.2911644,15.29609
ISIC_0060104,5.3544264,14.879132
ISIC_0060114,5.7181153,14.597483
ISIC_0060118,6.5896454,14.202694
ISIC_0060140,7.5641856,11.118289
ISIC_0060143,5.693071,10.81783
ISIC_0060147,3.457354,12.380478
ISIC_0060150,3.3872435,13.017591
ISIC_0060153,2.946275,12.339359
ISIC_0060154,3.0805066,12.539761
ISIC_0060155,5.4380393,11.978282
ISIC_0060159,5.9303083,14.916569
ISIC_0060181,8.657146,12.65745
ISIC_0060194,8.348853,11.268827
ISIC_0060197,6.744073,10.281108
ISIC_0060201,7.8659916,10.655285
ISIC_0060212,7.631452,14.645632
ISIC_0060216,4.5039563,14.29545
ISIC_0060218,6.7070236,13.792656
ISIC_0060219,4.346791,15.652454
ISIC_0060222,6.851948,15.909859
ISIC_0060224,6.0562153,12.904961
ISIC_0060233,2.3946385,12.93069
ISIC_0060238,7.574183,13.622798
ISIC_0060239,3.677304,14.3465805
ISIC_0060244,6.1696715,16.40562
ISIC_0060248,4.285707,12.642243
ISIC_0060266,9.039607,13.683312
ISIC_0060270,7.7284427,16.005726
ISIC_0060281,4.793357,14.133762
ISIC_0060297,7.6776443,15.781423
ISIC_0060307,6.8192625,10.444099
ISIC_0060308,7.1405125,14.112188
ISIC_0060313,5.5117326,13.965117
ISIC_0060315,8.393313,15.47907
ISIC_0060326,6.986445,15.8081255
ISIC_0060340,7.4217954,11.585056
ISIC_0060341,5.5340333,14.467901
ISIC_0060342,4.898849,13.420338
ISIC_0060355,8.427801,15.461726
ISIC_0060367,8.087749,10.570377
ISIC_0060376,6.314774,10.780899
ISIC_0060377,7.0704417,13.017613
ISIC_0060380,8.16693,14.332519
ISIC_0060386,3.4255407,14.624407
ISIC_0060393,6.3933153,13.968968
ISIC_0060397,5.967506,12.688849
ISIC_0060399,6.1893387,11.854145
ISIC_0060403,4.3796935,13.779752
ISIC_0060428,1.8027755,13.739588
ISIC_0060446,9.36056,14.821898
ISIC_0060456,4.6491446,14.332141
ISIC_0060459,6.6069255,16.451693
ISIC_0060465,5.0034986,16.414501
ISIC_0060487,6.3850045,12.801473
ISIC_0060495,6.639623,14.268451
ISIC_0060507,4.5375443,15.994936
ISIC_0060508,2.2435524,12.608231
ISIC_0060510,6.6758223,12.666311
ISIC_0060511,5.2700796,14.294883
ISIC_0060525,1.984236,13.320257
ISIC_0060526,6.2351894,15.037351
ISIC_0060528,3.938774,12.632631
ISIC_0060537,7.589486,12.809047
ISIC_0060538,5.3440194,13.10078
ISIC_0060548,6.2084427,14.253682
ISIC_0060555,8.948797,13.34273
ISIC_0060556,7.200723,16.323828
ISIC_0060559,6.0665555,15.257024
ISIC_0060577,4.2585406,15.776164
ISIC_0060583,8.415218,13.67741
ISIC_0060585,8.740538,13.789213
ISIC_0060586,3.3224974,12.71918
ISIC_0060589,6.235122,12.493867
ISIC_0060597,7.4401174,14.57842
ISIC_0060610,4.1745763,14.746813
ISIC_0060616,4.7192917,13.823829
ISIC_0060624,6.4579945,13.698622
ISIC_0060629,6.937576,13.609137
ISIC_0060630,7.285789,12.2343025
ISIC_0060654,6.061895,10.167073
ISIC_0060660,2.2069275,12.993855
ISIC_0060665,5.8616014,14.755992
ISIC_0060671,6.085572,14.923539
ISIC_0060672,6.7864757,12.755343
ISIC_0060676,8.5285015,11.764703
ISIC_0060679,2.7250202,13.172352
ISIC_0060681,7.2690682,14.294442
ISIC_0060693,6.809185,12.060756
ISIC_0060698,7.462594,11.244836
ISIC_0060700,3.580587,13.110312
ISIC_0060713,4.314038,12.365118
ISIC_0060717,7.003507,16.175823
ISIC_0060718,7.5912266,15.708196
ISIC_0060727,6.8387575,12.447816
ISIC_0060728,4.0676165,14.030408
ISIC_0060736,9.387777,14.785711
ISIC_0060741,2.2074845,12.448247
ISIC_0060744,4.6222334,14.4563675
ISIC_0060751,5.625297,10.694407
ISIC_0060752,7.4216347,11.54138
ISIC_0060760,2.3981206,12.895979
ISIC_0060764,2.488671,14.676243
ISIC_0060773,8.292808,11.275148
ISIC_0060795,3.5683792,12.381591
ISIC_0060799,5.3618703,13.427923
ISIC_0060827,7.198478,9.543692
ISIC_0060829,7.263945,10.360013
ISIC_0060832,8.248296,15.530359
ISIC_0060834,7.6392393,9.762214
ISIC_0060836,6.364364,14.128636
ISIC_0060845,5.4019036,14.355329
ISIC_0060873,8.137869,11.676485
ISIC_0060883,7.3728366,9.5962
ISIC_0060886,9.100838,12.518292
ISIC_0060892,3.9640412,14.026288
ISIC_0060893,6.4631133,14.46867
ISIC_0060897,8.503443,14.08501
ISIC_0060898,6.5735435,14.857282
ISIC_0060911,6.551989,15.150317
ISIC_0060916,6.454456,14.204438
ISIC_0060934,7.8450036,12.135675
ISIC_0060936,7.3111463,13.92037
ISIC_0060937,1.8946805,13.185904
ISIC_0060946,8.625069,11.756154
ISIC_0060949,3.0687826,13.693671
ISIC_0060955,7.609419,14.188027
ISIC_0060965,6.618233,13.053514
ISIC_0060967,5.444026,12.222398
ISIC_0060968,3.948396,13.99836
ISIC_0060969,7.637517,15.767851
ISIC_0060971,6.028615,12.090257
ISIC_0060972,8.207122,14.04928
ISIC_0060978,4.789064,13.280282
ISIC_0060979,5.3990664,12.275134
ISIC_0060994,7.4535494,14.087314
ISIC_0060999,7.7550235,15.394549
ISIC_0061001,8.315692,11.040962
ISIC_0061002,5.3726964,12.263559
ISIC_0061003,5.6956472,14.194114
ISIC_0061006,4.041071,14.678867
ISIC_0061008,8.487481,15.15281
ISIC_0061011,5.569018,13.469067
ISIC_0061021,3.5090983,12.547323
ISIC_0061025,6.646756,10.898313
ISIC_0061029,3.9353454,15.201629
ISIC_0061031,6.7494717,13.16295
ISIC_0061032,7.563638,12.238906
ISIC_0061034,6.1720986,12.340242
ISIC_0061045,7.4620423,13.601844
ISIC_0061049,8.343189,15.671155
ISIC_0061052,3.2188776,12.836864
ISIC_0061060,6.2229457,14.8256855
ISIC_0061066,7.8040237,14.704208
ISIC_0061067,4.7037697,14.317772
ISIC_0061070,5.135365,15.1193905
ISIC_0061075,6.584996,15.368497
ISIC_0061077,4.989518,14.103443
ISIC_0061078,3.2547698,15.087249
ISIC_0061079,3.514619,13.03925
ISIC_0061085,6.4874024,14.997665
ISIC_0061104,4.9842424,12.634062
ISIC_0061108,7.469606,13.863457
ISIC_0061112,7.7283373,10.937264
ISIC_0061131,5.99664,14.880243
ISIC_0061141,4.9427886,14.298941
ISIC_0061152,7.501482,15.37379
ISIC_0061155,2.6389513,13.194567
ISIC_0061158,2.9723294,13.465324
ISIC_0061159,8.214887,11.949804
ISIC_0061166,6.2312717,12.886716
ISIC_0061183,3.2213466,12.357182
ISIC_0061185,8.785933,14.412814
ISIC_0061188,8.787692,13.270724
ISIC_0061189,4.335044,14.074535
ISIC_0061191,8.036049,15.3861885
ISIC_0061194,6.013499,10.329229
ISIC_0061195,2.4805136,14.715476
ISIC_0061200,4.342664,12.123927
ISIC_0061224,3.6646943,12.776312
ISIC_0061231,8.472998,15.44903
ISIC_0061244,3.0212207,13.110587
ISIC_0061250,5.4315267,12.227474
ISIC_0061252,6.3959365,14.258332
ISIC_0061257,7.9557424,11.068318
ISIC_0061261,7.979606,13.426936
ISIC_0061279,8.087987,10.500753
ISIC_0061281,7.334302,13.713189
ISIC_0061297,7.416863,11.145458
ISIC_0061300,2.4613914,12.888058
ISIC_0061315,2.2002482,13.676666
ISIC_0061320,7.445951,9.841489
ISIC_0061323,6.7590714,11.590091
ISIC_0061333,4.1640153,14.119423
ISIC_0061334,5.8816733,14.763678
ISIC_0061336,6.1551547,15.038315
ISIC_0061345,8.120584,11.21467
ISIC_0061355,5.6604686,12.379145
ISIC_0061359,6.2973833,12.341279
ISIC_0061362,7.0712757,9.592299
ISIC_0061366,8.2851925,15.007305
ISIC_0061369,3.812699,13.696291
ISIC_0061371,7.1752324,10.712665
ISIC_0061377,8.633401,12.606073
ISIC_0061380,8.605087,12.404121
ISIC_0061382,7.4076233,16.038124
ISIC_0061393,6.368434,14.729485
ISIC_0061407,7.5774293,14.751962
ISIC_0061411,5.9933667,10.697019
ISIC_0061418,5.9410863,15.077412
ISIC_0061424,4.0434804,13.012385
ISIC_0061432,8.673512,15.283527
ISIC_0061434,7.393358,16.174442
ISIC_0061441,8.319005,14.696939
ISIC_0061446,6.9494658,16.654531
ISIC_0061447,1.1317621,13.572214
ISIC_0061448,8.157045,10.892422
ISIC_0061454,4.174657,12.725809
ISIC_0061463,8.335952,12.265769
ISIC_0061466,8.371674,11.882622
ISIC_0061469,5.686226,11.657548
ISIC_0061475,5.971803,12.587807
ISIC_0061479,7.9438577,10.908724
ISIC_0061485,5.7810135,15.279663
ISIC_0061491,8.498581,11.471751
ISIC_0061494,6.4948444,14.002512
ISIC_0061496,6.506828,13.706171
ISIC_0061502,4.77999,14.079739
ISIC_0061508,1.9496118,14.5352
ISIC_0061516,7.745882,11.770452
ISIC_0061518,4.6335583,14.34188
ISIC_0061520,8.219259,11.737112
ISIC_0061529,5.7203093,14.869473
ISIC_0061532,7.0523195,10.297859
ISIC_0061533,6.4177585,13.692978
ISIC_0061547,6.0210304,13.447971
ISIC_0061549,5.722512,14.733139
ISIC_0061553,7.5938625,13.651979
ISIC_0061554,6.2259173,14.10069
ISIC_0061556,6.3839474,14.309686
ISIC_0061559,2.5112813,14.667099
ISIC_0061566,6.6543922,13.200072
ISIC_0061568,7.606082,14.796108
ISIC_0061573,7.2220607,15.409194
ISIC_0061575,1.9665531,14.470352
ISIC_0061580,3.251841,13.477992
ISIC_0061581,4.8360677,14.287927
ISIC_0061583,7.0280423,14.184849
ISIC_0061585,2.4060643,13.645124
ISIC_0061592,7.273697,10.408464
ISIC_0061595,8.558548,13.765724
ISIC_0061608,8.23762,14.896926
ISIC_0061619,2.1275928,11.907952
ISIC_0061623,8.802518,14.8700075
ISIC_0061624,5.981046,14.906179
ISIC_0061625,6.4385123,10.844235
ISIC_0061629,2.464311,13.531332
ISIC_0061630,8.470304,11.278521
ISIC_0061633,7.6085134,14.5997095
ISIC_0061644,8.183096,10.889343
ISIC_0061656,8.08097,13.900343
ISIC_0061660,7.706142,15.799672
ISIC_0061664,8.554653,11.473454
ISIC_0061670,7.1472054,12.1067095
ISIC_0061680,6.2083645,15.042708
ISIC_0061684,7.600304,14.839715
ISIC_0061685,5.875962,14.766377
ISIC_0061699,8.325048,11.433221
ISIC_0061701,7.690777,11.378367
ISIC_0061705,2.3411472,14.400923
ISIC_0061710,8.215496,12.817513
ISIC_0061713,8.914424,14.712729
ISIC_0061715,6.9229608,10.283993
ISIC_0061735,2.4440947,12.774488
ISIC_0061741,7.4649506,15.181669
ISIC_0061756,8.914164,12.721413
ISIC_0061761,5.6594796,13.099648
ISIC_0061770,8.687598,11.462956
ISIC_0061773,7.3192105,14.1681185
ISIC_0061775,6.3855796,11.382291
ISIC_0061782,2.0172586,12.013185
ISIC_0061798,6.6802797,10.966036
ISIC_0061799,7.8148704,11.356505
ISIC_0061812,2.9663548,12.412129
ISIC_0061829,5.74694,12.717097
ISIC_0061831,7.965878,15.398032
ISIC_0061833,7.841206,13.12731
ISIC_0061848,7.3871737,16.211853
ISIC_0061870,7.1208467,14.829079
ISIC_0061880,2.5708416,12.956554
ISIC_0061884,2.453505,12.5538645
ISIC_0061885,4.8268003,13.4826765
ISIC_0061886,4.407742,14.094144
ISIC_0061890,4.468923,12.139906
ISIC_0061894,8.1122465,11.465662
ISIC_0061895,7.51129,14.343073
ISIC_0061900,9.027592,13.196014
ISIC_0061911,7.532933,15.987691
ISIC_0061912,6.830278,14.52565
ISIC_0061915,8.052008,11.105819
ISIC_0061916,3.96827,15.055692
ISIC_0061918,7.550036,14.782035
ISIC_0061922,7.670281,15.794017
ISIC_0061926,2.8821402,13.61692
ISIC_0061928,8.607859,11.409799
ISIC_0061944,6.31946,14.686266
ISIC_0061945,5.9788346,14.747208
ISIC_0061950,8.923211,12.368517
ISIC_0061953,6.086079,14.940238
ISIC_0061954,7.9546437,15.288787
ISIC_0061969,6.228165,13.262057
ISIC_0061971,7.075962,12.581149
ISIC_0061982,5.5083814,12.975221
ISIC_0062000,5.535495,13.686416
ISIC_0062005,7.7268505,15.410803
ISIC_0062010,6.027821,14.7468405
ISIC_0062016,2.3834999,11.898866
ISIC_0062031,7.519852,9.597878
ISIC_0062042,7.914821,15.586096
ISIC_0062063,4.5559726,16.09523
ISIC_0062064,3.3147538,12.336524
ISIC_0062077,4.018369,14.90837
ISIC_0062084,7.835029,13.282291
ISIC_0062099,7.9349627,14.717757
ISIC_0062102,6.93188,9.59508
ISIC_0062103,5.0279865,13.278723
ISIC_0062111,4.077344,15.187109
ISIC_0062112,6.302396,15.310348
ISIC_0062114,7.186782,14.240506
ISIC_0062122,5.865652,12.605265
ISIC_0062125,6.6804514,10.236553
ISIC_0062133,7.5292706,11.558142
ISIC_0062138,4.5872507,16.307571
ISIC_0062149,4.509187,12.398409
ISIC_0062152,6.3983145,14.19857
ISIC_0062154,6.149324,13.979958
ISIC_0062155,6.4292707,14.113226
ISIC_0062158,2.9755952,12.252997
ISIC_0062160,8.891137,14.208722
ISIC_0062161,4.7609153,14.032009
ISIC_0062162,3.299469,12.900273
ISIC_0062163,6.4614835,16.558506
ISIC_0062171,6.4696407,15.241382
ISIC_0062176,8.411433,15.575846
ISIC_0062183,4.3339353,14.319835
ISIC_0062203,3.1160607,12.679812
ISIC_0062206,5.272362,14.009703
ISIC_0062208,6.3682957,13.721729
ISIC_0062211,8.400688,11.880563
ISIC_0062213,3.0568686,11.937248
ISIC_0062220,7.1159077,12.612998
ISIC_0062235,2.862322,13.308581
ISIC_0062239,8.206796,13.547388
ISIC_0062241,4.6504455,13.6909485
ISIC_0062242,5.9217553,12.561622
ISIC_0062248,7.645111,13.830098
ISIC_0062251,3.0059981,12.9590225
ISIC_0062256,2.1114187,11.883268
ISIC_0062260,6.956643,11.447459
ISIC_0062266,8.854924,12.151712
ISIC_0062269,2.7107577,11.802635
ISIC_0062273,5.9532127,15.533386
ISIC_0062280,5.642994,13.164346
ISIC_0062286,5.625423,12.318053
ISIC_0062296,3.922035,15.435075
ISIC_0062298,8.28567,15.668386
ISIC_0062301,8.683967,14.963261
ISIC_0062318,7.621903,16.275984
ISIC_0062323,6.595583,15.694024
ISIC_0062325,8.152716,11.579193
ISIC_0062340,8.163322,11.209812
ISIC_0062350,5.8318815,14.753938
ISIC_0062359,7.2810574,12.153761
ISIC_0062381,2.2772465,13.165047
ISIC_0062382,2.692043,13.002796
ISIC_0062389,2.1436987,13.396721
ISIC_0062401,8.483602,14.643132
ISIC_0062407,4.4669743,13.948314
ISIC_0062423,7.20447,10.358602
ISIC_0062425,4.0510163,15.966704
ISIC_0062434,7.5972505,15.607092
ISIC_0062447,5.846873,10.770543
ISIC_0062453,2.4534662,13.033795
ISIC_0062454,7.737637,11.462047
ISIC_0062457,9.009661,13.338027
ISIC_0062458,4.7953525,14.3231945
ISIC_0062463,8.3088255,13.439553
ISIC_0062468,7.5570154,14.122085
ISIC_0062471,5.991067,12.41653
ISIC_0062474,6.4115305,15.152349
ISIC_0062477,4.687594,12.628299
ISIC_0062478,8.124465,11.5631075
ISIC_0062481,1.9015448,12.688558
ISIC_0062497,5.5815477,13.456229
ISIC_0062505,7.465858,13.510024
ISIC_0062509,6.1183615,15.093772
ISIC_0062515,8.671935,14.652648
ISIC_0062517,7.9526315,14.507469
ISIC_0062523,6.0205617,14.313864
ISIC_0062524,4.557852,13.036281
ISIC_0062525,3.9183462,16.026302
ISIC_0062530,8.1950445,13.6969795
ISIC_0062531,8.055667,14.044109
ISIC_0062536,6.358044,14.6627445
ISIC_0062539,3.4258978,13.929771
ISIC_0062547,7.1624284,14.653506
ISIC_0062551,8.495086,14.829152
ISIC_0062559,2.2613223,11.716221
ISIC_0062562,5.914877,13.399867
ISIC_0062589,6.409352,12.635704
ISIC_0062596,9.328115,14.861359
ISIC_0062602,6.2231855,13.412556
ISIC_0062606,7.819762,13.916674
ISIC_0062626,7.663597,13.589715
ISIC_0062628,3.769754,15.137978
ISIC_0062632,8.365327,11.406924
ISIC_0062633,6.259247,12.126267
ISIC_0062636,6.7704554,11.043587
ISIC_0062639,7.208633,14.39679
ISIC_0062642,4.467585,15.724565
ISIC_0062649,6.6037893,16.245626
ISIC_0062674,8.700298,13.216242
ISIC_0062681,6.1326404,11.979329
ISIC_0062684,6.0041275,11.645293
ISIC_0062688,4.405401,15.817631
ISIC_0062690,8.909658,12.90251
ISIC_0062700,7.3386583,13.720136
ISIC_0062702,3.509425,13.496104
ISIC_0062708,8.667525,11.934627
ISIC_0062709,3.009775,13.320919
ISIC_0062712,2.8898954,13.439696
ISIC_0062716,6.756554,12.048227
ISIC_0062721,8.26516,12.2562475
ISIC_0062723,7.7183857,15.272041
ISIC_0062724,4.1850476,14.185025
ISIC_0062734,4.266074,13.778983
ISIC_0062736,6.226233,12.416028
ISIC_0062762,7.4216623,13.389731
ISIC_0062765,7.8223724,15.413962
ISIC_0062770,1.8709891,14.227439
ISIC_0062780,5.7596817,13.185985
ISIC_0062792,5.08769,12.739974
ISIC_0062806,5.948754,10.740387
ISIC_0062809,5.631458,11.062911
ISIC_0062816,5.2372518,12.925676
ISIC_0062821,4.9195547,13.431734
ISIC_0062827,8.657102,15.004434
ISIC_0062832,6.464806,16.549778
ISIC_0062841,2.934926,12.79959
ISIC_0062844,8.054549,11.927889
ISIC_0062869,5.5164776,13.145746
ISIC_0062879,5.7823057,10.754869
ISIC_0062891,2.4879777,13.584064
ISIC_0062912,4.004594,14.224815
ISIC_0062922,7.2682924,13.831787
ISIC_0062925,7.373586,12.97776
ISIC_0062935,8.233835,13.495837
ISIC_0062944,7.7844124,13.114977
ISIC_0062948,7.783667,11.435259
ISIC_0062952,4.9446607,12.274704
ISIC_0062954,6.9785028,16.678074
ISIC_0062957,1.0561391,13.540004
ISIC_0062970,6.82066,14.829719
ISIC_0062978,6.2076364,13.38337
ISIC_0062983,6.757346,13.182699
ISIC_0062985,8.928001,13.5074415
ISIC_0062991,2.7985477,13.513641
ISIC_0062992,6.396461,14.114552
ISIC_0062994,6.214688,14.925588
ISIC_0062998,8.336708,12.067836
ISIC_0063018,8.29664,14.960457
ISIC_0063026,4.379741,13.521899
ISIC_0063027,3.8013706,14.674956
ISIC_0063032,8.392055,12.497238
ISIC_0063046,7.6962433,11.574975
ISIC_0063056,7.3588114,14.723927
ISIC_0063058,3.9300206,15.893575
ISIC_0063060,6.079533,14.867671
ISIC_0063070,5.100955,11.8168545
ISIC_0063072,8.609369,12.726769
ISIC_0063077,1.8348197,12.646239
ISIC_0063081,2.9846401,13.612263
ISIC_0063087,6.5000763,10.575408
ISIC_0063102,4.417167,14.15144
ISIC_0063103,5.1553035,14.681435
ISIC_0063109,7.249243,10.8309965
ISIC_0063114,5.8745484,15.74578
ISIC_0063124,1.8013806,13.61054
ISIC_0063125,2.1057172,11.84479
ISIC_0063130,2.2281857,14.611203
ISIC_0063131,6.028326,13.397594
ISIC_0063143,7.4157014,16.134918
ISIC_0063148,8.62647,12.707755
ISIC_0063151,8.2319,14.462355
ISIC_0063168,8.177576,15.132681
ISIC_0063169,7.529593,15.332891
ISIC_0063172,2.005252,13.589784
ISIC_0063174,4.291226,15.763123
ISIC_0063180,4.3917603,13.881199
ISIC_0063181,4.634818,14.652046
ISIC_0063182,3.1863997,13.569428
ISIC_0063190,6.992848,14.035288
ISIC_0063191,6.852562,11.126237
ISIC_0063198,7.643752,12.776106
ISIC_0063202,6.3926587,14.981614
ISIC_0063207,7.83029,14.217458
ISIC_0063216,6.6568494,12.942853
ISIC_0063222,7.3025618,13.3455925
ISIC_0063225,6.22569,12.77433
ISIC_0063228,4.469317,12.539124
ISIC_0063233,5.3357935,13.52752
ISIC_0063234,7.75444,14.2868395
ISIC_0063240,6.084558,15.833989
ISIC_0063241,4.0571823,14.148801
ISIC_0063258,6.713346,9.719566
ISIC_0063264,9.370823,14.81993
ISIC_0063266,6.7604837,10.466206
ISIC_0063268,5.333022,14.246398
ISIC_0063271,6.9374924,15.481397
ISIC_0063288,5.3513956,13.275959
ISIC_0063292,8.441882,15.489607
ISIC_0063300,6.785013,12.357963
ISIC_0063302,7.558377,16.202
ISIC_0063305,8.262643,10.637131
ISIC_0063318,7.336613,14.236362
ISIC_0063334,5.5309715,13.732212
ISIC_0063345,6.7577004,10.481807
ISIC_0063349,6.1802406,16.56277
ISIC_0063360,8.118265,10.89007
ISIC_0063362,4.128709,14.23035
ISIC_0063369,7.4455247,14.529224
ISIC_0063373,7.3530254,10.744661
ISIC_0063392,5.9227557,12.71137
ISIC_0063394,1.9329685,14.480383
ISIC_0063410,8.254301,12.2930975
ISIC_0063414,2.5548477,12.70792
ISIC_0063425,2.8552327,13.559053
ISIC_0063437,4.005725,13.324941
ISIC_0063443,6.649663,14.107346
ISIC_0063445,4.210182,14.217681
ISIC_0063447,8.917817,14.627775
ISIC_0063450,3.6149197,15.084398
ISIC_0063456,8.124517,14.234701
ISIC_0063464,1.9107586,13.712003
ISIC_0063467,4.106529,15.513577
ISIC_0063469,6.205303,14.733087
ISIC_0063470,8.049761,10.861989
ISIC_0063475,5.4921308,12.062008
ISIC_0063480,6.7019515,12.507799
ISIC_0063481,8.025165,11.989912
ISIC_0063493,7.519471,14.151938
ISIC_0063496,5.088573,15.653978
ISIC_0063505,6.6649,12.809332
ISIC_0063521,3.6938012,13.680938
ISIC_0063528,6.4027395,16.49618
ISIC_0063537,8.187251,13.364473
ISIC_0063541,9.053175,12.826853
ISIC_0063551,8.071108,15.334814
ISIC_0063566,3.4325204,12.459251
ISIC_0063578,7.3201127,14.932885
ISIC_0063601,6.149096,10.699733
ISIC_0063617,4.4519386,11.71016
ISIC_0063623,3.3573759,12.807722
ISIC_0063625,4.335935,13.775148
ISIC_0063634,3.1243076,12.4181795
ISIC_0063636,6.9648933,16.60526
ISIC_0063641,8.11788,12.558582
ISIC_0063654,4.577568,16.168333
ISIC_0063655,2.157162,14.645405
ISIC_0063660,6.10914,15.252906
ISIC_0063664,5.277526,14.648837
ISIC_0063675,7.235227,12.759115
ISIC_0063679,2.3049643,12.852993
ISIC_0063680,4.433677,12.822801
ISIC_0063687,6.4149866,14.990082
ISIC_0063690,7.973476,12.841225
ISIC_0063691,6.39393,13.290657
ISIC_0063692,2.5841877,12.198361
ISIC_0063693,6.4815817,12.261126
ISIC_0063695,5.927815,13.789494
ISIC_0063704,3.9010456,15.19704
ISIC_0063715,6.9435663,12.03538
ISIC_0063723,2.5328212,14.64584
ISIC_0063724,7.91292,13.897912
ISIC_0063727,6.993249,13.545187
ISIC_0063732,8.182812,11.0793085
ISIC_0063742,4.624628,15.155262
ISIC_0063748,8.07577,15.397356
ISIC_0063750,2.437222,13.621114
ISIC_0063757,2.6193364,13.960549
ISIC_0063759,6.3910003,16.479187
ISIC_0063769,8.499928,13.76682
ISIC_0063775,7.9964514,13.891598
ISIC_0063788,7.1122837,12.017482
ISIC_0063793,7.5573177,13.951994
ISIC_0063795,8.011621,10.823623
ISIC_0063811,5.251951,11.993337
ISIC_0063824,3.1141162,13.597541
ISIC_0063829,6.493708,12.134106
ISIC_0063830,7.507535,12.83692
ISIC_0063839,7.511279,15.030747
ISIC_0063842,8.980901,14.289448
ISIC_0063845,3.0615218,12.756957
ISIC_0063852,5.7395153,12.766588
ISIC_0063870,3.7210972,14.248969
ISIC_0063871,6.9899096,16.658451
ISIC_0063872,6.8450465,10.229108
ISIC_0063873,7.426511,16.116667
ISIC_0063881,9.001311,13.689646
ISIC_0063885,5.8962355,13.11486
ISIC_0063887,8.745438,11.679564
ISIC_0063897,7.897862,13.166317
ISIC_0063908,8.2972145,11.987306
ISIC_0063912,5.6977196,10.701056
ISIC_0063915,5.9410515,12.455435
ISIC_0063926,8.3711605,11.4529085
ISIC_0063937,2.8331802,12.471678
ISIC_0063945,5.9204645,10.846303
ISIC_0063946,4.7866907,14.395679
ISIC_0063950,8.08865,12.231342
ISIC_0063958,6.512537,11.032707
ISIC_0063960,4.614036,13.960416
ISIC_0063973,7.2422156,14.277438
ISIC_0063980,8.730978,13.167153
ISIC_0063981,7.90448,10.576824
ISIC_0063988,4.633033,13.279643
ISIC_0064006,6.844777,9.64837
ISIC_0064014,7.8618684,15.57611
ISIC_0064023,7.525642,14.865359
ISIC_0064033,7.781534,10.898103
ISIC_0064034,7.13351,14.732771
ISIC_0064054,2.1701033,13.283981
ISIC_0064056,3.6793451,15.404421
ISIC_0064058,8.594259,11.50038
ISIC_0064060,2.555155,13.330589
ISIC_0064062,7.7824,14.35685
ISIC_0064072,1.4355611,13.654046
ISIC_0064073,2.6932178,12.73063
ISIC_0064079,4.8139043,14.013781
ISIC_0064080,7.724143,13.832679
ISIC_0064082,5.8659782,14.785725
ISIC_0064100,6.9961247,14.5336275
ISIC_0064102,7.5864563,15.010057
ISIC_0064110,3.11847,13.548655
ISIC_0064114,5.8048587,12.993526
ISIC_0064116,1.7687899,12.898401
ISIC_0064120,8.049687,15.083368
ISIC_0064122,8.403428,12.365719
ISIC_0064129,6.734711,10.593427
ISIC_0064130,7.0115404,13.2716875
ISIC_0064134,5.9350085,10.596043
ISIC_0064141,2.439664,11.6446
ISIC_0064152,6.76859,16.642044
ISIC_0064157,7.803294,13.420188
ISIC_0064167,7.425341,11.618737
ISIC_0064174,5.7877173,14.559849
ISIC_0064180,6.112324,16.65682
ISIC_0064195,3.9615924,15.613992
ISIC_0064201,2.8908327,13.777032
ISIC_0064204,6.254749,10.717058
ISIC_0064209,5.9618587,12.14438
ISIC_0064212,8.498509,11.588097
ISIC_0064229,5.282174,13.451331
ISIC_0064240,6.429519,14.355252
ISIC_0064246,7.3675923,15.096947
ISIC_0064247,8.096543,13.744974
ISIC_0064261,3.6262996,12.933756
ISIC_0064266,6.43618,14.721481
ISIC_0064268,8.83879,13.013151
ISIC_0064270,8.882678,14.951697
ISIC_0064272,8.246246,13.173906
ISIC_0064276,3.722185,15.252188
ISIC_0064279,7.458921,15.0419445
ISIC_0064281,6.619961,14.353573
ISIC_0064294,6.346534,14.053047
ISIC_0064297,4.943315,13.328675
ISIC_0064298,6.7067184,14.138488
ISIC_0064307,8.529817,14.565418
ISIC_0064317,2.3573244,13.034102
ISIC_0064320,1.720031,13.971236
ISIC_0064321,6.715549,13.628641
ISIC_0064328,1.9875878,14.523794
ISIC_0064337,4.321045,14.10947
ISIC_0064339,6.717645,13.131861
ISIC_0064344,4.972614,13.041599
ISIC_0064360,3.5113137,12.994883
ISIC_0064361,8.164197,12.671055
ISIC_0064369,7.59188,15.3060255
ISIC_0064376,6.002152,12.573048
ISIC_0064393,5.975231,13.32042
ISIC_0064406,5.928525,14.555246
ISIC_0064411,7.2682776,15.4619255
ISIC_0064419,4.3871646,15.343137
ISIC_0064427,2.5457242,14.388402
ISIC_0064428,7.3502994,16.05968
ISIC_0064436,8.764022,13.944942
ISIC_0064444,7.9894404,10.444797
ISIC_0064455,4.752726,14.419897
ISIC_0064463,3.5891447,12.794431
ISIC_0064465,6.4471626,14.002327
ISIC_0064472,3.6592598,14.231736
ISIC_0064476,3.0480583,13.603282
ISIC_0064481,7.8819857,11.474271
ISIC_0064483,7.509612,10.281985
ISIC_0064498,7.117129,14.0907955
ISIC_0064507,5.94255,10.252424
ISIC_0064515,7.7971263,13.64455
ISIC_0064517,8.178218,14.530473
ISIC_0064530,6.507405,14.8669615
ISIC_0064531,8.3032255,11.129812
ISIC_0064534,7.5530853,14.38749
ISIC_0064538,6.2058883,12.126263
ISIC_0064550,6.768926,12.106104
ISIC_0064559,8.373239,15.072787
ISIC_0064569,7.831071,10.885142
ISIC_0064575,7.603972,11.290028
ISIC_0064581,8.340259,13.549779
ISIC_0064585,6.655725,11.03899
ISIC_0064589,8.827507,13.002736
ISIC_0064592,7.7239876,12.008748
ISIC_0064606,8.196498,15.172714
ISIC_0064611,4.780867,15.42942
ISIC_0064619,8.73097,13.908709
ISIC_0064623,7.556499,14.616686
ISIC_0064632,4.990767,14.947232
ISIC_0064633,5.525114,14.547704
ISIC_0064645,5.68129,16.581661
ISIC_0064646,5.9413786,14.42357
ISIC_0064656,1.8210965,14.33843
ISIC_0064660,4.3811283,12.75154
ISIC_0064667,7.6437225,9.904451
ISIC_0064668,6.031247,14.708963
ISIC_0064672,4.595665,14.558419
ISIC_0064676,3.6319659,15.050637
ISIC_0064686,4.793445,14.344787
ISIC_0064689,4.3486934,12.668435
ISIC_0064692,3.9415612,15.184408
ISIC_0064693,4.051059,15.744156
ISIC_0064694,7.8236504,11.043208
ISIC_0064721,4.8001018,13.949746
ISIC_0064730,8.780294,13.110442
ISIC_0064732,8.141292,12.051542
ISIC_0064739,7.275137,15.156967
ISIC_0064742,1.8315994,14.215192
ISIC_0064752,8.021369,10.407243
ISIC_0064759,8.921545,13.4230585
ISIC_0064784,8.743093,14.084836
ISIC_0064800,6.5802445,12.199221
ISIC_0064804,5.645166,14.502134
ISIC_0064816,6.565988,14.125113
ISIC_0064821,8.000874,13.002616
ISIC_0064822,2.8188207,11.869614
ISIC_0064823,7.9842277,14.877766
ISIC_0064825,6.2882257,14.596146
ISIC_0064829,8.029768,11.7701025
ISIC_0064835,1.8141636,12.777915
ISIC_0064836,4.838734,12.311297
ISIC_0064840,2.825088,13.979587
ISIC_0064849,8.137168,10.971628
ISIC_0064860,7.967526,15.082253
ISIC_0064868,4.3553114,15.078209
ISIC_0064874,1.9919895,14.022323
ISIC_0064875,8.530951,15.506625
ISIC_0064881,3.230917,13.820284
ISIC_0064887,5.9812202,13.893079
ISIC_0064905,8.546326,13.294775
ISIC_0064907,6.5276036,14.488646
ISIC_0064909,9.127814,13.763001
ISIC_0064910,5.822198,13.923375
ISIC_0064919,8.113105,13.138962
ISIC_0064921,6.2403126,15.306075
ISIC_0064925,8.907397,14.542379
ISIC_0064926,7.7900915,11.292698
ISIC_0064927,2.9363465,12.557223
ISIC_0064929,2.7491405,11.752066
ISIC_0064933,7.48824,12.044951
ISIC_0064936,3.778947,15.586877
ISIC_0064941,8.916448,14.640175
ISIC_0064943,6.6300254,12.31415
ISIC_0064949,8.552743,13.077719
ISIC_0064965,3.7078521,13.78778
ISIC_0064982,4.37502,14.258827
ISIC_0064983,5.770745,10.694053
ISIC_0064986,7.1160045,11.220555
ISIC_0064990,8.075822,10.647711
ISIC_0064992,3.5326197,12.990714
ISIC_0064993,6.5091133,10.254761
ISIC_0064997,6.700333,14.321861
ISIC_0065001,3.8503244,14.022904
ISIC_0065008,7.956994,15.355444
ISIC_0065013,8.007535,14.877192
ISIC_0065022,4.2629595,12.208207
ISIC_0065023,8.147102,13.764812
ISIC_0065025,8.080804,11.662609
ISIC_0065026,6.271631,10.014996
ISIC_0065036,5.808077,15.027315
ISIC_0065039,2.2078238,12.470379
ISIC_0065046,4.357439,12.9434805
ISIC_0065057,5.3137703,12.939623
ISIC_0065059,8.905012,13.336103
ISIC_0065066,7.3517976,14.100298
ISIC_0065099,6.5281386,13.797839
ISIC_0065100,5.782216,12.703615
ISIC_0065106,7.3339024,15.478187
ISIC_0065109,6.9283595,14.05253
ISIC_0065128,4.42591,13.741612
ISIC_0065132,4.1373825,13.9004545
ISIC_0065142,3.2241163,12.929357
ISIC_0065159,7.375421,14.6871195
ISIC_0065168,6.331334,14.174958
ISIC_0065171,2.2351754,13.0211315
ISIC_0065173,6.836491,10.777089
ISIC_0065186,5.9103875,10.466909
ISIC_0065191,6.5754027,14.294148
ISIC_0065192,4.6880317,14.201195
ISIC_0065195,6.2237463,10.716458
ISIC_0065206,2.3521743,12.513362
ISIC_0065210,4.039349,15.73059
ISIC_0065213,7.192737,16.425009
ISIC_0065215,6.8713145,13.820938
ISIC_0065230,8.194222,11.824753
ISIC_0065235,4.1004815,16.184437
ISIC_0065236,4.3787117,12.497456
ISIC_0065248,6.4051538,13.701399
ISIC_0065253,3.6104426,13.6206045
ISIC_0065265,4.631122,14.1065
ISIC_0065267,6.9657564,13.292173
ISIC_0065278,2.8418014,14.534186
ISIC_0065283,4.618517,15.183371
ISIC_0065305,4.2093453,13.887867
ISIC_0065307,7.450755,15.28824
ISIC_0065311,7.0087953,12.443923
ISIC_0065313,6.6365786,11.630884
ISIC_0065315,3.5468812,13.190543
ISIC_0065341,3.2933674,12.479011
ISIC_0065347,6.034688,14.511621
ISIC_0065351,4.243417,14.485221
ISIC_0065363,7.640142,14.268851
ISIC_0065367,7.038794,9.627816
ISIC_0065379,8.973215,13.18939
ISIC_0065382,8.238334,14.383936
ISIC_0065398,3.5564706,13.777776
ISIC_0065402,4.7298517,14.323693
ISIC_0065408,4.2373147,13.083257
ISIC_0065417,5.7856193,10.3157625
ISIC_0065431,6.2777934,14.148162
ISIC_0065434,7.258035,13.1371
ISIC_0065443,4.726788,16.348848
ISIC_0065446,6.891954,11.88691
ISIC_0065448,4.5107,13.156002
ISIC_0065449,7.773898,10.884906
ISIC_0065463,8.482634,15.246938
ISIC_0065477,6.969684,14.963953
ISIC_0065507,8.2512245,11.889215
ISIC_0065512,5.9054713,16.726051
ISIC_0065513,7.056066,11.035109
ISIC_0065516,8.018962,15.027039
ISIC_0065518,4.6104474,16.26232
ISIC_0065521,6.741958,12.748981
ISIC_0065523,7.01515,14.062726
ISIC_0065525,5.2241774,14.296782
ISIC_0065531,2.318638,12.9257145
ISIC_0065532,1.9600983,14.502516
ISIC_0065533,8.001902,12.189128
ISIC_0065535,8.23178,11.288943
ISIC_0065539,2.5760527,14.142331
ISIC_0065571,6.4136024,14.092234
ISIC_0065576,6.397435,13.39245
ISIC_0065577,3.2209127,13.803189
ISIC_0065582,7.566582,14.477948
ISIC_0065590,1.8765582,12.703772
ISIC_0065597,4.413896,12.031635
ISIC_0065598,2.457317,13.60737
ISIC_0065615,7.9278665,13.083928
ISIC_0065618,7.0374975,14.815166
ISIC_0065622,9.069611,13.297379
ISIC_0065627,8.267354,11.368337
ISIC_0065644,8.017072,11.975248
ISIC_0065655,6.613012,16.69501
ISIC_0065658,7.5647736,12.544403
ISIC_0065668,6.224244,10.627025
ISIC_0065671,4.331247,13.548467
ISIC_0065675,3.3700533,12.183411
ISIC_0065694,6.1333675,14.242937
ISIC_0065697,5.824713,13.975773
ISIC_0065698,8.219065,11.004478
ISIC_0065709,6.85002,16.518908
ISIC_0065714,8.297894,15.131499
ISIC_0065727,7.8528137,14.240519
ISIC_0065740,6.730212,13.083533
ISIC_0065742,4.7583294,12.76774
ISIC_0065746,7.5935516,11.69681
ISIC_0065748,7.0587993,9.5641165
ISIC_0065760,8.26925,12.196281
ISIC_0065767,4.2821183,15.848206
ISIC_0065774,8.15479,13.921798
ISIC_0065775,8.606145,13.594974
ISIC_0065781,2.1773365,13.227191
ISIC_0065786,6.1589065,11.930327
ISIC_0065788,6.5300083,14.965752
ISIC_0065801,2.5464454,12.445805
ISIC_0065806,6.824427,14.621895
ISIC_0065807,7.1336093,11.981218
ISIC_0065813,4.23087,12.564801
ISIC_0065823,4.5511856,12.451833
ISIC_0065825,7.508764,14.19513
ISIC_0065843,5.444912,14.312903
ISIC_0065853,4.5971336,14.074363
ISIC_0065858,7.6267076,13.390992
ISIC_0065869,5.6375637,14.806559
ISIC_0065870,2.7522595,12.472843
ISIC_0065872,8.806009,15.140492
ISIC_0065889,4.5729876,15.182891
ISIC_0065895,7.3847756,10.870316
ISIC_0065904,6.8993864,16.064045
ISIC_0065918,6.470185,15.022517
ISIC_0065927,1.9285866,13.626666
ISIC_0065928,7.229062,16.15205
ISIC_0065932,6.759076,12.976222
ISIC_0065943,6.0920296,11.663814
ISIC_0065944,6.870306,11.773387
ISIC_0065945,6.6487737,10.981333
ISIC_0065961,3.5589821,13.29147
ISIC_0065969,4.775328,15.920946
ISIC_0065974,8.011198,14.14051
ISIC_0065997,8.968643,13.243513
ISIC_0066001,7.2033615,14.8383875
ISIC_0066019,8.578241,12.534131
ISIC_0066047,4.5628543,14.097976
ISIC_0066058,8.625968,11.893869
ISIC_0066061,8.936164,14.051194
ISIC_0066066,3.7947621,15.377325
ISIC_0066069,6.996334,14.579139
ISIC_0066075,6.7548766,11.247447
ISIC_0066085,3.900871,12.984147
ISIC_0066093,5.889726,12.450342
ISIC_0066094,8.035905,14.842862
ISIC_0066098,2.5129554,14.006194
ISIC_0066101,7.349793,10.597375
ISIC_0066102,7.13136,14.144789
ISIC_0066106,5.42386,16.33784
ISIC_0066109,4.9179044,14.169293
ISIC_0066116,7.078767,14.558064
ISIC_0066124,7.7005186,15.250273
ISIC_0066127,4.0720716,15.551051
ISIC_0066136,4.270874,15.917192
ISIC_0066143,1.8011353,13.815969
ISIC_0066146,8.931535,12.958613
ISIC_0066154,6.915752,10.231997
ISIC_0066161,5.9591217,12.642457
ISIC_0066165,2.6223383,13.320639
ISIC_0066181,5.2637887,13.997763
ISIC_0066185,8.883026,12.945915
ISIC_0066191,8.144643,12.01889
ISIC_0066200,7.562175,13.2182045
ISIC_0066203,7.984065,15.000539
ISIC_0066204,1.8875583,14.471399
ISIC_0066209,2.7352664,14.397871
ISIC_0066217,8.310738,15.093015
ISIC_0066226,7.8089814,10.859973
ISIC_0066244,8.463676,15.588031
ISIC_0066289,3.6803746,12.725648
ISIC_0066307,3.161813,13.79039
ISIC_0066308,7.956003,10.943986
ISIC_0066316,1.8379496,12.793298
ISIC_0066320,2.3048651,13.688017
ISIC_0066325,7.9121456,14.266045
ISIC_0066332,4.5113807,14.2840395
ISIC_0066336,7.536592,14.1166315
ISIC_0066338,2.8305047,13.296534
ISIC_0066350,7.0456514,14.236767
ISIC_0066352,2.122962,11.837929
ISIC_0066358,6.476399,12.852545
ISIC_0066359,7.0289536,12.508243
ISIC_0066375,5.9369044,12.658671
ISIC_0066376,8.816543,15.077124
ISIC_0066378,7.895385,11.828407
ISIC_0066379,8.3811035,15.366135
ISIC_0066382,7.1500006,15.687705
ISIC_0066384,5.778162,13.887307
ISIC_0066390,6.8473606,14.146013
ISIC_0066394,6.5993004,13.969238
ISIC_0066399,6.8251247,16.590952
ISIC_0066401,8.586282,13.976077
ISIC_0066403,2.4489005,13.99007
ISIC_0066412,3.8697655,13.940791
ISIC_0066422,7.3007326,10.551382
ISIC_0066423,3.8230546,15.269901
ISIC_0066426,8.931447,13.341727
ISIC_0066428,5.734203,12.396345
ISIC_0066430,7.45195,14.483598
ISIC_0066448,4.444439,15.6423235
ISIC_0066470,1.6596282,13.82661
ISIC_0066476,5.75444,14.6874275
ISIC_0066481,2.384731,11.638462
ISIC_0066483,7.558003,12.587194
ISIC_0066492,4.568762,15.94259
ISIC_0066497,8.138935,13.937551
ISIC_0066499,4.37659,14.416953
ISIC_0066500,9.351332,14.855666
ISIC_0066505,5.9511905,10.590683
ISIC_0066506,6.1312404,14.270311
ISIC_0066515,3.9855726,13.137393
ISIC_0066516,8.500789,12.574573
ISIC_0066518,4.5673337,11.6672325
ISIC_0066519,6.0849004,14.58937
ISIC_0066520,8.42678,13.150365
ISIC_0066532,3.7653563,12.771095
ISIC_0066533,6.7669187,15.636006
ISIC_0066535,6.6330113,11.773227
ISIC_0066560,8.091761,12.791923
ISIC_0066564,5.970346,12.271197
ISIC_0066568,4.6970696,14.444255
ISIC_0066588,3.937006,14.047355
ISIC_0066589,3.7863264,15.192107
ISIC_0066593,5.1244683,11.937812
ISIC_0066603,8.303085,14.115053
ISIC_0066609,5.879049,12.638592
ISIC_0066612,1.790305,13.775073
ISIC_0066613,5.604192,10.624607
ISIC_0066626,2.0212586,14.40738
ISIC_0066627,8.436962,12.778582
ISIC_0066629,8.137051,10.66591
ISIC_0066631,7.0956054,14.63224
ISIC_0066633,7.3229346,15.000145
ISIC_0066637,3.3232,13.535893
ISIC_0066649,6.767458,10.25989
ISIC_0066650,2.5873225,13.040563
ISIC_0066662,8.221501,11.949713
ISIC_0066671,8.011547,14.078176
ISIC_0066678,3.0196729,13.204798
ISIC_0066690,7.9059815,10.59994
ISIC_0066693,6.1729636,14.750087
ISIC_0066710,7.3093877,14.82926
ISIC_0066716,7.8633075,10.225797
ISIC_0066722,7.6248436,13.833065
ISIC_0066733,2.8610196,13.204055
ISIC_0066744,6.6424694,13.235927
ISIC_0066750,4.752446,12.84149
ISIC_0066756,7.2113066,11.623818
ISIC_0066766,6.712023,14.47637
ISIC_0066767,5.2931137,13.508387
ISIC_0066769,6.7130184,15.574592
ISIC_0066776,5.640497,11.221883
ISIC_0066783,8.299592,14.359002
ISIC_0066792,7.9164968,11.237726
ISIC_0066802,7.9607964,11.140075
ISIC_0066811,8.330975,11.951303
ISIC_0066815,8.10178,10.61623
ISIC_0066844,7.9270864,12.920296
ISIC_0066845,7.2597275,14.797953
ISIC_0066848,5.935876,13.6167755
ISIC_0066854,4.5309296,14.501695
ISIC_0066855,3.9574063,14.399004
ISIC_0066860,5.120715,13.801651
ISIC_0066863,7.0987267,15.934868
ISIC_0066865,6.7389464,10.5025425
ISIC_0066867,7.916803,12.751022
ISIC_0066869,3.9829445,13.066802
ISIC_0066882,5.778262,14.804907
ISIC_0066886,5.7162266,12.929455
ISIC_0066907,2.1300616,14.837721
ISIC_0066910,6.675644,10.250344
ISIC_0066918,6.584077,13.274662
ISIC_0066921,8.811928,12.026067
ISIC_0066927,7.6532845,11.841009
ISIC_0066931,4.1239405,12.502462
ISIC_0066933,8.261473,11.889161
ISIC_0066935,7.1255937,10.343854
ISIC_0066947,7.7186,14.524685
ISIC_0066952,8.113264,12.212362
ISIC_0066969,8.473698,13.42053
ISIC_0066977,5.883731,13.354691
ISIC_0066994,8.375952,11.922202
ISIC_0067005,5.727408,10.486068
ISIC_0067008,7.960704,14.463305
ISIC_0067009,4.8129387,16.278116
ISIC_0067054,2.4830477,13.209337
ISIC_0067062,8.106254,10.730939
ISIC_0067069,6.6200166,16.121317
ISIC_0067083,4.0173154,12.748401
ISIC_0067101,8.090215,11.148616
ISIC_0067120,2.2903771,14.669005
ISIC_0067126,8.348024,13.1353
ISIC_0067129,8.988407,12.298442
ISIC_0067134,7.6248064,13.925364
ISIC_0067151,8.947622,13.347798
ISIC_0067159,3.635568,14.20584
ISIC_0067160,4.6531034,15.163222
ISIC_0067167,5.567449,16.608477
ISIC_0067171,6.381654,14.324752
ISIC_0067188,3.4980667,15.031452
ISIC_0067191,6.3057165,14.763931
ISIC_0067193,6.673168,12.882082
ISIC_0067194,5.3252115,15.292243
ISIC_0067197,6.895462,16.378489
ISIC_0067200,3.48812,13.01892
ISIC_0067202,3.059348,14.728199
ISIC_0067206,8.871173,15.230727
ISIC_0067208,7.876037,15.576779
ISIC_0067210,4.351955,13.311893
ISIC_0067225,7.348534,9.552131
ISIC_0067233,7.412742,10.770866
ISIC_0067235,2.2675657,12.497956
ISIC_0067240,5.420247,14.249507
ISIC_0067248,8.333162,11.252187
ISIC_0067253,2.4928186,13.037306
ISIC_0067274,5.4631605,13.722673
ISIC_0067276,6.8276815,14.529936
ISIC_0067284,3.5840204,15.01856
ISIC_0067308,5.6514215,13.529351
ISIC_0067317,3.3877022,12.382246
ISIC_0067318,3.739812,13.31273
ISIC_0067325,8.071892,11.326359
ISIC_0067333,5.7905865,12.3404045
ISIC_0067335,6.1095285,12.120283
ISIC_0067339,8.559128,13.263055
ISIC_0067347,3.4357634,12.370852
ISIC_0067350,2.7254903,13.110754
ISIC_0067353,7.6162972,13.3019
ISIC_0067365,8.016918,11.40548
ISIC_0067367,7.406026,13.972848
ISIC_0067375,4.9818373,14.667194
ISIC_0067395,7.8477764,15.345081
ISIC_0067404,6.759951,16.031633
ISIC_0067405,6.1487875,14.896812
ISIC_0067417,2.1192758,13.604142
ISIC_0067418,4.4096174,13.923343
ISIC_0067438,6.840795,16.533482
ISIC_0067443,2.3637474,14.521229
ISIC_0067452,6.78019,10.617432
ISIC_0067458,1.7022622,13.095381
ISIC_0067460,7.711041,9.996817
ISIC_0067461,6.8521056,13.17576
ISIC_0067466,6.2793555,10.046634
ISIC_0067485,4.653547,15.204622
ISIC_0067488,6.606545,15.80024
ISIC_0067489,7.708867,15.104038
ISIC_0067495,8.259472,13.817064
ISIC_0067502,6.724939,13.957361
ISIC_0067504,7.486757,14.995303
ISIC_0067510,8.028077,11.429921
ISIC_0067511,7.178698,14.657061
ISIC_0067513,8.836078,14.589329
ISIC_0067515,7.7844925,11.123188
ISIC_0067518,8.228254,13.691233
ISIC_0067521,3.3900232,12.663162
ISIC_0067534,3.8373616,12.767136
ISIC_0067536,8.087733,12.62633
ISIC_0067543,5.927408,12.265924
ISIC_0067549,2.0466835,13.374784
ISIC_0067553,8.624082,15.078393
ISIC_0067564,6.499907,16.266264
ISIC_0067565,4.0281887,16.173483
ISIC_0067566,5.954955,16.501633
ISIC_0067576,8.357048,12.806426
ISIC_0067577,3.014515,13.092325
ISIC_0067598,2.470472,12.685536
ISIC_0067601,3.3144374,13.065082
ISIC_0067602,1.10631,13.550499
ISIC_0067619,7.5051956,9.604481
ISIC_0067625,6.0709305,14.636252
ISIC_0067629,8.285778,15.353005
ISIC_0067630,6.6049085,10.123555
ISIC_0067636,6.769368,13.937225
ISIC_0067653,7.799416,15.425233
ISIC_0067655,8.311595,12.597116
ISIC_0067667,6.67025,12.16304
ISIC_0067671,5.4917874,16.267735
ISIC_0067685,8.154692,14.755397
ISIC_0067689,9.401227,14.728369
ISIC_0067695,3.040783,12.528781
ISIC_0067696,7.551974,11.206469
ISIC_0067697,5.368653,16.549906
ISIC_0067704,4.193694,12.632037
ISIC_0067711,9.040513,12.673349
ISIC_0067716,2.1054053,13.655045
ISIC_0067719,8.011948,11.822162
ISIC_0067722,5.823933,10.738267
ISIC_0067731,7.371028,14.941417
ISIC_0067733,4.2362065,16.063461
ISIC_0067743,7.9906454,13.677138
ISIC_0067747,6.418335,13.5421095
ISIC_0067756,6.6094346,14.808803
ISIC_0067757,9.076642,13.745785
ISIC_0067758,7.8403263,15.595071
ISIC_0067776,7.0865664,13.910701
ISIC_0067782,8.668078,13.129806
ISIC_0067789,7.4194922,13.83076
ISIC_0067798,8.301259,14.160927
ISIC_0067804,3.140025,12.560509
ISIC_0067805,6.5869045,14.908737
ISIC_0067808,7.4955425,14.876779
ISIC_0067816,6.6512375,10.38281
ISIC_0067821,6.816226,14.338477
ISIC_0067825,6.113326,10.814732
ISIC_0067830,6.4669576,15.210897
ISIC_0067831,5.89129,10.372021
ISIC_0067836,6.058131,14.044123
ISIC_0067843,7.1452165,10.905622
ISIC_0067845,5.746028,13.36855
ISIC_0067847,7.3950577,12.858746
ISIC_0067849,2.3944132,13.042817
ISIC_0067857,3.2938304,12.786798
ISIC_0067873,6.6629195,12.81162
ISIC_0067885,7.120716,15.04053
ISIC_0067889,8.168697,15.254591
ISIC_0067890,6.2707815,13.190344
ISIC_0067891,5.1835227,13.017404
ISIC_0067893,5.2439356,12.346169
ISIC_0067896,6.8445396,11.619521
ISIC_0067897,8.8945875,13.200759
ISIC_0067902,4.8906207,12.303198
ISIC_0067905,3.7487476,14.43385
ISIC_0067933,4.8172483,15.019641
ISIC_0067934,5.882847,14.864048
ISIC_0067947,8.470791,13.219348
ISIC_0067949,5.944117,16.72931
ISIC_0067952,6.5845675,16.536356
ISIC_0067953,7.137345,15.355155
ISIC_0067960,5.024441,14.495253
ISIC_0067969,6.4339,15.004494
ISIC_0067972,4.1012945,13.944045
ISIC_0067979,6.2574344,13.548825
ISIC_0068000,4.48864,12.299643
ISIC_0068003,7.02136,9.678992
ISIC_0068011,8.9140415,13.266282
ISIC_0068012,4.850148,15.717909
ISIC_0068013,8.089568,14.602299
ISIC_0068015,4.8932223,15.310348
ISIC_0068023,7.80563,11.448058
ISIC_0068043,8.008286,15.177955
ISIC_0068048,4.6085544,15.165126
ISIC_0068055,6.255129,14.624959
ISIC_0068060,1.107121,13.5283375
ISIC_0068064,5.6738987,10.530146
ISIC_0068069,8.351788,11.071764
ISIC_0068073,5.996279,14.717998
ISIC_0068080,7.0639787,13.954781
ISIC_0068107,8.104686,11.274881
ISIC_0068114,7.758902,10.342675
ISIC_0068117,5.460944,14.799993
ISIC_0068118,4.621319,15.981407
ISIC_0068119,4.3966455,13.675442
ISIC_0068121,8.647774,12.292104
ISIC_0068128,4.609753,15.207837
ISIC_0068129,4.527715,13.785659
ISIC_0068137,2.2471514,13.089823
ISIC_0068143,7.641041,11.016473
ISIC_0068152,4.875277,14.43982
ISIC_0068153,7.8775954,11.168682
ISIC_0068164,6.4261823,12.031081
ISIC_0068166,4.0177913,12.807522
ISIC_0068178,6.3475223,16.769564
ISIC_0068188,4.3584137,15.636278
ISIC_0068189,8.490673,14.881241
ISIC_0068200,5.9135695,11.68935
ISIC_0068202,1.7813514,13.0347185
ISIC_0068206,6.8314247,11.49145
ISIC_0068209,5.9203324,12.648794
ISIC_0068211,8.232733,12.053612
ISIC_0068218,7.482579,16.152538
ISIC_0068227,6.6813264,13.848815
ISIC_0068233,5.540457,14.048128
ISIC_0068234,6.2166,10.070675
ISIC_0068239,7.4408445,15.022693
ISIC_0068247,7.6638703,13.661135
ISIC_0068252,6.0501437,16.104362
ISIC_0068273,3.357678,12.917738
ISIC_0068275,7.7538037,10.917006
ISIC_0068276,5.7734327,11.809345
ISIC_0068282,2.4078932,12.11547
ISIC_0068290,5.968427,16.723888
ISIC_0068291,4.1434035,13.542796
ISIC_0068294,7.6382127,12.290927
ISIC_0068299,6.2151356,10.621488
ISIC_0068303,3.9308982,11.867018
ISIC_0068315,6.7701397,12.175339
ISIC_0068318,4.6608844,15.121489
ISIC_0068321,6.785336,16.144058
ISIC_0068331,5.4008484,14.397136
ISIC_0068343,7.403996,9.913028
ISIC_0068347,8.551277,11.520263
ISIC_0068382,2.2591593,12.483608
ISIC_0068383,8.370804,14.852624
ISIC_0068385,6.2012115,14.592776
ISIC_0068393,5.990269,14.595069
ISIC_0068396,6.0442424,13.279094
ISIC_0068403,8.840657,13.088888
ISIC_0068407,4.3329744,12.759099
ISIC_0068411,8.508574,14.788538
ISIC_0068427,5.494304,12.50491
ISIC_0068438,6.314279,10.78459
ISIC_0068452,1.0536513,13.549291
ISIC_0068460,6.5867963,16.657934
ISIC_0068463,7.766836,12.384663
ISIC_0068465,3.216998,14.642222
ISIC_0068468,3.8610528,14.180337
ISIC_0068488,7.187033,10.347288
ISIC_0068513,6.3632936,16.214077
ISIC_0068524,6.177992,14.071364
ISIC_0068527,7.824156,13.576971
ISIC_0068528,7.4413676,12.07019
ISIC_0068537,3.759877,13.231593
ISIC_0068555,7.766212,13.556818
ISIC_0068560,4.4460053,13.169097
ISIC_0068576,2.9782226,11.806409
ISIC_0068578,3.8765533,13.935298
ISIC_0068581,8.282036,15.623499
ISIC_0068583,4.416293,13.907006
ISIC_0068584,7.964961,13.866423
ISIC_0068586,7.9404263,15.611508
ISIC_0068609,6.6371717,14.821982
ISIC_0068614,7.157064,9.574585
ISIC_0068616,8.64861,11.70486
ISIC_0068617,8.085427,11.351957
ISIC_0068627,3.5142984,12.730862
ISIC_0068628,7.141927,14.978503
ISIC_0068629,6.896907,9.6367445
ISIC_0068633,4.070377,15.073197
ISIC_0068638,7.616415,14.326934
ISIC_0068660,6.3923135,12.63867
ISIC_0068682,4.140394,13.815577
ISIC_0068700,2.2096562,12.633883
ISIC_0068715,6.8857565,11.891651
ISIC_0068717,5.6762743,14.67536
ISIC_0068721,6.3149276,16.4806
ISIC_0068727,5.677036,14.195813
ISIC_0068730,7.19422,13.84958
ISIC_0068744,8.801095,15.312215
ISIC_0068747,6.74933,13.79382
ISIC_0068759,5.910691,10.444191
ISIC_0068760,7.8441963,13.866645
ISIC_0068761,7.5660863,13.567981
ISIC_0068766,5.045491,11.768532
ISIC_0068776,2.1540108,13.766422
ISIC_0068778,7.8284693,13.096293
ISIC_0068800,4.531277,14.292238
ISIC_0068808,5.5275245,13.223233
ISIC_0068817,8.241465,11.431473
ISIC_0068818,6.6402884,12.2604475
ISIC_0068819,8.043309,11.225422
ISIC_0068840,5.805695,13.44945
ISIC_0068850,5.9269366,15.18688
ISIC_0068851,6.6214433,10.237899
ISIC_0068874,7.4308023,14.891923
ISIC_0068881,6.5860434,10.8847275
ISIC_0068882,6.9525127,16.15138
ISIC_0068884,8.357195,12.986157
ISIC_0068895,8.634616,14.908158
ISIC_0068897,5.1541553,14.345679
ISIC_0068900,5.473039,11.944941
ISIC_0068905,7.855913,11.817906
ISIC_0068907,6.700345,12.160021
ISIC_0068911,8.295345,15.15455
ISIC_0068917,7.6435466,10.647188
ISIC_0068921,6.014939,14.6168
ISIC_0068924,8.399186,15.702356
ISIC_0068928,6.061351,10.584499
ISIC_0068929,1.1093677,13.551583
ISIC_0068931,2.3934948,11.819136
ISIC_0068936,6.8205495,9.670236
ISIC_0068941,6.081685,10.30966
ISIC_0068961,4.6524324,13.397397
ISIC_0068962,8.531015,11.977306
ISIC_0068966,5.102361,13.420767
ISIC_0068975,3.0967493,11.85979
ISIC_0068979,6.1427784,15.0763235
ISIC_0068981,2.979288,12.578874
ISIC_0068993,3.6479123,14.106565
ISIC_0069003,4.7922187,14.659331
ISIC_0069008,8.18755,11.050914
ISIC_0069024,6.682107,12.913219
ISIC_0069028,5.4807825,13.872186
ISIC_0069029,2.5848145,13.4054785
ISIC_0069042,2.2104654,13.541003
ISIC_0069058,6.988763,15.668165
ISIC_0069059,7.361182,14.893174
ISIC_0069062,2.069237,11.825826
ISIC_0069065,2.6472168,11.637996
ISIC_0069068,5.015171,12.521331
ISIC_0069070,6.3226886,16.531334
ISIC_0069072,5.2338185,14.650007
ISIC_0069076,7.6873817,14.414079
ISIC_0069077,1.7738571,14.463029
ISIC_0069091,5.7396007,13.507184
ISIC_0069093,6.151108,12.879879
ISIC_0069102,2.447654,13.231976
ISIC_0069105,4.445375,15.80801
ISIC_0069108,2.585589,13.578312
ISIC_0069112,8.83899,14.998097
ISIC_0069119,7.4661207,11.249692
ISIC_0069148,7.803271,14.765931
ISIC_0069156,7.2299156,14.691683
ISIC_0069158,3.3436153,12.25984
ISIC_0069165,6.583993,14.0317335
ISIC_0069167,4.036914,16.220547
ISIC_0069179,7.280429,12.075053
ISIC_0069192,8.1204195,13.855446
ISIC_0069197,8.133956,12.651872
ISIC_0069199,8.035747,12.451961
ISIC_0069204,3.067535,13.446615
ISIC_0069210,4.19906,12.61192
ISIC_0069230,6.853146,15.69021
ISIC_0069238,8.3618,12.327048
ISIC_0069245,4.890396,11.825903
ISIC_0069246,7.6191998,11.673534
ISIC_0069248,8.819853,13.523404
ISIC_0069257,2.4826455,12.668058
ISIC_0069262,6.267699,12.748247
ISIC_0069264,6.4937253,12.731433
ISIC_0069267,3.9704313,14.688812
ISIC_0069273,3.7773294,13.092914
ISIC_0069277,7.2802706,11.550786
ISIC_0069292,6.1697836,16.527834
ISIC_0069293,6.6504645,12.245255
ISIC_0069315,8.30128,11.963537
ISIC_0069358,5.7643437,14.582107
ISIC_0069361,6.971074,11.02414
ISIC_0069365,4.292154,12.209085
ISIC_0069369,5.2792506,14.696045
ISIC_0069380,5.2110434,12.217509
ISIC_0069385,1.9033066,13.163277
ISIC_0069386,5.677077,14.908804
ISIC_0069391,4.668763,13.228785
ISIC_0069395,4.105122,16.231867
ISIC_0069402,2.165733,14.618141
ISIC_0069411,7.928269,11.594172
ISIC_0069416,8.214718,11.427737
ISIC_0069432,7.225601,16.331106
ISIC_0069437,7.4955564,11.858727
ISIC_0069457,6.810248,10.399415
ISIC_0069459,6.931168,16.16303
ISIC_0069466,7.3113437,13.283064
ISIC_0069473,6.742164,10.556525
ISIC_0069475,4.43799,11.708913
ISIC_0069479,6.1428456,12.186717
ISIC_0069481,8.171315,13.186878
ISIC_0069488,3.05178,12.690954
ISIC_0069504,2.5443454,13.455177
ISIC_0069508,8.1681185,15.590112
ISIC_0069509,7.162936,13.2357435
ISIC_0069511,5.34581,12.287886
ISIC_0069514,7.0618615,13.876581
ISIC_0069515,2.958372,13.899765
ISIC_0069536,6.0503316,16.582668
ISIC_0069540,6.737793,12.135371
ISIC_0069573,6.64695,16.720829
ISIC_0069583,5.9781013,13.322832
ISIC_0069591,8.361698,14.0351
ISIC_0069592,7.48421,9.5914135
ISIC_0069595,4.309116,12.066131
ISIC_0069617,3.9839292,13.708057
ISIC_0069620,8.108245,13.882813
ISIC_0069622,6.249513,12.246539
ISIC_0069624,2.9615884,13.614589
ISIC_0069626,2.8577833,13.084387
ISIC_0069635,8.640739,11.707043
ISIC_0069638,6.5029936,10.865494
ISIC_0069657,3.8707676,15.938696
ISIC_0069660,2.0801501,12.849915
ISIC_0069668,8.055541,14.372646
ISIC_0069669,8.075587,11.355387
ISIC_0069671,7.205989,12.488107
ISIC_0069705,8.29348,15.656879
ISIC_0069727,2.951004,12.211348
ISIC_0069733,8.166307,11.645778
ISIC_0069736,7.934452,15.450752
ISIC_0069743,3.0554292,12.902998
ISIC_0069747,5.047257,14.433955
ISIC_0069775,6.643077,11.916073
ISIC_0069791,6.080973,12.285947
ISIC_0069810,8.009763,10.428006
ISIC_0069819,7.3127313,15.809364
ISIC_0069821,4.0487733,14.088344
ISIC_0069833,2.8095343,12.5184
ISIC_0069841,4.423304,13.157584
ISIC_0069851,1.8465048,14.623109
ISIC_0069859,5.5885534,10.543082
ISIC_0069860,3.9810202,15.149975
ISIC_0069864,8.539667,15.476325
ISIC_0069873,8.29096,12.171439
ISIC_0069889,6.97785,14.5323925
ISIC_0069891,7.6274967,14.236112
ISIC_0069908,8.398078,15.292277
ISIC_0069918,8.140245,15.470296
ISIC_0069920,6.8573856,10.37911
ISIC_0069922,5.7879496,11.518168
ISIC_0069929,9.0128,13.41375
ISIC_0069946,8.673239,11.512844
ISIC_0069951,7.159113,16.230099
ISIC_0069958,5.8940134,13.350728
ISIC_0069967,7.1388025,13.730373
ISIC_0069970,8.164049,13.71943
ISIC_0069977,5.8627386,14.653148
ISIC_0069984,8.578693,15.502814
ISIC_0069986,8.492076,11.238387
ISIC_0069988,6.1500974,10.397328
ISIC_0069995,4.061494,13.018791
ISIC_0070006,8.987939,13.186596
ISIC_0070012,6.1732535,10.877849
ISIC_0070017,4.418646,14.141472
ISIC_0070018,7.0129986,9.577534
ISIC_0070032,5.9193997,13.874177
ISIC_0070045,7.050874,14.161876
ISIC_0070049,6.426092,14.6804
ISIC_0070050,6.9063144,16.001356
ISIC_0070051,6.7162204,12.519551
ISIC_0070061,4.259634,13.905035
ISIC_0070068,5.2402253,12.527484
ISIC_0070089,8.140543,10.6009445
ISIC_0070092,7.0490274,13.885423
ISIC_0070093,1.1008062,13.550564
ISIC_0070095,2.0892613,11.849361
ISIC_0070105,1.7810202,14.453824
ISIC_0070107,4.504271,13.0469475
ISIC_0070108,8.430251,13.946718
ISIC_0070109,6.013088,10.626049
ISIC_0070110,6.309092,12.765336
ISIC_0070114,5.054569,12.51681
ISIC_0070120,8.94348,13.356522
ISIC_0070123,3.9408042,15.87365
ISIC_0070129,4.0343585,12.476064
ISIC_0070137,8.715365,15.024595
ISIC_0070139,6.1067367,12.906064
ISIC_0070141,2.3215294,11.730201
ISIC_0070149,9.110539,12.51486
ISIC_0070170,6.1849384,10.775059
ISIC_0070172,2.400315,14.987968
ISIC_0070207,7.4133134,11.845038
ISIC_0070215,8.302363,15.379784
ISIC_0070217,4.5519085,12.195464
ISIC_0070220,7.4520397,11.227208
ISIC_0070227,2.6221662,14.14728
ISIC_0070235,7.1902037,16.332119
ISIC_0070248,5.942584,11.889008
ISIC_0070250,3.6785793,12.737026
ISIC_0070253,5.1941233,12.908605
ISIC_0070262,1.9210984,14.391902
ISIC_0070274,4.414691,13.156172
ISIC_0070303,6.6259766,10.74387
ISIC_0070308,4.6087737,15.179164
ISIC_0070313,4.6929955,13.809414
ISIC_0070316,4.222204,15.851598
ISIC_0070327,6.0899763,10.856402
ISIC_0070341,4.9986706,16.074377
ISIC_0070342,8.150047,13.827878
ISIC_0070344,7.29084,11.262352
ISIC_0070347,4.9170227,14.706842
ISIC_0070351,4.9671617,15.406516
ISIC_0070352,3.1179385,13.145536
ISIC_0070362,5.997184,12.251673
ISIC_0070363,7.317656,12.931964
ISIC_0070366,8.950478,13.491711
ISIC_0070371,8.087468,11.43751
ISIC_0070374,6.4326267,10.776696
ISIC_0070380,7.811485,13.598058
ISIC_0070387,3.1609917,13.167174
ISIC_0070396,3.7943695,14.246824
ISIC_0070400,8.247766,11.3789625
ISIC_0070403,4.533478,13.085041
ISIC_0070414,4.315649,13.102581
ISIC_0070419,4.2269826,16.346191
ISIC_0070427,8.397959,11.935069
ISIC_0070431,6.0243196,10.147803
ISIC_0070433,4.8947897,12.925618
ISIC_0070435,7.5815425,15.29358
ISIC_0070439,5.9278927,12.783801
ISIC_0070441,7.980888,10.870837
ISIC_0070442,5.729928,13.073955
ISIC_0070446,7.441527,13.850711
ISIC_0070447,8.384737,15.417619
ISIC_0070454,3.863647,12.342953
ISIC_0070465,1.8010972,14.57105
ISIC_0070477,5.7552714,13.425487
ISIC_0070480,2.4844832,12.994496
ISIC_0070489,7.9342117,12.914747
ISIC_0070501,4.1139984,14.0038595
ISIC_0070517,6.6810207,11.00521
ISIC_0070520,2.61526,12.571961
ISIC_0070521,5.230249,12.394869
ISIC_0070549,4.1197,15.446089
ISIC_0070551,3.7068439,14.069034
ISIC_0070553,2.684935,11.87063
ISIC_0070566,7.2059474,11.1362
ISIC_0070572,6.6741714,10.993475
ISIC_0070578,5.9476705,12.710026
ISIC_0070581,8.339754,11.570751
ISIC_0070585,1.7683953,13.835447
ISIC_0070588,7.5152483,15.214889
ISIC_0070593,4.8167477,13.992847
ISIC_0070595,6.1258063,14.9011755
ISIC_0070596,8.834509,13.145383
ISIC_0070601,2.0057793,13.851493
ISIC_0070611,8.142809,15.359207
ISIC_0070614,6.6982374,14.122512
ISIC_0070623,5.3893785,11.836359
ISIC_0070629,5.4415526,14.118155
ISIC_0070653,7.995241,12.202259
ISIC_0070657,6.2047906,14.999244
ISIC_0070658,6.536738,13.619093
ISIC_0070666,5.287102,14.575235
ISIC_0070689,4.135718,16.336979
ISIC_0070702,6.369621,12.777697
ISIC_0070709,7.167106,12.087585
ISIC_0070710,8.823396,14.06833
ISIC_0070711,4.627337,14.415675
ISIC_0070724,2.529711,13.083086
ISIC_0070727,3.2580578,15.185598
ISIC_0070731,5.472963,14.6763935
ISIC_0070743,6.353616,15.246525
ISIC_0070745,5.1378818,12.565881
ISIC_0070747,8.389007,14.446332
ISIC_0070752,8.213,14.291797
ISIC_0070756,6.6492095,13.015834
ISIC_0070778,4.302553,12.341661
ISIC_0070784,7.6817884,15.055732
ISIC_0070794,4.5532613,16.332056
ISIC_0070799,4.268544,13.092914
ISIC_0070801,6.189568,16.488605
ISIC_0070805,1.7018975,13.911813
ISIC_0070809,5.3504467,15.229894
ISIC_0070814,4.369999,12.239779
ISIC_0070815,7.4547906,9.574131
ISIC_0070816,5.8112435,12.319478
ISIC_0070822,5.976737,13.349163
ISIC_0070837,8.107294,10.965469
ISIC_0070842,6.4641366,13.9343605
ISIC_0070846,8.408621,11.009769
ISIC_0070852,4.045383,15.377962
ISIC_0070867,5.57492,14.475112
ISIC_0070871,8.314885,14.126858
ISIC_0070886,6.6347327,13.687293
ISIC_0070888,6.9366183,12.359869
ISIC_0070910,8.155874,12.083707
ISIC_0070913,6.1967936,14.960952
ISIC_0070916,8.26983,12.033042
ISIC_0070920,8.645434,12.06077
ISIC_0070927,6.555789,15.046326
ISIC_0070938,7.875863,15.649825
ISIC_0070940,7.4222493,16.271454
ISIC_0070959,6.3574357,15.156967
ISIC_0070961,3.9982462,14.236057
ISIC_0070973,1.8630404,14.625299
ISIC_0070974,5.2368374,13.662692
ISIC_0070976,4.4374204,14.458397
ISIC_0070984,7.0266895,16.27776
ISIC_0070990,7.8616524,13.501155
ISIC_0070992,3.6940079,12.682238
ISIC_0070998,7.799304,14.555111
ISIC_0071006,6.532809,14.836945
ISIC_0071012,7.4816546,15.449784
ISIC_0071017,1.9711168,13.554735
ISIC_0071035,6.826522,14.857737
ISIC_0071043,7.6836743,11.777236
ISIC_0071045,7.5807195,14.264276
ISIC_0071047,6.748912,16.560726
ISIC_0071048,7.7683926,14.046682
ISIC_0071067,2.9517174,13.642
ISIC_0071069,5.432273,12.39673
ISIC_0071074,8.45706,13.745119
ISIC_0071089,6.974855,14.825662
ISIC_0071095,8.753404,13.487981
ISIC_0071101,7.413358,9.896113
ISIC_0071109,7.487148,9.612531
ISIC_0071111,5.540026,15.777982
ISIC_0071119,4.279649,12.407227
ISIC_0071122,7.6300964,14.705335
ISIC_0071124,3.61288,15.311539
ISIC_0071132,8.117685,14.440433
ISIC_0071133,3.1749198,12.701941
ISIC_0071134,8.118427,12.722359
ISIC_0071137,7.7857304,14.912378
ISIC_0071138,3.645841,15.262611
ISIC_0071142,8.074108,11.434516
ISIC_0071169,7.881716,10.971855
ISIC_0071176,5.3151646,13.338218
ISIC_0071178,5.6592746,14.832706
ISIC_0071180,8.100715,11.635938
ISIC_0071196,8.650705,12.165224
ISIC_0071208,7.12312,14.088787
ISIC_0071215,5.9290032,12.1594
ISIC_0071218,6.261629,12.029578
ISIC_0071238,8.143871,10.571902
ISIC_0071240,2.977876,13.181273
ISIC_0071245,1.8063264,14.642185
ISIC_0071253,6.1997056,14.860105
ISIC_0071257,8.037527,13.483898
ISIC_0071258,5.4787536,12.412436
ISIC_0071260,1.0876803,13.547345
ISIC_0071271,5.080381,12.353592
ISIC_0071289,8.102015,14.423675
ISIC_0071290,6.5574117,14.83154
ISIC_0071303,6.621802,14.563253
ISIC_0071311,2.038166,11.997211
ISIC_0071315,6.5313935,14.782299
ISIC_0071335,8.0389385,12.309744
ISIC_0071342,7.8812027,15.593144
ISIC_0071346,3.267212,12.964488
ISIC_0071357,7.6445823,11.629871
ISIC_0071361,7.9449267,11.52134
ISIC_0071388,5.9193444,12.28566
ISIC_0071392,5.97846,14.789971
ISIC_0071395,5.3202987,13.217332
ISIC_0071401,7.2338505,16.29453
ISIC_0071404,3.237649,13.2172575
ISIC_0071420,2.230926,11.699345
ISIC_0071430,2.357663,13.388596
ISIC_0071431,7.753476,11.511687
ISIC_0071443,4.5343823,13.194082
ISIC_0071458,4.586109,13.262303
ISIC_0071470,3.7937331,13.669518
ISIC_0071476,6.0835323,15.137307
ISIC_0071478,7.6573863,13.112297
ISIC_0071528,8.388113,13.686512
ISIC_0071534,5.688188,14.769676
ISIC_0071550,3.9801364,15.702086
ISIC_0071558,4.6333766,16.205702
ISIC_0071559,3.3907251,13.948641
ISIC_0071563,8.226277,10.874811
ISIC_0071568,6.34761,14.225616
ISIC_0071576,9.300912,14.765701
ISIC_0071579,4.0970354,14.462934
ISIC_0071580,8.374923,15.184648
ISIC_0071583,6.671419,12.648223
ISIC_0071584,6.7822347,11.700996
ISIC_0071586,4.450263,16.224636
ISIC_0071592,6.231115,14.579676
ISIC_0071594,7.724595,14.752091
ISIC_0071596,3.043681,12.292252
ISIC_0071600,2.1203272,14.763986
ISIC_0071628,7.2844095,10.732083
ISIC_0071632,4.800964,13.629862
ISIC_0071648,8.135698,10.661617
ISIC_0071651,6.094003,12.521902
ISIC_0071663,8.485383,14.769606
ISIC_0071666,1.7611294,13.09347
ISIC_0071668,4.4875484,13.186318
ISIC_0071673,8.535862,11.368945
ISIC_0071678,8.270332,15.737197
ISIC_0071702,3.924765,12.312144
ISIC_0071707,6.8781667,10.547449
ISIC_0071713,7.5410585,9.615478
ISIC_0071717,6.7470512,13.93568
ISIC_0071720,6.276439,10.666903
ISIC_0071725,9.041844,13.848221
ISIC_0071726,6.575863,16.493797
ISIC_0071740,8.249544,15.102431
ISIC_0071765,7.1999173,9.555233
ISIC_0071766,8.272916,11.882495
ISIC_0071767,8.037346,10.79993
ISIC_0071774,7.56855,14.654099
ISIC_0071776,6.3410044,12.664024
ISIC_0071778,7.053734,14.319576
ISIC_0071782,6.522003,10.711289
ISIC_0071783,7.906078,15.453434
ISIC_0071784,3.8561559,15.09694
ISIC_0071788,5.122794,12.682555
ISIC_0071797,8.315451,11.148642
ISIC_0071800,8.404856,14.157821
ISIC_0071806,4.854465,16.498865
ISIC_0071808,5.9104056,13.9213505
ISIC_0071815,4.377252,13.91241
ISIC_0071834,4.488461,12.375167
ISIC_0071857,7.27254,11.16972
ISIC_0071865,5.369027,15.635602
ISIC_0071869,5.008058,15.525129
ISIC_0071875,7.1592894,10.766716
ISIC_0071891,6.9981327,11.367544
ISIC_0071892,8.463634,13.799905
ISIC_0071901,7.870296,13.615672
ISIC_0071904,1.8184197,13.857104
ISIC_0071906,7.736062,14.571132
ISIC_0071916,6.059099,15.370879
ISIC_0071926,4.6902514,14.118389
ISIC_0071931,6.501881,15.672833
ISIC_0071936,1.0589302,13.545819
ISIC_0071939,1.0521255,13.538721
ISIC_0071944,6.3320017,16.812632
ISIC_0071950,7.2893715,14.245593
ISIC_0071951,6.9409804,12.392233
ISIC_0071957,2.4188757,13.892523
ISIC_0071970,2.9876661,12.578233
ISIC_0071972,4.918523,13.161331
ISIC_0071992,3.8187797,15.623827
ISIC_0071996,5.647319,13.734009
ISIC_0071997,8.22223,12.865991
ISIC_0072001,2.1257663,12.70841
ISIC_0072002,6.9099503,9.68755
ISIC_0072003,5.8325214,12.995639
ISIC_0072004,2.7695265,11.737224
ISIC_0072006,6.0945344,14.197605
ISIC_0072010,8.6696205,11.5063715
ISIC_0072021,4.607132,13.888238
ISIC_0072030,7.8161597,15.586729
ISIC_0072032,6.4691744,13.226178
ISIC_0072041,3.4510822,12.699636
ISIC_0072051,9.371438,14.7912
ISIC_0072061,8.7358,13.70882
ISIC_0072063,5.249005,12.607215
ISIC_0072065,2.5678704,13.242707
ISIC_0072069,8.15966,11.923833
ISIC_0072077,4.0144544,13.992901
ISIC_0072078,8.083176,14.387091
ISIC_0072087,7.0579786,12.895457
ISIC_0072090,6.106166,12.254896
ISIC_0072099,5.9130263,10.221772
ISIC_0072101,6.3068237,13.65122
ISIC_0072103,4.198801,12.802696
ISIC_0072109,7.039837,9.555836
ISIC_0072111,6.559645,10.910664
ISIC_0072121,6.2625465,13.197953
ISIC_0072122,6.0286264,14.5701065
ISIC_0072126,2.947821,12.419927
ISIC_0072142,5.8903823,14.975366
ISIC_0072151,5.6296024,13.661171
ISIC_0072154,5.787544,13.59477
ISIC_0072156,7.937214,14.787316
ISIC_0072157,3.037162,13.578472
ISIC_0072166,8.024426,10.44248
ISIC_0072173,5.8515215,12.93866
ISIC_0072174,5.9102197,12.3969
ISIC_0072178,7.3474174,11.308846
ISIC_0072182,7.917928,13.267934
ISIC_0072188,5.8374643,13.506841
ISIC_0072195,2.265808,13.344027
ISIC_0072198,7.329053,14.850806
ISIC_0072215,7.4782176,16.297548
ISIC_0072218,8.459327,12.76778
ISIC_0072223,7.2756643,16.248138
ISIC_0072226,1.0749645,13.548869
ISIC_0072230,2.507425,15.025399
ISIC_0072241,4.245661,13.580204
ISIC_0072242,3.9592443,15.754625
ISIC_0072252,7.7414913,11.409248
ISIC_0072268,8.051789,10.996258
ISIC_0072271,2.3437436,12.752422
ISIC_0072279,4.4475102,13.871014
ISIC_0072280,1.7335473,13.019108
ISIC_0072286,7.361392,15.197816
ISIC_0072287,5.2036786,14.268122
ISIC_0072294,1.7107261,14.070105
ISIC_0072297,5.3809676,14.773425
ISIC_0072299,3.8205948,13.798966
ISIC_0072301,6.354417,13.934484
ISIC_0072315,7.1982303,12.815106
ISIC_0072330,7.5157723,12.5117445
ISIC_0072339,5.894102,12.46812
ISIC_0072344,8.117844,11.37342
ISIC_0072348,4.946004,16.173866
ISIC_0072353,8.339142,11.223262
ISIC_0072354,5.3965263,13.069832
ISIC_0072358,7.0621314,13.725379
ISIC_0072360,7.8319907,10.321376
ISIC_0072363,8.697554,12.375057
ISIC_0072369,6.9302015,12.074039
ISIC_0072371,1.6960267,13.694695
ISIC_0072374,8.245113,15.264699
ISIC_0072375,2.630894,12.9074335
ISIC_0072377,5.4059453,16.45528
ISIC_0072380,7.7694473,13.436459
ISIC_0072396,1.8513736,14.574352
ISIC_0072401,7.2106476,10.311376
ISIC_0072405,8.156103,14.2484
ISIC_0072411,6.9508085,14.284726
ISIC_0072415,7.471023,16.025751
ISIC_0072422,6.680227,14.752721
ISIC_0072429,2.624538,13.22046
ISIC_0072437,2.719113,14.608504
ISIC_0072439,6.914929,14.449642
ISIC_0072440,2.3672686,12.729934
ISIC_0072441,4.5317135,13.290201
ISIC_0072473,4.2089643,16.002502
ISIC_0072482,5.770209,14.705518
ISIC_0072494,6.144996,13.316592
ISIC_0072495,6.675464,14.145324
ISIC_0072507,5.7522273,14.825616
ISIC_0072508,2.0571477,14.416684
ISIC_0072516,6.2229486,10.891136
ISIC_0072522,1.9266192,13.860142
ISIC_0072523,8.150011,15.660055
ISIC_0072531,6.0085516,12.247956
ISIC_0072534,5.986708,10.201398
ISIC_0072535,8.31428,15.273603
ISIC_0072538,8.331518,15.590602
ISIC_0072557,2.5437427,12.431576
ISIC_0072559,5.9200735,14.7036705
ISIC_0072565,8.114252,12.447557
ISIC_0072568,2.3833797,13.443915
ISIC_0072569,7.1329207,16.304281
ISIC_0072574,6.31641,12.076305
ISIC_0072585,4.058939,14.053445
ISIC_0072586,5.576186,12.403337
ISIC_0072594,5.758316,13.559803
ISIC_0072595,3.3370924,11.834482
ISIC_0072612,6.3118105,9.92921
ISIC_0072619,5.7836795,14.691781
ISIC_0072624,7.8683434,13.651121
ISIC_0072626,6.3726864,15.224463
ISIC_0072631,4.566348,12.1667185
ISIC_0072641,6.3718843,16.582537
ISIC_0072642,4.15013,15.761326
ISIC_0072653,7.1891203,15.4315195
ISIC_0072689,6.662422,10.986977
ISIC_0072691,5.645882,12.954842
ISIC_0072694,5.0778584,15.739725
ISIC_0072705,6.7671995,13.232332
ISIC_0072713,8.230141,14.417129
ISIC_0072714,6.7321143,10.480498
ISIC_0072730,6.7477336,11.860752
ISIC_0072733,6.8559356,12.373078
ISIC_0072738,7.879571,15.543599
ISIC_0072743,6.7669244,14.446664
ISIC_0072747,5.752866,10.620334
ISIC_0072748,8.610663,14.202576
ISIC_0072753,5.808673,15.974989
ISIC_0072755,8.068356,13.959992
ISIC_0072758,6.103732,14.330277
ISIC_0072763,6.6767807,10.997915
ISIC_0072768,7.022011,11.084881
ISIC_0072773,3.7349672,14.044554
ISIC_0072780,4.493672,12.479857
ISIC_0072783,6.3349557,11.424049
ISIC_0072785,6.5210495,13.562453
ISIC_0072793,4.9198437,14.15956
ISIC_0072799,5.368263,14.54104
ISIC_0072820,5.9393077,14.216441
ISIC_0072824,7.128812,12.66786
ISIC_0072827,5.096091,12.10044
ISIC_0072828,6.3649445,12.149002
ISIC_0072843,4.8140707,13.097078
ISIC_0072844,5.0674496,13.512524
ISIC_0072845,8.258457,10.579442
ISIC_0072862,5.700882,10.689536
ISIC_0072865,4.3032103,14.510727
ISIC_0072872,7.439486,12.016207
ISIC_0072876,3.3865333,12.91274
ISIC_0072887,5.1157937,13.611397
ISIC_0072889,8.712055,11.898914
ISIC_0072896,5.391374,12.2505665
ISIC_0072909,9.09505,13.214281
ISIC_0072917,8.448692,15.298315
ISIC_0072923,6.753172,10.417691
ISIC_0072924,7.8982177,15.186495
ISIC_0072930,4.389852,12.497792
ISIC_0072939,6.79353,12.798757
ISIC_0072961,7.2503996,12.724878
ISIC_0072966,6.0671988,10.525959
ISIC_0072968,8.044518,12.83165
ISIC_0072976,8.530007,15.270676
ISIC_0072977,7.926669,11.924212
ISIC_0072983,4.796755,12.162262
ISIC_0072985,1.7451941,13.86533
ISIC_0072990,7.637126,14.446792
ISIC_0072991,6.8407273,12.013786
ISIC_0073007,7.647761,15.774129
ISIC_0073016,8.285893,11.62939
ISIC_0073018,8.173418,12.892223
ISIC_0073038,6.94076,14.049823
ISIC_0073044,3.2456129,13.499684
ISIC_0073054,4.7992043,12.359078
ISIC_0073065,4.2535157,14.071795
ISIC_0073075,2.002803,13.235218
ISIC_0073078,6.3882904,15.180912
ISIC_0073089,6.1208076,13.713208
ISIC_0073102,2.371081,13.2645855
ISIC_0073119,2.1217396,13.53328
ISIC_0073124,6.315871,12.735867
ISIC_0073127,8.593841,13.74083
ISIC_0073134,6.340876,15.110065
ISIC_0073136,8.126383,14.434635
ISIC_0073143,4.2721334,15.725988
ISIC_0073147,1.7883474,13.73926
ISIC_0073156,4.8979325,14.373155
ISIC_0073173,8.713435,11.606037
ISIC_0073190,5.936584,12.564162
ISIC_0073191,7.5814786,13.353674
ISIC_0073194,4.1672063,14.00859
ISIC_0073203,5.5347624,12.753022
ISIC_0073204,6.1131372,14.733805
ISIC_0073218,4.892606,14.614431
ISIC_0073227,4.954204,14.989307
ISIC_0073231,5.906243,15.080181
ISIC_0073237,7.7699513,14.653643
ISIC_0073238,6.894934,13.784625
ISIC_0073241,6.700381,9.729294
ISIC_0073249,7.418776,11.609067
ISIC_3733653,7.7189145,13.7386465
ISIC_8886139,4.904885,16.57036
ISIC_9367522,4.924639,12.27322
ISIC_4676270,4.7095203,12.717613
ISIC_7546219,4.2658577,12.599082
ISIC_2883463,4.687046,13.736475
ISIC_3203344,2.1919734,12.401823
ISIC_9585329,6.7902055,15.303407
ISIC_3963183,2.482135,12.52983
ISIC_9828846,6.252701,12.574342
ISIC_3338629,8.118865,11.794175
ISIC_3025889,5.708924,16.339256
ISIC_7320371,6.4021387,16.114614
ISIC_1177153,6.252149,15.546389
ISIC_5086349,7.7899127,13.908492
ISIC_6809586,2.659109,14.445469
ISIC_0681019,1.9867775,13.39215
ISIC_5272223,5.756524,15.309404
ISIC_8872158,6.9561768,15.458414
ISIC_9353360,6.11028,13.559933
ISIC_1116483,7.2033477,12.410924
ISIC_5343231,6.4989343,14.798359
ISIC_1729223,3.3367481,13.374545
ISIC_5797062,2.549314,14.124106
ISIC_3408231,5.3615346,12.313162
ISIC_8379956,6.7149043,12.778698
ISIC_9900191,4.92062,12.929863
ISIC_7973598,2.46708,12.484097
ISIC_0481105,4.509168,13.249899
ISIC_6096565,5.439189,14.0925255
ISIC_9677503,3.0537393,14.999953
ISIC_6786198,3.260109,12.948964
ISIC_2750230,2.415236,13.981482
ISIC_7636412,4.92448,14.277097
ISIC_3335904,2.6247256,12.6238165
ISIC_5224960,6.3963437,15.831082
ISIC_5426249,2.879038,12.367207
ISIC_5795436,6.901836,16.12988
ISIC_4975524,8.402918,12.909003
ISIC_2839742,6.766952,15.904466
ISIC_6814727,4.582757,14.387591
ISIC_9957368,7.6148458,15.692154
ISIC_9978107,4.2977715,16.473858
ISIC_1210011,5.4486666,16.09225
ISIC_1589997,6.2322993,13.901578
ISIC_4508878,5.130302,16.417343
ISIC_6961503,4.258457,15.578032
ISIC_4009870,4.785575,13.489891
ISIC_0645454,5.5035443,14.431807
ISIC_5747942,4.4930644,13.509706
ISIC_3561065,2.7131603,13.348249
ISIC_1177505,6.4040284,13.610024
ISIC_0457344,2.4394972,13.320487
ISIC_7130929,4.754619,13.579929
ISIC_7577395,2.4169428,12.290986
ISIC_1975042,1.8852596,14.318451
ISIC_7410175,5.747103,14.63787
ISIC_2979268,1.856849,13.183716
ISIC_0844312,4.341199,12.9493475
ISIC_6300866,8.019923,15.398377
ISIC_7457700,2.6680093,14.652268
ISIC_5172576,4.534497,16.317411
ISIC_8990534,7.2907505,13.945615
ISIC_8692218,3.6101816,12.48676
ISIC_3941123,7.3641315,12.449266
ISIC_7960321,2.2363415,12.981246
ISIC_8554769,5.6301556,16.248375
ISIC_8566006,3.36207,13.183406
ISIC_7693611,2.7604887,13.684612
ISIC_7724762,7.4649405,15.500873
ISIC_7183212,2.287273,12.865501
ISIC_4916704,8.645721,13.352955
ISIC_8106899,6.0084248,14.016557
ISIC_7503950,3.0368412,15.081102
ISIC_4170698,2.6579049,15.03112
ISIC_3993924,6.3323765,15.035467
ISIC_1255336,3.235936,12.455354
ISIC_7353870,5.348456,16.099941
ISIC_7327423,5.0841217,15.877157
ISIC_5719436,2.4345405,12.380773
ISIC_8882374,2.1725621,12.404375
ISIC_4223155,4.150899,14.048001
ISIC_3996796,3.657866,12.229921
ISIC_0639769,8.029288,13.397166
ISIC_6450034,2.889319,14.823851
ISIC_1948545,4.153164,16.333353
ISIC_9268487,4.03855,16.29472
ISIC_4000481,6.4868374,15.421094
ISIC_2535541,7.129989,12.518254
ISIC_9544832,4.36947,15.818996
ISIC_5388184,7.257406,14.518414
ISIC_5084113,8.585845,13.230054
ISIC_4229473,6.6886163,15.312948
ISIC_2447578,3.683956,13.615425
ISIC_8008539,6.597898,15.959512
ISIC_6688417,2.8209498,13.430938
ISIC_9677559,4.059379,14.29065
ISIC_0287325,7.0254154,14.516102
ISIC_8344285,3.7620316,13.436485
ISIC_8943817,5.815294,12.917904
ISIC_2341309,2.5113323,12.6490345
ISIC_1460169,6.658961,12.39561
ISIC_9006649,2.695205,14.356444
ISIC_3510420,6.740142,15.641389
ISIC_2098553,6.3027215,13.641124
ISIC_4359352,7.1239314,12.497981
ISIC_4282399,4.071488,12.85979
ISIC_8839128,3.0326917,15.17986
ISIC_3481499,6.7513804,14.606809
ISIC_9770677,2.1415067,12.662958
ISIC_2153686,5.3948493,15.162785
ISIC_5267208,6.259702,15.69394
ISIC_1956504,5.4409513,15.15968
ISIC_6220625,5.476319,15.145401
ISIC_1157032,2.5681593,12.381615
ISIC_1605629,5.5557284,15.265036
ISIC_8672524,3.8177907,13.684616
ISIC_4597293,2.4585054,14.814271
ISIC_1484659,3.6581106,13.198078
ISIC_5425721,6.278411,16.249826
ISIC_0502582,6.3806243,16.313646
ISIC_6851408,7.6130047,12.529022
ISIC_0247330,4.2081513,12.9251795
ISIC_5369000,5.5305414,12.398057
ISIC_3944634,2.433674,12.42488
ISIC_8527092,5.6160007,12.602272
ISIC_3265514,6.5174155,15.023623
ISIC_7080469,5.08863,15.021727
ISIC_6398669,3.6424594,13.579813
ISIC_2101624,4.6742473,14.04878
ISIC_8951909,2.5189235,12.41838
ISIC_9729042,5.5242023,15.128196
ISIC_2072219,2.8015394,13.121246
ISIC_4619789,6.652457,12.96342
ISIC_6348638,3.350497,12.285957
ISIC_7748311,5.2635565,15.794593
ISIC_2823287,5.5398173,14.536246
ISIC_6541615,4.650694,16.311459
ISIC_5247560,4.933718,16.416222
ISIC_3343475,6.3614783,12.246902
ISIC_8677053,4.060267,12.751104
ISIC_4936662,4.0645256,13.360684
ISIC_8194835,3.0024805,12.878341
ISIC_4730066,3.2523685,12.775852
ISIC_2967024,4.5165005,15.096222
ISIC_4525317,2.105613,14.744229
ISIC_7785723,3.7080245,13.557417
ISIC_7181296,4.7308173,16.117355
ISIC_7658729,2.708353,13.010504
ISIC_0333091,4.55793,13.73232
ISIC_6496370,7.179969,15.025339
ISIC_1241817,7.1844363,12.4143095
ISIC_2176112,5.273258,11.732974
ISIC_8615491,5.422989,12.444792
ISIC_2822718,4.2952175,14.307904
ISIC_2560699,7.4979115,15.49465
ISIC_5352496,1.7915844,13.958869
ISIC_9048507,3.8228915,13.478884
ISIC_7261174,2.0243702,12.901479
ISIC_2685593,6.892027,15.279219
ISIC_0961235,1.9388133,12.805346
ISIC_7075474,1.9476738,13.599733
ISIC_0924427,8.355632,11.882144
ISIC_3880022,4.6813188,16.526148
ISIC_9863642,7.7819724,10.265865
ISIC_8417873,6.4178157,15.590908
ISIC_8325226,3.9780142,13.532022
ISIC_5415761,5.531947,16.375809
ISIC_8497457,6.592899,15.180043
ISIC_6811237,2.6863,12.483143
ISIC_5605645,7.594222,12.540453
ISIC_8859274,6.6257863,14.471597
ISIC_0250839,6.3095756,11.495346
ISIC_7939816,4.4087343,13.333319
ISIC_7662910,5.925705,12.563556
ISIC_6190621,4.3081756,16.060257
ISIC_0588352,5.251682,14.6238785
ISIC_2841788,7.394192,14.688489
ISIC_7101732,7.359524,13.482447
ISIC_9910791,3.3483741,12.415556
ISIC_4493482,6.9047747,15.722024
ISIC_9509757,4.882078,12.074522
ISIC_9053910,4.011215,13.181594
ISIC_2077116,2.695648,13.694063
ISIC_1132496,4.727438,16.558334
ISIC_4120174,5.776376,14.550505
ISIC_1009042,2.1487756,12.72794
ISIC_3207651,4.532219,16.338726
ISIC_2342769,7.1543994,12.898228
ISIC_3023646,8.210834,13.029883
ISIC_0862745,6.8986964,14.208966
ISIC_9556334,6.6180453,15.965398
ISIC_7079349,3.9849102,14.690486
ISIC_8002875,7.775727,10.362906
ISIC_6767569,7.3834324,10.574091
ISIC_4118006,2.872509,12.430492
ISIC_0911264,2.9179356,12.272819
ISIC_8157654,7.511345,13.275061
ISIC_6561111,6.1282163,13.778381
ISIC_4980656,7.184796,11.700253
ISIC_7489564,7.5828066,15.801248
ISIC_1620401,5.8928995,12.960107
ISIC_0232101,3.6784904,13.750545
ISIC_2668481,6.563716,15.587372
ISIC_3253484,8.186119,12.722867
ISIC_6248008,4.925013,12.116911
ISIC_6784593,2.949407,13.023307
ISIC_8281208,7.1157813,14.983212
ISIC_6927840,5.8086257,13.058105
ISIC_6496251,3.8122392,13.46522
ISIC_8985109,1.8931171,13.238752
ISIC_3803651,2.1402698,12.876308
ISIC_6056121,3.4472835,12.249394
ISIC_6228963,8.047773,13.678806
ISIC_5581931,7.348871,12.480275
ISIC_7927525,3.7444527,14.48523
ISIC_4653503,2.4383469,12.495418
ISIC_4874581,7.152519,10.946974
ISIC_2844539,4.4713106,12.342528
ISIC_2071966,2.0155206,13.306431
ISIC_1564663,1.8931751,14.391356
ISIC_3450017,3.2667236,13.054723
ISIC_0188432,6.4500546,15.228869
ISIC_7936755,7.295474,11.598922
ISIC_4408559,2.8358574,12.299861
ISIC_1037315,5.29901,15.215036
ISIC_5495413,3.341805,14.108789
ISIC_0178428,2.4989657,12.614954
ISIC_2230091,3.5959196,13.333632
ISIC_2076526,2.351386,12.298477
ISIC_7346228,6.133635,11.732223
ISIC_1630301,5.4266424,13.944763
ISIC_6255113,7.6701956,12.349678
ISIC_9821002,4.0995297,16.350214
ISIC_6736963,1.9233963,13.452445
ISIC_1068686,6.3363385,13.991735
ISIC_5867911,7.8462987,13.459283
ISIC_8381531,6.0756993,13.720532
ISIC_0599605,5.451226,16.698645
ISIC_0953317,6.157865,16.367435
ISIC_7100755,6.177056,14.6652355
ISIC_5315062,5.621789,15.198513
ISIC_2609984,2.3044794,12.459846
ISIC_6398283,4.5881596,14.62611
ISIC_1071355,5.385965,13.025121
ISIC_0533122,7.0266376,16.13393
ISIC_2437633,4.2156534,12.909536
ISIC_2797353,4.604111,13.511759
ISIC_4842587,6.262204,15.112556
ISIC_7573463,4.691725,16.511303
ISIC_5288393,7.4431973,15.828585
ISIC_0585534,7.81774,12.32026
ISIC_8609756,4.6701126,14.294604
ISIC_5140952,3.9257278,13.575203
ISIC_2105563,4.2354155,13.679103
ISIC_6625102,3.0151494,12.269088
ISIC_0337631,3.5367892,14.067421
ISIC_2766590,2.6085086,12.681252
ISIC_8372206,5.54051,16.36174
ISIC_8632904,8.186234,11.578701
ISIC_7949783,2.3593018,12.252508
ISIC_2979177,7.4441066,11.616639
ISIC_6159600,5.731327,15.213311
ISIC_7064511,5.248647,16.241018
ISIC_4961146,6.278043,14.470349
ISIC_7889097,3.2446535,12.398472
ISIC_5664695,4.0217776,13.201579
ISIC_1124434,7.1072354,13.143428
ISIC_9980216,6.1819515,13.197092
ISIC_7070020,7.8015404,13.970933
ISIC_6110888,7.5025063,15.021362
ISIC_8621568,2.9132543,12.776677
ISIC_2033237,7.6250653,15.885604
ISIC_5673518,4.5928416,15.105631
ISIC_6251753,6.8547053,14.637584
ISIC_9963177,6.3305044,13.146082
ISIC_2700320,3.577268,12.22952
ISIC_3084312,8.801352,14.443216
ISIC_6516710,6.9366035,13.7467165
ISIC_6526489,4.87896,13.636806
ISIC_3965087,7.094373,13.609562
ISIC_6931277,2.6468728,14.828907
ISIC_5505677,7.5178757,13.965611
ISIC_7536704,7.321355,13.733694
ISIC_1569119,7.364152,16.151424
ISIC_8866651,7.358155,13.091972
ISIC_2528358,6.1815076,14.490823
ISIC_5129659,5.0851774,14.110741
ISIC_6125652,7.175718,13.633513
ISIC_1356715,1.8774967,13.73218
ISIC_0274382,4.6826153,13.039557
ISIC_4346693,4.5222745,15.985108
ISIC_2720971,2.2347763,13.487943
ISIC_8702237,3.578867,13.7500725
ISIC_6713432,5.2246933,12.899255
ISIC_2320481,7.5396423,14.784626
ISIC_1330008,2.657082,12.925703
ISIC_9785077,3.0651963,12.48055
ISIC_3936223,6.500735,16.154924
ISIC_2377844,1.8261869,14.235706
ISIC_7371801,7.868785,14.920821
ISIC_2883756,6.3946695,13.99888
ISIC_6512653,5.9371424,15.732311
ISIC_4469476,3.3516572,12.313891
ISIC_7904829,7.251545,12.6167345
ISIC_8564474,6.7721148,12.172082
ISIC_0833889,3.5029662,12.390433
ISIC_2779036,8.548859,15.120789
ISIC_6509682,3.406543,12.365527
ISIC_0273046,5.4057407,15.30453
ISIC_6966001,5.3018045,16.028496
ISIC_1398333,3.3879178,12.603608
ISIC_3969411,7.6784296,15.712742
ISIC_2481044,3.0394137,13.19698
ISIC_3778192,5.746548,11.904172
ISIC_1822797,2.6277337,13.526759
ISIC_8283552,5.208298,14.133371
ISIC_9000824,7.923887,14.3383255
ISIC_9193127,2.181244,13.260581
ISIC_9478088,7.4329786,15.620641
ISIC_0149568,4.2426405,12.639276
ISIC_2607827,1.8466778,14.242317
ISIC_9022005,4.239346,12.606204
ISIC_9967383,1.8688405,14.259594
ISIC_6539127,2.2873414,12.612551
ISIC_8355446,3.0454748,12.451728
ISIC_0207268,4.533095,12.862988
ISIC_7545731,1.8820028,14.480715
ISIC_2561898,4.6093407,16.330204
ISIC_6584579,4.436634,12.836227
ISIC_6352565,4.4809694,12.876478
ISIC_4439054,8.268454,13.333889
ISIC_5565758,5.110958,13.057155
ISIC_0703440,3.2181036,13.617898
ISIC_2987613,7.5510592,10.866322
ISIC_0467617,4.3990903,12.950892
ISIC_7763042,2.7166548,12.782276
ISIC_7062201,8.214063,11.001996
ISIC_1449628,7.6913266,10.788165
ISIC_6381819,7.5091257,9.6221285
ISIC_4810227,4.476969,13.659479
ISIC_9752088,8.695912,14.31341
ISIC_9456779,7.557704,11.757126
ISIC_0606244,6.466234,15.484196
ISIC_9114248,4.00148,12.455908
ISIC_0873174,6.4498982,11.541663
ISIC_9345094,2.254899,12.96539
ISIC_2318474,3.5927138,13.697293
ISIC_2438481,5.952697,10.540711
ISIC_1440160,6.136503,10.653646
ISIC_4938994,4.4919314,14.503863
ISIC_3433909,7.2568727,12.392254
ISIC_5732201,4.5351334,14.80984
ISIC_7010755,6.8565474,15.125248
ISIC_9101762,8.479693,14.160218
ISIC_9312164,4.8180857,15.263273
ISIC_5847821,3.3117206,12.379383
ISIC_7293518,2.1000843,14.5344925
ISIC_8059429,2.6480496,12.263891
ISIC_4378189,7.265146,15.19397
ISIC_1684127,4.567517,16.462212
ISIC_0969723,3.862683,14.189885
ISIC_7372719,6.9678297,15.3434925
ISIC_6024335,7.3063736,14.967405
ISIC_5642824,7.2273445,15.348233
ISIC_8231999,5.9124413,12.90496
ISIC_4967564,4.6197715,16.54554
ISIC_1560324,5.3738914,16.779438
ISIC_6925729,6.6711674,14.405269
ISIC_5527224,4.8697686,11.986339
ISIC_5258657,5.8089485,13.211815
ISIC_1959939,7.1923337,13.040761
ISIC_6982386,4.172481,14.78616
ISIC_9052500,8.97289,13.909633
ISIC_4266533,4.8922143,14.310149
ISIC_4163686,4.045959,14.279943
ISIC_5260050,7.194175,12.489056
ISIC_2900150,5.6023755,13.33046
ISIC_5533992,6.1210775,16.241123
ISIC_3570575,4.856249,16.482021
ISIC_0559335,3.7493167,13.388338
ISIC_7074321,8.461188,15.183017
ISIC_3576876,6.8602386,14.346291
ISIC_0952472,7.276711,14.111953
ISIC_2565206,4.466092,16.52985
ISIC_9593940,3.677859,12.3577795
ISIC_6971606,3.447131,12.721389
ISIC_2351999,8.58628,11.968819
ISIC_5137933,6.6437664,12.892581
ISIC_8641097,7.551592,13.782514
ISIC_1616031,3.2214339,13.288038
ISIC_1698942,7.421423,15.531641
ISIC_8011058,4.0381956,12.769232
ISIC_2272218,2.5294445,12.672184
ISIC_2412113,5.2313137,15.174366
ISIC_0470699,7.5369043,15.740631
ISIC_3915890,7.4323587,13.248463
ISIC_4377208,4.488391,14.520758
ISIC_1388552,2.366961,13.1378565
ISIC_2824922,4.6733713,16.484543
ISIC_7520843,4.818786,16.54085
ISIC_1881133,1.7584746,14.025831
ISIC_8230318,8.158065,13.779158
ISIC_5216586,6.8339486,13.838044
ISIC_2937642,3.7613885,13.736933
ISIC_7626256,3.0993016,14.343047
ISIC_0272509,2.3876653,12.507371
ISIC_1654342,7.4988174,13.174067
ISIC_3738751,7.347259,14.9143095
ISIC_5044571,5.933782,16.814259
ISIC_6313487,6.8507223,14.320801
ISIC_3464344,5.6151333,14.994666
ISIC_0528044,7.062986,14.779789
ISIC_2646829,7.4004517,13.516052
ISIC_8789051,7.190092,12.354784
ISIC_2170268,5.649274,16.020369
ISIC_8249854,5.6943045,16.516537
ISIC_5539423,2.7704496,13.011779
ISIC_1110583,3.703738,14.200408
ISIC_7205745,2.2926698,12.906773
ISIC_6581411,7.5722775,15.47384
ISIC_0602633,7.3659043,11.398028
ISIC_9998682,7.2343087,12.928087
ISIC_3391427,3.6842108,14.509483
ISIC_9183084,6.0052114,13.781077
ISIC_8238755,3.728858,14.122151
ISIC_4258047,4.5946813,16.443293
ISIC_2200197,5.711206,16.740597
ISIC_3301933,2.826861,12.312358
ISIC_7010159,6.604599,13.239284
ISIC_7872595,5.3797145,13.627868
ISIC_7940557,5.387185,13.501457
ISIC_3435596,7.9287524,15.132935
ISIC_4968384,7.473743,13.690941
ISIC_8009536,7.4476514,13.113019
ISIC_9429943,3.687533,12.639447
ISIC_8437493,8.258509,14.571683
ISIC_3517311,6.3410897,15.131975
ISIC_0662000,6.071802,14.27108
ISIC_9199429,7.3458776,12.407921
ISIC_5581297,4.3526726,12.896121
ISIC_2975580,6.743038,15.796275
ISIC_6634951,5.8551526,14.775642
ISIC_4960784,5.7438984,14.131229
ISIC_4851366,6.723997,12.820712
ISIC_2268341,6.560144,14.579256
ISIC_1566428,7.0209117,13.801207
ISIC_4810142,4.8443756,14.634417
ISIC_1785627,5.861777,14.664811
ISIC_3016243,7.3466673,11.508355
ISIC_3817719,7.2751174,12.673093
ISIC_2974214,4.787468,14.626234
ISIC_0456176,6.5825896,12.594189
ISIC_9038318,8.379087,14.3703
ISIC_8470330,6.710664,15.553801
ISIC_9571842,6.9059567,12.700389
ISIC_2226191,4.705834,16.50091
ISIC_1752943,4.757625,14.824862
ISIC_3436033,5.959761,13.931135
ISIC_0286360,6.887267,12.171187
ISIC_5667461,3.8343897,13.266156
ISIC_7253401,4.2106156,14.833405
ISIC_7800750,6.889907,14.543691
ISIC_8167374,3.5687752,12.639247
ISIC_0504165,7.367766,14.157408
ISIC_3065032,1.7024302,14.03733
ISIC_2776906,5.7195606,15.595426
ISIC_7265673,5.989511,16.79063
ISIC_7312977,4.925834,16.4478
ISIC_4425322,1.8829055,13.06177
ISIC_1427578,7.125421,12.901275
ISIC_9685931,3.434142,14.030135
ISIC_2153401,2.6189032,12.322033
ISIC_2434588,8.211358,13.6684265
ISIC_8145348,4.0605965,12.42011
ISIC_9210255,7.9238787,15.560878
ISIC_2577849,2.245566,13.204795
ISIC_0779920,6.242268,14.8169775
ISIC_6945634,3.6162279,13.97191
ISIC_5922588,7.1396327,14.861111
ISIC_8263489,5.578132,13.264919
ISIC_4427247,8.445834,11.841702
ISIC_6059520,2.54012,14.604926
ISIC_8737794,4.9591956,16.375406
ISIC_1694285,5.6940284,14.325711
ISIC_8124900,6.133318,16.319468
ISIC_3976496,6.062099,13.907873
ISIC_9596721,6.9626293,15.848862
ISIC_4404772,7.3661404,14.9909315
ISIC_1670692,6.680664,16.49569
ISIC_4905375,5.637977,16.772238
ISIC_6307097,3.8945496,14.257437
ISIC_7202197,7.706636,15.828042
ISIC_8006211,6.3147144,13.441751
ISIC_1627619,6.6363273,14.412185
ISIC_7195248,5.3461633,16.554426
ISIC_6278273,8.232893,13.759285
ISIC_2637608,2.4382904,12.397179
ISIC_0280912,4.2303157,13.868195
ISIC_7035246,7.749371,13.28021
ISIC_3475660,5.838353,15.321219
ISIC_5585090,4.3957653,14.801501
ISIC_0220438,4.5818615,13.152199
ISIC_6392461,3.9055808,13.367081
ISIC_2757355,7.2049174,14.701186
ISIC_1870415,2.149212,14.334504
ISIC_2697083,6.8799043,15.1791315
ISIC_0351666,7.067022,12.650741
ISIC_6285925,2.547396,14.074482
ISIC_7614221,1.9348767,13.248876
ISIC_2871230,4.864342,13.650985
ISIC_3399306,6.0781636,15.904003
ISIC_9164054,5.3430095,13.847876
ISIC_6555290,6.16656,15.668291
ISIC_6089318,6.5931315,13.585863
ISIC_4425657,3.0043666,14.279769
ISIC_1023256,7.627988,13.455483
ISIC_8397285,5.636332,16.178751
ISIC_3979826,4.1698923,16.388165
ISIC_5776649,6.06973,16.78357
ISIC_2255411,6.4482536,15.444831
ISIC_2364150,7.150577,14.969293
ISIC_1473522,4.4254274,12.617579
ISIC_8207974,5.9963098,15.124731
ISIC_2525084,7.0980134,15.608229
ISIC_6549364,2.6310463,14.583393
ISIC_6692344,2.4296653,12.825762
ISIC_3985031,4.6885176,13.200809
ISIC_0624498,5.67347,11.650289
ISIC_3244067,2.0841281,14.008002
ISIC_9001948,6.1971736,12.96726
ISIC_8732757,3.133486,12.177318
ISIC_1728564,6.275345,13.800467
ISIC_2232442,7.1512885,15.326448
ISIC_0981639,2.9176176,13.175033
ISIC_6620377,4.492666,14.041501
ISIC_1247683,6.35205,14.587278
ISIC_5046082,7.896321,14.778795
ISIC_5037784,5.347742,13.079395
ISIC_0744013,6.0895495,16.68572
ISIC_9930189,4.3051705,13.000668
ISIC_7961365,1.9220219,14.2738
ISIC_0489267,5.1105537,16.153961
ISIC_9626843,3.2673569,13.308243
ISIC_7075768,7.6878257,13.941561
ISIC_7612992,7.0580764,13.321046
ISIC_2243107,2.8494499,13.353388
ISIC_0647224,3.773337,14.797954
ISIC_8485716,7.9512057,13.568225
ISIC_7914631,3.7406366,13.687264
ISIC_5021861,4.7255797,13.207254
ISIC_7788318,8.403343,14.090634
ISIC_7680948,6.905381,16.211939
ISIC_4590186,6.3574686,15.660877
ISIC_5167209,1.8924662,14.404215
ISIC_5774484,7.6817503,13.792866
ISIC_9754098,7.163567,14.456239
ISIC_7460887,8.514053,15.447175
ISIC_5747486,6.1947627,15.602094
ISIC_3440759,7.5737114,13.996397
ISIC_5868291,7.6325917,16.044598
ISIC_2126660,8.322619,14.964096
ISIC_1231419,2.9035287,12.48984
ISIC_5829938,6.356304,13.390639
ISIC_7490240,1.9540074,13.6608715
ISIC_9583969,6.5978727,13.214461
ISIC_4230049,8.843014,14.800633
ISIC_6785680,5.6509366,13.269414
ISIC_5147292,1.8058872,13.423805
ISIC_6671773,7.3756003,14.044114
ISIC_7960869,4.7341404,15.511849
ISIC_4982046,4.764879,16.477613
ISIC_5191344,2.9832625,12.562746
ISIC_1866770,5.6475406,15.983125
ISIC_3824206,8.842558,14.092025
ISIC_4301916,4.3343806,14.626
ISIC_4967586,4.8917065,15.598294
ISIC_1460932,2.8760593,12.789056
ISIC_7466678,6.0539308,10.808812
ISIC_6841294,4.2558484,12.379354
ISIC_3469595,2.058988,13.30501
ISIC_2406492,3.7570944,14.2979765
ISIC_3241636,7.410563,14.945528
ISIC_0914168,4.626543,12.554276
ISIC_0294150,6.073781,15.232996
ISIC_1968421,2.979537,12.352616
ISIC_1486861,4.4402413,12.4062
ISIC_7218890,3.0832045,12.740424
ISIC_9000234,3.53655,14.131349
ISIC_7098141,4.6458435,12.565399
ISIC_1706912,4.9692883,16.531784
ISIC_1412843,4.049197,14.598388
ISIC_9235283,7.3193717,16.099373
ISIC_5576354,7.612935,14.293095
ISIC_9286292,4.6657615,12.141992
ISIC_2957732,4.329313,14.702598
ISIC_4276255,5.2821813,12.793905
ISIC_5983500,7.6280174,13.006736
ISIC_6535558,3.782215,12.230259
ISIC_0572205,2.6753314,13.393022
ISIC_0915404,2.5451026,13.281783
ISIC_3412012,7.0768104,14.953873
ISIC_7948290,1.6496367,13.221557
ISIC_3883863,5.964141,14.529053
ISIC_4362713,7.5697083,13.645215
ISIC_5391758,5.3093414,15.243467
ISIC_5994923,7.1315517,14.345993
ISIC_8617277,5.9966764,14.165572
ISIC_8892236,7.3291698,14.605118
ISIC_6714082,5.683968,15.545688
ISIC_7287303,4.7878366,13.506623
ISIC_8252406,7.832562,11.812995
ISIC_2141237,7.8280363,14.684841
ISIC_6695831,8.929981,13.463736
ISIC_3909039,3.2628717,13.329478
ISIC_3895426,7.356334,11.316182
ISIC_5434661,6.9156585,14.570074
ISIC_8724944,7.8727517,14.7513275
ISIC_7897925,4.5392184,12.928417
ISIC_3696488,5.9310565,13.462172
ISIC_1733178,4.4022236,12.20833
ISIC_3590167,1.928074,14.257679
ISIC_8040024,4.483517,15.86508
ISIC_9941666,3.9664128,16.077513
ISIC_3286186,7.659485,14.858934
ISIC_9547725,3.5539339,13.04658
ISIC_5045600,4.670367,12.141165
ISIC_9676644,2.4478052,14.406964
ISIC_7844825,4.839565,12.825531
ISIC_6124481,2.4919443,14.4217205
ISIC_7190243,4.197164,12.304337
ISIC_0327406,2.5414178,13.431877
ISIC_2135474,4.9325995,13.083785
ISIC_5602826,8.510476,11.604882
ISIC_3775417,2.7646787,12.879731
ISIC_8545949,7.639538,11.941377
ISIC_3642019,7.004616,15.13202
ISIC_7816675,3.1435218,12.560882
ISIC_0369831,7.957258,11.579817
ISIC_3068885,6.7331862,16.118605
ISIC_7880400,8.809137,14.077173
ISIC_3666967,7.891217,12.909624
ISIC_3159924,6.3587666,13.919874
ISIC_4398011,6.6082425,16.03037
ISIC_8838753,3.9083574,14.641681
ISIC_8027899,7.7709923,14.847342
ISIC_2837581,7.007983,10.679573
ISIC_5044438,2.5520017,13.283033
ISIC_8493108,4.2685003,12.626796
ISIC_3446357,5.15747,16.116892
ISIC_9130157,4.413458,14.738755
ISIC_6269166,6.991846,15.658142
ISIC_0946787,3.593298,14.691673
ISIC_6904082,5.060216,13.466001
ISIC_1269448,5.5549097,13.576739
ISIC_8922893,2.1237936,13.753829
ISIC_4619903,3.4135585,12.799108
ISIC_1330381,5.338773,15.189703
ISIC_2724529,4.493862,13.98985
ISIC_8758404,3.3160355,13.767415
ISIC_3028754,6.453266,14.722819
ISIC_8066110,2.6747935,12.751983
ISIC_9870885,4.7579203,16.084644
ISIC_2916754,3.6746976,12.279983
ISIC_7349440,4.4033666,14.664612
ISIC_0186998,5.264503,14.354849
ISIC_8821742,5.9529696,14.387545
ISIC_6875745,6.8340225,14.879958
ISIC_6299036,6.716768,15.378604
ISIC_8436194,8.726318,12.720066
ISIC_3094758,7.7231283,15.632221
ISIC_3045939,2.0648081,13.07725
ISIC_4967361,5.640031,15.4110565
ISIC_8624049,2.417153,12.583964
ISIC_0353247,6.225983,14.660966
ISIC_2310935,4.9557943,12.695423
ISIC_1558504,4.1626573,13.923188
ISIC_6366417,4.2772346,13.357314
ISIC_7462953,7.6065826,11.795942
ISIC_3389695,4.554662,14.43655
ISIC_0501108,6.010422,11.747121
ISIC_8708106,7.532579,15.595967
ISIC_4347535,5.7100825,14.313293
ISIC_5620802,4.3078656,13.7625675
ISIC_4985027,5.721361,13.532128
ISIC_9130035,8.69127,13.41524
ISIC_2757370,6.607954,15.51504
ISIC_1040820,7.1961308,12.499759
ISIC_2144690,7.613981,13.860637
ISIC_4633843,6.7565427,12.160471
ISIC_5015551,8.016838,12.764795
ISIC_3750329,7.085109,12.422486
ISIC_5350216,1.8442274,13.795654
ISIC_8806986,2.8575156,14.975926
ISIC_5367118,6.3901815,13.2875395
ISIC_5091996,3.5117087,13.572352
ISIC_0429825,5.977098,13.650074
ISIC_5449076,6.805906,15.774274
ISIC_6066292,7.3333607,11.485029
ISIC_8087949,6.447614,12.702899
ISIC_7899041,7.3255916,11.35439
ISIC_9210086,8.401463,11.5352955
ISIC_2108849,6.006153,10.879625
ISIC_7453676,5.6002927,11.316331
ISIC_4813568,6.7507267,15.500163
ISIC_5762714,7.7258124,13.918987
ISIC_9254641,3.9218519,14.408204
ISIC_3281565,8.229145,11.963859
ISIC_4177450,8.292402,12.361584
ISIC_2128061,1.990189,13.0859
ISIC_0855174,5.608855,16.473818
ISIC_7898880,7.453973,12.457695
ISIC_7110531,4.9732165,14.4175415
ISIC_0962121,5.8870606,16.264776
ISIC_7235128,5.552424,14.360525
ISIC_2243756,7.6528373,14.002816
ISIC_1601532,7.900727,14.582888
ISIC_1939413,6.9908123,10.701298
ISIC_1343302,5.870856,15.521288
ISIC_3666865,7.489652,12.93585
ISIC_3331737,8.216579,13.824928
ISIC_1372928,6.6992574,14.850659
ISIC_1818238,5.2961917,16.546873
ISIC_9335652,7.9867744,13.811743
ISIC_2884038,4.7245383,12.711983
ISIC_5010212,1.7213537,13.952598
ISIC_4207959,6.697594,10.310565
ISIC_6184891,6.827968,13.003506
ISIC_1685962,4.779451,16.455616
ISIC_3690890,6.7207303,15.245756
ISIC_4780727,8.341471,12.758243
ISIC_5534730,6.5498953,13.909486
ISIC_6278558,4.431102,13.978527
ISIC_3147084,4.4524355,12.4714775
ISIC_5415749,6.0859222,14.449216
ISIC_7942881,7.617992,15.108202
ISIC_6646939,2.527746,13.125163
ISIC_2818959,6.5874677,15.177315
ISIC_1338061,7.308181,14.782915
ISIC_5330187,4.7879386,16.492756
ISIC_2198823,6.377927,14.654222
ISIC_4212546,6.4585376,14.77578
ISIC_8138363,1.703465,13.870259
ISIC_8344345,7.3413696,14.739018
ISIC_4781223,6.3971014,15.804271
ISIC_2957465,2.0200787,12.579429
ISIC_9219356,3.9798048,14.419923
ISIC_2850215,7.156041,15.0782175
ISIC_3763984,5.1647024,13.573436
ISIC_7839712,2.0530584,13.19519
ISIC_0245720,6.1326756,14.313141
ISIC_3842916,6.468599,15.535516
ISIC_8509219,7.876193,14.804186
ISIC_3478473,4.398927,14.919859
ISIC_2433965,5.9136696,15.343521
ISIC_4464389,7.752782,12.869034
ISIC_4699695,6.9984303,13.288095
ISIC_5864088,5.281797,11.740153
ISIC_4510530,5.9118776,14.19532
ISIC_0990298,7.511706,15.198579
ISIC_1605945,6.773437,14.590884
ISIC_9780632,4.0317006,13.96376
ISIC_4953281,3.768647,13.786982
ISIC_8073555,7.3116245,12.531863
ISIC_4750271,5.0778875,14.02325
ISIC_2185005,3.8719003,14.244176
ISIC_3174039,6.8050313,16.01599
ISIC_0903411,7.4593787,12.398624
ISIC_5820693,1.8617495,14.5765085
ISIC_1099075,6.282878,14.168767
ISIC_9315775,8.834435,14.949613
ISIC_2465799,8.262978,14.821089
ISIC_2814689,6.010368,16.341335
ISIC_5608178,7.140783,14.899693
ISIC_6410859,7.096434,14.9967985
ISIC_2513018,7.8066807,13.355631
ISIC_5647607,7.85868,10.29031
ISIC_6004197,4.1848893,16.345032
ISIC_1694817,1.8983322,14.579299
ISIC_8710108,7.4603,13.005618
ISIC_1578878,7.549776,12.430481
ISIC_2867416,3.3115344,14.837336
ISIC_1166740,5.9538574,13.27423
ISIC_8961478,4.6927285,14.367837
ISIC_4691689,4.389748,13.8240185
ISIC_9517555,8.264357,10.882276
ISIC_1699688,6.6677623,15.779178
ISIC_9786863,5.0235615,12.750038
ISIC_7254359,4.074042,12.2333765
ISIC_0375034,5.595017,15.509482
ISIC_8733345,5.609036,15.547471
ISIC_8671119,6.910557,14.946396
ISIC_2663597,6.966989,12.575512
ISIC_2448897,7.4650292,12.464302
ISIC_3740014,5.257225,16.38847
ISIC_8907509,7.2594547,12.475629
ISIC_5296963,4.309132,14.77455
ISIC_5791954,3.737828,14.481046
ISIC_0346815,7.1798835,14.735656
ISIC_0292899,4.017907,13.216405
ISIC_7412327,6.666126,16.056252
ISIC_5744196,3.77025,12.597985
ISIC_8708918,3.8118012,13.289523
ISIC_3077674,6.0338964,15.578917
ISIC_6135643,7.2631073,12.450673
ISIC_9159477,8.357011,11.662045
ISIC_8071637,5.532797,15.397278
ISIC_2003991,6.1339254,15.16232
ISIC_1814941,6.6462483,15.211651
ISIC_6427430,5.6573853,15.3862
ISIC_6959281,4.5214663,16.3819
ISIC_2757332,4.44216,13.921431
ISIC_8308321,6.3184614,15.564917
ISIC_1254469,4.701507,14.513237
ISIC_8856365,7.925379,14.875783
ISIC_6556373,7.4667687,12.794969
ISIC_8172822,7.3505945,14.994064
ISIC_6620748,7.030951,14.155037
ISIC_4223497,7.4461718,15.840455
ISIC_8191057,6.0368385,15.404205
ISIC_1693572,6.702673,14.089712
ISIC_2427899,7.241983,12.48648
ISIC_8907232,7.2196126,13.0748625
ISIC_3162213,4.040597,16.292421
ISIC_0648545,8.469847,14.162948
ISIC_0705477,3.8591614,13.6407385
ISIC_6674797,6.0006056,12.88991
ISIC_6099563,2.75153,14.580946
ISIC_2717192,6.5403976,15.708888
ISIC_6369740,5.345067,15.977386
ISIC_4615762,3.8937476,14.418737
ISIC_8278458,7.8287587,13.202849
ISIC_2149878,3.8758385,12.860837
ISIC_0080539,6.387611,14.453819
ISIC_2010889,4.265035,14.436707
ISIC_4097868,6.2318983,15.45698
ISIC_0261253,7.2771277,15.844417
ISIC_7747712,7.256271,15.038397
ISIC_7399648,2.5988188,14.725638
ISIC_8256480,3.9901674,12.765469
ISIC_5156491,7.266342,14.470513
ISIC_1850674,3.8733633,14.432196
ISIC_0202119,3.9359567,14.428216
ISIC_9572761,5.2081203,16.722462
ISIC_3323866,4.763054,15.592581
ISIC_1776777,6.4355936,16.21407
ISIC_0984817,8.749713,13.445911
ISIC_1423737,6.8618875,15.57784
ISIC_9881460,5.733083,15.261608
ISIC_7092052,6.700433,12.922415
ISIC_6668093,7.1375895,14.890234
ISIC_6119202,5.9991345,15.356897
ISIC_7097931,5.131182,13.170911
ISIC_9274936,7.204023,12.866782
ISIC_7809510,6.720835,12.345952
ISIC_9859873,6.5871964,15.475476
ISIC_7755096,3.5361419,13.175891
ISIC_3056854,7.280244,12.435019
ISIC_9214649,7.587382,13.519855
ISIC_6892286,5.1865644,15.093231
ISIC_5646747,6.292634,13.163682
ISIC_8021816,7.9586854,12.321153
ISIC_5363974,5.9738016,12.461165
ISIC_1908890,3.8715377,12.359869
ISIC_5771780,7.905934,15.776633
ISIC_3719985,6.1507993,14.373762
ISIC_2594715,2.1436245,13.459965
ISIC_9908866,1.9131535,13.183287
ISIC_8172964,8.029227,14.290172
ISIC_9495622,8.513192,11.517281
ISIC_6892280,8.416567,11.498247
ISIC_6471282,3.3959217,13.360223
ISIC_1635231,2.1458967,13.208412
ISIC_2339761,5.4589186,13.530298
ISIC_6707573,6.086645,13.114061
ISIC_5669463,8.239942,10.911816
ISIC_6912369,6.08298,14.648586
ISIC_3143079,7.7226977,10.816859
ISIC_2068188,7.299621,10.871003
ISIC_7952870,2.7724276,13.468725
ISIC_7683106,2.172407,13.2937765
ISIC_5286801,6.0346904,14.045752
ISIC_7599710,3.9019642,15.929975
ISIC_2966808,3.386627,13.496835
ISIC_1778959,7.0836554,13.989827
ISIC_1930795,1.9033806,13.113425
ISIC_4048896,4.203014,14.426802
ISIC_9144329,7.851484,11.499029
ISIC_0750046,7.5940723,11.77003
ISIC_2801005,4.4935174,12.177123
ISIC_1297252,8.716391,11.376636
ISIC_9337100,7.087577,11.774295
ISIC_3192152,8.743645,11.653571
ISIC_4867646,2.8475883,13.578127
ISIC_1077735,4.096355,12.029425
ISIC_9951988,4.2294507,14.196163
ISIC_9187524,6.251402,14.037145
ISIC_8851514,7.969385,12.497189
ISIC_7376452,8.051821,11.3159685
ISIC_6090497,8.246568,11.145621
ISIC_8671596,6.8916235,14.47161
ISIC_6034442,5.735816,13.247578
ISIC_0599463,8.115857,14.028231
ISIC_5988562,7.8079967,11.163228
ISIC_4957310,5.067101,12.755743
ISIC_1753011,3.8670864,15.966438
ISIC_9585033,8.405434,11.349907
ISIC_1701883,8.288793,11.275167
ISIC_4092287,6.6243563,10.364076
ISIC_3796317,7.213843,10.259307
ISIC_8077139,7.8122435,10.357576
ISIC_9907020,7.828378,10.32447
ISIC_8400587,6.9179935,13.381151
ISIC_1935227,6.742423,13.277765
ISIC_0542765,3.7709,15.676068
ISIC_3030394,5.3547564,13.743873
ISIC_7666432,7.6144004,11.446572
ISIC_7660163,5.1244273,12.600307
ISIC_8473293,7.7924285,15.057228
ISIC_4572891,7.6192355,11.744255
ISIC_3033701,2.433275,12.349331
ISIC_6126704,4.017088,14.128219
ISIC_9876533,4.0773606,16.364534
ISIC_8792684,1.8047118,13.25734
ISIC_2421565,8.73525,11.401187
ISIC_8902296,2.8716674,12.272947
ISIC_5841971,5.765988,13.96448
ISIC_1813577,8.549794,13.245234
ISIC_1810807,4.3933277,14.434994
ISIC_2367098,4.45721,14.316521
ISIC_6563304,2.8000476,13.079938
ISIC_2505335,5.722659,16.551752
ISIC_3235131,4.7401853,13.390804
ISIC_2153041,8.604684,11.387747
ISIC_0202238,4.5718346,12.730852
ISIC_0638700,5.5122914,14.928239
ISIC_7824315,5.8394837,13.939781
ISIC_5086721,5.6645427,14.179231
ISIC_7993345,6.9780927,11.576008
ISIC_3110126,6.06534,13.590525
ISIC_1301476,5.220747,12.913129
ISIC_1047011,7.3261437,13.750872
ISIC_4212047,7.403931,13.6463175
ISIC_0168716,7.745346,15.393738
ISIC_3598192,8.059842,14.442278
ISIC_0789191,3.9732542,12.399746
ISIC_0255566,4.0025415,13.884355
ISIC_2079571,2.4664466,12.451477
ISIC_2857128,5.0430613,16.071264
ISIC_7338502,3.972498,13.901669
ISIC_2574924,3.8554134,16.33808
ISIC_3891136,2.4871118,14.603884
ISIC_7239902,7.011228,13.5699835
ISIC_3176105,8.090227,10.937394
ISIC_2362051,6.524728,13.93791
ISIC_0799972,6.7686725,13.757539
ISIC_3491406,6.8317647,12.927035
ISIC_8157239,6.431543,13.832208
ISIC_1000616,3.0476263,14.787654
ISIC_5612133,4.6523514,16.271097
ISIC_7085235,7.6916833,14.152761
ISIC_1791643,5.7026854,14.04868
ISIC_0959325,4.1996613,13.777822
ISIC_5024302,6.6913004,10.253346
ISIC_4719387,4.523249,14.268267
ISIC_7465137,2.3262954,13.721241
ISIC_2070728,5.121352,13.150189
ISIC_1642069,5.836431,14.512643
ISIC_5481480,6.6617985,14.758638
ISIC_4407852,5.926852,14.493116
ISIC_1816965,5.042952,13.097049
ISIC_2277714,2.507508,12.975981
ISIC_3381026,8.115318,11.043638
ISIC_5610304,8.453197,11.1477165
ISIC_5033005,6.105385,13.3676815
ISIC_2211948,3.9033196,12.073228
ISIC_2212637,8.138747,10.983702
ISIC_5704967,8.1386385,10.889526
ISIC_5862918,4.8195653,14.162827
ISIC_1262790,6.0308213,14.436272
ISIC_7541596,5.3099437,12.698648
ISIC_7373164,7.145397,13.976454
ISIC_8786983,6.6095605,11.402081
ISIC_1452632,1.9095738,13.00562
ISIC_2368449,5.8662267,13.943318
ISIC_9677008,2.4949138,13.1794815
ISIC_6586433,5.9263887,13.720706
ISIC_9320992,6.1063213,15.1910715
ISIC_9176427,3.0691686,12.699734
ISIC_7338073,7.4697647,14.028258
ISIC_1203272,6.5534077,14.318389
ISIC_8253057,4.92513,13.304592
ISIC_6578433,6.8093896,10.464147
ISIC_8173252,2.682587,13.192299
ISIC_5711232,5.786737,13.970074
ISIC_6099785,5.2674212,14.673955
ISIC_8647315,4.433439,16.359615
ISIC_7146293,4.572161,16.518951
ISIC_7321503,6.701233,10.496771
ISIC_0587728,5.740401,15.001348
ISIC_0274411,8.296072,12.735214
ISIC_5095180,3.8095787,14.642037
ISIC_0616448,5.1764755,15.941271
ISIC_5306850,6.305246,13.801101
ISIC_3689252,2.25148,12.437899
ISIC_8027280,5.496921,15.351568
ISIC_9092169,5.2642107,14.399958
ISIC_9942350,4.503128,16.454052
ISIC_3275875,4.9142833,13.305335
ISIC_8348262,3.4709556,13.773535
ISIC_3736336,5.5059967,14.469196
ISIC_2190396,7.0467753,12.751984
ISIC_4547332,5.6410456,13.475513
ISIC_3783659,6.169148,15.749916
ISIC_7594243,6.052028,12.811726
ISIC_3622555,1.6700236,14.14717
ISIC_8040663,7.664416,15.595301
ISIC_0961778,4.541513,12.617956
ISIC_9543045,4.8117456,14.082289
ISIC_2468476,4.7559743,16.611433
ISIC_2772824,7.206083,14.1460905
ISIC_9928278,4.2397766,16.447523
ISIC_6016537,6.813257,12.242248
ISIC_6618014,3.419424,13.833896
ISIC_4221304,4.963014,14.89104
ISIC_4027194,4.1162214,13.192271
ISIC_6873657,6.718452,14.918138
ISIC_7927389,4.738307,14.138504
ISIC_9051948,8.406747,13.289484
ISIC_8592733,4.717806,16.287226
ISIC_6275817,7.116271,12.849417
ISIC_6967412,6.264451,13.845787
ISIC_3236033,1.810208,14.574635
ISIC_7429994,1.8757427,14.645065
ISIC_8758983,1.892639,14.705527
ISIC_8651648,1.8585576,14.68393
ISIC_7966639,8.002557,14.734358
ISIC_0133200,7.9462414,14.870517
ISIC_9445977,7.1344824,13.541393
ISIC_5648033,7.482461,14.533195
ISIC_7365059,4.1806216,14.1920805
ISIC_2792717,4.6257515,16.521147
ISIC_0851414,2.382908,13.107109
ISIC_8999351,2.2874084,13.276908
ISIC_6364782,4.653275,16.497932
ISIC_6720909,4.213283,16.410385
ISIC_8738186,4.0748167,12.08364
ISIC_1633321,4.6543465,16.534609
ISIC_6683697,4.273595,14.05508
ISIC_8673290,4.7716575,12.58966
ISIC_4851185,6.022706,12.641765
ISIC_7695263,8.054728,14.702092
ISIC_7560933,3.181718,12.246517
ISIC_3511086,8.475017,14.171371
ISIC_8685453,3.657156,14.230103
ISIC_4375866,5.9601407,13.075083
ISIC_3698441,8.490993,13.737451
ISIC_6048752,8.246789,14.761822
ISIC_6428004,5.720305,16.047358
ISIC_5019119,2.2211497,13.737091
ISIC_3268800,3.111675,12.625472
ISIC_2710427,6.834404,15.779854
ISIC_9693456,6.2989836,14.196052
ISIC_6635963,7.803405,13.061866
ISIC_9174580,3.2452693,12.7679825
ISIC_3773277,8.403314,14.889913
ISIC_5253746,8.385698,14.482785
ISIC_2496140,8.697651,14.368143
ISIC_1909053,8.547113,13.28668
ISIC_7643593,7.902901,14.5025015
ISIC_9434832,8.656762,14.992911
ISIC_9179044,6.108601,13.229845
ISIC_0598073,8.347525,14.453146
ISIC_9239978,7.6822834,14.756278
ISIC_1675975,6.7022862,12.523523
ISIC_4349272,8.26743,14.553895
ISIC_1729396,6.9568458,10.332184
ISIC_6596926,7.311696,12.85498
ISIC_5461210,8.855738,13.963508
ISIC_3667052,6.6080213,16.15774
ISIC_4703321,3.8399816,14.530564
ISIC_6881589,5.518434,14.162887
ISIC_4467312,6.0293155,12.912845
ISIC_9399586,6.6881685,12.967204
ISIC_3704603,8.500285,15.636711
ISIC_4485467,8.879345,14.96537
ISIC_9141788,8.755969,14.398979
ISIC_3259871,8.03172,12.831809
ISIC_5889858,6.5060773,10.71345
ISIC_7334939,6.8290324,15.937567
ISIC_5541499,4.7575693,12.702904
ISIC_3197211,5.3030043,13.543397
ISIC_7472087,5.5824018,16.080133
ISIC_5892763,7.8301587,15.16479
ISIC_5763228,8.900362,13.896414
ISIC_3327928,6.126096,12.680423
ISIC_9596173,6.6657143,16.446056
ISIC_3045480,3.9822075,13.790775
ISIC_6044114,7.258892,12.588182
ISIC_8918247,6.866982,13.984072
ISIC_6819805,7.9183073,12.529511
ISIC_0450792,7.273186,12.194594
ISIC_2879057,8.471217,12.955944
ISIC_2222084,2.1100318,14.012852
ISIC_1916169,8.170166,15.57315
ISIC_3320667,8.179352,11.11987
ISIC_6046943,3.5657012,13.200883
ISIC_8769047,6.8726707,14.067799
ISIC_7303630,8.693969,14.962849
ISIC_9266057,7.2833905,15.758179
ISIC_7784876,8.71471,14.837785
ISIC_5531874,5.567093,10.666645
ISIC_2867998,7.271096,14.179866
ISIC_0699088,6.4857216,15.21457
ISIC_6689453,2.3790731,11.689764
ISIC_3807230,6.2975407,13.322313
ISIC_8416462,4.7635684,13.658241
ISIC_7922830,7.6851916,11.558466
ISIC_0553265,7.8814316,14.570384
ISIC_7640631,8.111902,14.824646
ISIC_8350851,8.817581,14.589672
ISIC_1116303,6.7299433,13.975977
ISIC_9179884,8.920379,14.663763
ISIC_5785135,7.3406577,14.3064575
ISIC_9599992,6.815486,11.853149
ISIC_9227283,4.641045,12.68778
ISIC_8627581,8.735805,14.87166
ISIC_6747251,8.246964,13.737447
ISIC_8601570,8.105945,14.267334
ISIC_0320008,6.656616,13.637474
ISIC_3204703,2.3019762,13.296422
ISIC_2220505,6.1235657,12.679906
ISIC_0823269,6.5470004,15.0813465
ISIC_3670069,8.534375,15.390959
ISIC_8488027,8.512889,14.179564
ISIC_8961614,6.898087,13.710041
ISIC_6993040,8.016405,13.405107
ISIC_5714835,5.678161,14.913993
ISIC_2843665,6.7409,10.355418
ISIC_5182952,6.0318627,13.419524
ISIC_8026822,8.829258,14.600776
ISIC_1126401,7.075369,13.895362
ISIC_0651228,3.2866404,13.877809
ISIC_7638974,6.943003,15.465839
ISIC_8593738,8.702564,14.932267
ISIC_5452980,7.821318,12.076044
ISIC_9875364,5.579721,16.22277
ISIC_9171793,5.096529,16.437206
ISIC_7682533,2.076024,13.562817
ISIC_5628874,7.927641,15.515088
ISIC_8667960,8.302474,14.534127
ISIC_7657322,2.2813916,14.525195
ISIC_9866460,7.057187,14.25306
ISIC_9820266,8.023696,13.383144
ISIC_2793180,7.283026,14.462766
ISIC_1201025,3.816964,12.522124
ISIC_5144687,4.480225,12.603979
ISIC_1994166,7.423018,13.442038
ISIC_5511054,1.9410919,13.997782
ISIC_9041525,3.4256368,12.2276
ISIC_5745126,7.5443115,14.780143
ISIC_5442968,4.9369216,13.302146
ISIC_5912360,7.826703,14.33894
ISIC_4482349,6.7607074,12.126981
ISIC_2179705,8.092192,13.246831
ISIC_7548342,8.927487,14.432945
ISIC_4235575,7.7283063,13.471936
ISIC_7851081,8.979548,14.873513
ISIC_8653825,7.041169,11.80497
ISIC_0831898,4.1689124,12.505192
ISIC_2267440,8.597257,15.257409
ISIC_7718206,7.9211416,13.968315
ISIC_1490894,7.676711,11.916212
ISIC_3933164,3.2350578,12.378198
ISIC_3957660,8.8701725,14.814693
ISIC_1264034,5.5240374,12.5683565
ISIC_8525826,8.020549,15.26632
ISIC_1454751,7.260012,15.336279
ISIC_7170025,8.446495,13.787362
ISIC_3248418,7.6405997,10.834313
ISIC_4969277,6.119405,10.705185
ISIC_3665449,7.3033304,12.87517
ISIC_7893518,6.335335,16.545475
ISIC_4277953,2.3486667,13.1968975
ISIC_7890222,6.751603,14.868516
ISIC_4168419,7.9330325,12.103541
ISIC_1970988,8.156495,14.197188
ISIC_9895318,8.856575,12.409734
ISIC_7045012,8.302028,11.048992
ISIC_6904950,7.191532,15.079819
ISIC_4117748,6.977607,11.925281
ISIC_8362681,5.5902605,16.394062
ISIC_6833525,8.391844,13.639595
ISIC_1121888,8.9745865,14.622258
ISIC_3587674,8.463437,15.507908
ISIC_0124902,5.9604435,12.732946
ISIC_7808642,8.33894,14.918916
ISIC_2305541,7.4212327,13.563104
ISIC_5509679,7.4615026,14.472589
ISIC_8293325,7.650968,12.340583
ISIC_6415722,4.0275974,12.275658
ISIC_3677029,5.154178,11.9390745
ISIC_4643793,8.265998,13.396174
ISIC_4064478,2.9628172,14.573039
ISIC_6172037,5.968674,14.1546
ISIC_6210303,8.860905,11.3145485
ISIC_2979795,6.659678,12.98357
ISIC_2884112,5.590631,10.475931
ISIC_7356320,3.8683097,12.312487
ISIC_7352298,4.7836995,12.900134
ISIC_7545691,8.62417,11.552222
ISIC_3108597,8.514421,11.361205
ISIC_0715696,6.889301,11.18299
ISIC_7285359,8.33635,11.173032
ISIC_9505560,5.0877,11.932526
ISIC_5582910,6.9019117,11.165634
ISIC_0140502,7.553479,11.03893
ISIC_8688192,6.9271183,11.157985
ISIC_2286443,8.673213,11.310375
ISIC_0472123,5.589283,11.576914
ISIC_7317366,4.4982896,12.782193
ISIC_5391607,5.0784783,11.942523
ISIC_7854404,5.598521,10.966282
ISIC_3427218,8.11249,15.358023
ISIC_5998475,8.56255,10.9882145
ISIC_5915244,2.3084464,12.442048
ISIC_6603938,1.7946045,13.517095
ISIC_2861132,6.1605687,15.097375
ISIC_4210924,5.749765,15.028573
ISIC_3412801,5.830842,15.441664
ISIC_4461272,6.1890297,12.999933
ISIC_3541529,7.543084,11.234327
ISIC_9144852,8.702713,11.44325
ISIC_4122691,7.0943174,12.010417
ISIC_9096150,5.626208,12.866168
ISIC_4408961,2.7826092,12.950319
ISIC_1400695,3.0743191,14.739654
ISIC_1876217,5.800889,11.404917
ISIC_0393283,7.8637543,13.069251
ISIC_5224517,8.262802,11.063865
ISIC_6269738,8.750953,11.150966
ISIC_9602954,4.013282,14.164318
ISIC_4411858,7.1997495,11.941062
ISIC_0508777,4.0465984,16.251156
ISIC_9668338,7.0915017,11.326336
ISIC_5920681,8.549665,10.98551
ISIC_7715671,6.9884543,15.732476
ISIC_4775986,8.585581,11.169471
ISIC_3578300,3.7941635,12.515691
ISIC_1483720,8.530958,11.14708
ISIC_3951937,7.618803,12.572804
ISIC_3522656,5.7272687,14.179052
ISIC_3249814,8.843818,11.328691
ISIC_1977937,8.564806,11.186919
ISIC_3559219,4.891263,12.671359
ISIC_9724689,7.061521,15.450175
ISIC_1192769,5.644014,11.519506
ISIC_4176718,8.523507,10.988915
ISIC_0558060,5.0070124,15.396054
ISIC_6666090,6.970511,10.307312
ISIC_4412550,3.620723,12.221596
ISIC_7554287,7.150638,16.461308
ISIC_8776516,5.6766224,10.4974985
ISIC_6038463,5.2350745,11.908392
ISIC_5127249,5.088571,12.916464
ISIC_6529350,6.9972157,12.783753
ISIC_0323009,8.911743,11.334051
ISIC_9678778,3.8901932,15.21576
ISIC_9420311,4.3015924,13.831373
ISIC_4005082,7.6567125,12.3828535
ISIC_5163263,2.8860476,12.430197
ISIC_2204976,5.5858765,13.677507
ISIC_1012044,4.9256277,12.722904
ISIC_0474387,5.0505385,13.28316
ISIC_2097603,8.437031,11.076963
ISIC_2337531,6.1336937,13.612874
ISIC_8498489,8.547525,11.697085
ISIC_7081819,5.600048,10.492118
ISIC_9842532,8.847358,11.301839
ISIC_0327070,6.155487,12.92088
ISIC_9008372,8.742673,11.118093
ISIC_3335354,7.735979,14.3271
ISIC_4981914,8.822511,11.293474
ISIC_9809482,5.707905,13.52065
ISIC_4839117,7.5990496,11.084823
ISIC_5752865,7.5007014,15.967561
ISIC_9992492,3.5988681,13.841951
ISIC_3544253,9.03287,11.660407
ISIC_3535003,4.0340743,12.765133
ISIC_7542458,4.8434,12.476796
ISIC_5461797,3.126922,14.5048
ISIC_9728499,8.917344,13.474669
ISIC_0450997,8.460353,11.167577
ISIC_4249493,2.3964784,14.524749
ISIC_1234126,1.9211185,13.292545
ISIC_3035927,6.0156765,10.728218
ISIC_5658925,6.8821793,11.127067
ISIC_9800841,7.438286,13.010879
ISIC_2196575,6.878168,16.443478
ISIC_1910468,3.7641358,13.837133
ISIC_2619021,5.8383894,15.347958
ISIC_7146494,3.326578,12.354982
ISIC_5003828,2.48154,12.942884
ISIC_5036772,7.8479567,12.774235
ISIC_0662485,7.4147186,12.995167
ISIC_5089962,4.24217,14.048892
ISIC_9630889,5.998268,10.840928
ISIC_2339295,7.572519,11.265052
ISIC_4688289,6.461007,13.841304
ISIC_3545006,8.576208,11.172163
ISIC_3440239,8.92767,11.547925
ISIC_9381298,5.843012,12.880494
ISIC_6012573,4.7586017,12.904479
ISIC_2556057,8.740959,11.569536
ISIC_4184681,6.3959737,16.064219
ISIC_8327076,5.5905576,13.630228
ISIC_1320438,6.1906104,12.921773
ISIC_6013467,2.1894033,14.262797
ISIC_2309271,7.0959635,12.791954
ISIC_4746369,9.020791,14.538154
ISIC_1822107,7.066049,13.325971
ISIC_5289849,4.377949,15.136919
ISIC_6752882,8.562982,11.256503
ISIC_5863574,4.2165995,13.974312
ISIC_2863863,7.646842,12.377362
ISIC_9419633,6.85248,13.090653
ISIC_4301676,4.2326236,16.309345
ISIC_4171657,7.9284105,11.838654
ISIC_0852832,8.928842,13.429162
ISIC_4907655,5.5990195,10.482276
ISIC_5281117,9.008008,11.669593
ISIC_8766402,8.916585,11.843477
ISIC_9233062,6.916721,11.142099
ISIC_2742711,4.1880097,14.60962
ISIC_5839875,8.181971,11.525245
ISIC_9641059,7.905265,11.764398
ISIC_2558169,9.021964,11.650104
ISIC_0758444,9.050005,11.660467
ISIC_0929180,5.688059,15.001587
ISIC_4119530,3.9627311,12.599329
ISIC_6931629,5.9654093,15.180687
ISIC_6550602,8.494812,11.122402
ISIC_8204363,5.0690746,15.4018345
ISIC_5356475,4.7854886,13.402455
ISIC_5619562,8.608563,11.163585
ISIC_3544463,8.563267,11.280696
ISIC_8864678,5.939587,12.925327
ISIC_4891117,6.9846125,11.150525
ISIC_5573077,6.7364964,13.217797
ISIC_5418441,8.731572,11.536377
ISIC_1271507,8.739038,11.126131
ISIC_1110743,8.784499,11.520775
ISIC_0404417,7.3141565,14.345036
ISIC_9323485,6.5406656,16.200748
ISIC_9432086,8.870272,13.710969
ISIC_4733114,5.600923,10.504488
ISIC_8423180,4.9863124,12.714601
ISIC_7423595,4.281831,12.847231
ISIC_5273210,5.980074,11.284888
ISIC_6193654,7.2753677,11.232332
ISIC_3635831,7.6924925,15.255852
ISIC_9566132,6.140194,14.399008
ISIC_8225781,5.3723683,12.185793
ISIC_0077281,4.271076,12.873551
ISIC_7003002,7.63713,12.3522415
ISIC_5292024,6.7513027,13.96968
ISIC_3540915,6.1278796,12.913753
ISIC_5082179,8.876228,11.302334
ISIC_9485124,5.0574265,11.967227
ISIC_0722605,5.6165156,11.532843
ISIC_5801650,1.9393506,13.379975
ISIC_0308880,8.277946,11.060366
ISIC_9317339,4.404959,12.134711
ISIC_2425757,4.293758,12.5320425
ISIC_8493254,6.983416,15.860702
ISIC_1968416,7.5315976,11.17715
ISIC_4647281,6.1347065,14.326134
ISIC_5395518,3.9081113,12.626957
ISIC_8617353,7.323865,14.009557
ISIC_1427295,5.1343417,11.923946
ISIC_7913874,4.8662434,13.788001
ISIC_9662611,8.981091,11.522266
ISIC_4530856,5.59349,11.494846
ISIC_1235469,2.001615,13.895536
ISIC_2340958,8.558777,11.152264
ISIC_0151466,6.0757146,14.825407
ISIC_3994385,4.370776,12.135778
ISIC_2000766,3.6235468,12.510924
ISIC_9869190,8.903138,13.420292
ISIC_8868249,8.588482,10.971553
ISIC_4352505,4.5728188,12.869206
ISIC_2826181,5.498929,12.431321
ISIC_4529513,7.6985083,12.522081
ISIC_8278782,7.942205,12.63087
ISIC_2368188,5.5067043,13.984013
ISIC_1091442,6.591533,16.541357
ISIC_6378347,4.283032,13.48275
ISIC_1764844,6.5171757,10.112642
ISIC_7759222,7.9569616,12.618258
ISIC_1389226,9.006303,11.672362
ISIC_3046271,4.9326663,12.453809
ISIC_7713609,3.477503,14.970968
ISIC_9029938,8.883606,12.306245
ISIC_6410570,6.6177845,16.613148
ISIC_9767305,9.005271,11.613589
ISIC_7563950,5.8401504,13.016127
ISIC_6291375,7.1518345,12.333914
ISIC_6850912,5.6635966,14.110628
ISIC_3476246,5.530507,13.397654
ISIC_4152922,2.2616398,12.433663
ISIC_7473000,5.6681795,12.873311
ISIC_6288607,7.922823,12.663435
ISIC_6321476,2.1829057,12.304779
ISIC_0269622,8.914098,11.79917
ISIC_8724412,9.015494,11.6360655
ISIC_3404294,2.241495,12.416672
ISIC_1056436,3.7611957,12.516467
ISIC_8446478,6.915122,11.137517
ISIC_8278036,5.2050076,13.677772
ISIC_2958480,3.8637578,12.523556
ISIC_8187734,5.6110864,13.065777
ISIC_8823228,2.0003471,13.852965
ISIC_5699993,3.5410144,12.306966
ISIC_3137117,8.6453495,11.590367
ISIC_2177103,2.43526,13.008655
ISIC_7564517,8.7119255,11.107951
ISIC_7000719,7.1909094,14.208308
ISIC_5709512,4.0232787,16.288923
ISIC_7084754,8.373485,11.112648
ISIC_1658397,6.013168,13.074249
ISIC_4868339,5.60535,10.470039
ISIC_7808341,8.806012,11.940356
ISIC_3352464,6.7547855,13.256605
ISIC_6133338,6.159613,12.873911
ISIC_7899387,6.8681207,11.2028
ISIC_5700648,5.2363586,11.744124
ISIC_5312996,4.344213,14.773055
ISIC_5423259,2.5860054,13.594954
ISIC_7443971,4.6004357,14.741298
