isic_id,umap_x,umap_y
ISIC_0000002,5.8019032,10.079239
ISIC_0000004,3.4679186,5.13402
ISIC_0000013,3.7614071,10.15428
ISIC_0000022,5.6949263,10.376186
ISIC_0000026,7.9371576,6.3319426
ISIC_0000029,5.126739,11.119013
ISIC_0000030,8.379243,7.1638784
ISIC_0000031,8.494662,8.350155
ISIC_0000035,4.6809683,10.334466
ISIC_0000036,4.506682,10.585407
ISIC_0000040,10.170741,8.406989
ISIC_0000046,4.4651866,10.315434
ISIC_0000054,5.0577145,8.824309
ISIC_0000056,3.972202,10.012639
ISIC_0000070,7.8711085,9.7915
ISIC_0000076,4.2447376,4.830394
ISIC_0000077,8.982971,6.5247808
ISIC_0000078,7.3275876,9.716979
ISIC_0000139,8.811927,8.302477
ISIC_0000140,7.3638053,10.138415
ISIC_0000141,4.422716,7.964366
ISIC_0000142,4.605319,4.6225944
ISIC_0000143,8.016058,8.828752
ISIC_0000144,4.6440296,4.5586066
ISIC_0000145,4.7120304,10.946699
ISIC_0000146,5.440242,4.466031
ISIC_0000147,3.61096,5.470731
ISIC_0000148,7.44188,10.0768795
ISIC_0000149,9.512776,7.0873976
ISIC_0000150,8.425464,9.554928
ISIC_0000151,10.233591,10.02599
ISIC_0000152,8.299307,9.291899
ISIC_0000153,4.3991156,9.137149
ISIC_0000154,9.221763,9.428066
ISIC_0000156,6.8241234,7.4052343
ISIC_0000157,6.2296247,9.218188
ISIC_0000158,3.9847212,8.286946
ISIC_0000159,9.281726,8.357989
ISIC_0000163,6.680168,9.460236
ISIC_0000165,7.0505,10.07903
ISIC_0000168,1.6275437,9.005847
ISIC_0000169,4.154967,11.318863
ISIC_0000170,5.50551,9.380328
ISIC_0000172,4.1575785,11.267046
ISIC_0000175,5.3074102,11.100283
ISIC_0000176,9.11276,7.417805
ISIC_0000276,6.72892,10.733315
ISIC_0000277,5.4925776,9.657135
ISIC_0000278,5.8940663,6.9958324
ISIC_0000281,7.684847,10.176093
ISIC_0000282,3.8684618,6.204984
ISIC_0000283,7.9375687,10.263963
ISIC_0000287,7.2177825,11.0590925
ISIC_0000290,3.4654596,5.859978
ISIC_0000291,9.580853,7.031232
ISIC_0000292,6.4342566,6.76878
ISIC_0000294,7.147101,6.489777
ISIC_0000296,7.580412,6.2833867
ISIC_0000305,3.8164363,9.426188
ISIC_0000390,3.2060301,8.354739
ISIC_0000393,5.6855297,8.478094
ISIC_0000394,4.8835626,8.681779
ISIC_0000395,8.084062,7.157588
ISIC_0000398,3.9107156,10.191606
ISIC_0000399,5.3393626,8.195306
ISIC_0000400,2.393938,9.857187
ISIC_0000401,5.6424103,6.962728
ISIC_0000402,3.6958978,7.834294
ISIC_0000404,4.363458,7.474304
ISIC_0000405,5.31999,6.326212
ISIC_0000406,4.892024,9.496383
ISIC_0000410,7.576012,9.229898
ISIC_0000411,6.043398,3.928565
ISIC_0000412,7.543599,8.536249
ISIC_0000413,4.3361545,10.637747
ISIC_0000414,6.4619884,8.543535
ISIC_0000415,2.3449938,10.988758
ISIC_0000417,4.424318,6.7476983
ISIC_0000420,4.842512,10.3015785
ISIC_0000428,2.4400733,10.932775
ISIC_0000429,3.2391765,5.2034507
ISIC_0000432,7.2917013,7.8341255
ISIC_0000434,9.937844,7.7489123
ISIC_0000438,3.9175284,6.0952635
ISIC_0000440,5.8131194,6.46336
ISIC_0000441,5.3806267,9.113385
ISIC_0000444,7.646196,7.929094
ISIC_0000445,10.5110235,9.580708
ISIC_0000446,7.4314165,7.965323
ISIC_0000450,4.9709063,8.411066
ISIC_0000459,2.6117024,8.708412
ISIC_0000462,6.3969755,7.6614785
ISIC_0000463,6.0480585,8.770524
ISIC_0000466,4.1367188,10.129165
ISIC_0000469,4.1461067,9.527873
ISIC_0000482,3.7777395,10.070956
ISIC_0000484,4.061099,9.523552
ISIC_0000487,3.3896344,9.39536
ISIC_0000502,2.8297956,9.768449
ISIC_0000511,6.823969,7.528619
ISIC_0000513,4.50596,8.9626465
ISIC_0000516,7.059845,7.6922693
ISIC_0000517,1.9714348,9.871732
ISIC_0000518,2.2492187,9.240501
ISIC_0000519,5.382864,10.100937
ISIC_0000520,7.192963,8.197951
ISIC_0000521,7.951841,10.597563
ISIC_0000522,5.6968904,8.403759
ISIC_0000531,7.6293554,8.103371
ISIC_0000533,9.238412,8.730113
ISIC_0000547,2.6644914,10.711291
ISIC_0000548,4.368703,9.455234
ISIC_0000549,4.376669,8.249344
ISIC_0000551,6.7232924,6.224642
ISIC_0000552,0.8887811,9.202449
ISIC_0000553,4.7721057,8.251869
ISIC_0000554,6.466862,7.655553
ISIC_0000555,5.249132,8.674621
ISIC_0001100,9.419321,9.568291
ISIC_0001101,3.7799075,10.788867
ISIC_0001102,8.641341,7.6228747
ISIC_0001103,6.530379,9.970622
ISIC_0001105,8.595553,10.027134
ISIC_0001106,7.2319765,9.688749
ISIC_0001108,1.4906132,6.4654703
ISIC_0001110,2.278563,8.236374
ISIC_0001116,3.664799,10.578167
ISIC_0001118,3.32901,9.637909
ISIC_0001119,7.2358794,10.128485
ISIC_0001121,10.075092,7.994468
ISIC_0001124,5.3010306,8.203589
ISIC_0001125,1.842394,6.3999815
ISIC_0001126,6.6619406,8.533891
ISIC_0001127,5.169553,6.917392
ISIC_0001128,8.748626,9.769571
ISIC_0001131,3.8138363,8.099943
ISIC_0001132,8.0459795,8.344177
ISIC_0001133,4.7632055,5.050171
ISIC_0001134,10.128218,9.993724
ISIC_0001135,7.6282706,10.866165
ISIC_0001137,6.3138847,8.766011
ISIC_0001138,6.3156786,5.786545
ISIC_0001140,7.7982545,10.827241
ISIC_0001141,3.150462,9.347024
ISIC_0001142,8.7020035,7.810178
ISIC_0001143,5.024157,9.798342
ISIC_0001148,5.5900717,9.546297
ISIC_0001151,9.85851,7.7142835
ISIC_0001152,0.6474003,7.286195
ISIC_0001154,5.654473,6.537489
ISIC_0001157,5.9122024,7.499768
ISIC_0009868,8.453532,9.036555
ISIC_0009882,3.7966876,10.057456
ISIC_0009890,5.119615,8.651232
ISIC_0009898,5.325146,10.115677
ISIC_0009905,8.658491,8.24016
ISIC_0009913,3.2845454,8.299925
ISIC_0009916,5.7859583,5.6592517
ISIC_0009918,4.9030056,5.492584
ISIC_0009924,7.0412483,6.257466
ISIC_0009927,10.270178,8.031319
ISIC_0009934,5.189466,6.306742
ISIC_0009950,8.2716,9.277126
ISIC_0009955,7.768883,9.240345
ISIC_0009960,10.461191,9.261703
ISIC_0009971,10.380916,9.400713
ISIC_0009993,3.731232,6.3102183
ISIC_0010000,5.171072,6.9871244
ISIC_0010007,5.2866654,6.231086
ISIC_0010011,7.2292542,8.425067
ISIC_0010016,9.916741,9.956616
ISIC_0010023,8.452758,10.027834
ISIC_0010024,9.753023,9.470179
ISIC_0010029,7.9777527,6.3112226
ISIC_0010034,9.605623,8.172048
ISIC_0010036,4.411171,9.909365
ISIC_0010039,4.853307,9.522512
ISIC_0010049,3.1769617,10.04786
ISIC_0010050,4.9104524,7.5043135
ISIC_0010054,6.043886,8.714689
ISIC_0010056,5.3802934,7.4929056
ISIC_0010067,3.687761,6.9522886
ISIC_0010080,8.582961,9.315348
ISIC_0010081,6.031284,5.31422
ISIC_0010089,9.666211,10.37013
ISIC_0010094,8.741889,10.627641
ISIC_0010106,5.789626,7.7221136
ISIC_0010119,10.096012,8.257817
ISIC_0010120,4.6349697,5.4865155
ISIC_0010131,1.4499853,7.566028
ISIC_0010137,7.5991626,9.891081
ISIC_0010140,4.3970246,7.7739553
ISIC_0010145,5.8076053,11.245146
ISIC_0010148,5.120598,8.905843
ISIC_0010162,5.033385,5.6696286
ISIC_0010164,8.097315,6.1912107
ISIC_0010165,2.2847512,10.89555
ISIC_0010171,6.099729,9.165061
ISIC_0010174,6.717105,8.667751
ISIC_0010189,3.2862618,7.607963
ISIC_0010194,3.8225634,10.231022
ISIC_0010207,8.181134,9.248388
ISIC_0010208,7.5733876,5.9118776
ISIC_0010210,5.174123,8.947986
ISIC_0010225,10.316966,8.475349
ISIC_0010231,3.8757179,10.132971
ISIC_0010235,5.0713453,7.6626797
ISIC_0010240,6.222513,8.036676
ISIC_0010241,5.7305574,10.326696
ISIC_0010245,3.7121265,6.2267175
ISIC_0010251,10.080108,9.9449
ISIC_0010265,9.014237,9.005852
ISIC_0010271,8.156249,6.056576
ISIC_0010280,8.477537,9.3201275
ISIC_0010283,9.512741,8.500573
ISIC_0010288,3.2438774,8.008886
ISIC_0010295,5.2941103,6.4563737
ISIC_0010299,7.20686,9.1359415
ISIC_0010313,10.607998,9.5969925
ISIC_0010319,4.516392,8.550133
ISIC_0010321,5.033729,10.234414
ISIC_0010322,7.340484,6.0976872
ISIC_0010350,9.434368,9.435923
ISIC_0010358,7.7426624,9.977276
ISIC_0010360,7.174547,8.773586
ISIC_0010364,9.450921,8.152585
ISIC_0010366,4.5435085,8.714644
ISIC_0010369,6.539251,8.035417
ISIC_0010372,9.730962,7.340452
ISIC_0010380,7.5957108,9.912094
ISIC_0010392,2.7052999,7.9652987
ISIC_0010393,5.413154,9.937437
ISIC_0010394,4.9894075,9.624136
ISIC_0010396,3.7038434,7.3005395
ISIC_0010397,6.398976,10.923121
ISIC_0010398,8.094913,7.9349384
ISIC_0010400,7.687393,8.612829
ISIC_0010401,7.919288,10.641705
ISIC_0010402,5.1360154,8.492916
ISIC_0010407,2.4555511,8.855289
ISIC_0010410,8.660481,7.3892503
ISIC_0010413,3.592245,6.1106787
ISIC_0010415,6.8135357,7.5471015
ISIC_0010417,3.0109813,7.8009605
ISIC_0010426,5.7071986,8.78556
ISIC_0010432,4.064252,10.952194
ISIC_0010441,6.353732,8.158804
ISIC_0010466,6.291772,9.1120205
ISIC_0010468,5.5173645,10.090095
ISIC_0010469,4.9432597,8.114394
ISIC_0010470,6.427148,8.074414
ISIC_0010476,9.903039,7.851602
ISIC_0010482,6.2974534,6.115995
ISIC_0010486,2.447855,10.742648
ISIC_0010495,6.587707,6.205795
ISIC_0010514,10.244191,8.343773
ISIC_0010527,3.6509345,6.6302876
ISIC_0010532,7.4010205,6.1790752
ISIC_0010543,8.399045,8.457856
ISIC_0010550,4.6347237,7.943913
ISIC_0010551,8.553475,7.3847575
ISIC_0010555,7.887546,7.8630385
ISIC_0010559,3.054874,5.852228
ISIC_0010564,2.895511,6.8515697
ISIC_0010576,8.965487,8.443113
ISIC_0010579,7.3794575,8.169502
ISIC_0010583,2.5789127,9.887412
ISIC_0010587,8.450068,10.114382
ISIC_0010591,8.624736,9.064653
ISIC_0010596,3.9989011,8.815962
ISIC_0010597,8.170379,9.31854
ISIC_0010608,2.9466255,8.660798
ISIC_0010609,9.815407,7.7244167
ISIC_0010611,6.309903,8.249035
ISIC_0010631,2.0326033,7.2418694
ISIC_0010644,9.825268,9.32142
ISIC_0010648,5.2926826,10.32084
ISIC_0010653,8.308095,7.690843
ISIC_0010655,8.551842,9.721569
ISIC_0010707,8.670025,5.791027
ISIC_0010714,3.3043716,7.3676414
ISIC_0010723,4.3640957,10.013704
ISIC_0010728,4.1369195,9.275885
ISIC_0010729,6.006944,7.333251
ISIC_0010741,7.019802,7.3193254
ISIC_0010749,5.4024997,9.342477
ISIC_0010750,4.536177,10.80458
ISIC_0010757,10.053368,9.084846
ISIC_0010759,4.651717,9.253167
ISIC_0010764,8.557717,6.202455
ISIC_0010765,8.2219305,5.867497
ISIC_0010766,9.409497,6.473502
ISIC_0010770,8.983918,5.680738
ISIC_0010772,6.230121,8.883949
ISIC_0010777,9.055665,10.450822
ISIC_0010782,6.4217696,7.644593
ISIC_0010784,6.4711313,7.088465
ISIC_0010785,4.2008033,10.931943
ISIC_0010789,6.8789005,8.865888
ISIC_0010790,8.594018,7.1368523
ISIC_0010791,5.4918184,6.4531817
ISIC_0010792,7.725115,5.8907375
ISIC_0010803,9.780251,8.561126
ISIC_0010808,6.553696,8.921236
ISIC_0010809,7.6631794,6.2983522
ISIC_0010810,2.2940264,7.331202
ISIC_0010834,9.810771,7.7745533
ISIC_0010852,10.408561,10.059691
ISIC_0010860,7.7531404,10.734764
ISIC_0010862,6.313567,11.019426
ISIC_0010863,2.2733781,9.7746935
ISIC_0010866,4.680103,8.768751
ISIC_0010872,2.6346667,9.528954
ISIC_0010876,5.08395,9.3311
ISIC_0010878,5.4914355,8.921625
ISIC_0010883,6.0828085,9.915259
ISIC_0010890,6.03874,4.173051
ISIC_0010898,7.2983413,6.6171503
ISIC_0010900,6.4607306,8.314764
ISIC_0010912,4.997218,10.035888
ISIC_0010917,4.0922813,9.734461
ISIC_0010923,7.917726,8.31584
ISIC_0010938,3.5730991,9.058786
ISIC_0010942,5.9737005,7.1771684
ISIC_0010965,4.938418,9.904488
ISIC_0010971,3.5709891,10.790156
ISIC_0010977,9.743208,7.7673535
ISIC_0010978,10.0109215,7.8387933
ISIC_0010979,5.896993,5.8672943
ISIC_0010982,6.129275,5.9298697
ISIC_0010993,6.6894236,6.393389
ISIC_0010995,8.611149,8.919959
ISIC_0011007,4.397517,6.262608
ISIC_0011012,10.324125,9.022378
ISIC_0011030,6.3402886,9.527425
ISIC_0011031,5.728786,8.689822
ISIC_0011039,6.4738007,6.7942677
ISIC_0011040,7.14498,9.292211
ISIC_0011042,7.9138446,6.9727154
ISIC_0011043,6.974827,5.6459813
ISIC_0011045,4.3893485,9.917894
ISIC_0011052,4.4400635,8.312939
ISIC_0011057,10.124095,9.863527
ISIC_0011077,6.912006,6.6192517
ISIC_0011099,8.662503,8.196383
ISIC_0011118,10.1138525,7.3980727
ISIC_0011122,3.5846684,6.9283357
ISIC_0011128,6.080099,6.3381424
ISIC_0011130,5.474295,9.472019
ISIC_0011132,6.563766,9.306836
ISIC_0011135,8.020515,10.546198
ISIC_0011136,7.266837,6.317303
ISIC_0011137,6.4440117,10.576791
ISIC_0011138,5.208574,7.636059
ISIC_0011139,5.7856817,8.417441
ISIC_0011140,9.710006,9.991899
ISIC_0011151,2.558255,10.239114
ISIC_0011158,6.821444,8.136937
ISIC_0011161,4.4541626,8.498285
ISIC_0011163,10.132694,9.987268
ISIC_0011166,7.8050075,8.248803
ISIC_0011169,8.49826,8.934634
ISIC_0011176,9.763778,10.207052
ISIC_0011178,5.7494917,5.9804835
ISIC_0011181,6.232343,6.5606365
ISIC_0011187,7.8295245,6.194145
ISIC_0011193,5.676266,9.113569
ISIC_0011196,7.7532887,9.601674
ISIC_0011209,7.073784,6.8664975
ISIC_0011238,4.9773154,9.387503
ISIC_0011239,2.2151282,10.605761
ISIC_0011247,2.1692932,7.7323265
ISIC_0011256,9.545763,10.164541
ISIC_0011264,5.864399,5.5725355
ISIC_0011267,7.695029,6.8527513
ISIC_0011268,7.9705715,7.743844
ISIC_0011269,8.841935,9.606811
ISIC_0011273,4.8913183,8.074082
ISIC_0011305,7.874523,6.98337
ISIC_0011315,6.363983,7.4732437
ISIC_0011337,5.738059,6.284493
ISIC_0011348,4.0025077,8.088724
ISIC_0011350,1.5743194,8.170446
ISIC_0011356,2.3334088,6.867972
ISIC_0011366,5.642147,10.0885935
ISIC_0011370,5.7006683,7.9297123
ISIC_0011374,1.8068333,7.6223598
ISIC_0011375,5.683,6.8235636
ISIC_0011381,2.6853487,6.8350635
ISIC_0011387,2.8719683,10.277614
ISIC_0011388,6.07067,3.9293518
ISIC_0011390,1.5281539,9.303677
ISIC_0011391,4.7393665,5.0388155
ISIC_0011399,6.703698,6.9192553
ISIC_0011404,2.333338,8.312073
ISIC_0011405,2.4283128,8.123865
ISIC_0011428,2.6838686,8.402689
ISIC_0011429,1.3256007,7.7560463
ISIC_0011430,1.561538,8.001648
ISIC_0011434,1.0094618,8.669999
ISIC_0011435,1.1257738,8.676581
ISIC_0011437,6.5593305,11.112773
ISIC_0011438,2.0569909,8.40969
ISIC_0011439,2.6015718,8.288793
ISIC_0011458,5.5685234,6.6360826
ISIC_0011460,3.4108033,10.802391
ISIC_0011463,2.0088806,7.957962
ISIC_0011471,2.876007,8.142038
ISIC_0011474,2.2633712,8.660768
ISIC_0011480,1.1253823,9.313995
ISIC_0011481,7.025435,10.786786
ISIC_0011482,2.945729,8.395121
ISIC_0011483,3.8055232,7.098743
ISIC_0011484,3.6726673,7.097995
ISIC_0011485,2.4457505,9.069159
ISIC_0011486,2.4766858,8.9919815
ISIC_0011487,2.4760969,9.065013
ISIC_0011488,4.3976192,9.321957
ISIC_0011489,4.8670435,8.259392
ISIC_0011490,3.9330487,11.465486
ISIC_0011491,3.8501747,8.893136
ISIC_0011492,3.6366765,7.1471286
ISIC_0011493,1.8853972,8.853262
ISIC_0011494,4.1153665,9.147433
ISIC_0011501,2.6005504,8.23711
ISIC_0011503,0.9968044,9.27146
ISIC_0011504,6.3836904,11.147238
ISIC_0011505,3.4937794,9.310372
ISIC_0011506,1.7789218,8.872633
ISIC_0011507,5.9061003,11.452284
ISIC_0011508,5.6148677,11.499608
ISIC_0011511,3.6231227,6.972723
ISIC_0011514,3.9483638,7.2910166
ISIC_0011515,2.3178883,8.305493
ISIC_0011516,2.6017964,7.976104
ISIC_0011517,1.8662283,8.325988
ISIC_0011518,2.5665662,7.9005713
ISIC_0011519,2.2875357,8.067217
ISIC_0011520,4.028834,11.595375
ISIC_0011526,3.7566032,7.6085634
ISIC_0011527,5.725537,6.03947
ISIC_0011528,5.7180815,6.181175
ISIC_0011529,5.742466,6.0734043
ISIC_0011530,5.6668983,6.055904
ISIC_0011531,5.8226256,6.1048446
ISIC_0011534,1.9040171,8.9848
ISIC_0011537,2.9016433,7.3772616
ISIC_0011560,2.7129867,10.119398
ISIC_0011566,2.1525023,8.161279
ISIC_0011579,2.1440923,8.510809
ISIC_0011589,2.2002022,8.576923
ISIC_0011590,2.5793407,8.549384
ISIC_0011591,2.462063,8.357767
ISIC_0011594,1.9863806,7.9561176
ISIC_0011610,8.503081,11.144091
ISIC_0011613,3.555873,11.402067
ISIC_0011614,3.750789,11.523822
ISIC_0011615,3.6405258,11.470762
ISIC_0011616,3.7548947,11.467599
ISIC_0011618,3.03783,5.8104396
ISIC_0011628,3.770557,6.378175
ISIC_0011649,4.4653735,9.311023
ISIC_0011659,2.3613536,8.558838
ISIC_0011684,6.6026983,11.067764
ISIC_0011691,3.5165634,7.390317
ISIC_0011692,3.892667,11.740012
ISIC_0011693,3.8507917,11.73651
ISIC_0011694,3.6796348,11.659321
ISIC_0011695,3.9573252,11.807869
ISIC_0011696,3.8785732,11.790322
ISIC_0011697,3.897118,11.840853
ISIC_0011698,3.816284,11.747063
ISIC_0011699,3.7344878,11.693778
ISIC_0011700,3.6345637,11.564192
ISIC_0011701,3.922855,11.785806
ISIC_0011702,3.6753042,11.668185
ISIC_0011703,3.6641505,11.59703
ISIC_0011704,3.882546,11.803915
ISIC_0011709,2.6924915,8.0113325
ISIC_0011710,3.1959426,7.5685844
ISIC_0011728,1.2061052,9.285578
ISIC_0011729,3.8190527,7.777072
ISIC_0011736,3.4770834,7.331114
ISIC_0011743,1.2641906,9.411805
ISIC_0011744,1.347923,9.396636
ISIC_0011758,1.8585033,8.325462
ISIC_0011759,1.7465364,8.453306
ISIC_0011764,3.8330815,11.438382
ISIC_0011770,2.8726196,8.154044
ISIC_0011771,2.5753458,7.9343605
ISIC_0011772,4.209398,8.227477
ISIC_0011773,2.5874095,8.008422
ISIC_0011774,2.6728842,8.0824375
ISIC_0011778,3.7307339,6.9824185
ISIC_0011780,1.8992493,9.048764
ISIC_0011782,0.94363934,9.045562
ISIC_0011794,1.266396,8.967764
ISIC_0011797,3.546127,11.265933
ISIC_0011798,3.5448406,11.298999
ISIC_0011799,3.6604173,11.078815
ISIC_0011801,6.0834155,11.27117
ISIC_0011802,6.080433,11.215107
ISIC_0011807,4.0279994,9.565338
ISIC_0011808,3.9263525,9.767451
ISIC_0011811,3.8727434,7.530323
ISIC_0011812,3.9739661,7.5784693
ISIC_0011845,1.6877626,9.070277
ISIC_0011846,1.990383,8.5435
ISIC_0011857,3.630679,11.457445
ISIC_0011858,3.6372569,11.500445
ISIC_0011870,1.3826526,9.224137
ISIC_0011872,1.0027543,9.296928
ISIC_0011873,0.92475575,9.154319
ISIC_0011874,0.9569192,9.153349
ISIC_0011875,1.2747664,9.333025
ISIC_0011876,1.109649,8.799731
ISIC_0011877,0.84167564,9.082583
ISIC_0011878,1.0432462,9.339282
ISIC_0011879,1.5708847,9.573957
ISIC_0011892,3.7154846,7.5122647
ISIC_0011895,6.5325603,10.84827
ISIC_0011898,1.9239979,8.299099
ISIC_0011904,3.6010914,10.764936
ISIC_0011921,3.00832,9.719051
ISIC_0011922,2.8319046,9.507712
ISIC_0011923,5.781262,7.53626
ISIC_0011930,1.3001564,8.871673
ISIC_0011931,1.0502989,8.979998
ISIC_0011933,3.0269759,7.827078
ISIC_0011943,4.0624585,11.57737
ISIC_0011944,3.935045,11.509678
ISIC_0011947,3.5883417,9.81681
ISIC_0011948,3.502489,9.703758
ISIC_0011949,3.5592923,10.467461
ISIC_0011950,3.621974,10.193049
ISIC_0011951,3.6877487,10.594283
ISIC_0011957,8.560164,8.314512
ISIC_0011958,8.505529,8.259082
ISIC_0011975,5.8984165,6.573933
ISIC_0011987,2.2311864,8.265237
ISIC_0011996,8.282045,8.595268
ISIC_0011998,2.4260757,8.696537
ISIC_0012000,1.4888837,8.844134
ISIC_0012044,3.8249633,7.1917553
ISIC_0012047,2.036486,8.729948
ISIC_0012048,3.6752572,11.013111
ISIC_0012049,3.3040392,5.2963786
ISIC_0012060,3.202659,8.070845
ISIC_0012063,3.707133,10.873193
ISIC_0012066,3.848127,11.067709
ISIC_0012069,3.9018707,10.8716135
ISIC_0012081,5.7169323,10.804613
ISIC_0012082,6.0652657,11.357545
ISIC_0012083,6.1102033,5.374719
ISIC_0012099,10.190741,9.399615
ISIC_0012112,5.270484,4.5947456
ISIC_0012137,8.043501,9.508135
ISIC_0012151,4.9243755,9.143307
ISIC_0012208,9.716424,9.0023365
ISIC_0012258,7.815879,7.177835
ISIC_0012270,8.476014,5.4905806
ISIC_0012288,9.152763,9.105038
ISIC_0012290,8.51401,6.8090243
ISIC_0012298,10.163258,7.603924
ISIC_0012321,2.846329,9.580793
ISIC_0012348,10.301286,7.847719
ISIC_0012356,7.5398765,5.9394355
ISIC_0012369,9.866247,7.852496
ISIC_0012382,7.570056,7.827562
ISIC_0012391,5.7318354,9.901911
ISIC_0012418,6.0705147,9.395814
ISIC_0012425,9.444503,9.137435
ISIC_0012434,10.297659,9.086706
ISIC_0012435,8.580071,9.080058
ISIC_0012450,7.7430563,9.219469
ISIC_0012471,7.6790457,7.9323177
ISIC_0012472,4.626133,6.0869575
ISIC_0012512,6.402227,8.556476
ISIC_0012571,6.50684,6.3003755
ISIC_0012574,6.845093,10.689967
ISIC_0012577,7.36307,6.2301717
ISIC_0012580,7.588314,8.635816
ISIC_0012592,6.879642,8.891302
ISIC_0012595,3.3601706,6.6051683
ISIC_0012610,3.6772077,10.081123
ISIC_0012633,4.2569485,9.035866
ISIC_0012678,8.181612,7.74584
ISIC_0012701,7.157746,8.578552
ISIC_0012756,6.6141315,9.012426
ISIC_0012758,10.163965,9.684759
ISIC_0012843,5.304951,4.5909986
ISIC_0012887,6.134589,9.792112
ISIC_0012930,6.758082,9.069157
ISIC_0012988,8.753985,9.353197
ISIC_0012989,6.087978,9.909128
ISIC_0012990,8.623137,9.7581215
ISIC_0013072,7.039968,8.490867
ISIC_0013073,1.9639606,9.616248
ISIC_0013079,2.9907467,9.904365
ISIC_0013141,4.1163306,4.872182
ISIC_0013184,6.7160425,8.938837
ISIC_0013198,3.8890069,7.0222397
ISIC_0013232,6.434948,9.461654
ISIC_0013242,6.0044556,9.048214
ISIC_0013258,5.3407307,9.558539
ISIC_0013277,6.2041645,9.085804
ISIC_0013321,5.973333,8.116664
ISIC_0013334,4.2726502,5.954814
ISIC_0013359,6.0229306,7.8427005
ISIC_0013365,9.599646,7.853812
ISIC_0013374,3.14383,9.688649
ISIC_0013411,3.7862294,7.0707726
ISIC_0013427,1.8308254,9.864091
ISIC_0013429,6.7280793,9.159382
ISIC_0013444,8.4550495,5.4781647
ISIC_0013455,4.7998915,10.585196
ISIC_0013457,9.703994,8.353832
ISIC_0013459,7.803789,6.4090934
ISIC_0013460,8.433467,5.449926
ISIC_0013472,10.506401,7.9514713
ISIC_0013473,1.6996404,9.429861
ISIC_0013490,7.006556,8.255031
ISIC_0013491,9.159845,8.725151
ISIC_0013497,5.386414,7.720269
ISIC_0013499,9.475801,8.491199
ISIC_0013500,8.513451,8.467098
ISIC_0013501,6.688782,8.980269
ISIC_0013518,6.453595,7.0499945
ISIC_0013525,7.290953,8.876714
ISIC_0013530,6.2706065,9.272637
ISIC_0013548,5.7006006,7.7025948
ISIC_0013549,5.912334,9.154826
ISIC_0013565,7.8705378,7.529242
ISIC_0013567,5.3068833,8.566111
ISIC_0013572,6.595593,8.833048
ISIC_0013577,6.23644,7.5133896
ISIC_0013578,10.47957,7.96251
ISIC_0013579,6.480896,7.4869485
ISIC_0013581,7.164297,6.7841463
ISIC_0013588,4.8352814,7.387328
ISIC_0013594,8.503686,6.705878
ISIC_0013606,3.8671875,9.458748
ISIC_0013610,8.897967,8.221245
ISIC_0013615,7.49575,8.198315
ISIC_0013617,7.278692,8.52996
ISIC_0013618,10.285591,7.6658278
ISIC_0013626,6.133094,8.126166
ISIC_0013634,6.2642117,8.459649
ISIC_0013636,7.361633,8.589618
ISIC_0013639,9.702265,8.954313
ISIC_0013646,10.819286,9.022218
ISIC_0013651,8.235174,8.155212
ISIC_0013652,8.081372,6.863207
ISIC_0013663,3.332895,9.689851
ISIC_0013671,7.434461,8.691769
ISIC_0013672,6.5677166,9.054376
ISIC_0013696,6.3207397,9.062124
ISIC_0013702,5.707153,9.275072
ISIC_0013733,2.7156324,9.559231
ISIC_0013736,5.838868,9.216253
ISIC_0013739,7.7503934,8.12179
ISIC_0013740,4.1992025,9.005698
ISIC_0013744,2.845728,9.598745
ISIC_0013762,3.0504484,9.806692
ISIC_0013766,8.075764,9.301025
ISIC_0013767,6.632879,8.017344
ISIC_0013768,6.5778155,8.119343
ISIC_0013769,2.9578433,9.086699
ISIC_0013775,10.101724,9.154859
ISIC_0013777,7.358855,8.522979
ISIC_0013783,3.64761,9.756157
ISIC_0013813,7.0900025,6.8150644
ISIC_0013814,7.092846,6.7468266
ISIC_0013815,9.018084,9.201908
ISIC_0013831,10.408433,8.83349
ISIC_0013832,7.126718,6.5296974
ISIC_0013833,7.8292108,6.0525
ISIC_0013839,8.116541,8.429459
ISIC_0013842,10.249264,7.8869805
ISIC_0013844,9.861747,8.629747
ISIC_0013845,7.452309,8.495146
ISIC_0013861,2.4835265,10.480801
ISIC_0013865,9.196144,9.190236
ISIC_0013867,10.4791765,7.884955
ISIC_0013874,5.909213,10.615035
ISIC_0013908,4.8108068,8.338721
ISIC_0013917,10.376434,8.317978
ISIC_0013936,7.7202396,9.449337
ISIC_0013948,7.738224,8.295943
ISIC_0013953,4.6148467,6.2173047
ISIC_0013969,10.561032,8.053694
ISIC_0013972,5.6442466,8.340797
ISIC_0013975,6.802889,6.4330697
ISIC_0013984,6.315122,8.490734
ISIC_0013987,8.445529,8.041236
ISIC_0013988,5.6940727,8.042167
ISIC_0013992,6.05956,9.389754
ISIC_0013995,3.1421778,9.474714
ISIC_0013997,7.671845,8.361248
ISIC_0014013,7.8776016,10.421476
ISIC_0014037,3.1523669,4.8179674
ISIC_0014044,3.6534426,10.083531
ISIC_0014049,3.6993642,9.848355
ISIC_0014059,10.175474,9.224331
ISIC_0014061,10.626926,8.235169
ISIC_0014062,10.475438,7.7722306
ISIC_0014072,6.850894,7.622006
ISIC_0014076,5.197488,8.575976
ISIC_0014077,3.8623593,8.668583
ISIC_0014079,6.108044,3.9662704
ISIC_0014082,6.062587,8.450032
ISIC_0014086,7.672848,7.9616714
ISIC_0014088,10.398472,8.153512
ISIC_0014091,4.617564,6.0258145
ISIC_0014092,9.404167,9.137198
ISIC_0014099,5.492475,4.4454913
ISIC_0014103,9.346016,8.794328
ISIC_0014108,7.8322167,8.194166
ISIC_0014110,8.335235,9.394581
ISIC_0014127,7.972045,8.125665
ISIC_0014129,5.983263,9.042349
ISIC_0014132,7.497113,7.3397603
ISIC_0014133,2.6917608,8.4057865
ISIC_0014144,8.660542,8.775108
ISIC_0014148,7.6612735,7.3552456
ISIC_0014151,3.007643,8.981401
ISIC_0014156,9.281102,8.927502
ISIC_0014157,5.914483,9.123975
ISIC_0014160,6.498025,9.148789
ISIC_0014163,5.6613064,8.478262
ISIC_0014165,7.0276027,8.064075
ISIC_0014171,10.177197,8.46002
ISIC_0014173,5.7975626,4.657627
ISIC_0014181,3.097061,9.289487
ISIC_0014183,3.5448313,9.661057
ISIC_0014186,6.2072206,8.407608
ISIC_0014187,8.007609,7.554689
ISIC_0014189,6.4213076,8.279984
ISIC_0014190,7.1632895,7.217528
ISIC_0014217,7.4129734,8.341888
ISIC_0014219,3.1078374,10.433535
ISIC_0014222,6.125241,4.019907
ISIC_0014229,7.443243,8.971183
ISIC_0014233,6.0637045,7.423057
ISIC_0014238,10.02882,8.81752
ISIC_0014249,5.997987,9.320561
ISIC_0014270,8.04293,6.54397
ISIC_0014284,8.797914,8.24657
ISIC_0014288,10.386562,7.8162837
ISIC_0014289,6.068805,10.26677
ISIC_0014290,9.244221,9.078211
ISIC_0014291,8.632392,7.91978
ISIC_0014302,6.0837226,9.339871
ISIC_0014308,5.5338116,8.5535145
ISIC_0014316,10.485563,8.066111
ISIC_0014319,4.453649,9.634265
ISIC_0014324,7.9959307,6.1452603
ISIC_0014325,9.478598,8.077489
ISIC_0014327,9.907116,7.764774
ISIC_0014331,5.7561207,6.082895
ISIC_0014336,7.2605286,7.434219
ISIC_0014337,6.970431,6.647216
ISIC_0014347,6.8003407,6.8146276
ISIC_0014349,10.158229,8.263394
ISIC_0014357,6.9900703,6.887706
ISIC_0014360,10.229582,7.903552
ISIC_0014361,8.547855,8.479906
ISIC_0014366,9.963491,7.9225817
ISIC_0014369,7.4729495,9.417667
ISIC_0014372,4.449021,9.129665
ISIC_0014377,4.886768,7.5531693
ISIC_0014385,5.619691,7.383264
ISIC_0014395,7.2216096,6.6667614
ISIC_0014400,7.8519354,7.663509
ISIC_0014422,5.1216087,8.399599
ISIC_0014423,8.618133,8.696034
ISIC_0014428,10.429345,9.491219
ISIC_0014434,7.4391794,6.5497246
ISIC_0014454,6.227859,7.4014945
ISIC_0014476,6.5306273,9.002825
ISIC_0014478,8.01672,9.525759
ISIC_0014480,9.838006,8.618133
ISIC_0014486,7.9585323,8.316314
ISIC_0014489,6.028329,7.86557
ISIC_0014501,3.1837404,9.566894
ISIC_0014506,9.940703,7.2724605
ISIC_0014507,10.0723295,8.33624
ISIC_0014513,5.883744,8.18841
ISIC_0014525,2.9773104,9.372437
ISIC_0014527,3.0070217,9.424523
ISIC_0014541,7.1333747,7.8335743
ISIC_0014543,10.32267,7.676529
ISIC_0014545,10.299141,8.763513
ISIC_0014546,6.609429,7.243271
ISIC_0014548,7.0013103,6.707611
ISIC_0014557,6.6843395,6.607546
ISIC_0014558,6.140567,8.563862
ISIC_0014559,2.5748532,9.235303
ISIC_0014663,1.6189816,9.009664
ISIC_0014666,2.2294033,8.752724
ISIC_0014671,1.6957316,8.405373
ISIC_0014681,3.6723924,6.9481726
ISIC_0014688,2.1884189,8.435258
ISIC_0014689,1.7742021,8.663887
ISIC_0014690,2.057638,8.476401
ISIC_0014703,1.7816595,8.232158
ISIC_0014722,1.8840812,8.875118
ISIC_0014727,2.234611,8.156174
ISIC_0014766,3.8419168,7.2832847
ISIC_0014772,2.5801184,8.05634
ISIC_0014784,3.3087728,5.4665213
ISIC_0014788,3.7205436,11.729831
ISIC_0014790,0.88699335,9.173786
ISIC_0014795,2.8084304,8.273403
ISIC_0014800,3.4684405,11.366989
ISIC_0014809,8.18749,8.5578375
ISIC_0014813,3.5653994,11.262054
ISIC_0014826,3.8968556,10.691428
ISIC_0014832,2.316525,8.969472
ISIC_0014852,3.0309093,7.313653
ISIC_0014857,1.1563574,8.956104
ISIC_0014858,1.7472737,8.840238
ISIC_0014862,5.602843,6.7815
ISIC_0014864,5.4436083,5.0798993
ISIC_0014871,1.3276322,9.380393
ISIC_0014872,5.8069253,7.453851
ISIC_0014873,2.6370978,8.553443
ISIC_0014874,2.298798,8.433595
ISIC_0014877,3.505758,10.496354
ISIC_0014880,2.5869586,8.771787
ISIC_0014883,4.4567823,9.501619
ISIC_0014891,1.6618334,8.744076
ISIC_0014892,2.515427,8.946093
ISIC_0014893,2.3059998,8.477622
ISIC_0014897,6.0112863,11.26279
ISIC_0014900,3.7995486,11.688266
ISIC_0014912,3.2433112,7.3849874
ISIC_0014918,2.7023537,8.001669
ISIC_0014919,8.249354,8.271942
ISIC_0014920,6.1653566,11.037851
ISIC_0014924,4.335988,8.859132
ISIC_0014928,8.265986,9.977082
ISIC_0014931,2.5215,8.599542
ISIC_0014935,0.776845,9.038958
ISIC_0014951,1.9606856,9.073162
ISIC_0014953,4.0230546,9.314887
ISIC_0014963,0.96777254,8.9158945
ISIC_0014970,4.6467514,11.162656
ISIC_0014975,3.7215238,6.448524
ISIC_0014979,3.666469,7.984885
ISIC_0014980,3.9388885,7.704703
ISIC_0014982,5.476541,7.496573
ISIC_0014983,2.4442039,9.033593
ISIC_0014985,6.0751376,5.367207
ISIC_0014987,3.393428,10.900713
ISIC_0014999,4.5902605,7.630071
ISIC_0015004,3.4425435,7.8781643
ISIC_0015005,0.9247531,9.299295
ISIC_0015041,6.528823,11.049377
ISIC_0015045,3.816754,7.5966105
ISIC_0015050,3.574155,5.826194
ISIC_0015065,2.4060414,8.223298
ISIC_0015067,3.900769,6.246161
ISIC_0015073,3.2806363,7.553906
ISIC_0015079,8.424949,8.766632
ISIC_0015082,3.082555,7.7161846
ISIC_0015083,5.4057074,11.49664
ISIC_0015088,0.7945594,9.053764
ISIC_0015096,2.4927382,8.259224
ISIC_0015106,5.434473,4.934127
ISIC_0015109,4.3146544,9.891449
ISIC_0015114,1.7358352,9.107397
ISIC_0015115,2.583583,8.48325
ISIC_0015116,6.808387,10.322931
ISIC_0015119,3.4600825,7.223666
ISIC_0015120,5.659358,6.4818563
ISIC_0015122,5.2618327,7.834511
ISIC_0015124,3.963696,9.343186
ISIC_0015127,3.8533256,11.50454
ISIC_0015128,7.7787766,9.84811
ISIC_0015132,3.8320763,6.3558865
ISIC_0015133,6.7896214,9.765062
ISIC_0015136,4.261082,7.402699
ISIC_0015141,2.7692962,8.288092
ISIC_0015142,4.0473385,8.303972
ISIC_0015143,4.0690703,7.2366567
ISIC_0015145,1.9499876,8.514758
ISIC_0015156,1.3831818,9.125904
ISIC_0015163,2.1032357,8.140354
ISIC_0015166,3.476477,11.271475
ISIC_0015167,5.4808335,5.217634
ISIC_0015169,4.482852,9.282217
ISIC_0015178,4.060007,6.2764635
ISIC_0015180,5.6796227,5.967291
ISIC_0015185,3.5944464,6.3729963
ISIC_0015189,3.6690686,7.62263
ISIC_0015190,1.5423137,8.902446
ISIC_0015191,2.782815,9.399911
ISIC_0015192,4.2593894,11.13807
ISIC_0015193,3.3167167,10.682638
ISIC_0015194,3.9404874,8.334039
ISIC_0015196,7.029432,6.029441
ISIC_0015197,6.976919,6.0992727
ISIC_0015204,2.0759652,8.882769
ISIC_0015205,3.9111269,7.01498
ISIC_0015206,3.1870809,10.616158
ISIC_0015213,1.6570172,8.269618
ISIC_0015219,3.6987195,7.581314
ISIC_0015228,2.9608896,5.185749
ISIC_0015229,3.2400036,7.253701
ISIC_0015230,2.164007,8.407494
ISIC_0015236,5.095788,6.49904
ISIC_0015243,5.7205186,6.9657445
ISIC_0015246,0.96396434,8.922652
ISIC_0015248,3.6133301,11.169835
ISIC_0015251,3.6335804,11.459002
ISIC_0015256,3.8560143,6.7658772
ISIC_0015266,3.564932,6.987886
ISIC_0015277,1.0678246,8.749148
ISIC_0015284,5.501872,4.9305305
ISIC_0015288,0.93821126,8.896967
ISIC_0015289,1.0331265,9.254318
ISIC_0015314,3.5227473,7.8122487
ISIC_0015316,2.5296109,8.171822
ISIC_0015317,1.5629048,8.539505
ISIC_0015318,1.7340565,8.984954
ISIC_0015332,3.3035512,5.671617
ISIC_0015336,3.8697677,8.399685
ISIC_0015343,6.4926376,6.194288
ISIC_0015356,3.130306,7.434164
ISIC_0015377,3.2428808,8.448758
ISIC_0015433,1.4885017,8.945863
ISIC_0015434,3.5614514,11.265109
ISIC_0015441,3.6390789,6.1461544
ISIC_0015442,1.3334807,9.755909
ISIC_0015457,3.7093818,6.3563185
ISIC_0015458,3.7660227,5.9277244
ISIC_0015477,1.2564213,8.63431
ISIC_0015503,4.537524,8.11984
ISIC_0015508,1.6242602,9.151328
ISIC_0015514,4.858375,7.7708173
ISIC_0015517,8.479677,7.491208
ISIC_0015519,8.437288,7.4934387
ISIC_0015522,2.5007465,8.91896
ISIC_0015523,2.5517397,10.052154
ISIC_0015533,2.0944889,8.436308
ISIC_0015565,2.2490587,8.664354
ISIC_0015575,1.1007684,8.87355
ISIC_0015595,3.5619256,6.763262
ISIC_0015608,3.5994353,11.449925
ISIC_0015619,4.341596,6.5222626
ISIC_0016080,9.380265,8.948595
ISIC_0016081,5.7819242,9.549894
ISIC_0016082,8.76622,8.087054
ISIC_0016084,7.7170753,8.330309
ISIC_0016085,6.0574613,9.40086
ISIC_0016092,9.019586,8.417352
ISIC_0016094,7.202946,10.883925
ISIC_0016112,3.6038995,8.985344
ISIC_0016114,6.027636,11.074309
ISIC_0016123,4.119471,10.341381
ISIC_0016127,10.225254,9.72011
ISIC_0016128,8.234899,8.324893
ISIC_0016131,5.9717216,7.9664083
ISIC_0016133,7.314629,9.539273
ISIC_0016137,6.4112926,10.143377
ISIC_0016139,8.749257,7.759887
ISIC_0016145,4.778824,4.7144365
ISIC_0016153,6.6687875,7.331338
ISIC_0016161,9.171511,8.113199
ISIC_0016162,5.4630647,4.4765053
ISIC_0016438,9.046963,10.461725
ISIC_0016911,1.0377328,9.5385275
ISIC_0017350,6.990726,10.439209
ISIC_0017399,5.1123075,10.777593
ISIC_0017411,5.805379,7.5207653
ISIC_0017414,3.7632565,9.644609
ISIC_0017415,5.8400226,11.16886
ISIC_0017422,9.349197,10.209653
ISIC_0017428,5.8786235,9.45053
ISIC_0017431,9.836514,10.312912
ISIC_0017434,3.9951627,7.815803
ISIC_0017436,4.471999,7.5283375
ISIC_0017443,5.2835026,8.185652
ISIC_0017448,3.7959886,10.140687
ISIC_0017451,7.0324883,9.058328
ISIC_0017453,6.232019,10.031322
ISIC_0017455,10.6182375,9.279058
ISIC_0017460,5.8659124,7.449561
ISIC_0017485,6.836211,10.78181
ISIC_0017486,9.182863,9.447894
ISIC_0017856,2.8825104,9.699895
ISIC_0018039,2.894217,8.965018
ISIC_0018040,3.3169458,8.460391
ISIC_0019315,4.536488,9.9966955
ISIC_0019334,5.6995044,10.959221
ISIC_0019335,5.5825896,11.067435
ISIC_0019432,4.907475,8.555251
ISIC_0020491,9.888902,7.887902
ISIC_0020963,4.920004,7.2259703
ISIC_0020975,5.042317,8.512352
ISIC_0020977,5.4616017,8.1203375
ISIC_0020978,6.828122,7.2272058
ISIC_0020985,3.2618928,8.999841
ISIC_0020986,4.0973887,8.352243
ISIC_0020987,6.6600103,5.6062894
ISIC_0020988,3.7432728,8.340722
ISIC_0020998,6.1191936,6.6542535
ISIC_0021009,6.340457,5.506804
ISIC_0021020,5.833993,6.7285123
ISIC_0021094,2.5883076,10.738013
ISIC_0021095,4.8524075,8.284017
ISIC_0021125,2.1900294,10.216194
ISIC_0021136,2.2188227,10.59222
ISIC_0021147,2.3263938,9.83608
ISIC_0021155,2.2337973,10.55284
ISIC_0021162,1.9615973,7.590449
ISIC_0021166,6.1269608,4.16945
ISIC_0021167,5.9100285,4.293209
ISIC_0021168,6.036176,4.2678537
ISIC_0021172,3.0900993,8.160635
ISIC_0021187,8.111232,9.389995
ISIC_0021188,8.780248,10.007821
ISIC_0021189,8.0552635,9.361996
ISIC_0021194,3.6291318,7.8357735
ISIC_0021205,2.7596083,8.375749
ISIC_0021271,4.021542,8.14444
ISIC_0021282,7.468888,8.745246
ISIC_0021293,4.3860955,7.583742
ISIC_0021295,2.8695252,10.305176
ISIC_0021296,2.5484698,10.581127
ISIC_0021297,7.0180964,6.763855
ISIC_0021328,7.7569885,7.318918
ISIC_0021329,5.4927344,8.849962
ISIC_0021330,8.919419,6.561135
ISIC_0021339,1.4771171,7.088002
ISIC_0021340,1.6028614,7.3294716
ISIC_0021341,1.3804526,6.724688
ISIC_0021382,1.965458,9.715254
ISIC_0021383,7.3605037,5.7356257
ISIC_0021384,2.041182,9.95157
ISIC_0021390,3.9092472,7.1035686
ISIC_0021391,3.445267,6.575706
ISIC_0021399,8.499034,6.0548296
ISIC_0021400,8.746459,6.067658
ISIC_0021401,9.857408,7.1817718
ISIC_0021405,3.8843067,7.1484
ISIC_0021407,3.8426523,7.3976445
ISIC_0021408,3.8424244,6.8694105
ISIC_0021426,2.4590542,10.129785
ISIC_0021427,2.4880383,10.317047
ISIC_0021428,2.4505665,9.430334
ISIC_0021432,4.777598,4.974783
ISIC_0021434,4.8785586,5.3823733
ISIC_0021435,5.9058757,5.629925
ISIC_0021439,4.769747,8.771253
ISIC_0021440,4.716734,8.84917
ISIC_0021441,8.062736,6.2475147
ISIC_0021442,2.304852,10.804571
ISIC_0021443,4.3536916,8.830544
ISIC_0021446,4.7611275,8.426724
ISIC_0021473,6.523853,8.810389
ISIC_0021474,6.0123024,8.744639
ISIC_0021475,1.9823396,8.938157
ISIC_0021480,6.4781547,9.107584
ISIC_0021481,4.594249,8.798395
ISIC_0021482,5.930588,8.254162
ISIC_0021491,8.079876,8.853668
ISIC_0021492,8.687876,8.581491
ISIC_0021493,5.5902543,7.5053368
ISIC_0021497,6.0298576,6.116078
ISIC_0021498,6.4829826,6.9256344
ISIC_0021500,5.90737,5.815229
ISIC_0021530,10.129185,10.153595
ISIC_0021531,10.630424,9.791927
ISIC_0021533,10.591789,9.814106
ISIC_0021534,8.287678,10.221095
ISIC_0021535,8.113964,10.500104
ISIC_0021536,7.977043,10.184731
ISIC_0021542,7.255946,8.8092985
ISIC_0021543,8.285188,7.233975
ISIC_0021544,5.913914,5.516118
ISIC_0021611,4.9459696,8.689767
ISIC_0021622,4.424641,9.652696
ISIC_0021627,7.863524,6.646381
ISIC_0021646,9.72743,9.63181
ISIC_0021647,9.779612,9.376511
ISIC_0021648,9.021672,9.603873
ISIC_0021687,4.920179,10.091333
ISIC_0021688,3.7626188,10.513194
ISIC_0021689,10.1719475,7.590899
ISIC_0021706,9.661906,10.392563
ISIC_0021708,10.027008,9.736976
ISIC_0021709,9.8423195,10.153474
ISIC_0021710,2.3405554,10.638097
ISIC_0021711,2.305629,10.91064
ISIC_0021713,8.074628,6.3915076
ISIC_0021728,5.0200458,8.082507
ISIC_0021729,5.264078,7.807982
ISIC_0021730,6.532348,5.786679
ISIC_0021745,5.466344,10.303182
ISIC_0021746,4.8406963,10.505353
ISIC_0021747,7.1214786,9.492869
ISIC_0021768,8.541903,5.71612
ISIC_0021770,7.5009775,7.711928
ISIC_0021771,9.973843,7.4684925
ISIC_0021772,10.173333,7.4960713
ISIC_0021780,10.640486,9.271829
ISIC_0021781,10.763908,9.4542675
ISIC_0021782,10.685377,9.652867
ISIC_0021783,9.912138,9.77908
ISIC_0021784,10.945446,9.330934
ISIC_0021785,10.888365,9.470892
ISIC_0021786,5.2011175,10.622496
ISIC_0021787,10.260744,7.7333007
ISIC_0021789,10.193993,7.6681356
ISIC_0021800,9.112541,8.843473
ISIC_0021801,10.229895,9.03225
ISIC_0021802,8.829422,8.364021
ISIC_0021803,7.7876496,9.213299
ISIC_0021804,8.127125,8.857707
ISIC_0021805,2.4424827,6.995549
ISIC_0021816,3.229527,6.8590527
ISIC_0021818,3.2012084,7.720732
ISIC_0021819,2.6952512,7.597519
ISIC_0021850,8.269589,7.8397374
ISIC_0021851,8.87654,5.805032
ISIC_0021896,3.2386148,7.4602933
ISIC_0021897,3.1872826,7.4850307
ISIC_0021898,5.2530575,7.890499
ISIC_0021899,6.086928,7.0272307
ISIC_0021900,10.1146345,7.8195386
ISIC_0021901,6.2558775,6.950272
ISIC_0021908,7.5906987,9.418868
ISIC_0021917,7.5958986,9.20036
ISIC_0021921,6.0259066,3.8869715
ISIC_0021925,7.384514,5.7427654
ISIC_0021926,6.074434,3.9992075
ISIC_0021927,5.98781,3.9058213
ISIC_0021967,9.150297,5.581404
ISIC_0021969,9.209047,5.560086
ISIC_0021970,9.190662,5.492277
ISIC_0021971,9.229125,5.546464
ISIC_0021972,9.220855,5.691461
ISIC_0021973,9.256826,5.690311
ISIC_0021974,9.271622,5.65424
ISIC_0021975,9.21838,5.564409
ISIC_0021976,9.205882,5.56191
ISIC_0021977,9.161235,5.596078
ISIC_0021978,9.153492,5.5542774
ISIC_0021979,7.6107287,8.400878
ISIC_0021980,9.237081,5.5211124
ISIC_0021981,9.237443,5.5200343
ISIC_0021985,7.4186587,8.436586
ISIC_0021996,9.143728,5.6778994
ISIC_0021997,5.148076,9.692587
ISIC_0022000,9.388645,9.253209
ISIC_0022003,4.3787932,10.778841
ISIC_0022009,6.0796266,7.3420653
ISIC_0022010,5.973058,7.6501374
ISIC_0022011,3.1327481,7.610711
ISIC_0022012,3.2842853,7.361659
ISIC_0022013,4.4571075,10.743351
ISIC_0022022,4.307397,10.6652155
ISIC_0022048,4.761941,7.0542064
ISIC_0022059,2.3468113,10.413127
ISIC_0022066,8.442641,7.570082
ISIC_0022067,5.037926,8.267838
ISIC_0022068,4.558331,7.5573955
ISIC_0022069,8.564272,7.397205
ISIC_0022070,4.9167266,7.9011903
ISIC_0022071,8.487768,7.6002502
ISIC_0022073,7.657153,9.149837
ISIC_0022075,1.2391168,6.4264264
ISIC_0022076,1.2643898,6.3806133
ISIC_0022077,1.8063536,6.460086
ISIC_0022078,1.3909564,6.3369813
ISIC_0022079,1.765083,6.4797482
ISIC_0022080,7.166106,5.300373
ISIC_0022081,1.4455338,9.828198
ISIC_0022082,2.011529,10.016674
ISIC_0022083,8.961291,5.6805997
ISIC_0022102,2.259963,10.920024
ISIC_0022113,2.3400044,10.92361
ISIC_0022123,5.169836,8.81857
ISIC_0022124,2.3827293,10.96009
ISIC_0022125,5.185481,8.732257
ISIC_0022154,5.7887273,5.908046
ISIC_0022155,5.891977,5.868025
ISIC_0022156,5.8660774,5.919466
ISIC_0022157,6.749566,5.8750076
ISIC_0022180,9.363999,6.26996
ISIC_0022195,5.374346,10.585485
ISIC_0022196,5.9334035,10.440416
ISIC_0022197,5.363724,10.510118
ISIC_0022198,5.3275332,10.539558
ISIC_0022199,8.999589,8.576879
ISIC_0022245,6.9080076,8.548324
ISIC_0022246,6.44865,8.87448
ISIC_0022254,5.7392235,6.8843846
ISIC_0022255,7.3698254,6.151692
ISIC_0022256,8.45674,6.6009464
ISIC_0022286,9.4700775,6.383999
ISIC_0022304,6.966586,10.075961
ISIC_0022305,6.529333,10.423217
ISIC_0022306,6.321078,10.467472
ISIC_0022307,6.7450743,10.176901
ISIC_0022308,6.5007615,10.285089
ISIC_0022311,5.173583,6.2172027
ISIC_0022312,5.535467,6.461655
ISIC_0022313,7.494113,5.852262
ISIC_0022314,5.5447187,6.2090225
ISIC_0022315,6.9544067,5.7751393
ISIC_0022316,5.216937,8.69513
ISIC_0022317,6.3954506,7.613683
ISIC_0022318,7.3193455,6.548844
ISIC_0022319,5.0881405,8.503884
ISIC_0022321,6.2316713,7.991536
ISIC_0022322,7.1108375,6.708983
ISIC_0022327,9.570683,8.769329
ISIC_0022328,8.249129,9.578989
ISIC_0022329,9.384234,8.813494
ISIC_0022330,8.752832,9.349498
ISIC_0022332,9.318737,8.900921
ISIC_0022338,10.414284,9.879704
ISIC_0022339,10.38394,10.032369
ISIC_0022340,10.373483,9.805353
ISIC_0022378,5.047513,6.2020707
ISIC_0022379,5.2065473,6.558467
ISIC_0022380,5.0155606,6.327206
ISIC_0022381,9.734991,9.14253
ISIC_0022382,8.721689,8.701635
ISIC_0022383,7.2168508,9.151627
ISIC_0022384,9.548861,9.203783
ISIC_0022385,8.480776,9.217558
ISIC_0022397,6.2970314,6.1096487
ISIC_0022398,7.4196243,6.5474634
ISIC_0022399,6.636045,6.5713096
ISIC_0022437,8.823439,10.094682
ISIC_0022439,7.0256066,10.667888
ISIC_0022440,8.94477,9.638488
ISIC_0022442,8.536299,9.571983
ISIC_0022463,4.352107,6.8533425
ISIC_0022474,4.4225564,6.640971
ISIC_0022570,4.0441604,10.801433
ISIC_0022571,4.271355,11.004035
ISIC_0022572,4.0927525,11.036515
ISIC_0022573,4.2641153,10.787003
ISIC_0022574,4.1270156,10.925367
ISIC_0022597,6.4567666,8.676547
ISIC_0022601,6.631108,8.715305
ISIC_0022602,6.7118554,8.604286
ISIC_0022603,6.677097,8.6361
ISIC_0022604,6.5481806,8.527167
ISIC_0022615,6.6890054,6.459502
ISIC_0022616,6.857694,5.961234
ISIC_0022617,7.4353037,5.493824
ISIC_0022624,8.386152,6.1832743
ISIC_0022660,4.3120766,9.659858
ISIC_0022679,2.8489983,10.662421
ISIC_0022682,4.072272,6.8734136
ISIC_0022683,4.219361,6.811993
ISIC_0022684,3.9324453,7.146204
ISIC_0022685,5.9560957,4.0082264
ISIC_0022686,4.0342836,7.0462604
ISIC_0022783,2.7558532,10.638792
ISIC_0022793,8.538926,9.321768
ISIC_0022794,8.788823,9.191085
ISIC_0022796,8.2701235,9.406768
ISIC_0022797,8.875512,9.3168955
ISIC_0022798,8.562993,9.380238
ISIC_0022799,8.5292635,9.409712
ISIC_0022894,3.1273038,10.696892
ISIC_0023021,3.9307313,7.2109694
ISIC_0023022,5.1098924,6.2866235
ISIC_0023023,5.0035014,6.307814
ISIC_0023025,3.717469,7.2462687
ISIC_0023026,5.5168495,6.0237927
ISIC_0023042,2.6767626,5.819567
ISIC_0023043,2.328997,6.762967
ISIC_0023044,2.2306697,6.7882476
ISIC_0023045,2.418643,6.894099
ISIC_0023047,2.1807113,6.977004
ISIC_0023048,1.8580621,7.251642
ISIC_0023049,4.051128,5.6222024
ISIC_0023050,2.4249952,6.3516855
ISIC_0023051,5.0060086,5.493934
ISIC_0023052,3.7091808,4.9285526
ISIC_0023053,2.509531,7.2098966
ISIC_0023054,2.431319,7.019016
ISIC_0023103,0.6392281,7.3153615
ISIC_0023104,0.6257763,7.354118
ISIC_0023105,0.6659529,7.332155
ISIC_0023106,0.6741422,7.332005
ISIC_0023107,0.6817708,7.304889
ISIC_0023108,0.6603973,7.2399497
ISIC_0023109,0.6809907,7.283836
ISIC_0023110,0.6296204,7.3004274
ISIC_0023111,0.6260991,7.370722
ISIC_0023116,5.6607323,5.7530737
ISIC_0023117,5.7781405,5.922047
ISIC_0023119,5.6272383,5.7028003
ISIC_0023130,1.8432561,4.349393
ISIC_0023131,1.939009,4.333296
ISIC_0023132,1.823151,4.306694
ISIC_0023133,1.8672719,4.384882
ISIC_0023161,5.082277,8.417423
ISIC_0023163,2.3808742,10.155725
ISIC_0023164,2.3204722,10.258708
ISIC_0023165,5.2027082,8.151351
ISIC_0023236,10.177256,7.457294
ISIC_0023262,4.487432,6.325395
ISIC_0023264,1.235816,6.370984
ISIC_0023265,2.4800336,6.4536176
ISIC_0023266,1.2063342,6.304989
ISIC_0023267,4.3551545,6.0595326
ISIC_0023268,1.2204422,6.4035516
ISIC_0023269,1.735057,8.220633
ISIC_0023270,2.4126196,6.6977935
ISIC_0023271,2.7238927,6.631689
ISIC_0023272,1.8852274,6.4652424
ISIC_0023273,1.6932672,6.458588
ISIC_0023275,1.1881655,6.356222
ISIC_0023276,4.820645,5.684831
ISIC_0023277,4.881298,5.5335674
ISIC_0023278,2.8755035,6.7781825
ISIC_0023279,3.9125063,6.990891
ISIC_0023280,1.6216034,6.3997884
ISIC_0023281,5.2103014,8.409155
ISIC_0023282,4.2049894,6.454316
ISIC_0023283,7.1201386,4.9358025
ISIC_0023284,1.1532154,6.3606906
ISIC_0023286,6.601439,5.974185
ISIC_0023287,1.3021363,6.371874
ISIC_0023288,1.0756985,6.5654693
ISIC_0023289,1.782589,6.5314984
ISIC_0023290,2.105689,6.3827534
ISIC_0023291,1.2550741,6.3530445
ISIC_0023292,4.755721,5.570865
ISIC_0023293,1.4425112,6.504575
ISIC_0023294,1.2539787,6.381064
ISIC_0023295,1.5363266,6.693686
ISIC_0023296,2.064603,6.413713
ISIC_0023297,2.5832357,10.825116
ISIC_0023298,4.1609693,6.4291754
ISIC_0023299,1.6623411,6.682855
ISIC_0023300,5.754792,6.484799
ISIC_0023301,4.6240525,6.381387
ISIC_0023302,8.8468275,7.422259
ISIC_0023303,1.258374,6.3773727
ISIC_0023304,4.9811463,5.533187
ISIC_0023305,4.145098,5.055982
ISIC_0023306,4.5177746,7.592308
ISIC_0023307,1.327519,6.5420175
ISIC_0023308,6.645229,5.8179135
ISIC_0023309,1.3310153,6.4528313
ISIC_0023310,4.8286176,5.647023
ISIC_0023311,4.739453,5.613275
ISIC_0023312,4.4272594,6.052535
ISIC_0023313,7.5773916,5.7275977
ISIC_0023314,5.571297,5.884568
ISIC_0023315,1.3089648,6.366848
ISIC_0023316,1.6955333,6.4251947
ISIC_0023317,4.6860013,5.6663494
ISIC_0023318,4.203824,7.970699
ISIC_0023320,1.6579045,6.528203
ISIC_0023321,1.2172754,6.4835505
ISIC_0023322,1.53172,6.6298285
ISIC_0023323,7.451667,5.68454
ISIC_0023324,2.6031332,6.155265
ISIC_0023325,5.018509,5.8191814
ISIC_0023326,5.025655,4.591281
ISIC_0023327,4.5929427,6.069359
ISIC_0023328,1.5940986,6.559948
ISIC_0023329,1.580916,6.4661274
ISIC_0023331,4.8772035,5.600511
ISIC_0023364,2.6713908,8.851117
ISIC_0023365,2.4850261,9.249191
ISIC_0023366,2.320949,9.609952
ISIC_0023367,2.4115498,9.008648
ISIC_0023368,2.448671,9.038081
ISIC_0023369,2.5252795,9.1064825
ISIC_0023370,2.7319353,8.402718
ISIC_0023371,2.554302,8.490987
ISIC_0023372,2.8266637,8.397076
ISIC_0023374,2.6159637,8.480948
ISIC_0023375,2.6768842,8.507279
ISIC_0023376,2.789455,8.505545
ISIC_0023377,3.8233168,8.12176
ISIC_0023395,8.653603,7.169632
ISIC_0023396,5.502233,6.8108544
ISIC_0023397,5.332908,6.8841944
ISIC_0023398,5.4908633,6.805324
ISIC_0023399,4.968005,7.1499047
ISIC_0023427,3.1221936,5.2022257
ISIC_0023438,3.34965,5.1949787
ISIC_0023458,2.0733838,4.632575
ISIC_0023459,2.047637,4.54847
ISIC_0023460,2.445275,5.0457783
ISIC_0023461,2.434172,5.0494146
ISIC_0023462,2.2937853,4.7430706
ISIC_0023463,2.0886574,4.688163
ISIC_0023464,2.007663,4.7439265
ISIC_0023465,2.143827,4.5362444
ISIC_0023466,2.1178455,4.799443
ISIC_0023467,2.345492,4.8123016
ISIC_0023469,2.2021418,4.8849697
ISIC_0023482,4.380214,7.7520986
ISIC_0023483,7.375099,5.1675963
ISIC_0023484,7.313151,5.3486066
ISIC_0023485,4.3495526,7.2695246
ISIC_0023486,7.1867666,5.2962275
ISIC_0023488,7.277939,5.1999593
ISIC_0023489,7.00785,5.3932815
ISIC_0023490,6.0384607,5.720935
ISIC_0023491,7.2628407,5.445207
ISIC_0023492,5.9058776,5.8267326
ISIC_0023493,5.933061,6.282409
ISIC_0023494,5.7084403,5.841345
ISIC_0023495,5.879087,8.980745
ISIC_0023496,5.9118204,8.9787
ISIC_0023497,10.125042,7.2258334
ISIC_0023500,9.032308,5.554573
ISIC_0023502,9.167922,5.579961
ISIC_0023503,6.9613748,8.759575
ISIC_0023504,2.4744492,10.908357
ISIC_0023505,2.6606312,10.870719
ISIC_0023506,2.7691987,10.902506
ISIC_0023507,2.5208297,10.8441725
ISIC_0023508,2.9450657,10.856448
ISIC_0023509,2.407681,10.927045
ISIC_0023511,2.7240403,10.805294
ISIC_0023512,2.3938673,10.823874
ISIC_0023513,2.4740598,10.871669
ISIC_0023514,2.453237,10.746941
ISIC_0023515,2.4686756,10.934048
ISIC_0023516,5.423962,7.450433
ISIC_0023517,2.2725103,10.758846
ISIC_0023518,2.422258,10.818394
ISIC_0023519,4.7951612,7.0301538
ISIC_0023524,6.0764947,7.9304695
ISIC_0023525,5.6732373,8.554936
ISIC_0023526,6.1974006,8.05768
ISIC_0023529,5.4478116,6.2261543
ISIC_0023530,5.3545313,6.094539
ISIC_0023531,5.432452,6.106071
ISIC_0023553,6.9676533,8.190571
ISIC_0023554,6.933748,8.215346
ISIC_0023561,1.6223807,7.4013686
ISIC_0023574,4.8232007,9.547513
ISIC_0023575,5.103993,9.435209
ISIC_0023594,3.3495126,9.273356
ISIC_0023596,3.3048613,9.31196
ISIC_0023597,3.3667595,9.253258
ISIC_0023604,6.568383,9.440745
ISIC_0023606,6.6507187,9.291854
ISIC_0023608,6.585495,9.337974
ISIC_0023620,6.022343,9.785158
ISIC_0023631,5.976304,8.600488
ISIC_0023634,4.4755507,4.9215164
ISIC_0023635,3.5096562,5.0171614
ISIC_0023636,4.126631,5.111033
ISIC_0023637,4.6411543,5.061994
ISIC_0023638,3.707729,4.9358015
ISIC_0023639,3.3601856,5.021066
ISIC_0023640,5.730037,4.9076557
ISIC_0023641,5.1480618,5.0334277
ISIC_0023642,6.2384653,8.271657
ISIC_0023643,4.8091073,4.984728
ISIC_0023644,5.298564,4.9569316
ISIC_0023645,4.995518,4.8929706
ISIC_0023646,5.7855716,7.833038
ISIC_0023647,4.840405,8.368091
ISIC_0023648,4.9480634,8.005279
ISIC_0023669,9.9542,9.253874
ISIC_0023670,9.9213,7.706427
ISIC_0023671,10.887027,9.027979
ISIC_0023675,4.9343457,8.609093
ISIC_0023685,5.242584,6.949856
ISIC_0023705,3.8055353,8.526225
ISIC_0023706,3.7171202,8.110492
ISIC_0023707,3.6564202,8.298733
ISIC_0023708,3.563902,8.358972
ISIC_0023711,5.908301,6.587461
ISIC_0023712,3.145123,7.24976
ISIC_0023744,7.681948,8.132485
ISIC_0023747,8.131814,7.371465
ISIC_0023755,8.122278,7.9303756
ISIC_0023762,5.522324,6.445891
ISIC_0023763,5.9306645,6.292646
ISIC_0023764,6.367552,6.2867703
ISIC_0023765,8.004647,10.002978
ISIC_0023766,7.6633167,10.053969
ISIC_0023767,7.9134674,10.097094
ISIC_0023769,6.2310905,9.982913
ISIC_0023770,5.509891,9.133829
ISIC_0023771,8.607095,8.535712
ISIC_0023786,6.411774,5.839547
ISIC_0023787,6.3275113,5.692117
ISIC_0023806,7.658497,8.219608
ISIC_0023807,7.581944,7.835508
ISIC_0023808,7.490073,8.015685
ISIC_0023809,10.067672,9.933824
ISIC_0023811,10.062358,9.919569
ISIC_0023812,10.239169,9.9515705
ISIC_0023836,8.606448,9.331053
ISIC_0023837,9.801384,8.876781
ISIC_0023838,9.809434,8.752633
ISIC_0023839,8.552783,9.278516
ISIC_0023843,8.268837,9.174685
ISIC_0023853,7.0787225,8.189108
ISIC_0023854,8.783312,8.821413
ISIC_0023855,7.427862,8.066491
ISIC_0023856,7.0611687,7.937521
ISIC_0023890,10.28059,9.43154
ISIC_0023891,10.406932,9.353994
ISIC_0023893,6.3977785,10.368289
ISIC_0023900,7.2912483,9.382646
ISIC_0023901,7.955893,9.076337
ISIC_0023902,6.924227,9.645185
ISIC_0023903,3.9499815,7.5123377
ISIC_0023923,7.2713394,10.052023
ISIC_0023924,7.5616016,10.216291
ISIC_0023925,8.113889,10.208613
ISIC_0024005,4.0301857,7.578383
ISIC_0024015,5.217056,10.138042
ISIC_0024016,4.942985,8.530219
ISIC_0024018,5.649043,8.297671
ISIC_0024032,3.5353749,8.616175
ISIC_0024033,2.3570304,10.033383
ISIC_0024034,1.858826,7.4540515
ISIC_0024072,5.2904806,8.367525
ISIC_0024083,5.3930225,8.144009
ISIC_0024085,8.07773,5.913449
ISIC_0024086,7.3462167,5.8250375
ISIC_0024087,7.302233,5.5747466
ISIC_0024091,7.4887743,7.2683406
ISIC_0024095,2.341406,10.833626
ISIC_0024096,2.3980327,10.926654
ISIC_0024097,3.738,7.6284385
ISIC_0024108,6.869609,6.8833795
ISIC_0024109,5.678666,7.7060905
ISIC_0024112,6.9514046,6.456148
ISIC_0024119,6.1308084,7.2450337
ISIC_0024120,5.3827133,7.7836494
ISIC_0024121,5.438057,6.040936
ISIC_0024193,9.611816,7.863118
ISIC_0024194,9.064509,8.081565
ISIC_0024195,6.7381177,6.2922072
ISIC_0024313,6.5536194,10.922264
ISIC_0024315,8.926591,9.16392
ISIC_0024351,4.4637623,7.703033
ISIC_0024481,7.928662,10.473444
ISIC_0024537,5.7358375,8.571215
ISIC_0024546,4.550433,7.8734636
ISIC_0024586,8.643382,9.550106
ISIC_0024624,8.446176,6.4201183
ISIC_0024644,2.1776886,10.597076
ISIC_0024675,7.070811,10.447344
ISIC_0024688,4.647213,10.120783
ISIC_0024733,6.465375,6.3014293
ISIC_0024792,2.5840046,9.269927
ISIC_0024806,2.764732,9.223755
ISIC_0024865,8.646037,8.198641
ISIC_0024886,3.4045117,8.141656
ISIC_0024898,4.066219,10.832207
ISIC_0024900,5.2629137,8.446757
ISIC_0024911,10.376262,9.487558
ISIC_0024918,7.388828,10.856304
ISIC_0024932,6.0965524,10.920993
ISIC_0024952,4.7387657,8.286151
ISIC_0024972,6.9828415,5.04494
ISIC_0025018,6.5509915,10.050473
ISIC_0025035,8.983137,9.818803
ISIC_0025081,8.325145,7.3849025
ISIC_0025085,9.169482,10.31853
ISIC_0025127,5.6715846,8.392098
ISIC_0025128,6.421162,10.288713
ISIC_0025155,5.4531384,9.576821
ISIC_0025219,6.6891575,9.035998
ISIC_0025235,2.892578,10.322682
ISIC_0025238,6.776364,8.993346
ISIC_0025265,10.38756,9.62835
ISIC_0025316,9.919871,9.220544
ISIC_0025409,7.53476,8.3027935
ISIC_0025451,7.46265,10.71073
ISIC_0025489,9.241477,8.291275
ISIC_0025550,7.0256577,10.380696
ISIC_0025573,4.5432935,8.137155
ISIC_0025589,9.431956,8.056688
ISIC_0025592,9.558514,10.0303335
ISIC_0025603,2.8264842,7.5838895
ISIC_0025611,6.428604,9.481121
ISIC_0025663,4.1125083,10.200289
ISIC_0025674,5.99559,6.365433
ISIC_0025708,3.4725943,8.216157
ISIC_0025724,7.296881,10.930854
ISIC_0025748,6.5211215,9.2423115
ISIC_0025751,3.9349194,10.178814
ISIC_0025766,2.2988753,8.679481
ISIC_0025783,2.0508103,9.412235
ISIC_0025791,7.4267335,8.673965
ISIC_0025832,3.7453442,7.4460564
ISIC_0025835,8.631784,9.480915
ISIC_0025891,8.870957,10.457177
ISIC_0025904,8.779822,6.952437
ISIC_0025941,1.459711,9.8187
ISIC_0025963,0.64129955,9.024442
ISIC_0025964,8.847275,10.12467
ISIC_0026009,5.2251763,9.153086
ISIC_0026081,4.5698504,9.968182
ISIC_0026105,6.514327,8.621085
ISIC_0026113,7.8270407,10.163909
ISIC_0026115,7.0330057,7.667144
ISIC_0026150,9.468284,10.017755
ISIC_0026207,4.3423743,10.145333
ISIC_0026229,4.5299306,4.6954694
ISIC_0026236,8.816441,10.556646
ISIC_0026239,4.9835877,11.015191
ISIC_0026247,10.430211,9.764659
ISIC_0026258,5.0068083,10.555289
ISIC_0026296,9.845976,9.319118
ISIC_0026314,10.373111,9.464336
ISIC_0026352,4.846556,9.986641
ISIC_0026360,8.237035,9.391924
ISIC_0026475,5.91869,11.160538
ISIC_0026506,1.4791418,9.792896
ISIC_0026516,6.439383,10.811644
ISIC_0026596,6.8696604,8.000131
ISIC_0026604,3.340514,7.8361106
ISIC_0026622,3.0555587,7.178212
ISIC_0026694,3.9577403,8.270661
ISIC_0026746,4.593811,10.287366
ISIC_0026770,3.244817,7.0968924
ISIC_0026774,4.7301946,8.758313
ISIC_0026802,3.4543564,10.302279
ISIC_0026897,5.2807918,11.225883
ISIC_0026930,4.7253594,8.058403
ISIC_0026954,1.6602174,9.523771
ISIC_0026963,8.3797455,6.4570622
ISIC_0026993,7.8857017,10.200295
ISIC_0026996,8.80499,10.3441725
ISIC_0027043,4.051217,8.750515
ISIC_0027089,4.5119576,10.879132
ISIC_0027105,5.287846,9.273427
ISIC_0027125,9.07049,9.001747
ISIC_0027171,4.5008826,10.077933
ISIC_0027174,8.062331,9.947527
ISIC_0027260,9.2971115,10.015704
ISIC_0027261,5.7224975,4.5370812
ISIC_0027263,8.988535,6.868915
ISIC_0027282,3.9117894,7.675936
ISIC_0027327,8.983269,8.03678
ISIC_0027359,6.1649814,9.242281
ISIC_0027387,2.9961646,7.369049
ISIC_0027402,8.808999,9.690903
ISIC_0027407,3.613171,7.665753
ISIC_0027436,6.1273627,7.4021754
ISIC_0027480,4.658165,8.023147
ISIC_0027487,8.911795,7.939459
ISIC_0027502,6.6852517,8.81048
ISIC_0027507,6.233396,11.072547
ISIC_0027517,7.502835,8.124125
ISIC_0027561,2.7977254,10.730242
ISIC_0027604,9.015566,10.119644
ISIC_0027616,4.793167,5.4448166
ISIC_0027620,4.6644697,9.999566
ISIC_0027622,2.7218018,9.829839
ISIC_0027659,9.977078,8.745236
ISIC_0027693,9.081466,7.1494784
ISIC_0027769,9.445219,9.941219
ISIC_0027793,5.3168764,7.894532
ISIC_0027797,6.331223,11.16528
ISIC_0027832,4.8813357,9.493703
ISIC_0027863,4.9802113,8.27909
ISIC_0027900,9.84071,7.3975773
ISIC_0027956,1.9856362,8.922292
ISIC_0028003,3.7859244,10.600445
ISIC_0028017,6.207227,11.245724
ISIC_0028022,5.470659,6.7440434
ISIC_0028029,8.819904,10.64739
ISIC_0028033,5.279371,10.956323
ISIC_0028041,9.877048,9.79188
ISIC_0028056,6.830419,8.168548
ISIC_0028065,5.170745,10.267578
ISIC_0028069,9.77761,8.85473
ISIC_0028103,2.7436488,10.038246
ISIC_0028109,8.310633,10.104314
ISIC_0028215,5.090016,5.068397
ISIC_0028219,10.222245,9.553048
ISIC_0028225,5.4350934,10.586858
ISIC_0028306,6.5630927,6.868737
ISIC_0028325,5.8497343,8.89556
ISIC_0028326,9.060166,10.272641
ISIC_0028460,4.166094,9.619293
ISIC_0028467,9.050824,10.211728
ISIC_0028489,8.39343,10.782388
ISIC_0028493,3.1384983,9.192535
ISIC_0028537,6.861383,6.344935
ISIC_0028565,10.049832,9.397549
ISIC_0028567,9.788533,8.372433
ISIC_0028579,9.075345,8.523048
ISIC_0028685,5.5114903,8.217693
ISIC_0028696,2.4496086,7.6074047
ISIC_0028718,3.7008862,10.533882
ISIC_0028760,6.435037,11.107722
ISIC_0028860,7.1202426,6.1226697
ISIC_0028901,6.149267,5.1545334
ISIC_0028915,7.1456857,7.7076173
ISIC_0028929,1.9755899,9.827112
ISIC_0028930,5.41147,10.540469
ISIC_0028965,3.7418506,9.780852
ISIC_0029013,7.1186543,10.50013
ISIC_0029017,10.327221,9.065992
ISIC_0029028,6.177611,6.8982644
ISIC_0029033,1.984531,9.204496
ISIC_0029056,3.7958937,9.928913
ISIC_0029170,4.116553,9.4429035
ISIC_0029242,8.791781,6.89673
ISIC_0029272,1.7214292,9.904596
ISIC_0029318,5.42024,8.079876
ISIC_0029343,7.522635,9.718239
ISIC_0029397,3.6375327,7.513157
ISIC_0029434,7.983175,10.079618
ISIC_0029480,5.776617,10.461155
ISIC_0029495,7.5732694,10.873475
ISIC_0029513,6.9037848,7.5386877
ISIC_0029538,9.31217,10.416472
ISIC_0029570,5.6771855,9.851591
ISIC_0029571,9.734566,9.980615
ISIC_0029606,7.42328,10.951104
ISIC_0029651,9.01791,9.204028
ISIC_0029652,7.180305,8.235531
ISIC_0029660,9.5650015,8.985895
ISIC_0029698,3.554394,7.8008
ISIC_0029839,5.86943,10.661313
ISIC_0029859,1.6544594,8.993139
ISIC_0029885,7.169247,6.3184533
ISIC_0029913,10.003296,9.598524
ISIC_0030002,4.2670736,10.711846
ISIC_0030034,1.7448753,8.588553
ISIC_0030047,6.386892,10.077487
ISIC_0030083,3.4685931,8.419031
ISIC_0030089,9.617986,7.829984
ISIC_0030122,9.677111,9.586775
ISIC_0030134,5.655421,6.792548
ISIC_0030171,9.599557,9.63498
ISIC_0030183,3.6408532,8.163983
ISIC_0030192,3.1704874,7.7680464
ISIC_0030255,8.706198,10.468269
ISIC_0030281,9.637449,9.2193
ISIC_0030356,1.7541614,8.977593
ISIC_0030366,4.1265526,8.101531
ISIC_0030391,6.1399846,11.197387
ISIC_0030440,9.435874,10.070657
ISIC_0030445,9.020536,6.710865
ISIC_0030501,7.77168,8.527088
ISIC_0030507,5.556194,8.132477
ISIC_0030512,5.6152086,10.522801
ISIC_0030521,8.643949,10.4508505
ISIC_0030539,8.455029,6.479107
ISIC_0030552,7.103577,8.422522
ISIC_0030575,4.300432,9.544126
ISIC_0030623,8.167347,9.925752
ISIC_0030653,8.079914,10.435236
ISIC_0030689,5.497652,8.803726
ISIC_0030747,7.4578643,10.7386465
ISIC_0030795,4.5542984,8.597281
ISIC_0030818,9.59545,9.700155
ISIC_0030828,9.90305,8.778993
ISIC_0030898,9.804626,9.537796
ISIC_0030951,4.919313,9.530801
ISIC_0031025,8.979649,9.508195
ISIC_0031034,8.541877,10.452502
ISIC_0031177,5.6354947,9.630653
ISIC_0031186,3.794228,8.978752
ISIC_0031189,7.8028007,8.83646
ISIC_0031295,5.0601954,7.472761
ISIC_0031369,8.285365,6.630027
ISIC_0031386,3.399368,9.717316
ISIC_0031389,5.3733606,9.016238
ISIC_0031406,9.35749,9.999749
ISIC_0031408,4.351744,7.735977
ISIC_0031417,5.7720356,10.130368
ISIC_0031498,3.0666485,7.9989758
ISIC_0031529,3.9042788,10.211639
ISIC_0031545,7.2530336,10.569964
ISIC_0031557,5.6999927,7.7409396
ISIC_0031586,5.4478827,9.294783
ISIC_0031598,9.497025,10.271227
ISIC_0031642,2.5986898,7.7233295
ISIC_0031709,4.9557657,9.014525
ISIC_0031741,5.556907,11.340787
ISIC_0031745,8.300419,9.827477
ISIC_0031746,5.2310967,10.2704735
ISIC_0031779,6.931523,6.458381
ISIC_0031784,6.082121,8.162102
ISIC_0031821,8.560355,10.55051
ISIC_0031844,5.726741,9.921467
ISIC_0031908,2.4998531,8.23108
ISIC_0031915,6.365889,7.3278193
ISIC_0031953,8.286567,10.393867
ISIC_0031957,5.805345,8.3484125
ISIC_0031958,5.689088,10.078821
ISIC_0031972,5.721136,6.4351234
ISIC_0031977,7.6982837,7.72709
ISIC_0031999,8.85982,6.8079987
ISIC_0032019,8.212133,9.038772
ISIC_0032036,3.609563,10.576636
ISIC_0032044,6.5383234,7.255233
ISIC_0032046,6.47425,8.462492
ISIC_0032095,5.791375,10.916198
ISIC_0032098,6.1426015,4.918433
ISIC_0032190,2.2567437,7.8476734
ISIC_0032204,6.221862,10.8096895
ISIC_0032219,5.08484,7.867373
ISIC_0032232,7.519973,10.6245985
ISIC_0032245,5.7911325,7.6375704
ISIC_0032287,7.836123,8.609035
ISIC_0032313,4.525874,8.504519
ISIC_0032425,4.945847,7.864517
ISIC_0032433,5.6698074,10.575064
ISIC_0032441,8.322746,9.906695
ISIC_0032450,3.1038222,7.5199494
ISIC_0032462,3.3775878,9.049273
ISIC_0032509,6.002702,9.528775
ISIC_0032517,9.637854,7.7775455
ISIC_0032526,3.3677876,10.2783575
ISIC_0032532,9.613605,8.204193
ISIC_0032533,10.05104,8.77626
ISIC_0032544,6.0142937,8.208403
ISIC_0032547,9.242621,8.027634
ISIC_0032550,8.81027,8.262264
ISIC_0032552,1.9034382,9.9996195
ISIC_0032559,5.228159,4.6972466
ISIC_0032569,5.537758,8.474008
ISIC_0032592,3.3519006,4.877313
ISIC_0032596,7.365564,9.046233
ISIC_0032598,9.813444,9.021853
ISIC_0032602,8.366062,8.031615
ISIC_0032603,8.090832,10.163341
ISIC_0032610,7.6526413,9.33595
ISIC_0032617,7.7458453,6.420102
ISIC_0032622,5.291906,11.059804
ISIC_0032624,8.7052555,9.028066
ISIC_0032626,5.433704,4.5877485
ISIC_0032638,8.719299,8.534854
ISIC_0032645,4.7915487,5.647622
ISIC_0032653,6.292798,10.589676
ISIC_0032656,3.591562,4.7607255
ISIC_0032662,10.110699,9.308442
ISIC_0032672,5.2499695,10.516685
ISIC_0032684,5.633379,11.172139
ISIC_0032685,8.066763,6.972267
ISIC_0032716,9.219072,8.914656
ISIC_0032718,3.0081885,9.543114
ISIC_0032723,6.761955,9.579765
ISIC_0032724,9.426367,8.437663
ISIC_0032736,2.5615318,9.49382
ISIC_0032750,5.508639,10.174089
ISIC_0032751,7.341707,9.028979
ISIC_0032766,9.45027,10.328508
ISIC_0032797,8.744081,9.048595
ISIC_0032807,4.014537,7.704559
ISIC_0032810,9.149975,9.080609
ISIC_0032836,3.6656232,7.326395
ISIC_0032841,7.0330553,8.71024
ISIC_0032844,8.172467,9.22336
ISIC_0032845,4.5839224,10.726261
ISIC_0032847,8.158705,10.581039
ISIC_0032856,7.445758,9.168956
ISIC_0032862,5.3547187,4.5127115
ISIC_0032869,6.930601,7.101065
ISIC_0032870,5.178471,8.183321
ISIC_0032875,2.0832112,8.845484
ISIC_0032887,7.195923,9.517713
ISIC_0032888,3.0411537,8.349084
ISIC_0032903,8.467065,7.095045
ISIC_0032917,2.5518053,8.552888
ISIC_0032921,8.189851,7.397769
ISIC_0032925,9.207862,10.423189
ISIC_0032981,5.425399,9.164684
ISIC_0032982,9.954552,9.179189
ISIC_0032984,8.937268,7.0561404
ISIC_0033017,5.621756,6.0827036
ISIC_0033024,8.572982,6.8726196
ISIC_0033047,7.6460395,10.644083
ISIC_0033068,9.244765,9.11836
ISIC_0033081,1.5976797,9.88886
ISIC_0033103,5.184169,4.5394306
ISIC_0033120,10.111895,9.26701
ISIC_0033125,3.4290392,8.054174
ISIC_0033141,7.649114,9.713434
ISIC_0033152,8.284426,10.635633
ISIC_0033166,9.556384,10.440165
ISIC_0033171,9.208153,10.365375
ISIC_0033174,3.5335157,7.950859
ISIC_0033175,7.1411943,8.415171
ISIC_0033180,9.383496,8.775425
ISIC_0033186,3.2194102,9.44379
ISIC_0033193,4.524887,8.967293
ISIC_0033196,5.7993746,10.15307
ISIC_0033216,5.9210443,10.259315
ISIC_0033239,10.233614,9.164759
ISIC_0033241,2.3093772,9.638402
ISIC_0033268,6.5262995,10.063548
ISIC_0033275,9.651102,9.952311
ISIC_0033278,7.405592,6.694624
ISIC_0033279,7.2457566,9.642867
ISIC_0033300,9.528792,10.403883
ISIC_0033302,7.3969345,8.475617
ISIC_0033304,9.608438,10.224427
ISIC_0033312,5.7464,8.144777
ISIC_0033317,9.30274,9.020529
ISIC_0033320,6.1608887,11.002126
ISIC_0033323,5.5314536,7.374479
ISIC_0033333,3.582878,6.7659597
ISIC_0033336,4.6067643,4.412637
ISIC_0033362,3.3543239,9.114638
ISIC_0033368,4.393126,7.3618035
ISIC_0033369,7.1512213,10.165201
ISIC_0033377,5.0258274,5.064425
ISIC_0033387,7.9364305,10.734093
ISIC_0033393,4.3073463,7.507331
ISIC_0033394,3.6567996,8.122525
ISIC_0033405,4.2214446,4.437285
ISIC_0033415,7.5487,6.836121
ISIC_0033416,7.4412074,9.259523
ISIC_0033424,6.7530746,6.2020707
ISIC_0033429,6.281127,8.724351
ISIC_0033432,7.194601,9.407173
ISIC_0033444,8.661615,10.13944
ISIC_0033452,9.834381,9.205138
ISIC_0033469,8.151837,6.9467006
ISIC_0033470,8.758139,10.1144905
ISIC_0033485,6.918135,8.207377
ISIC_0033487,4.450519,5.6467834
ISIC_0033496,8.531538,7.931434
ISIC_0033500,5.227902,7.8663387
ISIC_0033524,6.836353,7.4742203
ISIC_0033534,4.5027084,4.574438
ISIC_0033545,2.1570623,8.533835
ISIC_0033546,9.894478,7.9411736
ISIC_0033560,8.728323,10.321551
ISIC_0033568,4.677062,8.847931
ISIC_0033573,8.118472,7.136839
ISIC_0033595,7.5577965,6.2641683
ISIC_0033603,6.812092,5.5393305
ISIC_0033607,6.932354,9.507439
ISIC_0033612,1.7911431,10.067799
ISIC_0033619,6.159668,7.413631
ISIC_0033624,3.1419134,8.065498
ISIC_0033638,8.508565,10.114691
ISIC_0033644,9.933517,8.793107
ISIC_0033651,7.7753053,10.496779
ISIC_0033662,4.6016097,10.791197
ISIC_0033687,8.777167,8.110168
ISIC_0033696,3.8206806,4.698106
ISIC_0033700,5.7684174,7.563612
ISIC_0033704,7.261755,6.615804
ISIC_0033717,9.528113,8.450164
ISIC_0033752,6.490264,6.147302
ISIC_0033779,9.247591,8.907133
ISIC_0033801,3.510004,8.227428
ISIC_0033802,2.5932894,8.168403
ISIC_0033804,9.305034,8.9221
ISIC_0033805,8.2735195,10.552113
ISIC_0033813,7.1330767,9.138893
ISIC_0033819,7.948607,9.221285
ISIC_0033848,4.6136656,10.874418
ISIC_0033871,5.8232875,9.861894
ISIC_0033872,8.33368,6.5794506
ISIC_0033881,9.363777,8.848344
ISIC_0033883,6.6824803,8.712046
ISIC_0033886,7.120638,8.262549
ISIC_0033893,5.850828,6.740758
ISIC_0033901,9.136271,10.486571
ISIC_0033905,4.101118,9.887762
ISIC_0033911,7.9771657,7.5819426
ISIC_0033925,2.230791,6.3753595
ISIC_0033938,9.3880625,9.497456
ISIC_0033946,7.270621,10.229241
ISIC_0033956,5.813668,8.196096
ISIC_0033957,7.092698,9.375646
ISIC_0033962,9.3598175,8.5997505
ISIC_0033968,6.104063,9.9176035
ISIC_0033975,6.7504563,7.7180266
ISIC_0033977,7.3971047,8.763512
ISIC_0033980,9.967684,8.749278
ISIC_0033981,5.825585,9.431164
ISIC_0033985,9.985484,9.284616
ISIC_0033995,6.7378616,10.035971
ISIC_0034002,7.865812,9.035627
ISIC_0034005,7.978343,4.408233
ISIC_0034006,3.6084528,5.563865
ISIC_0034012,3.169122,7.7687263
ISIC_0034046,7.6332307,8.376543
ISIC_0034048,9.817762,8.913719
ISIC_0034051,5.0755534,4.8858485
ISIC_0034052,8.888393,10.416071
ISIC_0034061,9.348742,9.269851
ISIC_0034064,7.3779883,9.377271
ISIC_0034068,2.8927906,9.6312
ISIC_0034071,4.581102,7.052045
ISIC_0034076,3.6143937,9.64649
ISIC_0034085,8.559578,8.238358
ISIC_0034094,3.1877165,5.754163
ISIC_0034100,7.079643,6.381303
ISIC_0034104,9.505163,8.409265
ISIC_0034107,7.530103,9.543608
ISIC_0034117,7.9165125,6.8593836
ISIC_0034118,7.900593,10.659757
ISIC_0034120,9.3392105,8.557821
ISIC_0034134,4.646814,7.0577774
ISIC_0034140,8.500108,6.632447
ISIC_0034145,2.14398,10.001349
ISIC_0034150,6.6320505,7.487241
ISIC_0034172,7.3491035,9.478256
ISIC_0034183,3.2706234,7.6531477
ISIC_0034205,10.19531,9.923945
ISIC_0034211,9.97048,9.21873
ISIC_0034222,6.805229,9.246704
ISIC_0034233,4.365229,6.328953
ISIC_0034236,5.5457683,7.380767
ISIC_0034246,9.0457535,10.362262
ISIC_0034256,8.670215,6.856535
ISIC_0034262,5.317019,4.5178003
ISIC_0034269,8.452299,9.358905
ISIC_0034287,7.186002,10.313218
ISIC_0034289,10.331135,9.405598
ISIC_0034317,6.3366976,11.008495
ISIC_0034343,4.0047913,7.8134904
ISIC_0034398,3.597466,9.193945
ISIC_0034446,2.1368723,8.131941
ISIC_0034472,4.997567,9.20619
ISIC_0034477,8.888966,10.431088
ISIC_0034482,9.626455,9.235939
ISIC_0034492,3.8527372,8.803798
ISIC_0034572,9.665458,9.486239
ISIC_0034605,8.235618,10.57232
ISIC_0034630,5.1000137,10.470056
ISIC_0034784,5.1321588,7.615257
ISIC_0034873,6.5185633,6.1299014
ISIC_0034882,9.871525,7.4353714
ISIC_0034904,2.6579506,9.606795
ISIC_0034934,5.7780266,4.587316
ISIC_0034971,3.4656768,8.667336
ISIC_0035000,3.500786,8.065431
ISIC_0035021,3.699397,8.118313
ISIC_0035047,4.3704658,8.365819
ISIC_0035048,8.184866,6.2560954
ISIC_0035070,4.036615,9.286407
ISIC_0035089,9.967963,9.171269
ISIC_0035090,5.9381566,9.544969
ISIC_0035124,9.761838,7.412074
ISIC_0035224,9.299985,10.186592
ISIC_0035263,8.9993305,6.982079
ISIC_0035366,6.767318,8.781666
ISIC_0035406,10.479876,9.724269
ISIC_0035420,10.133691,9.778633
ISIC_0035459,1.5772419,7.0350432
ISIC_0035462,4.2476487,7.904361
ISIC_0035486,2.729352,7.6253924
ISIC_0035636,2.1541564,8.835329
ISIC_0035640,5.032566,10.924187
ISIC_0035670,8.800112,10.452416
ISIC_0035680,9.31762,10.82095
ISIC_0035682,6.8423433,9.544112
ISIC_0035698,7.542149,7.1950026
ISIC_0035700,1.1873345,9.900731
ISIC_0035705,9.029382,9.192727
ISIC_0035708,7.365833,10.505304
ISIC_0035714,7.9490213,11.044783
ISIC_0035719,0.98561466,9.218061
ISIC_0035732,7.3065467,10.264634
ISIC_0035747,6.0141673,7.7531385
ISIC_0035764,4.2288647,9.935081
ISIC_0035766,7.542026,9.129429
ISIC_0035767,4.1670628,8.932039
ISIC_0035794,9.962555,8.587185
ISIC_0035823,6.53809,9.427838
ISIC_0035825,9.386192,8.794682
ISIC_0035827,3.3799582,8.547656
ISIC_0035846,4.3089514,9.741525
ISIC_0035853,6.4892273,9.458989
ISIC_0035854,8.03386,7.198475
ISIC_0035868,9.24138,9.036095
ISIC_0035889,1.2672044,6.795865
ISIC_0035913,8.759932,8.492109
ISIC_0035923,5.463951,4.396875
ISIC_0035929,6.709969,4.6074815
ISIC_0035938,7.366615,5.1713653
ISIC_0035964,6.312569,9.66522
ISIC_0035968,8.1410265,8.490812
ISIC_0036005,6.748752,4.4173484
ISIC_0036012,7.532417,10.421325
ISIC_0036034,8.017716,8.070367
ISIC_0036051,8.112854,8.327437
ISIC_0036057,3.6783364,7.394505
ISIC_0036070,10.181567,7.683625
ISIC_0036073,5.915178,3.9887414
ISIC_0036075,8.555315,5.872373
ISIC_0036076,3.5087216,10.807927
ISIC_0036078,1.3386664,6.362225
ISIC_0036079,9.355859,9.32688
ISIC_0036080,8.429446,6.755833
ISIC_0036081,6.1578417,5.1464944
ISIC_0036083,8.121685,6.458739
ISIC_0036085,2.5302851,9.753885
ISIC_0036086,6.2159457,5.8988566
ISIC_0036087,9.555498,7.0720134
ISIC_0036088,10.734269,9.203307
ISIC_0036089,10.559974,9.526686
ISIC_0036090,6.752618,6.0625606
ISIC_0036091,8.855998,8.72828
ISIC_0036092,5.5666347,10.343465
ISIC_0036093,7.2037473,10.033779
ISIC_0036094,6.229987,5.736836
ISIC_0036095,7.078374,5.7019467
ISIC_0036096,7.308774,5.924966
ISIC_0036097,7.581547,10.835464
ISIC_0036098,5.938663,5.134885
ISIC_0036099,6.112245,5.916278
ISIC_0036101,8.694409,6.697973
ISIC_0036102,6.8326325,6.906613
ISIC_0036103,7.4226065,10.1016245
ISIC_0036104,9.717745,10.264863
ISIC_0036105,7.652789,5.8160963
ISIC_0036106,9.599104,8.775956
ISIC_0036107,5.9237304,5.8765035
ISIC_0036108,5.0518537,6.2005315
ISIC_0036109,6.4329987,9.000961
ISIC_0036110,5.2026424,9.451967
ISIC_0036111,3.4920938,8.165251
ISIC_0036112,8.644923,9.741926
ISIC_0036113,6.3424306,6.5497246
ISIC_0036114,9.527195,10.336923
ISIC_0036115,4.1163964,11.031537
ISIC_0036116,10.074059,9.995943
ISIC_0036117,9.567439,8.253193
ISIC_0036118,7.2997265,8.8532505
ISIC_0036119,10.322262,9.69941
ISIC_0036120,7.6567993,7.126639
ISIC_0036121,9.083838,8.809612
ISIC_0036123,2.6665902,5.7692046
ISIC_0036159,2.9628952,6.2660108
ISIC_0036258,6.9223895,9.866032
ISIC_0036260,7.469382,8.712564
ISIC_0036263,8.632195,8.673529
ISIC_0036264,2.5849648,9.207622
ISIC_0036269,4.1395497,8.242377
ISIC_0036270,3.2108064,7.771465
ISIC_0036273,4.966343,8.264145
ISIC_0036274,6.020453,9.73062
ISIC_0036275,8.717494,5.9778347
ISIC_0036276,2.2953591,10.10061
ISIC_0036278,4.9894867,9.050663
ISIC_0036279,9.721062,10.223705
ISIC_0036280,2.5532537,10.564088
ISIC_0036281,10.892484,9.004222
ISIC_0036282,8.029998,7.9755564
ISIC_0036284,8.017466,6.1323104
ISIC_0036285,6.025812,4.2718415
ISIC_0036286,4.7998123,8.847112
ISIC_0036287,8.653252,10.067678
ISIC_0046224,3.4699168,7.930798
ISIC_0046225,3.7256424,8.928815
ISIC_0046242,4.195527,9.231841
ISIC_0046305,6.4635673,10.331197
ISIC_0046315,4.974412,10.318509
ISIC_0046322,8.208861,9.440319
ISIC_0046323,3.7078698,7.36062
ISIC_0046331,6.757673,10.390488
ISIC_0046338,7.793074,6.787139
ISIC_0046343,9.807942,8.040306
ISIC_0046344,7.0195065,9.586461
ISIC_0046345,6.210422,10.9845295
ISIC_0046361,5.7346992,10.435391
ISIC_0046372,4.481654,7.154711
ISIC_0046383,7.705139,8.545316
ISIC_0046394,3.806921,5.4719844
ISIC_0046405,8.705994,10.277192
ISIC_0046416,3.2118447,8.133496
ISIC_0046422,4.975509,10.59816
ISIC_0046427,4.932827,10.6863575
ISIC_0046438,5.2178235,5.811247
ISIC_0046441,4.054093,7.3436456
ISIC_0046443,10.240661,8.416173
ISIC_0046449,3.593359,6.1159196
ISIC_0046450,4.939286,4.6086845
ISIC_0046458,7.2838283,10.328156
ISIC_0046471,6.7971673,7.306523
ISIC_0046504,6.888267,10.137272
ISIC_0046526,2.9095945,5.7084103
ISIC_0046548,0.959458,8.842321
ISIC_0046560,3.746784,9.549932
ISIC_0046571,8.648591,6.548852
ISIC_0046596,2.4136753,10.195773
ISIC_0046597,7.642429,10.378871
ISIC_0046609,8.852878,7.7769794
ISIC_0046626,6.574912,5.3749785
ISIC_0046628,3.8443258,10.464035
ISIC_0046633,8.59732,9.005444
ISIC_0046639,2.2536466,10.843367
ISIC_0046640,4.9521413,9.816016
ISIC_0046645,5.4076233,6.0436974
ISIC_0046647,6.81401,10.925512
ISIC_0046659,4.036661,10.950226
ISIC_0046661,5.010736,6.2786202
ISIC_0046662,6.3250303,5.341024
ISIC_0046664,6.202558,5.313528
ISIC_0046667,4.983258,4.8295326
ISIC_0046670,8.377109,8.185549
ISIC_0046671,8.72785,8.282981
ISIC_0046672,1.7299786,8.936446
ISIC_0046681,1.9801762,9.80777
ISIC_0046682,3.4641728,5.1854024
ISIC_0046683,9.013467,9.411
ISIC_0046712,6.802236,7.1016293
ISIC_0046725,7.1605954,7.030299
ISIC_0046773,4.103242,8.391509
ISIC_0046820,5.4583054,8.951976
ISIC_0046827,4.544772,5.035517
ISIC_0046828,6.7241635,9.060501
ISIC_0046834,6.827229,5.393439
ISIC_0046900,6.2942953,10.041435
ISIC_0046908,7.589485,10.605774
ISIC_0046917,2.4604678,7.243796
ISIC_0046921,6.879698,10.937353
ISIC_0046932,5.9294276,11.075498
ISIC_0046983,4.917408,9.244754
ISIC_0046985,4.3741546,8.125124
ISIC_0047003,8.762462,8.398722
ISIC_0047004,3.2527142,9.931075
ISIC_0047008,4.612881,7.752329
ISIC_0047022,4.2005186,10.60936
ISIC_0047024,2.4808083,10.611318
ISIC_0047031,2.109282,9.096493
ISIC_0047033,4.32864,5.135511
ISIC_0053456,1.0659213,9.48129
ISIC_0053469,5.1474543,7.346756
ISIC_0053470,8.402173,7.7572126
ISIC_0053471,3.3085697,5.917622
ISIC_0053473,4.3366537,7.4668407
ISIC_0053479,7.9498677,4.3730583
ISIC_0053485,5.607873,9.919811
ISIC_0053489,2.3448076,7.8804765
ISIC_0053491,3.8940306,7.910537
ISIC_0053492,1.9006133,10.358243
ISIC_0053495,7.0335813,11.2452345
ISIC_0053503,5.5955157,4.87375
ISIC_0053507,10.7822,9.259816
ISIC_0053508,2.2500453,7.0740857
ISIC_0053509,7.063376,5.2482834
ISIC_0053510,2.539058,7.469264
ISIC_0053512,2.015584,4.3545012
ISIC_0053513,6.951691,9.510532
ISIC_0053518,2.8556743,8.121586
ISIC_0053520,4.660478,10.407307
ISIC_0053525,7.3271093,11.174765
ISIC_0053531,8.904361,9.277423
ISIC_0053533,5.7776265,9.475183
ISIC_0053541,5.575634,5.9235644
ISIC_0053542,3.4241598,6.9404035
ISIC_0053545,2.6759064,10.265578
ISIC_0053570,2.4140992,9.432586
ISIC_0053578,7.2391434,10.1229105
ISIC_0053582,1.4895722,8.5699005
ISIC_0053589,8.528732,7.389968
ISIC_0053594,3.1854236,5.5419216
ISIC_0053603,3.74325,10.576484
ISIC_0053611,1.2420216,9.680723
ISIC_0053615,4.396613,6.725836
ISIC_0053617,8.351188,6.6725874
ISIC_0053620,1.5812489,8.394586
ISIC_0053632,6.6965995,6.3935833
ISIC_0053659,8.513396,8.628198
ISIC_0053660,9.707183,7.4834104
ISIC_0053667,6.5062976,6.5069985
ISIC_0053674,5.4074416,8.322408
ISIC_0053691,1.8647149,8.058801
ISIC_0053698,2.4793632,7.0436144
ISIC_0053699,7.378121,4.949739
ISIC_0053700,5.92338,11.185885
ISIC_0053723,2.0425105,4.33393
ISIC_0053725,9.108848,7.525208
ISIC_0053734,3.4735534,6.784365
ISIC_0053740,9.79655,7.118356
ISIC_0053742,4.8925176,6.7149386
ISIC_0053743,2.014169,7.21321
ISIC_0053751,6.607557,10.406552
ISIC_0053761,5.6850195,6.4850597
ISIC_0053763,8.340236,7.622635
ISIC_0053765,2.9766219,8.310348
ISIC_0053766,3.38676,8.530312
ISIC_0053774,2.8073013,6.849354
ISIC_0053784,5.9212437,4.5932217
ISIC_0053787,10.70311,8.706447
ISIC_0053790,6.98156,5.791159
ISIC_0053791,6.8855186,6.781101
ISIC_0053796,8.119246,4.7656283
ISIC_0053801,8.873329,8.982048
ISIC_0053810,2.260417,9.961424
ISIC_0053812,1.6119221,4.2016163
ISIC_0053814,2.6850471,6.547777
ISIC_0053816,5.92705,7.97507
ISIC_0053823,7.775207,9.828967
ISIC_0053824,2.317492,6.3518314
ISIC_0053827,10.270089,8.732635
ISIC_0053828,10.635023,9.898453
ISIC_0053829,5.162779,8.430806
ISIC_0053839,4.2456555,8.527676
ISIC_0053841,10.080851,8.222452
ISIC_0053843,7.6190295,6.312947
ISIC_0053846,8.607902,11.488955
ISIC_0053853,2.9028575,8.54008
ISIC_0053891,4.743827,9.462652
ISIC_0053893,10.816529,9.405678
ISIC_0053904,4.462252,6.3492227
ISIC_0053909,7.1785507,6.461721
ISIC_0053912,9.879545,9.794526
ISIC_0053916,4.8185897,5.0977316
ISIC_0053923,6.467383,10.60208
ISIC_0053925,7.6065736,9.661998
ISIC_0053933,3.5981076,4.483525
ISIC_0053946,6.0471697,5.093269
ISIC_0053960,8.744393,10.305287
ISIC_0053969,2.6122315,7.2585316
ISIC_0053971,1.2090662,6.8538294
ISIC_0053974,3.2739844,5.966097
ISIC_0053980,8.764423,6.389726
ISIC_0053981,5.186184,6.3872876
ISIC_0053996,4.775586,9.011859
ISIC_0054006,8.863215,7.0923285
ISIC_0054015,3.856057,10.418369
ISIC_0054025,9.711309,10.556056
ISIC_0054032,9.709239,7.13217
ISIC_0054038,6.934825,10.679121
ISIC_0054043,3.2830744,10.21254
ISIC_0054048,1.1710656,8.558541
ISIC_0054053,9.796666,8.628283
ISIC_0054059,3.2724884,9.958554
ISIC_0054061,7.243999,7.084444
ISIC_0054062,4.155506,8.852829
ISIC_0054070,4.9238763,8.894513
ISIC_0054073,5.6048923,5.0307097
ISIC_0054078,2.1871598,8.905916
ISIC_0054079,8.666804,8.288665
ISIC_0054080,3.083131,10.286545
ISIC_0054082,2.5373566,6.974114
ISIC_0054085,3.3209934,9.373689
ISIC_0054090,10.442989,9.449971
ISIC_0054103,3.7893975,4.798507
ISIC_0054106,3.3036904,4.529022
ISIC_0054110,7.4921856,8.675272
ISIC_0054112,9.406478,8.876266
ISIC_0054117,2.9148645,6.2801566
ISIC_0054123,5.818234,5.0517187
ISIC_0054141,7.8729854,4.50426
ISIC_0054151,7.9235654,4.3697915
ISIC_0054159,5.033578,7.0046797
ISIC_0054167,3.7838037,9.294238
ISIC_0054179,6.1705103,7.6526356
ISIC_0054185,3.4057148,10.204457
ISIC_0054188,6.848924,10.009687
ISIC_0054193,7.6229725,4.870537
ISIC_0054198,9.95117,10.426841
ISIC_0054205,7.2007113,5.413356
ISIC_0054213,8.283125,7.0587516
ISIC_0054220,2.224293,6.7473793
ISIC_0054222,2.889374,6.3977194
ISIC_0054226,8.830753,7.759108
ISIC_0054229,8.359684,8.045262
ISIC_0054233,1.3730254,7.2362733
ISIC_0054236,3.954342,8.664121
ISIC_0054239,3.4891434,9.558185
ISIC_0054244,5.4173183,9.732869
ISIC_0054248,1.5295657,9.53348
ISIC_0054251,5.7788506,9.7618885
ISIC_0054254,10.110931,9.295344
ISIC_0054264,1.3285818,7.1873727
ISIC_0054274,6.268499,6.4798384
ISIC_0054284,10.38058,9.673647
ISIC_0054287,2.7026505,7.3164926
ISIC_0054292,2.8525903,10.194728
ISIC_0054296,2.701479,7.307008
ISIC_0054312,2.9568543,10.094869
ISIC_0054314,4.9944515,6.4661527
ISIC_0054317,5.6558404,4.5525427
ISIC_0054334,3.0503876,5.555383
ISIC_0054337,8.076095,6.50847
ISIC_0054351,6.6036906,7.1704917
ISIC_0054355,4.307448,7.2654853
ISIC_0054364,9.021858,8.562934
ISIC_0054366,10.887419,8.937523
ISIC_0054371,7.1160297,6.080709
ISIC_0054377,2.542394,8.74868
ISIC_0054379,3.1598098,4.5196834
ISIC_0054384,5.916659,6.7801924
ISIC_0054391,10.216233,9.80403
ISIC_0054399,6.561923,6.564796
ISIC_0054410,8.23049,8.119028
ISIC_0054412,5.256419,11.124111
ISIC_0054416,2.8968968,7.606487
ISIC_0054430,9.491015,6.74154
ISIC_0054444,9.566093,10.316659
ISIC_0054445,1.2315058,8.373093
ISIC_0054458,5.87428,8.996266
ISIC_0054459,3.3332527,9.124675
ISIC_0054462,6.128233,6.19673
ISIC_0054464,3.0257006,8.388763
ISIC_0054465,4.3726864,6.4645867
ISIC_0054497,5.124862,7.7597885
ISIC_0054501,4.589354,4.953053
ISIC_0054506,7.7367334,9.074493
ISIC_0054512,1.6036165,7.907996
ISIC_0054516,10.052762,10.613949
ISIC_0054520,6.0985503,6.6539826
ISIC_0054523,5.3272004,5.5596023
ISIC_0054528,7.629,8.8341465
ISIC_0054544,3.1579552,6.0472064
ISIC_0054548,2.83843,9.611729
ISIC_0054563,5.470969,9.153119
ISIC_0054568,4.9062495,9.998609
ISIC_0054574,8.0886965,7.8927917
ISIC_0054599,2.7881904,5.7703633
ISIC_0054612,3.2078478,9.260359
ISIC_0054618,5.904981,10.0637
ISIC_0054624,5.728985,10.647617
ISIC_0054625,9.541212,9.6816845
ISIC_0054629,6.823903,7.8623395
ISIC_0054637,7.5236754,9.489245
ISIC_0054651,4.421214,8.302775
ISIC_0054661,4.399903,5.1710625
ISIC_0054663,5.487015,9.757852
ISIC_0054670,8.202944,9.407356
ISIC_0054671,2.7275832,8.96893
ISIC_0054673,7.1271267,11.22558
ISIC_0054677,9.016912,7.828053
ISIC_0054694,5.392066,6.840082
ISIC_0054705,2.8918068,6.998046
ISIC_0054725,9.433821,9.476805
ISIC_0054728,7.6346436,7.900273
ISIC_0054734,6.0630894,5.235145
ISIC_0054744,3.3813808,9.872432
ISIC_0054747,7.8428297,10.943541
ISIC_0054748,10.177929,9.44743
ISIC_0054756,5.9300165,3.8844573
ISIC_0054760,3.911548,8.761364
ISIC_0054763,2.9202526,5.288574
ISIC_0054765,8.585134,6.7124734
ISIC_0054767,5.3535194,9.10844
ISIC_0054770,1.4301242,8.144051
ISIC_0054777,6.416791,9.761659
ISIC_0054787,9.540172,9.480966
ISIC_0054793,1.4785781,7.360748
ISIC_0054802,2.9010541,5.32569
ISIC_0054819,2.4932952,7.9247985
ISIC_0054821,5.9316983,11.140521
ISIC_0054825,7.5691996,7.1693106
ISIC_0054827,5.5725975,9.15041
ISIC_0054842,6.211987,7.133824
ISIC_0054844,8.11528,6.653436
ISIC_0054848,1.530971,9.641937
ISIC_0054851,8.501477,6.6085076
ISIC_0054852,5.827403,3.857298
ISIC_0054853,0.8503963,8.763236
ISIC_0054874,2.1444857,7.6224513
ISIC_0054889,7.6099463,4.9998574
ISIC_0054892,10.046047,9.206952
ISIC_0054894,7.1576214,5.8625307
ISIC_0054902,3.033197,4.7940583
ISIC_0054904,3.8063846,6.2841716
ISIC_0054906,6.4975777,6.230638
ISIC_0054912,3.8113964,4.4346056
ISIC_0054914,7.8219047,7.4762244
ISIC_0054919,2.3185787,6.915083
ISIC_0054936,2.8859036,7.9785113
ISIC_0054941,9.311008,9.267261
ISIC_0054961,3.5399039,5.4205446
ISIC_0054963,7.07625,10.128305
ISIC_0054969,7.075857,8.605573
ISIC_0054970,3.33679,4.3853025
ISIC_0054971,9.170408,9.204885
ISIC_0054973,10.513635,10.023826
ISIC_0054974,5.1917315,9.679206
ISIC_0054976,1.4447472,9.201895
ISIC_0054979,3.429631,6.0818586
ISIC_0054982,0.67227346,8.935758
ISIC_0054988,4.2292514,10.716908
ISIC_0054995,6.324948,6.867327
ISIC_0055001,7.5654216,9.947529
ISIC_0055002,7.379277,6.1144648
ISIC_0055022,8.673648,6.768154
ISIC_0055024,10.016705,8.171063
ISIC_0055031,7.7361774,12.427506
ISIC_0055039,6.7772675,6.7961636
ISIC_0055048,3.5240102,9.589205
ISIC_0055051,4.756041,6.9176173
ISIC_0055052,6.2180314,9.036892
ISIC_0055054,2.7553008,10.132799
ISIC_0055056,8.198839,6.366084
ISIC_0055062,6.672726,7.058239
ISIC_0055074,7.3864636,8.535666
ISIC_0055079,5.0226073,8.784621
ISIC_0055081,5.0904946,8.830428
ISIC_0055086,4.968209,9.685924
ISIC_0055087,3.085359,6.870597
ISIC_0055091,3.7492974,7.062749
ISIC_0055110,3.4584153,5.76
ISIC_0055136,0.880673,9.491898
ISIC_0055141,10.079242,7.09414
ISIC_0055143,8.144261,6.794643
ISIC_0055147,9.180945,8.231438
ISIC_0055156,4.595412,9.537857
ISIC_0055161,1.9246852,6.755429
ISIC_0055167,10.024854,10.375279
ISIC_0055175,6.7312326,7.334445
ISIC_0055179,4.074478,8.544325
ISIC_0055181,1.6830517,7.5094547
ISIC_0055191,10.83934,9.162864
ISIC_0055193,9.375814,10.085691
ISIC_0055202,10.670784,9.410112
ISIC_0055205,5.9513316,4.1849537
ISIC_0055208,2.5965571,9.621277
ISIC_0055226,8.378342,5.141176
ISIC_0055227,4.894341,8.337663
ISIC_0055236,2.849158,6.1666956
ISIC_0055241,2.0019195,9.179832
ISIC_0055246,4.188798,9.888118
ISIC_0055249,5.8569736,8.966935
ISIC_0055264,8.001564,9.563814
ISIC_0055265,4.0663085,4.61042
ISIC_0055268,2.876535,4.927426
ISIC_0055276,3.171973,7.6275826
ISIC_0055282,10.522087,8.948386
ISIC_0055289,5.3633385,9.795707
ISIC_0055293,4.8265915,5.1099634
ISIC_0055295,4.62444,6.2038813
ISIC_0055297,9.5175495,8.989218
ISIC_0055298,2.3573105,7.9680753
ISIC_0055309,8.554683,10.79695
ISIC_0055311,4.3224607,6.877346
ISIC_0055314,6.124993,5.336612
ISIC_0055318,0.80840987,8.965033
ISIC_0055337,1.359147,7.9206905
ISIC_0055340,9.347156,9.054085
ISIC_0055344,8.614275,7.6956687
ISIC_0055355,4.5722537,8.104586
ISIC_0055359,7.443103,8.899725
ISIC_0055362,10.983185,9.140017
ISIC_0055363,5.052658,6.826748
ISIC_0055367,3.4974074,8.807347
ISIC_0055380,5.341853,11.108874
ISIC_0055393,5.287482,8.290889
ISIC_0055398,2.2596216,6.9545054
ISIC_0055412,3.1928096,7.4014277
ISIC_0055417,6.0666437,7.026752
ISIC_0055419,7.8434243,10.863804
ISIC_0055421,2.6621635,7.6558585
ISIC_0055425,4.144568,5.629215
ISIC_0055438,6.6919236,11.225673
ISIC_0055440,7.3849773,10.456318
ISIC_0055445,7.41121,10.493609
ISIC_0055451,9.011913,9.64363
ISIC_0055453,2.3108866,6.962532
ISIC_0055454,7.506888,6.071099
ISIC_0055462,2.4783757,9.63218
ISIC_0055464,6.5231724,6.223342
ISIC_0055465,3.0827384,7.604541
ISIC_0055467,1.197146,7.557913
ISIC_0055474,8.470182,10.37924
ISIC_0055492,5.7945495,5.773654
ISIC_0055496,2.5910347,7.373631
ISIC_0055500,3.8284152,6.529013
ISIC_0055503,5.290238,7.6903605
ISIC_0055511,6.140796,7.079779
ISIC_0055513,6.549553,10.490469
ISIC_0055517,3.1976578,7.4316006
ISIC_0055518,9.095498,9.934435
ISIC_0055519,2.3800247,10.529841
ISIC_0055525,5.5174503,6.326351
ISIC_0055527,1.8576516,8.386708
ISIC_0055528,6.7119474,6.154625
ISIC_0055543,3.197202,6.8040395
ISIC_0055546,5.6994405,6.9839664
ISIC_0055550,9.310903,9.061297
ISIC_0055562,2.076164,8.813359
ISIC_0055570,1.1032048,7.330394
ISIC_0055572,4.5267286,4.861173
ISIC_0055582,6.147958,7.369034
ISIC_0055613,2.0602102,7.2816796
ISIC_0055616,2.5731814,6.067447
ISIC_0055618,3.2135742,7.1434097
ISIC_0055622,7.3524804,6.222616
ISIC_0055623,5.2375345,6.423093
ISIC_0055624,5.202128,8.084596
ISIC_0055631,2.9528973,6.368918
ISIC_0055643,1.542416,4.172175
ISIC_0055659,3.0890558,9.097273
ISIC_0055665,6.3247914,7.2896256
ISIC_0055680,8.3857765,10.106854
ISIC_0055684,3.443944,8.425507
ISIC_0055688,8.939973,9.7366085
ISIC_0055690,2.3156893,10.506653
ISIC_0055699,1.5512275,9.033943
ISIC_0055701,4.480772,8.78007
ISIC_0055707,4.153375,7.502067
ISIC_0055709,7.4285097,7.525599
ISIC_0055714,8.008814,8.8147955
ISIC_0055720,7.7164702,7.4717736
ISIC_0055733,4.928776,8.386411
ISIC_0055742,5.263328,9.675206
ISIC_0055743,4.806974,6.703785
ISIC_0055756,9.570168,7.30006
ISIC_0055759,7.9904222,4.1874475
ISIC_0055764,7.9263024,6.6209736
ISIC_0055767,2.0956504,7.1172814
ISIC_0055771,7.5677023,5.951353
ISIC_0055776,3.9408,8.7477
ISIC_0055780,2.0967572,8.103509
ISIC_0055781,3.7886312,9.436428
ISIC_0055783,7.80114,9.960602
ISIC_0055788,10.245609,9.418146
ISIC_0055789,2.9943423,4.5848093
ISIC_0055796,4.20827,9.952765
ISIC_0055797,5.6513686,8.604718
ISIC_0055799,1.6348467,7.672857
ISIC_0055802,4.4599295,6.5428376
ISIC_0055818,2.5886905,9.959067
ISIC_0055820,2.943386,7.850047
ISIC_0055821,8.827747,10.315896
ISIC_0055825,5.0569205,6.0938873
ISIC_0055828,2.9512951,6.6906548
ISIC_0055832,1.4387623,8.069796
ISIC_0055840,7.945181,4.2819014
ISIC_0055841,7.0144963,10.403656
ISIC_0055854,4.6488857,9.698874
ISIC_0055859,7.0069275,4.946922
ISIC_0055862,1.2475299,8.751499
ISIC_0055871,9.94711,8.101106
ISIC_0055876,8.35523,10.554446
ISIC_0055887,10.553509,9.199849
ISIC_0055892,4.8172007,5.337133
ISIC_0055896,2.5278099,6.5607505
ISIC_0055899,3.9796016,5.3248925
ISIC_0055900,3.048661,4.6232605
ISIC_0055905,3.465695,9.862679
ISIC_0055907,2.8588097,7.364207
ISIC_0055911,8.977304,9.561192
ISIC_0055930,2.8550246,8.648436
ISIC_0055931,7.461074,7.6109285
ISIC_0055937,2.8086576,5.441478
ISIC_0055938,4.1857886,10.094497
ISIC_0055953,5.910608,6.238838
ISIC_0055954,5.426491,7.3380213
ISIC_0055960,4.576393,6.6473713
ISIC_0055967,9.674992,9.539998
ISIC_0055984,3.4282687,9.30574
ISIC_0055999,8.8449335,11.362631
ISIC_0056001,4.2500935,5.1089306
ISIC_0056007,9.640936,7.9214644
ISIC_0056017,5.5321207,9.015241
ISIC_0056019,1.4501201,8.779948
ISIC_0056036,2.2962573,9.721443
ISIC_0056041,9.166975,8.16185
ISIC_0056044,1.1911597,6.8511844
ISIC_0056047,3.5400543,9.83664
ISIC_0056050,8.808729,10.388744
ISIC_0056051,10.515549,9.68053
ISIC_0056061,3.043945,6.4546676
ISIC_0056063,7.7198243,11.12965
ISIC_0056079,1.4068174,7.979211
ISIC_0056089,3.7470036,10.2725
ISIC_0056092,10.739907,9.643286
ISIC_0056105,3.4300063,9.253998
ISIC_0056113,1.6256173,9.613643
ISIC_0056118,3.3858054,10.234933
ISIC_0056130,3.0359585,5.596035
ISIC_0056133,1.997875,9.441745
ISIC_0056136,5.4296227,9.367931
ISIC_0056138,5.032874,10.645068
ISIC_0056141,6.679745,10.264076
ISIC_0056145,5.822751,7.5655437
ISIC_0056152,8.680874,8.790772
ISIC_0056156,6.055966,10.471599
ISIC_0056167,8.47642,7.479664
ISIC_0056170,6.079247,11.172192
ISIC_0056181,3.2093084,8.919498
ISIC_0056185,3.816517,9.094765
ISIC_0056186,0.7775512,9.198667
ISIC_0056190,1.916745,8.636544
ISIC_0056192,7.2606883,6.3703246
ISIC_0056201,6.73874,4.6313977
ISIC_0056202,1.0666912,8.4417715
ISIC_0056210,2.2595377,8.756108
ISIC_0056214,2.704716,7.0453744
ISIC_0056217,4.144201,9.706376
ISIC_0056221,5.07402,6.354625
ISIC_0056225,7.540735,11.138902
ISIC_0056228,10.114546,7.1223764
ISIC_0056232,5.7151566,10.874132
ISIC_0056247,6.419332,9.094569
ISIC_0056261,8.833003,10.149215
ISIC_0056263,1.5975667,6.911561
ISIC_0056269,7.493957,7.388569
ISIC_0056271,3.4803653,6.4270706
ISIC_0056283,1.2547239,8.497809
ISIC_0056292,3.1951463,9.490782
ISIC_0056298,2.0462408,7.773385
ISIC_0056309,4.2775044,4.5225964
ISIC_0056319,10.192967,10.048508
ISIC_0056330,3.9700174,4.7239547
ISIC_0056337,6.608957,7.589453
ISIC_0056345,7.510982,5.968842
ISIC_0056347,3.3938556,6.6720877
ISIC_0056364,8.479413,6.9199905
ISIC_0056382,2.8142576,6.8533673
ISIC_0056389,2.5425093,9.0486145
ISIC_0056392,3.501952,5.511784
ISIC_0056401,3.635575,6.1672935
ISIC_0056403,4.9362283,5.115883
ISIC_0056413,5.8201637,8.094853
ISIC_0056415,10.266951,8.612528
ISIC_0056422,5.2598495,7.466269
ISIC_0056425,9.178014,9.471486
ISIC_0056428,0.96643686,8.562203
ISIC_0056446,7.171897,9.398146
ISIC_0056447,10.15403,9.579635
ISIC_0056448,10.573448,8.822289
ISIC_0056449,2.542017,5.8079247
ISIC_0056454,6.9966245,8.172367
ISIC_0056479,2.5443156,6.2064967
ISIC_0056481,1.8543583,9.882036
ISIC_0056483,5.5332937,10.713587
ISIC_0056487,9.379927,10.164596
ISIC_0056501,7.001098,10.30861
ISIC_0056511,10.711439,8.484084
ISIC_0056525,1.9009899,9.349437
ISIC_0056527,2.0945928,6.32095
ISIC_0056531,8.82688,7.675257
ISIC_0056546,4.113961,10.436138
ISIC_0056551,8.87493,11.308829
ISIC_0056554,7.506739,5.724631
ISIC_0056572,8.159329,6.5306897
ISIC_0056573,1.5527796,7.7934093
ISIC_0056601,3.689708,10.667386
ISIC_0056604,3.1032996,6.813047
ISIC_0056612,2.5821202,7.7099686
ISIC_0056614,5.7040977,10.949855
ISIC_0056625,6.72148,6.7087483
ISIC_0056626,3.3040984,7.404739
ISIC_0056632,5.955176,6.852869
ISIC_0056644,5.720723,6.981759
ISIC_0056652,6.7419887,7.320372
ISIC_0056655,8.7808695,10.179242
ISIC_0056659,5.091868,5.983455
ISIC_0056660,4.97524,4.279745
ISIC_0056676,6.678566,4.3885713
ISIC_0056677,8.958723,9.0177355
ISIC_0056680,2.5219083,6.064883
ISIC_0056683,9.573171,6.910196
ISIC_0056684,4.997784,6.099953
ISIC_0056688,4.246028,5.288603
ISIC_0056692,3.0579352,5.743652
ISIC_0056710,4.5459466,6.4839087
ISIC_0056717,3.2603118,6.07732
ISIC_0056719,3.9376757,5.223513
ISIC_0056723,2.5664058,8.626295
ISIC_0056725,6.2958417,6.567503
ISIC_0056728,1.6245537,4.259242
ISIC_0056729,4.2395983,10.6083145
ISIC_0056739,5.2676373,5.3396993
ISIC_0056740,1.4509964,8.345983
ISIC_0056749,10.2199135,9.359616
ISIC_0056750,4.564703,6.7393165
ISIC_0056751,5.8450513,6.125754
ISIC_0056753,5.4232,5.5279417
ISIC_0056770,7.3788595,8.049822
ISIC_0056788,8.294597,8.712803
ISIC_0056790,10.519894,9.733611
ISIC_0056796,6.852803,10.096204
ISIC_0056800,2.0629768,8.310341
ISIC_0056806,4.0512433,9.742776
ISIC_0056814,7.980871,8.861916
ISIC_0056816,0.9013136,9.095643
ISIC_0056817,7.0223427,6.8419805
ISIC_0056819,5.4912314,9.6798115
ISIC_0056820,10.628829,9.71309
ISIC_0056844,4.7655272,10.839167
ISIC_0056848,8.272951,6.237246
ISIC_0056849,4.157843,4.6546135
ISIC_0056851,2.6826081,6.453755
ISIC_0056860,3.8059528,6.187653
ISIC_0056863,8.629674,7.066132
ISIC_0056871,3.5506318,6.2488565
ISIC_0056876,6.1443586,4.4373865
ISIC_0056893,4.281472,10.481438
ISIC_0056900,5.066918,6.3299737
ISIC_0056901,7.086389,6.389264
ISIC_0056902,4.489002,8.431438
ISIC_0056915,1.9663548,6.5591326
ISIC_0056921,6.5208864,7.896824
ISIC_0056926,3.4347777,8.964169
ISIC_0056938,6.8206425,8.3366165
ISIC_0056940,10.831213,8.952058
ISIC_0056957,5.28845,6.159816
ISIC_0056967,1.458488,9.846381
ISIC_0056974,8.041911,4.3636975
ISIC_0056981,6.956268,10.723637
ISIC_0056984,5.771794,9.281261
ISIC_0056988,5.068762,11.045754
ISIC_0056991,5.828627,11.179523
ISIC_0057001,9.477395,9.663593
ISIC_0057003,1.8820775,10.199118
ISIC_0057015,7.3989496,10.283476
ISIC_0057016,8.759193,8.163877
ISIC_0057019,4.8575497,7.549722
ISIC_0057023,10.45754,9.504708
ISIC_0057025,7.2379937,5.6606307
ISIC_0057027,3.5186474,6.204426
ISIC_0057033,9.159675,7.3751354
ISIC_0057044,1.3319403,6.912716
ISIC_0057045,2.8782604,7.3470273
ISIC_0057048,4.925509,6.7491393
ISIC_0057067,2.5575664,5.515295
ISIC_0057083,5.4045787,4.893019
ISIC_0057089,7.5754704,9.251975
ISIC_0057113,7.7629867,5.4918923
ISIC_0057141,9.059468,9.097286
ISIC_0057147,6.0618906,7.821837
ISIC_0057148,7.742609,9.635973
ISIC_0057152,7.9080896,10.117219
ISIC_0057154,1.1743284,7.344975
ISIC_0057155,4.9125843,4.2646437
ISIC_0057164,3.35354,6.3671002
ISIC_0057169,9.669865,8.310855
ISIC_0057171,5.1774693,7.8990645
ISIC_0057172,1.9219247,7.61744
ISIC_0057188,7.1466722,9.871251
ISIC_0057192,7.812247,5.9727683
ISIC_0057199,2.4827921,9.938488
ISIC_0057204,8.560626,9.906916
ISIC_0057211,1.5578225,6.523523
ISIC_0057234,6.589088,9.036614
ISIC_0057235,9.764157,9.943906
ISIC_0057244,9.927202,10.455419
ISIC_0057252,4.0212765,10.49911
ISIC_0057257,6.9343357,5.661921
ISIC_0057286,2.0397766,6.973438
ISIC_0057302,1.2500138,8.400199
ISIC_0057306,9.134164,9.18206
ISIC_0057307,9.379527,10.477907
ISIC_0057313,4.5932436,4.5614724
ISIC_0057315,8.131307,6.526848
ISIC_0057317,4.460416,7.958807
ISIC_0057323,4.88762,7.129489
ISIC_0057324,1.9603155,6.7138295
ISIC_0057328,5.139697,6.326986
ISIC_0057331,3.2334907,4.47544
ISIC_0057338,5.6656137,6.6774874
ISIC_0057344,6.9825735,10.267434
ISIC_0057360,2.074318,8.660789
ISIC_0057362,8.091524,8.894748
ISIC_0057370,3.6839712,8.755312
ISIC_0057371,6.1411424,7.978587
ISIC_0057374,9.200866,8.883317
ISIC_0057390,4.431045,7.0049753
ISIC_0057395,5.7348547,9.176852
ISIC_0057397,7.029497,6.2492948
ISIC_0057406,3.4628417,5.6854773
ISIC_0057408,4.049499,10.252505
ISIC_0057412,8.651399,10.745928
ISIC_0057417,2.6395464,6.407992
ISIC_0057436,6.9669676,7.7979627
ISIC_0057450,4.0993237,5.6144137
ISIC_0057457,3.059633,7.7799644
ISIC_0057462,4.9927163,10.852015
ISIC_0057465,10.901258,9.193689
ISIC_0057482,10.203704,9.480579
ISIC_0057496,6.816535,10.625928
ISIC_0057518,2.5494583,8.033661
ISIC_0057531,10.58608,7.990307
ISIC_0057534,5.3198133,10.555844
ISIC_0057535,6.3202186,7.536206
ISIC_0057539,1.7357208,8.077135
ISIC_0057545,2.6513996,9.947212
ISIC_0057548,3.4706385,8.843238
ISIC_0057554,4.186789,8.312595
ISIC_0057556,3.0761945,10.029475
ISIC_0057557,7.0764847,9.040912
ISIC_0057558,3.6899657,7.5044136
ISIC_0057559,6.684081,10.495939
ISIC_0057577,6.1760097,7.2619753
ISIC_0057591,3.474817,10.45564
ISIC_0057593,10.378387,9.232395
ISIC_0057594,4.7097573,6.5499873
ISIC_0057609,9.767813,7.011226
ISIC_0057611,7.0895996,6.23554
ISIC_0057615,1.7470764,7.999763
ISIC_0057617,4.7033205,7.8734355
ISIC_0057619,4.803279,9.488323
ISIC_0057621,2.2614348,4.5660424
ISIC_0057634,5.781174,5.114282
ISIC_0057656,2.0658903,9.407885
ISIC_0057661,4.342041,5.5012636
ISIC_0057668,1.0857347,6.8630843
ISIC_0057672,1.6243768,7.670947
ISIC_0057685,5.9730253,5.3000703
ISIC_0057687,5.4986796,7.473033
ISIC_0057700,5.7050443,9.109009
ISIC_0057702,5.7245274,10.5860815
ISIC_0057716,9.432162,10.580509
ISIC_0057725,4.5981283,6.0216527
ISIC_0057731,7.7443132,8.841757
ISIC_0057734,4.854618,10.156784
ISIC_0057736,2.2993228,8.657068
ISIC_0057744,3.616499,9.548959
ISIC_0057747,7.5645022,7.8886647
ISIC_0057753,8.027503,10.95904
ISIC_0057759,7.480894,9.142937
ISIC_0057762,8.431272,10.077725
ISIC_0057769,9.806731,8.071148
ISIC_0057771,1.7217897,7.2058372
ISIC_0057782,9.1180725,7.5539584
ISIC_0057783,9.3723135,8.984386
ISIC_0057787,3.2765253,10.239124
ISIC_0057791,2.4788218,6.4732895
ISIC_0057808,4.195871,10.20763
ISIC_0057815,4.8488994,9.050298
ISIC_0057821,3.9006412,4.709976
ISIC_0057828,1.5107462,8.109606
ISIC_0057838,3.5810637,5.280389
ISIC_0057841,4.687177,8.586915
ISIC_0057844,5.062787,10.687032
ISIC_0057848,6.0801964,4.710671
ISIC_0057851,3.043277,6.0495253
ISIC_0057864,8.999776,9.203546
ISIC_0057870,3.5248919,6.1629877
ISIC_0057881,5.137736,4.978706
ISIC_0057891,9.503675,9.857239
ISIC_0057898,3.7164311,8.918836
ISIC_0057900,3.8319342,8.305254
ISIC_0057913,4.041232,4.5857553
ISIC_0057914,8.373956,9.861034
ISIC_0057921,2.9358609,10.53855
ISIC_0057936,2.232652,9.42601
ISIC_0057938,5.0159216,10.040412
ISIC_0057939,3.9023418,5.7948475
ISIC_0057947,1.9534109,4.341007
ISIC_0057949,7.7089167,6.5821977
ISIC_0057953,4.6294603,6.8853545
ISIC_0057960,3.706307,8.988331
ISIC_0057968,4.8180704,9.91567
ISIC_0057973,5.851946,3.8613365
ISIC_0057974,2.3729606,6.9313917
ISIC_0057976,8.10721,5.1653357
ISIC_0057978,5.831303,7.5431576
ISIC_0057980,8.47275,6.7518845
ISIC_0057996,5.4131336,5.8647046
ISIC_0057999,5.572215,10.532313
ISIC_0058000,4.336207,6.883172
ISIC_0058003,3.204708,5.9626327
ISIC_0058007,8.881956,7.811235
ISIC_0058010,2.6981866,10.263637
ISIC_0058015,3.9026928,9.164555
ISIC_0058016,4.166041,8.272526
ISIC_0058021,6.665104,5.0360913
ISIC_0058024,4.4338536,9.36785
ISIC_0058028,2.3999398,6.4656253
ISIC_0058033,2.2721395,7.7181
ISIC_0058040,8.823577,8.782206
ISIC_0058046,10.421273,9.351439
ISIC_0058047,6.882169,6.1831903
ISIC_0058050,3.3853836,10.349607
ISIC_0058059,6.832857,6.6431403
ISIC_0058075,5.751053,7.4177628
ISIC_0058081,8.366463,9.733033
ISIC_0058096,4.1168356,5.3532453
ISIC_0058097,2.6191995,9.047073
ISIC_0058098,4.303513,4.439138
ISIC_0058115,6.580639,6.6090884
ISIC_0058118,7.1666684,10.375527
ISIC_0058125,7.6365676,6.648462
ISIC_0058126,3.2209096,4.5179768
ISIC_0058127,3.4657028,7.2517753
ISIC_0058135,9.369404,9.183813
ISIC_0058136,5.65905,10.042878
ISIC_0058138,5.722273,7.5753527
ISIC_0058151,9.883662,7.3552322
ISIC_0058154,7.045849,6.257346
ISIC_0058164,3.3386893,9.936581
ISIC_0058168,3.9787652,9.095855
ISIC_0058170,7.3746247,5.573657
ISIC_0058173,4.055378,10.644728
ISIC_0058176,2.3687878,9.732662
ISIC_0058181,3.359678,7.738174
ISIC_0058204,6.2324004,6.949773
ISIC_0058206,9.055587,6.835975
ISIC_0058214,4.6470237,9.719817
ISIC_0058218,6.80214,6.621365
ISIC_0058229,10.578969,9.495521
ISIC_0058237,0.99549675,8.397854
ISIC_0058245,2.1555593,8.00238
ISIC_0058249,8.639178,9.214155
ISIC_0058255,7.635445,10.250896
ISIC_0058270,2.1087935,7.0124507
ISIC_0058281,1.182598,7.2456183
ISIC_0058282,10.770943,9.683836
ISIC_0058284,4.8664265,5.611903
ISIC_0058285,2.0187018,8.163638
ISIC_0058298,6.5063896,6.540902
ISIC_0058301,6.923852,6.1364574
ISIC_0058307,2.4589639,10.711554
ISIC_0058308,6.2371116,7.594894
ISIC_0058315,1.9954861,4.3809643
ISIC_0058319,4.236219,7.607493
ISIC_0058321,1.4493077,9.535478
ISIC_0058331,4.877237,9.359112
ISIC_0058332,3.1285417,8.973533
ISIC_0058334,3.0064113,5.9499316
ISIC_0058341,7.8985405,9.022784
ISIC_0058344,4.3325133,10.616049
ISIC_0058346,10.656473,8.137342
ISIC_0058354,8.712866,7.9221025
ISIC_0058368,4.4074683,6.020646
ISIC_0058376,3.787553,6.565085
ISIC_0058383,0.96523947,8.9883995
ISIC_0058391,1.7344016,8.31789
ISIC_0058399,9.903133,9.016269
ISIC_0058407,7.047155,5.8558407
ISIC_0058408,2.5137894,10.125377
ISIC_0058418,2.0356338,10.455518
ISIC_0058425,1.9015788,8.151774
ISIC_0058426,6.8692284,9.959534
ISIC_0058428,8.886647,9.167851
ISIC_0058432,2.60401,8.469931
ISIC_0058439,6.0084887,11.2386055
ISIC_0058457,3.7279832,4.8490815
ISIC_0058458,5.0545864,7.1458297
ISIC_0058475,10.128749,9.317696
ISIC_0058492,2.5354168,7.2007957
ISIC_0058496,2.1398873,8.069893
ISIC_0058501,4.267981,9.062411
ISIC_0058503,6.64091,6.171271
ISIC_0058504,9.047374,9.535922
ISIC_0058508,4.784153,5.299583
ISIC_0058513,3.882927,6.1872454
ISIC_0058526,4.0274353,10.238484
ISIC_0058528,3.2988803,7.455797
ISIC_0058544,6.9262047,10.150782
ISIC_0058548,4.241973,5.714438
ISIC_0058550,3.4736123,8.170356
ISIC_0058559,4.4709096,6.1569886
ISIC_0058569,0.843378,8.916642
ISIC_0058577,7.472832,8.737946
ISIC_0058580,5.8271437,8.177537
ISIC_0058597,9.83757,9.627563
ISIC_0058599,2.3481967,7.253111
ISIC_0058607,2.504426,9.854263
ISIC_0058612,4.3360634,9.205783
ISIC_0058617,7.7357063,9.769249
ISIC_0058621,4.822821,5.4609003
ISIC_0058625,8.935707,9.490192
ISIC_0058629,3.167358,4.831855
ISIC_0058630,7.9605093,4.308011
ISIC_0058643,4.067445,10.701367
ISIC_0058645,7.560895,9.963229
ISIC_0058648,4.3669167,4.9768343
ISIC_0058649,4.0161104,7.8476176
ISIC_0058655,7.9672565,4.291178
ISIC_0058658,2.3264732,8.879161
ISIC_0058663,1.9103199,7.476434
ISIC_0058666,2.0659184,7.6329374
ISIC_0058675,10.017815,9.9178915
ISIC_0058676,1.8357224,7.602365
ISIC_0058697,5.4498434,11.045709
ISIC_0058708,4.5664606,7.869298
ISIC_0058713,3.2869947,6.525675
ISIC_0058716,9.980603,7.4644485
ISIC_0058721,2.9461493,4.7508693
ISIC_0058723,6.1286387,10.020453
ISIC_0058732,7.9331775,5.1724844
ISIC_0058734,6.09871,10.024404
ISIC_0058743,5.289625,4.506156
ISIC_0058753,3.9512775,4.7718053
ISIC_0058757,5.2705836,8.525617
ISIC_0058763,4.5646696,9.356442
ISIC_0058768,2.4528413,8.165848
ISIC_0058770,2.8997219,5.486285
ISIC_0058773,8.674699,6.6879225
ISIC_0058781,6.746763,4.5908375
ISIC_0058786,1.6938932,6.779823
ISIC_0058790,9.011033,9.952095
ISIC_0058791,4.979114,7.0260115
ISIC_0058792,8.9947,6.8548594
ISIC_0058794,8.718555,7.182927
ISIC_0058798,4.479752,4.649026
ISIC_0058807,4.061965,10.284287
ISIC_0058818,5.7857976,8.969707
ISIC_0058836,4.218875,10.285798
ISIC_0058838,1.6207886,8.247189
ISIC_0058840,4.2691545,8.999982
ISIC_0058851,7.7229476,9.663084
ISIC_0058858,4.4997864,9.49558
ISIC_0058862,3.0382311,7.350181
ISIC_0058863,8.125693,7.4405594
ISIC_0058866,3.656779,4.89504
ISIC_0058875,8.42648,10.454882
ISIC_0058877,6.1958385,8.678748
ISIC_0058880,9.189566,9.087488
ISIC_0058881,3.6131506,4.8862658
ISIC_0058887,8.647831,11.436088
ISIC_0058918,5.4553814,5.6307344
ISIC_0058926,9.663747,8.310173
ISIC_0058931,7.823921,5.889321
ISIC_0058947,7.2313232,8.679826
ISIC_0058957,10.044489,6.921236
ISIC_0058959,10.280901,9.88857
ISIC_0059005,9.346825,9.543327
ISIC_0059023,3.7369497,5.325287
ISIC_0059026,5.378463,5.785257
ISIC_0059027,3.241236,6.2203145
ISIC_0059029,4.8628006,7.685924
ISIC_0059037,3.2528408,8.967143
ISIC_0059042,7.041285,7.0723486
ISIC_0059052,6.6973205,10.750627
ISIC_0059065,5.175193,6.6632495
ISIC_0059066,10.425259,9.983049
ISIC_0059074,7.989532,6.5187173
ISIC_0059076,0.79953396,9.0837555
ISIC_0059077,6.061176,4.4214272
ISIC_0059079,4.1349163,7.0713835
ISIC_0059082,2.9369419,5.8247375
ISIC_0059085,7.6916914,7.026339
ISIC_0059089,2.5956173,7.587118
ISIC_0059090,8.890458,7.7466598
ISIC_0059092,5.0193844,10.2692
ISIC_0059093,4.0734897,8.895114
ISIC_0059103,2.760064,9.916081
ISIC_0059104,3.9491036,4.485051
ISIC_0059123,5.9886394,8.475874
ISIC_0059137,7.5532627,7.832313
ISIC_0059138,3.127631,4.8812976
ISIC_0059140,5.3242106,8.298232
ISIC_0059141,3.6172154,9.338463
ISIC_0059147,4.49561,5.044431
ISIC_0059148,6.412601,7.674421
ISIC_0059160,9.59499,8.792127
ISIC_0059165,5.873485,10.679659
ISIC_0059169,7.29097,7.2913465
ISIC_0059170,6.506778,9.475551
ISIC_0059171,5.624121,8.840617
ISIC_0059178,1.2301242,9.559719
ISIC_0059188,1.9340107,9.997617
ISIC_0059202,6.2985725,9.041379
ISIC_0059209,9.778811,9.244773
ISIC_0059219,6.443695,8.976223
ISIC_0059232,7.381239,6.0356684
ISIC_0059237,7.804063,9.394685
ISIC_0059253,10.430289,8.543662
ISIC_0059264,4.335278,7.7523236
ISIC_0059269,1.6307489,9.275995
ISIC_0059270,6.0616875,5.037595
ISIC_0059272,1.0669866,8.080264
ISIC_0059273,5.6463,4.726606
ISIC_0059284,7.3074026,7.589596
ISIC_0059294,9.523473,9.684756
ISIC_0059313,2.3366017,4.5061173
ISIC_0059314,9.163894,7.6853886
ISIC_0059315,4.5387807,10.224109
ISIC_0059316,1.1538408,7.554782
ISIC_0059318,5.9309816,10.614419
ISIC_0059325,8.513534,6.8328114
ISIC_0059330,4.6706996,9.250789
ISIC_0059336,4.5394735,5.2100105
ISIC_0059343,10.139549,8.919519
ISIC_0059345,4.6092467,9.220922
ISIC_0059346,8.9181595,6.6760035
ISIC_0059349,5.447203,10.092361
ISIC_0059350,10.857861,9.080932
ISIC_0059353,9.744925,7.547095
ISIC_0059361,7.6309085,10.308956
ISIC_0059369,7.606986,10.421304
ISIC_0059375,7.9092407,6.049359
ISIC_0059382,7.900715,4.270932
ISIC_0059386,5.125072,5.311435
ISIC_0059387,5.356673,6.899165
ISIC_0059398,4.870222,10.966343
ISIC_0059411,0.7698548,8.828939
ISIC_0059415,8.836,8.444854
ISIC_0059420,3.7610373,4.4602833
ISIC_0059421,6.721229,9.874677
ISIC_0059423,9.611434,10.103145
ISIC_0059424,2.7156243,6.629613
ISIC_0059435,4.6201205,8.310507
ISIC_0059444,9.158766,8.5879
ISIC_0059446,8.159858,10.11051
ISIC_0059450,7.1087837,4.8946366
ISIC_0059473,8.823269,9.661773
ISIC_0059478,5.0273,7.676297
ISIC_0059482,5.9814205,7.4916778
ISIC_0059486,4.0943565,4.7207603
ISIC_0059493,5.861284,3.8451135
ISIC_0059506,8.116545,7.028641
ISIC_0059511,6.9182076,10.239249
ISIC_0059512,9.105403,10.024817
ISIC_0059521,0.93505454,7.978497
ISIC_0059523,7.615689,7.1200957
ISIC_0059525,10.443645,9.159396
ISIC_0059538,9.980002,7.3795815
ISIC_0059541,5.0845656,5.9317417
ISIC_0059547,7.0011363,6.2529807
ISIC_0059551,6.4912577,8.271503
ISIC_0059554,5.9116063,6.1689115
ISIC_0059568,5.6109824,9.999172
ISIC_0059569,7.1848984,10.238892
ISIC_0059593,10.497516,8.043002
ISIC_0059595,8.569512,9.951352
ISIC_0059597,6.9438367,8.43806
ISIC_0059601,8.272306,8.112545
ISIC_0059605,2.947137,7.104353
ISIC_0059608,6.2780347,10.663409
ISIC_0059611,5.240144,5.3859477
ISIC_0059628,4.4248385,9.602193
ISIC_0059631,6.024259,4.8009844
ISIC_0059632,2.4482257,10.170467
ISIC_0059646,1.9706713,4.296997
ISIC_0059668,4.6481986,10.278723
ISIC_0059669,1.78164,8.111988
ISIC_0059671,1.5271809,9.023068
ISIC_0059686,3.817292,9.282627
ISIC_0059703,10.849232,9.446156
ISIC_0059707,5.8715205,4.811259
ISIC_0059708,8.263748,6.3513985
ISIC_0059738,4.489444,6.4770145
ISIC_0059739,4.362237,4.6773214
ISIC_0059747,4.500656,7.5863853
ISIC_0059750,6.5145273,7.3278785
ISIC_0059757,9.061468,8.972025
ISIC_0059763,3.256184,8.240913
ISIC_0059764,2.59711,5.795724
ISIC_0059768,3.3263824,6.9875417
ISIC_0059770,2.8461764,10.053509
ISIC_0059773,8.451043,8.852248
ISIC_0059774,7.237606,7.0357537
ISIC_0059777,9.40908,8.728416
ISIC_0059785,9.728585,7.1873727
ISIC_0059786,9.796594,8.597763
ISIC_0059794,2.077176,9.734568
ISIC_0059804,2.2638347,10.133943
ISIC_0059808,5.193384,6.145095
ISIC_0059809,7.212834,11.279181
ISIC_0059810,2.5562942,10.001104
ISIC_0059814,6.9719496,6.610405
ISIC_0059816,3.3670561,6.6645603
ISIC_0059830,8.057263,4.452775
ISIC_0059832,4.144418,10.769288
ISIC_0059838,3.3402567,6.4798346
ISIC_0059840,2.710068,8.902447
ISIC_0059855,2.7025151,8.861895
ISIC_0059859,8.789394,7.9458733
ISIC_0059866,2.8001027,9.922525
ISIC_0059869,8.679923,7.287102
ISIC_0059879,10.046661,10.185231
ISIC_0059881,5.5302386,6.540289
ISIC_0059884,6.621639,4.4503264
ISIC_0059890,9.910073,9.325392
ISIC_0059891,5.7879157,9.356437
ISIC_0059892,7.278599,6.114915
ISIC_0059897,5.6217976,7.975906
ISIC_0059904,5.3708787,8.692044
ISIC_0059905,6.135541,4.3251047
ISIC_0059919,1.4672718,6.6458488
ISIC_0059941,2.9344246,7.324991
ISIC_0059948,2.6713076,9.892149
ISIC_0059957,9.133198,9.130312
ISIC_0059958,2.9969711,7.972394
ISIC_0059974,6.62858,9.39192
ISIC_0059978,2.6756308,7.8511486
ISIC_0059987,6.077065,7.5147696
ISIC_0059992,6.383208,5.90442
ISIC_0060015,6.6258745,9.9259815
ISIC_0060022,6.1773696,6.206964
ISIC_0060032,6.502762,7.7417912
ISIC_0060033,5.894523,11.101729
ISIC_0060094,1.8179797,8.058834
ISIC_0060096,4.9833755,4.193523
ISIC_0060099,2.4862773,9.743349
ISIC_0060104,7.0151525,9.614433
ISIC_0060114,5.3486176,9.14629
ISIC_0060118,3.6716702,8.85125
ISIC_0060140,5.2607102,4.5459867
ISIC_0060143,7.9684253,5.1793633
ISIC_0060147,8.72395,6.9107814
ISIC_0060150,8.53277,6.9510508
ISIC_0060153,9.149748,8.162475
ISIC_0060154,9.030017,7.7548704
ISIC_0060155,4.4385715,6.4552364
ISIC_0060159,4.9821324,10.309125
ISIC_0060181,2.6909807,6.3410125
ISIC_0060194,2.8730783,5.753266
ISIC_0060197,6.1042166,6.0054746
ISIC_0060201,3.9475424,4.85544
ISIC_0060212,3.095626,8.055244
ISIC_0060216,10.148428,9.282201
ISIC_0060218,3.1280541,9.178702
ISIC_0060219,5.88619,8.780302
ISIC_0060222,4.2465434,9.447464
ISIC_0060224,6.0801835,7.133402
ISIC_0060233,10.349243,10.02192
ISIC_0060238,2.4058208,7.973685
ISIC_0060239,6.663722,11.051699
ISIC_0060244,2.4872165,7.991637
ISIC_0060248,4.370022,9.610899
ISIC_0060266,1.506403,7.9646626
ISIC_0060270,1.1925896,8.951628
ISIC_0060281,9.7293005,9.74369
ISIC_0060297,2.571225,9.628243
ISIC_0060307,6.595048,5.41288
ISIC_0060308,4.366069,8.530903
ISIC_0060313,5.944886,6.791671
ISIC_0060315,1.2898974,9.07953
ISIC_0060326,1.3366613,8.032323
ISIC_0060340,4.496938,4.850938
ISIC_0060341,5.210194,8.706964
ISIC_0060342,6.462173,8.334771
ISIC_0060355,2.728103,9.869058
ISIC_0060367,3.181691,4.5120945
ISIC_0060376,5.4179688,4.824148
ISIC_0060377,4.5506516,7.159997
ISIC_0060380,2.9634488,7.7665267
ISIC_0060386,4.7272086,9.164767
ISIC_0060393,5.2134585,6.8917136
ISIC_0060397,3.4730222,7.5173078
ISIC_0060399,6.2073083,4.479904
ISIC_0060403,9.74069,8.300899
ISIC_0060428,8.458311,10.470353
ISIC_0060446,1.9681208,7.9634843
ISIC_0060456,10.238415,9.561753
ISIC_0060459,2.269663,10.266601
ISIC_0060465,5.1325326,9.278309
ISIC_0060487,7.3346725,6.0020003
ISIC_0060495,7.676418,8.712704
ISIC_0060507,3.3924444,8.70582
ISIC_0060508,10.867517,9.041312
ISIC_0060510,8.13651,7.2881107
ISIC_0060511,9.209574,8.763987
ISIC_0060525,9.423822,9.711116
ISIC_0060526,6.1804633,7.8652973
ISIC_0060528,8.303767,6.9644094
ISIC_0060537,2.9316103,6.85693
ISIC_0060538,7.2536983,8.277304
ISIC_0060548,6.5690136,7.670696
ISIC_0060555,1.7970874,7.858635
ISIC_0060556,1.468031,9.676884
ISIC_0060559,5.082169,8.497854
ISIC_0060577,2.750915,7.6300106
ISIC_0060583,4.9574223,6.7250395
ISIC_0060585,3.2072937,9.410191
ISIC_0060586,4.8464146,4.490952
ISIC_0060589,7.2389855,6.7117605
ISIC_0060597,3.1230285,7.2708707
ISIC_0060610,7.924663,9.174048
ISIC_0060616,9.683637,8.276167
ISIC_0060624,5.605019,7.6817365
ISIC_0060629,8.560762,9.330732
ISIC_0060630,4.4418845,7.1547933
ISIC_0060654,6.677116,4.4742227
ISIC_0060660,10.203114,9.783511
ISIC_0060665,6.0250006,9.242204
ISIC_0060671,3.7569695,9.2364645
ISIC_0060672,6.240006,6.425099
ISIC_0060676,1.9689932,6.554839
ISIC_0060679,9.440544,10.04739
ISIC_0060681,4.3719354,10.046923
ISIC_0060693,5.4574795,6.7177176
ISIC_0060698,3.8856077,6.2806897
ISIC_0060700,8.9645195,9.117447
ISIC_0060713,6.265301,6.2731276
ISIC_0060717,3.2224214,7.3556933
ISIC_0060718,4.4625196,8.642112
ISIC_0060727,5.8557405,5.684679
ISIC_0060728,8.946073,10.466443
ISIC_0060736,1.8181154,8.353806
ISIC_0060741,10.795289,8.949226
ISIC_0060744,9.942618,9.565844
ISIC_0060751,4.717139,9.267168
ISIC_0060752,4.596838,5.6708875
ISIC_0060760,9.527071,9.398901
ISIC_0060764,6.415935,9.124228
ISIC_0060773,2.1537185,7.3442016
ISIC_0060795,8.107316,7.3763685
ISIC_0060799,9.740275,8.048161
ISIC_0060827,2.018123,4.392337
ISIC_0060829,3.7663887,4.6377945
ISIC_0060832,2.683508,9.698027
ISIC_0060834,2.4538648,4.725928
ISIC_0060836,1.7045386,8.655869
ISIC_0060845,3.0449383,8.611141
ISIC_0060873,2.2594483,7.712618
ISIC_0060883,1.9386778,4.3228335
ISIC_0060886,1.0655036,6.9971557
ISIC_0060892,10.101262,9.978803
ISIC_0060893,7.0592475,6.1089
ISIC_0060897,5.3707633,7.0763454
ISIC_0060898,1.5335517,7.764884
ISIC_0060911,3.4623597,8.109444
ISIC_0060916,7.1113853,6.2303023
ISIC_0060934,7.5996275,4.475216
ISIC_0060936,6.156466,9.435362
ISIC_0060937,10.778311,9.507592
ISIC_0060946,4.647851,6.363245
ISIC_0060949,9.509297,10.362473
ISIC_0060955,2.83531,7.704573
ISIC_0060965,7.6372113,5.7802052
ISIC_0060967,8.66592,11.432971
ISIC_0060968,6.1374764,10.944571
ISIC_0060969,2.4873617,8.295166
ISIC_0060971,7.6366367,5.777825
ISIC_0060972,0.7885977,8.882174
ISIC_0060978,9.000705,9.443539
ISIC_0060979,8.619671,11.460389
ISIC_0060994,2.9796016,9.852791
ISIC_0060999,6.3946686,10.669616
ISIC_0061001,1.6673449,6.492534
ISIC_0061002,8.667861,11.39627
ISIC_0061003,8.221531,7.538331
ISIC_0061006,6.8906646,9.850069
ISIC_0061008,0.6771041,8.992707
ISIC_0061011,3.328408,6.8479958
ISIC_0061021,4.9374876,4.3173347
ISIC_0061025,6.1043186,5.4092894
ISIC_0061029,5.8079414,5.0738173
ISIC_0061031,6.436329,6.671539
ISIC_0061032,2.0831509,7.784781
ISIC_0061034,5.635551,7.2919507
ISIC_0061045,5.2533693,9.705523
ISIC_0061049,2.9223561,10.333358
ISIC_0061052,9.453986,9.471113
ISIC_0061060,4.7802787,8.436264
ISIC_0061066,2.1043005,9.841615
ISIC_0061067,10.702097,8.875926
ISIC_0061070,6.1241007,8.400055
ISIC_0061075,2.315338,10.015934
ISIC_0061077,8.812235,10.263408
ISIC_0061078,5.9165664,3.8821707
ISIC_0061079,5.9310517,6.7327013
ISIC_0061085,9.1913395,7.359645
ISIC_0061104,3.7058613,8.974869
ISIC_0061108,5.5699854,11.01685
ISIC_0061112,4.489974,4.808187
ISIC_0061131,5.371521,10.850332
ISIC_0061141,5.687074,11.114419
ISIC_0061152,3.3573997,10.081817
ISIC_0061155,10.688036,8.744708
ISIC_0061158,10.599028,9.870995
ISIC_0061159,3.6229115,7.659378
ISIC_0061166,8.183389,6.283366
ISIC_0061183,7.6886897,6.7686276
ISIC_0061185,2.9892662,7.195962
ISIC_0061188,2.4779513,7.261887
ISIC_0061189,6.742313,8.58256
ISIC_0061191,2.1679907,9.315707
ISIC_0061194,6.6486597,4.699599
ISIC_0061195,2.7234406,8.805121
ISIC_0061200,8.152323,6.747356
ISIC_0061224,9.990707,7.322668
ISIC_0061231,2.9048076,10.01887
ISIC_0061244,8.758,10.29005
ISIC_0061250,8.644493,11.5231
ISIC_0061252,4.571377,9.757532
ISIC_0061257,1.4450151,6.6505003
ISIC_0061261,5.335809,6.729667
ISIC_0061279,3.093125,4.6744833
ISIC_0061281,5.602607,10.028387
ISIC_0061297,3.2163801,6.0267434
ISIC_0061300,9.55693,8.6375475
ISIC_0061315,8.646543,8.016791
ISIC_0061320,1.9762318,6.6528807
ISIC_0061323,8.416587,8.630787
ISIC_0061333,10.923122,9.080686
ISIC_0061334,8.193663,8.99779
ISIC_0061336,3.6225646,9.3591175
ISIC_0061345,4.347197,4.833636
ISIC_0061355,7.208558,6.9837294
ISIC_0061359,5.2354813,7.0675383
ISIC_0061362,2.2114487,4.604993
ISIC_0061366,3.9899902,10.548262
ISIC_0061369,10.308162,8.78019
ISIC_0061371,5.2411895,5.6053023
ISIC_0061377,2.7493262,6.280897
ISIC_0061380,1.3620629,6.5153017
ISIC_0061382,1.2180101,9.6689
ISIC_0061393,7.3879647,6.053941
ISIC_0061407,0.78253496,9.270485
ISIC_0061411,7.3010817,5.803662
ISIC_0061418,3.6168406,9.342036
ISIC_0061424,7.93727,6.222071
ISIC_0061432,3.6413698,7.9023237
ISIC_0061434,1.4587287,9.617102
ISIC_0061441,3.3134916,8.344863
ISIC_0061446,1.1666666,8.7646885
ISIC_0061447,7.7138767,12.360077
ISIC_0061448,3.199211,4.75139
ISIC_0061454,7.697697,5.8410897
ISIC_0061463,2.535237,6.350248
ISIC_0061466,4.762655,10.860064
ISIC_0061469,7.363167,5.6884327
ISIC_0061475,2.740717,7.8553705
ISIC_0061479,4.795401,4.7551074
ISIC_0061485,3.2360284,9.231905
ISIC_0061491,2.722588,5.962384
ISIC_0061494,5.206431,6.326071
ISIC_0061496,6.7750688,7.1621103
ISIC_0061502,7.2573714,8.77051
ISIC_0061508,7.1162987,8.646893
ISIC_0061516,4.814281,5.2624288
ISIC_0061518,10.336851,9.58437
ISIC_0061520,3.7532945,6.166419
ISIC_0061529,7.352088,7.6988277
ISIC_0061532,4.1053905,5.028405
ISIC_0061533,8.645726,10.99924
ISIC_0061547,7.654409,7.115231
ISIC_0061549,5.4499316,9.245704
ISIC_0061553,4.384175,6.6539803
ISIC_0061554,6.4956317,7.9015074
ISIC_0061556,3.8329926,7.3535714
ISIC_0061559,6.0302706,7.86812
ISIC_0061566,9.980984,7.840941
ISIC_0061568,2.7590854,7.635914
ISIC_0061573,3.8078182,9.51397
ISIC_0061575,7.791077,9.687761
ISIC_0061580,6.5662394,9.019029
ISIC_0061581,6.196651,9.285768
ISIC_0061583,7.4734635,9.661474
ISIC_0061585,10.591554,9.415338
ISIC_0061592,6.14205,5.196116
ISIC_0061595,1.2328113,9.534859
ISIC_0061608,5.7502065,7.531714
ISIC_0061619,10.259056,7.534283
ISIC_0061623,1.1993798,9.47132
ISIC_0061624,4.8302784,9.431335
ISIC_0061625,6.7343197,5.2326646
ISIC_0061629,8.730139,10.348486
ISIC_0061630,3.2049456,6.374854
ISIC_0061633,6.126659,7.1097565
ISIC_0061644,3.2720358,4.7444143
ISIC_0061656,4.9196796,9.86693
ISIC_0061660,1.0301532,9.706758
ISIC_0061664,1.4294937,6.6962595
ISIC_0061670,4.328574,6.0774
ISIC_0061680,3.547184,9.269014
ISIC_0061684,3.1602845,9.060968
ISIC_0061685,8.506801,7.835751
ISIC_0061699,2.497579,5.8371873
ISIC_0061701,4.9323583,5.827592
ISIC_0061705,6.957483,9.937937
ISIC_0061710,2.3619375,6.9099627
ISIC_0061713,0.8521896,9.307822
ISIC_0061715,3.5514598,5.580139
ISIC_0061735,10.710498,8.804929
ISIC_0061741,1.8587136,9.202423
ISIC_0061756,1.7326713,7.706287
ISIC_0061761,5.78749,6.4324713
ISIC_0061770,1.7632276,7.804386
ISIC_0061773,5.742106,9.945892
ISIC_0061775,6.8990736,11.268113
ISIC_0061782,9.58863,9.901228
ISIC_0061798,7.1937985,6.0768914
ISIC_0061799,4.290152,4.6218996
ISIC_0061812,9.39218,9.10999
ISIC_0061829,4.388979,8.145202
ISIC_0061831,3.2362618,9.749077
ISIC_0061833,8.526534,8.130144
ISIC_0061848,1.1016494,8.828182
ISIC_0061870,2.6762784,10.129412
ISIC_0061880,10.79254,9.1322775
ISIC_0061884,10.599695,7.8227797
ISIC_0061885,8.198265,8.397263
ISIC_0061886,9.195988,9.110377
ISIC_0061890,6.300248,7.3887343
ISIC_0061894,3.9529033,5.231061
ISIC_0061895,1.9304615,8.266892
ISIC_0061900,2.2697976,6.88827
ISIC_0061911,1.0741518,8.7822275
ISIC_0061912,5.442594,7.9704394
ISIC_0061915,3.4680295,5.1161537
ISIC_0061916,6.738989,8.450691
ISIC_0061918,2.1307926,9.138296
ISIC_0061922,2.710827,9.865062
ISIC_0061926,10.389045,9.743246
ISIC_0061928,4.1140127,5.472031
ISIC_0061944,4.11423,8.566232
ISIC_0061945,9.594908,7.150961
ISIC_0061950,2.162241,6.4174337
ISIC_0061953,2.5446348,9.007929
ISIC_0061954,1.0033325,9.420654
ISIC_0061969,6.001799,7.1157436
ISIC_0061971,5.9226193,6.0395207
ISIC_0061982,6.90073,6.5018067
ISIC_0062000,2.343718,10.227532
ISIC_0062005,5.9507093,9.350823
ISIC_0062010,8.581838,7.3607464
ISIC_0062016,7.917826,5.105701
ISIC_0062031,2.381301,4.6733623
ISIC_0062042,3.7260904,10.713598
ISIC_0062063,5.5653253,9.405197
ISIC_0062064,8.99579,8.817604
ISIC_0062077,10.398942,9.142357
ISIC_0062084,3.9792564,9.807133
ISIC_0062099,1.6245906,9.471301
ISIC_0062102,2.6219246,4.7340965
ISIC_0062103,9.095995,7.483821
ISIC_0062111,5.4911523,8.412359
ISIC_0062112,2.085002,9.551312
ISIC_0062114,3.1472342,9.641726
ISIC_0062122,8.257381,6.2122655
ISIC_0062125,7.0926967,5.174495
ISIC_0062133,3.8425064,5.99351
ISIC_0062138,2.2944248,7.554111
ISIC_0062149,7.671649,6.7309737
ISIC_0062152,6.431997,7.118101
ISIC_0062154,6.3199267,7.2277994
ISIC_0062155,5.1798587,7.7302566
ISIC_0062158,8.998039,10.202536
ISIC_0062160,2.9372323,9.878576
ISIC_0062161,8.533182,10.402177
ISIC_0062162,6.9258347,6.4099655
ISIC_0062163,4.746798,7.5398564
ISIC_0062171,3.1285887,10.136968
ISIC_0062176,2.0910268,8.825415
ISIC_0062183,9.936788,9.625155
ISIC_0062203,8.566785,6.657243
ISIC_0062206,7.533266,7.778223
ISIC_0062208,4.170645,7.9664464
ISIC_0062211,2.8074524,6.2607493
ISIC_0062213,7.136643,11.276499
ISIC_0062220,4.819568,5.747846
ISIC_0062235,9.512054,8.028023
ISIC_0062239,1.0168896,9.445654
ISIC_0062241,8.719359,7.835833
ISIC_0062242,6.5965395,5.884648
ISIC_0062248,3.2781587,9.5035925
ISIC_0062251,9.619881,9.168466
ISIC_0062256,9.2209425,9.824134
ISIC_0062260,4.3280373,5.075524
ISIC_0062266,2.2870162,6.016006
ISIC_0062269,7.5221896,11.165313
ISIC_0062273,4.5730333,8.424994
ISIC_0062280,7.4602065,7.4705954
ISIC_0062286,8.684552,10.88204
ISIC_0062296,3.8622003,9.100823
ISIC_0062298,2.0511725,10.40812
ISIC_0062301,4.282216,10.716885
ISIC_0062318,0.9646605,9.350369
ISIC_0062323,2.0951385,10.023328
ISIC_0062325,3.015119,5.8809185
ISIC_0062340,1.7748561,6.5123444
ISIC_0062350,6.7579618,9.73404
ISIC_0062359,5.5820546,5.4871674
ISIC_0062381,8.200698,8.605125
ISIC_0062382,7.7931333,7.840017
ISIC_0062389,9.375394,9.7400255
ISIC_0062401,1.3342516,9.315092
ISIC_0062407,7.3860173,10.903269
ISIC_0062423,3.8991663,4.400855
ISIC_0062425,4.3067164,8.36251
ISIC_0062434,6.8269167,6.515142
ISIC_0062447,7.6270547,4.974343
ISIC_0062453,7.179816,10.010639
ISIC_0062454,4.437053,4.6006536
ISIC_0062457,1.7246436,7.503568
ISIC_0062458,10.427729,8.792115
ISIC_0062463,2.0044522,8.310548
ISIC_0062468,3.6858552,8.6225395
ISIC_0062471,6.914785,5.9346747
ISIC_0062474,4.022216,10.569364
ISIC_0062477,2.624104,10.16633
ISIC_0062478,3.6935558,5.848679
ISIC_0062481,10.688588,9.472651
ISIC_0062497,6.5298395,8.52033
ISIC_0062505,2.3469536,8.145952
ISIC_0062509,4.8216534,9.933087
ISIC_0062515,2.8824751,7.03807
ISIC_0062517,3.9406934,7.8871374
ISIC_0062523,7.5106893,7.8263445
ISIC_0062524,9.602244,7.0911674
ISIC_0062525,4.9156213,9.3114395
ISIC_0062530,6.381955,10.513745
ISIC_0062531,5.29405,7.430362
ISIC_0062536,6.954188,6.256741
ISIC_0062539,3.3291576,6.0545406
ISIC_0062547,3.75066,8.548596
ISIC_0062551,3.9957337,10.5905285
ISIC_0062559,7.7679687,10.171121
ISIC_0062562,7.414621,10.013591
ISIC_0062589,5.5739603,5.792749
ISIC_0062596,1.8561333,8.192204
ISIC_0062602,6.0776887,6.073383
ISIC_0062606,5.5814605,7.3991184
ISIC_0062626,2.2671304,8.336658
ISIC_0062628,2.4233387,9.307794
ISIC_0062632,4.590343,6.012506
ISIC_0062633,6.15537,4.3983674
ISIC_0062636,8.5012045,7.820533
ISIC_0062639,5.2552695,11.185279
ISIC_0062642,7.2888308,9.3606415
ISIC_0062649,3.2622666,9.320162
ISIC_0062674,1.7969706,6.7852454
ISIC_0062681,6.415529,5.527291
ISIC_0062684,4.5489063,6.0372415
ISIC_0062688,4.1138897,7.3864336
ISIC_0062690,2.2854326,7.228103
ISIC_0062700,4.2250543,8.562954
ISIC_0062702,9.394033,9.356505
ISIC_0062708,2.533944,6.6110044
ISIC_0062709,9.833854,9.24567
ISIC_0062712,9.138905,10.1035
ISIC_0062716,2.2986684,6.501726
ISIC_0062721,2.5295777,6.546953
ISIC_0062723,1.7881321,8.905945
ISIC_0062724,5.8150334,7.5725675
ISIC_0062734,9.530945,9.617471
ISIC_0062736,6.507614,6.596246
ISIC_0062762,9.070781,9.066164
ISIC_0062765,3.357728,9.628057
ISIC_0062770,6.8520617,9.523197
ISIC_0062780,7.2324724,7.237153
ISIC_0062792,5.2066965,7.10286
ISIC_0062806,7.3178015,5.2385335
ISIC_0062809,7.16099,5.4796877
ISIC_0062816,8.936182,10.568664
ISIC_0062821,7.768263,6.62346
ISIC_0062827,4.0520196,10.758855
ISIC_0062832,2.1763906,8.313462
ISIC_0062841,5.1955767,8.180856
ISIC_0062844,3.535696,8.071972
ISIC_0062869,7.883144,9.80551
ISIC_0062879,8.079377,5.3793797
ISIC_0062891,11.017681,9.342284
ISIC_0062912,9.815133,10.514996
ISIC_0062922,5.463114,7.7061505
ISIC_0062925,4.2203393,9.016004
ISIC_0062935,2.0538638,8.478519
ISIC_0062944,4.0691586,10.403913
ISIC_0062948,4.9938006,5.8138413
ISIC_0062952,8.948646,9.765436
ISIC_0062954,1.0166764,8.502179
ISIC_0062957,7.748753,12.460683
ISIC_0062970,3.239727,10.140613
ISIC_0062978,7.413365,6.344663
ISIC_0062983,5.268423,6.575554
ISIC_0062985,1.4839208,6.9504266
ISIC_0062991,10.835614,9.670893
ISIC_0062992,5.3921146,8.544919
ISIC_0062994,6.3277717,7.7114606
ISIC_0062998,4.356997,5.412351
ISIC_0063018,4.748915,10.8587885
ISIC_0063026,8.097968,8.121438
ISIC_0063027,7.6471987,9.746034
ISIC_0063032,1.9018267,6.8683176
ISIC_0063046,5.1938357,4.9730463
ISIC_0063056,2.3085556,9.195731
ISIC_0063058,8.215163,8.093113
ISIC_0063060,6.094179,8.079714
ISIC_0063070,6.058123,6.966426
ISIC_0063072,1.2135686,6.7635083
ISIC_0063077,10.637777,9.217599
ISIC_0063081,10.606341,9.165024
ISIC_0063087,7.777737,6.2209406
ISIC_0063102,5.5549574,9.195363
ISIC_0063103,10.2715025,9.106883
ISIC_0063109,6.8184295,4.953386
ISIC_0063114,2.1635165,8.240143
ISIC_0063124,5.506807,9.891636
ISIC_0063125,7.3917828,5.04999
ISIC_0063130,6.414824,7.2557497
ISIC_0063131,8.17166,7.873495
ISIC_0063143,1.9053609,8.693251
ISIC_0063148,1.6776985,7.8010445
ISIC_0063151,5.0023966,8.00551
ISIC_0063168,3.2933989,10.574358
ISIC_0063169,4.441228,9.785645
ISIC_0063172,9.302564,9.993497
ISIC_0063174,5.779141,8.855473
ISIC_0063180,8.203887,10.034842
ISIC_0063181,10.067447,9.30875
ISIC_0063182,10.224687,9.116116
ISIC_0063190,6.8071117,10.480432
ISIC_0063191,8.553658,8.167546
ISIC_0063198,3.0170786,7.116497
ISIC_0063202,5.863094,10.576322
ISIC_0063207,4.7261605,7.7296796
ISIC_0063216,4.9144106,7.278339
ISIC_0063222,8.150744,8.276517
ISIC_0063225,7.131373,8.919624
ISIC_0063228,6.433249,6.945207
ISIC_0063233,7.9755936,6.4813733
ISIC_0063234,8.069394,7.4926085
ISIC_0063240,6.0253677,10.442705
ISIC_0063241,7.498574,9.766624
ISIC_0063258,6.9458823,4.651088
ISIC_0063264,2.0590258,8.455487
ISIC_0063266,6.3158,5.519493
ISIC_0063268,4.1753445,9.884942
ISIC_0063271,3.3767622,8.581992
ISIC_0063288,6.786185,7.5765634
ISIC_0063292,3.718134,10.354187
ISIC_0063300,4.9284263,6.253386
ISIC_0063302,0.7210629,9.187202
ISIC_0063305,3.271568,4.682744
ISIC_0063318,2.0405931,8.123689
ISIC_0063334,4.593443,7.9330506
ISIC_0063345,5.8529377,5.628967
ISIC_0063349,3.7234194,9.115309
ISIC_0063360,3.3806512,4.645596
ISIC_0063362,10.0205965,9.982711
ISIC_0063369,7.4497,6.395704
ISIC_0063373,3.8476262,6.5423784
ISIC_0063392,6.449014,6.972738
ISIC_0063394,6.50647,7.040948
ISIC_0063410,1.960516,6.7501607
ISIC_0063414,9.876725,8.11217
ISIC_0063425,8.771746,10.284634
ISIC_0063437,7.743342,7.2721314
ISIC_0063443,3.7784152,9.880908
ISIC_0063445,9.843435,9.5177765
ISIC_0063447,0.9462975,8.679632
ISIC_0063450,6.6689653,7.3780684
ISIC_0063456,4.3326015,10.031539
ISIC_0063464,9.385331,7.406069
ISIC_0063467,6.641599,9.198704
ISIC_0063469,3.9517393,8.898872
ISIC_0063470,1.2842194,6.761172
ISIC_0063475,4.3189096,6.6235795
ISIC_0063480,7.392502,5.592405
ISIC_0063481,4.869609,4.951204
ISIC_0063493,2.7885551,9.121931
ISIC_0063496,5.980866,8.527044
ISIC_0063505,6.9636965,5.607092
ISIC_0063521,9.973689,8.776261
ISIC_0063528,2.0738482,8.813376
ISIC_0063537,5.760506,7.7077174
ISIC_0063541,0.90633285,7.821386
ISIC_0063551,1.8429404,9.156672
ISIC_0063566,3.7902734,6.4459577
ISIC_0063578,4.2733097,10.692882
ISIC_0063601,6.7244406,5.0747366
ISIC_0063617,4.2078605,4.6140423
ISIC_0063623,7.619307,6.9117317
ISIC_0063625,6.689056,6.6525593
ISIC_0063634,9.633658,7.887452
ISIC_0063636,1.0484478,9.501881
ISIC_0063641,3.7543888,5.9838934
ISIC_0063654,4.618804,8.642543
ISIC_0063655,8.4094715,7.9922633
ISIC_0063660,6.9657025,8.33967
ISIC_0063664,9.198393,8.957104
ISIC_0063675,4.967137,6.3026104
ISIC_0063679,10.736231,8.844313
ISIC_0063680,8.823406,7.530278
ISIC_0063687,4.211989,10.360379
ISIC_0063690,1.5176238,7.6559763
ISIC_0063691,5.4765673,7.7512927
ISIC_0063692,6.5888295,5.556203
ISIC_0063693,5.826781,4.1283994
ISIC_0063695,6.0169783,7.30614
ISIC_0063704,5.733741,5.0300794
ISIC_0063715,6.8627124,10.891475
ISIC_0063723,4.0305824,9.330896
ISIC_0063724,5.277558,8.081573
ISIC_0063727,4.5821247,7.0119886
ISIC_0063732,4.47324,5.69449
ISIC_0063742,7.7644944,11.645608
ISIC_0063748,1.4052494,9.412374
ISIC_0063750,7.3196015,10.692248
ISIC_0063757,3.6900637,8.454128
ISIC_0063759,2.9199612,7.4342446
ISIC_0063769,4.367764,10.679794
ISIC_0063775,4.232708,10.633583
ISIC_0063788,8.1622095,7.8609953
ISIC_0063793,6.845622,5.9736404
ISIC_0063795,3.4538085,5.0095625
ISIC_0063811,4.2818885,6.6756124
ISIC_0063824,5.02154,4.654756
ISIC_0063829,6.847584,5.6660075
ISIC_0063830,3.697418,6.7020984
ISIC_0063839,10.232782,7.517398
ISIC_0063842,3.6164548,10.456996
ISIC_0063845,9.814952,9.749371
ISIC_0063852,7.791339,9.724064
ISIC_0063870,7.220848,9.832751
ISIC_0063871,1.0794399,8.411229
ISIC_0063872,5.427034,5.1822863
ISIC_0063873,1.6897103,8.36275
ISIC_0063881,1.6898997,7.1732593
ISIC_0063885,6.730038,6.075558
ISIC_0063887,1.7458708,6.885738
ISIC_0063897,2.6176672,6.6868296
ISIC_0063908,2.730248,5.904621
ISIC_0063912,5.163909,8.888938
ISIC_0063915,6.793435,6.4870625
ISIC_0063926,2.8575008,5.0721636
ISIC_0063937,7.0554743,5.076635
ISIC_0063945,7.0848117,4.9547763
ISIC_0063946,9.968384,8.489499
ISIC_0063950,7.4439883,10.942971
ISIC_0063958,4.971271,6.006079
ISIC_0063960,9.62295,10.5104685
ISIC_0063973,4.321947,10.119341
ISIC_0063980,1.7294421,6.6304135
ISIC_0063981,3.884327,4.5044055
ISIC_0063988,6.600987,8.976669
ISIC_0064006,6.6866794,4.458153
ISIC_0064014,3.294201,9.843646
ISIC_0064023,5.6915464,10.841356
ISIC_0064033,4.0362377,4.629342
ISIC_0064034,7.476871,6.6560283
ISIC_0064054,9.312346,8.793643
ISIC_0064056,7.0055995,9.997822
ISIC_0064058,2.1131506,6.8673277
ISIC_0064060,9.568107,9.973359
ISIC_0064062,4.6503725,10.169629
ISIC_0064072,7.358724,10.5492935
ISIC_0064073,10.558261,7.8379784
ISIC_0064079,6.0210843,11.116749
ISIC_0064080,7.885835,7.495094
ISIC_0064082,5.005529,7.9757633
ISIC_0064100,7.4287715,8.909703
ISIC_0064102,5.38308,10.662244
ISIC_0064110,6.087234,10.681535
ISIC_0064114,6.9532223,6.1184134
ISIC_0064116,10.895994,9.601821
ISIC_0064120,0.91552806,8.624365
ISIC_0064122,1.8822762,6.643943
ISIC_0064129,8.310235,7.041278
ISIC_0064130,8.696353,7.1157494
ISIC_0064134,9.1078615,6.50733
ISIC_0064141,8.085264,5.1832294
ISIC_0064152,1.6109439,8.013996
ISIC_0064157,3.7185614,6.6654334
ISIC_0064167,2.9586842,6.406206
ISIC_0064174,6.691692,7.24895
ISIC_0064180,2.7466636,6.2357297
ISIC_0064195,5.659748,8.776979
ISIC_0064201,10.131494,10.278477
ISIC_0064204,3.7276247,5.2877326
ISIC_0064209,6.7356186,6.4905496
ISIC_0064212,3.2268639,6.2721577
ISIC_0064229,9.2039585,7.4655066
ISIC_0064240,2.9718776,9.3808565
ISIC_0064246,3.2908301,7.6240788
ISIC_0064247,1.5225831,7.8884315
ISIC_0064261,10.4205065,8.180338
ISIC_0064266,3.9215007,10.535225
ISIC_0064268,2.1057885,7.3062425
ISIC_0064270,0.97012913,9.178318
ISIC_0064272,2.3697784,7.4933825
ISIC_0064276,7.600316,9.4540825
ISIC_0064279,5.7721014,8.6329155
ISIC_0064281,6.0337076,7.794488
ISIC_0064294,7.5831847,5.855118
ISIC_0064297,7.518054,7.157129
ISIC_0064298,2.1487446,10.057776
ISIC_0064307,4.505811,9.845399
ISIC_0064317,10.500206,9.3855505
ISIC_0064320,6.699846,9.541463
ISIC_0064321,2.9554482,7.4498377
ISIC_0064328,6.3458548,6.9210205
ISIC_0064337,10.70672,9.170266
ISIC_0064339,5.232162,6.6137586
ISIC_0064344,9.873281,10.724506
ISIC_0064360,8.27971,7.638349
ISIC_0064361,2.7987723,6.3808255
ISIC_0064369,0.98365295,8.985844
ISIC_0064376,6.18093,6.6493936
ISIC_0064393,7.831813,6.8086715
ISIC_0064406,8.488638,7.8814864
ISIC_0064411,1.8126522,8.330641
ISIC_0064419,8.485019,9.399118
ISIC_0064427,5.292718,4.9188485
ISIC_0064428,1.5298115,8.771689
ISIC_0064436,1.8064781,7.211222
ISIC_0064444,3.0678782,5.0290356
ISIC_0064455,10.514946,8.722668
ISIC_0064463,10.090209,7.055509
ISIC_0064465,2.6777494,7.595065
ISIC_0064472,10.355094,9.214023
ISIC_0064476,6.9952154,10.466794
ISIC_0064481,3.4770021,5.8826313
ISIC_0064483,4.9045796,4.935668
ISIC_0064498,1.6205715,9.756561
ISIC_0064507,7.7572517,4.6520677
ISIC_0064515,2.1782038,8.729372
ISIC_0064517,5.033207,8.223629
ISIC_0064530,1.4912841,7.6571994
ISIC_0064531,3.6129692,4.6805573
ISIC_0064534,3.8877537,5.7129025
ISIC_0064538,8.401795,6.4089437
ISIC_0064550,4.735431,6.2483945
ISIC_0064559,4.1314425,10.696601
ISIC_0064569,4.156046,4.8524137
ISIC_0064575,4.4181776,6.8546247
ISIC_0064581,5.7267947,6.38182
ISIC_0064585,8.804574,11.336794
ISIC_0064589,2.0071232,7.180282
ISIC_0064592,7.45658,10.375025
ISIC_0064606,3.0742426,10.339367
ISIC_0064611,6.6112094,9.357214
ISIC_0064619,5.1030264,6.4076676
ISIC_0064623,7.6350317,8.44555
ISIC_0064632,7.2606974,9.47577
ISIC_0064633,4.2535396,9.442014
ISIC_0064645,2.3338964,6.652388
ISIC_0064646,2.7125359,9.118176
ISIC_0064656,6.734572,10.185943
ISIC_0064660,7.470243,6.462525
ISIC_0064667,2.450699,5.0502405
ISIC_0064668,6.7724543,7.599458
ISIC_0064672,6.596641,10.761119
ISIC_0064676,6.846912,7.317569
ISIC_0064686,4.7791877,10.218434
ISIC_0064689,7.486689,6.460879
ISIC_0064692,5.8460865,5.137301
ISIC_0064693,5.862143,8.779495
ISIC_0064694,3.9101763,4.8578415
ISIC_0064721,8.509816,6.0174394
ISIC_0064730,1.8507842,6.826968
ISIC_0064732,3.9511733,6.055067
ISIC_0064739,2.4508948,9.607574
ISIC_0064742,5.6831493,8.618819
ISIC_0064752,3.1232903,5.049461
ISIC_0064759,1.6312612,7.6428256
ISIC_0064784,5.947432,10.960467
ISIC_0064800,5.3133326,6.517549
ISIC_0064804,6.135016,10.388724
ISIC_0064816,4.714024,7.8874745
ISIC_0064821,7.635274,8.992493
ISIC_0064822,6.7906737,11.011281
ISIC_0064823,4.3438787,10.45135
ISIC_0064825,6.5658836,7.0709066
ISIC_0064829,3.6707683,6.220799
ISIC_0064835,10.302782,9.374844
ISIC_0064836,8.404386,6.7280264
ISIC_0064840,10.1985,9.261329
ISIC_0064849,3.332736,4.777169
ISIC_0064860,7.4952354,9.104761
ISIC_0064868,8.3723755,9.371086
ISIC_0064874,9.68378,9.155651
ISIC_0064875,2.1105182,10.380414
ISIC_0064881,9.379467,10.340362
ISIC_0064887,4.6154833,8.532994
ISIC_0064905,1.3310366,8.819861
ISIC_0064907,5.757404,7.7530494
ISIC_0064909,1.5905092,6.889195
ISIC_0064910,6.69397,6.7497077
ISIC_0064919,2.4575274,7.150015
ISIC_0064921,4.8902965,10.284467
ISIC_0064925,3.505425,9.824778
ISIC_0064926,4.6617055,4.517358
ISIC_0064927,9.251756,8.393706
ISIC_0064929,7.4461193,11.187967
ISIC_0064933,3.191265,7.53039
ISIC_0064936,6.9852242,10.4853
ISIC_0064941,3.4111211,9.887757
ISIC_0064943,2.501975,6.7665224
ISIC_0064949,1.3549987,7.2557697
ISIC_0064965,6.896551,10.469796
ISIC_0064982,10.028123,10.424802
ISIC_0064983,7.606677,5.854323
ISIC_0064986,4.891741,5.0329823
ISIC_0064990,3.1010044,4.5550604
ISIC_0064992,8.297804,6.9372835
ISIC_0064993,9.307906,6.9182673
ISIC_0064997,4.1271663,9.525837
ISIC_0065001,5.300278,10.493346
ISIC_0065008,1.0887091,9.271057
ISIC_0065013,4.2815156,10.306157
ISIC_0065022,6.6972127,6.46152
ISIC_0065023,8.501387,7.665682
ISIC_0065025,4.783145,6.7685533
ISIC_0065026,6.521913,4.521044
ISIC_0065036,4.116533,9.195262
ISIC_0065039,10.862026,9.026613
ISIC_0065046,4.6258707,10.592911
ISIC_0065057,3.3350294,9.334486
ISIC_0065059,0.89037037,8.106628
ISIC_0065066,2.0585983,9.07338
ISIC_0065099,2.7556655,9.1947
ISIC_0065100,6.8321223,6.2023907
ISIC_0065106,1.8970969,8.861373
ISIC_0065109,4.198451,10.658791
ISIC_0065128,5.544779,5.5352044
ISIC_0065132,8.619619,9.417557
ISIC_0065142,7.1783795,6.9775805
ISIC_0065159,4.5502915,8.657943
ISIC_0065168,4.2137265,8.092043
ISIC_0065171,10.627198,9.597671
ISIC_0065173,5.085845,5.0584435
ISIC_0065186,8.986862,6.567728
ISIC_0065191,2.3871453,10.4119
ISIC_0065192,7.9624066,6.981098
ISIC_0065195,6.9578795,5.1725187
ISIC_0065206,9.950788,9.188018
ISIC_0065210,5.405357,9.021313
ISIC_0065213,0.8688537,9.070197
ISIC_0065215,1.798883,9.486365
ISIC_0065230,4.6973577,8.291839
ISIC_0065235,3.1758008,6.97887
ISIC_0065236,6.385885,7.9257183
ISIC_0065248,8.713853,11.087791
ISIC_0065253,5.170019,10.484088
ISIC_0065265,9.233015,9.775933
ISIC_0065267,2.8445187,9.842153
ISIC_0065278,4.398583,6.5621696
ISIC_0065283,7.7522297,11.69483
ISIC_0065305,6.334576,10.523608
ISIC_0065307,3.0749342,9.796434
ISIC_0065311,5.1433387,6.26995
ISIC_0065313,8.028703,10.741799
ISIC_0065315,8.624109,6.7652407
ISIC_0065341,6.42886,7.850516
ISIC_0065347,6.1776195,9.076272
ISIC_0065351,9.343225,8.266116
ISIC_0065363,2.490084,7.806665
ISIC_0065367,4.6479354,4.651871
ISIC_0065379,1.1552032,7.7649198
ISIC_0065382,4.085715,9.599116
ISIC_0065398,9.64302,9.059919
ISIC_0065402,8.204296,8.992327
ISIC_0065408,10.395265,9.601125
ISIC_0065417,1.5788066,4.18976
ISIC_0065431,5.100205,6.307066
ISIC_0065434,7.327151,7.21783
ISIC_0065443,6.2181892,9.033466
ISIC_0065446,8.681844,7.751834
ISIC_0065448,7.9873066,7.929842
ISIC_0065449,3.6769366,4.672552
ISIC_0065463,5.23827,8.027346
ISIC_0065477,6.3011622,10.067214
ISIC_0065507,3.7137687,5.712301
ISIC_0065512,2.6709616,6.3480477
ISIC_0065513,4.8896613,4.191932
ISIC_0065516,3.4828842,9.955244
ISIC_0065518,5.0690827,9.510432
ISIC_0065521,6.908801,6.609398
ISIC_0065523,1.4876555,8.716311
ISIC_0065525,7.325779,8.114077
ISIC_0065531,8.668011,9.910541
ISIC_0065532,7.688294,9.771693
ISIC_0065533,4.373231,5.457658
ISIC_0065535,3.2013588,6.1372976
ISIC_0065539,5.2150826,7.2056394
ISIC_0065571,7.1637726,9.6392145
ISIC_0065576,6.8094425,6.700552
ISIC_0065577,10.676555,8.317091
ISIC_0065582,2.1698368,9.590706
ISIC_0065590,10.604771,8.856647
ISIC_0065597,6.9672503,5.840459
ISIC_0065598,9.237904,8.621679
ISIC_0065615,5.2394567,5.1534944
ISIC_0065618,2.3490474,8.150008
ISIC_0065622,1.5055078,9.010668
ISIC_0065627,3.8201776,4.8163977
ISIC_0065644,2.0732388,6.9438024
ISIC_0065655,1.7712394,7.1464515
ISIC_0065658,4.98776,4.573481
ISIC_0065668,5.57489,4.432027
ISIC_0065671,7.5505743,6.719921
ISIC_0065675,7.839266,8.799478
ISIC_0065694,3.5639136,9.880043
ISIC_0065697,6.294584,7.3038616
ISIC_0065698,3.6794074,4.7314444
ISIC_0065709,1.7476488,8.349482
ISIC_0065714,5.323126,11.014365
ISIC_0065727,4.72633,7.791437
ISIC_0065740,5.3384414,5.985509
ISIC_0065742,5.4921784,8.535509
ISIC_0065746,4.666205,4.987143
ISIC_0065748,2.5843828,4.503436
ISIC_0065760,3.9094343,5.820819
ISIC_0065767,2.7288873,7.472443
ISIC_0065774,2.9609017,7.8928413
ISIC_0065775,1.7777841,8.441187
ISIC_0065781,8.308501,8.558578
ISIC_0065786,8.41156,6.4883966
ISIC_0065788,3.5012088,7.9631414
ISIC_0065801,8.310967,6.4885674
ISIC_0065806,2.557633,9.975725
ISIC_0065807,7.707343,7.0482635
ISIC_0065813,5.917118,5.751731
ISIC_0065823,7.7284603,7.7021284
ISIC_0065825,3.283619,8.118325
ISIC_0065843,3.6725428,9.590069
ISIC_0065853,9.625879,9.052526
ISIC_0065858,2.8632877,7.5133867
ISIC_0065869,4.751179,9.933743
ISIC_0065870,9.938879,9.852405
ISIC_0065872,3.9935162,10.627239
ISIC_0065889,7.3671117,8.825769
ISIC_0065895,3.0461051,6.116552
ISIC_0065904,1.8153396,9.50593
ISIC_0065918,8.894644,7.1569657
ISIC_0065927,9.405369,8.365865
ISIC_0065928,1.7768385,9.601239
ISIC_0065932,4.6728444,7.4493
ISIC_0065943,6.8034697,7.3829627
ISIC_0065944,3.9186616,6.688372
ISIC_0065945,8.955115,11.1246195
ISIC_0065961,7.4163055,8.250962
ISIC_0065969,4.4214706,8.984784
ISIC_0065974,4.5840034,7.5127244
ISIC_0065997,1.3890795,6.789253
ISIC_0066001,7.302052,6.300179
ISIC_0066019,1.9445832,6.465077
ISIC_0066047,8.963375,10.078726
ISIC_0066058,1.6647533,7.22051
ISIC_0066061,1.3319857,8.994489
ISIC_0066066,4.6786866,9.1390085
ISIC_0066069,5.932574,7.561891
ISIC_0066075,5.155894,5.453303
ISIC_0066085,9.980552,7.355403
ISIC_0066093,8.347838,6.3018794
ISIC_0066094,1.8207371,9.917712
ISIC_0066098,5.3132987,7.2545524
ISIC_0066101,4.6096706,5.41172
ISIC_0066102,2.4621959,8.599258
ISIC_0066106,6.8288746,10.288267
ISIC_0066109,10.851392,9.55128
ISIC_0066116,8.71007,8.283788
ISIC_0066124,4.392019,8.223726
ISIC_0066127,6.9213405,9.794484
ISIC_0066136,6.1348333,9.596394
ISIC_0066143,7.7060866,11.056478
ISIC_0066146,2.5011597,7.210969
ISIC_0066154,6.4898267,5.0031276
ISIC_0066161,3.622973,8.055929
ISIC_0066165,9.689798,9.361316
ISIC_0066181,6.140401,6.590578
ISIC_0066185,1.1662866,7.4614754
ISIC_0066191,3.6164904,5.853319
ISIC_0066200,8.339273,8.362511
ISIC_0066203,2.5333877,10.031681
ISIC_0066204,8.760955,7.628725
ISIC_0066209,6.6471257,9.365508
ISIC_0066217,5.558824,9.4848795
ISIC_0066226,2.8012214,5.6550665
ISIC_0066244,2.1899035,8.791298
ISIC_0066289,9.715038,7.182626
ISIC_0066307,10.810832,9.468151
ISIC_0066308,3.8038545,4.644274
ISIC_0066316,10.738202,9.595061
ISIC_0066320,6.9280043,9.775501
ISIC_0066325,4.938505,7.482144
ISIC_0066332,8.456233,9.251053
ISIC_0066336,1.9080857,9.050914
ISIC_0066338,6.7796464,10.9475765
ISIC_0066350,1.7588825,9.383074
ISIC_0066352,5.528241,6.3229823
ISIC_0066358,5.860016,6.5451393
ISIC_0066359,3.6129825,6.276169
ISIC_0066375,6.196845,6.0294785
ISIC_0066376,3.538563,10.368683
ISIC_0066378,2.6104438,6.399734
ISIC_0066379,4.3903623,8.271161
ISIC_0066382,2.2922108,8.529499
ISIC_0066384,6.373557,10.632488
ISIC_0066390,3.4190807,9.847911
ISIC_0066394,4.596725,7.990653
ISIC_0066399,1.807407,7.7900805
ISIC_0066401,0.67095137,8.948249
ISIC_0066403,8.242128,7.3514795
ISIC_0066412,9.30241,10.554869
ISIC_0066422,5.31286,5.143509
ISIC_0066423,6.6702642,9.718625
ISIC_0066426,1.0767018,7.668049
ISIC_0066428,6.300604,6.427306
ISIC_0066430,3.0601923,9.762979
ISIC_0066448,6.1635017,8.536633
ISIC_0066470,9.927049,10.21744
ISIC_0066476,6.749243,8.392508
ISIC_0066481,7.65635,4.9864435
ISIC_0066483,4.8344364,4.5151305
ISIC_0066492,5.234429,9.900066
ISIC_0066497,2.461307,8.248116
ISIC_0066499,10.757191,9.16288
ISIC_0066500,1.8931787,8.341254
ISIC_0066505,7.4684944,5.108594
ISIC_0066506,8.142631,8.335894
ISIC_0066515,9.659509,6.798939
ISIC_0066516,2.714833,6.5369844
ISIC_0066518,5.317752,4.535077
ISIC_0066519,8.743917,7.376871
ISIC_0066520,3.1797934,8.861406
ISIC_0066532,8.30564,8.970321
ISIC_0066533,2.24895,10.517777
ISIC_0066535,7.673081,10.552382
ISIC_0066560,2.7755382,7.8313584
ISIC_0066564,5.566367,6.650096
ISIC_0066568,8.474818,9.239774
ISIC_0066588,7.8441267,10.861461
ISIC_0066589,4.5194054,9.3433485
ISIC_0066593,4.6101522,6.516046
ISIC_0066603,3.1068313,7.0315924
ISIC_0066609,8.5916605,6.4410086
ISIC_0066612,8.807162,10.3989935
ISIC_0066613,8.001509,4.5137215
ISIC_0066626,7.482692,10.418889
ISIC_0066627,2.3402052,7.148736
ISIC_0066629,3.4250033,4.41831
ISIC_0066631,6.153395,8.649365
ISIC_0066633,3.1911922,10.118672
ISIC_0066637,10.148901,10.02407
ISIC_0066649,4.861643,5.561517
ISIC_0066650,10.7557125,8.872619
ISIC_0066662,4.000324,7.213644
ISIC_0066671,5.626507,6.869952
ISIC_0066678,7.66773,9.705695
ISIC_0066690,3.908811,5.7989526
ISIC_0066693,7.449856,6.0015388
ISIC_0066710,3.6197011,10.850322
ISIC_0066716,2.9126754,4.9343343
ISIC_0066722,2.7906125,7.7036643
ISIC_0066733,8.55739,10.280112
ISIC_0066744,5.834876,6.220913
ISIC_0066750,2.6322536,9.91027
ISIC_0066756,5.2653437,6.120925
ISIC_0066766,4.0117254,8.22831
ISIC_0066767,9.927723,9.521614
ISIC_0066769,3.8064437,9.177424
ISIC_0066776,6.9775667,8.126592
ISIC_0066783,5.1946445,9.372361
ISIC_0066792,3.3638852,5.421374
ISIC_0066802,4.241097,4.8436847
ISIC_0066811,3.2797303,5.758016
ISIC_0066815,3.6224058,4.4445343
ISIC_0066844,2.6683626,6.7064166
ISIC_0066845,7.822314,7.382249
ISIC_0066848,6.157302,7.595751
ISIC_0066854,6.688898,10.820672
ISIC_0066855,9.756216,10.3089485
ISIC_0066860,8.74893,9.687073
ISIC_0066863,1.6428049,8.815516
ISIC_0066865,5.297317,5.884379
ISIC_0066867,5.201527,4.802848
ISIC_0066869,9.700929,6.80114
ISIC_0066882,5.104499,9.462412
ISIC_0066886,6.200717,7.430378
ISIC_0066907,6.905495,10.707647
ISIC_0066910,6.9077735,5.0879517
ISIC_0066918,3.7142687,7.8562827
ISIC_0066921,1.5206423,6.7090826
ISIC_0066927,5.862181,5.391484
ISIC_0066931,8.189697,5.8239613
ISIC_0066933,3.743495,6.048969
ISIC_0066935,4.046169,4.6229334
ISIC_0066947,4.104115,10.4593315
ISIC_0066952,4.4291553,7.1308565
ISIC_0066969,2.1937585,7.2135043
ISIC_0066977,7.0550666,9.823545
ISIC_0066994,2.962577,6.073082
ISIC_0067005,8.169956,4.751077
ISIC_0067008,5.578866,9.185792
ISIC_0067009,4.380258,9.416855
ISIC_0067054,7.769715,7.920094
ISIC_0067062,3.1799037,4.5913444
ISIC_0067069,5.500633,8.325233
ISIC_0067083,8.790579,7.092732
ISIC_0067101,4.188053,5.288152
ISIC_0067120,6.5295424,8.8858185
ISIC_0067126,2.2899382,6.5647388
ISIC_0067129,1.1055087,6.915689
ISIC_0067134,5.086498,9.199651
ISIC_0067151,1.0586648,6.9995036
ISIC_0067159,10.574045,9.134096
ISIC_0067160,7.7281156,11.678269
ISIC_0067167,3.2779868,5.526674
ISIC_0067171,4.2809086,8.683658
ISIC_0067188,6.47386,10.452619
ISIC_0067191,3.9547143,8.532126
ISIC_0067193,4.867274,7.3164134
ISIC_0067194,6.690386,9.951091
ISIC_0067197,3.5183449,9.305253
ISIC_0067200,8.441218,6.8312
ISIC_0067202,7.7408586,9.626908
ISIC_0067206,3.8789253,10.52597
ISIC_0067208,5.2052,7.7459073
ISIC_0067210,4.581546,9.662918
ISIC_0067225,2.155463,4.4313545
ISIC_0067233,3.1981573,5.52208
ISIC_0067235,10.579735,8.11229
ISIC_0067240,6.6538095,7.9981747
ISIC_0067248,2.638988,5.9949427
ISIC_0067253,7.3057466,8.291631
ISIC_0067274,8.992519,7.894797
ISIC_0067276,4.5259113,7.3404183
ISIC_0067284,6.861902,7.1524405
ISIC_0067308,8.347854,7.69976
ISIC_0067317,8.757341,6.9353633
ISIC_0067318,10.391281,8.735861
ISIC_0067325,2.0963595,7.32195
ISIC_0067333,7.083226,7.0181036
ISIC_0067335,6.402844,6.165329
ISIC_0067339,3.332626,7.7762904
ISIC_0067347,3.0763416,8.270508
ISIC_0067350,10.375255,8.914262
ISIC_0067353,5.4772744,8.980131
ISIC_0067365,2.4572384,6.0354285
ISIC_0067367,6.7442207,6.5716224
ISIC_0067375,5.9869275,9.513631
ISIC_0067395,4.862338,8.777854
ISIC_0067404,3.00007,9.30046
ISIC_0067405,7.1648865,9.308355
ISIC_0067417,8.383764,8.547546
ISIC_0067418,7.87116,10.835575
ISIC_0067438,1.6404867,8.091622
ISIC_0067443,4.120573,9.102126
ISIC_0067452,4.065752,4.946035
ISIC_0067458,9.788624,9.484104
ISIC_0067460,2.5782313,5.0238814
ISIC_0067461,3.7528963,7.983899
ISIC_0067466,6.5612044,4.464213
ISIC_0067485,7.7352653,11.703816
ISIC_0067488,4.2656393,9.368623
ISIC_0067489,2.4179714,9.442796
ISIC_0067495,3.8857157,8.443264
ISIC_0067502,4.491436,10.244803
ISIC_0067504,3.8271978,9.118843
ISIC_0067510,2.679586,5.831421
ISIC_0067511,2.8577268,10.286307
ISIC_0067513,3.6094744,9.953539
ISIC_0067515,3.5296555,5.2050447
ISIC_0067518,3.8044887,8.292123
ISIC_0067521,9.389072,8.651139
ISIC_0067534,7.7704396,8.142406
ISIC_0067536,3.0436277,7.8617716
ISIC_0067543,5.674255,7.8437004
ISIC_0067549,8.900526,10.339371
ISIC_0067553,0.90443945,9.029155
ISIC_0067564,2.9542499,9.503258
ISIC_0067565,3.3019466,6.39977
ISIC_0067566,2.926311,8.121037
ISIC_0067576,4.256675,5.8286185
ISIC_0067577,9.115658,10.2929735
ISIC_0067598,10.486793,8.702267
ISIC_0067601,8.584729,7.981087
ISIC_0067602,7.7177844,12.347445
ISIC_0067619,2.0402496,4.374798
ISIC_0067625,7.3022623,7.2059994
ISIC_0067629,5.5966873,7.60416
ISIC_0067630,3.8895698,4.8125563
ISIC_0067636,4.1391983,8.018648
ISIC_0067653,3.1103525,7.9335046
ISIC_0067655,3.0776587,6.5947986
ISIC_0067667,6.264087,5.7317452
ISIC_0067671,3.164346,8.906505
ISIC_0067685,4.154386,9.623736
ISIC_0067689,2.037278,7.982597
ISIC_0067695,9.202813,7.7736793
ISIC_0067696,3.7990174,4.731132
ISIC_0067697,4.4226394,9.53592
ISIC_0067704,5.2244973,10.012615
ISIC_0067711,1.7077351,6.6481886
ISIC_0067716,9.291416,9.773133
ISIC_0067719,4.246743,5.6518106
ISIC_0067722,6.042267,5.330578
ISIC_0067731,4.4393673,10.532225
ISIC_0067733,4.2972207,8.3602295
ISIC_0067743,2.9918025,7.967853
ISIC_0067747,3.1710818,7.712775
ISIC_0067756,3.6014218,10.262164
ISIC_0067757,1.447483,7.6912184
ISIC_0067758,1.4139376,9.322597
ISIC_0067776,1.3930943,8.32513
ISIC_0067782,1.283573,7.1161265
ISIC_0067789,8.281995,9.116049
ISIC_0067798,1.8432997,7.6372447
ISIC_0067804,9.121346,7.544798
ISIC_0067805,6.2783375,8.011774
ISIC_0067808,4.1516275,10.375503
ISIC_0067816,5.4264274,5.719065
ISIC_0067821,6.1376653,6.1872754
ISIC_0067825,4.942742,5.981484
ISIC_0067830,5.203198,8.225537
ISIC_0067831,7.881184,4.938958
ISIC_0067836,8.183077,7.54004
ISIC_0067843,4.4865465,5.065807
ISIC_0067845,8.063964,6.277112
ISIC_0067847,4.0891094,6.4807854
ISIC_0067849,10.447806,8.669641
ISIC_0067857,9.29552,10.586567
ISIC_0067873,8.513308,7.742155
ISIC_0067885,5.204108,9.22913
ISIC_0067889,4.395318,8.148608
ISIC_0067890,3.430149,8.356956
ISIC_0067891,9.868424,10.738796
ISIC_0067893,8.058828,6.8004045
ISIC_0067896,3.8622572,6.844465
ISIC_0067897,1.326085,7.184221
ISIC_0067902,6.141345,6.674705
ISIC_0067905,6.5801883,10.984617
ISIC_0067933,5.5761085,10.131034
ISIC_0067934,6.6177435,8.501806
ISIC_0067947,2.514504,6.8054314
ISIC_0067949,3.0955362,7.9972563
ISIC_0067952,1.7706522,8.068041
ISIC_0067953,4.623676,9.930369
ISIC_0067960,10.027125,8.917682
ISIC_0067969,8.952441,7.536708
ISIC_0067972,9.889678,10.455678
ISIC_0067979,6.8236737,6.2643094
ISIC_0068000,6.8086452,5.6362247
ISIC_0068003,7.159554,4.860491
ISIC_0068011,1.6094135,7.3859115
ISIC_0068012,5.035536,9.033306
ISIC_0068013,1.4442027,9.438627
ISIC_0068015,6.4404516,9.276511
ISIC_0068023,4.124139,5.471858
ISIC_0068043,5.978619,8.930194
ISIC_0068048,7.7716856,11.71401
ISIC_0068055,5.81043,8.208806
ISIC_0068060,7.7051754,12.370835
ISIC_0068064,8.105048,4.726486
ISIC_0068069,2.7098398,6.0596204
ISIC_0068073,4.3722057,10.316314
ISIC_0068080,1.4173433,9.888868
ISIC_0068107,2.5155702,5.998924
ISIC_0068114,3.9957097,4.867942
ISIC_0068117,8.917826,7.8064485
ISIC_0068118,4.8494554,10.705095
ISIC_0068119,9.329954,7.1670465
ISIC_0068121,1.6926808,7.0411835
ISIC_0068128,7.712167,11.702621
ISIC_0068129,9.7635975,7.027294
ISIC_0068137,8.05774,8.430732
ISIC_0068143,5.6330934,5.183131
ISIC_0068152,9.367177,8.005552
ISIC_0068153,2.644819,6.112317
ISIC_0068164,4.175567,7.135086
ISIC_0068166,10.070704,7.0956993
ISIC_0068178,2.7182295,8.291305
ISIC_0068188,6.6828146,9.332881
ISIC_0068189,3.9731722,10.682975
ISIC_0068200,6.86602,7.1323595
ISIC_0068202,7.634412,10.55275
ISIC_0068206,1.9621427,8.37744
ISIC_0068209,2.849809,7.575192
ISIC_0068211,3.7683818,6.0142617
ISIC_0068218,1.0561224,9.7498865
ISIC_0068227,2.4783397,10.159417
ISIC_0068233,9.914751,8.91558
ISIC_0068234,6.652885,4.391962
ISIC_0068239,4.380863,10.452647
ISIC_0068247,5.0092697,7.8930893
ISIC_0068252,6.1351466,7.948241
ISIC_0068273,8.518511,6.9280357
ISIC_0068275,3.7157023,5.3662186
ISIC_0068276,7.0762253,5.6504116
ISIC_0068282,9.524743,7.9493136
ISIC_0068290,2.8967397,8.446829
ISIC_0068291,6.8067503,7.0552273
ISIC_0068294,7.128661,5.782407
ISIC_0068299,5.4753976,4.4491615
ISIC_0068303,7.467573,5.354906
ISIC_0068315,5.8198295,5.82242
ISIC_0068318,7.784829,8.804003
ISIC_0068321,2.3339021,9.635612
ISIC_0068331,6.5328994,10.120642
ISIC_0068343,1.6300509,4.264667
ISIC_0068347,3.266089,4.6629367
ISIC_0068382,10.630365,7.943459
ISIC_0068383,1.0127542,8.438331
ISIC_0068385,7.8633075,8.648131
ISIC_0068393,7.697755,5.771417
ISIC_0068396,4.7041655,7.423527
ISIC_0068403,2.6297827,7.0017853
ISIC_0068407,7.791396,8.217289
ISIC_0068411,4.9570446,11.119205
ISIC_0068427,7.753645,6.945132
ISIC_0068438,5.379677,4.3880315
ISIC_0068452,7.7575965,12.442986
ISIC_0068460,1.8506514,8.444643
ISIC_0068463,4.194403,8.501888
ISIC_0068465,6.8415265,9.75827
ISIC_0068468,10.625009,9.344285
ISIC_0068488,4.308338,4.654722
ISIC_0068513,3.3791654,8.958157
ISIC_0068524,6.481001,7.4463463
ISIC_0068527,1.90167,7.661228
ISIC_0068528,3.2625692,7.0849934
ISIC_0068537,7.889175,7.1189933
ISIC_0068555,4.916361,7.344013
ISIC_0068560,9.221037,8.714016
ISIC_0068576,8.8279705,10.040111
ISIC_0068578,5.971828,10.525913
ISIC_0068581,2.7804556,10.179452
ISIC_0068583,7.926036,9.870486
ISIC_0068584,4.19972,10.65502
ISIC_0068586,3.1595538,9.784509
ISIC_0068609,1.4343648,7.787295
ISIC_0068614,2.106409,4.7563133
ISIC_0068616,3.6488495,6.1969485
ISIC_0068617,3.063396,5.6341076
ISIC_0068627,8.337406,7.323292
ISIC_0068628,7.608178,6.056599
ISIC_0068629,6.5945816,4.571269
ISIC_0068633,6.4830966,10.567541
ISIC_0068638,6.1148663,6.4510565
ISIC_0068660,6.5870566,6.1350017
ISIC_0068682,6.2759953,10.572842
ISIC_0068700,9.814124,6.9635367
ISIC_0068715,1.8989867,6.596801
ISIC_0068717,5.5093665,9.940731
ISIC_0068721,3.0000885,7.3152766
ISIC_0068727,8.023895,6.6018243
ISIC_0068730,5.0357804,11.016306
ISIC_0068744,1.8344122,10.043757
ISIC_0068747,3.441467,8.729055
ISIC_0068759,5.503121,5.694035
ISIC_0068760,5.057901,8.443891
ISIC_0068761,5.0625777,6.579157
ISIC_0068766,5.7064295,6.8291974
ISIC_0068776,9.454691,10.3446455
ISIC_0068778,4.0950456,7.6518927
ISIC_0068800,10.214011,9.142664
ISIC_0068808,7.9650903,7.8602123
ISIC_0068817,1.5574025,7.144433
ISIC_0068818,5.9139514,4.2921877
ISIC_0068819,4.0166335,5.60044
ISIC_0068840,4.9110622,10.3984995
ISIC_0068850,6.064822,8.52359
ISIC_0068851,8.870336,6.570636
ISIC_0068874,4.3604007,10.4868145
ISIC_0068881,5.455903,6.829423
ISIC_0068882,3.3332906,7.363079
ISIC_0068884,4.0650783,5.7493367
ISIC_0068895,1.1433512,9.522372
ISIC_0068897,7.5957193,8.344717
ISIC_0068900,2.2878718,7.64961
ISIC_0068905,4.485201,4.6969624
ISIC_0068907,5.956906,5.702596
ISIC_0068911,2.457924,8.448292
ISIC_0068917,6.91758,4.8945208
ISIC_0068921,7.55523,5.805903
ISIC_0068924,1.6196039,9.810019
ISIC_0068928,5.647093,7.0408096
ISIC_0068929,7.7463784,12.286469
ISIC_0068931,7.7467813,4.8390503
ISIC_0068936,6.6895013,4.431569
ISIC_0068941,6.0639973,4.8572173
ISIC_0068961,8.189209,7.0615788
ISIC_0068962,1.6940428,6.720762
ISIC_0068966,8.413278,8.695822
ISIC_0068975,7.1657834,11.191563
ISIC_0068979,5.4831676,8.090067
ISIC_0068981,9.657416,8.066275
ISIC_0068993,8.5213175,8.776222
ISIC_0069003,9.95792,8.584918
ISIC_0069008,3.8654983,4.7153497
ISIC_0069024,6.7026486,6.3207736
ISIC_0069028,6.0827436,7.3854647
ISIC_0069029,8.870762,8.041097
ISIC_0069042,8.103256,9.541691
ISIC_0069058,3.0522792,9.540235
ISIC_0069059,4.7071323,9.940641
ISIC_0069062,7.2454095,5.1173725
ISIC_0069065,9.429102,6.715176
ISIC_0069068,5.520204,7.0471263
ISIC_0069070,2.7266748,8.5330515
ISIC_0069072,6.9648876,10.090581
ISIC_0069076,5.7848306,9.530535
ISIC_0069077,7.4765053,10.008863
ISIC_0069091,1.3758755,8.384615
ISIC_0069093,7.553725,9.336387
ISIC_0069102,9.578905,10.502435
ISIC_0069105,4.00292,9.384081
ISIC_0069108,8.176673,9.645011
ISIC_0069112,0.7290854,9.183201
ISIC_0069119,5.4253182,4.423306
ISIC_0069148,3.9794571,10.540156
ISIC_0069156,3.4280593,10.423663
ISIC_0069158,7.724392,8.190452
ISIC_0069165,4.3085785,8.0427475
ISIC_0069167,3.3608868,6.4092126
ISIC_0069179,7.7996297,6.9792137
ISIC_0069192,3.3028274,7.846767
ISIC_0069197,3.5780935,9.708758
ISIC_0069199,3.2860692,6.3163376
ISIC_0069204,9.405859,8.779299
ISIC_0069210,8.452285,7.594053
ISIC_0069230,5.9036984,7.8766236
ISIC_0069238,1.5274655,7.873831
ISIC_0069245,7.521492,5.7056956
ISIC_0069246,4.7224345,5.4174304
ISIC_0069248,3.3079295,6.8199534
ISIC_0069257,10.386939,8.554362
ISIC_0069262,6.4193106,6.2769094
ISIC_0069264,5.6225643,6.699711
ISIC_0069267,8.446377,9.421591
ISIC_0069273,8.847413,8.61246
ISIC_0069277,4.6788,4.861325
ISIC_0069292,1.438228,8.618047
ISIC_0069293,6.16067,4.4383516
ISIC_0069315,3.835121,5.694727
ISIC_0069358,7.155505,7.3285847
ISIC_0069361,4.831394,4.2903543
ISIC_0069365,8.937196,6.764329
ISIC_0069369,7.740217,7.3933144
ISIC_0069380,3.8674986,8.483567
ISIC_0069385,9.730272,9.545553
ISIC_0069386,4.5852547,10.224547
ISIC_0069391,6.1718464,9.905276
ISIC_0069395,3.2757323,6.6093917
ISIC_0069402,6.2629104,6.9821086
ISIC_0069411,4.2341704,5.2031417
ISIC_0069416,3.6264558,5.760264
ISIC_0069432,0.8385974,9.313025
ISIC_0069437,4.523972,5.387012
ISIC_0069457,5.733276,4.966448
ISIC_0069459,3.3131871,7.3773713
ISIC_0069466,7.3948183,7.193842
ISIC_0069473,7.793255,5.85057
ISIC_0069475,5.0595317,4.508161
ISIC_0069479,6.058432,4.5922446
ISIC_0069481,4.337494,8.020259
ISIC_0069488,5.706004,8.774033
ISIC_0069504,8.440671,10.564853
ISIC_0069508,4.267314,7.992961
ISIC_0069509,8.429661,7.1257772
ISIC_0069511,8.162708,6.906539
ISIC_0069514,1.3667902,8.382533
ISIC_0069515,10.395025,9.379904
ISIC_0069536,3.8275068,9.497346
ISIC_0069540,6.356743,5.791925
ISIC_0069573,1.3257496,8.4482565
ISIC_0069583,7.8012786,5.174228
ISIC_0069591,3.3049095,10.362877
ISIC_0069592,2.4031253,4.6924634
ISIC_0069595,8.261417,8.011946
ISIC_0069617,9.438259,8.271197
ISIC_0069620,3.875017,6.880283
ISIC_0069622,6.148282,4.7268243
ISIC_0069624,10.715391,9.7980385
ISIC_0069626,9.6162195,8.485854
ISIC_0069635,2.1528234,6.4671545
ISIC_0069638,4.770822,7.8802867
ISIC_0069657,8.267886,8.134712
ISIC_0069660,9.974989,7.6080995
ISIC_0069668,5.414014,7.478057
ISIC_0069669,3.1274724,4.9021297
ISIC_0069671,5.7543626,6.606403
ISIC_0069705,3.022654,10.163848
ISIC_0069727,7.293399,9.480421
ISIC_0069733,3.7633715,6.8187075
ISIC_0069736,5.2909646,7.952241
ISIC_0069743,9.465002,9.083232
ISIC_0069747,6.6997924,9.989686
ISIC_0069775,2.2899632,6.783798
ISIC_0069791,5.1786175,8.456498
ISIC_0069810,2.9355142,4.7215147
ISIC_0069819,4.3321447,9.557327
ISIC_0069821,5.576436,11.064903
ISIC_0069833,9.7267,7.995177
ISIC_0069841,7.3035593,8.813493
ISIC_0069851,5.721433,9.896749
ISIC_0069859,8.074279,4.7278047
ISIC_0069860,8.123315,8.831768
ISIC_0069864,1.8314118,10.31628
ISIC_0069873,2.9302876,6.787738
ISIC_0069889,3.8440523,8.32719
ISIC_0069891,4.088735,8.793163
ISIC_0069908,4.7060595,9.36169
ISIC_0069918,3.4881315,10.137324
ISIC_0069920,5.660488,4.7023067
ISIC_0069922,8.445934,6.65888
ISIC_0069929,2.58505,6.2829995
ISIC_0069946,4.1452723,6.2643714
ISIC_0069951,1.5217258,9.607568
ISIC_0069958,7.6444664,10.083273
ISIC_0069967,2.445124,7.9983106
ISIC_0069970,2.715191,9.036284
ISIC_0069977,3.5449808,7.985664
ISIC_0069984,1.6730624,10.18499
ISIC_0069986,3.4330256,5.972437
ISIC_0069988,5.6228843,5.35512
ISIC_0069995,8.928084,8.415938
ISIC_0070006,2.272344,6.634411
ISIC_0070012,4.755888,5.029482
ISIC_0070017,9.524906,10.486328
ISIC_0070018,2.4125109,4.5431614
ISIC_0070032,6.7044487,7.346894
ISIC_0070045,6.8357806,10.188921
ISIC_0070049,4.496672,10.48966
ISIC_0070050,4.4852424,9.065856
ISIC_0070051,5.4566746,6.763244
ISIC_0070061,8.9887085,8.785387
ISIC_0070068,4.266958,8.231104
ISIC_0070089,3.0232933,4.5555887
ISIC_0070092,2.9402642,8.242132
ISIC_0070093,7.7609563,12.317956
ISIC_0070095,7.6742496,4.857283
ISIC_0070105,7.703827,10.200677
ISIC_0070107,7.245552,8.061087
ISIC_0070108,1.630996,10.033305
ISIC_0070109,4.8565154,6.314597
ISIC_0070110,9.7058115,9.15308
ISIC_0070114,6.372946,7.6126647
ISIC_0070120,1.5614253,7.2953415
ISIC_0070123,5.60377,10.359305
ISIC_0070129,6.5461164,8.229897
ISIC_0070137,1.1239399,9.529725
ISIC_0070139,5.8961864,6.939496
ISIC_0070141,7.8223476,6.2746153
ISIC_0070149,1.1093214,6.951875
ISIC_0070170,5.483678,4.9377456
ISIC_0070172,7.1473713,8.902441
ISIC_0070207,3.9448936,6.0405707
ISIC_0070215,3.317013,10.03693
ISIC_0070217,5.1638207,6.963966
ISIC_0070220,4.5725703,7.999072
ISIC_0070227,5.8074474,7.2068644
ISIC_0070235,1.441359,9.812182
ISIC_0070248,5.708042,5.032141
ISIC_0070250,8.805594,8.616506
ISIC_0070253,6.1070294,8.2623005
ISIC_0070262,7.668664,9.121634
ISIC_0070274,7.2446055,8.593608
ISIC_0070303,5.6517353,5.4868317
ISIC_0070308,7.74071,11.720236
ISIC_0070313,7.660923,8.951851
ISIC_0070316,2.44413,7.57472
ISIC_0070327,7.0719748,4.8553514
ISIC_0070341,3.2115567,8.813074
ISIC_0070342,1.6060525,7.926028
ISIC_0070344,7.560894,4.599929
ISIC_0070347,6.4551826,9.056342
ISIC_0070351,6.196523,9.331107
ISIC_0070352,9.922066,8.375766
ISIC_0070362,6.095154,3.918572
ISIC_0070363,4.6432595,8.5928335
ISIC_0070366,1.7023183,7.6159964
ISIC_0070371,4.1851544,5.220543
ISIC_0070374,7.4084635,5.9860587
ISIC_0070380,8.168921,7.5908303
ISIC_0070387,8.631925,8.379621
ISIC_0070396,10.441616,9.195727
ISIC_0070400,1.9119964,7.352813
ISIC_0070403,4.2133117,9.508177
ISIC_0070414,9.432511,9.541728
ISIC_0070419,3.3014116,8.1227865
ISIC_0070427,2.7904797,6.1416655
ISIC_0070431,6.6484604,4.5418267
ISIC_0070433,7.6392856,8.753642
ISIC_0070435,6.558071,7.492701
ISIC_0070439,6.275949,7.0526605
ISIC_0070441,3.2280946,4.502271
ISIC_0070442,7.562972,7.4044156
ISIC_0070446,2.8492107,7.6632795
ISIC_0070447,6.5325255,8.33397
ISIC_0070454,6.9292264,7.023304
ISIC_0070465,7.2775097,10.467145
ISIC_0070477,7.3059297,7.1380386
ISIC_0070480,7.7854586,9.842173
ISIC_0070489,2.7103453,6.4211617
ISIC_0070501,8.331641,9.935595
ISIC_0070517,8.832065,11.237073
ISIC_0070520,9.910223,9.766088
ISIC_0070521,2.7372093,7.725946
ISIC_0070549,7.2679725,9.551675
ISIC_0070551,5.5602875,10.560451
ISIC_0070553,6.8264966,11.0970745
ISIC_0070566,5.9316683,4.733155
ISIC_0070572,9.023801,11.036078
ISIC_0070578,5.5908656,7.414019
ISIC_0070581,2.6008153,7.5857425
ISIC_0070585,7.611461,11.112718
ISIC_0070588,7.522828,6.6064167
ISIC_0070593,9.485239,10.61485
ISIC_0070595,3.5830388,9.678672
ISIC_0070596,1.3223877,8.437458
ISIC_0070601,8.5874815,10.448997
ISIC_0070611,2.4025204,9.95166
ISIC_0070614,2.737545,9.198286
ISIC_0070623,5.133472,7.113428
ISIC_0070629,6.9527135,8.5745
ISIC_0070653,4.0821037,5.6578703
ISIC_0070657,3.6238918,9.535308
ISIC_0070658,5.20977,9.37855
ISIC_0070666,9.681749,8.454274
ISIC_0070689,4.7110305,9.588929
ISIC_0070702,5.156282,7.675284
ISIC_0070709,5.469871,5.516204
ISIC_0070710,3.5322156,9.968454
ISIC_0070711,7.728214,8.311932
ISIC_0070724,8.608664,7.885246
ISIC_0070727,5.8609343,3.8658583
ISIC_0070731,3.5647254,9.458165
ISIC_0070743,3.2462635,10.162937
ISIC_0070745,4.7082243,8.650646
ISIC_0070747,3.1129417,6.7829757
ISIC_0070752,4.7986536,10.074732
ISIC_0070756,6.986508,4.8485274
ISIC_0070778,3.9199762,8.794894
ISIC_0070784,1.495401,9.478778
ISIC_0070794,4.650374,9.433736
ISIC_0070799,9.851524,9.322905
ISIC_0070801,3.8450234,7.853918
ISIC_0070805,7.4527483,10.353182
ISIC_0070809,6.433206,8.57436
ISIC_0070814,9.534289,10.423122
ISIC_0070815,2.4887192,4.7602654
ISIC_0070816,5.851148,3.892722
ISIC_0070822,7.7643204,6.8363633
ISIC_0070837,4.0814166,4.779793
ISIC_0070842,5.3527174,6.6746535
ISIC_0070846,1.8967772,6.6688566
ISIC_0070852,7.3019247,9.333203
ISIC_0070867,3.3653944,8.131249
ISIC_0070871,3.2775,6.886662
ISIC_0070886,7.1718907,8.289198
ISIC_0070888,5.0925236,7.41266
ISIC_0070910,5.0943036,10.846116
ISIC_0070913,4.2849708,8.648314
ISIC_0070916,3.9854257,6.9464464
ISIC_0070920,1.5739468,7.180034
ISIC_0070927,2.66082,9.886303
ISIC_0070938,1.8080328,9.88603
ISIC_0070940,1.4081455,8.006984
ISIC_0070959,4.0918803,10.58402
ISIC_0070961,6.4299483,11.178837
ISIC_0070973,6.779821,10.333751
ISIC_0070974,8.526266,9.61786
ISIC_0070976,9.885927,9.546011
ISIC_0070984,2.7458122,6.3096886
ISIC_0070990,6.3372035,6.7526073
ISIC_0070992,8.699471,8.679842
ISIC_0070998,4.095176,9.513606
ISIC_0071006,4.5491786,10.456795
ISIC_0071012,2.3523824,9.854974
ISIC_0071017,8.865994,10.393907
ISIC_0071035,2.109993,9.907028
ISIC_0071043,4.9223304,5.322999
ISIC_0071045,5.3353963,7.9687605
ISIC_0071047,1.6977998,8.218924
ISIC_0071048,4.8047,7.5260267
ISIC_0071067,9.598371,8.920766
ISIC_0071069,4.843347,7.8595133
ISIC_0071074,2.035899,8.986296
ISIC_0071089,2.3260884,10.07289
ISIC_0071095,1.9185623,9.681009
ISIC_0071101,1.5562947,4.1946692
ISIC_0071109,2.1097863,4.3579445
ISIC_0071111,6.6937118,8.536951
ISIC_0071119,6.860813,6.284819
ISIC_0071122,3.8050396,8.822945
ISIC_0071124,7.640876,10.112281
ISIC_0071132,4.984357,8.3247595
ISIC_0071133,9.523552,8.474367
ISIC_0071134,2.9240284,6.6252956
ISIC_0071137,3.8757944,9.103221
ISIC_0071138,6.7032323,7.1923985
ISIC_0071142,3.7356236,5.5503845
ISIC_0071169,3.1666281,5.1213827
ISIC_0071176,8.779658,6.9933624
ISIC_0071178,7.186959,9.031232
ISIC_0071180,1.6134654,6.6660495
ISIC_0071196,1.772336,6.8496723
ISIC_0071208,3.4004126,9.460841
ISIC_0071215,6.037951,3.8914025
ISIC_0071218,6.7302594,6.1570964
ISIC_0071238,3.258567,4.5082684
ISIC_0071240,7.9425364,8.701491
ISIC_0071245,5.684207,9.84226
ISIC_0071253,2.007913,9.729368
ISIC_0071257,6.1630726,7.4074717
ISIC_0071258,7.1048007,6.908572
ISIC_0071260,7.697483,12.466954
ISIC_0071271,8.841227,10.179992
ISIC_0071289,2.9414482,7.6396494
ISIC_0071290,1.4486636,7.6228976
ISIC_0071303,4.85343,9.418039
ISIC_0071311,10.394087,9.399177
ISIC_0071315,3.8406546,10.50911
ISIC_0071335,7.798631,4.4683084
ISIC_0071342,5.4779534,7.9078016
ISIC_0071346,6.716972,6.4613805
ISIC_0071357,4.716309,5.3121376
ISIC_0071361,4.1205025,5.2721105
ISIC_0071388,8.333545,6.5676737
ISIC_0071392,8.518689,7.1585464
ISIC_0071395,6.7445164,6.4959826
ISIC_0071401,2.1489441,8.434342
ISIC_0071404,7.0920715,9.250396
ISIC_0071420,9.777336,6.6467147
ISIC_0071430,7.587,9.626084
ISIC_0071431,4.669652,4.536955
ISIC_0071443,9.294817,9.900277
ISIC_0071458,9.696093,8.58739
ISIC_0071470,9.865467,8.946954
ISIC_0071476,4.215514,9.964593
ISIC_0071478,7.6180863,8.229034
ISIC_0071528,2.6240237,7.5961666
ISIC_0071534,7.2870317,7.6391025
ISIC_0071550,6.8602943,10.515423
ISIC_0071558,5.7544956,9.261981
ISIC_0071559,9.249401,9.640833
ISIC_0071563,3.2856538,4.5357385
ISIC_0071568,6.9446626,6.5312476
ISIC_0071576,1.9746065,7.8933673
ISIC_0071579,9.527528,9.594734
ISIC_0071580,1.1494844,8.857082
ISIC_0071583,7.0471306,5.701619
ISIC_0071584,7.41139,7.7174263
ISIC_0071586,5.290113,9.531816
ISIC_0071592,6.7916675,7.4471645
ISIC_0071594,4.349589,10.31936
ISIC_0071596,9.82475,8.035188
ISIC_0071600,2.9559946,8.118068
ISIC_0071628,3.3093238,6.031109
ISIC_0071632,10.04458,9.453005
ISIC_0071648,3.5839846,4.478173
ISIC_0071651,7.9872146,7.0534215
ISIC_0071663,1.7214398,9.186643
ISIC_0071666,9.561046,8.339707
ISIC_0071668,9.414038,8.718958
ISIC_0071673,2.6197255,6.0624666
ISIC_0071678,1.3153791,9.525248
ISIC_0071702,8.033816,7.2053905
ISIC_0071707,6.838716,5.4510503
ISIC_0071713,2.3529713,4.606537
ISIC_0071717,5.129398,8.400376
ISIC_0071720,7.498163,4.995138
ISIC_0071725,1.8819269,8.365674
ISIC_0071726,5.7686615,6.854457
ISIC_0071740,1.2244123,9.31696
ISIC_0071765,1.9719857,4.3701053
ISIC_0071766,3.7282996,5.8059006
ISIC_0071767,3.61996,4.9296594
ISIC_0071774,0.97456634,9.438958
ISIC_0071776,5.4554,5.9358797
ISIC_0071778,5.862116,11.120663
ISIC_0071782,4.834655,7.001957
ISIC_0071783,4.6956673,8.779813
ISIC_0071784,6.838874,8.628205
ISIC_0071788,6.7581325,6.9498167
ISIC_0071797,3.1611357,5.306453
ISIC_0071800,2.3261075,7.387282
ISIC_0071806,4.4806094,9.441507
ISIC_0071808,5.9537745,10.727734
ISIC_0071815,8.082391,8.834296
ISIC_0071834,6.992002,5.604317
ISIC_0071857,8.573969,7.962382
ISIC_0071865,3.8338573,8.877925
ISIC_0071869,4.3399873,7.3784904
ISIC_0071875,4.688754,5.622252
ISIC_0071891,5.1293616,5.889541
ISIC_0071892,2.9684515,7.167706
ISIC_0071901,2.8776407,7.72365
ISIC_0071904,7.574853,11.15308
ISIC_0071906,7.2810097,5.804736
ISIC_0071916,3.2992368,9.789039
ISIC_0071926,9.707646,9.940533
ISIC_0071931,4.2732515,9.579037
ISIC_0071936,7.701478,12.460326
ISIC_0071939,7.7317276,12.434822
ISIC_0071944,1.6111792,8.063332
ISIC_0071950,2.7721908,10.009879
ISIC_0071951,6.383365,6.904574
ISIC_0071957,7.61995,10.103345
ISIC_0071970,9.92649,10.7092
ISIC_0071972,9.889579,10.755546
ISIC_0071992,6.782589,10.445906
ISIC_0071996,6.6364794,6.432912
ISIC_0071997,1.2949411,8.121686
ISIC_0072001,9.340031,9.398664
ISIC_0072002,5.4081645,4.56452
ISIC_0072003,8.045408,6.593971
ISIC_0072004,6.8933306,11.020188
ISIC_0072006,8.425127,5.897285
ISIC_0072010,2.405515,7.0072002
ISIC_0072021,9.624706,7.1488185
ISIC_0072030,2.3177326,9.701433
ISIC_0072032,7.1321063,7.0739064
ISIC_0072041,9.84461,8.228675
ISIC_0072051,1.7474983,8.869813
ISIC_0072061,1.2933388,8.582767
ISIC_0072063,8.434978,7.281321
ISIC_0072065,10.272024,8.5864105
ISIC_0072069,2.9026175,6.0020437
ISIC_0072077,9.801487,10.507774
ISIC_0072078,5.3518696,8.759937
ISIC_0072087,4.162902,7.725389
ISIC_0072090,6.2974067,6.761993
ISIC_0072099,7.2594414,4.779388
ISIC_0072101,4.1003394,8.155493
ISIC_0072103,8.826876,6.5808983
ISIC_0072109,7.123922,4.7598195
ISIC_0072111,5.593165,4.514795
ISIC_0072121,7.201597,8.018944
ISIC_0072122,5.8885818,8.596812
ISIC_0072126,9.962004,10.705288
ISIC_0072142,5.206409,9.902938
ISIC_0072151,7.0914564,7.6545587
ISIC_0072154,8.837133,7.796095
ISIC_0072156,3.7414932,7.621494
ISIC_0072157,8.849612,10.305717
ISIC_0072166,3.104009,4.537034
ISIC_0072173,6.860794,6.6927357
ISIC_0072174,7.856478,6.725325
ISIC_0072178,3.3677151,6.2255735
ISIC_0072182,8.301461,8.571481
ISIC_0072188,7.2010965,9.748069
ISIC_0072195,5.5877123,8.901291
ISIC_0072198,4.434951,10.572568
ISIC_0072215,0.8532177,9.167483
ISIC_0072218,3.8094542,10.64998
ISIC_0072223,0.85045904,9.246549
ISIC_0072226,7.73396,12.34893
ISIC_0072230,7.142564,10.660555
ISIC_0072241,9.245875,7.307318
ISIC_0072242,7.882244,10.919855
ISIC_0072252,3.9637473,5.704812
ISIC_0072268,3.7131367,4.7163754
ISIC_0072271,10.083115,10.085616
ISIC_0072279,9.549842,7.610749
ISIC_0072280,9.705508,10.283899
ISIC_0072286,6.872167,7.4484754
ISIC_0072287,8.2297125,6.9739776
ISIC_0072294,6.6265316,9.953051
ISIC_0072297,6.6033206,9.543898
ISIC_0072299,9.351944,10.518863
ISIC_0072301,5.62191,7.8665695
ISIC_0072315,4.20706,6.3283834
ISIC_0072330,4.916827,4.619957
ISIC_0072339,7.3423686,5.7387094
ISIC_0072344,3.6978064,5.1254883
ISIC_0072348,5.41033,9.374918
ISIC_0072353,3.0680208,5.515915
ISIC_0072354,7.4803443,8.4457035
ISIC_0072358,4.0478973,5.500451
ISIC_0072360,2.9276307,5.115362
ISIC_0072363,1.4594936,8.599289
ISIC_0072369,4.7459407,6.365693
ISIC_0072371,10.103914,10.281523
ISIC_0072374,4.4134045,8.2925005
ISIC_0072375,9.559303,8.654703
ISIC_0072377,6.4211006,10.774056
ISIC_0072380,2.2822306,9.011236
ISIC_0072396,7.152471,9.026329
ISIC_0072401,4.094848,4.700372
ISIC_0072405,1.3486899,8.047412
ISIC_0072411,1.4221821,7.775746
ISIC_0072415,1.7992586,8.604974
ISIC_0072422,7.4067607,5.9601197
ISIC_0072429,9.289285,8.708397
ISIC_0072437,3.5348651,6.690978
ISIC_0072439,7.2936926,6.3609614
ISIC_0072440,8.776579,8.713715
ISIC_0072441,9.581296,9.01951
ISIC_0072473,4.258308,8.091647
ISIC_0072482,8.957005,7.898159
ISIC_0072494,5.210503,10.924181
ISIC_0072495,4.6584134,8.137913
ISIC_0072507,5.079097,9.607781
ISIC_0072508,7.693593,9.71237
ISIC_0072516,6.400268,5.3227572
ISIC_0072522,9.267592,9.8548565
ISIC_0072523,5.0748014,8.243627
ISIC_0072531,6.5896945,7.1886477
ISIC_0072534,7.904036,4.414668
ISIC_0072535,5.2094493,9.678283
ISIC_0072538,2.9154143,10.216975
ISIC_0072557,7.267478,5.230764
ISIC_0072559,2.631057,10.730104
ISIC_0072565,3.400741,6.344747
ISIC_0072568,8.20741,9.3311825
ISIC_0072569,3.5729628,7.729383
ISIC_0072574,6.1875825,4.4528246
ISIC_0072585,10.680064,9.204368
ISIC_0072586,6.9009366,6.6035967
ISIC_0072594,6.296176,8.039497
ISIC_0072595,3.9969163,10.1129465
ISIC_0072612,6.770509,4.37382
ISIC_0072619,7.47349,8.171004
ISIC_0072624,2.8080075,7.0701675
ISIC_0072626,4.228423,10.52752
ISIC_0072631,9.759793,10.741683
ISIC_0072641,3.3251872,7.694351
ISIC_0072642,6.864877,10.53672
ISIC_0072653,0.9267363,9.420486
ISIC_0072689,8.895589,11.214558
ISIC_0072691,7.6361527,9.451069
ISIC_0072694,4.4585123,9.182138
ISIC_0072705,6.4268775,6.8418565
ISIC_0072713,2.0125039,8.26355
ISIC_0072714,4.5931044,5.5633626
ISIC_0072730,2.8692636,7.177697
ISIC_0072733,2.8650367,6.985033
ISIC_0072738,7.481177,6.5262365
ISIC_0072743,4.076344,8.234375
ISIC_0072747,7.782466,4.7541
ISIC_0072748,4.224884,8.451029
ISIC_0072753,2.565063,7.7675624
ISIC_0072755,7.3213215,7.3092084
ISIC_0072758,6.4881697,7.160281
ISIC_0072763,8.844478,11.303426
ISIC_0072768,5.0257473,4.1969347
ISIC_0072773,10.382997,9.941693
ISIC_0072780,7.71777,6.9952793
ISIC_0072783,6.8625016,11.228297
ISIC_0072785,8.62444,11.195175
ISIC_0072793,9.859926,10.060774
ISIC_0072799,7.1656823,8.788076
ISIC_0072820,5.6882734,7.5282984
ISIC_0072824,5.2628136,4.8734226
ISIC_0072827,6.5509915,6.375626
ISIC_0072828,6.1761937,6.547983
ISIC_0072843,5.686944,5.2042766
ISIC_0072844,7.166058,9.250556
ISIC_0072845,3.172871,4.6206665
ISIC_0072862,7.60371,5.496888
ISIC_0072865,2.7321637,9.865286
ISIC_0072872,2.058678,7.995641
ISIC_0072876,10.036502,6.9780045
ISIC_0072887,7.924777,6.613944
ISIC_0072889,2.4900777,5.746516
ISIC_0072896,8.630076,11.498389
ISIC_0072909,0.90106595,8.092519
ISIC_0072917,5.291737,9.070155
ISIC_0072923,4.5266566,5.6514854
ISIC_0072924,2.95558,10.308431
ISIC_0072930,7.411682,6.904211
ISIC_0072939,4.9803033,7.101178
ISIC_0072961,4.631086,6.4633374
ISIC_0072966,5.4520617,6.817241
ISIC_0072968,3.1346834,6.595233
ISIC_0072976,1.9289439,9.141936
ISIC_0072977,3.6442814,5.8776503
ISIC_0072983,8.240741,6.5437164
ISIC_0072985,9.586382,9.503532
ISIC_0072990,4.908688,10.203344
ISIC_0072991,2.0015368,7.4516487
ISIC_0073007,3.4964528,10.088287
ISIC_0073016,1.6975207,6.6487727
ISIC_0073018,2.3971965,6.9172344
ISIC_0073038,1.2911844,8.403265
ISIC_0073044,6.3424363,9.361411
ISIC_0073054,3.1464658,9.543184
ISIC_0073065,10.761494,8.470494
ISIC_0073075,9.241891,8.965837
ISIC_0073078,2.916128,9.760173
ISIC_0073089,3.380834,8.633733
ISIC_0073102,9.537581,9.563721
ISIC_0073119,9.740881,9.6740055
ISIC_0073124,4.933683,7.5070033
ISIC_0073127,1.4246551,9.7781105
ISIC_0073134,3.1856475,9.400108
ISIC_0073136,6.2560353,7.502537
ISIC_0073143,5.7638445,8.852831
ISIC_0073147,7.7651095,11.12225
ISIC_0073156,6.9803944,10.951841
ISIC_0073173,2.9528515,5.484711
ISIC_0073190,7.2770977,5.720731
ISIC_0073191,5.445898,7.090643
ISIC_0073194,10.801611,9.500519
ISIC_0073203,8.716582,7.2855077
ISIC_0073204,5.7560816,7.991008
ISIC_0073218,6.143186,9.330684
ISIC_0073227,6.0574594,9.062289
ISIC_0073231,4.1973705,10.16282
ISIC_0073237,3.808576,10.54979
ISIC_0073238,4.655802,6.9998918
ISIC_0073241,6.6454134,4.8694377
ISIC_0073249,4.218849,4.860833
ISIC_0077281,7.4338193,9.27326
ISIC_0080539,3.1309466,6.650415
ISIC_0124902,5.645672,6.684682
ISIC_0133200,2.173766,9.954961
ISIC_0140502,4.0572195,5.1330934
ISIC_0149568,4.8530607,7.918503
ISIC_0151466,5.505044,10.76554
ISIC_0168716,6.405362,7.040086
ISIC_0178428,8.135541,7.138922
ISIC_0186998,8.432854,9.923899
ISIC_0188432,5.4917855,9.279461
ISIC_0202119,8.727738,9.748009
ISIC_0202238,4.410919,10.349945
ISIC_0207268,8.435771,9.36004
ISIC_0220438,7.4722495,6.200088
ISIC_0232101,8.338372,8.530595
ISIC_0245720,3.439042,8.769603
ISIC_0247330,9.762847,7.20867
ISIC_0250839,5.6177273,7.9251933
ISIC_0255566,6.304117,9.305681
ISIC_0261253,2.348249,10.099472
ISIC_0269622,4.8950825,5.7282424
ISIC_0272509,3.0789886,8.760094
ISIC_0273046,7.1272492,9.241409
ISIC_0274382,2.8283043,8.235709
ISIC_0274411,4.6045103,5.8757634
ISIC_0280912,7.72306,8.045833
ISIC_0286360,4.878075,5.6445074
ISIC_0287325,3.2401855,9.281577
ISIC_0292899,8.5644,7.6736035
ISIC_0294150,4.9805593,9.812619
ISIC_0308880,2.0146503,6.7592535
ISIC_0320008,5.9256735,7.503882
ISIC_0323009,3.6451006,5.167085
ISIC_0327070,6.6204762,6.986859
ISIC_0327406,8.044335,10.108072
ISIC_0333091,6.9494414,9.540973
ISIC_0337631,7.779711,9.370486
ISIC_0346815,3.6194098,9.388578
ISIC_0351666,5.8380322,5.7661386
ISIC_0353247,5.567811,9.630211
ISIC_0369831,4.7041945,7.2879696
ISIC_0375034,7.6741977,10.11501
ISIC_0393283,1.9086006,6.867559
ISIC_0404417,1.5012712,8.896346
ISIC_0429825,5.116223,9.822261
ISIC_0450792,5.668303,5.708249
ISIC_0450997,3.2049165,5.2253695
ISIC_0456176,3.6649873,8.56362
ISIC_0457344,8.4602995,9.617058
ISIC_0467617,8.796571,9.714458
ISIC_0470699,4.499424,9.336815
ISIC_0472123,3.296263,7.3622704
ISIC_0474387,8.768694,8.155163
ISIC_0481105,9.848726,7.364875
ISIC_0489267,3.5047705,7.883157
ISIC_0501108,6.298793,6.4861474
ISIC_0502582,1.7482604,7.7769055
ISIC_0504165,7.605166,9.723354
ISIC_0508777,3.5613363,7.4340262
ISIC_0528044,4.1785297,8.676485
ISIC_0533122,3.0494509,7.616217
ISIC_0542765,4.5462546,4.3880997
ISIC_0553265,2.8474083,7.303551
ISIC_0558060,6.3225055,8.48897
ISIC_0559335,7.4975123,7.6459703
ISIC_0572205,8.211837,8.959228
ISIC_0585534,4.358432,5.9840584
ISIC_0587728,3.818698,6.9519577
ISIC_0588352,6.2772803,9.297605
ISIC_0598073,1.4098799,9.406127
ISIC_0599463,4.083902,7.839013
ISIC_0599605,3.0371823,8.974251
ISIC_0602633,3.8659112,6.591942
ISIC_0606244,6.6462793,7.3803587
ISIC_0616448,2.2679794,8.992649
ISIC_0624498,8.36187,7.556568
ISIC_0638700,9.621856,8.178495
ISIC_0639769,6.657281,6.5609493
ISIC_0645454,10.237018,7.5620527
ISIC_0647224,6.5535617,10.861858
ISIC_0648545,0.9702156,9.154624
ISIC_0651228,9.942772,9.792741
ISIC_0662000,5.8444166,9.057832
ISIC_0662485,4.584447,5.939066
ISIC_0681019,9.826902,7.6186395
ISIC_0699088,4.613101,8.595281
ISIC_0703440,8.48252,9.597635
ISIC_0705477,8.091662,9.362994
ISIC_0715696,4.9358664,3.969628
ISIC_0722605,5.4108157,7.3195534
ISIC_0744013,2.6177013,8.570426
ISIC_0750046,4.842971,4.9714093
ISIC_0758444,3.7316675,5.0773635
ISIC_0779920,5.4180007,9.746696
ISIC_0789191,8.697884,8.973951
ISIC_0799972,4.619808,8.005567
ISIC_0823269,7.4743857,5.791117
ISIC_0831898,8.320603,8.9379015
ISIC_0833889,7.1963453,7.329183
ISIC_0844312,7.6161747,7.0071325
ISIC_0851414,8.340019,9.822525
ISIC_0852832,1.8448727,8.651264
ISIC_0855174,3.1459405,6.908094
ISIC_0862745,2.3460934,9.712608
ISIC_0873174,9.549667,7.9637556
ISIC_0903411,5.519146,5.452609
ISIC_0911264,9.011355,10.492177
ISIC_0914168,6.2737107,6.9286447
ISIC_0915404,8.013759,8.621035
ISIC_0924427,3.328893,4.9119062
ISIC_0929180,5.8635397,9.550032
ISIC_0946787,5.694008,10.150682
ISIC_0952472,2.7302508,9.674733
ISIC_0953317,4.0431633,7.952887
ISIC_0959325,5.356417,9.228637
ISIC_0961235,10.088418,9.989941
ISIC_0961778,5.782393,7.896734
ISIC_0962121,2.6792574,9.837451
ISIC_0969723,7.58822,10.3971405
ISIC_0981639,9.178735,8.569903
ISIC_0984817,3.7939694,7.4423485
ISIC_0990298,4.10093,7.9080577
ISIC_1000616,4.812902,9.932456
ISIC_1009042,9.500953,7.8073635
ISIC_1012044,6.4832883,6.7048345
ISIC_1023256,4.8370533,7.51049
ISIC_1037315,5.1478834,9.514928
ISIC_1040820,6.1194377,4.642553
ISIC_1047011,4.3698487,7.964203
ISIC_1056436,7.569441,9.420484
ISIC_1068686,6.347416,9.198761
ISIC_1071355,5.490273,8.034867
ISIC_1077735,8.251639,7.6264763
ISIC_1091442,0.90522015,9.133864
ISIC_1099075,5.145503,8.531405
ISIC_1110583,10.044345,9.656152
ISIC_1110743,4.5660086,5.644043
ISIC_1116303,2.1304474,10.577411
ISIC_1116483,4.9724483,6.3767686
ISIC_1121888,3.0458455,9.8784895
ISIC_1124434,8.281546,9.035904
ISIC_1126401,3.944685,10.010453
ISIC_1132496,5.2772503,9.111388
ISIC_1157032,10.1658535,8.234965
ISIC_1166740,7.713551,7.463143
ISIC_1177153,7.864244,9.503184
ISIC_1177505,4.883922,8.284249
ISIC_1192769,5.425347,7.395566
ISIC_1201025,7.3018966,8.660762
ISIC_1203272,7.9396996,9.576726
ISIC_1210011,2.7051716,9.211021
ISIC_1231419,9.964867,8.296769
ISIC_1234126,9.49781,9.575168
ISIC_1235469,8.274814,8.002149
ISIC_1241817,5.8556337,4.8074784
ISIC_1247683,2.9869058,9.517768
ISIC_1254469,10.410825,9.1069975
ISIC_1255336,5.0993314,9.31309
ISIC_1262790,7.264255,5.876494
ISIC_1264034,7.133113,8.841381
ISIC_1269448,4.247098,8.503444
ISIC_1271507,3.5270329,5.0757494
ISIC_1297252,2.881147,6.247926
ISIC_1301476,8.019989,6.8437614
ISIC_1320438,6.764219,6.9236903
ISIC_1330008,9.860867,9.828708
ISIC_1330381,5.875404,10.622241
ISIC_1338061,4.3744893,10.1542845
ISIC_1343302,5.416648,10.319062
ISIC_1356715,6.420231,11.088683
ISIC_1372928,5.007081,8.836248
ISIC_1388552,8.801461,8.090241
ISIC_1389226,3.4019544,6.106778
ISIC_1398333,7.8023353,9.030742
ISIC_1400695,6.0226254,8.382661
ISIC_1412843,6.4062543,11.090762
ISIC_1423737,3.7553375,9.828484
ISIC_1427295,5.767872,7.0145655
ISIC_1427578,5.460905,5.9518557
ISIC_1440160,2.404509,9.646601
ISIC_1449628,3.2371306,5.2391715
ISIC_1452632,9.030597,9.197056
ISIC_1454751,4.25176,10.031384
ISIC_1460169,6.44233,5.404065
ISIC_1460932,10.203341,9.497661
ISIC_1473522,8.476007,9.135824
ISIC_1483720,2.4103866,5.688737
ISIC_1484659,10.278816,8.001627
ISIC_1486861,8.025981,8.167055
ISIC_1490894,6.0805173,7.342781
ISIC_1558504,5.3442736,9.670616
ISIC_1560324,3.606386,7.6406317
ISIC_1564663,7.365672,9.39673
ISIC_1566428,5.0740657,7.331267
ISIC_1569119,3.3396783,9.004047
ISIC_1578878,4.196729,6.0306597
ISIC_1589997,5.389229,7.775152
ISIC_1601532,2.4787772,10.815523
ISIC_1605629,6.493048,8.231101
ISIC_1605945,5.1869974,9.35
ISIC_1616031,5.332193,10.906558
ISIC_1620401,8.338225,6.6797094
ISIC_1627619,4.6992097,5.9845595
ISIC_1630301,6.687301,9.206744
ISIC_1633321,5.056549,8.999938
ISIC_1635231,9.248089,10.586783
ISIC_1642069,6.080849,7.6577477
ISIC_1654342,7.524971,8.134716
ISIC_1658397,4.100944,8.968221
ISIC_1670692,1.4112023,8.924762
ISIC_1675975,5.291408,6.7024503
ISIC_1684127,3.6598358,8.75412
ISIC_1685962,3.6301472,8.780067
ISIC_1693572,8.018563,9.195418
ISIC_1694285,6.3083234,7.8023357
ISIC_1694817,7.5580735,9.372774
ISIC_1698942,4.0430207,9.111206
ISIC_1699688,3.5329585,8.383779
ISIC_1701883,2.8572514,6.359824
ISIC_1706912,3.6788826,8.75751
ISIC_1728564,4.3008523,9.481119
ISIC_1729223,9.690093,9.997542
ISIC_1729396,4.9486322,6.263375
ISIC_1733178,7.077554,8.661401
ISIC_1752943,6.350795,10.202134
ISIC_1753011,4.164153,5.9016304
ISIC_1764844,4.8139067,4.9220247
ISIC_1776777,2.6671581,10.046205
ISIC_1778959,4.4665003,10.735905
ISIC_1785627,6.1773715,10.160767
ISIC_1791643,7.4709425,7.966114
ISIC_1810807,8.801341,8.844807
ISIC_1813577,4.1955624,6.603408
ISIC_1814941,3.9042466,8.9189625
ISIC_1816965,7.549909,8.56688
ISIC_1818238,2.952934,8.652463
ISIC_1822107,3.3877394,10.37064
ISIC_1822797,8.427752,9.139858
ISIC_1850674,6.045106,8.725826
ISIC_1866770,3.2613475,8.619665
ISIC_1870415,5.625139,9.9214525
ISIC_1876217,5.5408273,7.5629463
ISIC_1881133,5.1675696,9.826478
ISIC_1908890,6.809145,7.966112
ISIC_1909053,3.606543,6.8069744
ISIC_1910468,7.76722,10.059354
ISIC_1916169,2.159944,10.05199
ISIC_1930795,9.69237,8.735628
ISIC_1935227,6.1143713,7.849983
ISIC_1939413,3.6153522,6.0128636
ISIC_1948545,5.2083645,8.858618
ISIC_1956504,5.9704614,9.248513
ISIC_1959939,5.5548153,5.947427
ISIC_1968416,4.049315,5.115184
ISIC_1968421,10.106554,7.303525
ISIC_1970988,2.4729795,7.844141
ISIC_1975042,8.574216,10.221062
ISIC_1977937,2.692894,6.0005383
ISIC_1994166,4.710281,9.420182
ISIC_2000766,7.735098,9.294376
ISIC_2003991,6.068876,9.298654
ISIC_2010889,2.4182363,10.056222
ISIC_2033237,1.2562793,9.413972
ISIC_2068188,4.4762726,5.9197025
ISIC_2070728,6.9401956,10.295241
ISIC_2071966,6.2784142,4.983656
ISIC_2072219,10.701694,8.726179
ISIC_2076526,10.45866,7.8447456
ISIC_2077116,9.33528,10.353867
ISIC_2079571,4.69584,8.60993
ISIC_2097603,3.2758455,4.822853
ISIC_2098553,6.77126,6.0115705
ISIC_2101624,6.70272,8.692619
ISIC_2105563,10.696357,8.874556
ISIC_2108849,4.034314,6.9630857
ISIC_2126660,5.0152664,7.635757
ISIC_2128061,8.504322,7.9819255
ISIC_2135474,8.157228,9.037695
ISIC_2141237,1.6110986,8.852945
ISIC_2144690,4.8554993,5.94096
ISIC_2149878,7.750773,8.734258
ISIC_2153041,7.260172,10.53128
ISIC_2153401,6.6562314,7.87704
ISIC_2153686,6.0313535,9.182912
ISIC_2170268,0.63689417,7.4353952
ISIC_2176112,8.307045,6.408231
ISIC_2177103,8.552122,8.350829
ISIC_2179705,2.8101907,7.8436
ISIC_2185005,10.167843,9.1631975
ISIC_2190396,9.279333,9.383831
ISIC_2196575,2.1471784,8.799018
ISIC_2198823,2.4928687,10.179238
ISIC_2200197,2.9550743,8.575823
ISIC_2204976,8.985425,8.818294
ISIC_2211948,7.7081337,11.253267
ISIC_2212637,3.1879659,4.8620186
ISIC_2220505,3.0341947,8.116775
ISIC_2222084,3.7544613,6.6624084
ISIC_2226191,3.6034737,8.277819
ISIC_2230091,10.56682,8.187981
ISIC_2232442,5.6213737,9.2533
ISIC_2243107,5.4191613,4.986142
ISIC_2243756,5.0132732,7.525865
ISIC_2255411,7.8709335,7.5824795
ISIC_2267440,3.7826655,10.321616
ISIC_2268341,3.071874,8.955168
ISIC_2272218,9.3494625,8.452991
ISIC_2277714,8.934374,10.187734
ISIC_2286443,4.1237144,5.4348903
ISIC_2305541,5.499628,11.201681
ISIC_2309271,7.6798925,6.6053205
ISIC_2310935,4.4479585,8.915642
ISIC_2318474,6.7452025,9.7641735
ISIC_2320481,1.5110757,9.321183
ISIC_2337531,5.665414,7.9622297
ISIC_2339295,3.944337,5.101419
ISIC_2339761,6.0325756,5.903608
ISIC_2340958,3.2123144,5.6113057
ISIC_2341309,7.906471,8.782635
ISIC_2342769,5.433881,6.132785
ISIC_2351999,0.9282969,9.198283
ISIC_2362051,4.3856416,7.961157
ISIC_2364150,2.9857771,8.645357
ISIC_2367098,6.392057,10.217148
ISIC_2368188,6.4549375,6.935227
ISIC_2368449,7.735107,7.674813
ISIC_2377844,8.497772,10.148722
ISIC_2406492,5.7681756,11.1928625
ISIC_2412113,5.404043,10.398511
ISIC_2421565,3.0474412,6.2776933
ISIC_2425757,4.273945,8.862688
ISIC_2427899,3.348996,7.0858502
ISIC_2433965,8.740608,9.347071
ISIC_2434588,4.7431593,7.1556296
ISIC_2437633,8.716026,6.8525295
ISIC_2438481,7.8841176,4.2723317
ISIC_2447578,10.167471,7.58429
ISIC_2448897,5.751857,4.6127567
ISIC_2465799,4.6070876,8.8994
ISIC_2468476,7.6521635,9.071141
ISIC_2481044,8.217035,10.244539
ISIC_2496140,2.786478,7.3001146
ISIC_2505335,2.466354,9.373437
ISIC_2513018,2.5012279,7.129023
ISIC_2525084,2.570977,9.098289
ISIC_2528358,4.83915,10.003347
ISIC_2535541,6.0263796,4.8686805
ISIC_2556057,1.7903628,8.119513
ISIC_2558169,3.5595248,5.859871
ISIC_2560699,5.660966,7.5904984
ISIC_2561898,3.6240168,8.0472765
ISIC_2565206,3.00205,8.454674
ISIC_2574924,7.013989,10.063167
ISIC_2577849,8.992804,10.161513
ISIC_2594715,9.183635,10.211835
ISIC_2607827,8.874568,7.867639
ISIC_2609984,10.615145,8.603423
ISIC_2619021,4.553678,9.191217
ISIC_2637608,9.095344,7.4582644
ISIC_2646829,5.4981117,7.291114
ISIC_2663597,8.762475,9.480495
ISIC_2668481,6.7441883,7.7907915
ISIC_2685593,5.3140388,8.249529
ISIC_2697083,7.8075733,6.529215
ISIC_2700320,7.5649476,9.452999
ISIC_2710427,1.8666667,8.238207
ISIC_2717192,7.245371,9.363844
ISIC_2720971,8.459022,8.39654
ISIC_2724529,6.877596,9.898305
ISIC_2742711,5.2050724,4.926674
ISIC_2750230,6.7344317,9.283551
ISIC_2757332,7.8944345,7.902976
ISIC_2757355,6.859582,6.8175817
ISIC_2757370,5.1408963,9.943664
ISIC_2766590,9.149078,7.9741616
ISIC_2772824,6.909448,7.3325043
ISIC_2776906,4.334891,9.229499
ISIC_2779036,1.8404912,9.191834
ISIC_2792717,4.82967,8.978084
ISIC_2793180,3.1925225,10.306937
ISIC_2797353,10.196759,8.287604
ISIC_2801005,7.5229626,10.7188425
ISIC_2814689,2.0559494,7.9212723
ISIC_2818959,3.2120657,8.68724
ISIC_2822718,6.1812835,10.997683
ISIC_2823287,6.162684,7.7478747
ISIC_2824922,3.200446,8.723032
ISIC_2826181,4.5372252,7.387852
ISIC_2837581,3.3014526,6.5740523
ISIC_2839742,6.2547455,8.491147
ISIC_2841788,2.3054821,10.082465
ISIC_2843665,6.050946,5.1954637
ISIC_2844539,10.1947365,7.6758065
ISIC_2850215,2.209077,10.090605
ISIC_2857128,3.07215,8.415795
ISIC_2861132,4.4568763,9.375503
ISIC_2863863,5.5249896,5.5431776
ISIC_2867416,7.9142823,10.058849
ISIC_2867998,6.2796073,7.92108
ISIC_2871230,3.9870963,6.920102
ISIC_2879057,3.703103,7.8097663
ISIC_2883463,5.9070582,9.44916
ISIC_2883756,1.9041207,9.011145
ISIC_2884038,6.529972,6.560502
ISIC_2884112,8.050641,4.1941295
ISIC_2900150,7.5830703,5.913959
ISIC_2916754,8.823568,7.846486
ISIC_2937642,8.565081,8.37569
ISIC_2957465,5.6873055,9.941675
ISIC_2957732,7.7965255,10.529162
ISIC_2958480,7.515823,9.432142
ISIC_2966808,5.2721243,6.763833
ISIC_2967024,6.4554043,9.21614
ISIC_2974214,7.74923,7.693879
ISIC_2975580,6.0953755,7.648243
ISIC_2979177,3.550303,5.684331
ISIC_2979268,7.6056933,10.534744
ISIC_2979795,7.645548,6.771964
ISIC_2987613,4.3810554,4.592136
ISIC_3016243,4.9658604,7.0025754
ISIC_3023646,4.276627,7.636687
ISIC_3025889,5.8104267,7.6181245
ISIC_3028754,4.1275816,8.524305
ISIC_3030394,7.6441183,8.566424
ISIC_3033701,9.30712,7.6632185
ISIC_3035927,6.928139,6.6247206
ISIC_3045480,5.664093,9.821959
ISIC_3045939,6.3572083,6.182919
ISIC_3046271,7.4269876,8.357294
ISIC_3056854,6.1052203,4.453074
ISIC_3065032,8.086793,9.985794
ISIC_3068885,1.1541054,9.550092
ISIC_3077674,8.344198,7.954227
ISIC_3084312,4.253293,7.470966
ISIC_3094758,5.636606,7.115657
ISIC_3108597,2.4063454,5.743211
ISIC_3110126,8.800486,6.999183
ISIC_3137117,4.6128316,5.365361
ISIC_3143079,2.8042185,6.0775275
ISIC_3147084,5.1849823,9.002614
ISIC_3159924,7.877885,6.9828906
ISIC_3162213,4.016843,8.514136
ISIC_3174039,2.8899212,7.3642354
ISIC_3176105,3.1402917,5.190674
ISIC_3192152,2.8903072,5.762164
ISIC_3197211,5.628916,9.311307
ISIC_3203344,10.509279,8.981837
ISIC_3204703,6.6347857,9.681749
ISIC_3207651,4.5544314,8.886914
ISIC_3235131,6.565334,10.4066305
ISIC_3236033,6.2370973,9.911385
ISIC_3241636,2.593922,9.299435
ISIC_3244067,8.718356,9.979251
ISIC_3248418,4.0179143,4.513074
ISIC_3249814,2.8968322,5.5186915
ISIC_3253484,5.2208614,5.2637305
ISIC_3259871,4.0070624,6.157989
ISIC_3265514,3.7961152,10.026741
ISIC_3268800,8.756591,7.143996
ISIC_3275875,7.961802,8.467604
ISIC_3281565,3.0986655,6.191029
ISIC_3286186,5.6522346,7.72448
ISIC_3301933,9.353123,7.938792
ISIC_3320667,3.320838,5.440416
ISIC_3323866,3.1316602,7.6867685
ISIC_3327928,2.3163772,8.654149
ISIC_3331737,4.1626563,7.0225353
ISIC_3335354,2.0026677,9.950038
ISIC_3335904,7.5878396,8.243087
ISIC_3338629,3.9063947,6.8328657
ISIC_3343475,6.0260897,3.9601908
ISIC_3352464,6.179427,5.9055376
ISIC_3381026,5.0254054,4.913466
ISIC_3389695,10.065924,8.94034
ISIC_3391427,8.306795,9.470512
ISIC_3399306,2.9141207,9.122328
ISIC_3404294,10.631815,8.345133
ISIC_3408231,6.100572,5.9824166
ISIC_3412012,8.328229,7.524924
ISIC_3412801,2.5377848,9.01628
ISIC_3427218,1.4337835,9.83121
ISIC_3433909,3.9103498,5.5801396
ISIC_3435596,4.2567167,7.4534597
ISIC_3436033,5.077851,8.784282
ISIC_3440239,3.7648566,5.352026
ISIC_3440759,1.256127,9.540961
ISIC_3446357,3.4308646,8.398625
ISIC_3450017,8.654464,6.517349
ISIC_3464344,5.967897,9.290002
ISIC_3469595,9.085927,8.431033
ISIC_3475660,2.833244,8.534103
ISIC_3476246,6.7359004,9.477889
ISIC_3478473,5.9383516,9.880761
ISIC_3481499,6.772918,7.0422287
ISIC_3491406,4.192709,7.9833703
ISIC_3510420,6.5338326,8.7147455
ISIC_3511086,2.717697,7.9301205
ISIC_3517311,3.0302923,9.11223
ISIC_3522656,6.043564,8.326647
ISIC_3535003,7.48353,9.663457
ISIC_3540915,6.7668223,6.9882064
ISIC_3541529,8.599998,8.1566105
ISIC_3544253,3.381713,6.1404123
ISIC_3544463,3.105339,5.750146
ISIC_3545006,2.3945572,5.7345705
ISIC_3559219,6.7417064,6.540378
ISIC_3561065,5.6072984,8.207025
ISIC_3570575,3.4569817,8.829494
ISIC_3576876,2.0241613,6.788017
ISIC_3578300,6.303855,6.6018333
ISIC_3587674,5.567281,9.268776
ISIC_3590167,8.938561,7.607633
ISIC_3598192,7.194171,8.635053
ISIC_3622555,9.79287,7.9199395
ISIC_3635831,2.81243,9.510176
ISIC_3642019,3.4960072,9.0407095
ISIC_3665449,5.3688555,6.2679753
ISIC_3666865,3.118356,6.6116223
ISIC_3666967,9.241764,10.598817
ISIC_3667052,3.220251,8.25481
ISIC_3670069,2.9989855,8.3309
ISIC_3677029,5.579077,7.122516
ISIC_3689252,8.150951,7.4691896
ISIC_3690890,2.114367,9.544546
ISIC_3696488,5.965064,7.633091
ISIC_3698441,2.9057314,9.379353
ISIC_3704603,4.969476,7.6410093
ISIC_3719985,6.5495715,6.676161
ISIC_3733653,7.6093216,7.535566
ISIC_3736336,7.8052826,10.000571
ISIC_3738751,2.8024805,8.343355
ISIC_3740014,1.6657525,8.794016
ISIC_3750329,6.682281,5.4272285
ISIC_3763984,7.7481766,8.361038
ISIC_3773277,4.120582,9.858341
ISIC_3775417,10.104792,9.384414
ISIC_3778192,5.5469637,6.6095333
ISIC_3783659,6.4980493,9.006269
ISIC_3796317,5.062535,7.234335
ISIC_3803651,7.102875,8.879373
ISIC_3807230,7.1316175,6.632373
ISIC_3817719,5.016683,5.533071
ISIC_3824206,4.8277407,10.544161
ISIC_3842916,7.2686415,9.790141
ISIC_3880022,6.2250133,8.513298
ISIC_3883863,6.884138,8.118956
ISIC_3891136,3.8012626,8.970355
ISIC_3895426,4.649423,4.5853653
ISIC_3909039,8.659337,7.8368936
ISIC_3915890,5.0177274,6.3637342
ISIC_3933164,8.944578,6.8149257
ISIC_3936223,3.8368313,6.695764
ISIC_3941123,5.4557176,4.9696927
ISIC_3944634,8.638833,6.8054714
ISIC_3951937,4.5579534,6.011855
ISIC_3957660,1.8395392,10.10625
ISIC_3963183,10.418853,8.229814
ISIC_3965087,3.4692671,8.571382
ISIC_3969411,1.3349127,9.504879
ISIC_3976496,3.9677515,8.35447
ISIC_3979826,2.8266857,8.616836
ISIC_3985031,5.4787655,9.234998
ISIC_3993924,7.064092,6.8598
ISIC_3994385,7.7405276,6.728793
ISIC_3996796,8.07384,9.233478
ISIC_4000481,3.250822,8.176062
ISIC_4005082,5.510208,5.4692874
ISIC_4009870,5.413356,8.990701
ISIC_4027194,8.659103,9.781613
ISIC_4048896,5.309765,10.133526
ISIC_4064478,2.0032876,8.747449
ISIC_4092287,6.8178887,5.2921367
ISIC_4097868,5.798811,8.915847
ISIC_4117748,1.8339332,8.324052
ISIC_4118006,10.247126,7.7113976
ISIC_4119530,7.4243374,9.0243845
ISIC_4120174,3.7729132,7.019077
ISIC_4122691,3.3679502,8.843268
ISIC_4152922,10.666527,8.418165
ISIC_4163686,7.7632504,10.299247
ISIC_4168419,2.9383945,6.4460473
ISIC_4170698,5.95877,7.843706
ISIC_4171657,4.254304,6.2643924
ISIC_4176718,5.9119844,8.200275
ISIC_4177450,3.0549579,6.4080143
ISIC_4184681,1.2655135,9.65119
ISIC_4207959,5.968616,6.8901196
ISIC_4210924,5.0217004,10.154722
ISIC_4212047,4.9850035,6.9448366
ISIC_4212546,5.648543,7.8312097
ISIC_4221304,10.395531,9.4974785
ISIC_4223155,8.743378,9.253312
ISIC_4223497,0.9308733,8.917255
ISIC_4229473,3.677523,9.019854
ISIC_4230049,0.9271769,9.060805
ISIC_4235575,5.906926,7.4104724
ISIC_4249493,5.8633547,9.14906
ISIC_4258047,3.4527073,8.806501
ISIC_4266533,7.825498,7.787226
ISIC_4276255,5.503077,7.942136
ISIC_4277953,6.8226924,9.622167
ISIC_4282399,5.825317,7.4028106
ISIC_4301676,3.0536473,7.621953
ISIC_4301916,8.92408,8.014927
ISIC_4346693,3.0556698,8.588098
ISIC_4347535,7.8759665,8.763334
ISIC_4349272,7.2588086,6.1457024
ISIC_4352505,6.164768,8.212925
ISIC_4359352,5.993827,4.5814214
ISIC_4362713,3.1419897,8.950391
ISIC_4375866,7.9256268,6.833673
ISIC_4377208,6.177666,10.343467
ISIC_4378189,5.2075562,8.878293
ISIC_4398011,3.841203,7.3656673
ISIC_4404772,6.276256,7.358202
ISIC_4407852,4.1428776,7.1137805
ISIC_4408559,5.6475334,4.6358733
ISIC_4408961,10.473036,8.091919
ISIC_4411858,2.338806,7.626981
ISIC_4412550,6.8525167,7.7610464
ISIC_4425322,9.477725,9.644744
ISIC_4425657,6.404728,8.846891
ISIC_4427247,0.7076588,8.93186
ISIC_4439054,4.540745,9.317887
ISIC_4461272,7.1533613,6.73846
ISIC_4464389,7.8248167,8.536811
ISIC_4467312,6.084189,6.8313975
ISIC_4469476,9.835726,7.2446413
ISIC_4482349,5.956394,5.823605
ISIC_4485467,3.4980545,7.109431
ISIC_4493482,5.980624,3.8513486
ISIC_4508878,3.0564835,8.387618
ISIC_4510530,5.240917,9.240984
ISIC_4525317,6.909295,8.499291
ISIC_4529513,4.7155147,5.885466
ISIC_4530856,5.384519,7.381288
ISIC_4547332,9.037194,9.702135
ISIC_4572891,4.8307934,4.5880423
ISIC_4590186,8.01856,8.697241
ISIC_4597293,2.8460488,9.376106
ISIC_4615762,7.322012,10.723294
ISIC_4619789,6.8808208,7.5170636
ISIC_4619903,6.642543,9.992215
ISIC_4633843,6.015267,7.4658666
ISIC_4643793,3.809638,9.636452
ISIC_4647281,5.3189,7.4333696
ISIC_4653503,6.451373,10.623522
ISIC_4676270,7.193929,6.809589
ISIC_4688289,3.629432,10.468624
ISIC_4691689,5.5566096,10.365955
ISIC_4699695,6.3464174,8.968686
ISIC_4703321,8.575759,10.332564
ISIC_4719387,8.984089,9.665017
ISIC_4730066,10.414167,8.01215
ISIC_4733114,8.033551,4.232592
ISIC_4746369,1.484911,8.940025
ISIC_4750271,5.2041464,10.051021
ISIC_4775986,2.339133,5.7147818
ISIC_4780727,3.3682175,6.7506666
ISIC_4781223,3.8780327,7.475034
ISIC_4810142,8.113997,7.96193
ISIC_4810227,7.4383073,9.89121
ISIC_4813568,7.501188,8.00976
ISIC_4839117,3.6178365,5.398834
ISIC_4842587,8.341547,8.015338
ISIC_4851185,4.6249695,8.120595
ISIC_4851366,8.755933,7.0581584
ISIC_4867646,9.322241,9.804527
ISIC_4868339,8.024225,4.2529764
ISIC_4874581,4.835543,7.648061
ISIC_4891117,4.919092,4.1112485
ISIC_4905375,4.2981396,9.033647
ISIC_4907655,8.022242,4.346715
ISIC_4916704,3.398281,6.366011
ISIC_4936662,8.832543,7.2116714
ISIC_4938994,6.5363407,10.4185705
ISIC_4953281,10.343079,7.8588905
ISIC_4957310,5.0852036,7.7873015
ISIC_4960784,5.334451,9.47796
ISIC_4961146,3.6458375,8.6138315
ISIC_4967361,3.1928098,8.558982
ISIC_4967564,2.8636837,8.6202545
ISIC_4967586,3.4871182,8.745151
ISIC_4968384,4.45599,6.0086284
ISIC_4969277,7.921748,4.2682304
ISIC_4975524,4.845119,6.524936
ISIC_4980656,6.1915064,4.9724703
ISIC_4981914,2.9969018,5.577959
ISIC_4982046,2.5234678,8.27775
ISIC_4985027,8.697457,8.440493
ISIC_5003828,6.7133975,7.363805
ISIC_5010212,7.5708427,10.005983
ISIC_5015551,0.70691735,7.1874127
ISIC_5019119,7.7004604,9.191188
ISIC_5021861,10.127305,9.241009
ISIC_5024302,5.675331,5.078567
ISIC_5033005,7.448974,6.2426558
ISIC_5036772,5.02563,7.7870474
ISIC_5037784,7.4160905,7.0292597
ISIC_5044438,8.504595,8.294514
ISIC_5044571,2.4908705,9.217674
ISIC_5045600,6.077445,7.488554
ISIC_5046082,3.5458212,7.4632864
ISIC_5082179,2.827921,5.524495
ISIC_5084113,3.915674,6.1777334
ISIC_5086349,6.7761636,5.752069
ISIC_5086721,6.0584025,7.497031
ISIC_5089962,7.5993,9.696792
ISIC_5091996,10.428513,9.583286
ISIC_5095180,5.63523,10.017484
ISIC_5127249,8.540489,7.890347
ISIC_5129659,5.702995,11.100848
ISIC_5137933,7.823435,5.924407
ISIC_5140952,10.711589,8.605986
ISIC_5144687,6.372052,7.464868
ISIC_5147292,9.493348,10.329373
ISIC_5156491,4.4083953,9.015238
ISIC_5163263,8.248655,6.7767916
ISIC_5167209,7.0270343,10.54131
ISIC_5172576,7.0088534,8.632541
ISIC_5182952,7.976073,6.5080447
ISIC_5191344,10.245737,7.5753736
ISIC_5216586,4.0262785,9.250789
ISIC_5224517,2.3731444,6.392189
ISIC_5224960,6.8291817,7.889825
ISIC_5247560,2.6775098,8.735094
ISIC_5253746,5.1595955,8.517768
ISIC_5258657,6.2512383,6.15179
ISIC_5260050,6.5544147,5.461502
ISIC_5267208,5.9931793,9.291088
ISIC_5272223,3.714384,10.5472555
ISIC_5273210,5.6741,7.4687314
ISIC_5281117,3.6732183,5.089564
ISIC_5286801,6.712563,8.431139
ISIC_5288393,6.7602043,8.742389
ISIC_5289849,1.927878,8.905312
ISIC_5292024,3.3815591,10.382627
ISIC_5296963,5.5695353,10.377769
ISIC_5306850,5.577875,10.174396
ISIC_5312996,9.356706,10.286797
ISIC_5315062,2.5860922,9.840067
ISIC_5330187,1.8186032,8.644162
ISIC_5343231,8.501407,8.314976
ISIC_5350216,9.201863,9.705194
ISIC_5352496,7.091703,8.212555
ISIC_5356475,5.6621118,4.6474075
ISIC_5363974,4.892572,7.2068157
ISIC_5367118,6.7862,7.6490917
ISIC_5369000,3.6628976,5.857924
ISIC_5388184,4.3501797,7.7198796
ISIC_5391607,5.565659,7.070051
ISIC_5391758,5.5695314,11.252253
ISIC_5395518,7.591657,9.031471
ISIC_5415749,3.4693503,9.465733
ISIC_5415761,3.3071537,8.957856
ISIC_5418441,3.7819557,5.2845335
ISIC_5423259,9.648923,10.354203
ISIC_5425721,6.1712866,9.109161
ISIC_5426249,9.198429,7.3500957
ISIC_5434661,5.8801823,8.634434
ISIC_5442968,7.712287,8.737304
ISIC_5449076,5.2100596,9.874007
ISIC_5452980,6.8268332,5.5341825
ISIC_5461210,4.9120965,10.544679
ISIC_5461797,7.8281674,8.451926
ISIC_5481480,7.3478355,7.3092065
ISIC_5495413,9.25058,10.356122
ISIC_5505677,4.7130795,7.569563
ISIC_5509679,4.4599276,8.814056
ISIC_5511054,6.2816525,10.171474
ISIC_5527224,8.15476,7.410274
ISIC_5531874,4.3063993,9.003721
ISIC_5533992,3.6403582,7.8575416
ISIC_5534730,6.3370595,7.1042395
ISIC_5539423,4.2317348,6.5660667
ISIC_5541499,8.445996,6.9485674
ISIC_5565758,7.328933,6.714365
ISIC_5573077,6.3064637,5.843885
ISIC_5576354,1.6518204,9.0082655
ISIC_5581297,8.0185375,8.2998
ISIC_5581931,5.792332,4.9721518
ISIC_5582910,4.8798327,4.0080047
ISIC_5585090,7.1396065,10.571086
ISIC_5602826,4.755228,6.5493507
ISIC_5605645,6.3967004,6.584026
ISIC_5608178,7.6533127,6.32903
ISIC_5610304,3.1436515,4.9598446
ISIC_5612133,3.398949,8.508548
ISIC_5619562,2.4372141,5.7885017
ISIC_5620802,10.5102415,9.314496
ISIC_5628874,3.0016575,10.825242
ISIC_5642824,4.7269654,6.8030305
ISIC_5646747,5.474172,7.4638042
ISIC_5647607,3.0797694,5.022871
ISIC_5648033,4.9083247,9.431943
ISIC_5658925,4.8458514,3.9948826
ISIC_5664695,8.465416,8.149535
ISIC_5667461,7.920481,8.111748
ISIC_5669463,3.1278496,5.2411413
ISIC_5673518,6.2929826,7.761995
ISIC_5699993,6.453709,7.289956
ISIC_5700648,6.031785,4.4334507
ISIC_5704967,3.0725942,5.038489
ISIC_5709512,3.1493664,8.075368
ISIC_5711232,5.2715993,9.6120405
ISIC_5714835,5.2694664,10.343676
ISIC_5719436,10.372348,8.137254
ISIC_5732201,6.6383038,10.432298
ISIC_5744196,10.325193,8.781244
ISIC_5745126,2.382224,9.562395
ISIC_5747486,5.666,10.688097
ISIC_5747942,9.626193,8.102592
ISIC_5752865,1.5381396,9.147488
ISIC_5762714,5.3834586,6.2607117
ISIC_5763228,2.6868129,10.009379
ISIC_5771780,1.4781677,9.758942
ISIC_5774484,6.9131227,7.0267525
ISIC_5776649,3.7468233,7.851563
ISIC_5785135,4.4851346,8.062507
ISIC_5791954,4.9093566,10.221902
ISIC_5795436,6.8430295,8.098737
ISIC_5797062,7.230867,8.598164
ISIC_5801650,9.4093275,9.783388
ISIC_5820693,7.4322314,10.157728
ISIC_5829938,5.597663,7.634492
ISIC_5839875,4.247098,6.323824
ISIC_5841971,7.2192464,9.663725
ISIC_5847821,7.9782267,6.809977
ISIC_5862918,6.4089065,9.140428
ISIC_5863574,7.934621,9.479835
ISIC_5864088,6.999969,5.660444
ISIC_5867911,4.413743,5.870244
ISIC_5868291,2.0581279,9.112155
ISIC_5889858,5.860274,5.6666765
ISIC_5892763,2.396516,8.621556
ISIC_5912360,2.074743,9.879605
ISIC_5915244,10.618296,8.458554
ISIC_5920681,6.191884,8.337521
ISIC_5922588,2.51958,10.7916155
ISIC_5983500,5.5158978,6.184018
ISIC_5988562,4.62172,4.608058
ISIC_5994923,9.835973,10.7854
ISIC_5998475,6.1303062,8.102265
ISIC_6004197,4.173494,8.982739
ISIC_6012573,4.27082,8.794544
ISIC_6013467,7.882973,8.517169
ISIC_6016537,5.613563,6.007148
ISIC_6024335,4.164495,9.739681
ISIC_6034442,9.262126,10.161797
ISIC_6038463,5.201511,7.192418
ISIC_6044114,5.9377074,6.608643
ISIC_6046943,8.872454,9.437913
ISIC_6048752,2.3806891,7.9778132
ISIC_6056121,8.396052,9.168474
ISIC_6059520,6.138975,9.311323
ISIC_6066292,3.4709294,6.015929
ISIC_6089318,7.3545113,7.520405
ISIC_6090497,4.15367,4.9902086
ISIC_6096565,8.309171,8.283352
ISIC_6099563,7.6416535,10.092536
ISIC_6099785,5.527131,9.08651
ISIC_6110888,1.2582101,7.5469995
ISIC_6119202,5.2185206,10.06068
ISIC_6124481,5.3418016,4.5415015
ISIC_6125652,4.5553875,6.9158387
ISIC_6126704,4.918874,5.301318
ISIC_6133338,8.081442,6.7332363
ISIC_6135643,8.215261,8.130539
ISIC_6159600,4.977554,8.937662
ISIC_6172037,6.121706,10.388353
ISIC_6184891,6.292167,6.303113
ISIC_6190621,7.8341036,9.007702
ISIC_6193654,8.578802,8.171532
ISIC_6210303,2.930631,5.535913
ISIC_6220625,6.346229,8.368902
ISIC_6228963,5.0780163,9.682982
ISIC_6248008,5.4394736,7.3003764
ISIC_6251753,4.420315,8.094809
ISIC_6255113,5.6433573,7.2966814
ISIC_6269166,2.9254928,9.161889
ISIC_6269738,3.4122958,5.2703295
ISIC_6275817,3.8169503,8.727025
ISIC_6278273,1.1158749,9.510714
ISIC_6278558,8.941666,9.603317
ISIC_6285925,4.6888447,9.740012
ISIC_6288607,5.4901676,5.535812
ISIC_6291375,3.4519024,9.108875
ISIC_6299036,2.3267121,10.119585
ISIC_6300866,5.3571444,7.956542
ISIC_6307097,6.2439404,10.435476
ISIC_6313487,5.6257615,9.322422
ISIC_6321476,10.640417,8.42747
ISIC_6348638,8.810817,8.683895
ISIC_6352565,8.018196,8.152781
ISIC_6364782,2.8533468,9.121521
ISIC_6366417,9.437238,6.841267
ISIC_6369740,3.9007173,7.4647064
ISIC_6378347,5.8057904,8.202199
ISIC_6381819,2.0051863,6.624943
ISIC_6392461,6.316728,10.293309
ISIC_6398283,8.883702,8.25452
ISIC_6398669,9.318735,9.31478
ISIC_6410570,1.8832898,8.937946
ISIC_6410859,6.876318,7.4707212
ISIC_6415722,9.198908,8.911618
ISIC_6427430,5.3924675,9.937728
ISIC_6428004,2.9209845,8.216709
ISIC_6450034,7.1187363,9.910377
ISIC_6471282,7.3913364,9.5538435
ISIC_6496251,3.148169,10.257892
ISIC_6496370,2.4580746,10.807919
ISIC_6509682,8.634331,7.766954
ISIC_6512653,3.3136194,7.4089127
ISIC_6516710,7.4714637,8.054251
ISIC_6526489,8.36211,8.959456
ISIC_6529350,7.783103,6.4862895
ISIC_6535558,9.31512,10.171837
ISIC_6539127,8.75266,9.7195425
ISIC_6541615,6.042402,9.040893
ISIC_6549364,3.0500724,7.3359766
ISIC_6550602,2.4395099,5.617777
ISIC_6555290,5.799073,10.216946
ISIC_6556373,4.9606004,7.044109
ISIC_6561111,6.4692664,7.3478055
ISIC_6563304,10.023527,7.7957563
ISIC_6578433,4.5340896,5.292467
ISIC_6581411,6.081398,6.729176
ISIC_6584579,8.000813,8.092766
ISIC_6586433,8.665027,7.312807
ISIC_6596926,4.9303274,6.578733
ISIC_6603938,9.499351,9.103183
ISIC_6618014,9.214226,9.667407
ISIC_6620377,5.933488,11.256156
ISIC_6620748,5.7138863,11.0609045
ISIC_6625102,10.797952,9.441088
ISIC_6634951,7.266337,7.7998586
ISIC_6635963,7.2967386,10.527686
ISIC_6646939,5.8401775,10.919744
ISIC_6666090,4.3674636,4.729675
ISIC_6668093,5.7431564,7.623784
ISIC_6671773,4.896006,8.498186
ISIC_6674797,5.25216,9.476579
ISIC_6683697,9.560408,9.277317
ISIC_6688417,8.5604515,9.784046
ISIC_6689453,7.456788,5.0145264
ISIC_6692344,8.509702,7.751748
ISIC_6695831,1.4446032,9.403713
ISIC_6707573,7.6743083,6.57146
ISIC_6713432,2.3230395,8.869392
ISIC_6714082,5.2646985,10.257525
ISIC_6720909,2.930655,9.129675
ISIC_6736963,8.307643,8.25092
ISIC_6747251,5.1798997,6.987503
ISIC_6752882,3.7113457,5.0870852
ISIC_6767569,2.6650212,6.4897513
ISIC_6784593,9.609959,8.332497
ISIC_6785680,9.140511,7.2868514
ISIC_6786198,8.435474,8.886538
ISIC_6809586,4.468176,8.149832
ISIC_6811237,8.968761,7.311913
ISIC_6814727,8.150706,9.191767
ISIC_6819805,4.5272985,6.988192
ISIC_6833525,6.7833495,8.555479
ISIC_6841294,3.1936355,8.555534
ISIC_6850912,6.2012806,10.475591
ISIC_6851408,4.0439515,5.813501
ISIC_6873657,3.046216,9.739623
ISIC_6875745,1.7366998,9.633798
ISIC_6881589,2.939508,10.901272
ISIC_6892280,4.713958,4.947053
ISIC_6892286,9.903842,9.034541
ISIC_6904082,9.6084795,7.8818264
ISIC_6904950,5.914509,6.772223
ISIC_6912369,3.8664966,6.1506476
ISIC_6925729,7.78201,7.837108
ISIC_6927840,3.1328359,9.352871
ISIC_6931277,5.052424,7.6508675
ISIC_6931629,4.5909743,10.022304
ISIC_6945634,9.545879,9.287812
ISIC_6959281,5.1281333,9.012182
ISIC_6961503,5.9930177,8.477593
ISIC_6966001,7.5452,10.762424
ISIC_6967412,5.2831616,9.917738
ISIC_6971606,7.8375635,9.302565
ISIC_6982386,6.0467463,10.422364
ISIC_6993040,2.2996166,7.433254
ISIC_7000719,1.3066399,9.769105
ISIC_7003002,5.5246716,5.4552536
ISIC_7010159,5.9245014,7.9175673
ISIC_7010755,6.1246176,7.0474067
ISIC_7035246,6.6476007,10.450882
ISIC_7045012,4.382927,5.4926114
ISIC_7062201,3.5886738,5.1964893
ISIC_7064511,2.7929006,8.396769
ISIC_7070020,3.7144256,10.383945
ISIC_7074321,4.653574,10.803874
ISIC_7075474,8.153493,4.8426504
ISIC_7075768,1.5226068,9.184469
ISIC_7079349,6.7252064,9.398345
ISIC_7080469,6.9105234,9.323144
ISIC_7081819,8.056214,4.16399
ISIC_7084754,1.9529583,6.8465776
ISIC_7085235,2.4352722,9.082662
ISIC_7092052,6.0122976,6.368752
ISIC_7097931,8.126536,9.394237
ISIC_7098141,5.344914,6.284372
ISIC_7100755,2.5863795,9.9511
ISIC_7101732,5.793483,10.436915
ISIC_7110531,8.206895,8.059226
ISIC_7130929,9.086292,8.4155855
ISIC_7146293,2.8870826,9.165892
ISIC_7146494,6.6722593,7.5061836
ISIC_7170025,3.0182204,7.46277
ISIC_7181296,6.46054,8.340635
ISIC_7183212,7.342617,6.6023464
ISIC_7190243,8.597485,8.825769
ISIC_7195248,3.1585202,8.71626
ISIC_7202197,5.259661,9.624671
ISIC_7205745,7.6451316,10.600502
ISIC_7218890,6.624929,6.142295
ISIC_7235128,5.638126,9.019944
ISIC_7239902,5.462909,9.905012
ISIC_7253401,6.222846,10.492592
ISIC_7254359,6.2043924,6.6838098
ISIC_7261174,9.683167,8.875556
ISIC_7265673,2.5962415,9.157299
ISIC_7285359,3.8034122,5.0425534
ISIC_7287303,7.30514,10.594469
ISIC_7293518,7.1024504,9.53428
ISIC_7303630,5.503682,7.416185
ISIC_7312977,6.662696,10.265951
ISIC_7317366,6.017419,7.3414354
ISIC_7320371,4.434178,7.562784
ISIC_7321503,4.514238,4.7458572
ISIC_7327423,3.1620085,9.419439
ISIC_7334939,3.4153683,7.567756
ISIC_7338073,7.2047544,9.520686
ISIC_7338502,6.0962334,9.513061
ISIC_7346228,5.211469,5.2829776
ISIC_7349440,10.32757,7.816232
ISIC_7352298,5.591811,8.508552
ISIC_7353870,3.400568,9.519209
ISIC_7356320,6.774338,7.6540055
ISIC_7365059,8.757729,9.570607
ISIC_7371801,4.8180814,8.088568
ISIC_7372719,3.9033654,6.8549967
ISIC_7373164,6.192035,6.547422
ISIC_7376452,2.7659457,8.12676
ISIC_7399648,3.341727,8.370559
ISIC_7410175,4.196414,7.2740307
ISIC_7412327,5.336008,10.042079
ISIC_7423595,7.473815,9.194372
ISIC_7429994,6.336716,9.762787
ISIC_7443971,9.858556,10.138598
ISIC_7453676,1.5213073,8.761778
ISIC_7457700,6.372918,9.129009
ISIC_7460887,2.0737789,8.945632
ISIC_7462953,4.165146,7.0258245
ISIC_7465137,8.701212,7.7947226
ISIC_7466678,6.075287,5.040368
ISIC_7472087,2.7151337,7.3823376
ISIC_7473000,6.9653807,6.9022727
ISIC_7489564,3.1103637,8.259265
ISIC_7490240,9.48478,10.4005575
ISIC_7503950,6.824992,9.744202
ISIC_7520843,6.64029,10.494502
ISIC_7536704,6.444095,10.402239
ISIC_7541596,6.302381,6.523416
ISIC_7542458,7.917434,6.6148696
ISIC_7545691,3.7875547,5.3725543
ISIC_7545731,8.824359,8.051747
ISIC_7546219,5.35155,10.083511
ISIC_7548342,2.708686,7.4469357
ISIC_7554287,1.7118393,8.970043
ISIC_7560933,9.761379,7.7805686
ISIC_7563950,2.839938,8.081147
ISIC_7564517,3.5116441,5.178488
ISIC_7573463,2.9738,9.047878
ISIC_7577395,8.564676,7.254708
ISIC_7594243,8.60752,7.8612394
ISIC_7599710,3.027128,7.086336
ISIC_7612992,9.25686,9.875445
ISIC_7614221,6.8569317,8.052592
ISIC_7626256,4.902973,9.099657
ISIC_7636412,9.864501,9.693385
ISIC_7638974,4.656708,10.617211
ISIC_7640631,3.9594274,7.981828
ISIC_7643593,4.7022495,10.885918
ISIC_7657322,6.318703,7.5989633
ISIC_7658729,9.398356,9.502413
ISIC_7660163,6.985356,7.041206
ISIC_7662910,6.1440606,5.226455
ISIC_7666432,4.2790313,5.0493484
ISIC_7680948,3.9842405,7.5939493
ISIC_7682533,6.8652906,8.086497
ISIC_7683106,5.5455317,5.585295
ISIC_7693611,7.1874,9.726352
ISIC_7695263,2.5281277,9.831418
ISIC_7713609,1.9982892,8.974996
ISIC_7715671,1.6031164,9.765951
ISIC_7718206,3.3097854,8.3957
ISIC_7724762,1.8969146,10.102282
ISIC_7747712,3.1460178,9.536119
ISIC_7748311,2.2344248,9.519449
ISIC_7755096,8.441869,9.533586
ISIC_7759222,7.940913,10.666985
ISIC_7763042,9.793947,9.492343
ISIC_7784876,0.74851567,9.111888
ISIC_7785723,7.837737,7.3347993
ISIC_7788318,4.307919,10.5503435
ISIC_7800750,1.1490743,9.593591
ISIC_7808341,2.2353835,6.7301435
ISIC_7808642,5.37021,10.880943
ISIC_7809510,6.0034933,3.9536006
ISIC_7816675,7.284578,6.93003
ISIC_7824315,7.5513363,7.7213287
ISIC_7839712,9.907724,9.224771
ISIC_7844825,7.657657,7.181063
ISIC_7851081,2.1565325,10.234477
ISIC_7854404,1.9730595,8.781176
ISIC_7872595,5.212707,9.990606
ISIC_7880400,4.1433797,7.836283
ISIC_7889097,8.830607,8.92863
ISIC_7890222,5.8948817,6.7985897
ISIC_7893518,4.342361,7.761953
ISIC_7897925,8.789932,9.669336
ISIC_7898880,7.956211,6.9890976
ISIC_7899041,4.5453157,4.621363
ISIC_7899387,4.940737,4.0040216
ISIC_7904829,2.6959848,7.5791736
ISIC_7913874,8.7817335,8.850805
ISIC_7914631,6.734082,9.851058
ISIC_7922830,5.4582844,4.4306645
ISIC_7927389,9.610092,9.41686
ISIC_7927525,7.886114,10.638064
ISIC_7936755,4.6541896,5.1173
ISIC_7939816,8.087934,7.237937
ISIC_7940557,8.41827,8.187803
ISIC_7942881,3.6840947,8.866392
ISIC_7948290,10.169914,9.38431
ISIC_7949783,10.6785,9.163851
ISIC_7952870,7.173354,9.680679
ISIC_7960321,8.088438,6.517335
ISIC_7960869,7.7719975,6.5887628
ISIC_7961365,7.4702053,9.897828
ISIC_7966639,1.8320279,9.759171
ISIC_7973598,9.516179,8.784743
ISIC_7993345,8.480946,8.2091875
ISIC_8002875,3.8151367,4.6592736
ISIC_8006211,3.3646755,10.270309
ISIC_8008539,3.4143229,8.119787
ISIC_8009536,6.8603015,5.542095
ISIC_8011058,6.493789,7.747619
ISIC_8021816,5.3555927,7.1254063
ISIC_8026822,4.727117,10.295195
ISIC_8027280,2.740902,9.24777
ISIC_8027899,5.5991435,11.173013
ISIC_8040024,6.4350348,9.576184
ISIC_8040663,5.1307645,7.695552
ISIC_8059429,6.8945527,7.4847894
ISIC_8066110,10.27522,10.032985
ISIC_8071637,5.258956,10.087143
ISIC_8073555,4.600446,6.6812654
ISIC_8077139,4.1381216,6.4042044
ISIC_8087949,7.943358,7.071947
ISIC_8106899,4.9528184,8.239136
ISIC_8124900,2.85226,7.8936214
ISIC_8138363,6.746956,9.297535
ISIC_8145348,5.8641496,8.192885
ISIC_8157239,7.0399356,6.893434
ISIC_8157654,6.585352,7.641546
ISIC_8167374,8.431457,8.912098
ISIC_8172822,4.669661,6.8457737
ISIC_8172964,5.884517,9.142889
ISIC_8173252,8.191476,9.193775
ISIC_8187734,4.2383556,8.702839
ISIC_8191057,4.8764277,10.026598
ISIC_8194835,7.903,7.8889384
ISIC_8204363,6.6195602,8.131849
ISIC_8207974,4.791191,9.890594
ISIC_8225781,4.369478,7.2824354
ISIC_8230318,5.6590486,7.6844563
ISIC_8231999,6.3132377,7.5088224
ISIC_8238755,6.6128716,10.468083
ISIC_8249854,2.0037541,9.240143
ISIC_8252406,3.5334456,6.668534
ISIC_8253057,7.8597083,8.333269
ISIC_8256480,9.041177,7.3970995
ISIC_8263489,4.3650975,9.191106
ISIC_8278036,9.43149,8.843688
ISIC_8278458,5.373681,6.4859543
ISIC_8278782,5.5050716,5.5407004
ISIC_8281208,3.7453632,10.1092
ISIC_8283552,6.3886137,6.8366985
ISIC_8293325,5.4883595,5.4148445
ISIC_8308321,8.820046,9.7515335
ISIC_8325226,10.219716,7.9571123
ISIC_8327076,8.590129,8.842559
ISIC_8344285,6.669024,7.417135
ISIC_8344345,6.6719737,8.667915
ISIC_8348262,7.890568,8.890151
ISIC_8350851,4.1391506,10.416724
ISIC_8355446,8.434183,7.8590455
ISIC_8362681,5.3755727,8.799929
ISIC_8372206,2.8446794,9.402705
ISIC_8379956,5.840571,6.6969547
ISIC_8381531,7.364627,6.710989
ISIC_8397285,7.0449424,8.362658
ISIC_8400587,6.0950637,8.368682
ISIC_8416462,7.8804665,10.758569
ISIC_8417873,5.4355993,7.668992
ISIC_8423180,4.841708,7.5642395
ISIC_8436194,6.6150656,9.365368
ISIC_8437493,3.5877469,7.6619368
ISIC_8446478,4.8933573,4.0338745
ISIC_8470330,3.2482142,8.499803
ISIC_8473293,1.6795998,9.189192
ISIC_8485716,6.1736875,10.972923
ISIC_8488027,3.3156884,7.6103578
ISIC_8493108,6.703733,8.322038
ISIC_8493254,1.1002901,9.711602
ISIC_8497457,4.2720976,8.547197
ISIC_8498489,3.103714,5.6062975
ISIC_8509219,1.4034417,8.075305
ISIC_8525826,2.5236747,9.191501
ISIC_8527092,6.4842024,7.5522857
ISIC_8545949,3.0971208,5.9284363
ISIC_8554769,4.8098483,8.54708
ISIC_8564474,4.48254,6.991011
ISIC_8566006,9.1836605,9.333449
ISIC_8592733,6.0414515,9.272422
ISIC_8593738,4.833384,8.670611
ISIC_8601570,5.6313133,7.336782
ISIC_8609756,5.653683,9.02972
ISIC_8615491,7.8401804,7.1474237
ISIC_8617277,7.4737854,6.8244996
ISIC_8617353,5.456006,8.110651
ISIC_8621568,8.165703,6.7286987
ISIC_8624049,9.218235,9.308484
ISIC_8627581,3.449371,9.39683
ISIC_8632904,2.960763,9.160779
ISIC_8641097,1.8032683,6.764478
ISIC_8647315,3.3754735,9.161603
ISIC_8651648,6.2765265,9.859725
ISIC_8653825,3.6936996,6.676974
ISIC_8667960,6.044473,7.7471833
ISIC_8671119,7.843401,8.803583
ISIC_8671596,7.662048,11.092649
ISIC_8672524,10.09244,8.209607
ISIC_8673290,6.7555265,6.391144
ISIC_8677053,7.934316,5.701389
ISIC_8685453,7.688497,10.730928
ISIC_8688192,4.92075,3.9647124
ISIC_8692218,8.651263,7.6787915
ISIC_8702237,10.192722,7.5329523
ISIC_8708106,2.9005709,9.006239
ISIC_8708918,9.078094,8.200092
ISIC_8710108,4.523952,6.3082747
ISIC_8724412,3.5353057,5.765869
ISIC_8724944,2.8181348,7.874648
ISIC_8732757,9.031542,8.6738615
ISIC_8733345,4.82213,10.50309
ISIC_8737794,6.195814,8.038922
ISIC_8738186,9.309035,9.208119
ISIC_8758404,8.36384,9.615123
ISIC_8758983,6.1362643,9.889399
ISIC_8766402,4.96394,5.7918587
ISIC_8769047,7.1105976,7.8623977
ISIC_8776516,8.058962,4.2029834
ISIC_8786983,0.8897894,7.2466273
ISIC_8789051,6.554356,5.7930408
ISIC_8792684,9.356742,10.454963
ISIC_8806986,6.0102654,7.1647005
ISIC_8821742,6.9083843,7.1507998
ISIC_8823228,8.131443,8.579706
ISIC_8838753,5.68107,11.054647
ISIC_8839128,5.715549,8.539753
ISIC_8851514,1.7023753,7.6500583
ISIC_8856365,4.2557125,9.2416525
ISIC_8859274,6.576876,6.3982334
ISIC_8864678,3.965997,8.984258
ISIC_8866651,1.5176721,9.541626
ISIC_8868249,6.107983,8.297943
ISIC_8872158,2.3485801,10.844814
ISIC_8882374,10.270782,7.771699
ISIC_8886139,3.4376006,8.818433
ISIC_8892236,5.809001,11.2333145
ISIC_8902296,3.6518965,9.677754
ISIC_8907232,8.112586,7.1694684
ISIC_8907509,6.0731645,4.4078193
ISIC_8918247,1.989388,8.135355
ISIC_8922893,8.399078,8.17508
ISIC_8943817,5.998907,6.7143745
ISIC_8951909,10.519289,9.107771
ISIC_8961478,9.19065,9.171987
ISIC_8961614,3.227843,8.61092
ISIC_8985109,7.0788703,7.6144333
ISIC_8990534,3.938521,9.685822
ISIC_8999351,8.515296,9.836499
ISIC_9000234,10.191634,8.501023
ISIC_9000824,3.0626907,7.803136
ISIC_9001948,9.443478,9.200619
ISIC_9006649,6.6465383,8.752876
ISIC_9008372,3.489047,5.1837144
ISIC_9022005,4.788295,7.945451
ISIC_9029938,1.3078016,8.919049
ISIC_9038318,4.557527,7.2930365
ISIC_9041525,6.035888,5.3880653
ISIC_9048507,8.795712,9.278008
ISIC_9051948,3.9446316,5.902628
ISIC_9052500,3.999023,7.047533
ISIC_9053910,9.932648,7.5797706
ISIC_9092169,6.1662674,8.811764
ISIC_9096150,6.9034944,6.8716207
ISIC_9101762,4.7955,7.424586
ISIC_9114248,7.0306063,8.012119
ISIC_9130035,2.0463119,7.8752556
ISIC_9130157,5.7671976,11.295816
ISIC_9141788,2.2274823,8.702699
ISIC_9144329,4.3009777,5.1010804
ISIC_9144852,4.2109585,5.382583
ISIC_9159477,3.1820679,5.8505836
ISIC_9164054,5.507433,9.201758
ISIC_9171793,2.8172483,7.940275
ISIC_9174580,9.207891,7.485618
ISIC_9176427,8.008039,10.483018
ISIC_9179044,7.5234766,6.443939
ISIC_9179884,3.888266,10.614234
ISIC_9183084,8.214757,9.058105
ISIC_9187524,4.337206,5.901901
ISIC_9193127,7.146344,7.518273
ISIC_9199429,2.654081,6.7405186
ISIC_9210086,3.9691956,6.7926993
ISIC_9210255,1.0051843,9.475345
ISIC_9214649,5.14635,6.656666
ISIC_9219356,9.077244,9.750841
ISIC_9227283,8.544555,6.0111094
ISIC_9233062,4.888689,4.0070176
ISIC_9235283,5.5899816,7.8030877
ISIC_9239978,3.779434,7.938378
ISIC_9254641,9.273735,9.9456835
ISIC_9266057,3.4849603,7.721343
ISIC_9268487,5.6321616,7.726961
ISIC_9274936,5.908394,6.020358
ISIC_9286292,5.580953,7.8514285
ISIC_9312164,6.522431,9.052715
ISIC_9315775,1.7188964,7.767956
ISIC_9317339,4.8199325,7.4691424
ISIC_9320992,5.3788023,9.958148
ISIC_9323485,1.6056074,9.171656
ISIC_9335652,4.177067,9.340387
ISIC_9337100,5.045948,6.943347
ISIC_9345094,8.939007,8.113281
ISIC_9353360,9.967137,7.3724923
ISIC_9367522,4.335822,5.850942
ISIC_9381298,7.7340026,6.662807
ISIC_9399586,7.0949626,5.9619546
ISIC_9419633,7.6485596,6.706238
ISIC_9420311,8.090368,9.563691
ISIC_9429943,9.043494,8.088046
ISIC_9432086,1.7107464,9.731351
ISIC_9434832,4.1170106,10.186166
ISIC_9445977,4.5962443,9.413193
ISIC_9456779,5.8559327,7.4758554
ISIC_9478088,5.0888066,7.7902207
ISIC_9485124,5.7221465,6.839926
ISIC_9495622,4.423588,5.1339283
ISIC_9505560,5.0896606,7.452618
ISIC_9509757,7.4124074,5.8387103
ISIC_9517555,3.4277358,4.73943
ISIC_9543045,6.212541,9.5493355
ISIC_9544832,4.2901106,8.90403
ISIC_9547725,7.2871776,6.5285544
ISIC_9556334,2.072939,7.451021
ISIC_9566132,5.5000463,7.516601
ISIC_9571842,5.446737,5.7077475
ISIC_9572761,5.9053516,8.767225
ISIC_9583969,4.000058,8.074848
ISIC_9585033,3.0079482,5.9116316
ISIC_9585329,6.6597524,6.7211003
ISIC_9593940,8.654511,7.3343315
ISIC_9596173,2.3994873,7.2921715
ISIC_9596721,3.0215232,9.023806
ISIC_9599992,7.8798766,6.258014
ISIC_9602954,6.673761,9.706317
ISIC_9626843,10.390565,9.317727
ISIC_9630889,5.1381817,8.126568
ISIC_9641059,4.182581,6.0377316
ISIC_9662611,3.6797125,5.4087844
ISIC_9668338,7.037598,10.21748
ISIC_9676644,6.9811807,8.0791235
ISIC_9677008,3.134773,10.10102
ISIC_9677503,7.198868,10.487047
ISIC_9677559,8.737971,9.706585
ISIC_9678778,5.9028683,9.11269
ISIC_9685931,9.888713,9.656231
ISIC_9693456,4.7537627,8.147044
ISIC_9724689,5.3602257,7.9248395
ISIC_9728499,1.7408221,9.025356
ISIC_9729042,7.1705766,7.532162
ISIC_9752088,4.3179135,8.874426
ISIC_9754098,3.9884636,10.721115
ISIC_9767305,2.1644583,7.2071395
ISIC_9770677,9.097542,9.442013
ISIC_9780632,8.402705,8.378736
ISIC_9785077,9.458868,6.605857
ISIC_9786863,8.211839,7.477666
ISIC_9800841,4.596967,6.039317
ISIC_9809482,3.4741213,10.350663
ISIC_9820266,5.830022,7.330733
ISIC_9821002,5.723244,7.5257683
ISIC_9828846,8.256374,6.154956
ISIC_9842532,2.851295,5.584017
ISIC_9859873,2.272172,10.110236
ISIC_9863642,2.9617884,4.7378864
ISIC_9866460,4.6691885,9.802537
ISIC_9869190,1.8955578,8.836594
ISIC_9870885,5.694024,8.53543
ISIC_9875364,3.5047815,8.127929
ISIC_9876533,3.047226,9.033413
ISIC_9881460,3.596714,9.787831
ISIC_9895318,3.2778232,6.1827807
ISIC_9900191,10.196771,7.8027487
ISIC_9907020,4.355854,4.9483333
ISIC_9908866,8.60823,9.761538
ISIC_9910791,6.16613,7.8858275
ISIC_9928278,6.246831,9.12708
ISIC_9930189,8.572993,9.398897
ISIC_9941666,4.407686,4.437826
ISIC_9942350,6.004158,8.551801
ISIC_9951988,4.7541537,5.388107
ISIC_9957368,7.1881137,8.660044
ISIC_9963177,7.602141,7.64198
ISIC_9967383,8.91335,7.888881
ISIC_9978107,6.5398064,9.026019
ISIC_9980216,7.3629956,6.3098574
ISIC_9992492,8.896164,10.050546
ISIC_9998682,4.9356637,6.4683366
