isic_id,umap_x,umap_y
ISIC_0000002,-1.2673336,0.006714656
ISIC_0000004,4.0717707,3.4632561
ISIC_0000013,4.9145436,-0.22189943
ISIC_0000022,-1.6954789,0.10600228
ISIC_0000026,-0.9629679,1.3254751
ISIC_0000029,0.4761539,-0.5495041
ISIC_0000030,1.7648381,2.242635
ISIC_0000031,4.168313,3.180379
ISIC_0000035,-0.19278,0.89589965
ISIC_0000036,2.1386278,1.7010777
ISIC_0000040,-1.4888251,-0.057231408
ISIC_0000046,-1.4013617,-0.02511614
ISIC_0000054,5.613179,0.464908
ISIC_0000056,0.16399519,0.17936607
ISIC_0000070,-1.6920067,-0.8087927
ISIC_0000076,6.2527056,3.4700782
ISIC_0000077,-1.0656656,0.21168838
ISIC_0000078,-0.99546,-1.2150325
ISIC_0000139,-2.3663008,1.5251627
ISIC_0000140,-1.0569164,0.77039886
ISIC_0000141,-0.8449505,1.4495363
ISIC_0000142,-2.3376186,1.377848
ISIC_0000143,-1.6700202,1.6506442
ISIC_0000144,-1.2851309,2.994381
ISIC_0000145,0.25862572,-0.7415116
ISIC_0000146,-1.5084058,2.3419442
ISIC_0000147,2.0165954,0.9491492
ISIC_0000148,-0.5888278,0.16981079
ISIC_0000149,0.18625765,0.22934039
ISIC_0000150,0.018018099,0.47442847
ISIC_0000151,1.3530254,2.185587
ISIC_0000152,5.114691,0.29304495
ISIC_0000153,6.0563,2.0579004
ISIC_0000154,0.58625406,0.9194781
ISIC_0000156,-0.7972085,0.37363243
ISIC_0000157,-2.261689,0.60004354
ISIC_0000158,-0.9019221,-0.017795913
ISIC_0000159,-1.979198,0.9873227
ISIC_0000163,-0.9741539,1.6192943
ISIC_0000165,-0.8309442,1.7599235
ISIC_0000168,-0.36781213,-0.32051015
ISIC_0000169,-0.22961435,-0.31883276
ISIC_0000170,-1.0185558,1.386065
ISIC_0000172,-1.8572463,0.3593425
ISIC_0000175,-2.1369054,1.1060606
ISIC_0000176,2.380536,3.321519
ISIC_0000276,-1.8451104,2.7550025
ISIC_0000277,-2.172774,0.31041265
ISIC_0000278,5.736235,2.4655726
ISIC_0000281,-1.9401163,1.564801
ISIC_0000282,-0.8425174,1.8982431
ISIC_0000283,-0.6970039,1.2422938
ISIC_0000287,-1.70322,1.7331569
ISIC_0000290,3.6833174,3.8005335
ISIC_0000291,-0.47908852,-0.12225858
ISIC_0000292,5.8074183,2.2294958
ISIC_0000294,0.55389524,0.7859875
ISIC_0000296,3.728798,1.601244
ISIC_0000305,1.281336,-0.5524498
ISIC_0000390,0.606469,1.197236
ISIC_0000393,0.40519476,-0.7735629
ISIC_0000394,4.989174,0.51014024
ISIC_0000395,1.7717462,1.4901713
ISIC_0000398,4.460731,0.025183504
ISIC_0000399,4.659894,1.1122012
ISIC_0000400,7.2097406,2.5181944
ISIC_0000401,7.4029055,3.3356187
ISIC_0000402,4.9020343,2.144118
ISIC_0000404,5.0898046,0.8280751
ISIC_0000405,2.4495485,0.63880783
ISIC_0000406,0.30384445,0.19452384
ISIC_0000410,-0.702501,-0.8133031
ISIC_0000411,1.2940421,1.3530425
ISIC_0000412,0.15193723,0.17687288
ISIC_0000413,0.60966724,0.42860603
ISIC_0000414,0.5232571,0.23934156
ISIC_0000415,7.840289,2.8052807
ISIC_0000417,3.5506992,2.4997842
ISIC_0000420,-0.06791632,2.1667624
ISIC_0000428,5.311689,4.3502297
ISIC_0000429,3.557494,1.9336396
ISIC_0000432,0.9960948,-1.239314
ISIC_0000434,-0.97521263,0.62185
ISIC_0000438,4.6278872,4.454772
ISIC_0000440,1.7711444,0.6559774
ISIC_0000441,-0.27885383,1.5225092
ISIC_0000444,1.1424271,0.52034193
ISIC_0000445,0.61557066,-1.5962218
ISIC_0000446,0.92807275,-0.00534953
ISIC_0000450,4.745075,1.1848154
ISIC_0000459,5.366766,2.2726746
ISIC_0000462,4.064812,2.2820833
ISIC_0000463,0.33771577,-0.87333906
ISIC_0000466,0.35628313,0.6474765
ISIC_0000469,2.4227145,-0.6928204
ISIC_0000482,-2.1218731,1.873544
ISIC_0000484,3.9992259,2.2079325
ISIC_0000487,4.338265,2.9663017
ISIC_0000502,1.9734911,0.049940754
ISIC_0000511,2.0591474,0.3593253
ISIC_0000513,3.5215633,1.4166466
ISIC_0000516,4.0385756,2.0323374
ISIC_0000517,-0.67083544,0.7234419
ISIC_0000518,-0.8052121,0.33439922
ISIC_0000519,-0.010432312,0.067858614
ISIC_0000520,0.44181335,-0.0964723
ISIC_0000521,0.6208607,1.1642275
ISIC_0000522,5.831308,4.240547
ISIC_0000531,-0.14872283,1.8100737
ISIC_0000533,-1.0356247,1.1699268
ISIC_0000547,5.1317463,2.341226
ISIC_0000548,6.1034985,2.1229284
ISIC_0000549,0.1382482,0.5165031
ISIC_0000552,5.758095,0.15804888
ISIC_0000553,4.069324,0.1134666
ISIC_0000554,4.4088745,2.7975464
ISIC_0000555,0.35071695,0.44786152
ISIC_0001100,1.0249664,3.2519102
ISIC_0001101,0.16289444,0.3325305
ISIC_0001102,5.8743634,0.70664
ISIC_0001103,-1.1293019,1.5954707
ISIC_0001105,-1.2537459,-1.3195817
ISIC_0001106,-1.7135901,1.633527
ISIC_0001108,6.443683,2.7545633
ISIC_0001110,6.2305923,0.76834214
ISIC_0001116,1.6310861,0.30251086
ISIC_0001118,-1.3236614,1.3454862
ISIC_0001119,-0.6123002,-1.478747
ISIC_0001121,-0.53661454,-0.4159139
ISIC_0001124,4.850473,1.1786702
ISIC_0001125,1.7469846,0.37391594
ISIC_0001126,0.068721995,-0.20742548
ISIC_0001127,3.2592697,2.66279
ISIC_0001128,-0.7744866,2.260744
ISIC_0001131,4.837174,3.1901584
ISIC_0001132,5.429032,2.6968877
ISIC_0001133,0.15210986,2.4266934
ISIC_0001134,-1.0885072,-1.5486273
ISIC_0001135,-2.1016998,0.90115666
ISIC_0001137,-0.08702249,0.18792519
ISIC_0001138,2.0180192,1.2805449
ISIC_0001140,-2.0546205,1.392953
ISIC_0001141,1.4014455,-0.51683307
ISIC_0001142,0.72212774,0.82867
ISIC_0001143,0.7901686,0.93414724
ISIC_0001148,-0.44169152,-0.087297834
ISIC_0001151,-0.46711272,1.1794003
ISIC_0001152,6.647863,1.5619268
ISIC_0001154,3.5103357,3.8513875
ISIC_0001157,4.743768,2.2452354
ISIC_0009868,0.4492906,-0.64763045
ISIC_0009890,1.7898427,0.51820046
ISIC_0009898,-0.1894262,1.9540905
ISIC_0009905,0.45181713,2.7609408
ISIC_0009913,4.622775,2.1472025
ISIC_0009916,3.3609648,0.87229884
ISIC_0009918,5.248391,3.7077982
ISIC_0009924,1.911776,-0.3594679
ISIC_0009927,3.0019646,3.3398647
ISIC_0009950,-1.8645353,1.7657206
ISIC_0009955,-0.17774096,-1.108554
ISIC_0009960,1.7336355,-0.98120177
ISIC_0009971,0.6075139,-1.7624378
ISIC_0009993,-2.3185248,1.2540288
ISIC_0010000,7.8070817,2.7753654
ISIC_0010007,5.684563,3.5097046
ISIC_0010011,-0.7479663,1.7941638
ISIC_0010016,0.25349757,-1.5811101
ISIC_0010023,-1.8911358,1.7045946
ISIC_0010024,0.34365648,-0.98673016
ISIC_0010029,0.35260454,0.096009254
ISIC_0010034,-2.3988771,0.8393265
ISIC_0010036,2.5690799,-0.3639173
ISIC_0010039,1.0945659,0.010327865
ISIC_0010049,0.21741767,1.3493065
ISIC_0010050,2.527009,1.1679276
ISIC_0010054,0.5488602,-0.12393829
ISIC_0010056,5.193678,2.1210153
ISIC_0010067,0.28365663,2.0056276
ISIC_0010080,-1.4183456,0.8570015
ISIC_0010081,4.4979115,2.62026
ISIC_0010089,-0.5901869,-1.1346222
ISIC_0010094,-1.6025814,2.6257675
ISIC_0010106,2.8194015,2.7367978
ISIC_0010119,1.7125347,2.197418
ISIC_0010120,4.6767254,1.7895875
ISIC_0010131,6.026073,4.3482976
ISIC_0010137,2.995224,4.099942
ISIC_0010140,-0.7123345,1.7686522
ISIC_0010145,-2.062591,1.8490095
ISIC_0010148,3.4706414,1.0782402
ISIC_0010162,0.99407166,0.7099212
ISIC_0010164,3.4274454,1.3836792
ISIC_0010165,5.623948,2.1523256
ISIC_0010171,-0.9283966,0.6010256
ISIC_0010174,-0.00930597,-0.6971453
ISIC_0010194,4.644867,1.613189
ISIC_0010207,1.7230349,1.6959746
ISIC_0010208,0.41888237,0.22017208
ISIC_0010210,1.3280964,-0.6768189
ISIC_0010225,-0.7522058,-0.21441533
ISIC_0010231,0.43865508,0.06300471
ISIC_0010235,5.039227,0.25859925
ISIC_0010240,0.55041873,1.9053699
ISIC_0010241,-1.151544,-0.25662425
ISIC_0010245,5.1882687,2.6756475
ISIC_0010251,-0.8891417,-1.6468235
ISIC_0010265,-0.03373929,0.67564696
ISIC_0010271,2.5986304,0.0621294
ISIC_0010280,-1.0440077,-1.067769
ISIC_0010283,-1.8542852,1.8608867
ISIC_0010288,4.6841145,1.4106658
ISIC_0010295,0.5825193,1.5614733
ISIC_0010299,-2.2000847,0.20644443
ISIC_0010313,-1.7461185,-0.36388522
ISIC_0010319,1.3527706,-0.9843271
ISIC_0010321,1.3952287,0.56266147
ISIC_0010322,6.7329803,3.0843492
ISIC_0010350,-2.5953295,1.5712526
ISIC_0010358,-0.4229794,2.5555174
ISIC_0010360,-2.2599125,0.43944287
ISIC_0010364,-1.1241511,1.216292
ISIC_0010366,6.0189714,3.155332
ISIC_0010369,2.961832,2.8033173
ISIC_0010372,-1.5280876,1.0452406
ISIC_0010380,1.7946609,3.3356025
ISIC_0010393,-0.44092652,0.598128
ISIC_0010394,-1.0928851,1.711657
ISIC_0010396,5.1310506,2.6318526
ISIC_0010397,-0.56209004,1.6962827
ISIC_0010398,-0.4495244,-0.27841762
ISIC_0010400,-1.3444083,1.1841258
ISIC_0010401,5.3009305,0.42829973
ISIC_0010402,4.939966,1.8818358
ISIC_0010407,6.143084,2.620217
ISIC_0010410,0.25626117,0.2353311
ISIC_0010413,6.10595,2.854977
ISIC_0010415,3.8899064,2.2840195
ISIC_0010417,6.189317,4.524558
ISIC_0010426,1.7649717,0.3570748
ISIC_0010432,-1.4999095,1.1217511
ISIC_0010441,5.064052,1.5298046
ISIC_0010466,0.2889169,-0.5855434
ISIC_0010468,1.4509443,0.8051144
ISIC_0010469,5.6063533,2.1985726
ISIC_0010470,3.563762,2.6028407
ISIC_0010476,0.71628374,-1.0714607
ISIC_0010482,2.8318055,2.4599307
ISIC_0010486,6.377969,3.4092464
ISIC_0010495,5.5278473,3.4851527
ISIC_0010514,0.03845531,2.6149461
ISIC_0010527,0.42934752,-1.581278
ISIC_0010532,2.8844883,1.3841041
ISIC_0010543,-2.0428264,0.9769362
ISIC_0010550,6.284151,3.9330287
ISIC_0010551,2.1440437,0.9825229
ISIC_0010555,5.028034,3.6491182
ISIC_0010559,6.536456,0.9241708
ISIC_0010564,2.4020774,1.3660512
ISIC_0010576,-0.88854027,0.878298
ISIC_0010579,2.0373435,0.25631538
ISIC_0010583,5.622191,2.6409855
ISIC_0010587,-0.62315017,3.0501194
ISIC_0010591,-0.01135034,1.2689369
ISIC_0010596,4.231175,0.6879593
ISIC_0010597,-0.95375204,1.0027158
ISIC_0010608,3.312878,1.1228681
ISIC_0010609,-1.0390328,-1.5130826
ISIC_0010611,5.8030243,2.115905
ISIC_0010631,7.7377033,4.2573667
ISIC_0010644,-0.62490636,1.3915746
ISIC_0010648,1.6259521,2.1281798
ISIC_0010653,2.913958,2.0942512
ISIC_0010655,2.3528152,3.8293025
ISIC_0010707,0.54873836,-1.721838
ISIC_0010714,3.5051959,3.2329223
ISIC_0010723,2.756349,2.6847234
ISIC_0010729,5.4164977,2.4688241
ISIC_0010741,2.8406584,3.2236252
ISIC_0010749,0.31588152,1.1571965
ISIC_0010750,0.31977323,0.57859564
ISIC_0010757,-0.6213717,0.5848523
ISIC_0010759,4.9321055,-0.1890311
ISIC_0010765,0.5611136,-1.3906893
ISIC_0010766,0.028731799,-1.6070732
ISIC_0010770,1.4537144,-0.1060938
ISIC_0010772,3.026915,-0.44096357
ISIC_0010777,3.1485965,4.291344
ISIC_0010782,6.160272,2.5006661
ISIC_0010784,5.70813,3.7580807
ISIC_0010785,-1.4025693,0.050347522
ISIC_0010789,-0.020750111,-0.85924494
ISIC_0010790,2.583382,0.70678896
ISIC_0010791,2.4696097,0.3980245
ISIC_0010792,1.4661301,2.2887726
ISIC_0010803,0.70099026,-0.8007472
ISIC_0010808,-0.5449146,0.8704478
ISIC_0010809,0.52099234,0.5830085
ISIC_0010810,5.3429694,4.4329996
ISIC_0010834,-1.0322142,1.9347634
ISIC_0010852,-0.7643967,-1.4234914
ISIC_0010860,-1.8899121,2.1927257
ISIC_0010862,1.8061233,4.018483
ISIC_0010863,5.764978,1.3689654
ISIC_0010866,7.6545305,2.9754186
ISIC_0010872,4.8438807,2.8335457
ISIC_0010876,0.00833922,0.96310675
ISIC_0010878,1.041362,-1.3502918
ISIC_0010883,2.365233,4.012418
ISIC_0010890,0.22023095,1.7653142
ISIC_0010898,4.5208726,1.6260148
ISIC_0010900,4.1546044,0.3542487
ISIC_0010912,3.3900995,2.4666886
ISIC_0010917,5.099878,1.0617687
ISIC_0010923,-0.10017405,0.575596
ISIC_0010942,1.2575225,1.2426314
ISIC_0010965,2.986468,2.6340294
ISIC_0010971,6.119006,4.5450344
ISIC_0010977,-0.13084725,0.3827005
ISIC_0010978,1.1027335,-0.9729666
ISIC_0010979,6.2181873,3.13816
ISIC_0010982,0.046975028,0.956916
ISIC_0010993,3.9030235,1.6135986
ISIC_0010995,-1.019391,2.8312619
ISIC_0011007,7.0374794,4.087407
ISIC_0011012,2.5720353,0.3004217
ISIC_0011030,1.9368091,3.6206894
ISIC_0011031,0.08703498,-0.29725268
ISIC_0011039,6.7406344,3.0446475
ISIC_0011040,2.840768,4.017655
ISIC_0011042,2.3215103,1.6503907
ISIC_0011043,5.9730396,3.8510516
ISIC_0011045,-1.6209697,0.31704557
ISIC_0011052,6.2767835,3.2317328
ISIC_0011057,-0.7259605,-1.7504076
ISIC_0011077,5.0939674,3.1762416
ISIC_0011099,-0.46886063,1.8290329
ISIC_0011118,1.3799527,0.46951565
ISIC_0011122,0.56231445,0.33819056
ISIC_0011128,1.5189114,1.0655314
ISIC_0011130,2.2596655,3.175461
ISIC_0011132,1.3279191,0.18283193
ISIC_0011135,0.13071951,1.9157134
ISIC_0011136,0.27445436,-0.62069917
ISIC_0011137,-2.4560874,1.5683304
ISIC_0011138,3.9101129,1.6985624
ISIC_0011139,2.9917576,0.5246563
ISIC_0011140,1.8250663,3.779904
ISIC_0011151,1.056291,0.50970566
ISIC_0011158,5.941502,4.280132
ISIC_0011161,3.079866,2.987634
ISIC_0011163,-1.0093999,-0.5300109
ISIC_0011166,1.9870049,1.8541046
ISIC_0011169,-0.7313209,2.3268929
ISIC_0011176,-2.3234181,0.8816124
ISIC_0011178,5.7139616,2.5807798
ISIC_0011181,4.0563836,2.0006726
ISIC_0011187,5.1880074,2.3226023
ISIC_0011193,3.8446605,2.0424795
ISIC_0011196,0.16718325,1.6033523
ISIC_0011209,5.588644,2.6970754
ISIC_0011238,6.1223035,2.5606167
ISIC_0011239,6.3969746,3.2232463
ISIC_0011247,4.4193544,2.7984004
ISIC_0011256,4.348588,3.297144
ISIC_0011264,1.5597446,0.9225422
ISIC_0011267,4.641427,4.558573
ISIC_0011268,1.3381587,0.47650188
ISIC_0011269,-0.048022147,3.124879
ISIC_0011273,4.549758,2.2548857
ISIC_0011305,0.991405,-1.0381547
ISIC_0011315,2.055502,2.7515976
ISIC_0011337,1.8494655,-0.60301584
ISIC_0011348,0.10372602,0.13408484
ISIC_0011350,1.5249709,1.3124211
ISIC_0011356,1.9160001,1.4015938
ISIC_0011366,-2.1745772,0.35911557
ISIC_0011370,5.394308,2.1445308
ISIC_0011374,0.92190576,1.2518682
ISIC_0011375,4.1392956,3.2488782
ISIC_0011381,6.5425334,4.009498
ISIC_0011387,2.6262252,-0.7594912
ISIC_0011388,0.73393124,0.95010024
ISIC_0011390,6.1709805,2.2781112
ISIC_0011391,2.308309,2.1647916
ISIC_0011399,5.4808216,3.8729348
ISIC_0011404,4.417672,0.80672336
ISIC_0011405,0.7978304,-0.726055
ISIC_0011428,-0.8867258,0.7062261
ISIC_0011434,3.09112,1.0583853
ISIC_0011435,3.073274,1.7307669
ISIC_0011437,-1.0197412,0.7214089
ISIC_0011438,0.62553215,1.492258
ISIC_0011439,0.43402234,1.5885539
ISIC_0011460,0.48886582,2.3956223
ISIC_0011463,1.9916098,1.1655821
ISIC_0011471,4.1413064,2.264327
ISIC_0011474,3.58885,0.56943756
ISIC_0011480,4.8353505,2.4520717
ISIC_0011481,0.2919164,0.2097527
ISIC_0011482,-0.4164721,-0.56567246
ISIC_0011483,1.1185753,0.70196736
ISIC_0011484,-0.49495474,-0.1695377
ISIC_0011485,2.1287541,0.53927326
ISIC_0011486,-0.0694849,-1.1857058
ISIC_0011487,5.7980037,2.3107862
ISIC_0011488,3.090961,0.74417883
ISIC_0011489,0.85835326,1.2136631
ISIC_0011490,-0.68304026,-0.1288583
ISIC_0011491,-1.141017,0.78013825
ISIC_0011492,6.549447,0.7087718
ISIC_0011493,4.4654307,0.10553481
ISIC_0011494,-1.1900243,0.37933537
ISIC_0011501,6.283024,2.6806507
ISIC_0011503,4.360784,-0.3107026
ISIC_0011504,-0.5153602,-0.542342
ISIC_0011505,5.5931582,1.1781113
ISIC_0011506,6.0564737,0.84625095
ISIC_0011507,3.1160376,0.10499698
ISIC_0011508,-2.4544299,0.37287048
ISIC_0011511,4.9982133,0.64458126
ISIC_0011514,6.1692176,1.0947396
ISIC_0011515,5.186244,0.5771913
ISIC_0011516,5.1226196,1.0131083
ISIC_0011517,6.220318,0.94114494
ISIC_0011518,6.1749005,1.2605536
ISIC_0011519,5.534344,0.5521093
ISIC_0011520,-0.87486345,0.39469376
ISIC_0011526,-2.1306174,0.028199257
ISIC_0011527,3.4762528,3.3452642
ISIC_0011528,3.4604077,3.3698554
ISIC_0011529,3.436155,3.3432405
ISIC_0011530,3.4689052,2.9994085
ISIC_0011531,3.1886568,3.5400095
ISIC_0011534,-0.40268552,-0.22817132
ISIC_0011537,1.4401275,0.85126984
ISIC_0011560,4.5351067,1.1108553
ISIC_0011566,5.926807,1.3688035
ISIC_0011579,5.8134184,1.8089678
ISIC_0011589,7.1310844,2.0383334
ISIC_0011590,7.051613,1.8289528
ISIC_0011591,7.1095605,1.9745094
ISIC_0011594,1.387727,0.5096351
ISIC_0011610,-1.7231175,2.3739555
ISIC_0011613,1.2232099,-0.29153633
ISIC_0011614,-0.39244035,-0.23166823
ISIC_0011615,0.19728416,-0.14312667
ISIC_0011616,-1.2463875,-0.12624021
ISIC_0011618,7.6833053,3.0657973
ISIC_0011628,1.3326223,0.86781174
ISIC_0011649,-1.9404703,0.0048630475
ISIC_0011659,6.0485964,0.6017222
ISIC_0011684,-0.83310956,0.98535156
ISIC_0011691,-0.44566184,0.26264518
ISIC_0011692,0.34518987,3.743481
ISIC_0011693,0.29583073,3.8890898
ISIC_0011694,0.4959426,-0.5450726
ISIC_0011695,0.30383703,3.864693
ISIC_0011696,0.28074917,3.918421
ISIC_0011697,0.30917782,3.9061182
ISIC_0011698,0.7824626,2.6507962
ISIC_0011699,0.832676,3.4533296
ISIC_0011700,1.054217,-0.1254742
ISIC_0011701,0.31850654,3.9269056
ISIC_0011702,3.6395118,1.183832
ISIC_0011703,5.020943,3.825243
ISIC_0011704,0.3049847,3.9406059
ISIC_0011709,-0.5524151,1.0338022
ISIC_0011710,-1.4642698,1.4279171
ISIC_0011728,5.192213,-0.0750707
ISIC_0011729,-2.3078043,0.4156203
ISIC_0011736,5.6013,2.4833784
ISIC_0011743,5.693479,3.2651076
ISIC_0011744,6.4937053,3.983993
ISIC_0011764,-0.6185119,-1.1072153
ISIC_0011770,4.6777067,2.4287982
ISIC_0011771,7.3759995,3.2994237
ISIC_0011772,3.4964008,0.6240268
ISIC_0011773,6.78518,3.3556972
ISIC_0011774,7.266581,3.5725796
ISIC_0011778,-0.48445565,1.8951715
ISIC_0011780,1.545492,-1.1658616
ISIC_0011782,6.8131666,4.1968427
ISIC_0011794,3.4819224,1.0270637
ISIC_0011797,-2.4918997,0.92195904
ISIC_0011798,-2.4022515,0.8610272
ISIC_0011799,-1.9559362,1.5272564
ISIC_0011801,-1.8315444,1.8548367
ISIC_0011802,-1.840779,1.8512396
ISIC_0011811,0.061243188,0.13533616
ISIC_0011812,0.08749465,-0.100762025
ISIC_0011857,-0.55246156,-0.29833612
ISIC_0011858,-0.41002172,-0.27384132
ISIC_0011870,1.1278675,-1.3571824
ISIC_0011872,4.5344405,-0.25410572
ISIC_0011873,5.149883,0.12891185
ISIC_0011874,5.3841667,0.095879905
ISIC_0011875,2.392581,-1.0862446
ISIC_0011876,0.64334697,0.026376968
ISIC_0011877,6.440645,0.374096
ISIC_0011878,6.2033787,2.7840664
ISIC_0011879,2.235605,-1.1851273
ISIC_0011892,-2.3346307,0.659375
ISIC_0011895,0.13335432,3.1039774
ISIC_0011898,0.80605525,0.8629155
ISIC_0011921,-0.8394558,-0.7716741
ISIC_0011922,-0.6372996,-0.8484909
ISIC_0011923,3.920761,0.81764734
ISIC_0011930,0.4672626,-0.17561303
ISIC_0011931,1.3613111,-0.39719674
ISIC_0011933,6.275812,2.4006135
ISIC_0011943,6.103891,1.1179564
ISIC_0011944,0.6280349,-1.2062414
ISIC_0011947,-1.0600866,0.6327252
ISIC_0011948,-0.7229959,0.7545845
ISIC_0011949,-0.9842509,1.0474954
ISIC_0011950,-0.6332042,1.9495173
ISIC_0011951,-1.88084,0.570206
ISIC_0011957,-1.2355905,-0.26302886
ISIC_0011958,-1.1359876,-0.069430314
ISIC_0011975,3.228562,2.0223482
ISIC_0011987,0.23532559,-0.86447555
ISIC_0011996,-0.40239382,1.0372607
ISIC_0011998,2.4762285,-0.18238443
ISIC_0012000,6.0995445,2.2236097
ISIC_0012044,5.1931934,2.2700288
ISIC_0012047,4.963066,3.6190226
ISIC_0012048,-0.42535692,0.081992656
ISIC_0012049,5.8983607,0.11688348
ISIC_0012060,0.6075983,-1.0158064
ISIC_0012063,0.9295946,2.4101775
ISIC_0012066,0.32105464,2.3148627
ISIC_0012069,0.20606928,2.2433023
ISIC_0012081,-2.09447,1.1157811
ISIC_0012082,-2.3405828,0.9939527
ISIC_0012083,3.642923,0.49383673
ISIC_0012099,4.3789916,4.4716682
ISIC_0012112,-1.481788,2.5467567
ISIC_0012137,3.50239,3.4665859
ISIC_0012151,-0.32942355,-0.09906037
ISIC_0012208,5.411101,1.9754622
ISIC_0012258,5.8450356,2.261334
ISIC_0012270,5.118527,2.0192306
ISIC_0012288,4.5169406,4.3793063
ISIC_0012290,-0.5658274,-0.7722837
ISIC_0012298,2.2423694,1.0701523
ISIC_0012321,1.525966,-0.82229173
ISIC_0012348,3.9668226,3.6688914
ISIC_0012356,5.4613433,1.9382155
ISIC_0012369,2.1001995,-0.006575159
ISIC_0012382,5.402698,0.49878407
ISIC_0012391,3.0450852,4.010354
ISIC_0012418,5.2567387,2.0764935
ISIC_0012425,5.976131,0.8363
ISIC_0012434,3.696188,4.350351
ISIC_0012435,3.07774,3.799418
ISIC_0012450,3.134289,1.56077
ISIC_0012471,-0.2057823,-0.5917764
ISIC_0012472,4.3080983,2.3390136
ISIC_0012512,3.841024,1.7008703
ISIC_0012571,5.6372066,3.0521407
ISIC_0012574,-0.90818113,0.14618897
ISIC_0012577,7.1786737,3.7120051
ISIC_0012580,-0.08456673,1.4096948
ISIC_0012592,2.7170875,3.5035224
ISIC_0012595,6.093051,1.742245
ISIC_0012610,0.5407595,0.4655917
ISIC_0012633,5.9026136,2.8140788
ISIC_0012678,2.2173908,0.8729034
ISIC_0012701,4.913768,4.0803747
ISIC_0012756,-1.9946636,1.4437817
ISIC_0012758,1.2340435,3.6345758
ISIC_0012843,-1.4129937,2.577663
ISIC_0012887,-0.17357767,-1.2409883
ISIC_0012930,2.95209,1.7853814
ISIC_0012988,3.993805,4.4378023
ISIC_0012989,-0.17958097,-1.4949491
ISIC_0012990,5.0969086,2.211452
ISIC_0013072,2.3056836,1.8578948
ISIC_0013073,5.9793124,2.0560608
ISIC_0013079,3.2182639,2.262915
ISIC_0013141,-0.26026982,0.6142773
ISIC_0013184,-2.0657241,1.6001822
ISIC_0013198,6.0231643,0.7332955
ISIC_0013232,0.882992,-0.6572055
ISIC_0013242,4.702366,2.8140185
ISIC_0013258,2.9193974,1.3121115
ISIC_0013277,0.15224953,-0.71303576
ISIC_0013321,7.080809,1.7785043
ISIC_0013334,-0.9412978,1.3401357
ISIC_0013359,0.8350864,-1.4501699
ISIC_0013365,0.30485532,0.81265134
ISIC_0013374,7.7720795,3.2144973
ISIC_0013427,5.856657,1.8592334
ISIC_0013429,4.7878613,2.3387895
ISIC_0013444,5.1235795,2.0271351
ISIC_0013455,0.64601785,0.655814
ISIC_0013457,-1.9257267,1.7483989
ISIC_0013459,1.6828796,0.38934064
ISIC_0013460,4.9745684,2.2705069
ISIC_0013472,3.3633392,2.1332166
ISIC_0013473,1.5796983,-0.4237623
ISIC_0013490,4.6231647,2.3041408
ISIC_0013491,-0.21327493,-0.39276114
ISIC_0013497,4.1799073,4.2746177
ISIC_0013499,2.762804,3.9212883
ISIC_0013500,4.3316355,3.7408001
ISIC_0013501,4.421691,3.7623665
ISIC_0013518,1.7991923,-0.6993093
ISIC_0013525,4.176899,1.0087702
ISIC_0013530,3.1551259,1.3851737
ISIC_0013548,4.233758,-0.22197029
ISIC_0013549,4.514068,2.791472
ISIC_0013565,5.1983085,2.1940088
ISIC_0013567,5.780614,2.3708076
ISIC_0013572,3.3149362,2.1170483
ISIC_0013577,3.7352195,1.6721566
ISIC_0013578,1.6772383,-0.77444375
ISIC_0013579,2.801004,1.3127824
ISIC_0013581,2.8344116,0.094962105
ISIC_0013588,5.4768844,2.834016
ISIC_0013594,-0.5482618,-0.79014665
ISIC_0013606,4.8155694,4.510343
ISIC_0013610,1.2647648,1.7381725
ISIC_0013615,3.771378,2.7620652
ISIC_0013617,-1.6548941,2.1246517
ISIC_0013618,0.03774637,0.8502409
ISIC_0013626,1.796361,0.5601131
ISIC_0013634,1.7910239,-0.8226562
ISIC_0013636,1.222151,0.3117571
ISIC_0013639,3.0312645,3.9230661
ISIC_0013646,5.324583,1.4645882
ISIC_0013651,-0.05664443,-0.9064745
ISIC_0013652,0.8250222,0.6814727
ISIC_0013663,4.2468376,1.4211613
ISIC_0013671,0.7953771,2.693739
ISIC_0013672,3.0285766,1.6520004
ISIC_0013696,4.660285,4.6074934
ISIC_0013702,2.0560775,2.178331
ISIC_0013733,3.6251802,1.1471059
ISIC_0013736,3.9208322,-0.24553174
ISIC_0013739,4.083276,4.172748
ISIC_0013740,4.8891864,4.291187
ISIC_0013744,1.4852673,-0.80757105
ISIC_0013762,5.253631,3.6869524
ISIC_0013766,4.039889,4.0777855
ISIC_0013767,-0.14323267,-0.69902766
ISIC_0013768,1.3916056,-1.1349748
ISIC_0013769,4.5134983,2.713195
ISIC_0013775,3.6171381,2.014583
ISIC_0013777,5.24216,2.4935133
ISIC_0013783,1.4060801,-1.3948765
ISIC_0013813,4.8730135,2.6282866
ISIC_0013814,2.1083302,1.5140955
ISIC_0013815,4.422296,4.6339145
ISIC_0013831,0.8525856,-1.6398325
ISIC_0013832,2.1375504,-0.65368026
ISIC_0013833,6.097688,2.3371773
ISIC_0013839,5.9862337,1.1658945
ISIC_0013842,3.8261542,4.343482
ISIC_0013844,4.6473966,2.4107811
ISIC_0013845,4.636909,4.3189254
ISIC_0013861,3.4079256,1.0075473
ISIC_0013865,3.7839568,1.435179
ISIC_0013867,1.9642906,0.38140884
ISIC_0013874,-2.0152998,0.6977289
ISIC_0013908,2.8383834,2.3390572
ISIC_0013917,4.6008887,1.9859025
ISIC_0013936,2.5199304,-0.16288409
ISIC_0013948,2.951673,1.5763069
ISIC_0013953,3.022895,0.9635875
ISIC_0013969,4.26971,2.4959688
ISIC_0013972,4.419067,1.5823674
ISIC_0013975,5.389602,1.8680314
ISIC_0013984,0.9595718,2.179825
ISIC_0013987,3.2243774,1.5462818
ISIC_0013988,3.646757,0.7672459
ISIC_0013992,5.2730737,2.0620542
ISIC_0013995,6.0325794,0.34049815
ISIC_0013997,5.1418858,1.2738743
ISIC_0014013,-0.27086338,2.197155
ISIC_0014037,5.6072893,2.5407903
ISIC_0014044,2.7607017,-0.7267404
ISIC_0014049,5.4643,1.7722828
ISIC_0014059,2.9643571,3.6352646
ISIC_0014061,2.2669551,-0.14735039
ISIC_0014062,4.4653077,2.2069478
ISIC_0014072,3.6161761,1.168551
ISIC_0014076,3.59121,1.3681599
ISIC_0014077,1.5849273,0.44281298
ISIC_0014079,2.3721633,1.4465934
ISIC_0014082,1.3037263,1.5364382
ISIC_0014086,-0.16742003,-0.57872945
ISIC_0014088,4.5355587,2.0765646
ISIC_0014091,4.3516593,2.331036
ISIC_0014092,5.114502,2.4010317
ISIC_0014099,0.6480739,3.3409722
ISIC_0014103,3.2319646,0.47173396
ISIC_0014108,3.8585835,1.6581184
ISIC_0014110,-0.6490444,-1.1528935
ISIC_0014127,2.1790106,3.2471323
ISIC_0014129,1.3490303,-0.48622885
ISIC_0014132,2.6581666,1.6534191
ISIC_0014133,4.9663587,0.3890839
ISIC_0014144,4.4527683,4.344128
ISIC_0014148,1.772643,1.442361
ISIC_0014151,-0.13440423,-0.4511581
ISIC_0014156,3.2107494,2.1954327
ISIC_0014157,3.3403163,2.0030615
ISIC_0014160,4.646409,2.213349
ISIC_0014163,0.5861776,-1.3806044
ISIC_0014165,1.7242174,0.44402477
ISIC_0014171,1.8024797,0.5317339
ISIC_0014173,1.742453,0.71882623
ISIC_0014181,1.6221553,1.0868435
ISIC_0014183,0.71450144,-0.42802176
ISIC_0014186,3.225154,3.1970756
ISIC_0014189,3.306397,0.7677939
ISIC_0014190,5.675684,2.0983284
ISIC_0014217,0.7337496,-1.5322282
ISIC_0014219,0.66238976,-1.4828825
ISIC_0014222,1.5569483,0.49226245
ISIC_0014229,3.9438295,2.7790225
ISIC_0014233,4.2042,1.6601688
ISIC_0014238,3.2172089,3.5870664
ISIC_0014249,2.4380317,1.4977505
ISIC_0014270,3.3212173,1.9536623
ISIC_0014284,4.619987,4.4042506
ISIC_0014288,2.8780181,3.0354028
ISIC_0014289,-0.9806735,0.82416886
ISIC_0014290,4.8222284,2.3881605
ISIC_0014291,3.3285933,4.1890135
ISIC_0014302,4.18809,0.9689704
ISIC_0014308,3.4777822,1.8519922
ISIC_0014316,2.638972,1.4255338
ISIC_0014319,5.177776,2.1149588
ISIC_0014324,3.2363095,0.65878487
ISIC_0014325,-0.543052,-0.26154926
ISIC_0014327,0.42101744,0.028644197
ISIC_0014331,1.589901,-0.10562177
ISIC_0014336,3.4146407,0.5171028
ISIC_0014337,3.914993,1.9701611
ISIC_0014347,2.2903566,0.10110544
ISIC_0014349,3.9450078,2.6953864
ISIC_0014357,2.1938198,1.8586403
ISIC_0014360,4.168498,2.3626573
ISIC_0014361,3.8690598,4.459067
ISIC_0014366,0.042449344,-0.47131708
ISIC_0014369,0.44093743,2.2450984
ISIC_0014372,1.1387081,0.028690368
ISIC_0014385,3.968831,3.0287654
ISIC_0014395,1.3225161,1.3345517
ISIC_0014400,4.649329,3.841594
ISIC_0014422,3.8482058,0.6394981
ISIC_0014423,5.344593,1.8999449
ISIC_0014428,3.2100885,4.252584
ISIC_0014434,2.217838,0.10467589
ISIC_0014454,1.6180263,-0.5021325
ISIC_0014476,3.8615327,3.8255248
ISIC_0014478,5.678022,1.919526
ISIC_0014480,3.7828069,1.3525008
ISIC_0014486,4.424235,2.0922616
ISIC_0014489,4.8933735,4.515359
ISIC_0014501,1.7052071,-0.73931444
ISIC_0014506,1.3301332,-1.1044
ISIC_0014507,4.169042,2.2243028
ISIC_0014513,4.893149,2.0045638
ISIC_0014525,5.181719,2.4030633
ISIC_0014527,-0.18293707,-1.0844815
ISIC_0014541,4.1153502,0.97663254
ISIC_0014543,4.4316897,2.0465615
ISIC_0014545,2.8268898,3.8700237
ISIC_0014546,0.7578385,-1.8007491
ISIC_0014548,4.234784,1.1102879
ISIC_0014557,1.6050724,0.47076446
ISIC_0014558,1.3742868,0.29219255
ISIC_0014559,3.8991458,2.352992
ISIC_0014666,4.371483,3.3223746
ISIC_0014689,4.5511503,0.6478578
ISIC_0014690,3.6271067,2.2699652
ISIC_0014703,1.8983059,0.83449215
ISIC_0014722,0.33897722,0.38940042
ISIC_0014727,3.001716,2.1365812
ISIC_0014766,-0.46873423,0.7378664
ISIC_0014772,2.5213969,-0.30866912
ISIC_0014784,5.881716,0.07838398
ISIC_0014788,-1.0497031,1.8772947
ISIC_0014790,7.184239,2.4836094
ISIC_0014795,-0.1951971,-0.123896725
ISIC_0014800,1.5023956,-0.59045935
ISIC_0014809,-0.4435839,0.71876085
ISIC_0014813,0.17926164,0.97410655
ISIC_0014826,5.8393908,2.4267
ISIC_0014832,-0.078594185,-1.1308401
ISIC_0014852,3.6754324,1.7385515
ISIC_0014857,3.1000502,0.4900213
ISIC_0014858,4.044977,0.23114729
ISIC_0014862,0.3688229,0.48178306
ISIC_0014864,0.571139,2.1950321
ISIC_0014871,5.57411,-0.07859301
ISIC_0014872,3.3253112,0.6484937
ISIC_0014873,2.3003411,-0.34304866
ISIC_0014874,3.1352942,0.59422445
ISIC_0014877,-2.1456373,0.7678458
ISIC_0014880,4.4587836,3.3786068
ISIC_0014883,1.2738729,-0.09838199
ISIC_0014892,3.1294882,1.0700707
ISIC_0014893,3.1491697,0.70779973
ISIC_0014897,-1.7433047,1.655909
ISIC_0014900,4.9448886,1.0141921
ISIC_0014912,5.998865,1.92266
ISIC_0014918,5.96789,2.076452
ISIC_0014919,1.2960883,0.96130866
ISIC_0014920,-1.152895,1.4278245
ISIC_0014924,5.3985634,0.69743705
ISIC_0014928,-0.63019186,-0.076198295
ISIC_0014931,-0.6189235,0.029520016
ISIC_0014935,6.5516253,1.7753268
ISIC_0014951,1.0094169,-0.29826483
ISIC_0014953,-1.2414018,1.0677867
ISIC_0014963,5.014629,0.17624599
ISIC_0014970,-1.3881813,0.62678933
ISIC_0014975,2.942141,0.41205806
ISIC_0014979,5.9064164,2.242314
ISIC_0014982,0.34500518,1.3861792
ISIC_0014983,1.3299264,0.1652793
ISIC_0014985,3.4124465,1.5088078
ISIC_0014987,3.0476747,0.68312126
ISIC_0014999,7.736207,2.978071
ISIC_0015004,2.9570978,0.69629484
ISIC_0015005,3.9584827,1.4901919
ISIC_0015041,-1.369286,1.4203929
ISIC_0015045,-0.11255092,0.15658768
ISIC_0015050,5.5244374,3.191228
ISIC_0015065,4.4972363,0.5696841
ISIC_0015067,1.459156,0.8030516
ISIC_0015073,-0.4451122,1.7231297
ISIC_0015079,-0.8146229,-0.16663606
ISIC_0015082,-0.5534641,-0.3777675
ISIC_0015083,5.254968,0.9221844
ISIC_0015088,6.7952867,2.4249306
ISIC_0015096,4.8406887,0.8281505
ISIC_0015106,-0.4921721,0.17733598
ISIC_0015109,-1.4879504,0.23689875
ISIC_0015114,0.6977087,-0.43815264
ISIC_0015115,2.0643888,0.59232867
ISIC_0015116,-2.1510403,0.24655752
ISIC_0015119,6.1165996,0.535802
ISIC_0015120,-0.19389024,0.9184612
ISIC_0015122,0.11929814,-0.6496002
ISIC_0015124,-1.8287452,-0.08657184
ISIC_0015127,-1.7362176,-0.10382663
ISIC_0015128,-1.0928024,1.3011861
ISIC_0015132,6.184602,0.40799955
ISIC_0015133,0.26030058,2.0279663
ISIC_0015136,-2.089682,0.7102393
ISIC_0015141,1.4485197,-0.59864205
ISIC_0015142,-0.9191334,0.44200167
ISIC_0015143,-0.8482926,0.629976
ISIC_0015145,3.001492,-0.75324994
ISIC_0015156,1.6002358,-1.0741513
ISIC_0015163,5.4901876,3.4005952
ISIC_0015166,1.9441997,-0.2711057
ISIC_0015167,3.2701535,2.1853564
ISIC_0015169,-2.1261778,0.15689914
ISIC_0015178,6.3319235,0.83503073
ISIC_0015180,-0.51471967,2.0406163
ISIC_0015185,2.2798235,0.8375965
ISIC_0015189,-1.1088176,-0.6589023
ISIC_0015190,0.18543014,-0.40566942
ISIC_0015191,2.0057724,1.6833832
ISIC_0015192,-0.39847815,-1.3209609
ISIC_0015193,3.0856414,-0.753782
ISIC_0015194,-0.7064897,-0.002294346
ISIC_0015196,6.791676,3.8288028
ISIC_0015197,6.611106,3.758587
ISIC_0015204,1.6763886,0.7572671
ISIC_0015205,0.98200387,0.42565832
ISIC_0015206,3.060942,1.2611383
ISIC_0015213,2.0868144,1.246614
ISIC_0015219,-2.1802592,-0.044027384
ISIC_0015229,1.3464756,0.95436037
ISIC_0015230,6.0520797,1.5858914
ISIC_0015236,5.920977,4.199852
ISIC_0015243,6.2186813,1.572688
ISIC_0015246,5.434979,1.0255698
ISIC_0015248,-2.378452,1.5108838
ISIC_0015251,-0.15247253,-0.5211515
ISIC_0015256,3.7829852,0.91577595
ISIC_0015266,1.1313312,0.61785537
ISIC_0015277,-0.43447396,1.8978372
ISIC_0015284,1.9515009,1.2778497
ISIC_0015288,5.8673954,3.8157442
ISIC_0015289,7.260562,3.0891287
ISIC_0015314,4.865619,2.1840682
ISIC_0015316,7.4838247,2.5703135
ISIC_0015318,6.2368054,3.5854294
ISIC_0015332,5.8397164,3.873244
ISIC_0015336,-0.8230762,0.047733754
ISIC_0015343,0.76746494,0.45444578
ISIC_0015356,-0.59023213,1.5658671
ISIC_0015377,2.4324393,3.3580985
ISIC_0015433,6.9819274,3.3482308
ISIC_0015434,0.122535564,0.9582077
ISIC_0015441,5.3582706,2.5227997
ISIC_0015442,6.9142146,3.2064707
ISIC_0015457,1.3964903,0.93025917
ISIC_0015458,1.8297548,0.5529912
ISIC_0015477,-1.2449226,1.4792994
ISIC_0015503,5.8249407,2.0316179
ISIC_0015514,0.15019107,-0.20425026
ISIC_0015517,1.0333326,0.42969406
ISIC_0015519,0.69161177,0.18123156
ISIC_0015522,-0.06725002,-1.0738884
ISIC_0015523,4.597056,0.8890689
ISIC_0015533,6.984654,3.4382358
ISIC_0015565,-0.12210828,-1.128175
ISIC_0015595,4.749836,0.80640066
ISIC_0015608,2.2768748,-0.5263184
ISIC_0015619,6.4425836,3.9306989
ISIC_0016080,3.2814913,2.0371864
ISIC_0016081,1.0397526,2.1811588
ISIC_0016082,0.94813573,3.4800084
ISIC_0016084,2.8983908,1.5830518
ISIC_0016085,2.4551387,1.4404252
ISIC_0016092,0.8364324,3.40209
ISIC_0016094,-1.2634401,0.6704898
ISIC_0016112,1.7142407,1.5573552
ISIC_0016114,0.43676004,0.84046584
ISIC_0016123,0.8358235,-1.2178358
ISIC_0016127,1.7580361,2.0400088
ISIC_0016128,-2.1815553,1.0505323
ISIC_0016131,5.6816187,2.437122
ISIC_0016133,0.46321493,1.9403397
ISIC_0016137,-2.4504836,0.76215506
ISIC_0016139,2.0301092,2.3726225
ISIC_0016145,-0.6926441,3.1221306
ISIC_0016153,0.8020018,-1.7973137
ISIC_0016161,2.1470275,1.388778
ISIC_0016162,0.6975548,3.407894
ISIC_0016438,-1.4589858,2.5774148
ISIC_0017350,-2.0433028,0.4407646
ISIC_0017399,-2.332967,0.49466914
ISIC_0017411,5.8854313,0.495642
ISIC_0017414,4.313643,0.34357035
ISIC_0017415,-1.9891735,1.6249034
ISIC_0017422,-0.76971334,-1.523866
ISIC_0017428,-1.6034658,-0.33130592
ISIC_0017431,-0.011602112,-1.4745318
ISIC_0017434,3.460931,-0.56342155
ISIC_0017436,2.750417,-0.751446
ISIC_0017443,5.3370547,1.3431646
ISIC_0017448,2.5309331,-1.1103225
ISIC_0017451,6.096344,1.2788463
ISIC_0017453,-2.0372176,0.90081793
ISIC_0017455,-1.4068629,-0.7555796
ISIC_0017460,2.2720437,-1.2670163
ISIC_0017485,-1.1877698,1.9460447
ISIC_0017486,-0.5282323,0.18142575
ISIC_0017856,5.0149508,-0.014768855
ISIC_0018039,2.5187674,-0.029932408
ISIC_0018040,5.0166397,-0.01606647
ISIC_0019315,4.774922,2.6054277
ISIC_0019334,-1.5475751,1.7964652
ISIC_0019335,-1.4876691,1.4237778
ISIC_0019432,2.50204,-0.40118483
ISIC_0020491,-0.6639901,-0.42420894
ISIC_0020963,2.3306851,0.5484707
ISIC_0020975,0.96309066,0.67497164
ISIC_0020977,0.4414987,0.1572746
ISIC_0020978,-0.83403224,0.6867356
ISIC_0020985,4.759138,2.4954443
ISIC_0020986,7.0260367,1.6414622
ISIC_0020987,5.1544886,2.679144
ISIC_0020988,4.5953217,2.2657459
ISIC_0020998,7.2956166,2.5773098
ISIC_0021009,6.780471,2.3248162
ISIC_0021020,4.5466533,4.3673687
ISIC_0021095,5.6362615,2.2641904
ISIC_0021125,5.5313263,3.929867
ISIC_0021136,6.201342,3.5055978
ISIC_0021147,7.267265,2.5401752
ISIC_0021155,5.4831743,3.6440911
ISIC_0021162,5.1331625,3.7856276
ISIC_0021166,0.24976705,1.5311879
ISIC_0021167,5.264339,2.3803508
ISIC_0021168,-0.17361924,1.3660587
ISIC_0021172,6.8303647,3.2690225
ISIC_0021187,-1.8585907,2.0014594
ISIC_0021188,-1.2282943,-1.1911658
ISIC_0021189,-1.0005947,-1.4849486
ISIC_0021194,5.3292394,3.702947
ISIC_0021205,6.09401,2.1034925
ISIC_0021271,5.017957,1.1130251
ISIC_0021282,-0.8741644,1.9761499
ISIC_0021293,5.0397463,1.048804
ISIC_0021295,0.23546202,1.3759407
ISIC_0021296,2.65241,2.3242385
ISIC_0021297,2.052279,1.4018043
ISIC_0021328,0.17300098,-1.050264
ISIC_0021329,0.25953242,-0.8640376
ISIC_0021330,0.20047322,-0.7361746
ISIC_0021339,4.054041,2.0697048
ISIC_0021340,6.627969,2.7945042
ISIC_0021382,5.5355554,3.6146069
ISIC_0021383,5.1801047,3.1058788
ISIC_0021390,2.640667,1.199153
ISIC_0021399,0.059739262,-0.19692314
ISIC_0021400,1.575031,-0.60882115
ISIC_0021401,-0.28987265,-0.005596347
ISIC_0021405,0.23865236,-0.4946832
ISIC_0021407,0.945343,-0.66038656
ISIC_0021408,-0.056647494,-0.5442339
ISIC_0021426,6.2264233,2.7908216
ISIC_0021427,4.8675675,2.2727332
ISIC_0021428,5.2834926,2.6344063
ISIC_0021432,-0.40206662,1.3047776
ISIC_0021434,-1.0997932,0.81602985
ISIC_0021435,-0.5094999,1.0387975
ISIC_0021439,5.01597,1.4472376
ISIC_0021440,4.633242,3.5858936
ISIC_0021441,3.164335,2.302946
ISIC_0021442,6.352625,3.354911
ISIC_0021446,4.1511474,2.1982365
ISIC_0021473,0.09398972,-0.8695369
ISIC_0021474,0.39427403,-0.27336434
ISIC_0021475,-0.40073547,0.21647108
ISIC_0021480,-0.66852856,-0.6824966
ISIC_0021481,-0.20391165,-1.1006005
ISIC_0021482,-0.36140338,-1.004989
ISIC_0021491,-1.0175451,1.6962458
ISIC_0021492,-0.7982322,1.0137835
ISIC_0021493,3.1462364,0.73476034
ISIC_0021497,0.79090244,0.31471753
ISIC_0021498,5.0768576,2.3070815
ISIC_0021500,2.570583,0.2151649
ISIC_0021530,-1.0457307,-0.92190796
ISIC_0021531,0.017301753,-1.7131691
ISIC_0021533,-0.6809628,-0.8357345
ISIC_0021534,0.10744286,2.0307317
ISIC_0021535,-1.2062273,1.5959677
ISIC_0021536,-1.7008078,0.98088104
ISIC_0021542,-1.2850796,0.99717563
ISIC_0021543,-0.06509126,1.8456349
ISIC_0021544,0.96009177,1.8399223
ISIC_0021611,3.1768856,1.7590479
ISIC_0021622,2.2775168,1.7042172
ISIC_0021627,2.3732548,2.58463
ISIC_0021646,0.15770076,-1.2350991
ISIC_0021647,3.352267,2.9211526
ISIC_0021648,5.0412073,2.1886272
ISIC_0021687,3.2185347,2.2709045
ISIC_0021688,2.8185463,1.8829036
ISIC_0021689,-0.5821048,-0.07265248
ISIC_0021706,-2.3330293,0.8600826
ISIC_0021708,-0.9495591,0.8360541
ISIC_0021709,-2.4540718,0.52473456
ISIC_0021710,3.6151495,2.845239
ISIC_0021711,5.1124835,2.8935025
ISIC_0021713,3.1661532,2.1896667
ISIC_0021728,4.51533,2.01823
ISIC_0021729,4.3603835,2.94851
ISIC_0021730,2.2993443,1.1281639
ISIC_0021745,-2.3154228,0.49930635
ISIC_0021746,-2.3375428,1.2742666
ISIC_0021747,-1.9519323,-0.020964522
ISIC_0021768,1.8764503,-0.064127386
ISIC_0021770,0.5808857,3.1397045
ISIC_0021771,1.9565762,2.0023518
ISIC_0021772,-0.55382246,0.35477644
ISIC_0021780,3.1685784,1.8816394
ISIC_0021781,-1.0890182,-1.6367604
ISIC_0021782,-1.0864191,-1.4671808
ISIC_0021783,-1.1520706,-0.3379625
ISIC_0021784,-0.9539684,-1.7564248
ISIC_0021785,-0.25944152,-1.2358803
ISIC_0021786,-1.2765567,-0.99931294
ISIC_0021787,1.8100593,2.6622782
ISIC_0021789,-1.799162,1.2612388
ISIC_0021800,-0.2192613,1.4078321
ISIC_0021801,3.228582,1.6831436
ISIC_0021802,0.6205583,2.1086242
ISIC_0021803,-0.58281255,1.5178208
ISIC_0021804,-2.0239995,0.877725
ISIC_0021805,6.43755,0.68670934
ISIC_0021816,4.246774,1.3778511
ISIC_0021818,4.8886604,2.6435351
ISIC_0021819,5.076851,1.0306058
ISIC_0021850,3.1739035,2.1236982
ISIC_0021851,1.006266,-0.7618499
ISIC_0021896,3.7508976,1.6264081
ISIC_0021897,2.6368337,0.16327862
ISIC_0021898,1.5314435,-0.7832219
ISIC_0021899,1.1999192,0.1288437
ISIC_0021900,1.0403932,0.689282
ISIC_0021901,1.2904174,0.57525796
ISIC_0021908,-0.48942423,-1.0156866
ISIC_0021917,-0.80775076,-0.88562626
ISIC_0021921,1.2606114,0.9145628
ISIC_0021925,6.834944,2.0359282
ISIC_0021926,1.0332564,1.7964089
ISIC_0021927,1.4157099,1.1848397
ISIC_0021967,-0.1567485,-1.3276476
ISIC_0021969,0.22124548,-1.4291545
ISIC_0021970,1.7209545,2.586956
ISIC_0021971,-0.20921338,-0.85899323
ISIC_0021972,-0.15723169,-1.3573092
ISIC_0021973,0.053391717,-1.528785
ISIC_0021974,0.075783364,-1.4850892
ISIC_0021975,-0.04879309,-1.6142887
ISIC_0021976,-0.27780536,-1.529667
ISIC_0021977,-0.03062384,-1.5700997
ISIC_0021978,-0.24085969,-1.1203977
ISIC_0021979,0.24102987,0.4280639
ISIC_0021980,-0.45001057,-1.5320388
ISIC_0021981,-0.3960804,-1.308042
ISIC_0021985,0.19108576,0.004145412
ISIC_0021996,1.7442737,0.6723175
ISIC_0021997,0.24617621,1.4543633
ISIC_0022000,-2.4987211,1.544259
ISIC_0022003,0.21924664,0.72080046
ISIC_0022009,5.7335076,3.5583463
ISIC_0022010,5.7059536,3.8348935
ISIC_0022011,5.132642,3.1057968
ISIC_0022012,5.265447,3.3196735
ISIC_0022013,0.57156074,0.71812886
ISIC_0022022,0.589093,0.30487084
ISIC_0022048,3.584332,1.9878654
ISIC_0022059,2.2211678,0.9519628
ISIC_0022066,1.4368718,-0.26194644
ISIC_0022067,-0.001810527,-1.5087231
ISIC_0022068,5.524344,2.0304627
ISIC_0022069,0.8419899,-1.5037823
ISIC_0022070,2.2522542,1.2821655
ISIC_0022071,-0.38803896,-0.36838728
ISIC_0022073,-2.0573678,0.04670815
ISIC_0022075,6.8119116,2.762898
ISIC_0022076,6.302507,1.0710083
ISIC_0022077,1.4841889,1.5681468
ISIC_0022078,2.1555846,0.6359844
ISIC_0022079,1.3706378,0.7138799
ISIC_0022080,7.18638,2.4932702
ISIC_0022082,4.502987,4.276023
ISIC_0022083,0.11226638,-1.4289234
ISIC_0022102,4.581049,3.8480895
ISIC_0022113,7.8164716,2.8589683
ISIC_0022123,3.2354422,0.5424876
ISIC_0022124,4.7555113,4.3118935
ISIC_0022125,4.7372403,1.5031837
ISIC_0022154,0.30111703,0.8916481
ISIC_0022155,3.018719,3.036268
ISIC_0022156,0.12340394,0.71365005
ISIC_0022157,2.548499,0.93546224
ISIC_0022180,-0.21045104,-0.16207764
ISIC_0022195,-0.8836076,-1.1482496
ISIC_0022196,-0.78254366,1.6067457
ISIC_0022197,-0.103886105,-0.45052972
ISIC_0022198,-0.485032,-0.97703326
ISIC_0022199,0.43599653,-0.79060245
ISIC_0022245,0.18367179,1.057426
ISIC_0022246,-0.45259166,1.710947
ISIC_0022254,4.4529333,2.911699
ISIC_0022255,0.67873025,0.3936337
ISIC_0022256,3.7921839,2.3179703
ISIC_0022286,-0.20365454,-1.2427351
ISIC_0022304,-2.3313982,1.4181637
ISIC_0022305,-2.3831177,1.6960512
ISIC_0022306,-2.4828503,1.5690908
ISIC_0022307,-2.489501,1.4904706
ISIC_0022308,-2.214936,1.826573
ISIC_0022311,6.5624404,3.066381
ISIC_0022313,6.345143,3.3682654
ISIC_0022315,6.960736,3.4307349
ISIC_0022316,3.1417449,0.5311398
ISIC_0022317,3.020567,0.5788729
ISIC_0022318,2.564915,0.77394474
ISIC_0022319,2.9997191,0.5836056
ISIC_0022321,2.611031,0.34308192
ISIC_0022322,2.9177377,0.31388438
ISIC_0022327,-1.692933,2.086048
ISIC_0022328,-1.9625888,1.3682996
ISIC_0022329,-1.1196822,2.051253
ISIC_0022330,-2.0502393,1.8421178
ISIC_0022332,-2.1292617,1.6515183
ISIC_0022338,-0.57812977,-1.2580099
ISIC_0022339,-0.7547949,-1.312533
ISIC_0022340,-0.6859337,-0.63770705
ISIC_0022378,6.796681,3.4031124
ISIC_0022379,6.6333337,2.9683328
ISIC_0022380,6.4121776,3.370809
ISIC_0022381,2.9006855,4.027992
ISIC_0022382,1.7313837,2.2973197
ISIC_0022383,2.6299086,4.0886493
ISIC_0022384,1.5780419,-0.92783844
ISIC_0022385,1.2773875,-0.7594672
ISIC_0022397,5.3837276,3.220251
ISIC_0022398,4.4549813,2.4045439
ISIC_0022399,4.914999,3.2491257
ISIC_0022437,-1.0222169,-1.6748284
ISIC_0022439,-0.96071804,0.019248525
ISIC_0022440,-0.42867103,-1.364966
ISIC_0022442,-1.0983093,-1.078618
ISIC_0022463,4.368254,3.0118296
ISIC_0022474,3.3863366,2.6347995
ISIC_0022570,0.04380013,2.4820476
ISIC_0022571,-0.22992684,2.3908944
ISIC_0022572,-1.7082804,0.47093183
ISIC_0022573,-0.15169759,2.6116462
ISIC_0022574,-1.7134875,0.3679784
ISIC_0022597,0.34813413,0.30262142
ISIC_0022601,0.8014637,0.29889658
ISIC_0022602,0.41275784,0.3609918
ISIC_0022603,0.4284495,0.42110515
ISIC_0022604,0.468643,0.28134635
ISIC_0022615,2.4293056,2.524702
ISIC_0022616,5.0389204,2.6292677
ISIC_0022624,3.306418,1.1118404
ISIC_0022660,1.5908809,0.029099762
ISIC_0022682,4.89534,3.8621264
ISIC_0022684,2.9389093,1.2315187
ISIC_0022685,4.034747,1.5509996
ISIC_0022783,4.2589817,2.329114
ISIC_0022793,-1.2223767,-0.9059139
ISIC_0022794,-1.0370046,-0.5537155
ISIC_0022796,-1.099693,-0.8267269
ISIC_0022797,4.020622,4.481289
ISIC_0022798,-0.30357364,-1.2225893
ISIC_0022799,1.5071428,2.9756498
ISIC_0022894,5.5282097,2.353208
ISIC_0023021,5.4256563,3.2764823
ISIC_0023022,5.3547683,3.888983
ISIC_0023025,4.8862348,2.7474103
ISIC_0023026,6.0674467,3.7994976
ISIC_0023043,5.922277,2.2512894
ISIC_0023045,6.137662,2.2454484
ISIC_0023047,5.254646,3.1466668
ISIC_0023048,7.0225554,1.2641732
ISIC_0023049,3.9180794,1.9884393
ISIC_0023050,5.5273623,1.3381371
ISIC_0023051,7.824837,4.2942224
ISIC_0023052,2.9878974,0.84556144
ISIC_0023053,3.6316297,1.050839
ISIC_0023054,7.0612373,3.9989836
ISIC_0023103,6.6185985,1.5740641
ISIC_0023104,6.6441026,1.5671679
ISIC_0023105,5.625653,1.9704709
ISIC_0023106,6.631512,2.3111706
ISIC_0023107,6.552272,1.9907043
ISIC_0023108,6.800789,2.3534925
ISIC_0023109,6.539448,1.4082863
ISIC_0023110,6.5703106,1.344372
ISIC_0023111,6.54733,1.452485
ISIC_0023116,3.8152528,1.5757699
ISIC_0023117,3.8926077,1.4760026
ISIC_0023119,3.5594497,1.4325244
ISIC_0023130,6.4625454,1.5231069
ISIC_0023131,3.4917765,1.5257876
ISIC_0023132,7.5217037,3.2621117
ISIC_0023133,4.0914197,0.0070142713
ISIC_0023161,4.852462,1.4802983
ISIC_0023163,0.5147658,0.34613195
ISIC_0023164,1.5453047,0.019563919
ISIC_0023165,3.5892527,1.2756778
ISIC_0023236,1.41264,0.21302496
ISIC_0023262,6.294561,2.1110737
ISIC_0023264,6.9748216,2.3984847
ISIC_0023265,4.4580207,3.105141
ISIC_0023266,6.996951,2.3908052
ISIC_0023267,4.8721905,3.621444
ISIC_0023269,6.667533,2.8572607
ISIC_0023271,1.0080981,1.0075564
ISIC_0023272,6.9494524,3.478322
ISIC_0023273,5.8258657,1.5859691
ISIC_0023275,6.704792,3.1632905
ISIC_0023276,5.911442,4.413196
ISIC_0023277,2.7264934,2.0171654
ISIC_0023278,4.6858664,3.1403327
ISIC_0023279,6.209063,4.2775283
ISIC_0023280,4.801777,2.4673848
ISIC_0023281,6.852595,2.7151003
ISIC_0023282,5.9812136,3.697356
ISIC_0023283,6.707192,2.8213594
ISIC_0023284,6.9504743,2.6909113
ISIC_0023287,4.15676,3.0734396
ISIC_0023289,5.83453,1.3320154
ISIC_0023292,0.7854098,0.9273419
ISIC_0023294,7.271436,4.051157
ISIC_0023296,1.1668174,0.8141762
ISIC_0023297,5.177711,4.461228
ISIC_0023298,1.901899,2.4130268
ISIC_0023299,6.064648,1.8456223
ISIC_0023300,5.959806,2.1713004
ISIC_0023301,1.4530437,1.3326691
ISIC_0023302,6.305751,0.9572728
ISIC_0023304,-1.0277652,1.0746294
ISIC_0023305,1.6286597,3.416827
ISIC_0023306,2.1818821,1.6108595
ISIC_0023307,6.9786434,4.0346274
ISIC_0023308,3.443026,2.510005
ISIC_0023309,3.2384346,1.4257698
ISIC_0023310,3.5675485,1.2013168
ISIC_0023311,6.768636,3.4355319
ISIC_0023312,0.8907014,1.2012017
ISIC_0023313,4.633084,3.5906692
ISIC_0023315,1.9061319,0.9367157
ISIC_0023317,3.2301974,0.89658946
ISIC_0023318,6.334215,1.1749103
ISIC_0023320,6.4478602,3.2412713
ISIC_0023321,6.6954494,3.9386458
ISIC_0023322,4.011725,2.983469
ISIC_0023323,5.3146462,4.034531
ISIC_0023324,3.4588397,3.1112502
ISIC_0023325,2.726478,0.9367036
ISIC_0023326,1.1587646,3.2164323
ISIC_0023327,1.9999509,2.2354634
ISIC_0023328,6.387262,3.1871147
ISIC_0023329,6.452762,3.2158592
ISIC_0023331,5.8458433,1.1592132
ISIC_0023364,2.0571404,0.97681284
ISIC_0023365,2.7439582,0.740551
ISIC_0023366,2.2214525,0.69038564
ISIC_0023367,3.5028975,0.70645595
ISIC_0023368,3.685759,0.7617654
ISIC_0023369,3.9834476,0.6835019
ISIC_0023370,4.0950437,1.1402713
ISIC_0023371,3.6679132,0.78956795
ISIC_0023372,4.221545,1.0521473
ISIC_0023374,4.271315,1.0077227
ISIC_0023375,3.9877274,0.9134352
ISIC_0023376,3.6462767,0.8158855
ISIC_0023377,3.6104467,0.69489413
ISIC_0023395,1.1033165,0.6912969
ISIC_0023396,5.601021,3.831452
ISIC_0023397,5.8637056,2.5258217
ISIC_0023398,5.8816643,2.602548
ISIC_0023399,5.815102,3.7940092
ISIC_0023427,3.1173716,2.4478426
ISIC_0023438,3.6718564,2.2483048
ISIC_0023458,7.2440147,2.3807583
ISIC_0023461,6.3805494,3.373258
ISIC_0023462,3.0541198,0.44503036
ISIC_0023465,2.122884,2.0714796
ISIC_0023466,3.9093845,1.6016462
ISIC_0023467,5.414432,4.315605
ISIC_0023469,5.25851,3.0824158
ISIC_0023482,6.5055842,2.840571
ISIC_0023483,6.6942296,3.1837363
ISIC_0023484,7.2356524,2.924015
ISIC_0023485,6.3888,0.85101324
ISIC_0023486,6.868402,2.8981798
ISIC_0023488,7.088559,2.182257
ISIC_0023489,5.56143,3.0872715
ISIC_0023490,5.714076,2.101465
ISIC_0023491,3.353743,2.6517532
ISIC_0023492,4.5431566,2.8221357
ISIC_0023493,1.0527978,0.5349482
ISIC_0023494,6.157977,3.131572
ISIC_0023495,-0.0076506287,-1.5035999
ISIC_0023496,-0.48244593,-1.3138053
ISIC_0023497,-0.4700837,-0.9319536
ISIC_0023500,-0.20286214,-1.066627
ISIC_0023502,-0.26974985,-1.2365235
ISIC_0023503,0.22263846,-0.97252786
ISIC_0023504,5.0931168,3.8597534
ISIC_0023505,4.967536,3.103086
ISIC_0023506,6.235218,1.5412835
ISIC_0023508,1.441315,0.946803
ISIC_0023511,4.9566097,1.7764617
ISIC_0023512,6.842095,1.7928975
ISIC_0023513,5.8896923,0.9767253
ISIC_0023514,-0.44258285,0.73212177
ISIC_0023515,6.630234,2.4248433
ISIC_0023516,5.58937,1.6200126
ISIC_0023517,6.806083,1.4109457
ISIC_0023518,6.025541,0.88716954
ISIC_0023519,0.7772537,0.58824664
ISIC_0023524,7.092764,3.0210645
ISIC_0023525,-0.5611766,0.083011754
ISIC_0023526,3.5360053,1.3002164
ISIC_0023529,6.0647545,3.9816647
ISIC_0023530,5.123695,3.4965045
ISIC_0023531,5.669623,2.480759
ISIC_0023553,1.8049874,1.9398878
ISIC_0023554,1.7343453,1.9507965
ISIC_0023561,3.0096915,0.7884729
ISIC_0023574,-0.59345186,0.34325522
ISIC_0023575,-0.4852351,0.6854959
ISIC_0023594,3.1639493,1.6152545
ISIC_0023596,4.92547,1.9979378
ISIC_0023597,4.6821895,2.0251613
ISIC_0023604,0.5096196,1.9153615
ISIC_0023606,0.29792047,1.771696
ISIC_0023608,1.8915385,3.467555
ISIC_0023620,-0.9032137,-1.218073
ISIC_0023631,0.14646795,-0.330407
ISIC_0023634,1.5991125,0.73334306
ISIC_0023635,5.4911923,3.958127
ISIC_0023636,4.0709734,3.1177216
ISIC_0023637,2.0684075,2.1878688
ISIC_0023638,1.296882,0.58199215
ISIC_0023639,5.565334,4.2907686
ISIC_0023640,2.8319721,1.6893685
ISIC_0023641,0.9168525,-0.63573915
ISIC_0023642,5.3406143,0.6481324
ISIC_0023643,5.483154,4.017366
ISIC_0023644,0.22764729,-1.1308475
ISIC_0023645,0.2585907,-0.8303866
ISIC_0023646,5.6588306,4.2588873
ISIC_0023648,2.5877233,2.316751
ISIC_0023669,-0.598948,0.83212626
ISIC_0023670,-1.0679663,0.64650685
ISIC_0023671,-0.27757955,-1.6556705
ISIC_0023675,5.1399727,0.5342924
ISIC_0023685,6.119791,3.12085
ISIC_0023705,3.479572,0.948374
ISIC_0023706,4.7078648,3.1860766
ISIC_0023707,2.001704,-0.5658486
ISIC_0023708,5.946306,3.4201007
ISIC_0023711,4.650305,3.9231946
ISIC_0023712,-0.049869135,-0.9280186
ISIC_0023744,-0.36129385,0.8626144
ISIC_0023747,1.696307,1.4220893
ISIC_0023755,-0.15404217,0.40489328
ISIC_0023762,6.638353,3.9559743
ISIC_0023763,1.7686752,0.7886875
ISIC_0023764,1.9741468,1.849799
ISIC_0023765,0.5261916,-0.49824467
ISIC_0023766,1.9013026,1.7299354
ISIC_0023767,0.58638775,-0.43915468
ISIC_0023769,0.017708026,2.1292832
ISIC_0023770,-0.25085118,1.6582682
ISIC_0023771,-0.28818664,1.0766381
ISIC_0023786,3.3957455,3.1130288
ISIC_0023787,1.7613943,2.1262848
ISIC_0023806,2.3040326,2.1425
ISIC_0023807,1.8421783,2.0416503
ISIC_0023808,2.8069603,2.986998
ISIC_0023809,-0.7096735,-1.7986451
ISIC_0023811,-0.8849506,-1.5365863
ISIC_0023812,0.8733365,-0.9879134
ISIC_0023836,-0.9425877,2.8455148
ISIC_0023837,-0.9298386,-0.97867864
ISIC_0023838,1.6373451,2.663444
ISIC_0023839,-0.40085727,-0.15606289
ISIC_0023843,0.40921253,-0.60420513
ISIC_0023853,0.32934943,-0.13437247
ISIC_0023854,-0.29926398,-0.66363883
ISIC_0023855,0.9317713,-0.008087723
ISIC_0023856,4.0072474,2.1874669
ISIC_0023890,2.719291,0.41799423
ISIC_0023891,0.64710987,-1.6875664
ISIC_0023893,-0.6024473,0.14937729
ISIC_0023900,0.3973311,-0.5311354
ISIC_0023901,-1.8121909,0.71980405
ISIC_0023902,-1.096655,1.4142708
ISIC_0023903,1.836754,1.1767445
ISIC_0023923,-0.17292532,-0.7888245
ISIC_0023924,3.2125967,4.396286
ISIC_0023925,3.4600432,4.584177
ISIC_0024005,0.09129101,0.58044463
ISIC_0024015,-0.022885818,0.04401686
ISIC_0024016,2.258637,1.0858656
ISIC_0024018,0.5798702,-0.19323045
ISIC_0024032,4.0516543,2.2082663
ISIC_0024033,6.7367945,2.944802
ISIC_0024072,4.695604,1.1678097
ISIC_0024083,3.4626117,0.98618954
ISIC_0024085,2.3740294,-0.29315576
ISIC_0024086,4.013423,2.6408017
ISIC_0024087,5.912589,2.8877482
ISIC_0024091,4.1129837,0.3083577
ISIC_0024095,5.141554,2.7708023
ISIC_0024097,7.2781143,2.689147
ISIC_0024108,2.6234717,2.5673337
ISIC_0024109,4.7243996,2.2644985
ISIC_0024112,6.2728095,2.532196
ISIC_0024119,5.4335155,2.436523
ISIC_0024120,5.4331,2.4981618
ISIC_0024121,6.1393166,0.9055641
ISIC_0024193,-1.0586475,2.0479314
ISIC_0024194,-1.0364578,2.1468048
ISIC_0024195,4.906695,4.508448
ISIC_0024313,1.9130731,3.899228
ISIC_0024315,3.8917105,3.1673312
ISIC_0024351,-0.5049657,0.17536409
ISIC_0024481,-1.218542,-0.35079774
ISIC_0024537,-1.0070908,0.19046217
ISIC_0024546,1.2001202,-0.34073985
ISIC_0024586,-0.64715606,-1.6562032
ISIC_0024624,3.426977,3.3690953
ISIC_0024644,7.3692765,3.1075103
ISIC_0024688,1.0422924,-1.4843376
ISIC_0024733,1.8113735,1.1778672
ISIC_0024792,5.852717,0.06871266
ISIC_0024806,5.4424157,1.1570711
ISIC_0024865,-0.34351975,-0.62003285
ISIC_0024886,2.4496825,2.5690787
ISIC_0024898,-1.2761915,0.25705048
ISIC_0024900,1.0874536,0.4591358
ISIC_0024911,-0.8380956,-1.5196948
ISIC_0024918,-1.2420126,2.102995
ISIC_0024932,-0.4805357,0.45026538
ISIC_0024952,-2.4189048,1.5152836
ISIC_0024972,4.898385,4.4356894
ISIC_0025018,3.2644117,3.7693727
ISIC_0025035,-1.0884289,-0.50679815
ISIC_0025081,0.65620434,2.772525
ISIC_0025085,0.9545337,3.3948643
ISIC_0025127,4.4524736,0.15832955
ISIC_0025128,1.8433988,2.8240955
ISIC_0025155,3.9085822,2.4986336
ISIC_0025219,-0.82384205,1.306522
ISIC_0025235,1.9365997,-0.461432
ISIC_0025238,0.6343086,-0.28522697
ISIC_0025265,-0.7671808,-1.63163
ISIC_0025316,2.3105018,4.053101
ISIC_0025409,2.683711,1.5901474
ISIC_0025451,-1.076029,1.4040475
ISIC_0025489,-0.55245036,0.10049471
ISIC_0025550,-0.61920357,-1.0473634
ISIC_0025573,1.7222718,0.20720202
ISIC_0025589,2.5462024,1.5636541
ISIC_0025592,-0.8754206,-1.677053
ISIC_0025603,5.9517484,0.42952237
ISIC_0025611,-0.37462613,1.3020439
ISIC_0025663,-0.72982776,1.3412739
ISIC_0025674,2.7455812,1.988312
ISIC_0025708,-1.1005797,1.5800676
ISIC_0025724,-1.3080175,-1.4692868
ISIC_0025748,-1.9539152,-0.05138298
ISIC_0025751,-1.247778,0.72103083
ISIC_0025766,0.9320465,-1.2652292
ISIC_0025783,5.8985085,1.9469345
ISIC_0025791,0.77806777,2.750758
ISIC_0025832,0.0043809013,0.3467026
ISIC_0025835,-1.5319364,-0.4979251
ISIC_0025891,2.3484242,0.1385314
ISIC_0025904,0.41382188,2.6474414
ISIC_0025941,5.372515,0.11460507
ISIC_0025964,2.3255236,2.1079385
ISIC_0026009,0.73577166,-0.5879424
ISIC_0026081,-1.9732866,0.9770579
ISIC_0026105,-0.9033732,0.755168
ISIC_0026113,-1.3617561,-1.2331656
ISIC_0026115,0.27040702,1.0879576
ISIC_0026150,2.9286585,4.35814
ISIC_0026207,7.7769146,4.2713137
ISIC_0026229,0.22700612,2.1727612
ISIC_0026236,-0.7606189,-1.5995309
ISIC_0026239,-2.3401191,1.1184658
ISIC_0026247,1.9433295,-0.73624074
ISIC_0026258,-1.0652153,-0.91995454
ISIC_0026296,0.584566,-1.1517531
ISIC_0026314,4.4318657,4.7602882
ISIC_0026352,0.7968755,-1.460389
ISIC_0026360,-0.65964013,-1.0273001
ISIC_0026475,-0.7558576,0.8256189
ISIC_0026506,2.607663,-1.1298298
ISIC_0026516,-0.3127696,-1.44364
ISIC_0026596,0.8243075,-0.17695235
ISIC_0026604,0.9393279,-0.728019
ISIC_0026622,6.151973,0.9991883
ISIC_0026694,-1.1735035,1.4456707
ISIC_0026746,-0.49659756,0.23873276
ISIC_0026770,1.7964622,0.4760198
ISIC_0026774,0.07415233,-0.26075625
ISIC_0026802,-1.8375117,1.0003529
ISIC_0026897,-2.0588696,1.9043282
ISIC_0026930,-1.4488056,0.18216275
ISIC_0026954,6.335071,0.6106565
ISIC_0026963,3.8458025,4.387436
ISIC_0026993,-1.6541992,1.7464948
ISIC_0026996,1.2298055,2.670366
ISIC_0027043,-0.12787847,2.8371727
ISIC_0027089,-2.2797673,0.8155494
ISIC_0027105,-0.858917,0.40616763
ISIC_0027125,3.834212,4.504171
ISIC_0027174,0.22103885,-1.105884
ISIC_0027260,2.2857194,0.08865686
ISIC_0027261,4.0027046,3.7174523
ISIC_0027263,3.0860124,0.90707016
ISIC_0027282,6.703059,0.63670695
ISIC_0027327,-1.4515318,1.7804847
ISIC_0027359,-0.9097755,-0.08737601
ISIC_0027387,0.47472993,-0.14348182
ISIC_0027402,2.0716853,2.8017056
ISIC_0027407,5.823945,0.75517887
ISIC_0027436,-0.7221044,0.8036557
ISIC_0027480,2.3726888,-0.24616976
ISIC_0027487,-0.58303314,-1.51501
ISIC_0027502,3.05713,1.8937794
ISIC_0027507,2.5387561,4.133155
ISIC_0027517,3.2392218,2.3606045
ISIC_0027561,2.8056154,0.8009791
ISIC_0027604,0.54051137,1.8837243
ISIC_0027616,6.0016894,0.263276
ISIC_0027620,1.3242564,-1.2464935
ISIC_0027622,5.896809,0.8988104
ISIC_0027659,2.5210254,3.329919
ISIC_0027693,-0.6774842,1.61916
ISIC_0027769,1.3838122,-0.23972334
ISIC_0027793,-1.0992725,-0.030414894
ISIC_0027797,-0.8052479,-0.94213265
ISIC_0027832,-1.096723,-0.8101504
ISIC_0027863,1.065453,1.9286354
ISIC_0027900,-0.07938781,0.6256908
ISIC_0027956,0.76879346,-0.5918045
ISIC_0028017,-0.98289704,0.49654222
ISIC_0028022,1.4343994,-0.22742392
ISIC_0028029,2.134886,3.7688537
ISIC_0028033,-1.4627372,0.5601547
ISIC_0028041,2.4111638,1.115374
ISIC_0028056,0.7900304,-0.22613083
ISIC_0028065,-0.36662456,1.5944492
ISIC_0028069,3.3056357,2.9892192
ISIC_0028103,6.1554646,2.5034287
ISIC_0028109,0.07591843,-1.7199126
ISIC_0028215,-0.7060752,2.8569741
ISIC_0028219,3.397958,2.0660384
ISIC_0028225,-1.7427431,-0.6522789
ISIC_0028306,-0.46310174,1.5155846
ISIC_0028325,2.189837,2.6051023
ISIC_0028326,2.5028489,0.86731654
ISIC_0028460,2.5212016,3.4466848
ISIC_0028467,1.3716537,3.5646682
ISIC_0028489,-0.81736845,-0.36483696
ISIC_0028493,6.4777517,3.4340405
ISIC_0028537,0.041895602,2.2525296
ISIC_0028565,3.9335523,4.441173
ISIC_0028567,-0.22520202,1.6622782
ISIC_0028579,-0.1255589,0.11810548
ISIC_0028685,5.108372,3.686189
ISIC_0028696,2.72429,-0.6411974
ISIC_0028718,3.5447333,-0.3940412
ISIC_0028760,0.6053476,-0.7944931
ISIC_0028860,5.293305,1.7274326
ISIC_0028901,1.8122833,2.4966497
ISIC_0028915,-1.7511388,1.7381002
ISIC_0028929,7.281593,2.7114267
ISIC_0028930,-0.41783646,-0.31732655
ISIC_0028965,5.6728516,0.55258095
ISIC_0029013,2.5358167,4.163974
ISIC_0029017,1.8664247,2.727147
ISIC_0029028,3.672417,0.8575656
ISIC_0029056,-1.7842098,1.0883313
ISIC_0029170,1.7239746,0.20705435
ISIC_0029242,4.9245954,3.650432
ISIC_0029272,7.81676,4.257276
ISIC_0029318,2.2500067,-0.39650217
ISIC_0029343,3.494766,4.0921993
ISIC_0029397,-1.9240885,1.0712675
ISIC_0029434,-0.6868215,1.4285306
ISIC_0029480,-0.53923464,-1.237691
ISIC_0029495,-0.3229998,-0.93134475
ISIC_0029513,-0.2931511,-1.0451123
ISIC_0029538,-0.6588658,-1.6724904
ISIC_0029570,3.7291262,4.4725037
ISIC_0029571,1.5418186,1.9128774
ISIC_0029606,0.2120266,2.4852915
ISIC_0029651,-2.1687043,0.3730237
ISIC_0029652,-1.1311277,1.3889893
ISIC_0029660,2.2952857,1.2279532
ISIC_0029698,3.617222,2.1138628
ISIC_0029839,-2.414829,0.6436113
ISIC_0029859,7.7697067,2.7153056
ISIC_0029885,-0.31517288,2.6610165
ISIC_0029913,2.1458173,2.024935
ISIC_0030002,-0.25176892,0.11182256
ISIC_0030034,2.6199927,1.5494149
ISIC_0030047,-0.14069082,-0.20993498
ISIC_0030083,1.4552858,1.5184202
ISIC_0030089,-1.188177,-0.69554764
ISIC_0030122,0.39875254,2.9691768
ISIC_0030134,0.69069546,-0.3236256
ISIC_0030171,2.4899516,1.224683
ISIC_0030183,-0.7998476,-0.25981402
ISIC_0030192,4.9237757,2.4977558
ISIC_0030255,4.013159,4.361564
ISIC_0030281,-1.0195616,-1.499686
ISIC_0030356,1.952771,-0.379637
ISIC_0030366,-0.43345952,0.6606931
ISIC_0030391,-0.8020825,0.36032572
ISIC_0030440,-0.054205347,-1.4755274
ISIC_0030445,0.10577419,2.652295
ISIC_0030501,2.747612,3.9433112
ISIC_0030507,-0.02258728,0.13885765
ISIC_0030512,-2.3235557,0.4552634
ISIC_0030521,-0.25646734,-1.5628841
ISIC_0030539,2.6187198,1.2370819
ISIC_0030552,0.09836823,-1.3796381
ISIC_0030575,-1.4025013,-0.71561944
ISIC_0030623,-1.41441,-0.7650767
ISIC_0030653,1.1545634,3.6048808
ISIC_0030689,1.040509,-0.54323417
ISIC_0030747,-1.5432519,0.9573177
ISIC_0030795,4.585483,0.055153333
ISIC_0030818,0.16906478,-0.9762493
ISIC_0030828,2.0725222,3.9144342
ISIC_0030898,3.0274494,0.42953593
ISIC_0030951,6.4560776,1.0865487
ISIC_0031025,-0.5797912,1.84107
ISIC_0031034,0.44550222,3.3594675
ISIC_0031177,-0.6326816,0.031102767
ISIC_0031186,1.8593059,0.214942
ISIC_0031189,-0.30592024,-0.73621905
ISIC_0031295,6.3287973,0.48355848
ISIC_0031369,2.5749166,2.0120037
ISIC_0031386,5.50789,0.84485406
ISIC_0031389,-0.12167674,-0.13982624
ISIC_0031406,4.253812,4.6383834
ISIC_0031408,1.5644956,0.752033
ISIC_0031417,-0.66090125,-1.3394359
ISIC_0031498,-0.91612643,-0.5866167
ISIC_0031529,-0.8868752,-0.10963224
ISIC_0031545,0.5565015,3.4351704
ISIC_0031557,-0.4969512,1.6232204
ISIC_0031586,1.2750998,1.9904736
ISIC_0031598,2.2778115,1.2292513
ISIC_0031642,2.9272885,-0.3607868
ISIC_0031709,-0.02789741,2.1941257
ISIC_0031741,0.13518433,3.4113944
ISIC_0031745,1.1877905,-0.70924044
ISIC_0031746,-1.1018587,-0.11651775
ISIC_0031779,-0.7378147,-0.20229769
ISIC_0031784,-0.33479354,2.380081
ISIC_0031821,-1.0682309,-1.3195654
ISIC_0031844,-1.9899384,0.024982959
ISIC_0031908,6.2188454,1.3369935
ISIC_0031915,0.85336274,0.5360518
ISIC_0031953,-1.4420488,0.29129857
ISIC_0031957,-0.95875776,-0.15478376
ISIC_0031958,0.41674098,0.54433
ISIC_0031972,1.3130847,0.104966335
ISIC_0031977,1.5468844,0.11292865
ISIC_0031999,1.3398975,0.39356694
ISIC_0032019,0.038856383,2.8602228
ISIC_0032036,0.119626924,2.0756986
ISIC_0032044,-0.41817752,-0.30691457
ISIC_0032046,2.4930205,0.37840167
ISIC_0032095,-1.946463,0.48503634
ISIC_0032098,0.22761634,2.9004166
ISIC_0032190,7.0222487,1.7612445
ISIC_0032204,-1.4119488,-0.14372714
ISIC_0032219,-0.521343,0.09246702
ISIC_0032232,-0.81322753,-0.8603553
ISIC_0032245,0.8002521,-0.30680138
ISIC_0032287,3.044617,1.3514082
ISIC_0032313,-1.0988886,1.46142
ISIC_0032425,0.7449657,-0.08467456
ISIC_0032433,-2.1268535,0.8950915
ISIC_0032441,-0.7459443,-0.65367126
ISIC_0032450,3.2251406,0.7242719
ISIC_0032462,1.5756932,2.599531
ISIC_0032509,2.8118002,1.7248751
ISIC_0032517,-0.40152425,-0.83966297
ISIC_0032526,2.578243,-1.0426227
ISIC_0032532,-2.3405948,1.290245
ISIC_0032533,-0.8066005,-1.9070376
ISIC_0032547,1.6885654,-0.8733802
ISIC_0032550,-1.9196609,0.7354349
ISIC_0032552,-1.2063141,0.682091
ISIC_0032559,-0.9030115,2.6899137
ISIC_0032569,3.3091583,-0.4142984
ISIC_0032592,1.5632149,0.23449348
ISIC_0032596,-1.3520776,0.11467619
ISIC_0032598,-1.4216789,1.1855961
ISIC_0032602,-1.9036441,1.4387722
ISIC_0032603,-0.6288293,-1.8694555
ISIC_0032610,-0.57451856,-1.2880498
ISIC_0032617,-0.20113568,0.39170438
ISIC_0032622,-2.552518,1.5593549
ISIC_0032624,-0.9249225,-0.9501367
ISIC_0032626,1.621196,0.6191274
ISIC_0032638,-1.917007,2.1302648
ISIC_0032645,0.52244365,2.6172051
ISIC_0032653,-1.2708147,-1.5051495
ISIC_0032656,5.6110096,2.4519515
ISIC_0032662,2.9691525,3.5362055
ISIC_0032672,-1.5539081,-0.24675308
ISIC_0032684,-1.8060547,2.1386294
ISIC_0032685,-1.5038325,1.4215878
ISIC_0032716,-1.4726268,2.3869987
ISIC_0032718,2.824678,2.1891952
ISIC_0032723,-1.052476,-0.55398625
ISIC_0032724,-1.6441864,1.532791
ISIC_0032736,1.8182284,-0.022369698
ISIC_0032750,-1.8350594,0.071349114
ISIC_0032751,-1.8449317,1.7638681
ISIC_0032766,-0.8337405,-0.72092193
ISIC_0032797,0.47873777,-0.6562673
ISIC_0032807,5.885735,1.6880369
ISIC_0032810,0.6425861,-0.50005645
ISIC_0032836,5.6986465,0.03055903
ISIC_0032841,2.5042334,-0.90987533
ISIC_0032844,2.047814,3.8547063
ISIC_0032845,-2.5452027,0.82694477
ISIC_0032847,-1.6601436,1.9208869
ISIC_0032856,-1.1690977,0.3171937
ISIC_0032862,-1.9853765,1.5605633
ISIC_0032869,2.6194606,0.39063028
ISIC_0032870,5.2203546,1.0470121
ISIC_0032875,2.6775827,-0.74695766
ISIC_0032887,1.0929991,1.5077759
ISIC_0032888,0.0475002,2.029337
ISIC_0032903,0.06746381,0.8949394
ISIC_0032917,5.914725,0.37308478
ISIC_0032921,-1.0705447,-1.685716
ISIC_0032925,-1.8567871,-0.7307752
ISIC_0032981,-0.1082131,0.22508718
ISIC_0032982,3.1138368,2.4985619
ISIC_0032984,0.009260618,-1.3006911
ISIC_0033017,-0.20021845,-0.50138986
ISIC_0033024,2.2623277,3.1152887
ISIC_0033047,-2.013675,2.1782873
ISIC_0033068,0.4868719,-0.7330872
ISIC_0033081,2.7595305,-1.0373604
ISIC_0033103,-1.5128387,2.3926697
ISIC_0033120,-0.57203424,-1.452856
ISIC_0033125,5.90861,0.7122781
ISIC_0033141,-1.8345963,2.2437613
ISIC_0033152,3.4019916,4.6154838
ISIC_0033166,-1.0339541,-1.6826916
ISIC_0033171,2.1023238,1.5141225
ISIC_0033174,5.3028846,0.43447116
ISIC_0033175,0.3813703,-1.217825
ISIC_0033180,-0.54919684,-1.4172137
ISIC_0033193,4.916757,1.7010195
ISIC_0033196,-1.0507462,-0.18209668
ISIC_0033216,-2.1985674,0.7500084
ISIC_0033239,2.1374242,2.2588718
ISIC_0033241,7.7330747,4.269494
ISIC_0033268,-1.0349458,-0.8912073
ISIC_0033275,-0.9212306,-1.8072807
ISIC_0033278,-0.43181983,1.2049315
ISIC_0033279,-1.2121551,-1.3260226
ISIC_0033300,-1.0943401,-1.2430413
ISIC_0033302,-2.4630353,1.2595174
ISIC_0033304,-1.2123907,2.2799704
ISIC_0033312,2.744846,2.8662794
ISIC_0033317,1.3164399,-0.4684415
ISIC_0033320,-1.281968,-1.2533451
ISIC_0033323,6.661836,3.7761657
ISIC_0033333,5.438539,0.26334482
ISIC_0033336,-0.9028486,3.1743193
ISIC_0033362,-1.2845845,0.71096325
ISIC_0033368,-1.6427375,0.84443194
ISIC_0033369,0.10755207,2.9717295
ISIC_0033377,2.492267,3.9088259
ISIC_0033387,1.2466593,3.7780213
ISIC_0033393,2.9515915,-0.6880015
ISIC_0033405,-1.6304651,2.814945
ISIC_0033415,-0.8785693,0.66108435
ISIC_0033416,0.4602509,2.122768
ISIC_0033424,3.4862568,2.0685785
ISIC_0033429,0.94067556,-0.51368845
ISIC_0033432,-1.6139628,2.0538785
ISIC_0033444,-0.1296178,-1.394488
ISIC_0033452,-0.9635291,-0.49520078
ISIC_0033469,-0.3814023,0.7592006
ISIC_0033470,-0.16601813,3.104143
ISIC_0033485,1.2464997,-0.28759697
ISIC_0033487,6.245879,1.9587543
ISIC_0033496,2.7095525,-0.4366178
ISIC_0033500,5.4292893,1.2303877
ISIC_0033524,1.7180663,-0.13514443
ISIC_0033534,0.9703554,0.18637566
ISIC_0033545,7.5885444,4.1007476
ISIC_0033546,-1.545627,-0.51863974
ISIC_0033560,-1.0228896,-1.1614339
ISIC_0033568,-1.0457519,0.45763752
ISIC_0033573,0.71400183,2.4506428
ISIC_0033595,0.2670576,-1.2504427
ISIC_0033603,5.295675,2.4322271
ISIC_0033607,4.8830447,1.7712651
ISIC_0033612,2.7533066,-1.033983
ISIC_0033619,-0.6654805,1.6751649
ISIC_0033624,6.130465,0.8438855
ISIC_0033638,3.2848532,3.158012
ISIC_0033644,-1.0490853,-1.366732
ISIC_0033651,-2.3785505,1.4148369
ISIC_0033662,-2.608795,0.8343194
ISIC_0033687,-0.9327987,-1.7479017
ISIC_0033696,4.117011,0.21787949
ISIC_0033700,4.409518,-0.070819095
ISIC_0033704,2.3735268,1.4085634
ISIC_0033717,2.9381502,4.289639
ISIC_0033752,0.20399626,0.41294038
ISIC_0033779,-1.4130031,-1.1608865
ISIC_0033801,-2.4446454,0.57362264
ISIC_0033802,-0.72929996,1.1405029
ISIC_0033804,-1.4837564,-0.3363045
ISIC_0033805,1.8656149,3.9163325
ISIC_0033813,0.8116772,-0.48125908
ISIC_0033819,-1.879256,1.0309691
ISIC_0033848,5.866527,0.22883217
ISIC_0033871,0.63601726,-0.60624796
ISIC_0033872,-1.8911289,0.3010406
ISIC_0033881,1.6231116,-0.6763671
ISIC_0033883,3.4923484,1.389024
ISIC_0033886,0.487716,-0.7395029
ISIC_0033893,2.4974608,1.4593921
ISIC_0033901,-0.91626906,-1.8492357
ISIC_0033905,-0.605962,-0.22624621
ISIC_0033911,-0.5326624,0.3681812
ISIC_0033925,1.470566,1.0856816
ISIC_0033938,0.6355672,3.259629
ISIC_0033946,-0.2059301,-0.36134043
ISIC_0033956,0.1772753,1.6096221
ISIC_0033957,-1.4918149,1.842032
ISIC_0033962,-0.89117956,-1.0400438
ISIC_0033968,-0.55418426,2.9209757
ISIC_0033975,-0.60838723,1.6389843
ISIC_0033977,6.232017,0.35414612
ISIC_0033980,-0.6744656,-1.8841023
ISIC_0033981,-1.5321982,-0.19590081
ISIC_0033985,-0.44594797,2.9529893
ISIC_0033995,-1.5356833,-0.5771091
ISIC_0034002,0.51363444,1.2669929
ISIC_0034005,0.34669036,-1.6304215
ISIC_0034006,2.9230807,-0.43860322
ISIC_0034012,5.244791,2.0071425
ISIC_0034046,-1.5646442,0.8055123
ISIC_0034048,0.43030548,-0.41617006
ISIC_0034051,0.3736453,3.3105159
ISIC_0034052,-1.2159488,2.3919387
ISIC_0034061,-0.9140095,-1.6008501
ISIC_0034064,3.1207972,3.792476
ISIC_0034068,1.7032878,0.37446082
ISIC_0034071,-0.49653196,1.4971722
ISIC_0034076,-0.4668267,1.5411019
ISIC_0034085,-0.7649895,2.4699624
ISIC_0034094,7.822857,3.3008463
ISIC_0034100,1.4850587,2.2599747
ISIC_0034104,-2.22969,1.5320947
ISIC_0034107,1.235915,2.1507132
ISIC_0034117,-2.1105735,0.9883266
ISIC_0034118,-1.1817799,-1.3341831
ISIC_0034120,-1.5735561,-0.79229826
ISIC_0034134,4.8641005,0.5868631
ISIC_0034140,3.5262635,1.6788923
ISIC_0034145,-1.1118854,0.0726057
ISIC_0034150,3.0935657,2.7583108
ISIC_0034172,-1.1564122,2.2207563
ISIC_0034183,6.1758337,0.14728552
ISIC_0034205,-1.0572146,-1.5556573
ISIC_0034211,-0.1933122,0.3886037
ISIC_0034222,-1.1847277,-0.98604125
ISIC_0034233,-2.6795204,1.5721029
ISIC_0034236,4.7841096,0.6962152
ISIC_0034246,-1.9221429,-0.3924822
ISIC_0034256,1.734246,0.58853567
ISIC_0034262,2.0134895,3.6035123
ISIC_0034269,-0.16366805,0.39106402
ISIC_0034287,-2.2165506,1.9321239
ISIC_0034289,-1.0357909,1.1916612
ISIC_0034317,0.7339937,3.0710926
ISIC_0034343,5.930741,0.078818046
ISIC_0034398,-0.14752892,1.3030639
ISIC_0034446,4.3959494,0.083325595
ISIC_0034472,2.8211708,2.3948946
ISIC_0034477,0.24430162,-0.8019479
ISIC_0034482,-1.7138216,1.8538482
ISIC_0034492,1.2963765,1.2161466
ISIC_0034572,2.5836446,1.3390946
ISIC_0034605,0.43985096,3.2970803
ISIC_0034630,-2.2138562,0.8193453
ISIC_0034784,-0.028588004,0.5741217
ISIC_0034873,-0.48737842,-1.1159592
ISIC_0034882,-1.41177,1.4575955
ISIC_0034904,5.3328524,0.3732992
ISIC_0034934,2.2616448,1.7798543
ISIC_0034971,6.2063465,0.35831442
ISIC_0035000,4.557155,1.6365536
ISIC_0035021,3.2257977,-0.089470506
ISIC_0035047,6.181291,3.7627351
ISIC_0035048,2.5921764,3.8347642
ISIC_0035070,-1.9519612,-0.11909203
ISIC_0035090,6.3349204,4.38417
ISIC_0035124,-1.5853302,0.41261557
ISIC_0035224,2.0654762,1.0570427
ISIC_0035263,0.6823096,1.9080478
ISIC_0035366,-0.9172335,0.978075
ISIC_0035406,3.9475656,4.330263
ISIC_0035420,2.2976253,1.2484983
ISIC_0035459,4.462557,3.1007392
ISIC_0035462,7.731133,2.6084595
ISIC_0035486,4.6726713,0.16761948
ISIC_0035636,2.506681,-0.13236855
ISIC_0035640,-2.1410816,1.8081119
ISIC_0035670,-1.2999555,-0.6409674
ISIC_0035680,2.0011551,4.074553
ISIC_0035682,-1.3717324,0.0036547491
ISIC_0035698,1.0515798,0.8065235
ISIC_0035700,5.3922606,0.07110678
ISIC_0035705,-0.7730764,2.8469527
ISIC_0035708,-1.0412465,-1.2927585
ISIC_0035714,0.4005769,3.272638
ISIC_0035719,5.8300347,0.08668059
ISIC_0035732,-0.3893232,3.0553946
ISIC_0035747,1.3715532,2.1408827
ISIC_0035764,1.5443518,-1.0139812
ISIC_0035766,-0.9886462,0.90345985
ISIC_0035767,4.6001134,-0.19590475
ISIC_0035794,1.8352541,2.9780211
ISIC_0035823,-1.75797,-0.120576516
ISIC_0035825,-0.6639086,-0.81440413
ISIC_0035827,-1.507584,0.92522216
ISIC_0035846,4.642508,1.3092942
ISIC_0035853,3.73669,4.524978
ISIC_0035854,0.378449,-0.47974333
ISIC_0035868,-0.19593818,3.0255687
ISIC_0035889,2.246302,-0.10835181
ISIC_0035913,0.5674475,1.7627227
ISIC_0035923,-1.1089897,3.128088
ISIC_0035929,5.8639474,2.7697175
ISIC_0035938,4.342387,3.1500118
ISIC_0035964,5.1424427,1.8449528
ISIC_0035968,3.184935,1.5793837
ISIC_0036005,6.747838,1.3477954
ISIC_0036012,-2.3423033,0.48396286
ISIC_0036034,-2.0491593,0.4116709
ISIC_0036051,0.24836387,2.3057952
ISIC_0036057,2.221964,-0.6120591
ISIC_0036070,0.23766845,0.9995965
ISIC_0036073,3.863629,1.5119829
ISIC_0036075,0.43623292,-1.5230967
ISIC_0036076,7.8733125,4.304935
ISIC_0036078,2.008135,0.4471494
ISIC_0036079,-0.99426496,-0.2623259
ISIC_0036080,0.9585074,-1.365037
ISIC_0036081,3.9684308,1.7555403
ISIC_0036083,3.3833847,2.7828827
ISIC_0036085,4.1497946,0.5758558
ISIC_0036086,3.887847,1.5006618
ISIC_0036087,-0.23031713,2.3203044
ISIC_0036088,3.6396916,1.2634747
ISIC_0036089,1.6577791,3.752436
ISIC_0036090,4.576289,2.0988894
ISIC_0036091,-0.5679494,1.742685
ISIC_0036092,-1.2744002,-0.5037493
ISIC_0036093,-0.49935874,-1.6688308
ISIC_0036094,3.8408952,1.6638193
ISIC_0036095,7.0335,3.4548266
ISIC_0036096,4.5244827,2.7146568
ISIC_0036097,-2.0939896,0.82649964
ISIC_0036098,2.69318,0.23839062
ISIC_0036099,6.492305,3.390324
ISIC_0036101,-0.4039548,-0.9045067
ISIC_0036102,1.3637731,0.5164704
ISIC_0036103,1.2710176,3.4672353
ISIC_0036104,-1.2257805,-1.5334628
ISIC_0036105,6.2513723,3.5161757
ISIC_0036106,-1.6806172,2.0628293
ISIC_0036107,1.3479767,0.14205498
ISIC_0036108,5.0466785,3.5647984
ISIC_0036109,1.5671202,-0.15207022
ISIC_0036110,1.4108351,-0.009225535
ISIC_0036111,3.6578717,1.7239615
ISIC_0036112,-1.1813577,-0.46494773
ISIC_0036113,0.7641371,0.4731779
ISIC_0036114,-0.73513675,-0.4957959
ISIC_0036115,-1.709535,0.4148209
ISIC_0036116,-0.06486591,-1.6182214
ISIC_0036117,-0.9458206,0.32727677
ISIC_0036118,-2.2652254,0.2073144
ISIC_0036119,-1.1458035,-1.6032774
ISIC_0036120,3.9098275,2.5099013
ISIC_0036121,-2.366553,1.180904
ISIC_0036159,-2.1175933,0.5892417
ISIC_0036258,-0.53975266,-1.36462
ISIC_0036260,-0.9249878,1.3595302
ISIC_0036263,-0.7841097,0.76118016
ISIC_0036264,5.436059,2.292186
ISIC_0036269,6.997866,1.6957241
ISIC_0036270,3.6379628,1.4796889
ISIC_0036273,5.781596,2.2422185
ISIC_0036274,-0.8937617,-1.3547595
ISIC_0036275,1.4985254,-0.60763276
ISIC_0036276,6.759466,2.939244
ISIC_0036278,-0.64830345,0.028993916
ISIC_0036279,-2.387923,0.47391784
ISIC_0036280,2.708595,2.3692012
ISIC_0036281,-0.27694213,-1.693029
ISIC_0036282,-0.058302566,0.43094215
ISIC_0036284,3.195736,0.74031264
ISIC_0036285,-0.20599152,1.3752228
ISIC_0036286,4.677081,3.597673
ISIC_0036287,-1.1721259,-1.3118045
ISIC_0046224,5.8718476,0.5852166
ISIC_0046225,5.3606396,2.334659
ISIC_0046242,3.1039727,1.242074
ISIC_0046305,3.5740435,4.340514
ISIC_0046315,-1.5422292,-0.10596751
ISIC_0046322,-1.5965933,0.56620586
ISIC_0046323,-0.29773736,0.5265042
ISIC_0046331,0.12878466,0.12018709
ISIC_0046338,-1.3044884,1.0540928
ISIC_0046343,3.7944288,4.117276
ISIC_0046344,-1.5846089,1.0900931
ISIC_0046345,-1.8532718,-0.63829404
ISIC_0046361,-1.3012124,1.1788037
ISIC_0046372,-0.012712476,0.014325484
ISIC_0046383,-0.7937328,0.85654414
ISIC_0046394,3.6949103,3.2052464
ISIC_0046405,1.0737972,2.809748
ISIC_0046416,6.0609903,1.4266413
ISIC_0046422,-1.1807766,0.27188
ISIC_0046427,-0.8524056,1.1849445
ISIC_0046438,-1.1357133,1.7175547
ISIC_0046443,0.6323156,2.0854998
ISIC_0046449,-2.0413182,1.4335282
ISIC_0046450,-2.0279968,2.3882508
ISIC_0046458,-2.5651505,1.375966
ISIC_0046471,-0.76585996,0.43177328
ISIC_0046504,-1.1310627,0.9260401
ISIC_0046526,4.124663,1.5326976
ISIC_0046548,6.0340443,0.8815614
ISIC_0046560,1.9119414,0.48329812
ISIC_0046571,4.5474386,2.8539267
ISIC_0046596,6.1296887,0.37330568
ISIC_0046597,-0.37207803,2.5574663
ISIC_0046609,-1.5093379,0.82755613
ISIC_0046626,1.7790712,0.42731437
ISIC_0046628,2.4779594,-1.0298058
ISIC_0046633,-2.3182693,1.4994016
ISIC_0046639,4.0710087,-0.07169328
ISIC_0046640,0.844828,1.927157
ISIC_0046645,4.5948844,0.11941515
ISIC_0046647,-2.437239,1.5083048
ISIC_0046659,-0.6995334,0.80086124
ISIC_0046661,7.185161,2.8349202
ISIC_0046662,0.011053431,-0.030762285
ISIC_0046664,5.202584,2.349129
ISIC_0046667,4.033924,2.7409887
ISIC_0046670,-1.8327225,1.4762782
ISIC_0046671,-1.3923666,2.9816842
ISIC_0046672,4.328525,2.137406
ISIC_0046682,5.1405396,2.8762665
ISIC_0046683,-1.4489872,2.4292808
ISIC_0046712,0.59770334,2.0222836
ISIC_0046725,3.5553994,-0.046761498
ISIC_0046773,6.236191,0.3945303
ISIC_0046820,1.4325669,1.145815
ISIC_0046827,1.681233,2.7821412
ISIC_0046828,-0.9806805,0.89939684
ISIC_0046834,2.595482,0.26503992
ISIC_0046900,-0.9690847,1.8722849
ISIC_0046908,-0.46110484,1.2387793
ISIC_0046917,-1.7260976,1.5737591
ISIC_0046921,-1.9814098,2.0924528
ISIC_0046932,-1.5040594,-1.1791584
ISIC_0046983,1.8776808,2.6954997
ISIC_0046985,-1.1679765,0.5187069
ISIC_0047003,1.165884,1.5327212
ISIC_0047004,1.5449108,-1.2262329
ISIC_0047008,2.9988005,-0.36079994
ISIC_0047022,1.2280788,0.7681807
ISIC_0047024,6.0539713,1.2738882
ISIC_0047031,4.355605,-0.03860247
ISIC_0047033,2.8009307,1.078582
ISIC_0053456,6.5087633,4.271614
ISIC_0053469,4.939224,2.3998888
ISIC_0053470,1.6653249,1.2591985
ISIC_0053471,1.8399078,2.645452
ISIC_0053473,5.241295,3.3400621
ISIC_0053479,3.0399601,2.2787921
ISIC_0053485,-1.3311197,0.72085464
ISIC_0053489,1.9676859,3.2464244
ISIC_0053491,4.7795935,2.9417868
ISIC_0053492,6.3260107,0.27505967
ISIC_0053495,-0.41462916,2.836562
ISIC_0053507,0.3438394,2.8600993
ISIC_0053508,6.129115,1.4283931
ISIC_0053509,6.747249,3.8276587
ISIC_0053510,7.1129413,3.7256844
ISIC_0053512,3.337911,0.2441026
ISIC_0053513,3.1160367,2.79782
ISIC_0053518,6.3664746,4.3996544
ISIC_0053520,5.242359,0.41298398
ISIC_0053525,-0.12500712,2.8606825
ISIC_0053531,-0.3913989,2.9314606
ISIC_0053533,1.2410346,1.7685447
ISIC_0053541,0.79058224,2.964966
ISIC_0053542,0.7773054,1.4326218
ISIC_0053545,6.1539683,2.451728
ISIC_0053570,5.359391,1.0242535
ISIC_0053578,-0.82909405,2.1582031
ISIC_0053582,4.21933,3.752989
ISIC_0053589,-0.2098578,1.5811629
ISIC_0053594,2.7303357,0.5642843
ISIC_0053603,-1.1780108,0.9079691
ISIC_0053611,5.8313637,0.020797757
ISIC_0053615,5.682558,0.25855055
ISIC_0053617,2.0744774,1.3077124
ISIC_0053632,3.5035362,0.85572773
ISIC_0053659,0.42870897,-0.07845585
ISIC_0053660,0.40527865,0.0053363917
ISIC_0053667,3.6394906,3.0037603
ISIC_0053674,3.2938335,1.4250293
ISIC_0053691,5.3368526,0.7290604
ISIC_0053698,1.8683708,0.11505967
ISIC_0053699,7.029345,2.7516282
ISIC_0053700,-2.350105,1.7167324
ISIC_0053723,3.42959,0.43846405
ISIC_0053725,1.2697017,-0.83409864
ISIC_0053734,7.653667,2.8491974
ISIC_0053740,-0.28096458,0.334774
ISIC_0053742,5.496612,2.824102
ISIC_0053751,-0.94505537,0.013272161
ISIC_0053761,1.1039068,1.6492617
ISIC_0053763,3.6806574,3.157659
ISIC_0053765,4.461011,1.8479506
ISIC_0053766,-0.6921254,1.0401789
ISIC_0053774,7.153368,3.8630636
ISIC_0053787,0.4854608,2.7622256
ISIC_0053790,4.199867,2.8652225
ISIC_0053791,3.8131459,3.3497586
ISIC_0053796,3.3970313,0.65015167
ISIC_0053801,-1.524578,1.7804455
ISIC_0053810,3.394891,1.015336
ISIC_0053812,7.7925825,4.2645187
ISIC_0053814,6.592095,3.5408037
ISIC_0053816,3.1126888,4.1259303
ISIC_0053823,1.1824276,-1.0432656
ISIC_0053824,7.156316,3.259126
ISIC_0053827,1.9431924,3.0263186
ISIC_0053828,-1.2424679,-0.18905571
ISIC_0053829,6.0703163,0.39679658
ISIC_0053839,5.0041857,1.5592624
ISIC_0053841,-1.4585344,-0.5186057
ISIC_0053843,3.8337817,2.4333124
ISIC_0053846,-0.8073871,2.1487353
ISIC_0053853,5.9825187,4.4170017
ISIC_0053891,3.8034432,2.7479303
ISIC_0053893,5.0219936,1.9518386
ISIC_0053909,3.9793923,1.8829775
ISIC_0053912,-0.86720645,-0.40694547
ISIC_0053916,6.3182254,1.250745
ISIC_0053923,-1.2871199,2.0577815
ISIC_0053925,-1.0211309,2.287432
ISIC_0053946,2.0026665,0.7920212
ISIC_0053960,-2.5172772,1.9061095
ISIC_0053969,3.8633575,3.812498
ISIC_0053974,2.426371,0.5561312
ISIC_0053980,6.1921544,3.5048223
ISIC_0053981,2.2309732,2.025138
ISIC_0053996,0.5450545,1.9093089
ISIC_0054006,-0.060276892,1.304419
ISIC_0054025,-2.4799433,0.63066906
ISIC_0054032,1.2119532,2.768517
ISIC_0054038,-1.2239046,1.0074096
ISIC_0054043,2.24309,0.25146756
ISIC_0054048,5.610056,0.99422014
ISIC_0054053,-1.6083121,0.7341322
ISIC_0054059,5.3636575,1.6918181
ISIC_0054061,4.5348587,0.16515996
ISIC_0054062,3.5067463,2.0959096
ISIC_0054070,0.044314113,1.2835317
ISIC_0054073,4.003342,2.7227888
ISIC_0054078,5.67065,1.8986238
ISIC_0054079,-1.4443804,2.5810907
ISIC_0054080,5.3055115,-0.0782063
ISIC_0054082,4.506448,3.98518
ISIC_0054085,7.608011,2.6637964
ISIC_0054090,3.43066,3.2945602
ISIC_0054103,4.5467997,0.29838157
ISIC_0054106,5.742696,3.1139085
ISIC_0054110,1.2178391,-0.7663454
ISIC_0054112,-0.43530846,2.508897
ISIC_0054117,4.801976,3.2014792
ISIC_0054123,1.7215464,1.9216
ISIC_0054141,3.1360962,1.5700206
ISIC_0054151,6.4228406,2.616553
ISIC_0054159,2.6336763,3.110579
ISIC_0054167,6.2339272,0.943702
ISIC_0054179,5.736404,3.0357773
ISIC_0054188,-1.6449094,1.6562482
ISIC_0054193,4.135542,3.734283
ISIC_0054198,1.4961245,3.7775884
ISIC_0054205,5.432145,4.0554953
ISIC_0054213,4.2099175,2.4005182
ISIC_0054220,3.7711117,2.9548092
ISIC_0054222,3.621617,1.082195
ISIC_0054226,-0.09192413,1.1197486
ISIC_0054229,2.6083581,1.0325102
ISIC_0054233,3.1808963,3.0507104
ISIC_0054236,6.264422,4.2578335
ISIC_0054244,-0.33996734,2.529025
ISIC_0054251,0.3383496,1.9224052
ISIC_0054254,3.7892907,2.3107035
ISIC_0054274,-0.27436996,0.7040857
ISIC_0054284,4.2543297,4.537457
ISIC_0054287,-0.8695774,2.3331683
ISIC_0054292,3.4974222,-0.6225424
ISIC_0054296,1.3804566,0.6326147
ISIC_0054312,3.408459,-0.57814246
ISIC_0054314,6.6573706,2.4488544
ISIC_0054317,6.7184567,0.75055426
ISIC_0054334,2.6956763,3.114764
ISIC_0054337,0.6179045,0.53786653
ISIC_0054351,2.989749,2.1929357
ISIC_0054355,3.4178023,3.3123057
ISIC_0054364,-0.6825427,2.872899
ISIC_0054366,-1.0227044,-1.0949688
ISIC_0054377,1.2990619,-0.10545166
ISIC_0054379,2.354084,2.7152953
ISIC_0054384,1.5301778,1.7772026
ISIC_0054391,4.024515,4.435787
ISIC_0054399,3.7007833,2.061605
ISIC_0054410,1.8145297,1.9760257
ISIC_0054412,-2.3199775,2.0120707
ISIC_0054416,4.861613,1.9066844
ISIC_0054430,1.1970991,0.5640126
ISIC_0054444,0.48902565,3.3816552
ISIC_0054445,5.668139,2.787896
ISIC_0054458,2.0935879,0.41718403
ISIC_0054459,3.9695833,-0.19746494
ISIC_0054462,6.9153233,2.7608464
ISIC_0054464,6.7934017,3.8243518
ISIC_0054465,5.6690993,1.8942869
ISIC_0054497,6.322291,0.448441
ISIC_0054501,4.0352755,3.7237916
ISIC_0054506,-1.7494856,1.8905953
ISIC_0054512,3.5719192,2.0235698
ISIC_0054516,-2.1834993,1.9359415
ISIC_0054520,1.6375934,1.10034
ISIC_0054523,2.5455227,1.1680806
ISIC_0054528,-0.9029902,0.3976526
ISIC_0054544,7.2518725,2.8311713
ISIC_0054548,5.050921,3.320113
ISIC_0054563,0.4519277,0.313016
ISIC_0054568,-1.2423877,0.58340406
ISIC_0054574,1.0349867,1.2546787
ISIC_0054618,-0.07010486,1.4234354
ISIC_0054624,-1.5989959,0.24159977
ISIC_0054625,-2.233544,0.6752187
ISIC_0054629,-0.20845,0.086165376
ISIC_0054637,3.7954621,0.20286915
ISIC_0054651,-1.3102694,1.0429013
ISIC_0054661,-1.933852,1.2387263
ISIC_0054663,-0.56277674,-1.6519274
ISIC_0054670,-0.7485863,2.8249488
ISIC_0054671,-2.2648175,1.1751244
ISIC_0054673,-1.0455769,2.3534715
ISIC_0054677,-0.13111213,-0.5402902
ISIC_0054694,3.022325,1.8471407
ISIC_0054705,6.224161,0.5612301
ISIC_0054725,1.0389816,3.5185091
ISIC_0054728,0.79164654,2.3000221
ISIC_0054734,4.1936626,1.682153
ISIC_0054744,5.6889825,2.1643217
ISIC_0054747,-2.544178,0.99703574
ISIC_0054748,-1.2110927,-0.8107577
ISIC_0054756,3.6861148,3.5727615
ISIC_0054760,3.547667,3.6915324
ISIC_0054763,7.075538,2.9673212
ISIC_0054765,3.4718,1.2934061
ISIC_0054767,1.0001986,1.1151736
ISIC_0054770,3.9307878,2.816894
ISIC_0054777,-0.8983508,1.6969725
ISIC_0054787,1.511334,2.3505507
ISIC_0054793,4.526762,4.37983
ISIC_0054802,7.090627,2.9236183
ISIC_0054819,3.8746147,0.80633324
ISIC_0054821,-2.1057725,1.9613783
ISIC_0054842,7.3132405,2.8595319
ISIC_0054844,3.4319003,2.7099845
ISIC_0054848,7.7811894,4.270428
ISIC_0054851,5.5733895,3.1770036
ISIC_0054852,4.2512646,4.5990396
ISIC_0054853,6.8021073,3.9615653
ISIC_0054874,5.2597246,0.3519638
ISIC_0054889,3.5115542,2.8585598
ISIC_0054892,2.1010294,3.2029266
ISIC_0054894,6.04775,2.122774
ISIC_0054902,4.6365013,2.5313606
ISIC_0054904,1.4726244,-0.52304965
ISIC_0054906,4.231007,4.8149576
ISIC_0054912,1.3330168,0.99778235
ISIC_0054914,2.3646276,2.8535202
ISIC_0054919,5.449518,3.4562294
ISIC_0054936,-0.02383101,-0.68049943
ISIC_0054941,-0.87849295,2.6819348
ISIC_0054961,0.50299287,1.3299767
ISIC_0054963,-0.956543,2.2664845
ISIC_0054969,1.0558422,1.25489
ISIC_0054970,2.1557221,3.0673954
ISIC_0054971,-0.59960234,2.9813201
ISIC_0054973,2.7672021,4.0299196
ISIC_0054974,2.0146008,2.3103378
ISIC_0054982,1.6037529,1.4449441
ISIC_0054988,4.369379,2.6632967
ISIC_0054995,0.22302535,-0.052558035
ISIC_0055001,0.6829501,1.3674785
ISIC_0055002,7.0909557,3.5284
ISIC_0055022,1.3643063,1.7593349
ISIC_0055024,-0.9072471,-1.729676
ISIC_0055031,2.9465697,-0.10294974
ISIC_0055039,5.1767282,1.785952
ISIC_0055048,1.4586738,1.5692853
ISIC_0055051,3.834631,2.4706342
ISIC_0055052,-0.26747122,2.0174391
ISIC_0055054,3.1725693,-0.6908397
ISIC_0055056,5.2194014,2.8619878
ISIC_0055062,1.818736,1.2832661
ISIC_0055074,-1.7005118,0.4947215
ISIC_0055079,7.2512474,3.5901158
ISIC_0055081,0.52019423,-1.5214609
ISIC_0055086,-0.8756072,-0.29345372
ISIC_0055087,5.311403,3.745301
ISIC_0055091,1.4058889,1.6031069
ISIC_0055110,4.634871,2.3447783
ISIC_0055136,7.116123,2.454811
ISIC_0055141,-1.523897,-0.1314354
ISIC_0055143,5.3492875,3.7797792
ISIC_0055147,-1.2136033,2.7971222
ISIC_0055156,-0.113951534,1.8446347
ISIC_0055167,2.0085912,3.905063
ISIC_0055175,0.7136736,1.9827384
ISIC_0055181,6.07445,2.7874825
ISIC_0055191,0.24879402,2.7971823
ISIC_0055193,1.0541788,3.0681224
ISIC_0055202,-1.267076,-0.8752275
ISIC_0055205,0.87013006,1.1072981
ISIC_0055208,6.397854,0.66385484
ISIC_0055226,2.6308491,3.2245378
ISIC_0055227,6.9785423,2.5633512
ISIC_0055236,5.382981,2.2643962
ISIC_0055241,6.122963,0.91686314
ISIC_0055246,0.39875406,1.8120812
ISIC_0055249,1.8037336,2.2459393
ISIC_0055264,0.23882274,2.6052725
ISIC_0055265,-0.96053183,3.224573
ISIC_0055268,1.5726628,2.9613938
ISIC_0055276,7.666639,4.1653323
ISIC_0055282,-2.3384433,0.9595152
ISIC_0055289,-0.9103501,2.031204
ISIC_0055293,-0.47395343,2.5839903
ISIC_0055297,1.4973537,2.2332637
ISIC_0055298,5.4007015,3.942171
ISIC_0055309,-0.92848223,-1.1564388
ISIC_0055314,4.1192794,3.9355085
ISIC_0055337,7.7195425,4.1719975
ISIC_0055340,2.3560767,1.6748396
ISIC_0055344,-0.36174425,1.6836061
ISIC_0055355,7.190288,4.0100403
ISIC_0055359,-0.78322726,1.9773731
ISIC_0055362,2.4948797,3.6715138
ISIC_0055363,2.2996275,1.4092805
ISIC_0055367,5.3868604,3.6487668
ISIC_0055380,-1.9826065,2.2489636
ISIC_0055393,5.864861,2.5501869
ISIC_0055398,6.477153,4.195147
ISIC_0055412,5.3827143,1.5167044
ISIC_0055417,1.6732311,0.7019874
ISIC_0055419,-2.2491271,1.6012675
ISIC_0055421,6.929333,4.161495
ISIC_0055425,6.3286223,1.2954355
ISIC_0055438,-0.4498754,3.0211854
ISIC_0055440,0.08822233,3.046898
ISIC_0055445,-1.2818115,-0.6390823
ISIC_0055451,-2.5186908,1.3904172
ISIC_0055453,4.4533052,2.6907926
ISIC_0055454,2.7054875,2.3679593
ISIC_0055462,1.3852955,-0.92342913
ISIC_0055464,1.3863649,2.588687
ISIC_0055465,2.07538,2.3926053
ISIC_0055467,6.396302,0.546768
ISIC_0055474,-0.27860227,3.0928612
ISIC_0055492,1.7089025,2.024079
ISIC_0055496,5.8929086,0.2447293
ISIC_0055503,-0.29188704,0.97600037
ISIC_0055511,-1.0281713,2.7396495
ISIC_0055513,-1.2611622,1.3358529
ISIC_0055517,0.4205607,0.8982259
ISIC_0055518,2.4944925,4.165059
ISIC_0055519,6.202491,2.3692956
ISIC_0055525,5.5720353,1.5799836
ISIC_0055527,4.421191,2.5493035
ISIC_0055528,2.4095473,2.6151319
ISIC_0055543,4.678465,3.194764
ISIC_0055546,4.6109247,0.16818796
ISIC_0055550,-2.2161472,0.954163
ISIC_0055562,2.4515874,0.22999887
ISIC_0055570,6.804813,2.4820147
ISIC_0055572,-0.18624432,3.2451684
ISIC_0055582,-0.3815559,0.4305628
ISIC_0055613,0.6428012,0.5124875
ISIC_0055616,6.563353,2.8157854
ISIC_0055618,-0.7929675,2.27054
ISIC_0055622,3.722877,2.1662617
ISIC_0055623,5.801319,3.7370415
ISIC_0055624,4.356593,3.5731742
ISIC_0055643,6.0357466,1.6597617
ISIC_0055659,6.085695,0.46231663
ISIC_0055665,0.7752112,1.8542596
ISIC_0055680,-0.97601175,0.80419886
ISIC_0055684,1.5567312,0.67502856
ISIC_0055688,2.5132773,4.1692815
ISIC_0055690,7.562042,2.6508825
ISIC_0055701,4.7212563,2.7515483
ISIC_0055707,5.78332,3.9089246
ISIC_0055709,0.49203098,2.1008372
ISIC_0055714,2.5143738,0.026145047
ISIC_0055720,2.04644,-1.297098
ISIC_0055733,6.018317,4.0416102
ISIC_0055742,2.0665216,1.9729847
ISIC_0055743,7.8564143,2.950154
ISIC_0055756,-1.2576241,0.42456254
ISIC_0055759,5.999165,4.0680876
ISIC_0055764,3.6639724,2.6705382
ISIC_0055767,4.6297784,4.6471505
ISIC_0055771,4.1381207,3.041147
ISIC_0055776,0.7678377,-1.1462281
ISIC_0055780,6.010134,0.47407657
ISIC_0055781,-0.4847294,-0.20791048
ISIC_0055783,0.7786745,3.516209
ISIC_0055788,1.7520124,2.5131207
ISIC_0055789,5.822303,4.120512
ISIC_0055796,6.0079436,2.7480786
ISIC_0055797,0.32544738,1.4074568
ISIC_0055799,6.9404745,2.6542144
ISIC_0055802,6.4707036,3.4884489
ISIC_0055818,2.6701205,1.7003226
ISIC_0055820,-1.6419833,1.5752128
ISIC_0055821,-1.1179206,1.245862
ISIC_0055825,0.08502544,1.4657447
ISIC_0055828,5.516313,0.47259185
ISIC_0055832,5.4797306,4.0399857
ISIC_0055840,3.1140456,2.0553324
ISIC_0055841,-2.1447024,0.3849125
ISIC_0055854,6.332724,2.4804063
ISIC_0055859,4.33732,3.9755585
ISIC_0055862,6.1080465,0.9503193
ISIC_0055871,-0.53834623,2.1646292
ISIC_0055876,0.16492651,2.9145877
ISIC_0055887,2.0059156,2.9694006
ISIC_0055892,-1.8858734,2.427739
ISIC_0055896,7.258171,3.36699
ISIC_0055899,5.941617,1.1390128
ISIC_0055900,7.157251,3.2760308
ISIC_0055905,6.0095053,3.9085815
ISIC_0055907,6.039283,0.79032606
ISIC_0055911,0.92882365,2.4214714
ISIC_0055930,7.8202143,3.2972693
ISIC_0055931,4.012026,2.5235736
ISIC_0055937,-0.62726617,3.2738378
ISIC_0055938,0.48015505,1.1974208
ISIC_0055953,2.3346374,1.7504108
ISIC_0055960,4.1026454,3.2151358
ISIC_0055967,2.702122,4.4265995
ISIC_0055984,6.254681,3.2736094
ISIC_0055999,0.71475846,3.4136446
ISIC_0056001,4.623489,3.0493402
ISIC_0056007,-2.2127275,1.6697122
ISIC_0056017,-0.15885593,1.3468057
ISIC_0056019,2.9821262,2.9057536
ISIC_0056036,5.1867604,0.8921301
ISIC_0056041,1.304629,2.175122
ISIC_0056044,5.828535,1.6622105
ISIC_0056047,6.1497035,3.9712157
ISIC_0056050,-1.8489109,0.24356736
ISIC_0056051,3.7611308,4.4020867
ISIC_0056061,7.772513,4.3142443
ISIC_0056063,-0.85600805,2.8837833
ISIC_0056089,0.1077139,1.5843861
ISIC_0056092,-0.6934125,-1.1961457
ISIC_0056105,1.9948845,1.8715966
ISIC_0056118,-1.5432988,0.506953
ISIC_0056130,2.6509635,3.1129377
ISIC_0056133,6.433304,2.8413975
ISIC_0056136,3.2564614,1.1774343
ISIC_0056138,-2.197292,1.2001392
ISIC_0056141,-0.54211485,-1.728243
ISIC_0056145,7.1436534,2.9175012
ISIC_0056152,-2.1576488,1.9556271
ISIC_0056156,0.09565805,0.8031395
ISIC_0056167,-0.04332141,1.4234753
ISIC_0056170,-1.9809024,2.0921626
ISIC_0056181,2.0398912,1.6581857
ISIC_0056185,5.7442007,3.1114845
ISIC_0056190,4.4743943,2.4058766
ISIC_0056192,1.6357719,2.0036793
ISIC_0056201,4.0470076,3.8891819
ISIC_0056202,0.18997099,1.7664895
ISIC_0056210,6.5013967,1.6550245
ISIC_0056214,6.6196437,2.7872493
ISIC_0056217,5.786702,0.7701001
ISIC_0056221,0.37171522,2.157651
ISIC_0056225,-0.42515755,2.7823746
ISIC_0056228,-1.4522576,-0.20830534
ISIC_0056232,-0.9314991,-0.83058745
ISIC_0056247,2.2633035,1.245424
ISIC_0056261,-0.3590172,2.9891891
ISIC_0056263,4.343436,-0.09497437
ISIC_0056269,0.20632464,1.0335333
ISIC_0056271,-0.6826678,1.1621659
ISIC_0056283,7.0172276,1.9633276
ISIC_0056292,4.697083,1.3182235
ISIC_0056298,4.19358,1.9206214
ISIC_0056309,-0.7400314,3.0368083
ISIC_0056330,-0.90715426,3.0129158
ISIC_0056337,5.9296403,4.63992
ISIC_0056345,6.484303,3.3899066
ISIC_0056347,5.158144,3.3435729
ISIC_0056364,4.393767,0.8703389
ISIC_0056382,4.3424582,3.8651838
ISIC_0056389,0.87473226,1.2542174
ISIC_0056392,3.8664992,3.0752656
ISIC_0056401,5.862174,0.6208822
ISIC_0056403,3.7800114,3.3679445
ISIC_0056413,0.200086,2.732296
ISIC_0056415,-1.3380835,-0.5438993
ISIC_0056422,2.403854,2.0575175
ISIC_0056425,0.740867,2.3000963
ISIC_0056428,1.6338742,2.2461317
ISIC_0056446,-0.5579115,1.4267949
ISIC_0056447,1.1805487,3.2458014
ISIC_0056448,-1.4518275,-0.7377361
ISIC_0056449,6.33242,4.0657496
ISIC_0056454,2.6722295,1.6145685
ISIC_0056479,5.349173,3.6801963
ISIC_0056481,5.8925,0.021113778
ISIC_0056483,-0.5040277,0.41499636
ISIC_0056487,0.6407568,2.7102873
ISIC_0056501,-0.9058037,2.7585213
ISIC_0056511,1.4678003,2.4402368
ISIC_0056525,4.5031557,1.6109805
ISIC_0056527,5.685175,2.6296096
ISIC_0056531,1.6927384,-0.5878668
ISIC_0056546,-0.050259035,1.5535963
ISIC_0056551,1.7128236,3.4715753
ISIC_0056554,2.7574062,1.7323761
ISIC_0056572,4.305835,2.7208877
ISIC_0056573,6.939209,2.5240371
ISIC_0056601,6.2939253,0.42457122
ISIC_0056612,6.798778,3.2297926
ISIC_0056614,-2.359388,0.62939453
ISIC_0056625,2.1364968,1.4665908
ISIC_0056626,0.29755735,1.4549185
ISIC_0056632,1.371609,1.9753969
ISIC_0056644,3.6344995,0.7646696
ISIC_0056652,0.45943338,0.8877738
ISIC_0056655,-0.9823148,2.5376885
ISIC_0056659,6.6225595,3.7159045
ISIC_0056660,-1.1617755,3.1950731
ISIC_0056676,6.4736614,4.419227
ISIC_0056677,-1.8149563,1.4480228
ISIC_0056683,-0.3656074,-0.5219406
ISIC_0056684,4.6439757,2.811487
ISIC_0056688,2.7988234,1.8563055
ISIC_0056692,5.7143373,0.58976865
ISIC_0056710,7.082778,2.6461122
ISIC_0056717,6.6639466,3.8933806
ISIC_0056719,1.2313088,3.0685265
ISIC_0056723,5.7292604,2.6900778
ISIC_0056725,0.41292745,0.23654915
ISIC_0056729,-0.029927464,0.91555023
ISIC_0056739,-0.8578552,0.6049129
ISIC_0056740,6.796724,3.5578322
ISIC_0056749,-0.6030924,2.4954937
ISIC_0056750,7.0400586,2.9446192
ISIC_0056751,3.445513,3.4922042
ISIC_0056753,4.0987787,1.6877176
ISIC_0056770,0.5027742,0.63566107
ISIC_0056788,-1.4271616,1.9046869
ISIC_0056790,3.3107831,3.9908164
ISIC_0056796,-1.9617316,0.059385967
ISIC_0056800,5.8113875,2.107652
ISIC_0056806,4.326289,4.677339
ISIC_0056814,-0.85460776,2.034669
ISIC_0056817,2.8745186,1.970563
ISIC_0056819,-0.91339046,1.8767128
ISIC_0056820,1.7075135,4.016577
ISIC_0056844,-2.3376584,0.83380365
ISIC_0056848,1.4523126,1.4752325
ISIC_0056849,-1.7676166,2.7734504
ISIC_0056851,5.61578,3.8698251
ISIC_0056860,0.80023646,2.0984201
ISIC_0056863,2.542879,2.200696
ISIC_0056871,-1.3020028,2.536581
ISIC_0056876,3.6241035,3.4643083
ISIC_0056893,2.8692858,0.9804824
ISIC_0056900,1.3620392,1.2120366
ISIC_0056902,-0.4548112,0.5496473
ISIC_0056921,2.3459816,0.29314524
ISIC_0056926,0.2691231,2.422988
ISIC_0056938,1.8531847,0.25782654
ISIC_0056940,-1.0081503,-1.6178352
ISIC_0056957,4.594862,3.1696048
ISIC_0056974,2.8923948,1.8004129
ISIC_0056981,2.3164496,2.728856
ISIC_0056984,-1.4350492,1.3768207
ISIC_0056988,5.1757345,2.557948
ISIC_0056991,-2.3296432,1.3397301
ISIC_0057001,2.4772885,4.0173874
ISIC_0057003,6.28719,0.3766096
ISIC_0057015,-1.8713161,2.307736
ISIC_0057016,0.65737766,2.8037922
ISIC_0057019,3.6384163,0.4514135
ISIC_0057023,-1.3356557,-0.2323076
ISIC_0057025,3.8249664,3.0433888
ISIC_0057027,-1.0389537,2.5260952
ISIC_0057033,0.5579086,1.6465424
ISIC_0057044,5.9831347,2.5335908
ISIC_0057045,-0.76677394,1.3188448
ISIC_0057048,5.076426,1.2825177
ISIC_0057067,2.620644,2.9655263
ISIC_0057083,2.7596104,2.2068503
ISIC_0057089,-1.0097054,2.0166657
ISIC_0057113,4.8108015,3.9185069
ISIC_0057141,-1.7317343,1.5968219
ISIC_0057147,4.2452683,2.542327
ISIC_0057148,-0.5106565,1.638753
ISIC_0057152,-1.1297948,0.5443022
ISIC_0057154,5.6945963,2.8082576
ISIC_0057155,-1.5873609,3.097566
ISIC_0057164,-0.7650071,0.9166241
ISIC_0057169,-0.6494053,-0.79797524
ISIC_0057171,2.3627563,1.8852153
ISIC_0057172,5.954809,1.5472082
ISIC_0057188,-0.8210494,1.8830266
ISIC_0057192,6.894422,2.7576852
ISIC_0057199,4.0693374,0.20491596
ISIC_0057204,3.7699072,4.244936
ISIC_0057211,4.4800763,1.0661582
ISIC_0057234,-0.8259851,0.025590057
ISIC_0057235,1.0279176,0.550377
ISIC_0057244,-1.2553765,1.2027841
ISIC_0057252,-0.6579155,0.3891954
ISIC_0057257,5.516841,2.7153184
ISIC_0057286,4.4784727,1.4308243
ISIC_0057306,0.73212916,2.7207148
ISIC_0057307,-1.7997255,0.7215775
ISIC_0057313,-1.8350329,-0.5945659
ISIC_0057315,-0.5499616,1.121898
ISIC_0057317,1.2609347,2.3969631
ISIC_0057323,1.051728,1.3748239
ISIC_0057324,5.5423517,1.3191717
ISIC_0057328,4.0561004,3.053252
ISIC_0057331,3.6341474,3.2279027
ISIC_0057338,5.9321,2.299891
ISIC_0057344,0.037473667,-0.58451176
ISIC_0057360,5.73896,1.4665048
ISIC_0057362,1.3710831,2.2064207
ISIC_0057370,1.8201238,3.0042906
ISIC_0057371,0.29766697,-0.59933126
ISIC_0057374,-0.3748316,2.7095392
ISIC_0057390,2.6461205,1.0695264
ISIC_0057395,2.6613932,-0.6255234
ISIC_0057397,4.030454,0.23253623
ISIC_0057406,2.3447852,0.22276875
ISIC_0057408,6.637501,1.3661186
ISIC_0057412,-0.9700452,-0.22554728
ISIC_0057417,6.275899,1.4606049
ISIC_0057436,2.0641623,2.7309291
ISIC_0057450,4.7090397,2.278913
ISIC_0057457,1.2203209,0.6404011
ISIC_0057462,-1.3803921,1.344438
ISIC_0057465,3.5557714,3.4896996
ISIC_0057482,3.8336253,4.66037
ISIC_0057496,-2.4791942,1.6198612
ISIC_0057531,-1.2784998,1.8532884
ISIC_0057534,-1.5076573,-0.4971508
ISIC_0057535,2.1340578,-0.08224406
ISIC_0057539,6.098316,0.32027048
ISIC_0057545,5.0791326,3.1064272
ISIC_0057548,2.7690248,0.4614376
ISIC_0057554,-0.87699616,0.4501262
ISIC_0057557,-0.27455568,0.5177248
ISIC_0057559,-1.9016875,2.0358198
ISIC_0057577,7.581863,4.128338
ISIC_0057591,4.7627134,1.5846181
ISIC_0057593,0.4849433,-0.55218107
ISIC_0057594,3.572971,2.256419
ISIC_0057609,-0.2872685,2.5448406
ISIC_0057611,4.5087476,1.7797787
ISIC_0057615,3.08507,3.2227101
ISIC_0057617,4.492792,2.658266
ISIC_0057619,6.6687512,4.195206
ISIC_0057621,3.2458959,0.22202368
ISIC_0057634,1.532423,1.1731737
ISIC_0057656,6.210426,0.4286909
ISIC_0057661,-2.5526888,1.3916839
ISIC_0057668,5.7310953,2.9021077
ISIC_0057672,5.4679403,3.6033
ISIC_0057685,2.96624,0.6589333
ISIC_0057687,4.881938,1.5140246
ISIC_0057700,3.6769629,0.05162276
ISIC_0057702,-0.8411254,-1.1560115
ISIC_0057716,-2.3042827,0.81117964
ISIC_0057725,4.087211,2.2364445
ISIC_0057731,-0.4978247,1.8657078
ISIC_0057734,1.2462677,1.1014178
ISIC_0057736,1.4925398,0.5840206
ISIC_0057744,5.024534,3.3402889
ISIC_0057747,1.8335524,0.52808106
ISIC_0057753,0.52385974,3.0699325
ISIC_0057759,-1.7064251,1.8953754
ISIC_0057762,0.11249646,2.7977293
ISIC_0057769,-2.2717304,1.9192187
ISIC_0057771,7.764662,3.2593274
ISIC_0057782,1.7771902,-0.4433109
ISIC_0057783,4.2626014,0.8605317
ISIC_0057787,5.6769657,4.25563
ISIC_0057791,4.8461423,1.5616674
ISIC_0057808,6.352799,2.708375
ISIC_0057815,3.2260163,2.3128057
ISIC_0057821,2.2730932,0.9899634
ISIC_0057828,5.4795423,1.682016
ISIC_0057838,2.997653,3.2948723
ISIC_0057841,2.659942,-0.06832893
ISIC_0057844,-0.28898987,1.921116
ISIC_0057848,6.263666,4.4856234
ISIC_0057851,-0.028457083,2.7719364
ISIC_0057864,4.6548076,1.9360936
ISIC_0057870,4.132063,3.062916
ISIC_0057881,-1.6661077,1.6801149
ISIC_0057891,2.3491476,2.4776478
ISIC_0057898,4.8441052,0.0679391
ISIC_0057900,6.681284,3.2483091
ISIC_0057913,-1.1194664,2.964372
ISIC_0057914,3.8949041,2.552518
ISIC_0057921,1.2196273,-0.39896393
ISIC_0057936,2.6483715,0.43186212
ISIC_0057938,-1.6486533,1.9310447
ISIC_0057939,0.93116313,1.324437
ISIC_0057947,3.7305346,0.33298504
ISIC_0057949,0.90174747,0.8599148
ISIC_0057953,2.7700436,2.03609
ISIC_0057960,-1.7810434,0.62297446
ISIC_0057968,-1.2808183,0.20808268
ISIC_0057973,0.9919445,0.24835286
ISIC_0057974,4.547117,2.7102125
ISIC_0057976,7.0299263,1.993464
ISIC_0057978,5.501257,0.8781167
ISIC_0057980,5.3267097,3.2837305
ISIC_0057996,2.7969322,3.099342
ISIC_0057999,-1.0716376,-0.7905525
ISIC_0058000,7.5827127,3.2706075
ISIC_0058003,1.2425855,3.4215512
ISIC_0058007,0.7362817,0.66219556
ISIC_0058010,7.251965,4.23442
ISIC_0058015,5.388113,2.6054173
ISIC_0058016,-0.78173614,0.721745
ISIC_0058021,4.081789,4.1727324
ISIC_0058024,-1.5528836,0.5258719
ISIC_0058028,0.69977355,0.9579817
ISIC_0058033,5.492832,2.2979667
ISIC_0058040,0.41074294,2.2029135
ISIC_0058046,-0.88248765,1.7668457
ISIC_0058047,1.4614458,2.7751653
ISIC_0058050,7.8765287,2.785015
ISIC_0058059,3.1891944,0.96726835
ISIC_0058075,1.0507506,2.1134186
ISIC_0058081,1.6829813,3.1097448
ISIC_0058096,6.067897,3.2869687
ISIC_0058097,1.5378728,0.8896011
ISIC_0058098,-2.009439,2.4067807
ISIC_0058115,2.7868314,1.5794747
ISIC_0058118,0.9150833,0.86352557
ISIC_0058125,0.12077677,1.9017924
ISIC_0058127,6.1876993,0.97061104
ISIC_0058135,-1.6691182,1.2876132
ISIC_0058136,0.19363245,-0.13423312
ISIC_0058138,0.3574923,2.1765668
ISIC_0058151,-1.3018479,0.12757532
ISIC_0058154,6.590025,3.0195725
ISIC_0058164,2.1073136,1.5928459
ISIC_0058168,5.2383413,2.3978615
ISIC_0058170,2.5677733,0.63997036
ISIC_0058173,4.146929,3.772637
ISIC_0058176,5.80266,0.88415575
ISIC_0058181,-1.3396194,0.27669126
ISIC_0058204,0.952366,1.4467069
ISIC_0058206,3.17312,1.8409508
ISIC_0058218,4.010139,4.6505146
ISIC_0058229,4.989984,2.2412658
ISIC_0058237,6.7144537,1.9978988
ISIC_0058245,7.4244313,2.6496692
ISIC_0058249,-1.4856161,1.5969037
ISIC_0058255,2.129407,0.6113819
ISIC_0058270,7.2323503,3.3990164
ISIC_0058281,5.0938516,3.066453
ISIC_0058282,6.0951285,0.8218154
ISIC_0058284,2.9660203,0.9278314
ISIC_0058285,4.7365785,0.30098787
ISIC_0058298,4.0768633,2.5012815
ISIC_0058301,6.9898796,2.7089782
ISIC_0058307,7.925236,3.0565267
ISIC_0058308,-1.4572308,0.26867115
ISIC_0058315,3.3869822,0.054501507
ISIC_0058319,6.1912813,3.4341862
ISIC_0058321,6.2584295,0.4975882
ISIC_0058331,-0.9169915,0.49346322
ISIC_0058332,6.707217,0.7257753
ISIC_0058334,3.3997216,1.4961267
ISIC_0058341,0.038271755,2.4618475
ISIC_0058344,-0.780801,-0.21719013
ISIC_0058346,-1.4886445,-0.52700967
ISIC_0058354,-2.2470763,1.107827
ISIC_0058368,7.5403495,3.2863505
ISIC_0058376,3.2788048,1.7965037
ISIC_0058383,4.7429214,0.008239821
ISIC_0058391,2.2756538,-0.17409739
ISIC_0058399,2.1688724,2.984299
ISIC_0058407,0.6954505,0.88242185
ISIC_0058408,2.7363765,-0.600101
ISIC_0058418,6.2276096,0.33203274
ISIC_0058425,7.8724523,2.863376
ISIC_0058426,-1.411582,1.6412053
ISIC_0058428,-2.1785312,0.5840335
ISIC_0058432,4.9924393,3.4176447
ISIC_0058439,-2.4954352,1.4449234
ISIC_0058457,2.7746377,1.1902252
ISIC_0058458,6.1187696,3.032775
ISIC_0058475,3.296353,2.5141091
ISIC_0058492,7.4819913,2.9767678
ISIC_0058496,-1.1847278,0.17441806
ISIC_0058501,-1.3488038,0.83471596
ISIC_0058503,3.984519,3.1943228
ISIC_0058504,1.6919894,3.0355332
ISIC_0058508,-0.16542546,2.1522076
ISIC_0058513,2.146585,3.137579
ISIC_0058526,-0.008675822,2.1297133
ISIC_0058528,5.127961,3.3466306
ISIC_0058544,-1.5733126,1.7697418
ISIC_0058548,0.13302386,1.772046
ISIC_0058550,2.6486897,1.8095065
ISIC_0058559,6.121361,1.5143492
ISIC_0058569,6.97166,2.23858
ISIC_0058577,-0.27408752,1.5406295
ISIC_0058580,0.3306417,2.7530706
ISIC_0058597,-0.95293015,2.3133647
ISIC_0058599,2.8484843,3.2344308
ISIC_0058607,0.348223,0.2653307
ISIC_0058612,6.2260876,4.131927
ISIC_0058617,0.2192919,2.8815484
ISIC_0058621,3.0932877,3.3049564
ISIC_0058625,-2.2334254,1.992819
ISIC_0058629,5.661888,4.0318627
ISIC_0058630,4.378771,3.7823267
ISIC_0058643,-1.7520697,0.66185
ISIC_0058645,-0.74402845,2.9762716
ISIC_0058648,0.70677745,0.36071587
ISIC_0058649,7.5178895,3.4206977
ISIC_0058655,3.41169,1.9364787
ISIC_0058658,-0.34465674,0.40513772
ISIC_0058663,7.30423,2.9841495
ISIC_0058666,1.6731817,2.5439277
ISIC_0058675,2.878673,2.5027723
ISIC_0058676,2.342858,1.4392309
ISIC_0058697,-2.444341,1.8850034
ISIC_0058708,6.4188056,0.5454935
ISIC_0058713,3.6654272,1.4606161
ISIC_0058716,3.102115,1.7670524
ISIC_0058721,5.852182,4.56221
ISIC_0058723,-2.5382397,1.1148835
ISIC_0058732,6.8191624,1.316219
ISIC_0058734,-1.3756645,2.4220743
ISIC_0058743,-0.28442192,1.3865776
ISIC_0058753,6.7191396,1.5823764
ISIC_0058757,-0.8775581,1.1690784
ISIC_0058763,3.5297208,2.878268
ISIC_0058768,6.154947,1.162465
ISIC_0058770,2.3003216,3.3734322
ISIC_0058773,3.2485995,3.0484436
ISIC_0058781,3.951793,1.8997176
ISIC_0058786,5.503652,1.3306944
ISIC_0058790,3.1357625,4.5432997
ISIC_0058791,2.5332608,1.7211356
ISIC_0058792,-0.23150145,1.4595187
ISIC_0058794,2.3285592,1.2556258
ISIC_0058798,-1.7381592,2.8464928
ISIC_0058807,0.96674144,0.091215014
ISIC_0058818,5.8259025,-0.019971976
ISIC_0058836,-0.14230146,-0.5574217
ISIC_0058840,-0.043899365,2.2377667
ISIC_0058851,1.5841633,3.442176
ISIC_0058858,3.5981767,0.37371698
ISIC_0058862,5.7148266,0.9909671
ISIC_0058863,4.695107,4.3477855
ISIC_0058866,2.552427,2.853178
ISIC_0058875,-1.8250715,-0.013624749
ISIC_0058877,0.46267894,1.9923656
ISIC_0058880,-1.8533213,1.2971185
ISIC_0058881,3.4760814,0.33567247
ISIC_0058887,-1.2839173,1.7154076
ISIC_0058918,5.6592283,3.3439164
ISIC_0058926,-1.2265714,0.09206933
ISIC_0058947,6.1676645,4.705628
ISIC_0058957,1.4474683,2.319501
ISIC_0058959,1.8026621,2.4631488
ISIC_0059005,-0.8049057,2.057205
ISIC_0059023,-1.4265075,2.5470567
ISIC_0059026,3.1615617,3.2273629
ISIC_0059027,4.9179873,1.578396
ISIC_0059029,-0.49780437,1.9731979
ISIC_0059037,7.83791,3.3424551
ISIC_0059042,2.7328494,2.910388
ISIC_0059052,-2.52648,1.1473762
ISIC_0059065,0.95730096,1.8818047
ISIC_0059066,-1.3822393,-1.1745543
ISIC_0059074,-0.39943913,0.79210573
ISIC_0059076,6.9483075,3.8964713
ISIC_0059077,7.4051642,3.1297235
ISIC_0059079,0.50384057,1.8437846
ISIC_0059082,1.8777275,0.7367143
ISIC_0059085,5.1751385,3.4196966
ISIC_0059089,2.6285424,0.6133614
ISIC_0059090,-2.2066822,1.1419085
ISIC_0059092,0.28269216,2.6019936
ISIC_0059093,-1.5678974,1.803703
ISIC_0059103,7.170388,4.437939
ISIC_0059104,3.0508883,1.353142
ISIC_0059123,-0.5489852,-0.35460314
ISIC_0059137,4.7454023,4.367781
ISIC_0059138,5.0124316,4.2702885
ISIC_0059140,-1.0124848,0.0037364564
ISIC_0059141,2.3863242,0.28080338
ISIC_0059147,7.295031,3.6832442
ISIC_0059148,5.786942,3.7740068
ISIC_0059160,-0.44052976,-1.4228486
ISIC_0059165,-1.6468825,0.09228099
ISIC_0059169,1.2314072,1.169343
ISIC_0059170,2.904328,2.1088002
ISIC_0059171,-1.272354,0.66855925
ISIC_0059178,7.7549267,2.866222
ISIC_0059188,1.7737615,-1.1408124
ISIC_0059202,2.1750715,3.2805882
ISIC_0059219,0.23040825,-0.9258384
ISIC_0059237,0.69648737,2.7462666
ISIC_0059253,-1.6180335,0.04779496
ISIC_0059264,-0.35584906,0.9262464
ISIC_0059269,7.2110586,4.373185
ISIC_0059270,2.5780158,3.0167575
ISIC_0059272,6.700642,3.5747867
ISIC_0059273,-0.7921669,2.5284
ISIC_0059284,4.9870896,0.88410056
ISIC_0059294,-1.7826896,0.38726604
ISIC_0059313,3.44454,0.14104961
ISIC_0059314,-0.058843516,2.685765
ISIC_0059315,2.627481,2.9383526
ISIC_0059316,6.7594304,1.4695799
ISIC_0059318,-1.2655327,-0.68450314
ISIC_0059325,1.2020094,0.5798605
ISIC_0059330,6.3890476,1.009254
ISIC_0059336,0.29568458,1.8417828
ISIC_0059343,2.2883153,3.4599905
ISIC_0059345,-1.5719645,0.37824124
ISIC_0059346,3.173462,2.9990065
ISIC_0059349,0.18508613,1.8577408
ISIC_0059350,-1.3646499,-0.9632627
ISIC_0059353,0.5385186,2.5453146
ISIC_0059361,-1.3856045,-0.73372346
ISIC_0059369,1.4026824,1.6762013
ISIC_0059375,2.5685353,1.8410025
ISIC_0059382,2.269732,2.6545353
ISIC_0059386,2.8525705,1.1607887
ISIC_0059387,-0.013187601,0.98185635
ISIC_0059398,-2.3816664,0.9926229
ISIC_0059411,1.3566515,1.7328198
ISIC_0059415,-1.5970685,2.1423123
ISIC_0059420,2.9102986,0.81883574
ISIC_0059421,-0.21028298,2.592815
ISIC_0059423,3.3135426,4.554668
ISIC_0059424,7.508719,2.6146271
ISIC_0059435,-0.9948351,1.822384
ISIC_0059444,-1.8324432,0.5572744
ISIC_0059446,1.0144281,1.6352329
ISIC_0059450,7.136582,2.1059806
ISIC_0059473,1.2547071,2.8336225
ISIC_0059478,1.3286531,1.9149276
ISIC_0059482,0.10301327,3.0146759
ISIC_0059486,2.2935107,1.8645817
ISIC_0059493,5.3680706,3.4919813
ISIC_0059506,5.0060916,3.8035786
ISIC_0059511,-2.2750485,2.1049442
ISIC_0059512,-1.8411075,0.8464626
ISIC_0059521,6.766851,1.401066
ISIC_0059523,3.88776,1.6607926
ISIC_0059525,1.4061983,2.6597154
ISIC_0059538,-0.062792175,2.8950825
ISIC_0059541,4.013087,1.4347379
ISIC_0059547,1.6314832,1.9677236
ISIC_0059551,0.6644321,-1.3694909
ISIC_0059568,4.523,4.5154347
ISIC_0059569,-2.1555183,0.9894689
ISIC_0059593,-1.1335974,1.6949327
ISIC_0059595,3.36227,0.6242909
ISIC_0059597,0.7052246,1.2153645
ISIC_0059601,-0.29444817,2.2237437
ISIC_0059605,5.5857863,0.2133736
ISIC_0059608,-1.3035097,-1.0924348
ISIC_0059611,4.6150813,3.9162245
ISIC_0059628,3.7523873,0.31490597
ISIC_0059631,-1.4985266,1.7965933
ISIC_0059632,-0.8877841,0.047678415
ISIC_0059646,3.533854,0.43662792
ISIC_0059668,-1.9867823,0.7240355
ISIC_0059669,7.2019134,2.525909
ISIC_0059671,5.5075564,1.8919623
ISIC_0059686,-0.039441295,-0.30831173
ISIC_0059703,-1.3262292,-0.57523555
ISIC_0059707,-0.8902461,2.9061353
ISIC_0059708,3.771008,2.4809964
ISIC_0059738,6.333136,2.6096241
ISIC_0059739,5.4226384,2.4706213
ISIC_0059747,6.6561465,4.439333
ISIC_0059750,6.3795533,2.446588
ISIC_0059757,-1.9240116,1.5817404
ISIC_0059763,-0.58877397,1.6599058
ISIC_0059764,5.4725013,0.9483082
ISIC_0059768,1.1877725,1.8048259
ISIC_0059770,-1.1190449,1.4238979
ISIC_0059773,2.4340074,4.1469374
ISIC_0059777,-1.0602854,2.6860332
ISIC_0059785,0.7706354,-0.37358958
ISIC_0059786,1.381086,1.2225373
ISIC_0059794,5.9626737,3.1887786
ISIC_0059804,6.60041,4.3949704
ISIC_0059808,1.2042873,2.4775512
ISIC_0059809,1.5681885,3.5636005
ISIC_0059810,2.3120878,-0.8072419
ISIC_0059814,6.2050767,3.621993
ISIC_0059816,4.89837,3.4414833
ISIC_0059830,3.0187883,1.5217041
ISIC_0059832,0.89711106,-0.30830806
ISIC_0059838,3.4988558,0.88818866
ISIC_0059840,-2.176372,1.1115031
ISIC_0059855,6.826272,3.8884265
ISIC_0059859,-0.4578037,1.7580805
ISIC_0059866,4.7519774,1.4692456
ISIC_0059869,-0.22298206,0.52274424
ISIC_0059879,3.365766,3.803841
ISIC_0059881,3.1053774,2.6546156
ISIC_0059884,5.2329044,2.7857826
ISIC_0059890,5.012169,2.6418424
ISIC_0059891,-0.108907744,2.4535983
ISIC_0059892,0.20153141,2.5533779
ISIC_0059897,5.610811,2.7265604
ISIC_0059904,5.6920066,1.049519
ISIC_0059905,3.2410533,2.1141233
ISIC_0059941,3.7117863,3.3570955
ISIC_0059948,5.5842533,0.42837733
ISIC_0059957,-1.6051435,2.210269
ISIC_0059958,0.4382362,1.1706474
ISIC_0059974,-0.5236546,0.7088359
ISIC_0059978,2.5090294,2.637945
ISIC_0059987,5.6550546,0.49199086
ISIC_0059992,4.2750998,2.0841238
ISIC_0060015,-1.5549272,2.2892458
ISIC_0060022,5.1101065,3.9362094
ISIC_0060032,6.578603,2.6744616
ISIC_0060033,-2.1832325,1.6679212
ISIC_0060094,5.795219,0.48193726
ISIC_0060096,-1.6548052,3.0679095
ISIC_0060099,5.7500896,2.0569346
ISIC_0060104,-1.0395068,1.3365698
ISIC_0060114,-0.47166345,2.8520792
ISIC_0060118,-0.62633896,1.0988998
ISIC_0060140,-1.3320309,2.5751982
ISIC_0060143,2.8274777,2.233159
ISIC_0060147,-0.5862255,2.4024627
ISIC_0060150,1.6450464,2.2043705
ISIC_0060153,-1.2498322,2.7637374
ISIC_0060154,-0.9390663,2.799467
ISIC_0060159,-1.9063265,0.4209189
ISIC_0060181,6.052412,4.4784307
ISIC_0060194,6.508143,4.4219275
ISIC_0060197,3.325928,1.0087233
ISIC_0060201,3.782845,4.2430344
ISIC_0060212,0.9854839,1.2117312
ISIC_0060216,4.44617,4.6877174
ISIC_0060218,0.7206174,1.1473068
ISIC_0060219,5.487838,0.2908165
ISIC_0060222,4.543422,0.7632803
ISIC_0060224,6.224958,1.3164761
ISIC_0060233,-0.107075304,2.333653
ISIC_0060239,-0.16154104,3.0731866
ISIC_0060248,0.02551981,1.8663878
ISIC_0060266,6.430643,2.0002255
ISIC_0060270,7.7132154,4.3319597
ISIC_0060281,-0.66116226,-0.44511712
ISIC_0060297,6.495505,0.77173483
ISIC_0060307,3.2824697,3.110572
ISIC_0060308,2.8788419,3.0417404
ISIC_0060315,6.1699257,0.2549797
ISIC_0060326,-0.2507272,0.17027166
ISIC_0060340,6.3218145,2.668191
ISIC_0060341,1.3099402,1.4342574
ISIC_0060355,-1.774584,0.57800347
ISIC_0060367,4.263184,3.9217725
ISIC_0060376,3.708972,3.0573938
ISIC_0060377,5.295143,2.3009214
ISIC_0060380,1.2133377,0.24577764
ISIC_0060386,5.215632,0.36391485
ISIC_0060393,4.0031404,1.1851836
ISIC_0060397,3.9192312,2.043726
ISIC_0060399,1.9272922,1.8277894
ISIC_0060403,-1.1425085,-0.39862692
ISIC_0060428,3.5369394,4.493947
ISIC_0060456,-1.4641026,-0.7992626
ISIC_0060459,3.922617,2.4282548
ISIC_0060465,-0.3478036,0.54985154
ISIC_0060487,3.911717,3.7713287
ISIC_0060495,-2.076773,1.3830795
ISIC_0060507,0.11924615,-0.6304204
ISIC_0060508,-1.0532125,1.6889007
ISIC_0060510,-0.23758827,0.88506514
ISIC_0060511,-1.5873439,0.3840324
ISIC_0060525,0.80549836,2.1495497
ISIC_0060526,4.3459425,4.3075476
ISIC_0060528,-0.6742714,2.1487327
ISIC_0060538,0.9879879,1.1918329
ISIC_0060548,6.170921,1.1183181
ISIC_0060555,5.4463987,1.2363496
ISIC_0060556,2.5875273,0.12685922
ISIC_0060559,2.545077,2.1968038
ISIC_0060577,1.5807389,2.4426806
ISIC_0060583,6.074419,1.4732226
ISIC_0060585,7.768957,4.3484607
ISIC_0060586,-1.9529787,-0.529733
ISIC_0060589,1.9054284,0.9663605
ISIC_0060597,5.08281,1.12508
ISIC_0060610,-1.507074,1.4534361
ISIC_0060616,-2.4179084,1.1694323
ISIC_0060624,1.3074816,1.8278383
ISIC_0060629,-1.3339391,1.7450008
ISIC_0060630,-0.36225188,1.1232857
ISIC_0060654,5.5498023,2.5875392
ISIC_0060660,0.4429974,-1.6180028
ISIC_0060665,-0.40071118,1.3144969
ISIC_0060671,2.2788317,1.8087869
ISIC_0060672,4.497796,2.7609577
ISIC_0060676,7.1832314,3.130499
ISIC_0060679,-1.9889121,-0.06998761
ISIC_0060681,0.72745943,1.8419409
ISIC_0060693,1.6217419,1.2564318
ISIC_0060698,4.5879087,3.47251
ISIC_0060700,2.6086926,2.5521595
ISIC_0060713,5.8898377,2.3264782
ISIC_0060717,6.274044,1.81467
ISIC_0060718,3.7524288,0.671507
ISIC_0060727,3.3515694,2.784135
ISIC_0060728,-0.5123949,3.1836047
ISIC_0060736,7.583159,2.7650943
ISIC_0060741,1.8340869,2.592314
ISIC_0060744,0.34784776,-0.7536439
ISIC_0060751,6.7382236,3.40113
ISIC_0060752,2.9549108,3.3249602
ISIC_0060760,-1.2516516,1.6713817
ISIC_0060764,-1.1629446,1.6641691
ISIC_0060773,6.169529,2.781097
ISIC_0060795,1.3322173,2.2351198
ISIC_0060799,-2.4080524,1.4789292
ISIC_0060827,3.3510666,-0.0020555307
ISIC_0060829,4.1454473,3.5512843
ISIC_0060832,0.5516095,1.625553
ISIC_0060834,3.4961278,2.97993
ISIC_0060845,4.0971212,3.463475
ISIC_0060873,6.726075,2.9109185
ISIC_0060883,3.6897762,0.3631126
ISIC_0060886,5.4285426,3.064763
ISIC_0060892,2.6162453,2.2273219
ISIC_0060893,1.9200929,1.5706322
ISIC_0060897,-1.2861122,2.5763156
ISIC_0060898,5.2530165,3.4594388
ISIC_0060911,1.2073984,2.7995915
ISIC_0060916,6.628414,3.1249337
ISIC_0060934,2.3819342,1.8052443
ISIC_0060936,-1.0301057,0.7667713
ISIC_0060937,2.223931,2.1658735
ISIC_0060946,3.9342647,4.252156
ISIC_0060949,-0.17890063,2.3367105
ISIC_0060955,5.8090916,3.2783477
ISIC_0060965,4.198214,1.6964816
ISIC_0060967,0.9472739,2.1780531
ISIC_0060968,-0.3726583,2.9812849
ISIC_0060969,6.4623785,4.5699477
ISIC_0060971,1.9715493,0.8186106
ISIC_0060972,2.902966,2.2261066
ISIC_0060978,-1.7573582,2.412479
ISIC_0060979,0.9828013,2.4649727
ISIC_0060999,-2.4041314,1.0470234
ISIC_0061001,6.9497223,4.083456
ISIC_0061002,-1.2985152,1.3477336
ISIC_0061003,-0.30125692,0.054598168
ISIC_0061006,-0.8058801,-0.32662454
ISIC_0061011,5.00056,2.923014
ISIC_0061021,-1.7509267,2.7050874
ISIC_0061025,4.7215242,1.800981
ISIC_0061029,-1.6370658,2.383942
ISIC_0061031,4.6091876,0.4389164
ISIC_0061032,3.0911279,2.167877
ISIC_0061034,5.506511,4.210004
ISIC_0061045,-0.76940197,1.6548524
ISIC_0061049,6.2197623,2.4522939
ISIC_0061052,0.1760152,0.59301883
ISIC_0061060,5.2859154,3.3214645
ISIC_0061066,5.7434583,0.07223161
ISIC_0061067,1.0323366,2.0318751
ISIC_0061070,4.9049616,0.7298421
ISIC_0061075,4.3575597,0.9470041
ISIC_0061077,0.84406966,1.383092
ISIC_0061078,3.7243211,3.5977392
ISIC_0061079,7.0229497,3.564588
ISIC_0061085,1.0454658,2.4915366
ISIC_0061104,7.0823264,3.530297
ISIC_0061108,-2.1141586,1.7302897
ISIC_0061112,2.3299732,0.7360897
ISIC_0061131,-1.9162818,1.3509645
ISIC_0061141,-1.2678231,2.3693287
ISIC_0061152,-0.44517833,-0.5511738
ISIC_0061155,2.2156262,3.3408241
ISIC_0061158,-1.1993927,-0.6395418
ISIC_0061166,2.8934824,1.8649374
ISIC_0061183,0.49723116,1.2793944
ISIC_0061185,-0.67306167,0.044120356
ISIC_0061188,5.820085,4.014239
ISIC_0061189,2.227882,3.4555354
ISIC_0061191,3.4038165,0.14606918
ISIC_0061195,6.192331,3.995351
ISIC_0061200,3.8088257,3.5679748
ISIC_0061224,-0.26839858,2.9204059
ISIC_0061231,-1.689604,0.36521992
ISIC_0061244,-0.8955246,2.1513402
ISIC_0061250,1.2681419,1.8780286
ISIC_0061252,2.5732625,2.1382203
ISIC_0061257,2.2860193,0.04783925
ISIC_0061261,1.3386258,1.5377492
ISIC_0061279,7.7912226,3.0013769
ISIC_0061281,-1.4775914,1.0440153
ISIC_0061297,2.1795864,0.8416575
ISIC_0061300,-0.6678813,2.453824
ISIC_0061315,3.9995384,4.6096783
ISIC_0061320,2.7181406,3.5292284
ISIC_0061323,0.87539077,0.7240426
ISIC_0061333,-0.7415464,-0.7373136
ISIC_0061334,-0.18897249,0.3223854
ISIC_0061336,3.808399,3.076328
ISIC_0061345,-1.4922433,2.6101322
ISIC_0061355,-0.62732095,-0.56399274
ISIC_0061359,1.2177417,1.4897658
ISIC_0061362,4.8785443,3.7611442
ISIC_0061369,2.1833086,3.4145505
ISIC_0061371,1.9612695,2.0853977
ISIC_0061377,6.40183,4.5090165
ISIC_0061380,6.961498,2.1928525
ISIC_0061382,6.2180943,2.8796172
ISIC_0061393,5.819191,3.0783966
ISIC_0061407,6.647874,3.6632435
ISIC_0061411,3.5477626,3.246737
ISIC_0061418,7.1506114,2.8443449
ISIC_0061424,2.2215075,1.150493
ISIC_0061432,2.8319595,-0.4430248
ISIC_0061434,6.2209334,2.7609096
ISIC_0061441,6.1826415,0.48958457
ISIC_0061446,6.6046586,0.9396506
ISIC_0061447,-0.4020078,2.2177534
ISIC_0061448,5.052886,3.4122493
ISIC_0061454,6.1907344,4.6009793
ISIC_0061463,7.2065845,3.4948397
ISIC_0061466,4.0240507,3.6845121
ISIC_0061469,7.282564,3.0759292
ISIC_0061475,4.054875,2.4714108
ISIC_0061479,-1.034038,2.9421017
ISIC_0061485,4.602256,2.6240582
ISIC_0061494,0.1404599,1.451027
ISIC_0061496,3.6814573,2.8380647
ISIC_0061502,0.43398374,-1.1574674
ISIC_0061508,0.37151295,-0.5568116
ISIC_0061516,4.7702646,3.3947144
ISIC_0061518,-1.3540919,-0.8179844
ISIC_0061520,3.952593,4.282473
ISIC_0061529,-1.1572568,0.15791638
ISIC_0061532,6.034589,0.872748
ISIC_0061533,-1.7265966,1.2195045
ISIC_0061547,6.363822,2.9084222
ISIC_0061549,0.21535763,1.7500142
ISIC_0061553,2.1562355,1.3580498
ISIC_0061554,1.59002,-0.015708283
ISIC_0061556,5.9142323,2.1056378
ISIC_0061559,2.1894383,0.9724715
ISIC_0061566,0.13459997,2.5036721
ISIC_0061568,4.909936,1.0866305
ISIC_0061573,2.3582942,3.3864834
ISIC_0061575,2.0300786,4.0490537
ISIC_0061580,2.4357822,1.2387009
ISIC_0061581,1.8090318,0.9454221
ISIC_0061583,-1.4147522,0.90239185
ISIC_0061585,1.2359301,0.98465025
ISIC_0061592,7.269766,4.051705
ISIC_0061595,7.3000474,3.0076544
ISIC_0061608,4.713729,1.7962794
ISIC_0061623,7.655511,3.098982
ISIC_0061624,0.5332695,2.3478582
ISIC_0061625,4.0592527,4.4505253
ISIC_0061629,-2.1560242,1.0827452
ISIC_0061633,3.080429,0.9499633
ISIC_0061644,5.7705646,3.6217308
ISIC_0061656,-1.3740609,1.2646201
ISIC_0061660,5.6019077,-0.050794475
ISIC_0061670,0.7810704,1.327672
ISIC_0061680,1.156171,0.6551445
ISIC_0061685,-0.47561708,0.29640174
ISIC_0061699,2.7657793,1.4742899
ISIC_0061701,3.849211,2.9092848
ISIC_0061705,0.76276255,3.5070539
ISIC_0061710,6.739082,0.8360862
ISIC_0061713,4.4131618,0.43930647
ISIC_0061715,6.356803,3.2329252
ISIC_0061735,-0.9156398,-1.4864721
ISIC_0061741,6.5286,1.1883743
ISIC_0061761,5.806034,2.2276967
ISIC_0061770,3.5612295,2.9907434
ISIC_0061773,-0.095458224,1.5870361
ISIC_0061775,-0.75510263,2.4538088
ISIC_0061782,-0.043472752,3.0762324
ISIC_0061798,6.156279,2.3624904
ISIC_0061799,-1.9594849,2.0051382
ISIC_0061812,-2.1566093,0.07727236
ISIC_0061829,6.466465,0.8089955
ISIC_0061831,5.565907,2.2152014
ISIC_0061833,0.50355816,1.0966599
ISIC_0061848,6.517705,0.62041086
ISIC_0061870,2.7616024,1.0111624
ISIC_0061880,-0.09663151,2.7722375
ISIC_0061884,-1.1311249,1.8335118
ISIC_0061885,-0.101818725,2.4150777
ISIC_0061886,-1.2033802,2.1967978
ISIC_0061890,3.7105548,4.424808
ISIC_0061894,-0.75995666,1.7189184
ISIC_0061895,7.4413815,3.2335234
ISIC_0061900,3.1779313,3.8119187
ISIC_0061911,4.678423,2.9933956
ISIC_0061912,0.9473637,-0.3565582
ISIC_0061915,1.7961943,0.39721167
ISIC_0061916,-0.822024,2.6451943
ISIC_0061918,-0.4493479,0.5477725
ISIC_0061922,6.6062737,0.69497794
ISIC_0061926,-1.2245812,-0.34889266
ISIC_0061928,7.377933,2.6522136
ISIC_0061944,2.9956636,1.9885023
ISIC_0061945,-0.6213979,0.2949143
ISIC_0061953,5.481062,1.9169842
ISIC_0061954,5.416554,1.432195
ISIC_0061969,6.3550034,2.6807384
ISIC_0061971,0.17345941,0.8495542
ISIC_0061982,3.4887154,4.003347
ISIC_0062000,1.1461545,1.5187176
ISIC_0062005,0.050063137,0.396913
ISIC_0062010,1.3275166,-1.0573753
ISIC_0062016,0.5335831,-1.007658
ISIC_0062031,5.204284,2.7488723
ISIC_0062042,6.2871842,0.39130864
ISIC_0062063,-1.0430462,0.54319173
ISIC_0062064,0.44748145,0.5782691
ISIC_0062077,-0.95665777,-1.4873111
ISIC_0062084,2.215128,1.7876667
ISIC_0062099,5.1227307,0.2398426
ISIC_0062102,5.9168744,3.1499152
ISIC_0062103,3.6259804,2.0102494
ISIC_0062111,1.3607932,2.5743086
ISIC_0062114,4.113751,1.2648737
ISIC_0062122,1.6460016,1.7182828
ISIC_0062125,3.4090006,2.6534154
ISIC_0062133,0.5664669,2.4366968
ISIC_0062138,5.3233633,2.3396933
ISIC_0062149,0.5840669,1.1098455
ISIC_0062152,3.2336493,1.2399539
ISIC_0062154,0.85005873,1.4212558
ISIC_0062155,2.0373518,0.65573204
ISIC_0062158,-1.0791186,2.0889907
ISIC_0062161,-2.5909986,1.4785349
ISIC_0062162,4.195713,4.809972
ISIC_0062171,1.1632105,1.146216
ISIC_0062176,4.7003036,0.12484429
ISIC_0062183,3.4519296,4.527384
ISIC_0062203,6.7259793,3.798002
ISIC_0062206,5.4731836,3.8759577
ISIC_0062208,0.29118055,0.0026501408
ISIC_0062211,3.5979285,3.8799267
ISIC_0062213,0.38457987,2.6698532
ISIC_0062220,1.868675,1.2471995
ISIC_0062235,-0.3074249,2.756798
ISIC_0062239,6.259973,0.4585759
ISIC_0062241,0.890966,1.7674412
ISIC_0062242,5.6872506,4.0645976
ISIC_0062248,5.5971384,2.2721908
ISIC_0062251,-1.0059267,2.488271
ISIC_0062256,1.2184637,3.0115592
ISIC_0062266,7.2400384,2.889412
ISIC_0062269,-0.5964555,2.8731208
ISIC_0062273,1.9558479,0.33754975
ISIC_0062280,2.7948644,2.04276
ISIC_0062286,-0.5282135,2.4660227
ISIC_0062296,1.6883096,2.8075874
ISIC_0062298,5.6590605,0.19897448
ISIC_0062301,-2.4568002,0.8241266
ISIC_0062318,7.5103583,2.959029
ISIC_0062323,2.8227346,1.2706603
ISIC_0062325,6.327115,2.046009
ISIC_0062340,6.808341,1.6657001
ISIC_0062350,0.34935075,2.4760327
ISIC_0062359,0.6936117,2.1132245
ISIC_0062381,0.1851579,3.2895527
ISIC_0062382,-0.93945736,0.6193249
ISIC_0062389,0.62244684,2.288884
ISIC_0062401,5.7347474,0.30773357
ISIC_0062407,-2.4145935,2.0441408
ISIC_0062423,3.3841588,2.9793665
ISIC_0062425,-1.5135309,0.6518766
ISIC_0062434,6.8046956,1.9347388
ISIC_0062447,7.2478943,3.253909
ISIC_0062453,-0.72122216,1.2185305
ISIC_0062454,-2.0503876,2.4412155
ISIC_0062457,5.3428593,3.4782965
ISIC_0062458,-0.25981665,1.7443831
ISIC_0062463,5.021259,3.568998
ISIC_0062468,0.32006845,0.91103256
ISIC_0062471,2.9275696,3.1895547
ISIC_0062474,0.7464972,0.7760006
ISIC_0062477,7.4244385,3.5683753
ISIC_0062478,6.1783986,1.7351507
ISIC_0062481,0.50187975,3.0890055
ISIC_0062497,-0.04390066,2.3401158
ISIC_0062505,4.925698,0.65436083
ISIC_0062509,-0.19681843,1.9015644
ISIC_0062515,4.833977,0.10265602
ISIC_0062517,0.18261816,0.50603205
ISIC_0062523,0.5829223,0.19260003
ISIC_0062524,-0.88907826,0.1408791
ISIC_0062525,-1.8028002,0.36795652
ISIC_0062530,-0.88076967,0.532744
ISIC_0062531,-0.9066417,1.4083103
ISIC_0062536,1.5948747,1.8229548
ISIC_0062539,-0.03767555,0.882384
ISIC_0062547,7.793509,2.8503454
ISIC_0062551,5.9733133,0.77958035
ISIC_0062559,0.736467,2.7990732
ISIC_0062562,0.6978157,1.2680712
ISIC_0062589,1.9018308,2.7842877
ISIC_0062596,7.3583083,3.5431144
ISIC_0062602,6.0380354,3.7506454
ISIC_0062606,6.716842,2.5613806
ISIC_0062626,6.205604,0.69852483
ISIC_0062628,2.4827645,0.010916262
ISIC_0062632,6.9855933,2.5606008
ISIC_0062633,4.035407,2.9342222
ISIC_0062636,-0.3412022,2.5580313
ISIC_0062639,-2.5321414,1.4438591
ISIC_0062642,0.8051951,1.8694819
ISIC_0062649,4.7072816,1.551996
ISIC_0062674,6.091684,3.995017
ISIC_0062681,3.7868862,2.474339
ISIC_0062684,4.7612543,4.0312676
ISIC_0062688,5.6395497,3.6572185
ISIC_0062690,0.43749022,0.4761901
ISIC_0062700,4.4195166,2.1709917
ISIC_0062702,2.2607207,4.0004797
ISIC_0062708,6.095496,0.83138025
ISIC_0062709,5.2979574,2.6234407
ISIC_0062712,0.30903772,0.8709752
ISIC_0062716,2.276464,1.0124512
ISIC_0062721,6.143006,3.1212454
ISIC_0062723,2.5434387,1.9283983
ISIC_0062724,4.2105713,3.625084
ISIC_0062734,4.010592,4.2794037
ISIC_0062736,4.4446583,2.9038887
ISIC_0062762,-2.3452003,1.2453741
ISIC_0062765,5.4486413,2.9389417
ISIC_0062770,-0.34970927,1.6319295
ISIC_0062780,1.1490752,1.2323595
ISIC_0062806,5.022673,2.0904071
ISIC_0062816,1.7718898,2.4361985
ISIC_0062821,1.6939778,3.258879
ISIC_0062827,-2.4761417,0.7203198
ISIC_0062832,5.9955177,0.30450612
ISIC_0062841,5.808889,3.245368
ISIC_0062869,1.9439805,3.4131637
ISIC_0062891,4.210387,4.5203104
ISIC_0062912,0.2965659,3.2619715
ISIC_0062922,7.2814155,2.564404
ISIC_0062925,0.49449912,1.1299627
ISIC_0062935,7.740843,3.0973833
ISIC_0062944,0.48295245,1.1989226
ISIC_0062948,4.758603,2.8911533
ISIC_0062952,-0.5791551,1.3005239
ISIC_0062957,2.8549488,-0.38144326
ISIC_0062970,-1.6878355,0.06440048
ISIC_0062978,5.0911803,2.793021
ISIC_0062983,4.030725,2.7048857
ISIC_0062985,7.2769117,3.217905
ISIC_0062991,-1.2962382,-1.4536822
ISIC_0062992,2.1380756,1.1566396
ISIC_0062994,1.6910611,1.7133278
ISIC_0062998,4.3493853,3.1475465
ISIC_0063018,-1.3090138,1.4968343
ISIC_0063026,-0.20020254,1.0775354
ISIC_0063027,-0.6833781,-1.0721432
ISIC_0063032,2.6993203,0.47856382
ISIC_0063046,-0.963425,2.6798427
ISIC_0063056,-1.4610944,0.2854491
ISIC_0063058,1.8533825,1.930047
ISIC_0063060,-0.45577985,-0.37136194
ISIC_0063070,0.8216624,0.62197024
ISIC_0063077,4.1523685,4.768751
ISIC_0063081,-1.100454,-0.63504577
ISIC_0063087,4.526419,2.3548133
ISIC_0063102,2.0555878,3.4748704
ISIC_0063103,-1.1708297,-0.6265064
ISIC_0063109,3.450365,1.5045024
ISIC_0063114,3.8523383,2.9287963
ISIC_0063124,-0.2555539,2.7228408
ISIC_0063125,2.464217,2.3389163
ISIC_0063130,1.952537,0.5350554
ISIC_0063131,-0.532862,0.55412173
ISIC_0063143,6.546671,1.1325908
ISIC_0063148,7.228734,2.2239976
ISIC_0063151,4.884385,0.39113888
ISIC_0063168,-1.9325564,0.23059288
ISIC_0063169,0.3919247,2.0425375
ISIC_0063172,0.75536484,3.1231315
ISIC_0063174,4.542046,1.0160203
ISIC_0063180,-2.1590836,1.112992
ISIC_0063181,-0.7341684,2.4887173
ISIC_0063182,2.0784888,2.5762277
ISIC_0063190,-2.2601078,1.8559349
ISIC_0063191,-1.7199445,2.5983272
ISIC_0063198,2.609422,0.8506077
ISIC_0063202,-2.4041264,0.85073775
ISIC_0063207,-0.46379775,1.99738
ISIC_0063216,3.520842,0.5854888
ISIC_0063222,-0.1820403,1.8655636
ISIC_0063225,3.6180537,3.5096955
ISIC_0063228,0.87363786,-0.51096386
ISIC_0063233,3.839341,2.0202963
ISIC_0063234,2.5032542,2.8189275
ISIC_0063240,-1.0164495,2.6319108
ISIC_0063241,-2.2736566,0.9248675
ISIC_0063258,5.471062,2.2463436
ISIC_0063264,5.9649396,0.39603886
ISIC_0063266,1.2720225,2.5530548
ISIC_0063268,0.25194874,1.6415911
ISIC_0063271,5.3560524,3.7465725
ISIC_0063288,1.9120995,0.43979293
ISIC_0063292,6.3303523,0.1999315
ISIC_0063300,1.0608257,2.485807
ISIC_0063302,6.8256636,1.9786699
ISIC_0063305,5.8580675,2.6763237
ISIC_0063318,5.0135827,0.5980748
ISIC_0063334,5.7352467,2.3584857
ISIC_0063345,2.744726,0.8644024
ISIC_0063349,6.034594,1.9058899
ISIC_0063360,3.274526,3.5583284
ISIC_0063362,3.3067243,2.319751
ISIC_0063369,0.22988607,0.9144008
ISIC_0063373,3.6220992,3.0079281
ISIC_0063394,2.3327763,0.57686144
ISIC_0063414,2.1547792,2.2583992
ISIC_0063425,-0.61528766,3.0855513
ISIC_0063437,6.1362185,2.7822306
ISIC_0063443,1.9095554,1.2911738
ISIC_0063445,2.5003986,3.4095638
ISIC_0063447,7.020759,2.3842723
ISIC_0063450,2.9223137,2.2711327
ISIC_0063456,5.5455728,0.74060506
ISIC_0063464,5.1377125,3.1525013
ISIC_0063467,-2.093192,0.5138083
ISIC_0063469,4.3225074,3.8901615
ISIC_0063470,6.680963,3.91927
ISIC_0063475,6.054261,1.4619256
ISIC_0063480,3.662422,2.820123
ISIC_0063481,-0.034048162,2.2885542
ISIC_0063496,0.41751826,2.295102
ISIC_0063521,2.7194593,3.8948457
ISIC_0063528,4.8951902,0.94371957
ISIC_0063537,5.425809,0.8756771
ISIC_0063541,6.868247,1.3833053
ISIC_0063551,5.433603,0.6656045
ISIC_0063566,6.735733,3.3872128
ISIC_0063578,3.6179373,0.26377055
ISIC_0063601,1.8875118,2.71107
ISIC_0063617,-2.0841522,2.023473
ISIC_0063623,6.0435762,2.9421942
ISIC_0063625,2.8456972,3.3000367
ISIC_0063634,-1.9855338,1.8166789
ISIC_0063636,7.1067,4.076113
ISIC_0063641,5.7089586,1.2459496
ISIC_0063654,-0.30956927,0.7213306
ISIC_0063655,2.7030373,0.77968544
ISIC_0063660,-0.2095917,2.2391071
ISIC_0063664,-2.3735163,0.80030936
ISIC_0063675,4.9395,2.9689746
ISIC_0063679,-0.24065319,2.7079241
ISIC_0063680,4.0913196,1.4247038
ISIC_0063687,2.2298198,0.921136
ISIC_0063690,7.759218,2.7501278
ISIC_0063691,2.0273988,1.6920009
ISIC_0063692,6.109501,1.414536
ISIC_0063693,2.2507114,1.2637674
ISIC_0063695,0.54478,1.0808661
ISIC_0063704,-1.5203967,2.4199917
ISIC_0063715,-2.4209166,1.8180468
ISIC_0063723,0.36139363,2.219097
ISIC_0063724,4.913118,2.6366832
ISIC_0063727,2.4819484,1.7173653
ISIC_0063732,3.3187842,3.0609412
ISIC_0063742,2.3264139,3.144068
ISIC_0063748,2.0816512,-0.8491533
ISIC_0063750,-0.73283887,2.737134
ISIC_0063759,2.54679,2.4970505
ISIC_0063775,-0.5585768,1.0993154
ISIC_0063788,-1.4337232,1.4542315
ISIC_0063793,5.8907604,3.5722268
ISIC_0063811,7.499181,2.8062577
ISIC_0063824,-1.7513362,2.9757872
ISIC_0063829,1.6688125,1.5950481
ISIC_0063839,0.2138428,1.7046841
ISIC_0063842,0.978186,1.535874
ISIC_0063845,-2.3015614,0.6986984
ISIC_0063852,-0.71312636,1.4670852
ISIC_0063870,-0.840399,0.06376908
ISIC_0063871,6.362774,2.7890184
ISIC_0063872,1.8950957,1.8049859
ISIC_0063873,5.2813582,0.9185091
ISIC_0063881,7.561146,2.9987323
ISIC_0063885,4.7579618,3.1726477
ISIC_0063908,3.799275,1.5038874
ISIC_0063915,3.4095075,1.2629983
ISIC_0063926,0.16016655,0.4423426
ISIC_0063937,3.7367952,1.7573336
ISIC_0063945,2.5583384,3.0046988
ISIC_0063946,2.0506828,2.0542083
ISIC_0063950,-2.091309,1.2820977
ISIC_0063958,7.2855663,2.836877
ISIC_0063960,-2.3777869,0.82474595
ISIC_0063973,-1.1620904,1.3862742
ISIC_0063980,4.2040033,2.9995587
ISIC_0063981,0.59842306,3.4795487
ISIC_0063988,-1.124837,1.9658066
ISIC_0064006,4.3028936,3.8413975
ISIC_0064014,-1.9316689,0.7374103
ISIC_0064023,-1.3817313,0.4040051
ISIC_0064033,-0.9013508,3.2155273
ISIC_0064034,3.608764,2.243998
ISIC_0064054,-0.34136876,2.5901709
ISIC_0064056,-0.9343545,2.2428057
ISIC_0064058,2.6377542,2.270419
ISIC_0064060,-1.1186678,-0.6443088
ISIC_0064062,3.4893756,-0.6081066
ISIC_0064072,-1.5926867,1.4861692
ISIC_0064073,-1.1593075,1.8295048
ISIC_0064079,-2.3860786,1.7991023
ISIC_0064080,-0.17123736,1.3506404
ISIC_0064082,2.894218,-0.6957641
ISIC_0064100,4.102618,1.7494038
ISIC_0064102,0.03699379,0.8882375
ISIC_0064110,-0.9946347,2.1201704
ISIC_0064114,1.2334499,1.6822627
ISIC_0064116,-1.0546982,-1.7759424
ISIC_0064120,1.2734083,1.9738739
ISIC_0064122,5.320803,2.672099
ISIC_0064129,5.2537274,4.2987566
ISIC_0064130,0.51614004,0.46933344
ISIC_0064134,4.130199,3.492497
ISIC_0064141,0.24395901,-0.671834
ISIC_0064152,6.892574,4.2743545
ISIC_0064167,6.6215334,2.2187085
ISIC_0064174,1.4836829,0.8103948
ISIC_0064180,6.348138,0.6918267
ISIC_0064195,7.9283834,3.2132094
ISIC_0064201,1.2704054,3.6630979
ISIC_0064204,-1.4495533,2.6388752
ISIC_0064209,4.2187276,2.0583942
ISIC_0064229,2.5793772,1.3145494
ISIC_0064240,3.1155276,2.5081706
ISIC_0064246,6.0181093,0.7207837
ISIC_0064247,7.7537656,2.729341
ISIC_0064261,-1.4871994,0.64887005
ISIC_0064266,-0.28585508,0.61557525
ISIC_0064268,2.424686,0.7692631
ISIC_0064270,6.68711,0.70794576
ISIC_0064272,-0.70782423,1.7650557
ISIC_0064276,-0.2903679,-0.92744493
ISIC_0064279,-0.62249094,2.091953
ISIC_0064281,3.9441822,-0.31637484
ISIC_0064294,4.2899027,1.2609886
ISIC_0064297,6.6729107,3.4908953
ISIC_0064298,2.4038749,0.87657565
ISIC_0064307,-0.9232373,1.4392478
ISIC_0064317,-0.5374608,2.3321626
ISIC_0064320,-0.09492281,-0.13060999
ISIC_0064328,2.4777749,0.93650687
ISIC_0064337,-1.2474569,-0.63393414
ISIC_0064339,3.9823396,2.7212265
ISIC_0064344,-1.7813631,1.7382463
ISIC_0064360,1.0489919,-1.0857296
ISIC_0064361,3.3477995,0.3548281
ISIC_0064376,5.2394266,2.5617669
ISIC_0064393,0.055502996,-0.47158828
ISIC_0064406,1.3085496,-0.62821543
ISIC_0064411,4.895703,0.43073988
ISIC_0064419,3.6925406,4.223933
ISIC_0064427,5.6012945,1.1372539
ISIC_0064428,6.61609,1.7979875
ISIC_0064436,4.795392,0.80822015
ISIC_0064444,3.252279,3.1317153
ISIC_0064455,-0.9044033,-0.2750818
ISIC_0064463,-1.3747252,-0.06669721
ISIC_0064465,-0.25535506,0.6080164
ISIC_0064472,-0.0763078,2.973717
ISIC_0064476,-1.8471503,0.977254
ISIC_0064481,-0.8815329,2.6140487
ISIC_0064483,4.10039,3.6450891
ISIC_0064498,6.0056834,0.3555963
ISIC_0064507,3.3224478,2.627714
ISIC_0064515,4.626758,0.47944096
ISIC_0064517,1.1102562,2.323045
ISIC_0064530,2.8086817,2.845138
ISIC_0064531,5.7759776,4.3506703
ISIC_0064534,4.1009564,0.9345317
ISIC_0064538,2.6600382,1.002535
ISIC_0064550,0.3552102,1.8403153
ISIC_0064559,2.8113039,-0.30418542
ISIC_0064569,4.7403526,3.5111372
ISIC_0064575,4.4426365,2.775934
ISIC_0064581,5.758729,1.8973902
ISIC_0064585,3.019258,4.4303036
ISIC_0064589,6.544,1.6963046
ISIC_0064592,-2.038358,2.2870579
ISIC_0064606,-0.79815364,1.6108104
ISIC_0064611,0.25065324,3.1477003
ISIC_0064619,7.682313,2.665381
ISIC_0064623,-1.2628105,0.46439904
ISIC_0064632,1.7035302,3.624816
ISIC_0064633,5.0289097,0.41862085
ISIC_0064645,6.138273,2.2435303
ISIC_0064646,7.457585,3.0294907
ISIC_0064656,-0.4687046,2.4543824
ISIC_0064660,1.6418197,0.24909633
ISIC_0064667,2.063921,3.2362092
ISIC_0064668,1.0981153,1.0998497
ISIC_0064672,2.0201764,3.548105
ISIC_0064676,2.2401612,2.7458231
ISIC_0064686,0.44575337,2.6343524
ISIC_0064689,3.8636796,2.8918247
ISIC_0064692,-1.6636546,2.154626
ISIC_0064693,-0.095644005,0.5843076
ISIC_0064694,-1.5418628,2.8121183
ISIC_0064721,4.1627207,3.5269601
ISIC_0064730,7.2244115,2.953941
ISIC_0064732,-1.4444896,2.0842004
ISIC_0064739,1.4553057,1.6052401
ISIC_0064742,5.458431,3.9531314
ISIC_0064752,1.2017899,1.3353276
ISIC_0064759,7.3950963,3.4749777
ISIC_0064784,2.7960746,0.2835016
ISIC_0064800,6.781273,4.3231173
ISIC_0064804,-2.5033991,0.8035275
ISIC_0064816,5.2794046,3.302015
ISIC_0064821,2.0677977,1.4252592
ISIC_0064822,-1.1592487,2.6847086
ISIC_0064823,-0.51151305,0.6161945
ISIC_0064825,3.300448,1.0731443
ISIC_0064829,-0.51996875,2.1173038
ISIC_0064835,2.0742104,2.055071
ISIC_0064836,1.5999225,1.2451075
ISIC_0064840,2.8838303,2.1690617
ISIC_0064849,3.4131327,-0.09697244
ISIC_0064860,-0.028207952,1.90375
ISIC_0064868,1.9142659,3.5815527
ISIC_0064874,-0.50387496,1.98737
ISIC_0064875,6.247845,0.42695934
ISIC_0064881,0.10372393,2.467796
ISIC_0064887,4.164125,3.4010742
ISIC_0064907,5.625048,0.8139878
ISIC_0064909,3.6914856,1.9705411
ISIC_0064919,3.552958,1.257692
ISIC_0064921,3.3473768,3.6122966
ISIC_0064926,-1.9787725,2.1430728
ISIC_0064927,-0.7627862,2.0261045
ISIC_0064929,-0.08498572,3.0196977
ISIC_0064933,0.21954578,0.8339782
ISIC_0064936,-2.4016218,0.5941664
ISIC_0064941,7.354903,4.041566
ISIC_0064943,4.1803155,4.0495887
ISIC_0064965,-0.96062756,-0.29194832
ISIC_0064982,1.1090853,3.6639192
ISIC_0064983,5.1212115,2.552445
ISIC_0064986,2.348421,1.5138369
ISIC_0064990,3.9778483,3.2635794
ISIC_0064992,3.9245274,2.3640323
ISIC_0064993,2.0184019,2.2198799
ISIC_0064997,-1.9790932,1.0046679
ISIC_0065001,2.5216348,3.5728016
ISIC_0065013,-1.2178833,0.8182593
ISIC_0065022,2.1997342,0.47538298
ISIC_0065023,0.340506,1.2704027
ISIC_0065025,5.196022,1.4525478
ISIC_0065026,2.9671404,2.281756
ISIC_0065036,1.174711,1.2379148
ISIC_0065039,1.9576877,2.3679173
ISIC_0065046,0.44609994,0.8559488
ISIC_0065057,6.888498,2.7083752
ISIC_0065066,4.5803347,-0.13703054
ISIC_0065099,6.7063203,2.792953
ISIC_0065100,0.92955786,0.6720105
ISIC_0065106,1.4103864,1.1850705
ISIC_0065109,-0.32645926,0.07086391
ISIC_0065128,-0.8787686,0.74046993
ISIC_0065132,2.4407048,1.4617965
ISIC_0065142,3.4054086,3.9006844
ISIC_0065168,4.9652023,2.120248
ISIC_0065171,1.4270914,2.1614234
ISIC_0065173,3.9481304,3.409363
ISIC_0065186,4.254453,4.1657567
ISIC_0065191,7.5584927,2.623751
ISIC_0065192,3.5720503,3.9367187
ISIC_0065195,5.644454,0.96571153
ISIC_0065206,3.8422585,3.277908
ISIC_0065210,0.18553422,-0.93248606
ISIC_0065213,7.569314,2.9062116
ISIC_0065215,7.826712,3.2559078
ISIC_0065230,0.5682687,1.4033535
ISIC_0065235,1.5190616,1.4635122
ISIC_0065236,6.4020286,0.6016131
ISIC_0065248,-1.7141857,1.3710963
ISIC_0065253,-0.17607772,0.111469105
ISIC_0065265,0.09388541,-1.2501601
ISIC_0065267,6.8715534,3.1853561
ISIC_0065278,0.047502194,-0.9149856
ISIC_0065283,5.9216123,0.8808043
ISIC_0065305,-1.628861,-0.3568894
ISIC_0065307,6.42679,4.493116
ISIC_0065311,3.7308571,3.1794147
ISIC_0065313,3.5372941,3.6462457
ISIC_0065315,7.229102,2.81064
ISIC_0065341,4.654201,1.3061147
ISIC_0065347,-1.8142182,-0.0068291957
ISIC_0065351,1.2162364,2.314989
ISIC_0065363,6.259605,2.6613333
ISIC_0065367,3.083983,2.5297961
ISIC_0065379,5.4648294,0.48359215
ISIC_0065382,3.3928943,1.2531719
ISIC_0065398,2.1544256,2.4719784
ISIC_0065402,2.634992,4.274457
ISIC_0065408,-1.2794336,2.277198
ISIC_0065417,5.994425,1.6063421
ISIC_0065431,0.41244498,2.1405356
ISIC_0065434,1.0688646,-1.0612423
ISIC_0065443,5.2200527,0.42483816
ISIC_0065446,-1.5805007,1.3522053
ISIC_0065448,1.175834,1.2389987
ISIC_0065449,3.7880356,-0.1754202
ISIC_0065463,6.1671853,0.23573527
ISIC_0065477,-2.652794,1.375589
ISIC_0065507,0.19942933,2.625381
ISIC_0065513,-1.5403435,3.1022801
ISIC_0065516,3.3050394,-0.3871194
ISIC_0065518,-0.96956867,0.51639706
ISIC_0065521,2.443224,1.8844146
ISIC_0065523,6.553609,1.9429755
ISIC_0065525,0.39179343,0.75147545
ISIC_0065531,2.2372534,4.1499267
ISIC_0065532,0.6463764,3.2523038
ISIC_0065533,-2.4340658,1.9984841
ISIC_0065535,6.192215,0.62958646
ISIC_0065539,6.2744784,0.6392155
ISIC_0065571,-0.91973984,0.54095215
ISIC_0065576,1.7928956,1.2407814
ISIC_0065577,2.2991488,2.43167
ISIC_0065582,6.1213675,0.48412108
ISIC_0065590,0.75712746,3.1984832
ISIC_0065597,2.548945,0.69900423
ISIC_0065598,-1.2551358,0.5813645
ISIC_0065615,-0.91893536,0.65652734
ISIC_0065618,-2.1444838,0.19005464
ISIC_0065622,5.3884025,0.651682
ISIC_0065627,3.6414375,3.023982
ISIC_0065644,7.0665207,3.0883908
ISIC_0065655,5.1749907,3.2822733
ISIC_0065658,5.920824,3.2985158
ISIC_0065668,3.679212,3.3824966
ISIC_0065671,0.6786711,1.5334178
ISIC_0065675,-0.5944092,0.52130014
ISIC_0065694,-1.443982,0.54735917
ISIC_0065697,4.8221827,0.092729256
ISIC_0065698,1.1103895,1.8197504
ISIC_0065709,4.018276,3.0103228
ISIC_0065714,-1.3003728,1.5205022
ISIC_0065727,-0.7023098,1.850055
ISIC_0065740,1.0301256,2.1415925
ISIC_0065742,2.9011486,2.307777
ISIC_0065746,-1.0263851,1.7927588
ISIC_0065748,3.4697962,0.18088986
ISIC_0065760,6.001369,0.37588257
ISIC_0065767,2.7687604,2.413706
ISIC_0065774,4.5185537,4.308416
ISIC_0065775,1.8079333,-0.07855137
ISIC_0065781,0.47253537,3.327448
ISIC_0065786,4.712283,3.680053
ISIC_0065788,3.24816,2.7994654
ISIC_0065801,1.9249761,0.25236043
ISIC_0065807,-0.24292378,0.5561747
ISIC_0065813,5.241838,3.0116706
ISIC_0065823,-0.15743792,0.81231666
ISIC_0065825,3.954062,2.862452
ISIC_0065843,3.198411,1.157497
ISIC_0065853,-1.1962198,1.2056805
ISIC_0065858,5.7521887,1.4052428
ISIC_0065869,2.8244202,3.590107
ISIC_0065870,2.114777,2.1519482
ISIC_0065872,4.759906,-0.16173013
ISIC_0065889,2.5865111,-0.41062316
ISIC_0065895,0.99034864,1.1462437
ISIC_0065904,7.5817237,2.6110628
ISIC_0065918,2.7732065,1.0682915
ISIC_0065927,2.6232266,3.5060337
ISIC_0065928,2.4977367,0.050855745
ISIC_0065932,1.2617321,1.4087393
ISIC_0065943,2.2082887,3.0781636
ISIC_0065944,2.7477384,1.859177
ISIC_0065945,2.0780995,4.172761
ISIC_0065961,4.062014,2.3713198
ISIC_0065969,5.77089,0.4382272
ISIC_0065974,7.2236485,2.6394074
ISIC_0065997,7.517895,3.046399
ISIC_0066001,2.3843298,1.3249744
ISIC_0066019,5.445074,2.854532
ISIC_0066047,-2.205901,1.778487
ISIC_0066058,5.999229,2.4289541
ISIC_0066061,5.7547374,0.6517755
ISIC_0066066,2.70611,0.90973294
ISIC_0066069,0.535855,0.7763574
ISIC_0066075,1.488337,3.6577177
ISIC_0066085,0.57569796,2.5952337
ISIC_0066093,4.6608477,3.4513927
ISIC_0066094,4.8228636,-0.028062042
ISIC_0066098,4.4855914,3.7366421
ISIC_0066101,2.6702182,0.4459435
ISIC_0066102,7.491876,2.970188
ISIC_0066106,-2.0933173,0.8960401
ISIC_0066109,-1.029148,-0.28117055
ISIC_0066116,-1.0980005,1.877782
ISIC_0066124,3.5125835,3.6791525
ISIC_0066127,-1.96617,0.7302318
ISIC_0066136,-0.9942853,-0.5484695
ISIC_0066143,-0.38639203,3.1269712
ISIC_0066146,5.8191013,1.4217064
ISIC_0066154,1.554364,-0.43985063
ISIC_0066161,4.9851418,3.2372675
ISIC_0066165,-1.3745556,-0.7843815
ISIC_0066191,-1.3763003,2.000839
ISIC_0066200,-0.34182385,1.4848509
ISIC_0066203,6.2079015,1.3997382
ISIC_0066204,3.1419818,2.0474963
ISIC_0066209,-0.8747809,-0.57483447
ISIC_0066217,-1.521883,0.94502
ISIC_0066226,3.8926177,2.8348823
ISIC_0066244,4.603131,0.42143828
ISIC_0066289,1.5506176,2.8438933
ISIC_0066307,2.3851132,2.074353
ISIC_0066308,-0.7383981,3.266627
ISIC_0066316,5.7454553,1.1610776
ISIC_0066320,0.16770469,2.5775425
ISIC_0066325,6.284791,3.4782393
ISIC_0066332,2.0055256,3.280733
ISIC_0066336,3.1510198,-0.52060604
ISIC_0066338,-0.33510923,3.0924814
ISIC_0066350,7.213056,1.8882976
ISIC_0066352,1.1040996,2.9808064
ISIC_0066358,2.0883908,0.64927644
ISIC_0066359,4.23534,3.1048687
ISIC_0066376,-1.1614852,0.30523264
ISIC_0066378,6.1615686,1.9628583
ISIC_0066379,-1.0095402,0.26002863
ISIC_0066382,6.6307616,1.3020786
ISIC_0066384,1.8753364,2.7716177
ISIC_0066390,3.4676578,3.1518633
ISIC_0066394,5.532916,3.3693764
ISIC_0066399,7.5599446,2.6136281
ISIC_0066401,1.3464181,1.6258445
ISIC_0066403,2.6377323,2.2867315
ISIC_0066412,-0.22974247,2.8446455
ISIC_0066422,4.141067,1.8447349
ISIC_0066423,-2.111421,0.47117865
ISIC_0066426,5.552155,0.3259975
ISIC_0066428,4.2140355,3.9518611
ISIC_0066448,3.37112,-0.45928317
ISIC_0066470,1.1014388,2.7581842
ISIC_0066476,-0.41367653,-0.30752635
ISIC_0066481,4.5478735,3.517184
ISIC_0066483,4.0136247,3.6756835
ISIC_0066492,-1.592146,-0.04293196
ISIC_0066497,7.066487,2.6221027
ISIC_0066499,2.8734312,1.8244871
ISIC_0066500,7.840785,3.0754745
ISIC_0066505,7.021517,3.9682684
ISIC_0066506,0.036154076,0.62843055
ISIC_0066515,6.8515987,3.1078851
ISIC_0066518,-0.96301264,2.0782022
ISIC_0066519,1.7892903,3.1094077
ISIC_0066520,1.8825443,0.18978585
ISIC_0066532,-1.5926633,1.6996752
ISIC_0066533,4.709246,4.3048105
ISIC_0066535,3.9411514,4.104354
ISIC_0066560,1.0731256,0.78626317
ISIC_0066564,0.5492326,2.106972
ISIC_0066568,2.1768575,3.3842044
ISIC_0066588,-0.30892795,3.1362934
ISIC_0066589,-1.4044827,-0.39364475
ISIC_0066593,3.0668588,0.44759294
ISIC_0066603,5.8287854,0.98690057
ISIC_0066609,0.80667794,1.1518133
ISIC_0066612,-1.5543789,0.47507614
ISIC_0066613,4.3944316,1.834781
ISIC_0066626,-2.1989403,0.64786834
ISIC_0066627,5.4528704,1.3686551
ISIC_0066629,4.0846057,3.6997707
ISIC_0066631,-1.45756,0.86732125
ISIC_0066633,6.160208,0.9381766
ISIC_0066637,3.894878,0.63613045
ISIC_0066649,5.4967523,3.695005
ISIC_0066650,-0.7672483,-1.080775
ISIC_0066662,3.2759268,3.050536
ISIC_0066671,4.197087,1.3355279
ISIC_0066678,-0.42530403,2.9012332
ISIC_0066690,5.4252005,1.3024622
ISIC_0066693,5.44784,3.0382786
ISIC_0066710,0.46019435,1.5214655
ISIC_0066716,2.0083172,2.530428
ISIC_0066722,7.0588517,3.0770092
ISIC_0066733,-2.1958222,0.36200732
ISIC_0066744,6.2148128,2.6792135
ISIC_0066750,6.160732,0.17057042
ISIC_0066756,0.2569699,-1.0049114
ISIC_0066766,3.722265,2.7617862
ISIC_0066767,2.0962524,2.9101214
ISIC_0066769,3.7540097,3.6302369
ISIC_0066776,1.0258389,0.8564947
ISIC_0066783,3.3088849,-0.65407825
ISIC_0066792,1.751867,1.446315
ISIC_0066802,5.350961,3.4343145
ISIC_0066811,3.7690494,-0.2024175
ISIC_0066815,6.2734227,4.6458077
ISIC_0066844,3.7446544,2.8837948
ISIC_0066845,0.8836755,1.6081427
ISIC_0066848,1.0157477,1.7987545
ISIC_0066854,1.432634,3.311124
ISIC_0066855,-0.33634958,3.1584902
ISIC_0066860,0.71401066,2.4688714
ISIC_0066863,1.8798175,-0.74830025
ISIC_0066865,4.810108,2.2306902
ISIC_0066867,1.4225088,-0.068393484
ISIC_0066869,7.025682,3.001286
ISIC_0066882,-1.0951732,0.21792841
ISIC_0066886,1.5800643,2.720186
ISIC_0066907,2.6397452,3.947065
ISIC_0066910,5.9601545,2.190787
ISIC_0066918,-0.50085473,-0.07094143
ISIC_0066921,3.9192622,0.843769
ISIC_0066927,6.7786865,0.7527489
ISIC_0066931,4.504935,2.3297925
ISIC_0066933,0.7569141,2.7887821
ISIC_0066935,4.3637595,3.5780387
ISIC_0066947,7.858627,3.294529
ISIC_0066952,4.473504,3.756866
ISIC_0066969,3.3218408,0.4870147
ISIC_0066977,4.2103953,2.6179552
ISIC_0066994,0.16085511,2.9927437
ISIC_0067005,3.8889296,3.5236287
ISIC_0067008,-2.1072416,0.9111417
ISIC_0067009,-2.0111372,0.41138688
ISIC_0067054,-1.5161338,1.7636892
ISIC_0067062,2.9673612,2.6227877
ISIC_0067069,7.1746693,1.8098286
ISIC_0067083,-0.5268308,2.431884
ISIC_0067101,4.7219634,3.3771229
ISIC_0067120,-1.0969453,0.45471662
ISIC_0067129,7.192746,2.4743674
ISIC_0067134,1.7384237,1.2439971
ISIC_0067151,4.4480424,3.2570026
ISIC_0067159,2.19905,4.1618767
ISIC_0067160,5.9549394,1.0458394
ISIC_0067167,4.471492,0.7236022
ISIC_0067171,0.53201747,-1.2935616
ISIC_0067188,1.4788802,3.4530191
ISIC_0067191,4.2177873,2.0062256
ISIC_0067193,1.61312,2.326494
ISIC_0067194,0.4628737,3.0607665
ISIC_0067200,1.7347647,2.1777284
ISIC_0067202,-0.16177298,1.2424424
ISIC_0067206,4.8244624,-0.049244765
ISIC_0067208,4.769196,3.1097472
ISIC_0067210,3.9449692,0.11418599
ISIC_0067225,3.5503707,0.36101085
ISIC_0067233,4.497567,2.786908
ISIC_0067235,-1.6363616,-0.6357917
ISIC_0067240,1.7880219,-0.59480244
ISIC_0067248,4.829226,3.0694084
ISIC_0067253,1.3381608,-0.043880556
ISIC_0067274,-0.8787994,-0.45812434
ISIC_0067276,4.808003,1.5673802
ISIC_0067284,2.0158226,-0.9576401
ISIC_0067308,2.0870264,3.3222268
ISIC_0067317,-0.39439034,2.66047
ISIC_0067318,-0.21068867,-1.7030151
ISIC_0067333,3.6410172,2.7824385
ISIC_0067335,4.6292343,3.3859367
ISIC_0067339,3.045205,3.0107245
ISIC_0067347,5.6655464,2.4984372
ISIC_0067350,2.7123637,4.0375266
ISIC_0067353,1.5132085,0.8251433
ISIC_0067365,7.706598,3.026981
ISIC_0067367,6.6205664,2.2498922
ISIC_0067375,1.735063,2.985285
ISIC_0067395,-0.15196885,0.93454075
ISIC_0067404,1.712535,2.8082793
ISIC_0067405,0.96487826,1.97052
ISIC_0067417,-0.330305,-0.09023536
ISIC_0067418,-2.4210668,2.0361762
ISIC_0067438,4.4620147,2.856725
ISIC_0067443,0.43985677,2.3161392
ISIC_0067452,2.881945,3.0481405
ISIC_0067458,1.089406,3.4637156
ISIC_0067460,2.2908947,1.1922572
ISIC_0067461,6.065854,3.483347
ISIC_0067466,3.4506865,3.311014
ISIC_0067485,2.3729675,2.4736001
ISIC_0067488,-0.36869746,0.7746558
ISIC_0067489,5.047765,1.2008276
ISIC_0067495,0.007622247,0.444748
ISIC_0067502,0.64027065,0.24010943
ISIC_0067510,1.9814042,2.0802317
ISIC_0067511,7.6845117,2.8920999
ISIC_0067515,1.5308895,0.43952274
ISIC_0067518,3.677872,2.7612276
ISIC_0067521,-2.004809,2.014943
ISIC_0067534,0.11635631,2.206806
ISIC_0067536,4.070921,3.0671074
ISIC_0067543,2.7155359,2.4002872
ISIC_0067549,-0.8934604,2.071207
ISIC_0067553,6.2622943,0.5164041
ISIC_0067564,4.990177,1.2964435
ISIC_0067565,-0.53781354,0.8731346
ISIC_0067566,5.588001,0.35983476
ISIC_0067576,-1.5136944,0.72263044
ISIC_0067577,-1.5773795,0.8191258
ISIC_0067598,-1.4247242,-0.47887054
ISIC_0067601,-1.7337832,1.5457736
ISIC_0067602,-0.26255536,2.076324
ISIC_0067619,3.3851788,0.39688247
ISIC_0067625,3.7665298,2.195693
ISIC_0067629,4.7522774,1.263006
ISIC_0067630,0.99407023,3.5821893
ISIC_0067636,5.4192657,1.1610326
ISIC_0067653,4.7329917,1.8351794
ISIC_0067655,4.443771,0.06078581
ISIC_0067667,6.1841545,1.7030486
ISIC_0067671,3.3808014,1.8943903
ISIC_0067685,5.372831,1.4007038
ISIC_0067689,6.3114796,0.72985023
ISIC_0067695,-0.03243709,2.6984456
ISIC_0067696,0.8100976,0.8340438
ISIC_0067697,-1.9414792,0.18562627
ISIC_0067704,-1.4956818,-0.24748243
ISIC_0067711,7.2603226,3.6521494
ISIC_0067716,1.6777216,3.8275523
ISIC_0067719,4.129467,2.955365
ISIC_0067722,4.326405,1.8146039
ISIC_0067731,-1.1404498,1.2121111
ISIC_0067733,3.815262,2.2095582
ISIC_0067743,0.14010511,-0.14116895
ISIC_0067747,6.870928,4.170882
ISIC_0067756,-0.21013293,1.0453907
ISIC_0067757,7.7848268,2.775437
ISIC_0067758,6.3184466,2.6702402
ISIC_0067776,6.4973993,4.1060004
ISIC_0067789,-2.0304463,1.0453527
ISIC_0067798,6.45609,3.7714522
ISIC_0067804,-1.4486277,1.7056214
ISIC_0067805,2.4265952,1.3775287
ISIC_0067808,-1.4770244,0.9107794
ISIC_0067816,3.677402,1.6837016
ISIC_0067821,3.746177,2.8223295
ISIC_0067825,1.4882978,0.7254935
ISIC_0067830,5.2615285,3.6512153
ISIC_0067831,1.4967995,1.8034359
ISIC_0067836,4.7180457,3.1847315
ISIC_0067843,1.1092601,0.759232
ISIC_0067845,1.6657906,-1.1043955
ISIC_0067847,5.0630665,2.9058583
ISIC_0067849,-0.902139,-0.9103646
ISIC_0067857,-1.983854,1.0812535
ISIC_0067873,0.5079023,0.21652554
ISIC_0067885,0.81234705,2.3148634
ISIC_0067889,-1.7208941,1.8438573
ISIC_0067890,7.742968,4.3693714
ISIC_0067891,-1.6163874,2.2098916
ISIC_0067893,3.19213,2.5941024
ISIC_0067896,2.4159539,1.7854646
ISIC_0067897,6.244993,3.3127577
ISIC_0067902,6.307307,4.6166496
ISIC_0067905,0.93901557,2.6199436
ISIC_0067933,-0.6605709,2.7599123
ISIC_0067934,3.716326,2.9957244
ISIC_0067947,5.2845798,1.6631895
ISIC_0067949,5.6806817,0.58164513
ISIC_0067952,3.1170726,0.7683871
ISIC_0067953,-1.5339097,0.18542708
ISIC_0067960,-0.37511003,2.8060904
ISIC_0067969,1.0674093,2.2756028
ISIC_0067972,-0.22952928,3.1232727
ISIC_0067979,1.1409113,0.41635287
ISIC_0068000,5.946754,4.4114246
ISIC_0068003,6.268632,0.7132984
ISIC_0068011,4.8179164,3.691652
ISIC_0068012,1.5277585,2.5813715
ISIC_0068013,2.4992151,-0.6690005
ISIC_0068015,2.453756,2.3079717
ISIC_0068023,4.5113497,2.4475408
ISIC_0068043,-1.2556492,1.2817307
ISIC_0068048,2.9375176,1.3699977
ISIC_0068055,1.1277549,0.037084017
ISIC_0068060,-0.43558905,2.1732903
ISIC_0068064,3.4168243,1.1501563
ISIC_0068069,5.0117574,3.0784886
ISIC_0068073,2.3109493,2.5430384
ISIC_0068080,5.7291565,3.746445
ISIC_0068107,5.6786947,4.4064026
ISIC_0068114,3.6691172,4.357851
ISIC_0068117,0.6818847,2.1756065
ISIC_0068118,-2.3345146,0.6994575
ISIC_0068119,1.9576361,1.9110355
ISIC_0068121,5.4810066,3.049677
ISIC_0068128,3.3029816,3.3483276
ISIC_0068129,-0.6729364,0.30708224
ISIC_0068137,0.4939611,1.7747638
ISIC_0068143,4.3054338,4.2455816
ISIC_0068152,2.6958957,2.0300722
ISIC_0068153,5.3478127,4.303912
ISIC_0068164,3.2909698,3.1519237
ISIC_0068166,-1.5726585,-0.33385813
ISIC_0068178,7.3577642,3.161052
ISIC_0068188,-2.3157775,0.73969567
ISIC_0068189,6.1854854,0.6823604
ISIC_0068200,0.1348918,1.4107933
ISIC_0068202,-1.1991543,-0.5366569
ISIC_0068209,5.8127623,0.46866003
ISIC_0068211,1.4599539,2.238429
ISIC_0068218,7.0204134,4.185564
ISIC_0068227,3.7380536,-0.026178407
ISIC_0068233,-0.9457814,-0.20091006
ISIC_0068234,5.702404,2.953282
ISIC_0068239,-1.2838876,0.037472043
ISIC_0068247,2.009551,0.68692106
ISIC_0068252,0.43606263,-0.7303031
ISIC_0068273,1.416764,2.8209321
ISIC_0068275,3.0202348,3.3679311
ISIC_0068276,5.696246,2.4253643
ISIC_0068282,0.027868396,-1.2192926
ISIC_0068290,6.7341256,0.6702497
ISIC_0068291,1.5864233,2.090885
ISIC_0068299,0.45311445,3.0090518
ISIC_0068303,7.810006,4.2154713
ISIC_0068315,1.4740492,1.0026543
ISIC_0068318,0.9787208,2.9890137
ISIC_0068321,1.8033922,0.090815455
ISIC_0068331,-2.4715886,0.7390175
ISIC_0068347,2.1458218,-0.08514451
ISIC_0068382,-0.363837,2.4136076
ISIC_0068383,1.7623228,2.335741
ISIC_0068385,-0.63329476,0.6348422
ISIC_0068393,3.7539065,1.0134798
ISIC_0068396,4.0247374,2.7084289
ISIC_0068403,7.303803,4.4137535
ISIC_0068407,-0.51034254,1.2611673
ISIC_0068411,-2.34235,1.61928
ISIC_0068427,-0.7740916,1.010842
ISIC_0068438,-1.2951247,2.8255467
ISIC_0068452,2.7210522,-0.5478663
ISIC_0068460,6.1094747,2.6927142
ISIC_0068465,-1.4435371,0.8834973
ISIC_0068468,-0.4863236,2.298111
ISIC_0068488,5.679898,3.5370522
ISIC_0068513,-0.48771465,-0.4613382
ISIC_0068524,0.3985781,1.5819805
ISIC_0068527,3.5318296,2.2125034
ISIC_0068528,-2.1835952,1.1397614
ISIC_0068537,5.7256885,2.5567107
ISIC_0068555,-0.53022474,1.7517551
ISIC_0068560,-1.5776719,1.4202075
ISIC_0068576,-0.82048637,2.540944
ISIC_0068578,-0.32312503,0.39068624
ISIC_0068581,1.1058214,2.2932243
ISIC_0068583,1.7821295,3.9813406
ISIC_0068584,6.5077376,0.7344206
ISIC_0068586,-2.0746534,0.8766794
ISIC_0068616,3.544273,3.2720492
ISIC_0068617,5.9120417,2.5440645
ISIC_0068627,1.046081,1.493112
ISIC_0068628,2.0707724,1.3681424
ISIC_0068629,4.0360403,2.2046814
ISIC_0068633,-0.52424526,-0.1782414
ISIC_0068638,2.6740546,2.1425776
ISIC_0068660,0.42513794,1.1686032
ISIC_0068682,-1.6133671,-0.4585317
ISIC_0068700,-0.21615529,2.4312272
ISIC_0068717,-0.050407797,0.3723242
ISIC_0068721,6.204452,1.3599982
ISIC_0068727,1.7599043,0.40010527
ISIC_0068730,-2.5694823,1.2137157
ISIC_0068744,3.5611773,-0.64217025
ISIC_0068747,4.404531,2.5959544
ISIC_0068759,6.1316853,1.3121133
ISIC_0068760,1.6046034,0.06142602
ISIC_0068761,6.0206127,1.7242807
ISIC_0068766,1.449926,0.49143147
ISIC_0068776,3.0856783,4.5013494
ISIC_0068778,4.672418,0.60300916
ISIC_0068800,3.405494,4.357443
ISIC_0068808,-1.296626,0.6945806
ISIC_0068817,7.741293,2.9872942
ISIC_0068819,3.4043,0.2966303
ISIC_0068840,-1.9760177,1.2682426
ISIC_0068850,2.0956447,3.0987277
ISIC_0068851,-0.23567429,-1.2147232
ISIC_0068874,-1.830179,0.46954447
ISIC_0068881,0.56299233,2.0560057
ISIC_0068882,6.6847663,3.703041
ISIC_0068884,-1.4723437,1.1028612
ISIC_0068895,5.5176044,0.18774967
ISIC_0068897,2.9355211,3.30452
ISIC_0068900,4.0785747,2.1181607
ISIC_0068905,6.125244,0.51636356
ISIC_0068907,2.270111,0.78598493
ISIC_0068911,2.9046674,-0.4642913
ISIC_0068917,6.0797825,4.278767
ISIC_0068921,4.0108266,2.1191144
ISIC_0068924,6.1308064,0.33086097
ISIC_0068928,0.9461247,0.3807302
ISIC_0068929,-0.5065909,2.2864382
ISIC_0068931,5.9217896,3.142965
ISIC_0068936,4.433097,3.5388143
ISIC_0068941,3.6210558,3.7730377
ISIC_0068961,1.2027979,0.7268735
ISIC_0068962,3.7386706,0.74666077
ISIC_0068966,-0.4531454,0.57543695
ISIC_0068975,-0.9751678,2.3265169
ISIC_0068979,4.6290593,2.7531786
ISIC_0068981,-0.25231567,1.8973936
ISIC_0068993,2.18538,4.0414453
ISIC_0069003,2.1400092,2.1495597
ISIC_0069008,2.4166987,1.8535056
ISIC_0069024,5.4490566,2.436117
ISIC_0069028,5.5914674,2.739691
ISIC_0069029,1.3001213,3.226621
ISIC_0069042,-1.8904078,1.2918522
ISIC_0069058,5.0366387,2.8651085
ISIC_0069059,-0.6080841,1.9650362
ISIC_0069062,3.1347086,3.012521
ISIC_0069065,2.8105109,3.5975115
ISIC_0069068,5.9876037,1.4100728
ISIC_0069070,0.94791245,-0.8253103
ISIC_0069072,-2.5785005,1.5005126
ISIC_0069076,-1.540365,1.1582423
ISIC_0069077,4.087061,4.257374
ISIC_0069091,5.0183477,2.855103
ISIC_0069093,-2.1183696,0.3792825
ISIC_0069102,1.0242947,3.5959902
ISIC_0069105,-1.7685934,1.0571755
ISIC_0069108,4.8026624,2.2356856
ISIC_0069112,6.5293508,0.61609703
ISIC_0069119,-1.501646,2.7994347
ISIC_0069148,-1.0631084,0.8119493
ISIC_0069156,7.078062,4.3478312
ISIC_0069158,-0.30285817,1.6180136
ISIC_0069165,6.1226454,3.7803886
ISIC_0069167,-0.65432453,0.8625417
ISIC_0069179,-1.1644479,1.181142
ISIC_0069192,4.284114,4.417195
ISIC_0069197,1.5263109,2.789078
ISIC_0069199,0.30923006,1.3876079
ISIC_0069204,-0.86726254,2.2689908
ISIC_0069210,4.0256696,3.5015006
ISIC_0069230,5.8030095,2.5654595
ISIC_0069238,4.6837564,3.1685987
ISIC_0069245,5.672748,2.7501912
ISIC_0069246,3.0127413,2.562444
ISIC_0069248,6.16277,3.6102884
ISIC_0069257,-0.43612093,-0.9713642
ISIC_0069262,3.4952493,1.0765696
ISIC_0069264,4.368401,3.1879244
ISIC_0069267,2.5119808,3.6553109
ISIC_0069273,2.1858346,0.645569
ISIC_0069277,6.321357,2.1731114
ISIC_0069292,2.3160698,1.4948806
ISIC_0069293,5.2708807,1.6646659
ISIC_0069315,-1.1492274,2.3141077
ISIC_0069358,1.6474346,1.5237225
ISIC_0069361,-1.6366724,3.076553
ISIC_0069365,1.3944627,1.687633
ISIC_0069369,-1.0984614,-0.6957831
ISIC_0069380,2.337237,0.43718448
ISIC_0069385,-1.4549209,-0.22622974
ISIC_0069386,1.2437229,2.374399
ISIC_0069391,7.7855444,2.9421701
ISIC_0069395,1.1096185,1.001621
ISIC_0069402,3.7703462,2.0870273
ISIC_0069411,2.239363,3.0129678
ISIC_0069416,-0.9450259,1.0383613
ISIC_0069432,6.6843987,4.0285425
ISIC_0069437,-1.7519977,2.5562937
ISIC_0069457,6.288673,2.8320925
ISIC_0069466,1.1197953,-1.3687552
ISIC_0069473,3.6394203,2.2366176
ISIC_0069475,-0.8567616,2.254131
ISIC_0069479,2.404149,3.035869
ISIC_0069481,-1.2241515,0.90961194
ISIC_0069488,0.029769933,2.2027519
ISIC_0069504,-0.839654,2.7994447
ISIC_0069508,1.1654088,2.0970473
ISIC_0069509,-0.122960865,-0.22072439
ISIC_0069511,2.9618552,3.933328
ISIC_0069514,1.7568132,0.514786
ISIC_0069515,3.3235717,1.7792597
ISIC_0069536,2.8672717,-0.54160994
ISIC_0069540,5.965141,2.1628203
ISIC_0069573,6.1308465,2.169032
ISIC_0069583,0.19109493,-0.74741554
ISIC_0069591,7.091448,4.2797027
ISIC_0069592,7.3102345,4.066411
ISIC_0069595,2.009304,1.2623184
ISIC_0069617,-1.1332,-0.5177905
ISIC_0069622,0.52013177,0.98058754
ISIC_0069624,2.659543,3.7924879
ISIC_0069626,-0.5992702,2.8798492
ISIC_0069635,6.096677,2.6651323
ISIC_0069638,2.7828565,2.2509444
ISIC_0069657,1.6924709,2.0364144
ISIC_0069660,-1.5471046,2.0843675
ISIC_0069668,3.494214,1.028174
ISIC_0069669,0.34488273,2.07131
ISIC_0069705,0.818185,2.571626
ISIC_0069727,4.154178,2.9916098
ISIC_0069733,5.025143,3.8790236
ISIC_0069736,4.7219424,3.3687587
ISIC_0069743,-1.9613464,2.1021066
ISIC_0069747,-0.89497143,-1.0307833
ISIC_0069775,2.4567275,1.0979254
ISIC_0069791,3.7900586,2.8488393
ISIC_0069810,7.0617995,3.363399
ISIC_0069819,5.9207664,4.074515
ISIC_0069821,-1.9484986,2.1536067
ISIC_0069833,-2.0110836,1.6539544
ISIC_0069841,1.3849502,1.7306889
ISIC_0069851,-1.0308003,-0.72587276
ISIC_0069859,3.4761796,0.99222785
ISIC_0069860,-0.27306798,-0.28808206
ISIC_0069864,6.2537684,0.184494
ISIC_0069873,-1.2278676,2.0803463
ISIC_0069889,-1.2337824,1.0721974
ISIC_0069891,-0.23069717,1.6986121
ISIC_0069908,-1.5412877,0.95087117
ISIC_0069918,-1.6862584,0.49371344
ISIC_0069920,5.74104,3.5454767
ISIC_0069922,3.6567342,2.8598638
ISIC_0069929,2.7465098,2.4224176
ISIC_0069946,3.933013,3.140098
ISIC_0069951,4.499695,2.4630826
ISIC_0069958,-1.1064852,1.876143
ISIC_0069967,0.7947061,0.5779692
ISIC_0069970,7.6646256,3.400409
ISIC_0069977,-0.08776522,-0.24972603
ISIC_0069984,5.9603586,0.03738137
ISIC_0069986,7.082242,4.073
ISIC_0069988,4.485191,4.0655227
ISIC_0069995,-1.1850171,1.4902277
ISIC_0070006,5.1709948,3.5179152
ISIC_0070012,3.7966821,3.866565
ISIC_0070017,-1.6915921,-0.51638454
ISIC_0070018,4.5102334,-0.11917206
ISIC_0070032,0.8620177,0.7288032
ISIC_0070045,-2.5985422,1.2037904
ISIC_0070049,5.6359425,0.5982348
ISIC_0070050,7.787033,3.478033
ISIC_0070061,-0.315939,3.1269708
ISIC_0070068,5.909275,3.4182904
ISIC_0070089,4.9121943,3.978817
ISIC_0070092,1.4292123,0.07777903
ISIC_0070093,-0.19608329,1.8787107
ISIC_0070095,1.6745945,1.6494893
ISIC_0070105,3.3327444,3.9083045
ISIC_0070107,5.0782065,1.263447
ISIC_0070109,6.0346365,4.285253
ISIC_0070110,-1.2876207,0.35089242
ISIC_0070114,2.7991433,1.9718654
ISIC_0070120,6.3237786,2.6402721
ISIC_0070123,-1.0443208,-0.410034
ISIC_0070129,-0.7688441,1.7865385
ISIC_0070137,4.871592,0.0013094104
ISIC_0070139,4.811933,2.4998996
ISIC_0070141,4.3174734,4.79304
ISIC_0070149,5.318896,3.497621
ISIC_0070170,5.733418,3.852201
ISIC_0070172,0.30922264,-0.47782293
ISIC_0070207,3.6681137,3.7777157
ISIC_0070215,2.3994281,2.7925985
ISIC_0070217,6.351268,4.582023
ISIC_0070220,3.487859,2.0444224
ISIC_0070227,3.7692935,3.3468
ISIC_0070235,3.3071933,1.644362
ISIC_0070250,-1.5991392,1.8132265
ISIC_0070253,3.0233426,3.3565724
ISIC_0070262,-0.17951828,2.9569526
ISIC_0070274,1.1261518,1.3411784
ISIC_0070303,2.9042652,0.82334834
ISIC_0070308,6.118674,0.6649896
ISIC_0070313,-0.66228825,1.4477868
ISIC_0070316,2.1709657,2.502566
ISIC_0070327,3.9481063,3.123069
ISIC_0070341,6.806982,3.863616
ISIC_0070342,7.6575165,2.6553428
ISIC_0070344,4.4463577,2.7571933
ISIC_0070347,2.088658,3.6186123
ISIC_0070351,2.6809251,1.958328
ISIC_0070352,-1.2902983,-0.13204496
ISIC_0070362,2.1228669,2.8874514
ISIC_0070363,0.37776637,1.8233091
ISIC_0070366,6.7897196,0.98971295
ISIC_0070371,5.015902,2.2079897
ISIC_0070374,6.4479613,3.9530478
ISIC_0070380,1.0987557,0.8112234
ISIC_0070387,-0.9198231,2.9340792
ISIC_0070396,-1.3890458,1.5278758
ISIC_0070400,5.860277,1.1274772
ISIC_0070403,5.1118765,0.40611675
ISIC_0070414,-2.0902278,2.1475387
ISIC_0070419,5.4027305,3.6930544
ISIC_0070427,4.233863,3.0498533
ISIC_0070433,-0.32894355,-0.0087399455
ISIC_0070435,0.19913714,0.23060642
ISIC_0070439,6.2476983,4.3530316
ISIC_0070441,6.812041,3.2065587
ISIC_0070442,0.9154455,1.0261959
ISIC_0070446,6.416471,3.2938335
ISIC_0070447,4.085852,0.9383539
ISIC_0070454,6.315561,3.5391695
ISIC_0070465,2.8795443,3.6463864
ISIC_0070477,4.644308,3.772516
ISIC_0070480,-0.8675643,1.4568036
ISIC_0070489,6.8549757,3.3540876
ISIC_0070501,-1.6064618,2.35735
ISIC_0070517,1.7431269,4.0918984
ISIC_0070520,1.758547,2.2128384
ISIC_0070521,6.1417236,2.7285225
ISIC_0070549,-2.0157626,0.6528902
ISIC_0070551,-1.7774699,-0.115549184
ISIC_0070553,-1.5685961,-0.41324577
ISIC_0070566,-0.73813415,2.6291423
ISIC_0070572,1.7389863,3.9197934
ISIC_0070578,1.3868856,2.186155
ISIC_0070581,2.8395977,0.76062375
ISIC_0070585,-0.3448937,3.0815792
ISIC_0070588,0.54886025,1.1697174
ISIC_0070593,-2.479187,0.87919986
ISIC_0070595,1.2452456,1.7832922
ISIC_0070596,3.638377,3.0949647
ISIC_0070601,-1.5144881,-0.0014855573
ISIC_0070611,3.0159535,-0.74708927
ISIC_0070614,7.7702613,4.2517877
ISIC_0070623,0.9484498,0.34876826
ISIC_0070629,2.2188766,2.2080026
ISIC_0070653,-2.3675807,2.0981567
ISIC_0070657,3.0726254,3.209144
ISIC_0070658,0.95703775,2.068291
ISIC_0070666,-2.5202324,0.9226342
ISIC_0070689,-2.2386682,0.1849547
ISIC_0070702,-0.123837955,1.7019808
ISIC_0070709,0.6250837,1.7904333
ISIC_0070710,6.2639875,0.37101823
ISIC_0070711,-1.1133573,-0.46434596
ISIC_0070724,6.04462,4.473839
ISIC_0070727,-0.1276731,-0.62170595
ISIC_0070731,4.1356835,1.7706485
ISIC_0070743,3.3062158,2.602755
ISIC_0070745,6.3309703,1.0213898
ISIC_0070747,5.481031,0.54682064
ISIC_0070752,-1.6122135,0.3432684
ISIC_0070756,6.988072,1.7741617
ISIC_0070778,0.72376615,1.3348843
ISIC_0070784,2.6531038,0.05951059
ISIC_0070794,-1.8219507,0.67236793
ISIC_0070799,-2.4232953,1.1686643
ISIC_0070801,2.7230272,2.4691753
ISIC_0070805,1.1745247,3.109634
ISIC_0070809,-0.3465012,0.66542315
ISIC_0070814,1.9637004,-0.2945971
ISIC_0070815,6.7353845,0.83904636
ISIC_0070816,5.2399616,3.1494427
ISIC_0070822,-0.09356225,-0.18541437
ISIC_0070837,6.0113087,2.1331768
ISIC_0070842,2.2718115,0.7093117
ISIC_0070846,5.661105,3.9408095
ISIC_0070852,-0.9599622,0.17008707
ISIC_0070867,0.536915,-0.48262382
ISIC_0070871,1.4733558,0.70636135
ISIC_0070886,4.7114964,3.1632762
ISIC_0070888,3.8723445,1.6621615
ISIC_0070910,-0.5702504,2.113265
ISIC_0070913,4.3635902,4.59933
ISIC_0070916,-1.8583561,1.9633976
ISIC_0070920,4.901948,3.9570687
ISIC_0070927,2.255047,2.349092
ISIC_0070938,6.172768,1.1136999
ISIC_0070940,7.1432967,4.1499753
ISIC_0070959,0.8512085,1.4036839
ISIC_0070961,-0.95088565,2.8068314
ISIC_0070973,0.5359498,-0.21900481
ISIC_0070974,-1.8841124,1.1876168
ISIC_0070976,2.4078414,4.1194997
ISIC_0070984,7.314843,3.7665582
ISIC_0070990,3.3236346,1.8340559
ISIC_0070992,-0.5278567,0.942886
ISIC_0070998,-1.2115914,1.2857095
ISIC_0071006,4.0269156,0.71543777
ISIC_0071012,3.7376943,1.0785112
ISIC_0071017,-1.6586908,0.72700906
ISIC_0071035,6.149574,0.99479276
ISIC_0071043,0.5347707,2.4591036
ISIC_0071045,5.937753,0.6138824
ISIC_0071048,-0.6437716,1.9225087
ISIC_0071067,2.8517108,2.644803
ISIC_0071069,4.2632165,2.954403
ISIC_0071074,6.0698752,3.239422
ISIC_0071089,5.925207,1.9742706
ISIC_0071095,6.319983,0.7401127
ISIC_0071101,7.7801743,4.2635536
ISIC_0071109,3.4289942,0.20916617
ISIC_0071111,2.0516033,2.1438518
ISIC_0071119,3.9939003,2.8977017
ISIC_0071122,-2.4107766,0.53787345
ISIC_0071124,-2.2596314,1.0001704
ISIC_0071132,5.994628,0.34771892
ISIC_0071133,-0.07793463,0.9957862
ISIC_0071134,6.558651,4.4053802
ISIC_0071137,5.3957157,2.5089664
ISIC_0071138,3.3054714,3.0153253
ISIC_0071142,4.3877954,0.8305648
ISIC_0071169,-0.82118493,3.2557065
ISIC_0071176,2.7566082,1.4564404
ISIC_0071178,0.2568972,1.7324737
ISIC_0071180,2.1166766,1.0740496
ISIC_0071196,3.5217247,0.84943354
ISIC_0071208,1.2223452,-0.62320894
ISIC_0071215,2.0945923,2.601501
ISIC_0071218,4.012671,2.3205252
ISIC_0071238,2.6659558,3.2559228
ISIC_0071240,-1.8724145,0.25533003
ISIC_0071245,-0.8131809,-0.5351026
ISIC_0071253,5.226064,2.0090213
ISIC_0071257,5.11083,0.61270636
ISIC_0071258,3.1477087,3.5078378
ISIC_0071260,2.821726,1.6693441
ISIC_0071271,-1.0431752,1.0430421
ISIC_0071289,1.2507662,0.07991009
ISIC_0071290,1.6586286,2.3044
ISIC_0071303,1.089154,1.3069229
ISIC_0071311,2.2719352,2.6030364
ISIC_0071315,-0.017575523,-0.14515868
ISIC_0071335,0.9835774,1.037836
ISIC_0071342,7.3277082,4.150301
ISIC_0071346,4.0671954,4.7166862
ISIC_0071357,4.3258314,2.4691882
ISIC_0071361,7.4198008,4.289839
ISIC_0071388,1.6743491,1.8018448
ISIC_0071392,-1.0545518,0.45602274
ISIC_0071395,3.7337081,3.0509412
ISIC_0071401,6.8690853,2.4070277
ISIC_0071404,-1.9736012,0.47770417
ISIC_0071420,1.0192263,2.6683714
ISIC_0071430,-1.4723326,0.23830609
ISIC_0071431,-2.17825,2.3149335
ISIC_0071443,-2.6531231,0.9308887
ISIC_0071458,-2.3289928,1.4421835
ISIC_0071470,1.745756,1.3171225
ISIC_0071476,4.0635495,4.174661
ISIC_0071478,-1.2350837,1.7533067
ISIC_0071534,-1.0701662,-0.11759973
ISIC_0071550,-2.3191612,0.7896453
ISIC_0071558,-0.8371626,0.92472506
ISIC_0071559,0.6935354,2.354419
ISIC_0071563,3.3261282,1.7459517
ISIC_0071568,3.4647985,1.768248
ISIC_0071576,6.1819134,1.3447623
ISIC_0071579,-1.385901,2.2018087
ISIC_0071580,6.9104104,1.9377227
ISIC_0071583,2.2976186,2.9686434
ISIC_0071584,-1.0796789,1.5419589
ISIC_0071586,-0.9274191,0.80220354
ISIC_0071592,4.667279,1.4057144
ISIC_0071594,1.1702132,0.2082301
ISIC_0071596,-2.179533,1.9609734
ISIC_0071600,5.82309,3.733092
ISIC_0071628,7.0225673,1.400853
ISIC_0071632,0.88315016,1.987189
ISIC_0071648,3.2305288,2.7968986
ISIC_0071651,0.6408462,2.4301608
ISIC_0071666,2.1326227,2.3129394
ISIC_0071668,-1.9181583,2.1490593
ISIC_0071673,7.11541,3.585234
ISIC_0071678,6.348567,0.51481426
ISIC_0071702,0.40180847,1.3811159
ISIC_0071707,0.78875655,1.2020872
ISIC_0071713,3.921465,0.52031744
ISIC_0071717,6.853943,3.0355809
ISIC_0071720,3.1939008,3.207951
ISIC_0071725,5.913432,0.6902228
ISIC_0071726,6.3207064,3.3801768
ISIC_0071740,6.035483,2.7859344
ISIC_0071765,3.525096,0.16451435
ISIC_0071766,-0.7394495,2.7333124
ISIC_0071767,2.7536626,0.5012576
ISIC_0071774,1.4741856,2.2676446
ISIC_0071776,1.6696091,1.7877064
ISIC_0071778,-2.489748,1.3152342
ISIC_0071782,1.6152505,1.5305104
ISIC_0071783,-0.26026702,1.0673865
ISIC_0071784,-0.99467367,2.7952728
ISIC_0071788,0.25058386,1.1041738
ISIC_0071797,1.5331142,1.6228617
ISIC_0071800,4.5385914,2.5480878
ISIC_0071806,-1.5483648,0.099562734
ISIC_0071808,1.2181764,2.8164828
ISIC_0071815,-1.8869405,2.2522883
ISIC_0071834,0.09312922,1.6929613
ISIC_0071857,-1.3337079,2.8454998
ISIC_0071865,1.6186957,3.0071907
ISIC_0071869,4.7258434,1.4597013
ISIC_0071875,6.1978145,4.0702295
ISIC_0071891,5.4930015,1.3735293
ISIC_0071892,5.2871747,0.18725058
ISIC_0071901,3.2236545,2.4085507
ISIC_0071904,-1.151349,2.75399
ISIC_0071906,1.3623112,2.6318078
ISIC_0071916,-0.87341195,0.9782834
ISIC_0071926,3.3299792,3.640578
ISIC_0071931,-0.14508341,1.2749074
ISIC_0071936,6.84067,1.5252079
ISIC_0071939,2.7621808,-0.32113
ISIC_0071944,6.3376913,2.98158
ISIC_0071951,5.1082735,3.1274154
ISIC_0071957,0.61891323,-0.82299227
ISIC_0071970,-1.2228713,2.6578436
ISIC_0071972,-1.5424762,2.4771469
ISIC_0071992,-0.98691994,1.1809092
ISIC_0071996,0.09486776,0.5618173
ISIC_0071997,4.8019543,2.756508
ISIC_0072001,-0.44521257,2.419903
ISIC_0072002,0.89168364,1.5235463
ISIC_0072003,0.7567673,0.5969604
ISIC_0072004,-1.6732295,-0.26267746
ISIC_0072006,1.5132616,0.07735725
ISIC_0072010,2.639632,2.0328927
ISIC_0072021,6.0327864,4.4991293
ISIC_0072030,0.5754926,0.7718067
ISIC_0072032,-0.20626926,1.5701212
ISIC_0072041,-0.19310325,-0.10339832
ISIC_0072061,3.8611698,3.5110974
ISIC_0072065,-1.3238994,-1.181063
ISIC_0072069,5.1438622,0.62631375
ISIC_0072077,1.6401335,2.2526817
ISIC_0072078,-1.7265935,0.8653792
ISIC_0072087,5.8155823,3.4312732
ISIC_0072090,5.2790203,1.5266058
ISIC_0072099,4.842879,2.536055
ISIC_0072101,0.9264887,-0.094714314
ISIC_0072103,6.139105,4.532738
ISIC_0072109,3.6129303,0.2117153
ISIC_0072111,3.0002706,3.3780994
ISIC_0072121,2.059728,1.5137317
ISIC_0072122,4.6196566,2.968891
ISIC_0072126,-1.2199217,2.7410467
ISIC_0072142,-1.3339285,0.73254365
ISIC_0072151,-0.898395,1.828905
ISIC_0072154,-2.075954,0.96038276
ISIC_0072156,2.0061607,1.897582
ISIC_0072157,-0.53241086,2.4811118
ISIC_0072166,5.0026183,3.4490328
ISIC_0072173,0.87541705,0.75365347
ISIC_0072174,1.0882237,1.2006352
ISIC_0072178,-0.51684743,1.1668565
ISIC_0072182,-0.56262386,0.9979321
ISIC_0072188,-0.21432236,2.8633564
ISIC_0072195,2.051107,0.5851892
ISIC_0072198,-0.6353337,1.0413007
ISIC_0072215,6.489911,0.69599795
ISIC_0072223,5.3583426,0.39087602
ISIC_0072226,-0.47977957,2.189059
ISIC_0072230,2.1996357,3.7718165
ISIC_0072241,4.0868106,3.5801666
ISIC_0072242,-1.7871029,0.79602164
ISIC_0072252,-1.8653176,1.4813488
ISIC_0072268,2.375341,1.5625708
ISIC_0072271,-1.0472143,-1.2471523
ISIC_0072279,-0.9479181,1.5332986
ISIC_0072280,-1.1595565,-1.5217133
ISIC_0072286,-0.30813932,-0.41555917
ISIC_0072287,2.1265254,-0.34944236
ISIC_0072294,0.9987331,2.815558
ISIC_0072297,2.6734092,3.7216043
ISIC_0072299,-0.27685022,2.7823749
ISIC_0072301,2.1227372,0.41257727
ISIC_0072330,5.4951158,3.3279753
ISIC_0072344,5.150954,2.9358144
ISIC_0072348,-0.47199172,0.986944
ISIC_0072354,0.54605573,0.6996215
ISIC_0072358,4.329743,2.1253033
ISIC_0072360,2.9144282,2.4209065
ISIC_0072369,-0.1786945,1.6815366
ISIC_0072371,1.4565421,1.4377787
ISIC_0072374,-1.9180455,1.758991
ISIC_0072375,-0.8422515,2.3673878
ISIC_0072377,-1.9233987,0.32944322
ISIC_0072380,3.0379612,-0.6754955
ISIC_0072396,2.053886,0.07258828
ISIC_0072401,5.840113,1.230332
ISIC_0072405,5.0727434,3.6179988
ISIC_0072411,4.6056504,3.3026195
ISIC_0072415,6.6472764,4.0029473
ISIC_0072422,6.715046,3.467891
ISIC_0072429,1.9189764,4.173561
ISIC_0072437,4.7764626,3.8275647
ISIC_0072439,5.38433,2.953223
ISIC_0072440,2.3474567,4.1182146
ISIC_0072441,-2.182903,1.1286926
ISIC_0072473,3.8797064,2.4516127
ISIC_0072482,0.121126674,0.023578165
ISIC_0072494,-1.3810682,1.6924809
ISIC_0072495,1.2781634,0.3320729
ISIC_0072507,-1.0623068,-0.1494797
ISIC_0072508,-0.33166066,2.321286
ISIC_0072516,3.083027,2.4439993
ISIC_0072522,-0.2498892,-1.3171372
ISIC_0072523,2.9579105,-0.3990828
ISIC_0072531,3.8909397,3.47079
ISIC_0072535,-1.6416912,0.96541893
ISIC_0072538,3.2110567,-0.61395556
ISIC_0072557,6.6684,2.3542483
ISIC_0072559,0.918454,0.088420875
ISIC_0072565,0.65655357,1.8234928
ISIC_0072568,-0.06500174,2.7524908
ISIC_0072569,7.1122217,3.8102977
ISIC_0072574,2.9510145,3.3183684
ISIC_0072585,-0.6987163,-0.87263244
ISIC_0072586,6.606789,3.134827
ISIC_0072594,0.7473845,0.031868856
ISIC_0072595,-1.0625938,1.9397743
ISIC_0072612,7.2254467,2.594902
ISIC_0072619,2.9278064,3.8467038
ISIC_0072624,7.865561,2.9923904
ISIC_0072626,0.72107613,-1.2365137
ISIC_0072631,-2.413428,1.4994545
ISIC_0072641,4.379319,1.2995836
ISIC_0072642,-2.3033378,0.50055534
ISIC_0072653,6.5367994,3.3254242
ISIC_0072689,1.2149348,3.6218984
ISIC_0072691,-1.5411453,-0.13085097
ISIC_0072694,4.6585274,0.53225756
ISIC_0072705,0.90396667,1.3575414
ISIC_0072713,2.7195427,0.76166123
ISIC_0072714,6.92611,3.3898468
ISIC_0072730,5.4191294,2.458183
ISIC_0072733,1.5017194,1.9918253
ISIC_0072738,3.7133858,-0.14127971
ISIC_0072743,6.3380117,4.32888
ISIC_0072747,2.9064872,2.9556355
ISIC_0072748,5.8414764,1.0702902
ISIC_0072753,3.7397463,3.3534288
ISIC_0072755,-0.3126384,2.1180885
ISIC_0072758,3.1349916,1.4642979
ISIC_0072763,1.4265518,3.8816957
ISIC_0072768,-1.6518103,3.0869582
ISIC_0072773,4.266396,0.8792413
ISIC_0072780,-0.020184793,1.4321594
ISIC_0072783,-0.88307273,2.457012
ISIC_0072785,-1.7801348,1.3046993
ISIC_0072793,1.2502341,3.2202733
ISIC_0072799,-0.10343272,1.4730296
ISIC_0072820,3.896544,1.1619674
ISIC_0072827,2.8377697,2.518826
ISIC_0072828,2.9617002,0.5817683
ISIC_0072843,-1.2178314,1.5428404
ISIC_0072844,1.1982895,1.1198065
ISIC_0072845,5.830275,4.53924
ISIC_0072862,5.621475,1.5533785
ISIC_0072865,1.3230795,2.5908616
ISIC_0072872,1.2387717,0.67698646
ISIC_0072876,1.1020101,2.3695319
ISIC_0072887,3.450899,3.0999315
ISIC_0072889,5.9387503,0.65151685
ISIC_0072896,3.9789658,-0.0523125
ISIC_0072909,6.975865,2.3150995
ISIC_0072917,1.1375886,1.1782954
ISIC_0072923,6.815534,3.3240921
ISIC_0072924,-0.9034234,0.7794095
ISIC_0072930,3.9252691,0.020053262
ISIC_0072939,2.8198943,0.84032696
ISIC_0072961,4.865733,2.8130367
ISIC_0072966,1.2189629,1.1461273
ISIC_0072968,3.33893,0.012088588
ISIC_0072977,4.9285016,3.3875644
ISIC_0072983,2.0769083,1.4756963
ISIC_0072985,-1.1092265,-1.1560807
ISIC_0072990,-1.5328792,0.5440285
ISIC_0072991,2.1873944,-0.34007376
ISIC_0073007,5.572214,0.016000373
ISIC_0073018,6.7450743,0.8555789
ISIC_0073038,0.74194556,1.3256881
ISIC_0073044,3.8633354,4.302108
ISIC_0073054,5.4451213,2.740812
ISIC_0073065,1.0901004,2.0799356
ISIC_0073075,0.11444277,3.0235848
ISIC_0073078,5.9530544,0.62810826
ISIC_0073089,5.9430413,3.3186605
ISIC_0073102,-1.1313298,-1.3672819
ISIC_0073119,3.4236772,2.4291322
ISIC_0073124,6.7229114,1.5771595
ISIC_0073134,5.599176,1.1904379
ISIC_0073136,-0.35809532,0.35391635
ISIC_0073143,4.8320317,0.5804102
ISIC_0073147,-0.29955757,3.1762338
ISIC_0073156,2.2310057,3.7986386
ISIC_0073173,2.2278342,3.319413
ISIC_0073190,3.4290056,2.6317675
ISIC_0073191,5.1558933,2.272096
ISIC_0073194,1.541272,3.4091206
ISIC_0073203,-2.1001387,1.1260779
ISIC_0073204,2.746826,2.6626713
ISIC_0073218,1.0177518,2.1858046
ISIC_0073227,-1.1076971,0.31677288
ISIC_0073231,0.83110744,-0.1440637
ISIC_0073237,7.85186,3.36236
ISIC_0073238,0.16254826,1.1276846
ISIC_0073241,7.3407607,4.274896
ISIC_0073249,6.7871675,3.559097
ISIC_3733653,0.51119256,-0.1723525
ISIC_8886139,3.2639136,1.5424286
ISIC_9367522,2.729297,2.5132747
ISIC_4676270,2.4482214,2.436243
ISIC_7546219,3.0908983,0.3919915
ISIC_2883463,-0.020257885,-0.39428997
ISIC_3203344,2.1438234,4.240294
ISIC_9585329,2.525371,-0.0072220517
ISIC_3963183,2.0767324,0.89874345
ISIC_9828846,1.8473316,0.5192991
ISIC_3338629,2.1472719,4.066323
ISIC_3025889,0.34143284,-0.7233448
ISIC_7320371,3.3533356,3.4207106
ISIC_1177153,5.7231207,1.9910406
ISIC_5086349,4.665825,2.8107326
ISIC_6809586,0.8450397,3.1194913
ISIC_0681019,2.9491136,3.787242
ISIC_5272223,0.83009565,-1.542083
ISIC_8872158,5.466067,2.2844408
ISIC_9353360,1.2895997,-1.0993668
ISIC_5343231,3.4941761,1.3856137
ISIC_1729223,1.984139,-0.043993067
ISIC_5797062,0.25139254,-1.7614174
ISIC_3408231,1.5484097,-0.14400207
ISIC_8379956,2.0718238,0.22986415
ISIC_9900191,4.5242443,4.46825
ISIC_7973598,3.8552773,3.5278504
ISIC_0481105,1.4166192,-0.2659679
ISIC_6096565,2.893183,1.5696802
ISIC_9677503,-0.21566038,1.590463
ISIC_6786198,2.3179998,3.488797
ISIC_2750230,4.8053,2.9990032
ISIC_7636412,3.4456298,4.2263746
ISIC_3335904,2.3961668,1.4940348
ISIC_5224960,3.9165194,0.8643287
ISIC_5426249,3.5117736,2.0709693
ISIC_5795436,1.7510527,2.6983776
ISIC_2839742,5.9537826,4.5362077
ISIC_6814727,0.97280556,0.70537007
ISIC_9957368,2.45078,3.7459402
ISIC_9978107,3.68773,2.164125
ISIC_1210011,1.974372,-0.6839459
ISIC_4508878,0.39095834,-1.4274901
ISIC_6961503,0.6532482,-1.0591463
ISIC_4009870,3.8098881,0.7294866
ISIC_0645454,0.69196707,-1.6615951
ISIC_5747942,1.0911281,-1.0054897
ISIC_3561065,4.924545,1.9693357
ISIC_1177505,2.2751853,-0.2825839
ISIC_0457344,-1.040313,-0.66174364
ISIC_7130929,0.5603491,-1.6332182
ISIC_7577395,3.7544143,4.223089
ISIC_1975042,4.144717,4.120693
ISIC_2979268,0.7581878,-0.36872932
ISIC_0844312,3.9379206,2.4171767
ISIC_6300866,4.9163156,2.4997997
ISIC_7457700,2.6445436,3.917244
ISIC_5172576,1.0434519,-0.53135186
ISIC_8990534,2.6837916,0.11884055
ISIC_8692218,0.7784729,-0.59869576
ISIC_3941123,1.9511287,1.4261765
ISIC_7960321,0.51313835,-0.1745781
ISIC_8554769,5.2899423,2.217422
ISIC_8566006,1.7971,3.7128475
ISIC_7693611,0.21207516,-1.5143496
ISIC_7724762,2.80153,1.0769897
ISIC_7183212,1.3301196,0.5414027
ISIC_4916704,3.7079022,2.508589
ISIC_8106899,1.4476262,-0.3772746
ISIC_7503950,2.671837,2.9548495
ISIC_4170698,0.47572324,-0.01579146
ISIC_3993924,0.12911688,-1.496771
ISIC_1255336,0.91071475,0.19556904
ISIC_7353870,2.209343,-0.035666935
ISIC_7327423,5.308202,1.6861084
ISIC_5719436,4.4522705,2.0362585
ISIC_8882374,-0.3569919,-1.5053416
ISIC_4223155,2.0276072,-0.59379315
ISIC_3996796,-0.849419,1.3627763
ISIC_0639769,1.998064,1.4968619
ISIC_6450034,-0.11211614,-1.2829602
ISIC_1948545,1.210638,-0.5456852
ISIC_9268487,2.1777368,2.2552562
ISIC_4000481,0.79648495,-0.83834356
ISIC_2535541,0.105333395,-0.2645714
ISIC_9544832,3.2759385,4.253646
ISIC_5388184,4.3547807,2.3860705
ISIC_5084113,3.119281,0.45111817
ISIC_4229473,1.2690941,-1.4303229
ISIC_2447578,4.5858006,3.7481909
ISIC_8008539,2.9632797,0.47027153
ISIC_6688417,1.5245515,-1.1072221
ISIC_9677559,-0.08910403,-1.739582
ISIC_0287325,1.016805,-1.5954884
ISIC_8344285,4.971547,4.124088
ISIC_8943817,5.615583,3.890427
ISIC_2341309,2.353873,0.53024787
ISIC_1460169,5.0537167,4.1113033
ISIC_9006649,5.32692,4.0309286
ISIC_3510420,1.9485313,-0.036231853
ISIC_2098553,1.6792235,0.24764186
ISIC_4359352,2.4345682,0.286217
ISIC_4282399,3.8523507,2.4504879
ISIC_8839128,3.7201252,2.5335882
ISIC_3481499,3.8561835,1.4048129
ISIC_9770677,6.182832,1.9776274
ISIC_2153686,0.6905459,0.9163581
ISIC_5267208,4.466642,1.8367388
ISIC_1956504,3.3601892,0.24184328
ISIC_6220625,2.335034,2.4232688
ISIC_1157032,0.6195786,0.67783946
ISIC_1605629,1.3544647,-1.1050106
ISIC_8672524,2.0329683,0.84827274
ISIC_4597293,0.1745052,-1.4926832
ISIC_1484659,4.4659443,4.65623
ISIC_5425721,2.2477155,2.5504355
ISIC_0502582,4.495736,3.2436812
ISIC_6851408,2.00553,2.501099
ISIC_0247330,-1.1265897,-0.078764424
ISIC_5369000,2.403854,0.30139282
ISIC_3944634,-0.6485751,-0.62725365
ISIC_8527092,1.541227,-0.22147311
ISIC_3265514,3.8599536,1.0552922
ISIC_7080469,4.4210725,3.8415468
ISIC_6398669,2.8507092,1.0250764
ISIC_2101624,3.3943636,4.0271807
ISIC_8951909,-0.36347023,-1.0502496
ISIC_9729042,-0.18640321,-0.42924812
ISIC_2072219,3.8696642,4.1045775
ISIC_4619789,0.8807702,0.70144117
ISIC_6348638,1.6725186,3.5381386
ISIC_7748311,4.908394,2.0735438
ISIC_2823287,2.1681206,0.1732516
ISIC_6541615,1.3246107,-0.610364
ISIC_5247560,1.5416534,0.64788926
ISIC_3343475,3.739375,2.7063386
ISIC_8677053,1.1311101,-1.4496496
ISIC_4936662,1.6496797,-0.51148534
ISIC_8194835,0.8370731,-1.2522916
ISIC_4730066,-0.9156139,-1.8117975
ISIC_2967024,-0.7595201,-0.42501426
ISIC_4525317,0.9740225,-0.24304806
ISIC_7785723,5.322828,1.6515638
ISIC_7181296,1.2594118,-0.887381
ISIC_7658729,0.2985361,-1.7237983
ISIC_0333091,0.44357145,2.1709337
ISIC_6496370,1.7845663,-0.2691296
ISIC_1241817,1.9778787,2.093199
ISIC_2176112,0.45658094,-0.08737369
ISIC_8615491,0.07515769,-0.972523
ISIC_2822718,1.9569601,2.7245085
ISIC_2560699,0.35654637,-0.03226702
ISIC_5352496,0.40994164,-1.6615937
ISIC_9048507,1.8788754,-0.8361572
ISIC_7261174,-0.072249144,0.22034627
ISIC_2685593,6.5815372,3.5408657
ISIC_0961235,-0.9768828,-1.8184224
ISIC_7075474,-0.13554582,-1.8249229
ISIC_0924427,2.6138325,2.3077714
ISIC_3880022,1.020523,-1.4721568
ISIC_9863642,4.3398643,4.012969
ISIC_8417873,2.936963,0.78145784
ISIC_8325226,4.2277274,2.3299172
ISIC_5415761,-0.0030857099,-1.3414493
ISIC_8497457,1.1701758,-1.4181101
ISIC_6811237,-0.3911651,-0.5894996
ISIC_5605645,1.6770715,0.038638193
ISIC_8859274,6.500787,3.5320132
ISIC_0250839,4.324638,0.9620425
ISIC_7939816,4.488808,1.8030874
ISIC_7662910,0.2498561,-0.19718894
ISIC_6190621,0.70224553,0.28220883
ISIC_0588352,5.130184,2.019491
ISIC_2841788,-0.1777627,-1.1895287
ISIC_7101732,-1.0832413,0.8674753
ISIC_9910791,0.96848077,-1.2396203
ISIC_4493482,5.344557,2.4033601
ISIC_9509757,1.637456,-0.4475565
ISIC_9053910,0.3032209,-1.4888648
ISIC_2077116,0.5526518,-1.6185379
ISIC_1132496,3.4869053,2.4805484
ISIC_1009042,-0.4718226,-0.29433876
ISIC_3207651,-0.612209,-0.8690713
ISIC_2342769,1.6482575,-0.13366066
ISIC_3023646,4.0972743,1.6339128
ISIC_0862745,4.9929605,2.6719098
ISIC_9556334,5.479199,2.9787352
ISIC_7079349,0.9727888,-0.17697623
ISIC_8002875,3.3268046,2.5300682
ISIC_6767569,5.1898146,2.7407417
ISIC_4118006,0.23634362,-1.6430012
ISIC_0911264,1.31278,3.7019584
ISIC_8157654,2.6312056,0.1983326
ISIC_6561111,0.75021607,-1.1679546
ISIC_4980656,1.2045833,1.5446632
ISIC_7489564,0.89307743,-0.7993444
ISIC_1620401,-0.4195161,-1.6689947
ISIC_0232101,4.864028,1.2125814
ISIC_2668481,-0.64157444,-0.75248826
ISIC_3253484,-0.7823289,1.6171209
ISIC_6248008,3.8814263,2.5410116
ISIC_6784593,-0.61643356,1.8069347
ISIC_8281208,-0.20039842,-0.8221831
ISIC_6927840,1.5211905,-0.87877744
ISIC_6496251,1.173759,-0.6982694
ISIC_8985109,1.2813832,-0.14168207
ISIC_3803651,2.187676,-0.09143263
ISIC_6056121,-0.7352028,1.5057682
ISIC_6228963,3.6769218,2.4183462
ISIC_5581931,0.3787323,-0.3364878
ISIC_7927525,-0.17337011,-1.4452856
ISIC_4653503,-0.39046595,-1.8196666
ISIC_4874581,2.3508623,3.3980496
ISIC_2844539,5.335417,2.2497573
ISIC_2071966,0.98768383,1.3677043
ISIC_1564663,-0.7300958,-1.6726748
ISIC_3450017,1.2100978,-0.7663362
ISIC_0188432,2.113331,-0.49942535
ISIC_7936755,1.0503889,2.9675784
ISIC_4408559,5.0553474,3.7921257
ISIC_1037315,1.0736125,-0.8482169
ISIC_5495413,-1.1012013,-1.6207736
ISIC_0178428,1.6733052,-0.90528435
ISIC_2230091,4.911369,2.0878084
ISIC_2076526,-0.5408199,-1.6750501
ISIC_7346228,5.8892975,4.58305
ISIC_1630301,3.5799413,3.7282586
ISIC_6255113,4.3989305,1.9281721
ISIC_9821002,5.626274,1.1296526
ISIC_6736963,1.8547986,0.6025932
ISIC_1068686,1.8324366,-0.29996142
ISIC_5867911,6.385824,3.0168135
ISIC_8381531,0.73543996,-1.5651459
ISIC_0599605,-0.3799254,-1.5169283
ISIC_0953317,0.69896495,0.021617403
ISIC_7100755,-0.41504502,1.0299829
ISIC_5315062,0.8712707,-1.6274936
ISIC_2609984,2.880213,3.7980857
ISIC_6398283,0.95584816,-1.527473
ISIC_1071355,3.314135,1.9493312
ISIC_0533122,1.8254772,1.6453384
ISIC_2437633,1.3959463,0.4182237
ISIC_2797353,4.1123075,2.184744
ISIC_4842587,-0.47789562,-0.9693795
ISIC_7573463,1.0708967,-1.2724494
ISIC_5288393,3.599955,1.807719
ISIC_0585534,2.6295042,2.3425107
ISIC_8609756,5.9022584,0.7945525
ISIC_5140952,4.2464333,4.600301
ISIC_2105563,4.088528,4.2307625
ISIC_6625102,1.7606598,0.94756955
ISIC_0337631,4.4175663,1.7531791
ISIC_2766590,0.46979135,-1.1196853
ISIC_8372206,5.2587514,2.4304729
ISIC_8632904,2.290273,-0.2500454
ISIC_7949783,1.4936563,3.025608
ISIC_2979177,1.2067875,1.3967055
ISIC_6159600,6.2205353,3.5147853
ISIC_7064511,4.386343,2.9234877
ISIC_4961146,4.2371936,4.5045285
ISIC_7889097,1.7655104,3.9924293
ISIC_5664695,4.3139944,4.3847547
ISIC_1124434,2.180667,2.4769301
ISIC_9980216,4.633176,3.8931623
ISIC_7070020,-0.3659935,-0.26775143
ISIC_6110888,7.637473,2.6630216
ISIC_8621568,4.876922,1.4475011
ISIC_2033237,4.9013605,1.9455602
ISIC_5673518,5.5581446,2.1848426
ISIC_6251753,0.092565484,-0.43184412
ISIC_9963177,-0.7477549,0.7678437
ISIC_2700320,-1.5053532,0.53819495
ISIC_3084312,-0.4230736,-1.0007697
ISIC_6516710,-2.0832756,1.681975
ISIC_6526489,0.40324977,1.8136107
ISIC_3965087,-0.75334805,0.06140351
ISIC_6931277,1.023146,-0.2432682
ISIC_5505677,-0.1593773,-0.3015474
ISIC_7536704,-2.5879767,1.7136779
ISIC_1569119,5.8900633,3.2672813
ISIC_8866651,4.1521425,-0.08535511
ISIC_2528358,3.970315,1.3862022
ISIC_5129659,-1.0103877,0.2001863
ISIC_6125652,2.7669327,0.6996259
ISIC_1356715,3.15708,2.5804644
ISIC_0274382,5.861718,0.08183177
ISIC_4346693,2.02562,-0.18161781
ISIC_2720971,0.6474796,-0.90760195
ISIC_8702237,2.6638196,0.3343264
ISIC_6713432,-0.7202867,0.028447168
ISIC_2320481,2.1012287,-0.8548468
ISIC_1330008,2.5855076,4.1323237
ISIC_9785077,1.9306685,1.3902212
ISIC_3936223,1.3246173,-0.25833613
ISIC_2377844,3.403111,4.222792
ISIC_7371801,3.645232,-0.38333175
ISIC_2883756,5.117905,2.1839573
ISIC_6512653,2.17679,1.3877897
ISIC_4469476,-0.9724095,0.079226136
ISIC_7904829,4.635649,-0.13673688
ISIC_8564474,4.513244,0.9849721
ISIC_0833889,-0.13442107,0.5610871
ISIC_2779036,3.6268342,0.5671145
ISIC_6509682,5.3247952,1.683246
ISIC_0273046,0.4199187,-0.9917619
ISIC_6966001,-2.4492202,1.3068752
ISIC_1398333,-0.4018446,1.3526553
ISIC_3969411,6.2189813,2.400477
ISIC_2481044,-1.717755,1.7236986
ISIC_3778192,6.154463,3.3410382
ISIC_1822797,-1.1403104,0.8323159
ISIC_8283552,6.1583867,2.5054793
ISIC_9000824,3.8522897,0.94992626
ISIC_9193127,2.866214,0.6432836
ISIC_9478088,4.426366,1.2790552
ISIC_0149568,4.8953094,3.6893218
ISIC_2607827,3.5287213,1.8973271
ISIC_9022005,4.9514637,3.6802557
ISIC_9967383,3.599742,1.877668
ISIC_6539127,4.7678576,4.2127285
ISIC_8355446,1.1939781,-0.22589995
ISIC_0207268,1.9928521,3.767715
ISIC_7545731,1.2968111,-0.28069067
ISIC_2561898,1.8769621,0.3308103
ISIC_6584579,3.0807137,1.5900074
ISIC_6352565,3.0695057,1.5183033
ISIC_4439054,3.8282554,2.8370273
ISIC_5565758,1.9134235,2.959309
ISIC_0703440,0.8440912,-1.7435682
ISIC_2987613,-1.2999934,2.7960284
ISIC_0467617,3.7634609,2.057089
ISIC_7763042,3.281294,4.446483
ISIC_7062201,1.1249766,-0.2634808
ISIC_1449628,4.6331196,2.483911
ISIC_6381819,0.22872597,3.0970392
ISIC_4810227,-2.3502412,0.6252042
ISIC_9752088,2.5157976,-0.9816338
ISIC_9456779,-0.8271162,1.1345227
ISIC_0606244,6.88146,1.2936997
ISIC_9114248,2.1312008,-1.2536376
ISIC_0873174,-1.9303282,1.9620749
ISIC_9345094,1.8715771,-0.5975249
ISIC_2318474,-0.19077492,1.927822
ISIC_2438481,4.7756953,4.0978622
ISIC_1440160,2.96022,2.1387284
ISIC_4938994,3.1948683,2.623804
ISIC_3433909,4.055033,3.0440505
ISIC_5732201,0.6577413,2.2870357
ISIC_7010755,4.9385886,0.2525874
ISIC_9101762,-0.11191865,0.2568199
ISIC_9312164,2.032253,1.6034577
ISIC_5847821,1.5892565,1.4608558
ISIC_7293518,0.5794604,-0.72459793
ISIC_8059429,1.9766955,2.5177662
ISIC_4378189,5.2370205,1.6286765
ISIC_1684127,-0.10531215,-0.88871264
ISIC_0969723,4.489605,4.3725414
ISIC_6024335,0.13222753,1.2198355
ISIC_5642824,6.365866,0.7631721
ISIC_4967564,4.735636,0.81082964
ISIC_6925729,4.083019,1.9756153
ISIC_5527224,2.8836238,4.015139
ISIC_5258657,1.2868139,1.21814
ISIC_6982386,0.5914837,2.9330242
ISIC_9052500,2.1899483,1.0170178
ISIC_4266533,-0.38744432,-0.842307
ISIC_4163686,5.01733,4.083632
ISIC_5260050,3.904754,0.5166093
ISIC_2900150,5.792454,2.3442688
ISIC_5533992,5.5901704,2.3609664
ISIC_3570575,0.009487639,-0.91095436
ISIC_0559335,5.401742,0.43898264
ISIC_7074321,5.2984686,1.3173047
ISIC_3576876,5.3049707,2.1482468
ISIC_2565206,3.932154,0.83783734
ISIC_9593940,4.7454014,4.3081527
ISIC_6971606,-0.8020575,2.326353
ISIC_2351999,4.06091,1.1841083
ISIC_5137933,5.2589874,2.2022393
ISIC_1616031,0.7419048,2.6662061
ISIC_1698942,1.8046567,-0.17788167
ISIC_8011058,4.6150565,1.9208548
ISIC_2272218,2.3693845,3.939331
ISIC_2412113,2.6694095,3.2501647
ISIC_0470699,4.0827737,1.146842
ISIC_3915890,6.988615,2.2968097
ISIC_4377208,2.8673558,1.9244782
ISIC_1388552,3.527772,2.908115
ISIC_2824922,-0.22729908,-1.024332
ISIC_7520843,3.5346658,4.345641
ISIC_1881133,3.872836,3.944138
ISIC_8230318,1.7058616,-0.36101165
ISIC_5216586,2.9407544,-0.62170696
ISIC_2937642,4.3307767,4.581552
ISIC_7626256,3.7080138,4.664825
ISIC_0272509,6.398522,3.8545456
ISIC_1654342,-0.32972768,2.37188
ISIC_3738751,6.090864,0.6992085
ISIC_5044571,6.0998483,1.2667389
ISIC_6313487,-0.25984886,0.071701854
ISIC_3464344,1.3230325,-0.16065608
ISIC_0528044,2.3466992,3.5563087
ISIC_2646829,3.1362026,2.5651753
ISIC_8789051,0.54732305,0.20737019
ISIC_2170268,2.2962873,0.6453745
ISIC_8249854,4.101943,0.7848768
ISIC_5539423,-1.5993494,0.9540573
ISIC_1110583,1.6309992,3.5810359
ISIC_7205745,1.6341766,1.4742359
ISIC_6581411,4.4691553,1.5677848
ISIC_0602633,5.1661644,1.5936024
ISIC_9998682,6.3103223,2.3722992
ISIC_3391427,5.08855,2.2124007
ISIC_9183084,0.264262,1.3724732
ISIC_8238755,-0.10926859,0.064622335
ISIC_4258047,3.7762275,0.9206858
ISIC_2200197,0.2597851,-1.0223111
ISIC_3301933,-0.48738456,2.4588554
ISIC_7010159,1.4890068,1.1417304
ISIC_7872595,2.8968937,2.6247096
ISIC_7940557,3.502883,3.4723313
ISIC_3435596,2.9069355,3.9306984
ISIC_4968384,6.5266356,2.726981
ISIC_9429943,-0.49283242,-0.37883955
ISIC_8437493,4.135028,0.569067
ISIC_3517311,5.9634275,1.9781599
ISIC_0662000,1.280022,-0.443608
ISIC_9199429,7.524814,2.740478
ISIC_5581297,2.4842052,2.1505353
ISIC_2975580,5.917386,0.989306
ISIC_6634951,1.7773719,2.2253222
ISIC_4960784,5.0121675,4.0600023
ISIC_4851366,6.117452,2.5170963
ISIC_2268341,3.6702628,1.0874149
ISIC_1566428,-0.3212223,0.4709137
ISIC_4810142,3.201626,2.011412
ISIC_1785627,3.7496166,-0.19116455
ISIC_3016243,5.190057,1.4735798
ISIC_3817719,5.7259107,0.8210431
ISIC_2974214,2.1866198,0.84005404
ISIC_0456176,6.0924907,2.5052474
ISIC_9038318,6.4466248,1.7494172
ISIC_8470330,3.66702,1.3520732
ISIC_9571842,6.516412,2.9950812
ISIC_2226191,6.4987555,0.7379211
ISIC_1752943,3.956568,0.8797397
ISIC_3436033,3.2248566,2.2429397
ISIC_0286360,2.4846725,1.3483301
ISIC_5667461,5.3984275,4.1014566
ISIC_7253401,1.1767534,3.7317371
ISIC_7800750,3.196562,-0.58384275
ISIC_8167374,1.2172965,3.4475923
ISIC_0504165,0.23620409,1.6128398
ISIC_3065032,3.853869,2.1354783
ISIC_2776906,-1.1412654,-0.32698485
ISIC_7265673,5.961848,3.9936936
ISIC_7312977,-0.68957174,0.78502053
ISIC_4425322,2.1830251,3.64252
ISIC_1427578,5.9964747,3.4509664
ISIC_9685931,2.3829374,4.0652494
ISIC_2153401,5.138703,0.9080154
ISIC_2434588,4.7138305,1.1001322
ISIC_8145348,2.4057267,1.3837483
ISIC_9210255,7.3044443,4.20725
ISIC_2577849,3.3859892,3.838138
ISIC_0779920,-1.013076,-0.45548856
ISIC_6945634,4.4970093,4.593836
ISIC_5922588,0.4343484,1.632836
ISIC_8263489,0.8842766,0.19284615
ISIC_6059520,2.1838186,3.385393
ISIC_8737794,2.8518782,0.32944575
ISIC_1694285,6.120971,2.3664873
ISIC_8124900,2.8234718,-0.31920478
ISIC_3976496,4.488978,2.6908321
ISIC_9596721,2.8379078,0.6748008
ISIC_4404772,2.0294657,-0.5330958
ISIC_1670692,6.945567,1.6451659
ISIC_4905375,2.4518623,-0.3389999
ISIC_6307097,3.5638456,4.6703753
ISIC_7202197,-1.0703712,-0.44998574
ISIC_8006211,3.059201,2.5094666
ISIC_1627619,5.9521813,2.3226197
ISIC_7195248,2.8399363,-0.49917915
ISIC_6278273,7.06265,2.9065256
ISIC_2637608,6.9364133,2.8149643
ISIC_0280912,6.53209,1.5880587
ISIC_7035246,5.8591623,0.3064073
ISIC_3475660,-0.4190633,-0.35857904
ISIC_5585090,1.5446594,-0.89427197
ISIC_0220438,2.2227073,3.3997283
ISIC_6392461,2.0778506,4.0109973
ISIC_2757355,3.6790051,1.4322139
ISIC_1870415,1.3001837,-0.71771914
ISIC_2697083,4.4149847,2.4414802
ISIC_0351666,1.9924829,0.08176871
ISIC_6285925,2.678098,2.1319325
ISIC_7614221,3.9055,-0.24993429
ISIC_2871230,6.074369,4.6290874
ISIC_3399306,1.768079,-0.68543905
ISIC_9164054,2.258679,0.12873252
ISIC_6555290,2.781994,-0.0016285828
ISIC_6089318,2.0848012,0.9356277
ISIC_4425657,2.8483188,1.8156232
ISIC_1023256,1.3694675,-0.15367405
ISIC_8397285,-0.88341546,-1.4505116
ISIC_3979826,-0.35220394,-0.8465973
ISIC_5776649,4.5946994,1.0097294
ISIC_2255411,0.16443433,-1.3414736
ISIC_2364150,0.90918446,-1.5125966
ISIC_1473522,-1.1618618,1.3588254
ISIC_8207974,-1.8417087,0.16020702
ISIC_2525084,5.6220737,-0.0045490474
ISIC_6549364,-1.0191863,0.22066613
ISIC_6692344,0.22135626,-1.5632129
ISIC_3985031,4.658628,0.23937441
ISIC_0624498,2.3604124,-1.2149923
ISIC_3244067,2.0254042,-0.16489556
ISIC_9001948,-0.4737799,1.8444666
ISIC_8732757,0.48308563,1.7805405
ISIC_1728564,2.4231145,1.6205994
ISIC_2232442,0.98588395,-1.2283598
ISIC_0981639,-0.54584235,0.3765111
ISIC_6620377,-1.2260377,-0.6347006
ISIC_1247683,3.9008214,2.405753
ISIC_5046082,-2.2125325,0.15602426
ISIC_5037784,1.1311256,-0.97781694
ISIC_9930189,-0.15410243,-0.60600954
ISIC_7961365,-0.6488565,-1.5774064
ISIC_0489267,-1.3172432,-0.4388952
ISIC_9626843,0.28266752,-0.07491101
ISIC_7075768,4.344215,0.35920918
ISIC_7612992,-1.1984957,2.4557936
ISIC_2243107,0.53001034,-0.9227923
ISIC_0647224,-1.2453002,2.5500462
ISIC_8485716,-2.479499,1.5220642
ISIC_7914631,0.77738684,-0.9876633
ISIC_5021861,1.9313577,3.9404693
ISIC_7788318,-0.44224426,1.7267928
ISIC_7680948,-0.0075441,0.13219014
ISIC_4590186,1.3845992,0.19855478
ISIC_5167209,2.0507116,3.3891082
ISIC_5774484,-0.8473629,0.08276474
ISIC_9754098,-0.40541968,-0.19678336
ISIC_7460887,6.0643454,0.1486947
ISIC_5747486,1.079361,0.92295194
ISIC_5868291,-0.422443,-1.007253
ISIC_2126660,1.052809,-1.3986851
ISIC_1231419,0.65055645,1.7144004
ISIC_5829938,3.4670143,-0.6430995
ISIC_7490240,0.23543364,-1.0693399
ISIC_9583969,5.503527,1.5766811
ISIC_4230049,6.2488203,1.8440638
ISIC_6785680,1.442399,0.08178872
ISIC_5147292,1.9507365,3.8357534
ISIC_6671773,0.77325743,0.93629515
ISIC_7960869,1.8712087,-1.0131273
ISIC_5191344,-1.145821,0.16755979
ISIC_1866770,2.9719138,0.733583
ISIC_3824206,-2.5685773,1.3024207
ISIC_4301916,0.093328096,-0.61093587
ISIC_4967586,3.2758415,0.6722972
ISIC_1460932,3.7402086,1.5842172
ISIC_7466678,3.1389687,0.09581333
ISIC_6841294,4.1047325,-0.22675532
ISIC_3469595,-1.0383352,-0.89754367
ISIC_2406492,0.3196231,2.4324708
ISIC_3241636,1.7644442,-1.4147462
ISIC_0914168,4.8434124,1.7822864
ISIC_0294150,0.1521036,1.1181514
ISIC_1968421,2.0733812,2.0549111
ISIC_1486861,-0.36077142,0.10929633
ISIC_7218890,2.0869882,-0.6413485
ISIC_9000234,1.9385723,3.8505273
ISIC_7098141,-0.61062115,1.3280493
ISIC_1706912,-1.3117336,-0.09744604
ISIC_1412843,-1.067916,-1.3408433
ISIC_9235283,6.7785006,1.9850212
ISIC_5576354,-0.6313301,-0.17919642
ISIC_9286292,4.3371086,-0.2606728
ISIC_2957732,3.140049,1.4207903
ISIC_4276255,3.5761898,-0.46361145
ISIC_5983500,-1.554522,1.0877671
ISIC_6535558,-2.1767743,1.9045976
ISIC_0572205,-1.9810165,-0.11184199
ISIC_0915404,-0.9778046,-0.6659191
ISIC_3412012,-0.0975395,-0.6402859
ISIC_7948290,3.7545376,0.81515247
ISIC_3883863,-1.4488788,-0.26320702
ISIC_4362713,0.15246822,0.7576071
ISIC_5391758,-1.3735291,0.44074887
ISIC_5994923,-2.4626923,1.2541677
ISIC_8617277,0.99083614,-1.6027707
ISIC_8892236,-1.8763478,1.9766766
ISIC_6714082,2.5086298,4.175766
ISIC_7287303,2.5705621,-0.7645055
ISIC_8252406,-1.4292817,1.2603558
ISIC_2141237,3.375264,-0.4689398
ISIC_6695831,6.919817,1.3220893
ISIC_3909039,0.06342733,-1.4092445
ISIC_3895426,-1.8445036,2.5441902
ISIC_5434661,1.8772601,-0.43622643
ISIC_8724944,-0.066396944,-0.73552877
ISIC_7897925,-2.2359843,1.1131487
ISIC_3696488,3.2210984,-0.5729023
ISIC_1733178,-1.2427714,2.01558
ISIC_3590167,3.7807493,0.14466998
ISIC_8040024,-1.4048054,0.150739
ISIC_9941666,-0.685361,0.74051285
ISIC_3286186,5.13523,0.087022096
ISIC_9547725,4.7770033,1.4682071
ISIC_5045600,0.7433141,-1.121266
ISIC_9676644,-0.8263342,-0.76572436
ISIC_7844825,-1.7483522,-0.23107146
ISIC_6124481,-0.35565653,2.1297386
ISIC_7190243,-1.2641923,-0.4563207
ISIC_0327406,-0.2121147,0.42282242
ISIC_2135474,-1.8182715,0.3578045
ISIC_5602826,6.8171754,0.8083384
ISIC_3775417,-0.5454249,-1.2273875
ISIC_8545949,7.8201747,4.2550454
ISIC_3642019,3.6069975,-0.45608512
ISIC_7816675,2.3225842,1.311926
ISIC_0369831,2.797878,-0.78178316
ISIC_3068885,6.6950765,1.1548468
ISIC_7880400,6.086527,1.4464943
ISIC_3666967,-2.296137,1.6302263
ISIC_3159924,-0.30071607,-0.9902349
ISIC_4398011,3.8875167,0.7939443
ISIC_8838753,1.4306624,3.5329583
ISIC_8027899,-1.8608979,2.0270283
ISIC_2837581,4.481749,0.6957036
ISIC_5044438,2.6731777,-0.4959029
ISIC_8493108,1.4125006,-0.83693993
ISIC_3446357,0.2651605,-0.28727365
ISIC_9130157,2.832555,4.2848716
ISIC_6269166,1.1691757,-1.5417517
ISIC_0946787,2.4840896,4.3276324
ISIC_6904082,-1.6560657,-0.285232
ISIC_1269448,-0.04288338,-0.23180531
ISIC_8922893,-0.21945554,1.016866
ISIC_4619903,-1.5120934,1.8244178
ISIC_1330381,-0.5876335,1.5603851
ISIC_2724529,-2.1603484,0.40065822
ISIC_8758404,0.30980003,2.7663958
ISIC_3028754,-1.8572463,-0.1877921
ISIC_8066110,5.4140115,1.8854513
ISIC_9870885,0.27969122,-0.7582683
ISIC_2916754,0.60851085,-1.5997314
ISIC_7349440,3.2295694,4.230787
ISIC_0186998,0.5786257,-1.419906
ISIC_8821742,1.0596645,-1.4794487
ISIC_6875745,6.0115037,4.021778
ISIC_6299036,-0.00474143,-1.5143061
ISIC_8436194,3.8734128,3.3928516
ISIC_3094758,5.3006268,2.2166739
ISIC_3045939,1.8902963,0.54515225
ISIC_4967361,3.5075743,1.5367362
ISIC_8624049,0.1856286,-1.3031646
ISIC_0353247,3.7293677,3.9842403
ISIC_2310935,6.0491953,3.7040706
ISIC_1558504,2.358593,-0.0019913176
ISIC_6366417,0.81155425,-1.1560712
ISIC_7462953,-2.0118797,1.5139139
ISIC_3389695,1.2505744,-1.3054998
ISIC_0501108,0.0462283,0.3980168
ISIC_8708106,1.7575978,-0.085054286
ISIC_4347535,2.232007,-0.31370747
ISIC_5620802,1.1380575,-0.95075
ISIC_4985027,3.2218013,3.5541933
ISIC_9130035,4.72575,2.012938
ISIC_2757370,0.7138102,-1.6578114
ISIC_1040820,4.638789,3.189482
ISIC_2144690,3.9860778,4.531496
ISIC_4633843,4.384739,4.290831
ISIC_5015551,1.151957,0.9908149
ISIC_3750329,1.8371118,0.82383376
ISIC_5350216,0.60492134,-1.7193745
ISIC_8806986,5.31896,3.2636094
ISIC_5367118,3.7245767,1.7435668
ISIC_5091996,0.99575496,-0.9684929
ISIC_0429825,3.523962,4.3947077
ISIC_5449076,0.83833337,-1.5922749
ISIC_6066292,2.052377,2.4936478
ISIC_8087949,4.6697297,3.0834303
ISIC_7899041,3.3165712,3.1834013
ISIC_9210086,2.7228615,3.1098642
ISIC_2108849,5.061124,2.440156
ISIC_7453676,0.9894341,0.91980106
ISIC_4813568,5.717784,3.43951
ISIC_5762714,-0.4008894,-0.97257614
ISIC_9254641,0.24602297,-1.7108115
ISIC_3281565,3.7044225,3.3620844
ISIC_4177450,1.5132089,-1.064988
ISIC_2128061,2.4252298,0.580003
ISIC_0855174,2.1656065,-0.37157613
ISIC_7898880,0.7712126,1.0827842
ISIC_7110531,5.6808558,1.0599612
ISIC_0962121,2.0592287,-0.35608414
ISIC_7235128,2.156833,-0.05818535
ISIC_2243756,2.4216151,-0.43447256
ISIC_1601532,1.5041274,-0.81282103
ISIC_1939413,1.4275305,0.65263295
ISIC_1343302,0.14564498,-1.4932338
ISIC_3666865,3.0055518,1.155297
ISIC_3331737,4.637444,2.8496327
ISIC_1372928,1.3447074,-1.1413498
ISIC_1818238,0.5234507,-0.87865216
ISIC_9335652,0.14645594,0.24902014
ISIC_2884038,2.7085097,0.4135284
ISIC_5010212,1.9096719,2.1202366
ISIC_4207959,4.769355,4.3645525
ISIC_6184891,1.4163839,-1.1703593
ISIC_1685962,1.2643284,-1.1068021
ISIC_3690890,0.7498875,-1.4605242
ISIC_4780727,5.555788,4.0598874
ISIC_5534730,0.9146546,-1.5807849
ISIC_6278558,1.9115436,1.8430743
ISIC_3147084,0.4809359,-0.34171343
ISIC_5415749,5.9931164,4.495395
ISIC_7942881,5.0627356,2.5356085
ISIC_6646939,1.0744693,-1.1112667
ISIC_1338061,0.01031458,-1.4378673
ISIC_5330187,1.7021558,-0.20134671
ISIC_2198823,1.4967389,-1.0293231
ISIC_4212546,5.6064773,3.1599529
ISIC_8138363,0.36500895,-1.5131059
ISIC_8344345,0.43427303,-1.4636353
ISIC_4781223,1.1047769,-0.39040533
ISIC_2957465,0.56809926,-1.776544
ISIC_9219356,0.4970722,-1.880643
ISIC_2850215,0.56142914,-1.5863554
ISIC_3763984,5.911704,2.5431821
ISIC_7839712,2.3504581,3.9741104
ISIC_0245720,5.351162,3.473392
ISIC_3842916,2.4852133,1.4295597
ISIC_8509219,0.36291966,-0.11793151
ISIC_3478473,-0.53653324,-1.3992797
ISIC_2433965,0.3321745,-1.797073
ISIC_4464389,0.6589083,-0.85581696
ISIC_4699695,3.339181,3.8203385
ISIC_5864088,3.0094965,2.7607822
ISIC_4510530,0.5928833,-1.4549779
ISIC_0990298,0.114027195,-1.1937338
ISIC_1605945,0.48908406,-1.025405
ISIC_9780632,0.24420069,-1.4675663
ISIC_4953281,4.578573,4.489896
ISIC_8073555,5.733781,4.2255154
ISIC_4750271,3.4079633,1.6972038
ISIC_2185005,3.0585709,3.0849829
ISIC_3174039,0.8479487,-1.004381
ISIC_0903411,1.5702518,1.3759693
ISIC_5820693,0.09778082,-1.4212627
ISIC_1099075,1.3432579,-1.4307792
ISIC_9315775,5.424946,0.20211709
ISIC_2814689,0.031603307,-0.48366424
ISIC_5608178,1.2751476,0.6009926
ISIC_6410859,1.5986058,-0.23068374
ISIC_2513018,1.7123895,1.1404397
ISIC_5647607,4.274833,4.17428
ISIC_6004197,1.0413847,-0.09896399
ISIC_1694817,4.3951087,4.58515
ISIC_8710108,0.25094366,-1.13883
ISIC_1578878,1.4280531,0.17873271
ISIC_2867416,3.3627217,3.3597314
ISIC_1166740,3.069878,1.9397099
ISIC_8961478,-0.075914145,-0.8299259
ISIC_4691689,0.30801442,-1.6421226
ISIC_9517555,2.7297263,0.7040637
ISIC_1699688,0.42757773,-1.3506943
ISIC_9786863,2.8376496,0.31986344
ISIC_7254359,3.0330963,2.6641955
ISIC_0375034,-0.8175451,-0.14375669
ISIC_8733345,0.35715216,-1.5513723
ISIC_8671119,1.8618048,2.899639
ISIC_2663597,3.6317306,3.3680637
ISIC_2448897,0.9412308,0.4185352
ISIC_3740014,4.872739,1.7356167
ISIC_8907509,6.1057525,4.5656695
ISIC_5296963,2.4974942,-0.21421593
ISIC_5791954,-1.1302471,-1.7218822
ISIC_0346815,0.5339627,-1.5606427
ISIC_0292899,3.4439547,1.5010749
ISIC_7412327,-0.15602666,-1.3469868
ISIC_5744196,-0.5962608,-0.73459333
ISIC_8708918,2.3577008,0.37901738
ISIC_3077674,1.2950476,-0.99068016
ISIC_9159477,-0.395258,1.0798341
ISIC_8071637,0.56427187,-1.3213009
ISIC_2003991,0.5360075,-1.2877501
ISIC_1814941,0.9399097,-1.3187003
ISIC_6427430,0.05905214,-1.5508164
ISIC_6959281,0.5282245,-0.45254502
ISIC_2757332,7.443557,3.3425574
ISIC_8308321,2.688516,0.3920705
ISIC_1254469,1.4345547,-1.1291355
ISIC_8856365,1.426571,-0.10624065
ISIC_6556373,1.1412927,-0.787774
ISIC_8172822,-0.0693054,-1.1645445
ISIC_6620748,1.881174,4.1027565
ISIC_4223497,3.6590066,1.7071239
ISIC_8191057,1.0941517,-1.2411522
ISIC_1693572,0.59060234,0.81785035
ISIC_2427899,3.9042606,2.253086
ISIC_8907232,0.2374823,-0.85911065
ISIC_3162213,4.690381,4.4859843
ISIC_0648545,1.2912095,-1.4078336
ISIC_0705477,1.8096253,2.5526197
ISIC_6674797,0.8770582,-1.6124575
ISIC_6099563,1.4417915,1.6450958
ISIC_2717192,3.3689437,1.0961057
ISIC_6369740,1.0383408,-0.5687252
ISIC_4615762,1.048958,-1.0663881
ISIC_8278458,4.155456,4.18998
ISIC_2149878,0.32394174,-0.9713769
ISIC_0080539,0.8166564,-0.8008399
ISIC_2010889,0.6472412,-1.3015658
ISIC_4097868,1.0764672,-1.4797176
ISIC_0261253,2.5376909,0.22836466
ISIC_7747712,0.98799807,-1.2081375
ISIC_7399648,1.4410828,-0.24521561
ISIC_8256480,1.2694758,0.090066135
ISIC_5156491,1.064947,-0.39722344
ISIC_1850674,1.101407,-1.2585568
ISIC_0202119,1.7291797,-0.7069832
ISIC_9572761,1.7089196,-0.9063249
ISIC_3323866,1.0908314,-0.09530972
ISIC_1776777,-0.3174116,-1.3423047
ISIC_0984817,2.7218778,2.8572104
ISIC_1423737,1.6556445,-0.09668285
ISIC_9881460,1.2462546,-0.7426913
ISIC_7092052,0.8888272,-1.5159695
ISIC_6668093,3.3168094,2.2439818
ISIC_6119202,0.41567385,-1.4723462
ISIC_7097931,-0.19307673,-1.4862423
ISIC_9274936,3.6328874,1.551951
ISIC_7809510,-0.19036005,-0.8218916
ISIC_9859873,0.7858694,-1.2342417
ISIC_7755096,2.4420543,2.6862993
ISIC_3056854,2.0449975,1.8555417
ISIC_9214649,2.3089776,3.134493
ISIC_6892286,1.2989223,-1.0720533
ISIC_5646747,2.6093216,3.1139324
ISIC_8021816,0.8439742,2.8393905
ISIC_5363974,2.0637121,1.8412703
ISIC_1908890,0.28382978,0.75015813
ISIC_5771780,7.7378945,4.2258754
ISIC_3719985,7.1274295,1.9951925
ISIC_2594715,-0.9700415,1.8703219
ISIC_9908866,-0.96558106,1.3231626
ISIC_8172964,-2.5299752,1.6705697
ISIC_9495622,4.019497,3.5337272
ISIC_6892280,4.792567,3.4571517
ISIC_6471282,2.9174821,4.238788
ISIC_1635231,-1.172636,1.939863
ISIC_2339761,1.4085803,3.1977215
ISIC_6707573,4.7851076,4.077144
ISIC_5669463,-1.7979196,2.5728796
ISIC_6912369,1.1277122,1.6543477
ISIC_3143079,5.3336835,3.7147472
ISIC_2068188,3.2940843,3.5553904
ISIC_7952870,-1.1491811,1.9120138
ISIC_7683106,-0.8303716,3.12039
ISIC_5286801,1.2490325,2.362664
ISIC_7599710,0.8971957,2.475861
ISIC_2966808,0.34251404,2.6878016
ISIC_1778959,-2.7378902,1.307883
ISIC_1930795,0.8355172,-0.07600035
ISIC_4048896,2.4715557,3.5861015
ISIC_9144329,3.3625376,3.5547357
ISIC_0750046,-0.7265993,3.114818
ISIC_2801005,-2.5728595,1.4000729
ISIC_1297252,-0.33622107,3.2342865
ISIC_9337100,4.055239,0.3297821
ISIC_3192152,-0.59017503,0.6966834
ISIC_4867646,2.39714,4.239439
ISIC_1077735,-1.7334044,2.376592
ISIC_9951988,2.281185,4.4102254
ISIC_9187524,2.3701503,3.7883484
ISIC_8851514,5.717563,3.0730104
ISIC_7376452,4.3271375,2.7060015
ISIC_6090497,2.290652,1.4572479
ISIC_8671596,-2.2915676,1.8254615
ISIC_6034442,-2.6458457,1.3197165
ISIC_0599463,3.9178634,0.48738077
ISIC_5988562,-1.4256973,3.1866698
ISIC_4957310,-2.0332847,0.5347901
ISIC_1753011,5.574754,3.7978287
ISIC_9585033,6.3587513,3.511683
ISIC_1701883,5.52485,3.8999195
ISIC_4092287,6.2540355,2.6029103
ISIC_3796317,2.5406227,1.1282485
ISIC_8077139,0.3548153,-1.6956203
ISIC_9907020,3.6250098,3.5710235
ISIC_8400587,1.152588,-0.3006695
ISIC_1935227,2.429546,2.868131
ISIC_0542765,-1.6105573,3.0036995
ISIC_3030394,-1.2045076,0.35536194
ISIC_7666432,-0.6903348,2.7465718
ISIC_7660163,1.1960815,1.9639837
ISIC_8473293,1.3639361,1.129197
ISIC_4572891,-0.8505579,2.9069307
ISIC_3033701,1.6214722,2.9592874
ISIC_6126704,3.2572129,3.481152
ISIC_9876533,0.61094934,0.5000276
ISIC_8792684,0.7837663,3.4155486
ISIC_2421565,-2.135337,1.0171345
ISIC_8902296,5.3516426,0.13158272
ISIC_5841971,-1.8674489,0.89422685
ISIC_1813577,3.301184,2.82211
ISIC_1810807,2.4373333,2.8316314
ISIC_2367098,1.3833839,3.8800821
ISIC_6563304,4.156533,4.8291783
ISIC_2505335,-0.7822596,0.40535825
ISIC_3235131,-0.035105947,-0.1625824
ISIC_0202238,0.5070844,0.49819347
ISIC_0638700,1.1926209,2.0261874
ISIC_7824315,2.0365307,3.015353
ISIC_5086721,0.38473734,0.17788388
ISIC_7993345,-1.5034437,2.4337504
ISIC_3110126,-0.8725844,0.39133966
ISIC_1301476,1.1965376,2.6754603
ISIC_1047011,4.0606375,2.5596192
ISIC_0168716,5.990003,3.1921384
ISIC_3598192,-0.7633907,-0.13117073
ISIC_0789191,-0.36248705,1.5463337
ISIC_0255566,1.3578963,2.7451344
ISIC_2079571,7.707908,3.962816
ISIC_2857128,-0.19324692,1.0294819
ISIC_7338502,1.9923778,3.3949988
ISIC_2574924,-0.4542057,3.1558383
ISIC_3891136,-0.18064824,-0.13851975
ISIC_7239902,-2.6189892,1.2144358
ISIC_3176105,5.668927,3.7149658
ISIC_2362051,3.4098425,2.9405046
ISIC_0799972,4.6999464,3.2954502
ISIC_3491406,5.019456,1.8905463
ISIC_8157239,2.2875662,1.2626554
ISIC_1000616,0.97957027,3.628142
ISIC_5612133,3.4983957,3.1357658
ISIC_7085235,2.2330186,0.3650994
ISIC_1791643,-0.51132166,0.60939944
ISIC_0959325,-0.36060387,2.8104
ISIC_5024302,1.6105728,1.3673712
ISIC_4719387,2.445974,4.3360724
ISIC_7465137,-1.1943525,0.30784443
ISIC_2070728,-0.4516526,1.7710229
ISIC_1642069,3.395881,3.763329
ISIC_5481480,-0.06071688,-0.67346185
ISIC_4407852,3.9008267,2.8854983
ISIC_2277714,-0.61599195,2.2533238
ISIC_3381026,7.189244,2.566746
ISIC_5610304,4.0479445,3.130968
ISIC_5033005,-1.541031,2.575324
ISIC_2211948,-1.7074802,1.7059765
ISIC_2212637,2.739758,3.1650033
ISIC_5704967,3.7032735,2.5770135
ISIC_5862918,0.746624,1.5751419
ISIC_1262790,6.376416,2.808107
ISIC_7541596,0.8362745,1.7825795
ISIC_7373164,5.9508824,3.1026855
ISIC_8786983,-0.65839654,-0.18883577
ISIC_1452632,2.2693532,3.3515663
ISIC_2368449,7.6157355,2.530504
ISIC_9677008,-1.3906915,2.046003
ISIC_9320992,3.1459491,3.3634055
ISIC_9176427,3.7900338,4.6955647
ISIC_7338073,1.8714584,3.521345
ISIC_1203272,1.8425552,3.9212747
ISIC_8253057,0.2561084,-1.8984556
ISIC_6578433,3.659737,2.1124709
ISIC_8173252,4.376545,4.3633876
ISIC_5711232,-0.06481664,0.27497652
ISIC_6099785,4.362752,4.7404447
ISIC_8647315,3.7729905,4.6360855
ISIC_7146293,4.812964,4.3455253
ISIC_7321503,1.8648013,2.4388514
ISIC_0587728,4.307766,4.7117925
ISIC_0274411,0.9478739,0.80661565
ISIC_5095180,1.7377093,1.8924762
ISIC_0616448,4.386576,4.2762957
ISIC_5306850,-1.2298641,-0.7900065
ISIC_8027280,3.729522,4.60357
ISIC_9092169,1.4160461,2.341491
ISIC_9942350,6.484811,4.6244097
ISIC_3275875,0.23895624,-1.8947291
ISIC_8348262,3.566051,3.2182918
ISIC_3736336,2.1325777,2.82256
ISIC_2190396,4.457117,4.63764
ISIC_4547332,3.3733375,4.219449
ISIC_3783659,-0.04588682,-0.62322927
ISIC_7594243,4.2089353,4.6863637
ISIC_3622555,3.1323166,4.364142
ISIC_8040663,3.9327986,1.9216448
ISIC_0961778,2.348709,2.5041773
ISIC_9543045,-1.1708752,0.544107
ISIC_2772824,4.4082766,1.1082077
ISIC_9928278,3.5060391,-0.033121422
ISIC_6016537,4.2910075,2.198415
ISIC_6618014,4.8859487,4.178175
ISIC_4221304,3.0436358,3.7179148
ISIC_6873657,2.074099,-0.7512347
ISIC_7927389,4.258969,3.4219363
ISIC_9051948,0.60498667,0.038843956
ISIC_8592733,4.6484733,4.416544
ISIC_6275817,4.232342,4.8208537
ISIC_6967412,6.2603,4.7372518
ISIC_3236033,3.2697945,4.3335414
ISIC_7429994,3.3825333,4.333216
ISIC_8758983,4.711895,2.1567106
ISIC_8651648,0.03177581,-1.1104355
ISIC_7966639,3.1641393,-0.72065234
ISIC_0133200,2.2670906,-1.2214166
ISIC_9445977,2.23252,-1.1914092
ISIC_5648033,1.9967399,-1.3213433
ISIC_7365059,-0.52745503,-1.3990277
ISIC_2792717,0.38140824,-0.20736401
ISIC_0851414,1.0922234,-0.9730309
ISIC_8999351,0.6697758,-0.85359377
ISIC_6364782,1.0942336,-0.4701436
ISIC_6720909,0.64646643,-0.81522334
ISIC_8738186,2.3362322,1.9599838
ISIC_1633321,0.3641725,-0.11858467
ISIC_6683697,0.11751594,-0.9284969
ISIC_8673290,3.7259455,1.2714944
ISIC_4851185,5.966912,3.5106761
ISIC_7695263,4.5249166,-0.1862348
ISIC_7560933,-1.925807,-0.0013798509
ISIC_3511086,1.7826538,1.2128
ISIC_8685453,1.484659,3.5714667
ISIC_4375866,6.3344617,1.8886317
ISIC_3698441,6.0943336,0.4312367
ISIC_6048752,-0.60334903,0.5682558
ISIC_6428004,5.770399,0.7079401
ISIC_5019119,-0.8714217,-0.8679454
ISIC_3268800,0.4355358,-0.54397815
ISIC_2710427,0.22657758,-0.06401247
ISIC_9693456,3.7825983,2.1498542
ISIC_6635963,-1.2700237,2.4511294
ISIC_3773277,-1.5075886,1.0315181
ISIC_5253746,-1.1299413,1.4272009
ISIC_2496140,-2.3721082,1.2244952
ISIC_1909053,5.4036894,0.10172462
ISIC_7643593,-2.6619225,1.0538921
ISIC_9434832,-1.2882842,0.7196547
ISIC_9179044,-0.48102656,1.2508725
ISIC_0598073,6.818306,4.462258
ISIC_9239978,0.9458279,-0.0003496047
ISIC_1675975,4.6953053,3.5362594
ISIC_4349272,2.378511,1.4007311
ISIC_1729396,-0.24116462,-0.073109776
ISIC_6596926,2.3745356,0.83060217
ISIC_5461210,-1.9611092,1.0661019
ISIC_3667052,-0.9111462,-0.44986743
ISIC_4703321,-1.3837261,-0.4391841
ISIC_6881589,4.5020494,1.410842
ISIC_4467312,-0.60199916,1.5177774
ISIC_9399586,6.2575436,0.4759852
ISIC_3704603,-1.7603836,0.78808117
ISIC_4485467,4.7241964,-0.053624846
ISIC_9141788,5.8260255,0.24474666
ISIC_3259871,2.1132941,1.1257119
ISIC_7334939,-0.34087697,0.047297753
ISIC_5541499,6.8179307,0.9073127
ISIC_3197211,0.07274455,-0.20129079
ISIC_7472087,-1.1422269,0.19370703
ISIC_5892763,2.8908799,1.6333425
ISIC_3327928,1.0145988,0.81665266
ISIC_9596173,2.7044575,-0.7539433
ISIC_3045480,3.9747245,4.2080035
ISIC_6044114,1.5062326,1.1729947
ISIC_8918247,-0.27855802,0.9872593
ISIC_6819805,1.6989142,2.0813167
ISIC_0450792,1.9588363,-0.887394
ISIC_2879057,2.145276,1.6111318
ISIC_2222084,2.5255105,1.6709455
ISIC_1916169,-1.1581206,0.19811358
ISIC_3320667,-0.59580314,-0.0324947
ISIC_6046943,0.7075395,-0.66703314
ISIC_8769047,1.8469893,0.19593883
ISIC_7303630,2.4408023,-0.22856769
ISIC_9266057,0.6671973,0.082928106
ISIC_7784876,3.0507739,-0.6805504
ISIC_5531874,0.33099192,-1.801587
ISIC_2867998,-0.172731,0.2901261
ISIC_0699088,1.8483615,1.529653
ISIC_6689453,4.569765,3.2267032
ISIC_3807230,7.744757,2.645119
ISIC_8416462,1.1217433,3.4050074
ISIC_7922830,-1.4759477,2.781837
ISIC_0553265,-0.7734015,0.71900153
ISIC_7640631,2.7546024,-0.6571122
ISIC_8350851,-1.9601839,0.9380602
ISIC_1116303,2.6024516,0.5227532
ISIC_9179884,-0.823098,0.5269003
ISIC_5785135,4.8449535,2.7805674
ISIC_9599992,4.6848125,0.49456608
ISIC_9227283,2.361169,0.28926742
ISIC_8627581,-1.6642411,0.9858674
ISIC_6747251,-0.1386447,1.2519773
ISIC_8601570,4.5126433,-0.24157128
ISIC_0320008,5.257134,0.18286683
ISIC_3204703,-0.9356357,0.7137874
ISIC_2220505,2.3424191,1.7870682
ISIC_0823269,0.84553224,-1.7733138
ISIC_3670069,-1.2716279,0.4480751
ISIC_8488027,-0.17999862,1.3712902
ISIC_8961614,2.70017,2.8772182
ISIC_6993040,2.3129952,1.7612995
ISIC_5714835,0.5143376,1.5285342
ISIC_2843665,1.3141304,2.1853173
ISIC_5182952,-0.14728846,0.64833003
ISIC_8026822,-1.6577138,0.9988537
ISIC_1126401,-1.4606088,2.0683563
ISIC_0651228,-0.5267633,-1.3021067
ISIC_7638974,-1.544853,-0.009521386
ISIC_8593738,2.786556,-0.6007218
ISIC_5452980,5.3278227,2.935196
ISIC_9875364,-0.53682137,-0.17552574
ISIC_9171793,-1.0006537,0.052114073
ISIC_7682533,0.5876048,-0.52685165
ISIC_5628874,4.7043195,0.3364789
ISIC_8667960,-1.1622604,0.97715735
ISIC_7657322,1.9793323,-0.052434742
ISIC_9866460,1.5407149,1.3997041
ISIC_9820266,4.7383337,0.105965294
ISIC_2793180,2.1894774,0.10263082
ISIC_1201025,2.4914289,-0.88147694
ISIC_5144687,1.2665716,0.5933189
ISIC_1994166,-0.37001,0.6912752
ISIC_5511054,3.1339185,3.6048813
ISIC_9041525,0.21267717,2.449998
ISIC_5745126,5.6359916,0.48707077
ISIC_5442968,3.8987792,2.6666427
ISIC_5912360,6.335337,0.63078225
ISIC_4482349,2.4525673,-0.46503735
ISIC_2179705,5.4906507,0.47888812
ISIC_7548342,-2.5610049,1.1653808
ISIC_7851081,-1.4266832,0.94998604
ISIC_8653825,6.1864085,3.544378
ISIC_0831898,-2.009448,1.1037347
ISIC_2267440,0.5024316,-0.21797888
ISIC_1490894,5.2032313,-0.089720026
ISIC_3933164,0.23048943,2.1186414
ISIC_3957660,2.8382957,-0.98485786
ISIC_1264034,6.2130485,0.49804038
ISIC_8525826,5.985461,0.1706888
ISIC_1454751,0.41442358,3.3340626
ISIC_7170025,-1.932716,0.36156765
ISIC_3248418,-1.8074915,2.4422731
ISIC_4969277,6.048508,3.9261527
ISIC_3665449,0.07859631,1.3198206
ISIC_7893518,5.8419003,1.0430717
ISIC_4277953,-1.0438104,0.060985524
ISIC_7890222,5.835883,3.1299665
ISIC_4168419,1.9513494,0.85332197
ISIC_1970988,4.541824,2.380542
ISIC_9895318,0.061448604,1.0929449
ISIC_7045012,5.9898305,0.04601864
ISIC_6904950,2.4581602,1.257011
ISIC_4117748,4.0114555,2.2140193
ISIC_8362681,3.8627636,-0.303859
ISIC_6833525,5.678714,0.16838838
ISIC_1121888,2.6789453,-1.0880651
ISIC_3587674,-1.5286644,0.5052608
ISIC_0124902,0.64257884,-0.19325377
ISIC_7808642,-0.17366242,0.18763159
ISIC_2305541,-2.1727128,1.6760656
ISIC_5509679,-0.6634933,-0.27196157
ISIC_8293325,5.2878327,4.275601
ISIC_6415722,-2.0120535,1.4969137
ISIC_3677029,4.653993,0.89381015
ISIC_4643793,7.332153,3.104327
ISIC_4064478,7.2389145,3.8258169
ISIC_6172037,-0.47136742,1.8415928
ISIC_6210303,2.4535284,1.173925
ISIC_2979795,6.8760986,1.4976977
ISIC_2884112,2.1767642,-0.63693845
ISIC_7545691,7.2735767,3.291469
ISIC_3108597,6.311878,2.9287114
ISIC_0715696,1.2353263,3.7739565
ISIC_7285359,0.47161406,1.5788305
ISIC_9505560,1.0123037,1.7158968
ISIC_5582910,1.7717514,4.0300703
ISIC_0140502,2.2078922,1.7690872
ISIC_8688192,1.385622,3.8606534
ISIC_2286443,0.47529653,1.3494723
ISIC_0472123,6.4157257,3.5555658
ISIC_7317366,5.6676536,3.7463603
ISIC_5391607,1.3943785,0.66965795
ISIC_7854404,6.025775,4.09494
ISIC_3427218,4.502578,2.254769
ISIC_5998475,2.5426705,3.8884008
ISIC_5915244,-0.5382527,2.6702528
ISIC_6603938,-0.24832705,0.94101506
ISIC_2861132,2.0146406,1.9923322
ISIC_4210924,4.859656,3.2142572
ISIC_3412801,5.308169,2.3585699
ISIC_4461272,7.168579,3.5433507
ISIC_3541529,-1.9813122,2.446895
ISIC_9144852,4.155998,2.4439938
ISIC_4122691,2.748467,1.7285817
ISIC_9096150,6.7758307,2.3071823
ISIC_4408961,1.5628504,1.1586341
ISIC_1400695,6.165947,1.4639237
ISIC_1876217,2.7095218,1.6824596
ISIC_0393283,4.5974207,3.235861
ISIC_5224517,5.9555984,2.2271988
ISIC_6269738,1.8648943,0.90733236
ISIC_9602954,3.818861,1.1504644
ISIC_4411858,2.5372891,0.82980776
ISIC_0508777,0.9758571,0.15139918
ISIC_9668338,-1.7210644,2.5491564
ISIC_5920681,2.3699327,3.8319263
ISIC_7715671,5.396305,2.8531137
ISIC_4775986,7.1869736,3.9568713
ISIC_3578300,5.6457963,3.1671972
ISIC_1483720,5.574663,4.4191766
ISIC_3951937,5.635153,3.8724825
ISIC_3522656,4.6375628,2.4974248
ISIC_3249814,4.905987,3.9774947
ISIC_1977937,2.3459039,0.99206454
ISIC_3559219,2.3862317,0.84612584
ISIC_9724689,7.1535025,1.9132504
ISIC_1192769,2.6105998,0.55263835
ISIC_4176718,2.5036323,3.7162943
ISIC_0558060,-0.27087194,-1.0370067
ISIC_6666090,-0.6631642,3.2654023
ISIC_4412550,5.0480556,3.8959744
ISIC_7554287,4.252666,1.1141214
ISIC_8776516,2.0375907,-0.6113124
ISIC_6038463,1.4438136,-0.02531491
ISIC_5127249,7.3927574,3.358893
ISIC_6529350,4.865714,3.9419012
ISIC_0323009,-1.7148942,2.0545418
ISIC_9678778,-2.4483519,1.3205919
ISIC_9420311,0.9210574,0.18385412
ISIC_4005082,5.5914683,3.964485
ISIC_5163263,1.8045586,0.773753
ISIC_2204976,-2.2161849,1.2504935
ISIC_1012044,2.0536275,0.98184586
ISIC_0474387,7.155168,3.3312147
ISIC_2097603,2.6385913,0.7818188
ISIC_2337531,7.4228168,2.706224
ISIC_8498489,-0.71942174,3.1298032
ISIC_7081819,2.2642033,-0.55198175
ISIC_9842532,4.758584,3.9919343
ISIC_0327070,4.989361,3.1281207
ISIC_9008372,2.0493753,0.83791715
ISIC_3335354,-2.058395,1.3930496
ISIC_4981914,1.7280798,1.448937
ISIC_9809482,3.928161,2.7902515
ISIC_4839117,4.137023,1.7126124
ISIC_5752865,6.5276713,1.5251496
ISIC_9992492,-1.4234877,2.2288303
ISIC_3544253,4.94029,3.5775642
ISIC_3535003,2.8226354,3.9599574
ISIC_7542458,0.9287623,1.4925913
ISIC_5461797,7.0838184,1.968686
ISIC_9728499,7.6462297,2.8989346
ISIC_0450997,3.5791879,2.7624981
ISIC_4249493,-2.2133088,0.46954966
ISIC_1234126,1.8557878,3.9804168
ISIC_3035927,7.113956,3.8627303
ISIC_5658925,1.8470821,2.1468928
ISIC_9800841,4.7905545,4.382407
ISIC_2196575,4.783308,2.8063512
ISIC_1910468,-0.119508766,2.4212453
ISIC_2619021,7.7088723,4.2113466
ISIC_7146494,4.451124,3.1319244
ISIC_5003828,1.6606839,0.945659
ISIC_5036772,6.6208377,1.2434874
ISIC_0662485,5.1069994,4.2108426
ISIC_5089962,3.9891107,2.0587492
ISIC_9630889,5.369366,2.0349872
ISIC_2339295,0.5270831,0.31363297
ISIC_4688289,3.5647578,2.5414104
ISIC_3545006,1.9036177,0.51375556
ISIC_3440239,5.7731752,3.7283642
ISIC_9381298,5.4103236,3.2541986
ISIC_6012573,4.1872067,3.6327398
ISIC_2556057,1.71178,0.8529342
ISIC_4184681,6.644307,1.507423
ISIC_8327076,-2.3089685,1.3324418
ISIC_1320438,5.0212955,3.317254
ISIC_2309271,5.0754766,3.601123
ISIC_4746369,2.8736498,-0.91904604
ISIC_1822107,6.1428742,4.4682164
ISIC_5289849,6.7686167,2.8397133
ISIC_6752882,0.5081484,1.586533
ISIC_5863574,0.9269845,0.14657639
ISIC_2863863,5.465864,4.446229
ISIC_9419633,6.9236546,1.5007596
ISIC_4301676,1.0408859,-0.17498085
ISIC_4171657,-1.3445251,2.9971821
ISIC_0852832,6.0515046,2.9540591
ISIC_4907655,2.1228995,-0.57155675
ISIC_5281117,5.312386,3.2584248
ISIC_8766402,3.3939345,1.4121925
ISIC_9233062,1.9048517,4.163609
ISIC_2742711,-1.4302021,2.3239202
ISIC_5839875,2.2267344,0.55312425
ISIC_9641059,-1.2948537,2.9540794
ISIC_2558169,7.6328344,2.5476701
ISIC_0758444,5.289016,2.9094505
ISIC_4119530,4.920207,3.3677075
ISIC_6550602,5.81383,4.464112
ISIC_8204363,-0.077001736,-0.8781338
ISIC_5356475,6.826827,0.94485337
ISIC_5619562,3.8607094,2.4216642
ISIC_3544463,2.1299467,2.8105886
ISIC_8864678,4.2217293,1.7100147
ISIC_4891117,1.0681788,3.8064437
ISIC_5573077,4.49385,3.2211616
ISIC_5418441,7.158679,3.0252447
ISIC_1271507,1.6916603,0.9364393
ISIC_0404417,7.96493,3.3069668
ISIC_9323485,1.103784,1.2803512
ISIC_9432086,1.8142155,1.7219951
ISIC_4733114,2.317151,2.415346
ISIC_8423180,1.8331009,1.5769382
ISIC_7423595,4.5140405,4.585441
ISIC_5273210,2.7457473,1.7192607
ISIC_6193654,-2.014228,2.5100105
ISIC_3635831,5.434252,0.50113356
ISIC_9566132,2.562974,1.5326583
ISIC_8225781,0.27504155,-1.7328808
ISIC_0077281,4.625242,4.537173
ISIC_7003002,5.7418594,4.3848166
ISIC_5292024,6.8472238,3.5861242
ISIC_3540915,5.4107156,2.9987662
ISIC_5082179,4.9213176,4.0627856
ISIC_9485124,1.4232966,0.6528056
ISIC_0722605,2.4900546,0.5959662
ISIC_5801650,1.8223022,4.007335
ISIC_0308880,5.053445,3.1502757
ISIC_9317339,3.2908375,2.906136
ISIC_2425757,5.1871924,3.972185
ISIC_8493254,6.365455,2.8728366
ISIC_1968416,4.173332,2.664798
ISIC_4647281,2.658431,1.4405445
ISIC_5395518,6.3682985,0.92990625
ISIC_8617353,3.2772212,0.41898304
ISIC_1427295,1.0002681,0.4992672
ISIC_7913874,-1.9987353,1.3147296
ISIC_9662611,5.8017774,3.7129996
ISIC_4530856,2.5478797,0.47327173
ISIC_1235469,2.4394443,0.3661895
ISIC_2340958,2.2332034,2.345234
ISIC_0151466,-2.256524,0.32119688
ISIC_3994385,1.9138494,0.9763063
ISIC_2000766,2.7928197,3.8882737
ISIC_9869190,5.7480316,3.0529637
ISIC_8868249,2.2045543,3.6943593
ISIC_4352505,4.291888,4.507711
ISIC_2826181,-0.10564293,-1.4734575
ISIC_8278782,3.6619723,3.8203335
ISIC_2368188,4.2962236,-0.111021034
ISIC_1091442,3.9302762,1.2574656
ISIC_6378347,2.8965647,-0.77555656
ISIC_1764844,3.6269925,2.6394377
ISIC_7759222,1.8207916,1.5424329
ISIC_1389226,7.801814,2.6598423
ISIC_3046271,5.6748605,3.9603915
ISIC_7713609,6.9947214,2.5886896
ISIC_9029938,6.4346375,1.7339535
ISIC_6410570,6.059,2.7068827
ISIC_9767305,1.4643078,0.41203144
ISIC_7563950,6.8039446,3.983624
ISIC_6291375,2.320257,0.52174634
ISIC_6850912,0.7690521,0.085391924
ISIC_3476246,0.62557125,0.6836407
ISIC_4152922,-0.63235927,2.6816125
ISIC_7473000,6.7611084,2.0919876
ISIC_6288607,3.6588278,3.6934772
ISIC_6321476,-0.9952913,2.4066854
ISIC_0269622,0.82145905,-1.2755411
ISIC_3404294,-0.6699737,2.609183
ISIC_1056436,2.8072128,3.8163898
ISIC_8446478,2.1549757,4.27968
ISIC_8278036,-2.137489,1.0787168
ISIC_2958480,2.8244207,3.867299
ISIC_8187734,6.603724,4.5286984
ISIC_8823228,4.297666,2.2098575
ISIC_5699993,6.626917,4.540005
ISIC_3137117,1.2046471,0.8848355
ISIC_2177103,-0.9911562,1.2125417
ISIC_7564517,1.6281655,0.95651644
ISIC_7000719,6.906397,3.1395082
ISIC_5709512,0.96949077,-0.0252153
ISIC_7084754,1.6067767,0.86945045
ISIC_1658397,1.8214608,1.4409256
ISIC_4868339,2.2421694,-0.5463112
ISIC_7808341,4.176393,3.2558093
ISIC_3352464,4.9651194,3.3450518
ISIC_6133338,1.8654937,1.2724416
ISIC_7899387,1.5190376,3.8587182
ISIC_5700648,3.6199129,3.7001584
ISIC_5312996,-0.21028328,-1.1485236
ISIC_5423259,1.9363905,1.1303024
ISIC_7443971,2.4438653,3.7572277
